event_id,event_type,subject_person_id,object_person_id,location_id,timestamp,confidence,source_record_id,trigger_word,phones,accounts,vehicles
EVT_DIG000001,communication,P00577,P00940,LOC0093,2026-05-13 11:54:00,0.99,DIG000001,called,,,
EVT_DIG000002,meeting,P00151,P00985,LOC0178,2026-04-05 11:39:00,0.99,DIG000002,मिला,,,
EVT_DIG000003,communication,P00659,P00287,LOC0110,2026-05-18 05:51:00,0.99,DIG000003,தொடர்பு கொண்டார்,,,
EVT_DIG000004,meeting,P00255,P00925,LOC0156,2026-02-25 11:01:00,0.99,DIG000004,visited,,,
EVT_DIG000005,movement,P00030,P00610,LOC0037,2026-01-01 18:18:00,0.99,DIG000005,స్థానం పంచుకున్నారు,,,
EVT_DIG000006,movement,P00233,P00323,LOC0052,2026-03-04 13:30:00,0.99,DIG000006,স্থান ভাগ করেছে,,,
EVT_DIG000007,communication,P00977,P00434,LOC0048,2026-07-19 17:32:00,0.99,DIG000007,సందేశం పంపారు,,,
EVT_DIG000008,communication,P00811,P00637,LOC0051,2026-08-30 11:56:00,0.99,DIG000008,رابطہ کیا,,,
EVT_DIG000009,movement,P00963,P00054,LOC0085,2026-06-23 23:51:00,0.99,DIG000009,స్థానం పంచుకున్నారు,,,
EVT_DIG000010,communication,P00099,P00538,LOC0034,2026-01-07 00:15:00,0.99,DIG000010,സന്ദേശം അയച്ചു,,,
EVT_DIG000011,meeting,P00042,P00435,LOC0109,2026-04-02 19:57:00,0.99,DIG000011,দেখা করেছে,,,
EVT_DIG000012,communication,P00968,P00731,LOC0033,2026-03-18 12:21:00,0.99,DIG000012,ਸੰਪਰਕ ਕੀਤਾ,,,
EVT_DIG000013,communication,P00863,P00653,LOC0082,2026-08-24 13:51:00,0.99,DIG000013,സന്ദേശം അയച്ചു,,,
EVT_DIG000014,communication,P00538,P00930,LOC0134,2026-07-30 00:21:00,0.99,DIG000014,contacted,,,
EVT_DIG000015,communication,P00119,P00740,LOC0124,2026-02-02 03:05:00,0.99,DIG000015,فون کیا,,,
EVT_DIG000016,communication,P00292,P00751,LOC0162,2026-08-30 21:16:00,0.99,DIG000016,ಕರೆ ಮಾಡಿದರು,,,
EVT_DIG000017,communication,P00701,P00781,LOC0046,2026-01-16 21:45:00,0.99,DIG000017,sent a message to,,,
EVT_DIG000018,communication,P00761,P00189,LOC0094,2026-03-26 03:09:00,0.99,DIG000018,called,,,
EVT_DIG000019,transfer,P00367,P00285,LOC0072,2026-04-01 06:41:00,0.99,DIG000019,പണം അയച്ചു,,,
EVT_DIG000020,meeting,P00770,P00594,LOC0028,2026-04-19 17:41:00,0.99,DIG000020,visited,,,
EVT_DIG000021,movement,P00509,P00892,LOC0073,2026-01-05 15:24:00,0.99,DIG000021,స్థానం పంచుకున్నారు,,,
EVT_DIG000022,communication,P00755,P00247,LOC0118,2026-03-31 07:19:00,0.99,DIG000022,വിളിച്ചു,,,
EVT_DIG000023,communication,P00018,P00403,LOC0056,2026-01-01 23:14:00,0.99,DIG000023,அழைத்தார்,,,
EVT_DIG000024,meeting,P00048,P00511,LOC0145,2026-05-06 09:34:00,0.99,DIG000024,ಭೇಟಿಯಾದರು,,,
EVT_DIG000025,meeting,P00893,P00133,LOC0028,2026-01-16 12:06:00,0.99,DIG000025,পরিদর্শন করেছে,,,
EVT_DIG000026,communication,P00379,P00762,LOC0076,2026-05-27 15:58:00,0.99,DIG000026,સંદેશ મોકલ્યો,,,
EVT_DIG000027,communication,P00679,P00216,LOC0004,2026-08-04 01:57:00,0.99,DIG000027,સંદેશ મોકલ્યો,,,
EVT_DIG000028,movement,P00951,P00415,LOC0150,2026-08-24 20:25:00,0.99,DIG000028,સ્થાન શેર કર્યું,,,
EVT_DIG000029,transfer,P00922,P00429,LOC0175,2026-07-23 23:04:00,0.99,DIG000029,പണം അയച്ചു,,,
EVT_DIG000030,movement,P00133,P00841,LOC0178,2026-01-06 01:45:00,0.99,DIG000030,ਸਥਾਨ ਸਾਂਝਾ ਕੀਤਾ,,,
EVT_DIG000031,meeting,P00826,P00097,LOC0120,2026-03-29 14:12:00,0.99,DIG000031,পরিদর্শন করেছে,,,
EVT_DIG000032,communication,P00995,P00724,LOC0036,2026-05-14 00:49:00,0.99,DIG000032,called,,,
EVT_DIG000033,transfer,P00460,P00455,LOC0139,2026-02-28 05:34:00,0.99,DIG000033,ಹಣ ಕಳುಹಿಸಿದರು,,,
EVT_DIG000034,meeting,P00126,P00370,LOC0054,2026-02-17 02:48:00,0.99,DIG000034,met,,,
EVT_DIG000035,meeting,P00400,P00894,LOC0108,2026-01-22 17:21:00,0.99,DIG000035,visited,,,
EVT_DIG000036,communication,P00654,P00976,LOC0160,2026-08-16 17:00:00,0.99,DIG000036,સંદેશ મોકલ્યો,,,
EVT_DIG000037,communication,P00329,P00174,LOC0084,2026-08-07 23:18:00,0.99,DIG000037,sent a message to,,,
EVT_DIG000038,communication,P00441,P00920,LOC0128,2026-05-11 12:31:00,0.99,DIG000038,വിളിച്ചു,,,
EVT_DIG000039,meeting,P00562,P00046,LOC0013,2026-01-14 04:09:00,0.99,DIG000039,ਮਿਲਿਆ,,,
EVT_DIG000040,communication,P00353,P00754,LOC0037,2026-04-08 08:43:00,0.99,DIG000040,फोन किया,,,
EVT_DIG000041,meeting,P00350,P00187,LOC0077,2026-03-31 17:03:00,0.99,DIG000041,મળ્યા,,,
EVT_DIG000042,communication,P00928,P00893,LOC0047,2026-07-23 01:52:00,0.99,DIG000042,پیغام بھیجا,,,
EVT_DIG000043,communication,P00215,P00878,LOC0149,2026-06-05 00:48:00,0.99,DIG000043,വിളിച്ചു,,,
EVT_DIG000044,communication,P00560,P00278,LOC0133,2026-04-23 10:26:00,0.99,DIG000044,ఫోన్ చేశారు,,,
EVT_DIG000045,communication,P00150,P00410,LOC0083,2026-02-03 06:45:00,0.99,DIG000045,ફોન કર્યો,,,
EVT_DIG000046,transfer,P00788,P00510,LOC0110,2026-03-04 14:53:00,0.99,DIG000046,பணம் அனுப்பினார்,,,
EVT_DIG000047,meeting,P00040,P00606,LOC0046,2026-06-28 03:38:00,0.99,DIG000047,സന്ദർശിച്ചു,,,
EVT_DIG000048,meeting,P00949,P00465,LOC0134,2026-02-23 01:37:00,0.99,DIG000048,కలిశారు,,,
EVT_DIG000049,communication,P00636,P00472,LOC0044,2026-02-14 14:36:00,0.99,DIG000049,پیغام بھیجا,,,
EVT_DIG000050,communication,P00074,P00672,LOC0009,2026-06-17 21:37:00,0.99,DIG000050,संपर्क केला,,,
EVT_DIG000051,communication,P00503,P00585,LOC0180,2026-08-10 21:02:00,0.99,DIG000051,ఫోన్ చేశారు,,,
EVT_DIG000052,communication,P00788,P00824,LOC0046,2026-05-01 06:47:00,0.99,DIG000052,ബന്ധപ്പെട്ടു,,,
EVT_DIG000053,meeting,P00890,P00683,LOC0135,2026-04-16 07:35:00,0.99,DIG000053,ملاقات کی,,,
EVT_DIG000054,transfer,P00137,P00997,LOC0039,2026-04-24 09:05:00,0.99,DIG000054,డబ్బు పంపారు,,,
EVT_DIG000055,meeting,P00785,P00808,LOC0007,2026-04-13 18:39:00,0.99,DIG000055,मिला,,,
EVT_DIG000056,meeting,P00788,P00244,LOC0070,2026-08-07 16:04:00,0.99,DIG000056,भेट दिली,,,
EVT_DIG000057,meeting,P00737,P00048,LOC0167,2026-08-13 08:23:00,0.99,DIG000057,મળ્યા,,,
EVT_DIG000058,meeting,P00073,P00364,LOC0011,2026-08-30 15:38:00,0.99,DIG000058,visited,,,
EVT_DIG000059,communication,P00104,P00171,LOC0002,2026-07-29 16:52:00,0.99,DIG000059,செய்தி அனுப்பினார்,,,
EVT_DIG000060,communication,P00444,P00523,LOC0131,2026-03-30 12:37:00,0.99,DIG000060,پیغام بھیجا,,,
EVT_DIG000061,meeting,P00262,P00906,LOC0135,2026-08-23 15:55:00,0.99,DIG000061,भेट दिली,,,
EVT_DIG000062,meeting,P00238,P00326,LOC0032,2026-01-18 00:47:00,0.99,DIG000062,ಭೇಟಿಯಾದರು,,,
EVT_DIG000063,meeting,P00849,P00567,LOC0045,2026-08-19 12:35:00,0.99,DIG000063,சென்றார்,,,
EVT_DIG000064,communication,P00401,P00148,LOC0014,2026-08-26 06:50:00,0.99,DIG000064,संदेश पाठवला,,,
EVT_DIG000065,vehicle_use,P00710,P00825,LOC0092,2026-07-26 02:08:00,0.99,DIG000065,used a vehicle,,,
EVT_DIG000066,meeting,P00796,P00674,LOC0120,2026-03-31 11:08:00,0.99,DIG000066,મળ્યા,,,
EVT_DIG000067,meeting,P00456,P00949,LOC0097,2026-07-23 11:30:00,0.99,DIG000067,পরিদর্শন করেছে,,,
EVT_DIG000068,movement,P00479,P00546,LOC0049,2026-03-08 04:46:00,0.99,DIG000068,ਸਥਾਨ ਸਾਂਝਾ ਕੀਤਾ,,,
EVT_DIG000069,communication,P00780,P00387,LOC0178,2026-03-23 09:51:00,0.99,DIG000069,ਸੁਨੇਹਾ ਭੇਜਿਆ,,,
EVT_DIG000070,transfer,P00725,P00299,LOC0019,2026-01-12 11:19:00,0.99,DIG000070,رقم منتقل کی,,,
EVT_DIG000071,meeting,P00428,P00413,LOC0018,2026-04-30 10:26:00,0.99,DIG000071,ಭೇಟಿಯಾದರು,,,
EVT_DIG000072,movement,P00706,P00460,LOC0130,2026-01-15 04:50:00,0.99,DIG000072,స్థానం పంచుకున్నారు,,,
EVT_DIG000073,meeting,P00143,P00723,LOC0095,2026-04-13 23:24:00,0.99,DIG000073,சந்தித்தார்,,,
EVT_DIG000074,meeting,P00650,P00488,LOC0122,2026-08-03 05:40:00,0.99,DIG000074,পরিদর্শন করেছে,,,
EVT_DIG000075,communication,P00933,P00801,LOC0092,2026-07-30 09:11:00,0.99,DIG000075,संपर्क केला,,,
EVT_DIG000076,communication,P00178,P00055,LOC0011,2026-01-08 10:53:00,0.99,DIG000076,বার্তা পাঠিয়েছে,,,
EVT_DIG000077,movement,P00875,P00852,LOC0072,2026-01-09 00:20:00,0.99,DIG000077,ਸਥਾਨ ਸਾਂਝਾ ਕੀਤਾ,,,
EVT_DIG000078,communication,P00625,P00225,LOC0060,2026-05-14 23:13:00,0.99,DIG000078,संदेश भेजा,,,
EVT_DIG000079,movement,P00541,P00559,LOC0162,2026-05-20 10:34:00,0.99,DIG000079,ठिकाण शेअर केले,,,
EVT_DIG000080,communication,P00984,P00986,LOC0016,2026-06-13 22:45:00,0.99,DIG000080,தொடர்பு கொண்டார்,,,
EVT_DIG000081,meeting,P00802,P00062,LOC0170,2026-03-16 06:13:00,0.99,DIG000081,मिला,,,
EVT_DIG000082,meeting,P00759,P00461,LOC0089,2026-07-03 09:35:00,0.99,DIG000082,met,,,
EVT_DIG000083,communication,P00909,P00813,LOC0142,2026-07-13 22:11:00,0.99,DIG000083,contacted,,,
EVT_DIG000084,communication,P00218,P00192,LOC0121,2026-06-10 23:59:00,0.99,DIG000084,বার্তা পাঠিয়েছে,,,
EVT_DIG000085,transfer,P00653,P00547,LOC0113,2026-07-14 00:33:00,0.99,DIG000085,பணம் அனுப்பினார்,,,
EVT_DIG000086,communication,P00645,P00119,LOC0107,2026-01-03 05:58:00,0.99,DIG000086,called,,,
EVT_DIG000087,transfer,P00086,P00223,LOC0097,2026-05-24 00:57:00,0.99,DIG000087,பணம் அனுப்பினார்,,,
EVT_DIG000088,communication,P00757,P00875,LOC0154,2026-04-05 12:16:00,0.99,DIG000088,సందేశం పంపారు,,,
EVT_DIG000089,meeting,P00715,P00358,LOC0056,2026-03-29 03:40:00,0.99,DIG000089,دورہ کیا,,,
EVT_DIG000090,movement,P00614,P00826,LOC0001,2026-05-10 15:33:00,0.99,DIG000090,ਸਥਾਨ ਸਾਂਝਾ ਕੀਤਾ,,,
EVT_DIG000091,meeting,P00886,P00558,LOC0120,2026-05-29 18:10:00,0.99,DIG000091,met,,,
EVT_DIG000092,transfer,P00746,P00247,LOC0116,2026-08-19 16:30:00,0.99,DIG000092,பணம் அனுப்பினார்,,,
EVT_DIG000093,movement,P00321,P00668,LOC0143,2026-07-26 10:31:00,0.99,DIG000093,స్థానం పంచుకున్నారు,,,
EVT_DIG000094,meeting,P00231,P00436,LOC0083,2026-03-31 02:00:00,0.99,DIG000094,സന്ദർശിച്ചു,,,
EVT_DIG000095,meeting,P00480,P00170,LOC0100,2026-01-30 02:19:00,0.99,DIG000095,visited,,,
EVT_DIG000096,meeting,P00122,P00465,LOC0029,2026-01-31 04:16:00,0.99,DIG000096,சந்தித்தார்,,,
EVT_DIG000097,communication,P00266,P00205,LOC0028,2026-02-11 23:48:00,0.99,DIG000097,فون کیا,,,
EVT_DIG000098,transfer,P00070,P00606,LOC0031,2026-08-02 09:09:00,0.99,DIG000098,பணம் அனுப்பினார்,,,
EVT_DIG000099,movement,P00101,P00376,LOC0152,2026-06-09 20:23:00,0.99,DIG000099,இடத்தை பகிர்ந்தார்,,,
EVT_DIG000100,transfer,P00434,P00791,LOC0087,2026-06-27 11:16:00,0.99,DIG000100,transferred funds to,,,
EVT_DIG000101,communication,P00650,P00762,LOC0118,2026-03-27 08:41:00,0.99,DIG000101,संदेश भेजा,,,
EVT_DIG000102,transfer,P00616,P00195,LOC0033,2026-03-20 12:39:00,0.99,DIG000102,డబ్బు పంపారు,,,
EVT_DIG000103,communication,P00987,P00271,LOC0109,2026-05-24 15:52:00,0.99,DIG000103,پیغام بھیجا,,,
EVT_DIG000104,meeting,P00439,P00216,LOC0118,2026-07-29 11:06:00,0.99,DIG000104,મુલાકાત લીધી,,,
EVT_DIG000105,meeting,P00686,P00544,LOC0116,2026-05-09 03:25:00,0.99,DIG000105,পরিদর্শন করেছে,,,
EVT_DIG000106,communication,P00469,P00198,LOC0068,2026-01-04 11:30:00,0.99,DIG000106,ਸੰਪਰਕ ਕੀਤਾ,,,
EVT_DIG000107,communication,P00032,P00824,LOC0141,2026-03-13 03:19:00,0.99,DIG000107,বার্তা পাঠিয়েছে,,,
EVT_DIG000108,meeting,P00622,P00996,LOC0063,2026-05-10 19:47:00,0.99,DIG000108,சென்றார்,,,
EVT_DIG000109,vehicle_use,P00053,P00767,LOC0026,2026-04-23 10:26:00,0.99,DIG000109,used a vehicle,,,
EVT_DIG000110,transfer,P00291,P00239,LOC0002,2026-07-10 13:52:00,0.99,DIG000110,पैसे पाठवले,,,
EVT_DIG000111,meeting,P00331,P00789,LOC0167,2026-01-10 08:59:00,0.99,DIG000111,পরিদর্শন করেছে,,,
EVT_DIG000112,communication,P00009,P00903,LOC0127,2026-07-27 01:47:00,0.99,DIG000112,સંદેશ મોકલ્યો,,,
EVT_DIG000113,communication,P00063,P00954,LOC0151,2026-07-07 09:16:00,0.99,DIG000113,ફોન કર્યો,,,
EVT_DIG000114,communication,P00544,P00269,LOC0058,2026-03-15 21:32:00,0.99,DIG000114,संदेश पाठवला,,,
EVT_DIG000115,communication,P00476,P00651,LOC0033,2026-04-17 16:15:00,0.99,DIG000115,संदेश भेजा,,,
EVT_DIG000116,meeting,P00913,P00883,LOC0130,2026-03-24 22:31:00,0.99,DIG000116,મુલાકાત લીધી,,,
EVT_DIG000117,communication,P00388,P00250,LOC0146,2026-01-05 19:30:00,0.99,DIG000117,फोन केला,,,
EVT_DIG000118,meeting,P00424,P00290,LOC0076,2026-05-19 00:20:00,0.99,DIG000118,met,,,
EVT_DIG000119,meeting,P00045,P00048,LOC0134,2026-03-08 04:49:00,0.99,DIG000119,পরিদর্শন করেছে,,,
EVT_DIG000120,meeting,P00430,P00890,LOC0083,2026-01-20 12:23:00,0.99,DIG000120,സന്ദർശിച്ചു,,,
EVT_DIG000121,communication,P00508,P00170,LOC0044,2026-05-27 23:00:00,0.99,DIG000121,फोन किया,,,
EVT_DIG000122,communication,P00038,P00853,LOC0094,2026-03-20 02:54:00,0.99,DIG000122,સંદેશ મોકલ્યો,,,
EVT_DIG000123,transfer,P00110,P00826,LOC0066,2026-03-28 01:12:00,0.99,DIG000123,പണം അയച്ചു,,,
EVT_DIG000124,communication,P00277,P00248,LOC0125,2026-07-10 17:19:00,0.99,DIG000124,رابطہ کیا,,,
EVT_DIG000125,transfer,P00655,P00324,LOC0081,2026-05-25 13:29:00,0.99,DIG000125,টাকা পাঠিয়েছে,,,
EVT_DIG000126,meeting,P00371,P00921,LOC0060,2026-01-08 18:17:00,0.99,DIG000126,சென்றார்,,,
EVT_DIG000127,meeting,P00816,P00206,LOC0060,2026-05-28 12:33:00,0.99,DIG000127,കണ്ടുമുട്ടി,,,
EVT_DIG000128,meeting,P00189,P00374,LOC0167,2026-07-25 06:53:00,0.99,DIG000128,వెళ్లారు,,,
EVT_DIG000129,communication,P00894,P00305,LOC0002,2026-06-21 01:56:00,0.99,DIG000129,फोन किया,,,
EVT_DIG000130,transfer,P00358,P00120,LOC0064,2026-05-25 04:34:00,0.99,DIG000130,पैसे पाठवले,,,
EVT_DIG000131,communication,P00064,P00750,LOC0062,2026-06-07 12:21:00,0.99,DIG000131,ਸੁਨੇਹਾ ਭੇਜਿਆ,,,
EVT_DIG000132,transfer,P00662,P00219,LOC0011,2026-02-23 13:08:00,0.99,DIG000132,ਪੈਸੇ ਭੇਜੇ,,,
EVT_DIG000133,communication,P00116,P00346,LOC0159,2026-08-29 18:28:00,0.99,DIG000133,फोन केला,,,
EVT_DIG000134,communication,P00174,P00152,LOC0088,2026-04-21 12:20:00,0.99,DIG000134,संपर्क केला,,,
EVT_DIG000135,communication,P00028,P00326,LOC0011,2026-08-22 16:31:00,0.99,DIG000135,ফোন করেছে,,,
EVT_DIG000136,meeting,P00356,P00679,LOC0166,2026-06-05 00:28:00,0.99,DIG000136,भेटला,,,
EVT_DIG000137,communication,P00779,P00071,LOC0115,2026-01-06 04:12:00,0.99,DIG000137,సందేశం పంపారు,,,
EVT_DIG000138,meeting,P00062,P00738,LOC0103,2026-03-27 05:34:00,0.99,DIG000138,కలిశారు,,,
EVT_DIG000139,meeting,P00336,P00896,LOC0047,2026-04-09 15:54:00,0.99,DIG000139,కలిశారు,,,
EVT_DIG000140,communication,P00875,P00524,LOC0021,2026-07-15 13:25:00,0.99,DIG000140,ਫੋਨ ਕੀਤਾ,,,
EVT_DIG000141,transfer,P00083,P00758,LOC0106,2026-07-11 19:41:00,0.99,DIG000141,డబ్బు పంపారు,,,
EVT_DIG000142,communication,P00960,P00395,LOC0079,2026-01-04 14:52:00,0.99,DIG000142,ਸੰਪਰਕ ਕੀਤਾ,,,
EVT_DIG000143,communication,P00850,P00322,LOC0011,2026-08-19 12:40:00,0.99,DIG000143,ಕರೆ ಮಾಡಿದರು,,,
EVT_DIG000144,communication,P00104,P00494,LOC0087,2026-08-18 13:44:00,0.99,DIG000144,ਫੋਨ ਕੀਤਾ,,,
EVT_DIG000145,communication,P00348,P00555,LOC0122,2026-08-27 02:37:00,0.99,DIG000145,ബന്ധപ്പെട്ടു,,,
EVT_DIG000146,communication,P00758,P00960,LOC0100,2026-03-09 22:05:00,0.99,DIG000146,தொடர்பு கொண்டார்,,,
EVT_DIG000147,transfer,P00026,P00626,LOC0023,2026-03-22 18:47:00,0.99,DIG000147,ಹಣ ಕಳುಹಿಸಿದರು,,,
EVT_DIG000148,movement,P00650,P00883,LOC0014,2026-08-12 05:37:00,0.99,DIG000148,ਸਥਾਨ ਸਾਂਝਾ ਕੀਤਾ,,,
EVT_DIG000149,meeting,P00254,P00052,LOC0023,2026-01-22 05:21:00,0.99,DIG000149,دورہ کیا,,,
EVT_DIG000150,movement,P00240,P00849,LOC0053,2026-05-09 08:44:00,0.99,DIG000150,مقام شیئر کیا,,,
EVT_DIG000151,meeting,P00436,P00276,LOC0040,2026-06-25 08:12:00,0.99,DIG000151,சந்தித்தார்,,,
EVT_DIG000152,meeting,P00494,P00428,LOC0038,2026-05-08 03:49:00,0.99,DIG000152,পরিদর্শন করেছে,,,
EVT_DIG000153,transfer,P00794,P00795,LOC0120,2026-02-21 16:08:00,0.99,DIG000153,धन भेजा,,,
EVT_DIG000154,communication,P00470,P00642,LOC0088,2026-04-27 06:43:00,0.99,DIG000154,फोन केला,,,
EVT_DIG000155,meeting,P00454,P00642,LOC0096,2026-07-03 08:46:00,0.99,DIG000155,ਮੁਲਾਕਾਤ ਕੀਤੀ,,,
EVT_DIG000156,communication,P00413,P00686,LOC0180,2026-07-03 07:15:00,0.99,DIG000156,called,,,
EVT_DIG000157,transfer,P00020,P00571,LOC0065,2026-07-07 12:19:00,0.99,DIG000157,નાણાં મોકલ્યાં,,,
EVT_DIG000158,communication,P00014,P00245,LOC0023,2026-02-06 14:41:00,0.99,DIG000158,સંપર્ક કર્યો,,,
EVT_DIG000159,communication,P00985,P00928,LOC0078,2026-03-14 08:28:00,0.99,DIG000159,संदेश पाठवला,,,
EVT_DIG000160,meeting,P00834,P00229,LOC0116,2026-08-08 23:27:00,0.99,DIG000160,ਮਿਲਿਆ,,,
EVT_DIG000161,movement,P00598,P00687,LOC0138,2026-07-18 19:52:00,0.99,DIG000161,مقام شیئر کیا,,,
EVT_DIG000162,meeting,P00115,P00190,LOC0079,2026-07-06 06:36:00,0.99,DIG000162,मिला,,,
EVT_DIG000163,communication,P00730,P00714,LOC0100,2026-02-27 15:53:00,0.99,DIG000163,رابطہ کیا,,,
EVT_DIG000164,movement,P00636,P00974,LOC0069,2026-06-05 00:50:00,0.99,DIG000164,സ്ഥലം പങ്കിട്ടു,,,
EVT_DIG000165,communication,P00378,P00299,LOC0063,2026-01-10 17:57:00,0.99,DIG000165,پیغام بھیجا,,,
EVT_DIG000166,meeting,P00931,P00117,LOC0064,2026-02-15 01:30:00,0.99,DIG000166,സന്ദർശിച്ചു,,,
EVT_DIG000167,communication,P00037,P00333,LOC0052,2026-06-20 00:24:00,0.99,DIG000167,ਸੁਨੇਹਾ ਭੇਜਿਆ,,,
EVT_DIG000168,communication,P00109,P00228,LOC0177,2026-04-10 21:53:00,0.99,DIG000168,contacted,,,
EVT_DIG000169,meeting,P00935,P00298,LOC0036,2026-01-07 00:27:00,0.99,DIG000169,ಭೇಟಿಯಾದರು,,,
EVT_DIG000170,communication,P00821,P00717,LOC0004,2026-05-05 06:59:00,0.99,DIG000170,پیغام بھیجا,,,
EVT_DIG000171,meeting,P00388,P00492,LOC0064,2026-05-14 16:02:00,0.99,DIG000171,met,,,
EVT_DIG000172,transfer,P00615,P00688,LOC0002,2026-06-15 06:57:00,0.99,DIG000172,പണം അയച്ചു,,,
EVT_DIG000173,meeting,P00986,P00323,LOC0058,2026-04-22 22:39:00,0.99,DIG000173,met,,,
EVT_DIG000174,meeting,P00528,P00386,LOC0101,2026-02-15 19:04:00,0.99,DIG000174,వెళ్లారు,,,
EVT_DIG000175,movement,P00931,P00233,LOC0114,2026-05-26 20:00:00,0.99,DIG000175,സ്ഥലം പങ്കിട്ടു,,,
EVT_DIG000176,movement,P00205,P00843,LOC0155,2026-07-29 07:27:00,0.99,DIG000176,સ્થાન શેર કર્યું,,,
EVT_DIG000177,communication,P00507,P00161,LOC0124,2026-06-11 03:56:00,0.99,DIG000177,ਸੰਪਰਕ ਕੀਤਾ,,,
EVT_DIG000178,communication,P00609,P00533,LOC0164,2026-06-18 12:47:00,0.99,DIG000178,संपर्क केला,,,
EVT_DIG000179,communication,P00241,P00615,LOC0070,2026-08-04 20:45:00,0.99,DIG000179,پیغام بھیجا,,,
EVT_DIG000180,communication,P00379,P00202,LOC0121,2026-04-15 07:35:00,0.99,DIG000180,رابطہ کیا,,,
EVT_DIG000181,meeting,P00708,P00041,LOC0096,2026-04-23 21:59:00,0.99,DIG000181,met,,,
EVT_DIG000182,movement,P00363,P00201,LOC0109,2026-01-26 21:13:00,0.99,DIG000182,स्थान साझा किया,,,
EVT_DIG000183,meeting,P00276,P00165,LOC0061,2026-04-20 20:21:00,0.99,DIG000183,కలిశారు,,,
EVT_DIG000184,communication,P00136,P00448,LOC0066,2026-02-16 21:40:00,0.99,DIG000184,called,,,
EVT_DIG000185,meeting,P00098,P00552,LOC0140,2026-03-27 03:49:00,0.99,DIG000185,వెళ్లారు,,,
EVT_DIG000186,meeting,P00560,P00610,LOC0041,2026-08-18 04:56:00,0.99,DIG000186,পরিদর্শন করেছে,,,
EVT_DIG000187,movement,P00375,P00546,LOC0154,2026-04-07 09:09:00,0.99,DIG000187,स्थान साझा किया,,,
EVT_DIG000188,communication,P00921,P00197,LOC0179,2026-04-05 15:28:00,0.99,DIG000188,సందేశం పంపారు,,,
EVT_DIG000189,meeting,P00163,P00104,LOC0044,2026-06-12 17:23:00,0.99,DIG000189,দেখা করেছে,,,
EVT_DIG000190,communication,P00777,P00101,LOC0147,2026-01-18 14:42:00,0.99,DIG000190,फोन किया,,,
EVT_DIG000191,meeting,P00706,P00386,LOC0175,2026-03-04 15:51:00,0.99,DIG000191,met,,,
EVT_DIG000192,communication,P00927,P00776,LOC0027,2026-02-04 11:07:00,0.99,DIG000192,বার্তা পাঠিয়েছে,,,
EVT_DIG000193,meeting,P00249,P00958,LOC0007,2026-07-19 01:31:00,0.99,DIG000193,મળ્યા,,,
EVT_DIG000194,communication,P00188,P00172,LOC0145,2026-01-09 20:08:00,0.99,DIG000194,বার্তা পাঠিয়েছে,,,
EVT_DIG000195,communication,P00484,P00306,LOC0164,2026-02-24 11:16:00,0.99,DIG000195,संपर्क किया,,,
EVT_DIG000196,communication,P00252,P00259,LOC0094,2026-03-13 10:09:00,0.99,DIG000196,যোগাযোগ করেছে,,,
EVT_DIG000197,communication,P00173,P00729,LOC0092,2026-01-30 22:44:00,0.99,DIG000197,संदेश भेजा,,,
EVT_DIG000198,communication,P00066,P00694,LOC0065,2026-02-05 04:14:00,0.99,DIG000198,సందేశం పంపారు,,,
EVT_DIG000199,transfer,P00751,P00607,LOC0096,2026-04-07 20:39:00,0.99,DIG000199,transferred funds to,,,
EVT_DIG000200,communication,P00893,P00921,LOC0122,2026-06-20 02:23:00,0.99,DIG000200,ફોન કર્યો,,,
EVT_DIG000201,meeting,P00761,P00884,LOC0020,2026-08-20 23:19:00,0.99,DIG000201,వెళ్లారు,,,
EVT_DIG000202,communication,P00962,P00032,LOC0071,2026-08-28 08:29:00,0.99,DIG000202,સંદેશ મોકલ્યો,,,
EVT_DIG000203,meeting,P00698,P00074,LOC0171,2026-01-09 15:36:00,0.99,DIG000203,भेटला,,,
EVT_DIG000204,transfer,P00640,P00671,LOC0008,2026-05-17 13:25:00,0.99,DIG000204,பணம் அனுப்பினார்,,,
EVT_DIG000205,communication,P00382,P00323,LOC0081,2026-04-22 23:08:00,0.99,DIG000205,संदेश भेजा,,,
EVT_DIG000206,meeting,P00347,P00892,LOC0123,2026-03-24 03:25:00,0.99,DIG000206,ਮੁਲਾਕਾਤ ਕੀਤੀ,,,
EVT_DIG000207,communication,P00822,P00647,LOC0179,2026-02-09 16:28:00,0.99,DIG000207,સંપર્ક કર્યો,,,
EVT_DIG000208,communication,P00698,P00487,LOC0115,2026-05-21 22:45:00,0.99,DIG000208,ಸಂದೇಶ ಕಳುಹಿಸಿದರು,,,
EVT_DIG000209,meeting,P00558,P00025,LOC0033,2026-02-08 02:14:00,0.99,DIG000209,സന്ദർശിച്ചു,,,
EVT_DIG000210,transfer,P00706,P00364,LOC0080,2026-06-23 17:44:00,0.99,DIG000210,पैसे पाठवले,,,
EVT_DIG000211,communication,P00051,P00889,LOC0059,2026-02-09 07:30:00,0.99,DIG000211,ಸಂದೇಶ ಕಳುಹಿಸಿದರು,,,
EVT_DIG000212,communication,P00517,P00613,LOC0141,2026-08-14 18:38:00,0.99,DIG000212,فون کیا,,,
EVT_DIG000213,communication,P00039,P00898,LOC0107,2026-01-27 17:28:00,0.99,DIG000213,संदेश पाठवला,,,
EVT_DIG000214,meeting,P00668,P00115,LOC0073,2026-01-03 10:27:00,0.99,DIG000214,സന്ദർശിച്ചു,,,
EVT_DIG000215,communication,P00511,P00637,LOC0132,2026-08-29 04:46:00,0.99,DIG000215,ಸಂದೇಶ ಕಳುಹಿಸಿದರು,,,
EVT_DIG000216,communication,P00729,P00801,LOC0074,2026-01-19 17:24:00,0.99,DIG000216,संदेश भेजा,,,
EVT_DIG000217,communication,P00034,P00577,LOC0131,2026-01-28 21:58:00,0.99,DIG000217,ಸಂದೇಶ ಕಳುಹಿಸಿದರು,,,
EVT_DIG000218,communication,P00288,P00004,LOC0010,2026-03-26 19:55:00,0.99,DIG000218,संदेश पाठवला,,,
EVT_DIG000219,meeting,P00427,P00798,LOC0177,2026-03-07 21:08:00,0.99,DIG000219,சந்தித்தார்,,,
EVT_DIG000220,communication,P00690,P00876,LOC0118,2026-08-01 14:31:00,0.99,DIG000220,پیغام بھیجا,,,
EVT_DIG000221,transfer,P00385,P00133,LOC0102,2026-01-07 13:35:00,0.99,DIG000221,पैसे पाठवले,,,
EVT_DIG000222,movement,P00390,P00023,LOC0031,2026-07-20 07:13:00,0.99,DIG000222,مقام شیئر کیا,,,
EVT_DIG000223,movement,P00155,P00283,LOC0043,2026-08-22 11:00:00,0.99,DIG000223,இடத்தை பகிர்ந்தார்,,,
EVT_DIG000224,communication,P00434,P00815,LOC0149,2026-05-16 21:41:00,0.99,DIG000224,செய்தி அனுப்பினார்,,,
EVT_DIG000225,meeting,P00384,P00707,LOC0167,2026-07-01 22:58:00,0.99,DIG000225,കണ്ടുമുട്ടി,,,
EVT_DIG000226,meeting,P00420,P00149,LOC0157,2026-03-10 16:33:00,0.99,DIG000226,دورہ کیا,,,
EVT_DIG000227,communication,P00230,P00318,LOC0128,2026-05-07 00:33:00,0.99,DIG000227,ਸੁਨੇਹਾ ਭੇਜਿਆ,,,
EVT_DIG000228,communication,P00167,P00845,LOC0116,2026-08-24 08:18:00,0.99,DIG000228,संपर्क किया,,,
EVT_DIG000229,meeting,P00557,P00634,LOC0179,2026-04-21 07:59:00,0.99,DIG000229,دورہ کیا,,,
EVT_DIG000230,movement,P00181,P00519,LOC0006,2026-01-17 05:16:00,0.99,DIG000230,స్థానం పంచుకున్నారు,,,
EVT_DIG000231,transfer,P00070,P00751,LOC0080,2026-07-10 02:06:00,0.99,DIG000231,ਪੈਸੇ ਭੇਜੇ,,,
EVT_DIG000232,meeting,P00777,P00174,LOC0010,2026-06-04 22:39:00,0.99,DIG000232,भेटला,,,
EVT_DIG000233,communication,P00414,P00953,LOC0093,2026-05-05 05:47:00,0.99,DIG000233,যোগাযোগ করেছে,,,
EVT_DIG000234,movement,P00691,P00482,LOC0067,2026-06-05 02:46:00,0.99,DIG000234,স্থান ভাগ করেছে,,,
EVT_DIG000235,communication,P00790,P00543,LOC0080,2026-08-28 02:51:00,0.99,DIG000235,پیغام بھیجا,,,
EVT_DIG000236,communication,P00712,P00544,LOC0089,2026-08-05 21:08:00,0.99,DIG000236,contacted,,,
EVT_DIG000237,movement,P00480,P00659,LOC0041,2026-08-06 18:46:00,0.99,DIG000237,স্থান ভাগ করেছে,,,
EVT_DIG000238,movement,P00746,P00731,LOC0032,2026-06-20 22:57:00,0.99,DIG000238,இடத்தை பகிர்ந்தார்,,,
EVT_DIG000239,movement,P00998,P00136,LOC0167,2026-01-15 14:27:00,0.99,DIG000239,ಸ್ಥಳ ಹಂಚಿಕೊಂಡರು,,,
EVT_DIG000240,movement,P00653,P00806,LOC0104,2026-02-18 10:34:00,0.99,DIG000240,shared a location with,,,
EVT_DIG000241,meeting,P00256,P00494,LOC0004,2026-07-23 23:06:00,0.99,DIG000241,મુલાકાત લીધી,,,
EVT_DIG000242,transfer,P00575,P00499,LOC0122,2026-05-21 08:57:00,0.99,DIG000242,transferred funds to,,,
EVT_DIG000243,meeting,P00927,P00536,LOC0129,2026-03-23 04:33:00,0.99,DIG000243,కలిశారు,,,
EVT_DIG000244,communication,P00112,P00461,LOC0134,2026-02-10 07:08:00,0.99,DIG000244,फोन किया,,,
EVT_DIG000245,communication,P00523,P00261,LOC0173,2026-07-02 22:17:00,0.99,DIG000245,فون کیا,,,
EVT_DIG000246,communication,P00459,P00048,LOC0083,2026-07-02 13:22:00,0.99,DIG000246,தொடர்பு கொண்டார்,,,
EVT_DIG000247,transfer,P00997,P00806,LOC0145,2026-04-04 03:31:00,0.99,DIG000247,رقم منتقل کی,,,
EVT_DIG000248,communication,P00377,P00313,LOC0080,2026-03-19 15:04:00,0.99,DIG000248,যোগাযোগ করেছে,,,
EVT_DIG000249,meeting,P00375,P00539,LOC0090,2026-04-17 23:25:00,0.99,DIG000249,சென்றார்,,,
EVT_DIG000250,vehicle_use,P00254,P00685,LOC0021,2026-05-17 19:27:00,0.99,DIG000250,used a vehicle,,,
EVT_DIG000251,transfer,P00032,P00905,LOC0177,2026-04-01 11:53:00,0.99,DIG000251,డబ్బు పంపారు,,,
EVT_DIG000252,communication,P00919,P00746,LOC0106,2026-06-29 06:10:00,0.99,DIG000252,ফোন করেছে,,,
EVT_DIG000253,communication,P00370,P00172,LOC0137,2026-07-26 18:36:00,0.99,DIG000253,ফোন করেছে,,,
EVT_DIG000254,communication,P00614,P00783,LOC0031,2026-06-05 03:18:00,0.99,DIG000254,ಸಂಪರ್ಕಿಸಿದರು,,,
EVT_DIG000255,transfer,P01000,P00793,LOC0002,2026-08-17 07:57:00,0.99,DIG000255,નાણાં મોકલ્યાં,,,
EVT_DIG000256,communication,P00841,P00045,LOC0150,2026-07-01 12:35:00,0.99,DIG000256,যোগাযোগ করেছে,,,
EVT_DIG000257,movement,P00766,P00905,LOC0133,2026-08-08 06:59:00,0.99,DIG000257,ठिकाण शेअर केले,,,
EVT_DIG000258,transfer,P00333,P00347,LOC0054,2026-03-09 16:11:00,0.99,DIG000258,धन भेजा,,,
EVT_DIG000259,meeting,P00333,P00995,LOC0111,2026-02-08 20:38:00,0.99,DIG000259,சென்றார்,,,
EVT_DIG000260,communication,P00354,P00478,LOC0051,2026-06-11 04:50:00,0.99,DIG000260,संदेश भेजा,,,
EVT_DIG000261,movement,P00925,P00359,LOC0006,2026-01-15 22:54:00,0.99,DIG000261,இடத்தை பகிர்ந்தார்,,,
EVT_DIG000262,communication,P00302,P00534,LOC0069,2026-02-06 16:16:00,0.99,DIG000262,फोन केला,,,
EVT_DIG000263,communication,P00591,P00513,LOC0169,2026-07-17 22:57:00,0.99,DIG000263,ಸಂಪರ್ಕಿಸಿದರು,,,
EVT_DIG000264,meeting,P00404,P00296,LOC0029,2026-07-02 21:35:00,0.99,DIG000264,দেখা করেছে,,,
EVT_DIG000265,communication,P00069,P00863,LOC0158,2026-08-28 03:26:00,0.99,DIG000265,ಕರೆ ಮಾಡಿದರು,,,
EVT_DIG000266,communication,P00318,P00215,LOC0039,2026-02-07 12:31:00,0.99,DIG000266,फोन किया,,,
EVT_DIG000267,communication,P00981,P00828,LOC0113,2026-03-08 16:18:00,0.99,DIG000267,సందేశం పంపారు,,,
EVT_DIG000268,communication,P00307,P00505,LOC0026,2026-07-02 15:12:00,0.99,DIG000268,ফোন করেছে,,,
EVT_DIG000269,communication,P00759,P00361,LOC0134,2026-05-03 02:51:00,0.99,DIG000269,ਫੋਨ ਕੀਤਾ,,,
EVT_DIG000270,communication,P00543,P00176,LOC0126,2026-02-27 06:05:00,0.99,DIG000270,رابطہ کیا,,,
EVT_DIG000271,communication,P00098,P00095,LOC0061,2026-04-22 14:08:00,0.99,DIG000271,संदेश भेजा,,,
EVT_DIG000272,meeting,P00632,P00403,LOC0087,2026-03-31 14:32:00,0.99,DIG000272,కలిశారు,,,
EVT_DIG000273,communication,P00947,P00465,LOC0148,2026-08-12 17:21:00,0.99,DIG000273,যোগাযোগ করেছে,,,
EVT_DIG000274,communication,P00681,P00641,LOC0026,2026-02-23 00:41:00,0.99,DIG000274,فون کیا,,,
EVT_DIG000275,movement,P00505,P00455,LOC0116,2026-04-10 21:12:00,0.99,DIG000275,స్థానం పంచుకున్నారు,,,
EVT_DIG000276,transfer,P00698,P00455,LOC0166,2026-03-16 20:08:00,0.99,DIG000276,ਪੈਸੇ ਭੇਜੇ,,,
EVT_DIG000277,communication,P00023,P00129,LOC0074,2026-06-30 21:58:00,0.99,DIG000277,ફોન કર્યો,,,
EVT_DIG000278,communication,P00633,P00178,LOC0078,2026-02-23 07:22:00,0.99,DIG000278,செய்தி அனுப்பினார்,,,
EVT_DIG000279,communication,P00091,P00140,LOC0011,2026-05-19 05:37:00,0.99,DIG000279,ફોન કર્યો,,,
EVT_DIG000280,communication,P00187,P00200,LOC0117,2026-07-31 22:12:00,0.99,DIG000280,ફોન કર્યો,,,
EVT_DIG000281,meeting,P00381,P00326,LOC0157,2026-02-14 14:12:00,0.99,DIG000281,મુલાકાત લીધી,,,
EVT_DIG000282,movement,P00746,P00316,LOC0099,2026-07-22 21:19:00,0.99,DIG000282,स्थान साझा किया,,,
EVT_DIG000283,meeting,P00199,P00187,LOC0084,2026-08-02 05:38:00,0.99,DIG000283,சந்தித்தார்,,,
EVT_DIG000284,meeting,P00319,P00399,LOC0053,2026-07-23 14:27:00,0.99,DIG000284,ಭೇಟಿಯಾದರು,,,
EVT_DIG000285,meeting,P00037,P00702,LOC0079,2026-06-27 22:59:00,0.99,DIG000285,મળ્યા,,,
EVT_DIG000286,meeting,P00765,P00892,LOC0118,2026-02-19 08:31:00,0.99,DIG000286,भेटला,,,
EVT_DIG000287,communication,P00530,P00259,LOC0045,2026-05-06 03:01:00,0.99,DIG000287,যোগাযোগ করেছে,,,
EVT_DIG000288,communication,P00252,P00017,LOC0148,2026-04-05 14:14:00,0.99,DIG000288,సందేశం పంపారు,,,
EVT_DIG000289,meeting,P00788,P00664,LOC0132,2026-07-24 15:51:00,0.99,DIG000289,சென்றார்,,,
EVT_DIG000290,transfer,P00809,P00333,LOC0011,2026-02-21 21:08:00,0.99,DIG000290,പണം അയച്ചു,,,
EVT_DIG000291,communication,P00069,P00772,LOC0177,2026-07-27 14:17:00,0.99,DIG000291,called,,,
EVT_DIG000292,meeting,P00554,P00215,LOC0045,2026-01-14 21:18:00,0.99,DIG000292,కలిశారు,,,
EVT_DIG000293,meeting,P00546,P00795,LOC0116,2026-02-27 16:44:00,0.99,DIG000293,സന്ദർശിച്ചു,,,
EVT_DIG000294,transfer,P00283,P00858,LOC0025,2026-01-18 15:37:00,0.99,DIG000294,ಹಣ ಕಳುಹಿಸಿದರು,,,
EVT_DIG000295,transfer,P00309,P00223,LOC0021,2026-05-29 02:32:00,0.99,DIG000295,ਪੈਸੇ ਭੇਜੇ,,,
EVT_DIG000296,meeting,P00057,P00943,LOC0061,2026-06-21 21:00:00,0.99,DIG000296,भेट दिली,,,
EVT_DIG000297,communication,P00919,P00878,LOC0169,2026-03-13 06:44:00,0.99,DIG000297,ബന്ധപ്പെട്ടു,,,
EVT_DIG000298,movement,P00924,P00673,LOC0007,2026-01-01 13:26:00,0.99,DIG000298,સ્થાન શેર કર્યું,,,
EVT_DIG000299,meeting,P00423,P00318,LOC0003,2026-07-01 23:03:00,0.99,DIG000299,भेटला,,,
EVT_DIG000300,communication,P00729,P00977,LOC0154,2026-02-01 16:13:00,0.99,DIG000300,ಸಂದೇಶ ಕಳುಹಿಸಿದರು,,,
EVT_DIG000301,meeting,P00801,P00160,LOC0075,2026-03-25 18:22:00,0.99,DIG000301,મુલાકાત લીધી,,,
EVT_DIG000302,communication,P00408,P00079,LOC0177,2026-08-18 00:48:00,0.99,DIG000302,رابطہ کیا,,,
EVT_DIG000303,movement,P00896,P00550,LOC0126,2026-01-14 21:56:00,0.99,DIG000303,ठिकाण शेअर केले,,,
EVT_DIG000304,communication,P00652,P00189,LOC0173,2026-06-12 13:01:00,0.99,DIG000304,செய்தி அனுப்பினார்,,,
EVT_DIG000305,communication,P00265,P00652,LOC0179,2026-04-24 23:37:00,0.99,DIG000305,સંદેશ મોકલ્યો,,,
EVT_DIG000306,meeting,P00452,P00044,LOC0135,2026-05-02 05:19:00,0.99,DIG000306,met,,,
EVT_DIG000307,transfer,P00042,P00704,LOC0140,2026-06-09 16:31:00,0.99,DIG000307,transferred funds to,,,
EVT_DIG000308,meeting,P00980,P00936,LOC0104,2026-01-22 08:25:00,0.99,DIG000308,भेट दिली,,,
EVT_DIG000309,movement,P00089,P00603,LOC0096,2026-03-12 22:38:00,0.99,DIG000309,ठिकाण शेअर केले,,,
EVT_DIG000310,movement,P00609,P00058,LOC0134,2026-03-19 23:12:00,0.99,DIG000310,স্থান ভাগ করেছে,,,
EVT_DIG000311,movement,P00440,P00314,LOC0018,2026-02-25 09:19:00,0.99,DIG000311,ठिकाण शेअर केले,,,
EVT_DIG000312,communication,P00874,P00762,LOC0082,2026-08-18 17:05:00,0.99,DIG000312,വിളിച്ചു,,,
EVT_DIG000313,communication,P00584,P00784,LOC0106,2026-02-12 07:46:00,0.99,DIG000313,sent a message to,,,
EVT_DIG000314,movement,P00998,P00841,LOC0091,2026-01-14 19:24:00,0.99,DIG000314,shared a location with,,,
EVT_DIG000315,meeting,P00528,P00586,LOC0093,2026-03-22 01:29:00,0.99,DIG000315,സന്ദർശിച്ചു,,,
EVT_DIG000316,communication,P00797,P00447,LOC0167,2026-02-28 17:35:00,0.99,DIG000316,رابطہ کیا,,,
EVT_DIG000317,movement,P00459,P00403,LOC0089,2026-02-11 07:24:00,0.99,DIG000317,இடத்தை பகிர்ந்தார்,,,
EVT_DIG000318,communication,P00363,P00749,LOC0026,2026-03-07 04:28:00,0.99,DIG000318,پیغام بھیجا,,,
EVT_DIG000319,communication,P00368,P00263,LOC0129,2026-01-26 09:53:00,0.99,DIG000319,സന്ദേശം അയച്ചു,,,
EVT_DIG000320,meeting,P00714,P00252,LOC0078,2026-08-14 10:13:00,0.99,DIG000320,دورہ کیا,,,
EVT_DIG000321,meeting,P00738,P00923,LOC0095,2026-06-18 10:53:00,0.99,DIG000321,சந்தித்தார்,,,
EVT_DIG000322,meeting,P00689,P00007,LOC0084,2026-07-23 17:24:00,0.99,DIG000322,ਮੁਲਾਕਾਤ ਕੀਤੀ,,,
EVT_DIG000323,movement,P00804,P00557,LOC0013,2026-01-08 12:10:00,0.99,DIG000323,இடத்தை பகிர்ந்தார்,,,
EVT_DIG000324,movement,P00060,P00278,LOC0106,2026-03-27 16:50:00,0.99,DIG000324,స్థానం పంచుకున్నారు,,,
EVT_DIG000325,meeting,P00388,P00339,LOC0175,2026-08-28 03:34:00,0.99,DIG000325,भेट दिली,,,
EVT_DIG000326,meeting,P00038,P00420,LOC0178,2026-08-18 17:28:00,0.99,DIG000326,ਮੁਲਾਕਾਤ ਕੀਤੀ,,,
EVT_DIG000327,movement,P00656,P00018,LOC0151,2026-03-11 18:53:00,0.99,DIG000327,ठिकाण शेअर केले,,,
EVT_DIG000328,transfer,P00061,P00028,LOC0002,2026-01-11 13:52:00,0.99,DIG000328,பணம் அனுப்பினார்,,,
EVT_DIG000329,movement,P00374,P00412,LOC0132,2026-05-07 19:53:00,0.99,DIG000329,ಸ್ಥಳ ಹಂಚಿಕೊಂಡರು,,,
EVT_DIG000330,communication,P00241,P00177,LOC0013,2026-07-28 12:11:00,0.99,DIG000330,called,,,
EVT_DIG000331,movement,P00836,P00769,LOC0083,2026-03-13 07:23:00,0.99,DIG000331,shared a location with,,,
EVT_DIG000332,communication,P00676,P00052,LOC0001,2026-04-28 15:19:00,0.99,DIG000332,સંદેશ મોકલ્યો,,,
EVT_DIG000333,communication,P00202,P00336,LOC0015,2026-05-17 12:43:00,0.99,DIG000333,संदेश पाठवला,,,
EVT_DIG000334,communication,P00338,P00004,LOC0031,2026-01-30 02:27:00,0.99,DIG000334,அழைத்தார்,,,
EVT_DIG000335,meeting,P00251,P00515,LOC0030,2026-04-09 14:16:00,0.99,DIG000335,दौरा किया,,,
EVT_DIG000336,meeting,P00852,P00233,LOC0059,2026-07-06 13:27:00,0.99,DIG000336,મળ્યા,,,
EVT_DIG000337,meeting,P00846,P00135,LOC0070,2026-07-25 09:29:00,0.99,DIG000337,ਮੁਲਾਕਾਤ ਕੀਤੀ,,,
EVT_DIG000338,meeting,P00359,P00236,LOC0003,2026-08-29 07:09:00,0.99,DIG000338,મળ્યા,,,
EVT_DIG000339,transfer,P00257,P00779,LOC0034,2026-08-11 21:12:00,0.99,DIG000339,धन भेजा,,,
EVT_DIG000340,meeting,P00952,P00391,LOC0044,2026-07-26 01:42:00,0.99,DIG000340,சந்தித்தார்,,,
EVT_DIG000341,communication,P00512,P00022,LOC0031,2026-05-21 06:25:00,0.99,DIG000341,संपर्क केला,,,
EVT_DIG000342,meeting,P00017,P00924,LOC0144,2026-08-19 04:03:00,0.99,DIG000342,দেখা করেছে,,,
EVT_DIG000343,communication,P00476,P00761,LOC0116,2026-05-06 21:42:00,0.99,DIG000343,ബന്ധപ്പെട്ടു,,,
EVT_DIG000344,communication,P00578,P00584,LOC0050,2026-05-19 17:09:00,0.99,DIG000344,સંદેશ મોકલ્યો,,,
EVT_DIG000345,meeting,P00561,P00982,LOC0062,2026-08-01 11:02:00,0.99,DIG000345,পরিদর্শন করেছে,,,
EVT_DIG000346,meeting,P00061,P00205,LOC0049,2026-04-18 06:40:00,0.99,DIG000346,পরিদর্শন করেছে,,,
EVT_DIG000347,communication,P00662,P00481,LOC0142,2026-07-15 05:26:00,0.99,DIG000347,ಸಂದೇಶ ಕಳುಹಿಸಿದರು,,,
EVT_DIG000348,meeting,P00453,P00555,LOC0015,2026-02-10 05:09:00,0.99,DIG000348,சந்தித்தார்,,,
EVT_DIG000349,transfer,P00886,P00092,LOC0035,2026-06-28 13:16:00,0.99,DIG000349,ಹಣ ಕಳುಹಿಸಿದರು,,,
EVT_DIG000350,meeting,P00200,P00657,LOC0023,2026-06-21 20:35:00,0.99,DIG000350,મુલાકાત લીધી,,,
EVT_DIG000351,transfer,P00650,P00997,LOC0046,2026-03-09 08:20:00,0.99,DIG000351,টাকা পাঠিয়েছে,,,
EVT_DIG000352,meeting,P00356,P00671,LOC0103,2026-01-30 01:54:00,0.99,DIG000352,ਮੁਲਾਕਾਤ ਕੀਤੀ,,,
EVT_DIG000353,meeting,P00937,P00023,LOC0164,2026-06-08 06:46:00,0.99,DIG000353,ಭೇಟಿ ನೀಡಿದರು,,,
EVT_DIG000354,communication,P00141,P00878,LOC0070,2026-04-18 20:13:00,0.99,DIG000354,ফোন করেছে,,,
EVT_DIG000355,communication,P00525,P00749,LOC0129,2026-02-28 17:59:00,0.99,DIG000355,సందేశం పంపారు,,,
EVT_DIG000356,communication,P00356,P00366,LOC0167,2026-05-01 15:28:00,0.99,DIG000356,ಸಂದೇಶ ಕಳುಹಿಸಿದರು,,,
EVT_DIG000357,communication,P00522,P00730,LOC0034,2026-03-22 01:43:00,0.99,DIG000357,தொடர்பு கொண்டார்,,,
EVT_DIG000358,communication,P00814,P00499,LOC0129,2026-06-10 19:42:00,0.99,DIG000358,संपर्क किया,,,
EVT_DIG000359,communication,P00767,P00401,LOC0022,2026-04-26 02:39:00,0.99,DIG000359,സന്ദേശം അയച്ചു,,,
EVT_DIG000360,communication,P00742,P00431,LOC0062,2026-03-13 09:14:00,0.99,DIG000360,ફોન કર્યો,,,
EVT_DIG000361,movement,P00542,P00573,LOC0042,2026-03-30 16:54:00,0.99,DIG000361,ಸ್ಥಳ ಹಂಚಿಕೊಂಡರು,,,
EVT_DIG000362,communication,P00493,P00212,LOC0114,2026-04-18 13:18:00,0.99,DIG000362,ಸಂದೇಶ ಕಳುಹಿಸಿದರು,,,
EVT_DIG000363,movement,P00242,P00179,LOC0160,2026-03-17 23:28:00,0.99,DIG000363,مقام شیئر کیا,,,
EVT_DIG000364,communication,P00215,P00439,LOC0175,2026-01-31 21:00:00,0.99,DIG000364,വിളിച്ചു,,,
EVT_DIG000365,meeting,P00366,P00083,LOC0093,2026-05-31 10:53:00,0.99,DIG000365,મુલાકાત લીધી,,,
EVT_DIG000366,communication,P00050,P00982,LOC0060,2026-01-10 18:14:00,0.99,DIG000366,فون کیا,,,
EVT_DIG000367,meeting,P00006,P00866,LOC0086,2026-03-10 06:31:00,0.99,DIG000367,भेटला,,,
EVT_DIG000368,movement,P00581,P00452,LOC0086,2026-02-19 01:15:00,0.99,DIG000368,مقام شیئر کیا,,,
EVT_DIG000369,communication,P00426,P00346,LOC0047,2026-08-29 16:12:00,0.99,DIG000369,رابطہ کیا,,,
EVT_DIG000370,communication,P00298,P00778,LOC0002,2026-02-18 21:25:00,0.99,DIG000370,ਫੋਨ ਕੀਤਾ,,,
EVT_DIG000371,transfer,P00990,P00897,LOC0159,2026-06-24 06:25:00,0.99,DIG000371,धन भेजा,,,
EVT_DIG000372,transfer,P00688,P00055,LOC0066,2026-03-31 01:45:00,0.99,DIG000372,पैसे पाठवले,,,
EVT_DIG000373,meeting,P00862,P00843,LOC0072,2026-04-23 20:01:00,0.99,DIG000373,दौरा किया,,,
EVT_DIG000374,meeting,P00156,P00189,LOC0031,2026-06-29 16:35:00,0.99,DIG000374,મુલાકાત લીધી,,,
EVT_DIG000375,communication,P00208,P00734,LOC0056,2026-05-04 09:07:00,0.99,DIG000375,বার্তা পাঠিয়েছে,,,
EVT_DIG000376,transfer,P00248,P00506,LOC0001,2026-01-31 15:16:00,0.99,DIG000376,ਪੈਸੇ ਭੇਜੇ,,,
EVT_DIG000377,meeting,P00724,P00204,LOC0039,2026-01-10 06:19:00,0.99,DIG000377,دورہ کیا,,,
EVT_DIG000378,communication,P00705,P00797,LOC0068,2026-01-07 16:55:00,0.99,DIG000378,அழைத்தார்,,,
EVT_DIG000379,communication,P00213,P00200,LOC0050,2026-06-14 14:57:00,0.99,DIG000379,ബന്ധപ്പെട്ടു,,,
EVT_DIG000380,communication,P00916,P00892,LOC0167,2026-02-27 20:35:00,0.99,DIG000380,فون کیا,,,
EVT_DIG000381,transfer,P00611,P00764,LOC0006,2026-06-20 21:40:00,0.99,DIG000381,പണം അയച്ചു,,,
EVT_DIG000382,communication,P00281,P00925,LOC0161,2026-02-22 01:43:00,0.99,DIG000382,संपर्क किया,,,
EVT_DIG000383,communication,P00845,P00722,LOC0048,2026-06-18 12:10:00,0.99,DIG000383,বার্তা পাঠিয়েছে,,,
EVT_DIG000384,movement,P00014,P00089,LOC0113,2026-07-15 13:05:00,0.99,DIG000384,स्थान साझा किया,,,
EVT_DIG000385,meeting,P00354,P00480,LOC0021,2026-05-26 07:36:00,0.99,DIG000385,కలిశారు,,,
EVT_DIG000386,movement,P00042,P00787,LOC0140,2026-06-20 13:04:00,0.99,DIG000386,સ્થાન શેર કર્યું,,,
EVT_DIG000387,transfer,P00729,P00908,LOC0019,2026-03-31 00:05:00,0.99,DIG000387,पैसे पाठवले,,,
EVT_DIG000388,transfer,P00796,P00326,LOC0165,2026-05-30 23:51:00,0.99,DIG000388,ਪੈਸੇ ਭੇਜੇ,,,
EVT_DIG000389,movement,P00498,P00402,LOC0096,2026-03-18 12:27:00,0.99,DIG000389,സ്ഥലം പങ്കിട്ടു,,,
EVT_DIG000390,meeting,P00134,P00893,LOC0109,2026-05-18 10:32:00,0.99,DIG000390,দেখা করেছে,,,
EVT_DIG000391,meeting,P00430,P00460,LOC0114,2026-04-17 19:50:00,0.99,DIG000391,వెళ్లారు,,,
EVT_DIG000392,meeting,P00959,P00195,LOC0119,2026-02-26 02:16:00,0.99,DIG000392,visited,,,
EVT_DIG000393,meeting,P00747,P00017,LOC0143,2026-01-07 20:23:00,0.99,DIG000393,دورہ کیا,,,
EVT_DIG000394,communication,P00083,P00528,LOC0006,2026-05-25 19:21:00,0.99,DIG000394,સંદેશ મોકલ્યો,,,
EVT_DIG000395,transfer,P00323,P00015,LOC0071,2026-01-27 00:14:00,0.99,DIG000395,ಹಣ ಕಳುಹಿಸಿದರು,,,
EVT_DIG000396,communication,P00511,P00480,LOC0143,2026-05-16 15:50:00,0.99,DIG000396,સંપર્ક કર્યો,,,
EVT_DIG000397,movement,P00071,P00563,LOC0173,2026-08-06 04:43:00,0.99,DIG000397,shared a location with,,,
EVT_DIG000398,communication,P00272,P00862,LOC0010,2026-03-03 11:19:00,0.99,DIG000398,ফোন করেছে,,,
EVT_DIG000399,meeting,P00523,P00919,LOC0054,2026-04-26 17:36:00,0.99,DIG000399,ਮੁਲਾਕਾਤ ਕੀਤੀ,,,
EVT_DIG000400,transfer,P00627,P00314,LOC0162,2026-05-19 03:34:00,0.99,DIG000400,નાણાં મોકલ્યાં,,,
EVT_DIG000401,meeting,P00506,P00539,LOC0158,2026-08-08 01:03:00,0.99,DIG000401,دورہ کیا,,,
EVT_DIG000402,movement,P00421,P00295,LOC0096,2026-02-16 12:09:00,0.99,DIG000402,مقام شیئر کیا,,,
EVT_DIG000403,communication,P00396,P00190,LOC0173,2026-04-11 21:02:00,0.99,DIG000403,સંપર્ક કર્યો,,,
EVT_DIG000404,vehicle_use,P00845,P00044,LOC0154,2026-05-29 01:38:00,0.99,DIG000404,used a vehicle,,,
EVT_DIG000405,communication,P00614,P00255,LOC0155,2026-01-12 16:59:00,0.99,DIG000405,സന്ദേശം അയച്ചു,,,
EVT_DIG000406,movement,P00662,P00629,LOC0175,2026-08-15 19:31:00,0.99,DIG000406,இடத்தை பகிர்ந்தார்,,,
EVT_DIG000407,communication,P00174,P00941,LOC0091,2026-02-16 06:02:00,0.99,DIG000407,ఫోన్ చేశారు,,,
EVT_DIG000408,communication,P00885,P00030,LOC0017,2026-03-06 10:05:00,0.99,DIG000408,വിളിച്ചു,,,
EVT_DIG000409,communication,P00253,P00720,LOC0012,2026-06-02 17:22:00,0.99,DIG000409,پیغام بھیجا,,,
EVT_DIG000410,communication,P00103,P00396,LOC0162,2026-04-07 06:29:00,0.99,DIG000410,বার্তা পাঠিয়েছে,,,
EVT_DIG000411,transfer,P00304,P00697,LOC0064,2026-04-20 17:14:00,0.99,DIG000411,பணம் அனுப்பினார்,,,
EVT_DIG000412,transfer,P00832,P00497,LOC0179,2026-04-14 01:41:00,0.99,DIG000412,નાણાં મોકલ્યાં,,,
EVT_DIG000413,communication,P00265,P00921,LOC0010,2026-06-19 11:15:00,0.99,DIG000413,ਫੋਨ ਕੀਤਾ,,,
EVT_DIG000414,communication,P00396,P00826,LOC0036,2026-02-02 14:54:00,0.99,DIG000414,സന്ദേശം അയച്ചു,,,
EVT_DIG000415,meeting,P00786,P00395,LOC0135,2026-05-26 16:14:00,0.99,DIG000415,കണ്ടുമുട്ടി,,,
EVT_DIG000416,movement,P00618,P00736,LOC0117,2026-05-23 15:59:00,0.99,DIG000416,இடத்தை பகிர்ந்தார்,,,
EVT_DIG000417,movement,P00251,P00026,LOC0057,2026-01-26 00:53:00,0.99,DIG000417,સ્થાન શેર કર્યું,,,
EVT_DIG000418,communication,P00987,P00442,LOC0111,2026-03-21 22:29:00,0.99,DIG000418,ఫోన్ చేశారు,,,
EVT_DIG000419,transfer,P00876,P00277,LOC0012,2026-01-21 09:42:00,0.99,DIG000419,ਪੈਸੇ ਭੇਜੇ,,,
EVT_DIG000420,movement,P00610,P00329,LOC0109,2026-02-02 21:57:00,0.99,DIG000420,ಸ್ಥಳ ಹಂಚಿಕೊಂಡರು,,,
EVT_DIG000421,communication,P00300,P00970,LOC0010,2026-05-30 00:24:00,0.99,DIG000421,செய்தி அனுப்பினார்,,,
EVT_DIG000422,communication,P00538,P00114,LOC0076,2026-04-25 13:47:00,0.99,DIG000422,ਸੁਨੇਹਾ ਭੇਜਿਆ,,,
EVT_DIG000423,movement,P00911,P00381,LOC0061,2026-05-09 02:59:00,0.99,DIG000423,స్థానం పంచుకున్నారు,,,
EVT_DIG000424,meeting,P00739,P00211,LOC0047,2026-04-17 15:13:00,0.99,DIG000424,পরিদর্শন করেছে,,,
EVT_DIG000425,movement,P00971,P00861,LOC0010,2026-05-22 09:56:00,0.99,DIG000425,مقام شیئر کیا,,,
EVT_DIG000426,meeting,P00071,P00599,LOC0103,2026-01-28 13:03:00,0.99,DIG000426,ಭೇಟಿ ನೀಡಿದರು,,,
EVT_DIG000427,communication,P00220,P00386,LOC0166,2026-07-12 17:47:00,0.99,DIG000427,संदेश पाठवला,,,
EVT_DIG000428,meeting,P00115,P00156,LOC0157,2026-03-20 03:27:00,0.99,DIG000428,met,,,
EVT_DIG000429,communication,P00371,P00496,LOC0114,2026-08-16 13:45:00,0.99,DIG000429,संदेश भेजा,,,
EVT_DIG000430,transfer,P00840,P00177,LOC0069,2026-06-18 08:07:00,0.99,DIG000430,transferred funds to,,,
EVT_DIG000431,communication,P00162,P00001,LOC0134,2026-08-11 23:38:00,0.99,DIG000431,ఫోన్ చేశారు,,,
EVT_DIG000432,meeting,P00139,P00023,LOC0179,2026-07-29 21:43:00,0.99,DIG000432,சென்றார்,,,
EVT_DIG000433,meeting,P00976,P00848,LOC0136,2026-03-06 21:44:00,0.99,DIG000433,મળ્યા,,,
EVT_DIG000434,communication,P00908,P00303,LOC0052,2026-05-22 14:10:00,0.99,DIG000434,বার্তা পাঠিয়েছে,,,
EVT_DIG000435,transfer,P00680,P00792,LOC0039,2026-06-01 22:33:00,0.99,DIG000435,નાણાં મોકલ્યાં,,,
EVT_DIG000436,meeting,P00448,P00907,LOC0006,2026-08-25 20:14:00,0.99,DIG000436,ملاقات کی,,,
EVT_DIG000437,movement,P00704,P00621,LOC0048,2026-05-03 04:55:00,0.99,DIG000437,స్థానం పంచుకున్నారు,,,
EVT_DIG000438,communication,P00666,P00464,LOC0059,2026-03-14 11:53:00,0.99,DIG000438,செய்தி அனுப்பினார்,,,
EVT_DIG000439,transfer,P00898,P00279,LOC0105,2026-08-10 04:08:00,0.99,DIG000439,பணம் அனுப்பினார்,,,
EVT_DIG000440,meeting,P00772,P00087,LOC0062,2026-06-23 05:51:00,0.99,DIG000440,వెళ్లారు,,,
EVT_DIG000441,communication,P00686,P00838,LOC0053,2026-08-28 13:01:00,0.99,DIG000441,संपर्क किया,,,
EVT_DIG000442,communication,P00677,P00615,LOC0114,2026-05-31 12:42:00,0.99,DIG000442,ಸಂದೇಶ ಕಳುಹಿಸಿದರು,,,
EVT_DIG000443,meeting,P00020,P00204,LOC0049,2026-06-14 16:13:00,0.99,DIG000443,visited,,,
EVT_DIG000444,movement,P00355,P00393,LOC0040,2026-07-09 06:32:00,0.99,DIG000444,स्थान साझा किया,,,
EVT_DIG000445,communication,P00083,P00718,LOC0141,2026-06-25 03:05:00,0.99,DIG000445,فون کیا,,,
EVT_DIG000446,vehicle_use,P00555,P00116,LOC0037,2026-05-04 11:02:00,0.99,DIG000446,used a vehicle,,,
EVT_DIG000447,meeting,P00858,P00852,LOC0137,2026-03-26 16:59:00,0.99,DIG000447,കണ്ടുമുട്ടി,,,
EVT_DIG000448,communication,P00015,P00437,LOC0091,2026-08-23 17:09:00,0.99,DIG000448,ਸੰਪਰਕ ਕੀਤਾ,,,
EVT_DIG000449,meeting,P00557,P00198,LOC0103,2026-02-03 06:00:00,0.99,DIG000449,ಭೇಟಿಯಾದರು,,,
EVT_DIG000450,movement,P00240,P00969,LOC0122,2026-04-01 09:03:00,0.99,DIG000450,સ્થાન શેર કર્યું,,,
EVT_DIG000451,transfer,P00411,P00927,LOC0177,2026-06-11 00:51:00,0.99,DIG000451,ਪੈਸੇ ਭੇਜੇ,,,
EVT_DIG000452,communication,P00894,P00751,LOC0035,2026-03-06 07:01:00,0.99,DIG000452,contacted,,,
EVT_DIG000453,meeting,P00878,P00886,LOC0061,2026-04-18 02:33:00,0.99,DIG000453,भेट दिली,,,
EVT_DIG000454,movement,P00534,P00976,LOC0081,2026-03-10 02:01:00,0.99,DIG000454,ಸ್ಥಳ ಹಂಚಿಕೊಂಡರು,,,
EVT_DIG000455,meeting,P00358,P00112,LOC0045,2026-07-21 14:14:00,0.99,DIG000455,కలిశారు,,,
EVT_DIG000456,communication,P00093,P00280,LOC0004,2026-03-27 14:47:00,0.99,DIG000456,sent a message to,,,
EVT_DIG000457,meeting,P00365,P00634,LOC0045,2026-05-11 04:47:00,0.99,DIG000457,भेटला,,,
EVT_DIG000458,communication,P00741,P00910,LOC0132,2026-01-06 01:50:00,0.99,DIG000458,ਸੁਨੇਹਾ ਭੇਜਿਆ,,,
EVT_DIG000459,meeting,P00786,P00365,LOC0028,2026-05-26 23:14:00,0.99,DIG000459,visited,,,
EVT_DIG000460,meeting,P00238,P00471,LOC0103,2026-05-09 14:48:00,0.99,DIG000460,পরিদর্শন করেছে,,,
EVT_DIG000461,transfer,P00444,P00007,LOC0009,2026-07-26 15:29:00,0.99,DIG000461,ਪੈਸੇ ਭੇਜੇ,,,
EVT_DIG000462,transfer,P00979,P00672,LOC0116,2026-06-24 16:43:00,0.99,DIG000462,പണം അയച്ചു,,,
EVT_DIG000463,communication,P00944,P00292,LOC0141,2026-03-17 02:17:00,0.99,DIG000463,বার্তা পাঠিয়েছে,,,
EVT_DIG000464,transfer,P00147,P00532,LOC0064,2026-06-02 00:32:00,0.99,DIG000464,പണം അയച്ചു,,,
EVT_DIG000465,movement,P00732,P00143,LOC0098,2026-04-30 09:08:00,0.99,DIG000465,સ્થાન શેર કર્યું,,,
EVT_DIG000466,communication,P00661,P00830,LOC0046,2026-02-17 06:14:00,0.99,DIG000466,संपर्क केला,,,
EVT_DIG000467,meeting,P00814,P00373,LOC0108,2026-06-05 01:37:00,0.99,DIG000467,കണ്ടുമുട്ടി,,,
EVT_DIG000468,movement,P00550,P00175,LOC0083,2026-07-11 23:52:00,0.99,DIG000468,स्थान साझा किया,,,
EVT_DIG000469,movement,P00864,P00528,LOC0074,2026-05-20 10:17:00,0.99,DIG000469,സ്ഥലം പങ്കിട്ടു,,,
EVT_DIG000470,meeting,P00259,P00063,LOC0141,2026-05-15 07:17:00,0.99,DIG000470,சென்றார்,,,
EVT_DIG000471,meeting,P00736,P00778,LOC0061,2026-02-13 01:04:00,0.99,DIG000471,दौरा किया,,,
EVT_DIG000472,communication,P00409,P00538,LOC0039,2026-03-14 20:16:00,0.99,DIG000472,ફોન કર્યો,,,
EVT_DIG000473,transfer,P00506,P00967,LOC0041,2026-05-09 08:58:00,0.99,DIG000473,transferred funds to,,,
EVT_DIG000474,meeting,P00300,P00030,LOC0096,2026-01-29 11:50:00,0.99,DIG000474,ਮੁਲਾਕਾਤ ਕੀਤੀ,,,
EVT_DIG000475,vehicle_use,P00568,P00623,LOC0039,2026-02-09 10:35:00,0.99,DIG000475,used a vehicle,,,
EVT_DIG000476,transfer,P00595,P00372,LOC0028,2026-02-13 13:02:00,0.99,DIG000476,पैसे पाठवले,,,
EVT_DIG000477,communication,P00053,P00779,LOC0051,2026-06-08 08:29:00,0.99,DIG000477,સંપર્ક કર્યો,,,
EVT_DIG000478,meeting,P00948,P00341,LOC0033,2026-08-12 15:59:00,0.99,DIG000478,சந்தித்தார்,,,
EVT_DIG000479,transfer,P00845,P00448,LOC0179,2026-02-10 12:28:00,0.99,DIG000479,డబ్బు పంపారు,,,
EVT_DIG000480,communication,P00314,P00480,LOC0085,2026-08-02 00:57:00,0.99,DIG000480,தொடர்பு கொண்டார்,,,
EVT_DIG000481,meeting,P00940,P00421,LOC0047,2026-02-08 15:46:00,0.99,DIG000481,ಭೇಟಿ ನೀಡಿದರು,,,
EVT_DIG000482,communication,P00918,P00534,LOC0154,2026-01-28 05:41:00,0.99,DIG000482,సంప్రదించారు,,,
EVT_DIG000483,meeting,P00501,P00248,LOC0041,2026-07-15 20:33:00,0.99,DIG000483,കണ്ടുമുട്ടി,,,
EVT_DIG000484,communication,P00002,P00708,LOC0085,2026-01-29 14:22:00,0.99,DIG000484,ಸಂದೇಶ ಕಳುಹಿಸಿದರು,,,
EVT_DIG000485,transfer,P00152,P00903,LOC0081,2026-02-02 19:01:00,0.99,DIG000485,টাকা পাঠিয়েছে,,,
EVT_DIG000486,meeting,P00933,P00393,LOC0157,2026-08-16 03:27:00,0.99,DIG000486,కలిశారు,,,
EVT_DIG000487,meeting,P00053,P00011,LOC0072,2026-04-20 19:38:00,0.99,DIG000487,भेट दिली,,,
EVT_DIG000488,transfer,P00384,P00345,LOC0067,2026-05-03 01:31:00,0.99,DIG000488,નાણાં મોકલ્યાં,,,
EVT_DIG000489,communication,P00075,P00935,LOC0030,2026-04-05 11:24:00,0.99,DIG000489,ఫోన్ చేశారు,,,
EVT_DIG000490,communication,P00361,P00571,LOC0001,2026-07-28 04:35:00,0.99,DIG000490,સંદેશ મોકલ્યો,,,
EVT_DIG000491,transfer,P00769,P00172,LOC0047,2026-04-25 14:06:00,0.99,DIG000491,ਪੈਸੇ ਭੇਜੇ,,,
EVT_DIG000492,meeting,P00399,P00162,LOC0083,2026-03-15 20:49:00,0.99,DIG000492,కలిశారు,,,
EVT_DIG000493,meeting,P00675,P00483,LOC0040,2026-04-04 17:49:00,0.99,DIG000493,भेट दिली,,,
EVT_DIG000494,meeting,P00129,P00549,LOC0016,2026-02-20 04:31:00,0.99,DIG000494,ਮੁਲਾਕਾਤ ਕੀਤੀ,,,
EVT_DIG000495,meeting,P00312,P00183,LOC0109,2026-04-12 08:13:00,0.99,DIG000495,കണ്ടുമുട്ടി,,,
EVT_DIG000496,communication,P00967,P00422,LOC0024,2026-07-11 11:13:00,0.99,DIG000496,தொடர்பு கொண்டார்,,,
EVT_DIG000497,meeting,P00132,P00456,LOC0029,2026-04-28 07:18:00,0.99,DIG000497,मिला,,,
EVT_DIG000498,meeting,P00657,P00359,LOC0089,2026-01-06 10:28:00,0.99,DIG000498,મળ્યા,,,
EVT_DIG000499,meeting,P00969,P00041,LOC0019,2026-01-13 21:05:00,0.99,DIG000499,ਮਿਲਿਆ,,,
EVT_DIG000500,movement,P00535,P00201,LOC0067,2026-05-29 15:14:00,0.99,DIG000500,સ્થાન શેર કર્યું,,,
EVT_DIG000501,communication,P00968,P00830,LOC0040,2026-02-02 09:51:00,0.99,DIG000501,ఫోన్ చేశారు,,,
EVT_DIG000502,communication,P00365,P00328,LOC0035,2026-07-28 08:39:00,0.99,DIG000502,رابطہ کیا,,,
EVT_DIG000503,vehicle_use,P00158,P00171,LOC0081,2026-07-20 11:29:00,0.99,DIG000503,used a vehicle,,,
EVT_DIG000504,transfer,P00693,P00456,LOC0171,2026-04-17 02:11:00,0.99,DIG000504,ਪੈਸੇ ਭੇਜੇ,,,
EVT_DIG000505,transfer,P00053,P00623,LOC0009,2026-01-08 13:02:00,0.99,DIG000505,డబ్బు పంపారు,,,
EVT_DIG000506,meeting,P00150,P00539,LOC0180,2026-02-15 00:10:00,0.99,DIG000506,ಭೇಟಿ ನೀಡಿದರು,,,
EVT_DIG000507,communication,P00432,P00136,LOC0050,2026-06-26 21:32:00,0.99,DIG000507,contacted,,,
EVT_DIG000508,transfer,P00967,P00694,LOC0156,2026-04-19 10:35:00,0.99,DIG000508,ಹಣ ಕಳುಹಿಸಿದರು,,,
EVT_DIG000509,vehicle_use,P00795,P00110,LOC0119,2026-01-22 22:46:00,0.99,DIG000509,वाहन का उपयोग किया,,,
EVT_DIG000510,communication,P00566,P00229,LOC0094,2026-02-20 10:52:00,0.99,DIG000510,സന്ദേശം അയച്ചു,,,
EVT_DIG000511,movement,P00580,P00845,LOC0005,2026-04-19 12:52:00,0.99,DIG000511,shared a location with,,,
EVT_DIG000512,meeting,P00748,P00714,LOC0162,2026-04-07 17:51:00,0.99,DIG000512,পরিদর্শন করেছে,,,
EVT_DIG000513,meeting,P00564,P00525,LOC0088,2026-07-31 03:12:00,0.99,DIG000513,వెళ్లారు,,,
EVT_DIG000514,communication,P00393,P00778,LOC0051,2026-05-24 23:57:00,0.99,DIG000514,செய்தி அனுப்பினார்,,,
EVT_DIG000515,meeting,P00706,P00785,LOC0163,2026-08-12 06:55:00,0.99,DIG000515,দেখা করেছে,,,
EVT_DIG000516,movement,P00299,P00106,LOC0071,2026-06-08 12:15:00,0.99,DIG000516,இடத்தை பகிர்ந்தார்,,,
EVT_DIG000517,vehicle_use,P00283,P00181,LOC0167,2026-05-21 08:37:00,0.99,DIG000517,used a vehicle,,,
EVT_DIG000518,meeting,P00505,P00740,LOC0154,2026-05-29 23:14:00,0.99,DIG000518,भेट दिली,,,
EVT_DIG000519,meeting,P00781,P00235,LOC0130,2026-08-03 13:05:00,0.99,DIG000519,دورہ کیا,,,
EVT_DIG000520,transfer,P00781,P00110,LOC0050,2026-05-10 10:03:00,0.99,DIG000520,টাকা পাঠিয়েছে,,,
EVT_DIG000521,meeting,P00869,P00954,LOC0058,2026-04-09 17:02:00,0.99,DIG000521,சென்றார்,,,
EVT_DIG000522,movement,P00521,P00344,LOC0144,2026-01-27 05:13:00,0.99,DIG000522,இடத்தை பகிர்ந்தார்,,,
EVT_DIG000523,meeting,P00241,P00936,LOC0014,2026-08-23 02:29:00,0.99,DIG000523,சென்றார்,,,
EVT_DIG000524,communication,P00213,P00359,LOC0050,2026-04-15 21:36:00,0.99,DIG000524,ਫੋਨ ਕੀਤਾ,,,
EVT_DIG000525,movement,P00782,P00956,LOC0067,2026-08-28 18:41:00,0.99,DIG000525,സ്ഥലം പങ്കിട്ടു,,,
EVT_DIG000526,meeting,P00529,P00535,LOC0059,2026-02-17 17:31:00,0.99,DIG000526,भेट दिली,,,
EVT_DIG000527,communication,P00149,P00889,LOC0023,2026-08-06 03:00:00,0.99,DIG000527,ಸಂದೇಶ ಕಳುಹಿಸಿದರು,,,
EVT_DIG000528,meeting,P00300,P00486,LOC0030,2026-05-13 21:55:00,0.99,DIG000528,சந்தித்தார்,,,
EVT_DIG000529,communication,P00342,P00666,LOC0105,2026-03-02 06:18:00,0.99,DIG000529,संपर्क किया,,,
EVT_DIG000530,meeting,P00224,P00335,LOC0044,2026-01-09 11:48:00,0.99,DIG000530,சென்றார்,,,
EVT_DIG000531,communication,P00662,P00369,LOC0131,2026-04-16 11:16:00,0.99,DIG000531,संपर्क किया,,,
EVT_DIG000532,transfer,P00455,P00184,LOC0039,2026-07-27 14:20:00,0.99,DIG000532,টাকা পাঠিয়েছে,,,
EVT_DIG000533,communication,P00731,P00739,LOC0046,2026-05-30 17:56:00,0.99,DIG000533,called,,,
EVT_DIG000534,communication,P00376,P00914,LOC0114,2026-02-21 01:32:00,0.99,DIG000534,அழைத்தார்,,,
EVT_DIG000535,transfer,P00155,P00520,LOC0149,2026-08-02 14:32:00,0.99,DIG000535,പണം അയച്ചു,,,
EVT_DIG000536,communication,P00808,P00960,LOC0119,2026-02-03 22:08:00,0.99,DIG000536,contacted,,,
EVT_DIG000537,movement,P00933,P00478,LOC0172,2026-02-04 02:28:00,0.99,DIG000537,مقام شیئر کیا,,,
EVT_DIG000538,movement,P00710,P00457,LOC0051,2026-08-07 06:30:00,0.99,DIG000538,ਸਥਾਨ ਸਾਂਝਾ ਕੀਤਾ,,,
EVT_DIG000539,transfer,P00255,P00474,LOC0122,2026-03-22 00:47:00,0.99,DIG000539,പണം അയച്ചു,,,
EVT_DIG000540,transfer,P00057,P00582,LOC0002,2026-06-25 15:14:00,0.99,DIG000540,धन भेजा,,,
EVT_DIG000541,communication,P00060,P00883,LOC0139,2026-01-30 13:16:00,0.99,DIG000541,સંપર્ક કર્યો,,,
EVT_DIG000542,communication,P00186,P00321,LOC0074,2026-04-13 01:49:00,0.99,DIG000542,ಸಂಪರ್ಕಿಸಿದರು,,,
EVT_DIG000543,communication,P01000,P00410,LOC0052,2026-06-10 23:14:00,0.99,DIG000543,ਫੋਨ ਕੀਤਾ,,,
EVT_DIG000544,communication,P00739,P00036,LOC0141,2026-07-25 22:36:00,0.99,DIG000544,फोन केला,,,
EVT_DIG000545,meeting,P00459,P00081,LOC0098,2026-04-05 12:01:00,0.99,DIG000545,मिला,,,
EVT_DIG000546,meeting,P00288,P00276,LOC0065,2026-06-13 19:42:00,0.99,DIG000546,சென்றார்,,,
EVT_DIG000547,transfer,P00793,P00597,LOC0130,2026-04-11 08:39:00,0.99,DIG000547,பணம் அனுப்பினார்,,,
EVT_DIG000548,meeting,P00014,P00501,LOC0111,2026-03-20 13:25:00,0.99,DIG000548,ملاقات کی,,,
EVT_DIG000549,communication,P00643,P00942,LOC0020,2026-06-06 12:09:00,0.99,DIG000549,ফোন করেছে,,,
EVT_DIG000550,communication,P00910,P00117,LOC0024,2026-08-09 09:04:00,0.99,DIG000550,যোগাযোগ করেছে,,,
EVT_DIG000551,communication,P00480,P00666,LOC0143,2026-02-11 04:43:00,0.99,DIG000551,বার্তা পাঠিয়েছে,,,
EVT_DIG000552,communication,P00153,P00075,LOC0003,2026-07-11 21:28:00,0.99,DIG000552,செய்தி அனுப்பினார்,,,
EVT_DIG000553,communication,P00961,P00996,LOC0168,2026-04-15 19:43:00,0.99,DIG000553,ബന്ധപ്പെട്ടു,,,
EVT_DIG000554,communication,P00785,P00021,LOC0001,2026-01-11 12:48:00,0.99,DIG000554,যোগাযোগ করেছে,,,
EVT_DIG000555,transfer,P00861,P00622,LOC0095,2026-04-14 07:02:00,0.99,DIG000555,पैसे पाठवले,,,
EVT_DIG000556,meeting,P00403,P00881,LOC0020,2026-02-02 03:54:00,0.99,DIG000556,મુલાકાત લીધી,,,
EVT_DIG000557,communication,P00054,P00398,LOC0177,2026-03-04 00:48:00,0.99,DIG000557,ಸಂದೇಶ ಕಳುಹಿಸಿದರು,,,
EVT_DIG000558,communication,P00912,P00094,LOC0076,2026-02-02 21:25:00,0.99,DIG000558,సంప్రదించారు,,,
EVT_DIG000559,communication,P00004,P00281,LOC0052,2026-07-11 18:42:00,0.99,DIG000559,বার্তা পাঠিয়েছে,,,
EVT_DIG000560,communication,P00482,P00344,LOC0154,2026-01-29 19:14:00,0.99,DIG000560,फोन किया,,,
EVT_DIG000561,meeting,P00875,P00847,LOC0142,2026-02-09 02:05:00,0.99,DIG000561,சந்தித்தார்,,,
EVT_DIG000562,meeting,P00653,P00405,LOC0041,2026-07-29 03:03:00,0.99,DIG000562,ਮੁਲਾਕਾਤ ਕੀਤੀ,,,
EVT_DIG000563,communication,P00021,P00826,LOC0106,2026-06-10 08:01:00,0.99,DIG000563,ফোন করেছে,,,
EVT_DIG000564,vehicle_use,P00195,P00467,LOC0046,2026-01-16 10:51:00,0.99,DIG000564,used a vehicle,,,
EVT_DIG000565,meeting,P00838,P00538,LOC0180,2026-05-19 19:25:00,0.99,DIG000565,મુલાકાત લીધી,,,
EVT_DIG000566,communication,P00238,P00020,LOC0014,2026-05-20 22:23:00,0.99,DIG000566,સંદેશ મોકલ્યો,,,
EVT_DIG000567,meeting,P00253,P00571,LOC0116,2026-02-26 10:10:00,0.99,DIG000567,சந்தித்தார்,,,
EVT_DIG000568,communication,P00125,P00153,LOC0145,2026-02-06 22:55:00,0.99,DIG000568,ಸಂಪರ್ಕಿಸಿದರು,,,
EVT_DIG000569,communication,P00353,P00480,LOC0085,2026-02-07 08:59:00,0.99,DIG000569,ਫੋਨ ਕੀਤਾ,,,
EVT_DIG000570,communication,P00269,P00851,LOC0136,2026-03-23 23:59:00,0.99,DIG000570,ಕರೆ ಮಾಡಿದರು,,,
EVT_DIG000571,movement,P00170,P00558,LOC0122,2026-03-03 07:29:00,0.99,DIG000571,shared a location with,,,
EVT_DIG000572,communication,P00628,P00165,LOC0007,2026-01-23 08:42:00,0.99,DIG000572,ફોન કર્યો,,,
EVT_DIG000573,communication,P00676,P00804,LOC0143,2026-04-10 22:31:00,0.99,DIG000573,ਸੁਨੇਹਾ ਭੇਜਿਆ,,,
EVT_DIG000574,meeting,P00708,P00534,LOC0145,2026-07-06 13:37:00,0.99,DIG000574,મુલાકાત લીધી,,,
EVT_DIG000575,communication,P00059,P00230,LOC0148,2026-04-19 11:55:00,0.99,DIG000575,செய்தி அனுப்பினார்,,,
EVT_DIG000576,communication,P00915,P00860,LOC0011,2026-07-02 05:46:00,0.99,DIG000576,ফোন করেছে,,,
EVT_DIG000577,communication,P00825,P00627,LOC0004,2026-08-17 02:15:00,0.99,DIG000577,ਸੰਪਰਕ ਕੀਤਾ,,,
EVT_DIG000578,communication,P00424,P00855,LOC0136,2026-03-28 12:18:00,0.99,DIG000578,संदेश भेजा,,,
EVT_DIG000579,meeting,P00575,P00880,LOC0147,2026-07-22 22:09:00,0.99,DIG000579,వెళ్లారు,,,
EVT_DIG000580,communication,P00691,P00044,LOC0030,2026-08-17 12:51:00,0.99,DIG000580,ਸੰਪਰਕ ਕੀਤਾ,,,
EVT_DIG000581,transfer,P00236,P00682,LOC0005,2026-07-19 14:25:00,0.99,DIG000581,ਪੈਸੇ ਭੇਜੇ,,,
EVT_DIG000582,meeting,P00803,P00875,LOC0047,2026-01-02 21:58:00,0.99,DIG000582,சென்றார்,,,
EVT_DIG000583,movement,P00159,P00804,LOC0079,2026-01-21 14:05:00,0.99,DIG000583,shared a location with,,,
EVT_DIG000584,transfer,P00698,P00853,LOC0158,2026-05-04 08:01:00,0.99,DIG000584,पैसे पाठवले,,,
EVT_DIG000585,movement,P00540,P00712,LOC0104,2026-08-29 10:39:00,0.99,DIG000585,સ્થાન શેર કર્યું,,,
EVT_DIG000586,communication,P00840,P00647,LOC0045,2026-04-02 06:24:00,0.99,DIG000586,செய்தி அனுப்பினார்,,,
EVT_DIG000587,communication,P00535,P00832,LOC0027,2026-01-06 04:46:00,0.99,DIG000587,ফোন করেছে,,,
EVT_DIG000588,movement,P00911,P00316,LOC0157,2026-06-20 04:16:00,0.99,DIG000588,स्थान साझा किया,,,
EVT_DIG000589,transfer,P00485,P00877,LOC0179,2026-08-22 05:09:00,0.99,DIG000589,பணம் அனுப்பினார்,,,
EVT_DIG000590,meeting,P00619,P00184,LOC0103,2026-04-23 14:06:00,0.99,DIG000590,സന്ദർശിച്ചു,,,
EVT_DIG000591,communication,P00972,P00414,LOC0062,2026-01-21 08:27:00,0.99,DIG000591,સંદેશ મોકલ્યો,,,
EVT_DIG000592,transfer,P00040,P00640,LOC0013,2026-07-27 23:47:00,0.99,DIG000592,টাকা পাঠিয়েছে,,,
EVT_DIG000593,movement,P00356,P00360,LOC0063,2026-07-25 05:44:00,0.99,DIG000593,ठिकाण शेअर केले,,,
EVT_DIG000594,communication,P00565,P00557,LOC0025,2026-04-30 11:48:00,0.99,DIG000594,پیغام بھیجا,,,
EVT_DIG000595,communication,P00650,P00911,LOC0150,2026-07-25 08:53:00,0.99,DIG000595,വിളിച്ചു,,,
EVT_DIG000596,transfer,P00446,P00730,LOC0019,2026-05-16 02:37:00,0.99,DIG000596,पैसे पाठवले,,,
EVT_DIG000597,communication,P00093,P00155,LOC0093,2026-06-28 16:27:00,0.99,DIG000597,فون کیا,,,
EVT_DIG000598,communication,P00843,P00886,LOC0055,2026-04-27 07:57:00,0.99,DIG000598,വിളിച്ചു,,,
EVT_DIG000599,meeting,P00090,P00804,LOC0091,2026-02-24 16:00:00,0.99,DIG000599,వెళ్లారు,,,
EVT_DIG000600,communication,P00248,P00131,LOC0077,2026-04-13 07:37:00,0.99,DIG000600,contacted,,,
EVT_DIG000601,meeting,P00667,P00094,LOC0123,2026-08-17 08:10:00,0.99,DIG000601,ਮਿਲਿਆ,,,
EVT_DIG000602,communication,P00307,P00993,LOC0054,2026-03-29 20:34:00,0.99,DIG000602,ફોન કર્યો,,,
EVT_DIG000603,movement,P00356,P00999,LOC0078,2026-06-09 17:03:00,0.99,DIG000603,స్థానం పంచుకున్నారు,,,
EVT_DIG000604,meeting,P00668,P00266,LOC0052,2026-05-20 18:30:00,0.99,DIG000604,দেখা করেছে,,,
EVT_DIG000605,communication,P00143,P00767,LOC0140,2026-08-09 03:12:00,0.99,DIG000605,செய்தி அனுப்பினார்,,,
EVT_DIG000606,meeting,P00226,P00335,LOC0105,2026-06-23 00:16:00,0.99,DIG000606,visited,,,
EVT_DIG000607,communication,P00478,P00447,LOC0156,2026-02-23 22:38:00,0.99,DIG000607,پیغام بھیجا,,,
EVT_DIG000608,meeting,P00029,P00413,LOC0093,2026-08-10 06:01:00,0.99,DIG000608,met,,,
EVT_DIG000609,movement,P00762,P00790,LOC0096,2026-02-23 00:17:00,0.99,DIG000609,ಸ್ಥಳ ಹಂಚಿಕೊಂಡರು,,,
EVT_DIG000610,transfer,P00924,P00033,LOC0111,2026-03-08 09:40:00,0.99,DIG000610,पैसे पाठवले,,,
EVT_DIG000611,meeting,P00974,P00764,LOC0143,2026-03-19 05:51:00,0.99,DIG000611,পরিদর্শন করেছে,,,
EVT_DIG000612,communication,P00703,P00079,LOC0166,2026-07-03 07:41:00,0.99,DIG000612,ಸಂದೇಶ ಕಳುಹಿಸಿದರು,,,
EVT_DIG000613,communication,P00469,P00460,LOC0070,2026-03-03 12:07:00,0.99,DIG000613,செய்தி அனுப்பினார்,,,
EVT_DIG000614,communication,P00155,P00592,LOC0141,2026-03-28 00:50:00,0.99,DIG000614,સંદેશ મોકલ્યો,,,
EVT_DIG000615,communication,P00645,P00874,LOC0086,2026-06-17 08:34:00,0.99,DIG000615,संपर्क किया,,,
EVT_DIG000616,meeting,P00468,P00742,LOC0139,2026-03-14 21:48:00,0.99,DIG000616,ملاقات کی,,,
EVT_DIG000617,vehicle_use,P00833,P00570,LOC0136,2026-05-24 19:32:00,0.99,DIG000617,वाहन का उपयोग किया,,,
EVT_DIG000618,communication,P00022,P00610,LOC0102,2026-05-27 20:35:00,0.99,DIG000618,ફોન કર્યો,,,
EVT_DIG000619,communication,P00675,P00061,LOC0091,2026-05-07 21:36:00,0.99,DIG000619,संपर्क केला,,,
EVT_DIG000620,communication,P00855,P00907,LOC0178,2026-03-31 09:26:00,0.99,DIG000620,যোগাযোগ করেছে,,,
EVT_DIG000621,communication,P00578,P00113,LOC0143,2026-05-14 22:40:00,0.99,DIG000621,ફોન કર્યો,,,
EVT_DIG000622,movement,P00033,P00766,LOC0033,2026-03-30 19:00:00,0.99,DIG000622,ठिकाण शेअर केले,,,
EVT_DIG000623,movement,P00608,P00286,LOC0151,2026-06-18 23:52:00,0.99,DIG000623,ಸ್ಥಳ ಹಂಚಿಕೊಂಡರು,,,
EVT_DIG000624,transfer,P00884,P00151,LOC0070,2026-06-24 08:08:00,0.99,DIG000624,धन भेजा,,,
EVT_DIG000625,meeting,P00546,P00710,LOC0160,2026-07-31 09:58:00,0.99,DIG000625,visited,,,
EVT_DIG000626,movement,P00117,P00086,LOC0141,2026-03-18 01:34:00,0.99,DIG000626,ਸਥਾਨ ਸਾਂਝਾ ਕੀਤਾ,,,
EVT_DIG000627,communication,P00053,P00481,LOC0002,2026-05-11 14:39:00,0.99,DIG000627,വിളിച്ചു,,,
EVT_DIG000628,transfer,P00777,P00917,LOC0003,2026-03-14 17:53:00,0.99,DIG000628,টাকা পাঠিয়েছে,,,
EVT_DIG000629,movement,P00928,P00407,LOC0006,2026-05-13 03:52:00,0.99,DIG000629,ಸ್ಥಳ ಹಂಚಿಕೊಂಡರು,,,
EVT_DIG000630,communication,P00668,P00051,LOC0070,2026-02-01 10:24:00,0.99,DIG000630,సందేశం పంపారు,,,
EVT_DIG000631,communication,P00065,P00461,LOC0127,2026-04-01 11:05:00,0.99,DIG000631,સંદેશ મોકલ્યો,,,
EVT_DIG000632,meeting,P00418,P00366,LOC0012,2026-03-05 05:30:00,0.99,DIG000632,ملاقات کی,,,
EVT_DIG000633,communication,P00496,P00426,LOC0133,2026-06-02 12:44:00,0.99,DIG000633,संपर्क केला,,,
EVT_DIG000634,movement,P00157,P00099,LOC0170,2026-04-08 08:15:00,0.99,DIG000634,مقام شیئر کیا,,,
EVT_DIG000635,meeting,P00045,P00726,LOC0175,2026-05-13 03:08:00,0.99,DIG000635,சந்தித்தார்,,,
EVT_DIG000636,meeting,P00286,P00707,LOC0129,2026-04-02 14:32:00,0.99,DIG000636,পরিদর্শন করেছে,,,
EVT_DIG000637,meeting,P00986,P00938,LOC0060,2026-05-29 16:13:00,0.99,DIG000637,കണ്ടുമുട്ടി,,,
EVT_DIG000638,meeting,P00143,P00654,LOC0091,2026-07-06 22:30:00,0.99,DIG000638,મળ્યા,,,
EVT_DIG000639,movement,P00807,P00216,LOC0015,2026-02-26 23:54:00,0.99,DIG000639,સ્થાન શેર કર્યું,,,
EVT_DIG000640,communication,P00837,P00535,LOC0033,2026-03-26 03:02:00,0.99,DIG000640,ബന്ധപ്പെട്ടു,,,
EVT_DIG000641,transfer,P00814,P00067,LOC0096,2026-01-18 18:15:00,0.99,DIG000641,പണം അയച്ചു,,,
EVT_DIG000642,movement,P00390,P00082,LOC0035,2026-05-09 21:28:00,0.99,DIG000642,સ્થાન શેર કર્યું,,,
EVT_DIG000643,meeting,P00774,P00736,LOC0173,2026-07-26 19:00:00,0.99,DIG000643,ਮੁਲਾਕਾਤ ਕੀਤੀ,,,
EVT_DIG000644,communication,P00941,P00366,LOC0007,2026-06-19 08:35:00,0.99,DIG000644,फोन केला,,,
EVT_DIG000645,transfer,P00863,P00717,LOC0016,2026-06-07 00:54:00,0.99,DIG000645,رقم منتقل کی,,,
EVT_DIG000646,transfer,P00094,P00731,LOC0058,2026-01-05 22:23:00,0.99,DIG000646,धन भेजा,,,
EVT_DIG000647,transfer,P00992,P00623,LOC0179,2026-03-31 11:57:00,0.99,DIG000647,ਪੈਸੇ ਭੇਜੇ,,,
EVT_DIG000648,communication,P00620,P00323,LOC0050,2026-03-13 16:24:00,0.99,DIG000648,ਸੰਪਰਕ ਕੀਤਾ,,,
EVT_DIG000649,communication,P00106,P00063,LOC0046,2026-03-04 13:01:00,0.99,DIG000649,செய்தி அனுப்பினார்,,,
EVT_DIG000650,meeting,P00995,P00997,LOC0157,2026-03-08 22:04:00,0.99,DIG000650,കണ്ടുമുട്ടി,,,
EVT_DIG000651,movement,P00067,P00357,LOC0041,2026-08-09 17:02:00,0.99,DIG000651,స్థానం పంచుకున్నారు,,,
EVT_DIG000652,meeting,P00185,P00381,LOC0162,2026-01-23 10:40:00,0.99,DIG000652,भेटला,,,
EVT_DIG000653,communication,P00014,P00196,LOC0003,2026-08-06 12:23:00,0.99,DIG000653,contacted,,,
EVT_DIG000654,communication,P00858,P00716,LOC0135,2026-02-09 12:37:00,0.99,DIG000654,വിളിച്ചു,,,
EVT_DIG000655,communication,P00752,P00505,LOC0039,2026-08-24 18:55:00,0.99,DIG000655,پیغام بھیجا,,,
EVT_DIG000656,communication,P00559,P00450,LOC0075,2026-01-30 16:37:00,0.99,DIG000656,संपर्क केला,,,
EVT_DIG000657,communication,P00513,P00891,LOC0018,2026-02-19 10:51:00,0.99,DIG000657,sent a message to,,,
EVT_DIG000658,meeting,P00308,P00520,LOC0124,2026-08-01 19:17:00,0.99,DIG000658,ಭೇಟಿ ನೀಡಿದರು,,,
EVT_DIG000659,movement,P00933,P00403,LOC0163,2026-04-18 08:21:00,0.99,DIG000659,ठिकाण शेअर केले,,,
EVT_DIG000660,movement,P00019,P00978,LOC0068,2026-04-13 05:31:00,0.99,DIG000660,স্থান ভাগ করেছে,,,
EVT_DIG000661,communication,P00296,P00977,LOC0027,2026-06-18 06:14:00,0.99,DIG000661,ਸੰਪਰਕ ਕੀਤਾ,,,
EVT_DIG000662,communication,P00480,P00004,LOC0067,2026-07-05 12:14:00,0.99,DIG000662,فون کیا,,,
EVT_DIG000663,communication,P00898,P00160,LOC0093,2026-01-18 08:22:00,0.99,DIG000663,సంప్రదించారు,,,
EVT_DIG000664,communication,P00385,P00031,LOC0175,2026-04-28 11:53:00,0.99,DIG000664,ಕರೆ ಮಾಡಿದರು,,,
EVT_DIG000665,transfer,P00625,P00185,LOC0015,2026-08-15 11:10:00,0.99,DIG000665,ਪੈਸੇ ਭੇਜੇ,,,
EVT_DIG000666,transfer,P00293,P00861,LOC0180,2026-03-04 01:15:00,0.99,DIG000666,पैसे पाठवले,,,
EVT_DIG000667,movement,P00338,P00664,LOC0025,2026-03-20 08:08:00,0.99,DIG000667,സ്ഥലം പങ്കിട്ടു,,,
EVT_DIG000668,movement,P00864,P00831,LOC0014,2026-02-13 13:22:00,0.99,DIG000668,স্থান ভাগ করেছে,,,
EVT_DIG000669,meeting,P00532,P00891,LOC0058,2026-03-28 05:49:00,0.99,DIG000669,भेटला,,,
EVT_DIG000670,meeting,P00653,P00771,LOC0152,2026-08-10 16:55:00,0.99,DIG000670,കണ്ടുമുട്ടി,,,
EVT_DIG000671,communication,P00688,P00931,LOC0111,2026-07-12 20:15:00,0.99,DIG000671,فون کیا,,,
EVT_DIG000672,communication,P00538,P00393,LOC0058,2026-01-23 09:12:00,0.99,DIG000672,संपर्क किया,,,
EVT_DIG000673,communication,P00780,P00505,LOC0030,2026-05-17 10:57:00,0.99,DIG000673,फोन किया,,,
EVT_DIG000674,movement,P00006,P00930,LOC0070,2026-02-10 03:26:00,0.99,DIG000674,مقام شیئر کیا,,,
EVT_DIG000675,movement,P00012,P00176,LOC0057,2026-07-03 18:12:00,0.99,DIG000675,സ്ഥലം പങ്കിട്ടു,,,
EVT_DIG000676,transfer,P00735,P00827,LOC0136,2026-04-21 05:28:00,0.99,DIG000676,പണം അയച്ചു,,,
EVT_DIG000677,communication,P00770,P00183,LOC0040,2026-03-13 17:56:00,0.99,DIG000677,संपर्क किया,,,
EVT_DIG000678,meeting,P00463,P00161,LOC0077,2026-04-04 03:47:00,0.99,DIG000678,சந்தித்தார்,,,
EVT_DIG000679,communication,P00522,P00644,LOC0128,2026-08-12 21:48:00,0.99,DIG000679,ಸಂಪರ್ಕಿಸಿದರು,,,
EVT_DIG000680,transfer,P00031,P00849,LOC0180,2026-06-05 01:53:00,0.99,DIG000680,transferred funds to,,,
EVT_DIG000681,transfer,P00273,P00518,LOC0078,2026-02-07 15:36:00,0.99,DIG000681,નાણાં મોકલ્યાં,,,
EVT_DIG000682,movement,P00447,P00468,LOC0026,2026-02-02 07:56:00,0.99,DIG000682,સ્થાન શેર કર્યું,,,
EVT_DIG000683,meeting,P00098,P00424,LOC0047,2026-06-12 15:24:00,0.99,DIG000683,వెళ్లారు,,,
EVT_DIG000684,communication,P00339,P00832,LOC0051,2026-03-17 19:38:00,0.99,DIG000684,संपर्क केला,,,
EVT_DIG000685,communication,P00148,P00444,LOC0174,2026-05-27 16:26:00,0.99,DIG000685,संदेश पाठवला,,,
EVT_DIG000686,meeting,P00541,P00004,LOC0068,2026-01-08 15:17:00,0.99,DIG000686,دورہ کیا,,,
EVT_DIG000687,meeting,P00039,P00435,LOC0006,2026-03-16 08:18:00,0.99,DIG000687,ಭೇಟಿಯಾದರು,,,
EVT_DIG000688,communication,P00954,P00176,LOC0034,2026-05-11 02:26:00,0.99,DIG000688,संपर्क केला,,,
EVT_DIG000689,communication,P00682,P00554,LOC0014,2026-02-18 11:06:00,0.99,DIG000689,సందేశం పంపారు,,,
EVT_DIG000690,meeting,P00234,P00751,LOC0093,2026-04-12 06:24:00,0.99,DIG000690,சென்றார்,,,
EVT_DIG000691,movement,P00748,P00038,LOC0017,2026-01-17 01:30:00,0.99,DIG000691,స్థానం పంచుకున్నారు,,,
EVT_DIG000692,meeting,P00590,P00347,LOC0086,2026-06-27 19:03:00,0.99,DIG000692,met,,,
EVT_DIG000693,meeting,P00033,P00244,LOC0041,2026-08-12 20:21:00,0.99,DIG000693,ಭೇಟಿಯಾದರು,,,
EVT_DIG000694,meeting,P00926,P00040,LOC0090,2026-04-21 19:40:00,0.99,DIG000694,دورہ کیا,,,
EVT_DIG000695,movement,P00207,P00829,LOC0149,2026-05-14 05:13:00,0.99,DIG000695,স্থান ভাগ করেছে,,,
EVT_DIG000696,vehicle_use,P00720,P00264,LOC0035,2026-02-26 00:10:00,0.99,DIG000696,used a vehicle,,,
EVT_DIG000697,communication,P00133,P00613,LOC0074,2026-07-24 20:19:00,0.99,DIG000697,ಸಂದೇಶ ಕಳುಹಿಸಿದರು,,,
EVT_DIG000698,communication,P00379,P00783,LOC0136,2026-07-02 08:11:00,0.99,DIG000698,फोन केला,,,
EVT_DIG000699,movement,P00858,P00089,LOC0144,2026-05-02 20:59:00,0.99,DIG000699,ठिकाण शेअर केले,,,
EVT_DIG000700,meeting,P00731,P00707,LOC0068,2026-02-13 13:12:00,0.99,DIG000700,சந்தித்தார்,,,
EVT_DIG000701,transfer,P00663,P00243,LOC0092,2026-05-16 10:07:00,0.99,DIG000701,धन भेजा,,,
EVT_DIG000702,communication,P00451,P00705,LOC0105,2026-04-09 12:48:00,0.99,DIG000702,sent a message to,,,
EVT_DIG000703,communication,P00539,P00187,LOC0034,2026-02-19 08:22:00,0.99,DIG000703,தொடர்பு கொண்டார்,,,
EVT_DIG000704,communication,P00645,P00755,LOC0055,2026-05-25 10:31:00,0.99,DIG000704,ಕರೆ ಮಾಡಿದರು,,,
EVT_DIG000705,movement,P00431,P00272,LOC0081,2026-06-01 10:15:00,0.99,DIG000705,స్థానం పంచుకున్నారు,,,
EVT_DIG000706,transfer,P00317,P00476,LOC0022,2026-07-13 19:32:00,0.99,DIG000706,টাকা পাঠিয়েছে,,,
EVT_DIG000707,communication,P00383,P00594,LOC0064,2026-06-06 16:05:00,0.99,DIG000707,ಸಂದೇಶ ಕಳುಹಿಸಿದರು,,,
EVT_DIG000708,transfer,P00926,P00517,LOC0022,2026-08-04 19:37:00,0.99,DIG000708,નાણાં મોકલ્યાં,,,
EVT_DIG000709,communication,P00262,P00501,LOC0109,2026-07-06 01:28:00,0.99,DIG000709,contacted,,,
EVT_DIG000710,movement,P00061,P00866,LOC0121,2026-02-13 21:15:00,0.99,DIG000710,இடத்தை பகிர்ந்தார்,,,
EVT_DIG000711,movement,P00421,P00161,LOC0141,2026-07-05 02:20:00,0.99,DIG000711,സ്ഥലം പങ്കിട്ടു,,,
EVT_DIG000712,communication,P00427,P00242,LOC0100,2026-03-05 10:16:00,0.99,DIG000712,संपर्क किया,,,
EVT_DIG000713,vehicle_use,P00184,P00498,LOC0160,2026-01-17 02:14:00,0.99,DIG000713,used a vehicle,,,
EVT_DIG000714,meeting,P00171,P00203,LOC0093,2026-07-23 09:58:00,0.99,DIG000714,ಭೇಟಿ ನೀಡಿದರು,,,
EVT_DIG000715,communication,P00663,P00448,LOC0148,2026-04-24 19:45:00,0.99,DIG000715,വിളിച്ചു,,,
EVT_DIG000716,meeting,P00421,P00990,LOC0179,2026-02-15 07:06:00,0.99,DIG000716,भेटला,,,
EVT_DIG000717,movement,P00627,P00038,LOC0015,2026-07-30 14:49:00,0.99,DIG000717,സ്ഥലം പങ്കിട്ടു,,,
EVT_DIG000718,vehicle_use,P00255,P00464,LOC0172,2026-05-18 20:45:00,0.99,DIG000718,used a vehicle,,,
EVT_DIG000719,communication,P00656,P00776,LOC0170,2026-01-20 13:00:00,0.99,DIG000719,വിളിച്ചു,,,
EVT_DIG000720,meeting,P00823,P00208,LOC0019,2026-06-24 08:12:00,0.99,DIG000720,મળ્યા,,,
EVT_DIG000721,communication,P00848,P00726,LOC0108,2026-06-27 12:09:00,0.99,DIG000721,సందేశం పంపారు,,,
EVT_DIG000722,meeting,P00841,P00797,LOC0128,2026-03-31 02:10:00,0.99,DIG000722,వెళ్లారు,,,
EVT_DIG000723,movement,P00431,P00676,LOC0089,2026-06-17 09:45:00,0.99,DIG000723,સ્થાન શેર કર્યું,,,
EVT_DIG000724,movement,P00257,P00687,LOC0081,2026-05-26 13:55:00,0.99,DIG000724,இடத்தை பகிர்ந்தார்,,,
EVT_DIG000725,meeting,P00755,P00290,LOC0043,2026-02-16 01:29:00,0.99,DIG000725,दौरा किया,,,
EVT_DIG000726,communication,P00782,P00253,LOC0008,2026-03-16 16:08:00,0.99,DIG000726,ਫੋਨ ਕੀਤਾ,,,
EVT_DIG000727,communication,P00497,P00520,LOC0144,2026-04-11 03:09:00,0.99,DIG000727,સંપર્ક કર્યો,,,
EVT_DIG000728,meeting,P00644,P00665,LOC0143,2026-03-06 06:56:00,0.99,DIG000728,পরিদর্শন করেছে,,,
EVT_DIG000729,communication,P00995,P00939,LOC0123,2026-07-23 10:07:00,0.99,DIG000729,فون کیا,,,
EVT_DIG000730,meeting,P00228,P00821,LOC0068,2026-05-15 05:45:00,0.99,DIG000730,मिला,,,
EVT_DIG000731,communication,P00507,P00714,LOC0073,2026-06-13 20:26:00,0.99,DIG000731,फोन केला,,,
EVT_DIG000732,meeting,P00793,P00178,LOC0058,2026-04-18 10:21:00,0.99,DIG000732,സന്ദർശിച്ചു,,,
EVT_DIG000733,movement,P00514,P00749,LOC0065,2026-04-05 10:07:00,0.99,DIG000733,مقام شیئر کیا,,,
EVT_DIG000734,communication,P00068,P00221,LOC0012,2026-07-16 17:43:00,0.99,DIG000734,ബന്ധപ്പെട്ടു,,,
EVT_DIG000735,communication,P00878,P00269,LOC0108,2026-04-28 10:10:00,0.99,DIG000735,پیغام بھیجا,,,
EVT_DIG000736,meeting,P00045,P00790,LOC0075,2026-07-07 01:53:00,0.99,DIG000736,পরিদর্শন করেছে,,,
EVT_DIG000737,communication,P00607,P00077,LOC0166,2026-06-12 03:53:00,0.99,DIG000737,సంప్రదించారు,,,
EVT_DIG000738,movement,P00372,P00322,LOC0029,2026-01-12 12:45:00,0.99,DIG000738,இடத்தை பகிர்ந்தார்,,,
EVT_DIG000739,transfer,P00265,P00888,LOC0128,2026-04-25 14:33:00,0.99,DIG000739,টাকা পাঠিয়েছে,,,
EVT_DIG000740,communication,P00356,P00262,LOC0139,2026-05-17 07:45:00,0.99,DIG000740,फोन केला,,,
EVT_DIG000741,movement,P00338,P00114,LOC0137,2026-05-08 02:22:00,0.99,DIG000741,ठिकाण शेअर केले,,,
EVT_DIG000742,meeting,P00838,P00289,LOC0024,2026-01-02 18:44:00,0.99,DIG000742,visited,,,
EVT_DIG000743,meeting,P00505,P00461,LOC0133,2026-04-05 12:18:00,0.99,DIG000743,मिला,,,
EVT_DIG000744,communication,P00265,P00544,LOC0002,2026-08-18 03:24:00,0.99,DIG000744,ਸੁਨੇਹਾ ਭੇਜਿਆ,,,
EVT_DIG000745,meeting,P00797,P00479,LOC0009,2026-07-17 01:06:00,0.99,DIG000745,కలిశారు,,,
EVT_DIG000746,communication,P00825,P00394,LOC0085,2026-06-23 17:54:00,0.99,DIG000746,contacted,,,
EVT_DIG000747,meeting,P00250,P00791,LOC0044,2026-02-11 13:06:00,0.99,DIG000747,دورہ کیا,,,
EVT_DIG000748,vehicle_use,P00810,P00965,LOC0160,2026-04-17 18:17:00,0.99,DIG000748,used a vehicle,,,
EVT_DIG000749,meeting,P00280,P00150,LOC0165,2026-05-02 19:14:00,0.99,DIG000749,ਮਿਲਿਆ,,,
EVT_DIG000750,meeting,P00119,P00230,LOC0056,2026-07-03 11:20:00,0.99,DIG000750,ਮੁਲਾਕਾਤ ਕੀਤੀ,,,
EVT_DIG000751,meeting,P00475,P00964,LOC0052,2026-01-15 09:48:00,0.99,DIG000751,met,,,
EVT_DIG000752,transfer,P00065,P00397,LOC0078,2026-02-08 11:14:00,0.99,DIG000752,transferred funds to,,,
EVT_DIG000753,communication,P00584,P00805,LOC0003,2026-08-03 14:41:00,0.99,DIG000753,संपर्क किया,,,
EVT_DIG000754,communication,P00695,P00294,LOC0173,2026-04-07 09:32:00,0.99,DIG000754,संदेश भेजा,,,
EVT_DIG000755,communication,P00594,P00194,LOC0134,2026-07-02 15:45:00,0.99,DIG000755,called,,,
EVT_DIG000756,communication,P00529,P00042,LOC0048,2026-04-21 03:05:00,0.99,DIG000756,संदेश भेजा,,,
EVT_DIG000757,communication,P00831,P00424,LOC0102,2026-06-03 13:10:00,0.99,DIG000757,संपर्क केला,,,
EVT_DIG000758,transfer,P00345,P00763,LOC0136,2026-05-09 23:33:00,0.99,DIG000758,డబ్బు పంపారు,,,
EVT_DIG000759,communication,P00522,P00782,LOC0035,2026-02-26 18:53:00,0.99,DIG000759,సందేశం పంపారు,,,
EVT_DIG000760,communication,P00773,P00642,LOC0095,2026-01-01 11:10:00,0.99,DIG000760,அழைத்தார்,,,
EVT_DIG000761,transfer,P00137,P00939,LOC0069,2026-05-26 04:34:00,0.99,DIG000761,નાણાં મોકલ્યાં,,,
EVT_DIG000762,meeting,P00778,P00286,LOC0121,2026-07-24 01:29:00,0.99,DIG000762,met,,,
EVT_DIG000763,communication,P00771,P00148,LOC0012,2026-02-20 23:01:00,0.99,DIG000763,ബന്ധപ്പെട്ടു,,,
EVT_DIG000764,meeting,P00130,P00133,LOC0070,2026-02-03 16:20:00,0.99,DIG000764,சந்தித்தார்,,,
EVT_DIG000765,communication,P00985,P00182,LOC0127,2026-06-03 14:10:00,0.99,DIG000765,ಸಂಪರ್ಕಿಸಿದರು,,,
EVT_DIG000766,movement,P00753,P00924,LOC0002,2026-08-09 02:34:00,0.99,DIG000766,ಸ್ಥಳ ಹಂಚಿಕೊಂಡರು,,,
EVT_DIG000767,meeting,P00891,P00961,LOC0166,2026-07-05 12:58:00,0.99,DIG000767,സന്ദർശിച്ചു,,,
EVT_DIG000768,communication,P00823,P00040,LOC0109,2026-01-05 21:12:00,0.99,DIG000768,அழைத்தார்,,,
EVT_DIG000769,transfer,P00920,P00302,LOC0003,2026-03-23 04:45:00,0.99,DIG000769,డబ్బు పంపారు,,,
EVT_DIG000770,communication,P00646,P00114,LOC0114,2026-05-08 23:40:00,0.99,DIG000770,ফোন করেছে,,,
EVT_DIG000771,communication,P00600,P00659,LOC0143,2026-05-25 14:58:00,0.99,DIG000771,फोन किया,,,
EVT_DIG000772,communication,P00598,P00575,LOC0097,2026-08-04 20:51:00,0.99,DIG000772,ফোন করেছে,,,
EVT_DIG000773,communication,P00047,P00304,LOC0164,2026-01-17 09:08:00,0.99,DIG000773,संदेश भेजा,,,
EVT_DIG000774,movement,P00447,P00441,LOC0116,2026-02-05 08:21:00,0.99,DIG000774,స్థానం పంచుకున్నారు,,,
EVT_DIG000775,communication,P00663,P00563,LOC0047,2026-05-22 21:35:00,0.99,DIG000775,ਸੁਨੇਹਾ ਭੇਜਿਆ,,,
EVT_DIG000776,meeting,P00630,P00207,LOC0130,2026-08-17 09:04:00,0.99,DIG000776,visited,,,
EVT_DIG000777,vehicle_use,P00431,P00012,LOC0116,2026-06-07 13:51:00,0.99,DIG000777,वाहन का उपयोग किया,,,
EVT_DIG000778,transfer,P00166,P00976,LOC0062,2026-02-16 22:44:00,0.99,DIG000778,धन भेजा,,,
EVT_DIG000779,communication,P00260,P00804,LOC0026,2026-01-21 19:02:00,0.99,DIG000779,ఫోన్ చేశారు,,,
EVT_DIG000780,movement,P00870,P00975,LOC0137,2026-05-04 19:36:00,0.99,DIG000780,ಸ್ಥಳ ಹಂಚಿಕೊಂಡರು,,,
EVT_DIG000781,meeting,P00052,P00369,LOC0152,2026-08-03 18:28:00,0.99,DIG000781,મળ્યા,,,
EVT_DIG000782,transfer,P00888,P00125,LOC0006,2026-01-19 15:26:00,0.99,DIG000782,धन भेजा,,,
EVT_DIG000783,communication,P00782,P00417,LOC0036,2026-04-24 07:34:00,0.99,DIG000783,அழைத்தார்,,,
EVT_DIG000784,meeting,P00010,P00631,LOC0057,2026-04-27 14:32:00,0.99,DIG000784,కలిశారు,,,
EVT_DIG000785,communication,P00181,P00924,LOC0154,2026-08-28 17:24:00,0.99,DIG000785,ബന്ധപ്പെട്ടു,,,
EVT_DIG000786,meeting,P00597,P00942,LOC0023,2026-05-01 02:25:00,0.99,DIG000786,visited,,,
EVT_DIG000787,transfer,P00122,P00612,LOC0095,2026-05-22 06:33:00,0.99,DIG000787,નાણાં મોકલ્યાં,,,
EVT_DIG000788,meeting,P00645,P00979,LOC0166,2026-02-25 11:36:00,0.99,DIG000788,મુલાકાત લીધી,,,
EVT_DIG000789,communication,P00046,P00328,LOC0044,2026-06-01 23:16:00,0.99,DIG000789,ফোন করেছে,,,
EVT_DIG000790,communication,P00659,P00134,LOC0036,2026-04-22 15:06:00,0.99,DIG000790,ਫੋਨ ਕੀਤਾ,,,
EVT_DIG000791,transfer,P00571,P00599,LOC0126,2026-08-03 01:17:00,0.99,DIG000791,డబ్బు పంపారు,,,
EVT_DIG000792,communication,P00010,P00300,LOC0108,2026-08-20 19:23:00,0.99,DIG000792,संदेश पाठवला,,,
EVT_DIG000793,transfer,P00132,P00593,LOC0065,2026-03-12 14:12:00,0.99,DIG000793,નાણાં મોકલ્યાં,,,
EVT_DIG000794,movement,P00468,P00126,LOC0142,2026-04-22 11:17:00,0.99,DIG000794,स्थान साझा किया,,,
EVT_DIG000795,meeting,P00439,P00317,LOC0152,2026-04-01 17:03:00,0.99,DIG000795,دورہ کیا,,,
EVT_DIG000796,communication,P00666,P00356,LOC0046,2026-08-02 01:55:00,0.99,DIG000796,contacted,,,
EVT_DIG000797,communication,P00456,P00042,LOC0031,2026-07-15 06:05:00,0.99,DIG000797,സന്ദേശം അയച്ചു,,,
EVT_DIG000798,vehicle_use,P00755,P00710,LOC0108,2026-07-10 17:55:00,0.99,DIG000798,वाहन का उपयोग किया,,,
EVT_DIG000799,movement,P00797,P00418,LOC0034,2026-06-06 11:24:00,0.99,DIG000799,ठिकाण शेअर केले,,,
EVT_DIG000800,meeting,P00179,P00125,LOC0054,2026-02-11 00:18:00,0.99,DIG000800,ملاقات کی,,,
EVT_DIG000801,communication,P00086,P00146,LOC0135,2026-05-14 00:08:00,0.99,DIG000801,ബന്ധപ്പെട്ടു,,,
EVT_DIG000802,movement,P00850,P00979,LOC0070,2026-02-06 21:57:00,0.99,DIG000802,స్థానం పంచుకున్నారు,,,
EVT_DIG000803,meeting,P00257,P00367,LOC0009,2026-02-16 11:37:00,0.99,DIG000803,കണ്ടുമുട്ടി,,,
EVT_DIG000804,transfer,P00541,P00345,LOC0111,2026-08-26 05:54:00,0.99,DIG000804,பணம் அனுப்பினார்,,,
EVT_DIG000805,communication,P00336,P00753,LOC0087,2026-06-07 03:18:00,0.99,DIG000805,संदेश भेजा,,,
EVT_DIG000806,transfer,P00959,P00303,LOC0111,2026-08-08 04:25:00,0.99,DIG000806,பணம் அனுப்பினார்,,,
EVT_DIG000807,movement,P00981,P00374,LOC0046,2026-04-14 04:57:00,0.99,DIG000807,സ്ഥലം പങ്കിട്ടു,,,
EVT_DIG000808,transfer,P00654,P00366,LOC0005,2026-07-28 10:24:00,0.99,DIG000808,টাকা পাঠিয়েছে,,,
EVT_DIG000809,communication,P00417,P00107,LOC0021,2026-01-06 19:48:00,0.99,DIG000809,സന്ദേശം അയച്ചു,,,
EVT_DIG000810,communication,P00573,P00084,LOC0073,2026-01-29 04:06:00,0.99,DIG000810,contacted,,,
EVT_DIG000811,transfer,P00732,P00036,LOC0101,2026-04-27 23:07:00,0.99,DIG000811,డబ్బు పంపారు,,,
EVT_DIG000812,transfer,P00230,P00848,LOC0046,2026-03-22 08:53:00,0.99,DIG000812,पैसे पाठवले,,,
EVT_DIG000813,communication,P00551,P00836,LOC0076,2026-04-11 19:56:00,0.99,DIG000813,સંદેશ મોકલ્યો,,,
EVT_DIG000814,communication,P00631,P00509,LOC0148,2026-03-21 02:53:00,0.99,DIG000814,સંપર્ક કર્યો,,,
EVT_DIG000815,communication,P00302,P00428,LOC0066,2026-01-09 07:20:00,0.99,DIG000815,ಕರೆ ಮಾಡಿದರು,,,
EVT_DIG000816,communication,P00896,P00450,LOC0026,2026-04-30 06:41:00,0.99,DIG000816,संपर्क केला,,,
EVT_DIG000817,meeting,P00921,P00645,LOC0014,2026-03-23 10:47:00,0.99,DIG000817,भेटला,,,
EVT_DIG000818,communication,P00562,P00586,LOC0059,2026-06-29 08:36:00,0.99,DIG000818,సందేశం పంపారు,,,
EVT_DIG000819,vehicle_use,P00093,P00574,LOC0006,2026-04-04 03:22:00,0.99,DIG000819,वाहन का उपयोग किया,,,
EVT_DIG000820,meeting,P00365,P00748,LOC0080,2026-02-02 23:06:00,0.99,DIG000820,visited,,,
EVT_DIG000821,communication,P00974,P00938,LOC0145,2026-07-06 20:00:00,0.99,DIG000821,அழைத்தார்,,,
EVT_DIG000822,vehicle_use,P00645,P00466,LOC0075,2026-02-22 17:52:00,0.99,DIG000822,used a vehicle,,,
EVT_DIG000823,communication,P00985,P00471,LOC0144,2026-05-02 16:18:00,0.99,DIG000823,સંપર્ક કર્યો,,,
EVT_DIG000824,communication,P00751,P00826,LOC0090,2026-05-27 11:42:00,0.99,DIG000824,संपर्क किया,,,
EVT_DIG000825,communication,P00607,P00074,LOC0021,2026-05-12 00:59:00,0.99,DIG000825,ബന്ധപ്പെട്ടു,,,
EVT_DIG000826,meeting,P00665,P00257,LOC0146,2026-01-30 07:31:00,0.99,DIG000826,ಭೇಟಿ ನೀಡಿದರು,,,
EVT_DIG000827,transfer,P00756,P00337,LOC0020,2026-08-12 18:17:00,0.99,DIG000827,টাকা পাঠিয়েছে,,,
EVT_DIG000828,communication,P00062,P00322,LOC0141,2026-03-25 19:20:00,0.99,DIG000828,ਫੋਨ ਕੀਤਾ,,,
EVT_DIG000829,meeting,P00048,P00594,LOC0127,2026-06-14 06:39:00,0.99,DIG000829,ملاقات کی,,,
EVT_DIG000830,meeting,P00369,P00567,LOC0149,2026-05-08 08:37:00,0.99,DIG000830,ಭೇಟಿಯಾದರು,,,
EVT_DIG000831,transfer,P00798,P00758,LOC0062,2026-03-08 21:57:00,0.99,DIG000831,पैसे पाठवले,,,
EVT_DIG000832,movement,P00872,P00680,LOC0062,2026-01-05 11:58:00,0.99,DIG000832,സ്ഥലം പങ്കിട്ടു,,,
EVT_DIG000833,communication,P00947,P00176,LOC0172,2026-08-08 22:54:00,0.99,DIG000833,বার্তা পাঠিয়েছে,,,
EVT_DIG000834,communication,P00042,P00079,LOC0038,2026-08-20 04:08:00,0.99,DIG000834,called,,,
EVT_DIG000835,movement,P00966,P00041,LOC0065,2026-05-30 16:23:00,0.99,DIG000835,സ്ഥലം പങ്കിട്ടു,,,
EVT_DIG000836,movement,P00304,P00621,LOC0026,2026-04-28 00:18:00,0.99,DIG000836,স্থান ভাগ করেছে,,,
EVT_DIG000837,communication,P00736,P00096,LOC0119,2026-05-04 10:40:00,0.99,DIG000837,സന്ദേശം അയച്ചു,,,
EVT_DIG000838,communication,P00425,P00687,LOC0179,2026-08-24 22:14:00,0.99,DIG000838,அழைத்தார்,,,
EVT_DIG000839,movement,P00788,P00096,LOC0165,2026-08-11 00:40:00,0.99,DIG000839,স্থান ভাগ করেছে,,,
EVT_DIG000840,meeting,P00126,P00980,LOC0021,2026-04-19 17:18:00,0.99,DIG000840,ਮੁਲਾਕਾਤ ਕੀਤੀ,,,
EVT_DIG000841,communication,P00804,P00696,LOC0105,2026-06-07 01:58:00,0.99,DIG000841,संपर्क केला,,,
EVT_DIG000842,movement,P00873,P00392,LOC0079,2026-07-03 17:39:00,0.99,DIG000842,shared a location with,,,
EVT_DIG000843,communication,P00067,P00479,LOC0104,2026-03-09 00:30:00,0.99,DIG000843,செய்தி அனுப்பினார்,,,
EVT_DIG000844,communication,P00390,P00132,LOC0033,2026-08-13 12:25:00,0.99,DIG000844,فون کیا,,,
EVT_DIG000845,transfer,P00181,P00171,LOC0075,2026-08-28 20:21:00,0.99,DIG000845,డబ్బు పంపారు,,,
EVT_DIG000846,meeting,P00033,P00248,LOC0046,2026-07-02 20:20:00,0.99,DIG000846,ಭೇಟಿಯಾದರು,,,
EVT_DIG000847,communication,P00079,P00908,LOC0030,2026-02-26 05:43:00,0.99,DIG000847,സന്ദേശം അയച്ചു,,,
EVT_DIG000848,communication,P00034,P00644,LOC0129,2026-05-12 07:01:00,0.99,DIG000848,ફોન કર્યો,,,
EVT_DIG000849,meeting,P00967,P00384,LOC0082,2026-05-20 11:48:00,0.99,DIG000849,দেখা করেছে,,,
EVT_DIG000850,communication,P00457,P00722,LOC0032,2026-02-14 02:28:00,0.99,DIG000850,સંદેશ મોકલ્યો,,,
EVT_DIG000851,transfer,P00629,P00261,LOC0142,2026-04-20 11:02:00,0.99,DIG000851,টাকা পাঠিয়েছে,,,
EVT_DIG000852,vehicle_use,P00470,P00063,LOC0012,2026-07-06 18:31:00,0.99,DIG000852,वाहन का उपयोग किया,,,
EVT_DIG000853,communication,P00700,P00887,LOC0118,2026-01-19 12:03:00,0.99,DIG000853,رابطہ کیا,,,
EVT_DIG000854,vehicle_use,P00031,P00770,LOC0100,2026-05-05 14:11:00,0.99,DIG000854,वाहन का उपयोग किया,,,
EVT_DIG000855,meeting,P00575,P00418,LOC0056,2026-08-28 20:33:00,0.99,DIG000855,ਮੁਲਾਕਾਤ ਕੀਤੀ,,,
EVT_DIG000856,meeting,P00178,P00435,LOC0105,2026-03-23 04:43:00,0.99,DIG000856,സന്ദർശിച്ചു,,,
EVT_DIG000857,communication,P00825,P00841,LOC0044,2026-02-09 19:08:00,0.99,DIG000857,ਫੋਨ ਕੀਤਾ,,,
EVT_DIG000858,meeting,P00582,P00712,LOC0022,2026-01-23 06:40:00,0.99,DIG000858,சென்றார்,,,
EVT_DIG000859,communication,P00915,P00419,LOC0010,2026-08-15 12:47:00,0.99,DIG000859,ਸੰਪਰਕ ਕੀਤਾ,,,
EVT_DIG000860,meeting,P00028,P00840,LOC0056,2026-02-06 10:12:00,0.99,DIG000860,મળ્યા,,,
EVT_DIG000861,communication,P00665,P00189,LOC0092,2026-07-31 11:45:00,0.99,DIG000861,ਸੰਪਰਕ ਕੀਤਾ,,,
EVT_DIG000862,meeting,P00385,P00587,LOC0077,2026-01-22 03:07:00,0.99,DIG000862,వెళ్లారు,,,
EVT_DIG000863,movement,P00621,P00897,LOC0176,2026-02-22 21:19:00,0.99,DIG000863,స్థానం పంచుకున్నారు,,,
EVT_DIG000864,communication,P00477,P00124,LOC0157,2026-04-30 16:24:00,0.99,DIG000864,ફોન કર્યો,,,
EVT_DIG000865,meeting,P00755,P00212,LOC0158,2026-08-03 21:23:00,0.99,DIG000865,സന്ദർശിച്ചു,,,
EVT_DIG000866,communication,P00723,P00624,LOC0088,2026-03-27 11:08:00,0.99,DIG000866,செய்தி அனுப்பினார்,,,
EVT_DIG000867,communication,P00782,P00621,LOC0079,2026-06-24 11:14:00,0.99,DIG000867,ਫੋਨ ਕੀਤਾ,,,
EVT_DIG000868,transfer,P00681,P00389,LOC0053,2026-01-23 03:53:00,0.99,DIG000868,transferred funds to,,,
EVT_DIG000869,meeting,P00176,P00256,LOC0116,2026-08-02 14:02:00,0.99,DIG000869,కలిశారు,,,
EVT_DIG000870,communication,P00138,P00001,LOC0001,2026-04-18 01:17:00,0.99,DIG000870,संदेश भेजा,,,
EVT_DIG000871,communication,P00653,P00604,LOC0009,2026-03-14 09:49:00,0.99,DIG000871,رابطہ کیا,,,
EVT_DIG000872,transfer,P00015,P00683,LOC0141,2026-03-23 11:06:00,0.99,DIG000872,ਪੈਸੇ ਭੇਜੇ,,,
EVT_DIG000873,meeting,P00725,P00966,LOC0015,2026-02-07 22:31:00,0.99,DIG000873,ಭೇಟಿ ನೀಡಿದರು,,,
EVT_DIG000874,transfer,P00999,P00389,LOC0012,2026-08-07 03:56:00,0.99,DIG000874,പണം അയച്ചു,,,
EVT_DIG000875,transfer,P00121,P00628,LOC0179,2026-03-01 18:07:00,0.99,DIG000875,નાણાં મોકલ્યાં,,,
EVT_DIG000876,meeting,P00234,P00815,LOC0017,2026-02-17 13:06:00,0.99,DIG000876,दौरा किया,,,
EVT_DIG000877,communication,P00582,P00349,LOC0065,2026-02-19 10:20:00,0.99,DIG000877,ਸੁਨੇਹਾ ਭੇਜਿਆ,,,
EVT_DIG000878,meeting,P00459,P00149,LOC0080,2026-05-12 17:15:00,0.99,DIG000878,സന്ദർശിച്ചു,,,
EVT_DIG000879,communication,P00951,P00762,LOC0049,2026-05-01 09:54:00,0.99,DIG000879,செய்தி அனுப்பினார்,,,
EVT_DIG000880,communication,P00204,P00339,LOC0158,2026-01-14 02:30:00,0.99,DIG000880,அழைத்தார்,,,
EVT_DIG000881,communication,P00417,P00897,LOC0039,2026-01-13 17:01:00,0.99,DIG000881,വിളിച്ചു,,,
EVT_DIG000882,meeting,P00452,P00278,LOC0078,2026-05-31 15:31:00,0.99,DIG000882,వెళ్లారు,,,
EVT_DIG000883,communication,P00526,P00997,LOC0156,2026-08-03 19:34:00,0.99,DIG000883,ਸੁਨੇਹਾ ਭੇਜਿਆ,,,
EVT_DIG000884,communication,P00354,P00486,LOC0055,2026-03-05 18:57:00,0.99,DIG000884,संदेश भेजा,,,
EVT_DIG000885,movement,P00772,P00983,LOC0078,2026-06-06 21:25:00,0.99,DIG000885,shared a location with,,,
EVT_DIG000886,meeting,P00032,P00885,LOC0116,2026-01-12 04:58:00,0.99,DIG000886,వెళ్లారు,,,
EVT_DIG000887,meeting,P00188,P00701,LOC0003,2026-06-20 20:03:00,0.99,DIG000887,મુલાકાત લીધી,,,
EVT_DIG000888,communication,P00131,P00820,LOC0069,2026-04-27 12:48:00,0.99,DIG000888,संपर्क किया,,,
EVT_DIG000889,communication,P00051,P00542,LOC0085,2026-01-15 17:41:00,0.99,DIG000889,సందేశం పంపారు,,,
EVT_DIG000890,movement,P00411,P00658,LOC0110,2026-01-02 23:33:00,0.99,DIG000890,ਸਥਾਨ ਸਾਂਝਾ ਕੀਤਾ,,,
EVT_DIG000891,movement,P00693,P00468,LOC0005,2026-07-03 13:25:00,0.99,DIG000891,ಸ್ಥಳ ಹಂಚಿಕೊಂಡರು,,,
EVT_DIG000892,transfer,P00755,P00544,LOC0109,2026-01-28 01:50:00,0.99,DIG000892,पैसे पाठवले,,,
EVT_DIG000893,communication,P00830,P00529,LOC0035,2026-01-20 21:28:00,0.99,DIG000893,called,,,
EVT_DIG000894,communication,P00811,P00425,LOC0032,2026-01-20 00:33:00,0.99,DIG000894,அழைத்தார்,,,
EVT_DIG000895,communication,P00916,P00364,LOC0149,2026-07-23 00:48:00,0.99,DIG000895,फोन केला,,,
EVT_DIG000896,meeting,P00378,P00463,LOC0110,2026-01-20 16:32:00,0.99,DIG000896,পরিদর্শন করেছে,,,
EVT_DIG000897,communication,P00412,P00668,LOC0036,2026-03-16 00:30:00,0.99,DIG000897,સંપર્ક કર્યો,,,
EVT_DIG000898,communication,P00916,P00363,LOC0128,2026-04-23 16:21:00,0.99,DIG000898,ಸಂದೇಶ ಕಳುಹಿಸಿದರು,,,
EVT_DIG000899,communication,P00287,P00654,LOC0055,2026-08-03 09:46:00,0.99,DIG000899,സന്ദേശം അയച്ചു,,,
EVT_DIG000900,transfer,P00407,P00379,LOC0083,2026-08-24 23:43:00,0.99,DIG000900,പണം അയച്ചു,,,
EVT_DIG000901,movement,P00942,P00113,LOC0069,2026-01-08 19:52:00,0.99,DIG000901,സ്ഥലം പങ്കിട്ടു,,,
EVT_DIG000902,communication,P00334,P00069,LOC0048,2026-06-23 22:43:00,0.99,DIG000902,ਫੋਨ ਕੀਤਾ,,,
EVT_DIG000903,meeting,P00346,P00692,LOC0137,2026-06-04 12:52:00,0.99,DIG000903,ಭೇಟಿಯಾದರು,,,
EVT_DIG000904,meeting,P00812,P00162,LOC0138,2026-06-11 03:51:00,0.99,DIG000904,സന്ദർശിച്ചു,,,
EVT_DIG000905,communication,P00482,P00849,LOC0111,2026-07-17 23:36:00,0.99,DIG000905,संपर्क केला,,,
EVT_DIG000906,transfer,P00443,P00923,LOC0014,2026-06-26 16:12:00,0.99,DIG000906,ਪੈਸੇ ਭੇਜੇ,,,
EVT_DIG000907,meeting,P00706,P00929,LOC0110,2026-07-04 10:00:00,0.99,DIG000907,met,,,
EVT_DIG000908,vehicle_use,P00342,P00586,LOC0105,2026-01-07 11:59:00,0.99,DIG000908,used a vehicle,,,
EVT_DIG000909,communication,P00506,P00686,LOC0116,2026-04-19 05:15:00,0.99,DIG000909,ബന്ധപ്പെട്ടു,,,
EVT_DIG000910,transfer,P00407,P00866,LOC0030,2026-05-29 16:39:00,0.99,DIG000910,ಹಣ ಕಳುಹಿಸಿದರು,,,
EVT_DIG000911,meeting,P00249,P00623,LOC0091,2026-04-17 04:49:00,0.99,DIG000911,भेटला,,,
EVT_DIG000912,meeting,P00861,P00211,LOC0147,2026-03-23 11:49:00,0.99,DIG000912,met,,,
EVT_DIG000913,meeting,P00395,P00253,LOC0009,2026-02-19 09:33:00,0.99,DIG000913,ملاقات کی,,,
EVT_DIG000914,movement,P00488,P00443,LOC0121,2026-04-07 23:54:00,0.99,DIG000914,ಸ್ಥಳ ಹಂಚಿಕೊಂಡರು,,,
EVT_DIG000915,communication,P00009,P00919,LOC0113,2026-05-29 21:51:00,0.99,DIG000915,செய்தி அனுப்பினார்,,,
EVT_DIG000916,meeting,P00511,P00656,LOC0016,2026-06-23 00:20:00,0.99,DIG000916,സന്ദർശിച്ചു,,,
EVT_DIG000917,meeting,P00614,P00710,LOC0062,2026-05-20 06:48:00,0.99,DIG000917,சந்தித்தார்,,,
EVT_DIG000918,vehicle_use,P00735,P00846,LOC0164,2026-01-15 06:34:00,0.99,DIG000918,used a vehicle,,,
EVT_DIG000919,meeting,P00473,P00164,LOC0177,2026-06-11 21:05:00,0.99,DIG000919,मिला,,,
EVT_DIG000920,communication,P00250,P00354,LOC0070,2026-02-23 19:45:00,0.99,DIG000920,సంప్రదించారు,,,
EVT_DIG000921,meeting,P00988,P00826,LOC0177,2026-06-02 00:54:00,0.99,DIG000921,भेटला,,,
EVT_DIG000922,vehicle_use,P00391,P00584,LOC0010,2026-05-22 03:51:00,0.99,DIG000922,वाहन का उपयोग किया,,,
EVT_DIG000923,communication,P00191,P00309,LOC0009,2026-06-06 04:01:00,0.99,DIG000923,വിളിച്ചു,,,
EVT_DIG000924,communication,P00825,P00282,LOC0069,2026-03-03 10:54:00,0.99,DIG000924,સંદેશ મોકલ્યો,,,
EVT_DIG000925,meeting,P00804,P00631,LOC0167,2026-05-31 20:25:00,0.99,DIG000925,சந்தித்தார்,,,
EVT_DIG000926,communication,P00039,P00996,LOC0067,2026-08-12 16:40:00,0.99,DIG000926,संपर्क केला,,,
EVT_DIG000927,meeting,P00636,P00530,LOC0118,2026-02-10 19:16:00,0.99,DIG000927,મળ્યા,,,
EVT_DIG000928,meeting,P00241,P00864,LOC0154,2026-02-23 06:52:00,0.99,DIG000928,ಭೇಟಿಯಾದರು,,,
EVT_DIG000929,movement,P00382,P00666,LOC0118,2026-08-24 19:16:00,0.99,DIG000929,مقام شیئر کیا,,,
EVT_DIG000930,movement,P00977,P00130,LOC0020,2026-05-29 09:46:00,0.99,DIG000930,स्थान साझा किया,,,
EVT_DIG000931,communication,P00446,P00026,LOC0164,2026-07-21 01:45:00,0.99,DIG000931,বার্তা পাঠিয়েছে,,,
EVT_DIG000932,communication,P00897,P00567,LOC0041,2026-02-28 01:35:00,0.99,DIG000932,సందేశం పంపారు,,,
EVT_DIG000933,movement,P00873,P00935,LOC0027,2026-08-15 12:26:00,0.99,DIG000933,ಸ್ಥಳ ಹಂಚಿಕೊಂಡರು,,,
EVT_DIG000934,communication,P00417,P00410,LOC0097,2026-07-22 21:15:00,0.99,DIG000934,contacted,,,
EVT_DIG000935,meeting,P00733,P00422,LOC0007,2026-02-27 01:09:00,0.99,DIG000935,சந்தித்தார்,,,
EVT_DIG000936,communication,P00716,P00368,LOC0163,2026-04-01 07:28:00,0.99,DIG000936,സന്ദേശം അയച്ചു,,,
EVT_DIG000937,transfer,P00375,P00996,LOC0117,2026-02-07 20:34:00,0.99,DIG000937,ಹಣ ಕಳುಹಿಸಿದರು,,,
EVT_DIG000938,transfer,P00491,P00937,LOC0065,2026-07-02 18:42:00,0.99,DIG000938,ಹಣ ಕಳುಹಿಸಿದರು,,,
EVT_DIG000939,communication,P00622,P00354,LOC0133,2026-03-31 17:51:00,0.99,DIG000939,sent a message to,,,
EVT_DIG000940,transfer,P00607,P00580,LOC0092,2026-01-18 09:16:00,0.99,DIG000940,പണം അയച്ചു,,,
EVT_DIG000941,transfer,P00814,P00611,LOC0133,2026-02-16 10:52:00,0.99,DIG000941,డబ్బు పంపారు,,,
EVT_DIG000942,movement,P00828,P00264,LOC0050,2026-05-31 14:06:00,0.99,DIG000942,இடத்தை பகிர்ந்தார்,,,
EVT_DIG000943,communication,P00618,P00698,LOC0026,2026-08-15 04:46:00,0.99,DIG000943,संदेश पाठवला,,,
EVT_DIG000944,communication,P00051,P00632,LOC0171,2026-07-15 22:35:00,0.99,DIG000944,సంప్రదించారు,,,
EVT_DIG000945,transfer,P00041,P00490,LOC0091,2026-06-02 09:54:00,0.99,DIG000945,డబ్బు పంపారు,,,
EVT_DIG000946,meeting,P00482,P00065,LOC0112,2026-08-24 15:45:00,0.99,DIG000946,পরিদর্শন করেছে,,,
EVT_DIG000947,transfer,P00113,P00296,LOC0113,2026-07-26 13:02:00,0.99,DIG000947,رقم منتقل کی,,,
EVT_DIG000948,communication,P00513,P00946,LOC0055,2026-02-08 11:03:00,0.99,DIG000948,ಸಂದೇಶ ಕಳುಹಿಸಿದರು,,,
EVT_DIG000949,communication,P00269,P00055,LOC0161,2026-01-20 07:40:00,0.99,DIG000949,ಕರೆ ಮಾಡಿದರು,,,
EVT_DIG000950,meeting,P00633,P00838,LOC0163,2026-04-19 22:54:00,0.99,DIG000950,ਮਿਲਿਆ,,,
EVT_DIG000951,transfer,P00019,P00106,LOC0014,2026-01-12 13:21:00,0.99,DIG000951,பணம் அனுப்பினார்,,,
EVT_DIG000952,transfer,P00686,P00078,LOC0112,2026-07-12 01:45:00,0.99,DIG000952,പണം അയച്ചു,,,
EVT_DIG000953,communication,P00598,P00879,LOC0044,2026-08-07 08:57:00,0.99,DIG000953,فون کیا,,,
EVT_DIG000954,meeting,P00529,P00447,LOC0112,2026-05-03 14:20:00,0.99,DIG000954,ਮੁਲਾਕਾਤ ਕੀਤੀ,,,
EVT_DIG000955,communication,P00870,P00366,LOC0174,2026-08-30 20:08:00,0.99,DIG000955,ਸੁਨੇਹਾ ਭੇਜਿਆ,,,
EVT_DIG000956,communication,P00728,P00238,LOC0147,2026-05-18 04:39:00,0.99,DIG000956,संदेश पाठवला,,,
EVT_DIG000957,communication,P00518,P00752,LOC0036,2026-04-14 22:25:00,0.99,DIG000957,فون کیا,,,
EVT_DIG000958,meeting,P00955,P00297,LOC0049,2026-01-21 02:48:00,0.99,DIG000958,சந்தித்தார்,,,
EVT_DIG000959,communication,P00046,P00894,LOC0156,2026-01-09 13:43:00,0.99,DIG000959,संपर्क किया,,,
EVT_DIG000960,communication,P00159,P00225,LOC0030,2026-02-17 03:56:00,0.99,DIG000960,ఫోన్ చేశారు,,,
EVT_DIG000961,communication,P00977,P00746,LOC0036,2026-08-24 08:36:00,0.99,DIG000961,called,,,
EVT_DIG000962,meeting,P00771,P00996,LOC0180,2026-03-09 17:15:00,0.99,DIG000962,পরিদর্শন করেছে,,,
EVT_DIG000963,communication,P00572,P00944,LOC0051,2026-07-05 04:56:00,0.99,DIG000963,ਸੰਪਰਕ ਕੀਤਾ,,,
EVT_DIG000964,communication,P00257,P00860,LOC0023,2026-05-30 03:37:00,0.99,DIG000964,contacted,,,
EVT_DIG000965,communication,P00018,P00453,LOC0089,2026-08-27 11:59:00,0.99,DIG000965,پیغام بھیجا,,,
EVT_DIG000966,movement,P00772,P00628,LOC0071,2026-02-19 22:32:00,0.99,DIG000966,இடத்தை பகிர்ந்தார்,,,
EVT_DIG000967,communication,P00024,P00025,LOC0078,2026-01-08 01:00:00,0.99,DIG000967,செய்தி அனுப்பினார்,,,
EVT_DIG000968,transfer,P00675,P00546,LOC0079,2026-06-22 23:08:00,0.99,DIG000968,નાણાં મોકલ્યાં,,,
EVT_DIG000969,communication,P00548,P00508,LOC0044,2026-06-03 04:28:00,0.99,DIG000969,फोन केला,,,
EVT_DIG000970,communication,P00428,P00094,LOC0005,2026-08-05 15:04:00,0.99,DIG000970,ফোন করেছে,,,
EVT_DIG000971,transfer,P00139,P00129,LOC0127,2026-01-29 10:20:00,0.99,DIG000971,धन भेजा,,,
EVT_DIG000972,communication,P00152,P00289,LOC0173,2026-01-12 02:55:00,0.99,DIG000972,വിളിച്ചു,,,
EVT_DIG000973,meeting,P00348,P00457,LOC0110,2026-08-17 05:52:00,0.99,DIG000973,ਮੁਲਾਕਾਤ ਕੀਤੀ,,,
EVT_DIG000974,communication,P00489,P00808,LOC0057,2026-01-16 03:42:00,0.99,DIG000974,సందేశం పంపారు,,,
EVT_DIG000975,communication,P00304,P00718,LOC0175,2026-02-26 01:20:00,0.99,DIG000975,ಸಂಪರ್ಕಿಸಿದರು,,,
EVT_DIG000976,communication,P00315,P00199,LOC0180,2026-03-23 23:18:00,0.99,DIG000976,फोन किया,,,
EVT_DIG000977,communication,P00684,P00071,LOC0090,2026-02-26 04:20:00,0.99,DIG000977,ಕರೆ ಮಾಡಿದರು,,,
EVT_DIG000978,meeting,P00001,P00157,LOC0167,2026-01-02 11:43:00,0.99,DIG000978,ಭೇಟಿಯಾದರು,,,
EVT_DIG000979,communication,P00427,P00748,LOC0169,2026-05-18 22:49:00,0.99,DIG000979,தொடர்பு கொண்டார்,,,
EVT_DIG000980,meeting,P00520,P00475,LOC0099,2026-01-18 20:15:00,0.99,DIG000980,ਮੁਲਾਕਾਤ ਕੀਤੀ,,,
EVT_DIG000981,communication,P00760,P00464,LOC0176,2026-03-13 11:10:00,0.99,DIG000981,sent a message to,,,
EVT_DIG000982,meeting,P00435,P00531,LOC0055,2026-06-01 11:16:00,0.99,DIG000982,મળ્યા,,,
EVT_DIG000983,meeting,P00362,P00286,LOC0167,2026-02-10 07:29:00,0.99,DIG000983,சந்தித்தார்,,,
EVT_DIG000984,meeting,P00647,P00516,LOC0040,2026-02-16 10:41:00,0.99,DIG000984,मिला,,,
EVT_DIG000985,movement,P00364,P00896,LOC0148,2026-02-08 17:36:00,0.99,DIG000985,സ്ഥലം പങ്കിട്ടു,,,
EVT_DIG000986,meeting,P00744,P00138,LOC0021,2026-02-06 08:36:00,0.99,DIG000986,ملاقات کی,,,
EVT_DIG000987,communication,P00114,P00187,LOC0158,2026-08-06 16:24:00,0.99,DIG000987,ਸੰਪਰਕ ਕੀਤਾ,,,
EVT_DIG000988,communication,P00535,P00256,LOC0141,2026-02-27 09:01:00,0.99,DIG000988,ಸಂಪರ್ಕಿಸಿದರು,,,
EVT_DIG000989,communication,P00239,P00945,LOC0142,2026-04-30 12:00:00,0.99,DIG000989,ਸੁਨੇਹਾ ਭੇਜਿਆ,,,
EVT_DIG000990,communication,P00832,P00901,LOC0124,2026-01-17 02:02:00,0.99,DIG000990,ਫੋਨ ਕੀਤਾ,,,
EVT_DIG000991,meeting,P00268,P00461,LOC0121,2026-03-04 13:27:00,0.99,DIG000991,मिला,,,
EVT_DIG000992,meeting,P00443,P00344,LOC0066,2026-05-28 01:11:00,0.99,DIG000992,મળ્યા,,,
EVT_DIG000993,communication,P00024,P00189,LOC0045,2026-05-25 19:29:00,0.99,DIG000993,ಸಂದೇಶ ಕಳುಹಿಸಿದರು,,,
EVT_DIG000994,communication,P00320,P00538,LOC0058,2026-01-11 20:07:00,0.99,DIG000994,ਸੁਨੇਹਾ ਭੇਜਿਆ,,,
EVT_DIG000995,meeting,P00407,P00624,LOC0069,2026-08-16 01:27:00,0.99,DIG000995,వెళ్లారు,,,
EVT_DIG000996,meeting,P00842,P00777,LOC0137,2026-01-05 04:03:00,0.99,DIG000996,visited,,,
EVT_DIG000997,communication,P00341,P00358,LOC0113,2026-07-25 11:37:00,0.99,DIG000997,ਫੋਨ ਕੀਤਾ,,,
EVT_DIG000998,communication,P00752,P00969,LOC0040,2026-03-11 11:57:00,0.99,DIG000998,যোগাযোগ করেছে,,,
EVT_DIG000999,communication,P00904,P00068,LOC0002,2026-01-06 18:35:00,0.99,DIG000999,సందేశం పంపారు,,,
EVT_DIG001000,communication,P00315,P00471,LOC0114,2026-06-13 10:44:00,0.99,DIG001000,फोन केला,,,
EVT_DIG001001,meeting,P00276,P00811,LOC0125,2026-03-18 10:05:00,0.99,DIG001001,ਮੁਲਾਕਾਤ ਕੀਤੀ,,,
EVT_DIG001002,transfer,P00480,P00367,LOC0147,2026-05-15 13:18:00,0.99,DIG001002,पैसे पाठवले,,,
EVT_DIG001003,communication,P00867,P00819,LOC0045,2026-01-08 20:22:00,0.99,DIG001003,సంప్రదించారు,,,
EVT_DIG001004,transfer,P00363,P00995,LOC0035,2026-06-23 05:52:00,0.99,DIG001004,transferred funds to,,,
EVT_DIG001005,meeting,P00447,P00346,LOC0078,2026-01-16 22:50:00,0.99,DIG001005,visited,,,
EVT_DIG001006,communication,P00802,P00946,LOC0040,2026-02-18 12:37:00,0.99,DIG001006,संदेश पाठवला,,,
EVT_DIG001007,meeting,P00196,P00952,LOC0155,2026-07-15 12:04:00,0.99,DIG001007,സന്ദർശിച്ചു,,,
EVT_DIG001008,meeting,P00606,P00220,LOC0019,2026-07-29 04:09:00,0.99,DIG001008,મુલાકાત લીધી,,,
EVT_DIG001009,transfer,P00190,P00269,LOC0048,2026-02-24 03:52:00,0.99,DIG001009,ਪੈਸੇ ਭੇਜੇ,,,
EVT_DIG001010,communication,P00228,P00384,LOC0139,2026-08-25 01:29:00,0.99,DIG001010,ಕರೆ ಮಾಡಿದರು,,,
EVT_DIG001011,transfer,P00478,P00247,LOC0068,2026-04-04 19:21:00,0.99,DIG001011,નાણાં મોકલ્યાં,,,
EVT_DIG001012,meeting,P00468,P00796,LOC0178,2026-07-18 14:18:00,0.99,DIG001012,দেখা করেছে,,,
EVT_DIG001013,communication,P00727,P00916,LOC0050,2026-05-06 09:07:00,0.99,DIG001013,தொடர்பு கொண்டார்,,,
EVT_DIG001014,communication,P00566,P00044,LOC0099,2026-07-26 02:58:00,0.99,DIG001014,যোগাযোগ করেছে,,,
EVT_DIG001015,communication,P00064,P00719,LOC0127,2026-04-02 02:11:00,0.99,DIG001015,ബന്ധപ്പെട്ടു,,,
EVT_DIG001016,movement,P00549,P00383,LOC0125,2026-02-09 11:03:00,0.99,DIG001016,இடத்தை பகிர்ந்தார்,,,
EVT_DIG001017,communication,P00725,P00085,LOC0180,2026-03-04 16:58:00,0.99,DIG001017,ಸಂದೇಶ ಕಳುಹಿಸಿದರು,,,
EVT_DIG001018,movement,P00857,P00863,LOC0085,2026-05-17 03:16:00,0.99,DIG001018,shared a location with,,,
EVT_DIG001019,communication,P00205,P00772,LOC0047,2026-04-19 06:08:00,0.99,DIG001019,സന്ദേശം അയച്ചു,,,
EVT_DIG001020,meeting,P00722,P00455,LOC0084,2026-01-25 04:27:00,0.99,DIG001020,കണ്ടുമുട്ടി,,,
EVT_DIG001021,meeting,P00006,P00478,LOC0176,2026-08-31 01:55:00,0.99,DIG001021,મુલાકાત લીધી,,,
EVT_DIG001022,transfer,P00735,P00197,LOC0171,2026-05-25 12:29:00,0.99,DIG001022,धन भेजा,,,
EVT_DIG001023,communication,P00717,P00207,LOC0073,2026-07-14 14:46:00,0.99,DIG001023,ಕರೆ ಮಾಡಿದರು,,,
EVT_DIG001024,communication,P00062,P00483,LOC0097,2026-01-19 01:36:00,0.99,DIG001024,رابطہ کیا,,,
EVT_DIG001025,communication,P00854,P00458,LOC0069,2026-06-18 12:08:00,0.99,DIG001025,സന്ദേശം അയച്ചു,,,
EVT_DIG001026,meeting,P00726,P00403,LOC0136,2026-02-12 10:41:00,0.99,DIG001026,കണ്ടുമുട്ടി,,,
EVT_DIG001027,communication,P00581,P00905,LOC0067,2026-03-24 10:11:00,0.99,DIG001027,ಸಂಪರ್ಕಿಸಿದರು,,,
EVT_DIG001028,communication,P00591,P00049,LOC0066,2026-01-13 05:14:00,0.99,DIG001028,செய்தி அனுப்பினார்,,,
EVT_DIG001029,movement,P00634,P00655,LOC0022,2026-05-03 09:40:00,0.99,DIG001029,સ્થાન શેર કર્યું,,,
EVT_DIG001030,transfer,P00286,P00380,LOC0051,2026-08-10 18:21:00,0.99,DIG001030,ಹಣ ಕಳುಹಿಸಿದರು,,,
EVT_DIG001031,communication,P00595,P00593,LOC0011,2026-06-11 09:34:00,0.99,DIG001031,ਸੰਪਰਕ ਕੀਤਾ,,,
EVT_DIG001032,communication,P00467,P00943,LOC0002,2026-06-03 05:21:00,0.99,DIG001032,ಸಂಪರ್ಕಿಸಿದರು,,,
EVT_DIG001033,transfer,P00517,P00848,LOC0027,2026-08-04 03:59:00,0.99,DIG001033,धन भेजा,,,
EVT_DIG001034,transfer,P00992,P00668,LOC0164,2026-06-29 23:44:00,0.99,DIG001034,பணம் அனுப்பினார்,,,
EVT_DIG001035,meeting,P00357,P00185,LOC0063,2026-08-25 05:36:00,0.99,DIG001035,دورہ کیا,,,
EVT_DIG001036,meeting,P00525,P00270,LOC0088,2026-08-06 23:45:00,0.99,DIG001036,കണ്ടുമുട്ടി,,,
EVT_DIG001037,communication,P00601,P00970,LOC0146,2026-06-17 20:47:00,0.99,DIG001037,फोन केला,,,
EVT_DIG001038,communication,P00051,P00605,LOC0073,2026-07-09 19:56:00,0.99,DIG001038,संपर्क केला,,,
EVT_DIG001039,communication,P00725,P00569,LOC0002,2026-03-20 00:15:00,0.99,DIG001039,ફોન કર્યો,,,
EVT_DIG001040,communication,P00238,P00072,LOC0002,2026-06-05 07:57:00,0.99,DIG001040,సంప్రదించారు,,,
EVT_DIG001041,vehicle_use,P00258,P00805,LOC0169,2026-08-16 13:28:00,0.99,DIG001041,वाहन का उपयोग किया,,,
EVT_DIG001042,meeting,P00551,P00797,LOC0091,2026-05-03 14:54:00,0.99,DIG001042,കണ്ടുമുട്ടി,,,
EVT_DIG001043,meeting,P00007,P00748,LOC0023,2026-01-05 17:36:00,0.99,DIG001043,ಭೇಟಿಯಾದರು,,,
EVT_DIG001044,meeting,P00241,P00268,LOC0096,2026-01-31 07:00:00,0.99,DIG001044,visited,,,
EVT_DIG001045,meeting,P00146,P00534,LOC0119,2026-08-25 13:13:00,0.99,DIG001045,ਮਿਲਿਆ,,,
EVT_DIG001046,transfer,P00560,P00368,LOC0147,2026-02-10 07:24:00,0.99,DIG001046,धन भेजा,,,
EVT_DIG001047,meeting,P00496,P00798,LOC0085,2026-03-12 02:35:00,0.99,DIG001047,दौरा किया,,,
EVT_DIG001048,communication,P00627,P00629,LOC0019,2026-04-09 19:05:00,0.99,DIG001048,فون کیا,,,
EVT_DIG001049,meeting,P00660,P00468,LOC0178,2026-05-01 17:19:00,0.99,DIG001049,சந்தித்தார்,,,
EVT_DIG001050,communication,P00229,P00480,LOC0037,2026-05-31 13:04:00,0.99,DIG001050,ਸੁਨੇਹਾ ਭੇਜਿਆ,,,
EVT_DIG001051,transfer,P00818,P00810,LOC0058,2026-01-04 00:12:00,0.99,DIG001051,નાણાં મોકલ્યાં,,,
EVT_DIG001052,meeting,P00704,P00027,LOC0028,2026-05-17 12:07:00,0.99,DIG001052,സന്ദർശിച്ചു,,,
EVT_DIG001053,movement,P00136,P00674,LOC0115,2026-08-04 00:26:00,0.99,DIG001053,இடத்தை பகிர்ந்தார்,,,
EVT_DIG001054,meeting,P00663,P00308,LOC0103,2026-07-09 22:12:00,0.99,DIG001054,சந்தித்தார்,,,
EVT_DIG001055,vehicle_use,P00567,P00568,LOC0154,2026-05-27 06:00:00,0.99,DIG001055,वाहन का उपयोग किया,,,
EVT_DIG001056,meeting,P00268,P00414,LOC0048,2026-04-17 05:01:00,0.99,DIG001056,കണ്ടുമുട്ടി,,,
EVT_DIG001057,meeting,P00835,P00586,LOC0129,2026-01-09 17:05:00,0.99,DIG001057,दौरा किया,,,
EVT_DIG001058,transfer,P00508,P00933,LOC0043,2026-06-20 22:31:00,0.99,DIG001058,பணம் அனுப்பினார்,,,
EVT_DIG001059,meeting,P00275,P00715,LOC0166,2026-05-07 14:35:00,0.99,DIG001059,ملاقات کی,,,
EVT_DIG001060,communication,P00961,P00835,LOC0020,2026-04-19 23:59:00,0.99,DIG001060,sent a message to,,,
EVT_DIG001061,vehicle_use,P00653,P00329,LOC0022,2026-05-14 12:47:00,0.99,DIG001061,वाहन का उपयोग किया,,,
EVT_DIG001062,communication,P00843,P00165,LOC0095,2026-01-16 08:34:00,0.99,DIG001062,फोन किया,,,
EVT_DIG001063,meeting,P00476,P00369,LOC0077,2026-01-18 18:15:00,0.99,DIG001063,ಭೇಟಿಯಾದರು,,,
EVT_DIG001064,meeting,P00985,P00093,LOC0091,2026-05-05 02:18:00,0.99,DIG001064,পরিদর্শন করেছে,,,
EVT_DIG001065,transfer,P00595,P00751,LOC0018,2026-02-03 05:04:00,0.99,DIG001065,பணம் அனுப்பினார்,,,
EVT_DIG001066,transfer,P00733,P00343,LOC0016,2026-04-08 08:05:00,0.99,DIG001066,पैसे पाठवले,,,
EVT_DIG001067,movement,P00696,P00829,LOC0058,2026-03-28 16:12:00,0.99,DIG001067,স্থান ভাগ করেছে,,,
EVT_DIG001068,transfer,P00364,P00203,LOC0008,2026-07-03 23:11:00,0.99,DIG001068,धन भेजा,,,
EVT_DIG001069,communication,P00207,P00650,LOC0014,2026-06-24 11:36:00,0.99,DIG001069,संदेश भेजा,,,
EVT_DIG001070,meeting,P00310,P00457,LOC0046,2026-07-27 08:32:00,0.99,DIG001070,পরিদর্শন করেছে,,,
EVT_DIG001071,transfer,P00055,P00551,LOC0179,2026-04-20 06:35:00,0.99,DIG001071,رقم منتقل کی,,,
EVT_DIG001072,meeting,P00041,P00971,LOC0065,2026-04-27 06:17:00,0.99,DIG001072,ਮਿਲਿਆ,,,
EVT_DIG001073,transfer,P00668,P00283,LOC0121,2026-07-07 05:58:00,0.99,DIG001073,નાણાં મોકલ્યાં,,,
EVT_DIG001074,movement,P00510,P00117,LOC0133,2026-07-18 02:30:00,0.99,DIG001074,ಸ್ಥಳ ಹಂಚಿಕೊಂಡರು,,,
EVT_DIG001075,meeting,P00426,P00683,LOC0064,2026-01-14 17:04:00,0.99,DIG001075,भेटला,,,
EVT_DIG001076,communication,P00698,P00125,LOC0172,2026-07-11 01:30:00,0.99,DIG001076,संदेश पाठवला,,,
EVT_DIG001077,meeting,P00779,P00335,LOC0030,2026-03-24 17:13:00,0.99,DIG001077,ملاقات کی,,,
EVT_DIG001078,communication,P00882,P00663,LOC0011,2026-02-05 00:33:00,0.99,DIG001078,फोन केला,,,
EVT_DIG001079,communication,P00564,P00212,LOC0022,2026-05-07 09:36:00,0.99,DIG001079,फोन केला,,,
EVT_DIG001080,movement,P00315,P00710,LOC0108,2026-02-11 08:10:00,0.99,DIG001080,സ്ഥലം പങ്കിട്ടു,,,
EVT_DIG001081,communication,P00633,P00285,LOC0116,2026-03-15 02:28:00,0.99,DIG001081,فون کیا,,,
EVT_DIG001082,movement,P00113,P00791,LOC0115,2026-06-22 23:21:00,0.99,DIG001082,مقام شیئر کیا,,,
EVT_DIG001083,transfer,P00649,P00990,LOC0081,2026-08-28 06:09:00,0.99,DIG001083,টাকা পাঠিয়েছে,,,
EVT_DIG001084,communication,P00576,P00448,LOC0156,2026-03-31 20:29:00,0.99,DIG001084,संदेश भेजा,,,
EVT_DIG001085,movement,P00234,P00312,LOC0164,2026-02-23 02:57:00,0.99,DIG001085,இடத்தை பகிர்ந்தார்,,,
EVT_DIG001086,meeting,P00843,P00866,LOC0066,2026-04-10 08:34:00,0.99,DIG001086,వెళ్లారు,,,
EVT_DIG001087,communication,P00344,P00946,LOC0029,2026-04-27 04:04:00,0.99,DIG001087,संपर्क किया,,,
EVT_DIG001088,meeting,P00891,P00713,LOC0030,2026-06-20 05:29:00,0.99,DIG001088,കണ്ടുമുട്ടി,,,
EVT_DIG001089,meeting,P00575,P00772,LOC0059,2026-08-03 15:48:00,0.99,DIG001089,ਮਿਲਿਆ,,,
EVT_DIG001090,meeting,P00685,P00146,LOC0118,2026-03-16 08:31:00,0.99,DIG001090,ಭೇಟಿಯಾದರು,,,
EVT_DIG001091,movement,P00687,P00146,LOC0075,2026-04-26 03:46:00,0.99,DIG001091,స్థానం పంచుకున్నారు,,,
EVT_DIG001092,movement,P00795,P00828,LOC0027,2026-07-19 13:31:00,0.99,DIG001092,ਸਥਾਨ ਸਾਂਝਾ ਕੀਤਾ,,,
EVT_DIG001093,meeting,P00250,P00228,LOC0041,2026-06-18 23:49:00,0.99,DIG001093,दौरा किया,,,
EVT_DIG001094,communication,P00615,P00123,LOC0150,2026-06-06 20:20:00,0.99,DIG001094,যোগাযোগ করেছে,,,
EVT_DIG001095,meeting,P00030,P00073,LOC0048,2026-05-06 16:03:00,0.99,DIG001095,visited,,,
EVT_DIG001096,movement,P00418,P00342,LOC0142,2026-08-09 04:20:00,0.99,DIG001096,ਸਥਾਨ ਸਾਂਝਾ ਕੀਤਾ,,,
EVT_DIG001097,transfer,P00192,P00807,LOC0141,2026-06-30 00:25:00,0.99,DIG001097,નાણાં મોકલ્યાં,,,
EVT_DIG001098,meeting,P00908,P00208,LOC0054,2026-08-25 19:29:00,0.99,DIG001098,भेटला,,,
EVT_DIG001099,meeting,P00543,P00706,LOC0005,2026-07-24 17:42:00,0.99,DIG001099,ਮਿਲਿਆ,,,
EVT_DIG001100,movement,P00881,P00797,LOC0083,2026-02-07 22:38:00,0.99,DIG001100,shared a location with,,,
EVT_DIG001101,transfer,P00700,P00280,LOC0064,2026-08-30 07:02:00,0.99,DIG001101,ಹಣ ಕಳುಹಿಸಿದರು,,,
EVT_DIG001102,transfer,P00218,P00461,LOC0119,2026-07-10 07:38:00,0.99,DIG001102,धन भेजा,,,
EVT_DIG001103,meeting,P00847,P00014,LOC0014,2026-02-15 18:56:00,0.99,DIG001103,സന്ദർശിച്ചു,,,
EVT_DIG001104,vehicle_use,P00127,P00700,LOC0058,2026-06-14 11:13:00,0.99,DIG001104,used a vehicle,,,
EVT_DIG001105,communication,P00158,P00554,LOC0008,2026-04-10 22:38:00,0.99,DIG001105,ಸಂದೇಶ ಕಳುಹಿಸಿದರು,,,
EVT_DIG001106,transfer,P00174,P00369,LOC0006,2026-07-15 01:40:00,0.99,DIG001106,નાણાં મોકલ્યાં,,,
EVT_DIG001107,vehicle_use,P00232,P00869,LOC0134,2026-02-07 19:44:00,0.99,DIG001107,used a vehicle,,,
EVT_DIG001108,meeting,P00035,P00505,LOC0011,2026-05-13 06:00:00,0.99,DIG001108,ملاقات کی,,,
EVT_DIG001109,communication,P00835,P00616,LOC0176,2026-07-23 11:26:00,0.99,DIG001109,செய்தி அனுப்பினார்,,,
EVT_DIG001110,transfer,P00148,P00590,LOC0131,2026-06-01 00:39:00,0.99,DIG001110,টাকা পাঠিয়েছে,,,
EVT_DIG001111,transfer,P00219,P00838,LOC0009,2026-02-03 17:34:00,0.99,DIG001111,টাকা পাঠিয়েছে,,,
EVT_DIG001112,movement,P00305,P00105,LOC0042,2026-05-30 07:16:00,0.99,DIG001112,இடத்தை பகிர்ந்தார்,,,
EVT_DIG001113,meeting,P00635,P00827,LOC0058,2026-06-18 04:32:00,0.99,DIG001113,ਮੁਲਾਕਾਤ ਕੀਤੀ,,,
EVT_DIG001114,meeting,P00130,P00531,LOC0126,2026-02-13 14:09:00,0.99,DIG001114,दौरा किया,,,
EVT_DIG001115,communication,P00340,P00840,LOC0024,2026-01-08 09:45:00,0.99,DIG001115,फोन किया,,,
EVT_DIG001116,communication,P00670,P00454,LOC0009,2026-08-22 17:30:00,0.99,DIG001116,called,,,
EVT_DIG001117,communication,P00437,P00871,LOC0053,2026-03-10 03:28:00,0.99,DIG001117,যোগাযোগ করেছে,,,
EVT_DIG001118,meeting,P00550,P00437,LOC0145,2026-05-12 14:24:00,0.99,DIG001118,சந்தித்தார்,,,
EVT_DIG001119,meeting,P00178,P00448,LOC0150,2026-06-23 23:12:00,0.99,DIG001119,দেখা করেছে,,,
EVT_DIG001120,communication,P00493,P00992,LOC0064,2026-01-27 19:12:00,0.99,DIG001120,സന്ദേശം അയച്ചു,,,
EVT_DIG001121,transfer,P00901,P00620,LOC0130,2026-08-11 13:47:00,0.99,DIG001121,பணம் அனுப்பினார்,,,
EVT_DIG001122,communication,P00632,P00405,LOC0062,2026-06-18 18:09:00,0.99,DIG001122,സന്ദേശം അയച്ചു,,,
EVT_DIG001123,meeting,P00136,P00711,LOC0148,2026-04-26 21:15:00,0.99,DIG001123,দেখা করেছে,,,
EVT_DIG001124,movement,P00999,P00234,LOC0061,2026-02-03 15:47:00,0.99,DIG001124,स्थान साझा किया,,,
EVT_DIG001125,communication,P00859,P00329,LOC0025,2026-05-23 01:05:00,0.99,DIG001125,फोन केला,,,
EVT_DIG001126,transfer,P00194,P00712,LOC0086,2026-06-15 13:38:00,0.99,DIG001126,पैसे पाठवले,,,
EVT_DIG001127,communication,P00284,P00083,LOC0166,2026-01-17 17:08:00,0.99,DIG001127,বার্তা পাঠিয়েছে,,,
EVT_DIG001128,communication,P00421,P00587,LOC0129,2026-04-21 03:35:00,0.99,DIG001128,فون کیا,,,
EVT_DIG001129,meeting,P00616,P00146,LOC0008,2026-07-30 02:48:00,0.99,DIG001129,দেখা করেছে,,,
EVT_DIG001130,meeting,P00366,P00274,LOC0097,2026-07-20 14:03:00,0.99,DIG001130,சந்தித்தார்,,,
EVT_DIG001131,meeting,P00167,P00078,LOC0106,2026-07-05 04:20:00,0.99,DIG001131,കണ്ടുമുട്ടി,,,
EVT_DIG001132,meeting,P00269,P00308,LOC0154,2026-08-22 21:39:00,0.99,DIG001132,ಭೇಟಿ ನೀಡಿದರು,,,
EVT_DIG001133,movement,P00526,P00537,LOC0047,2026-02-22 20:34:00,0.99,DIG001133,സ്ഥലം പങ്കിട്ടു,,,
EVT_DIG001134,movement,P00068,P00384,LOC0050,2026-02-22 01:59:00,0.99,DIG001134,shared a location with,,,
EVT_DIG001135,movement,P00287,P00081,LOC0090,2026-05-14 13:28:00,0.99,DIG001135,shared a location with,,,
EVT_DIG001136,communication,P00391,P00712,LOC0019,2026-03-06 23:24:00,0.99,DIG001136,رابطہ کیا,,,
EVT_DIG001137,movement,P00229,P00402,LOC0023,2026-08-03 20:07:00,0.99,DIG001137,ಸ್ಥಳ ಹಂಚಿಕೊಂಡರು,,,
EVT_DIG001138,communication,P00996,P00255,LOC0023,2026-01-21 09:23:00,0.99,DIG001138,ಕರೆ ಮಾಡಿದರು,,,
EVT_DIG001139,vehicle_use,P00753,P00548,LOC0080,2026-07-20 10:03:00,0.99,DIG001139,used a vehicle,,,
EVT_DIG001140,movement,P00419,P00109,LOC0162,2026-04-28 06:18:00,0.99,DIG001140,مقام شیئر کیا,,,
EVT_DIG001141,communication,P00431,P00226,LOC0057,2026-08-06 21:20:00,0.99,DIG001141,ಸಂದೇಶ ಕಳುಹಿಸಿದರು,,,
EVT_DIG001142,movement,P00837,P00868,LOC0169,2026-08-29 22:17:00,0.99,DIG001142,இடத்தை பகிர்ந்தார்,,,
EVT_DIG001143,communication,P00606,P00108,LOC0053,2026-05-21 13:40:00,0.99,DIG001143,फोन किया,,,
EVT_DIG001144,communication,P00842,P00284,LOC0046,2026-01-29 08:17:00,0.99,DIG001144,సంప్రదించారు,,,
EVT_DIG001145,communication,P00256,P00616,LOC0092,2026-06-05 10:40:00,0.99,DIG001145,ಕರೆ ಮಾಡಿದರು,,,
EVT_DIG001146,communication,P00231,P00517,LOC0077,2026-02-28 03:41:00,0.99,DIG001146,ಸಂಪರ್ಕಿಸಿದರು,,,
EVT_DIG001147,vehicle_use,P00830,P00339,LOC0111,2026-08-24 20:05:00,0.99,DIG001147,used a vehicle,,,
EVT_DIG001148,communication,P00048,P00004,LOC0041,2026-01-10 11:47:00,0.99,DIG001148,sent a message to,,,
EVT_DIG001149,communication,P00175,P00558,LOC0082,2026-04-01 07:58:00,0.99,DIG001149,संपर्क केला,,,
EVT_DIG001150,communication,P00381,P00144,LOC0080,2026-04-05 12:09:00,0.99,DIG001150,ਸੰਪਰਕ ਕੀਤਾ,,,
EVT_DIG001151,meeting,P00183,P00516,LOC0080,2026-06-19 08:05:00,0.99,DIG001151,സന്ദർശിച്ചു,,,
EVT_DIG001152,movement,P00673,P00381,LOC0009,2026-02-21 20:41:00,0.99,DIG001152,સ્થાન શેર કર્યું,,,
EVT_DIG001153,communication,P00929,P00721,LOC0118,2026-01-24 08:05:00,0.99,DIG001153,contacted,,,
EVT_DIG001154,meeting,P00892,P00994,LOC0160,2026-07-12 19:59:00,0.99,DIG001154,కలిశారు,,,
EVT_DIG001155,communication,P00508,P00634,LOC0031,2026-06-09 13:08:00,0.99,DIG001155,বার্তা পাঠিয়েছে,,,
EVT_DIG001156,transfer,P00279,P00535,LOC0127,2026-06-30 16:37:00,0.99,DIG001156,पैसे पाठवले,,,
EVT_DIG001157,communication,P00566,P00945,LOC0097,2026-06-08 06:10:00,0.99,DIG001157,தொடர்பு கொண்டார்,,,
EVT_DIG001158,movement,P00383,P00128,LOC0040,2026-03-27 11:05:00,0.99,DIG001158,સ્થાન શેર કર્યું,,,
EVT_DIG001159,communication,P00491,P00050,LOC0163,2026-04-08 10:59:00,0.99,DIG001159,വിളിച്ചു,,,
EVT_DIG001160,movement,P00856,P00688,LOC0148,2026-06-18 08:19:00,0.99,DIG001160,shared a location with,,,
EVT_DIG001161,meeting,P00539,P00545,LOC0127,2026-07-13 20:15:00,0.99,DIG001161,পরিদর্শন করেছে,,,
EVT_DIG001162,transfer,P00584,P00644,LOC0138,2026-07-11 06:47:00,0.99,DIG001162,धन भेजा,,,
EVT_DIG001163,movement,P00533,P00819,LOC0101,2026-08-13 06:13:00,0.99,DIG001163,स्थान साझा किया,,,
EVT_DIG001164,communication,P00803,P00355,LOC0065,2026-05-29 13:30:00,0.99,DIG001164,தொடர்பு கொண்டார்,,,
EVT_DIG001165,meeting,P00604,P00452,LOC0043,2026-01-01 21:43:00,0.99,DIG001165,ಭೇಟಿ ನೀಡಿದರು,,,
EVT_DIG001166,transfer,P00226,P00667,LOC0101,2026-05-15 17:44:00,0.99,DIG001166,ಹಣ ಕಳುಹಿಸಿದರು,,,
EVT_DIG001167,communication,P00295,P00106,LOC0126,2026-06-05 20:29:00,0.99,DIG001167,ਸੰਪਰਕ ਕੀਤਾ,,,
EVT_DIG001168,movement,P00366,P00637,LOC0081,2026-02-14 00:55:00,0.99,DIG001168,ਸਥਾਨ ਸਾਂਝਾ ਕੀਤਾ,,,
EVT_DIG001169,vehicle_use,P00479,P00264,LOC0030,2026-04-21 06:54:00,0.99,DIG001169,वाहन का उपयोग किया,,,
EVT_DIG001170,meeting,P00963,P00328,LOC0073,2026-03-04 06:54:00,0.99,DIG001170,వెళ్లారు,,,
EVT_DIG001171,communication,P00225,P00721,LOC0150,2026-06-10 11:10:00,0.99,DIG001171,સંદેશ મોકલ્યો,,,
EVT_DIG001172,transfer,P00357,P00689,LOC0066,2026-08-21 06:44:00,0.99,DIG001172,பணம் அனுப்பினார்,,,
EVT_DIG001173,transfer,P00251,P00512,LOC0116,2026-01-06 08:34:00,0.99,DIG001173,transferred funds to,,,
EVT_DIG001174,meeting,P00237,P00956,LOC0070,2026-06-04 01:27:00,0.99,DIG001174,मिला,,,
EVT_DIG001175,movement,P00258,P00326,LOC0092,2026-04-01 16:09:00,0.99,DIG001175,مقام شیئر کیا,,,
EVT_DIG001176,meeting,P00397,P00587,LOC0036,2026-02-07 01:34:00,0.99,DIG001176,కలిశారు,,,
EVT_DIG001177,movement,P00496,P00474,LOC0083,2026-08-16 18:45:00,0.99,DIG001177,ਸਥਾਨ ਸਾਂਝਾ ਕੀਤਾ,,,
EVT_DIG001178,communication,P00551,P00120,LOC0043,2026-05-19 12:17:00,0.99,DIG001178,संदेश पाठवला,,,
EVT_DIG001179,meeting,P00368,P00242,LOC0082,2026-01-10 13:33:00,0.99,DIG001179,ਮਿਲਿਆ,,,
EVT_DIG001180,meeting,P00914,P00467,LOC0130,2026-08-19 20:49:00,0.99,DIG001180,met,,,
EVT_DIG001181,meeting,P00653,P00074,LOC0063,2026-03-22 14:25:00,0.99,DIG001181,சந்தித்தார்,,,
EVT_DIG001182,communication,P00893,P00605,LOC0056,2026-07-13 06:17:00,0.99,DIG001182,ബന്ധപ്പെട്ടു,,,
EVT_DIG001183,movement,P00993,P00399,LOC0050,2026-07-25 10:10:00,0.99,DIG001183,ਸਥਾਨ ਸਾਂਝਾ ਕੀਤਾ,,,
EVT_DIG001184,meeting,P00333,P00347,LOC0096,2026-06-22 20:52:00,0.99,DIG001184,دورہ کیا,,,
EVT_DIG001185,transfer,P00531,P00437,LOC0135,2026-03-27 04:46:00,0.99,DIG001185,డబ్బు పంపారు,,,
EVT_DIG001186,communication,P00301,P00125,LOC0150,2026-05-14 16:51:00,0.99,DIG001186,संपर्क केला,,,
EVT_DIG001187,communication,P00599,P00055,LOC0159,2026-03-28 19:10:00,0.99,DIG001187,సందేశం పంపారు,,,
EVT_DIG001188,meeting,P00368,P00004,LOC0006,2026-03-15 07:42:00,0.99,DIG001188,भेट दिली,,,
EVT_DIG001189,vehicle_use,P00618,P00254,LOC0035,2026-01-05 01:46:00,0.99,DIG001189,वाहन का उपयोग किया,,,
EVT_DIG001190,meeting,P00537,P00450,LOC0087,2026-07-23 06:03:00,0.99,DIG001190,കണ്ടുമുട്ടി,,,
EVT_DIG001191,transfer,P00058,P00126,LOC0041,2026-01-19 12:25:00,0.99,DIG001191,ಹಣ ಕಳುಹಿಸಿದರು,,,
EVT_DIG001192,meeting,P00920,P00736,LOC0148,2026-05-20 09:46:00,0.99,DIG001192,സന്ദർശിച്ചു,,,
EVT_DIG001193,communication,P00373,P00780,LOC0067,2026-05-17 12:02:00,0.99,DIG001193,ಸಂಪರ್ಕಿಸಿದರು,,,
EVT_DIG001194,movement,P00813,P00274,LOC0010,2026-05-04 08:54:00,0.99,DIG001194,સ્થાન શેર કર્યું,,,
EVT_DIG001195,communication,P00238,P00483,LOC0140,2026-02-02 16:41:00,0.99,DIG001195,വിളിച്ചു,,,
EVT_DIG001196,transfer,P00803,P00403,LOC0145,2026-03-15 18:03:00,0.99,DIG001196,ਪੈਸੇ ਭੇਜੇ,,,
EVT_DIG001197,movement,P00872,P00254,LOC0081,2026-04-13 10:38:00,0.99,DIG001197,ਸਥਾਨ ਸਾਂਝਾ ਕੀਤਾ,,,
EVT_DIG001198,communication,P00057,P00365,LOC0133,2026-07-27 02:57:00,0.99,DIG001198,فون کیا,,,
EVT_DIG001199,communication,P00102,P00125,LOC0171,2026-03-12 14:45:00,0.99,DIG001199,called,,,
EVT_DIG001200,communication,P00004,P00299,LOC0162,2026-02-26 04:51:00,0.99,DIG001200,फोन केला,,,
EVT_DIG001201,communication,P00661,P00398,LOC0037,2026-07-12 10:56:00,0.99,DIG001201,ಸಂದೇಶ ಕಳುಹಿಸಿದರು,,,
EVT_DIG001202,communication,P00906,P00957,LOC0101,2026-04-15 13:26:00,0.99,DIG001202,رابطہ کیا,,,
EVT_DIG001203,communication,P00153,P00681,LOC0107,2026-01-22 23:49:00,0.99,DIG001203,அழைத்தார்,,,
EVT_DIG001204,transfer,P00339,P00859,LOC0173,2026-06-05 08:57:00,0.99,DIG001204,धन भेजा,,,
EVT_DIG001205,meeting,P00886,P00045,LOC0049,2026-04-17 00:14:00,0.99,DIG001205,دورہ کیا,,,
EVT_DIG001206,communication,P00988,P00708,LOC0026,2026-02-26 13:10:00,0.99,DIG001206,ಕರೆ ಮಾಡಿದರು,,,
EVT_DIG001207,movement,P00235,P00103,LOC0025,2026-04-29 04:13:00,0.99,DIG001207,స్థానం పంచుకున్నారు,,,
EVT_DIG001208,meeting,P00857,P00656,LOC0095,2026-07-21 12:57:00,0.99,DIG001208,കണ്ടുമുട്ടി,,,
EVT_DIG001209,meeting,P00524,P00769,LOC0010,2026-02-08 12:38:00,0.99,DIG001209,ಭೇಟಿಯಾದರು,,,
EVT_DIG001210,communication,P00359,P00483,LOC0125,2026-06-26 03:47:00,0.99,DIG001210,संपर्क किया,,,
EVT_DIG001211,meeting,P00049,P00868,LOC0065,2026-01-10 15:15:00,0.99,DIG001211,ಭೇಟಿ ನೀಡಿದರು,,,
EVT_DIG001212,communication,P00214,P00881,LOC0006,2026-04-15 22:14:00,0.99,DIG001212,sent a message to,,,
EVT_DIG001213,meeting,P00217,P00474,LOC0110,2026-04-27 10:39:00,0.99,DIG001213,കണ്ടുമുട്ടി,,,
EVT_DIG001214,transfer,P00082,P00736,LOC0138,2026-03-13 18:53:00,0.99,DIG001214,رقم منتقل کی,,,
EVT_DIG001215,communication,P00427,P00734,LOC0088,2026-02-27 23:41:00,0.99,DIG001215,సందేశం పంపారు,,,
EVT_DIG001216,meeting,P00758,P00995,LOC0008,2026-05-07 02:41:00,0.99,DIG001216,મુલાકાત લીધી,,,
EVT_DIG001217,movement,P00946,P00697,LOC0003,2026-08-11 15:39:00,0.99,DIG001217,స్థానం పంచుకున్నారు,,,
EVT_DIG001218,meeting,P00305,P00487,LOC0149,2026-05-30 01:07:00,0.99,DIG001218,visited,,,
EVT_DIG001219,meeting,P00084,P00251,LOC0124,2026-04-27 21:35:00,0.99,DIG001219,পরিদর্শন করেছে,,,
EVT_DIG001220,meeting,P00540,P00454,LOC0047,2026-03-16 14:41:00,0.99,DIG001220,পরিদর্শন করেছে,,,
EVT_DIG001221,communication,P00333,P00004,LOC0150,2026-07-23 21:09:00,0.99,DIG001221,ਸੰਪਰਕ ਕੀਤਾ,,,
EVT_DIG001222,movement,P00620,P00145,LOC0014,2026-08-23 08:52:00,0.99,DIG001222,സ്ഥലം പങ്കിട്ടു,,,
EVT_DIG001223,meeting,P00476,P00322,LOC0145,2026-04-23 04:50:00,0.99,DIG001223,ಭೇಟಿ ನೀಡಿದರು,,,
EVT_DIG001224,communication,P00235,P00420,LOC0175,2026-03-22 02:49:00,0.99,DIG001224,संदेश पाठवला,,,
EVT_DIG001225,movement,P00949,P00619,LOC0094,2026-08-16 23:33:00,0.99,DIG001225,স্থান ভাগ করেছে,,,
EVT_DIG001226,meeting,P00409,P00505,LOC0085,2026-08-02 11:25:00,0.99,DIG001226,സന്ദർശിച്ചു,,,
EVT_DIG001227,movement,P00559,P00672,LOC0157,2026-03-18 19:54:00,0.99,DIG001227,स्थान साझा किया,,,
EVT_DIG001228,communication,P00234,P00252,LOC0152,2026-01-03 15:06:00,0.99,DIG001228,ಕರೆ ಮಾಡಿದರು,,,
EVT_DIG001229,communication,P00922,P00241,LOC0054,2026-07-28 07:24:00,0.99,DIG001229,فون کیا,,,
EVT_DIG001230,meeting,P00140,P00801,LOC0051,2026-06-04 18:37:00,0.99,DIG001230,भेट दिली,,,
EVT_DIG001231,meeting,P00777,P00988,LOC0081,2026-06-25 19:19:00,0.99,DIG001231,મુલાકાત લીધી,,,
EVT_DIG001232,communication,P00599,P00168,LOC0049,2026-08-30 08:32:00,0.99,DIG001232,સંદેશ મોકલ્યો,,,
EVT_DIG001233,meeting,P00027,P00038,LOC0150,2026-07-16 22:40:00,0.99,DIG001233,ಭೇಟಿ ನೀಡಿದರು,,,
EVT_DIG001234,communication,P00992,P00923,LOC0120,2026-04-29 08:00:00,0.99,DIG001234,ફોન કર્યો,,,
EVT_DIG001235,communication,P00774,P00727,LOC0131,2026-03-30 12:27:00,0.99,DIG001235,संदेश पाठवला,,,
EVT_DIG001236,communication,P00611,P00822,LOC0109,2026-02-12 11:35:00,0.99,DIG001236,ಕರೆ ಮಾಡಿದರು,,,
EVT_DIG001237,movement,P00601,P00041,LOC0088,2026-06-14 22:48:00,0.99,DIG001237,ಸ್ಥಳ ಹಂಚಿಕೊಂಡರು,,,
EVT_DIG001238,communication,P00791,P00386,LOC0049,2026-03-09 12:56:00,0.99,DIG001238,যোগাযোগ করেছে,,,
EVT_DIG001239,transfer,P00690,P00402,LOC0136,2026-06-11 14:31:00,0.99,DIG001239,ਪੈਸੇ ਭੇਜੇ,,,
EVT_DIG001240,meeting,P00857,P00259,LOC0171,2026-06-01 10:02:00,0.99,DIG001240,મુલાકાત લીધી,,,
EVT_DIG001241,movement,P00045,P00954,LOC0062,2026-05-01 14:03:00,0.99,DIG001241,స్థానం పంచుకున్నారు,,,
EVT_DIG001242,transfer,P00724,P00943,LOC0091,2026-02-27 01:15:00,0.99,DIG001242,transferred funds to,,,
EVT_DIG001243,communication,P00974,P00047,LOC0140,2026-05-16 06:11:00,0.99,DIG001243,સંપર્ક કર્યો,,,
EVT_DIG001244,meeting,P00041,P00474,LOC0094,2026-05-10 19:44:00,0.99,DIG001244,મળ્યા,,,
EVT_DIG001245,communication,P00875,P00376,LOC0009,2026-08-10 17:45:00,0.99,DIG001245,फोन केला,,,
EVT_DIG001246,movement,P00481,P00765,LOC0066,2026-03-31 01:14:00,0.99,DIG001246,સ્થાન શેર કર્યું,,,
EVT_DIG001247,meeting,P00125,P00717,LOC0028,2026-03-17 09:24:00,0.99,DIG001247,পরিদর্শন করেছে,,,
EVT_DIG001248,meeting,P00376,P00445,LOC0017,2026-03-01 10:11:00,0.99,DIG001248,મુલાકાત લીધી,,,
EVT_DIG001249,movement,P00220,P00661,LOC0088,2026-06-27 10:18:00,0.99,DIG001249,shared a location with,,,
EVT_DIG001250,communication,P00513,P00614,LOC0021,2026-01-25 03:37:00,0.99,DIG001250,संपर्क केला,,,
EVT_DIG001251,meeting,P00010,P00223,LOC0107,2026-07-10 03:57:00,0.99,DIG001251,met,,,
EVT_DIG001252,meeting,P00845,P00923,LOC0101,2026-07-17 18:54:00,0.99,DIG001252,મળ્યા,,,
EVT_DIG001253,communication,P00417,P00043,LOC0150,2026-03-29 22:36:00,0.99,DIG001253,فون کیا,,,
EVT_DIG001254,meeting,P00484,P00541,LOC0073,2026-08-30 00:01:00,0.99,DIG001254,दौरा किया,,,
EVT_DIG001255,communication,P00765,P00061,LOC0017,2026-07-01 22:47:00,0.99,DIG001255,செய்தி அனுப்பினார்,,,
EVT_DIG001256,communication,P00491,P00427,LOC0118,2026-04-09 12:01:00,0.99,DIG001256,ফোন করেছে,,,
EVT_DIG001257,communication,P00865,P00731,LOC0162,2026-07-16 03:15:00,0.99,DIG001257,फोन केला,,,
EVT_DIG001258,meeting,P00504,P00689,LOC0094,2026-07-23 00:22:00,0.99,DIG001258,சென்றார்,,,
EVT_DIG001259,communication,P00665,P00626,LOC0132,2026-08-11 08:20:00,0.99,DIG001259,સંપર્ક કર્યો,,,
EVT_DIG001260,communication,P00559,P00915,LOC0103,2026-04-13 08:14:00,0.99,DIG001260,فون کیا,,,
EVT_DIG001261,meeting,P00537,P00800,LOC0152,2026-08-26 15:43:00,0.99,DIG001261,दौरा किया,,,
EVT_DIG001262,movement,P00060,P00568,LOC0010,2026-07-16 13:54:00,0.99,DIG001262,இடத்தை பகிர்ந்தார்,,,
EVT_DIG001263,meeting,P00553,P00194,LOC0022,2026-01-12 18:09:00,0.99,DIG001263,ਮੁਲਾਕਾਤ ਕੀਤੀ,,,
EVT_DIG001264,meeting,P00049,P00059,LOC0024,2026-04-04 06:56:00,0.99,DIG001264,મળ્યા,,,
EVT_DIG001265,communication,P00168,P00795,LOC0083,2026-07-05 01:07:00,0.99,DIG001265,ಸಂದೇಶ ಕಳುಹಿಸಿದರು,,,
EVT_DIG001266,communication,P00291,P00072,LOC0069,2026-05-27 14:11:00,0.99,DIG001266,ಸಂಪರ್ಕಿಸಿದರು,,,
EVT_DIG001267,movement,P00442,P00836,LOC0094,2026-02-05 23:31:00,0.99,DIG001267,स्थान साझा किया,,,
EVT_DIG001268,communication,P00073,P00340,LOC0158,2026-07-13 20:30:00,0.99,DIG001268,ಕರೆ ಮಾಡಿದರು,,,
EVT_DIG001269,communication,P00012,P00318,LOC0128,2026-08-11 06:56:00,0.99,DIG001269,called,,,
EVT_DIG001270,movement,P00705,P00148,LOC0114,2026-04-08 04:35:00,0.99,DIG001270,સ્થાન શેર કર્યું,,,
EVT_DIG001271,meeting,P00573,P00538,LOC0099,2026-05-16 23:48:00,0.99,DIG001271,দেখা করেছে,,,
EVT_DIG001272,communication,P00955,P00334,LOC0066,2026-08-13 19:19:00,0.99,DIG001272,సంప్రదించారు,,,
EVT_DIG001273,communication,P00915,P00321,LOC0162,2026-08-13 22:00:00,0.99,DIG001273,فون کیا,,,
EVT_DIG001274,transfer,P00108,P00337,LOC0091,2026-03-29 17:36:00,0.99,DIG001274,പണം അയച്ചു,,,
EVT_DIG001275,communication,P00557,P00010,LOC0172,2026-04-03 04:07:00,0.99,DIG001275,فون کیا,,,
EVT_DIG001276,movement,P00059,P00094,LOC0020,2026-06-01 21:24:00,0.99,DIG001276,ಸ್ಥಳ ಹಂಚಿಕೊಂಡರು,,,
EVT_DIG001277,communication,P00813,P00994,LOC0084,2026-06-29 04:40:00,0.99,DIG001277,संदेश भेजा,,,
EVT_DIG001278,communication,P00545,P00639,LOC0080,2026-05-04 03:08:00,0.99,DIG001278,বার্তা পাঠিয়েছে,,,
EVT_DIG001279,communication,P00529,P00067,LOC0082,2026-07-23 11:53:00,0.99,DIG001279,அழைத்தார்,,,
EVT_DIG001280,communication,P00979,P00508,LOC0117,2026-07-10 01:28:00,0.99,DIG001280,ബന്ധപ്പെട്ടു,,,
EVT_DIG001281,communication,P00961,P00208,LOC0156,2026-03-21 00:58:00,0.99,DIG001281,அழைத்தார்,,,
EVT_DIG001282,communication,P00367,P00894,LOC0045,2026-03-06 12:58:00,0.99,DIG001282,called,,,
EVT_DIG001283,movement,P00483,P00231,LOC0122,2026-04-20 19:22:00,0.99,DIG001283,ਸਥਾਨ ਸਾਂਝਾ ਕੀਤਾ,,,
EVT_DIG001284,meeting,P00497,P00588,LOC0098,2026-05-23 00:20:00,0.99,DIG001284,পরিদর্শন করেছে,,,
EVT_DIG001285,communication,P00168,P00034,LOC0079,2026-03-31 11:17:00,0.99,DIG001285,پیغام بھیجا,,,
EVT_DIG001286,communication,P00112,P00050,LOC0044,2026-08-31 09:31:00,0.99,DIG001286,संपर्क किया,,,
EVT_DIG001287,movement,P00508,P00131,LOC0083,2026-04-21 11:53:00,0.99,DIG001287,ਸਥਾਨ ਸਾਂਝਾ ਕੀਤਾ,,,
EVT_DIG001288,communication,P00556,P00282,LOC0004,2026-01-07 11:14:00,0.99,DIG001288,ਸੰਪਰਕ ਕੀਤਾ,,,
EVT_DIG001289,communication,P00093,P00575,LOC0146,2026-06-30 06:27:00,0.99,DIG001289,संदेश पाठवला,,,
EVT_DIG001290,communication,P00065,P00191,LOC0054,2026-01-09 07:15:00,0.99,DIG001290,فون کیا,,,
EVT_DIG001291,communication,P00891,P00942,LOC0038,2026-05-03 01:38:00,0.99,DIG001291,फोन किया,,,
EVT_DIG001292,communication,P00569,P00965,LOC0008,2026-04-15 21:04:00,0.99,DIG001292,સંપર્ક કર્યો,,,
EVT_DIG001293,communication,P00092,P00320,LOC0146,2026-06-04 00:41:00,0.99,DIG001293,ఫోన్ చేశారు,,,
EVT_DIG001294,meeting,P00030,P00391,LOC0031,2026-04-04 15:01:00,0.99,DIG001294,కలిశారు,,,
EVT_DIG001295,communication,P00206,P00788,LOC0098,2026-07-28 13:11:00,0.99,DIG001295,സന്ദേശം അയച്ചു,,,
EVT_DIG001296,communication,P00519,P00223,LOC0081,2026-06-04 07:09:00,0.99,DIG001296,సందేశం పంపారు,,,
EVT_DIG001297,transfer,P00697,P00710,LOC0175,2026-03-09 18:55:00,0.99,DIG001297,টাকা পাঠিয়েছে,,,
EVT_DIG001298,communication,P00911,P00097,LOC0135,2026-05-06 08:24:00,0.99,DIG001298,સંદેશ મોકલ્યો,,,
EVT_DIG001299,communication,P00101,P00010,LOC0015,2026-08-18 02:10:00,0.99,DIG001299,संदेश भेजा,,,
EVT_DIG001300,communication,P00434,P00029,LOC0176,2026-02-16 07:41:00,0.99,DIG001300,যোগাযোগ করেছে,,,
EVT_DIG001301,meeting,P00540,P00789,LOC0108,2026-04-13 23:55:00,0.99,DIG001301,சந்தித்தார்,,,
EVT_DIG001302,communication,P00035,P00437,LOC0002,2026-01-27 19:51:00,0.99,DIG001302,যোগাযোগ করেছে,,,
EVT_DIG001303,meeting,P00269,P00100,LOC0138,2026-04-09 07:10:00,0.99,DIG001303,ਮੁਲਾਕਾਤ ਕੀਤੀ,,,
EVT_DIG001304,communication,P00284,P00891,LOC0006,2026-03-23 21:13:00,0.99,DIG001304,ബന്ധപ്പെട്ടു,,,
EVT_DIG001305,meeting,P00335,P00768,LOC0140,2026-05-11 15:02:00,0.99,DIG001305,சந்தித்தார்,,,
EVT_DIG001306,communication,P00930,P00519,LOC0041,2026-04-18 10:12:00,0.99,DIG001306,அழைத்தார்,,,
EVT_DIG001307,meeting,P00368,P00250,LOC0177,2026-03-03 03:25:00,0.99,DIG001307,കണ്ടുമുട്ടി,,,
EVT_DIG001308,movement,P00084,P00046,LOC0042,2026-06-06 22:04:00,0.99,DIG001308,സ്ഥലം പങ്കിട്ടു,,,
EVT_DIG001309,transfer,P00275,P00956,LOC0014,2026-07-28 19:53:00,0.99,DIG001309,رقم منتقل کی,,,
EVT_DIG001310,communication,P00946,P00760,LOC0167,2026-08-22 20:48:00,0.99,DIG001310,फोन केला,,,
EVT_DIG001311,meeting,P00604,P00826,LOC0078,2026-04-24 19:53:00,0.99,DIG001311,भेटला,,,
EVT_DIG001312,transfer,P00146,P00392,LOC0138,2026-03-19 07:14:00,0.99,DIG001312,transferred funds to,,,
EVT_DIG001313,communication,P00091,P00870,LOC0132,2026-08-01 20:50:00,0.99,DIG001313,വിളിച്ചു,,,
EVT_DIG001314,meeting,P00856,P00855,LOC0160,2026-02-09 17:41:00,0.99,DIG001314,পরিদর্শন করেছে,,,
EVT_DIG001315,communication,P00492,P00742,LOC0021,2026-01-03 12:10:00,0.99,DIG001315,ફોન કર્યો,,,
EVT_DIG001316,communication,P00159,P00360,LOC0016,2026-01-17 03:11:00,0.99,DIG001316,संपर्क केला,,,
EVT_DIG001317,communication,P00200,P00169,LOC0120,2026-07-13 02:15:00,0.99,DIG001317,संपर्क किया,,,
EVT_DIG001318,meeting,P00186,P00793,LOC0084,2026-06-28 06:05:00,0.99,DIG001318,சந்தித்தார்,,,
EVT_DIG001319,meeting,P00926,P00318,LOC0030,2026-02-19 23:27:00,0.99,DIG001319,دورہ کیا,,,
EVT_DIG001320,meeting,P00835,P00913,LOC0150,2026-01-13 21:31:00,0.99,DIG001320,मिला,,,
EVT_DIG001321,movement,P00641,P00643,LOC0021,2026-06-14 07:22:00,0.99,DIG001321,ಸ್ಥಳ ಹಂಚಿಕೊಂಡರು,,,
EVT_DIG001322,communication,P00241,P00374,LOC0114,2026-08-30 05:58:00,0.99,DIG001322,સંદેશ મોકલ્યો,,,
EVT_DIG001323,transfer,P00289,P00867,LOC0095,2026-06-26 02:21:00,0.99,DIG001323,transferred funds to,,,
EVT_DIG001324,communication,P00911,P00129,LOC0168,2026-07-03 22:42:00,0.99,DIG001324,যোগাযোগ করেছে,,,
EVT_DIG001325,meeting,P00794,P00643,LOC0053,2026-04-14 13:06:00,0.99,DIG001325,visited,,,
EVT_DIG001326,vehicle_use,P00451,P00443,LOC0102,2026-06-04 14:26:00,0.99,DIG001326,used a vehicle,,,
EVT_DIG001327,transfer,P00204,P00062,LOC0030,2026-03-13 10:55:00,0.99,DIG001327,رقم منتقل کی,,,
EVT_DIG001328,transfer,P00510,P00793,LOC0020,2026-08-18 14:21:00,0.99,DIG001328,பணம் அனுப்பினார்,,,
EVT_DIG001329,communication,P00453,P00544,LOC0148,2026-06-21 16:39:00,0.99,DIG001329,संदेश भेजा,,,
EVT_DIG001330,meeting,P00648,P00634,LOC0088,2026-01-09 21:04:00,0.99,DIG001330,കണ്ടുമുട്ടി,,,
EVT_DIG001331,communication,P00580,P00009,LOC0081,2026-05-12 23:15:00,0.99,DIG001331,సంప్రదించారు,,,
EVT_DIG001332,movement,P00501,P00034,LOC0164,2026-03-03 12:33:00,0.99,DIG001332,స్థానం పంచుకున్నారు,,,
EVT_DIG001333,transfer,P00929,P00266,LOC0159,2026-07-07 23:58:00,0.99,DIG001333,പണം അയച്ചു,,,
EVT_DIG001334,communication,P00487,P00680,LOC0144,2026-04-22 05:44:00,0.99,DIG001334,যোগাযোগ করেছে,,,
EVT_DIG001335,transfer,P00621,P00732,LOC0087,2026-02-17 02:09:00,0.99,DIG001335,पैसे पाठवले,,,
EVT_DIG001336,meeting,P00921,P00268,LOC0165,2026-04-09 08:37:00,0.99,DIG001336,भेट दिली,,,
EVT_DIG001337,movement,P00469,P00486,LOC0037,2026-07-28 05:22:00,0.99,DIG001337,સ્થાન શેર કર્યું,,,
EVT_DIG001338,communication,P00378,P00176,LOC0071,2026-02-18 03:26:00,0.99,DIG001338,رابطہ کیا,,,
EVT_DIG001339,meeting,P00569,P00474,LOC0115,2026-08-17 20:46:00,0.99,DIG001339,சந்தித்தார்,,,
EVT_DIG001340,communication,P00705,P00515,LOC0117,2026-02-03 12:53:00,0.99,DIG001340,ફોન કર્યો,,,
EVT_DIG001341,communication,P00959,P00778,LOC0119,2026-03-30 02:29:00,0.99,DIG001341,വിളിച്ചു,,,
EVT_DIG001342,vehicle_use,P00203,P00545,LOC0049,2026-06-27 03:28:00,0.99,DIG001342,used a vehicle,,,
EVT_DIG001343,transfer,P00023,P00824,LOC0045,2026-02-08 23:14:00,0.99,DIG001343,பணம் அனுப்பினார்,,,
EVT_DIG001344,meeting,P00040,P00785,LOC0080,2026-01-15 13:11:00,0.99,DIG001344,ملاقات کی,,,
EVT_DIG001345,meeting,P00893,P00570,LOC0066,2026-01-15 01:57:00,0.99,DIG001345,ਮੁਲਾਕਾਤ ਕੀਤੀ,,,
EVT_DIG001346,transfer,P00168,P00487,LOC0145,2026-05-25 14:16:00,0.99,DIG001346,ಹಣ ಕಳುಹಿಸಿದರು,,,
EVT_DIG001347,communication,P00433,P00147,LOC0072,2026-05-27 20:33:00,0.99,DIG001347,સંદેશ મોકલ્યો,,,
EVT_DIG001348,communication,P00715,P00999,LOC0138,2026-08-01 04:39:00,0.99,DIG001348,رابطہ کیا,,,
EVT_DIG001349,communication,P00933,P00327,LOC0171,2026-06-03 20:37:00,0.99,DIG001349,संदेश पाठवला,,,
EVT_DIG001350,communication,P00564,P00214,LOC0046,2026-08-30 15:50:00,0.99,DIG001350,ಕರೆ ಮಾಡಿದರು,,,
EVT_DIG001351,movement,P00258,P00540,LOC0145,2026-06-03 19:03:00,0.99,DIG001351,స్థానం పంచుకున్నారు,,,
EVT_DIG001352,transfer,P00322,P00542,LOC0098,2026-06-16 21:59:00,0.99,DIG001352,টাকা পাঠিয়েছে,,,
EVT_DIG001353,movement,P00628,P00562,LOC0120,2026-04-08 06:57:00,0.99,DIG001353,স্থান ভাগ করেছে,,,
EVT_DIG001354,communication,P00849,P00981,LOC0126,2026-04-18 13:03:00,0.99,DIG001354,ബന്ധപ്പെട്ടു,,,
EVT_DIG001355,communication,P00453,P00558,LOC0056,2026-07-09 00:23:00,0.99,DIG001355,ফোন করেছে,,,
EVT_DIG001356,transfer,P00063,P00773,LOC0049,2026-03-09 11:13:00,0.99,DIG001356,ਪੈਸੇ ਭੇਜੇ,,,
EVT_DIG001357,transfer,P00629,P00140,LOC0174,2026-04-11 23:16:00,0.99,DIG001357,رقم منتقل کی,,,
EVT_DIG001358,communication,P00495,P00466,LOC0144,2026-07-24 06:31:00,0.99,DIG001358,संपर्क केला,,,
EVT_DIG001359,meeting,P00124,P00287,LOC0173,2026-06-04 03:08:00,0.99,DIG001359,சந்தித்தார்,,,
EVT_DIG001360,transfer,P00902,P00804,LOC0063,2026-06-09 11:27:00,0.99,DIG001360,ಹಣ ಕಳುಹಿಸಿದರು,,,
EVT_DIG001361,communication,P00808,P00539,LOC0051,2026-02-03 17:38:00,0.99,DIG001361,సందేశం పంపారు,,,
EVT_DIG001362,transfer,P00770,P00368,LOC0158,2026-04-15 18:29:00,0.99,DIG001362,ಹಣ ಕಳುಹಿಸಿದರು,,,
EVT_DIG001363,meeting,P00804,P00935,LOC0161,2026-07-21 22:47:00,0.99,DIG001363,ಭೇಟಿ ನೀಡಿದರು,,,
EVT_DIG001364,movement,P00295,P00494,LOC0105,2026-01-17 02:43:00,0.99,DIG001364,স্থান ভাগ করেছে,,,
EVT_DIG001365,meeting,P00845,P00703,LOC0025,2026-03-25 15:22:00,0.99,DIG001365,পরিদর্শন করেছে,,,
EVT_DIG001366,communication,P00482,P00302,LOC0024,2026-07-14 19:54:00,0.99,DIG001366,ఫోన్ చేశారు,,,
EVT_DIG001367,communication,P00660,P00320,LOC0154,2026-08-20 12:41:00,0.99,DIG001367,فون کیا,,,
EVT_DIG001368,movement,P00704,P00720,LOC0056,2026-01-05 19:28:00,0.99,DIG001368,સ્થાન શેર કર્યું,,,
EVT_DIG001369,transfer,P00673,P00151,LOC0171,2026-02-17 18:18:00,0.99,DIG001369,డబ్బు పంపారు,,,
EVT_DIG001370,transfer,P00777,P00344,LOC0086,2026-06-19 18:39:00,0.99,DIG001370,ਪੈਸੇ ਭੇਜੇ,,,
EVT_DIG001371,transfer,P00261,P00709,LOC0175,2026-05-09 10:46:00,0.99,DIG001371,ਪੈਸੇ ਭੇਜੇ,,,
EVT_DIG001372,communication,P00571,P00936,LOC0133,2026-04-29 04:39:00,0.99,DIG001372,ബന്ധപ്പെട്ടു,,,
EVT_DIG001373,meeting,P00164,P00677,LOC0036,2026-08-03 03:18:00,0.99,DIG001373,met,,,
EVT_DIG001374,meeting,P00662,P00796,LOC0033,2026-06-16 05:00:00,0.99,DIG001374,ملاقات کی,,,
EVT_DIG001375,communication,P00447,P00933,LOC0097,2026-07-14 16:47:00,0.99,DIG001375,ফোন করেছে,,,
EVT_DIG001376,transfer,P00319,P00679,LOC0092,2026-02-09 16:57:00,0.99,DIG001376,பணம் அனுப்பினார்,,,
EVT_DIG001377,transfer,P00780,P00879,LOC0057,2026-07-29 15:54:00,0.99,DIG001377,பணம் அனுப்பினார்,,,
EVT_DIG001378,communication,P00955,P00804,LOC0062,2026-06-08 00:34:00,0.99,DIG001378,sent a message to,,,
EVT_DIG001379,movement,P00788,P00903,LOC0007,2026-05-29 15:45:00,0.99,DIG001379,مقام شیئر کیا,,,
EVT_DIG001380,meeting,P00226,P00636,LOC0174,2026-01-30 08:27:00,0.99,DIG001380,ಭೇಟಿ ನೀಡಿದರು,,,
EVT_DIG001381,transfer,P00722,P00309,LOC0155,2026-06-09 01:18:00,0.99,DIG001381,ਪੈਸੇ ਭੇਜੇ,,,
EVT_DIG001382,communication,P00910,P00195,LOC0100,2026-02-27 01:20:00,0.99,DIG001382,ബന്ധപ്പെട്ടു,,,
EVT_DIG001383,meeting,P00860,P00574,LOC0062,2026-07-30 20:41:00,0.99,DIG001383,ಭೇಟಿಯಾದರು,,,
EVT_DIG001384,communication,P00205,P00237,LOC0087,2026-03-27 19:24:00,0.99,DIG001384,संदेश पाठवला,,,
EVT_DIG001385,movement,P00849,P00154,LOC0117,2026-05-11 19:56:00,0.99,DIG001385,இடத்தை பகிர்ந்தார்,,,
EVT_DIG001386,movement,P00977,P00468,LOC0123,2026-01-01 13:55:00,0.99,DIG001386,இடத்தை பகிர்ந்தார்,,,
EVT_DIG001387,communication,P00355,P00640,LOC0041,2026-01-11 16:33:00,0.99,DIG001387,رابطہ کیا,,,
EVT_DIG001388,meeting,P00476,P00921,LOC0022,2026-01-25 02:16:00,0.99,DIG001388,met,,,
EVT_DIG001389,meeting,P00431,P00866,LOC0085,2026-04-11 21:04:00,0.99,DIG001389,دورہ کیا,,,
EVT_DIG001390,meeting,P00924,P00045,LOC0170,2026-01-24 18:07:00,0.99,DIG001390,ਮਿਲਿਆ,,,
EVT_DIG001391,meeting,P00959,P00259,LOC0137,2026-05-02 01:38:00,0.99,DIG001391,ملاقات کی,,,
EVT_DIG001392,communication,P00568,P00286,LOC0041,2026-06-18 06:57:00,0.99,DIG001392,ফোন করেছে,,,
EVT_DIG001393,meeting,P00802,P00929,LOC0051,2026-05-03 15:33:00,0.99,DIG001393,দেখা করেছে,,,
EVT_DIG001394,communication,P00201,P00741,LOC0030,2026-08-21 01:42:00,0.99,DIG001394,സന്ദേശം അയച്ചു,,,
EVT_DIG001395,communication,P00644,P00162,LOC0150,2026-01-02 20:00:00,0.99,DIG001395,సందేశం పంపారు,,,
EVT_DIG001396,meeting,P00903,P00545,LOC0011,2026-03-10 15:09:00,0.99,DIG001396,দেখা করেছে,,,
EVT_DIG001397,communication,P00954,P00638,LOC0003,2026-08-10 11:48:00,0.99,DIG001397,called,,,
EVT_DIG001398,communication,P00854,P00083,LOC0042,2026-03-20 14:27:00,0.99,DIG001398,ਫੋਨ ਕੀਤਾ,,,
EVT_DIG001399,transfer,P00684,P00963,LOC0167,2026-01-25 04:09:00,0.99,DIG001399,पैसे पाठवले,,,
EVT_DIG001400,communication,P00197,P00404,LOC0085,2026-07-26 09:51:00,0.99,DIG001400,contacted,,,
EVT_DIG001401,movement,P00850,P00793,LOC0067,2026-06-16 23:41:00,0.99,DIG001401,ठिकाण शेअर केले,,,
EVT_DIG001402,communication,P00991,P00074,LOC0082,2026-07-29 23:50:00,0.99,DIG001402,ফোন করেছে,,,
EVT_DIG001403,meeting,P00705,P00713,LOC0108,2026-07-28 00:27:00,0.99,DIG001403,കണ്ടുമുട്ടി,,,
EVT_DIG001404,communication,P00471,P00461,LOC0046,2026-04-15 00:25:00,0.99,DIG001404,فون کیا,,,
EVT_DIG001405,movement,P00067,P00074,LOC0085,2026-05-30 13:16:00,0.99,DIG001405,ठिकाण शेअर केले,,,
EVT_DIG001406,meeting,P00523,P00877,LOC0052,2026-04-19 22:29:00,0.99,DIG001406,ਮੁਲਾਕਾਤ ਕੀਤੀ,,,
EVT_DIG001407,communication,P00851,P00782,LOC0168,2026-01-27 19:50:00,0.99,DIG001407,संपर्क किया,,,
EVT_DIG001408,communication,P00101,P00792,LOC0001,2026-02-28 18:03:00,0.99,DIG001408,رابطہ کیا,,,
EVT_DIG001409,movement,P00728,P00133,LOC0102,2026-03-20 04:47:00,0.99,DIG001409,ಸ್ಥಳ ಹಂಚಿಕೊಂಡರು,,,
EVT_DIG001410,meeting,P00510,P00531,LOC0105,2026-08-24 01:17:00,0.99,DIG001410,ਮੁਲਾਕਾਤ ਕੀਤੀ,,,
EVT_DIG001411,communication,P00546,P00701,LOC0119,2026-04-01 19:19:00,0.99,DIG001411,संदेश पाठवला,,,
EVT_DIG001412,meeting,P00444,P00441,LOC0171,2026-08-14 19:44:00,0.99,DIG001412,ಭೇಟಿಯಾದರು,,,
EVT_DIG001413,meeting,P00111,P00164,LOC0067,2026-07-09 18:01:00,0.99,DIG001413,ਮੁਲਾਕਾਤ ਕੀਤੀ,,,
EVT_DIG001414,communication,P00228,P00320,LOC0015,2026-07-25 08:25:00,0.99,DIG001414,sent a message to,,,
EVT_DIG001415,communication,P00478,P00869,LOC0027,2026-02-06 06:20:00,0.99,DIG001415,پیغام بھیجا,,,
EVT_DIG001416,movement,P00189,P00175,LOC0052,2026-04-24 14:21:00,0.99,DIG001416,இடத்தை பகிர்ந்தார்,,,
EVT_DIG001417,communication,P00108,P00065,LOC0169,2026-08-16 04:24:00,0.99,DIG001417,సందేశం పంపారు,,,
EVT_DIG001418,transfer,P00760,P00271,LOC0099,2026-01-24 09:37:00,0.99,DIG001418,transferred funds to,,,
EVT_DIG001419,meeting,P00873,P00406,LOC0035,2026-07-16 04:19:00,0.99,DIG001419,دورہ کیا,,,
EVT_DIG001420,movement,P00300,P00908,LOC0135,2026-07-29 01:44:00,0.99,DIG001420,స్థానం పంచుకున్నారు,,,
EVT_DIG001421,meeting,P00190,P00462,LOC0174,2026-02-08 02:39:00,0.99,DIG001421,دورہ کیا,,,
EVT_DIG001422,communication,P00161,P00022,LOC0141,2026-07-04 10:08:00,0.99,DIG001422,સંદેશ મોકલ્યો,,,
EVT_DIG001423,communication,P00153,P00846,LOC0134,2026-01-20 21:13:00,0.99,DIG001423,contacted,,,
EVT_DIG001424,movement,P00140,P00465,LOC0130,2026-04-23 19:40:00,0.99,DIG001424,ठिकाण शेअर केले,,,
EVT_DIG001425,communication,P00250,P00979,LOC0049,2026-05-23 07:49:00,0.99,DIG001425,సందేశం పంపారు,,,
EVT_DIG001426,meeting,P00600,P00648,LOC0059,2026-02-14 22:53:00,0.99,DIG001426,મળ્યા,,,
EVT_DIG001427,meeting,P00059,P00024,LOC0008,2026-04-04 23:45:00,0.99,DIG001427,వెళ్లారు,,,
EVT_DIG001428,communication,P00158,P00877,LOC0092,2026-04-08 20:56:00,0.99,DIG001428,sent a message to,,,
EVT_DIG001429,meeting,P00966,P00307,LOC0069,2026-07-29 01:26:00,0.99,DIG001429,met,,,
EVT_DIG001430,meeting,P00220,P00406,LOC0171,2026-06-04 01:35:00,0.99,DIG001430,സന്ദർശിച്ചു,,,
EVT_DIG001431,communication,P00830,P00865,LOC0070,2026-03-03 19:51:00,0.99,DIG001431,సంప్రదించారు,,,
EVT_DIG001432,communication,P00064,P00458,LOC0102,2026-01-17 16:35:00,0.99,DIG001432,contacted,,,
EVT_DIG001433,meeting,P00572,P00278,LOC0046,2026-06-20 19:12:00,0.99,DIG001433,వెళ్లారు,,,
EVT_DIG001434,meeting,P00453,P00610,LOC0008,2026-01-24 03:11:00,0.99,DIG001434,ಭೇಟಿಯಾದರು,,,
EVT_DIG001435,transfer,P00223,P00478,LOC0007,2026-06-10 21:47:00,0.99,DIG001435,رقم منتقل کی,,,
EVT_DIG001436,communication,P00799,P00570,LOC0051,2026-05-05 02:44:00,0.99,DIG001436,ફોન કર્યો,,,
EVT_DIG001437,transfer,P00166,P00907,LOC0137,2026-01-19 01:19:00,0.99,DIG001437,பணம் அனுப்பினார்,,,
EVT_DIG001438,transfer,P00595,P00357,LOC0020,2026-01-13 09:24:00,0.99,DIG001438,പണം അയച്ചു,,,
EVT_DIG001439,movement,P00023,P00783,LOC0014,2026-06-01 08:09:00,0.99,DIG001439,ਸਥਾਨ ਸਾਂਝਾ ਕੀਤਾ,,,
EVT_DIG001440,communication,P00435,P00772,LOC0067,2026-04-03 01:21:00,0.99,DIG001440,தொடர்பு கொண்டார்,,,
EVT_DIG001441,movement,P00891,P00162,LOC0136,2026-08-05 05:00:00,0.99,DIG001441,ਸਥਾਨ ਸਾਂਝਾ ਕੀਤਾ,,,
EVT_DIG001442,meeting,P00430,P00794,LOC0156,2026-05-06 14:23:00,0.99,DIG001442,دورہ کیا,,,
EVT_DIG001443,communication,P00973,P00525,LOC0164,2026-02-24 07:20:00,0.99,DIG001443,ਸੰਪਰਕ ਕੀਤਾ,,,
EVT_DIG001444,meeting,P00594,P00909,LOC0017,2026-06-16 01:41:00,0.99,DIG001444,दौरा किया,,,
EVT_DIG001445,meeting,P00336,P00825,LOC0009,2026-08-31 04:42:00,0.99,DIG001445,കണ്ടുമുട്ടി,,,
EVT_DIG001446,communication,P00968,P00209,LOC0034,2026-01-07 07:58:00,0.99,DIG001446,फोन केला,,,
EVT_DIG001447,meeting,P00098,P00447,LOC0003,2026-01-11 21:45:00,0.99,DIG001447,சென்றார்,,,
EVT_DIG001448,communication,P00746,P00695,LOC0145,2026-08-11 10:47:00,0.99,DIG001448,સંપર્ક કર્યો,,,
EVT_DIG001449,meeting,P00657,P00734,LOC0053,2026-08-26 09:34:00,0.99,DIG001449,visited,,,
EVT_DIG001450,transfer,P00117,P00613,LOC0019,2026-08-11 23:45:00,0.99,DIG001450,رقم منتقل کی,,,
EVT_DIG001451,meeting,P00416,P00344,LOC0058,2026-07-28 02:36:00,0.99,DIG001451,મુલાકાત લીધી,,,
EVT_DIG001452,meeting,P00074,P00965,LOC0133,2026-06-01 20:06:00,0.99,DIG001452,मिला,,,
EVT_DIG001453,meeting,P00768,P00130,LOC0138,2026-01-19 05:41:00,0.99,DIG001453,دورہ کیا,,,
EVT_DIG001454,communication,P00879,P00970,LOC0042,2026-07-28 11:27:00,0.99,DIG001454,پیغام بھیجا,,,
EVT_DIG001455,communication,P00211,P00575,LOC0070,2026-03-10 13:18:00,0.99,DIG001455,फोन केला,,,
EVT_DIG001456,communication,P00461,P00210,LOC0169,2026-06-13 03:27:00,0.99,DIG001456,സന്ദേശം അയച്ചു,,,
EVT_DIG001457,movement,P00035,P00737,LOC0151,2026-02-17 04:22:00,0.99,DIG001457,shared a location with,,,
EVT_DIG001458,communication,P00734,P00951,LOC0068,2026-08-06 17:56:00,0.99,DIG001458,sent a message to,,,
EVT_DIG001459,meeting,P00316,P00798,LOC0081,2026-04-06 23:32:00,0.99,DIG001459,দেখা করেছে,,,
EVT_DIG001460,movement,P00966,P00823,LOC0027,2026-07-10 09:31:00,0.99,DIG001460,இடத்தை பகிர்ந்தார்,,,
EVT_DIG001461,movement,P00025,P00546,LOC0033,2026-03-26 07:27:00,0.99,DIG001461,સ્થાન શેર કર્યું,,,
EVT_DIG001462,movement,P00287,P00115,LOC0136,2026-06-20 18:54:00,0.99,DIG001462,സ്ഥലം പങ്കിട്ടു,,,
EVT_DIG001463,communication,P00986,P00180,LOC0120,2026-02-02 19:52:00,0.99,DIG001463,संदेश पाठवला,,,
EVT_DIG001464,meeting,P00468,P00222,LOC0019,2026-03-10 17:39:00,0.99,DIG001464,મુલાકાત લીધી,,,
EVT_DIG001465,meeting,P00438,P00233,LOC0057,2026-04-06 17:33:00,0.99,DIG001465,కలిశారు,,,
EVT_DIG001466,transfer,P00813,P00978,LOC0105,2026-01-05 20:22:00,0.99,DIG001466,பணம் அனுப்பினார்,,,
EVT_DIG001467,movement,P00908,P00496,LOC0077,2026-03-16 14:29:00,0.99,DIG001467,ਸਥਾਨ ਸਾਂਝਾ ਕੀਤਾ,,,
EVT_DIG001468,communication,P00651,P00805,LOC0019,2026-07-03 22:34:00,0.99,DIG001468,संदेश पाठवला,,,
EVT_DIG001469,movement,P00395,P00694,LOC0025,2026-06-28 04:27:00,0.99,DIG001469,स्थान साझा किया,,,
EVT_DIG001470,movement,P00164,P00809,LOC0071,2026-04-08 18:06:00,0.99,DIG001470,സ്ഥലം പങ്കിട്ടു,,,
EVT_DIG001471,communication,P00797,P00850,LOC0120,2026-07-21 13:38:00,0.99,DIG001471,फोन किया,,,
EVT_DIG001472,communication,P00454,P00541,LOC0072,2026-04-03 13:45:00,0.99,DIG001472,फोन केला,,,
EVT_DIG001473,meeting,P00518,P00646,LOC0033,2026-08-25 10:19:00,0.99,DIG001473,சந்தித்தார்,,,
EVT_DIG001474,communication,P00307,P00331,LOC0166,2026-01-13 01:24:00,0.99,DIG001474,संपर्क किया,,,
EVT_DIG001475,meeting,P00324,P00878,LOC0020,2026-01-11 22:52:00,0.99,DIG001475,சந்தித்தார்,,,
EVT_DIG001476,communication,P00707,P00219,LOC0109,2026-08-19 08:15:00,0.99,DIG001476,அழைத்தார்,,,
EVT_DIG001477,meeting,P00220,P00722,LOC0150,2026-01-25 16:31:00,0.99,DIG001477,കണ്ടുമുട്ടി,,,
EVT_DIG001478,communication,P00466,P00036,LOC0001,2026-02-15 07:46:00,0.99,DIG001478,വിളിച്ചു,,,
EVT_DIG001479,communication,P00279,P00719,LOC0034,2026-05-26 23:36:00,0.99,DIG001479,called,,,
EVT_DIG001480,movement,P00757,P00023,LOC0132,2026-08-11 03:11:00,0.99,DIG001480,સ્થાન શેર કર્યું,,,
EVT_DIG001481,communication,P00669,P00802,LOC0176,2026-06-16 07:53:00,0.99,DIG001481,ਸੁਨੇਹਾ ਭੇਜਿਆ,,,
EVT_DIG001482,meeting,P00583,P00102,LOC0112,2026-06-08 16:50:00,0.99,DIG001482,भेटला,,,
EVT_DIG001483,meeting,P00167,P00242,LOC0023,2026-07-24 05:05:00,0.99,DIG001483,ملاقات کی,,,
EVT_DIG001484,communication,P00711,P00843,LOC0013,2026-02-07 19:34:00,0.99,DIG001484,फोन केला,,,
EVT_DIG001485,communication,P00181,P00375,LOC0123,2026-04-13 09:26:00,0.99,DIG001485,বার্তা পাঠিয়েছে,,,
EVT_DIG001486,meeting,P00797,P00335,LOC0179,2026-05-04 18:32:00,0.99,DIG001486,دورہ کیا,,,
EVT_DIG001487,transfer,P00269,P00146,LOC0089,2026-08-09 14:57:00,0.99,DIG001487,નાણાં મોકલ્યાં,,,
EVT_DIG001488,communication,P00652,P00331,LOC0065,2026-01-03 12:19:00,0.99,DIG001488,যোগাযোগ করেছে,,,
EVT_DIG001489,meeting,P00561,P00608,LOC0180,2026-05-15 13:02:00,0.99,DIG001489,મળ્યા,,,
EVT_DIG001490,communication,P00926,P00048,LOC0008,2026-04-25 21:01:00,0.99,DIG001490,સંપર્ક કર્યો,,,
EVT_DIG001491,communication,P00932,P00950,LOC0095,2026-04-07 15:02:00,0.99,DIG001491,sent a message to,,,
EVT_DIG001492,communication,P00132,P00311,LOC0115,2026-08-17 11:29:00,0.99,DIG001492,సంప్రదించారు,,,
EVT_DIG001493,movement,P00932,P00407,LOC0037,2026-01-22 23:13:00,0.99,DIG001493,स्थान साझा किया,,,
EVT_DIG001494,movement,P00353,P00833,LOC0090,2026-01-14 22:17:00,0.99,DIG001494,സ്ഥലം പങ്കിട്ടു,,,
EVT_DIG001495,vehicle_use,P00833,P00869,LOC0017,2026-08-30 07:02:00,0.99,DIG001495,वाहन का उपयोग किया,,,
EVT_DIG001496,communication,P00865,P00135,LOC0063,2026-05-02 16:12:00,0.99,DIG001496,ਫੋਨ ਕੀਤਾ,,,
EVT_DIG001497,communication,P00713,P00707,LOC0129,2026-04-02 04:56:00,0.99,DIG001497,ਫੋਨ ਕੀਤਾ,,,
EVT_DIG001498,meeting,P00468,P00452,LOC0037,2026-04-02 17:48:00,0.99,DIG001498,मिला,,,
EVT_DIG001499,transfer,P00942,P00899,LOC0079,2026-05-18 02:00:00,0.99,DIG001499,رقم منتقل کی,,,
EVT_DIG001500,communication,P00638,P00812,LOC0171,2026-06-29 16:08:00,0.99,DIG001500,સંદેશ મોકલ્યો,,,
EVT_DIG001501,meeting,P00948,P00593,LOC0002,2026-06-09 04:00:00,0.99,DIG001501,കണ്ടുമുട്ടി,,,
EVT_DIG001502,communication,P00191,P00914,LOC0031,2026-04-14 10:21:00,0.99,DIG001502,ఫోన్ చేశారు,,,
EVT_DIG001503,communication,P00883,P00779,LOC0030,2026-05-03 02:28:00,0.99,DIG001503,సంప్రదించారు,,,
EVT_DIG001504,transfer,P00149,P00820,LOC0091,2026-08-30 04:26:00,0.99,DIG001504,డబ్బు పంపారు,,,
EVT_DIG001505,transfer,P00954,P00015,LOC0125,2026-06-04 21:21:00,0.99,DIG001505,ਪੈਸੇ ਭੇਜੇ,,,
EVT_DIG001506,movement,P00946,P00891,LOC0080,2026-05-20 11:16:00,0.99,DIG001506,இடத்தை பகிர்ந்தார்,,,
EVT_DIG001507,meeting,P00452,P00908,LOC0134,2026-02-16 06:16:00,0.99,DIG001507,دورہ کیا,,,
EVT_DIG001508,meeting,P00868,P00705,LOC0114,2026-02-16 18:44:00,0.99,DIG001508,મુલાકાત લીધી,,,
EVT_DIG001509,communication,P00760,P00596,LOC0087,2026-05-13 18:02:00,0.99,DIG001509,ਸੰਪਰਕ ਕੀਤਾ,,,
EVT_DIG001510,meeting,P00487,P00166,LOC0122,2026-07-01 05:01:00,0.99,DIG001510,পরিদর্শন করেছে,,,
EVT_DIG001511,meeting,P00911,P00598,LOC0011,2026-01-01 14:09:00,0.99,DIG001511,ਮਿਲਿਆ,,,
EVT_DIG001512,communication,P00961,P00932,LOC0106,2026-04-04 10:03:00,0.99,DIG001512,ബന്ധപ്പെട്ടു,,,
EVT_DIG001513,communication,P00801,P00073,LOC0180,2026-01-18 23:26:00,0.99,DIG001513,സന്ദേശം അയച്ചു,,,
EVT_DIG001514,communication,P00813,P00441,LOC0151,2026-01-24 21:28:00,0.99,DIG001514,સંપર્ક કર્યો,,,
EVT_DIG001515,meeting,P00766,P00844,LOC0172,2026-08-04 21:16:00,0.99,DIG001515,ಭೇಟಿಯಾದರು,,,
EVT_DIG001516,communication,P00770,P00327,LOC0129,2026-05-11 04:44:00,0.99,DIG001516,फोन केला,,,
EVT_DIG001517,communication,P00615,P00290,LOC0147,2026-07-11 16:43:00,0.99,DIG001517,ಸಂದೇಶ ಕಳುಹಿಸಿದರು,,,
EVT_DIG001518,meeting,P00364,P00097,LOC0067,2026-08-23 13:21:00,0.99,DIG001518,ਮੁਲਾਕਾਤ ਕੀਤੀ,,,
EVT_DIG001519,communication,P00132,P00755,LOC0097,2026-02-10 04:58:00,0.99,DIG001519,ਫੋਨ ਕੀਤਾ,,,
EVT_DIG001520,communication,P00144,P00918,LOC0051,2026-03-05 04:09:00,0.99,DIG001520,contacted,,,
EVT_DIG001521,transfer,P00906,P00306,LOC0097,2026-08-20 04:32:00,0.99,DIG001521,பணம் அனுப்பினார்,,,
EVT_DIG001522,communication,P00290,P00306,LOC0094,2026-06-06 03:37:00,0.99,DIG001522,സന്ദേശം അയച്ചു,,,
EVT_DIG001523,movement,P00027,P00374,LOC0153,2026-05-21 03:03:00,0.99,DIG001523,ठिकाण शेअर केले,,,
EVT_DIG001524,communication,P00857,P00243,LOC0015,2026-02-05 12:47:00,0.99,DIG001524,ಸಂದೇಶ ಕಳುಹಿಸಿದರು,,,
EVT_DIG001525,communication,P00554,P00817,LOC0085,2026-02-04 17:04:00,0.99,DIG001525,संदेश पाठवला,,,
EVT_DIG001526,meeting,P00043,P00106,LOC0007,2026-06-28 21:13:00,0.99,DIG001526,ਮੁਲਾਕਾਤ ਕੀਤੀ,,,
EVT_DIG001527,communication,P00254,P00368,LOC0012,2026-07-01 11:54:00,0.99,DIG001527,যোগাযোগ করেছে,,,
EVT_DIG001528,movement,P00242,P00268,LOC0143,2026-07-18 11:59:00,0.99,DIG001528,مقام شیئر کیا,,,
EVT_DIG001529,communication,P00137,P00419,LOC0030,2026-05-27 19:12:00,0.99,DIG001529,సందేశం పంపారు,,,
EVT_DIG001530,movement,P00138,P00979,LOC0078,2026-07-26 01:42:00,0.99,DIG001530,இடத்தை பகிர்ந்தார்,,,
EVT_DIG001531,communication,P00720,P00166,LOC0044,2026-06-11 20:23:00,0.99,DIG001531,বার্তা পাঠিয়েছে,,,
EVT_DIG001532,communication,P00755,P00125,LOC0135,2026-07-16 01:52:00,0.99,DIG001532,ಸಂದೇಶ ಕಳುಹಿಸಿದರು,,,
EVT_DIG001533,meeting,P00196,P00541,LOC0148,2026-07-17 08:43:00,0.99,DIG001533,મળ્યા,,,
EVT_DIG001534,communication,P00037,P00486,LOC0172,2026-02-22 04:38:00,0.99,DIG001534,যোগাযোগ করেছে,,,
EVT_DIG001535,meeting,P00209,P00387,LOC0033,2026-07-01 08:54:00,0.99,DIG001535,ਮਿਲਿਆ,,,
EVT_DIG001536,meeting,P00831,P00003,LOC0054,2026-02-19 07:57:00,0.99,DIG001536,ملاقات کی,,,
EVT_DIG001537,communication,P00514,P00236,LOC0106,2026-08-20 16:55:00,0.99,DIG001537,संपर्क किया,,,
EVT_DIG001538,transfer,P00514,P00186,LOC0114,2026-01-26 05:08:00,0.99,DIG001538,transferred funds to,,,
EVT_DIG001539,communication,P00411,P00403,LOC0058,2026-07-29 23:38:00,0.99,DIG001539,called,,,
EVT_DIG001540,meeting,P00061,P00351,LOC0031,2026-08-09 11:22:00,0.99,DIG001540,ملاقات کی,,,
EVT_DIG001541,transfer,P00517,P00939,LOC0108,2026-01-22 08:57:00,0.99,DIG001541,નાણાં મોકલ્યાં,,,
EVT_DIG001542,meeting,P00749,P00095,LOC0045,2026-02-26 15:33:00,0.99,DIG001542,కలిశారు,,,
EVT_DIG001543,communication,P00760,P00156,LOC0029,2026-06-09 10:40:00,0.99,DIG001543,ಕರೆ ಮಾಡಿದರು,,,
EVT_DIG001544,meeting,P00042,P00707,LOC0156,2026-02-06 03:32:00,0.99,DIG001544,കണ്ടുമുട്ടി,,,
EVT_DIG001545,communication,P00235,P00355,LOC0127,2026-07-05 00:31:00,0.99,DIG001545,ফোন করেছে,,,
EVT_DIG001546,communication,P00376,P00048,LOC0144,2026-02-06 09:07:00,0.99,DIG001546,సందేశం పంపారు,,,
EVT_DIG001547,communication,P00665,P00504,LOC0123,2026-08-04 02:51:00,0.99,DIG001547,ബന്ധപ്പെട്ടു,,,
EVT_DIG001548,communication,P00336,P00411,LOC0001,2026-06-07 00:12:00,0.99,DIG001548,संदेश भेजा,,,
EVT_DIG001549,communication,P00758,P00816,LOC0154,2026-04-05 14:57:00,0.99,DIG001549,پیغام بھیجا,,,
EVT_DIG001550,transfer,P00828,P00639,LOC0071,2026-01-07 21:26:00,0.99,DIG001550,पैसे पाठवले,,,
EVT_DIG001551,communication,P00954,P00847,LOC0148,2026-03-16 08:32:00,0.99,DIG001551,સંપર્ક કર્યો,,,
EVT_DIG001552,communication,P00962,P00063,LOC0053,2026-01-30 12:38:00,0.99,DIG001552,ਸੰਪਰਕ ਕੀਤਾ,,,
EVT_DIG001553,communication,P00575,P00279,LOC0136,2026-04-13 22:19:00,0.99,DIG001553,ਸੁਨੇਹਾ ਭੇਜਿਆ,,,
EVT_DIG001554,meeting,P00657,P00276,LOC0044,2026-03-14 01:20:00,0.99,DIG001554,ਮਿਲਿਆ,,,
EVT_DIG001555,movement,P00398,P00112,LOC0169,2026-04-21 20:04:00,0.99,DIG001555,مقام شیئر کیا,,,
EVT_DIG001556,meeting,P00901,P00712,LOC0116,2026-01-04 15:24:00,0.99,DIG001556,കണ്ടുമുട്ടി,,,
EVT_DIG001557,communication,P00989,P00987,LOC0112,2026-05-07 13:13:00,0.99,DIG001557,संदेश पाठवला,,,
EVT_DIG001558,vehicle_use,P00886,P00073,LOC0110,2026-03-23 10:02:00,0.99,DIG001558,used a vehicle,,,
EVT_DIG001559,movement,P00556,P00568,LOC0141,2026-06-25 12:47:00,0.99,DIG001559,ठिकाण शेअर केले,,,
EVT_DIG001560,communication,P00532,P00151,LOC0122,2026-07-25 22:18:00,0.99,DIG001560,సంప్రదించారు,,,
EVT_DIG001561,meeting,P00576,P00394,LOC0050,2026-05-25 13:10:00,0.99,DIG001561,ਮਿਲਿਆ,,,
EVT_DIG001562,meeting,P00127,P00313,LOC0108,2026-04-10 15:28:00,0.99,DIG001562,दौरा किया,,,
EVT_DIG001563,movement,P00186,P00179,LOC0007,2026-01-22 22:45:00,0.99,DIG001563,स्थान साझा किया,,,
EVT_DIG001564,communication,P00226,P00194,LOC0148,2026-04-21 06:12:00,0.99,DIG001564,যোগাযোগ করেছে,,,
EVT_DIG001565,meeting,P00267,P00607,LOC0044,2026-03-19 00:09:00,0.99,DIG001565,ಭೇಟಿ ನೀಡಿದರು,,,
EVT_DIG001566,communication,P00192,P00701,LOC0034,2026-06-29 20:52:00,0.99,DIG001566,যোগাযোগ করেছে,,,
EVT_DIG001567,vehicle_use,P00688,P00164,LOC0061,2026-08-20 20:15:00,0.99,DIG001567,वाहन का उपयोग किया,,,
EVT_DIG001568,communication,P00647,P00641,LOC0126,2026-03-08 08:37:00,0.99,DIG001568,ಕರೆ ಮಾಡಿದರು,,,
EVT_DIG001569,communication,P00947,P00671,LOC0088,2026-03-16 21:36:00,0.99,DIG001569,ফোন করেছে,,,
EVT_DIG001570,communication,P00568,P00320,LOC0161,2026-05-09 17:03:00,0.99,DIG001570,ફોન કર્યો,,,
EVT_DIG001571,movement,P00517,P00020,LOC0152,2026-05-29 17:27:00,0.99,DIG001571,స్థానం పంచుకున్నారు,,,
EVT_DIG001572,transfer,P00121,P00533,LOC0075,2026-07-19 05:02:00,0.99,DIG001572,പണം അയച്ചു,,,
EVT_DIG001573,transfer,P00809,P00691,LOC0080,2026-07-26 18:03:00,0.99,DIG001573,पैसे पाठवले,,,
EVT_DIG001574,communication,P00110,P00558,LOC0100,2026-03-06 14:06:00,0.99,DIG001574,ബന്ധപ്പെട്ടു,,,
EVT_DIG001575,movement,P00284,P00416,LOC0126,2026-03-30 07:17:00,0.99,DIG001575,ಸ್ಥಳ ಹಂಚಿಕೊಂಡರು,,,
EVT_DIG001576,communication,P00824,P00982,LOC0155,2026-08-10 00:14:00,0.99,DIG001576,फोन किया,,,
EVT_DIG001577,communication,P00929,P00667,LOC0158,2026-03-08 09:52:00,0.99,DIG001577,پیغام بھیجا,,,
EVT_DIG001578,vehicle_use,P00270,P00906,LOC0014,2026-05-02 10:05:00,0.99,DIG001578,used a vehicle,,,
EVT_DIG001579,transfer,P00837,P00788,LOC0142,2026-06-18 02:47:00,0.99,DIG001579,డబ్బు పంపారు,,,
EVT_DIG001580,communication,P00951,P00120,LOC0099,2026-08-29 03:27:00,0.99,DIG001580,پیغام بھیجا,,,
EVT_DIG001581,meeting,P00593,P00881,LOC0135,2026-01-07 08:18:00,0.99,DIG001581,சென்றார்,,,
EVT_DIG001582,movement,P00993,P00980,LOC0077,2026-01-11 19:42:00,0.99,DIG001582,स्थान साझा किया,,,
EVT_DIG001583,communication,P00378,P00005,LOC0019,2026-07-24 08:19:00,0.99,DIG001583,ಸಂದೇಶ ಕಳುಹಿಸಿದರು,,,
EVT_DIG001584,communication,P00210,P00528,LOC0108,2026-06-21 11:16:00,0.99,DIG001584,വിളിച്ചു,,,
EVT_DIG001585,communication,P00431,P00340,LOC0029,2026-05-26 20:53:00,0.99,DIG001585,ফোন করেছে,,,
EVT_DIG001586,communication,P00593,P00693,LOC0102,2026-04-07 18:35:00,0.99,DIG001586,ফোন করেছে,,,
EVT_DIG001587,communication,P00783,P00442,LOC0097,2026-02-19 21:51:00,0.99,DIG001587,தொடர்பு கொண்டார்,,,
EVT_DIG001588,movement,P00465,P00493,LOC0097,2026-05-31 13:02:00,0.99,DIG001588,ਸਥਾਨ ਸਾਂਝਾ ਕੀਤਾ,,,
EVT_DIG001589,communication,P00256,P00162,LOC0046,2026-04-24 02:44:00,0.99,DIG001589,સંપર્ક કર્યો,,,
EVT_DIG001590,meeting,P00493,P00542,LOC0133,2026-06-09 12:29:00,0.99,DIG001590,met,,,
EVT_DIG001591,communication,P00476,P00159,LOC0108,2026-04-01 13:09:00,0.99,DIG001591,संपर्क केला,,,
EVT_DIG001592,communication,P00867,P00444,LOC0117,2026-01-31 17:28:00,0.99,DIG001592,വിളിച്ചു,,,
EVT_DIG001593,transfer,P00065,P00910,LOC0140,2026-03-02 16:54:00,0.99,DIG001593,धन भेजा,,,
EVT_DIG001594,communication,P00016,P00319,LOC0149,2026-05-24 07:24:00,0.99,DIG001594,ಸಂಪರ್ಕಿಸಿದರು,,,
EVT_DIG001595,meeting,P00423,P00356,LOC0159,2026-06-03 22:33:00,0.99,DIG001595,visited,,,
EVT_DIG001596,meeting,P00835,P00282,LOC0007,2026-08-08 17:40:00,0.99,DIG001596,دورہ کیا,,,
EVT_DIG001597,communication,P00071,P00344,LOC0088,2026-08-31 15:08:00,0.99,DIG001597,సంప్రదించారు,,,
EVT_DIG001598,transfer,P00157,P00076,LOC0080,2026-07-13 03:06:00,0.99,DIG001598,رقم منتقل کی,,,
EVT_DIG001599,communication,P00457,P00990,LOC0144,2026-04-30 11:36:00,0.99,DIG001599,called,,,
EVT_DIG001600,movement,P00031,P00248,LOC0158,2026-07-16 13:24:00,0.99,DIG001600,స్థానం పంచుకున్నారు,,,
EVT_DIG001601,meeting,P00624,P00092,LOC0003,2026-05-12 12:07:00,0.99,DIG001601,சந்தித்தார்,,,
EVT_DIG001602,communication,P00147,P00363,LOC0137,2026-03-13 04:12:00,0.99,DIG001602,સંદેશ મોકલ્યો,,,
EVT_DIG001603,meeting,P00888,P00982,LOC0148,2026-05-18 16:48:00,0.99,DIG001603,ਮਿਲਿਆ,,,
EVT_DIG001604,meeting,P00899,P00385,LOC0073,2026-04-10 18:00:00,0.99,DIG001604,കണ്ടുമുട്ടി,,,
EVT_DIG001605,transfer,P00050,P00108,LOC0175,2026-02-24 05:23:00,0.99,DIG001605,धन भेजा,,,
EVT_DIG001606,meeting,P00532,P00172,LOC0154,2026-04-08 20:42:00,0.99,DIG001606,ಭೇಟಿ ನೀಡಿದರು,,,
EVT_DIG001607,communication,P00767,P00786,LOC0039,2026-07-25 11:03:00,0.99,DIG001607,தொடர்பு கொண்டார்,,,
EVT_DIG001608,meeting,P00245,P00892,LOC0070,2026-07-15 17:19:00,0.99,DIG001608,சென்றார்,,,
EVT_DIG001609,communication,P00779,P00141,LOC0066,2026-08-10 07:29:00,0.99,DIG001609,സന്ദേശം അയച്ചു,,,
EVT_DIG001610,meeting,P00079,P00552,LOC0080,2026-07-02 23:37:00,0.99,DIG001610,ਮਿਲਿਆ,,,
EVT_DIG001611,communication,P00169,P00555,LOC0034,2026-02-05 13:54:00,0.99,DIG001611,फोन केला,,,
EVT_DIG001612,transfer,P00570,P00602,LOC0136,2026-07-07 13:55:00,0.99,DIG001612,ಹಣ ಕಳುಹಿಸಿದರು,,,
EVT_DIG001613,communication,P00603,P00076,LOC0006,2026-06-04 20:19:00,0.99,DIG001613,સંપર્ક કર્યો,,,
EVT_DIG001614,communication,P00528,P00735,LOC0094,2026-01-04 18:32:00,0.99,DIG001614,ബന്ധപ്പെട്ടു,,,
EVT_DIG001615,transfer,P00416,P00763,LOC0104,2026-06-10 02:04:00,0.99,DIG001615,ਪੈਸੇ ਭੇਜੇ,,,
EVT_DIG001616,communication,P00514,P00532,LOC0003,2026-02-23 08:13:00,0.99,DIG001616,ఫోన్ చేశారు,,,
EVT_DIG001617,transfer,P00673,P00229,LOC0054,2026-06-27 18:27:00,0.99,DIG001617,رقم منتقل کی,,,
EVT_DIG001618,communication,P00524,P00654,LOC0054,2026-02-23 19:01:00,0.99,DIG001618,ఫోన్ చేశారు,,,
EVT_DIG001619,transfer,P00951,P00787,LOC0058,2026-01-26 15:13:00,0.99,DIG001619,رقم منتقل کی,,,
EVT_DIG001620,communication,P00675,P00303,LOC0034,2026-06-22 15:08:00,0.99,DIG001620,called,,,
EVT_DIG001621,meeting,P00906,P00962,LOC0054,2026-04-20 21:53:00,0.99,DIG001621,ਮੁਲਾਕਾਤ ਕੀਤੀ,,,
EVT_DIG001622,communication,P00653,P00532,LOC0074,2026-04-11 12:56:00,0.99,DIG001622,ফোন করেছে,,,
EVT_DIG001623,communication,P00703,P00133,LOC0176,2026-01-20 13:36:00,0.99,DIG001623,அழைத்தார்,,,
EVT_DIG001624,meeting,P00127,P00750,LOC0032,2026-04-16 20:20:00,0.99,DIG001624,দেখা করেছে,,,
EVT_DIG001625,communication,P00557,P00472,LOC0071,2026-06-27 02:21:00,0.99,DIG001625,پیغام بھیجا,,,
EVT_DIG001626,transfer,P00905,P00571,LOC0066,2026-03-26 22:53:00,0.99,DIG001626,ಹಣ ಕಳುಹಿಸಿದರು,,,
EVT_DIG001627,movement,P00994,P00812,LOC0077,2026-08-05 19:46:00,0.99,DIG001627,مقام شیئر کیا,,,
EVT_DIG001628,meeting,P00210,P00075,LOC0153,2026-06-10 01:04:00,0.99,DIG001628,കണ്ടുമുട്ടി,,,
EVT_DIG001629,communication,P00105,P00247,LOC0107,2026-06-06 09:18:00,0.99,DIG001629,ಸಂಪರ್ಕಿಸಿದರು,,,
EVT_DIG001630,communication,P00755,P00727,LOC0099,2026-05-05 00:28:00,0.99,DIG001630,फोन किया,,,
EVT_DIG001631,transfer,P00069,P00889,LOC0127,2026-02-21 10:02:00,0.99,DIG001631,പണം അയച്ചു,,,
EVT_DIG001632,communication,P00379,P00355,LOC0116,2026-04-20 23:26:00,0.99,DIG001632,సంప్రదించారు,,,
EVT_DIG001633,meeting,P00516,P00169,LOC0009,2026-03-26 14:47:00,0.99,DIG001633,મળ્યા,,,
EVT_DIG001634,meeting,P00466,P00563,LOC0114,2026-07-30 12:12:00,0.99,DIG001634,दौरा किया,,,
EVT_DIG001635,communication,P00087,P00930,LOC0112,2026-02-04 18:25:00,0.99,DIG001635,સંદેશ મોકલ્યો,,,
EVT_DIG001636,meeting,P00016,P00324,LOC0129,2026-05-24 16:34:00,0.99,DIG001636,met,,,
EVT_DIG001637,meeting,P00365,P00334,LOC0078,2026-04-28 00:28:00,0.99,DIG001637,দেখা করেছে,,,
EVT_DIG001638,communication,P00327,P00089,LOC0064,2026-04-21 22:43:00,0.99,DIG001638,যোগাযোগ করেছে,,,
EVT_DIG001639,transfer,P00014,P00213,LOC0102,2026-05-29 12:35:00,0.99,DIG001639,નાણાં મોકલ્યાં,,,
EVT_DIG001640,communication,P00798,P00262,LOC0071,2026-05-18 01:35:00,0.99,DIG001640,ಸಂದೇಶ ಕಳುಹಿಸಿದರು,,,
EVT_DIG001641,meeting,P00207,P00418,LOC0076,2026-02-16 08:46:00,0.99,DIG001641,भेटला,,,
EVT_DIG001642,meeting,P00324,P00177,LOC0124,2026-01-14 03:50:00,0.99,DIG001642,দেখা করেছে,,,
EVT_DIG001643,communication,P00493,P00047,LOC0091,2026-01-07 11:43:00,0.99,DIG001643,ബന്ധപ്പെട്ടു,,,
EVT_DIG001644,communication,P00579,P00352,LOC0076,2026-08-22 21:15:00,0.99,DIG001644,فون کیا,,,
EVT_DIG001645,meeting,P00627,P00360,LOC0144,2026-06-17 07:40:00,0.99,DIG001645,ಭೇಟಿಯಾದರು,,,
EVT_DIG001646,communication,P00102,P00190,LOC0147,2026-06-24 21:49:00,0.99,DIG001646,ಸಂದೇಶ ಕಳುಹಿಸಿದರು,,,
EVT_DIG001647,meeting,P00596,P00370,LOC0053,2026-07-01 17:00:00,0.99,DIG001647,મળ્યા,,,
EVT_DIG001648,transfer,P00100,P00130,LOC0147,2026-01-02 11:33:00,0.99,DIG001648,பணம் அனுப்பினார்,,,
EVT_DIG001649,communication,P00865,P00404,LOC0092,2026-06-12 03:05:00,0.99,DIG001649,தொடர்பு கொண்டார்,,,
EVT_DIG001650,movement,P00754,P00915,LOC0121,2026-04-25 22:06:00,0.99,DIG001650,இடத்தை பகிர்ந்தார்,,,
EVT_DIG001651,communication,P00145,P00658,LOC0010,2026-03-23 13:06:00,0.99,DIG001651,సంప్రదించారు,,,
EVT_DIG001652,communication,P00332,P00243,LOC0089,2026-05-26 14:42:00,0.99,DIG001652,సందేశం పంపారు,,,
EVT_DIG001653,communication,P00023,P00203,LOC0105,2026-07-22 04:05:00,0.99,DIG001653,যোগাযোগ করেছে,,,
EVT_DIG001654,communication,P00779,P00905,LOC0015,2026-07-15 10:13:00,0.99,DIG001654,ફોન કર્યો,,,
EVT_DIG001655,transfer,P00918,P00169,LOC0093,2026-02-13 18:01:00,0.99,DIG001655,નાણાં મોકલ્યાં,,,
EVT_DIG001656,transfer,P00426,P00855,LOC0118,2026-06-17 22:18:00,0.99,DIG001656,பணம் அனுப்பினார்,,,
EVT_DIG001657,movement,P00581,P00052,LOC0064,2026-07-27 11:35:00,0.99,DIG001657,مقام شیئر کیا,,,
EVT_DIG001658,transfer,P00980,P00057,LOC0111,2026-04-15 05:35:00,0.99,DIG001658,টাকা পাঠিয়েছে,,,
EVT_DIG001659,communication,P00628,P00079,LOC0081,2026-03-23 16:53:00,0.99,DIG001659,संपर्क केला,,,
EVT_DIG001660,communication,P00538,P00754,LOC0070,2026-06-30 17:07:00,0.99,DIG001660,ફોન કર્યો,,,
EVT_DIG001661,movement,P00646,P00559,LOC0001,2026-04-30 23:27:00,0.99,DIG001661,shared a location with,,,
EVT_DIG001662,communication,P00430,P00458,LOC0117,2026-05-26 01:43:00,0.99,DIG001662,ਸੰਪਰਕ ਕੀਤਾ,,,
EVT_DIG001663,meeting,P00016,P00308,LOC0033,2026-02-05 09:54:00,0.99,DIG001663,visited,,,
EVT_DIG001664,communication,P00915,P00764,LOC0038,2026-02-12 03:17:00,0.99,DIG001664,sent a message to,,,
EVT_DIG001665,meeting,P00107,P00930,LOC0018,2026-06-28 19:01:00,0.99,DIG001665,મળ્યા,,,
EVT_DIG001666,movement,P00207,P00725,LOC0062,2026-03-04 06:00:00,0.99,DIG001666,സ്ഥലം പങ്കിട്ടു,,,
EVT_DIG001667,meeting,P00144,P00781,LOC0043,2026-06-03 04:34:00,0.99,DIG001667,ملاقات کی,,,
EVT_DIG001668,meeting,P00872,P00176,LOC0063,2026-01-21 17:58:00,0.99,DIG001668,ملاقات کی,,,
EVT_DIG001669,transfer,P00464,P00970,LOC0001,2026-01-30 07:08:00,0.99,DIG001669,ಹಣ ಕಳುಹಿಸಿದರು,,,
EVT_DIG001670,communication,P00895,P00892,LOC0033,2026-04-25 22:44:00,0.99,DIG001670,ಕರೆ ಮಾಡಿದರು,,,
EVT_DIG001671,meeting,P00667,P00540,LOC0139,2026-02-04 23:55:00,0.99,DIG001671,వెళ్లారు,,,
EVT_DIG001672,communication,P00706,P00443,LOC0081,2026-02-25 15:22:00,0.99,DIG001672,فون کیا,,,
EVT_DIG001673,movement,P00695,P00601,LOC0007,2026-01-18 06:39:00,0.99,DIG001673,ಸ್ಥಳ ಹಂಚಿಕೊಂಡರು,,,
EVT_DIG001674,communication,P00546,P00425,LOC0089,2026-04-19 18:52:00,0.99,DIG001674,செய்தி அனுப்பினார்,,,
EVT_DIG001675,meeting,P00784,P00496,LOC0083,2026-05-30 05:34:00,0.99,DIG001675,ملاقات کی,,,
EVT_DIG001676,meeting,P00238,P00801,LOC0083,2026-01-16 13:54:00,0.99,DIG001676,ಭೇಟಿ ನೀಡಿದರು,,,
EVT_DIG001677,meeting,P00121,P00128,LOC0132,2026-08-18 09:41:00,0.99,DIG001677,met,,,
EVT_DIG001678,communication,P00640,P00850,LOC0026,2026-03-19 01:51:00,0.99,DIG001678,સંદેશ મોકલ્યો,,,
EVT_DIG001679,meeting,P00340,P00980,LOC0061,2026-04-08 20:52:00,0.99,DIG001679,కలిశారు,,,
EVT_DIG001680,communication,P00925,P00735,LOC0056,2026-06-24 03:49:00,0.99,DIG001680,संदेश भेजा,,,
EVT_DIG001681,meeting,P00194,P00033,LOC0135,2026-03-24 23:01:00,0.99,DIG001681,சென்றார்,,,
EVT_DIG001682,communication,P00282,P00904,LOC0019,2026-04-18 07:29:00,0.99,DIG001682,సందేశం పంపారు,,,
EVT_DIG001683,meeting,P00352,P00786,LOC0034,2026-01-27 00:47:00,0.99,DIG001683,visited,,,
EVT_DIG001684,transfer,P00838,P00033,LOC0039,2026-08-16 13:15:00,0.99,DIG001684,ಹಣ ಕಳುಹಿಸಿದರು,,,
EVT_DIG001685,transfer,P00857,P00434,LOC0026,2026-05-24 12:52:00,0.99,DIG001685,പണം അയച്ചു,,,
EVT_DIG001686,communication,P00416,P00765,LOC0006,2026-01-03 22:38:00,0.99,DIG001686,যোগাযোগ করেছে,,,
EVT_DIG001687,transfer,P00961,P00709,LOC0057,2026-06-21 00:22:00,0.99,DIG001687,డబ్బు పంపారు,,,
EVT_DIG001688,communication,P00998,P00908,LOC0111,2026-03-31 11:24:00,0.99,DIG001688,ബന്ധപ്പെട്ടു,,,
EVT_DIG001689,communication,P00301,P00448,LOC0109,2026-01-11 19:37:00,0.99,DIG001689,فون کیا,,,
EVT_DIG001690,meeting,P00838,P00926,LOC0107,2026-02-17 07:02:00,0.99,DIG001690,ಭೇಟಿಯಾದರು,,,
EVT_DIG001691,transfer,P00388,P00720,LOC0077,2026-07-21 00:43:00,0.99,DIG001691,धन भेजा,,,
EVT_DIG001692,communication,P00310,P00968,LOC0044,2026-03-13 01:16:00,0.99,DIG001692,ফোন করেছে,,,
EVT_DIG001693,movement,P00526,P00070,LOC0135,2026-07-07 17:14:00,0.99,DIG001693,ठिकाण शेअर केले,,,
EVT_DIG001694,transfer,P00271,P00646,LOC0087,2026-03-04 07:13:00,0.99,DIG001694,નાણાં મોકલ્યાં,,,
EVT_DIG001695,vehicle_use,P00318,P00335,LOC0060,2026-08-31 14:36:00,0.99,DIG001695,वाहन का उपयोग किया,,,
EVT_DIG001696,communication,P00481,P00534,LOC0008,2026-08-22 12:48:00,0.99,DIG001696,फोन केला,,,
EVT_DIG001697,communication,P00258,P00738,LOC0022,2026-03-29 00:33:00,0.99,DIG001697,செய்தி அனுப்பினார்,,,
EVT_DIG001698,communication,P00476,P00007,LOC0110,2026-03-30 23:29:00,0.99,DIG001698,ಕರೆ ಮಾಡಿದರು,,,
EVT_DIG001699,communication,P00139,P00976,LOC0010,2026-06-27 21:58:00,0.99,DIG001699,ಸಂದೇಶ ಕಳುಹಿಸಿದರು,,,
EVT_DIG001700,transfer,P00048,P00552,LOC0024,2026-04-14 23:40:00,0.99,DIG001700,പണം അയച്ചു,,,
EVT_DIG001701,movement,P00588,P00616,LOC0096,2026-05-21 11:49:00,0.99,DIG001701,स्थान साझा किया,,,
EVT_DIG001702,communication,P00406,P00290,LOC0135,2026-06-14 00:16:00,0.99,DIG001702,அழைத்தார்,,,
EVT_DIG001703,communication,P00300,P00432,LOC0008,2026-07-13 10:45:00,0.99,DIG001703,సంప్రదించారు,,,
EVT_DIG001704,meeting,P00191,P00891,LOC0121,2026-04-03 14:50:00,0.99,DIG001704,ਮਿਲਿਆ,,,
EVT_DIG001705,movement,P00339,P00438,LOC0109,2026-04-03 03:10:00,0.99,DIG001705,स्थान साझा किया,,,
EVT_DIG001706,communication,P00644,P00004,LOC0088,2026-05-23 08:24:00,0.99,DIG001706,ಸಂದೇಶ ಕಳುಹಿಸಿದರು,,,
EVT_DIG001707,communication,P00618,P00272,LOC0013,2026-04-20 09:54:00,0.99,DIG001707,ફોન કર્યો,,,
EVT_DIG001708,communication,P00500,P00310,LOC0126,2026-02-19 04:11:00,0.99,DIG001708,رابطہ کیا,,,
EVT_DIG001709,communication,P00912,P00524,LOC0155,2026-05-08 07:47:00,0.99,DIG001709,संदेश पाठवला,,,
EVT_DIG001710,vehicle_use,P00379,P00107,LOC0094,2026-04-24 16:31:00,0.99,DIG001710,वाहन का उपयोग किया,,,
EVT_DIG001711,communication,P00055,P00870,LOC0140,2026-04-21 00:18:00,0.99,DIG001711,ફોન કર્યો,,,
EVT_DIG001712,meeting,P00030,P00606,LOC0015,2026-06-21 20:28:00,0.99,DIG001712,சென்றார்,,,
EVT_DIG001713,communication,P00513,P00722,LOC0083,2026-07-23 09:17:00,0.99,DIG001713,যোগাযোগ করেছে,,,
EVT_DIG001714,movement,P00246,P00439,LOC0164,2026-05-26 22:58:00,0.99,DIG001714,സ്ഥലം പങ്കിട്ടു,,,
EVT_DIG001715,meeting,P00321,P00060,LOC0084,2026-03-18 13:02:00,0.99,DIG001715,వెళ్లారు,,,
EVT_DIG001716,movement,P00734,P00807,LOC0085,2026-07-29 12:13:00,0.99,DIG001716,स्थान साझा किया,,,
EVT_DIG001717,communication,P00870,P00700,LOC0003,2026-03-07 08:22:00,0.99,DIG001717,sent a message to,,,
EVT_DIG001718,communication,P00305,P00906,LOC0050,2026-08-17 18:14:00,0.99,DIG001718,sent a message to,,,
EVT_DIG001719,communication,P00499,P00602,LOC0034,2026-04-17 21:02:00,0.99,DIG001719,फोन किया,,,
EVT_DIG001720,transfer,P00395,P00147,LOC0118,2026-02-20 19:42:00,0.99,DIG001720,ਪੈਸੇ ਭੇਜੇ,,,
EVT_DIG001721,communication,P00546,P00538,LOC0098,2026-01-19 20:56:00,0.99,DIG001721,ಸಂದೇಶ ಕಳುಹಿಸಿದರು,,,
EVT_DIG001722,transfer,P00216,P00341,LOC0081,2026-02-20 18:11:00,0.99,DIG001722,નાણાં મોકલ્યાં,,,
EVT_DIG001723,meeting,P00677,P00978,LOC0065,2026-01-20 02:26:00,0.99,DIG001723,ਮਿਲਿਆ,,,
EVT_DIG001724,movement,P00890,P00563,LOC0066,2026-01-17 12:41:00,0.99,DIG001724,स्थान साझा किया,,,
EVT_DIG001725,meeting,P00233,P00571,LOC0109,2026-05-18 22:18:00,0.99,DIG001725,পরিদর্শন করেছে,,,
EVT_DIG001726,transfer,P00418,P00712,LOC0151,2026-07-26 16:23:00,0.99,DIG001726,பணம் அனுப்பினார்,,,
EVT_DIG001727,transfer,P00196,P00123,LOC0170,2026-07-13 03:26:00,0.99,DIG001727,പണം അയച്ചു,,,
EVT_DIG001728,transfer,P00919,P00673,LOC0025,2026-06-11 13:28:00,0.99,DIG001728,पैसे पाठवले,,,
EVT_DIG001729,movement,P00982,P00950,LOC0058,2026-03-25 13:24:00,0.99,DIG001729,مقام شیئر کیا,,,
EVT_DIG001730,movement,P00632,P00372,LOC0096,2026-03-03 17:14:00,0.99,DIG001730,സ്ഥലം പങ്കിട്ടു,,,
EVT_DIG001731,communication,P00863,P00056,LOC0133,2026-06-10 03:01:00,0.99,DIG001731,தொடர்பு கொண்டார்,,,
EVT_DIG001732,communication,P00039,P00889,LOC0066,2026-02-26 23:59:00,0.99,DIG001732,ಸಂಪರ್ಕಿಸಿದರು,,,
EVT_DIG001733,communication,P00629,P00999,LOC0062,2026-04-12 06:17:00,0.99,DIG001733,సంప్రదించారు,,,
EVT_DIG001734,communication,P00673,P00991,LOC0153,2026-06-21 05:38:00,0.99,DIG001734,رابطہ کیا,,,
EVT_DIG001735,meeting,P00859,P00165,LOC0023,2026-08-04 11:58:00,0.99,DIG001735,ਮੁਲਾਕਾਤ ਕੀਤੀ,,,
EVT_DIG001736,communication,P00989,P00647,LOC0129,2026-01-20 05:10:00,0.99,DIG001736,தொடர்பு கொண்டார்,,,
EVT_DIG001737,transfer,P00646,P00900,LOC0157,2026-04-27 12:57:00,0.99,DIG001737,பணம் அனுப்பினார்,,,
EVT_DIG001738,meeting,P00929,P00495,LOC0013,2026-05-22 12:59:00,0.99,DIG001738,दौरा किया,,,
EVT_DIG001739,communication,P00290,P00992,LOC0180,2026-06-27 06:44:00,0.99,DIG001739,தொடர்பு கொண்டார்,,,
EVT_DIG001740,communication,P00628,P00819,LOC0015,2026-05-20 08:06:00,0.99,DIG001740,ਫੋਨ ਕੀਤਾ,,,
EVT_DIG001741,meeting,P00831,P00020,LOC0045,2026-02-05 14:00:00,0.99,DIG001741,ಭೇಟಿ ನೀಡಿದರು,,,
EVT_DIG001742,meeting,P00672,P00769,LOC0170,2026-08-05 09:32:00,0.99,DIG001742,دورہ کیا,,,
EVT_DIG001743,communication,P00362,P00354,LOC0168,2026-04-19 02:47:00,0.99,DIG001743,செய்தி அனுப்பினார்,,,
EVT_DIG001744,communication,P00572,P00123,LOC0072,2026-08-28 21:48:00,0.99,DIG001744,যোগাযোগ করেছে,,,
EVT_DIG001745,communication,P00320,P00684,LOC0150,2026-03-19 23:36:00,0.99,DIG001745,رابطہ کیا,,,
EVT_DIG001746,meeting,P00574,P00853,LOC0092,2026-02-01 11:06:00,0.99,DIG001746,ಭೇಟಿಯಾದರು,,,
EVT_DIG001747,meeting,P00725,P00414,LOC0026,2026-07-14 23:34:00,0.99,DIG001747,ಭೇಟಿ ನೀಡಿದರು,,,
EVT_DIG001748,meeting,P00664,P00954,LOC0050,2026-07-18 08:59:00,0.99,DIG001748,ಭೇಟಿಯಾದರು,,,
EVT_DIG001749,meeting,P00888,P00113,LOC0048,2026-03-08 08:46:00,0.99,DIG001749,मिला,,,
EVT_DIG001750,movement,P00716,P00448,LOC0170,2026-01-02 03:15:00,0.99,DIG001750,स्थान साझा किया,,,
EVT_DIG001751,communication,P00008,P00249,LOC0081,2026-04-02 20:56:00,0.99,DIG001751,ബന്ധപ്പെട്ടു,,,
EVT_DIG001752,communication,P00482,P00463,LOC0048,2026-05-02 18:02:00,0.99,DIG001752,فون کیا,,,
EVT_DIG001753,communication,P00921,P00709,LOC0002,2026-08-19 20:01:00,0.99,DIG001753,ફોન કર્યો,,,
EVT_DIG001754,communication,P00766,P00752,LOC0127,2026-07-16 05:10:00,0.99,DIG001754,বার্তা পাঠিয়েছে,,,
EVT_DIG001755,communication,P00277,P00373,LOC0038,2026-06-01 20:11:00,0.99,DIG001755,संदेश पाठवला,,,
EVT_DIG001756,meeting,P00711,P00143,LOC0034,2026-02-10 12:35:00,0.99,DIG001756,ಭೇಟಿಯಾದರು,,,
EVT_DIG001757,meeting,P00940,P00051,LOC0118,2026-06-15 06:11:00,0.99,DIG001757,ਮਿਲਿਆ,,,
EVT_DIG001758,communication,P00430,P00970,LOC0132,2026-02-12 22:12:00,0.99,DIG001758,ਸੁਨੇਹਾ ਭੇਜਿਆ,,,
EVT_DIG001759,communication,P00641,P00065,LOC0023,2026-07-19 08:11:00,0.99,DIG001759,फोन किया,,,
EVT_DIG001760,movement,P00724,P00685,LOC0163,2026-08-08 12:51:00,0.99,DIG001760,مقام شیئر کیا,,,
EVT_DIG001761,communication,P00027,P00929,LOC0166,2026-02-08 12:38:00,0.99,DIG001761,پیغام بھیجا,,,
EVT_DIG001762,meeting,P00306,P00107,LOC0176,2026-07-15 08:32:00,0.99,DIG001762,দেখা করেছে,,,
EVT_DIG001763,communication,P00148,P00758,LOC0069,2026-07-16 15:14:00,0.99,DIG001763,پیغام بھیجا,,,
EVT_DIG001764,communication,P00961,P00339,LOC0027,2026-06-02 10:35:00,0.99,DIG001764,సంప్రదించారు,,,
EVT_DIG001765,meeting,P00892,P00011,LOC0155,2026-04-21 18:30:00,0.99,DIG001765,ಭೇಟಿ ನೀಡಿದರು,,,
EVT_DIG001766,communication,P00603,P00385,LOC0162,2026-03-18 07:08:00,0.99,DIG001766,sent a message to,,,
EVT_DIG001767,communication,P00652,P00395,LOC0067,2026-06-06 13:37:00,0.99,DIG001767,ఫోన్ చేశారు,,,
EVT_DIG001768,movement,P00789,P00172,LOC0023,2026-08-13 21:55:00,0.99,DIG001768,સ્થાન શેર કર્યું,,,
EVT_DIG001769,movement,P00773,P00883,LOC0062,2026-06-17 04:47:00,0.99,DIG001769,స్థానం పంచుకున్నారు,,,
EVT_DIG001770,communication,P00635,P00656,LOC0075,2026-08-05 06:13:00,0.99,DIG001770,فون کیا,,,
EVT_DIG001771,meeting,P00233,P00681,LOC0177,2026-01-02 00:57:00,0.99,DIG001771,സന്ദർശിച്ചു,,,
EVT_DIG001772,transfer,P00802,P00144,LOC0105,2026-04-02 19:36:00,0.99,DIG001772,డబ్బు పంపారు,,,
EVT_DIG001773,movement,P00893,P00093,LOC0180,2026-08-25 04:07:00,0.99,DIG001773,ठिकाण शेअर केले,,,
EVT_DIG001774,vehicle_use,P00521,P00098,LOC0098,2026-03-28 01:59:00,0.99,DIG001774,वाहन का उपयोग किया,,,
EVT_DIG001775,movement,P00285,P00465,LOC0149,2026-07-16 18:07:00,0.99,DIG001775,இடத்தை பகிர்ந்தார்,,,
EVT_DIG001776,movement,P00870,P00522,LOC0127,2026-06-17 19:39:00,0.99,DIG001776,స్థానం పంచుకున్నారు,,,
EVT_DIG001777,meeting,P00856,P00329,LOC0180,2026-03-07 01:45:00,0.99,DIG001777,met,,,
EVT_DIG001778,communication,P00065,P00337,LOC0018,2026-07-12 13:36:00,0.99,DIG001778,ಸಂದೇಶ ಕಳುಹಿಸಿದರು,,,
EVT_DIG001779,meeting,P00353,P00369,LOC0033,2026-06-04 12:02:00,0.99,DIG001779,भेट दिली,,,
EVT_DIG001780,meeting,P00519,P00031,LOC0131,2026-01-22 00:34:00,0.99,DIG001780,मिला,,,
EVT_DIG001781,communication,P00411,P00162,LOC0031,2026-08-29 20:28:00,0.99,DIG001781,ಸಂದೇಶ ಕಳುಹಿಸಿದರು,,,
EVT_DIG001782,meeting,P00679,P00908,LOC0112,2026-06-21 09:52:00,0.99,DIG001782,मिला,,,
EVT_DIG001783,meeting,P00246,P00306,LOC0179,2026-02-15 22:52:00,0.99,DIG001783,ಭೇಟಿ ನೀಡಿದರು,,,
EVT_DIG001784,communication,P00681,P00092,LOC0095,2026-07-06 08:31:00,0.99,DIG001784,বার্তা পাঠিয়েছে,,,
EVT_DIG001785,meeting,P00321,P00176,LOC0114,2026-03-23 09:09:00,0.99,DIG001785,ಭೇಟಿಯಾದರು,,,
EVT_DIG001786,movement,P00759,P00255,LOC0052,2026-03-01 05:08:00,0.99,DIG001786,shared a location with,,,
EVT_DIG001787,communication,P00462,P00179,LOC0080,2026-01-28 15:42:00,0.99,DIG001787,پیغام بھیجا,,,
EVT_DIG001788,movement,P00667,P00114,LOC0029,2026-06-14 00:45:00,0.99,DIG001788,స్థానం పంచుకున్నారు,,,
EVT_DIG001789,meeting,P00959,P00810,LOC0166,2026-07-31 00:48:00,0.99,DIG001789,দেখা করেছে,,,
EVT_DIG001790,communication,P00844,P00082,LOC0059,2026-06-22 16:21:00,0.99,DIG001790,संदेश पाठवला,,,
EVT_DIG001791,communication,P00507,P00381,LOC0101,2026-06-28 16:34:00,0.99,DIG001791,ফোন করেছে,,,
EVT_DIG001792,meeting,P00643,P00164,LOC0027,2026-04-09 01:22:00,0.99,DIG001792,ملاقات کی,,,
EVT_DIG001793,movement,P00359,P00224,LOC0101,2026-05-05 15:30:00,0.99,DIG001793,സ്ഥലം പങ്കിട്ടു,,,
EVT_DIG001794,communication,P00839,P00629,LOC0008,2026-05-29 01:15:00,0.99,DIG001794,સંદેશ મોકલ્યો,,,
EVT_DIG001795,transfer,P00612,P00397,LOC0111,2026-03-05 02:38:00,0.99,DIG001795,টাকা পাঠিয়েছে,,,
EVT_DIG001796,meeting,P00237,P00468,LOC0140,2026-08-27 04:30:00,0.99,DIG001796,వెళ్లారు,,,
EVT_DIG001797,communication,P00189,P00640,LOC0088,2026-05-10 12:22:00,0.99,DIG001797,संपर्क केला,,,
EVT_DIG001798,communication,P00744,P00074,LOC0132,2026-05-26 03:30:00,0.99,DIG001798,फोन केला,,,
EVT_DIG001799,meeting,P00278,P00541,LOC0027,2026-02-03 18:44:00,0.99,DIG001799,دورہ کیا,,,
EVT_DIG001800,meeting,P00088,P00248,LOC0142,2026-04-07 14:31:00,0.99,DIG001800,ಭೇಟಿ ನೀಡಿದರು,,,
EVT_DIG001801,meeting,P00731,P00573,LOC0094,2026-06-12 05:14:00,0.99,DIG001801,دورہ کیا,,,
EVT_DIG001802,movement,P00532,P00888,LOC0180,2026-05-17 18:06:00,0.99,DIG001802,ठिकाण शेअर केले,,,
EVT_DIG001803,transfer,P00596,P00234,LOC0068,2026-08-25 20:13:00,0.99,DIG001803,ਪੈਸੇ ਭੇਜੇ,,,
EVT_DIG001804,communication,P00738,P00449,LOC0065,2026-01-05 00:11:00,0.99,DIG001804,فون کیا,,,
EVT_DIG001805,meeting,P00902,P00176,LOC0120,2026-03-28 20:00:00,0.99,DIG001805,दौरा किया,,,
EVT_DIG001806,communication,P00637,P00562,LOC0090,2026-01-14 03:42:00,0.99,DIG001806,contacted,,,
EVT_DIG001807,transfer,P00663,P00116,LOC0058,2026-01-25 17:44:00,0.99,DIG001807,డబ్బు పంపారు,,,
EVT_DIG001808,communication,P00529,P00442,LOC0119,2026-05-03 14:45:00,0.99,DIG001808,સંપર્ક કર્યો,,,
EVT_DIG001809,communication,P00522,P00102,LOC0154,2026-01-20 23:26:00,0.99,DIG001809,called,,,
EVT_DIG001810,communication,P00666,P00894,LOC0118,2026-01-05 09:34:00,0.99,DIG001810,ಸಂದೇಶ ಕಳುಹಿಸಿದರು,,,
EVT_DIG001811,communication,P00047,P00947,LOC0098,2026-04-10 15:40:00,0.99,DIG001811,ಸಂದೇಶ ಕಳುಹಿಸಿದರು,,,
EVT_DIG001812,meeting,P00988,P00717,LOC0099,2026-08-01 19:36:00,0.99,DIG001812,ملاقات کی,,,
EVT_DIG001813,communication,P00413,P00081,LOC0174,2026-08-09 15:37:00,0.99,DIG001813,ফোন করেছে,,,
EVT_DIG001814,meeting,P00907,P00284,LOC0100,2026-05-15 16:15:00,0.99,DIG001814,ಭೇಟಿಯಾದರು,,,
EVT_DIG001815,meeting,P00312,P00983,LOC0122,2026-08-30 04:04:00,0.99,DIG001815,சென்றார்,,,
EVT_DIG001816,transfer,P00703,P00748,LOC0160,2026-02-17 17:30:00,0.99,DIG001816,പണം അയച്ചു,,,
EVT_DIG001817,communication,P00581,P00186,LOC0120,2026-01-14 03:58:00,0.99,DIG001817,સંપર્ક કર્યો,,,
EVT_DIG001818,transfer,P00980,P00914,LOC0140,2026-06-13 20:47:00,0.99,DIG001818,ਪੈਸੇ ਭੇਜੇ,,,
EVT_DIG001819,transfer,P00851,P00083,LOC0051,2026-06-26 00:20:00,0.99,DIG001819,ਪੈਸੇ ਭੇਜੇ,,,
EVT_DIG001820,transfer,P00283,P00550,LOC0162,2026-01-26 17:22:00,0.99,DIG001820,টাকা পাঠিয়েছে,,,
EVT_DIG001821,communication,P00553,P00423,LOC0080,2026-02-16 05:58:00,0.99,DIG001821,தொடர்பு கொண்டார்,,,
EVT_DIG001822,communication,P00398,P00633,LOC0121,2026-05-19 02:39:00,0.99,DIG001822,ఫోన్ చేశారు,,,
EVT_DIG001823,meeting,P00107,P00844,LOC0159,2026-04-10 03:32:00,0.99,DIG001823,পরিদর্শন করেছে,,,
EVT_DIG001824,communication,P00496,P00614,LOC0159,2026-08-14 23:32:00,0.99,DIG001824,വിളിച്ചു,,,
EVT_DIG001825,meeting,P00033,P00540,LOC0168,2026-01-25 00:33:00,0.99,DIG001825,ملاقات کی,,,
EVT_DIG001826,communication,P00028,P00565,LOC0169,2026-07-05 01:29:00,0.99,DIG001826,contacted,,,
EVT_DIG001827,communication,P00152,P00949,LOC0011,2026-02-21 06:57:00,0.99,DIG001827,संपर्क केला,,,
EVT_DIG001828,communication,P00713,P00596,LOC0149,2026-01-28 06:44:00,0.99,DIG001828,called,,,
EVT_DIG001829,communication,P00483,P00769,LOC0166,2026-04-20 07:53:00,0.99,DIG001829,फोन केला,,,
EVT_DIG001830,communication,P00347,P00138,LOC0065,2026-08-31 11:53:00,0.99,DIG001830,যোগাযোগ করেছে,,,
EVT_DIG001831,vehicle_use,P00702,P00462,LOC0094,2026-05-09 02:51:00,0.99,DIG001831,used a vehicle,,,
EVT_DIG001832,communication,P00678,P00202,LOC0134,2026-05-13 01:16:00,0.99,DIG001832,വിളിച്ചു,,,
EVT_DIG001833,transfer,P00342,P00598,LOC0065,2026-03-17 18:32:00,0.99,DIG001833,ಹಣ ಕಳುಹಿಸಿದರು,,,
EVT_DIG001834,transfer,P00630,P00956,LOC0172,2026-06-13 16:45:00,0.99,DIG001834,డబ్బు పంపారు,,,
EVT_DIG001835,communication,P00625,P00189,LOC0035,2026-01-03 22:01:00,0.99,DIG001835,தொடர்பு கொண்டார்,,,
EVT_DIG001836,movement,P00734,P00817,LOC0071,2026-06-26 17:05:00,0.99,DIG001836,مقام شیئر کیا,,,
EVT_DIG001837,transfer,P00691,P00806,LOC0146,2026-02-02 09:01:00,0.99,DIG001837,पैसे पाठवले,,,
EVT_DIG001838,communication,P00331,P00377,LOC0104,2026-08-21 22:09:00,0.99,DIG001838,संपर्क किया,,,
EVT_DIG001839,movement,P00260,P00880,LOC0116,2026-05-29 20:08:00,0.99,DIG001839,இடத்தை பகிர்ந்தார்,,,
EVT_DIG001840,meeting,P00880,P00395,LOC0081,2026-03-07 13:22:00,0.99,DIG001840,मिला,,,
EVT_DIG001841,communication,P00834,P00040,LOC0023,2026-04-12 17:49:00,0.99,DIG001841,پیغام بھیجا,,,
EVT_DIG001842,communication,P00349,P00607,LOC0137,2026-02-14 13:22:00,0.99,DIG001842,సందేశం పంపారు,,,
EVT_DIG001843,communication,P00497,P00521,LOC0087,2026-07-24 15:33:00,0.99,DIG001843,ફોન કર્યો,,,
EVT_DIG001844,transfer,P00691,P00928,LOC0168,2026-05-20 17:14:00,0.99,DIG001844,નાણાં મોકલ્યાં,,,
EVT_DIG001845,communication,P00493,P00116,LOC0154,2026-08-06 07:26:00,0.99,DIG001845,رابطہ کیا,,,
EVT_DIG001846,communication,P00865,P00728,LOC0007,2026-03-14 09:58:00,0.99,DIG001846,ਸੁਨੇਹਾ ਭੇਜਿਆ,,,
EVT_DIG001847,meeting,P00718,P00666,LOC0038,2026-07-21 14:41:00,0.99,DIG001847,দেখা করেছে,,,
EVT_DIG001848,communication,P00627,P00399,LOC0083,2026-03-24 23:21:00,0.99,DIG001848,संपर्क किया,,,
EVT_DIG001849,transfer,P00602,P00460,LOC0137,2026-03-25 22:19:00,0.99,DIG001849,பணம் அனுப்பினார்,,,
EVT_DIG001850,meeting,P00781,P00736,LOC0066,2026-06-25 01:05:00,0.99,DIG001850,ಭೇಟಿ ನೀಡಿದರು,,,
EVT_DIG001851,communication,P00313,P00551,LOC0061,2026-07-09 19:40:00,0.99,DIG001851,संदेश पाठवला,,,
EVT_DIG001852,meeting,P00721,P00001,LOC0022,2026-01-24 09:11:00,0.99,DIG001852,met,,,
EVT_DIG001853,communication,P00659,P00241,LOC0033,2026-06-09 02:35:00,0.99,DIG001853,যোগাযোগ করেছে,,,
EVT_DIG001854,communication,P00812,P00570,LOC0155,2026-07-17 10:46:00,0.99,DIG001854,ബന്ധപ്പെട്ടു,,,
EVT_DIG001855,transfer,P00440,P00006,LOC0104,2026-06-07 07:58:00,0.99,DIG001855,transferred funds to,,,
EVT_DIG001856,movement,P00798,P00541,LOC0165,2026-05-13 06:45:00,0.99,DIG001856,مقام شیئر کیا,,,
EVT_DIG001857,communication,P00248,P00474,LOC0098,2026-01-27 04:29:00,0.99,DIG001857,സന്ദേശം അയച്ചു,,,
EVT_DIG001858,movement,P00294,P00425,LOC0110,2026-07-11 10:46:00,0.99,DIG001858,ਸਥਾਨ ਸਾਂਝਾ ਕੀਤਾ,,,
EVT_DIG001859,meeting,P00840,P00181,LOC0092,2026-07-08 08:58:00,0.99,DIG001859,സന്ദർശിച്ചു,,,
EVT_DIG001860,meeting,P00310,P00749,LOC0067,2026-06-06 23:31:00,0.99,DIG001860,ਮਿਲਿਆ,,,
EVT_DIG001861,meeting,P00450,P00034,LOC0047,2026-05-03 03:28:00,0.99,DIG001861,भेटला,,,
EVT_DIG001862,communication,P00634,P00256,LOC0072,2026-08-04 22:38:00,0.99,DIG001862,फोन किया,,,
EVT_DIG001863,communication,P00738,P00029,LOC0162,2026-04-23 08:58:00,0.99,DIG001863,फोन किया,,,
EVT_DIG001864,meeting,P00457,P00974,LOC0110,2026-01-10 10:12:00,0.99,DIG001864,ਮੁਲਾਕਾਤ ਕੀਤੀ,,,
EVT_DIG001865,communication,P00886,P00180,LOC0127,2026-03-22 11:18:00,0.99,DIG001865,رابطہ کیا,,,
EVT_DIG001866,meeting,P00887,P00111,LOC0070,2026-06-12 00:49:00,0.99,DIG001866,ਮੁਲਾਕਾਤ ਕੀਤੀ,,,
EVT_DIG001867,communication,P00248,P00378,LOC0118,2026-08-16 12:29:00,0.99,DIG001867,ఫోన్ చేశారు,,,
EVT_DIG001868,meeting,P00399,P00502,LOC0074,2026-01-19 23:26:00,0.99,DIG001868,சந்தித்தார்,,,
EVT_DIG001869,meeting,P00914,P00796,LOC0104,2026-07-23 06:04:00,0.99,DIG001869,भेटला,,,
EVT_DIG001870,movement,P00681,P00355,LOC0106,2026-04-22 05:18:00,0.99,DIG001870,shared a location with,,,
EVT_DIG001871,communication,P00309,P00144,LOC0166,2026-06-03 06:37:00,0.99,DIG001871,संदेश भेजा,,,
EVT_DIG001872,meeting,P00234,P00415,LOC0011,2026-03-04 00:46:00,0.99,DIG001872,സന്ദർശിച്ചു,,,
EVT_DIG001873,communication,P00880,P00242,LOC0156,2026-08-31 06:16:00,0.99,DIG001873,വിളിച്ചു,,,
EVT_DIG001874,communication,P00574,P00459,LOC0140,2026-02-14 21:19:00,0.99,DIG001874,ಸಂಪರ್ಕಿಸಿದರು,,,
EVT_DIG001875,transfer,P00011,P00065,LOC0120,2026-07-05 01:02:00,0.99,DIG001875,പണം അയച്ചു,,,
EVT_DIG001876,communication,P00573,P00540,LOC0048,2026-04-28 02:38:00,0.99,DIG001876,సందేశం పంపారు,,,
EVT_DIG001877,communication,P00188,P00525,LOC0110,2026-03-19 15:13:00,0.99,DIG001877,సందేశం పంపారు,,,
EVT_DIG001878,communication,P00872,P00358,LOC0110,2026-04-12 23:01:00,0.99,DIG001878,સંપર્ક કર્યો,,,
EVT_DIG001879,movement,P00392,P00257,LOC0003,2026-02-22 13:50:00,0.99,DIG001879,shared a location with,,,
EVT_DIG001880,meeting,P00679,P00026,LOC0113,2026-08-21 15:09:00,0.99,DIG001880,দেখা করেছে,,,
EVT_DIG001881,meeting,P00402,P00666,LOC0126,2026-07-05 18:40:00,0.99,DIG001881,دورہ کیا,,,
EVT_DIG001882,transfer,P00033,P00027,LOC0140,2026-03-27 12:17:00,0.99,DIG001882,ಹಣ ಕಳುಹಿಸಿದರು,,,
EVT_DIG001883,movement,P00306,P00846,LOC0128,2026-07-28 12:47:00,0.99,DIG001883,مقام شیئر کیا,,,
EVT_DIG001884,meeting,P00595,P00565,LOC0141,2026-02-28 13:55:00,0.99,DIG001884,சந்தித்தார்,,,
EVT_DIG001885,movement,P00122,P00723,LOC0017,2026-07-02 00:34:00,0.99,DIG001885,স্থান ভাগ করেছে,,,
EVT_DIG001886,transfer,P00797,P00729,LOC0116,2026-01-17 05:33:00,0.99,DIG001886,transferred funds to,,,
EVT_DIG001887,meeting,P00824,P00820,LOC0007,2026-02-25 20:06:00,0.99,DIG001887,visited,,,
EVT_DIG001888,communication,P00169,P00830,LOC0024,2026-04-09 13:20:00,0.99,DIG001888,സന്ദേശം അയച്ചു,,,
EVT_DIG001889,communication,P00798,P00053,LOC0076,2026-05-19 17:03:00,0.99,DIG001889,ਸੁਨੇਹਾ ਭੇਜਿਆ,,,
EVT_DIG001890,communication,P00976,P00254,LOC0138,2026-08-18 03:48:00,0.99,DIG001890,ಸಂದೇಶ ಕಳುಹಿಸಿದರು,,,
EVT_DIG001891,communication,P00070,P00425,LOC0138,2026-03-26 07:34:00,0.99,DIG001891,ఫోన్ చేశారు,,,
EVT_DIG001892,communication,P00894,P00539,LOC0124,2026-05-27 16:41:00,0.99,DIG001892,فون کیا,,,
EVT_DIG001893,movement,P00472,P00870,LOC0006,2026-03-16 17:13:00,0.99,DIG001893,مقام شیئر کیا,,,
EVT_DIG001894,meeting,P00692,P00994,LOC0030,2026-04-20 10:45:00,0.99,DIG001894,സന്ദർശിച്ചു,,,
EVT_DIG001895,communication,P00822,P00074,LOC0050,2026-08-13 15:07:00,0.99,DIG001895,ಸಂಪರ್ಕಿಸಿದರು,,,
EVT_DIG001896,communication,P00750,P00592,LOC0046,2026-07-05 12:41:00,0.99,DIG001896,संदेश भेजा,,,
EVT_DIG001897,meeting,P00038,P00889,LOC0140,2026-08-05 15:09:00,0.99,DIG001897,ملاقات کی,,,
EVT_DIG001898,meeting,P00526,P00897,LOC0037,2026-02-28 15:14:00,0.99,DIG001898,ਮੁਲਾਕਾਤ ਕੀਤੀ,,,
EVT_DIG001899,transfer,P00914,P00909,LOC0099,2026-03-24 19:02:00,0.99,DIG001899,رقم منتقل کی,,,
EVT_DIG001900,communication,P00967,P00854,LOC0040,2026-02-04 06:30:00,0.99,DIG001900,ബന്ധപ്പെട്ടു,,,
EVT_DIG001901,meeting,P00454,P00189,LOC0180,2026-06-02 13:18:00,0.99,DIG001901,পরিদর্শন করেছে,,,
EVT_DIG001902,movement,P00970,P00431,LOC0051,2026-04-07 10:37:00,0.99,DIG001902,ठिकाण शेअर केले,,,
EVT_DIG001903,communication,P00670,P00442,LOC0032,2026-02-15 16:13:00,0.99,DIG001903,தொடர்பு கொண்டார்,,,
EVT_DIG001904,communication,P00713,P00694,LOC0071,2026-01-21 06:46:00,0.99,DIG001904,फोन केला,,,
EVT_DIG001905,meeting,P00366,P00139,LOC0036,2026-04-07 19:12:00,0.99,DIG001905,వెళ్లారు,,,
EVT_DIG001906,meeting,P00980,P00656,LOC0163,2026-08-07 13:49:00,0.99,DIG001906,ਮੁਲਾਕਾਤ ਕੀਤੀ,,,
EVT_DIG001907,communication,P00862,P00423,LOC0065,2026-03-06 12:34:00,0.99,DIG001907,ਸੁਨੇਹਾ ਭੇਜਿਆ,,,
EVT_DIG001908,communication,P00614,P00628,LOC0173,2026-01-14 06:08:00,0.99,DIG001908,যোগাযোগ করেছে,,,
EVT_DIG001909,movement,P00361,P00150,LOC0146,2026-05-15 15:25:00,0.99,DIG001909,ಸ್ಥಳ ಹಂಚಿಕೊಂಡರು,,,
EVT_DIG001910,communication,P00275,P00794,LOC0012,2026-06-12 13:01:00,0.99,DIG001910,ಕರೆ ಮಾಡಿದರು,,,
EVT_DIG001911,communication,P00294,P00213,LOC0132,2026-08-17 14:33:00,0.99,DIG001911,அழைத்தார்,,,
EVT_DIG001912,movement,P00733,P00198,LOC0011,2026-06-26 02:27:00,0.99,DIG001912,مقام شیئر کیا,,,
EVT_DIG001913,communication,P00922,P00109,LOC0114,2026-08-28 03:50:00,0.99,DIG001913,செய்தி அனுப்பினார்,,,
EVT_DIG001914,transfer,P00832,P00646,LOC0177,2026-01-03 10:24:00,0.99,DIG001914,رقم منتقل کی,,,
EVT_DIG001915,communication,P00702,P00202,LOC0160,2026-02-14 16:22:00,0.99,DIG001915,ਸੁਨੇਹਾ ਭੇਜਿਆ,,,
EVT_DIG001916,communication,P00452,P00628,LOC0061,2026-07-05 22:13:00,0.99,DIG001916,செய்தி அனுப்பினார்,,,
EVT_DIG001917,meeting,P00937,P00822,LOC0085,2026-06-27 12:43:00,0.99,DIG001917,পরিদর্শন করেছে,,,
EVT_DIG001918,communication,P00018,P00871,LOC0166,2026-04-10 01:40:00,0.99,DIG001918,যোগাযোগ করেছে,,,
EVT_DIG001919,meeting,P00896,P00206,LOC0139,2026-03-28 04:17:00,0.99,DIG001919,भेटला,,,
EVT_DIG001920,transfer,P00868,P00723,LOC0066,2026-03-29 14:11:00,0.99,DIG001920,ਪੈਸੇ ਭੇਜੇ,,,
EVT_DIG001921,communication,P00286,P00525,LOC0086,2026-08-14 18:52:00,0.99,DIG001921,फोन केला,,,
EVT_DIG001922,meeting,P00974,P00238,LOC0068,2026-06-08 12:51:00,0.99,DIG001922,দেখা করেছে,,,
EVT_DIG001923,movement,P00907,P00885,LOC0145,2026-07-06 21:40:00,0.99,DIG001923,ठिकाण शेअर केले,,,
EVT_DIG001924,meeting,P00865,P00807,LOC0021,2026-04-25 07:59:00,0.99,DIG001924,కలిశారు,,,
EVT_DIG001925,meeting,P00374,P00223,LOC0050,2026-08-24 10:00:00,0.99,DIG001925,મળ્યા,,,
EVT_DIG001926,transfer,P00003,P00442,LOC0091,2026-03-20 07:35:00,0.99,DIG001926,பணம் அனுப்பினார்,,,
EVT_DIG001927,transfer,P00621,P00421,LOC0075,2026-08-22 01:34:00,0.99,DIG001927,টাকা পাঠিয়েছে,,,
EVT_DIG001928,communication,P00106,P00143,LOC0114,2026-04-05 01:44:00,0.99,DIG001928,సందేశం పంపారు,,,
EVT_DIG001929,movement,P00665,P00743,LOC0004,2026-03-19 03:08:00,0.99,DIG001929,स्थान साझा किया,,,
EVT_DIG001930,communication,P00630,P00981,LOC0079,2026-04-19 07:45:00,0.99,DIG001930,ਸੁਨੇਹਾ ਭੇਜਿਆ,,,
EVT_DIG001931,meeting,P00165,P00804,LOC0076,2026-06-14 09:29:00,0.99,DIG001931,వెళ్లారు,,,
EVT_DIG001932,communication,P00692,P00486,LOC0079,2026-07-02 09:50:00,0.99,DIG001932,ফোন করেছে,,,
EVT_DIG001933,communication,P00724,P00151,LOC0170,2026-03-01 16:50:00,0.99,DIG001933,फोन किया,,,
EVT_DIG001934,communication,P00033,P00840,LOC0141,2026-04-29 20:32:00,0.99,DIG001934,ਸੁਨੇਹਾ ਭੇਜਿਆ,,,
EVT_DIG001935,meeting,P00864,P00397,LOC0094,2026-07-05 15:22:00,0.99,DIG001935,ਮਿਲਿਆ,,,
EVT_DIG001936,communication,P00239,P00767,LOC0143,2026-08-30 00:56:00,0.99,DIG001936,വിളിച്ചു,,,
EVT_DIG001937,transfer,P00555,P00641,LOC0021,2026-01-28 05:36:00,0.99,DIG001937,पैसे पाठवले,,,
EVT_DIG001938,communication,P00132,P00730,LOC0123,2026-08-09 11:05:00,0.99,DIG001938,ఫోన్ చేశారు,,,
EVT_DIG001939,transfer,P00287,P00035,LOC0032,2026-08-31 05:07:00,0.99,DIG001939,धन भेजा,,,
EVT_DIG001940,meeting,P00722,P00541,LOC0035,2026-07-18 23:16:00,0.99,DIG001940,भेटला,,,
EVT_DIG001941,meeting,P00030,P00425,LOC0124,2026-07-01 09:53:00,0.99,DIG001941,ਮਿਲਿਆ,,,
EVT_DIG001942,communication,P00608,P00319,LOC0147,2026-01-25 22:03:00,0.99,DIG001942,ਸੁਨੇਹਾ ਭੇਜਿਆ,,,
EVT_DIG001943,transfer,P00047,P00648,LOC0094,2026-01-23 12:48:00,0.99,DIG001943,টাকা পাঠিয়েছে,,,
EVT_DIG001944,meeting,P00380,P00533,LOC0125,2026-02-07 13:23:00,0.99,DIG001944,వెళ్లారు,,,
EVT_DIG001945,vehicle_use,P00533,P00497,LOC0018,2026-06-01 16:30:00,0.99,DIG001945,used a vehicle,,,
EVT_DIG001946,meeting,P00857,P00631,LOC0061,2026-01-19 03:37:00,0.99,DIG001946,met,,,
EVT_DIG001947,meeting,P00952,P00459,LOC0079,2026-07-16 01:52:00,0.99,DIG001947,मिला,,,
EVT_DIG001948,meeting,P00731,P00111,LOC0106,2026-02-10 15:03:00,0.99,DIG001948,ಭೇಟಿ ನೀಡಿದರು,,,
EVT_DIG001949,movement,P00653,P00237,LOC0171,2026-02-15 05:19:00,0.99,DIG001949,স্থান ভাগ করেছে,,,
EVT_DIG001950,movement,P00303,P00963,LOC0052,2026-07-22 07:07:00,0.99,DIG001950,இடத்தை பகிர்ந்தார்,,,
EVT_DIG001951,meeting,P00233,P00204,LOC0036,2026-04-27 09:28:00,0.99,DIG001951,મળ્યા,,,
EVT_DIG001952,communication,P00819,P00894,LOC0032,2026-02-25 07:33:00,0.99,DIG001952,தொடர்பு கொண்டார்,,,
EVT_DIG001953,communication,P00381,P00354,LOC0105,2026-07-13 07:39:00,0.99,DIG001953,فون کیا,,,
EVT_DIG001954,communication,P00810,P00610,LOC0162,2026-06-22 21:58:00,0.99,DIG001954,پیغام بھیجا,,,
EVT_DIG001955,communication,P00388,P00032,LOC0012,2026-04-07 17:56:00,0.99,DIG001955,संदेश भेजा,,,
EVT_DIG001956,communication,P00796,P00034,LOC0161,2026-05-15 08:41:00,0.99,DIG001956,വിളിച്ചു,,,
EVT_DIG001957,meeting,P00286,P00676,LOC0112,2026-02-01 21:48:00,0.99,DIG001957,দেখা করেছে,,,
EVT_DIG001958,communication,P00756,P00745,LOC0164,2026-03-23 15:25:00,0.99,DIG001958,ਫੋਨ ਕੀਤਾ,,,
EVT_DIG001959,meeting,P00465,P00024,LOC0062,2026-05-31 14:25:00,0.99,DIG001959,వెళ్లారు,,,
EVT_DIG001960,communication,P00661,P00492,LOC0029,2026-02-14 00:25:00,0.99,DIG001960,फोन केला,,,
EVT_DIG001961,transfer,P00853,P00475,LOC0145,2026-08-28 12:24:00,0.99,DIG001961,টাকা পাঠিয়েছে,,,
EVT_DIG001962,transfer,P00758,P00805,LOC0069,2026-07-17 03:43:00,0.99,DIG001962,رقم منتقل کی,,,
EVT_DIG001963,communication,P00364,P00362,LOC0058,2026-08-27 00:36:00,0.99,DIG001963,संदेश भेजा,,,
EVT_DIG001964,movement,P00243,P00960,LOC0107,2026-02-01 02:32:00,0.99,DIG001964,स्थान साझा किया,,,
EVT_DIG001965,meeting,P00829,P00615,LOC0110,2026-03-30 21:51:00,0.99,DIG001965,ملاقات کی,,,
EVT_DIG001966,communication,P00690,P00303,LOC0010,2026-02-07 18:41:00,0.99,DIG001966,फोन किया,,,
EVT_DIG001967,communication,P00046,P00080,LOC0162,2026-02-01 00:59:00,0.99,DIG001967,அழைத்தார்,,,
EVT_DIG001968,communication,P00379,P00521,LOC0167,2026-04-04 18:38:00,0.99,DIG001968,സന്ദേശം അയച്ചു,,,
EVT_DIG001969,transfer,P00697,P00188,LOC0139,2026-07-27 21:49:00,0.99,DIG001969,ਪੈਸੇ ਭੇਜੇ,,,
EVT_DIG001970,movement,P00881,P00558,LOC0125,2026-07-22 19:30:00,0.99,DIG001970,مقام شیئر کیا,,,
EVT_DIG001971,movement,P00986,P00830,LOC0101,2026-05-22 07:10:00,0.99,DIG001971,స్థానం పంచుకున్నారు,,,
EVT_DIG001972,movement,P00843,P00561,LOC0096,2026-07-10 05:37:00,0.99,DIG001972,സ്ഥലം പങ്കിട്ടു,,,
EVT_DIG001973,communication,P00280,P00272,LOC0112,2026-02-14 16:03:00,0.99,DIG001973,വിളിച്ചു,,,
EVT_DIG001974,communication,P00921,P00687,LOC0120,2026-02-12 23:55:00,0.99,DIG001974,செய்தி அனுப்பினார்,,,
EVT_DIG001975,meeting,P00454,P00100,LOC0154,2026-03-13 13:04:00,0.99,DIG001975,சந்தித்தார்,,,
EVT_DIG001976,communication,P00548,P00532,LOC0033,2026-04-24 01:25:00,0.99,DIG001976,ফোন করেছে,,,
EVT_DIG001977,meeting,P00071,P00506,LOC0089,2026-03-28 06:49:00,0.99,DIG001977,भेटला,,,
EVT_DIG001978,transfer,P00272,P00471,LOC0111,2026-03-25 14:54:00,0.99,DIG001978,টাকা পাঠিয়েছে,,,
EVT_DIG001979,movement,P00724,P00607,LOC0137,2026-03-31 03:32:00,0.99,DIG001979,இடத்தை பகிர்ந்தார்,,,
EVT_DIG001980,communication,P00154,P00614,LOC0118,2026-02-05 04:57:00,0.99,DIG001980,సంప్రదించారు,,,
EVT_DIG001981,communication,P00568,P00952,LOC0090,2026-07-15 21:29:00,0.99,DIG001981,پیغام بھیجا,,,
EVT_DIG001982,vehicle_use,P00758,P00837,LOC0125,2026-04-22 19:19:00,0.99,DIG001982,used a vehicle,,,
EVT_DIG001983,meeting,P00194,P00368,LOC0070,2026-07-13 06:51:00,0.99,DIG001983,visited,,,
EVT_DIG001984,transfer,P00609,P00351,LOC0080,2026-01-01 14:24:00,0.99,DIG001984,টাকা পাঠিয়েছে,,,
EVT_DIG001985,communication,P00504,P00866,LOC0119,2026-05-05 14:13:00,0.99,DIG001985,संपर्क केला,,,
EVT_DIG001986,meeting,P00963,P00128,LOC0038,2026-07-13 15:47:00,0.99,DIG001986,ملاقات کی,,,
EVT_DIG001987,communication,P00378,P00064,LOC0070,2026-06-07 00:12:00,0.99,DIG001987,رابطہ کیا,,,
EVT_DIG001988,meeting,P00111,P00899,LOC0048,2026-06-11 22:57:00,0.99,DIG001988,મળ્યા,,,
EVT_DIG001989,movement,P00048,P00531,LOC0034,2026-05-01 03:09:00,0.99,DIG001989,സ്ഥലം പങ്കിട്ടു,,,
EVT_DIG001990,meeting,P00309,P00882,LOC0029,2026-01-22 23:35:00,0.99,DIG001990,met,,,
EVT_DIG001991,communication,P00241,P00369,LOC0058,2026-04-15 09:29:00,0.99,DIG001991,ಕರೆ ಮಾಡಿದರು,,,
EVT_DIG001992,communication,P00099,P00013,LOC0136,2026-07-29 23:46:00,0.99,DIG001992,સંદેશ મોકલ્યો,,,
EVT_DIG001993,meeting,P00740,P00851,LOC0156,2026-07-08 04:18:00,0.99,DIG001993,ਮਿਲਿਆ,,,
EVT_DIG001994,communication,P00769,P00125,LOC0040,2026-05-27 16:08:00,0.99,DIG001994,ফোন করেছে,,,
EVT_DIG001995,movement,P00615,P00491,LOC0099,2026-05-19 17:33:00,0.99,DIG001995,ठिकाण शेअर केले,,,
EVT_DIG001996,meeting,P00236,P00841,LOC0012,2026-07-18 17:03:00,0.99,DIG001996,ملاقات کی,,,
EVT_DIG001997,meeting,P00807,P00355,LOC0177,2026-04-23 00:42:00,0.99,DIG001997,দেখা করেছে,,,
EVT_DIG001998,movement,P00590,P00264,LOC0047,2026-03-16 02:16:00,0.99,DIG001998,இடத்தை பகிர்ந்தார்,,,
EVT_DIG001999,movement,P00426,P00010,LOC0134,2026-05-10 19:11:00,0.99,DIG001999,இடத்தை பகிர்ந்தார்,,,
EVT_DIG002000,communication,P00797,P00807,LOC0008,2026-05-15 08:25:00,0.99,DIG002000,संपर्क केला,,,
EVT_DIG002001,communication,P00429,P00516,LOC0104,2026-07-03 07:25:00,0.99,DIG002001,संपर्क केला,,,
EVT_DIG002002,meeting,P00182,P00561,LOC0033,2026-02-10 13:20:00,0.99,DIG002002,వెళ్లారు,,,
EVT_DIG002003,communication,P00700,P00300,LOC0031,2026-01-23 06:16:00,0.99,DIG002003,رابطہ کیا,,,
EVT_DIG002004,meeting,P00876,P00763,LOC0068,2026-07-21 03:49:00,0.99,DIG002004,भेट दिली,,,
EVT_DIG002005,communication,P00306,P00189,LOC0174,2026-05-12 07:11:00,0.99,DIG002005,సంప్రదించారు,,,
EVT_DIG002006,vehicle_use,P00308,P00540,LOC0049,2026-03-22 02:32:00,0.99,DIG002006,used a vehicle,,,
EVT_DIG002007,meeting,P00311,P00613,LOC0152,2026-03-19 05:22:00,0.99,DIG002007,met,,,
EVT_DIG002008,vehicle_use,P00539,P00180,LOC0091,2026-07-16 21:45:00,0.99,DIG002008,used a vehicle,,,
EVT_DIG002009,communication,P00905,P00940,LOC0063,2026-06-03 21:07:00,0.99,DIG002009,বার্তা পাঠিয়েছে,,,
EVT_DIG002010,communication,P00937,P00249,LOC0125,2026-01-29 11:05:00,0.99,DIG002010,அழைத்தார்,,,
EVT_DIG002011,communication,P00576,P00454,LOC0151,2026-07-20 19:58:00,0.99,DIG002011,پیغام بھیجا,,,
EVT_DIG002012,movement,P00799,P00484,LOC0180,2026-06-12 07:46:00,0.99,DIG002012,స్థానం పంచుకున్నారు,,,
EVT_DIG002013,communication,P00641,P00183,LOC0041,2026-03-18 08:58:00,0.99,DIG002013,સંપર્ક કર્યો,,,
EVT_DIG002014,communication,P00641,P00408,LOC0129,2026-07-11 13:57:00,0.99,DIG002014,ફોન કર્યો,,,
EVT_DIG002015,communication,P00348,P00440,LOC0048,2026-04-28 04:51:00,0.99,DIG002015,ಸಂದೇಶ ಕಳುಹಿಸಿದರು,,,
EVT_DIG002016,meeting,P00919,P00238,LOC0158,2026-03-06 13:02:00,0.99,DIG002016,ಭೇಟಿ ನೀಡಿದರು,,,
EVT_DIG002017,communication,P00129,P00258,LOC0003,2026-04-16 10:27:00,0.99,DIG002017,संदेश भेजा,,,
EVT_DIG002018,meeting,P00034,P00808,LOC0164,2026-06-06 14:51:00,0.99,DIG002018,મુલાકાત લીધી,,,
EVT_DIG002019,movement,P00307,P00492,LOC0112,2026-01-22 19:29:00,0.99,DIG002019,مقام شیئر کیا,,,
EVT_DIG002020,communication,P00826,P00758,LOC0177,2026-03-15 03:33:00,0.99,DIG002020,ఫోన్ చేశారు,,,
EVT_DIG002021,communication,P00937,P00943,LOC0165,2026-01-05 20:25:00,0.99,DIG002021,ਸੰਪਰਕ ਕੀਤਾ,,,
EVT_DIG002022,communication,P00117,P00489,LOC0150,2026-06-19 03:02:00,0.99,DIG002022,ਸੰਪਰਕ ਕੀਤਾ,,,
EVT_DIG002023,communication,P00498,P00650,LOC0014,2026-07-09 13:45:00,0.99,DIG002023,தொடர்பு கொண்டார்,,,
EVT_DIG002024,movement,P00650,P00088,LOC0068,2026-04-02 09:39:00,0.99,DIG002024,સ્થાન શેર કર્યું,,,
EVT_DIG002025,movement,P00908,P00898,LOC0112,2026-07-08 20:58:00,0.99,DIG002025,ಸ್ಥಳ ಹಂಚಿಕೊಂಡರು,,,
EVT_DIG002026,movement,P00845,P00184,LOC0090,2026-02-09 15:11:00,0.99,DIG002026,ಸ್ಥಳ ಹಂಚಿಕೊಂಡರು,,,
EVT_DIG002027,movement,P00683,P00060,LOC0125,2026-01-29 03:33:00,0.99,DIG002027,مقام شیئر کیا,,,
EVT_DIG002028,vehicle_use,P00569,P00320,LOC0155,2026-07-28 20:07:00,0.99,DIG002028,used a vehicle,,,
EVT_DIG002029,communication,P00934,P00587,LOC0084,2026-01-08 21:29:00,0.99,DIG002029,ಕರೆ ಮಾಡಿದರು,,,
EVT_DIG002030,movement,P00740,P00799,LOC0009,2026-02-09 20:59:00,0.99,DIG002030,స్థానం పంచుకున్నారు,,,
EVT_DIG002031,communication,P00068,P00987,LOC0039,2026-03-16 05:58:00,0.99,DIG002031,sent a message to,,,
EVT_DIG002032,meeting,P00650,P00301,LOC0131,2026-01-12 11:46:00,0.99,DIG002032,भेटला,,,
EVT_DIG002033,movement,P00352,P00896,LOC0099,2026-04-29 20:00:00,0.99,DIG002033,स्थान साझा किया,,,
EVT_DIG002034,transfer,P00286,P00795,LOC0035,2026-06-09 18:17:00,0.99,DIG002034,નાણાં મોકલ્યાં,,,
EVT_DIG002035,transfer,P00176,P00982,LOC0065,2026-07-18 10:59:00,0.99,DIG002035,డబ్బు పంపారు,,,
EVT_DIG002036,transfer,P00090,P00541,LOC0037,2026-01-10 16:11:00,0.99,DIG002036,transferred funds to,,,
EVT_DIG002037,meeting,P00301,P00793,LOC0109,2026-04-04 02:58:00,0.99,DIG002037,കണ്ടുമുട്ടി,,,
EVT_DIG002038,transfer,P00132,P00888,LOC0108,2026-03-13 20:32:00,0.99,DIG002038,ಹಣ ಕಳುಹಿಸಿದರು,,,
EVT_DIG002039,movement,P00733,P00025,LOC0035,2026-04-02 04:23:00,0.99,DIG002039,స్థానం పంచుకున్నారు,,,
EVT_DIG002040,movement,P00354,P00821,LOC0058,2026-07-16 03:01:00,0.99,DIG002040,இடத்தை பகிர்ந்தார்,,,
EVT_DIG002041,meeting,P00714,P00512,LOC0017,2026-04-27 14:22:00,0.99,DIG002041,मिला,,,
EVT_DIG002042,movement,P00799,P00434,LOC0078,2026-03-08 10:21:00,0.99,DIG002042,இடத்தை பகிர்ந்தார்,,,
EVT_DIG002043,communication,P00674,P00270,LOC0137,2026-06-06 03:13:00,0.99,DIG002043,संदेश भेजा,,,
EVT_DIG002044,meeting,P00369,P00747,LOC0067,2026-06-22 11:47:00,0.99,DIG002044,കണ്ടുമുട്ടി,,,
EVT_DIG002045,communication,P00673,P00030,LOC0174,2026-06-21 20:39:00,0.99,DIG002045,संपर्क किया,,,
EVT_DIG002046,movement,P00498,P00504,LOC0179,2026-02-11 22:03:00,0.99,DIG002046,സ്ഥലം പങ്കിട്ടു,,,
EVT_DIG002047,meeting,P00428,P00264,LOC0090,2026-01-18 04:36:00,0.99,DIG002047,મુલાકાત લીધી,,,
EVT_DIG002048,transfer,P00408,P00521,LOC0165,2026-08-24 10:25:00,0.99,DIG002048,رقم منتقل کی,,,
EVT_DIG002049,communication,P00581,P00905,LOC0104,2026-08-30 16:26:00,0.99,DIG002049,સંપર્ક કર્યો,,,
EVT_DIG002050,transfer,P00654,P00433,LOC0090,2026-03-28 22:33:00,0.99,DIG002050,पैसे पाठवले,,,
EVT_DIG002051,meeting,P00364,P00346,LOC0073,2026-05-27 18:43:00,0.99,DIG002051,दौरा किया,,,
EVT_DIG002052,movement,P00448,P00272,LOC0025,2026-08-10 02:07:00,0.99,DIG002052,స్థానం పంచుకున్నారు,,,
EVT_DIG002053,vehicle_use,P00478,P00306,LOC0041,2026-01-28 19:09:00,0.99,DIG002053,used a vehicle,,,
EVT_DIG002054,meeting,P00859,P00832,LOC0099,2026-07-27 15:33:00,0.99,DIG002054,ਮਿਲਿਆ,,,
EVT_DIG002055,communication,P00220,P00827,LOC0123,2026-02-09 17:09:00,0.99,DIG002055,संदेश पाठवला,,,
EVT_DIG002056,meeting,P00036,P00955,LOC0134,2026-05-20 17:02:00,0.99,DIG002056,சந்தித்தார்,,,
EVT_DIG002057,communication,P00623,P00139,LOC0132,2026-03-14 09:59:00,0.99,DIG002057,फोन केला,,,
EVT_DIG002058,meeting,P00033,P00729,LOC0071,2026-08-10 04:59:00,0.99,DIG002058,भेट दिली,,,
EVT_DIG002059,movement,P00208,P00908,LOC0077,2026-05-23 10:56:00,0.99,DIG002059,ठिकाण शेअर केले,,,
EVT_DIG002060,meeting,P00173,P00924,LOC0016,2026-08-29 22:29:00,0.99,DIG002060,भेटला,,,
EVT_DIG002061,communication,P00818,P00606,LOC0154,2026-02-01 13:12:00,0.99,DIG002061,സന്ദേശം അയച്ചു,,,
EVT_DIG002062,communication,P00623,P00392,LOC0012,2026-01-10 03:34:00,0.99,DIG002062,contacted,,,
EVT_DIG002063,movement,P00196,P00649,LOC0057,2026-08-22 07:58:00,0.99,DIG002063,ಸ್ಥಳ ಹಂಚಿಕೊಂಡರು,,,
EVT_DIG002064,communication,P00007,P00878,LOC0178,2026-01-14 18:04:00,0.99,DIG002064,സന്ദേശം അയച്ചു,,,
EVT_DIG002065,communication,P00385,P00595,LOC0023,2026-06-18 19:42:00,0.99,DIG002065,ਸੰਪਰਕ ਕੀਤਾ,,,
EVT_DIG002066,movement,P00837,P00010,LOC0062,2026-01-08 02:26:00,0.99,DIG002066,స్థానం పంచుకున్నారు,,,
EVT_DIG002067,meeting,P00478,P00943,LOC0121,2026-03-02 03:30:00,0.99,DIG002067,സന്ദർശിച്ചു,,,
EVT_DIG002068,meeting,P00192,P00638,LOC0034,2026-03-19 19:04:00,0.99,DIG002068,دورہ کیا,,,
EVT_DIG002069,transfer,P00344,P00160,LOC0044,2026-08-01 18:42:00,0.99,DIG002069,డబ్బు పంపారు,,,
EVT_DIG002070,transfer,P00775,P00063,LOC0100,2026-02-11 00:55:00,0.99,DIG002070,رقم منتقل کی,,,
EVT_DIG002071,meeting,P00658,P00353,LOC0159,2026-06-27 19:02:00,0.99,DIG002071,സന്ദർശിച്ചു,,,
EVT_DIG002072,meeting,P00132,P00080,LOC0112,2026-08-07 03:21:00,0.99,DIG002072,ಭೇಟಿಯಾದರು,,,
EVT_DIG002073,vehicle_use,P00139,P00314,LOC0071,2026-02-14 08:04:00,0.99,DIG002073,used a vehicle,,,
EVT_DIG002074,communication,P00523,P00267,LOC0103,2026-01-22 12:35:00,0.99,DIG002074,సంప్రదించారు,,,
EVT_DIG002075,movement,P00413,P00539,LOC0015,2026-07-02 21:21:00,0.99,DIG002075,இடத்தை பகிர்ந்தார்,,,
EVT_DIG002076,meeting,P00875,P00208,LOC0042,2026-05-26 18:02:00,0.99,DIG002076,സന്ദർശിച്ചു,,,
EVT_DIG002077,meeting,P00590,P00765,LOC0123,2026-07-15 04:25:00,0.99,DIG002077,পরিদর্শন করেছে,,,
EVT_DIG002078,transfer,P00163,P00096,LOC0034,2026-01-17 09:43:00,0.99,DIG002078,డబ్బు పంపారు,,,
EVT_DIG002079,communication,P00223,P00937,LOC0048,2026-08-19 20:49:00,0.99,DIG002079,پیغام بھیجا,,,
EVT_DIG002080,vehicle_use,P00030,P00476,LOC0028,2026-07-06 20:57:00,0.99,DIG002080,used a vehicle,,,
EVT_DIG002081,meeting,P00576,P00362,LOC0103,2026-02-28 20:13:00,0.99,DIG002081,visited,,,
EVT_DIG002082,movement,P00666,P00031,LOC0031,2026-01-29 13:18:00,0.99,DIG002082,स्थान साझा किया,,,
EVT_DIG002083,meeting,P00236,P00247,LOC0149,2026-04-04 14:06:00,0.99,DIG002083,મળ્યા,,,
EVT_DIG002084,movement,P00269,P00118,LOC0129,2026-01-31 12:52:00,0.99,DIG002084,இடத்தை பகிர்ந்தார்,,,
EVT_DIG002085,communication,P00779,P00486,LOC0028,2026-03-11 04:14:00,0.99,DIG002085,ફોન કર્યો,,,
EVT_DIG002086,vehicle_use,P00573,P00332,LOC0009,2026-03-17 14:04:00,0.99,DIG002086,वाहन का उपयोग किया,,,
EVT_DIG002087,communication,P00679,P00198,LOC0046,2026-01-31 16:27:00,0.99,DIG002087,ફોન કર્યો,,,
EVT_DIG002088,meeting,P00326,P00234,LOC0178,2026-01-15 02:01:00,0.99,DIG002088,visited,,,
EVT_DIG002089,meeting,P00090,P00229,LOC0150,2026-06-04 08:45:00,0.99,DIG002089,भेटला,,,
EVT_DIG002090,communication,P00043,P00288,LOC0059,2026-08-10 00:56:00,0.99,DIG002090,फोन किया,,,
EVT_DIG002091,communication,P00870,P00776,LOC0079,2026-04-03 18:25:00,0.99,DIG002091,رابطہ کیا,,,
EVT_DIG002092,meeting,P00738,P00350,LOC0089,2026-04-01 06:48:00,0.99,DIG002092,ಭೇಟಿಯಾದರು,,,
EVT_DIG002093,transfer,P00846,P00725,LOC0020,2026-07-31 18:30:00,0.99,DIG002093,transferred funds to,,,
EVT_DIG002094,communication,P00542,P00624,LOC0059,2026-04-01 23:39:00,0.99,DIG002094,فون کیا,,,
EVT_DIG002095,meeting,P00237,P00315,LOC0140,2026-04-16 02:50:00,0.99,DIG002095,వెళ్లారు,,,
EVT_DIG002096,communication,P00338,P00753,LOC0146,2026-07-03 12:31:00,0.99,DIG002096,ફોન કર્યો,,,
EVT_DIG002097,communication,P00764,P00754,LOC0056,2026-07-14 02:54:00,0.99,DIG002097,ബന്ധപ്പെട്ടു,,,
EVT_DIG002098,transfer,P00884,P00315,LOC0154,2026-03-01 18:17:00,0.99,DIG002098,નાણાં મોકલ્યાં,,,
EVT_DIG002099,meeting,P00693,P00488,LOC0001,2026-05-19 13:23:00,0.99,DIG002099,ಭೇಟಿ ನೀಡಿದರು,,,
EVT_DIG002100,communication,P00658,P00543,LOC0020,2026-06-12 04:17:00,0.99,DIG002100,સંપર્ક કર્યો,,,
EVT_DIG002101,communication,P00605,P00164,LOC0102,2026-06-01 19:47:00,0.99,DIG002101,വിളിച്ചു,,,
EVT_DIG002102,communication,P00890,P00730,LOC0139,2026-04-16 20:28:00,0.99,DIG002102,संपर्क केला,,,
EVT_DIG002103,communication,P00035,P00358,LOC0139,2026-04-12 10:48:00,0.99,DIG002103,ਸੁਨੇਹਾ ਭੇਜਿਆ,,,
EVT_DIG002104,transfer,P00819,P00754,LOC0140,2026-02-24 17:20:00,0.99,DIG002104,பணம் அனுப்பினார்,,,
EVT_DIG002105,movement,P00486,P00907,LOC0180,2026-05-14 10:34:00,0.99,DIG002105,ਸਥਾਨ ਸਾਂਝਾ ਕੀਤਾ,,,
EVT_DIG002106,movement,P00174,P00282,LOC0112,2026-07-21 10:38:00,0.99,DIG002106,स्थान साझा किया,,,
EVT_DIG002107,communication,P00577,P00188,LOC0029,2026-08-19 01:50:00,0.99,DIG002107,संदेश पाठवला,,,
EVT_DIG002108,communication,P00637,P00470,LOC0008,2026-05-06 15:23:00,0.99,DIG002108,پیغام بھیجا,,,
EVT_DIG002109,communication,P00084,P00550,LOC0092,2026-02-10 07:56:00,0.99,DIG002109,যোগাযোগ করেছে,,,
EVT_DIG002110,meeting,P00895,P00616,LOC0003,2026-07-06 18:45:00,0.99,DIG002110,भेट दिली,,,
EVT_DIG002111,communication,P00387,P00423,LOC0173,2026-01-13 03:54:00,0.99,DIG002111,संदेश पाठवला,,,
EVT_DIG002112,communication,P00502,P00536,LOC0134,2026-05-23 06:55:00,0.99,DIG002112,contacted,,,
EVT_DIG002113,communication,P00481,P00055,LOC0168,2026-06-23 16:32:00,0.99,DIG002113,ബന്ധപ്പെട്ടു,,,
EVT_DIG002114,meeting,P00600,P00097,LOC0103,2026-06-11 04:20:00,0.99,DIG002114,met,,,
EVT_DIG002115,communication,P00082,P00472,LOC0067,2026-02-18 23:33:00,0.99,DIG002115,संदेश भेजा,,,
EVT_DIG002116,meeting,P00029,P00337,LOC0053,2026-05-26 20:08:00,0.99,DIG002116,भेटला,,,
EVT_DIG002117,communication,P00755,P00553,LOC0077,2026-04-17 08:34:00,0.99,DIG002117,સંદેશ મોકલ્યો,,,
EVT_DIG002118,movement,P00707,P00643,LOC0042,2026-03-16 21:07:00,0.99,DIG002118,ਸਥਾਨ ਸਾਂਝਾ ਕੀਤਾ,,,
EVT_DIG002119,meeting,P00519,P00233,LOC0021,2026-03-15 07:26:00,0.99,DIG002119,મુલાકાત લીધી,,,
EVT_DIG002120,movement,P00561,P00018,LOC0083,2026-04-08 15:46:00,0.99,DIG002120,স্থান ভাগ করেছে,,,
EVT_DIG002121,communication,P00647,P00314,LOC0031,2026-08-07 17:13:00,0.99,DIG002121,ಕರೆ ಮಾಡಿದರು,,,
EVT_DIG002122,movement,P00637,P00008,LOC0025,2026-04-19 02:46:00,0.99,DIG002122,இடத்தை பகிர்ந்தார்,,,
EVT_DIG002123,meeting,P00673,P00757,LOC0027,2026-05-22 13:51:00,0.99,DIG002123,મળ્યા,,,
EVT_DIG002124,meeting,P00086,P00039,LOC0158,2026-03-03 21:39:00,0.99,DIG002124,వెళ్లారు,,,
EVT_DIG002125,communication,P00189,P00700,LOC0061,2026-06-20 12:45:00,0.99,DIG002125,ਸੰਪਰਕ ਕੀਤਾ,,,
EVT_DIG002126,movement,P00453,P00835,LOC0125,2026-06-18 22:51:00,0.99,DIG002126,இடத்தை பகிர்ந்தார்,,,
EVT_DIG002127,meeting,P00910,P00620,LOC0124,2026-08-06 23:38:00,0.99,DIG002127,ಭೇಟಿಯಾದರು,,,
EVT_DIG002128,communication,P00207,P00339,LOC0165,2026-03-03 12:07:00,0.99,DIG002128,ಸಂದೇಶ ಕಳುಹಿಸಿದರು,,,
EVT_DIG002129,communication,P00707,P00785,LOC0165,2026-08-02 02:24:00,0.99,DIG002129,ਸੰਪਰਕ ਕੀਤਾ,,,
EVT_DIG002130,movement,P00396,P00505,LOC0049,2026-06-18 23:13:00,0.99,DIG002130,ಸ್ಥಳ ಹಂಚಿಕೊಂಡರು,,,
EVT_DIG002131,communication,P00797,P00645,LOC0137,2026-02-09 08:01:00,0.99,DIG002131,ബന്ധപ്പെട്ടു,,,
EVT_DIG002132,meeting,P00018,P00634,LOC0180,2026-03-05 13:39:00,0.99,DIG002132,ملاقات کی,,,
EVT_DIG002133,meeting,P00987,P00991,LOC0076,2026-02-01 02:03:00,0.99,DIG002133,സന്ദർശിച്ചു,,,
EVT_DIG002134,movement,P00172,P00987,LOC0126,2026-05-07 12:41:00,0.99,DIG002134,ಸ್ಥಳ ಹಂಚಿಕೊಂಡರು,,,
EVT_DIG002135,meeting,P00011,P00148,LOC0026,2026-01-21 23:17:00,0.99,DIG002135,ملاقات کی,,,
EVT_DIG002136,communication,P00153,P00084,LOC0054,2026-03-25 09:33:00,0.99,DIG002136,సంప్రదించారు,,,
EVT_DIG002137,movement,P00074,P00965,LOC0143,2026-05-17 18:54:00,0.99,DIG002137,ठिकाण शेअर केले,,,
EVT_DIG002138,movement,P00699,P00119,LOC0151,2026-08-01 21:49:00,0.99,DIG002138,स्थान साझा किया,,,
EVT_DIG002139,meeting,P00017,P00909,LOC0060,2026-06-05 12:52:00,0.99,DIG002139,भेट दिली,,,
EVT_DIG002140,transfer,P00242,P00565,LOC0091,2026-05-19 05:14:00,0.99,DIG002140,డబ్బు పంపారు,,,
EVT_DIG002141,communication,P00353,P00119,LOC0003,2026-07-08 05:39:00,0.99,DIG002141,فون کیا,,,
EVT_DIG002142,movement,P00312,P00295,LOC0034,2026-08-09 06:49:00,0.99,DIG002142,مقام شیئر کیا,,,
EVT_DIG002143,movement,P00098,P00220,LOC0059,2026-02-05 16:11:00,0.99,DIG002143,இடத்தை பகிர்ந்தார்,,,
EVT_DIG002144,meeting,P00879,P00264,LOC0046,2026-07-20 00:46:00,0.99,DIG002144,भेटला,,,
EVT_DIG002145,meeting,P00357,P00814,LOC0030,2026-05-23 15:00:00,0.99,DIG002145,visited,,,
EVT_DIG002146,transfer,P00529,P00880,LOC0062,2026-05-20 08:18:00,0.99,DIG002146,টাকা পাঠিয়েছে,,,
EVT_DIG002147,movement,P00666,P00788,LOC0165,2026-01-15 14:34:00,0.99,DIG002147,ਸਥਾਨ ਸਾਂਝਾ ਕੀਤਾ,,,
EVT_DIG002148,communication,P00317,P00377,LOC0031,2026-02-21 09:38:00,0.99,DIG002148,संदेश भेजा,,,
EVT_DIG002149,communication,P00523,P00115,LOC0139,2026-01-12 18:24:00,0.99,DIG002149,called,,,
EVT_DIG002150,transfer,P00612,P00454,LOC0139,2026-06-02 15:21:00,0.99,DIG002150,धन भेजा,,,
EVT_DIG002151,movement,P00608,P00195,LOC0157,2026-01-29 13:56:00,0.99,DIG002151,સ્થાન શેર કર્યું,,,
EVT_DIG002152,meeting,P00235,P00587,LOC0011,2026-02-10 02:41:00,0.99,DIG002152,મુલાકાત લીધી,,,
EVT_DIG002153,movement,P00654,P00253,LOC0047,2026-07-20 19:16:00,0.99,DIG002153,સ્થાન શેર કર્યું,,,
EVT_DIG002154,movement,P00384,P00639,LOC0064,2026-04-26 18:22:00,0.99,DIG002154,സ്ഥലം പങ്കിട്ടു,,,
EVT_DIG002155,communication,P00191,P00763,LOC0106,2026-04-22 06:14:00,0.99,DIG002155,સંદેશ મોકલ્યો,,,
EVT_DIG002156,transfer,P00487,P00668,LOC0134,2026-08-27 12:41:00,0.99,DIG002156,transferred funds to,,,
EVT_DIG002157,transfer,P00208,P00680,LOC0115,2026-02-17 16:41:00,0.99,DIG002157,पैसे पाठवले,,,
EVT_DIG002158,meeting,P00532,P00128,LOC0045,2026-03-17 05:02:00,0.99,DIG002158,met,,,
EVT_DIG002159,meeting,P00363,P00480,LOC0024,2026-01-06 15:43:00,0.99,DIG002159,ಭೇಟಿ ನೀಡಿದರು,,,
EVT_DIG002160,communication,P00374,P00626,LOC0104,2026-05-10 07:36:00,0.99,DIG002160,رابطہ کیا,,,
EVT_DIG002161,meeting,P00595,P00161,LOC0124,2026-07-31 01:56:00,0.99,DIG002161,পরিদর্শন করেছে,,,
EVT_DIG002162,communication,P00802,P00016,LOC0074,2026-06-07 01:30:00,0.99,DIG002162,ಸಂದೇಶ ಕಳುಹಿಸಿದರು,,,
EVT_DIG002163,communication,P00154,P00140,LOC0018,2026-04-12 15:26:00,0.99,DIG002163,संपर्क किया,,,
EVT_DIG002164,movement,P00947,P00395,LOC0149,2026-06-07 12:15:00,0.99,DIG002164,স্থান ভাগ করেছে,,,
EVT_DIG002165,communication,P00179,P00089,LOC0006,2026-06-15 11:19:00,0.99,DIG002165,സന്ദേശം അയച്ചു,,,
EVT_DIG002166,meeting,P00690,P00785,LOC0093,2026-03-21 15:22:00,0.99,DIG002166,சென்றார்,,,
EVT_DIG002167,meeting,P00447,P00513,LOC0127,2026-08-28 07:17:00,0.99,DIG002167,મળ્યા,,,
EVT_DIG002168,movement,P00582,P00902,LOC0066,2026-05-05 01:43:00,0.99,DIG002168,ਸਥਾਨ ਸਾਂਝਾ ਕੀਤਾ,,,
EVT_DIG002169,meeting,P00049,P00091,LOC0046,2026-03-16 06:24:00,0.99,DIG002169,दौरा किया,,,
EVT_DIG002170,meeting,P00812,P00713,LOC0056,2026-03-31 09:06:00,0.99,DIG002170,visited,,,
EVT_DIG002171,meeting,P00206,P00621,LOC0005,2026-02-14 18:19:00,0.99,DIG002171,দেখা করেছে,,,
EVT_DIG002172,communication,P00393,P00276,LOC0129,2026-04-20 13:40:00,0.99,DIG002172,संपर्क किया,,,
EVT_DIG002173,communication,P00167,P00038,LOC0064,2026-04-06 00:10:00,0.99,DIG002173,ಸಂಪರ್ಕಿಸಿದರು,,,
EVT_DIG002174,communication,P00116,P00806,LOC0026,2026-05-05 18:57:00,0.99,DIG002174,ఫోన్ చేశారు,,,
EVT_DIG002175,communication,P00429,P00868,LOC0045,2026-05-09 04:06:00,0.99,DIG002175,ബന്ധപ്പെട്ടു,,,
EVT_DIG002176,meeting,P00049,P00531,LOC0008,2026-01-13 15:24:00,0.99,DIG002176,મુલાકાત લીધી,,,
EVT_DIG002177,transfer,P00551,P00905,LOC0041,2026-08-30 13:50:00,0.99,DIG002177,টাকা পাঠিয়েছে,,,
EVT_DIG002178,meeting,P00669,P00066,LOC0138,2026-05-14 05:33:00,0.99,DIG002178,ಭೇಟಿಯಾದರು,,,
EVT_DIG002179,movement,P00944,P00315,LOC0050,2026-01-29 14:02:00,0.99,DIG002179,ਸਥਾਨ ਸਾਂਝਾ ਕੀਤਾ,,,
EVT_DIG002180,communication,P00230,P00989,LOC0123,2026-02-05 00:12:00,0.99,DIG002180,رابطہ کیا,,,
EVT_DIG002181,meeting,P00574,P00149,LOC0154,2026-01-13 09:25:00,0.99,DIG002181,ਮਿਲਿਆ,,,
EVT_DIG002182,meeting,P00265,P00241,LOC0098,2026-06-06 01:45:00,0.99,DIG002182,visited,,,
EVT_DIG002183,movement,P00850,P00357,LOC0015,2026-05-30 02:13:00,0.99,DIG002183,ਸਥਾਨ ਸਾਂਝਾ ਕੀਤਾ,,,
EVT_DIG002184,vehicle_use,P00754,P00957,LOC0137,2026-08-11 19:32:00,0.99,DIG002184,used a vehicle,,,
EVT_DIG002185,communication,P00052,P00516,LOC0122,2026-07-29 05:51:00,0.99,DIG002185,ਸੰਪਰਕ ਕੀਤਾ,,,
EVT_DIG002186,meeting,P00210,P00061,LOC0082,2026-08-11 03:51:00,0.99,DIG002186,ਮੁਲਾਕਾਤ ਕੀਤੀ,,,
EVT_DIG002187,meeting,P00248,P00172,LOC0060,2026-03-01 22:14:00,0.99,DIG002187,சந்தித்தார்,,,
EVT_DIG002188,communication,P00083,P00909,LOC0013,2026-01-16 23:49:00,0.99,DIG002188,contacted,,,
EVT_DIG002189,communication,P00720,P00059,LOC0067,2026-04-11 08:30:00,0.99,DIG002189,ಸಂಪರ್ಕಿಸಿದರು,,,
EVT_DIG002190,transfer,P00065,P00763,LOC0013,2026-01-24 02:00:00,0.99,DIG002190,transferred funds to,,,
EVT_DIG002191,movement,P00099,P00933,LOC0110,2026-05-18 18:25:00,0.99,DIG002191,ಸ್ಥಳ ಹಂಚಿಕೊಂಡರು,,,
EVT_DIG002192,communication,P00739,P00560,LOC0084,2026-08-12 18:34:00,0.99,DIG002192,સંપર્ક કર્યો,,,
EVT_DIG002193,meeting,P00140,P00912,LOC0080,2026-03-02 19:46:00,0.99,DIG002193,भेटला,,,
EVT_DIG002194,communication,P00961,P00797,LOC0091,2026-04-22 14:53:00,0.99,DIG002194,ಸಂಪರ್ಕಿಸಿದರು,,,
EVT_DIG002195,transfer,P00713,P00523,LOC0133,2026-06-22 12:21:00,0.99,DIG002195,ਪੈਸੇ ਭੇਜੇ,,,
EVT_DIG002196,communication,P00473,P00589,LOC0030,2026-07-16 04:25:00,0.99,DIG002196,ਸੁਨੇਹਾ ਭੇਜਿਆ,,,
EVT_DIG002197,meeting,P00644,P00768,LOC0103,2026-04-10 10:35:00,0.99,DIG002197,મુલાકાત લીધી,,,
EVT_DIG002198,meeting,P00129,P00708,LOC0030,2026-07-11 07:38:00,0.99,DIG002198,వెళ్లారు,,,
EVT_DIG002199,meeting,P00783,P00517,LOC0064,2026-07-30 16:51:00,0.99,DIG002199,ਮਿਲਿਆ,,,
EVT_DIG002200,communication,P00378,P00601,LOC0021,2026-03-30 00:43:00,0.99,DIG002200,ಕರೆ ಮಾಡಿದರು,,,
EVT_DIG002201,meeting,P00920,P00101,LOC0033,2026-05-24 08:42:00,0.99,DIG002201,സന്ദർശിച്ചു,,,
EVT_DIG002202,communication,P00287,P00996,LOC0104,2026-07-19 10:31:00,0.99,DIG002202,যোগাযোগ করেছে,,,
EVT_DIG002203,communication,P00732,P00979,LOC0038,2026-04-15 15:51:00,0.99,DIG002203,contacted,,,
EVT_DIG002204,communication,P00393,P00881,LOC0127,2026-03-01 18:11:00,0.99,DIG002204,ఫోన్ చేశారు,,,
EVT_DIG002205,transfer,P00921,P00401,LOC0052,2026-02-15 20:19:00,0.99,DIG002205,డబ్బు పంపారు,,,
EVT_DIG002206,communication,P00016,P00426,LOC0096,2026-04-22 11:24:00,0.99,DIG002206,સંદેશ મોકલ્યો,,,
EVT_DIG002207,movement,P00982,P00969,LOC0095,2026-02-28 22:03:00,0.99,DIG002207,ਸਥਾਨ ਸਾਂਝਾ ਕੀਤਾ,,,
EVT_DIG002208,meeting,P00729,P00970,LOC0050,2026-02-21 06:11:00,0.99,DIG002208,भेटला,,,
EVT_DIG002209,communication,P00898,P00797,LOC0010,2026-04-28 00:03:00,0.99,DIG002209,رابطہ کیا,,,
EVT_DIG002210,transfer,P00702,P00395,LOC0045,2026-08-15 15:14:00,0.99,DIG002210,ਪੈਸੇ ਭੇਜੇ,,,
EVT_DIG002211,communication,P00936,P00921,LOC0121,2026-07-16 12:34:00,0.99,DIG002211,فون کیا,,,
EVT_DIG002212,meeting,P00742,P00752,LOC0126,2026-06-24 17:36:00,0.99,DIG002212,met,,,
EVT_DIG002213,vehicle_use,P00721,P00121,LOC0179,2026-07-02 09:10:00,0.99,DIG002213,used a vehicle,,,
EVT_DIG002214,communication,P00779,P00846,LOC0153,2026-05-08 16:10:00,0.99,DIG002214,বার্তা পাঠিয়েছে,,,
EVT_DIG002215,movement,P00559,P00544,LOC0005,2026-01-17 02:59:00,0.99,DIG002215,স্থান ভাগ করেছে,,,
EVT_DIG002216,communication,P00241,P00472,LOC0031,2026-08-04 03:04:00,0.99,DIG002216,தொடர்பு கொண்டார்,,,
EVT_DIG002217,communication,P00363,P00733,LOC0167,2026-06-16 15:32:00,0.99,DIG002217,સંદેશ મોકલ્યો,,,
EVT_DIG002218,meeting,P00674,P00781,LOC0035,2026-01-18 02:55:00,0.99,DIG002218,मिला,,,
EVT_DIG002219,vehicle_use,P00944,P00308,LOC0119,2026-03-22 14:28:00,0.99,DIG002219,used a vehicle,,,
EVT_DIG002220,transfer,P00067,P00160,LOC0141,2026-01-16 08:38:00,0.99,DIG002220,பணம் அனுப்பினார்,,,
EVT_DIG002221,communication,P00631,P00096,LOC0155,2026-01-18 02:32:00,0.99,DIG002221,સંપર્ક કર્યો,,,
EVT_DIG002222,transfer,P00404,P00901,LOC0169,2026-02-20 08:23:00,0.99,DIG002222,ಹಣ ಕಳುಹಿಸಿದರು,,,
EVT_DIG002223,movement,P00536,P00136,LOC0140,2026-08-06 19:36:00,0.99,DIG002223,ಸ್ಥಳ ಹಂಚಿಕೊಂಡರು,,,
EVT_DIG002224,communication,P00505,P00098,LOC0180,2026-02-09 20:46:00,0.99,DIG002224,ਸੰਪਰਕ ਕੀਤਾ,,,
EVT_DIG002225,communication,P00676,P00267,LOC0144,2026-05-11 04:06:00,0.99,DIG002225,அழைத்தார்,,,
EVT_DIG002226,meeting,P00811,P00263,LOC0152,2026-08-17 06:29:00,0.99,DIG002226,পরিদর্শন করেছে,,,
EVT_DIG002227,communication,P00798,P00825,LOC0165,2026-07-25 03:43:00,0.99,DIG002227,ફોન કર્યો,,,
EVT_DIG002228,communication,P00853,P00758,LOC0038,2026-05-18 04:15:00,0.99,DIG002228,فون کیا,,,
EVT_DIG002229,transfer,P00194,P00445,LOC0052,2026-05-13 13:35:00,0.99,DIG002229,ਪੈਸੇ ਭੇਜੇ,,,
EVT_DIG002230,movement,P00624,P00227,LOC0133,2026-06-27 14:24:00,0.99,DIG002230,സ്ഥലം പങ്കിട്ടു,,,
EVT_DIG002231,transfer,P00208,P00527,LOC0164,2026-08-18 13:54:00,0.99,DIG002231,பணம் அனுப்பினார்,,,
EVT_DIG002232,meeting,P00869,P00843,LOC0115,2026-05-29 12:11:00,0.99,DIG002232,சென்றார்,,,
EVT_DIG002233,communication,P00924,P00649,LOC0032,2026-07-31 21:26:00,0.99,DIG002233,ಕರೆ ಮಾಡಿದರು,,,
EVT_DIG002234,transfer,P00577,P00405,LOC0056,2026-06-08 10:23:00,0.99,DIG002234,धन भेजा,,,
EVT_DIG002235,communication,P00838,P00667,LOC0074,2026-01-02 05:51:00,0.99,DIG002235,ਸੁਨੇਹਾ ਭੇਜਿਆ,,,
EVT_DIG002236,meeting,P00199,P00969,LOC0008,2026-03-23 03:49:00,0.99,DIG002236,भेटला,,,
EVT_DIG002237,transfer,P00376,P00242,LOC0118,2026-05-26 21:19:00,0.99,DIG002237,টাকা পাঠিয়েছে,,,
EVT_DIG002238,meeting,P00659,P00013,LOC0179,2026-02-21 17:37:00,0.99,DIG002238,ಭೇಟಿಯಾದರು,,,
EVT_DIG002239,communication,P00840,P00769,LOC0061,2026-03-12 08:38:00,0.99,DIG002239,સંદેશ મોકલ્યો,,,
EVT_DIG002240,movement,P00529,P00842,LOC0029,2026-03-29 13:31:00,0.99,DIG002240,ಸ್ಥಳ ಹಂಚಿಕೊಂಡರು,,,
EVT_DIG002241,transfer,P00357,P00167,LOC0092,2026-07-13 15:39:00,0.99,DIG002241,ਪੈਸੇ ਭੇਜੇ,,,
EVT_DIG002242,communication,P00789,P00181,LOC0175,2026-05-24 10:38:00,0.99,DIG002242,फोन किया,,,
EVT_DIG002243,meeting,P00069,P00879,LOC0153,2026-02-22 21:47:00,0.99,DIG002243,சென்றார்,,,
EVT_DIG002244,communication,P00826,P00552,LOC0178,2026-02-06 09:42:00,0.99,DIG002244,فون کیا,,,
EVT_DIG002245,meeting,P00075,P00436,LOC0078,2026-08-22 11:21:00,0.99,DIG002245,મુલાકાત લીધી,,,
EVT_DIG002246,transfer,P00680,P00719,LOC0169,2026-03-15 00:55:00,0.99,DIG002246,رقم منتقل کی,,,
EVT_DIG002247,transfer,P00531,P00245,LOC0124,2026-03-01 04:32:00,0.99,DIG002247,transferred funds to,,,
EVT_DIG002248,communication,P00151,P00947,LOC0086,2026-02-25 15:31:00,0.99,DIG002248,संदेश पाठवला,,,
EVT_DIG002249,communication,P00284,P00351,LOC0088,2026-06-23 02:43:00,0.99,DIG002249,संदेश भेजा,,,
EVT_DIG002250,movement,P00618,P00332,LOC0147,2026-07-25 18:51:00,0.99,DIG002250,स्थान साझा किया,,,
EVT_DIG002251,meeting,P00492,P00254,LOC0124,2026-02-26 02:44:00,0.99,DIG002251,visited,,,
EVT_DIG002252,communication,P00870,P00108,LOC0141,2026-02-20 15:12:00,0.99,DIG002252,સંદેશ મોકલ્યો,,,
EVT_DIG002253,transfer,P00733,P00355,LOC0031,2026-08-13 18:39:00,0.99,DIG002253,धन भेजा,,,
EVT_DIG002254,communication,P00515,P00316,LOC0080,2026-06-30 13:17:00,0.99,DIG002254,رابطہ کیا,,,
EVT_DIG002255,meeting,P00739,P00258,LOC0093,2026-08-15 16:21:00,0.99,DIG002255,दौरा किया,,,
EVT_DIG002256,meeting,P00740,P00226,LOC0118,2026-02-24 22:37:00,0.99,DIG002256,ਮਿਲਿਆ,,,
EVT_DIG002257,transfer,P00640,P00435,LOC0149,2026-03-28 20:58:00,0.99,DIG002257,નાણાં મોકલ્યાં,,,
EVT_DIG002258,movement,P00656,P00057,LOC0160,2026-02-08 15:14:00,0.99,DIG002258,स्थान साझा किया,,,
EVT_DIG002259,communication,P00266,P00856,LOC0116,2026-04-23 23:51:00,0.99,DIG002259,संपर्क केला,,,
EVT_DIG002260,communication,P00977,P00159,LOC0056,2026-07-01 15:38:00,0.99,DIG002260,సందేశం పంపారు,,,
EVT_DIG002261,communication,P00757,P00740,LOC0153,2026-07-10 11:35:00,0.99,DIG002261,సంప్రదించారు,,,
EVT_DIG002262,communication,P00113,P00050,LOC0077,2026-07-12 05:32:00,0.99,DIG002262,संपर्क किया,,,
EVT_DIG002263,meeting,P00002,P00556,LOC0177,2026-02-04 17:58:00,0.99,DIG002263,ಭೇಟಿಯಾದರು,,,
EVT_DIG002264,communication,P00406,P00919,LOC0153,2026-07-17 00:51:00,0.99,DIG002264,फोन किया,,,
EVT_DIG002265,communication,P00012,P00439,LOC0151,2026-05-14 08:48:00,0.99,DIG002265,संदेश पाठवला,,,
EVT_DIG002266,meeting,P00651,P00450,LOC0002,2026-08-27 06:29:00,0.99,DIG002266,met,,,
EVT_DIG002267,communication,P00869,P00027,LOC0151,2026-08-31 12:56:00,0.99,DIG002267,ಸಂದೇಶ ಕಳುಹಿಸಿದರು,,,
EVT_DIG002268,communication,P00936,P00734,LOC0174,2026-07-04 11:04:00,0.99,DIG002268,پیغام بھیجا,,,
EVT_DIG002269,transfer,P00576,P00067,LOC0050,2026-02-25 10:09:00,0.99,DIG002269,धन भेजा,,,
EVT_DIG002270,communication,P00881,P00497,LOC0049,2026-04-22 05:04:00,0.99,DIG002270,sent a message to,,,
EVT_DIG002271,meeting,P00721,P00578,LOC0022,2026-03-12 17:09:00,0.99,DIG002271,കണ്ടുമുട്ടി,,,
EVT_DIG002272,movement,P00425,P00160,LOC0099,2026-06-20 14:25:00,0.99,DIG002272,இடத்தை பகிர்ந்தார்,,,
EVT_DIG002273,meeting,P00516,P00763,LOC0065,2026-06-25 19:15:00,0.99,DIG002273,కలిశారు,,,
EVT_DIG002274,meeting,P00845,P00094,LOC0010,2026-05-14 14:44:00,0.99,DIG002274,दौरा किया,,,
EVT_DIG002275,movement,P00952,P00692,LOC0016,2026-03-11 22:58:00,0.99,DIG002275,स्थान साझा किया,,,
EVT_DIG002276,meeting,P00106,P00609,LOC0081,2026-05-29 06:57:00,0.99,DIG002276,भेटला,,,
EVT_DIG002277,communication,P00937,P00571,LOC0054,2026-07-31 09:25:00,0.99,DIG002277,संदेश पाठवला,,,
EVT_DIG002278,meeting,P00964,P00711,LOC0081,2026-07-25 03:03:00,0.99,DIG002278,ಭೇಟಿ ನೀಡಿದರು,,,
EVT_DIG002279,communication,P00815,P00483,LOC0038,2026-02-15 09:34:00,0.99,DIG002279,വിളിച്ചു,,,
EVT_DIG002280,communication,P00054,P00654,LOC0151,2026-03-16 01:21:00,0.99,DIG002280,called,,,
EVT_DIG002281,meeting,P00639,P00217,LOC0137,2026-07-31 09:11:00,0.99,DIG002281,দেখা করেছে,,,
EVT_DIG002282,communication,P00248,P00949,LOC0136,2026-08-08 11:11:00,0.99,DIG002282,called,,,
EVT_DIG002283,communication,P00030,P00038,LOC0103,2026-07-15 20:32:00,0.99,DIG002283,संदेश पाठवला,,,
EVT_DIG002284,communication,P00349,P00557,LOC0136,2026-02-24 21:05:00,0.99,DIG002284,যোগাযোগ করেছে,,,
EVT_DIG002285,communication,P00743,P00043,LOC0044,2026-06-03 19:13:00,0.99,DIG002285,ફોન કર્યો,,,
EVT_DIG002286,meeting,P00489,P00255,LOC0168,2026-01-30 02:19:00,0.99,DIG002286,కలిశారు,,,
EVT_DIG002287,meeting,P00432,P00713,LOC0171,2026-06-08 00:34:00,0.99,DIG002287,ಭೇಟಿ ನೀಡಿದರು,,,
EVT_DIG002288,communication,P00981,P00683,LOC0154,2026-02-22 05:08:00,0.99,DIG002288,called,,,
EVT_DIG002289,meeting,P00838,P00489,LOC0055,2026-07-21 05:01:00,0.99,DIG002289,ಭೇಟಿಯಾದರು,,,
EVT_DIG002290,communication,P00919,P00906,LOC0180,2026-02-02 19:15:00,0.99,DIG002290,فون کیا,,,
EVT_DIG002291,communication,P00816,P00347,LOC0110,2026-04-06 19:01:00,0.99,DIG002291,సందేశం పంపారు,,,
EVT_DIG002292,movement,P00239,P00355,LOC0171,2026-02-09 21:41:00,0.99,DIG002292,স্থান ভাগ করেছে,,,
EVT_DIG002293,meeting,P00219,P00687,LOC0126,2026-04-07 14:44:00,0.99,DIG002293,পরিদর্শন করেছে,,,
EVT_DIG002294,meeting,P00031,P00762,LOC0038,2026-08-16 11:59:00,0.99,DIG002294,ਮੁਲਾਕਾਤ ਕੀਤੀ,,,
EVT_DIG002295,communication,P00841,P00840,LOC0058,2026-06-17 23:04:00,0.99,DIG002295,sent a message to,,,
EVT_DIG002296,meeting,P00329,P00596,LOC0006,2026-05-19 11:55:00,0.99,DIG002296,ملاقات کی,,,
EVT_DIG002297,movement,P00646,P00077,LOC0160,2026-05-08 21:05:00,0.99,DIG002297,സ്ഥലം പങ്കിട്ടു,,,
EVT_DIG002298,movement,P00824,P00499,LOC0155,2026-02-17 16:01:00,0.99,DIG002298,স্থান ভাগ করেছে,,,
EVT_DIG002299,movement,P00236,P00157,LOC0170,2026-02-10 04:23:00,0.99,DIG002299,స్థానం పంచుకున్నారు,,,
EVT_DIG002300,transfer,P00334,P00309,LOC0103,2026-03-03 11:33:00,0.99,DIG002300,ಹಣ ಕಳುಹಿಸಿದರು,,,
EVT_DIG002301,movement,P00110,P00633,LOC0023,2026-03-06 22:48:00,0.99,DIG002301,ठिकाण शेअर केले,,,
EVT_DIG002302,meeting,P00851,P00238,LOC0166,2026-05-26 00:26:00,0.99,DIG002302,મળ્યા,,,
EVT_DIG002303,communication,P00644,P00873,LOC0108,2026-01-15 08:47:00,0.99,DIG002303,فون کیا,,,
EVT_DIG002304,movement,P00793,P00535,LOC0023,2026-02-28 13:58:00,0.99,DIG002304,സ്ഥലം പങ്കിട്ടു,,,
EVT_DIG002305,communication,P00999,P00882,LOC0083,2026-07-30 15:13:00,0.99,DIG002305,फोन केला,,,
EVT_DIG002306,meeting,P00266,P00720,LOC0025,2026-01-31 00:41:00,0.99,DIG002306,পরিদর্শন করেছে,,,
EVT_DIG002307,meeting,P00027,P00547,LOC0070,2026-03-26 09:58:00,0.99,DIG002307,ಭೇಟಿ ನೀಡಿದರು,,,
EVT_DIG002308,communication,P00282,P00271,LOC0140,2026-04-13 06:34:00,0.99,DIG002308,సంప్రదించారు,,,
EVT_DIG002309,transfer,P00546,P00504,LOC0173,2026-07-11 08:07:00,0.99,DIG002309,പണം അയച്ചു,,,
EVT_DIG002310,communication,P00498,P00023,LOC0070,2026-01-13 15:16:00,0.99,DIG002310,رابطہ کیا,,,
EVT_DIG002311,movement,P00048,P00120,LOC0130,2026-07-10 07:08:00,0.99,DIG002311,shared a location with,,,
EVT_DIG002312,movement,P00768,P00489,LOC0034,2026-06-05 22:50:00,0.99,DIG002312,સ્થાન શેર કર્યું,,,
EVT_DIG002313,meeting,P00292,P00166,LOC0076,2026-06-15 11:56:00,0.99,DIG002313,ಭೇಟಿ ನೀಡಿದರು,,,
EVT_DIG002314,communication,P00318,P00349,LOC0041,2026-06-10 09:36:00,0.99,DIG002314,বার্তা পাঠিয়েছে,,,
EVT_DIG002315,transfer,P00975,P00414,LOC0014,2026-03-01 22:30:00,0.99,DIG002315,رقم منتقل کی,,,
EVT_DIG002316,communication,P00257,P00416,LOC0163,2026-06-21 17:18:00,0.99,DIG002316,ફોન કર્યો,,,
EVT_DIG002317,movement,P00358,P00480,LOC0156,2026-01-12 07:18:00,0.99,DIG002317,ಸ್ಥಳ ಹಂಚಿಕೊಂಡರು,,,
EVT_DIG002318,communication,P00070,P00600,LOC0069,2026-03-12 05:53:00,0.99,DIG002318,സന്ദേശം അയച്ചു,,,
EVT_DIG002319,meeting,P00834,P00064,LOC0135,2026-06-20 12:43:00,0.99,DIG002319,ਮਿਲਿਆ,,,
EVT_DIG002320,transfer,P00116,P00242,LOC0055,2026-04-04 10:01:00,0.99,DIG002320,पैसे पाठवले,,,
EVT_DIG002321,meeting,P00268,P00212,LOC0140,2026-03-31 14:37:00,0.99,DIG002321,পরিদর্শন করেছে,,,
EVT_DIG002322,communication,P00287,P00239,LOC0062,2026-01-06 16:02:00,0.99,DIG002322,संपर्क केला,,,
EVT_DIG002323,meeting,P00346,P00397,LOC0101,2026-08-24 11:29:00,0.99,DIG002323,కలిశారు,,,
EVT_DIG002324,meeting,P00931,P00043,LOC0072,2026-06-08 16:19:00,0.99,DIG002324,കണ്ടുമുട്ടി,,,
EVT_DIG002325,meeting,P00341,P00014,LOC0104,2026-01-31 23:49:00,0.99,DIG002325,met,,,
EVT_DIG002326,meeting,P00378,P00983,LOC0166,2026-08-18 00:45:00,0.99,DIG002326,met,,,
EVT_DIG002327,communication,P00878,P00879,LOC0105,2026-04-20 17:37:00,0.99,DIG002327,فون کیا,,,
EVT_DIG002328,meeting,P00380,P00337,LOC0150,2026-01-31 02:17:00,0.99,DIG002328,ಭೇಟಿ ನೀಡಿದರು,,,
EVT_DIG002329,communication,P00957,P00383,LOC0033,2026-03-09 10:19:00,0.99,DIG002329,ఫోన్ చేశారు,,,
EVT_DIG002330,communication,P00138,P00269,LOC0093,2026-03-26 11:34:00,0.99,DIG002330,फोन केला,,,
EVT_DIG002331,communication,P00492,P00388,LOC0055,2026-01-02 07:35:00,0.99,DIG002331,संपर्क केला,,,
EVT_DIG002332,transfer,P00911,P00130,LOC0127,2026-07-05 02:09:00,0.99,DIG002332,رقم منتقل کی,,,
EVT_DIG002333,communication,P00411,P00992,LOC0068,2026-05-10 05:29:00,0.99,DIG002333,ফোন করেছে,,,
EVT_DIG002334,communication,P00768,P00127,LOC0010,2026-01-30 13:47:00,0.99,DIG002334,فون کیا,,,
EVT_DIG002335,movement,P00089,P00712,LOC0175,2026-06-14 16:10:00,0.99,DIG002335,ठिकाण शेअर केले,,,
EVT_DIG002336,movement,P00577,P00019,LOC0028,2026-01-15 06:15:00,0.99,DIG002336,સ્થાન શેર કર્યું,,,
EVT_DIG002337,communication,P00889,P00655,LOC0079,2026-01-20 19:42:00,0.99,DIG002337,যোগাযোগ করেছে,,,
EVT_DIG002338,transfer,P00269,P00252,LOC0135,2026-01-12 12:08:00,0.99,DIG002338,पैसे पाठवले,,,
EVT_DIG002339,meeting,P00586,P00749,LOC0038,2026-03-04 18:49:00,0.99,DIG002339,দেখা করেছে,,,
EVT_DIG002340,movement,P00332,P00175,LOC0037,2026-05-19 03:56:00,0.99,DIG002340,സ്ഥലം പങ്കിട്ടു,,,
EVT_DIG002341,meeting,P00809,P00623,LOC0028,2026-03-24 12:46:00,0.99,DIG002341,met,,,
EVT_DIG002342,meeting,P00070,P00926,LOC0007,2026-06-01 09:05:00,0.99,DIG002342,ಭೇಟಿ ನೀಡಿದರು,,,
EVT_DIG002343,communication,P00743,P00634,LOC0027,2026-02-21 08:57:00,0.99,DIG002343,సందేశం పంపారు,,,
EVT_DIG002344,communication,P00273,P00554,LOC0103,2026-07-24 10:02:00,0.99,DIG002344,ফোন করেছে,,,
EVT_DIG002345,communication,P00107,P00825,LOC0015,2026-08-17 04:41:00,0.99,DIG002345,رابطہ کیا,,,
EVT_DIG002346,communication,P00093,P00036,LOC0140,2026-02-24 10:04:00,0.99,DIG002346,ફોન કર્યો,,,
EVT_DIG002347,meeting,P00640,P00842,LOC0081,2026-02-11 13:57:00,0.99,DIG002347,دورہ کیا,,,
EVT_DIG002348,meeting,P00823,P00964,LOC0166,2026-04-19 09:35:00,0.99,DIG002348,भेटला,,,
EVT_DIG002349,communication,P00167,P00891,LOC0063,2026-04-01 16:15:00,0.99,DIG002349,ফোন করেছে,,,
EVT_DIG002350,movement,P00975,P00837,LOC0006,2026-05-08 03:04:00,0.99,DIG002350,مقام شیئر کیا,,,
EVT_DIG002351,movement,P00873,P00478,LOC0125,2026-04-05 11:45:00,0.99,DIG002351,స్థానం పంచుకున్నారు,,,
EVT_DIG002352,movement,P00170,P00460,LOC0037,2026-04-05 15:19:00,0.99,DIG002352,സ്ഥലം പങ്കിട്ടു,,,
EVT_DIG002353,communication,P00729,P00488,LOC0075,2026-04-26 11:08:00,0.99,DIG002353,sent a message to,,,
EVT_DIG002354,communication,P00590,P00110,LOC0096,2026-02-08 08:31:00,0.99,DIG002354,ബന്ധപ്പെട്ടു,,,
EVT_DIG002355,transfer,P00158,P00424,LOC0083,2026-05-07 16:52:00,0.99,DIG002355,رقم منتقل کی,,,
EVT_DIG002356,communication,P00039,P00457,LOC0095,2026-01-19 14:41:00,0.99,DIG002356,સંદેશ મોકલ્યો,,,
EVT_DIG002357,communication,P00472,P00764,LOC0016,2026-05-25 13:30:00,0.99,DIG002357,যোগাযোগ করেছে,,,
EVT_DIG002358,transfer,P00104,P00127,LOC0116,2026-03-31 21:11:00,0.99,DIG002358,નાણાં મોકલ્યાં,,,
EVT_DIG002359,transfer,P00689,P00213,LOC0174,2026-08-16 23:07:00,0.99,DIG002359,ਪੈਸੇ ਭੇਜੇ,,,
EVT_DIG002360,communication,P00300,P00948,LOC0029,2026-01-13 21:40:00,0.99,DIG002360,செய்தி அனுப்பினார்,,,
EVT_DIG002361,communication,P00342,P00918,LOC0022,2026-05-02 04:50:00,0.99,DIG002361,സന്ദേശം അയച്ചു,,,
EVT_DIG002362,communication,P00566,P00965,LOC0087,2026-04-14 01:52:00,0.99,DIG002362,संदेश भेजा,,,
EVT_DIG002363,communication,P00192,P00747,LOC0022,2026-07-07 22:25:00,0.99,DIG002363,సంప్రదించారు,,,
EVT_DIG002364,transfer,P00887,P00451,LOC0024,2026-07-03 00:21:00,0.99,DIG002364,డబ్బు పంపారు,,,
EVT_DIG002365,communication,P00146,P00861,LOC0175,2026-07-29 22:16:00,0.99,DIG002365,ફોન કર્યો,,,
EVT_DIG002366,meeting,P00959,P00453,LOC0161,2026-04-05 17:51:00,0.99,DIG002366,পরিদর্শন করেছে,,,
EVT_DIG002367,communication,P00139,P00578,LOC0064,2026-08-22 05:11:00,0.99,DIG002367,رابطہ کیا,,,
EVT_DIG002368,communication,P00778,P00745,LOC0071,2026-02-24 19:56:00,0.99,DIG002368,ఫోన్ చేశారు,,,
EVT_DIG002369,meeting,P00973,P00821,LOC0101,2026-03-09 10:53:00,0.99,DIG002369,ಭೇಟಿಯಾದರು,,,
EVT_DIG002370,meeting,P00920,P00225,LOC0032,2026-06-26 19:06:00,0.99,DIG002370,मिला,,,
EVT_DIG002371,meeting,P00168,P00576,LOC0102,2026-06-04 22:28:00,0.99,DIG002371,भेटला,,,
EVT_DIG002372,communication,P00029,P00632,LOC0160,2026-07-18 05:44:00,0.99,DIG002372,செய்தி அனுப்பினார்,,,
EVT_DIG002373,meeting,P00567,P00011,LOC0108,2026-08-24 06:10:00,0.99,DIG002373,ಭೇಟಿ ನೀಡಿದರು,,,
EVT_DIG002374,transfer,P00277,P00806,LOC0115,2026-08-23 23:37:00,0.99,DIG002374,பணம் அனுப்பினார்,,,
EVT_DIG002375,meeting,P00969,P00973,LOC0011,2026-05-14 04:41:00,0.99,DIG002375,ਮੁਲਾਕਾਤ ਕੀਤੀ,,,
EVT_DIG002376,communication,P00609,P00709,LOC0145,2026-08-25 16:29:00,0.99,DIG002376,ಸಂಪರ್ಕಿಸಿದರು,,,
EVT_DIG002377,communication,P00840,P00958,LOC0096,2026-02-15 17:14:00,0.99,DIG002377,ఫోన్ చేశారు,,,
EVT_DIG002378,transfer,P00016,P00048,LOC0153,2026-04-27 16:40:00,0.99,DIG002378,ਪੈਸੇ ਭੇਜੇ,,,
EVT_DIG002379,meeting,P00955,P00001,LOC0055,2026-05-06 08:27:00,0.99,DIG002379,मिला,,,
EVT_DIG002380,movement,P00384,P00972,LOC0168,2026-05-31 04:27:00,0.99,DIG002380,shared a location with,,,
EVT_DIG002381,meeting,P00840,P00139,LOC0066,2026-02-20 04:36:00,0.99,DIG002381,পরিদর্শন করেছে,,,
EVT_DIG002382,meeting,P00497,P00261,LOC0020,2026-02-02 14:26:00,0.99,DIG002382,കണ്ടുമുട്ടി,,,
EVT_DIG002383,communication,P00981,P00021,LOC0136,2026-02-09 18:29:00,0.99,DIG002383,ਸੁਨੇਹਾ ਭੇਜਿਆ,,,
EVT_DIG002384,communication,P00488,P00527,LOC0152,2026-07-16 11:09:00,0.99,DIG002384,அழைத்தார்,,,
EVT_DIG002385,meeting,P00099,P00027,LOC0146,2026-01-09 07:04:00,0.99,DIG002385,મળ્યા,,,
EVT_DIG002386,transfer,P00007,P00559,LOC0135,2026-08-19 19:55:00,0.99,DIG002386,رقم منتقل کی,,,
EVT_DIG002387,movement,P00459,P00319,LOC0163,2026-06-10 01:18:00,0.99,DIG002387,shared a location with,,,
EVT_DIG002388,communication,P00005,P00890,LOC0066,2026-06-17 23:26:00,0.99,DIG002388,ಸಂಪರ್ಕಿಸಿದರು,,,
EVT_DIG002389,movement,P00228,P00876,LOC0020,2026-02-09 03:21:00,0.99,DIG002389,સ્થાન શેર કર્યું,,,
EVT_DIG002390,communication,P00213,P00477,LOC0046,2026-04-29 20:51:00,0.99,DIG002390,called,,,
EVT_DIG002391,communication,P00804,P00357,LOC0061,2026-07-13 12:06:00,0.99,DIG002391,ફોન કર્યો,,,
EVT_DIG002392,movement,P00449,P00608,LOC0159,2026-07-09 22:29:00,0.99,DIG002392,مقام شیئر کیا,,,
EVT_DIG002393,meeting,P00252,P00536,LOC0134,2026-01-22 13:45:00,0.99,DIG002393,भेटला,,,
EVT_DIG002394,meeting,P00756,P00006,LOC0134,2026-08-31 09:34:00,0.99,DIG002394,சென்றார்,,,
EVT_DIG002395,communication,P00380,P00943,LOC0026,2026-08-16 16:05:00,0.99,DIG002395,رابطہ کیا,,,
EVT_DIG002396,transfer,P00731,P00058,LOC0134,2026-04-16 12:02:00,0.99,DIG002396,पैसे पाठवले,,,
EVT_DIG002397,communication,P00444,P00462,LOC0019,2026-07-18 11:25:00,0.99,DIG002397,ਸੰਪਰਕ ਕੀਤਾ,,,
EVT_DIG002398,meeting,P00658,P00761,LOC0155,2026-08-24 16:28:00,0.99,DIG002398,भेट दिली,,,
EVT_DIG002399,movement,P00340,P00169,LOC0013,2026-07-08 05:20:00,0.99,DIG002399,സ്ഥലം പങ്കിട്ടു,,,
EVT_DIG002400,communication,P00894,P00968,LOC0156,2026-01-08 11:14:00,0.99,DIG002400,संदेश भेजा,,,
EVT_DIG002401,communication,P00722,P00831,LOC0037,2026-08-04 16:02:00,0.99,DIG002401,വിളിച്ചു,,,
EVT_DIG002402,transfer,P00156,P00323,LOC0086,2026-08-22 15:04:00,0.99,DIG002402,નાણાં મોકલ્યાં,,,
EVT_DIG002403,communication,P00423,P00522,LOC0005,2026-07-18 07:37:00,0.99,DIG002403,संदेश भेजा,,,
EVT_DIG002404,communication,P00147,P00775,LOC0148,2026-07-08 14:33:00,0.99,DIG002404,సందేశం పంపారు,,,
EVT_DIG002405,communication,P00273,P00668,LOC0017,2026-06-24 11:36:00,0.99,DIG002405,ബന്ധപ്പെട്ടു,,,
EVT_DIG002406,communication,P00375,P00860,LOC0078,2026-06-24 06:44:00,0.99,DIG002406,پیغام بھیجا,,,
EVT_DIG002407,movement,P00530,P00860,LOC0120,2026-07-23 05:33:00,0.99,DIG002407,স্থান ভাগ করেছে,,,
EVT_DIG002408,meeting,P00584,P00340,LOC0057,2026-05-25 17:31:00,0.99,DIG002408,পরিদর্শন করেছে,,,
EVT_DIG002409,meeting,P00047,P00615,LOC0106,2026-02-04 13:22:00,0.99,DIG002409,சந்தித்தார்,,,
EVT_DIG002410,communication,P00197,P00774,LOC0161,2026-07-31 19:57:00,0.99,DIG002410,যোগাযোগ করেছে,,,
EVT_DIG002411,communication,P00003,P00360,LOC0149,2026-08-07 11:45:00,0.99,DIG002411,ફોન કર્યો,,,
EVT_DIG002412,communication,P00093,P00808,LOC0047,2026-06-06 23:11:00,0.99,DIG002412,સંદેશ મોકલ્યો,,,
EVT_DIG002413,transfer,P00593,P00527,LOC0022,2026-08-24 22:54:00,0.99,DIG002413,धन भेजा,,,
EVT_DIG002414,communication,P00513,P00890,LOC0032,2026-08-04 14:06:00,0.99,DIG002414,फोन केला,,,
EVT_DIG002415,meeting,P00804,P00199,LOC0092,2026-04-15 07:16:00,0.99,DIG002415,met,,,
EVT_DIG002416,meeting,P00445,P00269,LOC0168,2026-05-20 19:13:00,0.99,DIG002416,भेट दिली,,,
EVT_DIG002417,transfer,P00704,P00244,LOC0001,2026-08-27 00:29:00,0.99,DIG002417,টাকা পাঠিয়েছে,,,
EVT_DIG002418,meeting,P00032,P00818,LOC0122,2026-04-24 10:44:00,0.99,DIG002418,મુલાકાત લીધી,,,
EVT_DIG002419,movement,P00640,P00437,LOC0085,2026-05-31 01:29:00,0.99,DIG002419,مقام شیئر کیا,,,
EVT_DIG002420,communication,P00474,P00272,LOC0162,2026-04-21 13:57:00,0.99,DIG002420,ਸੰਪਰਕ ਕੀਤਾ,,,
EVT_DIG002421,meeting,P00406,P00434,LOC0094,2026-06-08 05:01:00,0.99,DIG002421,મળ્યા,,,
EVT_DIG002422,communication,P00054,P00455,LOC0027,2026-01-17 03:03:00,0.99,DIG002422,संदेश पाठवला,,,
EVT_DIG002423,communication,P00548,P00204,LOC0022,2026-02-25 22:39:00,0.99,DIG002423,sent a message to,,,
EVT_DIG002424,communication,P00413,P00084,LOC0050,2026-05-07 15:26:00,0.99,DIG002424,ಕರೆ ಮಾಡಿದರು,,,
EVT_DIG002425,meeting,P00932,P00554,LOC0131,2026-01-20 23:07:00,0.99,DIG002425,দেখা করেছে,,,
EVT_DIG002426,meeting,P00783,P00793,LOC0166,2026-02-27 09:40:00,0.99,DIG002426,দেখা করেছে,,,
EVT_DIG002427,movement,P00153,P00808,LOC0164,2026-01-17 19:43:00,0.99,DIG002427,مقام شیئر کیا,,,
EVT_DIG002428,communication,P00213,P00189,LOC0128,2026-06-17 09:44:00,0.99,DIG002428,যোগাযোগ করেছে,,,
EVT_DIG002429,transfer,P00054,P00943,LOC0176,2026-04-03 02:19:00,0.99,DIG002429,ಹಣ ಕಳುಹಿಸಿದರು,,,
EVT_DIG002430,movement,P00126,P00904,LOC0127,2026-03-08 11:33:00,0.99,DIG002430,સ્થાન શેર કર્યું,,,
EVT_DIG002431,communication,P00814,P00629,LOC0057,2026-03-11 08:15:00,0.99,DIG002431,پیغام بھیجا,,,
EVT_DIG002432,meeting,P00721,P00075,LOC0159,2026-02-10 16:57:00,0.99,DIG002432,পরিদর্শন করেছে,,,
EVT_DIG002433,meeting,P00249,P00395,LOC0014,2026-01-01 00:29:00,0.99,DIG002433,ಭೇಟಿ ನೀಡಿದರು,,,
EVT_DIG002434,communication,P00735,P00253,LOC0096,2026-01-24 09:03:00,0.99,DIG002434,સંદેશ મોકલ્યો,,,
EVT_DIG002435,movement,P00808,P00085,LOC0037,2026-06-23 19:47:00,0.99,DIG002435,இடத்தை பகிர்ந்தார்,,,
EVT_DIG002436,meeting,P00160,P00421,LOC0015,2026-06-11 20:43:00,0.99,DIG002436,ਮੁਲਾਕਾਤ ਕੀਤੀ,,,
EVT_DIG002437,vehicle_use,P00851,P00394,LOC0047,2026-03-27 07:17:00,0.99,DIG002437,used a vehicle,,,
EVT_DIG002438,communication,P00341,P00518,LOC0071,2026-03-13 00:53:00,0.99,DIG002438,contacted,,,
EVT_DIG002439,communication,P00141,P00791,LOC0061,2026-01-08 00:50:00,0.99,DIG002439,پیغام بھیجا,,,
EVT_DIG002440,meeting,P00182,P00558,LOC0007,2026-04-27 15:50:00,0.99,DIG002440,دورہ کیا,,,
EVT_DIG002441,meeting,P00163,P00677,LOC0135,2026-02-03 19:18:00,0.99,DIG002441,ಭೇಟಿಯಾದರು,,,
EVT_DIG002442,communication,P00128,P00709,LOC0064,2026-02-07 15:46:00,0.99,DIG002442,വിളിച്ചു,,,
EVT_DIG002443,communication,P00611,P00523,LOC0130,2026-08-30 06:50:00,0.99,DIG002443,ಕರೆ ಮಾಡಿದರು,,,
EVT_DIG002444,movement,P00147,P00730,LOC0155,2026-01-07 20:53:00,0.99,DIG002444,shared a location with,,,
EVT_DIG002445,communication,P00070,P00850,LOC0034,2026-06-20 16:21:00,0.99,DIG002445,संपर्क किया,,,
EVT_DIG002446,communication,P00717,P00580,LOC0178,2026-08-09 21:55:00,0.99,DIG002446,फोन केला,,,
EVT_DIG002447,communication,P00075,P00528,LOC0065,2026-04-18 03:24:00,0.99,DIG002447,ਫੋਨ ਕੀਤਾ,,,
EVT_DIG002448,movement,P00763,P00311,LOC0024,2026-04-11 20:46:00,0.99,DIG002448,स्थान साझा किया,,,
EVT_DIG002449,communication,P00021,P00290,LOC0054,2026-03-03 04:49:00,0.99,DIG002449,বার্তা পাঠিয়েছে,,,
EVT_DIG002450,communication,P00539,P00330,LOC0147,2026-03-17 19:57:00,0.99,DIG002450,ఫోన్ చేశారు,,,
EVT_DIG002451,communication,P00483,P00632,LOC0071,2026-08-21 17:04:00,0.99,DIG002451,संपर्क केला,,,
EVT_DIG002452,communication,P00182,P00635,LOC0061,2026-06-26 12:32:00,0.99,DIG002452,contacted,,,
EVT_DIG002453,transfer,P00859,P00418,LOC0089,2026-01-14 00:51:00,0.99,DIG002453,ਪੈਸੇ ਭੇਜੇ,,,
EVT_DIG002454,communication,P00614,P00131,LOC0167,2026-06-24 04:38:00,0.99,DIG002454,ফোন করেছে,,,
EVT_DIG002455,transfer,P00288,P00774,LOC0004,2026-01-06 17:16:00,0.99,DIG002455,টাকা পাঠিয়েছে,,,
EVT_DIG002456,communication,P00839,P00401,LOC0053,2026-02-24 17:53:00,0.99,DIG002456,ఫోన్ చేశారు,,,
EVT_DIG002457,communication,P00463,P00141,LOC0118,2026-06-02 19:10:00,0.99,DIG002457,செய்தி அனுப்பினார்,,,
EVT_DIG002458,communication,P00324,P00692,LOC0004,2026-02-13 03:57:00,0.99,DIG002458,संदेश भेजा,,,
EVT_DIG002459,communication,P00010,P00649,LOC0002,2026-01-11 10:06:00,0.99,DIG002459,ਸੰਪਰਕ ਕੀਤਾ,,,
EVT_DIG002460,communication,P00766,P00165,LOC0168,2026-04-09 19:41:00,0.99,DIG002460,বার্তা পাঠিয়েছে,,,
EVT_DIG002461,vehicle_use,P00396,P00594,LOC0135,2026-06-30 15:23:00,0.99,DIG002461,used a vehicle,,,
EVT_DIG002462,movement,P00676,P00705,LOC0080,2026-03-13 11:23:00,0.99,DIG002462,مقام شیئر کیا,,,
EVT_DIG002463,transfer,P00458,P00305,LOC0006,2026-06-03 22:02:00,0.99,DIG002463,টাকা পাঠিয়েছে,,,
EVT_DIG002464,communication,P00923,P00035,LOC0153,2026-08-02 14:18:00,0.99,DIG002464,సంప్రదించారు,,,
EVT_DIG002465,meeting,P00829,P00888,LOC0059,2026-03-12 16:03:00,0.99,DIG002465,دورہ کیا,,,
EVT_DIG002466,communication,P00202,P00844,LOC0164,2026-07-22 17:56:00,0.99,DIG002466,ਫੋਨ ਕੀਤਾ,,,
EVT_DIG002467,meeting,P00169,P00534,LOC0008,2026-01-08 19:53:00,0.99,DIG002467,পরিদর্শন করেছে,,,
EVT_DIG002468,transfer,P00057,P00207,LOC0121,2026-03-18 03:01:00,0.99,DIG002468,డబ్బు పంపారు,,,
EVT_DIG002469,communication,P00342,P00385,LOC0013,2026-05-23 10:12:00,0.99,DIG002469,संपर्क किया,,,
EVT_DIG002470,communication,P00360,P00957,LOC0110,2026-02-16 16:23:00,0.99,DIG002470,ಸಂದೇಶ ಕಳುಹಿಸಿದರು,,,
EVT_DIG002471,meeting,P00457,P00562,LOC0060,2026-07-20 19:51:00,0.99,DIG002471,കണ്ടുമുട്ടി,,,
EVT_DIG002472,meeting,P00282,P00762,LOC0016,2026-08-09 04:57:00,0.99,DIG002472,મળ્યા,,,
EVT_DIG002473,communication,P00963,P00253,LOC0081,2026-05-05 17:55:00,0.99,DIG002473,संपर्क केला,,,
EVT_DIG002474,movement,P00257,P00390,LOC0017,2026-06-08 18:01:00,0.99,DIG002474,ठिकाण शेअर केले,,,
EVT_DIG002475,communication,P00753,P00547,LOC0069,2026-08-05 01:36:00,0.99,DIG002475,फोन केला,,,
EVT_DIG002476,communication,P00113,P00363,LOC0097,2026-04-24 08:15:00,0.99,DIG002476,ਫੋਨ ਕੀਤਾ,,,
EVT_DIG002477,meeting,P00369,P00608,LOC0050,2026-02-25 18:50:00,0.99,DIG002477,दौरा किया,,,
EVT_DIG002478,communication,P00763,P00820,LOC0093,2026-06-07 16:10:00,0.99,DIG002478,called,,,
EVT_DIG002479,communication,P00463,P00954,LOC0041,2026-01-12 06:22:00,0.99,DIG002479,ಕರೆ ಮಾಡಿದರು,,,
EVT_DIG002480,movement,P00243,P00146,LOC0152,2026-01-07 11:30:00,0.99,DIG002480,स्थान साझा किया,,,
EVT_DIG002481,transfer,P00739,P00203,LOC0079,2026-07-07 23:51:00,0.99,DIG002481,धन भेजा,,,
EVT_DIG002482,meeting,P00686,P00649,LOC0005,2026-03-29 02:40:00,0.99,DIG002482,కలిశారు,,,
EVT_DIG002483,movement,P00341,P00968,LOC0037,2026-05-16 08:17:00,0.99,DIG002483,shared a location with,,,
EVT_DIG002484,transfer,P00083,P00653,LOC0118,2026-06-29 21:52:00,0.99,DIG002484,पैसे पाठवले,,,
EVT_DIG002485,meeting,P00670,P00766,LOC0070,2026-07-05 10:41:00,0.99,DIG002485,ಭೇಟಿ ನೀಡಿದರು,,,
EVT_DIG002486,vehicle_use,P00249,P00280,LOC0172,2026-08-14 14:03:00,0.99,DIG002486,वाहन का उपयोग किया,,,
EVT_DIG002487,communication,P00152,P00732,LOC0082,2026-01-31 18:37:00,0.99,DIG002487,ફોન કર્યો,,,
EVT_DIG002488,communication,P00567,P00021,LOC0120,2026-02-23 11:37:00,0.99,DIG002488,संपर्क केला,,,
EVT_DIG002489,meeting,P00964,P00547,LOC0132,2026-01-09 19:14:00,0.99,DIG002489,ਮੁਲਾਕਾਤ ਕੀਤੀ,,,
EVT_DIG002490,transfer,P00892,P00484,LOC0023,2026-07-13 23:19:00,0.99,DIG002490,નાણાં મોકલ્યાં,,,
EVT_DIG002491,movement,P00439,P00561,LOC0048,2026-03-07 05:35:00,0.99,DIG002491,স্থান ভাগ করেছে,,,
EVT_DIG002492,meeting,P00483,P00673,LOC0138,2026-04-02 17:19:00,0.99,DIG002492,കണ്ടുമുട്ടി,,,
EVT_DIG002493,movement,P00911,P00348,LOC0101,2026-03-14 01:10:00,0.99,DIG002493,ಸ್ಥಳ ಹಂಚಿಕೊಂಡರು,,,
EVT_DIG002494,communication,P00593,P00923,LOC0093,2026-06-30 18:06:00,0.99,DIG002494,फोन किया,,,
EVT_DIG002495,communication,P00709,P00577,LOC0010,2026-01-25 15:31:00,0.99,DIG002495,संदेश पाठवला,,,
EVT_DIG002496,communication,P00561,P00143,LOC0092,2026-04-24 09:37:00,0.99,DIG002496,संदेश पाठवला,,,
EVT_DIG002497,meeting,P00716,P00973,LOC0027,2026-02-04 07:14:00,0.99,DIG002497,వెళ్లారు,,,
EVT_DIG002498,meeting,P00830,P00937,LOC0028,2026-01-13 00:21:00,0.99,DIG002498,ಭೇಟಿ ನೀಡಿದರು,,,
EVT_DIG002499,movement,P00782,P00219,LOC0018,2026-07-06 09:17:00,0.99,DIG002499,ਸਥਾਨ ਸਾਂਝਾ ਕੀਤਾ,,,
EVT_DIG002500,movement,P00949,P00406,LOC0167,2026-06-27 02:21:00,0.99,DIG002500,ಸ್ಥಳ ಹಂಚಿಕೊಂಡರು,,,
EVT_DIG002501,communication,P00052,P00921,LOC0120,2026-05-12 11:25:00,0.99,DIG002501,contacted,,,
EVT_DIG002502,communication,P00429,P00583,LOC0001,2026-07-06 04:45:00,0.99,DIG002502,సంప్రదించారు,,,
EVT_DIG002503,vehicle_use,P00408,P00736,LOC0066,2026-08-08 06:24:00,0.99,DIG002503,वाहन का उपयोग किया,,,
EVT_DIG002504,meeting,P00211,P00501,LOC0134,2026-07-31 00:07:00,0.99,DIG002504,ملاقات کی,,,
EVT_DIG002505,communication,P00530,P00347,LOC0117,2026-02-19 23:52:00,0.99,DIG002505,સંપર્ક કર્યો,,,
EVT_DIG002506,movement,P00067,P00846,LOC0035,2026-07-26 19:40:00,0.99,DIG002506,இடத்தை பகிர்ந்தார்,,,
EVT_DIG002507,communication,P00330,P00432,LOC0050,2026-01-15 22:18:00,0.99,DIG002507,அழைத்தார்,,,
EVT_DIG002508,communication,P00299,P00473,LOC0099,2026-07-13 02:19:00,0.99,DIG002508,संपर्क किया,,,
EVT_DIG002509,meeting,P00563,P00420,LOC0001,2026-01-10 00:43:00,0.99,DIG002509,சென்றார்,,,
EVT_DIG002510,communication,P00416,P00089,LOC0047,2026-06-22 04:14:00,0.99,DIG002510,फोन किया,,,
EVT_DIG002511,communication,P00485,P00527,LOC0104,2026-03-19 06:11:00,0.99,DIG002511,फोन किया,,,
EVT_DIG002512,communication,P00714,P00062,LOC0071,2026-03-14 06:32:00,0.99,DIG002512,ਸੰਪਰਕ ਕੀਤਾ,,,
EVT_DIG002513,meeting,P00412,P00505,LOC0097,2026-01-10 03:32:00,0.99,DIG002513,met,,,
EVT_DIG002514,movement,P00583,P00053,LOC0086,2026-06-12 05:51:00,0.99,DIG002514,مقام شیئر کیا,,,
EVT_DIG002515,communication,P00308,P00598,LOC0119,2026-08-19 06:42:00,0.99,DIG002515,संदेश पाठवला,,,
EVT_DIG002516,movement,P00934,P00996,LOC0125,2026-08-07 21:45:00,0.99,DIG002516,shared a location with,,,
EVT_DIG002517,meeting,P00767,P00970,LOC0086,2026-01-13 02:55:00,0.99,DIG002517,भेट दिली,,,
EVT_DIG002518,transfer,P00725,P00152,LOC0049,2026-06-25 11:34:00,0.99,DIG002518,धन भेजा,,,
EVT_DIG002519,movement,P00259,P00526,LOC0141,2026-01-17 12:08:00,0.99,DIG002519,स्थान साझा किया,,,
EVT_DIG002520,movement,P00735,P00033,LOC0075,2026-08-14 01:04:00,0.99,DIG002520,સ્થાન શેર કર્યું,,,
EVT_DIG002521,meeting,P00193,P00833,LOC0111,2026-05-18 06:00:00,0.99,DIG002521,சந்தித்தார்,,,
EVT_DIG002522,meeting,P00888,P00509,LOC0111,2026-08-14 20:53:00,0.99,DIG002522,দেখা করেছে,,,
EVT_DIG002523,meeting,P00293,P00289,LOC0161,2026-03-14 09:00:00,0.99,DIG002523,ਮੁਲਾਕਾਤ ਕੀਤੀ,,,
EVT_DIG002524,movement,P00557,P00299,LOC0145,2026-04-05 02:56:00,0.99,DIG002524,স্থান ভাগ করেছে,,,
EVT_DIG002525,movement,P00906,P00616,LOC0103,2026-05-03 07:53:00,0.99,DIG002525,സ്ഥലം പങ്കിട്ടു,,,
EVT_DIG002526,communication,P00653,P00251,LOC0021,2026-01-20 02:18:00,0.99,DIG002526,संपर्क किया,,,
EVT_DIG002527,communication,P00539,P00048,LOC0110,2026-06-23 16:42:00,0.99,DIG002527,సంప్రదించారు,,,
EVT_DIG002528,movement,P00154,P00229,LOC0076,2026-04-12 17:05:00,0.99,DIG002528,સ્થાન શેર કર્યું,,,
EVT_DIG002529,meeting,P00327,P00964,LOC0081,2026-03-24 23:36:00,0.99,DIG002529,મુલાકાત લીધી,,,
EVT_DIG002530,meeting,P00822,P00488,LOC0064,2026-03-08 21:29:00,0.99,DIG002530,കണ്ടുമുട്ടി,,,
EVT_DIG002531,movement,P00832,P00435,LOC0006,2026-02-14 16:22:00,0.99,DIG002531,ठिकाण शेअर केले,,,
EVT_DIG002532,communication,P00737,P00710,LOC0140,2026-08-25 15:49:00,0.99,DIG002532,ਸੁਨੇਹਾ ਭੇਜਿਆ,,,
EVT_DIG002533,movement,P00074,P00770,LOC0009,2026-07-13 04:05:00,0.99,DIG002533,ठिकाण शेअर केले,,,
EVT_DIG002534,communication,P00410,P00752,LOC0027,2026-06-25 10:41:00,0.99,DIG002534,தொடர்பு கொண்டார்,,,
EVT_DIG002535,communication,P00246,P00989,LOC0145,2026-07-01 03:04:00,0.99,DIG002535,फोन किया,,,
EVT_DIG002536,communication,P00909,P00024,LOC0160,2026-01-14 15:46:00,0.99,DIG002536,ਸੁਨੇਹਾ ਭੇਜਿਆ,,,
EVT_DIG002537,communication,P00296,P00663,LOC0010,2026-03-12 19:30:00,0.99,DIG002537,ফোন করেছে,,,
EVT_DIG002538,communication,P00233,P00242,LOC0167,2026-03-28 10:32:00,0.99,DIG002538,sent a message to,,,
EVT_DIG002539,meeting,P00978,P00340,LOC0134,2026-05-20 05:57:00,0.99,DIG002539,મુલાકાત લીધી,,,
EVT_DIG002540,transfer,P00077,P00765,LOC0081,2026-08-28 20:51:00,0.99,DIG002540,డబ్బు పంపారు,,,
EVT_DIG002541,communication,P00173,P00268,LOC0106,2026-07-02 15:58:00,0.99,DIG002541,संदेश भेजा,,,
EVT_DIG002542,communication,P00477,P00348,LOC0025,2026-03-25 05:27:00,0.99,DIG002542,फोन केला,,,
EVT_DIG002543,transfer,P00805,P00822,LOC0107,2026-08-01 07:01:00,0.99,DIG002543,ಹಣ ಕಳುಹಿಸಿದರು,,,
EVT_DIG002544,movement,P00688,P00463,LOC0083,2026-05-03 08:07:00,0.99,DIG002544,સ્થાન શેર કર્યું,,,
EVT_DIG002545,communication,P00133,P00522,LOC0027,2026-01-27 19:16:00,0.99,DIG002545,വിളിച്ചു,,,
EVT_DIG002546,meeting,P00962,P00777,LOC0048,2026-06-27 20:44:00,0.99,DIG002546,சந்தித்தார்,,,
EVT_DIG002547,meeting,P00035,P00087,LOC0176,2026-08-03 13:57:00,0.99,DIG002547,ಭೇಟಿಯಾದರು,,,
EVT_DIG002548,transfer,P00769,P00381,LOC0094,2026-02-14 00:54:00,0.99,DIG002548,பணம் அனுப்பினார்,,,
EVT_DIG002549,communication,P00492,P00535,LOC0069,2026-04-12 17:57:00,0.99,DIG002549,پیغام بھیجا,,,
EVT_DIG002550,movement,P00528,P00344,LOC0068,2026-08-03 19:27:00,0.99,DIG002550,shared a location with,,,
EVT_DIG002551,meeting,P00095,P00805,LOC0018,2026-06-28 20:10:00,0.99,DIG002551,મળ્યા,,,
EVT_DIG002552,movement,P00081,P00477,LOC0064,2026-04-08 12:55:00,0.99,DIG002552,স্থান ভাগ করেছে,,,
EVT_DIG002553,meeting,P00840,P00224,LOC0124,2026-01-19 19:37:00,0.99,DIG002553,சந்தித்தார்,,,
EVT_DIG002554,vehicle_use,P00697,P00110,LOC0138,2026-08-24 16:16:00,0.99,DIG002554,वाहन का उपयोग किया,,,
EVT_DIG002555,communication,P00568,P00375,LOC0062,2026-06-10 04:50:00,0.99,DIG002555,വിളിച്ചു,,,
EVT_DIG002556,meeting,P00370,P00527,LOC0150,2026-02-18 14:28:00,0.99,DIG002556,મળ્યા,,,
EVT_DIG002557,communication,P00077,P00045,LOC0063,2026-03-22 00:58:00,0.99,DIG002557,संदेश भेजा,,,
EVT_DIG002558,meeting,P00318,P00453,LOC0096,2026-04-23 10:01:00,0.99,DIG002558,دورہ کیا,,,
EVT_DIG002559,movement,P00897,P00206,LOC0006,2026-08-08 11:14:00,0.99,DIG002559,ಸ್ಥಳ ಹಂಚಿಕೊಂಡರು,,,
EVT_DIG002560,vehicle_use,P00560,P00581,LOC0085,2026-07-21 05:28:00,0.99,DIG002560,used a vehicle,,,
EVT_DIG002561,communication,P00727,P00166,LOC0048,2026-01-15 11:08:00,0.99,DIG002561,വിളിച്ചു,,,
EVT_DIG002562,meeting,P00213,P00630,LOC0005,2026-04-04 23:54:00,0.99,DIG002562,পরিদর্শন করেছে,,,
EVT_DIG002563,meeting,P00015,P00349,LOC0094,2026-04-04 19:01:00,0.99,DIG002563,സന്ദർശിച്ചു,,,
EVT_DIG002564,meeting,P00647,P00442,LOC0044,2026-03-05 04:42:00,0.99,DIG002564,சந்தித்தார்,,,
EVT_DIG002565,communication,P00507,P00686,LOC0071,2026-02-09 01:01:00,0.99,DIG002565,called,,,
EVT_DIG002566,meeting,P00187,P00641,LOC0142,2026-03-28 05:15:00,0.99,DIG002566,കണ്ടുമുട്ടി,,,
EVT_DIG002567,transfer,P00352,P00202,LOC0116,2026-06-29 16:22:00,0.99,DIG002567,ಹಣ ಕಳುಹಿಸಿದರು,,,
EVT_DIG002568,movement,P00809,P00090,LOC0038,2026-03-29 02:33:00,0.99,DIG002568,ਸਥਾਨ ਸਾਂਝਾ ਕੀਤਾ,,,
EVT_DIG002569,transfer,P00116,P00349,LOC0079,2026-03-01 06:06:00,0.99,DIG002569,નાણાં મોકલ્યાં,,,
EVT_DIG002570,movement,P00107,P00257,LOC0066,2026-05-20 14:42:00,0.99,DIG002570,સ્થાન શેર કર્યું,,,
EVT_DIG002571,vehicle_use,P00495,P00368,LOC0075,2026-05-30 09:57:00,0.99,DIG002571,used a vehicle,,,
EVT_DIG002572,movement,P00943,P00632,LOC0149,2026-06-10 00:27:00,0.99,DIG002572,స్థానం పంచుకున్నారు,,,
EVT_DIG002573,meeting,P00502,P00825,LOC0124,2026-05-27 16:45:00,0.99,DIG002573,मिला,,,
EVT_DIG002574,movement,P00180,P00827,LOC0170,2026-01-03 14:41:00,0.99,DIG002574,shared a location with,,,
EVT_DIG002575,communication,P00768,P00266,LOC0043,2026-08-28 22:30:00,0.99,DIG002575,ਸੰਪਰਕ ਕੀਤਾ,,,
EVT_DIG002576,transfer,P00418,P00744,LOC0029,2026-04-30 16:19:00,0.99,DIG002576,പണം അയച്ചു,,,
EVT_DIG002577,meeting,P00313,P00759,LOC0151,2026-06-06 00:24:00,0.99,DIG002577,भेटला,,,
EVT_DIG002578,communication,P00142,P00666,LOC0062,2026-01-12 10:32:00,0.99,DIG002578,called,,,
EVT_DIG002579,communication,P00241,P00155,LOC0075,2026-05-15 04:02:00,0.99,DIG002579,அழைத்தார்,,,
EVT_DIG002580,communication,P00025,P00231,LOC0157,2026-08-20 11:34:00,0.99,DIG002580,contacted,,,
EVT_DIG002581,meeting,P00135,P00561,LOC0074,2026-03-28 03:51:00,0.99,DIG002581,visited,,,
EVT_DIG002582,movement,P00628,P00022,LOC0140,2026-07-23 03:35:00,0.99,DIG002582,مقام شیئر کیا,,,
EVT_DIG002583,communication,P00110,P00209,LOC0102,2026-06-23 09:14:00,0.99,DIG002583,સંદેશ મોકલ્યો,,,
EVT_DIG002584,communication,P00395,P00863,LOC0130,2026-04-04 00:23:00,0.99,DIG002584,ਫੋਨ ਕੀਤਾ,,,
EVT_DIG002585,communication,P00555,P00603,LOC0175,2026-05-02 08:33:00,0.99,DIG002585,വിളിച്ചു,,,
EVT_DIG002586,transfer,P00480,P00424,LOC0010,2026-01-18 07:54:00,0.99,DIG002586,નાણાં મોકલ્યાં,,,
EVT_DIG002587,communication,P00237,P00292,LOC0035,2026-08-15 18:21:00,0.99,DIG002587,ಸಂಪರ್ಕಿಸಿದರು,,,
EVT_DIG002588,communication,P00465,P00270,LOC0070,2026-03-01 20:54:00,0.99,DIG002588,ফোন করেছে,,,
EVT_DIG002589,movement,P00183,P00844,LOC0049,2026-05-07 00:28:00,0.99,DIG002589,സ്ഥലം പങ്കിട്ടു,,,
EVT_DIG002590,communication,P00723,P00887,LOC0018,2026-01-08 18:49:00,0.99,DIG002590,ബന്ധപ്പെട്ടു,,,
EVT_DIG002591,communication,P00714,P00105,LOC0075,2026-01-31 22:01:00,0.99,DIG002591,அழைத்தார்,,,
EVT_DIG002592,meeting,P00449,P00911,LOC0081,2026-08-31 06:08:00,0.99,DIG002592,दौरा किया,,,
EVT_DIG002593,meeting,P00855,P00181,LOC0080,2026-01-05 12:32:00,0.99,DIG002593,visited,,,
EVT_DIG002594,communication,P00722,P00149,LOC0155,2026-03-09 16:17:00,0.99,DIG002594,സന്ദേശം അയച്ചു,,,
EVT_DIG002595,communication,P00250,P00266,LOC0005,2026-02-06 02:13:00,0.99,DIG002595,സന്ദേശം അയച്ചു,,,
EVT_DIG002596,communication,P00191,P00678,LOC0114,2026-01-19 20:51:00,0.99,DIG002596,contacted,,,
EVT_DIG002597,communication,P00381,P00217,LOC0180,2026-01-20 11:55:00,0.99,DIG002597,સંપર્ક કર્યો,,,
EVT_DIG002598,meeting,P00179,P00615,LOC0149,2026-05-16 12:21:00,0.99,DIG002598,भेटला,,,
EVT_DIG002599,communication,P00247,P00417,LOC0164,2026-06-25 01:16:00,0.99,DIG002599,ਫੋਨ ਕੀਤਾ,,,
EVT_DIG002600,communication,P00534,P00421,LOC0099,2026-01-30 18:00:00,0.99,DIG002600,ಸಂದೇಶ ಕಳುಹಿಸಿದರು,,,
EVT_DIG002601,communication,P00639,P00406,LOC0040,2026-04-14 16:50:00,0.99,DIG002601,ફોન કર્યો,,,
EVT_DIG002602,meeting,P00732,P00923,LOC0047,2026-07-27 13:30:00,0.99,DIG002602,ਮੁਲਾਕਾਤ ਕੀਤੀ,,,
EVT_DIG002603,communication,P00811,P00209,LOC0131,2026-05-19 03:27:00,0.99,DIG002603,called,,,
EVT_DIG002604,movement,P00638,P00650,LOC0080,2026-01-28 12:11:00,0.99,DIG002604,مقام شیئر کیا,,,
EVT_DIG002605,transfer,P00044,P00852,LOC0120,2026-05-28 00:18:00,0.99,DIG002605,డబ్బు పంపారు,,,
EVT_DIG002606,communication,P00323,P00826,LOC0075,2026-04-12 03:31:00,0.99,DIG002606,செய்தி அனுப்பினார்,,,
EVT_DIG002607,communication,P00145,P00900,LOC0005,2026-06-06 05:54:00,0.99,DIG002607,செய்தி அனுப்பினார்,,,
EVT_DIG002608,meeting,P00997,P00087,LOC0068,2026-05-12 04:56:00,0.99,DIG002608,சந்தித்தார்,,,
EVT_DIG002609,meeting,P00507,P00772,LOC0138,2026-05-07 10:27:00,0.99,DIG002609,சென்றார்,,,
EVT_DIG002610,meeting,P00763,P00382,LOC0082,2026-01-22 17:49:00,0.99,DIG002610,મુલાકાત લીધી,,,
EVT_DIG002611,communication,P00262,P00442,LOC0063,2026-08-29 03:12:00,0.99,DIG002611,సంప్రదించారు,,,
EVT_DIG002612,communication,P00291,P00645,LOC0071,2026-01-31 03:26:00,0.99,DIG002612,ਫੋਨ ਕੀਤਾ,,,
EVT_DIG002613,communication,P00992,P00070,LOC0136,2026-05-27 08:14:00,0.99,DIG002613,ಸಂದೇಶ ಕಳುಹಿಸಿದರು,,,
EVT_DIG002614,communication,P00665,P00293,LOC0119,2026-06-09 05:22:00,0.99,DIG002614,સંદેશ મોકલ્યો,,,
EVT_DIG002615,communication,P00640,P00641,LOC0099,2026-08-14 16:42:00,0.99,DIG002615,સંદેશ મોકલ્યો,,,
EVT_DIG002616,vehicle_use,P00394,P00015,LOC0074,2026-06-09 17:59:00,0.99,DIG002616,used a vehicle,,,
EVT_DIG002617,movement,P00320,P00495,LOC0063,2026-03-20 15:48:00,0.99,DIG002617,স্থান ভাগ করেছে,,,
EVT_DIG002618,transfer,P00710,P00150,LOC0076,2026-07-21 22:52:00,0.99,DIG002618,transferred funds to,,,
EVT_DIG002619,communication,P00039,P00428,LOC0025,2026-06-18 02:48:00,0.99,DIG002619,संपर्क केला,,,
EVT_DIG002620,communication,P00370,P00455,LOC0128,2026-02-08 17:11:00,0.99,DIG002620,ఫోన్ చేశారు,,,
EVT_DIG002621,meeting,P00433,P00093,LOC0046,2026-05-16 14:12:00,0.99,DIG002621,ਮਿਲਿਆ,,,
EVT_DIG002622,communication,P00767,P00304,LOC0160,2026-01-27 01:37:00,0.99,DIG002622,sent a message to,,,
EVT_DIG002623,movement,P00144,P00581,LOC0048,2026-03-23 18:08:00,0.99,DIG002623,shared a location with,,,
EVT_DIG002624,meeting,P00290,P00933,LOC0072,2026-01-12 15:07:00,0.99,DIG002624,दौरा किया,,,
EVT_DIG002625,movement,P00080,P00028,LOC0008,2026-01-06 06:52:00,0.99,DIG002625,مقام شیئر کیا,,,
EVT_DIG002626,meeting,P00729,P00595,LOC0082,2026-06-05 04:31:00,0.99,DIG002626,મુલાકાત લીધી,,,
EVT_DIG002627,meeting,P00086,P00888,LOC0023,2026-04-02 12:02:00,0.99,DIG002627,സന്ദർശിച്ചു,,,
EVT_DIG002628,transfer,P00216,P00880,LOC0138,2026-01-23 07:26:00,0.99,DIG002628,धन भेजा,,,
EVT_DIG002629,transfer,P00576,P00619,LOC0179,2026-01-24 21:52:00,0.99,DIG002629,പണം അയച്ചു,,,
EVT_DIG002630,meeting,P00110,P00600,LOC0021,2026-05-28 13:36:00,0.99,DIG002630,met,,,
EVT_DIG002631,communication,P00942,P00344,LOC0032,2026-05-27 06:30:00,0.99,DIG002631,அழைத்தார்,,,
EVT_DIG002632,vehicle_use,P00358,P00029,LOC0124,2026-07-28 10:39:00,0.99,DIG002632,वाहन का उपयोग किया,,,
EVT_DIG002633,communication,P00118,P00487,LOC0060,2026-02-07 16:38:00,0.99,DIG002633,contacted,,,
EVT_DIG002634,movement,P00256,P00345,LOC0081,2026-08-06 08:26:00,0.99,DIG002634,स्थान साझा किया,,,
EVT_DIG002635,movement,P00606,P00005,LOC0074,2026-06-08 18:28:00,0.99,DIG002635,സ്ഥലം പങ്കിട്ടു,,,
EVT_DIG002636,transfer,P00507,P00685,LOC0096,2026-02-05 00:59:00,0.99,DIG002636,డబ్బు పంపారు,,,
EVT_DIG002637,communication,P00042,P00420,LOC0085,2026-08-13 14:36:00,0.99,DIG002637,செய்தி அனுப்பினார்,,,
EVT_DIG002638,movement,P00760,P00506,LOC0023,2026-03-19 11:31:00,0.99,DIG002638,સ્થાન શેર કર્યું,,,
EVT_DIG002639,meeting,P00460,P00122,LOC0118,2026-04-06 00:16:00,0.99,DIG002639,వెళ్లారు,,,
EVT_DIG002640,transfer,P00280,P00709,LOC0143,2026-03-10 17:57:00,0.99,DIG002640,பணம் அனுப்பினார்,,,
EVT_DIG002641,meeting,P00503,P00196,LOC0090,2026-04-17 03:00:00,0.99,DIG002641,కలిశారు,,,
EVT_DIG002642,movement,P00660,P00438,LOC0106,2026-07-03 19:16:00,0.99,DIG002642,స్థానం పంచుకున్నారు,,,
EVT_DIG002643,meeting,P00981,P00130,LOC0042,2026-06-03 01:57:00,0.99,DIG002643,मिला,,,
EVT_DIG002644,communication,P00297,P00621,LOC0062,2026-08-08 20:49:00,0.99,DIG002644,رابطہ کیا,,,
EVT_DIG002645,meeting,P00501,P00523,LOC0161,2026-07-27 07:59:00,0.99,DIG002645,ಭೇಟಿಯಾದರು,,,
EVT_DIG002646,communication,P00428,P00959,LOC0027,2026-05-24 10:36:00,0.99,DIG002646,ఫోన్ చేశారు,,,
EVT_DIG002647,movement,P00076,P00247,LOC0009,2026-03-21 11:01:00,0.99,DIG002647,ठिकाण शेअर केले,,,
EVT_DIG002648,meeting,P00952,P00576,LOC0021,2026-03-06 14:12:00,0.99,DIG002648,சந்தித்தார்,,,
EVT_DIG002649,meeting,P00684,P00266,LOC0055,2026-01-08 07:07:00,0.99,DIG002649,സന്ദർശിച്ചു,,,
EVT_DIG002650,communication,P00917,P00028,LOC0120,2026-06-21 09:41:00,0.99,DIG002650,ਸੰਪਰਕ ਕੀਤਾ,,,
EVT_DIG002651,meeting,P00894,P00385,LOC0015,2026-03-04 10:42:00,0.99,DIG002651,കണ്ടുമുട്ടി,,,
EVT_DIG002652,meeting,P00534,P00918,LOC0070,2026-08-07 15:12:00,0.99,DIG002652,পরিদর্শন করেছে,,,
EVT_DIG002653,communication,P00919,P00211,LOC0006,2026-05-08 16:19:00,0.99,DIG002653,বার্তা পাঠিয়েছে,,,
EVT_DIG002654,transfer,P00507,P00992,LOC0166,2026-08-01 14:39:00,0.99,DIG002654,पैसे पाठवले,,,
EVT_DIG002655,movement,P00592,P00771,LOC0059,2026-04-06 01:17:00,0.99,DIG002655,স্থান ভাগ করেছে,,,
EVT_DIG002656,vehicle_use,P00618,P00839,LOC0169,2026-01-02 16:28:00,0.99,DIG002656,वाहन का उपयोग किया,,,
EVT_DIG002657,movement,P00420,P00062,LOC0036,2026-06-28 11:16:00,0.99,DIG002657,స్థానం పంచుకున్నారు,,,
EVT_DIG002658,communication,P00755,P00369,LOC0119,2026-08-14 23:10:00,0.99,DIG002658,ਸੁਨੇਹਾ ਭੇਜਿਆ,,,
EVT_DIG002659,communication,P00349,P00327,LOC0161,2026-06-05 21:15:00,0.99,DIG002659,संदेश पाठवला,,,
EVT_DIG002660,movement,P00466,P00919,LOC0092,2026-08-05 21:29:00,0.99,DIG002660,స్థానం పంచుకున్నారు,,,
EVT_DIG002661,communication,P00593,P00694,LOC0167,2026-02-03 17:23:00,0.99,DIG002661,સંદેશ મોકલ્યો,,,
EVT_DIG002662,meeting,P00288,P00712,LOC0052,2026-03-13 12:51:00,0.99,DIG002662,भेट दिली,,,
EVT_DIG002663,transfer,P00565,P00083,LOC0140,2026-01-23 15:02:00,0.99,DIG002663,رقم منتقل کی,,,
EVT_DIG002664,transfer,P00383,P00151,LOC0128,2026-02-02 08:48:00,0.99,DIG002664,पैसे पाठवले,,,
EVT_DIG002665,communication,P00795,P00831,LOC0077,2026-03-16 09:36:00,0.99,DIG002665,संदेश भेजा,,,
EVT_DIG002666,communication,P00293,P00940,LOC0058,2026-05-12 22:20:00,0.99,DIG002666,ఫోన్ చేశారు,,,
EVT_DIG002667,transfer,P00344,P00133,LOC0013,2026-05-16 22:34:00,0.99,DIG002667,টাকা পাঠিয়েছে,,,
EVT_DIG002668,meeting,P00390,P00215,LOC0005,2026-04-30 07:34:00,0.99,DIG002668,دورہ کیا,,,
EVT_DIG002669,meeting,P00048,P00305,LOC0152,2026-03-16 11:27:00,0.99,DIG002669,দেখা করেছে,,,
EVT_DIG002670,meeting,P00169,P00502,LOC0135,2026-08-17 18:14:00,0.99,DIG002670,دورہ کیا,,,
EVT_DIG002671,movement,P00777,P00353,LOC0169,2026-05-15 08:00:00,0.99,DIG002671,مقام شیئر کیا,,,
EVT_DIG002672,movement,P00320,P00312,LOC0150,2026-07-06 06:54:00,0.99,DIG002672,ਸਥਾਨ ਸਾਂਝਾ ਕੀਤਾ,,,
EVT_DIG002673,movement,P00121,P00547,LOC0102,2026-07-09 20:23:00,0.99,DIG002673,ಸ್ಥಳ ಹಂಚಿಕೊಂಡರು,,,
EVT_DIG002674,meeting,P00553,P00468,LOC0032,2026-03-27 19:44:00,0.99,DIG002674,ಭೇಟಿ ನೀಡಿದರು,,,
EVT_DIG002675,vehicle_use,P00966,P00221,LOC0104,2026-07-29 13:15:00,0.99,DIG002675,used a vehicle,,,
EVT_DIG002676,transfer,P00565,P00570,LOC0075,2026-05-20 10:59:00,0.99,DIG002676,డబ్బు పంపారు,,,
EVT_DIG002677,communication,P00101,P00319,LOC0109,2026-04-29 17:15:00,0.99,DIG002677,ಸಂದೇಶ ಕಳುಹಿಸಿದರು,,,
EVT_DIG002678,communication,P00618,P00895,LOC0118,2026-07-25 14:14:00,0.99,DIG002678,വിളിച്ചു,,,
EVT_DIG002679,transfer,P00441,P00305,LOC0013,2026-08-14 07:52:00,0.99,DIG002679,பணம் அனுப்பினார்,,,
EVT_DIG002680,communication,P00251,P00333,LOC0047,2026-07-09 10:25:00,0.99,DIG002680,ബന്ധപ്പെട്ടു,,,
EVT_DIG002681,meeting,P00625,P00612,LOC0135,2026-06-09 02:26:00,0.99,DIG002681,சந்தித்தார்,,,
EVT_DIG002682,meeting,P00161,P00398,LOC0033,2026-07-28 12:18:00,0.99,DIG002682,দেখা করেছে,,,
EVT_DIG002683,transfer,P00943,P00040,LOC0163,2026-06-29 17:45:00,0.99,DIG002683,பணம் அனுப்பினார்,,,
EVT_DIG002684,communication,P00433,P00662,LOC0110,2026-02-18 01:29:00,0.99,DIG002684,संपर्क केला,,,
EVT_DIG002685,communication,P00822,P00610,LOC0006,2026-05-31 23:05:00,0.99,DIG002685,called,,,
EVT_DIG002686,meeting,P00542,P00183,LOC0108,2026-08-22 11:19:00,0.99,DIG002686,వెళ్లారు,,,
EVT_DIG002687,meeting,P00317,P00406,LOC0147,2026-08-10 17:14:00,0.99,DIG002687,ಭೇಟಿಯಾದರು,,,
EVT_DIG002688,communication,P00573,P00685,LOC0128,2026-03-28 02:14:00,0.99,DIG002688,ਸੰਪਰਕ ਕੀਤਾ,,,
EVT_DIG002689,communication,P00010,P00314,LOC0009,2026-05-18 11:21:00,0.99,DIG002689,ಕರೆ ಮಾಡಿದರು,,,
EVT_DIG002690,communication,P00804,P00024,LOC0024,2026-06-18 13:20:00,0.99,DIG002690,தொடர்பு கொண்டார்,,,
EVT_DIG002691,communication,P00350,P00964,LOC0147,2026-02-17 07:09:00,0.99,DIG002691,அழைத்தார்,,,
EVT_DIG002692,communication,P00315,P00975,LOC0057,2026-08-29 10:53:00,0.99,DIG002692,സന്ദേശം അയച്ചു,,,
EVT_DIG002693,communication,P00322,P00185,LOC0025,2026-06-03 23:11:00,0.99,DIG002693,సందేశం పంపారు,,,
EVT_DIG002694,meeting,P00179,P00478,LOC0094,2026-08-27 20:33:00,0.99,DIG002694,ਮੁਲਾਕਾਤ ਕੀਤੀ,,,
EVT_DIG002695,meeting,P00659,P00648,LOC0068,2026-01-13 17:18:00,0.99,DIG002695,వెళ్లారు,,,
EVT_DIG002696,communication,P00024,P00475,LOC0064,2026-01-05 10:01:00,0.99,DIG002696,संदेश पाठवला,,,
EVT_DIG002697,meeting,P00987,P00020,LOC0100,2026-04-17 04:09:00,0.99,DIG002697,சென்றார்,,,
EVT_DIG002698,communication,P00721,P00247,LOC0068,2026-04-14 22:14:00,0.99,DIG002698,ਸੰਪਰਕ ਕੀਤਾ,,,
EVT_DIG002699,transfer,P00961,P00245,LOC0146,2026-04-03 13:08:00,0.99,DIG002699,નાણાં મોકલ્યાં,,,
EVT_DIG002700,communication,P00509,P00525,LOC0025,2026-03-23 05:35:00,0.99,DIG002700,ఫోన్ చేశారు,,,
EVT_DIG002701,meeting,P00741,P00051,LOC0049,2026-03-21 08:50:00,0.99,DIG002701,ಭೇಟಿಯಾದರು,,,
EVT_DIG002702,movement,P00812,P00510,LOC0124,2026-08-13 22:58:00,0.99,DIG002702,ਸਥਾਨ ਸਾਂਝਾ ਕੀਤਾ,,,
EVT_DIG002703,transfer,P00587,P00042,LOC0127,2026-08-17 22:50:00,0.99,DIG002703,નાણાં મોકલ્યાં,,,
EVT_DIG002704,meeting,P00507,P00263,LOC0057,2026-06-10 10:15:00,0.99,DIG002704,ملاقات کی,,,
EVT_DIG002705,meeting,P00609,P00963,LOC0080,2026-06-27 15:47:00,0.99,DIG002705,ملاقات کی,,,
EVT_DIG002706,communication,P00297,P00061,LOC0180,2026-08-03 18:32:00,0.99,DIG002706,संदेश भेजा,,,
EVT_DIG002707,transfer,P00156,P00908,LOC0002,2026-04-15 15:09:00,0.99,DIG002707,ಹಣ ಕಳುಹಿಸಿದರು,,,
EVT_DIG002708,vehicle_use,P00606,P00774,LOC0045,2026-07-21 23:20:00,0.99,DIG002708,वाहन का उपयोग किया,,,
EVT_DIG002709,communication,P00690,P00408,LOC0019,2026-05-08 17:36:00,0.99,DIG002709,సందేశం పంపారు,,,
EVT_DIG002710,transfer,P00903,P00581,LOC0051,2026-02-15 06:59:00,0.99,DIG002710,ಹಣ ಕಳುಹಿಸಿದರು,,,
EVT_DIG002711,movement,P00649,P00347,LOC0085,2026-01-16 05:18:00,0.99,DIG002711,স্থান ভাগ করেছে,,,
EVT_DIG002712,transfer,P00938,P00896,LOC0029,2026-05-30 06:20:00,0.99,DIG002712,رقم منتقل کی,,,
EVT_DIG002713,communication,P00615,P00979,LOC0114,2026-04-30 01:29:00,0.99,DIG002713,ਫੋਨ ਕੀਤਾ,,,
EVT_DIG002714,transfer,P00120,P00780,LOC0113,2026-07-21 15:06:00,0.99,DIG002714,धन भेजा,,,
EVT_DIG002715,meeting,P00858,P00405,LOC0085,2026-02-25 18:50:00,0.99,DIG002715,পরিদর্শন করেছে,,,
EVT_DIG002716,meeting,P00924,P00396,LOC0132,2026-02-14 18:33:00,0.99,DIG002716,சந்தித்தார்,,,
EVT_DIG002717,communication,P00589,P00001,LOC0052,2026-06-27 07:29:00,0.99,DIG002717,फोन केला,,,
EVT_DIG002718,movement,P00506,P00725,LOC0154,2026-08-08 18:29:00,0.99,DIG002718,స్థానం పంచుకున్నారు,,,
EVT_DIG002719,meeting,P00708,P00011,LOC0095,2026-03-11 07:53:00,0.99,DIG002719,சந்தித்தார்,,,
EVT_DIG002720,communication,P00871,P00290,LOC0043,2026-03-18 00:40:00,0.99,DIG002720,ਫੋਨ ਕੀਤਾ,,,
EVT_DIG002721,communication,P00807,P00449,LOC0071,2026-01-17 20:13:00,0.99,DIG002721,ਫੋਨ ਕੀਤਾ,,,
EVT_DIG002722,communication,P00407,P00897,LOC0159,2026-02-25 16:52:00,0.99,DIG002722,ಕರೆ ಮಾಡಿದರು,,,
EVT_DIG002723,movement,P00353,P00698,LOC0101,2026-05-21 02:29:00,0.99,DIG002723,ಸ್ಥಳ ಹಂಚಿಕೊಂಡರು,,,
EVT_DIG002724,communication,P00272,P00904,LOC0100,2026-03-11 01:10:00,0.99,DIG002724,સંપર્ક કર્યો,,,
EVT_DIG002725,communication,P00996,P00081,LOC0176,2026-07-27 10:16:00,0.99,DIG002725,ಸಂದೇಶ ಕಳುಹಿಸಿದರು,,,
EVT_DIG002726,transfer,P00679,P00755,LOC0109,2026-02-06 21:57:00,0.99,DIG002726,पैसे पाठवले,,,
EVT_DIG002727,vehicle_use,P00667,P00913,LOC0109,2026-08-16 09:57:00,0.99,DIG002727,used a vehicle,,,
EVT_DIG002728,communication,P00084,P00529,LOC0068,2026-01-30 03:39:00,0.99,DIG002728,സന്ദേശം അയച്ചു,,,
EVT_DIG002729,communication,P00682,P00417,LOC0094,2026-05-21 11:19:00,0.99,DIG002729,ਸੰਪਰਕ ਕੀਤਾ,,,
EVT_DIG002730,communication,P00566,P00246,LOC0084,2026-06-29 07:11:00,0.99,DIG002730,தொடர்பு கொண்டார்,,,
EVT_DIG002731,meeting,P00220,P00768,LOC0171,2026-02-28 00:49:00,0.99,DIG002731,కలిశారు,,,
EVT_DIG002732,communication,P00927,P00817,LOC0134,2026-04-29 08:25:00,0.99,DIG002732,ಸಂಪರ್ಕಿಸಿದರು,,,
EVT_DIG002733,meeting,P00682,P00710,LOC0135,2026-08-05 03:07:00,0.99,DIG002733,സന്ദർശിച്ചു,,,
EVT_DIG002734,meeting,P00134,P00187,LOC0009,2026-02-26 04:03:00,0.99,DIG002734,சந்தித்தார்,,,
EVT_DIG002735,transfer,P00445,P00479,LOC0097,2026-02-23 03:38:00,0.99,DIG002735,பணம் அனுப்பினார்,,,
EVT_DIG002736,communication,P00920,P00228,LOC0066,2026-05-21 22:04:00,0.99,DIG002736,ಸಂಪರ್ಕಿಸಿದರು,,,
EVT_DIG002737,communication,P00196,P00242,LOC0062,2026-03-04 18:58:00,0.99,DIG002737,ਸੁਨੇਹਾ ਭੇਜਿਆ,,,
EVT_DIG002738,meeting,P00435,P00726,LOC0002,2026-04-20 04:40:00,0.99,DIG002738,met,,,
EVT_DIG002739,communication,P00577,P00895,LOC0051,2026-05-28 14:05:00,0.99,DIG002739,સંદેશ મોકલ્યો,,,
EVT_DIG002740,communication,P00125,P00682,LOC0024,2026-06-11 19:32:00,0.99,DIG002740,ಸಂದೇಶ ಕಳುಹಿಸಿದರು,,,
EVT_DIG002741,communication,P00387,P00441,LOC0155,2026-06-24 19:34:00,0.99,DIG002741,संपर्क केला,,,
EVT_DIG002742,communication,P00824,P00111,LOC0066,2026-04-02 02:32:00,0.99,DIG002742,ਸੁਨੇਹਾ ਭੇਜਿਆ,,,
EVT_DIG002743,transfer,P00688,P00681,LOC0135,2026-05-29 03:54:00,0.99,DIG002743,رقم منتقل کی,,,
EVT_DIG002744,transfer,P00771,P00259,LOC0105,2026-01-09 16:57:00,0.99,DIG002744,টাকা পাঠিয়েছে,,,
EVT_DIG002745,communication,P00782,P00842,LOC0031,2026-07-08 16:53:00,0.99,DIG002745,செய்தி அனுப்பினார்,,,
EVT_DIG002746,communication,P00711,P00227,LOC0107,2026-08-25 13:40:00,0.99,DIG002746,ఫోన్ చేశారు,,,
EVT_DIG002747,communication,P00743,P00340,LOC0027,2026-06-13 13:48:00,0.99,DIG002747,ఫోన్ చేశారు,,,
EVT_DIG002748,communication,P00039,P00185,LOC0012,2026-02-02 16:11:00,0.99,DIG002748,فون کیا,,,
EVT_DIG002749,meeting,P00400,P00470,LOC0152,2026-07-01 20:25:00,0.99,DIG002749,ملاقات کی,,,
EVT_DIG002750,meeting,P00240,P00779,LOC0136,2026-05-23 04:11:00,0.99,DIG002750,వెళ్లారు,,,
EVT_DIG002751,vehicle_use,P00767,P00172,LOC0002,2026-04-08 04:12:00,0.99,DIG002751,used a vehicle,,,
EVT_DIG002752,communication,P00164,P00483,LOC0060,2026-06-23 05:27:00,0.99,DIG002752,رابطہ کیا,,,
EVT_DIG002753,communication,P00895,P00485,LOC0007,2026-02-19 07:56:00,0.99,DIG002753,ਸੰਪਰਕ ਕੀਤਾ,,,
EVT_DIG002754,meeting,P00340,P00947,LOC0179,2026-03-04 21:43:00,0.99,DIG002754,ਮੁਲਾਕਾਤ ਕੀਤੀ,,,
EVT_DIG002755,communication,P00950,P00001,LOC0076,2026-02-22 04:36:00,0.99,DIG002755,called,,,
EVT_DIG002756,movement,P00642,P00916,LOC0007,2026-08-16 01:21:00,0.99,DIG002756,இடத்தை பகிர்ந்தார்,,,
EVT_DIG002757,transfer,P00007,P00971,LOC0094,2026-03-18 06:59:00,0.99,DIG002757,డబ్బు పంపారు,,,
EVT_DIG002758,communication,P00889,P00929,LOC0001,2026-04-29 02:33:00,0.99,DIG002758,فون کیا,,,
EVT_DIG002759,movement,P00205,P00626,LOC0098,2026-04-08 20:50:00,0.99,DIG002759,ਸਥਾਨ ਸਾਂਝਾ ਕੀਤਾ,,,
EVT_DIG002760,communication,P00910,P00363,LOC0049,2026-07-04 23:32:00,0.99,DIG002760,ફોન કર્યો,,,
EVT_DIG002761,movement,P00158,P00535,LOC0029,2026-04-04 18:56:00,0.99,DIG002761,স্থান ভাগ করেছে,,,
EVT_DIG002762,transfer,P00194,P00883,LOC0149,2026-03-11 14:56:00,0.99,DIG002762,धन भेजा,,,
EVT_DIG002763,transfer,P00457,P00361,LOC0047,2026-05-29 16:09:00,0.99,DIG002763,ಹಣ ಕಳುಹಿಸಿದರು,,,
EVT_DIG002764,communication,P00945,P00706,LOC0108,2026-03-14 13:12:00,0.99,DIG002764,संदेश पाठवला,,,
EVT_DIG002765,meeting,P00635,P00528,LOC0116,2026-08-25 11:08:00,0.99,DIG002765,met,,,
EVT_DIG002766,meeting,P00480,P00667,LOC0047,2026-06-18 04:03:00,0.99,DIG002766,দেখা করেছে,,,
EVT_DIG002767,movement,P00731,P00391,LOC0139,2026-07-24 14:08:00,0.99,DIG002767,ठिकाण शेअर केले,,,
EVT_DIG002768,movement,P00528,P00026,LOC0056,2026-02-18 10:26:00,0.99,DIG002768,स्थान साझा किया,,,
EVT_DIG002769,meeting,P00399,P00040,LOC0088,2026-04-17 03:01:00,0.99,DIG002769,મુલાકાત લીધી,,,
EVT_DIG002770,vehicle_use,P00044,P00138,LOC0136,2026-01-28 01:57:00,0.99,DIG002770,used a vehicle,,,
EVT_DIG002771,communication,P00280,P00941,LOC0020,2026-02-09 22:19:00,0.99,DIG002771,संपर्क किया,,,
EVT_DIG002772,movement,P00806,P00089,LOC0133,2026-02-10 12:26:00,0.99,DIG002772,ಸ್ಥಳ ಹಂಚಿಕೊಂಡರು,,,
EVT_DIG002773,communication,P00934,P00023,LOC0166,2026-06-02 18:08:00,0.99,DIG002773,ఫోన్ చేశారు,,,
EVT_DIG002774,communication,P00402,P00343,LOC0160,2026-03-19 23:32:00,0.99,DIG002774,ਸੰਪਰਕ ਕੀਤਾ,,,
EVT_DIG002775,vehicle_use,P00060,P00734,LOC0094,2026-01-01 06:23:00,0.99,DIG002775,used a vehicle,,,
EVT_DIG002776,communication,P00577,P00212,LOC0158,2026-07-15 11:08:00,0.99,DIG002776,ਫੋਨ ਕੀਤਾ,,,
EVT_DIG002777,communication,P00357,P00766,LOC0088,2026-06-02 11:24:00,0.99,DIG002777,ಸಂದೇಶ ಕಳುಹಿಸಿದರು,,,
EVT_DIG002778,transfer,P00585,P00889,LOC0049,2026-02-08 02:53:00,0.99,DIG002778,ಹಣ ಕಳುಹಿಸಿದರು,,,
EVT_DIG002779,movement,P00692,P00660,LOC0174,2026-08-25 01:10:00,0.99,DIG002779,સ્થાન શેર કર્યું,,,
EVT_DIG002780,meeting,P00362,P00565,LOC0068,2026-06-21 19:26:00,0.99,DIG002780,मिला,,,
EVT_DIG002781,communication,P00240,P00154,LOC0117,2026-05-20 22:16:00,0.99,DIG002781,ఫోన్ చేశారు,,,
EVT_DIG002782,meeting,P00041,P00916,LOC0110,2026-08-15 18:54:00,0.99,DIG002782,സന്ദർശിച്ചു,,,
EVT_DIG002783,movement,P00099,P00348,LOC0099,2026-03-02 01:55:00,0.99,DIG002783,স্থান ভাগ করেছে,,,
EVT_DIG002784,movement,P00126,P00747,LOC0027,2026-03-27 03:04:00,0.99,DIG002784,ਸਥਾਨ ਸਾਂਝਾ ਕੀਤਾ,,,
EVT_DIG002785,transfer,P00904,P00661,LOC0126,2026-03-07 15:30:00,0.99,DIG002785,பணம் அனுப்பினார்,,,
EVT_DIG002786,transfer,P00868,P00268,LOC0147,2026-06-03 07:07:00,0.99,DIG002786,transferred funds to,,,
EVT_DIG002787,transfer,P00886,P00536,LOC0155,2026-07-08 15:45:00,0.99,DIG002787,નાણાં મોકલ્યાં,,,
EVT_DIG002788,communication,P00368,P00446,LOC0036,2026-02-10 16:40:00,0.99,DIG002788,సంప్రదించారు,,,
EVT_DIG002789,communication,P00378,P00091,LOC0003,2026-01-20 21:54:00,0.99,DIG002789,যোগাযোগ করেছে,,,
EVT_DIG002790,meeting,P00274,P00771,LOC0045,2026-07-02 23:23:00,0.99,DIG002790,சந்தித்தார்,,,
EVT_DIG002791,meeting,P00455,P00399,LOC0055,2026-02-09 11:28:00,0.99,DIG002791,मिला,,,
EVT_DIG002792,meeting,P00271,P00601,LOC0029,2026-08-04 19:08:00,0.99,DIG002792,visited,,,
EVT_DIG002793,communication,P00603,P00482,LOC0131,2026-05-18 02:15:00,0.99,DIG002793,contacted,,,
EVT_DIG002794,communication,P00053,P00882,LOC0011,2026-06-27 09:57:00,0.99,DIG002794,સંપર્ક કર્યો,,,
EVT_DIG002795,communication,P00948,P00276,LOC0067,2026-01-02 17:57:00,0.99,DIG002795,फोन किया,,,
EVT_DIG002796,communication,P00037,P00166,LOC0121,2026-04-01 12:18:00,0.99,DIG002796,ಸಂಪರ್ಕಿಸಿದರು,,,
EVT_DIG002797,communication,P00543,P00089,LOC0008,2026-05-14 02:59:00,0.99,DIG002797,संदेश भेजा,,,
EVT_DIG002798,meeting,P00234,P00845,LOC0067,2026-05-09 09:55:00,0.99,DIG002798,visited,,,
EVT_DIG002799,meeting,P00509,P00995,LOC0130,2026-07-08 11:38:00,0.99,DIG002799,भेटला,,,
EVT_DIG002800,movement,P00061,P00087,LOC0066,2026-04-17 16:08:00,0.99,DIG002800,ಸ್ಥಳ ಹಂಚಿಕೊಂಡರು,,,
EVT_DIG002801,communication,P00019,P00153,LOC0038,2026-05-24 14:16:00,0.99,DIG002801,ಸಂದೇಶ ಕಳುಹಿಸಿದರು,,,
EVT_DIG002802,meeting,P00600,P00983,LOC0104,2026-02-12 01:53:00,0.99,DIG002802,دورہ کیا,,,
EVT_DIG002803,meeting,P00800,P00056,LOC0066,2026-01-06 03:30:00,0.99,DIG002803,دورہ کیا,,,
EVT_DIG002804,meeting,P00960,P00457,LOC0180,2026-05-09 20:18:00,0.99,DIG002804,મળ્યા,,,
EVT_DIG002805,meeting,P00346,P00324,LOC0023,2026-04-11 00:10:00,0.99,DIG002805,دورہ کیا,,,
EVT_DIG002806,transfer,P00910,P00896,LOC0131,2026-07-08 14:51:00,0.99,DIG002806,ਪੈਸੇ ਭੇਜੇ,,,
EVT_DIG002807,communication,P00528,P00847,LOC0087,2026-08-26 16:39:00,0.99,DIG002807,సంప్రదించారు,,,
EVT_DIG002808,communication,P00665,P00314,LOC0017,2026-02-02 22:31:00,0.99,DIG002808,ਸੰਪਰਕ ਕੀਤਾ,,,
EVT_DIG002809,transfer,P00280,P00395,LOC0068,2026-01-31 12:16:00,0.99,DIG002809,पैसे पाठवले,,,
EVT_DIG002810,communication,P00510,P00233,LOC0057,2026-08-09 20:13:00,0.99,DIG002810,رابطہ کیا,,,
EVT_DIG002811,movement,P00221,P00090,LOC0058,2026-08-13 23:54:00,0.99,DIG002811,ਸਥਾਨ ਸਾਂਝਾ ਕੀਤਾ,,,
EVT_DIG002812,meeting,P00764,P00657,LOC0176,2026-05-07 15:31:00,0.99,DIG002812,സന്ദർശിച്ചു,,,
EVT_DIG002813,transfer,P00561,P00791,LOC0006,2026-01-14 17:25:00,0.99,DIG002813,টাকা পাঠিয়েছে,,,
EVT_DIG002814,communication,P00056,P00442,LOC0055,2026-07-31 19:00:00,0.99,DIG002814,called,,,
EVT_DIG002815,movement,P00262,P00415,LOC0035,2026-08-10 01:55:00,0.99,DIG002815,స్థానం పంచుకున్నారు,,,
EVT_DIG002816,movement,P00295,P00606,LOC0143,2026-08-05 00:46:00,0.99,DIG002816,இடத்தை பகிர்ந்தார்,,,
EVT_DIG002817,meeting,P00577,P00020,LOC0066,2026-05-19 23:53:00,0.99,DIG002817,சென்றார்,,,
EVT_DIG002818,communication,P00796,P00793,LOC0148,2026-04-26 09:31:00,0.99,DIG002818,సంప్రదించారు,,,
EVT_DIG002819,meeting,P00346,P00656,LOC0143,2026-03-23 14:26:00,0.99,DIG002819,കണ്ടുമുട്ടി,,,
EVT_DIG002820,transfer,P00770,P00860,LOC0066,2026-02-23 17:37:00,0.99,DIG002820,धन भेजा,,,
EVT_DIG002821,transfer,P00378,P00295,LOC0105,2026-02-27 21:50:00,0.99,DIG002821,धन भेजा,,,
EVT_DIG002822,communication,P00929,P00202,LOC0030,2026-03-14 08:51:00,0.99,DIG002822,संदेश पाठवला,,,
EVT_DIG002823,communication,P00737,P00462,LOC0014,2026-08-11 17:51:00,0.99,DIG002823,సంప్రదించారు,,,
EVT_DIG002824,communication,P00036,P00007,LOC0083,2026-01-29 11:44:00,0.99,DIG002824,संपर्क केला,,,
EVT_DIG002825,transfer,P00829,P00307,LOC0072,2026-06-05 19:58:00,0.99,DIG002825,पैसे पाठवले,,,
EVT_DIG002826,communication,P00078,P00353,LOC0075,2026-06-06 07:50:00,0.99,DIG002826,फोन किया,,,
EVT_DIG002827,meeting,P00071,P00132,LOC0171,2026-05-20 21:33:00,0.99,DIG002827,ಭೇಟಿ ನೀಡಿದರು,,,
EVT_DIG002828,movement,P00051,P00338,LOC0168,2026-05-01 09:00:00,0.99,DIG002828,இடத்தை பகிர்ந்தார்,,,
EVT_DIG002829,communication,P00287,P00202,LOC0040,2026-08-26 10:25:00,0.99,DIG002829,संदेश पाठवला,,,
EVT_DIG002830,communication,P00538,P00218,LOC0100,2026-05-21 11:47:00,0.99,DIG002830,যোগাযোগ করেছে,,,
EVT_DIG002831,communication,P00954,P00125,LOC0179,2026-05-06 06:17:00,0.99,DIG002831,સંદેશ મોકલ્યો,,,
EVT_DIG002832,meeting,P00620,P00210,LOC0102,2026-08-07 07:06:00,0.99,DIG002832,मिला,,,
EVT_DIG002833,transfer,P00960,P00986,LOC0154,2026-07-08 00:09:00,0.99,DIG002833,transferred funds to,,,
EVT_DIG002834,communication,P00586,P00163,LOC0021,2026-03-12 04:59:00,0.99,DIG002834,संदेश पाठवला,,,
EVT_DIG002835,communication,P00483,P00341,LOC0009,2026-04-07 12:36:00,0.99,DIG002835,ਸੰਪਰਕ ਕੀਤਾ,,,
EVT_DIG002836,meeting,P00664,P00721,LOC0047,2026-07-21 19:22:00,0.99,DIG002836,મળ્યા,,,
EVT_DIG002837,communication,P00927,P00092,LOC0007,2026-01-15 17:40:00,0.99,DIG002837,സന്ദേശം അയച്ചു,,,
EVT_DIG002838,communication,P00374,P00373,LOC0164,2026-08-26 11:19:00,0.99,DIG002838,ਸੁਨੇਹਾ ਭੇਜਿਆ,,,
EVT_DIG002839,meeting,P00836,P00176,LOC0121,2026-07-10 15:51:00,0.99,DIG002839,സന്ദർശിച്ചു,,,
EVT_DIG002840,communication,P00180,P00456,LOC0040,2026-01-10 02:20:00,0.99,DIG002840,ફોન કર્યો,,,
EVT_DIG002841,communication,P00833,P00378,LOC0083,2026-02-17 13:52:00,0.99,DIG002841,വിളിച്ചു,,,
EVT_DIG002842,communication,P00625,P00037,LOC0010,2026-06-28 23:27:00,0.99,DIG002842,સંપર્ક કર્યો,,,
EVT_DIG002843,meeting,P00998,P00937,LOC0044,2026-05-19 00:20:00,0.99,DIG002843,ਮਿਲਿਆ,,,
EVT_DIG002844,meeting,P00945,P00808,LOC0107,2026-04-09 05:44:00,0.99,DIG002844,സന്ദർശിച്ചു,,,
EVT_DIG002845,communication,P00824,P00812,LOC0006,2026-03-18 01:54:00,0.99,DIG002845,సంప్రదించారు,,,
EVT_DIG002846,transfer,P00329,P00593,LOC0163,2026-01-26 13:22:00,0.99,DIG002846,transferred funds to,,,
EVT_DIG002847,transfer,P00165,P00926,LOC0168,2026-04-29 14:18:00,0.99,DIG002847,പണം അയച്ചു,,,
EVT_DIG002848,meeting,P00573,P00040,LOC0102,2026-03-31 22:45:00,0.99,DIG002848,পরিদর্শন করেছে,,,
EVT_DIG002849,communication,P00091,P00366,LOC0099,2026-03-06 10:44:00,0.99,DIG002849,ਸੁਨੇਹਾ ਭੇਜਿਆ,,,
EVT_DIG002850,transfer,P00562,P00484,LOC0138,2026-06-11 04:54:00,0.99,DIG002850,টাকা পাঠিয়েছে,,,
EVT_DIG002851,communication,P00773,P00682,LOC0033,2026-01-13 14:50:00,0.99,DIG002851,ಸಂದೇಶ ಕಳುಹಿಸಿದರು,,,
EVT_DIG002852,transfer,P00129,P00738,LOC0118,2026-03-28 08:24:00,0.99,DIG002852,ಹಣ ಕಳುಹಿಸಿದರು,,,
EVT_DIG002853,communication,P00011,P00457,LOC0011,2026-03-07 02:42:00,0.99,DIG002853,संपर्क किया,,,
EVT_DIG002854,communication,P00642,P00689,LOC0007,2026-08-21 23:31:00,0.99,DIG002854,വിളിച്ചു,,,
EVT_DIG002855,communication,P00588,P00601,LOC0137,2026-08-25 19:39:00,0.99,DIG002855,ਫੋਨ ਕੀਤਾ,,,
EVT_DIG002856,communication,P00272,P00708,LOC0144,2026-07-22 15:11:00,0.99,DIG002856,సంప్రదించారు,,,
EVT_DIG002857,transfer,P00633,P00482,LOC0102,2026-05-11 22:47:00,0.99,DIG002857,డబ్బు పంపారు,,,
EVT_DIG002858,meeting,P00634,P00427,LOC0056,2026-01-17 13:23:00,0.99,DIG002858,भेटला,,,
EVT_DIG002859,meeting,P00096,P00275,LOC0155,2026-06-02 02:02:00,0.99,DIG002859,met,,,
EVT_DIG002860,movement,P00398,P00820,LOC0072,2026-03-02 02:50:00,0.99,DIG002860,स्थान साझा किया,,,
EVT_DIG002861,communication,P00742,P00691,LOC0170,2026-02-07 15:58:00,0.99,DIG002861,ਸੰਪਰਕ ਕੀਤਾ,,,
EVT_DIG002862,movement,P00271,P00756,LOC0127,2026-01-19 21:49:00,0.99,DIG002862,ಸ್ಥಳ ಹಂಚಿಕೊಂಡರು,,,
EVT_DIG002863,communication,P00081,P00639,LOC0024,2026-01-14 13:30:00,0.99,DIG002863,સંદેશ મોકલ્યો,,,
EVT_DIG002864,transfer,P00488,P00380,LOC0077,2026-01-15 14:28:00,0.99,DIG002864,transferred funds to,,,
EVT_DIG002865,transfer,P00013,P00065,LOC0131,2026-02-08 14:22:00,0.99,DIG002865,ಹಣ ಕಳುಹಿಸಿದರು,,,
EVT_DIG002866,meeting,P00589,P00622,LOC0133,2026-06-16 06:29:00,0.99,DIG002866,met,,,
EVT_DIG002867,meeting,P00005,P00692,LOC0153,2026-02-23 04:26:00,0.99,DIG002867,వెళ్లారు,,,
EVT_DIG002868,communication,P00778,P00752,LOC0175,2026-02-02 18:24:00,0.99,DIG002868,رابطہ کیا,,,
EVT_DIG002869,meeting,P00018,P00954,LOC0007,2026-06-17 08:06:00,0.99,DIG002869,ಭೇಟಿಯಾದರು,,,
EVT_DIG002870,meeting,P00848,P00296,LOC0041,2026-03-24 09:30:00,0.99,DIG002870,కలిశారు,,,
EVT_DIG002871,movement,P00978,P00602,LOC0143,2026-01-19 05:51:00,0.99,DIG002871,ਸਥਾਨ ਸਾਂਝਾ ਕੀਤਾ,,,
EVT_DIG002872,movement,P00074,P00762,LOC0123,2026-08-16 01:52:00,0.99,DIG002872,مقام شیئر کیا,,,
EVT_DIG002873,meeting,P00211,P00679,LOC0166,2026-03-22 00:53:00,0.99,DIG002873,visited,,,
EVT_DIG002874,communication,P00702,P00044,LOC0056,2026-02-11 04:28:00,0.99,DIG002874,رابطہ کیا,,,
EVT_DIG002875,communication,P00562,P00908,LOC0084,2026-01-02 13:46:00,0.99,DIG002875,sent a message to,,,
EVT_DIG002876,communication,P00974,P00267,LOC0003,2026-02-02 15:46:00,0.99,DIG002876,ਸੁਨੇਹਾ ਭੇਜਿਆ,,,
EVT_DIG002877,meeting,P00572,P00010,LOC0081,2026-01-05 23:20:00,0.99,DIG002877,મળ્યા,,,
EVT_DIG002878,meeting,P00868,P00994,LOC0060,2026-05-21 08:48:00,0.99,DIG002878,சென்றார்,,,
EVT_DIG002879,communication,P00197,P00493,LOC0110,2026-04-14 23:13:00,0.99,DIG002879,বার্তা পাঠিয়েছে,,,
EVT_DIG002880,communication,P00178,P00264,LOC0052,2026-04-18 11:22:00,0.99,DIG002880,വിളിച്ചു,,,
EVT_DIG002881,transfer,P00259,P00925,LOC0099,2026-05-09 11:29:00,0.99,DIG002881,ಹಣ ಕಳುಹಿಸಿದರು,,,
EVT_DIG002882,communication,P00232,P00680,LOC0023,2026-01-11 21:05:00,0.99,DIG002882,સંપર્ક કર્યો,,,
EVT_DIG002883,transfer,P00410,P00657,LOC0087,2026-05-30 02:00:00,0.99,DIG002883,ಹಣ ಕಳುಹಿಸಿದರು,,,
EVT_DIG002884,vehicle_use,P00062,P00710,LOC0063,2026-08-06 06:26:00,0.99,DIG002884,वाहन का उपयोग किया,,,
EVT_DIG002885,meeting,P00695,P00291,LOC0054,2026-07-04 07:10:00,0.99,DIG002885,met,,,
EVT_DIG002886,communication,P00295,P00136,LOC0020,2026-07-17 06:02:00,0.99,DIG002886,ಸಂಪರ್ಕಿಸಿದರು,,,
EVT_DIG002887,meeting,P00182,P00752,LOC0056,2026-08-12 16:08:00,0.99,DIG002887,சந்தித்தார்,,,
EVT_DIG002888,communication,P00957,P00992,LOC0054,2026-05-02 07:47:00,0.99,DIG002888,فون کیا,,,
EVT_DIG002889,movement,P00702,P00738,LOC0093,2026-05-22 21:05:00,0.99,DIG002889,இடத்தை பகிர்ந்தார்,,,
EVT_DIG002890,communication,P00731,P00009,LOC0067,2026-04-29 07:25:00,0.99,DIG002890,સંપર્ક કર્યો,,,
EVT_DIG002891,meeting,P00136,P00492,LOC0019,2026-06-16 05:47:00,0.99,DIG002891,వెళ్లారు,,,
EVT_DIG002892,meeting,P00841,P00623,LOC0164,2026-05-13 07:03:00,0.99,DIG002892,സന്ദർശിച്ചു,,,
EVT_DIG002893,movement,P00466,P00272,LOC0123,2026-02-26 04:48:00,0.99,DIG002893,স্থান ভাগ করেছে,,,
EVT_DIG002894,movement,P00957,P00571,LOC0119,2026-01-04 14:33:00,0.99,DIG002894,ಸ್ಥಳ ಹಂಚಿಕೊಂಡರು,,,
EVT_DIG002895,meeting,P00311,P00112,LOC0017,2026-07-25 19:43:00,0.99,DIG002895,دورہ کیا,,,
EVT_DIG002896,meeting,P00018,P00636,LOC0068,2026-04-03 21:41:00,0.99,DIG002896,കണ്ടുമുട്ടി,,,
EVT_DIG002897,movement,P00756,P00668,LOC0022,2026-06-07 20:27:00,0.99,DIG002897,સ્થાન શેર કર્યું,,,
EVT_DIG002898,communication,P00289,P00745,LOC0112,2026-06-01 09:38:00,0.99,DIG002898,ফোন করেছে,,,
EVT_DIG002899,communication,P00344,P00828,LOC0058,2026-03-27 14:39:00,0.99,DIG002899,സന്ദേശം അയച്ചു,,,
EVT_DIG002900,transfer,P00122,P00972,LOC0179,2026-04-15 15:12:00,0.99,DIG002900,धन भेजा,,,
EVT_DIG002901,movement,P00279,P00413,LOC0060,2026-08-08 05:23:00,0.99,DIG002901,স্থান ভাগ করেছে,,,
EVT_DIG002902,meeting,P00323,P00768,LOC0077,2026-02-22 17:37:00,0.99,DIG002902,পরিদর্শন করেছে,,,
EVT_DIG002903,communication,P00057,P00614,LOC0003,2026-04-21 01:58:00,0.99,DIG002903,ಸಂಪರ್ಕಿಸಿದರು,,,
EVT_DIG002904,movement,P00578,P00442,LOC0058,2026-07-06 00:03:00,0.99,DIG002904,സ്ഥലം പങ്കിട്ടു,,,
EVT_DIG002905,transfer,P00069,P00477,LOC0149,2026-06-06 02:11:00,0.99,DIG002905,رقم منتقل کی,,,
EVT_DIG002906,movement,P00641,P00167,LOC0056,2026-03-03 12:14:00,0.99,DIG002906,സ്ഥലം പങ്കിട്ടു,,,
EVT_DIG002907,communication,P00128,P00895,LOC0047,2026-04-24 01:28:00,0.99,DIG002907,సందేశం పంపారు,,,
EVT_DIG002908,movement,P00892,P00168,LOC0038,2026-05-27 12:19:00,0.99,DIG002908,مقام شیئر کیا,,,
EVT_DIG002909,communication,P00496,P00222,LOC0091,2026-05-18 04:43:00,0.99,DIG002909,رابطہ کیا,,,
EVT_DIG002910,vehicle_use,P00548,P00302,LOC0038,2026-05-09 04:02:00,0.99,DIG002910,वाहन का उपयोग किया,,,
EVT_DIG002911,transfer,P00378,P00099,LOC0131,2026-03-28 04:58:00,0.99,DIG002911,ਪੈਸੇ ਭੇਜੇ,,,
EVT_DIG002912,movement,P00977,P00412,LOC0045,2026-07-21 22:17:00,0.99,DIG002912,స్థానం పంచుకున్నారు,,,
EVT_DIG002913,transfer,P00992,P00613,LOC0008,2026-01-28 07:15:00,0.99,DIG002913,টাকা পাঠিয়েছে,,,
EVT_DIG002914,communication,P00333,P00407,LOC0143,2026-05-09 16:23:00,0.99,DIG002914,தொடர்பு கொண்டார்,,,
EVT_DIG002915,movement,P00611,P00788,LOC0007,2026-02-28 11:56:00,0.99,DIG002915,shared a location with,,,
EVT_DIG002916,meeting,P00613,P00984,LOC0092,2026-02-16 16:42:00,0.99,DIG002916,भेटला,,,
EVT_DIG002917,communication,P00465,P00171,LOC0096,2026-07-18 15:08:00,0.99,DIG002917,संपर्क केला,,,
EVT_DIG002918,meeting,P00248,P00547,LOC0158,2026-05-09 06:50:00,0.99,DIG002918,వెళ్లారు,,,
EVT_DIG002919,meeting,P00279,P00373,LOC0153,2026-03-20 17:28:00,0.99,DIG002919,भेटला,,,
EVT_DIG002920,transfer,P00206,P00905,LOC0055,2026-05-24 01:21:00,0.99,DIG002920,धन भेजा,,,
EVT_DIG002921,communication,P00474,P00795,LOC0052,2026-07-11 00:21:00,0.99,DIG002921,సంప్రదించారు,,,
EVT_DIG002922,communication,P00200,P00901,LOC0036,2026-03-14 14:17:00,0.99,DIG002922,پیغام بھیجا,,,
EVT_DIG002923,meeting,P00742,P00523,LOC0049,2026-05-24 01:23:00,0.99,DIG002923,కలిశారు,,,
EVT_DIG002924,transfer,P00284,P00071,LOC0060,2026-08-25 12:41:00,0.99,DIG002924,ಹಣ ಕಳುಹಿಸಿದರು,,,
EVT_DIG002925,communication,P00483,P00244,LOC0108,2026-06-28 22:39:00,0.99,DIG002925,அழைத்தார்,,,
EVT_DIG002926,communication,P00434,P00070,LOC0047,2026-08-16 06:21:00,0.99,DIG002926,ಸಂಪರ್ಕಿಸಿದರು,,,
EVT_DIG002927,transfer,P00278,P00544,LOC0047,2026-05-19 21:07:00,0.99,DIG002927,رقم منتقل کی,,,
EVT_DIG002928,transfer,P00905,P00611,LOC0012,2026-08-28 03:48:00,0.99,DIG002928,টাকা পাঠিয়েছে,,,
EVT_DIG002929,transfer,P00652,P00146,LOC0113,2026-08-16 05:38:00,0.99,DIG002929,డబ్బు పంపారు,,,
EVT_DIG002930,communication,P00160,P00642,LOC0068,2026-01-22 07:25:00,0.99,DIG002930,फोन किया,,,
EVT_DIG002931,communication,P00165,P00623,LOC0119,2026-08-20 03:31:00,0.99,DIG002931,ಸಂಪರ್ಕಿಸಿದರು,,,
EVT_DIG002932,movement,P00520,P00566,LOC0099,2026-03-24 13:30:00,0.99,DIG002932,ਸਥਾਨ ਸਾਂਝਾ ਕੀਤਾ,,,
EVT_DIG002933,meeting,P00294,P00396,LOC0104,2026-08-22 16:50:00,0.99,DIG002933,भेटला,,,
EVT_DIG002934,communication,P00758,P00717,LOC0118,2026-05-09 18:36:00,0.99,DIG002934,ಸಂದೇಶ ಕಳುಹಿಸಿದರು,,,
EVT_DIG002935,meeting,P00107,P00323,LOC0036,2026-08-17 23:30:00,0.99,DIG002935,ਮਿਲਿਆ,,,
EVT_DIG002936,movement,P00077,P00563,LOC0172,2026-08-04 07:49:00,0.99,DIG002936,স্থান ভাগ করেছে,,,
EVT_DIG002937,communication,P00520,P00918,LOC0068,2026-01-25 18:57:00,0.99,DIG002937,సంప్రదించారు,,,
EVT_DIG002938,communication,P00063,P00002,LOC0070,2026-01-08 15:54:00,0.99,DIG002938,સંદેશ મોકલ્યો,,,
EVT_DIG002939,communication,P00189,P00341,LOC0025,2026-04-04 08:15:00,0.99,DIG002939,پیغام بھیجا,,,
EVT_DIG002940,communication,P00656,P00234,LOC0099,2026-02-09 11:02:00,0.99,DIG002940,સંદેશ મોકલ્યો,,,
EVT_DIG002941,transfer,P00672,P00686,LOC0052,2026-04-21 18:25:00,0.99,DIG002941,ಹಣ ಕಳುಹಿಸಿದರು,,,
EVT_DIG002942,meeting,P00020,P00866,LOC0120,2026-08-21 07:37:00,0.99,DIG002942,দেখা করেছে,,,
EVT_DIG002943,transfer,P00476,P00002,LOC0174,2026-02-24 12:51:00,0.99,DIG002943,డబ్బు పంపారు,,,
EVT_DIG002944,communication,P00270,P00610,LOC0057,2026-06-26 01:44:00,0.99,DIG002944,संपर्क किया,,,
EVT_DIG002945,meeting,P00502,P00593,LOC0071,2026-06-15 19:47:00,0.99,DIG002945,ملاقات کی,,,
EVT_DIG002946,communication,P00884,P00883,LOC0100,2026-08-12 06:15:00,0.99,DIG002946,ફોન કર્યો,,,
EVT_DIG002947,meeting,P00125,P00777,LOC0019,2026-05-07 21:37:00,0.99,DIG002947,મુલાકાત લીધી,,,
EVT_DIG002948,movement,P00367,P00443,LOC0038,2026-05-09 08:35:00,0.99,DIG002948,இடத்தை பகிர்ந்தார்,,,
EVT_DIG002949,communication,P00430,P00998,LOC0147,2026-03-22 16:39:00,0.99,DIG002949,ബന്ധപ്പെട്ടു,,,
EVT_DIG002950,meeting,P00845,P00680,LOC0119,2026-05-31 23:00:00,0.99,DIG002950,भेट दिली,,,
EVT_DIG002951,communication,P00961,P00505,LOC0102,2026-03-26 15:10:00,0.99,DIG002951,സന്ദേശം അയച്ചു,,,
EVT_DIG002952,meeting,P00516,P00761,LOC0135,2026-05-14 10:09:00,0.99,DIG002952,ملاقات کی,,,
EVT_DIG002953,movement,P00329,P00547,LOC0074,2026-07-27 15:45:00,0.99,DIG002953,இடத்தை பகிர்ந்தார்,,,
EVT_DIG002954,communication,P00517,P00024,LOC0137,2026-05-18 05:00:00,0.99,DIG002954,సంప్రదించారు,,,
EVT_DIG002955,communication,P00810,P00813,LOC0022,2026-04-07 07:25:00,0.99,DIG002955,संपर्क किया,,,
EVT_DIG002956,meeting,P00253,P00367,LOC0155,2026-04-30 09:32:00,0.99,DIG002956,వెళ్లారు,,,
EVT_DIG002957,communication,P00935,P00712,LOC0171,2026-08-21 13:45:00,0.99,DIG002957,फोन केला,,,
EVT_DIG002958,transfer,P00909,P00446,LOC0004,2026-01-19 01:17:00,0.99,DIG002958,ಹಣ ಕಳುಹಿಸಿದರು,,,
EVT_DIG002959,communication,P00513,P00780,LOC0050,2026-05-27 15:27:00,0.99,DIG002959,വിളിച്ചു,,,
EVT_DIG002960,communication,P00648,P00156,LOC0171,2026-06-26 21:16:00,0.99,DIG002960,സന്ദേശം അയച്ചു,,,
EVT_DIG002961,movement,P00247,P00117,LOC0080,2026-07-28 22:24:00,0.99,DIG002961,ਸਥਾਨ ਸਾਂਝਾ ਕੀਤਾ,,,
EVT_DIG002962,communication,P00940,P00482,LOC0031,2026-02-28 08:57:00,0.99,DIG002962,સંદેશ મોકલ્યો,,,
EVT_DIG002963,movement,P00256,P00439,LOC0028,2026-01-06 06:25:00,0.99,DIG002963,స్థానం పంచుకున్నారు,,,
EVT_DIG002964,communication,P00237,P00654,LOC0103,2026-05-19 13:49:00,0.99,DIG002964,called,,,
EVT_DIG002965,transfer,P00192,P00460,LOC0010,2026-06-13 13:07:00,0.99,DIG002965,transferred funds to,,,
EVT_DIG002966,transfer,P00640,P00644,LOC0174,2026-04-04 20:28:00,0.99,DIG002966,টাকা পাঠিয়েছে,,,
EVT_DIG002967,transfer,P00057,P00595,LOC0150,2026-06-26 17:48:00,0.99,DIG002967,رقم منتقل کی,,,
EVT_DIG002968,meeting,P00390,P00143,LOC0042,2026-07-04 09:18:00,0.99,DIG002968,சென்றார்,,,
EVT_DIG002969,communication,P00219,P00889,LOC0078,2026-02-22 18:39:00,0.99,DIG002969,ਫੋਨ ਕੀਤਾ,,,
EVT_DIG002970,communication,P00235,P00765,LOC0179,2026-04-03 14:36:00,0.99,DIG002970,సంప్రదించారు,,,
EVT_DIG002971,movement,P00230,P00313,LOC0016,2026-01-03 09:18:00,0.99,DIG002971,സ്ഥലം പങ്കിട്ടു,,,
EVT_DIG002972,meeting,P00858,P00579,LOC0158,2026-08-12 00:15:00,0.99,DIG002972,visited,,,
EVT_DIG002973,communication,P00287,P00040,LOC0158,2026-03-26 20:09:00,0.99,DIG002973,فون کیا,,,
EVT_DIG002974,transfer,P00699,P00942,LOC0021,2026-06-01 02:50:00,0.99,DIG002974,નાણાં મોકલ્યાં,,,
EVT_DIG002975,transfer,P00707,P00173,LOC0063,2026-05-09 03:08:00,0.99,DIG002975,ਪੈਸੇ ਭੇਜੇ,,,
EVT_DIG002976,meeting,P00581,P00634,LOC0163,2026-04-10 22:52:00,0.99,DIG002976,వెళ్లారు,,,
EVT_DIG002977,meeting,P00315,P00631,LOC0017,2026-02-04 10:35:00,0.99,DIG002977,મળ્યા,,,
EVT_DIG002978,communication,P00847,P00692,LOC0003,2026-07-06 01:15:00,0.99,DIG002978,ఫోన్ చేశారు,,,
EVT_DIG002979,communication,P00696,P00037,LOC0134,2026-08-05 08:16:00,0.99,DIG002979,ಸಂದೇಶ ಕಳುಹಿಸಿದರು,,,
EVT_DIG002980,transfer,P00538,P00482,LOC0038,2026-02-07 21:06:00,0.99,DIG002980,transferred funds to,,,
EVT_DIG002981,movement,P00850,P00459,LOC0074,2026-06-08 01:32:00,0.99,DIG002981,स्थान साझा किया,,,
EVT_DIG002982,communication,P00424,P00606,LOC0093,2026-03-23 05:24:00,0.99,DIG002982,বার্তা পাঠিয়েছে,,,
EVT_DIG002983,transfer,P00718,P00054,LOC0135,2026-08-13 12:16:00,0.99,DIG002983,డబ్బు పంపారు,,,
EVT_DIG002984,meeting,P00773,P00816,LOC0155,2026-06-17 08:20:00,0.99,DIG002984,వెళ్లారు,,,
EVT_DIG002985,communication,P00995,P00536,LOC0160,2026-05-13 07:03:00,0.99,DIG002985,ফোন করেছে,,,
EVT_DIG002986,meeting,P00855,P00707,LOC0164,2026-07-10 17:36:00,0.99,DIG002986,met,,,
EVT_DIG002987,movement,P00843,P00369,LOC0023,2026-05-25 13:36:00,0.99,DIG002987,স্থান ভাগ করেছে,,,
EVT_DIG002988,communication,P00059,P00545,LOC0081,2026-08-20 13:17:00,0.99,DIG002988,தொடர்பு கொண்டார்,,,
EVT_DIG002989,movement,P00562,P00228,LOC0103,2026-05-22 05:37:00,0.99,DIG002989,સ્થાન શેર કર્યું,,,
EVT_DIG002990,meeting,P00319,P00032,LOC0040,2026-08-08 23:23:00,0.99,DIG002990,দেখা করেছে,,,
EVT_DIG002991,meeting,P00766,P00180,LOC0115,2026-03-13 23:40:00,0.99,DIG002991,भेटला,,,
EVT_DIG002992,movement,P00685,P00093,LOC0078,2026-05-22 15:43:00,0.99,DIG002992,സ്ഥലം പങ്കിട്ടു,,,
EVT_DIG002993,communication,P00963,P00887,LOC0147,2026-03-23 18:37:00,0.99,DIG002993,پیغام بھیجا,,,
EVT_DIG002994,communication,P00498,P00370,LOC0115,2026-02-25 17:45:00,0.99,DIG002994,செய்தி அனுப்பினார்,,,
EVT_DIG002995,meeting,P00665,P00281,LOC0138,2026-08-19 12:17:00,0.99,DIG002995,ਮੁਲਾਕਾਤ ਕੀਤੀ,,,
EVT_DIG002996,meeting,P00432,P00893,LOC0104,2026-07-07 21:35:00,0.99,DIG002996,சந்தித்தார்,,,
EVT_DIG002997,movement,P00438,P00095,LOC0142,2026-07-19 20:05:00,0.99,DIG002997,இடத்தை பகிர்ந்தார்,,,
EVT_DIG002998,meeting,P00354,P00989,LOC0013,2026-08-20 19:14:00,0.99,DIG002998,મળ્યા,,,
EVT_DIG002999,communication,P00853,P00871,LOC0033,2026-01-17 13:53:00,0.99,DIG002999,ಸಂಪರ್ಕಿಸಿದರು,,,
EVT_DIG003000,communication,P00707,P00643,LOC0143,2026-06-11 06:50:00,0.99,DIG003000,संदेश पाठवला,,,
EVT_DIG003001,meeting,P00811,P00757,LOC0163,2026-03-14 02:00:00,0.99,DIG003001,സന്ദർശിച്ചു,,,
EVT_DIG003002,meeting,P00130,P00572,LOC0081,2026-01-03 18:28:00,0.99,DIG003002,ਮਿਲਿਆ,,,
EVT_DIG003003,communication,P00463,P00489,LOC0093,2026-08-10 19:30:00,0.99,DIG003003,સંપર્ક કર્યો,,,
EVT_DIG003004,movement,P00463,P00611,LOC0027,2026-01-18 18:18:00,0.99,DIG003004,ठिकाण शेअर केले,,,
EVT_DIG003005,communication,P00027,P00074,LOC0144,2026-08-09 10:52:00,0.99,DIG003005,संदेश पाठवला,,,
EVT_DIG003006,movement,P00626,P00560,LOC0005,2026-02-10 11:09:00,0.99,DIG003006,സ്ഥലം പങ്കിട്ടു,,,
EVT_DIG003007,transfer,P00709,P00036,LOC0012,2026-03-31 10:49:00,0.99,DIG003007,નાણાં મોકલ્યાં,,,
EVT_DIG003008,communication,P00110,P00685,LOC0088,2026-08-01 16:27:00,0.99,DIG003008,ബന്ധപ്പെട്ടു,,,
EVT_DIG003009,movement,P00296,P00947,LOC0137,2026-02-05 14:45:00,0.99,DIG003009,مقام شیئر کیا,,,
EVT_DIG003010,meeting,P00085,P00664,LOC0030,2026-02-24 21:05:00,0.99,DIG003010,ملاقات کی,,,
EVT_DIG003011,communication,P00446,P00136,LOC0017,2026-04-20 10:34:00,0.99,DIG003011,contacted,,,
EVT_DIG003012,meeting,P00908,P00399,LOC0018,2026-02-28 11:26:00,0.99,DIG003012,ملاقات کی,,,
EVT_DIG003013,transfer,P00294,P00718,LOC0100,2026-03-18 06:45:00,0.99,DIG003013,ಹಣ ಕಳುಹಿಸಿದರು,,,
EVT_DIG003014,meeting,P00738,P00184,LOC0178,2026-01-22 05:40:00,0.99,DIG003014,দেখা করেছে,,,
EVT_DIG003015,meeting,P00321,P00636,LOC0093,2026-03-28 14:11:00,0.99,DIG003015,ਮੁਲਾਕਾਤ ਕੀਤੀ,,,
EVT_DIG003016,communication,P00353,P00654,LOC0158,2026-08-29 09:43:00,0.99,DIG003016,called,,,
EVT_DIG003017,communication,P00177,P00205,LOC0025,2026-01-15 13:59:00,0.99,DIG003017,বার্তা পাঠিয়েছে,,,
EVT_DIG003018,communication,P00081,P00585,LOC0023,2026-05-05 01:19:00,0.99,DIG003018,called,,,
EVT_DIG003019,transfer,P00523,P00677,LOC0040,2026-07-09 00:35:00,0.99,DIG003019,ಹಣ ಕಳುಹಿಸಿದರು,,,
EVT_DIG003020,movement,P00307,P00589,LOC0105,2026-07-17 13:24:00,0.99,DIG003020,shared a location with,,,
EVT_DIG003021,transfer,P00577,P00212,LOC0129,2026-05-15 04:19:00,0.99,DIG003021,টাকা পাঠিয়েছে,,,
EVT_DIG003022,meeting,P00015,P00359,LOC0140,2026-04-05 05:12:00,0.99,DIG003022,visited,,,
EVT_DIG003023,communication,P00451,P00073,LOC0026,2026-01-31 15:59:00,0.99,DIG003023,sent a message to,,,
EVT_DIG003024,movement,P00075,P00524,LOC0064,2026-01-16 22:11:00,0.99,DIG003024,ਸਥਾਨ ਸਾਂਝਾ ਕੀਤਾ,,,
EVT_DIG003025,meeting,P00395,P00632,LOC0008,2026-08-17 10:32:00,0.99,DIG003025,ملاقات کی,,,
EVT_DIG003026,meeting,P00435,P00617,LOC0045,2026-07-15 22:10:00,0.99,DIG003026,ਮਿਲਿਆ,,,
EVT_DIG003027,movement,P00960,P00622,LOC0071,2026-08-23 02:51:00,0.99,DIG003027,shared a location with,,,
EVT_DIG003028,meeting,P00752,P00264,LOC0085,2026-04-09 10:49:00,0.99,DIG003028,ಭೇಟಿಯಾದರು,,,
EVT_DIG003029,transfer,P00184,P00573,LOC0113,2026-04-23 02:29:00,0.99,DIG003029,பணம் அனுப்பினார்,,,
EVT_DIG003030,meeting,P00414,P00985,LOC0075,2026-04-11 22:40:00,0.99,DIG003030,મળ્યા,,,
EVT_DIG003031,transfer,P00488,P00757,LOC0109,2026-01-13 02:30:00,0.99,DIG003031,ਪੈਸੇ ਭੇਜੇ,,,
EVT_DIG003032,communication,P00391,P00166,LOC0111,2026-04-08 12:28:00,0.99,DIG003032,called,,,
EVT_DIG003033,communication,P00022,P00529,LOC0017,2026-05-02 02:28:00,0.99,DIG003033,സന്ദേശം അയച്ചു,,,
EVT_DIG003034,communication,P00193,P00599,LOC0001,2026-05-10 15:19:00,0.99,DIG003034,संपर्क किया,,,
EVT_DIG003035,communication,P00933,P00279,LOC0049,2026-01-10 00:23:00,0.99,DIG003035,ફોન કર્યો,,,
EVT_DIG003036,meeting,P00909,P00926,LOC0115,2026-08-20 06:03:00,0.99,DIG003036,met,,,
EVT_DIG003037,meeting,P00765,P00756,LOC0020,2026-04-10 09:52:00,0.99,DIG003037,भेट दिली,,,
EVT_DIG003038,transfer,P00471,P00920,LOC0099,2026-03-28 04:37:00,0.99,DIG003038,رقم منتقل کی,,,
EVT_DIG003039,movement,P00086,P00650,LOC0071,2026-01-12 12:48:00,0.99,DIG003039,స్థానం పంచుకున్నారు,,,
EVT_DIG003040,communication,P00013,P00781,LOC0083,2026-03-15 16:00:00,0.99,DIG003040,رابطہ کیا,,,
EVT_DIG003041,movement,P00689,P00426,LOC0171,2026-01-14 17:20:00,0.99,DIG003041,સ્થાન શેર કર્યું,,,
EVT_DIG003042,communication,P00622,P00781,LOC0039,2026-05-03 03:02:00,0.99,DIG003042,যোগাযোগ করেছে,,,
EVT_DIG003043,meeting,P00269,P00004,LOC0006,2026-01-27 04:22:00,0.99,DIG003043,ملاقات کی,,,
EVT_DIG003044,meeting,P00210,P00015,LOC0091,2026-03-24 16:51:00,0.99,DIG003044,পরিদর্শন করেছে,,,
EVT_DIG003045,meeting,P00231,P00096,LOC0011,2026-04-08 11:21:00,0.99,DIG003045,சந்தித்தார்,,,
EVT_DIG003046,movement,P00824,P00448,LOC0121,2026-01-05 00:57:00,0.99,DIG003046,स्थान साझा किया,,,
EVT_DIG003047,communication,P00452,P00571,LOC0034,2026-02-02 13:31:00,0.99,DIG003047,संदेश भेजा,,,
EVT_DIG003048,movement,P00683,P00292,LOC0098,2026-08-26 10:40:00,0.99,DIG003048,ಸ್ಥಳ ಹಂಚಿಕೊಂಡರು,,,
EVT_DIG003049,movement,P00129,P00839,LOC0120,2026-08-23 18:16:00,0.99,DIG003049,સ્થાન શેર કર્યું,,,
EVT_DIG003050,transfer,P00801,P00513,LOC0155,2026-05-20 06:44:00,0.99,DIG003050,টাকা পাঠিয়েছে,,,
EVT_DIG003051,movement,P00855,P00444,LOC0090,2026-05-18 21:28:00,0.99,DIG003051,ಸ್ಥಳ ಹಂಚಿಕೊಂಡರು,,,
EVT_DIG003052,communication,P00579,P00259,LOC0094,2026-06-30 15:11:00,0.99,DIG003052,ಕರೆ ಮಾಡಿದರು,,,
EVT_DIG003053,transfer,P00985,P00403,LOC0075,2026-02-28 20:38:00,0.99,DIG003053,رقم منتقل کی,,,
EVT_DIG003054,transfer,P00177,P00266,LOC0127,2026-05-10 00:57:00,0.99,DIG003054,رقم منتقل کی,,,
EVT_DIG003055,communication,P00785,P00943,LOC0147,2026-06-08 14:37:00,0.99,DIG003055,ফোন করেছে,,,
EVT_DIG003056,communication,P00549,P00477,LOC0150,2026-07-17 21:15:00,0.99,DIG003056,संपर्क केला,,,
EVT_DIG003057,communication,P00830,P00762,LOC0018,2026-02-22 16:22:00,0.99,DIG003057,যোগাযোগ করেছে,,,
EVT_DIG003058,communication,P00323,P00099,LOC0114,2026-05-22 08:05:00,0.99,DIG003058,સંદેશ મોકલ્યો,,,
EVT_DIG003059,meeting,P00574,P00091,LOC0152,2026-07-12 08:43:00,0.99,DIG003059,دورہ کیا,,,
EVT_DIG003060,communication,P00892,P00040,LOC0081,2026-02-02 04:41:00,0.99,DIG003060,संदेश भेजा,,,
EVT_DIG003061,communication,P00459,P00854,LOC0070,2026-07-25 16:19:00,0.99,DIG003061,فون کیا,,,
EVT_DIG003062,movement,P00451,P00622,LOC0173,2026-03-21 19:01:00,0.99,DIG003062,স্থান ভাগ করেছে,,,
EVT_DIG003063,communication,P00673,P00140,LOC0039,2026-08-15 17:41:00,0.99,DIG003063,फोन केला,,,
EVT_DIG003064,transfer,P00487,P00781,LOC0054,2026-02-02 13:57:00,0.99,DIG003064,টাকা পাঠিয়েছে,,,
EVT_DIG003065,vehicle_use,P00644,P00341,LOC0114,2026-01-22 23:19:00,0.99,DIG003065,वाहन का उपयोग किया,,,
EVT_DIG003066,meeting,P00348,P00061,LOC0171,2026-08-23 13:41:00,0.99,DIG003066,मिला,,,
EVT_DIG003067,communication,P00455,P00995,LOC0065,2026-07-15 10:55:00,0.99,DIG003067,સંદેશ મોકલ્યો,,,
EVT_DIG003068,communication,P00835,P00514,LOC0150,2026-01-30 23:13:00,0.99,DIG003068,செய்தி அனுப்பினார்,,,
EVT_DIG003069,transfer,P00879,P00978,LOC0009,2026-01-08 19:24:00,0.99,DIG003069,ಹಣ ಕಳುಹಿಸಿದರು,,,
EVT_DIG003070,meeting,P00769,P00582,LOC0100,2026-06-27 11:20:00,0.99,DIG003070,met,,,
EVT_DIG003071,communication,P00491,P00325,LOC0168,2026-04-05 21:27:00,0.99,DIG003071,संपर्क केला,,,
EVT_DIG003072,meeting,P00499,P00903,LOC0026,2026-04-16 09:10:00,0.99,DIG003072,സന്ദർശിച്ചു,,,
EVT_DIG003073,communication,P00530,P00756,LOC0113,2026-05-26 01:15:00,0.99,DIG003073,വിളിച്ചു,,,
EVT_DIG003074,movement,P00740,P00865,LOC0042,2026-08-04 12:11:00,0.99,DIG003074,shared a location with,,,
EVT_DIG003075,communication,P00441,P00996,LOC0114,2026-06-27 00:33:00,0.99,DIG003075,செய்தி அனுப்பினார்,,,
EVT_DIG003076,transfer,P00571,P00539,LOC0073,2026-05-22 15:52:00,0.99,DIG003076,പണം അയച്ചു,,,
EVT_DIG003077,communication,P00517,P00353,LOC0061,2026-07-02 09:17:00,0.99,DIG003077,ফোন করেছে,,,
EVT_DIG003078,meeting,P00296,P00486,LOC0176,2026-03-26 21:10:00,0.99,DIG003078,met,,,
EVT_DIG003079,movement,P00868,P00166,LOC0065,2026-04-23 19:16:00,0.99,DIG003079,સ્થાન શેર કર્યું,,,
EVT_DIG003080,communication,P00086,P00236,LOC0050,2026-05-12 16:57:00,0.99,DIG003080,فون کیا,,,
EVT_DIG003081,movement,P00062,P00172,LOC0005,2026-08-17 23:07:00,0.99,DIG003081,స్థానం పంచుకున్నారు,,,
EVT_DIG003082,transfer,P00372,P00393,LOC0153,2026-07-10 01:34:00,0.99,DIG003082,رقم منتقل کی,,,
EVT_DIG003083,communication,P00062,P00793,LOC0093,2026-07-19 09:34:00,0.99,DIG003083,فون کیا,,,
EVT_DIG003084,communication,P00532,P00961,LOC0080,2026-04-12 00:53:00,0.99,DIG003084,ಕರೆ ಮಾಡಿದರು,,,
EVT_DIG003085,vehicle_use,P00054,P00091,LOC0013,2026-05-14 11:17:00,0.99,DIG003085,वाहन का उपयोग किया,,,
EVT_DIG003086,communication,P00987,P00822,LOC0054,2026-05-30 01:26:00,0.99,DIG003086,contacted,,,
EVT_DIG003087,vehicle_use,P00903,P00034,LOC0038,2026-01-10 14:58:00,0.99,DIG003087,used a vehicle,,,
EVT_DIG003088,movement,P00910,P00561,LOC0038,2026-06-25 18:45:00,0.99,DIG003088,स्थान साझा किया,,,
EVT_DIG003089,transfer,P00962,P00483,LOC0032,2026-04-09 22:10:00,0.99,DIG003089,ಹಣ ಕಳುಹಿಸಿದರು,,,
EVT_DIG003090,communication,P00025,P00185,LOC0152,2026-05-21 00:13:00,0.99,DIG003090,फोन किया,,,
EVT_DIG003091,meeting,P00950,P00149,LOC0168,2026-08-12 17:22:00,0.99,DIG003091,পরিদর্শন করেছে,,,
EVT_DIG003092,communication,P00857,P00179,LOC0099,2026-08-30 11:47:00,0.99,DIG003092,വിളിച്ചു,,,
EVT_DIG003093,communication,P00649,P00087,LOC0141,2026-01-19 19:47:00,0.99,DIG003093,called,,,
EVT_DIG003094,communication,P00870,P00828,LOC0096,2026-07-31 15:42:00,0.99,DIG003094,സന്ദേശം അയച്ചു,,,
EVT_DIG003095,communication,P00059,P00316,LOC0176,2026-05-30 03:01:00,0.99,DIG003095,ಸಂದೇಶ ಕಳುಹಿಸಿದರು,,,
EVT_DIG003096,communication,P00121,P00937,LOC0018,2026-08-30 15:29:00,0.99,DIG003096,సందేశం పంపారు,,,
EVT_DIG003097,transfer,P00820,P00652,LOC0031,2026-08-24 04:27:00,0.99,DIG003097,பணம் அனுப்பினார்,,,
EVT_DIG003098,meeting,P00519,P00268,LOC0163,2026-02-21 16:27:00,0.99,DIG003098,મુલાકાત લીધી,,,
EVT_DIG003099,transfer,P00728,P00818,LOC0047,2026-05-19 19:18:00,0.99,DIG003099,નાણાં મોકલ્યાં,,,
EVT_DIG003100,vehicle_use,P00958,P00277,LOC0025,2026-07-15 21:27:00,0.99,DIG003100,वाहन का उपयोग किया,,,
EVT_DIG003101,meeting,P00481,P00180,LOC0149,2026-07-06 14:38:00,0.99,DIG003101,కలిశారు,,,
EVT_DIG003102,meeting,P00306,P00025,LOC0005,2026-05-29 11:04:00,0.99,DIG003102,পরিদর্শন করেছে,,,
EVT_DIG003103,meeting,P00273,P00680,LOC0033,2026-04-14 01:13:00,0.99,DIG003103,ಭೇಟಿ ನೀಡಿದರು,,,
EVT_DIG003104,movement,P00413,P00931,LOC0126,2026-05-16 11:43:00,0.99,DIG003104,ठिकाण शेअर केले,,,
EVT_DIG003105,transfer,P00425,P00189,LOC0009,2026-08-16 01:43:00,0.99,DIG003105,డబ్బు పంపారు,,,
EVT_DIG003106,meeting,P00706,P00135,LOC0004,2026-05-30 06:18:00,0.99,DIG003106,भेट दिली,,,
EVT_DIG003107,meeting,P00567,P00102,LOC0071,2026-05-07 12:45:00,0.99,DIG003107,ਮੁਲਾਕਾਤ ਕੀਤੀ,,,
EVT_DIG003108,meeting,P00808,P00389,LOC0013,2026-06-20 09:17:00,0.99,DIG003108,వెళ్లారు,,,
EVT_DIG003109,movement,P00296,P00845,LOC0125,2026-07-17 09:20:00,0.99,DIG003109,இடத்தை பகிர்ந்தார்,,,
EVT_DIG003110,transfer,P00335,P00899,LOC0002,2026-08-12 18:59:00,0.99,DIG003110,টাকা পাঠিয়েছে,,,
EVT_DIG003111,vehicle_use,P00640,P00791,LOC0152,2026-07-27 05:59:00,0.99,DIG003111,used a vehicle,,,
EVT_DIG003112,transfer,P00083,P00864,LOC0063,2026-02-19 21:38:00,0.99,DIG003112,धन भेजा,,,
EVT_DIG003113,communication,P00751,P00976,LOC0173,2026-04-20 06:43:00,0.99,DIG003113,ਸੰਪਰਕ ਕੀਤਾ,,,
EVT_DIG003114,meeting,P00672,P00144,LOC0143,2026-05-29 16:55:00,0.99,DIG003114,వెళ్లారు,,,
EVT_DIG003115,movement,P00176,P00669,LOC0102,2026-08-21 15:54:00,0.99,DIG003115,സ്ഥലം പങ്കിട്ടു,,,
EVT_DIG003116,communication,P00040,P00770,LOC0070,2026-05-30 15:31:00,0.99,DIG003116,సంప్రదించారు,,,
EVT_DIG003117,transfer,P00075,P00699,LOC0121,2026-01-24 11:41:00,0.99,DIG003117,பணம் அனுப்பினார்,,,
EVT_DIG003118,communication,P00175,P00414,LOC0150,2026-01-05 16:02:00,0.99,DIG003118,ಸಂದೇಶ ಕಳುಹಿಸಿದರು,,,
EVT_DIG003119,meeting,P00703,P00313,LOC0076,2026-03-25 06:40:00,0.99,DIG003119,دورہ کیا,,,
EVT_DIG003120,meeting,P00820,P00166,LOC0138,2026-01-17 12:06:00,0.99,DIG003120,ಭೇಟಿ ನೀಡಿದರು,,,
EVT_DIG003121,meeting,P00677,P00136,LOC0111,2026-04-21 13:22:00,0.99,DIG003121,சென்றார்,,,
EVT_DIG003122,transfer,P00057,P00502,LOC0049,2026-08-29 13:05:00,0.99,DIG003122,ಹಣ ಕಳುಹಿಸಿದರು,,,
EVT_DIG003123,communication,P00542,P00311,LOC0156,2026-07-13 04:26:00,0.99,DIG003123,پیغام بھیجا,,,
EVT_DIG003124,communication,P00842,P00820,LOC0010,2026-05-19 23:37:00,0.99,DIG003124,સંદેશ મોકલ્યો,,,
EVT_DIG003125,communication,P00239,P00886,LOC0064,2026-04-15 16:24:00,0.99,DIG003125,ಕರೆ ಮಾಡಿದರು,,,
EVT_DIG003126,transfer,P00925,P00067,LOC0099,2026-03-18 01:49:00,0.99,DIG003126,رقم منتقل کی,,,
EVT_DIG003127,transfer,P00631,P00475,LOC0140,2026-04-14 08:13:00,0.99,DIG003127,డబ్బు పంపారు,,,
EVT_DIG003128,communication,P00302,P00563,LOC0063,2026-04-27 10:43:00,0.99,DIG003128,ਸੁਨੇਹਾ ਭੇਜਿਆ,,,
EVT_DIG003129,communication,P00476,P00372,LOC0178,2026-05-01 13:44:00,0.99,DIG003129,فون کیا,,,
EVT_DIG003130,transfer,P00935,P00764,LOC0058,2026-01-26 16:21:00,0.99,DIG003130,പണം അയച്ചു,,,
EVT_DIG003131,communication,P00294,P00676,LOC0043,2026-07-10 00:13:00,0.99,DIG003131,அழைத்தார்,,,
EVT_DIG003132,communication,P00965,P00887,LOC0110,2026-07-25 16:29:00,0.99,DIG003132,رابطہ کیا,,,
EVT_DIG003133,meeting,P00376,P00124,LOC0145,2026-04-28 12:44:00,0.99,DIG003133,ਮੁਲਾਕਾਤ ਕੀਤੀ,,,
EVT_DIG003134,transfer,P00641,P00548,LOC0156,2026-06-09 07:14:00,0.99,DIG003134,رقم منتقل کی,,,
EVT_DIG003135,communication,P00645,P00508,LOC0093,2026-03-12 13:21:00,0.99,DIG003135,அழைத்தார்,,,
EVT_DIG003136,meeting,P00432,P00685,LOC0118,2026-02-16 15:04:00,0.99,DIG003136,സന്ദർശിച്ചു,,,
EVT_DIG003137,communication,P00983,P00849,LOC0076,2026-04-08 09:04:00,0.99,DIG003137,called,,,
EVT_DIG003138,communication,P00424,P00384,LOC0163,2026-07-11 19:22:00,0.99,DIG003138,സന്ദേശം അയച്ചു,,,
EVT_DIG003139,meeting,P00311,P00355,LOC0116,2026-04-21 21:27:00,0.99,DIG003139,കണ്ടുമുട്ടി,,,
EVT_DIG003140,movement,P00447,P00082,LOC0086,2026-05-15 03:37:00,0.99,DIG003140,ठिकाण शेअर केले,,,
EVT_DIG003141,meeting,P00366,P00019,LOC0081,2026-04-10 10:36:00,0.99,DIG003141,भेटला,,,
EVT_DIG003142,movement,P00846,P00970,LOC0070,2026-01-13 20:32:00,0.99,DIG003142,ਸਥਾਨ ਸਾਂਝਾ ਕੀਤਾ,,,
EVT_DIG003143,communication,P00744,P00069,LOC0035,2026-05-24 17:36:00,0.99,DIG003143,ਸੰਪਰਕ ਕੀਤਾ,,,
EVT_DIG003144,meeting,P00085,P00758,LOC0091,2026-01-26 02:32:00,0.99,DIG003144,visited,,,
EVT_DIG003145,communication,P00659,P00642,LOC0154,2026-05-28 18:03:00,0.99,DIG003145,ફોન કર્યો,,,
EVT_DIG003146,communication,P00051,P00683,LOC0152,2026-06-17 16:14:00,0.99,DIG003146,رابطہ کیا,,,
EVT_DIG003147,movement,P00257,P00774,LOC0115,2026-06-19 02:04:00,0.99,DIG003147,shared a location with,,,
EVT_DIG003148,meeting,P00794,P00576,LOC0138,2026-02-04 22:32:00,0.99,DIG003148,भेटला,,,
EVT_DIG003149,movement,P00661,P00482,LOC0124,2026-01-03 02:56:00,0.99,DIG003149,স্থান ভাগ করেছে,,,
EVT_DIG003150,movement,P00022,P00790,LOC0116,2026-06-07 23:04:00,0.99,DIG003150,स्थान साझा किया,,,
EVT_DIG003151,meeting,P00028,P00300,LOC0012,2026-03-07 10:33:00,0.99,DIG003151,met,,,
EVT_DIG003152,communication,P00051,P00636,LOC0076,2026-02-19 01:22:00,0.99,DIG003152,ਫੋਨ ਕੀਤਾ,,,
EVT_DIG003153,communication,P00195,P00506,LOC0158,2026-06-08 14:00:00,0.99,DIG003153,যোগাযোগ করেছে,,,
EVT_DIG003154,movement,P00424,P00814,LOC0110,2026-05-09 16:11:00,0.99,DIG003154,مقام شیئر کیا,,,
EVT_DIG003155,movement,P00017,P00055,LOC0179,2026-06-30 15:06:00,0.99,DIG003155,స్థానం పంచుకున్నారు,,,
EVT_DIG003156,communication,P00757,P00814,LOC0156,2026-04-24 12:19:00,0.99,DIG003156,સંપર્ક કર્યો,,,
EVT_DIG003157,communication,P00655,P00610,LOC0049,2026-04-28 13:46:00,0.99,DIG003157,رابطہ کیا,,,
EVT_DIG003158,meeting,P00610,P00381,LOC0011,2026-03-06 08:23:00,0.99,DIG003158,சென்றார்,,,
EVT_DIG003159,transfer,P00867,P00381,LOC0130,2026-04-21 19:00:00,0.99,DIG003159,പണം അയച്ചു,,,
EVT_DIG003160,communication,P00023,P00936,LOC0084,2026-07-13 19:09:00,0.99,DIG003160,ফোন করেছে,,,
EVT_DIG003161,transfer,P00216,P00549,LOC0015,2026-04-14 10:15:00,0.99,DIG003161,رقم منتقل کی,,,
EVT_DIG003162,movement,P00298,P00433,LOC0046,2026-02-11 11:35:00,0.99,DIG003162,مقام شیئر کیا,,,
EVT_DIG003163,communication,P00712,P00318,LOC0117,2026-01-08 16:03:00,0.99,DIG003163,ಕರೆ ಮಾಡಿದರು,,,
EVT_DIG003164,communication,P00235,P00053,LOC0063,2026-07-13 19:05:00,0.99,DIG003164,செய்தி அனுப்பினார்,,,
EVT_DIG003165,communication,P00234,P00739,LOC0046,2026-05-27 11:33:00,0.99,DIG003165,அழைத்தார்,,,
EVT_DIG003166,communication,P00780,P00546,LOC0131,2026-07-13 14:13:00,0.99,DIG003166,ಸಂಪರ್ಕಿಸಿದರು,,,
EVT_DIG003167,movement,P00500,P00101,LOC0142,2026-01-10 15:46:00,0.99,DIG003167,ಸ್ಥಳ ಹಂಚಿಕೊಂಡರು,,,
EVT_DIG003168,movement,P00864,P00503,LOC0103,2026-02-17 22:31:00,0.99,DIG003168,இடத்தை பகிர்ந்தார்,,,
EVT_DIG003169,communication,P00715,P00926,LOC0126,2026-06-19 18:26:00,0.99,DIG003169,فون کیا,,,
EVT_DIG003170,meeting,P00922,P00266,LOC0074,2026-08-11 03:20:00,0.99,DIG003170,met,,,
EVT_DIG003171,communication,P00218,P00692,LOC0038,2026-05-09 14:09:00,0.99,DIG003171,సంప్రదించారు,,,
EVT_DIG003172,communication,P00837,P00021,LOC0036,2026-01-26 20:04:00,0.99,DIG003172,સંદેશ મોકલ્યો,,,
EVT_DIG003173,meeting,P00241,P00186,LOC0067,2026-01-04 16:44:00,0.99,DIG003173,দেখা করেছে,,,
EVT_DIG003174,meeting,P00474,P00722,LOC0158,2026-07-26 13:27:00,0.99,DIG003174,મુલાકાત લીધી,,,
EVT_DIG003175,communication,P00991,P00241,LOC0081,2026-02-24 14:39:00,0.99,DIG003175,సందేశం పంపారు,,,
EVT_DIG003176,communication,P00719,P00794,LOC0037,2026-08-08 11:03:00,0.99,DIG003176,বার্তা পাঠিয়েছে,,,
EVT_DIG003177,transfer,P00497,P00777,LOC0106,2026-02-17 17:07:00,0.99,DIG003177,பணம் அனுப்பினார்,,,
EVT_DIG003178,meeting,P00913,P00548,LOC0133,2026-03-04 02:53:00,0.99,DIG003178,ਮਿਲਿਆ,,,
EVT_DIG003179,transfer,P00542,P00966,LOC0140,2026-08-30 11:55:00,0.99,DIG003179,টাকা পাঠিয়েছে,,,
EVT_DIG003180,communication,P00990,P00059,LOC0073,2026-06-09 22:42:00,0.99,DIG003180,ફોન કર્યો,,,
EVT_DIG003181,communication,P00704,P00017,LOC0127,2026-03-27 01:39:00,0.99,DIG003181,ਫੋਨ ਕੀਤਾ,,,
EVT_DIG003182,movement,P00054,P00084,LOC0177,2026-07-19 09:35:00,0.99,DIG003182,இடத்தை பகிர்ந்தார்,,,
EVT_DIG003183,meeting,P00312,P00906,LOC0089,2026-02-06 07:45:00,0.99,DIG003183,भेट दिली,,,
EVT_DIG003184,communication,P00591,P00849,LOC0154,2026-07-19 12:53:00,0.99,DIG003184,ফোন করেছে,,,
EVT_DIG003185,communication,P00259,P00028,LOC0117,2026-07-04 22:14:00,0.99,DIG003185,বার্তা পাঠিয়েছে,,,
EVT_DIG003186,meeting,P00757,P00903,LOC0039,2026-08-27 22:39:00,0.99,DIG003186,भेट दिली,,,
EVT_DIG003187,meeting,P00524,P00172,LOC0085,2026-08-07 15:06:00,0.99,DIG003187,ਮੁਲਾਕਾਤ ਕੀਤੀ,,,
EVT_DIG003188,meeting,P00653,P00840,LOC0018,2026-07-05 06:32:00,0.99,DIG003188,കണ്ടുമുട്ടി,,,
EVT_DIG003189,meeting,P00486,P00712,LOC0054,2026-02-24 21:51:00,0.99,DIG003189,சென்றார்,,,
EVT_DIG003190,communication,P00690,P00965,LOC0027,2026-05-24 08:34:00,0.99,DIG003190,رابطہ کیا,,,
EVT_DIG003191,communication,P00122,P00650,LOC0080,2026-07-08 16:04:00,0.99,DIG003191,যোগাযোগ করেছে,,,
EVT_DIG003192,movement,P00625,P00444,LOC0168,2026-05-10 04:56:00,0.99,DIG003192,مقام شیئر کیا,,,
EVT_DIG003193,communication,P00264,P00471,LOC0119,2026-08-08 21:00:00,0.99,DIG003193,ફોન કર્યો,,,
EVT_DIG003194,transfer,P00572,P00006,LOC0053,2026-04-21 22:16:00,0.99,DIG003194,धन भेजा,,,
EVT_DIG003195,communication,P00856,P00411,LOC0033,2026-06-05 03:13:00,0.99,DIG003195,ਫੋਨ ਕੀਤਾ,,,
EVT_DIG003196,movement,P00646,P00179,LOC0074,2026-06-03 04:43:00,0.99,DIG003196,સ્થાન શેર કર્યું,,,
EVT_DIG003197,transfer,P00647,P00728,LOC0044,2026-04-29 23:00:00,0.99,DIG003197,টাকা পাঠিয়েছে,,,
EVT_DIG003198,transfer,P00399,P00571,LOC0026,2026-04-27 05:55:00,0.99,DIG003198,رقم منتقل کی,,,
EVT_DIG003199,movement,P00190,P00251,LOC0065,2026-05-16 03:37:00,0.99,DIG003199,স্থান ভাগ করেছে,,,
EVT_DIG003200,meeting,P00052,P00747,LOC0096,2026-03-10 01:31:00,0.99,DIG003200,కలిశారు,,,
EVT_DIG003201,transfer,P00837,P00016,LOC0109,2026-02-17 08:20:00,0.99,DIG003201,డబ్బు పంపారు,,,
EVT_DIG003202,communication,P00263,P00407,LOC0047,2026-05-10 04:09:00,0.99,DIG003202,ಸಂಪರ್ಕಿಸಿದರು,,,
EVT_DIG003203,transfer,P00389,P00159,LOC0003,2026-06-08 21:56:00,0.99,DIG003203,ਪੈਸੇ ਭੇਜੇ,,,
EVT_DIG003204,movement,P00853,P00498,LOC0091,2026-04-09 10:58:00,0.99,DIG003204,இடத்தை பகிர்ந்தார்,,,
EVT_DIG003205,meeting,P00549,P00137,LOC0011,2026-06-24 01:12:00,0.99,DIG003205,भेट दिली,,,
EVT_DIG003206,meeting,P00690,P00322,LOC0043,2026-05-17 08:02:00,0.99,DIG003206,சென்றார்,,,
EVT_DIG003207,communication,P00795,P00474,LOC0057,2026-08-29 03:26:00,0.99,DIG003207,ਫੋਨ ਕੀਤਾ,,,
EVT_DIG003208,communication,P00140,P00112,LOC0022,2026-08-15 00:24:00,0.99,DIG003208,called,,,
EVT_DIG003209,communication,P00687,P00552,LOC0047,2026-05-12 02:07:00,0.99,DIG003209,संपर्क केला,,,
EVT_DIG003210,meeting,P00741,P00320,LOC0090,2026-06-06 10:16:00,0.99,DIG003210,मिला,,,
EVT_DIG003211,communication,P00618,P00199,LOC0175,2026-05-02 16:57:00,0.99,DIG003211,ಸಂದೇಶ ಕಳುಹಿಸಿದರು,,,
EVT_DIG003212,communication,P00977,P00153,LOC0048,2026-06-27 22:46:00,0.99,DIG003212,ਸੁਨੇਹਾ ਭੇਜਿਆ,,,
EVT_DIG003213,meeting,P00393,P00377,LOC0082,2026-05-10 00:00:00,0.99,DIG003213,சென்றார்,,,
EVT_DIG003214,meeting,P00376,P00228,LOC0058,2026-08-21 04:01:00,0.99,DIG003214,சென்றார்,,,
EVT_DIG003215,meeting,P00160,P00891,LOC0083,2026-08-11 08:37:00,0.99,DIG003215,சந்தித்தார்,,,
EVT_DIG003216,communication,P00871,P00092,LOC0150,2026-04-30 11:33:00,0.99,DIG003216,தொடர்பு கொண்டார்,,,
EVT_DIG003217,transfer,P00643,P00836,LOC0032,2026-02-22 16:55:00,0.99,DIG003217,पैसे पाठवले,,,
EVT_DIG003218,meeting,P00337,P00566,LOC0172,2026-02-06 01:17:00,0.99,DIG003218,ಭೇಟಿಯಾದರು,,,
EVT_DIG003219,communication,P00793,P00186,LOC0082,2026-04-03 19:56:00,0.99,DIG003219,پیغام بھیجا,,,
EVT_DIG003220,movement,P00558,P00448,LOC0096,2026-08-08 19:51:00,0.99,DIG003220,shared a location with,,,
EVT_DIG003221,communication,P00508,P00759,LOC0111,2026-07-25 06:12:00,0.99,DIG003221,پیغام بھیجا,,,
EVT_DIG003222,communication,P00914,P00747,LOC0032,2026-06-18 10:24:00,0.99,DIG003222,ಸಂದೇಶ ಕಳುಹಿಸಿದರು,,,
EVT_DIG003223,movement,P00690,P00881,LOC0014,2026-05-10 11:52:00,0.99,DIG003223,স্থান ভাগ করেছে,,,
EVT_DIG003224,communication,P00922,P00380,LOC0021,2026-08-08 08:30:00,0.99,DIG003224,સંદેશ મોકલ્યો,,,
EVT_DIG003225,communication,P00095,P00211,LOC0098,2026-04-17 17:38:00,0.99,DIG003225,फोन किया,,,
EVT_DIG003226,vehicle_use,P00137,P00077,LOC0012,2026-02-10 11:43:00,0.99,DIG003226,used a vehicle,,,
EVT_DIG003227,meeting,P00358,P00835,LOC0031,2026-05-02 09:28:00,0.99,DIG003227,دورہ کیا,,,
EVT_DIG003228,meeting,P00783,P00589,LOC0142,2026-06-15 19:11:00,0.99,DIG003228,சந்தித்தார்,,,
EVT_DIG003229,meeting,P00413,P00897,LOC0085,2026-04-27 08:23:00,0.99,DIG003229,ಭೇಟಿಯಾದರು,,,
EVT_DIG003230,transfer,P00905,P00199,LOC0097,2026-01-15 16:19:00,0.99,DIG003230,ಹಣ ಕಳುಹಿಸಿದರು,,,
EVT_DIG003231,movement,P00741,P00612,LOC0111,2026-06-27 13:12:00,0.99,DIG003231,shared a location with,,,
EVT_DIG003232,communication,P00139,P00140,LOC0151,2026-05-20 19:10:00,0.99,DIG003232,సందేశం పంపారు,,,
EVT_DIG003233,communication,P00785,P00738,LOC0169,2026-07-14 09:30:00,0.99,DIG003233,پیغام بھیجا,,,
EVT_DIG003234,communication,P00386,P00588,LOC0172,2026-02-07 03:24:00,0.99,DIG003234,ಕರೆ ಮಾಡಿದರು,,,
EVT_DIG003235,communication,P00350,P00608,LOC0021,2026-03-31 18:02:00,0.99,DIG003235,رابطہ کیا,,,
EVT_DIG003236,communication,P00309,P00478,LOC0121,2026-01-14 09:49:00,0.99,DIG003236,contacted,,,
EVT_DIG003237,movement,P00130,P00937,LOC0081,2026-03-19 12:52:00,0.99,DIG003237,ठिकाण शेअर केले,,,
EVT_DIG003238,meeting,P00823,P00639,LOC0085,2026-05-27 01:23:00,0.99,DIG003238,दौरा किया,,,
EVT_DIG003239,communication,P00600,P00835,LOC0145,2026-05-27 21:33:00,0.99,DIG003239,સંપર્ક કર્યો,,,
EVT_DIG003240,meeting,P00075,P00496,LOC0052,2026-06-24 12:31:00,0.99,DIG003240,சென்றார்,,,
EVT_DIG003241,movement,P00087,P00970,LOC0015,2026-01-08 03:02:00,0.99,DIG003241,স্থান ভাগ করেছে,,,
EVT_DIG003242,transfer,P00264,P00631,LOC0151,2026-08-11 07:04:00,0.99,DIG003242,નાણાં મોકલ્યાં,,,
EVT_DIG003243,meeting,P00058,P00553,LOC0109,2026-06-07 23:06:00,0.99,DIG003243,મળ્યા,,,
EVT_DIG003244,meeting,P00921,P00128,LOC0007,2026-03-15 08:36:00,0.99,DIG003244,দেখা করেছে,,,
EVT_DIG003245,meeting,P00531,P00036,LOC0106,2026-07-03 10:11:00,0.99,DIG003245,ਮਿਲਿਆ,,,
EVT_DIG003246,transfer,P00259,P00973,LOC0100,2026-05-04 06:41:00,0.99,DIG003246,பணம் அனுப்பினார்,,,
EVT_DIG003247,movement,P00453,P00949,LOC0037,2026-03-03 08:34:00,0.99,DIG003247,shared a location with,,,
EVT_DIG003248,transfer,P00626,P00428,LOC0140,2026-08-03 11:49:00,0.99,DIG003248,টাকা পাঠিয়েছে,,,
EVT_DIG003249,transfer,P00387,P00918,LOC0099,2026-02-20 15:27:00,0.99,DIG003249,धन भेजा,,,
EVT_DIG003250,communication,P00256,P00352,LOC0133,2026-05-31 11:01:00,0.99,DIG003250,அழைத்தார்,,,
EVT_DIG003251,communication,P00868,P00370,LOC0100,2026-06-30 00:28:00,0.99,DIG003251,संपर्क केला,,,
EVT_DIG003252,meeting,P00390,P00764,LOC0159,2026-07-25 02:30:00,0.99,DIG003252,சந்தித்தார்,,,
EVT_DIG003253,communication,P00174,P00559,LOC0115,2026-07-04 10:47:00,0.99,DIG003253,செய்தி அனுப்பினார்,,,
EVT_DIG003254,transfer,P00244,P00563,LOC0006,2026-08-06 05:20:00,0.99,DIG003254,નાણાં મોકલ્યાં,,,
EVT_DIG003255,communication,P00507,P00571,LOC0052,2026-05-30 07:22:00,0.99,DIG003255,फोन केला,,,
EVT_DIG003256,movement,P00944,P00414,LOC0107,2026-01-11 14:48:00,0.99,DIG003256,స్థానం పంచుకున్నారు,,,
EVT_DIG003257,communication,P00603,P00876,LOC0018,2026-05-10 11:13:00,0.99,DIG003257,ఫోన్ చేశారు,,,
EVT_DIG003258,communication,P00539,P00652,LOC0070,2026-01-24 21:53:00,0.99,DIG003258,ફોન કર્યો,,,
EVT_DIG003259,vehicle_use,P00428,P00497,LOC0116,2026-05-30 21:49:00,0.99,DIG003259,वाहन का उपयोग किया,,,
EVT_DIG003260,communication,P00710,P00063,LOC0043,2026-07-08 10:05:00,0.99,DIG003260,ಸಂದೇಶ ಕಳುಹಿಸಿದರು,,,
EVT_DIG003261,movement,P00753,P00810,LOC0140,2026-05-23 05:10:00,0.99,DIG003261,shared a location with,,,
EVT_DIG003262,communication,P00780,P00703,LOC0030,2026-03-30 12:40:00,0.99,DIG003262,સંદેશ મોકલ્યો,,,
EVT_DIG003263,communication,P00289,P00030,LOC0101,2026-04-14 18:38:00,0.99,DIG003263,ਸੁਨੇਹਾ ਭੇਜਿਆ,,,
EVT_DIG003264,communication,P00371,P00246,LOC0031,2026-07-12 05:06:00,0.99,DIG003264,বার্তা পাঠিয়েছে,,,
EVT_DIG003265,transfer,P00782,P00286,LOC0132,2026-06-28 07:03:00,0.99,DIG003265,ಹಣ ಕಳುಹಿಸಿದರು,,,
EVT_DIG003266,communication,P00484,P00256,LOC0071,2026-05-01 18:17:00,0.99,DIG003266,સંદેશ મોકલ્યો,,,
EVT_DIG003267,movement,P00886,P00450,LOC0058,2026-01-15 01:17:00,0.99,DIG003267,স্থান ভাগ করেছে,,,
EVT_DIG003268,movement,P00264,P00611,LOC0041,2026-08-03 21:55:00,0.99,DIG003268,ਸਥਾਨ ਸਾਂਝਾ ਕੀਤਾ,,,
EVT_DIG003269,movement,P00499,P00577,LOC0166,2026-07-20 13:16:00,0.99,DIG003269,സ്ഥലം പങ്കിട്ടു,,,
EVT_DIG003270,meeting,P00583,P00243,LOC0139,2026-01-08 02:22:00,0.99,DIG003270,ਮੁਲਾਕਾਤ ਕੀਤੀ,,,
EVT_DIG003271,movement,P00675,P00698,LOC0160,2026-06-06 23:23:00,0.99,DIG003271,ਸਥਾਨ ਸਾਂਝਾ ਕੀਤਾ,,,
EVT_DIG003272,communication,P00990,P00571,LOC0025,2026-07-12 00:17:00,0.99,DIG003272,संदेश पाठवला,,,
EVT_DIG003273,movement,P00578,P00053,LOC0037,2026-07-08 01:04:00,0.99,DIG003273,இடத்தை பகிர்ந்தார்,,,
EVT_DIG003274,meeting,P00440,P00143,LOC0103,2026-03-13 03:12:00,0.99,DIG003274,મુલાકાત લીધી,,,
EVT_DIG003275,movement,P00058,P00924,LOC0178,2026-01-07 13:44:00,0.99,DIG003275,સ્થાન શેર કર્યું,,,
EVT_DIG003276,communication,P00396,P00458,LOC0172,2026-08-01 06:49:00,0.99,DIG003276,संपर्क किया,,,
EVT_DIG003277,meeting,P00804,P00454,LOC0141,2026-06-01 09:06:00,0.99,DIG003277,भेटला,,,
EVT_DIG003278,movement,P00761,P00091,LOC0005,2026-05-26 08:06:00,0.99,DIG003278,સ્થાન શેર કર્યું,,,
EVT_DIG003279,meeting,P00149,P00258,LOC0116,2026-07-13 10:11:00,0.99,DIG003279,met,,,
EVT_DIG003280,communication,P00886,P00930,LOC0010,2026-04-26 12:34:00,0.99,DIG003280,ಕರೆ ಮಾಡಿದರು,,,
EVT_DIG003281,transfer,P00949,P00825,LOC0047,2026-01-09 18:33:00,0.99,DIG003281,ਪੈਸੇ ਭੇਜੇ,,,
EVT_DIG003282,communication,P00161,P00722,LOC0157,2026-02-10 13:04:00,0.99,DIG003282,సందేశం పంపారు,,,
EVT_DIG003283,transfer,P00977,P00067,LOC0030,2026-03-17 05:40:00,0.99,DIG003283,رقم منتقل کی,,,
EVT_DIG003284,communication,P00834,P00974,LOC0059,2026-05-26 07:00:00,0.99,DIG003284,contacted,,,
EVT_DIG003285,communication,P00388,P00548,LOC0017,2026-08-06 03:59:00,0.99,DIG003285,फोन किया,,,
EVT_DIG003286,transfer,P00822,P00770,LOC0167,2026-04-24 08:56:00,0.99,DIG003286,पैसे पाठवले,,,
EVT_DIG003287,transfer,P00772,P00538,LOC0044,2026-05-14 00:59:00,0.99,DIG003287,பணம் அனுப்பினார்,,,
EVT_DIG003288,communication,P00083,P00021,LOC0066,2026-05-30 06:40:00,0.99,DIG003288,फोन किया,,,
EVT_DIG003289,communication,P00901,P00655,LOC0043,2026-07-07 11:42:00,0.99,DIG003289,அழைத்தார்,,,
EVT_DIG003290,communication,P00654,P00328,LOC0131,2026-07-17 22:05:00,0.99,DIG003290,સંપર્ક કર્યો,,,
EVT_DIG003291,movement,P00763,P00507,LOC0161,2026-03-08 13:55:00,0.99,DIG003291,shared a location with,,,
EVT_DIG003292,transfer,P00728,P00694,LOC0076,2026-01-08 15:23:00,0.99,DIG003292,पैसे पाठवले,,,
EVT_DIG003293,communication,P00850,P00668,LOC0035,2026-03-14 03:39:00,0.99,DIG003293,संदेश पाठवला,,,
EVT_DIG003294,transfer,P00347,P00571,LOC0147,2026-03-05 10:57:00,0.99,DIG003294,টাকা পাঠিয়েছে,,,
EVT_DIG003295,transfer,P00669,P00200,LOC0111,2026-08-08 05:12:00,0.99,DIG003295,പണം അയച്ചു,,,
EVT_DIG003296,meeting,P00444,P00047,LOC0049,2026-01-14 14:19:00,0.99,DIG003296,भेटला,,,
EVT_DIG003297,movement,P00098,P00922,LOC0159,2026-04-19 00:02:00,0.99,DIG003297,ਸਥਾਨ ਸਾਂਝਾ ਕੀਤਾ,,,
EVT_DIG003298,communication,P00387,P00973,LOC0015,2026-03-23 08:03:00,0.99,DIG003298,फोन केला,,,
EVT_DIG003299,communication,P00385,P00924,LOC0022,2026-03-09 20:51:00,0.99,DIG003299,contacted,,,
EVT_DIG003300,communication,P00626,P00426,LOC0087,2026-07-24 20:35:00,0.99,DIG003300,ફોન કર્યો,,,
EVT_DIG003301,movement,P00193,P00372,LOC0070,2026-04-24 18:08:00,0.99,DIG003301,স্থান ভাগ করেছে,,,
EVT_DIG003302,meeting,P00884,P00425,LOC0163,2026-04-06 23:35:00,0.99,DIG003302,دورہ کیا,,,
EVT_DIG003303,communication,P00798,P00008,LOC0056,2026-07-27 02:14:00,0.99,DIG003303,தொடர்பு கொண்டார்,,,
EVT_DIG003304,meeting,P00949,P00073,LOC0010,2026-03-02 13:32:00,0.99,DIG003304,కలిశారు,,,
EVT_DIG003305,meeting,P00194,P00130,LOC0129,2026-06-25 16:20:00,0.99,DIG003305,ಭೇಟಿ ನೀಡಿದರು,,,
EVT_DIG003306,communication,P00150,P00742,LOC0042,2026-05-12 00:10:00,0.99,DIG003306,যোগাযোগ করেছে,,,
EVT_DIG003307,meeting,P00332,P00723,LOC0170,2026-07-01 04:24:00,0.99,DIG003307,ملاقات کی,,,
EVT_DIG003308,movement,P00748,P00570,LOC0011,2026-02-21 05:11:00,0.99,DIG003308,ठिकाण शेअर केले,,,
EVT_DIG003309,transfer,P00214,P00663,LOC0035,2026-08-25 14:33:00,0.99,DIG003309,ಹಣ ಕಳುಹಿಸಿದರು,,,
EVT_DIG003310,communication,P00076,P00618,LOC0108,2026-07-20 15:08:00,0.99,DIG003310,ಕರೆ ಮಾಡಿದರು,,,
EVT_DIG003311,meeting,P00818,P00757,LOC0016,2026-04-02 17:59:00,0.99,DIG003311,சென்றார்,,,
EVT_DIG003312,communication,P00496,P00005,LOC0015,2026-06-19 05:25:00,0.99,DIG003312,called,,,
EVT_DIG003313,transfer,P00005,P00359,LOC0132,2026-01-08 20:04:00,0.99,DIG003313,નાણાં મોકલ્યાં,,,
EVT_DIG003314,meeting,P00553,P00397,LOC0069,2026-08-17 16:32:00,0.99,DIG003314,મુલાકાત લીધી,,,
EVT_DIG003315,meeting,P00396,P00799,LOC0147,2026-04-06 19:19:00,0.99,DIG003315,ಭೇಟಿ ನೀಡಿದರು,,,
EVT_DIG003316,meeting,P00617,P00113,LOC0074,2026-07-06 02:26:00,0.99,DIG003316,ਮਿਲਿਆ,,,
EVT_DIG003317,transfer,P00071,P00331,LOC0125,2026-07-26 23:54:00,0.99,DIG003317,رقم منتقل کی,,,
EVT_DIG003318,communication,P00245,P00015,LOC0122,2026-08-09 13:24:00,0.99,DIG003318,ਸੰਪਰਕ ਕੀਤਾ,,,
EVT_DIG003319,meeting,P00711,P00852,LOC0173,2026-04-28 22:33:00,0.99,DIG003319,দেখা করেছে,,,
EVT_DIG003320,communication,P00381,P00853,LOC0118,2026-05-28 16:12:00,0.99,DIG003320,ফোন করেছে,,,
EVT_DIG003321,communication,P00999,P00903,LOC0164,2026-05-07 22:56:00,0.99,DIG003321,ಸಂದೇಶ ಕಳುಹಿಸಿದರು,,,
EVT_DIG003322,communication,P00842,P00035,LOC0109,2026-02-23 08:22:00,0.99,DIG003322,വിളിച്ചു,,,
EVT_DIG003323,communication,P00616,P00431,LOC0091,2026-07-05 14:09:00,0.99,DIG003323,বার্তা পাঠিয়েছে,,,
EVT_DIG003324,communication,P00279,P00229,LOC0111,2026-07-21 14:34:00,0.99,DIG003324,ಸಂದೇಶ ಕಳುಹಿಸಿದರು,,,
EVT_DIG003325,vehicle_use,P00289,P00222,LOC0152,2026-01-19 19:36:00,0.99,DIG003325,वाहन का उपयोग किया,,,
EVT_DIG003326,transfer,P00848,P00778,LOC0117,2026-08-23 10:33:00,0.99,DIG003326,નાણાં મોકલ્યાં,,,
EVT_DIG003327,communication,P00741,P00617,LOC0099,2026-05-19 05:36:00,0.99,DIG003327,ബന്ധപ്പെട്ടു,,,
EVT_DIG003328,transfer,P00314,P00326,LOC0059,2026-02-08 01:39:00,0.99,DIG003328,డబ్బు పంపారు,,,
EVT_DIG003329,communication,P00288,P00256,LOC0176,2026-07-24 13:48:00,0.99,DIG003329,संपर्क किया,,,
EVT_DIG003330,communication,P00866,P00242,LOC0020,2026-04-22 22:42:00,0.99,DIG003330,సంప్రదించారు,,,
EVT_DIG003331,communication,P00629,P00933,LOC0064,2026-05-29 06:08:00,0.99,DIG003331,ബന്ധപ്പെട്ടു,,,
EVT_DIG003332,meeting,P00523,P00113,LOC0170,2026-06-11 10:37:00,0.99,DIG003332,भेटला,,,
EVT_DIG003333,communication,P00999,P00784,LOC0034,2026-01-08 18:22:00,0.99,DIG003333,સંપર્ક કર્યો,,,
EVT_DIG003334,communication,P00942,P00203,LOC0017,2026-07-18 02:56:00,0.99,DIG003334,அழைத்தார்,,,
EVT_DIG003335,meeting,P00484,P00730,LOC0023,2026-07-03 12:29:00,0.99,DIG003335,دورہ کیا,,,
EVT_DIG003336,transfer,P00411,P00101,LOC0037,2026-07-10 02:31:00,0.99,DIG003336,പണം അയച്ചു,,,
EVT_DIG003337,meeting,P00254,P00255,LOC0081,2026-02-22 12:54:00,0.99,DIG003337,भेटला,,,
EVT_DIG003338,communication,P00580,P00202,LOC0168,2026-02-12 06:05:00,0.99,DIG003338,ਸੰਪਰਕ ਕੀਤਾ,,,
EVT_DIG003339,movement,P00561,P00207,LOC0133,2026-07-10 02:12:00,0.99,DIG003339,مقام شیئر کیا,,,
EVT_DIG003340,transfer,P00441,P00509,LOC0157,2026-06-19 10:02:00,0.99,DIG003340,ਪੈਸੇ ਭੇਜੇ,,,
EVT_DIG003341,transfer,P00300,P00192,LOC0032,2026-06-05 02:41:00,0.99,DIG003341,ಹಣ ಕಳುಹಿಸಿದರು,,,
EVT_DIG003342,meeting,P00814,P00968,LOC0148,2026-03-20 09:49:00,0.99,DIG003342,ਮਿਲਿਆ,,,
EVT_DIG003343,communication,P00596,P00943,LOC0046,2026-05-07 00:34:00,0.99,DIG003343,సంప్రదించారు,,,
EVT_DIG003344,movement,P00357,P00448,LOC0169,2026-03-09 02:56:00,0.99,DIG003344,સ્થાન શેર કર્યું,,,
EVT_DIG003345,meeting,P00113,P00426,LOC0104,2026-08-02 01:27:00,0.99,DIG003345,পরিদর্শন করেছে,,,
EVT_DIG003346,transfer,P00136,P00164,LOC0137,2026-07-31 06:48:00,0.99,DIG003346,টাকা পাঠিয়েছে,,,
EVT_DIG003347,communication,P00638,P00245,LOC0134,2026-03-26 17:41:00,0.99,DIG003347,ಕರೆ ಮಾಡಿದರು,,,
EVT_DIG003348,meeting,P00564,P00756,LOC0164,2026-01-21 06:31:00,0.99,DIG003348,भेटला,,,
EVT_DIG003349,communication,P00261,P00774,LOC0058,2026-01-30 06:33:00,0.99,DIG003349,ਫੋਨ ਕੀਤਾ,,,
EVT_DIG003350,vehicle_use,P00492,P00899,LOC0002,2026-02-14 06:09:00,0.99,DIG003350,used a vehicle,,,
EVT_DIG003351,communication,P00276,P00885,LOC0134,2026-06-30 00:27:00,0.99,DIG003351,ফোন করেছে,,,
EVT_DIG003352,movement,P00337,P00112,LOC0126,2026-05-30 13:25:00,0.99,DIG003352,સ્થાન શેર કર્યું,,,
EVT_DIG003353,meeting,P00602,P00615,LOC0066,2026-02-01 14:13:00,0.99,DIG003353,కలిశారు,,,
EVT_DIG003354,meeting,P00238,P00925,LOC0115,2026-03-26 04:38:00,0.99,DIG003354,കണ്ടുമുട്ടി,,,
EVT_DIG003355,movement,P00297,P00522,LOC0158,2026-08-30 04:59:00,0.99,DIG003355,shared a location with,,,
EVT_DIG003356,transfer,P00480,P00713,LOC0166,2026-08-19 03:43:00,0.99,DIG003356,पैसे पाठवले,,,
EVT_DIG003357,meeting,P00708,P00142,LOC0179,2026-03-29 08:47:00,0.99,DIG003357,ਮਿਲਿਆ,,,
EVT_DIG003358,communication,P00977,P00570,LOC0162,2026-08-26 03:26:00,0.99,DIG003358,پیغام بھیجا,,,
EVT_DIG003359,meeting,P00489,P00672,LOC0105,2026-01-11 13:54:00,0.99,DIG003359,சந்தித்தார்,,,
EVT_DIG003360,meeting,P00372,P00917,LOC0179,2026-02-26 20:31:00,0.99,DIG003360,കണ്ടുമുട്ടി,,,
EVT_DIG003361,communication,P00389,P00489,LOC0065,2026-03-21 05:09:00,0.99,DIG003361,அழைத்தார்,,,
EVT_DIG003362,communication,P00462,P00654,LOC0147,2026-07-29 21:51:00,0.99,DIG003362,செய்தி அனுப்பினார்,,,
EVT_DIG003363,communication,P00949,P00181,LOC0101,2026-08-10 15:29:00,0.99,DIG003363,ਸੰਪਰਕ ਕੀਤਾ,,,
EVT_DIG003364,vehicle_use,P00013,P00569,LOC0179,2026-05-25 12:36:00,0.99,DIG003364,वाहन का उपयोग किया,,,
EVT_DIG003365,transfer,P00798,P00091,LOC0148,2026-04-01 15:17:00,0.99,DIG003365,টাকা পাঠিয়েছে,,,
EVT_DIG003366,communication,P00555,P00134,LOC0156,2026-08-24 00:44:00,0.99,DIG003366,સંદેશ મોકલ્યો,,,
EVT_DIG003367,movement,P00651,P00881,LOC0115,2026-08-21 20:06:00,0.99,DIG003367,مقام شیئر کیا,,,
EVT_DIG003368,communication,P00785,P00906,LOC0084,2026-01-08 08:18:00,0.99,DIG003368,સંદેશ મોકલ્યો,,,
EVT_DIG003369,transfer,P00306,P00614,LOC0056,2026-07-14 15:55:00,0.99,DIG003369,ਪੈਸੇ ਭੇਜੇ,,,
EVT_DIG003370,communication,P00354,P00904,LOC0024,2026-06-28 20:53:00,0.99,DIG003370,contacted,,,
EVT_DIG003371,vehicle_use,P00030,P00651,LOC0018,2026-08-21 19:39:00,0.99,DIG003371,वाहन का उपयोग किया,,,
EVT_DIG003372,communication,P00752,P00813,LOC0108,2026-08-14 14:56:00,0.99,DIG003372,ફોન કર્યો,,,
EVT_DIG003373,transfer,P00159,P00031,LOC0055,2026-03-26 02:30:00,0.99,DIG003373,பணம் அனுப்பினார்,,,
EVT_DIG003374,meeting,P00099,P00512,LOC0133,2026-03-09 07:24:00,0.99,DIG003374,സന്ദർശിച്ചു,,,
EVT_DIG003375,communication,P00510,P00114,LOC0119,2026-03-16 11:37:00,0.99,DIG003375,sent a message to,,,
EVT_DIG003376,communication,P00395,P00802,LOC0107,2026-05-18 14:48:00,0.99,DIG003376,संपर्क किया,,,
EVT_DIG003377,communication,P00574,P00421,LOC0109,2026-08-22 16:40:00,0.99,DIG003377,ಸಂದೇಶ ಕಳುಹಿಸಿದರು,,,
EVT_DIG003378,transfer,P00354,P00415,LOC0045,2026-01-31 20:21:00,0.99,DIG003378,ਪੈਸੇ ਭੇਜੇ,,,
EVT_DIG003379,communication,P00894,P00784,LOC0165,2026-04-25 12:14:00,0.99,DIG003379,సంప్రదించారు,,,
EVT_DIG003380,communication,P00097,P00213,LOC0010,2026-06-28 09:28:00,0.99,DIG003380,ബന്ധപ്പെട്ടു,,,
EVT_DIG003381,meeting,P00975,P00553,LOC0121,2026-06-13 10:48:00,0.99,DIG003381,મળ્યા,,,
EVT_DIG003382,movement,P00032,P00009,LOC0080,2026-06-28 02:48:00,0.99,DIG003382,સ્થાન શેર કર્યું,,,
EVT_DIG003383,communication,P00419,P00022,LOC0116,2026-08-26 21:50:00,0.99,DIG003383,संदेश भेजा,,,
EVT_DIG003384,meeting,P00929,P00284,LOC0024,2026-03-27 14:35:00,0.99,DIG003384,দেখা করেছে,,,
EVT_DIG003385,communication,P00448,P00495,LOC0146,2026-04-27 17:19:00,0.99,DIG003385,फोन केला,,,
EVT_DIG003386,meeting,P00701,P00981,LOC0116,2026-04-01 04:49:00,0.99,DIG003386,சந்தித்தார்,,,
EVT_DIG003387,communication,P00688,P00815,LOC0001,2026-04-13 19:15:00,0.99,DIG003387,फोन किया,,,
EVT_DIG003388,communication,P00317,P00471,LOC0119,2026-02-18 00:39:00,0.99,DIG003388,సంప్రదించారు,,,
EVT_DIG003389,transfer,P00933,P00778,LOC0133,2026-01-27 08:03:00,0.99,DIG003389,പണം അയച്ചു,,,
EVT_DIG003390,transfer,P00987,P00049,LOC0096,2026-07-03 01:50:00,0.99,DIG003390,ਪੈਸੇ ਭੇਜੇ,,,
EVT_DIG003391,transfer,P00658,P00205,LOC0097,2026-03-31 16:07:00,0.99,DIG003391,पैसे पाठवले,,,
EVT_DIG003392,communication,P00752,P00740,LOC0007,2026-01-25 18:06:00,0.99,DIG003392,contacted,,,
EVT_DIG003393,meeting,P00249,P00316,LOC0016,2026-06-28 15:24:00,0.99,DIG003393,కలిశారు,,,
EVT_DIG003394,communication,P00351,P00550,LOC0087,2026-02-25 15:53:00,0.99,DIG003394,যোগাযোগ করেছে,,,
EVT_DIG003395,meeting,P00675,P00623,LOC0116,2026-04-14 01:14:00,0.99,DIG003395,ਮੁਲਾਕਾਤ ਕੀਤੀ,,,
EVT_DIG003396,communication,P00082,P00742,LOC0038,2026-02-28 22:55:00,0.99,DIG003396,ਸੰਪਰਕ ਕੀਤਾ,,,
EVT_DIG003397,meeting,P00826,P00454,LOC0073,2026-03-25 18:31:00,0.99,DIG003397,സന്ദർശിച്ചു,,,
EVT_DIG003398,movement,P00246,P00612,LOC0160,2026-08-31 02:09:00,0.99,DIG003398,ठिकाण शेअर केले,,,
EVT_DIG003399,communication,P00395,P00996,LOC0008,2026-05-11 12:37:00,0.99,DIG003399,સંદેશ મોકલ્યો,,,
EVT_DIG003400,meeting,P00382,P00426,LOC0087,2026-07-10 18:29:00,0.99,DIG003400,వెళ్లారు,,,
EVT_DIG003401,communication,P00618,P00180,LOC0176,2026-08-30 21:32:00,0.99,DIG003401,ബന്ധപ്പെട്ടു,,,
EVT_DIG003402,communication,P00984,P00698,LOC0154,2026-01-09 08:12:00,0.99,DIG003402,ਫੋਨ ਕੀਤਾ,,,
EVT_DIG003403,communication,P00014,P00807,LOC0150,2026-03-13 23:46:00,0.99,DIG003403,called,,,
EVT_DIG003404,communication,P00698,P00976,LOC0080,2026-04-28 16:06:00,0.99,DIG003404,செய்தி அனுப்பினார்,,,
EVT_DIG003405,meeting,P00361,P00154,LOC0028,2026-03-06 13:13:00,0.99,DIG003405,met,,,
EVT_DIG003406,meeting,P00091,P00846,LOC0157,2026-05-27 21:22:00,0.99,DIG003406,சந்தித்தார்,,,
EVT_DIG003407,meeting,P00711,P00415,LOC0149,2026-07-22 04:01:00,0.99,DIG003407,ಭೇಟಿ ನೀಡಿದರು,,,
EVT_DIG003408,meeting,P00150,P00708,LOC0018,2026-07-07 04:55:00,0.99,DIG003408,ಭೇಟಿಯಾದರು,,,
EVT_DIG003409,meeting,P00070,P00466,LOC0105,2026-01-01 18:36:00,0.99,DIG003409,ملاقات کی,,,
EVT_DIG003410,meeting,P00272,P00845,LOC0099,2026-08-09 13:02:00,0.99,DIG003410,சென்றார்,,,
EVT_DIG003411,transfer,P00600,P00341,LOC0104,2026-03-27 08:58:00,0.99,DIG003411,નાણાં મોકલ્યાં,,,
EVT_DIG003412,movement,P00016,P00359,LOC0017,2026-05-12 01:47:00,0.99,DIG003412,स्थान साझा किया,,,
EVT_DIG003413,meeting,P00649,P00132,LOC0155,2026-03-15 00:56:00,0.99,DIG003413,भेट दिली,,,
EVT_DIG003414,meeting,P00905,P00007,LOC0098,2026-03-23 04:01:00,0.99,DIG003414,दौरा किया,,,
EVT_DIG003415,movement,P00511,P00267,LOC0157,2026-01-31 00:29:00,0.99,DIG003415,இடத்தை பகிர்ந்தார்,,,
EVT_DIG003416,communication,P00576,P00168,LOC0100,2026-07-05 15:14:00,0.99,DIG003416,संदेश पाठवला,,,
EVT_DIG003417,communication,P00077,P00186,LOC0026,2026-06-27 08:46:00,0.99,DIG003417,సందేశం పంపారు,,,
EVT_DIG003418,communication,P00612,P00227,LOC0066,2026-03-01 11:27:00,0.99,DIG003418,फोन किया,,,
EVT_DIG003419,movement,P00320,P00580,LOC0144,2026-03-04 07:06:00,0.99,DIG003419,இடத்தை பகிர்ந்தார்,,,
EVT_DIG003420,communication,P00556,P00565,LOC0076,2026-02-19 13:42:00,0.99,DIG003420,संदेश भेजा,,,
EVT_DIG003421,meeting,P00816,P00616,LOC0010,2026-05-25 08:38:00,0.99,DIG003421,मिला,,,
EVT_DIG003422,communication,P00875,P00938,LOC0154,2026-03-29 14:18:00,0.99,DIG003422,پیغام بھیجا,,,
EVT_DIG003423,transfer,P00349,P00271,LOC0117,2026-03-09 01:56:00,0.99,DIG003423,पैसे पाठवले,,,
EVT_DIG003424,transfer,P00830,P00906,LOC0075,2026-01-26 08:03:00,0.99,DIG003424,رقم منتقل کی,,,
EVT_DIG003425,communication,P00761,P00923,LOC0067,2026-04-03 01:51:00,0.99,DIG003425,বার্তা পাঠিয়েছে,,,
EVT_DIG003426,communication,P00317,P00393,LOC0169,2026-05-17 12:08:00,0.99,DIG003426,contacted,,,
EVT_DIG003427,movement,P00567,P00775,LOC0079,2026-06-05 16:58:00,0.99,DIG003427,ಸ್ಥಳ ಹಂಚಿಕೊಂಡರು,,,
EVT_DIG003428,movement,P00382,P00268,LOC0025,2026-07-24 21:39:00,0.99,DIG003428,स्थान साझा किया,,,
EVT_DIG003429,communication,P00091,P00224,LOC0095,2026-04-03 21:20:00,0.99,DIG003429,సందేశం పంపారు,,,
EVT_DIG003430,transfer,P00431,P00171,LOC0007,2026-03-31 21:26:00,0.99,DIG003430,ਪੈਸੇ ਭੇਜੇ,,,
EVT_DIG003431,communication,P00222,P00864,LOC0056,2026-08-11 08:48:00,0.99,DIG003431,پیغام بھیجا,,,
EVT_DIG003432,meeting,P00797,P00177,LOC0112,2026-08-24 13:50:00,0.99,DIG003432,ਮਿਲਿਆ,,,
EVT_DIG003433,communication,P00999,P00166,LOC0042,2026-06-16 22:07:00,0.99,DIG003433,संपर्क केला,,,
EVT_DIG003434,meeting,P00177,P00733,LOC0003,2026-07-10 05:06:00,0.99,DIG003434,दौरा किया,,,
EVT_DIG003435,communication,P00336,P00661,LOC0032,2026-01-02 05:36:00,0.99,DIG003435,ಸಂದೇಶ ಕಳುಹಿಸಿದರು,,,
EVT_DIG003436,meeting,P00565,P00237,LOC0075,2026-06-21 17:54:00,0.99,DIG003436,சந்தித்தார்,,,
EVT_DIG003437,communication,P00944,P00554,LOC0012,2026-08-16 17:05:00,0.99,DIG003437,સંપર્ક કર્યો,,,
EVT_DIG003438,communication,P00369,P00601,LOC0059,2026-06-19 12:53:00,0.99,DIG003438,پیغام بھیجا,,,
EVT_DIG003439,communication,P00325,P00340,LOC0058,2026-07-24 18:20:00,0.99,DIG003439,বার্তা পাঠিয়েছে,,,
EVT_DIG003440,meeting,P00219,P00075,LOC0156,2026-07-31 06:27:00,0.99,DIG003440,ملاقات کی,,,
EVT_DIG003441,meeting,P00732,P00607,LOC0147,2026-07-11 20:40:00,0.99,DIG003441,കണ്ടുമുട്ടി,,,
EVT_DIG003442,meeting,P00482,P00401,LOC0169,2026-01-19 20:47:00,0.99,DIG003442,भेट दिली,,,
EVT_DIG003443,communication,P00754,P00898,LOC0124,2026-08-29 00:55:00,0.99,DIG003443,যোগাযোগ করেছে,,,
EVT_DIG003444,meeting,P00876,P00496,LOC0100,2026-03-02 21:01:00,0.99,DIG003444,دورہ کیا,,,
EVT_DIG003445,meeting,P00747,P00927,LOC0068,2026-06-03 04:22:00,0.99,DIG003445,भेट दिली,,,
EVT_DIG003446,movement,P00271,P00788,LOC0098,2026-05-05 23:13:00,0.99,DIG003446,shared a location with,,,
EVT_DIG003447,transfer,P00037,P00706,LOC0098,2026-08-28 11:09:00,0.99,DIG003447,નાણાં મોકલ્યાં,,,
EVT_DIG003448,meeting,P00184,P00613,LOC0157,2026-06-07 00:43:00,0.99,DIG003448,দেখা করেছে,,,
EVT_DIG003449,movement,P00358,P00798,LOC0079,2026-05-28 00:11:00,0.99,DIG003449,مقام شیئر کیا,,,
EVT_DIG003450,communication,P00687,P00651,LOC0152,2026-06-22 14:41:00,0.99,DIG003450,संदेश भेजा,,,
EVT_DIG003451,communication,P00645,P00888,LOC0117,2026-07-22 08:24:00,0.99,DIG003451,contacted,,,
EVT_DIG003452,communication,P00963,P00590,LOC0007,2026-05-27 01:29:00,0.99,DIG003452,called,,,
EVT_DIG003453,meeting,P00689,P00352,LOC0122,2026-03-11 11:45:00,0.99,DIG003453,دورہ کیا,,,
EVT_DIG003454,meeting,P00085,P00845,LOC0027,2026-04-26 06:45:00,0.99,DIG003454,दौरा किया,,,
EVT_DIG003455,communication,P00290,P00579,LOC0159,2026-01-07 21:43:00,0.99,DIG003455,संपर्क केला,,,
EVT_DIG003456,transfer,P00683,P00146,LOC0040,2026-07-02 05:04:00,0.99,DIG003456,টাকা পাঠিয়েছে,,,
EVT_DIG003457,communication,P00699,P00735,LOC0077,2026-02-13 10:55:00,0.99,DIG003457,رابطہ کیا,,,
EVT_DIG003458,meeting,P00795,P00943,LOC0075,2026-07-28 02:58:00,0.99,DIG003458,കണ്ടുമുട്ടി,,,
EVT_DIG003459,transfer,P00436,P00541,LOC0150,2026-02-25 23:59:00,0.99,DIG003459,പണം അയച്ചു,,,
EVT_DIG003460,communication,P00391,P00756,LOC0165,2026-02-12 21:53:00,0.99,DIG003460,ਸੰਪਰਕ ਕੀਤਾ,,,
EVT_DIG003461,movement,P00179,P00303,LOC0066,2026-04-24 05:10:00,0.99,DIG003461,સ્થાન શેર કર્યું,,,
EVT_DIG003462,communication,P00529,P00536,LOC0097,2026-01-06 17:10:00,0.99,DIG003462,संपर्क केला,,,
EVT_DIG003463,meeting,P00487,P00285,LOC0070,2026-07-01 13:09:00,0.99,DIG003463,சென்றார்,,,
EVT_DIG003464,meeting,P00574,P00660,LOC0122,2026-05-27 08:11:00,0.99,DIG003464,দেখা করেছে,,,
EVT_DIG003465,communication,P00858,P00153,LOC0153,2026-07-02 18:56:00,0.99,DIG003465,સંપર્ક કર્યો,,,
EVT_DIG003466,transfer,P00737,P00779,LOC0039,2026-05-13 23:36:00,0.99,DIG003466,പണം അയച്ചു,,,
EVT_DIG003467,communication,P00108,P00666,LOC0180,2026-04-20 20:16:00,0.99,DIG003467,ફોન કર્યો,,,
EVT_DIG003468,communication,P00210,P00142,LOC0071,2026-06-18 12:56:00,0.99,DIG003468,ബന്ധപ്പെട്ടു,,,
EVT_DIG003469,meeting,P00949,P00022,LOC0059,2026-03-25 20:29:00,0.99,DIG003469,ಭೇಟಿಯಾದರು,,,
EVT_DIG003470,meeting,P00027,P00304,LOC0046,2026-06-02 19:19:00,0.99,DIG003470,സന്ദർശിച്ചു,,,
EVT_DIG003471,communication,P00293,P00361,LOC0167,2026-01-21 17:08:00,0.99,DIG003471,ಕರೆ ಮಾಡಿದರು,,,
EVT_DIG003472,transfer,P00648,P00257,LOC0126,2026-04-10 07:00:00,0.99,DIG003472,பணம் அனுப்பினார்,,,
EVT_DIG003473,transfer,P00451,P00365,LOC0144,2026-01-24 20:27:00,0.99,DIG003473,பணம் அனுப்பினார்,,,
EVT_DIG003474,meeting,P00948,P00363,LOC0088,2026-01-25 14:13:00,0.99,DIG003474,met,,,
EVT_DIG003475,meeting,P00109,P00006,LOC0080,2026-05-19 21:12:00,0.99,DIG003475,കണ്ടുമുട്ടി,,,
EVT_DIG003476,meeting,P00566,P00351,LOC0050,2026-08-25 13:01:00,0.99,DIG003476,ਮਿਲਿਆ,,,
EVT_DIG003477,transfer,P00874,P00983,LOC0010,2026-08-22 03:11:00,0.99,DIG003477,പണം അയച്ചു,,,
EVT_DIG003478,transfer,P00640,P00682,LOC0024,2026-03-01 18:20:00,0.99,DIG003478,డబ్బు పంపారు,,,
EVT_DIG003479,communication,P00657,P00277,LOC0066,2026-03-14 06:58:00,0.99,DIG003479,ಸಂಪರ್ಕಿಸಿದರು,,,
EVT_DIG003480,communication,P00554,P00749,LOC0121,2026-06-10 05:09:00,0.99,DIG003480,ફોન કર્યો,,,
EVT_DIG003481,communication,P00771,P00051,LOC0063,2026-02-05 13:37:00,0.99,DIG003481,தொடர்பு கொண்டார்,,,
EVT_DIG003482,communication,P00637,P00208,LOC0144,2026-07-24 22:03:00,0.99,DIG003482,ਸੰਪਰਕ ਕੀਤਾ,,,
EVT_DIG003483,communication,P00469,P00713,LOC0172,2026-08-11 09:01:00,0.99,DIG003483,संदेश पाठवला,,,
EVT_DIG003484,meeting,P00572,P00194,LOC0030,2026-08-12 11:08:00,0.99,DIG003484,వెళ్లారు,,,
EVT_DIG003485,communication,P00831,P00746,LOC0107,2026-04-24 14:56:00,0.99,DIG003485,فون کیا,,,
EVT_DIG003486,movement,P00032,P00128,LOC0011,2026-06-02 12:32:00,0.99,DIG003486,مقام شیئر کیا,,,
EVT_DIG003487,communication,P00476,P00883,LOC0114,2026-06-02 10:21:00,0.99,DIG003487,যোগাযোগ করেছে,,,
EVT_DIG003488,communication,P00632,P00825,LOC0031,2026-03-18 16:30:00,0.99,DIG003488,رابطہ کیا,,,
EVT_DIG003489,transfer,P00392,P00249,LOC0154,2026-04-04 13:31:00,0.99,DIG003489,പണം അയച്ചു,,,
EVT_DIG003490,communication,P00275,P00491,LOC0095,2026-05-23 18:20:00,0.99,DIG003490,સંપર્ક કર્યો,,,
EVT_DIG003491,communication,P00973,P00827,LOC0076,2026-02-05 02:09:00,0.99,DIG003491,संदेश भेजा,,,
EVT_DIG003492,transfer,P00631,P00117,LOC0140,2026-06-24 22:42:00,0.99,DIG003492,টাকা পাঠিয়েছে,,,
EVT_DIG003493,communication,P00430,P00422,LOC0163,2026-02-20 12:56:00,0.99,DIG003493,ಕರೆ ಮಾಡಿದರು,,,
EVT_DIG003494,meeting,P00009,P00832,LOC0083,2026-01-18 05:12:00,0.99,DIG003494,కలిశారు,,,
EVT_DIG003495,meeting,P00748,P00631,LOC0006,2026-03-11 17:34:00,0.99,DIG003495,পরিদর্শন করেছে,,,
EVT_DIG003496,meeting,P00143,P00827,LOC0100,2026-02-26 00:51:00,0.99,DIG003496,వెళ్లారు,,,
EVT_DIG003497,meeting,P00438,P00463,LOC0079,2026-08-19 18:51:00,0.99,DIG003497,ملاقات کی,,,
EVT_DIG003498,movement,P00840,P00951,LOC0108,2026-03-10 06:32:00,0.99,DIG003498,સ્થાન શેર કર્યું,,,
EVT_DIG003499,movement,P00433,P00487,LOC0136,2026-06-26 02:07:00,0.99,DIG003499,ठिकाण शेअर केले,,,
EVT_DIG003500,communication,P00274,P00162,LOC0111,2026-05-02 05:48:00,0.99,DIG003500,ਸੁਨੇਹਾ ਭੇਜਿਆ,,,
EVT_DIG003501,communication,P00906,P00071,LOC0168,2026-02-08 22:21:00,0.99,DIG003501,called,,,
EVT_DIG003502,communication,P00815,P00495,LOC0074,2026-05-05 14:16:00,0.99,DIG003502,செய்தி அனுப்பினார்,,,
EVT_DIG003503,transfer,P00901,P00295,LOC0166,2026-07-23 18:18:00,0.99,DIG003503,பணம் அனுப்பினார்,,,
EVT_DIG003504,communication,P00260,P00200,LOC0166,2026-03-16 07:50:00,0.99,DIG003504,தொடர்பு கொண்டார்,,,
EVT_DIG003505,movement,P00367,P00196,LOC0102,2026-06-17 21:59:00,0.99,DIG003505,ಸ್ಥಳ ಹಂಚಿಕೊಂಡರು,,,
EVT_DIG003506,communication,P00768,P00267,LOC0034,2026-05-27 04:25:00,0.99,DIG003506,संपर्क किया,,,
EVT_DIG003507,vehicle_use,P00168,P00187,LOC0072,2026-06-12 14:05:00,0.99,DIG003507,used a vehicle,,,
EVT_DIG003508,communication,P00597,P00053,LOC0174,2026-06-25 14:41:00,0.99,DIG003508,संदेश पाठवला,,,
EVT_DIG003509,communication,P00859,P00020,LOC0012,2026-06-20 12:27:00,0.99,DIG003509,فون کیا,,,
EVT_DIG003510,communication,P00354,P00831,LOC0062,2026-04-07 01:40:00,0.99,DIG003510,വിളിച്ചു,,,
EVT_DIG003511,meeting,P00073,P00782,LOC0162,2026-04-26 10:08:00,0.99,DIG003511,சந்தித்தார்,,,
EVT_DIG003512,movement,P00094,P00410,LOC0027,2026-04-13 08:16:00,0.99,DIG003512,ठिकाण शेअर केले,,,
EVT_DIG003513,communication,P00962,P00899,LOC0025,2026-06-16 21:18:00,0.99,DIG003513,ફોન કર્યો,,,
EVT_DIG003514,meeting,P00291,P00341,LOC0118,2026-03-24 10:50:00,0.99,DIG003514,दौरा किया,,,
EVT_DIG003515,meeting,P00313,P00836,LOC0175,2026-04-19 01:34:00,0.99,DIG003515,મુલાકાત લીધી,,,
EVT_DIG003516,movement,P00113,P00138,LOC0008,2026-01-01 16:18:00,0.99,DIG003516,સ્થાન શેર કર્યું,,,
EVT_DIG003517,communication,P00132,P00481,LOC0087,2026-04-22 17:58:00,0.99,DIG003517,संदेश पाठवला,,,
EVT_DIG003518,transfer,P00832,P00963,LOC0163,2026-05-03 09:37:00,0.99,DIG003518,رقم منتقل کی,,,
EVT_DIG003519,communication,P00168,P00954,LOC0095,2026-02-23 06:18:00,0.99,DIG003519,پیغام بھیجا,,,
EVT_DIG003520,meeting,P00953,P00986,LOC0006,2026-01-28 21:45:00,0.99,DIG003520,મુલાકાત લીધી,,,
EVT_DIG003521,communication,P00243,P00392,LOC0064,2026-05-14 00:25:00,0.99,DIG003521,বার্তা পাঠিয়েছে,,,
EVT_DIG003522,communication,P00404,P00213,LOC0069,2026-04-25 07:29:00,0.99,DIG003522,સંદેશ મોકલ્યો,,,
EVT_DIG003523,transfer,P00825,P00142,LOC0176,2026-01-09 23:15:00,0.99,DIG003523,transferred funds to,,,
EVT_DIG003524,transfer,P00156,P00611,LOC0061,2026-06-10 21:27:00,0.99,DIG003524,पैसे पाठवले,,,
EVT_DIG003525,meeting,P00182,P00999,LOC0163,2026-03-13 07:30:00,0.99,DIG003525,দেখা করেছে,,,
EVT_DIG003526,meeting,P00767,P00182,LOC0131,2026-07-09 11:53:00,0.99,DIG003526,కలిశారు,,,
EVT_DIG003527,communication,P00779,P00082,LOC0175,2026-03-12 19:55:00,0.99,DIG003527,फोन किया,,,
EVT_DIG003528,communication,P00448,P00508,LOC0061,2026-06-08 06:40:00,0.99,DIG003528,संपर्क केला,,,
EVT_DIG003529,transfer,P00041,P00465,LOC0077,2026-01-12 22:34:00,0.99,DIG003529,টাকা পাঠিয়েছে,,,
EVT_DIG003530,communication,P00127,P00709,LOC0073,2026-02-04 02:45:00,0.99,DIG003530,contacted,,,
EVT_DIG003531,meeting,P00310,P00519,LOC0053,2026-05-10 03:01:00,0.99,DIG003531,দেখা করেছে,,,
EVT_DIG003532,communication,P00811,P00926,LOC0035,2026-05-01 08:38:00,0.99,DIG003532,ફોન કર્યો,,,
EVT_DIG003533,communication,P00777,P00181,LOC0153,2026-08-13 01:36:00,0.99,DIG003533,sent a message to,,,
EVT_DIG003534,meeting,P00160,P00649,LOC0011,2026-01-01 10:48:00,0.99,DIG003534,मिला,,,
EVT_DIG003535,communication,P00110,P00448,LOC0167,2026-07-17 09:50:00,0.99,DIG003535,contacted,,,
EVT_DIG003536,transfer,P00557,P00056,LOC0098,2026-06-03 09:40:00,0.99,DIG003536,പണം അയച്ചു,,,
EVT_DIG003537,transfer,P00605,P00602,LOC0068,2026-08-31 10:48:00,0.99,DIG003537,ಹಣ ಕಳುಹಿಸಿದರು,,,
EVT_DIG003538,vehicle_use,P00386,P00068,LOC0031,2026-06-02 14:40:00,0.99,DIG003538,used a vehicle,,,
EVT_DIG003539,transfer,P00977,P00565,LOC0025,2026-07-28 18:11:00,0.99,DIG003539,નાણાં મોકલ્યાં,,,
EVT_DIG003540,communication,P00708,P00813,LOC0078,2026-04-27 21:00:00,0.99,DIG003540,સંદેશ મોકલ્યો,,,
EVT_DIG003541,meeting,P00051,P00360,LOC0081,2026-06-06 20:03:00,0.99,DIG003541,دورہ کیا,,,
EVT_DIG003542,movement,P00288,P00168,LOC0006,2026-08-02 20:23:00,0.99,DIG003542,ಸ್ಥಳ ಹಂಚಿಕೊಂಡರು,,,
EVT_DIG003543,communication,P00593,P00449,LOC0130,2026-06-17 19:44:00,0.99,DIG003543,فون کیا,,,
EVT_DIG003544,communication,P00108,P00393,LOC0061,2026-01-31 16:24:00,0.99,DIG003544,ਸੁਨੇਹਾ ਭੇਜਿਆ,,,
EVT_DIG003545,transfer,P00917,P00311,LOC0001,2026-05-14 19:26:00,0.99,DIG003545,টাকা পাঠিয়েছে,,,
EVT_DIG003546,transfer,P00693,P00478,LOC0071,2026-04-25 09:33:00,0.99,DIG003546,பணம் அனுப்பினார்,,,
EVT_DIG003547,movement,P00043,P00111,LOC0106,2026-07-26 06:36:00,0.99,DIG003547,স্থান ভাগ করেছে,,,
EVT_DIG003548,communication,P00495,P00272,LOC0073,2026-03-18 14:29:00,0.99,DIG003548,फोन केला,,,
EVT_DIG003549,communication,P00528,P00714,LOC0100,2026-04-16 06:02:00,0.99,DIG003549,رابطہ کیا,,,
EVT_DIG003550,transfer,P00780,P00404,LOC0101,2026-08-14 21:13:00,0.99,DIG003550,નાણાં મોકલ્યાં,,,
EVT_DIG003551,communication,P00945,P00156,LOC0086,2026-02-15 01:12:00,0.99,DIG003551,ਸੁਨੇਹਾ ਭੇਜਿਆ,,,
EVT_DIG003552,movement,P00673,P00390,LOC0020,2026-02-19 17:29:00,0.99,DIG003552,സ്ഥലം പങ്കിട്ടു,,,
EVT_DIG003553,movement,P00498,P00619,LOC0021,2026-03-19 13:54:00,0.99,DIG003553,ਸਥਾਨ ਸਾਂਝਾ ਕੀਤਾ,,,
EVT_DIG003554,communication,P00414,P00776,LOC0061,2026-08-01 10:41:00,0.99,DIG003554,फोन किया,,,
EVT_DIG003555,communication,P00564,P00160,LOC0040,2026-06-30 18:00:00,0.99,DIG003555,ਫੋਨ ਕੀਤਾ,,,
EVT_DIG003556,meeting,P00188,P00168,LOC0036,2026-03-26 21:01:00,0.99,DIG003556,मिला,,,
EVT_DIG003557,meeting,P00723,P00925,LOC0002,2026-03-25 06:20:00,0.99,DIG003557,भेट दिली,,,
EVT_DIG003558,movement,P00807,P00503,LOC0009,2026-03-01 11:31:00,0.99,DIG003558,സ്ഥലം പങ്കിട്ടു,,,
EVT_DIG003559,transfer,P00368,P00828,LOC0015,2026-04-19 23:26:00,0.99,DIG003559,പണം അയച്ചു,,,
EVT_DIG003560,transfer,P00187,P00553,LOC0039,2026-02-18 05:12:00,0.99,DIG003560,പണം അയച്ചു,,,
EVT_DIG003561,meeting,P00855,P00027,LOC0088,2026-08-26 07:39:00,0.99,DIG003561,भेटला,,,
EVT_DIG003562,communication,P00187,P00824,LOC0124,2026-07-17 23:32:00,0.99,DIG003562,फोन किया,,,
EVT_DIG003563,meeting,P00311,P00113,LOC0053,2026-03-17 11:25:00,0.99,DIG003563,ਮੁਲਾਕਾਤ ਕੀਤੀ,,,
EVT_DIG003564,meeting,P00688,P00597,LOC0022,2026-04-24 23:48:00,0.99,DIG003564,met,,,
EVT_DIG003565,transfer,P00842,P00749,LOC0019,2026-04-30 05:23:00,0.99,DIG003565,धन भेजा,,,
EVT_DIG003566,movement,P00848,P00320,LOC0068,2026-08-01 11:06:00,0.99,DIG003566,ಸ್ಥಳ ಹಂಚಿಕೊಂಡರು,,,
EVT_DIG003567,communication,P00571,P00940,LOC0062,2026-05-09 17:26:00,0.99,DIG003567,ఫోన్ చేశారు,,,
EVT_DIG003568,meeting,P00801,P00719,LOC0016,2026-08-17 12:37:00,0.99,DIG003568,भेट दिली,,,
EVT_DIG003569,meeting,P00131,P00053,LOC0004,2026-05-08 15:47:00,0.99,DIG003569,भेटला,,,
EVT_DIG003570,communication,P00859,P00752,LOC0040,2026-06-30 10:32:00,0.99,DIG003570,தொடர்பு கொண்டார்,,,
EVT_DIG003571,communication,P00981,P00625,LOC0154,2026-08-29 10:22:00,0.99,DIG003571,فون کیا,,,
EVT_DIG003572,meeting,P00747,P00354,LOC0102,2026-04-08 09:33:00,0.99,DIG003572,వెళ్లారు,,,
EVT_DIG003573,communication,P00406,P00786,LOC0155,2026-06-11 19:18:00,0.99,DIG003573,ਸੰਪਰਕ ਕੀਤਾ,,,
EVT_DIG003574,communication,P00743,P00134,LOC0067,2026-03-08 12:25:00,0.99,DIG003574,رابطہ کیا,,,
EVT_DIG003575,communication,P00500,P00593,LOC0062,2026-05-24 11:13:00,0.99,DIG003575,ফোন করেছে,,,
EVT_DIG003576,communication,P00182,P00912,LOC0162,2026-02-05 18:58:00,0.99,DIG003576,फोन केला,,,
EVT_DIG003577,movement,P00442,P00679,LOC0015,2026-08-21 21:58:00,0.99,DIG003577,ठिकाण शेअर केले,,,
EVT_DIG003578,transfer,P00541,P00928,LOC0152,2026-02-27 16:53:00,0.99,DIG003578,धन भेजा,,,
EVT_DIG003579,meeting,P00519,P00311,LOC0088,2026-02-11 20:23:00,0.99,DIG003579,కలిశారు,,,
EVT_DIG003580,vehicle_use,P00507,P00140,LOC0139,2026-07-30 04:43:00,0.99,DIG003580,used a vehicle,,,
EVT_DIG003581,movement,P00398,P00459,LOC0030,2026-04-12 00:21:00,0.99,DIG003581,స్థానం పంచుకున్నారు,,,
EVT_DIG003582,movement,P00217,P00353,LOC0082,2026-08-10 14:03:00,0.99,DIG003582,સ્થાન શેર કર્યું,,,
EVT_DIG003583,communication,P00600,P00650,LOC0043,2026-01-31 17:47:00,0.99,DIG003583,அழைத்தார்,,,
EVT_DIG003584,communication,P00401,P00314,LOC0114,2026-01-27 13:40:00,0.99,DIG003584,ਸੁਨੇਹਾ ਭੇਜਿਆ,,,
EVT_DIG003585,movement,P00631,P00873,LOC0089,2026-05-16 06:18:00,0.99,DIG003585,ਸਥਾਨ ਸਾਂਝਾ ਕੀਤਾ,,,
EVT_DIG003586,meeting,P00993,P00278,LOC0081,2026-02-07 08:30:00,0.99,DIG003586,కలిశారు,,,
EVT_DIG003587,meeting,P00998,P00592,LOC0072,2026-01-14 22:41:00,0.99,DIG003587,دورہ کیا,,,
EVT_DIG003588,communication,P00615,P00314,LOC0024,2026-01-03 20:33:00,0.99,DIG003588,വിളിച്ചു,,,
EVT_DIG003589,meeting,P00982,P00808,LOC0100,2026-08-13 09:29:00,0.99,DIG003589,சந்தித்தார்,,,
EVT_DIG003590,movement,P00443,P00938,LOC0109,2026-04-12 05:38:00,0.99,DIG003590,shared a location with,,,
EVT_DIG003591,transfer,P00888,P00930,LOC0086,2026-07-21 15:15:00,0.99,DIG003591,പണം അയച്ചു,,,
EVT_DIG003592,communication,P00282,P00789,LOC0107,2026-05-26 17:40:00,0.99,DIG003592,संपर्क केला,,,
EVT_DIG003593,communication,P00163,P00270,LOC0056,2026-04-01 17:45:00,0.99,DIG003593,ફોન કર્યો,,,
EVT_DIG003594,meeting,P00153,P00542,LOC0127,2026-08-21 22:16:00,0.99,DIG003594,পরিদর্শন করেছে,,,
EVT_DIG003595,communication,P00790,P00621,LOC0179,2026-04-01 21:56:00,0.99,DIG003595,संदेश पाठवला,,,
EVT_DIG003596,meeting,P00307,P00410,LOC0151,2026-08-30 18:28:00,0.99,DIG003596,मिला,,,
EVT_DIG003597,communication,P00702,P00324,LOC0105,2026-01-18 14:48:00,0.99,DIG003597,செய்தி அனுப்பினார்,,,
EVT_DIG003598,vehicle_use,P00380,P00317,LOC0179,2026-07-16 22:55:00,0.99,DIG003598,used a vehicle,,,
EVT_DIG003599,transfer,P00590,P00307,LOC0087,2026-06-14 13:41:00,0.99,DIG003599,പണം അയച്ചു,,,
EVT_DIG003600,communication,P00224,P00627,LOC0155,2026-03-09 15:49:00,0.99,DIG003600,संदेश भेजा,,,
EVT_DIG003601,meeting,P00104,P00449,LOC0113,2026-08-24 13:57:00,0.99,DIG003601,കണ്ടുമുട്ടി,,,
EVT_DIG003602,meeting,P00328,P00680,LOC0172,2026-04-06 05:38:00,0.99,DIG003602,দেখা করেছে,,,
EVT_DIG003603,communication,P00753,P00871,LOC0167,2026-03-06 09:53:00,0.99,DIG003603,ബന്ധപ്പെട്ടു,,,
EVT_DIG003604,communication,P00781,P00356,LOC0051,2026-08-01 11:32:00,0.99,DIG003604,ফোন করেছে,,,
EVT_DIG003605,communication,P00723,P00532,LOC0022,2026-02-04 04:11:00,0.99,DIG003605,தொடர்பு கொண்டார்,,,
EVT_DIG003606,movement,P00834,P00124,LOC0069,2026-02-25 12:27:00,0.99,DIG003606,இடத்தை பகிர்ந்தார்,,,
EVT_DIG003607,movement,P00793,P00081,LOC0016,2026-04-25 13:19:00,0.99,DIG003607,સ્થાન શેર કર્યું,,,
EVT_DIG003608,movement,P00321,P00211,LOC0160,2026-07-08 08:17:00,0.99,DIG003608,ठिकाण शेअर केले,,,
EVT_DIG003609,communication,P00174,P00884,LOC0075,2026-07-03 12:18:00,0.99,DIG003609,فون کیا,,,
EVT_DIG003610,communication,P00602,P00330,LOC0104,2026-03-13 02:25:00,0.99,DIG003610,ബന്ധപ്പെട്ടു,,,
EVT_DIG003611,meeting,P00647,P00167,LOC0132,2026-01-25 09:20:00,0.99,DIG003611,ਮੁਲਾਕਾਤ ਕੀਤੀ,,,
EVT_DIG003612,communication,P00128,P00722,LOC0059,2026-02-06 10:35:00,0.99,DIG003612,फोन किया,,,
EVT_DIG003613,communication,P00368,P00488,LOC0129,2026-03-16 22:54:00,0.99,DIG003613,સંદેશ મોકલ્યો,,,
EVT_DIG003614,communication,P00876,P00330,LOC0055,2026-02-10 00:22:00,0.99,DIG003614,যোগাযোগ করেছে,,,
EVT_DIG003615,communication,P00544,P00042,LOC0034,2026-03-19 15:31:00,0.99,DIG003615,ਫੋਨ ਕੀਤਾ,,,
EVT_DIG003616,communication,P00953,P00246,LOC0008,2026-03-31 20:27:00,0.99,DIG003616,contacted,,,
EVT_DIG003617,communication,P00105,P00313,LOC0065,2026-01-23 13:10:00,0.99,DIG003617,contacted,,,
EVT_DIG003618,meeting,P00223,P00861,LOC0164,2026-05-26 01:18:00,0.99,DIG003618,കണ്ടുമുട്ടി,,,
EVT_DIG003619,movement,P00385,P00726,LOC0151,2026-01-16 14:06:00,0.99,DIG003619,സ്ഥലം പങ്കിട്ടു,,,
EVT_DIG003620,communication,P00901,P00507,LOC0178,2026-06-24 20:57:00,0.99,DIG003620,ফোন করেছে,,,
EVT_DIG003621,meeting,P00753,P00461,LOC0099,2026-06-02 16:34:00,0.99,DIG003621,ਮੁਲਾਕਾਤ ਕੀਤੀ,,,
EVT_DIG003622,communication,P00415,P00800,LOC0174,2026-02-10 07:36:00,0.99,DIG003622,संपर्क केला,,,
EVT_DIG003623,meeting,P00498,P00771,LOC0004,2026-01-03 15:27:00,0.99,DIG003623,দেখা করেছে,,,
EVT_DIG003624,meeting,P00811,P00205,LOC0161,2026-02-05 09:59:00,0.99,DIG003624,ملاقات کی,,,
EVT_DIG003625,movement,P00052,P00186,LOC0137,2026-06-09 13:32:00,0.99,DIG003625,স্থান ভাগ করেছে,,,
EVT_DIG003626,meeting,P00259,P00309,LOC0163,2026-08-18 03:07:00,0.99,DIG003626,சந்தித்தார்,,,
EVT_DIG003627,meeting,P00529,P00240,LOC0021,2026-08-12 04:17:00,0.99,DIG003627,મુલાકાત લીધી,,,
EVT_DIG003628,transfer,P00191,P00007,LOC0047,2026-04-02 23:14:00,0.99,DIG003628,ਪੈਸੇ ਭੇਜੇ,,,
EVT_DIG003629,communication,P00968,P00717,LOC0159,2026-07-16 03:10:00,0.99,DIG003629,സന്ദേശം അയച്ചു,,,
EVT_DIG003630,meeting,P00373,P00487,LOC0117,2026-06-21 02:38:00,0.99,DIG003630,met,,,
EVT_DIG003631,transfer,P00341,P00666,LOC0098,2026-08-28 01:26:00,0.99,DIG003631,പണം അയച്ചു,,,
EVT_DIG003632,transfer,P00281,P00496,LOC0145,2026-05-20 21:23:00,0.99,DIG003632,धन भेजा,,,
EVT_DIG003633,communication,P00553,P00905,LOC0077,2026-06-22 20:11:00,0.99,DIG003633,தொடர்பு கொண்டார்,,,
EVT_DIG003634,communication,P00319,P00437,LOC0054,2026-03-05 11:00:00,0.99,DIG003634,సంప్రదించారు,,,
EVT_DIG003635,meeting,P00565,P00505,LOC0129,2026-05-04 21:33:00,0.99,DIG003635,ਮੁਲਾਕਾਤ ਕੀਤੀ,,,
EVT_DIG003636,communication,P00916,P00092,LOC0134,2026-07-29 16:24:00,0.99,DIG003636,ബന്ധപ്പെട്ടു,,,
EVT_DIG003637,meeting,P00490,P00276,LOC0073,2026-03-17 09:22:00,0.99,DIG003637,দেখা করেছে,,,
EVT_DIG003638,movement,P00824,P00016,LOC0109,2026-06-01 16:29:00,0.99,DIG003638,સ્થાન શેર કર્યું,,,
EVT_DIG003639,transfer,P00139,P00534,LOC0003,2026-07-11 11:39:00,0.99,DIG003639,धन भेजा,,,
EVT_DIG003640,meeting,P00535,P00081,LOC0137,2026-01-13 21:13:00,0.99,DIG003640,சென்றார்,,,
EVT_DIG003641,communication,P00501,P00753,LOC0058,2026-01-29 02:58:00,0.99,DIG003641,called,,,
EVT_DIG003642,meeting,P00820,P00122,LOC0006,2026-01-05 21:06:00,0.99,DIG003642,भेटला,,,
EVT_DIG003643,meeting,P00960,P00857,LOC0072,2026-06-22 14:08:00,0.99,DIG003643,दौरा किया,,,
EVT_DIG003644,communication,P00861,P00019,LOC0174,2026-02-26 01:43:00,0.99,DIG003644,contacted,,,
EVT_DIG003645,communication,P00646,P00775,LOC0054,2026-02-10 13:36:00,0.99,DIG003645,संपर्क किया,,,
EVT_DIG003646,movement,P00590,P00643,LOC0041,2026-02-22 06:12:00,0.99,DIG003646,સ્થાન શેર કર્યું,,,
EVT_DIG003647,communication,P00603,P00830,LOC0155,2026-08-06 04:02:00,0.99,DIG003647,ਸੰਪਰਕ ਕੀਤਾ,,,
EVT_DIG003648,meeting,P00323,P00217,LOC0159,2026-07-09 03:12:00,0.99,DIG003648,দেখা করেছে,,,
EVT_DIG003649,meeting,P00115,P00794,LOC0010,2026-07-20 21:00:00,0.99,DIG003649,സന്ദർശിച്ചു,,,
EVT_DIG003650,movement,P00898,P00650,LOC0162,2026-07-31 00:02:00,0.99,DIG003650,مقام شیئر کیا,,,
EVT_DIG003651,transfer,P00480,P00005,LOC0174,2026-03-28 13:16:00,0.99,DIG003651,డబ్బు పంపారు,,,
EVT_DIG003652,transfer,P00110,P00221,LOC0113,2026-01-03 19:21:00,0.99,DIG003652,പണം അയച്ചു,,,
EVT_DIG003653,meeting,P00280,P00016,LOC0141,2026-03-28 02:18:00,0.99,DIG003653,મળ્યા,,,
EVT_DIG003654,communication,P00637,P00650,LOC0043,2026-06-30 11:08:00,0.99,DIG003654,বার্তা পাঠিয়েছে,,,
EVT_DIG003655,meeting,P00848,P00776,LOC0169,2026-03-24 19:56:00,0.99,DIG003655,ಭೇಟಿಯಾದರು,,,
EVT_DIG003656,communication,P00367,P00066,LOC0063,2026-02-13 14:07:00,0.99,DIG003656,संपर्क केला,,,
EVT_DIG003657,movement,P00655,P00418,LOC0163,2026-03-26 14:25:00,0.99,DIG003657,مقام شیئر کیا,,,
EVT_DIG003658,communication,P00661,P00912,LOC0006,2026-07-23 17:03:00,0.99,DIG003658,ఫోన్ చేశారు,,,
EVT_DIG003659,movement,P00025,P00186,LOC0134,2026-07-06 16:23:00,0.99,DIG003659,સ્થાન શેર કર્યું,,,
EVT_DIG003660,communication,P00259,P00175,LOC0021,2026-01-29 14:56:00,0.99,DIG003660,ಸಂದೇಶ ಕಳುಹಿಸಿದರು,,,
EVT_DIG003661,meeting,P00531,P00716,LOC0065,2026-01-10 10:31:00,0.99,DIG003661,দেখা করেছে,,,
EVT_DIG003662,transfer,P00494,P00287,LOC0115,2026-04-15 23:13:00,0.99,DIG003662,ਪੈਸੇ ਭੇਜੇ,,,
EVT_DIG003663,meeting,P00164,P00929,LOC0002,2026-05-20 03:10:00,0.99,DIG003663,వెళ్లారు,,,
EVT_DIG003664,transfer,P00986,P00338,LOC0109,2026-08-05 06:24:00,0.99,DIG003664,धन भेजा,,,
EVT_DIG003665,meeting,P00818,P00573,LOC0138,2026-04-19 01:24:00,0.99,DIG003665,ಭೇಟಿಯಾದರು,,,
EVT_DIG003666,meeting,P00388,P00263,LOC0072,2026-02-14 08:59:00,0.99,DIG003666,met,,,
EVT_DIG003667,transfer,P00893,P00770,LOC0094,2026-04-25 12:03:00,0.99,DIG003667,డబ్బు పంపారు,,,
EVT_DIG003668,movement,P00293,P00825,LOC0015,2026-06-20 10:04:00,0.99,DIG003668,స్థానం పంచుకున్నారు,,,
EVT_DIG003669,meeting,P00985,P00582,LOC0025,2026-07-08 23:06:00,0.99,DIG003669,ਮਿਲਿਆ,,,
EVT_DIG003670,meeting,P00440,P00882,LOC0151,2026-05-14 11:03:00,0.99,DIG003670,দেখা করেছে,,,
EVT_DIG003671,meeting,P00706,P00473,LOC0148,2026-08-27 22:52:00,0.99,DIG003671,వెళ్లారు,,,
EVT_DIG003672,transfer,P00554,P00579,LOC0089,2026-08-22 18:07:00,0.99,DIG003672,transferred funds to,,,
EVT_DIG003673,meeting,P00875,P00690,LOC0085,2026-07-25 22:36:00,0.99,DIG003673,சென்றார்,,,
EVT_DIG003674,meeting,P00661,P00518,LOC0060,2026-03-31 15:23:00,0.99,DIG003674,ಭೇಟಿ ನೀಡಿದರು,,,
EVT_DIG003675,communication,P00558,P00126,LOC0013,2026-03-20 14:01:00,0.99,DIG003675,फोन केला,,,
EVT_DIG003676,communication,P00221,P00572,LOC0018,2026-07-04 08:37:00,0.99,DIG003676,contacted,,,
EVT_DIG003677,meeting,P00969,P00857,LOC0162,2026-03-20 04:36:00,0.99,DIG003677,भेटला,,,
EVT_DIG003678,movement,P00879,P00585,LOC0105,2026-06-09 00:26:00,0.99,DIG003678,இடத்தை பகிர்ந்தார்,,,
EVT_DIG003679,meeting,P00591,P00844,LOC0122,2026-01-12 10:10:00,0.99,DIG003679,സന്ദർശിച്ചു,,,
EVT_DIG003680,transfer,P00504,P00215,LOC0144,2026-07-09 17:53:00,0.99,DIG003680,धन भेजा,,,
EVT_DIG003681,transfer,P00760,P00450,LOC0170,2026-03-06 22:07:00,0.99,DIG003681,പണം അയച്ചു,,,
EVT_DIG003682,meeting,P00320,P00452,LOC0123,2026-03-06 21:52:00,0.99,DIG003682,സന്ദർശിച്ചു,,,
EVT_DIG003683,movement,P00405,P00211,LOC0103,2026-04-11 12:44:00,0.99,DIG003683,സ്ഥലം പങ്കിട്ടു,,,
EVT_DIG003684,communication,P00959,P00840,LOC0051,2026-08-21 19:21:00,0.99,DIG003684,செய்தி அனுப்பினார்,,,
EVT_DIG003685,communication,P00309,P00210,LOC0146,2026-06-14 04:27:00,0.99,DIG003685,संदेश पाठवला,,,
EVT_DIG003686,communication,P00285,P00265,LOC0111,2026-04-05 02:12:00,0.99,DIG003686,संपर्क केला,,,
EVT_DIG003687,communication,P00667,P00268,LOC0066,2026-06-09 16:55:00,0.99,DIG003687,ਫੋਨ ਕੀਤਾ,,,
EVT_DIG003688,vehicle_use,P00742,P00511,LOC0084,2026-01-12 09:01:00,0.99,DIG003688,used a vehicle,,,
EVT_DIG003689,meeting,P00263,P00948,LOC0015,2026-03-10 20:14:00,0.99,DIG003689,ਮਿਲਿਆ,,,
EVT_DIG003690,movement,P00617,P00142,LOC0094,2026-01-04 08:35:00,0.99,DIG003690,இடத்தை பகிர்ந்தார்,,,
EVT_DIG003691,movement,P00036,P00324,LOC0169,2026-02-24 08:57:00,0.99,DIG003691,مقام شیئر کیا,,,
EVT_DIG003692,communication,P00648,P00967,LOC0054,2026-05-04 02:51:00,0.99,DIG003692,செய்தி அனுப்பினார்,,,
EVT_DIG003693,meeting,P00202,P00811,LOC0098,2026-04-26 17:39:00,0.99,DIG003693,मिला,,,
EVT_DIG003694,meeting,P00768,P00375,LOC0049,2026-02-06 13:58:00,0.99,DIG003694,भेटला,,,
EVT_DIG003695,meeting,P00732,P00095,LOC0089,2026-01-09 09:31:00,0.99,DIG003695,സന്ദർശിച്ചു,,,
EVT_DIG003696,movement,P00602,P00897,LOC0045,2026-07-10 17:18:00,0.99,DIG003696,സ്ഥലം പങ്കിട്ടു,,,
EVT_DIG003697,meeting,P00178,P00160,LOC0052,2026-08-29 07:23:00,0.99,DIG003697,சந்தித்தார்,,,
EVT_DIG003698,meeting,P00693,P00600,LOC0171,2026-04-21 14:54:00,0.99,DIG003698,ਮੁਲਾਕਾਤ ਕੀਤੀ,,,
EVT_DIG003699,meeting,P00321,P00127,LOC0009,2026-04-28 21:28:00,0.99,DIG003699,भेट दिली,,,
EVT_DIG003700,communication,P00041,P00226,LOC0103,2026-02-25 16:58:00,0.99,DIG003700,संदेश भेजा,,,
EVT_DIG003701,meeting,P00359,P00465,LOC0055,2026-01-02 05:50:00,0.99,DIG003701,కలిశారు,,,
EVT_DIG003702,transfer,P00879,P00747,LOC0060,2026-01-18 12:08:00,0.99,DIG003702,பணம் அனுப்பினார்,,,
EVT_DIG003703,communication,P00564,P00566,LOC0087,2026-03-14 02:27:00,0.99,DIG003703,संपर्क किया,,,
EVT_DIG003704,meeting,P00928,P00373,LOC0179,2026-04-02 12:45:00,0.99,DIG003704,സന്ദർശിച്ചു,,,
EVT_DIG003705,transfer,P00932,P00278,LOC0112,2026-04-02 09:31:00,0.99,DIG003705,പണം അയച്ചു,,,
EVT_DIG003706,transfer,P00749,P00155,LOC0002,2026-06-13 14:21:00,0.99,DIG003706,பணம் அனுப்பினார்,,,
EVT_DIG003707,communication,P00047,P00576,LOC0085,2026-03-05 18:01:00,0.99,DIG003707,ফোন করেছে,,,
EVT_DIG003708,meeting,P00517,P00507,LOC0132,2026-02-02 07:11:00,0.99,DIG003708,കണ്ടുമുട്ടി,,,
EVT_DIG003709,transfer,P00491,P00364,LOC0048,2026-03-14 15:30:00,0.99,DIG003709,નાણાં મોકલ્યાં,,,
EVT_DIG003710,communication,P00260,P00919,LOC0090,2026-06-13 22:20:00,0.99,DIG003710,ਫੋਨ ਕੀਤਾ,,,
EVT_DIG003711,transfer,P00169,P00712,LOC0142,2026-06-25 04:51:00,0.99,DIG003711,رقم منتقل کی,,,
EVT_DIG003712,meeting,P00373,P00054,LOC0083,2026-05-16 01:09:00,0.99,DIG003712,दौरा किया,,,
EVT_DIG003713,movement,P00716,P00166,LOC0116,2026-04-03 14:09:00,0.99,DIG003713,shared a location with,,,
EVT_DIG003714,communication,P00025,P00527,LOC0064,2026-07-06 02:17:00,0.99,DIG003714,സന്ദേശം അയച്ചു,,,
EVT_DIG003715,communication,P00079,P00325,LOC0082,2026-01-16 04:52:00,0.99,DIG003715,സന്ദേശം അയച്ചു,,,
EVT_DIG003716,movement,P00479,P00511,LOC0068,2026-01-13 02:32:00,0.99,DIG003716,مقام شیئر کیا,,,
EVT_DIG003717,transfer,P00252,P00095,LOC0133,2026-07-02 01:43:00,0.99,DIG003717,টাকা পাঠিয়েছে,,,
EVT_DIG003718,communication,P00846,P00853,LOC0174,2026-08-09 19:10:00,0.99,DIG003718,വിളിച്ചു,,,
EVT_DIG003719,communication,P00601,P00239,LOC0086,2026-03-12 13:29:00,0.99,DIG003719,فون کیا,,,
EVT_DIG003720,meeting,P00298,P00163,LOC0152,2026-08-23 16:33:00,0.99,DIG003720,ਮਿਲਿਆ,,,
EVT_DIG003721,meeting,P00770,P00328,LOC0176,2026-03-13 06:07:00,0.99,DIG003721,സന്ദർശിച്ചു,,,
EVT_DIG003722,meeting,P00110,P00791,LOC0034,2026-03-02 01:25:00,0.99,DIG003722,भेटला,,,
EVT_DIG003723,transfer,P00847,P00064,LOC0055,2026-01-22 22:27:00,0.99,DIG003723,पैसे पाठवले,,,
EVT_DIG003724,vehicle_use,P00811,P00902,LOC0130,2026-04-28 02:06:00,0.99,DIG003724,वाहन का उपयोग किया,,,
EVT_DIG003725,communication,P00502,P00426,LOC0158,2026-06-22 03:00:00,0.99,DIG003725,ફોન કર્યો,,,
EVT_DIG003726,movement,P00271,P00560,LOC0116,2026-07-07 17:53:00,0.99,DIG003726,ಸ್ಥಳ ಹಂಚಿಕೊಂಡರು,,,
EVT_DIG003727,movement,P00826,P00347,LOC0053,2026-06-24 19:12:00,0.99,DIG003727,স্থান ভাগ করেছে,,,
EVT_DIG003728,meeting,P00410,P00263,LOC0117,2026-04-02 08:36:00,0.99,DIG003728,दौरा किया,,,
EVT_DIG003729,transfer,P00544,P00792,LOC0006,2026-01-06 11:55:00,0.99,DIG003729,টাকা পাঠিয়েছে,,,
EVT_DIG003730,communication,P00601,P00463,LOC0160,2026-06-23 12:13:00,0.99,DIG003730,സന്ദേശം അയച്ചു,,,
EVT_DIG003731,communication,P00687,P00768,LOC0089,2026-05-30 11:36:00,0.99,DIG003731,செய்தி அனுப்பினார்,,,
EVT_DIG003732,movement,P00286,P00901,LOC0054,2026-04-17 05:36:00,0.99,DIG003732,ਸਥਾਨ ਸਾਂਝਾ ਕੀਤਾ,,,
EVT_DIG003733,communication,P00740,P00772,LOC0013,2026-04-17 01:30:00,0.99,DIG003733,called,,,
EVT_DIG003734,communication,P00530,P00403,LOC0014,2026-06-04 18:07:00,0.99,DIG003734,sent a message to,,,
EVT_DIG003735,communication,P00556,P00083,LOC0096,2026-04-17 05:50:00,0.99,DIG003735,پیغام بھیجا,,,
EVT_DIG003736,communication,P00720,P00425,LOC0164,2026-04-29 20:36:00,0.99,DIG003736,సందేశం పంపారు,,,
EVT_DIG003737,meeting,P00507,P00333,LOC0002,2026-04-16 12:07:00,0.99,DIG003737,भेट दिली,,,
EVT_DIG003738,communication,P00466,P00281,LOC0008,2026-06-17 18:11:00,0.99,DIG003738,contacted,,,
EVT_DIG003739,communication,P00376,P00216,LOC0143,2026-07-06 12:05:00,0.99,DIG003739,संपर्क किया,,,
EVT_DIG003740,communication,P00178,P00770,LOC0146,2026-07-16 16:32:00,0.99,DIG003740,फोन केला,,,
EVT_DIG003741,transfer,P00267,P00360,LOC0106,2026-07-23 19:52:00,0.99,DIG003741,धन भेजा,,,
EVT_DIG003742,movement,P00574,P00435,LOC0161,2026-06-12 03:27:00,0.99,DIG003742,ਸਥਾਨ ਸਾਂਝਾ ਕੀਤਾ,,,
EVT_DIG003743,communication,P00552,P00248,LOC0165,2026-02-10 01:40:00,0.99,DIG003743,contacted,,,
EVT_DIG003744,meeting,P00206,P00283,LOC0098,2026-05-14 17:34:00,0.99,DIG003744,دورہ کیا,,,
EVT_DIG003745,transfer,P00209,P00550,LOC0094,2026-05-24 22:37:00,0.99,DIG003745,धन भेजा,,,
EVT_DIG003746,meeting,P00435,P00522,LOC0029,2026-03-27 08:28:00,0.99,DIG003746,ಭೇಟಿ ನೀಡಿದರು,,,
EVT_DIG003747,transfer,P00673,P00662,LOC0157,2026-04-22 09:50:00,0.99,DIG003747,ਪੈਸੇ ਭੇਜੇ,,,
EVT_DIG003748,communication,P00206,P00663,LOC0166,2026-06-21 02:36:00,0.99,DIG003748,संपर्क किया,,,
EVT_DIG003749,meeting,P00796,P00964,LOC0100,2026-02-17 10:48:00,0.99,DIG003749,కలిశారు,,,
EVT_DIG003750,meeting,P00163,P00406,LOC0097,2026-01-16 00:50:00,0.99,DIG003750,ਮਿਲਿਆ,,,
EVT_DIG003751,communication,P00696,P00272,LOC0172,2026-07-30 14:36:00,0.99,DIG003751,ਫੋਨ ਕੀਤਾ,,,
EVT_DIG003752,movement,P00144,P00712,LOC0106,2026-04-16 03:49:00,0.99,DIG003752,സ്ഥലം പങ്കിട്ടു,,,
EVT_DIG003753,communication,P00153,P00102,LOC0091,2026-08-18 21:54:00,0.99,DIG003753,फोन किया,,,
EVT_DIG003754,movement,P00892,P00111,LOC0102,2026-06-18 14:53:00,0.99,DIG003754,స్థానం పంచుకున్నారు,,,
EVT_DIG003755,communication,P00004,P00384,LOC0141,2026-07-02 12:05:00,0.99,DIG003755,સંદેશ મોકલ્યો,,,
EVT_DIG003756,transfer,P00036,P00094,LOC0044,2026-05-21 19:02:00,0.99,DIG003756,പണം അയച്ചു,,,
EVT_DIG003757,transfer,P00880,P00350,LOC0012,2026-08-31 01:03:00,0.99,DIG003757,টাকা পাঠিয়েছে,,,
EVT_DIG003758,communication,P00576,P00531,LOC0145,2026-05-14 13:01:00,0.99,DIG003758,ఫోన్ చేశారు,,,
EVT_DIG003759,movement,P00101,P00705,LOC0060,2026-01-21 15:00:00,0.99,DIG003759,स्थान साझा किया,,,
EVT_DIG003760,communication,P00317,P00315,LOC0001,2026-03-14 20:33:00,0.99,DIG003760,సంప్రదించారు,,,
EVT_DIG003761,movement,P00300,P00590,LOC0003,2026-04-29 07:38:00,0.99,DIG003761,shared a location with,,,
EVT_DIG003762,communication,P00392,P00030,LOC0140,2026-04-26 00:27:00,0.99,DIG003762,ফোন করেছে,,,
EVT_DIG003763,transfer,P00215,P00850,LOC0057,2026-03-31 17:46:00,0.99,DIG003763,ਪੈਸੇ ਭੇਜੇ,,,
EVT_DIG003764,communication,P00287,P00225,LOC0041,2026-05-26 14:02:00,0.99,DIG003764,called,,,
EVT_DIG003765,meeting,P00057,P00109,LOC0040,2026-08-03 00:23:00,0.99,DIG003765,ملاقات کی,,,
EVT_DIG003766,movement,P00810,P00010,LOC0107,2026-06-20 00:07:00,0.99,DIG003766,ಸ್ಥಳ ಹಂಚಿಕೊಂಡರು,,,
EVT_DIG003767,communication,P00261,P00817,LOC0023,2026-06-14 01:21:00,0.99,DIG003767,فون کیا,,,
EVT_DIG003768,communication,P00757,P00196,LOC0146,2026-04-12 07:29:00,0.99,DIG003768,ফোন করেছে,,,
EVT_DIG003769,communication,P00266,P00327,LOC0053,2026-02-26 08:22:00,0.99,DIG003769,സന്ദേശം അയച്ചു,,,
EVT_DIG003770,meeting,P00016,P00711,LOC0120,2026-02-22 07:27:00,0.99,DIG003770,मिला,,,
EVT_DIG003771,communication,P00358,P00139,LOC0102,2026-08-19 20:11:00,0.99,DIG003771,رابطہ کیا,,,
EVT_DIG003772,communication,P00775,P00240,LOC0076,2026-05-20 06:22:00,0.99,DIG003772,సంప్రదించారు,,,
EVT_DIG003773,meeting,P00837,P00653,LOC0084,2026-01-07 03:37:00,0.99,DIG003773,મળ્યા,,,
EVT_DIG003774,communication,P00695,P00688,LOC0176,2026-08-25 12:41:00,0.99,DIG003774,தொடர்பு கொண்டார்,,,
EVT_DIG003775,communication,P00715,P00306,LOC0127,2026-05-20 09:16:00,0.99,DIG003775,फोन किया,,,
EVT_DIG003776,communication,P00752,P00978,LOC0010,2026-04-30 06:58:00,0.99,DIG003776,ফোন করেছে,,,
EVT_DIG003777,movement,P00931,P00207,LOC0098,2026-05-15 23:17:00,0.99,DIG003777,స్థానం పంచుకున్నారు,,,
EVT_DIG003778,transfer,P00590,P00722,LOC0155,2026-07-08 11:29:00,0.99,DIG003778,पैसे पाठवले,,,
EVT_DIG003779,movement,P00347,P00675,LOC0155,2026-06-20 00:58:00,0.99,DIG003779,مقام شیئر کیا,,,
EVT_DIG003780,vehicle_use,P00920,P00842,LOC0071,2026-03-25 01:06:00,0.99,DIG003780,वाहन का उपयोग किया,,,
EVT_DIG003781,transfer,P00507,P00595,LOC0138,2026-03-27 10:13:00,0.99,DIG003781,డబ్బు పంపారు,,,
EVT_DIG003782,meeting,P00605,P00927,LOC0003,2026-01-15 20:51:00,0.99,DIG003782,met,,,
EVT_DIG003783,communication,P00399,P00078,LOC0156,2026-02-12 22:50:00,0.99,DIG003783,যোগাযোগ করেছে,,,
EVT_DIG003784,meeting,P00280,P00780,LOC0012,2026-04-11 22:42:00,0.99,DIG003784,ਮੁਲਾਕਾਤ ਕੀਤੀ,,,
EVT_DIG003785,communication,P00990,P00049,LOC0068,2026-04-17 13:05:00,0.99,DIG003785,संपर्क किया,,,
EVT_DIG003786,communication,P00541,P00999,LOC0055,2026-01-01 15:05:00,0.99,DIG003786,വിളിച്ചു,,,
EVT_DIG003787,movement,P00227,P00882,LOC0166,2026-05-21 13:25:00,0.99,DIG003787,स्थान साझा किया,,,
EVT_DIG003788,transfer,P00624,P00694,LOC0071,2026-01-13 13:23:00,0.99,DIG003788,رقم منتقل کی,,,
EVT_DIG003789,movement,P00897,P00388,LOC0059,2026-04-13 15:12:00,0.99,DIG003789,ठिकाण शेअर केले,,,
EVT_DIG003790,communication,P00496,P00802,LOC0039,2026-01-13 14:36:00,0.99,DIG003790,ਸੁਨੇਹਾ ਭੇਜਿਆ,,,
EVT_DIG003791,communication,P00386,P00409,LOC0136,2026-07-03 02:51:00,0.99,DIG003791,বার্তা পাঠিয়েছে,,,
EVT_DIG003792,movement,P00002,P00306,LOC0104,2026-06-19 01:42:00,0.99,DIG003792,ಸ್ಥಳ ಹಂಚಿಕೊಂಡರು,,,
EVT_DIG003793,communication,P00852,P00149,LOC0068,2026-04-12 20:29:00,0.99,DIG003793,ಸಂದೇಶ ಕಳುಹಿಸಿದರು,,,
EVT_DIG003794,communication,P00787,P00569,LOC0128,2026-03-24 12:13:00,0.99,DIG003794,സന്ദേശം അയച്ചു,,,
EVT_DIG003795,communication,P00670,P00502,LOC0082,2026-03-28 03:09:00,0.99,DIG003795,ಸಂದೇಶ ಕಳುಹಿಸಿದರು,,,
EVT_DIG003796,meeting,P00797,P00545,LOC0116,2026-08-23 16:26:00,0.99,DIG003796,ಭೇಟಿಯಾದರು,,,
EVT_DIG003797,meeting,P00852,P00536,LOC0109,2026-08-04 07:05:00,0.99,DIG003797,ملاقات کی,,,
EVT_DIG003798,movement,P00836,P00337,LOC0034,2026-07-09 11:50:00,0.99,DIG003798,സ്ഥലം പങ്കിട്ടു,,,
EVT_DIG003799,meeting,P00328,P00467,LOC0088,2026-01-20 00:04:00,0.99,DIG003799,ಭೇಟಿಯಾದರು,,,
EVT_DIG003800,communication,P00176,P00013,LOC0128,2026-08-18 17:10:00,0.99,DIG003800,संपर्क केला,,,
EVT_DIG003801,transfer,P00409,P00350,LOC0070,2026-03-27 10:05:00,0.99,DIG003801,ಹಣ ಕಳುಹಿಸಿದರು,,,
EVT_DIG003802,communication,P00265,P00409,LOC0027,2026-07-12 09:20:00,0.99,DIG003802,ફોન કર્યો,,,
EVT_DIG003803,communication,P00261,P00100,LOC0001,2026-07-23 15:07:00,0.99,DIG003803,தொடர்பு கொண்டார்,,,
EVT_DIG003804,meeting,P00027,P00185,LOC0111,2026-06-03 18:18:00,0.99,DIG003804,சந்தித்தார்,,,
EVT_DIG003805,communication,P00453,P00557,LOC0120,2026-04-25 22:49:00,0.99,DIG003805,ਸੁਨੇਹਾ ਭੇਜਿਆ,,,
EVT_DIG003806,meeting,P00012,P00892,LOC0132,2026-07-18 15:37:00,0.99,DIG003806,ملاقات کی,,,
EVT_DIG003807,communication,P00768,P00623,LOC0122,2026-02-07 16:58:00,0.99,DIG003807,വിളിച്ചു,,,
EVT_DIG003808,meeting,P00138,P00724,LOC0069,2026-07-21 07:09:00,0.99,DIG003808,دورہ کیا,,,
EVT_DIG003809,transfer,P00023,P00240,LOC0069,2026-07-29 06:46:00,0.99,DIG003809,ಹಣ ಕಳುಹಿಸಿದರು,,,
EVT_DIG003810,transfer,P00020,P00544,LOC0090,2026-07-29 23:14:00,0.99,DIG003810,ਪੈਸੇ ਭੇਜੇ,,,
EVT_DIG003811,transfer,P00909,P00374,LOC0125,2026-08-06 05:26:00,0.99,DIG003811,નાણાં મોકલ્યાં,,,
EVT_DIG003812,meeting,P00659,P00352,LOC0097,2026-01-05 10:53:00,0.99,DIG003812,ملاقات کی,,,
EVT_DIG003813,communication,P00241,P00483,LOC0094,2026-04-02 03:21:00,0.99,DIG003813,رابطہ کیا,,,
EVT_DIG003814,communication,P00261,P00994,LOC0120,2026-06-14 09:58:00,0.99,DIG003814,ਸੰਪਰਕ ਕੀਤਾ,,,
EVT_DIG003815,communication,P00254,P00040,LOC0144,2026-08-15 20:40:00,0.99,DIG003815,ਸੁਨੇਹਾ ਭੇਜਿਆ,,,
EVT_DIG003816,communication,P00289,P00508,LOC0073,2026-06-15 07:51:00,0.99,DIG003816,sent a message to,,,
EVT_DIG003817,communication,P00253,P00027,LOC0026,2026-04-06 15:56:00,0.99,DIG003817,پیغام بھیجا,,,
EVT_DIG003818,movement,P00584,P00963,LOC0149,2026-01-14 04:02:00,0.99,DIG003818,స్థానం పంచుకున్నారు,,,
EVT_DIG003819,transfer,P00808,P00414,LOC0006,2026-01-13 02:26:00,0.99,DIG003819,টাকা পাঠিয়েছে,,,
EVT_DIG003820,meeting,P00816,P00331,LOC0007,2026-03-30 07:07:00,0.99,DIG003820,ملاقات کی,,,
EVT_DIG003821,meeting,P00911,P00255,LOC0120,2026-02-05 20:35:00,0.99,DIG003821,met,,,
EVT_DIG003822,movement,P00730,P00995,LOC0113,2026-03-03 13:48:00,0.99,DIG003822,ಸ್ಥಳ ಹಂಚಿಕೊಂಡರು,,,
EVT_DIG003823,meeting,P00827,P00215,LOC0025,2026-02-03 07:01:00,0.99,DIG003823,ملاقات کی,,,
EVT_DIG003824,communication,P00623,P00652,LOC0123,2026-02-20 10:05:00,0.99,DIG003824,அழைத்தார்,,,
EVT_DIG003825,communication,P00554,P00775,LOC0089,2026-01-17 12:02:00,0.99,DIG003825,ఫోన్ చేశారు,,,
EVT_DIG003826,communication,P00604,P00701,LOC0084,2026-06-22 05:44:00,0.99,DIG003826,ಸಂಪರ್ಕಿಸಿದರು,,,
EVT_DIG003827,communication,P00819,P00201,LOC0077,2026-05-17 17:09:00,0.99,DIG003827,ਸੰਪਰਕ ਕੀਤਾ,,,
EVT_DIG003828,communication,P00768,P00351,LOC0135,2026-08-30 20:41:00,0.99,DIG003828,যোগাযোগ করেছে,,,
EVT_DIG003829,meeting,P00575,P00413,LOC0002,2026-08-23 15:53:00,0.99,DIG003829,ਮੁਲਾਕਾਤ ਕੀਤੀ,,,
EVT_DIG003830,transfer,P00851,P00348,LOC0122,2026-02-19 16:56:00,0.99,DIG003830,টাকা পাঠিয়েছে,,,
EVT_DIG003831,vehicle_use,P00393,P00577,LOC0017,2026-07-25 22:42:00,0.99,DIG003831,वाहन का उपयोग किया,,,
EVT_DIG003832,communication,P00117,P00345,LOC0034,2026-01-15 17:00:00,0.99,DIG003832,செய்தி அனுப்பினார்,,,
EVT_DIG003833,meeting,P00886,P00012,LOC0006,2026-01-12 20:38:00,0.99,DIG003833,ਮੁਲਾਕਾਤ ਕੀਤੀ,,,
EVT_DIG003834,meeting,P00643,P00953,LOC0159,2026-07-09 19:49:00,0.99,DIG003834,சென்றார்,,,
EVT_DIG003835,communication,P00116,P00992,LOC0091,2026-08-21 21:19:00,0.99,DIG003835,ఫోన్ చేశారు,,,
EVT_DIG003836,communication,P00764,P00908,LOC0148,2026-06-23 10:13:00,0.99,DIG003836,ಕರೆ ಮಾಡಿದರು,,,
EVT_DIG003837,communication,P00375,P00288,LOC0077,2026-05-09 19:41:00,0.99,DIG003837,contacted,,,
EVT_DIG003838,communication,P00364,P00043,LOC0073,2026-03-02 14:14:00,0.99,DIG003838,தொடர்பு கொண்டார்,,,
EVT_DIG003839,communication,P00244,P00819,LOC0159,2026-02-07 07:23:00,0.99,DIG003839,sent a message to,,,
EVT_DIG003840,communication,P00400,P00154,LOC0083,2026-01-20 21:39:00,0.99,DIG003840,ফোন করেছে,,,
EVT_DIG003841,meeting,P00738,P00517,LOC0084,2026-06-30 13:38:00,0.99,DIG003841,சந்தித்தார்,,,
EVT_DIG003842,communication,P00241,P00642,LOC0143,2026-02-02 09:17:00,0.99,DIG003842,ಸಂಪರ್ಕಿಸಿದರು,,,
EVT_DIG003843,communication,P00533,P00524,LOC0077,2026-05-02 18:19:00,0.99,DIG003843,വിളിച്ചു,,,
EVT_DIG003844,communication,P00519,P00182,LOC0047,2026-01-10 00:23:00,0.99,DIG003844,വിളിച്ചു,,,
EVT_DIG003845,communication,P00063,P00132,LOC0066,2026-08-12 22:45:00,0.99,DIG003845,தொடர்பு கொண்டார்,,,
EVT_DIG003846,communication,P00469,P00024,LOC0063,2026-02-21 17:44:00,0.99,DIG003846,called,,,
EVT_DIG003847,vehicle_use,P00882,P00261,LOC0142,2026-07-22 13:02:00,0.99,DIG003847,वाहन का उपयोग किया,,,
EVT_DIG003848,transfer,P00670,P00141,LOC0103,2026-05-06 03:28:00,0.99,DIG003848,টাকা পাঠিয়েছে,,,
EVT_DIG003849,communication,P00085,P00582,LOC0120,2026-08-13 07:51:00,0.99,DIG003849,फोन किया,,,
EVT_DIG003850,communication,P00004,P00114,LOC0094,2026-04-22 21:41:00,0.99,DIG003850,సందేశం పంపారు,,,
EVT_DIG003851,communication,P00218,P00881,LOC0069,2026-04-03 23:38:00,0.99,DIG003851,സന്ദേശം അയച്ചു,,,
EVT_DIG003852,movement,P00699,P00426,LOC0152,2026-03-05 14:24:00,0.99,DIG003852,ಸ್ಥಳ ಹಂಚಿಕೊಂಡರು,,,
EVT_DIG003853,communication,P00581,P00988,LOC0137,2026-02-18 03:14:00,0.99,DIG003853,ਸੁਨੇਹਾ ਭੇਜਿਆ,,,
EVT_DIG003854,meeting,P00480,P00945,LOC0031,2026-04-05 21:48:00,0.99,DIG003854,পরিদর্শন করেছে,,,
EVT_DIG003855,movement,P00450,P00063,LOC0130,2026-06-25 23:21:00,0.99,DIG003855,સ્થાન શેર કર્યું,,,
EVT_DIG003856,communication,P00873,P00014,LOC0058,2026-04-06 16:50:00,0.99,DIG003856,ಸಂಪರ್ಕಿಸಿದರು,,,
EVT_DIG003857,movement,P00727,P00970,LOC0176,2026-07-07 02:06:00,0.99,DIG003857,স্থান ভাগ করেছে,,,
EVT_DIG003858,vehicle_use,P00053,P00853,LOC0160,2026-07-27 20:19:00,0.99,DIG003858,used a vehicle,,,
EVT_DIG003859,transfer,P00296,P00846,LOC0152,2026-07-15 12:07:00,0.99,DIG003859,డబ్బు పంపారు,,,
EVT_DIG003860,communication,P00021,P00906,LOC0142,2026-05-16 09:36:00,0.99,DIG003860,அழைத்தார்,,,
EVT_DIG003861,communication,P00188,P00388,LOC0075,2026-01-09 06:26:00,0.99,DIG003861,संदेश पाठवला,,,
EVT_DIG003862,meeting,P00218,P00537,LOC0160,2026-06-11 13:27:00,0.99,DIG003862,ಭೇಟಿ ನೀಡಿದರು,,,
EVT_DIG003863,meeting,P00877,P00518,LOC0070,2026-08-26 21:39:00,0.99,DIG003863,दौरा किया,,,
EVT_DIG003864,meeting,P00017,P00094,LOC0044,2026-07-15 05:04:00,0.99,DIG003864,சென்றார்,,,
EVT_DIG003865,transfer,P00521,P00686,LOC0062,2026-01-25 14:54:00,0.99,DIG003865,رقم منتقل کی,,,
EVT_DIG003866,communication,P00504,P00610,LOC0178,2026-07-16 11:48:00,0.99,DIG003866,ಕರೆ ಮಾಡಿದರು,,,
EVT_DIG003867,communication,P00295,P00798,LOC0130,2026-03-20 19:57:00,0.99,DIG003867,ਸੰਪਰਕ ਕੀਤਾ,,,
EVT_DIG003868,meeting,P00515,P00822,LOC0028,2026-02-26 21:45:00,0.99,DIG003868,મુલાકાત લીધી,,,
EVT_DIG003869,vehicle_use,P00986,P00824,LOC0063,2026-06-24 00:28:00,0.99,DIG003869,वाहन का उपयोग किया,,,
EVT_DIG003870,movement,P00702,P00432,LOC0119,2026-07-22 02:19:00,0.99,DIG003870,مقام شیئر کیا,,,
EVT_DIG003871,transfer,P00475,P00457,LOC0085,2026-08-02 19:54:00,0.99,DIG003871,ਪੈਸੇ ਭੇਜੇ,,,
EVT_DIG003872,movement,P00213,P00285,LOC0150,2026-08-10 18:21:00,0.99,DIG003872,સ્થાન શેર કર્યું,,,
EVT_DIG003873,meeting,P00628,P00701,LOC0113,2026-05-05 13:59:00,0.99,DIG003873,visited,,,
EVT_DIG003874,communication,P00048,P00777,LOC0054,2026-02-18 21:43:00,0.99,DIG003874,தொடர்பு கொண்டார்,,,
EVT_DIG003875,transfer,P00347,P00934,LOC0136,2026-07-12 10:43:00,0.99,DIG003875,பணம் அனுப்பினார்,,,
EVT_DIG003876,communication,P00010,P00020,LOC0178,2026-07-20 20:43:00,0.99,DIG003876,বার্তা পাঠিয়েছে,,,
EVT_DIG003877,communication,P00354,P00777,LOC0066,2026-06-01 01:40:00,0.99,DIG003877,સંપર્ક કર્યો,,,
EVT_DIG003878,meeting,P00355,P00559,LOC0178,2026-07-28 12:27:00,0.99,DIG003878,મળ્યા,,,
EVT_DIG003879,movement,P00308,P00358,LOC0046,2026-02-07 19:58:00,0.99,DIG003879,స్థానం పంచుకున్నారు,,,
EVT_DIG003880,meeting,P00809,P00244,LOC0025,2026-04-05 06:58:00,0.99,DIG003880,পরিদর্শন করেছে,,,
EVT_DIG003881,communication,P00360,P00650,LOC0025,2026-02-01 02:45:00,0.99,DIG003881,தொடர்பு கொண்டார்,,,
EVT_DIG003882,communication,P00853,P00185,LOC0037,2026-04-10 07:19:00,0.99,DIG003882,ફોન કર્યો,,,
EVT_DIG003883,communication,P00519,P00350,LOC0072,2026-02-05 09:48:00,0.99,DIG003883,ਸੁਨੇਹਾ ਭੇਜਿਆ,,,
EVT_DIG003884,meeting,P00710,P00264,LOC0114,2026-08-20 07:39:00,0.99,DIG003884,ಭೇಟಿಯಾದರು,,,
EVT_DIG003885,movement,P00532,P00609,LOC0041,2026-08-25 09:45:00,0.99,DIG003885,ಸ್ಥಳ ಹಂಚಿಕೊಂಡರು,,,
EVT_DIG003886,communication,P00865,P00275,LOC0156,2026-06-21 20:08:00,0.99,DIG003886,సంప్రదించారు,,,
EVT_DIG003887,transfer,P00765,P00555,LOC0092,2026-08-24 03:21:00,0.99,DIG003887,رقم منتقل کی,,,
EVT_DIG003888,movement,P00885,P00937,LOC0137,2026-02-23 03:37:00,0.99,DIG003888,مقام شیئر کیا,,,
EVT_DIG003889,communication,P00330,P00453,LOC0058,2026-04-05 18:21:00,0.99,DIG003889,contacted,,,
EVT_DIG003890,transfer,P00952,P00917,LOC0027,2026-08-22 19:12:00,0.99,DIG003890,पैसे पाठवले,,,
EVT_DIG003891,movement,P00262,P00506,LOC0064,2026-04-27 13:43:00,0.99,DIG003891,സ്ഥലം പങ്കിട്ടു,,,
EVT_DIG003892,movement,P00342,P00329,LOC0144,2026-02-05 10:43:00,0.99,DIG003892,ਸਥਾਨ ਸਾਂਝਾ ਕੀਤਾ,,,
EVT_DIG003893,meeting,P00257,P00361,LOC0071,2026-02-07 02:56:00,0.99,DIG003893,met,,,
EVT_DIG003894,meeting,P00869,P00410,LOC0009,2026-04-01 23:23:00,0.99,DIG003894,भेट दिली,,,
EVT_DIG003895,communication,P00105,P00391,LOC0022,2026-07-23 12:02:00,0.99,DIG003895,ಸಂಪರ್ಕಿಸಿದರು,,,
EVT_DIG003896,communication,P00201,P00611,LOC0084,2026-02-05 09:00:00,0.99,DIG003896,called,,,
EVT_DIG003897,transfer,P00596,P00445,LOC0029,2026-03-10 23:57:00,0.99,DIG003897,ਪੈਸੇ ਭੇਜੇ,,,
EVT_DIG003898,communication,P00435,P00949,LOC0091,2026-08-27 09:57:00,0.99,DIG003898,ബന്ധപ്പെട്ടു,,,
EVT_DIG003899,transfer,P00067,P00315,LOC0159,2026-05-13 12:56:00,0.99,DIG003899,பணம் அனுப்பினார்,,,
EVT_DIG003900,transfer,P00495,P00843,LOC0169,2026-07-04 07:26:00,0.99,DIG003900,பணம் அனுப்பினார்,,,
EVT_DIG003901,communication,P00421,P00874,LOC0117,2026-07-08 16:10:00,0.99,DIG003901,ફોન કર્યો,,,
EVT_DIG003902,communication,P00017,P00645,LOC0129,2026-03-06 23:46:00,0.99,DIG003902,ਸੁਨੇਹਾ ਭੇਜਿਆ,,,
EVT_DIG003903,communication,P00212,P00397,LOC0014,2026-05-31 12:33:00,0.99,DIG003903,contacted,,,
EVT_DIG003904,meeting,P00716,P00678,LOC0177,2026-04-08 03:09:00,0.99,DIG003904,visited,,,
EVT_DIG003905,meeting,P00061,P00208,LOC0138,2026-04-04 12:18:00,0.99,DIG003905,சந்தித்தார்,,,
EVT_DIG003906,communication,P00302,P00394,LOC0147,2026-03-16 20:55:00,0.99,DIG003906,ফোন করেছে,,,
EVT_DIG003907,transfer,P00526,P00447,LOC0139,2026-01-12 15:37:00,0.99,DIG003907,പണം അയച്ചു,,,
EVT_DIG003908,communication,P00583,P00724,LOC0108,2026-03-04 11:09:00,0.99,DIG003908,ਸੁਨੇਹਾ ਭੇਜਿਆ,,,
EVT_DIG003909,communication,P00310,P00050,LOC0049,2026-08-18 06:27:00,0.99,DIG003909,సందేశం పంపారు,,,
EVT_DIG003910,movement,P00351,P00963,LOC0179,2026-06-09 03:29:00,0.99,DIG003910,સ્થાન શેર કર્યું,,,
EVT_DIG003911,meeting,P00138,P00005,LOC0110,2026-05-19 16:51:00,0.99,DIG003911,भेटला,,,
EVT_DIG003912,meeting,P00975,P00523,LOC0034,2026-07-12 13:30:00,0.99,DIG003912,ਮਿਲਿਆ,,,
EVT_DIG003913,communication,P00341,P00942,LOC0067,2026-08-17 03:31:00,0.99,DIG003913,ફોન કર્યો,,,
EVT_DIG003914,communication,P00013,P00341,LOC0031,2026-06-09 11:34:00,0.99,DIG003914,فون کیا,,,
EVT_DIG003915,communication,P00438,P00568,LOC0091,2026-02-19 14:25:00,0.99,DIG003915,फोन किया,,,
EVT_DIG003916,movement,P00863,P00263,LOC0123,2026-01-14 15:04:00,0.99,DIG003916,સ્થાન શેર કર્યું,,,
EVT_DIG003917,communication,P00558,P00599,LOC0022,2026-02-15 02:05:00,0.99,DIG003917,ബന്ധപ്പെട്ടു,,,
EVT_DIG003918,movement,P00004,P00730,LOC0142,2026-08-06 16:32:00,0.99,DIG003918,இடத்தை பகிர்ந்தார்,,,
EVT_DIG003919,meeting,P00815,P00701,LOC0110,2026-01-19 21:57:00,0.99,DIG003919,দেখা করেছে,,,
EVT_DIG003920,communication,P00651,P00682,LOC0100,2026-04-02 01:06:00,0.99,DIG003920,ಸಂಪರ್ಕಿಸಿದರು,,,
EVT_DIG003921,communication,P00511,P00055,LOC0047,2026-05-28 20:38:00,0.99,DIG003921,ફોન કર્યો,,,
EVT_DIG003922,meeting,P00706,P00439,LOC0156,2026-03-23 21:14:00,0.99,DIG003922,دورہ کیا,,,
EVT_DIG003923,communication,P00397,P00588,LOC0112,2026-07-27 20:21:00,0.99,DIG003923,સંપર્ક કર્યો,,,
EVT_DIG003924,communication,P00951,P00605,LOC0100,2026-06-23 23:28:00,0.99,DIG003924,ਸੁਨੇਹਾ ਭੇਜਿਆ,,,
EVT_DIG003925,transfer,P00695,P00370,LOC0084,2026-06-23 07:10:00,0.99,DIG003925,transferred funds to,,,
EVT_DIG003926,meeting,P00688,P00582,LOC0075,2026-05-20 09:53:00,0.99,DIG003926,వెళ్లారు,,,
EVT_DIG003927,communication,P00244,P00997,LOC0025,2026-01-28 07:55:00,0.99,DIG003927,ফোন করেছে,,,
EVT_DIG003928,communication,P00553,P00956,LOC0119,2026-05-02 21:38:00,0.99,DIG003928,ફોન કર્યો,,,
EVT_DIG003929,transfer,P00249,P00279,LOC0076,2026-02-16 06:21:00,0.99,DIG003929,പണം അയച്ചു,,,
EVT_DIG003930,meeting,P00892,P00836,LOC0088,2026-01-09 16:28:00,0.99,DIG003930,சென்றார்,,,
EVT_DIG003931,vehicle_use,P00846,P00504,LOC0168,2026-05-13 00:34:00,0.99,DIG003931,used a vehicle,,,
EVT_DIG003932,communication,P00027,P00815,LOC0087,2026-07-02 13:24:00,0.99,DIG003932,ਫੋਨ ਕੀਤਾ,,,
EVT_DIG003933,movement,P00426,P00139,LOC0042,2026-06-26 00:27:00,0.99,DIG003933,സ്ഥലം പങ്കിട്ടു,,,
EVT_DIG003934,transfer,P00184,P00302,LOC0161,2026-08-04 19:13:00,0.99,DIG003934,డబ్బు పంపారు,,,
EVT_DIG003935,communication,P00036,P00702,LOC0079,2026-04-15 09:29:00,0.99,DIG003935,called,,,
EVT_DIG003936,movement,P00938,P00885,LOC0102,2026-02-19 05:53:00,0.99,DIG003936,ಸ್ಥಳ ಹಂಚಿಕೊಂಡರು,,,
EVT_DIG003937,transfer,P00048,P00854,LOC0133,2026-02-04 12:52:00,0.99,DIG003937,డబ్బు పంపారు,,,
EVT_DIG003938,communication,P00293,P00386,LOC0135,2026-03-31 12:27:00,0.99,DIG003938,அழைத்தார்,,,
EVT_DIG003939,meeting,P00933,P00700,LOC0064,2026-08-14 05:28:00,0.99,DIG003939,दौरा किया,,,
EVT_DIG003940,communication,P00198,P00938,LOC0011,2026-02-04 05:40:00,0.99,DIG003940,sent a message to,,,
EVT_DIG003941,meeting,P00465,P00639,LOC0018,2026-01-22 04:04:00,0.99,DIG003941,visited,,,
EVT_DIG003942,vehicle_use,P00614,P00981,LOC0119,2026-03-05 18:07:00,0.99,DIG003942,used a vehicle,,,
EVT_DIG003943,communication,P00608,P00057,LOC0061,2026-08-10 02:13:00,0.99,DIG003943,സന്ദേശം അയച്ചു,,,
EVT_DIG003944,transfer,P00071,P00175,LOC0068,2026-01-29 19:18:00,0.99,DIG003944,નાણાં મોકલ્યાં,,,
EVT_DIG003945,movement,P00179,P00556,LOC0127,2026-02-18 04:12:00,0.99,DIG003945,ಸ್ಥಳ ಹಂಚಿಕೊಂಡರು,,,
EVT_DIG003946,movement,P00060,P00957,LOC0034,2026-02-10 07:25:00,0.99,DIG003946,இடத்தை பகிர்ந்தார்,,,
EVT_DIG003947,meeting,P00840,P00669,LOC0054,2026-06-12 23:34:00,0.99,DIG003947,ਮੁਲਾਕਾਤ ਕੀਤੀ,,,
EVT_DIG003948,meeting,P00123,P00329,LOC0031,2026-03-03 15:26:00,0.99,DIG003948,ਮੁਲਾਕਾਤ ਕੀਤੀ,,,
EVT_DIG003949,communication,P00254,P00940,LOC0179,2026-05-23 03:35:00,0.99,DIG003949,संदेश भेजा,,,
EVT_DIG003950,communication,P00628,P00223,LOC0085,2026-02-17 18:08:00,0.99,DIG003950,फोन केला,,,
EVT_DIG003951,movement,P00967,P00654,LOC0126,2026-03-12 05:41:00,0.99,DIG003951,இடத்தை பகிர்ந்தார்,,,
EVT_DIG003952,communication,P00301,P00687,LOC0013,2026-03-28 18:07:00,0.99,DIG003952,ಸಂದೇಶ ಕಳುಹಿಸಿದರು,,,
EVT_DIG003953,meeting,P00704,P00493,LOC0017,2026-03-31 14:13:00,0.99,DIG003953,دورہ کیا,,,
EVT_DIG003954,vehicle_use,P00094,P00515,LOC0014,2026-01-25 02:46:00,0.99,DIG003954,वाहन का उपयोग किया,,,
EVT_DIG003955,transfer,P00592,P00189,LOC0002,2026-04-05 09:06:00,0.99,DIG003955,transferred funds to,,,
EVT_DIG003956,meeting,P00455,P00773,LOC0123,2026-04-29 16:09:00,0.99,DIG003956,ਮਿਲਿਆ,,,
EVT_DIG003957,communication,P00464,P00003,LOC0065,2026-06-18 20:54:00,0.99,DIG003957,ਫੋਨ ਕੀਤਾ,,,
EVT_DIG003958,meeting,P00677,P00389,LOC0163,2026-03-24 09:11:00,0.99,DIG003958,കണ്ടുമുട്ടി,,,
EVT_DIG003959,transfer,P00728,P00004,LOC0083,2026-06-14 18:19:00,0.99,DIG003959,ಹಣ ಕಳುಹಿಸಿದರು,,,
EVT_DIG003960,movement,P00553,P00852,LOC0135,2026-02-22 21:13:00,0.99,DIG003960,स्थान साझा किया,,,
EVT_DIG003961,meeting,P00918,P00786,LOC0066,2026-03-08 07:02:00,0.99,DIG003961,دورہ کیا,,,
EVT_DIG003962,meeting,P00384,P00703,LOC0067,2026-01-17 11:54:00,0.99,DIG003962,കണ്ടുമുട്ടി,,,
EVT_DIG003963,meeting,P00158,P00225,LOC0063,2026-03-04 10:12:00,0.99,DIG003963,കണ്ടുമുട്ടി,,,
EVT_DIG003964,communication,P00828,P00589,LOC0046,2026-02-20 13:20:00,0.99,DIG003964,செய்தி அனுப்பினார்,,,
EVT_DIG003965,meeting,P00853,P00327,LOC0008,2026-03-20 04:57:00,0.99,DIG003965,സന്ദർശിച്ചു,,,
EVT_DIG003966,meeting,P00960,P00002,LOC0050,2026-02-21 07:02:00,0.99,DIG003966,भेट दिली,,,
EVT_DIG003967,communication,P00047,P00886,LOC0144,2026-08-21 09:55:00,0.99,DIG003967,ફોન કર્યો,,,
EVT_DIG003968,communication,P00962,P00974,LOC0021,2026-01-06 01:37:00,0.99,DIG003968,संपर्क किया,,,
EVT_DIG003969,communication,P00707,P00349,LOC0062,2026-06-17 13:57:00,0.99,DIG003969,ಸಂಪರ್ಕಿಸಿದರು,,,
EVT_DIG003970,vehicle_use,P00527,P00927,LOC0070,2026-07-24 18:09:00,0.99,DIG003970,वाहन का उपयोग किया,,,
EVT_DIG003971,communication,P00861,P00400,LOC0025,2026-01-25 13:43:00,0.99,DIG003971,సందేశం పంపారు,,,
EVT_DIG003972,meeting,P00850,P00368,LOC0055,2026-05-10 22:20:00,0.99,DIG003972,వెళ్లారు,,,
EVT_DIG003973,vehicle_use,P00379,P00062,LOC0042,2026-05-02 14:33:00,0.99,DIG003973,used a vehicle,,,
EVT_DIG003974,meeting,P00278,P00159,LOC0159,2026-04-20 17:21:00,0.99,DIG003974,వెళ్లారు,,,
EVT_DIG003975,communication,P00271,P00547,LOC0087,2026-01-30 11:10:00,0.99,DIG003975,संपर्क किया,,,
EVT_DIG003976,meeting,P00839,P00512,LOC0024,2026-05-30 08:26:00,0.99,DIG003976,ಭೇಟಿಯಾದರು,,,
EVT_DIG003977,transfer,P00295,P00440,LOC0110,2026-07-30 12:17:00,0.99,DIG003977,નાણાં મોકલ્યાં,,,
EVT_DIG003978,movement,P00156,P00338,LOC0045,2026-05-24 19:46:00,0.99,DIG003978,இடத்தை பகிர்ந்தார்,,,
EVT_DIG003979,communication,P00428,P00474,LOC0020,2026-01-09 09:32:00,0.99,DIG003979,फोन किया,,,
EVT_DIG003980,communication,P00624,P00444,LOC0163,2026-05-23 22:54:00,0.99,DIG003980,ਫੋਨ ਕੀਤਾ,,,
EVT_DIG003981,meeting,P00422,P00676,LOC0022,2026-01-09 09:15:00,0.99,DIG003981,দেখা করেছে,,,
EVT_DIG003982,movement,P00089,P00582,LOC0078,2026-08-25 10:54:00,0.99,DIG003982,സ്ഥലം പങ്കിട്ടു,,,
EVT_DIG003983,meeting,P00766,P00840,LOC0008,2026-03-09 23:04:00,0.99,DIG003983,സന്ദർശിച്ചു,,,
EVT_DIG003984,meeting,P00169,P00171,LOC0060,2026-01-17 13:23:00,0.99,DIG003984,ملاقات کی,,,
EVT_DIG003985,communication,P00237,P00967,LOC0163,2026-03-07 07:42:00,0.99,DIG003985,அழைத்தார்,,,
EVT_DIG003986,communication,P00701,P00443,LOC0082,2026-06-02 12:08:00,0.99,DIG003986,ఫోన్ చేశారు,,,
EVT_DIG003987,transfer,P00128,P00306,LOC0180,2026-07-03 18:23:00,0.99,DIG003987,पैसे पाठवले,,,
EVT_DIG003988,meeting,P00691,P00301,LOC0006,2026-08-26 18:36:00,0.99,DIG003988,دورہ کیا,,,
EVT_DIG003989,communication,P00779,P00895,LOC0095,2026-03-27 09:39:00,0.99,DIG003989,ফোন করেছে,,,
EVT_DIG003990,communication,P00826,P00301,LOC0147,2026-04-09 09:28:00,0.99,DIG003990,ಸಂದೇಶ ಕಳುಹಿಸಿದರು,,,
EVT_DIG003991,communication,P00616,P00486,LOC0045,2026-04-13 04:00:00,0.99,DIG003991,સંદેશ મોકલ્યો,,,
EVT_DIG003992,communication,P00824,P00729,LOC0177,2026-06-25 16:02:00,0.99,DIG003992,sent a message to,,,
EVT_DIG003993,communication,P00741,P00213,LOC0025,2026-01-14 07:52:00,0.99,DIG003993,sent a message to,,,
EVT_DIG003994,communication,P00222,P00759,LOC0167,2026-04-21 07:53:00,0.99,DIG003994,যোগাযোগ করেছে,,,
EVT_DIG003995,communication,P00037,P00526,LOC0060,2026-07-06 03:02:00,0.99,DIG003995,ఫోన్ చేశారు,,,
EVT_DIG003996,movement,P00476,P00879,LOC0151,2026-04-06 18:07:00,0.99,DIG003996,સ્થાન શેર કર્યું,,,
EVT_DIG003997,transfer,P00960,P00799,LOC0039,2026-04-14 11:57:00,0.99,DIG003997,رقم منتقل کی,,,
EVT_DIG003998,communication,P00999,P00006,LOC0116,2026-02-15 13:16:00,0.99,DIG003998,संदेश पाठवला,,,
EVT_DIG003999,communication,P00720,P00423,LOC0109,2026-05-21 05:52:00,0.99,DIG003999,رابطہ کیا,,,
EVT_DIG004000,movement,P00164,P00890,LOC0002,2026-04-17 19:24:00,0.99,DIG004000,ಸ್ಥಳ ಹಂಚಿಕೊಂಡರು,,,
EVT_DIG004001,transfer,P00552,P00785,LOC0127,2026-03-11 12:16:00,0.99,DIG004001,धन भेजा,,,
EVT_DIG004002,meeting,P00459,P00019,LOC0103,2026-03-03 21:38:00,0.99,DIG004002,వెళ్లారు,,,
EVT_DIG004003,communication,P00668,P00430,LOC0115,2026-07-25 12:13:00,0.99,DIG004003,సంప్రదించారు,,,
EVT_DIG004004,transfer,P00027,P00939,LOC0154,2026-03-08 21:52:00,0.99,DIG004004,पैसे पाठवले,,,
EVT_DIG004005,meeting,P00151,P00411,LOC0165,2026-03-26 00:18:00,0.99,DIG004005,भेट दिली,,,
EVT_DIG004006,meeting,P00087,P00508,LOC0155,2026-06-26 02:59:00,0.99,DIG004006,కలిశారు,,,
EVT_DIG004007,communication,P00794,P00795,LOC0122,2026-07-14 20:56:00,0.99,DIG004007,फोन किया,,,
EVT_DIG004008,communication,P00011,P00527,LOC0143,2026-08-02 16:24:00,0.99,DIG004008,فون کیا,,,
EVT_DIG004009,meeting,P00310,P00182,LOC0110,2026-08-01 15:16:00,0.99,DIG004009,भेट दिली,,,
EVT_DIG004010,meeting,P00239,P00113,LOC0015,2026-07-14 22:14:00,0.99,DIG004010,दौरा किया,,,
EVT_DIG004011,communication,P00552,P00953,LOC0153,2026-07-10 18:50:00,0.99,DIG004011,വിളിച്ചു,,,
EVT_DIG004012,meeting,P00622,P00523,LOC0173,2026-03-05 11:38:00,0.99,DIG004012,मिला,,,
EVT_DIG004013,movement,P00200,P00578,LOC0049,2026-02-07 13:29:00,0.99,DIG004013,स्थान साझा किया,,,
EVT_DIG004014,communication,P00087,P00431,LOC0118,2026-02-10 01:41:00,0.99,DIG004014,ಸಂಪರ್ಕಿಸಿದರು,,,
EVT_DIG004015,movement,P00204,P00884,LOC0176,2026-05-04 00:47:00,0.99,DIG004015,مقام شیئر کیا,,,
EVT_DIG004016,movement,P00466,P00842,LOC0050,2026-08-23 17:44:00,0.99,DIG004016,સ્થાન શેર કર્યું,,,
EVT_DIG004017,communication,P00212,P00104,LOC0066,2026-05-27 19:31:00,0.99,DIG004017,ಸಂದೇಶ ಕಳುಹಿಸಿದರು,,,
EVT_DIG004018,communication,P00761,P00293,LOC0043,2026-04-21 07:56:00,0.99,DIG004018,ಸಂದೇಶ ಕಳುಹಿಸಿದರು,,,
EVT_DIG004019,meeting,P00272,P00909,LOC0161,2026-01-08 07:27:00,0.99,DIG004019,دورہ کیا,,,
EVT_DIG004020,communication,P00101,P00104,LOC0116,2026-08-06 17:16:00,0.99,DIG004020,அழைத்தார்,,,
EVT_DIG004021,communication,P00009,P00302,LOC0108,2026-06-18 10:35:00,0.99,DIG004021,ਸੁਨੇਹਾ ਭੇਜਿਆ,,,
EVT_DIG004022,meeting,P00941,P00302,LOC0157,2026-07-18 07:52:00,0.99,DIG004022,ಭೇಟಿಯಾದರು,,,
EVT_DIG004023,communication,P00795,P00198,LOC0082,2026-03-15 15:36:00,0.99,DIG004023,ফোন করেছে,,,
EVT_DIG004024,transfer,P00883,P00247,LOC0037,2026-08-21 13:08:00,0.99,DIG004024,பணம் அனுப்பினார்,,,
EVT_DIG004025,meeting,P00009,P00113,LOC0157,2026-08-31 00:11:00,0.99,DIG004025,ਮਿਲਿਆ,,,
EVT_DIG004026,communication,P00502,P00310,LOC0107,2026-02-25 19:55:00,0.99,DIG004026,సందేశం పంపారు,,,
EVT_DIG004027,communication,P00671,P00084,LOC0097,2026-05-20 18:46:00,0.99,DIG004027,ফোন করেছে,,,
EVT_DIG004028,meeting,P00558,P00796,LOC0120,2026-06-20 23:12:00,0.99,DIG004028,भेट दिली,,,
EVT_DIG004029,communication,P00946,P00487,LOC0151,2026-05-05 09:52:00,0.99,DIG004029,സന്ദേശം അയച്ചു,,,
EVT_DIG004030,meeting,P00691,P00705,LOC0025,2026-06-01 00:29:00,0.99,DIG004030,ಭೇಟಿ ನೀಡಿದರು,,,
EVT_DIG004031,communication,P00359,P00830,LOC0057,2026-02-24 21:37:00,0.99,DIG004031,ఫోన్ చేశారు,,,
EVT_DIG004032,meeting,P00564,P00620,LOC0091,2026-04-04 23:38:00,0.99,DIG004032,दौरा किया,,,
EVT_DIG004033,transfer,P00064,P00387,LOC0137,2026-05-30 20:47:00,0.99,DIG004033,धन भेजा,,,
EVT_DIG004034,communication,P00397,P00517,LOC0156,2026-01-08 13:50:00,0.99,DIG004034,ફોન કર્યો,,,
EVT_DIG004035,communication,P00837,P00854,LOC0068,2026-06-14 02:36:00,0.99,DIG004035,സന്ദേശം അയച്ചു,,,
EVT_DIG004036,communication,P00333,P00280,LOC0023,2026-04-03 13:16:00,0.99,DIG004036,contacted,,,
EVT_DIG004037,meeting,P00266,P00983,LOC0163,2026-08-21 07:59:00,0.99,DIG004037,दौरा किया,,,
EVT_DIG004038,communication,P00095,P00506,LOC0013,2026-01-27 16:34:00,0.99,DIG004038,فون کیا,,,
EVT_DIG004039,transfer,P00696,P00403,LOC0009,2026-07-12 21:26:00,0.99,DIG004039,નાણાં મોકલ્યાં,,,
EVT_DIG004040,movement,P00048,P00891,LOC0004,2026-02-11 22:11:00,0.99,DIG004040,স্থান ভাগ করেছে,,,
EVT_DIG004041,transfer,P00134,P00809,LOC0120,2026-02-03 08:28:00,0.99,DIG004041,డబ్బు పంపారు,,,
EVT_DIG004042,movement,P00631,P00402,LOC0170,2026-01-21 09:40:00,0.99,DIG004042,مقام شیئر کیا,,,
EVT_DIG004043,transfer,P00418,P00082,LOC0063,2026-01-25 12:11:00,0.99,DIG004043,رقم منتقل کی,,,
EVT_DIG004044,transfer,P00974,P00140,LOC0178,2026-08-11 00:50:00,0.99,DIG004044,transferred funds to,,,
EVT_DIG004045,movement,P00277,P00550,LOC0056,2026-07-18 15:10:00,0.99,DIG004045,স্থান ভাগ করেছে,,,
EVT_DIG004046,transfer,P00589,P00614,LOC0081,2026-06-30 13:45:00,0.99,DIG004046,പണം അയച്ചു,,,
EVT_DIG004047,transfer,P00503,P00118,LOC0121,2026-07-21 07:42:00,0.99,DIG004047,డబ్బు పంపారు,,,
EVT_DIG004048,communication,P00650,P00160,LOC0080,2026-07-25 23:51:00,0.99,DIG004048,संपर्क किया,,,
EVT_DIG004049,meeting,P00745,P00160,LOC0011,2026-07-10 09:57:00,0.99,DIG004049,পরিদর্শন করেছে,,,
EVT_DIG004050,meeting,P00294,P00811,LOC0026,2026-03-05 10:15:00,0.99,DIG004050,visited,,,
EVT_DIG004051,communication,P00363,P00533,LOC0108,2026-08-27 22:30:00,0.99,DIG004051,സന്ദേശം അയച്ചു,,,
EVT_DIG004052,movement,P00491,P00724,LOC0105,2026-05-14 23:09:00,0.99,DIG004052,ಸ್ಥಳ ಹಂಚಿಕೊಂಡರು,,,
EVT_DIG004053,communication,P00015,P00286,LOC0157,2026-08-14 05:16:00,0.99,DIG004053,ਸੁਨੇਹਾ ਭੇਜਿਆ,,,
EVT_DIG004054,communication,P00123,P00654,LOC0105,2026-05-21 08:54:00,0.99,DIG004054,સંપર્ક કર્યો,,,
EVT_DIG004055,communication,P00873,P00717,LOC0143,2026-03-28 15:18:00,0.99,DIG004055,فون کیا,,,
EVT_DIG004056,communication,P00118,P00471,LOC0155,2026-05-25 01:56:00,0.99,DIG004056,ಸಂಪರ್ಕಿಸಿದರು,,,
EVT_DIG004057,communication,P00781,P00469,LOC0020,2026-03-25 21:22:00,0.99,DIG004057,رابطہ کیا,,,
EVT_DIG004058,communication,P00113,P00609,LOC0011,2026-05-29 13:24:00,0.99,DIG004058,फोन किया,,,
EVT_DIG004059,meeting,P00074,P00615,LOC0023,2026-03-01 03:12:00,0.99,DIG004059,சென்றார்,,,
EVT_DIG004060,movement,P00511,P00884,LOC0161,2026-04-12 04:31:00,0.99,DIG004060,സ്ഥലം പങ്കിട്ടു,,,
EVT_DIG004061,communication,P00041,P00231,LOC0042,2026-04-02 00:57:00,0.99,DIG004061,sent a message to,,,
EVT_DIG004062,movement,P00523,P00439,LOC0160,2026-05-29 02:00:00,0.99,DIG004062,સ્થાન શેર કર્યું,,,
EVT_DIG004063,communication,P00560,P00241,LOC0127,2026-06-10 09:02:00,0.99,DIG004063,বার্তা পাঠিয়েছে,,,
EVT_DIG004064,movement,P00306,P00839,LOC0059,2026-02-08 00:01:00,0.99,DIG004064,مقام شیئر کیا,,,
EVT_DIG004065,communication,P00906,P00117,LOC0058,2026-01-30 17:10:00,0.99,DIG004065,संदेश भेजा,,,
EVT_DIG004066,meeting,P00768,P00703,LOC0132,2026-07-03 07:10:00,0.99,DIG004066,സന്ദർശിച്ചു,,,
EVT_DIG004067,transfer,P00938,P00656,LOC0118,2026-08-24 06:19:00,0.99,DIG004067,ਪੈਸੇ ਭੇਜੇ,,,
EVT_DIG004068,transfer,P00966,P00523,LOC0134,2026-08-09 17:34:00,0.99,DIG004068,பணம் அனுப்பினார்,,,
EVT_DIG004069,meeting,P00444,P00282,LOC0023,2026-05-17 10:09:00,0.99,DIG004069,ملاقات کی,,,
EVT_DIG004070,communication,P00357,P00583,LOC0128,2026-03-30 01:26:00,0.99,DIG004070,સંપર્ક કર્યો,,,
EVT_DIG004071,communication,P00221,P00737,LOC0085,2026-07-31 06:19:00,0.99,DIG004071,پیغام بھیجا,,,
EVT_DIG004072,meeting,P00519,P00331,LOC0100,2026-01-10 13:05:00,0.99,DIG004072,दौरा किया,,,
EVT_DIG004073,meeting,P00369,P00706,LOC0156,2026-06-15 08:50:00,0.99,DIG004073,ملاقات کی,,,
EVT_DIG004074,meeting,P00962,P00953,LOC0124,2026-06-02 21:26:00,0.99,DIG004074,भेट दिली,,,
EVT_DIG004075,movement,P00535,P00025,LOC0036,2026-01-21 08:44:00,0.99,DIG004075,স্থান ভাগ করেছে,,,
EVT_DIG004076,communication,P00109,P00309,LOC0106,2026-01-24 01:47:00,0.99,DIG004076,ફોન કર્યો,,,
EVT_DIG004077,meeting,P00941,P00291,LOC0088,2026-05-06 19:57:00,0.99,DIG004077,दौरा किया,,,
EVT_DIG004078,movement,P00611,P00460,LOC0055,2026-04-18 06:34:00,0.99,DIG004078,स्थान साझा किया,,,
EVT_DIG004079,communication,P00983,P00332,LOC0090,2026-08-15 00:19:00,0.99,DIG004079,ಸಂದೇಶ ಕಳುಹಿಸಿದರು,,,
EVT_DIG004080,communication,P00250,P00462,LOC0021,2026-08-18 03:01:00,0.99,DIG004080,ਸੰਪਰਕ ਕੀਤਾ,,,
EVT_DIG004081,transfer,P00923,P00349,LOC0015,2026-07-14 12:22:00,0.99,DIG004081,ಹಣ ಕಳುಹಿಸಿದರು,,,
EVT_DIG004082,meeting,P00870,P00186,LOC0116,2026-01-06 11:10:00,0.99,DIG004082,visited,,,
EVT_DIG004083,communication,P00439,P00108,LOC0109,2026-08-23 15:48:00,0.99,DIG004083,ಸಂದೇಶ ಕಳುಹಿಸಿದರು,,,
EVT_DIG004084,communication,P00713,P00967,LOC0150,2026-07-29 16:08:00,0.99,DIG004084,அழைத்தார்,,,
EVT_DIG004085,transfer,P00541,P00736,LOC0073,2026-03-22 22:34:00,0.99,DIG004085,ਪੈਸੇ ਭੇਜੇ,,,
EVT_DIG004086,transfer,P00217,P00801,LOC0161,2026-01-06 13:06:00,0.99,DIG004086,പണം അയച്ചു,,,
EVT_DIG004087,communication,P00601,P00248,LOC0134,2026-03-22 12:03:00,0.99,DIG004087,సందేశం పంపారు,,,
EVT_DIG004088,communication,P00388,P00443,LOC0166,2026-08-12 14:59:00,0.99,DIG004088,contacted,,,
EVT_DIG004089,transfer,P00647,P00856,LOC0048,2026-06-19 03:38:00,0.99,DIG004089,رقم منتقل کی,,,
EVT_DIG004090,transfer,P00245,P00979,LOC0019,2026-04-06 06:10:00,0.99,DIG004090,பணம் அனுப்பினார்,,,
EVT_DIG004091,communication,P00287,P00460,LOC0169,2026-01-21 14:40:00,0.99,DIG004091,संपर्क किया,,,
EVT_DIG004092,communication,P00843,P00798,LOC0147,2026-07-05 20:46:00,0.99,DIG004092,ఫోన్ చేశారు,,,
EVT_DIG004093,communication,P00603,P00076,LOC0033,2026-08-04 18:09:00,0.99,DIG004093,సందేశం పంపారు,,,
EVT_DIG004094,transfer,P00048,P00996,LOC0147,2026-04-03 00:03:00,0.99,DIG004094,డబ్బు పంపారు,,,
EVT_DIG004095,communication,P00051,P00512,LOC0158,2026-08-17 18:42:00,0.99,DIG004095,বার্তা পাঠিয়েছে,,,
EVT_DIG004096,movement,P00842,P00065,LOC0032,2026-03-09 01:28:00,0.99,DIG004096,স্থান ভাগ করেছে,,,
EVT_DIG004097,communication,P00191,P00475,LOC0045,2026-06-15 00:52:00,0.99,DIG004097,संदेश पाठवला,,,
EVT_DIG004098,communication,P00975,P00976,LOC0027,2026-04-10 02:36:00,0.99,DIG004098,ಕರೆ ಮಾಡಿದರು,,,
EVT_DIG004099,meeting,P00993,P00280,LOC0043,2026-02-02 19:32:00,0.99,DIG004099,சென்றார்,,,
EVT_DIG004100,movement,P00451,P00286,LOC0169,2026-07-06 17:47:00,0.99,DIG004100,ठिकाण शेअर केले,,,
EVT_DIG004101,movement,P00214,P00236,LOC0174,2026-06-28 14:07:00,0.99,DIG004101,స్థానం పంచుకున్నారు,,,
EVT_DIG004102,transfer,P00491,P00592,LOC0149,2026-06-18 13:12:00,0.99,DIG004102,رقم منتقل کی,,,
EVT_DIG004103,meeting,P00782,P00588,LOC0028,2026-05-21 19:29:00,0.99,DIG004103,ಭೇಟಿಯಾದರು,,,
EVT_DIG004104,meeting,P00725,P00101,LOC0173,2026-04-16 19:43:00,0.99,DIG004104,ملاقات کی,,,
EVT_DIG004105,transfer,P00596,P00638,LOC0030,2026-07-13 18:07:00,0.99,DIG004105,ਪੈਸੇ ਭੇਜੇ,,,
EVT_DIG004106,transfer,P00451,P00483,LOC0090,2026-04-08 19:21:00,0.99,DIG004106,ಹಣ ಕಳುಹಿಸಿದರು,,,
EVT_DIG004107,communication,P00893,P00898,LOC0157,2026-06-28 17:33:00,0.99,DIG004107,ಸಂಪರ್ಕಿಸಿದರು,,,
EVT_DIG004108,movement,P00487,P00449,LOC0013,2026-04-20 07:28:00,0.99,DIG004108,स्थान साझा किया,,,
EVT_DIG004109,meeting,P00195,P00213,LOC0150,2026-01-28 18:16:00,0.99,DIG004109,ਮਿਲਿਆ,,,
EVT_DIG004110,communication,P00210,P00034,LOC0154,2026-04-19 01:55:00,0.99,DIG004110,sent a message to,,,
EVT_DIG004111,communication,P00143,P00446,LOC0039,2026-02-21 06:00:00,0.99,DIG004111,ಸಂಪರ್ಕಿಸಿದರು,,,
EVT_DIG004112,communication,P00427,P00081,LOC0028,2026-02-23 09:14:00,0.99,DIG004112,फोन किया,,,
EVT_DIG004113,transfer,P00927,P00468,LOC0003,2026-06-04 22:14:00,0.99,DIG004113,رقم منتقل کی,,,
EVT_DIG004114,movement,P00873,P00460,LOC0150,2026-07-15 09:24:00,0.99,DIG004114,ਸਥਾਨ ਸਾਂਝਾ ਕੀਤਾ,,,
EVT_DIG004115,vehicle_use,P00230,P00698,LOC0130,2026-04-03 15:52:00,0.99,DIG004115,used a vehicle,,,
EVT_DIG004116,communication,P00778,P00372,LOC0025,2026-05-02 19:06:00,0.99,DIG004116,செய்தி அனுப்பினார்,,,
EVT_DIG004117,communication,P00570,P00739,LOC0067,2026-04-14 03:27:00,0.99,DIG004117,संपर्क किया,,,
EVT_DIG004118,communication,P00962,P00024,LOC0165,2026-01-26 15:33:00,0.99,DIG004118,संदेश पाठवला,,,
EVT_DIG004119,transfer,P00755,P00686,LOC0089,2026-06-10 02:07:00,0.99,DIG004119,નાણાં મોકલ્યાં,,,
EVT_DIG004120,movement,P00896,P00212,LOC0060,2026-06-12 18:19:00,0.99,DIG004120,ਸਥਾਨ ਸਾਂਝਾ ਕੀਤਾ,,,
EVT_DIG004121,communication,P00200,P00584,LOC0126,2026-02-22 13:39:00,0.99,DIG004121,رابطہ کیا,,,
EVT_DIG004122,communication,P00412,P00668,LOC0147,2026-05-31 21:06:00,0.99,DIG004122,സന്ദേശം അയച്ചു,,,
EVT_DIG004123,transfer,P00024,P00347,LOC0151,2026-06-25 06:29:00,0.99,DIG004123,નાણાં મોકલ્યાં,,,
EVT_DIG004124,communication,P00026,P00718,LOC0047,2026-04-20 12:07:00,0.99,DIG004124,ಕರೆ ಮಾಡಿದರು,,,
EVT_DIG004125,meeting,P00514,P00935,LOC0110,2026-01-23 15:56:00,0.99,DIG004125,দেখা করেছে,,,
EVT_DIG004126,vehicle_use,P00078,P00639,LOC0030,2026-07-22 00:50:00,0.99,DIG004126,वाहन का उपयोग किया,,,
EVT_DIG004127,meeting,P00282,P00964,LOC0049,2026-02-20 04:12:00,0.99,DIG004127,ಭೇಟಿ ನೀಡಿದರು,,,
EVT_DIG004128,transfer,P00867,P00467,LOC0093,2026-04-05 17:42:00,0.99,DIG004128,টাকা পাঠিয়েছে,,,
EVT_DIG004129,meeting,P00128,P00525,LOC0090,2026-06-17 06:32:00,0.99,DIG004129,পরিদর্শন করেছে,,,
EVT_DIG004130,movement,P00628,P00624,LOC0126,2026-08-30 01:28:00,0.99,DIG004130,స్థానం పంచుకున్నారు,,,
EVT_DIG004131,communication,P00596,P00693,LOC0087,2026-07-09 18:59:00,0.99,DIG004131,फोन केला,,,
EVT_DIG004132,transfer,P00481,P00492,LOC0134,2026-02-18 11:16:00,0.99,DIG004132,টাকা পাঠিয়েছে,,,
EVT_DIG004133,vehicle_use,P00748,P00478,LOC0114,2026-06-10 23:24:00,0.99,DIG004133,वाहन का उपयोग किया,,,
EVT_DIG004134,communication,P00678,P00699,LOC0134,2026-01-26 08:16:00,0.99,DIG004134,தொடர்பு கொண்டார்,,,
EVT_DIG004135,communication,P00586,P00823,LOC0020,2026-06-01 15:20:00,0.99,DIG004135,സന്ദേശം അയച്ചു,,,
EVT_DIG004136,communication,P00093,P00195,LOC0019,2026-03-23 11:29:00,0.99,DIG004136,फोन केला,,,
EVT_DIG004137,meeting,P00563,P00329,LOC0041,2026-06-21 22:15:00,0.99,DIG004137,भेटला,,,
EVT_DIG004138,communication,P00418,P00710,LOC0118,2026-06-25 03:56:00,0.99,DIG004138,ਸੁਨੇਹਾ ਭੇਜਿਆ,,,
EVT_DIG004139,meeting,P00357,P00172,LOC0093,2026-03-30 06:49:00,0.99,DIG004139,भेटला,,,
EVT_DIG004140,communication,P00863,P00485,LOC0062,2026-04-02 14:00:00,0.99,DIG004140,যোগাযোগ করেছে,,,
EVT_DIG004141,meeting,P00650,P00071,LOC0093,2026-08-09 03:21:00,0.99,DIG004141,मिला,,,
EVT_DIG004142,transfer,P00616,P00222,LOC0088,2026-03-01 18:14:00,0.99,DIG004142,డబ్బు పంపారు,,,
EVT_DIG004143,meeting,P00385,P00880,LOC0054,2026-02-15 15:28:00,0.99,DIG004143,দেখা করেছে,,,
EVT_DIG004144,movement,P00115,P00581,LOC0143,2026-06-05 08:15:00,0.99,DIG004144,స్థానం పంచుకున్నారు,,,
EVT_DIG004145,meeting,P00391,P00493,LOC0025,2026-08-06 18:21:00,0.99,DIG004145,ਮਿਲਿਆ,,,
EVT_DIG004146,communication,P00424,P00686,LOC0177,2026-07-05 08:07:00,0.99,DIG004146,ਫੋਨ ਕੀਤਾ,,,
EVT_DIG004147,communication,P00183,P00988,LOC0130,2026-04-11 12:04:00,0.99,DIG004147,సంప్రదించారు,,,
EVT_DIG004148,transfer,P00842,P00001,LOC0056,2026-03-31 11:00:00,0.99,DIG004148,ಹಣ ಕಳುಹಿಸಿದರು,,,
EVT_DIG004149,meeting,P00853,P00326,LOC0066,2026-02-12 05:52:00,0.99,DIG004149,ਮਿਲਿਆ,,,
EVT_DIG004150,meeting,P00955,P00755,LOC0019,2026-08-05 09:58:00,0.99,DIG004150,ਮੁਲਾਕਾਤ ਕੀਤੀ,,,
EVT_DIG004151,vehicle_use,P00897,P00200,LOC0136,2026-05-20 15:29:00,0.99,DIG004151,used a vehicle,,,
EVT_DIG004152,communication,P00297,P00633,LOC0090,2026-03-28 17:19:00,0.99,DIG004152,sent a message to,,,
EVT_DIG004153,meeting,P00919,P00492,LOC0028,2026-08-24 00:40:00,0.99,DIG004153,दौरा किया,,,
EVT_DIG004154,movement,P00329,P00594,LOC0120,2026-01-04 14:46:00,0.99,DIG004154,ठिकाण शेअर केले,,,
EVT_DIG004155,communication,P00651,P00942,LOC0131,2026-07-28 11:55:00,0.99,DIG004155,contacted,,,
EVT_DIG004156,communication,P00844,P00800,LOC0008,2026-07-03 11:24:00,0.99,DIG004156,বার্তা পাঠিয়েছে,,,
EVT_DIG004157,communication,P00738,P00837,LOC0015,2026-04-05 12:19:00,0.99,DIG004157,contacted,,,
EVT_DIG004158,meeting,P00740,P00856,LOC0061,2026-03-10 03:02:00,0.99,DIG004158,ಭೇಟಿ ನೀಡಿದರು,,,
EVT_DIG004159,communication,P00737,P00926,LOC0102,2026-06-12 02:52:00,0.99,DIG004159,సంప్రదించారు,,,
EVT_DIG004160,meeting,P00803,P00274,LOC0107,2026-02-01 20:27:00,0.99,DIG004160,వెళ్లారు,,,
EVT_DIG004161,communication,P00725,P00526,LOC0071,2026-07-15 23:59:00,0.99,DIG004161,સંદેશ મોકલ્યો,,,
EVT_DIG004162,movement,P00512,P00428,LOC0147,2026-03-07 14:45:00,0.99,DIG004162,ठिकाण शेअर केले,,,
EVT_DIG004163,communication,P00324,P00720,LOC0123,2026-03-03 13:48:00,0.99,DIG004163,ಕರೆ ಮಾಡಿದರು,,,
EVT_DIG004164,communication,P00716,P00023,LOC0005,2026-03-24 14:52:00,0.99,DIG004164,संपर्क किया,,,
EVT_DIG004165,meeting,P00103,P00578,LOC0043,2026-03-26 19:27:00,0.99,DIG004165,मिला,,,
EVT_DIG004166,transfer,P00084,P00076,LOC0170,2026-04-25 18:26:00,0.99,DIG004166,transferred funds to,,,
EVT_DIG004167,transfer,P00206,P00768,LOC0134,2026-02-04 13:14:00,0.99,DIG004167,ਪੈਸੇ ਭੇਜੇ,,,
EVT_DIG004168,communication,P00804,P00525,LOC0051,2026-06-06 15:32:00,0.99,DIG004168,sent a message to,,,
EVT_DIG004169,communication,P00131,P00866,LOC0071,2026-02-01 16:28:00,0.99,DIG004169,ಕರೆ ಮಾಡಿದರು,,,
EVT_DIG004170,communication,P00097,P00882,LOC0003,2026-03-27 06:26:00,0.99,DIG004170,அழைத்தார்,,,
EVT_DIG004171,communication,P00037,P00526,LOC0130,2026-02-25 01:18:00,0.99,DIG004171,ಸಂದೇಶ ಕಳುಹಿಸಿದರು,,,
EVT_DIG004172,transfer,P00641,P00242,LOC0040,2026-05-31 06:01:00,0.99,DIG004172,धन भेजा,,,
EVT_DIG004173,communication,P00886,P00706,LOC0080,2026-01-11 08:59:00,0.99,DIG004173,ಸಂದೇಶ ಕಳುಹಿಸಿದರು,,,
EVT_DIG004174,transfer,P00942,P00919,LOC0083,2026-06-01 05:57:00,0.99,DIG004174,డబ్బు పంపారు,,,
EVT_DIG004175,meeting,P00217,P00509,LOC0082,2026-08-20 01:30:00,0.99,DIG004175,भेटला,,,
EVT_DIG004176,communication,P00579,P00224,LOC0172,2026-05-16 04:01:00,0.99,DIG004176,ബന്ധപ്പെട്ടു,,,
EVT_DIG004177,meeting,P00294,P00562,LOC0091,2026-03-10 08:41:00,0.99,DIG004177,भेट दिली,,,
EVT_DIG004178,communication,P00734,P00666,LOC0052,2026-06-21 16:52:00,0.99,DIG004178,ਫੋਨ ਕੀਤਾ,,,
EVT_DIG004179,communication,P00784,P00888,LOC0097,2026-04-22 18:53:00,0.99,DIG004179,ബന്ധപ്പെട്ടു,,,
EVT_DIG004180,transfer,P00866,P00836,LOC0176,2026-05-20 01:10:00,0.99,DIG004180,رقم منتقل کی,,,
EVT_DIG004181,movement,P00274,P00428,LOC0160,2026-02-24 21:46:00,0.99,DIG004181,مقام شیئر کیا,,,
EVT_DIG004182,meeting,P00791,P00506,LOC0051,2026-08-20 23:28:00,0.99,DIG004182,ಭೇಟಿ ನೀಡಿದರು,,,
EVT_DIG004183,meeting,P00266,P00428,LOC0014,2026-03-17 01:52:00,0.99,DIG004183,ملاقات کی,,,
EVT_DIG004184,movement,P00388,P00051,LOC0117,2026-08-18 12:49:00,0.99,DIG004184,സ്ഥലം പങ്കിട്ടു,,,
EVT_DIG004185,communication,P00213,P00092,LOC0062,2026-06-19 17:12:00,0.99,DIG004185,sent a message to,,,
EVT_DIG004186,communication,P00040,P00613,LOC0045,2026-06-21 12:33:00,0.99,DIG004186,செய்தி அனுப்பினார்,,,
EVT_DIG004187,communication,P00237,P00646,LOC0004,2026-02-19 06:52:00,0.99,DIG004187,ফোন করেছে,,,
EVT_DIG004188,communication,P00851,P00043,LOC0125,2026-01-17 02:07:00,0.99,DIG004188,বার্তা পাঠিয়েছে,,,
EVT_DIG004189,communication,P00393,P00053,LOC0170,2026-05-27 12:57:00,0.99,DIG004189,संपर्क केला,,,
EVT_DIG004190,movement,P00491,P00632,LOC0024,2026-08-31 15:22:00,0.99,DIG004190,സ്ഥലം പങ്കിട്ടു,,,
EVT_DIG004191,meeting,P00479,P00781,LOC0033,2026-03-17 21:00:00,0.99,DIG004191,കണ്ടുമുട്ടി,,,
EVT_DIG004192,meeting,P00703,P00877,LOC0156,2026-02-17 08:55:00,0.99,DIG004192,சென்றார்,,,
EVT_DIG004193,transfer,P00369,P00483,LOC0113,2026-07-25 09:45:00,0.99,DIG004193,ಹಣ ಕಳುಹಿಸಿದರು,,,
EVT_DIG004194,communication,P00139,P00800,LOC0129,2026-05-05 03:07:00,0.99,DIG004194,फोन किया,,,
EVT_DIG004195,movement,P00672,P00992,LOC0066,2026-07-26 12:53:00,0.99,DIG004195,مقام شیئر کیا,,,
EVT_DIG004196,vehicle_use,P00172,P00495,LOC0006,2026-01-25 22:48:00,0.99,DIG004196,used a vehicle,,,
EVT_DIG004197,meeting,P00968,P00859,LOC0149,2026-04-01 16:46:00,0.99,DIG004197,ਮਿਲਿਆ,,,
EVT_DIG004198,meeting,P00920,P00760,LOC0030,2026-03-28 16:59:00,0.99,DIG004198,दौरा किया,,,
EVT_DIG004199,communication,P00345,P00943,LOC0025,2026-02-06 15:44:00,0.99,DIG004199,സന്ദേശം അയച്ചു,,,
EVT_DIG004200,movement,P00007,P00058,LOC0122,2026-08-11 16:02:00,0.99,DIG004200,مقام شیئر کیا,,,
EVT_DIG004201,communication,P00889,P00268,LOC0053,2026-01-22 10:10:00,0.99,DIG004201,సంప్రదించారు,,,
EVT_DIG004202,communication,P00816,P00100,LOC0111,2026-01-26 11:29:00,0.99,DIG004202,called,,,
EVT_DIG004203,transfer,P00342,P00986,LOC0104,2026-07-14 14:49:00,0.99,DIG004203,નાણાં મોકલ્યાં,,,
EVT_DIG004204,meeting,P00695,P00989,LOC0106,2026-08-01 01:59:00,0.99,DIG004204,కలిశారు,,,
EVT_DIG004205,meeting,P00717,P00673,LOC0085,2026-05-27 15:16:00,0.99,DIG004205,ਮਿਲਿਆ,,,
EVT_DIG004206,movement,P00132,P00726,LOC0016,2026-03-20 04:11:00,0.99,DIG004206,ठिकाण शेअर केले,,,
EVT_DIG004207,communication,P00898,P00403,LOC0147,2026-04-10 02:56:00,0.99,DIG004207,సందేశం పంపారు,,,
EVT_DIG004208,meeting,P00836,P00648,LOC0134,2026-01-28 23:54:00,0.99,DIG004208,দেখা করেছে,,,
EVT_DIG004209,communication,P00377,P00974,LOC0148,2026-01-08 10:31:00,0.99,DIG004209,ਸੰਪਰਕ ਕੀਤਾ,,,
EVT_DIG004210,meeting,P00292,P00242,LOC0133,2026-03-30 13:09:00,0.99,DIG004210,મળ્યા,,,
EVT_DIG004211,communication,P00638,P00182,LOC0055,2026-04-12 03:27:00,0.99,DIG004211,رابطہ کیا,,,
EVT_DIG004212,communication,P00188,P00663,LOC0018,2026-04-12 05:50:00,0.99,DIG004212,ബന്ധപ്പെട്ടു,,,
EVT_DIG004213,vehicle_use,P00418,P00023,LOC0138,2026-07-02 22:56:00,0.99,DIG004213,used a vehicle,,,
EVT_DIG004214,movement,P00172,P00532,LOC0069,2026-07-27 17:09:00,0.99,DIG004214,ठिकाण शेअर केले,,,
EVT_DIG004215,meeting,P00978,P00187,LOC0056,2026-08-07 17:04:00,0.99,DIG004215,వెళ్లారు,,,
EVT_DIG004216,communication,P00479,P00025,LOC0044,2026-01-27 00:19:00,0.99,DIG004216,ਸੰਪਰਕ ਕੀਤਾ,,,
EVT_DIG004217,movement,P00192,P00275,LOC0059,2026-07-08 12:39:00,0.99,DIG004217,ਸਥਾਨ ਸਾਂਝਾ ਕੀਤਾ,,,
EVT_DIG004218,meeting,P00466,P00540,LOC0084,2026-04-03 22:36:00,0.99,DIG004218,भेटला,,,
EVT_DIG004219,communication,P00941,P00252,LOC0148,2026-02-26 02:15:00,0.99,DIG004219,ബന്ധപ്പെട്ടു,,,
EVT_DIG004220,transfer,P00211,P00909,LOC0087,2026-07-14 16:28:00,0.99,DIG004220,transferred funds to,,,
EVT_DIG004221,communication,P00470,P00603,LOC0103,2026-03-04 15:39:00,0.99,DIG004221,ఫోన్ చేశారు,,,
EVT_DIG004222,communication,P00776,P00050,LOC0163,2026-03-29 07:49:00,0.99,DIG004222,ফোন করেছে,,,
EVT_DIG004223,transfer,P00784,P00039,LOC0125,2026-03-10 17:57:00,0.99,DIG004223,رقم منتقل کی,,,
EVT_DIG004224,meeting,P00834,P00517,LOC0006,2026-05-27 05:49:00,0.99,DIG004224,ਮੁਲਾਕਾਤ ਕੀਤੀ,,,
EVT_DIG004225,communication,P00765,P00743,LOC0050,2026-04-03 00:03:00,0.99,DIG004225,ફોન કર્યો,,,
EVT_DIG004226,meeting,P00044,P00683,LOC0049,2026-04-16 13:38:00,0.99,DIG004226,visited,,,
EVT_DIG004227,movement,P00646,P00777,LOC0098,2026-05-29 08:29:00,0.99,DIG004227,స్థానం పంచుకున్నారు,,,
EVT_DIG004228,communication,P00172,P00432,LOC0147,2026-03-28 12:53:00,0.99,DIG004228,செய்தி அனுப்பினார்,,,
EVT_DIG004229,meeting,P00143,P00661,LOC0024,2026-08-30 11:30:00,0.99,DIG004229,ਮੁਲਾਕਾਤ ਕੀਤੀ,,,
EVT_DIG004230,communication,P00593,P00431,LOC0166,2026-07-12 21:49:00,0.99,DIG004230,ಸಂಪರ್ಕಿಸಿದರು,,,
EVT_DIG004231,communication,P00793,P00236,LOC0072,2026-02-19 20:36:00,0.99,DIG004231,संपर्क केला,,,
EVT_DIG004232,communication,P00674,P00137,LOC0006,2026-03-14 09:46:00,0.99,DIG004232,સંદેશ મોકલ્યો,,,
EVT_DIG004233,transfer,P00625,P00879,LOC0023,2026-07-25 22:17:00,0.99,DIG004233,पैसे पाठवले,,,
EVT_DIG004234,communication,P00610,P00983,LOC0041,2026-07-29 20:40:00,0.99,DIG004234,বার্তা পাঠিয়েছে,,,
EVT_DIG004235,communication,P00106,P00060,LOC0063,2026-07-19 19:06:00,0.99,DIG004235,फोन किया,,,
EVT_DIG004236,communication,P00137,P00931,LOC0019,2026-07-16 04:33:00,0.99,DIG004236,ફોન કર્યો,,,
EVT_DIG004237,movement,P00654,P00819,LOC0136,2026-02-19 23:09:00,0.99,DIG004237,స్థానం పంచుకున్నారు,,,
EVT_DIG004238,meeting,P00576,P00624,LOC0112,2026-08-26 22:33:00,0.99,DIG004238,भेट दिली,,,
EVT_DIG004239,transfer,P00106,P00965,LOC0060,2026-01-31 17:48:00,0.99,DIG004239,पैसे पाठवले,,,
EVT_DIG004240,communication,P00012,P00713,LOC0116,2026-07-26 05:40:00,0.99,DIG004240,संपर्क केला,,,
EVT_DIG004241,communication,P00469,P00427,LOC0091,2026-07-12 05:09:00,0.99,DIG004241,فون کیا,,,
EVT_DIG004242,meeting,P00648,P00452,LOC0087,2026-05-29 11:14:00,0.99,DIG004242,ਮੁਲਾਕਾਤ ਕੀਤੀ,,,
EVT_DIG004243,communication,P00230,P00243,LOC0172,2026-06-21 13:55:00,0.99,DIG004243,رابطہ کیا,,,
EVT_DIG004244,meeting,P00078,P00399,LOC0016,2026-08-04 19:40:00,0.99,DIG004244,دورہ کیا,,,
EVT_DIG004245,meeting,P00662,P00419,LOC0161,2026-04-01 03:17:00,0.99,DIG004245,ಭೇಟಿ ನೀಡಿದರು,,,
EVT_DIG004246,meeting,P00217,P00970,LOC0150,2026-03-24 03:59:00,0.99,DIG004246,ਮੁਲਾਕਾਤ ਕੀਤੀ,,,
EVT_DIG004247,meeting,P00899,P00755,LOC0079,2026-07-11 03:25:00,0.99,DIG004247,ಭೇಟಿಯಾದರು,,,
EVT_DIG004248,movement,P00673,P00886,LOC0029,2026-07-21 13:21:00,0.99,DIG004248,مقام شیئر کیا,,,
EVT_DIG004249,meeting,P00450,P00458,LOC0035,2026-04-21 04:54:00,0.99,DIG004249,സന്ദർശിച്ചു,,,
EVT_DIG004250,movement,P00434,P00831,LOC0089,2026-05-26 04:35:00,0.99,DIG004250,സ്ഥലം പങ്കിട്ടു,,,
EVT_DIG004251,communication,P00737,P00558,LOC0110,2026-08-30 11:26:00,0.99,DIG004251,संदेश पाठवला,,,
EVT_DIG004252,meeting,P00359,P00648,LOC0020,2026-01-30 16:47:00,0.99,DIG004252,দেখা করেছে,,,
EVT_DIG004253,communication,P00798,P00970,LOC0010,2026-02-23 06:15:00,0.99,DIG004253,సందేశం పంపారు,,,
EVT_DIG004254,transfer,P00438,P00553,LOC0074,2026-04-17 21:34:00,0.99,DIG004254,డబ్బు పంపారు,,,
EVT_DIG004255,communication,P00921,P00212,LOC0176,2026-05-21 10:47:00,0.99,DIG004255,ಸಂಪರ್ಕಿಸಿದರು,,,
EVT_DIG004256,meeting,P00695,P00201,LOC0102,2026-01-26 04:44:00,0.99,DIG004256,சென்றார்,,,
EVT_DIG004257,communication,P00207,P00998,LOC0011,2026-03-08 10:16:00,0.99,DIG004257,ಸಂಪರ್ಕಿಸಿದರು,,,
EVT_DIG004258,meeting,P00631,P00801,LOC0137,2026-02-10 12:24:00,0.99,DIG004258,சென்றார்,,,
EVT_DIG004259,meeting,P00576,P00659,LOC0070,2026-04-17 05:42:00,0.99,DIG004259,দেখা করেছে,,,
EVT_DIG004260,transfer,P00699,P00949,LOC0143,2026-03-24 19:27:00,0.99,DIG004260,ಹಣ ಕಳುಹಿಸಿದರು,,,
EVT_DIG004261,vehicle_use,P00966,P00173,LOC0092,2026-05-17 06:32:00,0.99,DIG004261,used a vehicle,,,
EVT_DIG004262,movement,P00642,P00006,LOC0099,2026-02-26 14:50:00,0.99,DIG004262,स्थान साझा किया,,,
EVT_DIG004263,communication,P00039,P00041,LOC0145,2026-01-06 02:17:00,0.99,DIG004263,contacted,,,
EVT_DIG004264,transfer,P00500,P00454,LOC0105,2026-08-21 06:16:00,0.99,DIG004264,ಹಣ ಕಳುಹಿಸಿದರು,,,
EVT_DIG004265,meeting,P00334,P00951,LOC0070,2026-01-22 13:13:00,0.99,DIG004265,ਮੁਲਾਕਾਤ ਕੀਤੀ,,,
EVT_DIG004266,communication,P00440,P00056,LOC0099,2026-08-05 01:54:00,0.99,DIG004266,ಸಂದೇಶ ಕಳುಹಿಸಿದರು,,,
EVT_DIG004267,communication,P00031,P00303,LOC0161,2026-07-22 04:49:00,0.99,DIG004267,फोन केला,,,
EVT_DIG004268,meeting,P00985,P00139,LOC0112,2026-08-30 11:12:00,0.99,DIG004268,സന്ദർശിച്ചു,,,
EVT_DIG004269,communication,P00051,P00598,LOC0016,2026-06-06 14:23:00,0.99,DIG004269,যোগাযোগ করেছে,,,
EVT_DIG004270,communication,P00428,P00042,LOC0162,2026-03-06 22:33:00,0.99,DIG004270,தொடர்பு கொண்டார்,,,
EVT_DIG004271,communication,P00146,P00717,LOC0029,2026-07-04 05:27:00,0.99,DIG004271,پیغام بھیجا,,,
EVT_DIG004272,movement,P00933,P00938,LOC0154,2026-07-02 14:31:00,0.99,DIG004272,स्थान साझा किया,,,
EVT_DIG004273,communication,P00972,P00095,LOC0152,2026-02-27 08:05:00,0.99,DIG004273,செய்தி அனுப்பினார்,,,
EVT_DIG004274,communication,P00911,P00610,LOC0057,2026-04-12 17:15:00,0.99,DIG004274,ਸੰਪਰਕ ਕੀਤਾ,,,
EVT_DIG004275,movement,P00315,P00635,LOC0180,2026-08-29 05:59:00,0.99,DIG004275,স্থান ভাগ করেছে,,,
EVT_DIG004276,communication,P00647,P00004,LOC0002,2026-01-08 09:12:00,0.99,DIG004276,ಸಂಪರ್ಕಿಸಿದರು,,,
EVT_DIG004277,transfer,P00572,P00442,LOC0128,2026-04-04 13:41:00,0.99,DIG004277,ಹಣ ಕಳುಹಿಸಿದರು,,,
EVT_DIG004278,meeting,P00865,P00393,LOC0133,2026-01-21 06:24:00,0.99,DIG004278,சென்றார்,,,
EVT_DIG004279,communication,P00984,P00671,LOC0051,2026-01-22 18:43:00,0.99,DIG004279,செய்தி அனுப்பினார்,,,
EVT_DIG004280,movement,P00300,P00228,LOC0144,2026-05-12 22:37:00,0.99,DIG004280,સ્થાન શેર કર્યું,,,
EVT_DIG004281,communication,P00926,P00439,LOC0085,2026-07-03 10:11:00,0.99,DIG004281,ఫోన్ చేశారు,,,
EVT_DIG004282,movement,P00027,P00609,LOC0139,2026-01-20 06:55:00,0.99,DIG004282,സ്ഥലം പങ്കിട്ടു,,,
EVT_DIG004283,communication,P00461,P00152,LOC0115,2026-08-04 21:47:00,0.99,DIG004283,സന്ദേശം അയച്ചു,,,
EVT_DIG004284,movement,P00115,P00625,LOC0131,2026-04-28 21:00:00,0.99,DIG004284,ਸਥਾਨ ਸਾਂਝਾ ਕੀਤਾ,,,
EVT_DIG004285,communication,P00079,P00397,LOC0159,2026-08-18 06:54:00,0.99,DIG004285,ಸಂದೇಶ ಕಳುಹಿಸಿದರು,,,
EVT_DIG004286,movement,P00515,P00005,LOC0061,2026-07-30 06:23:00,0.99,DIG004286,ਸਥਾਨ ਸਾਂਝਾ ਕੀਤਾ,,,
EVT_DIG004287,meeting,P00250,P00009,LOC0157,2026-06-22 11:45:00,0.99,DIG004287,ملاقات کی,,,
EVT_DIG004288,communication,P00322,P00214,LOC0137,2026-04-14 07:10:00,0.99,DIG004288,સંપર્ક કર્યો,,,
EVT_DIG004289,meeting,P00208,P00688,LOC0114,2026-01-28 01:34:00,0.99,DIG004289,ਮੁਲਾਕਾਤ ਕੀਤੀ,,,
EVT_DIG004290,communication,P00116,P00967,LOC0097,2026-06-04 09:22:00,0.99,DIG004290,సందేశం పంపారు,,,
EVT_DIG004291,communication,P00291,P00792,LOC0164,2026-06-26 09:26:00,0.99,DIG004291,संदेश भेजा,,,
EVT_DIG004292,communication,P00417,P00247,LOC0164,2026-01-01 04:03:00,0.99,DIG004292,ਸੰਪਰਕ ਕੀਤਾ,,,
EVT_DIG004293,communication,P00218,P00681,LOC0002,2026-08-02 08:42:00,0.99,DIG004293,தொடர்பு கொண்டார்,,,
EVT_DIG004294,communication,P00213,P00536,LOC0172,2026-03-14 11:41:00,0.99,DIG004294,ಸಂಪರ್ಕಿಸಿದರು,,,
EVT_DIG004295,meeting,P00274,P00492,LOC0011,2026-06-20 04:20:00,0.99,DIG004295,भेटला,,,
EVT_DIG004296,communication,P00837,P00302,LOC0124,2026-08-03 09:08:00,0.99,DIG004296,தொடர்பு கொண்டார்,,,
EVT_DIG004297,meeting,P00173,P00775,LOC0156,2026-07-20 12:40:00,0.99,DIG004297,ಭೇಟಿ ನೀಡಿದರು,,,
EVT_DIG004298,meeting,P00875,P00551,LOC0133,2026-05-19 02:32:00,0.99,DIG004298,পরিদর্শন করেছে,,,
EVT_DIG004299,meeting,P00216,P00849,LOC0009,2026-04-20 11:21:00,0.99,DIG004299,സന്ദർശിച്ചു,,,
EVT_DIG004300,communication,P00947,P00451,LOC0060,2026-08-24 14:26:00,0.99,DIG004300,ફોન કર્યો,,,
EVT_DIG004301,communication,P00438,P00616,LOC0064,2026-01-31 09:10:00,0.99,DIG004301,sent a message to,,,
EVT_DIG004302,communication,P00888,P00490,LOC0165,2026-01-21 09:52:00,0.99,DIG004302,సందేశం పంపారు,,,
EVT_DIG004303,communication,P00827,P00118,LOC0056,2026-03-11 05:31:00,0.99,DIG004303,સંપર્ક કર્યો,,,
EVT_DIG004304,communication,P00185,P00780,LOC0161,2026-03-25 03:17:00,0.99,DIG004304,ਸੰਪਰਕ ਕੀਤਾ,,,
EVT_DIG004305,meeting,P00741,P00382,LOC0161,2026-02-19 17:25:00,0.99,DIG004305,met,,,
EVT_DIG004306,communication,P00276,P00076,LOC0081,2026-02-16 05:06:00,0.99,DIG004306,संपर्क किया,,,
EVT_DIG004307,vehicle_use,P00313,P00582,LOC0163,2026-07-18 16:45:00,0.99,DIG004307,वाहन का उपयोग किया,,,
EVT_DIG004308,communication,P00842,P00148,LOC0009,2026-05-29 18:58:00,0.99,DIG004308,contacted,,,
EVT_DIG004309,communication,P00587,P00860,LOC0069,2026-07-28 05:05:00,0.99,DIG004309,સંદેશ મોકલ્યો,,,
EVT_DIG004310,meeting,P00149,P00384,LOC0080,2026-03-14 03:36:00,0.99,DIG004310,ਮੁਲਾਕਾਤ ਕੀਤੀ,,,
EVT_DIG004311,communication,P00073,P00902,LOC0136,2026-07-05 11:48:00,0.99,DIG004311,સંદેશ મોકલ્યો,,,
EVT_DIG004312,meeting,P00081,P00538,LOC0146,2026-03-03 22:12:00,0.99,DIG004312,મળ્યા,,,
EVT_DIG004313,meeting,P00407,P00128,LOC0043,2026-01-27 01:42:00,0.99,DIG004313,दौरा किया,,,
EVT_DIG004314,communication,P00367,P00469,LOC0146,2026-03-09 22:15:00,0.99,DIG004314,ಕರೆ ಮಾಡಿದರು,,,
EVT_DIG004315,meeting,P00099,P00277,LOC0116,2026-04-25 13:50:00,0.99,DIG004315,ਮੁਲਾਕਾਤ ਕੀਤੀ,,,
EVT_DIG004316,meeting,P00956,P00784,LOC0088,2026-08-04 10:08:00,0.99,DIG004316,സന്ദർശിച്ചു,,,
EVT_DIG004317,meeting,P00227,P00580,LOC0174,2026-02-03 11:52:00,0.99,DIG004317,મળ્યા,,,
EVT_DIG004318,movement,P00266,P00227,LOC0061,2026-08-31 19:57:00,0.99,DIG004318,مقام شیئر کیا,,,
EVT_DIG004319,meeting,P00583,P00458,LOC0037,2026-02-09 03:42:00,0.99,DIG004319,મળ્યા,,,
EVT_DIG004320,meeting,P00974,P00034,LOC0088,2026-03-11 00:45:00,0.99,DIG004320,ਮੁਲਾਕਾਤ ਕੀਤੀ,,,
EVT_DIG004321,transfer,P00484,P00276,LOC0085,2026-04-13 20:15:00,0.99,DIG004321,transferred funds to,,,
EVT_DIG004322,communication,P00422,P00537,LOC0023,2026-05-25 12:15:00,0.99,DIG004322,ಕರೆ ಮಾಡಿದರು,,,
EVT_DIG004323,meeting,P00322,P00641,LOC0081,2026-02-25 15:23:00,0.99,DIG004323,મળ્યા,,,
EVT_DIG004324,meeting,P00708,P00427,LOC0051,2026-06-23 10:27:00,0.99,DIG004324,ಭೇಟಿಯಾದರು,,,
EVT_DIG004325,communication,P00752,P00410,LOC0152,2026-03-16 01:33:00,0.99,DIG004325,ಸಂದೇಶ ಕಳುಹಿಸಿದರು,,,
EVT_DIG004326,communication,P00870,P00754,LOC0001,2026-02-19 09:34:00,0.99,DIG004326,বার্তা পাঠিয়েছে,,,
EVT_DIG004327,meeting,P00220,P00731,LOC0016,2026-04-12 10:42:00,0.99,DIG004327,visited,,,
EVT_DIG004328,communication,P00923,P00222,LOC0035,2026-06-15 05:56:00,0.99,DIG004328,ફોન કર્યો,,,
EVT_DIG004329,communication,P00415,P00652,LOC0084,2026-03-13 09:02:00,0.99,DIG004329,ಸಂಪರ್ಕಿಸಿದರು,,,
EVT_DIG004330,meeting,P00696,P00655,LOC0079,2026-07-06 06:13:00,0.99,DIG004330,भेटला,,,
EVT_DIG004331,communication,P00810,P00010,LOC0127,2026-07-09 03:52:00,0.99,DIG004331,அழைத்தார்,,,
EVT_DIG004332,meeting,P00724,P00590,LOC0019,2026-07-11 09:33:00,0.99,DIG004332,भेट दिली,,,
EVT_DIG004333,communication,P00718,P00026,LOC0010,2026-02-10 15:31:00,0.99,DIG004333,సంప్రదించారు,,,
EVT_DIG004334,communication,P00085,P00541,LOC0051,2026-04-13 23:21:00,0.99,DIG004334,যোগাযোগ করেছে,,,
EVT_DIG004335,movement,P00634,P00785,LOC0100,2026-07-10 00:30:00,0.99,DIG004335,സ്ഥലം പങ്കിട്ടു,,,
EVT_DIG004336,meeting,P00413,P00068,LOC0020,2026-02-17 04:22:00,0.99,DIG004336,சென்றார்,,,
EVT_DIG004337,meeting,P00326,P00365,LOC0053,2026-01-12 01:34:00,0.99,DIG004337,കണ്ടുമുട്ടി,,,
EVT_DIG004338,meeting,P00077,P00090,LOC0108,2026-07-09 14:14:00,0.99,DIG004338,వెళ్లారు,,,
EVT_DIG004339,meeting,P00670,P00541,LOC0098,2026-05-27 21:01:00,0.99,DIG004339,met,,,
EVT_DIG004340,meeting,P00649,P00495,LOC0138,2026-01-04 06:57:00,0.99,DIG004340,ਮੁਲਾਕਾਤ ਕੀਤੀ,,,
EVT_DIG004341,communication,P00991,P00871,LOC0001,2026-03-13 22:28:00,0.99,DIG004341,ബന്ധപ്പെട്ടു,,,
EVT_DIG004342,communication,P00087,P00604,LOC0156,2026-08-17 05:50:00,0.99,DIG004342,ಸಂಪರ್ಕಿಸಿದರು,,,
EVT_DIG004343,transfer,P00995,P00235,LOC0161,2026-07-26 07:56:00,0.99,DIG004343,धन भेजा,,,
EVT_DIG004344,communication,P00094,P00417,LOC0053,2026-08-16 21:06:00,0.99,DIG004344,ബന്ധപ്പെട്ടു,,,
EVT_DIG004345,movement,P00149,P00470,LOC0074,2026-08-03 00:50:00,0.99,DIG004345,സ്ഥലം പങ്കിട്ടു,,,
EVT_DIG004346,meeting,P00173,P00589,LOC0003,2026-05-12 22:05:00,0.99,DIG004346,சென்றார்,,,
EVT_DIG004347,transfer,P00521,P00952,LOC0158,2026-08-24 12:46:00,0.99,DIG004347,টাকা পাঠিয়েছে,,,
EVT_DIG004348,transfer,P00841,P00961,LOC0164,2026-07-23 08:46:00,0.99,DIG004348,പണം അയച്ചു,,,
EVT_DIG004349,communication,P00777,P00010,LOC0132,2026-03-21 17:17:00,0.99,DIG004349,സന്ദേശം അയച്ചു,,,
EVT_DIG004350,meeting,P00317,P00705,LOC0018,2026-01-27 22:00:00,0.99,DIG004350,ملاقات کی,,,
EVT_DIG004351,meeting,P00974,P00627,LOC0153,2026-04-12 03:50:00,0.99,DIG004351,സന്ദർശിച്ചു,,,
EVT_DIG004352,vehicle_use,P00753,P00589,LOC0006,2026-04-13 18:04:00,0.99,DIG004352,used a vehicle,,,
EVT_DIG004353,meeting,P00694,P00766,LOC0096,2026-03-26 13:44:00,0.99,DIG004353,ಭೇಟಿಯಾದರು,,,
EVT_DIG004354,transfer,P00132,P00513,LOC0164,2026-03-31 13:27:00,0.99,DIG004354,નાણાં મોકલ્યાં,,,
EVT_DIG004355,transfer,P00780,P00390,LOC0116,2026-08-17 02:26:00,0.99,DIG004355,धन भेजा,,,
EVT_DIG004356,transfer,P00900,P00979,LOC0047,2026-02-19 15:32:00,0.99,DIG004356,ਪੈਸੇ ਭੇਜੇ,,,
EVT_DIG004357,communication,P00086,P00401,LOC0065,2026-05-29 06:30:00,0.99,DIG004357,संपर्क केला,,,
EVT_DIG004358,meeting,P00041,P00191,LOC0073,2026-08-22 11:51:00,0.99,DIG004358,मिला,,,
EVT_DIG004359,communication,P00630,P00529,LOC0025,2026-05-16 17:00:00,0.99,DIG004359,அழைத்தார்,,,
EVT_DIG004360,communication,P00838,P00095,LOC0044,2026-08-08 11:49:00,0.99,DIG004360,സന്ദേശം അയച്ചു,,,
EVT_DIG004361,communication,P00881,P00175,LOC0115,2026-01-25 22:56:00,0.99,DIG004361,संपर्क किया,,,
EVT_DIG004362,meeting,P00843,P00121,LOC0156,2026-03-30 21:13:00,0.99,DIG004362,भेट दिली,,,
EVT_DIG004363,communication,P00069,P00389,LOC0040,2026-01-29 09:01:00,0.99,DIG004363,رابطہ کیا,,,
EVT_DIG004364,meeting,P00797,P00539,LOC0068,2026-07-30 09:49:00,0.99,DIG004364,ಭೇಟಿ ನೀಡಿದರು,,,
EVT_DIG004365,communication,P00434,P00642,LOC0042,2026-05-02 03:05:00,0.99,DIG004365,ਸੰਪਰਕ ਕੀਤਾ,,,
EVT_DIG004366,meeting,P00172,P00695,LOC0174,2026-03-26 09:58:00,0.99,DIG004366,ਮਿਲਿਆ,,,
EVT_DIG004367,transfer,P00237,P00618,LOC0094,2026-04-01 01:56:00,0.99,DIG004367,പണം അയച്ചു,,,
EVT_DIG004368,communication,P00529,P00435,LOC0002,2026-08-27 17:53:00,0.99,DIG004368,called,,,
EVT_DIG004369,vehicle_use,P00365,P00310,LOC0082,2026-08-15 22:50:00,0.99,DIG004369,used a vehicle,,,
EVT_DIG004370,movement,P00564,P00351,LOC0063,2026-08-30 07:28:00,0.99,DIG004370,ਸਥਾਨ ਸਾਂਝਾ ਕੀਤਾ,,,
EVT_DIG004371,communication,P00911,P00975,LOC0126,2026-06-02 20:31:00,0.99,DIG004371,فون کیا,,,
EVT_DIG004372,communication,P00867,P00456,LOC0138,2026-04-25 09:37:00,0.99,DIG004372,বার্তা পাঠিয়েছে,,,
EVT_DIG004373,vehicle_use,P00129,P00944,LOC0049,2026-02-21 01:31:00,0.99,DIG004373,used a vehicle,,,
EVT_DIG004374,communication,P00189,P00268,LOC0066,2026-07-15 12:47:00,0.99,DIG004374,செய்தி அனுப்பினார்,,,
EVT_DIG004375,communication,P00059,P00148,LOC0101,2026-05-31 02:48:00,0.99,DIG004375,संपर्क केला,,,
EVT_DIG004376,communication,P00769,P00264,LOC0106,2026-07-14 01:12:00,0.99,DIG004376,செய்தி அனுப்பினார்,,,
EVT_DIG004377,movement,P00385,P00148,LOC0004,2026-07-27 04:46:00,0.99,DIG004377,స్థానం పంచుకున్నారు,,,
EVT_DIG004378,communication,P00462,P00967,LOC0108,2026-07-11 05:46:00,0.99,DIG004378,বার্তা পাঠিয়েছে,,,
EVT_DIG004379,meeting,P00941,P00968,LOC0119,2026-08-03 13:48:00,0.99,DIG004379,ಭೇಟಿಯಾದರು,,,
EVT_DIG004380,transfer,P00909,P00431,LOC0154,2026-01-02 12:26:00,0.99,DIG004380,धन भेजा,,,
EVT_DIG004381,communication,P00007,P00640,LOC0176,2026-07-14 16:39:00,0.99,DIG004381,വിളിച്ചു,,,
EVT_DIG004382,movement,P00743,P00726,LOC0094,2026-08-31 00:19:00,0.99,DIG004382,مقام شیئر کیا,,,
EVT_DIG004383,meeting,P00554,P00701,LOC0012,2026-06-12 12:36:00,0.99,DIG004383,ਮੁਲਾਕਾਤ ਕੀਤੀ,,,
EVT_DIG004384,communication,P00979,P00751,LOC0019,2026-01-03 17:46:00,0.99,DIG004384,సంప్రదించారు,,,
EVT_DIG004385,meeting,P00815,P00975,LOC0069,2026-07-04 22:08:00,0.99,DIG004385,دورہ کیا,,,
EVT_DIG004386,communication,P00117,P00526,LOC0153,2026-06-16 11:32:00,0.99,DIG004386,sent a message to,,,
EVT_DIG004387,communication,P00761,P00751,LOC0136,2026-02-09 05:09:00,0.99,DIG004387,సందేశం పంపారు,,,
EVT_DIG004388,movement,P00505,P00481,LOC0152,2026-03-29 09:35:00,0.99,DIG004388,shared a location with,,,
EVT_DIG004389,communication,P00720,P00899,LOC0175,2026-05-13 07:27:00,0.99,DIG004389,ఫోన్ చేశారు,,,
EVT_DIG004390,transfer,P00063,P00622,LOC0078,2026-01-08 16:13:00,0.99,DIG004390,पैसे पाठवले,,,
EVT_DIG004391,communication,P00187,P00586,LOC0082,2026-05-22 01:41:00,0.99,DIG004391,ఫోన్ చేశారు,,,
EVT_DIG004392,movement,P00943,P00253,LOC0132,2026-07-28 01:53:00,0.99,DIG004392,స్థానం పంచుకున్నారు,,,
EVT_DIG004393,communication,P00797,P00041,LOC0048,2026-04-29 02:49:00,0.99,DIG004393,फोन किया,,,
EVT_DIG004394,meeting,P00141,P00457,LOC0043,2026-06-10 13:09:00,0.99,DIG004394,వెళ్లారు,,,
EVT_DIG004395,movement,P00708,P00650,LOC0093,2026-05-18 07:04:00,0.99,DIG004395,স্থান ভাগ করেছে,,,
EVT_DIG004396,meeting,P00722,P00675,LOC0139,2026-01-26 07:47:00,0.99,DIG004396,भेट दिली,,,
EVT_DIG004397,communication,P00984,P00063,LOC0165,2026-07-31 01:13:00,0.99,DIG004397,தொடர்பு கொண்டார்,,,
EVT_DIG004398,movement,P00139,P00109,LOC0163,2026-07-25 08:43:00,0.99,DIG004398,ಸ್ಥಳ ಹಂಚಿಕೊಂಡರು,,,
EVT_DIG004399,transfer,P00048,P00957,LOC0123,2026-04-28 18:49:00,0.99,DIG004399,ਪੈਸੇ ਭੇਜੇ,,,
EVT_DIG004400,meeting,P00392,P00775,LOC0120,2026-08-23 00:20:00,0.99,DIG004400,পরিদর্শন করেছে,,,
EVT_DIG004401,meeting,P00301,P00743,LOC0005,2026-06-14 18:23:00,0.99,DIG004401,ਮਿਲਿਆ,,,
EVT_DIG004402,meeting,P00940,P00524,LOC0159,2026-08-14 01:37:00,0.99,DIG004402,મળ્યા,,,
EVT_DIG004403,transfer,P00655,P00729,LOC0012,2026-01-31 23:20:00,0.99,DIG004403,transferred funds to,,,
EVT_DIG004404,transfer,P00511,P00452,LOC0047,2026-01-19 03:31:00,0.99,DIG004404,പണം അയച്ചു,,,
EVT_DIG004405,meeting,P00706,P00113,LOC0049,2026-05-16 00:24:00,0.99,DIG004405,ਮਿਲਿਆ,,,
EVT_DIG004406,meeting,P00476,P00255,LOC0171,2026-08-14 04:37:00,0.99,DIG004406,મુલાકાત લીધી,,,
EVT_DIG004407,meeting,P00048,P00457,LOC0148,2026-03-27 23:19:00,0.99,DIG004407,சென்றார்,,,
EVT_DIG004408,communication,P00256,P00002,LOC0094,2026-07-29 14:17:00,0.99,DIG004408,సందేశం పంపారు,,,
EVT_DIG004409,communication,P00783,P00522,LOC0176,2026-04-10 02:37:00,0.99,DIG004409,संदेश पाठवला,,,
EVT_DIG004410,communication,P00596,P00031,LOC0029,2026-06-11 00:23:00,0.99,DIG004410,फोन केला,,,
EVT_DIG004411,movement,P00218,P00734,LOC0047,2026-07-28 11:22:00,0.99,DIG004411,স্থান ভাগ করেছে,,,
EVT_DIG004412,meeting,P00008,P00394,LOC0137,2026-06-17 20:36:00,0.99,DIG004412,দেখা করেছে,,,
EVT_DIG004413,movement,P00996,P00404,LOC0160,2026-02-02 23:58:00,0.99,DIG004413,స్థానం పంచుకున్నారు,,,
EVT_DIG004414,meeting,P00600,P00166,LOC0103,2026-08-25 21:15:00,0.99,DIG004414,পরিদর্শন করেছে,,,
EVT_DIG004415,meeting,P00462,P00789,LOC0073,2026-06-06 04:32:00,0.99,DIG004415,ಭೇಟಿಯಾದರು,,,
EVT_DIG004416,communication,P00081,P00456,LOC0049,2026-01-28 14:03:00,0.99,DIG004416,संपर्क किया,,,
EVT_DIG004417,meeting,P00062,P00303,LOC0159,2026-02-24 10:23:00,0.99,DIG004417,സന്ദർശിച്ചു,,,
EVT_DIG004418,transfer,P00946,P00511,LOC0175,2026-02-20 07:19:00,0.99,DIG004418,رقم منتقل کی,,,
EVT_DIG004419,communication,P00799,P00688,LOC0059,2026-03-28 16:01:00,0.99,DIG004419,செய்தி அனுப்பினார்,,,
EVT_DIG004420,communication,P00620,P00322,LOC0123,2026-06-06 12:42:00,0.99,DIG004420,సందేశం పంపారు,,,
EVT_DIG004421,meeting,P00060,P00736,LOC0120,2026-06-22 15:10:00,0.99,DIG004421,వెళ్లారు,,,
EVT_DIG004422,meeting,P00807,P00834,LOC0150,2026-06-21 12:19:00,0.99,DIG004422,కలిశారు,,,
EVT_DIG004423,communication,P00162,P00304,LOC0070,2026-07-21 10:54:00,0.99,DIG004423,ബന്ധപ്പെട്ടു,,,
EVT_DIG004424,communication,P00402,P00637,LOC0113,2026-02-03 04:36:00,0.99,DIG004424,அழைத்தார்,,,
EVT_DIG004425,meeting,P00412,P00086,LOC0053,2026-08-23 19:04:00,0.99,DIG004425,వెళ్లారు,,,
EVT_DIG004426,transfer,P00282,P00359,LOC0130,2026-04-01 18:01:00,0.99,DIG004426,पैसे पाठवले,,,
EVT_DIG004427,communication,P00026,P00164,LOC0146,2026-06-24 22:52:00,0.99,DIG004427,फोन केला,,,
EVT_DIG004428,meeting,P00934,P00993,LOC0107,2026-06-30 06:58:00,0.99,DIG004428,ਮਿਲਿਆ,,,
EVT_DIG004429,meeting,P00447,P00146,LOC0026,2026-06-13 20:32:00,0.99,DIG004429,ಭೇಟಿಯಾದರು,,,
EVT_DIG004430,transfer,P00675,P00427,LOC0070,2026-08-24 02:49:00,0.99,DIG004430,ಹಣ ಕಳುಹಿಸಿದರು,,,
EVT_DIG004431,meeting,P00180,P00097,LOC0070,2026-02-25 06:10:00,0.99,DIG004431,ಭೇಟಿ ನೀಡಿದರು,,,
EVT_DIG004432,movement,P00238,P00128,LOC0104,2026-02-18 08:45:00,0.99,DIG004432,स्थान साझा किया,,,
EVT_DIG004433,communication,P00762,P00738,LOC0114,2026-01-25 15:34:00,0.99,DIG004433,ಕರೆ ಮಾಡಿದರು,,,
EVT_DIG004434,communication,P00748,P00491,LOC0150,2026-01-28 01:48:00,0.99,DIG004434,ఫోన్ చేశారు,,,
EVT_DIG004435,movement,P00428,P00651,LOC0166,2026-07-15 22:30:00,0.99,DIG004435,స్థానం పంచుకున్నారు,,,
EVT_DIG004436,communication,P00325,P00618,LOC0100,2026-05-19 06:22:00,0.99,DIG004436,సంప్రదించారు,,,
EVT_DIG004437,meeting,P00800,P00624,LOC0166,2026-01-20 17:20:00,0.99,DIG004437,met,,,
EVT_DIG004438,transfer,P00633,P00803,LOC0033,2026-02-17 00:29:00,0.99,DIG004438,رقم منتقل کی,,,
EVT_DIG004439,movement,P00565,P00297,LOC0044,2026-05-29 00:21:00,0.99,DIG004439,स्थान साझा किया,,,
EVT_DIG004440,meeting,P00352,P00100,LOC0084,2026-02-23 23:32:00,0.99,DIG004440,met,,,
EVT_DIG004441,communication,P00136,P00879,LOC0001,2026-05-05 21:29:00,0.99,DIG004441,அழைத்தார்,,,
EVT_DIG004442,meeting,P00958,P00436,LOC0105,2026-06-28 03:04:00,0.99,DIG004442,دورہ کیا,,,
EVT_DIG004443,movement,P00895,P00280,LOC0031,2026-02-21 02:49:00,0.99,DIG004443,مقام شیئر کیا,,,
EVT_DIG004444,communication,P00622,P00300,LOC0054,2026-07-05 15:44:00,0.99,DIG004444,ಕರೆ ಮಾಡಿದರು,,,
EVT_DIG004445,transfer,P00613,P00938,LOC0096,2026-05-11 15:35:00,0.99,DIG004445,பணம் அனுப்பினார்,,,
EVT_DIG004446,communication,P00753,P00213,LOC0060,2026-07-28 04:16:00,0.99,DIG004446,સંદેશ મોકલ્યો,,,
EVT_DIG004447,communication,P00003,P00110,LOC0091,2026-05-07 16:47:00,0.99,DIG004447,ബന്ധപ്പെട്ടു,,,
EVT_DIG004448,communication,P00638,P00865,LOC0178,2026-06-23 22:32:00,0.99,DIG004448,தொடர்பு கொண்டார்,,,
EVT_DIG004449,communication,P00303,P00115,LOC0133,2026-02-09 14:51:00,0.99,DIG004449,സന്ദേശം അയച്ചു,,,
EVT_DIG004450,meeting,P00335,P00996,LOC0029,2026-07-02 02:50:00,0.99,DIG004450,சந்தித்தார்,,,
EVT_DIG004451,transfer,P00861,P00578,LOC0119,2026-06-10 20:03:00,0.99,DIG004451,பணம் அனுப்பினார்,,,
EVT_DIG004452,communication,P00138,P00849,LOC0126,2026-07-03 14:25:00,0.99,DIG004452,contacted,,,
EVT_DIG004453,transfer,P00198,P00927,LOC0086,2026-05-16 04:16:00,0.99,DIG004453,पैसे पाठवले,,,
EVT_DIG004454,communication,P00711,P00372,LOC0095,2026-01-19 01:01:00,0.99,DIG004454,ফোন করেছে,,,
EVT_DIG004455,communication,P00044,P00756,LOC0032,2026-08-15 09:31:00,0.99,DIG004455,സന്ദേശം അയച്ചു,,,
EVT_DIG004456,meeting,P00891,P00019,LOC0001,2026-08-04 02:51:00,0.99,DIG004456,ಭೇಟಿಯಾದರು,,,
EVT_DIG004457,meeting,P00762,P00490,LOC0171,2026-06-27 21:47:00,0.99,DIG004457,ਮੁਲਾਕਾਤ ਕੀਤੀ,,,
EVT_DIG004458,communication,P00085,P00139,LOC0011,2026-05-05 02:20:00,0.99,DIG004458,फोन केला,,,
EVT_DIG004459,movement,P00841,P00821,LOC0180,2026-01-05 01:16:00,0.99,DIG004459,স্থান ভাগ করেছে,,,
EVT_DIG004460,movement,P00581,P00153,LOC0090,2026-06-14 15:16:00,0.99,DIG004460,സ്ഥലം പങ്കിട്ടു,,,
EVT_DIG004461,meeting,P00999,P00092,LOC0038,2026-07-02 08:08:00,0.99,DIG004461,ಭೇಟಿ ನೀಡಿದರು,,,
EVT_DIG004462,communication,P00454,P00666,LOC0059,2026-06-25 07:46:00,0.99,DIG004462,ਸੰਪਰਕ ਕੀਤਾ,,,
EVT_DIG004463,communication,P00447,P00530,LOC0125,2026-02-11 12:36:00,0.99,DIG004463,फोन किया,,,
EVT_DIG004464,meeting,P00322,P00323,LOC0137,2026-04-06 19:39:00,0.99,DIG004464,ਮਿਲਿਆ,,,
EVT_DIG004465,communication,P00583,P00097,LOC0032,2026-02-08 09:33:00,0.99,DIG004465,செய்தி அனுப்பினார்,,,
EVT_DIG004466,transfer,P00964,P00104,LOC0049,2026-04-11 13:34:00,0.99,DIG004466,धन भेजा,,,
EVT_DIG004467,meeting,P00502,P00404,LOC0058,2026-07-08 00:32:00,0.99,DIG004467,দেখা করেছে,,,
EVT_DIG004468,communication,P00437,P00549,LOC0062,2026-04-07 06:11:00,0.99,DIG004468,contacted,,,
EVT_DIG004469,movement,P00546,P00563,LOC0124,2026-03-05 13:30:00,0.99,DIG004469,स्थान साझा किया,,,
EVT_DIG004470,communication,P00052,P00534,LOC0168,2026-07-02 00:28:00,0.99,DIG004470,அழைத்தார்,,,
EVT_DIG004471,communication,P00851,P00363,LOC0127,2026-02-08 09:36:00,0.99,DIG004471,அழைத்தார்,,,
EVT_DIG004472,communication,P00835,P00041,LOC0056,2026-01-22 14:39:00,0.99,DIG004472,ബന്ധപ്പെട്ടു,,,
EVT_DIG004473,movement,P00090,P00376,LOC0122,2026-05-27 19:31:00,0.99,DIG004473,مقام شیئر کیا,,,
EVT_DIG004474,meeting,P00965,P00075,LOC0044,2026-05-12 19:01:00,0.99,DIG004474,ಭೇಟಿ ನೀಡಿದರು,,,
EVT_DIG004475,vehicle_use,P00143,P00202,LOC0175,2026-01-25 15:05:00,0.99,DIG004475,used a vehicle,,,
EVT_DIG004476,meeting,P00273,P00131,LOC0013,2026-01-08 13:25:00,0.99,DIG004476,મુલાકાત લીધી,,,
EVT_DIG004477,communication,P00402,P00253,LOC0166,2026-01-16 21:01:00,0.99,DIG004477,संदेश भेजा,,,
EVT_DIG004478,communication,P00033,P00790,LOC0140,2026-06-21 21:42:00,0.99,DIG004478,called,,,
EVT_DIG004479,transfer,P00684,P00138,LOC0018,2026-05-22 18:16:00,0.99,DIG004479,पैसे पाठवले,,,
EVT_DIG004480,communication,P00453,P00851,LOC0095,2026-08-14 02:42:00,0.99,DIG004480,বার্তা পাঠিয়েছে,,,
EVT_DIG004481,communication,P00724,P00538,LOC0112,2026-07-10 08:33:00,0.99,DIG004481,വിളിച്ചു,,,
EVT_DIG004482,meeting,P00830,P00002,LOC0178,2026-02-26 15:35:00,0.99,DIG004482,मिला,,,
EVT_DIG004483,meeting,P00776,P00107,LOC0157,2026-07-26 01:58:00,0.99,DIG004483,भेट दिली,,,
EVT_DIG004484,meeting,P00371,P00646,LOC0097,2026-05-16 03:30:00,0.99,DIG004484,சென்றார்,,,
EVT_DIG004485,meeting,P00405,P00219,LOC0107,2026-04-25 04:34:00,0.99,DIG004485,వెళ్లారు,,,
EVT_DIG004486,communication,P00341,P00440,LOC0044,2026-04-10 08:12:00,0.99,DIG004486,ਸੰਪਰਕ ਕੀਤਾ,,,
EVT_DIG004487,communication,P00106,P00528,LOC0132,2026-06-14 03:03:00,0.99,DIG004487,ಸಂಪರ್ಕಿಸಿದರು,,,
EVT_DIG004488,meeting,P00969,P00191,LOC0012,2026-07-24 22:42:00,0.99,DIG004488,visited,,,
EVT_DIG004489,communication,P00138,P00683,LOC0042,2026-07-24 09:40:00,0.99,DIG004489,বার্তা পাঠিয়েছে,,,
EVT_DIG004490,meeting,P00020,P00541,LOC0147,2026-08-09 13:41:00,0.99,DIG004490,వెళ్లారు,,,
EVT_DIG004491,communication,P00870,P00774,LOC0052,2026-07-17 23:03:00,0.99,DIG004491,फोन किया,,,
EVT_DIG004492,communication,P00321,P00631,LOC0108,2026-03-19 00:41:00,0.99,DIG004492,સંદેશ મોકલ્યો,,,
EVT_DIG004493,communication,P00109,P00338,LOC0133,2026-07-25 04:13:00,0.99,DIG004493,ബന്ധപ്പെട്ടു,,,
EVT_DIG004494,communication,P00881,P00474,LOC0137,2026-02-24 23:27:00,0.99,DIG004494,বার্তা পাঠিয়েছে,,,
EVT_DIG004495,communication,P00863,P00207,LOC0058,2026-08-02 16:40:00,0.99,DIG004495,संपर्क किया,,,
EVT_DIG004496,movement,P00956,P00773,LOC0040,2026-01-26 10:03:00,0.99,DIG004496,स्थान साझा किया,,,
EVT_DIG004497,meeting,P00235,P00109,LOC0078,2026-07-07 14:39:00,0.99,DIG004497,met,,,
EVT_DIG004498,communication,P00918,P00844,LOC0072,2026-03-18 04:52:00,0.99,DIG004498,அழைத்தார்,,,
EVT_DIG004499,communication,P00762,P00672,LOC0121,2026-03-28 12:46:00,0.99,DIG004499,বার্তা পাঠিয়েছে,,,
EVT_DIG004500,transfer,P00630,P00473,LOC0097,2026-02-05 13:55:00,0.99,DIG004500,નાણાં મોકલ્યાં,,,
EVT_DIG004501,transfer,P00630,P00915,LOC0010,2026-08-24 06:09:00,0.99,DIG004501,പണം അയച്ചു,,,
EVT_DIG004502,transfer,P00503,P00008,LOC0156,2026-04-09 06:25:00,0.99,DIG004502,નાણાં મોકલ્યાં,,,
EVT_DIG004503,vehicle_use,P00947,P00196,LOC0162,2026-05-02 10:07:00,0.99,DIG004503,वाहन का उपयोग किया,,,
EVT_DIG004504,meeting,P00568,P00185,LOC0118,2026-06-09 07:12:00,0.99,DIG004504,পরিদর্শন করেছে,,,
EVT_DIG004505,transfer,P00107,P00747,LOC0055,2026-08-19 08:41:00,0.99,DIG004505,धन भेजा,,,
EVT_DIG004506,meeting,P00700,P00538,LOC0175,2026-02-02 06:15:00,0.99,DIG004506,వెళ్లారు,,,
EVT_DIG004507,communication,P00664,P00193,LOC0139,2026-04-24 15:50:00,0.99,DIG004507,தொடர்பு கொண்டார்,,,
EVT_DIG004508,meeting,P00306,P00622,LOC0046,2026-04-10 10:34:00,0.99,DIG004508,met,,,
EVT_DIG004509,meeting,P00205,P00649,LOC0033,2026-03-14 17:52:00,0.99,DIG004509,મુલાકાત લીધી,,,
EVT_DIG004510,meeting,P00942,P00121,LOC0136,2026-02-10 05:14:00,0.99,DIG004510,دورہ کیا,,,
EVT_DIG004511,transfer,P00273,P00733,LOC0062,2026-06-13 09:19:00,0.99,DIG004511,transferred funds to,,,
EVT_DIG004512,transfer,P00168,P00071,LOC0095,2026-07-11 19:52:00,0.99,DIG004512,transferred funds to,,,
EVT_DIG004513,meeting,P00744,P00782,LOC0174,2026-07-15 01:27:00,0.99,DIG004513,ملاقات کی,,,
EVT_DIG004514,communication,P00732,P00137,LOC0176,2026-01-18 16:54:00,0.99,DIG004514,വിളിച്ചു,,,
EVT_DIG004515,meeting,P00973,P00190,LOC0149,2026-05-22 22:03:00,0.99,DIG004515,ಭೇಟಿ ನೀಡಿದರು,,,
EVT_DIG004516,communication,P00792,P00911,LOC0121,2026-05-31 21:57:00,0.99,DIG004516,संपर्क किया,,,
EVT_DIG004517,communication,P00372,P00682,LOC0173,2026-03-17 22:23:00,0.99,DIG004517,فون کیا,,,
EVT_DIG004518,meeting,P00523,P00893,LOC0168,2026-04-24 06:19:00,0.99,DIG004518,వెళ్లారు,,,
EVT_DIG004519,meeting,P00809,P00771,LOC0127,2026-05-02 01:51:00,0.99,DIG004519,visited,,,
EVT_DIG004520,movement,P01000,P00182,LOC0139,2026-07-20 21:32:00,0.99,DIG004520,shared a location with,,,
EVT_DIG004521,transfer,P00494,P00662,LOC0021,2026-05-19 22:14:00,0.99,DIG004521,رقم منتقل کی,,,
EVT_DIG004522,meeting,P00024,P00427,LOC0044,2026-07-02 19:18:00,0.99,DIG004522,দেখা করেছে,,,
EVT_DIG004523,transfer,P00094,P00884,LOC0061,2026-02-02 20:32:00,0.99,DIG004523,డబ్బు పంపారు,,,
EVT_DIG004524,communication,P00322,P00593,LOC0071,2026-03-21 02:45:00,0.99,DIG004524,സന്ദേശം അയച്ചു,,,
EVT_DIG004525,meeting,P00853,P00410,LOC0144,2026-01-13 02:14:00,0.99,DIG004525,দেখা করেছে,,,
EVT_DIG004526,communication,P00866,P00849,LOC0156,2026-04-17 17:16:00,0.99,DIG004526,വിളിച്ചു,,,
EVT_DIG004527,meeting,P00858,P00489,LOC0105,2026-06-23 05:17:00,0.99,DIG004527,મળ્યા,,,
EVT_DIG004528,movement,P00655,P00053,LOC0098,2026-07-07 17:05:00,0.99,DIG004528,ठिकाण शेअर केले,,,
EVT_DIG004529,communication,P00844,P00274,LOC0028,2026-07-30 16:19:00,0.99,DIG004529,फोन केला,,,
EVT_DIG004530,communication,P00726,P00655,LOC0097,2026-05-15 09:34:00,0.99,DIG004530,സന്ദേശം അയച്ചു,,,
EVT_DIG004531,communication,P00426,P00973,LOC0061,2026-02-15 06:40:00,0.99,DIG004531,فون کیا,,,
EVT_DIG004532,vehicle_use,P00815,P00132,LOC0126,2026-01-05 06:56:00,0.99,DIG004532,used a vehicle,,,
EVT_DIG004533,movement,P00581,P00546,LOC0095,2026-03-23 08:33:00,0.99,DIG004533,स्थान साझा किया,,,
EVT_DIG004534,communication,P00022,P00935,LOC0155,2026-08-12 19:07:00,0.99,DIG004534,sent a message to,,,
EVT_DIG004535,communication,P00420,P00616,LOC0172,2026-04-11 22:41:00,0.99,DIG004535,called,,,
EVT_DIG004536,meeting,P00191,P00760,LOC0153,2026-07-04 20:33:00,0.99,DIG004536,ಭೇಟಿಯಾದರು,,,
EVT_DIG004537,transfer,P00222,P00303,LOC0038,2026-05-26 00:14:00,0.99,DIG004537,പണം അയച്ചു,,,
EVT_DIG004538,communication,P00047,P00552,LOC0134,2026-02-11 00:49:00,0.99,DIG004538,સંપર્ક કર્યો,,,
EVT_DIG004539,meeting,P00852,P00046,LOC0145,2026-07-06 05:13:00,0.99,DIG004539,சந்தித்தார்,,,
EVT_DIG004540,transfer,P00182,P00802,LOC0140,2026-02-07 21:32:00,0.99,DIG004540,ਪੈਸੇ ਭੇਜੇ,,,
EVT_DIG004541,movement,P00426,P00068,LOC0091,2026-06-03 22:03:00,0.99,DIG004541,স্থান ভাগ করেছে,,,
EVT_DIG004542,communication,P00940,P00521,LOC0083,2026-02-07 17:12:00,0.99,DIG004542,செய்தி அனுப்பினார்,,,
EVT_DIG004543,vehicle_use,P00181,P00767,LOC0065,2026-06-16 05:40:00,0.99,DIG004543,used a vehicle,,,
EVT_DIG004544,meeting,P00073,P00646,LOC0141,2026-01-19 21:53:00,0.99,DIG004544,ಭೇಟಿಯಾದರು,,,
EVT_DIG004545,transfer,P00099,P00945,LOC0080,2026-05-11 13:46:00,0.99,DIG004545,പണം അയച്ചു,,,
EVT_DIG004546,communication,P00442,P00732,LOC0160,2026-06-07 21:52:00,0.99,DIG004546,संदेश भेजा,,,
EVT_DIG004547,communication,P00198,P00596,LOC0162,2026-04-26 21:32:00,0.99,DIG004547,फोन किया,,,
EVT_DIG004548,transfer,P00832,P00048,LOC0164,2026-03-23 21:11:00,0.99,DIG004548,డబ్బు పంపారు,,,
EVT_DIG004549,communication,P00376,P00678,LOC0164,2026-01-05 23:53:00,0.99,DIG004549,फोन किया,,,
EVT_DIG004550,meeting,P00194,P00748,LOC0124,2026-02-09 05:01:00,0.99,DIG004550,சந்தித்தார்,,,
EVT_DIG004551,communication,P00288,P00408,LOC0029,2026-03-22 04:53:00,0.99,DIG004551,پیغام بھیجا,,,
EVT_DIG004552,communication,P00727,P00646,LOC0124,2026-01-05 03:06:00,0.99,DIG004552,संदेश पाठवला,,,
EVT_DIG004553,meeting,P00394,P00952,LOC0150,2026-02-13 01:34:00,0.99,DIG004553,ਮਿਲਿਆ,,,
EVT_DIG004554,movement,P00590,P00215,LOC0134,2026-03-14 12:25:00,0.99,DIG004554,ठिकाण शेअर केले,,,
EVT_DIG004555,movement,P00074,P00492,LOC0115,2026-01-28 04:33:00,0.99,DIG004555,స్థానం పంచుకున్నారు,,,
EVT_DIG004556,meeting,P00480,P00370,LOC0037,2026-01-04 21:28:00,0.99,DIG004556,मिला,,,
EVT_DIG004557,transfer,P00114,P00105,LOC0055,2026-02-21 09:18:00,0.99,DIG004557,డబ్బు పంపారు,,,
EVT_DIG004558,transfer,P00876,P00082,LOC0106,2026-02-04 20:28:00,0.99,DIG004558,ಹಣ ಕಳುಹಿಸಿದರು,,,
EVT_DIG004559,movement,P00969,P00900,LOC0068,2026-01-06 16:14:00,0.99,DIG004559,സ്ഥലം പങ്കിട്ടു,,,
EVT_DIG004560,communication,P00249,P00976,LOC0141,2026-04-16 22:18:00,0.99,DIG004560,संपर्क किया,,,
EVT_DIG004561,meeting,P00066,P00071,LOC0087,2026-02-24 03:57:00,0.99,DIG004561,వెళ్లారు,,,
EVT_DIG004562,communication,P00147,P00177,LOC0024,2026-07-12 20:46:00,0.99,DIG004562,ফোন করেছে,,,
EVT_DIG004563,communication,P00586,P00088,LOC0018,2026-05-26 18:38:00,0.99,DIG004563,संदेश पाठवला,,,
EVT_DIG004564,communication,P00119,P00148,LOC0025,2026-08-16 19:46:00,0.99,DIG004564,যোগাযোগ করেছে,,,
EVT_DIG004565,transfer,P00092,P00861,LOC0142,2026-05-16 03:24:00,0.99,DIG004565,धन भेजा,,,
EVT_DIG004566,communication,P00082,P00819,LOC0100,2026-04-07 17:58:00,0.99,DIG004566,సందేశం పంపారు,,,
EVT_DIG004567,communication,P00053,P00517,LOC0153,2026-06-28 11:35:00,0.99,DIG004567,அழைத்தார்,,,
EVT_DIG004568,communication,P00894,P00093,LOC0054,2026-07-15 08:35:00,0.99,DIG004568,సందేశం పంపారు,,,
EVT_DIG004569,meeting,P00399,P00221,LOC0104,2026-06-15 17:40:00,0.99,DIG004569,ملاقات کی,,,
EVT_DIG004570,transfer,P00781,P00060,LOC0127,2026-05-02 18:58:00,0.99,DIG004570,ಹಣ ಕಳುಹಿಸಿದರು,,,
EVT_DIG004571,communication,P00259,P00633,LOC0116,2026-06-28 01:23:00,0.99,DIG004571,संदेश भेजा,,,
EVT_DIG004572,communication,P00056,P00990,LOC0061,2026-06-14 01:18:00,0.99,DIG004572,फोन किया,,,
EVT_DIG004573,transfer,P00582,P00926,LOC0066,2026-06-22 04:06:00,0.99,DIG004573,টাকা পাঠিয়েছে,,,
EVT_DIG004574,meeting,P00619,P00198,LOC0004,2026-05-27 05:01:00,0.99,DIG004574,મળ્યા,,,
EVT_DIG004575,meeting,P00761,P00853,LOC0105,2026-06-07 08:29:00,0.99,DIG004575,મળ્યા,,,
EVT_DIG004576,meeting,P00495,P00649,LOC0135,2026-05-25 12:24:00,0.99,DIG004576,ಭೇಟಿ ನೀಡಿದರು,,,
EVT_DIG004577,communication,P00372,P00542,LOC0127,2026-05-04 16:34:00,0.99,DIG004577,செய்தி அனுப்பினார்,,,
EVT_DIG004578,communication,P00136,P00149,LOC0018,2026-08-22 12:51:00,0.99,DIG004578,संदेश भेजा,,,
EVT_DIG004579,meeting,P00363,P00094,LOC0156,2026-07-04 06:59:00,0.99,DIG004579,મુલાકાત લીધી,,,
EVT_DIG004580,transfer,P00372,P00652,LOC0136,2026-08-03 09:19:00,0.99,DIG004580,पैसे पाठवले,,,
EVT_DIG004581,communication,P00993,P00474,LOC0150,2026-03-05 08:18:00,0.99,DIG004581,ફોન કર્યો,,,
EVT_DIG004582,communication,P00152,P00249,LOC0027,2026-05-24 04:39:00,0.99,DIG004582,বার্তা পাঠিয়েছে,,,
EVT_DIG004583,communication,P00235,P00201,LOC0180,2026-08-26 23:45:00,0.99,DIG004583,செய்தி அனுப்பினார்,,,
EVT_DIG004584,communication,P00811,P00295,LOC0017,2026-03-19 00:24:00,0.99,DIG004584,ಸಂದೇಶ ಕಳುಹಿಸಿದರು,,,
EVT_DIG004585,communication,P00256,P00376,LOC0144,2026-04-13 21:40:00,0.99,DIG004585,فون کیا,,,
EVT_DIG004586,transfer,P00272,P00881,LOC0006,2026-03-31 03:54:00,0.99,DIG004586,નાણાં મોકલ્યાં,,,
EVT_DIG004587,communication,P00512,P00218,LOC0159,2026-05-01 00:07:00,0.99,DIG004587,ফোন করেছে,,,
EVT_DIG004588,transfer,P00874,P00107,LOC0178,2026-04-06 06:50:00,0.99,DIG004588,رقم منتقل کی,,,
EVT_DIG004589,communication,P00117,P00262,LOC0177,2026-06-04 01:13:00,0.99,DIG004589,ફોન કર્યો,,,
EVT_DIG004590,transfer,P00375,P00983,LOC0108,2026-04-25 10:49:00,0.99,DIG004590,പണം അയച്ചു,,,
EVT_DIG004591,communication,P00603,P00689,LOC0007,2026-08-24 20:16:00,0.99,DIG004591,फोन किया,,,
EVT_DIG004592,communication,P00172,P00290,LOC0053,2026-08-19 06:21:00,0.99,DIG004592,ಸಂದೇಶ ಕಳುಹಿಸಿದರು,,,
EVT_DIG004593,communication,P00131,P00368,LOC0139,2026-07-15 22:35:00,0.99,DIG004593,ఫోన్ చేశారు,,,
EVT_DIG004594,meeting,P00232,P00409,LOC0106,2026-02-21 15:57:00,0.99,DIG004594,ਮੁਲਾਕਾਤ ਕੀਤੀ,,,
EVT_DIG004595,communication,P00195,P00679,LOC0019,2026-05-18 14:28:00,0.99,DIG004595,फोन किया,,,
EVT_DIG004596,transfer,P00017,P00548,LOC0155,2026-03-01 08:10:00,0.99,DIG004596,ਪੈਸੇ ਭੇਜੇ,,,
EVT_DIG004597,meeting,P00528,P00649,LOC0140,2026-07-08 08:08:00,0.99,DIG004597,వెళ్లారు,,,
EVT_DIG004598,movement,P00909,P00518,LOC0163,2026-08-12 22:58:00,0.99,DIG004598,ਸਥਾਨ ਸਾਂਝਾ ਕੀਤਾ,,,
EVT_DIG004599,transfer,P00170,P00259,LOC0134,2026-03-24 03:34:00,0.99,DIG004599,નાણાં મોકલ્યાં,,,
EVT_DIG004600,communication,P00478,P00618,LOC0099,2026-07-09 03:24:00,0.99,DIG004600,যোগাযোগ করেছে,,,
EVT_DIG004601,communication,P00556,P00810,LOC0079,2026-05-30 09:25:00,0.99,DIG004601,ફોન કર્યો,,,
EVT_DIG004602,communication,P00134,P00258,LOC0135,2026-04-12 00:28:00,0.99,DIG004602,ફોન કર્યો,,,
EVT_DIG004603,transfer,P00535,P00172,LOC0108,2026-03-09 00:25:00,0.99,DIG004603,డబ్బు పంపారు,,,
EVT_DIG004604,transfer,P00377,P00059,LOC0152,2026-01-21 06:49:00,0.99,DIG004604,નાણાં મોકલ્યાં,,,
EVT_DIG004605,transfer,P00202,P00476,LOC0164,2026-01-28 10:35:00,0.99,DIG004605,പണം അയച്ചു,,,
EVT_DIG004606,communication,P00222,P00092,LOC0004,2026-02-12 19:27:00,0.99,DIG004606,ఫోన్ చేశారు,,,
EVT_DIG004607,communication,P00521,P00569,LOC0031,2026-04-29 08:31:00,0.99,DIG004607,సందేశం పంపారు,,,
EVT_DIG004608,communication,P00272,P00096,LOC0117,2026-08-05 00:39:00,0.99,DIG004608,ಸಂದೇಶ ಕಳುಹಿಸಿದರು,,,
EVT_DIG004609,communication,P00236,P00002,LOC0156,2026-01-23 23:06:00,0.99,DIG004609,संपर्क किया,,,
EVT_DIG004610,communication,P00206,P00656,LOC0083,2026-08-10 19:16:00,0.99,DIG004610,فون کیا,,,
EVT_DIG004611,communication,P00419,P00646,LOC0002,2026-03-02 15:03:00,0.99,DIG004611,پیغام بھیجا,,,
EVT_DIG004612,movement,P00601,P00561,LOC0019,2026-06-10 20:26:00,0.99,DIG004612,ಸ್ಥಳ ಹಂಚಿಕೊಂಡರು,,,
EVT_DIG004613,communication,P00732,P00970,LOC0089,2026-07-03 19:13:00,0.99,DIG004613,संदेश पाठवला,,,
EVT_DIG004614,movement,P00895,P00239,LOC0010,2026-06-10 10:44:00,0.99,DIG004614,shared a location with,,,
EVT_DIG004615,communication,P00519,P00814,LOC0036,2026-08-07 13:18:00,0.99,DIG004615,ಸಂದೇಶ ಕಳುಹಿಸಿದರು,,,
EVT_DIG004616,communication,P00639,P00557,LOC0163,2026-03-10 19:00:00,0.99,DIG004616,ફોન કર્યો,,,
EVT_DIG004617,communication,P00919,P00821,LOC0082,2026-03-12 16:07:00,0.99,DIG004617,ਫੋਨ ਕੀਤਾ,,,
EVT_DIG004618,communication,P00695,P00309,LOC0150,2026-03-29 18:53:00,0.99,DIG004618,called,,,
EVT_DIG004619,communication,P00400,P00579,LOC0091,2026-08-25 15:49:00,0.99,DIG004619,સંદેશ મોકલ્યો,,,
EVT_DIG004620,communication,P00095,P00403,LOC0050,2026-07-26 11:45:00,0.99,DIG004620,સંપર્ક કર્યો,,,
EVT_DIG004621,vehicle_use,P00705,P00960,LOC0148,2026-06-11 03:27:00,0.99,DIG004621,used a vehicle,,,
EVT_DIG004622,meeting,P00169,P00609,LOC0133,2026-07-25 21:10:00,0.99,DIG004622,వెళ్లారు,,,
EVT_DIG004623,communication,P00483,P00236,LOC0155,2026-06-24 14:36:00,0.99,DIG004623,సంప్రదించారు,,,
EVT_DIG004624,meeting,P00505,P00060,LOC0095,2026-08-29 01:44:00,0.99,DIG004624,കണ്ടുമുട്ടി,,,
EVT_DIG004625,communication,P00853,P00935,LOC0121,2026-01-19 06:08:00,0.99,DIG004625,அழைத்தார்,,,
EVT_DIG004626,meeting,P00702,P00943,LOC0043,2026-08-01 19:37:00,0.99,DIG004626,ملاقات کی,,,
EVT_DIG004627,meeting,P00102,P00224,LOC0153,2026-05-14 12:58:00,0.99,DIG004627,ಭೇಟಿ ನೀಡಿದರು,,,
EVT_DIG004628,meeting,P00433,P00059,LOC0082,2026-05-13 22:18:00,0.99,DIG004628,দেখা করেছে,,,
EVT_DIG004629,meeting,P00103,P00619,LOC0094,2026-06-05 15:24:00,0.99,DIG004629,ملاقات کی,,,
EVT_DIG004630,meeting,P00208,P00063,LOC0113,2026-07-12 11:41:00,0.99,DIG004630,দেখা করেছে,,,
EVT_DIG004631,transfer,P00581,P00601,LOC0003,2026-04-21 11:27:00,0.99,DIG004631,பணம் அனுப்பினார்,,,
EVT_DIG004632,transfer,P00150,P00765,LOC0143,2026-07-20 07:29:00,0.99,DIG004632,رقم منتقل کی,,,
EVT_DIG004633,transfer,P00033,P00553,LOC0172,2026-05-01 18:02:00,0.99,DIG004633,പണം അയച്ചു,,,
EVT_DIG004634,communication,P00690,P00296,LOC0061,2026-06-21 18:51:00,0.99,DIG004634,தொடர்பு கொண்டார்,,,
EVT_DIG004635,communication,P00536,P00913,LOC0063,2026-03-30 08:48:00,0.99,DIG004635,ফোন করেছে,,,
EVT_DIG004636,movement,P00233,P00643,LOC0152,2026-08-09 18:58:00,0.99,DIG004636,ਸਥਾਨ ਸਾਂਝਾ ਕੀਤਾ,,,
EVT_DIG004637,communication,P00824,P00122,LOC0014,2026-07-29 06:20:00,0.99,DIG004637,ফোন করেছে,,,
EVT_DIG004638,communication,P00247,P00637,LOC0046,2026-08-14 09:07:00,0.99,DIG004638,پیغام بھیجا,,,
EVT_DIG004639,communication,P00199,P00400,LOC0099,2026-06-09 19:25:00,0.99,DIG004639,ಕರೆ ಮಾಡಿದರು,,,
EVT_DIG004640,transfer,P00364,P00962,LOC0150,2026-08-17 10:09:00,0.99,DIG004640,નાણાં મોકલ્યાં,,,
EVT_DIG004641,movement,P00056,P00459,LOC0087,2026-06-27 10:30:00,0.99,DIG004641,இடத்தை பகிர்ந்தார்,,,
EVT_DIG004642,communication,P00640,P00428,LOC0133,2026-06-11 00:18:00,0.99,DIG004642,contacted,,,
EVT_DIG004643,meeting,P00804,P00721,LOC0088,2026-03-30 14:51:00,0.99,DIG004643,visited,,,
EVT_DIG004644,meeting,P00667,P00714,LOC0067,2026-02-17 06:16:00,0.99,DIG004644,ਮਿਲਿਆ,,,
EVT_DIG004645,meeting,P00728,P00407,LOC0173,2026-03-30 10:39:00,0.99,DIG004645,சென்றார்,,,
EVT_DIG004646,movement,P00948,P00803,LOC0021,2026-03-07 15:54:00,0.99,DIG004646,shared a location with,,,
EVT_DIG004647,communication,P00007,P00176,LOC0054,2026-03-30 04:49:00,0.99,DIG004647,સંદેશ મોકલ્યો,,,
EVT_DIG004648,communication,P00377,P00804,LOC0122,2026-05-03 09:21:00,0.99,DIG004648,sent a message to,,,
EVT_DIG004649,communication,P00996,P00210,LOC0136,2026-04-22 20:48:00,0.99,DIG004649,సంప్రదించారు,,,
EVT_DIG004650,meeting,P00426,P00002,LOC0042,2026-05-25 02:47:00,0.99,DIG004650,পরিদর্শন করেছে,,,
EVT_DIG004651,communication,P00875,P00224,LOC0063,2026-05-08 19:53:00,0.99,DIG004651,ਸੁਨੇਹਾ ਭੇਜਿਆ,,,
EVT_DIG004652,communication,P00595,P00286,LOC0145,2026-05-20 08:50:00,0.99,DIG004652,فون کیا,,,
EVT_DIG004653,transfer,P00319,P00545,LOC0023,2026-06-20 15:12:00,0.99,DIG004653,धन भेजा,,,
EVT_DIG004654,movement,P00094,P00069,LOC0050,2026-01-05 12:46:00,0.99,DIG004654,स्थान साझा किया,,,
EVT_DIG004655,communication,P00802,P00740,LOC0087,2026-01-28 08:38:00,0.99,DIG004655,फोन किया,,,
EVT_DIG004656,meeting,P00270,P00400,LOC0112,2026-08-31 15:16:00,0.99,DIG004656,ਮਿਲਿਆ,,,
EVT_DIG004657,communication,P00715,P00636,LOC0028,2026-03-11 19:39:00,0.99,DIG004657,संपर्क किया,,,
EVT_DIG004658,communication,P00044,P00425,LOC0132,2026-06-24 11:11:00,0.99,DIG004658,فون کیا,,,
EVT_DIG004659,communication,P00266,P00515,LOC0053,2026-08-12 23:28:00,0.99,DIG004659,called,,,
EVT_DIG004660,transfer,P00908,P00277,LOC0057,2026-04-08 22:42:00,0.99,DIG004660,টাকা পাঠিয়েছে,,,
EVT_DIG004661,communication,P00988,P00064,LOC0155,2026-05-30 12:10:00,0.99,DIG004661,ಸಂಪರ್ಕಿಸಿದರು,,,
EVT_DIG004662,movement,P00934,P00708,LOC0147,2026-06-30 10:40:00,0.99,DIG004662,shared a location with,,,
EVT_DIG004663,communication,P00101,P00291,LOC0176,2026-03-15 08:44:00,0.99,DIG004663,contacted,,,
EVT_DIG004664,movement,P00113,P00943,LOC0045,2026-05-03 01:37:00,0.99,DIG004664,ਸਥਾਨ ਸਾਂਝਾ ਕੀਤਾ,,,
EVT_DIG004665,communication,P00604,P00338,LOC0079,2026-03-18 20:01:00,0.99,DIG004665,தொடர்பு கொண்டார்,,,
EVT_DIG004666,communication,P00270,P00410,LOC0172,2026-05-10 11:26:00,0.99,DIG004666,அழைத்தார்,,,
EVT_DIG004667,communication,P00644,P00019,LOC0043,2026-04-20 05:51:00,0.99,DIG004667,ఫోన్ చేశారు,,,
EVT_DIG004668,transfer,P00907,P00919,LOC0058,2026-02-17 00:20:00,0.99,DIG004668,പണം അയച്ചു,,,
EVT_DIG004669,vehicle_use,P00777,P00273,LOC0062,2026-08-04 03:12:00,0.99,DIG004669,वाहन का उपयोग किया,,,
EVT_DIG004670,movement,P00807,P00474,LOC0153,2026-01-03 08:58:00,0.99,DIG004670,ठिकाण शेअर केले,,,
EVT_DIG004671,transfer,P00423,P00451,LOC0161,2026-01-17 10:35:00,0.99,DIG004671,টাকা পাঠিয়েছে,,,
EVT_DIG004672,vehicle_use,P00920,P00164,LOC0064,2026-07-17 17:49:00,0.99,DIG004672,वाहन का उपयोग किया,,,
EVT_DIG004673,communication,P00770,P00221,LOC0060,2026-08-07 21:01:00,0.99,DIG004673,संदेश पाठवला,,,
EVT_DIG004674,movement,P00791,P00722,LOC0160,2026-02-15 17:33:00,0.99,DIG004674,ಸ್ಥಳ ಹಂಚಿಕೊಂಡರು,,,
EVT_DIG004675,communication,P00882,P00693,LOC0132,2026-03-03 01:49:00,0.99,DIG004675,அழைத்தார்,,,
EVT_DIG004676,communication,P00235,P00363,LOC0106,2026-04-27 16:20:00,0.99,DIG004676,sent a message to,,,
EVT_DIG004677,meeting,P00730,P00645,LOC0074,2026-04-07 19:21:00,0.99,DIG004677,મળ્યા,,,
EVT_DIG004678,communication,P00140,P00627,LOC0168,2026-02-08 08:23:00,0.99,DIG004678,যোগাযোগ করেছে,,,
EVT_DIG004679,meeting,P00410,P00290,LOC0027,2026-07-06 08:13:00,0.99,DIG004679,சென்றார்,,,
EVT_DIG004680,movement,P00879,P00099,LOC0036,2026-08-13 12:40:00,0.99,DIG004680,સ્થાન શેર કર્યું,,,
EVT_DIG004681,meeting,P00011,P00667,LOC0031,2026-04-09 21:14:00,0.99,DIG004681,சந்தித்தார்,,,
EVT_DIG004682,meeting,P00867,P00376,LOC0171,2026-05-08 05:17:00,0.99,DIG004682,भेटला,,,
EVT_DIG004683,communication,P00202,P00943,LOC0143,2026-03-06 00:47:00,0.99,DIG004683,संपर्क केला,,,
EVT_DIG004684,transfer,P00390,P00684,LOC0120,2026-07-23 09:12:00,0.99,DIG004684,رقم منتقل کی,,,
EVT_DIG004685,meeting,P00972,P00354,LOC0126,2026-08-30 09:55:00,0.99,DIG004685,मिला,,,
EVT_DIG004686,movement,P00436,P00963,LOC0092,2026-05-12 06:25:00,0.99,DIG004686,இடத்தை பகிர்ந்தார்,,,
EVT_DIG004687,meeting,P00532,P00340,LOC0157,2026-04-08 11:25:00,0.99,DIG004687,சென்றார்,,,
EVT_DIG004688,communication,P00750,P00790,LOC0136,2026-08-26 21:10:00,0.99,DIG004688,ফোন করেছে,,,
EVT_DIG004689,meeting,P00449,P00351,LOC0130,2026-01-13 10:04:00,0.99,DIG004689,ਮੁਲਾਕਾਤ ਕੀਤੀ,,,
EVT_DIG004690,meeting,P00511,P00248,LOC0070,2026-08-24 00:05:00,0.99,DIG004690,ملاقات کی,,,
EVT_DIG004691,communication,P00546,P00743,LOC0032,2026-06-29 06:59:00,0.99,DIG004691,ਸੁਨੇਹਾ ਭੇਜਿਆ,,,
EVT_DIG004692,transfer,P00660,P00065,LOC0154,2026-08-19 06:00:00,0.99,DIG004692,पैसे पाठवले,,,
EVT_DIG004693,communication,P00897,P00904,LOC0054,2026-08-20 00:09:00,0.99,DIG004693,സന്ദേശം അയച്ചു,,,
EVT_DIG004694,meeting,P00759,P00346,LOC0015,2026-08-28 18:36:00,0.99,DIG004694,കണ്ടുമുട്ടി,,,
EVT_DIG004695,transfer,P00970,P00217,LOC0109,2026-02-18 04:24:00,0.99,DIG004695,ਪੈਸੇ ਭੇਜੇ,,,
EVT_DIG004696,meeting,P00154,P00292,LOC0144,2026-03-12 12:23:00,0.99,DIG004696,ਮੁਲਾਕਾਤ ਕੀਤੀ,,,
EVT_DIG004697,meeting,P00248,P00855,LOC0092,2026-02-01 17:39:00,0.99,DIG004697,ਮੁਲਾਕਾਤ ਕੀਤੀ,,,
EVT_DIG004698,movement,P00501,P00741,LOC0170,2026-06-02 14:19:00,0.99,DIG004698,સ્થાન શેર કર્યું,,,
EVT_DIG004699,communication,P00296,P00276,LOC0048,2026-06-01 15:38:00,0.99,DIG004699,رابطہ کیا,,,
EVT_DIG004700,communication,P00585,P00196,LOC0043,2026-02-18 07:58:00,0.99,DIG004700,বার্তা পাঠিয়েছে,,,
EVT_DIG004701,communication,P00399,P00231,LOC0030,2026-08-01 03:55:00,0.99,DIG004701,വിളിച്ചു,,,
EVT_DIG004702,communication,P00019,P00344,LOC0048,2026-07-29 14:45:00,0.99,DIG004702,ಸಂದೇಶ ಕಳುಹಿಸಿದರು,,,
EVT_DIG004703,meeting,P00587,P00964,LOC0170,2026-06-30 17:39:00,0.99,DIG004703,కలిశారు,,,
EVT_DIG004704,meeting,P00394,P00787,LOC0081,2026-05-21 11:10:00,0.99,DIG004704,ملاقات کی,,,
EVT_DIG004705,communication,P00856,P00992,LOC0068,2026-04-02 21:25:00,0.99,DIG004705,సంప్రదించారు,,,
EVT_DIG004706,communication,P00564,P00300,LOC0137,2026-05-26 19:15:00,0.99,DIG004706,സന്ദേശം അയച്ചു,,,
EVT_DIG004707,meeting,P00142,P00377,LOC0055,2026-01-15 11:32:00,0.99,DIG004707,ਮੁਲਾਕਾਤ ਕੀਤੀ,,,
EVT_DIG004708,meeting,P00777,P00310,LOC0065,2026-08-13 01:42:00,0.99,DIG004708,دورہ کیا,,,
EVT_DIG004709,communication,P00627,P00314,LOC0024,2026-04-08 03:41:00,0.99,DIG004709,அழைத்தார்,,,
EVT_DIG004710,movement,P00397,P00579,LOC0015,2026-03-16 16:04:00,0.99,DIG004710,مقام شیئر کیا,,,
EVT_DIG004711,communication,P00617,P00446,LOC0070,2026-05-07 02:44:00,0.99,DIG004711,ફોન કર્યો,,,
EVT_DIG004712,movement,P00533,P00825,LOC0093,2026-01-14 16:00:00,0.99,DIG004712,સ્થાન શેર કર્યું,,,
EVT_DIG004713,communication,P00096,P00559,LOC0086,2026-02-01 16:03:00,0.99,DIG004713,ಸಂದೇಶ ಕಳುಹಿಸಿದರು,,,
EVT_DIG004714,meeting,P00217,P00670,LOC0059,2026-02-24 09:17:00,0.99,DIG004714,ਮੁਲਾਕਾਤ ਕੀਤੀ,,,
EVT_DIG004715,communication,P00534,P00690,LOC0047,2026-03-03 05:02:00,0.99,DIG004715,رابطہ کیا,,,
EVT_DIG004716,communication,P00523,P00135,LOC0025,2026-06-21 00:12:00,0.99,DIG004716,સંદેશ મોકલ્યો,,,
EVT_DIG004717,communication,P00735,P00450,LOC0180,2026-02-23 16:55:00,0.99,DIG004717,ಕರೆ ಮಾಡಿದರು,,,
EVT_DIG004718,meeting,P00388,P00543,LOC0007,2026-02-11 12:47:00,0.99,DIG004718,दौरा किया,,,
EVT_DIG004719,communication,P00545,P00098,LOC0032,2026-03-10 12:53:00,0.99,DIG004719,संपर्क किया,,,
EVT_DIG004720,meeting,P00512,P00003,LOC0157,2026-03-10 02:05:00,0.99,DIG004720,ਮਿਲਿਆ,,,
EVT_DIG004721,communication,P00243,P00174,LOC0164,2026-04-21 02:55:00,0.99,DIG004721,فون کیا,,,
EVT_DIG004722,meeting,P00956,P00204,LOC0094,2026-03-03 20:23:00,0.99,DIG004722,వెళ్లారు,,,
EVT_DIG004723,communication,P00094,P00948,LOC0043,2026-01-12 13:32:00,0.99,DIG004723,સંદેશ મોકલ્યો,,,
EVT_DIG004724,transfer,P00136,P00477,LOC0119,2026-02-07 08:52:00,0.99,DIG004724,ਪੈਸੇ ਭੇਜੇ,,,
EVT_DIG004725,meeting,P00944,P00670,LOC0110,2026-08-05 14:45:00,0.99,DIG004725,కలిశారు,,,
EVT_DIG004726,communication,P00361,P00251,LOC0024,2026-07-14 15:24:00,0.99,DIG004726,संदेश भेजा,,,
EVT_DIG004727,meeting,P00516,P00207,LOC0122,2026-06-19 06:14:00,0.99,DIG004727,కలిశారు,,,
EVT_DIG004728,meeting,P00831,P00198,LOC0082,2026-08-02 05:24:00,0.99,DIG004728,ਮੁਲਾਕਾਤ ਕੀਤੀ,,,
EVT_DIG004729,communication,P00863,P00518,LOC0030,2026-03-29 13:02:00,0.99,DIG004729,ਸੰਪਰਕ ਕੀਤਾ,,,
EVT_DIG004730,movement,P00476,P00302,LOC0108,2026-05-31 00:09:00,0.99,DIG004730,இடத்தை பகிர்ந்தார்,,,
EVT_DIG004731,transfer,P00684,P00719,LOC0116,2026-08-16 23:36:00,0.99,DIG004731,টাকা পাঠিয়েছে,,,
EVT_DIG004732,communication,P00545,P00302,LOC0155,2026-03-30 15:26:00,0.99,DIG004732,സന്ദേശം അയച്ചു,,,
EVT_DIG004733,communication,P00450,P00402,LOC0006,2026-01-25 22:43:00,0.99,DIG004733,বার্তা পাঠিয়েছে,,,
EVT_DIG004734,communication,P00262,P00315,LOC0013,2026-07-27 02:15:00,0.99,DIG004734,ಸಂದೇಶ ಕಳುಹಿಸಿದರು,,,
EVT_DIG004735,vehicle_use,P00337,P00296,LOC0048,2026-08-16 22:38:00,0.99,DIG004735,वाहन का उपयोग किया,,,
EVT_DIG004736,meeting,P00447,P00313,LOC0084,2026-05-22 14:50:00,0.99,DIG004736,ملاقات کی,,,
EVT_DIG004737,communication,P00799,P00122,LOC0056,2026-08-07 23:57:00,0.99,DIG004737,அழைத்தார்,,,
EVT_DIG004738,communication,P00783,P00990,LOC0166,2026-01-06 09:20:00,0.99,DIG004738,ফোন করেছে,,,
EVT_DIG004739,transfer,P00167,P00711,LOC0081,2026-03-10 05:36:00,0.99,DIG004739,பணம் அனுப்பினார்,,,
EVT_DIG004740,movement,P00656,P00127,LOC0080,2026-08-19 23:16:00,0.99,DIG004740,ਸਥਾਨ ਸਾਂਝਾ ਕੀਤਾ,,,
EVT_DIG004741,movement,P00260,P00132,LOC0121,2026-08-06 06:43:00,0.99,DIG004741,shared a location with,,,
EVT_DIG004742,transfer,P00926,P00434,LOC0158,2026-02-22 11:04:00,0.99,DIG004742,पैसे पाठवले,,,
EVT_DIG004743,meeting,P00818,P00255,LOC0150,2026-06-23 15:06:00,0.99,DIG004743,ਮੁਲਾਕਾਤ ਕੀਤੀ,,,
EVT_DIG004744,communication,P00032,P00027,LOC0129,2026-02-26 22:42:00,0.99,DIG004744,sent a message to,,,
EVT_DIG004745,communication,P00904,P00290,LOC0067,2026-08-23 16:45:00,0.99,DIG004745,called,,,
EVT_DIG004746,communication,P00008,P00382,LOC0047,2026-06-19 10:29:00,0.99,DIG004746,ಸಂದೇಶ ಕಳುಹಿಸಿದರು,,,
EVT_DIG004747,communication,P00681,P00184,LOC0112,2026-06-30 00:00:00,0.99,DIG004747,ਸੰਪਰਕ ਕੀਤਾ,,,
EVT_DIG004748,communication,P00767,P00580,LOC0102,2026-07-09 23:42:00,0.99,DIG004748,پیغام بھیجا,,,
EVT_DIG004749,movement,P00918,P00125,LOC0114,2026-06-25 12:09:00,0.99,DIG004749,shared a location with,,,
EVT_DIG004750,transfer,P00595,P00392,LOC0091,2026-05-07 19:13:00,0.99,DIG004750,ਪੈਸੇ ਭੇਜੇ,,,
EVT_DIG004751,transfer,P00270,P00257,LOC0021,2026-01-13 03:33:00,0.99,DIG004751,പണം അയച്ചു,,,
EVT_DIG004752,communication,P00077,P00841,LOC0078,2026-03-20 11:54:00,0.99,DIG004752,پیغام بھیجا,,,
EVT_DIG004753,meeting,P00523,P00926,LOC0084,2026-05-27 12:20:00,0.99,DIG004753,ಭೇಟಿಯಾದರು,,,
EVT_DIG004754,meeting,P00354,P00209,LOC0043,2026-05-06 02:10:00,0.99,DIG004754,met,,,
EVT_DIG004755,communication,P00829,P00807,LOC0068,2026-05-09 06:25:00,0.99,DIG004755,સંદેશ મોકલ્યો,,,
EVT_DIG004756,transfer,P00123,P00869,LOC0047,2026-02-03 08:56:00,0.99,DIG004756,ಹಣ ಕಳುಹಿಸಿದರು,,,
EVT_DIG004757,communication,P00616,P00054,LOC0102,2026-03-19 07:18:00,0.99,DIG004757,संपर्क केला,,,
EVT_DIG004758,communication,P00338,P00751,LOC0114,2026-03-02 04:47:00,0.99,DIG004758,যোগাযোগ করেছে,,,
EVT_DIG004759,communication,P00481,P00654,LOC0081,2026-01-03 00:53:00,0.99,DIG004759,సందేశం పంపారు,,,
EVT_DIG004760,transfer,P00446,P00787,LOC0039,2026-05-14 10:09:00,0.99,DIG004760,رقم منتقل کی,,,
EVT_DIG004761,meeting,P00071,P00557,LOC0149,2026-06-03 20:43:00,0.99,DIG004761,కలిశారు,,,
EVT_DIG004762,transfer,P00949,P00131,LOC0175,2026-04-05 07:02:00,0.99,DIG004762,નાણાં મોકલ્યાં,,,
EVT_DIG004763,meeting,P00038,P00599,LOC0034,2026-05-18 09:17:00,0.99,DIG004763,ملاقات کی,,,
EVT_DIG004764,communication,P00714,P00635,LOC0150,2026-01-20 00:20:00,0.99,DIG004764,رابطہ کیا,,,
EVT_DIG004765,transfer,P00216,P00660,LOC0020,2026-05-27 14:04:00,0.99,DIG004765,رقم منتقل کی,,,
EVT_DIG004766,meeting,P00664,P00129,LOC0084,2026-04-13 20:36:00,0.99,DIG004766,दौरा किया,,,
EVT_DIG004767,communication,P00665,P00264,LOC0118,2026-06-24 15:45:00,0.99,DIG004767,संदेश भेजा,,,
EVT_DIG004768,movement,P00647,P00090,LOC0022,2026-02-20 04:57:00,0.99,DIG004768,સ્થાન શેર કર્યું,,,
EVT_DIG004769,communication,P00087,P00026,LOC0091,2026-04-01 06:32:00,0.99,DIG004769,సంప్రదించారు,,,
EVT_DIG004770,meeting,P00505,P00712,LOC0075,2026-02-17 01:08:00,0.99,DIG004770,சென்றார்,,,
EVT_DIG004771,communication,P00421,P00235,LOC0144,2026-03-01 11:28:00,0.99,DIG004771,വിളിച്ചു,,,
EVT_DIG004772,vehicle_use,P00584,P00396,LOC0088,2026-02-23 03:19:00,0.99,DIG004772,वाहन का उपयोग किया,,,
EVT_DIG004773,transfer,P00195,P00034,LOC0016,2026-07-29 18:51:00,0.99,DIG004773,ಹಣ ಕಳುಹಿಸಿದರು,,,
EVT_DIG004774,communication,P00691,P00957,LOC0180,2026-01-30 00:55:00,0.99,DIG004774,যোগাযোগ করেছে,,,
EVT_DIG004775,meeting,P00103,P00079,LOC0055,2026-02-26 07:10:00,0.99,DIG004775,ਮਿਲਿਆ,,,
EVT_DIG004776,communication,P00321,P00555,LOC0167,2026-02-26 23:57:00,0.99,DIG004776,సందేశం పంపారు,,,
EVT_DIG004777,meeting,P00317,P00530,LOC0052,2026-08-09 08:05:00,0.99,DIG004777,వెళ్లారు,,,
EVT_DIG004778,meeting,P00341,P00928,LOC0083,2026-02-12 21:22:00,0.99,DIG004778,ಭೇಟಿಯಾದರು,,,
EVT_DIG004779,meeting,P00708,P00665,LOC0179,2026-08-09 18:59:00,0.99,DIG004779,కలిశారు,,,
EVT_DIG004780,communication,P00457,P00768,LOC0042,2026-06-20 05:30:00,0.99,DIG004780,ಸಂದೇಶ ಕಳುಹಿಸಿದರು,,,
EVT_DIG004781,meeting,P00823,P00396,LOC0167,2026-07-22 17:45:00,0.99,DIG004781,കണ്ടുമുട്ടി,,,
EVT_DIG004782,movement,P00251,P00816,LOC0061,2026-07-25 14:45:00,0.99,DIG004782,സ്ഥലം പങ്കിട്ടു,,,
EVT_DIG004783,movement,P00129,P00359,LOC0047,2026-07-23 08:33:00,0.99,DIG004783,സ്ഥലം പങ്കിട്ടു,,,
EVT_DIG004784,meeting,P00612,P00110,LOC0169,2026-02-07 05:54:00,0.99,DIG004784,കണ്ടുമുട്ടി,,,
EVT_DIG004785,transfer,P00569,P00165,LOC0069,2026-05-02 07:49:00,0.99,DIG004785,નાણાં મોકલ્યાં,,,
EVT_DIG004786,communication,P00042,P00068,LOC0106,2026-04-23 21:03:00,0.99,DIG004786,sent a message to,,,
EVT_DIG004787,communication,P00367,P00065,LOC0025,2026-05-21 00:57:00,0.99,DIG004787,ബന്ധപ്പെട്ടു,,,
EVT_DIG004788,communication,P00974,P00303,LOC0141,2026-05-06 12:26:00,0.99,DIG004788,ಸಂಪರ್ಕಿಸಿದರು,,,
EVT_DIG004789,movement,P00065,P00340,LOC0012,2026-01-09 02:09:00,0.99,DIG004789,સ્થાન શેર કર્યું,,,
EVT_DIG004790,meeting,P00792,P00523,LOC0002,2026-03-05 01:21:00,0.99,DIG004790,পরিদর্শন করেছে,,,
EVT_DIG004791,communication,P00477,P00377,LOC0094,2026-01-19 22:02:00,0.99,DIG004791,ಕರೆ ಮಾಡಿದರು,,,
EVT_DIG004792,movement,P00570,P00299,LOC0018,2026-08-11 06:41:00,0.99,DIG004792,مقام شیئر کیا,,,
EVT_DIG004793,communication,P00544,P00949,LOC0117,2026-08-14 08:07:00,0.99,DIG004793,پیغام بھیجا,,,
EVT_DIG004794,vehicle_use,P00170,P00925,LOC0154,2026-08-11 09:55:00,0.99,DIG004794,used a vehicle,,,
EVT_DIG004795,transfer,P00551,P00858,LOC0070,2026-08-17 19:21:00,0.99,DIG004795,નાણાં મોકલ્યાં,,,
EVT_DIG004796,meeting,P00803,P00310,LOC0125,2026-04-13 13:06:00,0.99,DIG004796,కలిశారు,,,
EVT_DIG004797,communication,P00213,P00221,LOC0009,2026-08-16 13:34:00,0.99,DIG004797,ಸಂದೇಶ ಕಳುಹಿಸಿದರು,,,
EVT_DIG004798,communication,P00550,P00581,LOC0053,2026-01-19 00:23:00,0.99,DIG004798,ಕರೆ ಮಾಡಿದರು,,,
EVT_DIG004799,communication,P00835,P00120,LOC0076,2026-07-10 20:33:00,0.99,DIG004799,ఫోన్ చేశారు,,,
EVT_DIG004800,communication,P00458,P00352,LOC0119,2026-06-11 04:41:00,0.99,DIG004800,پیغام بھیجا,,,
EVT_DIG004801,meeting,P00303,P00316,LOC0011,2026-04-08 17:58:00,0.99,DIG004801,મળ્યા,,,
EVT_DIG004802,communication,P00449,P00545,LOC0097,2026-04-25 18:56:00,0.99,DIG004802,செய்தி அனுப்பினார்,,,
EVT_DIG004803,communication,P00280,P00521,LOC0135,2026-04-21 05:51:00,0.99,DIG004803,સંપર્ક કર્યો,,,
EVT_DIG004804,vehicle_use,P00867,P00990,LOC0012,2026-08-28 11:56:00,0.99,DIG004804,used a vehicle,,,
EVT_DIG004805,communication,P00163,P00461,LOC0055,2026-03-16 01:44:00,0.99,DIG004805,संदेश पाठवला,,,
EVT_DIG004806,meeting,P00553,P00317,LOC0086,2026-02-24 23:05:00,0.99,DIG004806,ਮਿਲਿਆ,,,
EVT_DIG004807,communication,P00108,P00257,LOC0146,2026-02-05 20:26:00,0.99,DIG004807,फोन किया,,,
EVT_DIG004808,meeting,P00735,P00876,LOC0114,2026-01-23 17:17:00,0.99,DIG004808,சந்தித்தார்,,,
EVT_DIG004809,transfer,P00192,P00527,LOC0148,2026-06-14 17:15:00,0.99,DIG004809,ਪੈਸੇ ਭੇਜੇ,,,
EVT_DIG004810,movement,P00452,P00797,LOC0007,2026-01-13 19:22:00,0.99,DIG004810,ਸਥਾਨ ਸਾਂਝਾ ਕੀਤਾ,,,
EVT_DIG004811,movement,P00624,P00418,LOC0159,2026-08-17 15:37:00,0.99,DIG004811,مقام شیئر کیا,,,
EVT_DIG004812,communication,P00446,P00174,LOC0157,2026-08-20 22:28:00,0.99,DIG004812,फोन किया,,,
EVT_DIG004813,transfer,P00495,P00551,LOC0122,2026-08-05 09:50:00,0.99,DIG004813,transferred funds to,,,
EVT_DIG004814,meeting,P00444,P00928,LOC0160,2026-06-11 09:31:00,0.99,DIG004814,পরিদর্শন করেছে,,,
EVT_DIG004815,communication,P00595,P00608,LOC0155,2026-03-11 20:40:00,0.99,DIG004815,ಸಂದೇಶ ಕಳುಹಿಸಿದರು,,,
EVT_DIG004816,meeting,P00115,P00381,LOC0161,2026-07-22 01:29:00,0.99,DIG004816,ਮਿਲਿਆ,,,
EVT_DIG004817,meeting,P00560,P00603,LOC0023,2026-08-19 06:32:00,0.99,DIG004817,ਮਿਲਿਆ,,,
EVT_DIG004818,transfer,P00123,P00275,LOC0108,2026-08-06 20:34:00,0.99,DIG004818,ಹಣ ಕಳುಹಿಸಿದರು,,,
EVT_DIG004819,movement,P00266,P00203,LOC0092,2026-08-16 13:18:00,0.99,DIG004819,ਸਥਾਨ ਸਾਂਝਾ ਕੀਤਾ,,,
EVT_DIG004820,communication,P00054,P00538,LOC0110,2026-08-05 19:57:00,0.99,DIG004820,संपर्क केला,,,
EVT_DIG004821,communication,P00113,P00747,LOC0094,2026-02-27 00:39:00,0.99,DIG004821,సంప్రదించారు,,,
EVT_DIG004822,communication,P00462,P00487,LOC0022,2026-07-26 19:50:00,0.99,DIG004822,فون کیا,,,
EVT_DIG004823,movement,P00207,P00138,LOC0027,2026-08-02 10:28:00,0.99,DIG004823,shared a location with,,,
EVT_DIG004824,communication,P00234,P00444,LOC0156,2026-05-19 16:11:00,0.99,DIG004824,پیغام بھیجا,,,
EVT_DIG004825,meeting,P00307,P00915,LOC0110,2026-01-24 06:59:00,0.99,DIG004825,મળ્યા,,,
EVT_DIG004826,transfer,P00979,P00277,LOC0161,2026-06-21 08:34:00,0.99,DIG004826,പണം അയച്ചു,,,
EVT_DIG004827,meeting,P00138,P00575,LOC0084,2026-08-10 12:18:00,0.99,DIG004827,দেখা করেছে,,,
EVT_DIG004828,communication,P00275,P00193,LOC0157,2026-02-23 16:50:00,0.99,DIG004828,அழைத்தார்,,,
EVT_DIG004829,meeting,P00147,P00237,LOC0171,2026-05-31 07:32:00,0.99,DIG004829,ਮੁਲਾਕਾਤ ਕੀਤੀ,,,
EVT_DIG004830,meeting,P00447,P00351,LOC0157,2026-05-13 13:34:00,0.99,DIG004830,दौरा किया,,,
EVT_DIG004831,communication,P00144,P00021,LOC0098,2026-08-17 17:32:00,0.99,DIG004831,বার্তা পাঠিয়েছে,,,
EVT_DIG004832,communication,P00114,P00641,LOC0169,2026-01-19 01:31:00,0.99,DIG004832,സന്ദേശം അയച്ചു,,,
EVT_DIG004833,movement,P00602,P00197,LOC0148,2026-07-17 13:15:00,0.99,DIG004833,স্থান ভাগ করেছে,,,
EVT_DIG004834,transfer,P00932,P00798,LOC0044,2026-02-17 17:28:00,0.99,DIG004834,पैसे पाठवले,,,
EVT_DIG004835,movement,P00918,P00396,LOC0067,2026-06-07 04:51:00,0.99,DIG004835,shared a location with,,,
EVT_DIG004836,movement,P00645,P00859,LOC0002,2026-02-14 01:50:00,0.99,DIG004836,स्थान साझा किया,,,
EVT_DIG004837,vehicle_use,P00158,P00229,LOC0032,2026-01-22 00:54:00,0.99,DIG004837,used a vehicle,,,
EVT_DIG004838,communication,P00209,P00523,LOC0159,2026-06-11 08:55:00,0.99,DIG004838,ಕರೆ ಮಾಡಿದರು,,,
EVT_DIG004839,transfer,P00889,P00462,LOC0044,2026-08-16 17:48:00,0.99,DIG004839,धन भेजा,,,
EVT_DIG004840,movement,P00612,P00097,LOC0145,2026-02-22 14:49:00,0.99,DIG004840,স্থান ভাগ করেছে,,,
EVT_DIG004841,meeting,P00869,P00061,LOC0052,2026-02-16 22:24:00,0.99,DIG004841,met,,,
EVT_DIG004842,meeting,P00624,P00081,LOC0157,2026-06-23 22:17:00,0.99,DIG004842,मिला,,,
EVT_DIG004843,communication,P00699,P00254,LOC0018,2026-07-20 11:51:00,0.99,DIG004843,വിളിച്ചു,,,
EVT_DIG004844,communication,P00222,P00616,LOC0044,2026-02-12 00:55:00,0.99,DIG004844,સંપર્ક કર્યો,,,
EVT_DIG004845,meeting,P00336,P00795,LOC0121,2026-02-11 18:49:00,0.99,DIG004845,സന്ദർശിച്ചു,,,
EVT_DIG004846,communication,P00008,P00407,LOC0045,2026-07-06 05:14:00,0.99,DIG004846,செய்தி அனுப்பினார்,,,
EVT_DIG004847,movement,P00755,P00402,LOC0161,2026-01-15 23:47:00,0.99,DIG004847,স্থান ভাগ করেছে,,,
EVT_DIG004848,meeting,P00886,P00162,LOC0093,2026-06-13 08:26:00,0.99,DIG004848,சென்றார்,,,
EVT_DIG004849,transfer,P00503,P00206,LOC0049,2026-07-14 13:08:00,0.99,DIG004849,பணம் அனுப்பினார்,,,
EVT_DIG004850,transfer,P00122,P00737,LOC0024,2026-04-18 13:25:00,0.99,DIG004850,નાણાં મોકલ્યાં,,,
EVT_DIG004851,transfer,P00894,P00903,LOC0113,2026-07-29 04:12:00,0.99,DIG004851,धन भेजा,,,
EVT_DIG004852,movement,P00218,P00372,LOC0172,2026-06-29 15:07:00,0.99,DIG004852,స్థానం పంచుకున్నారు,,,
EVT_DIG004853,communication,P00065,P00451,LOC0146,2026-06-16 16:55:00,0.99,DIG004853,ফোন করেছে,,,
EVT_DIG004854,communication,P00898,P00040,LOC0140,2026-06-30 00:35:00,0.99,DIG004854,sent a message to,,,
EVT_DIG004855,transfer,P00169,P00589,LOC0005,2026-01-14 14:40:00,0.99,DIG004855,பணம் அனுப்பினார்,,,
EVT_DIG004856,meeting,P00482,P00326,LOC0105,2026-06-29 12:12:00,0.99,DIG004856,met,,,
EVT_DIG004857,communication,P00918,P00226,LOC0080,2026-01-23 12:47:00,0.99,DIG004857,संदेश पाठवला,,,
EVT_DIG004858,meeting,P00124,P00280,LOC0083,2026-03-05 05:31:00,0.99,DIG004858,சந்தித்தார்,,,
EVT_DIG004859,communication,P00906,P00593,LOC0135,2026-02-22 01:52:00,0.99,DIG004859,సంప్రదించారు,,,
EVT_DIG004860,communication,P00109,P00425,LOC0050,2026-04-29 13:22:00,0.99,DIG004860,సంప్రదించారు,,,
EVT_DIG004861,communication,P00196,P00278,LOC0001,2026-03-04 06:00:00,0.99,DIG004861,ఫోన్ చేశారు,,,
EVT_DIG004862,transfer,P00768,P00004,LOC0038,2026-06-24 14:17:00,0.99,DIG004862,പണം അയച്ചു,,,
EVT_DIG004863,movement,P00461,P00077,LOC0146,2026-01-30 20:50:00,0.99,DIG004863,સ્થાન શેર કર્યું,,,
EVT_DIG004864,transfer,P00591,P00182,LOC0104,2026-03-07 18:31:00,0.99,DIG004864,transferred funds to,,,
EVT_DIG004865,transfer,P00073,P00528,LOC0102,2026-08-07 02:25:00,0.99,DIG004865,പണം അയച്ചു,,,
EVT_DIG004866,meeting,P00023,P00555,LOC0109,2026-07-17 20:40:00,0.99,DIG004866,دورہ کیا,,,
EVT_DIG004867,transfer,P00169,P00521,LOC0033,2026-03-05 12:41:00,0.99,DIG004867,টাকা পাঠিয়েছে,,,
EVT_DIG004868,communication,P00825,P00625,LOC0045,2026-08-18 13:42:00,0.99,DIG004868,sent a message to,,,
EVT_DIG004869,vehicle_use,P00976,P00807,LOC0077,2026-03-06 09:05:00,0.99,DIG004869,used a vehicle,,,
EVT_DIG004870,meeting,P00964,P00517,LOC0029,2026-06-27 16:50:00,0.99,DIG004870,ಭೇಟಿಯಾದರು,,,
EVT_DIG004871,meeting,P00039,P00842,LOC0019,2026-06-30 04:26:00,0.99,DIG004871,મુલાકાત લીધી,,,
EVT_DIG004872,communication,P00267,P00518,LOC0114,2026-06-11 10:05:00,0.99,DIG004872,സന്ദേശം അയച്ചു,,,
EVT_DIG004873,communication,P00150,P00128,LOC0036,2026-01-30 05:43:00,0.99,DIG004873,sent a message to,,,
EVT_DIG004874,meeting,P00766,P00098,LOC0078,2026-05-17 21:38:00,0.99,DIG004874,મુલાકાત લીધી,,,
EVT_DIG004875,transfer,P00686,P00376,LOC0038,2026-05-06 14:34:00,0.99,DIG004875,ಹಣ ಕಳುಹಿಸಿದರು,,,
EVT_DIG004876,transfer,P00399,P00906,LOC0001,2026-05-25 14:21:00,0.99,DIG004876,ਪੈਸੇ ਭੇਜੇ,,,
EVT_DIG004877,meeting,P00051,P00747,LOC0062,2026-05-15 18:11:00,0.99,DIG004877,ಭೇಟಿಯಾದರು,,,
EVT_DIG004878,communication,P00364,P00835,LOC0091,2026-03-08 16:54:00,0.99,DIG004878,அழைத்தார்,,,
EVT_DIG004879,movement,P00831,P00053,LOC0174,2026-01-02 06:02:00,0.99,DIG004879,shared a location with,,,
EVT_DIG004880,meeting,P00647,P00766,LOC0168,2026-01-26 14:50:00,0.99,DIG004880,دورہ کیا,,,
EVT_DIG004881,movement,P00117,P00497,LOC0128,2026-05-22 16:56:00,0.99,DIG004881,مقام شیئر کیا,,,
EVT_DIG004882,meeting,P00701,P00832,LOC0163,2026-08-17 23:02:00,0.99,DIG004882,পরিদর্শন করেছে,,,
EVT_DIG004883,communication,P00928,P00467,LOC0045,2026-07-01 14:41:00,0.99,DIG004883,ബന്ധപ്പെട്ടു,,,
EVT_DIG004884,communication,P00605,P00771,LOC0084,2026-05-24 06:46:00,0.99,DIG004884,फोन केला,,,
EVT_DIG004885,transfer,P00807,P00739,LOC0145,2026-03-17 12:46:00,0.99,DIG004885,નાણાં મોકલ્યાં,,,
EVT_DIG004886,transfer,P00005,P00332,LOC0143,2026-07-25 06:16:00,0.99,DIG004886,ਪੈਸੇ ਭੇਜੇ,,,
EVT_DIG004887,communication,P00492,P00842,LOC0103,2026-01-03 16:41:00,0.99,DIG004887,संपर्क केला,,,
EVT_DIG004888,communication,P00988,P00250,LOC0161,2026-05-10 02:46:00,0.99,DIG004888,தொடர்பு கொண்டார்,,,
EVT_DIG004889,communication,P00068,P00925,LOC0013,2026-04-27 01:09:00,0.99,DIG004889,संदेश पाठवला,,,
EVT_DIG004890,transfer,P00041,P00974,LOC0130,2026-03-22 01:10:00,0.99,DIG004890,డబ్బు పంపారు,,,
EVT_DIG004891,meeting,P00100,P00052,LOC0008,2026-01-06 07:00:00,0.99,DIG004891,मिला,,,
EVT_DIG004892,communication,P00593,P00157,LOC0105,2026-01-20 21:36:00,0.99,DIG004892,ಕರೆ ಮಾಡಿದರು,,,
EVT_DIG004893,communication,P00084,P00068,LOC0147,2026-05-20 14:46:00,0.99,DIG004893,ಕರೆ ಮಾಡಿದರು,,,
EVT_DIG004894,movement,P00161,P00838,LOC0077,2026-01-31 15:22:00,0.99,DIG004894,స్థానం పంచుకున్నారు,,,
EVT_DIG004895,transfer,P00445,P00068,LOC0017,2026-08-22 17:25:00,0.99,DIG004895,ਪੈਸੇ ਭੇਜੇ,,,
EVT_DIG004896,transfer,P00887,P00808,LOC0114,2026-01-10 08:52:00,0.99,DIG004896,पैसे पाठवले,,,
EVT_DIG004897,meeting,P00377,P00592,LOC0143,2026-05-21 01:29:00,0.99,DIG004897,ਮੁਲਾਕਾਤ ਕੀਤੀ,,,
EVT_DIG004898,movement,P00247,P00381,LOC0083,2026-07-10 22:13:00,0.99,DIG004898,ठिकाण शेअर केले,,,
EVT_DIG004899,communication,P00847,P00783,LOC0175,2026-06-10 11:02:00,0.99,DIG004899,called,,,
EVT_DIG004900,movement,P00214,P00306,LOC0020,2026-06-18 06:56:00,0.99,DIG004900,shared a location with,,,
EVT_DIG004901,communication,P00093,P00281,LOC0074,2026-08-05 16:17:00,0.99,DIG004901,ਸੁਨੇਹਾ ਭੇਜਿਆ,,,
EVT_DIG004902,movement,P00182,P00148,LOC0128,2026-05-14 13:14:00,0.99,DIG004902,స్థానం పంచుకున్నారు,,,
EVT_DIG004903,meeting,P00022,P00646,LOC0057,2026-01-16 11:41:00,0.99,DIG004903,visited,,,
EVT_DIG004904,movement,P00572,P00051,LOC0170,2026-02-26 14:31:00,0.99,DIG004904,ठिकाण शेअर केले,,,
EVT_DIG004905,communication,P00423,P00884,LOC0045,2026-07-11 10:07:00,0.99,DIG004905,సంప్రదించారు,,,
EVT_DIG004906,meeting,P00672,P00859,LOC0108,2026-02-24 06:15:00,0.99,DIG004906,भेटला,,,
EVT_DIG004907,communication,P00631,P00743,LOC0051,2026-06-27 10:24:00,0.99,DIG004907,ఫోన్ చేశారు,,,
EVT_DIG004908,communication,P00708,P00225,LOC0113,2026-02-02 18:25:00,0.99,DIG004908,செய்தி அனுப்பினார்,,,
EVT_DIG004909,meeting,P00983,P00046,LOC0052,2026-06-05 03:59:00,0.99,DIG004909,ਮੁਲਾਕਾਤ ਕੀਤੀ,,,
EVT_DIG004910,meeting,P00222,P00717,LOC0121,2026-05-23 17:43:00,0.99,DIG004910,சந்தித்தார்,,,
EVT_DIG004911,meeting,P00592,P00345,LOC0043,2026-07-24 14:55:00,0.99,DIG004911,दौरा किया,,,
EVT_DIG004912,communication,P00305,P00279,LOC0026,2026-01-30 08:18:00,0.99,DIG004912,فون کیا,,,
EVT_DIG004913,meeting,P00101,P00201,LOC0140,2026-08-30 00:14:00,0.99,DIG004913,পরিদর্শন করেছে,,,
EVT_DIG004914,meeting,P00905,P00605,LOC0121,2026-01-01 13:49:00,0.99,DIG004914,కలిశారు,,,
EVT_DIG004915,vehicle_use,P00358,P00896,LOC0013,2026-01-14 20:44:00,0.99,DIG004915,used a vehicle,,,
EVT_DIG004916,communication,P00585,P00794,LOC0067,2026-05-17 11:10:00,0.99,DIG004916,फोन केला,,,
EVT_DIG004917,movement,P00205,P00485,LOC0111,2026-03-18 21:15:00,0.99,DIG004917,സ്ഥലം പങ്കിട്ടു,,,
EVT_DIG004918,communication,P00211,P00541,LOC0162,2026-05-02 11:35:00,0.99,DIG004918,સંપર્ક કર્યો,,,
EVT_DIG004919,movement,P00892,P00910,LOC0071,2026-01-06 08:29:00,0.99,DIG004919,இடத்தை பகிர்ந்தார்,,,
EVT_DIG004920,meeting,P00254,P00526,LOC0148,2026-08-27 02:10:00,0.99,DIG004920,visited,,,
EVT_DIG004921,communication,P00472,P00812,LOC0086,2026-01-10 01:50:00,0.99,DIG004921,called,,,
EVT_DIG004922,meeting,P00171,P00221,LOC0079,2026-03-15 11:12:00,0.99,DIG004922,சென்றார்,,,
EVT_DIG004923,communication,P00176,P00368,LOC0134,2026-06-14 06:53:00,0.99,DIG004923,ਸੰਪਰਕ ਕੀਤਾ,,,
EVT_DIG004924,meeting,P00377,P00440,LOC0046,2026-05-04 05:00:00,0.99,DIG004924,ಭೇಟಿಯಾದರು,,,
EVT_DIG004925,meeting,P00242,P00994,LOC0104,2026-06-09 07:38:00,0.99,DIG004925,சென்றார்,,,
EVT_DIG004926,movement,P00277,P00673,LOC0180,2026-08-22 22:54:00,0.99,DIG004926,స్థానం పంచుకున్నారు,,,
EVT_DIG004927,meeting,P00566,P00100,LOC0139,2026-05-13 19:04:00,0.99,DIG004927,കണ്ടുമുട്ടി,,,
EVT_DIG004928,movement,P00179,P00486,LOC0083,2026-08-18 02:45:00,0.99,DIG004928,స్థానం పంచుకున్నారు,,,
EVT_DIG004929,meeting,P00752,P00659,LOC0119,2026-08-06 06:24:00,0.99,DIG004929,சந்தித்தார்,,,
EVT_DIG004930,communication,P00585,P00354,LOC0121,2026-05-30 00:22:00,0.99,DIG004930,સંદેશ મોકલ્યો,,,
EVT_DIG004931,communication,P00234,P00136,LOC0154,2026-02-09 10:19:00,0.99,DIG004931,സന്ദേശം അയച്ചു,,,
EVT_DIG004932,meeting,P00792,P00215,LOC0117,2026-08-23 08:32:00,0.99,DIG004932,મુલાકાત લીધી,,,
EVT_DIG004933,vehicle_use,P00691,P00394,LOC0022,2026-04-16 07:02:00,0.99,DIG004933,used a vehicle,,,
EVT_DIG004934,communication,P00883,P00546,LOC0052,2026-05-03 21:02:00,0.99,DIG004934,ফোন করেছে,,,
EVT_DIG004935,transfer,P00156,P00345,LOC0115,2026-04-24 17:43:00,0.99,DIG004935,പണം അയച്ചു,,,
EVT_DIG004936,meeting,P00467,P00783,LOC0026,2026-02-16 16:14:00,0.99,DIG004936,পরিদর্শন করেছে,,,
EVT_DIG004937,communication,P00522,P00529,LOC0113,2026-05-26 16:55:00,0.99,DIG004937,संदेश भेजा,,,
EVT_DIG004938,communication,P00374,P00342,LOC0156,2026-08-14 15:17:00,0.99,DIG004938,ಸಂಪರ್ಕಿಸಿದರು,,,
EVT_DIG004939,communication,P00123,P00046,LOC0167,2026-03-04 22:59:00,0.99,DIG004939,বার্তা পাঠিয়েছে,,,
EVT_DIG004940,communication,P00563,P00515,LOC0162,2026-05-22 23:42:00,0.99,DIG004940,ਫੋਨ ਕੀਤਾ,,,
EVT_DIG004941,vehicle_use,P00980,P00319,LOC0059,2026-03-25 11:49:00,0.99,DIG004941,used a vehicle,,,
EVT_DIG004942,meeting,P00200,P00097,LOC0006,2026-03-29 15:22:00,0.99,DIG004942,ਮਿਲਿਆ,,,
EVT_DIG004943,communication,P00566,P00973,LOC0048,2026-08-24 12:05:00,0.99,DIG004943,ਸੰਪਰਕ ਕੀਤਾ,,,
EVT_DIG004944,communication,P00334,P00068,LOC0067,2026-04-21 10:35:00,0.99,DIG004944,தொடர்பு கொண்டார்,,,
EVT_DIG004945,meeting,P00127,P00828,LOC0055,2026-08-03 16:03:00,0.99,DIG004945,મુલાકાત લીધી,,,
EVT_DIG004946,communication,P00077,P00736,LOC0073,2026-01-01 00:37:00,0.99,DIG004946,رابطہ کیا,,,
EVT_DIG004947,movement,P00768,P00761,LOC0136,2026-06-03 03:17:00,0.99,DIG004947,സ്ഥലം പങ്കിട്ടു,,,
EVT_DIG004948,communication,P00634,P00534,LOC0158,2026-03-02 15:46:00,0.99,DIG004948,ফোন করেছে,,,
EVT_DIG004949,communication,P00497,P00215,LOC0072,2026-04-26 01:10:00,0.99,DIG004949,contacted,,,
EVT_DIG004950,transfer,P00118,P00100,LOC0016,2026-08-15 20:33:00,0.99,DIG004950,টাকা পাঠিয়েছে,,,
EVT_DIG004951,meeting,P00139,P00419,LOC0066,2026-03-24 20:17:00,0.99,DIG004951,دورہ کیا,,,
EVT_DIG004952,communication,P00356,P00921,LOC0013,2026-03-24 17:03:00,0.99,DIG004952,ബന്ധപ്പെട്ടു,,,
EVT_DIG004953,communication,P00703,P00615,LOC0058,2026-02-16 07:57:00,0.99,DIG004953,സന്ദേശം അയച്ചു,,,
EVT_DIG004954,meeting,P00336,P00078,LOC0072,2026-05-08 12:46:00,0.99,DIG004954,சந்தித்தார்,,,
EVT_DIG004955,transfer,P00278,P00452,LOC0097,2026-03-02 10:13:00,0.99,DIG004955,డబ్బు పంపారు,,,
EVT_DIG004956,transfer,P00918,P00164,LOC0135,2026-06-11 11:56:00,0.99,DIG004956,पैसे पाठवले,,,
EVT_DIG004957,movement,P00887,P00994,LOC0071,2026-05-14 17:09:00,0.99,DIG004957,مقام شیئر کیا,,,
EVT_DIG004958,communication,P00196,P00172,LOC0015,2026-05-15 11:58:00,0.99,DIG004958,தொடர்பு கொண்டார்,,,
EVT_DIG004959,meeting,P00930,P00868,LOC0136,2026-08-23 04:34:00,0.99,DIG004959,ملاقات کی,,,
EVT_DIG004960,communication,P00769,P00679,LOC0041,2026-04-07 18:27:00,0.99,DIG004960,फोन केला,,,
EVT_DIG004961,transfer,P00512,P00485,LOC0014,2026-01-31 06:16:00,0.99,DIG004961,డబ్బు పంపారు,,,
EVT_DIG004962,communication,P00442,P00975,LOC0155,2026-07-21 02:40:00,0.99,DIG004962,വിളിച്ചു,,,
EVT_DIG004963,transfer,P00973,P00925,LOC0014,2026-07-14 11:08:00,0.99,DIG004963,transferred funds to,,,
EVT_DIG004964,communication,P00147,P00144,LOC0011,2026-08-19 23:50:00,0.99,DIG004964,தொடர்பு கொண்டார்,,,
EVT_DIG004965,meeting,P00864,P00136,LOC0014,2026-05-10 14:27:00,0.99,DIG004965,ಭೇಟಿ ನೀಡಿದರು,,,
EVT_DIG004966,communication,P00836,P00157,LOC0009,2026-05-01 20:34:00,0.99,DIG004966,संपर्क केला,,,
EVT_DIG004967,meeting,P00497,P00470,LOC0030,2026-06-03 08:58:00,0.99,DIG004967,भेटला,,,
EVT_DIG004968,movement,P00093,P00855,LOC0076,2026-07-01 21:41:00,0.99,DIG004968,स्थान साझा किया,,,
EVT_DIG004969,transfer,P00196,P00526,LOC0155,2026-02-20 18:48:00,0.99,DIG004969,નાણાં મોકલ્યાં,,,
EVT_DIG004970,communication,P00908,P00441,LOC0068,2026-07-29 00:04:00,0.99,DIG004970,ಕರೆ ಮಾಡಿದರು,,,
EVT_DIG004971,communication,P00688,P00519,LOC0050,2026-04-26 06:25:00,0.99,DIG004971,ఫోన్ చేశారు,,,
EVT_DIG004972,communication,P00960,P00096,LOC0096,2026-02-04 17:24:00,0.99,DIG004972,फोन किया,,,
EVT_DIG004973,movement,P00443,P00785,LOC0148,2026-04-23 06:43:00,0.99,DIG004973,స్థానం పంచుకున్నారు,,,
EVT_DIG004974,meeting,P00481,P00422,LOC0086,2026-08-16 15:09:00,0.99,DIG004974,भेट दिली,,,
EVT_DIG004975,communication,P00890,P00337,LOC0022,2026-04-04 02:36:00,0.99,DIG004975,સંદેશ મોકલ્યો,,,
EVT_DIG004976,transfer,P00647,P00500,LOC0099,2026-03-19 19:39:00,0.99,DIG004976,धन भेजा,,,
EVT_DIG004977,communication,P00044,P00698,LOC0128,2026-07-07 03:12:00,0.99,DIG004977,ఫోన్ చేశారు,,,
EVT_DIG004978,communication,P00713,P00543,LOC0003,2026-08-18 19:13:00,0.99,DIG004978,ബന്ധപ്പെട്ടു,,,
EVT_DIG004979,communication,P00904,P00204,LOC0137,2026-01-25 18:55:00,0.99,DIG004979,செய்தி அனுப்பினார்,,,
EVT_DIG004980,meeting,P00104,P00263,LOC0169,2026-03-11 09:57:00,0.99,DIG004980,দেখা করেছে,,,
EVT_DIG004981,meeting,P00899,P00051,LOC0076,2026-08-16 07:49:00,0.99,DIG004981,కలిశారు,,,
EVT_DIG004982,movement,P00163,P00056,LOC0037,2026-05-19 10:18:00,0.99,DIG004982,shared a location with,,,
EVT_DIG004983,transfer,P00758,P00894,LOC0020,2026-07-26 15:16:00,0.99,DIG004983,ਪੈਸੇ ਭੇਜੇ,,,
EVT_DIG004984,communication,P00806,P00872,LOC0127,2026-01-12 12:48:00,0.99,DIG004984,ફોન કર્યો,,,
EVT_DIG004985,communication,P00545,P00530,LOC0178,2026-05-21 17:59:00,0.99,DIG004985,sent a message to,,,
EVT_DIG004986,communication,P00785,P00664,LOC0095,2026-06-02 20:59:00,0.99,DIG004986,సందేశం పంపారు,,,
EVT_DIG004987,meeting,P00765,P00927,LOC0138,2026-08-10 13:24:00,0.99,DIG004987,भेटला,,,
EVT_DIG004988,communication,P00462,P00856,LOC0159,2026-07-19 07:42:00,0.99,DIG004988,വിളിച്ചു,,,
EVT_DIG004989,meeting,P00747,P00573,LOC0063,2026-02-04 10:19:00,0.99,DIG004989,ಭೇಟಿಯಾದರು,,,
EVT_DIG004990,meeting,P00904,P00487,LOC0032,2026-05-05 21:42:00,0.99,DIG004990,મળ્યા,,,
EVT_DIG004991,communication,P00994,P00776,LOC0176,2026-04-25 04:51:00,0.99,DIG004991,پیغام بھیجا,,,
EVT_DIG004992,communication,P00880,P00663,LOC0171,2026-05-02 11:37:00,0.99,DIG004992,സന്ദേശം അയച്ചു,,,
EVT_DIG004993,communication,P00665,P00829,LOC0062,2026-07-16 21:06:00,0.99,DIG004993,sent a message to,,,
EVT_DIG004994,movement,P00521,P00770,LOC0154,2026-02-20 18:18:00,0.99,DIG004994,ಸ್ಥಳ ಹಂಚಿಕೊಂಡರು,,,
EVT_DIG004995,communication,P00834,P00230,LOC0123,2026-08-16 07:01:00,0.99,DIG004995,संपर्क किया,,,
EVT_DIG004996,meeting,P00500,P00469,LOC0047,2026-05-09 16:50:00,0.99,DIG004996,ಭೇಟಿ ನೀಡಿದರು,,,
EVT_DIG004997,transfer,P00676,P00979,LOC0085,2026-03-27 07:57:00,0.99,DIG004997,பணம் அனுப்பினார்,,,
EVT_DIG004998,communication,P00438,P00364,LOC0141,2026-04-03 21:49:00,0.99,DIG004998,फोन केला,,,
EVT_DIG004999,movement,P00342,P00424,LOC0019,2026-06-08 01:36:00,0.99,DIG004999,സ്ഥലം പങ്കിട്ടു,,,
EVT_DIG005000,meeting,P00171,P00696,LOC0018,2026-06-04 22:35:00,0.99,DIG005000,ملاقات کی,,,
EVT_DIG005001,communication,P00646,P00917,LOC0029,2026-04-25 02:36:00,0.99,DIG005001,அழைத்தார்,,,
EVT_DIG005002,communication,P00552,P00654,LOC0034,2026-04-27 08:17:00,0.99,DIG005002,సంప్రదించారు,,,
EVT_DIG005003,communication,P00726,P00577,LOC0044,2026-01-30 11:38:00,0.99,DIG005003,அழைத்தார்,,,
EVT_DIG005004,communication,P00365,P00178,LOC0128,2026-04-05 16:43:00,0.99,DIG005004,ਸੁਨੇਹਾ ਭੇਜਿਆ,,,
EVT_DIG005005,communication,P00163,P00448,LOC0033,2026-01-16 07:00:00,0.99,DIG005005,বার্তা পাঠিয়েছে,,,
EVT_DIG005006,communication,P00677,P00242,LOC0108,2026-06-28 01:43:00,0.99,DIG005006,বার্তা পাঠিয়েছে,,,
EVT_DIG005007,meeting,P00815,P00905,LOC0141,2026-07-15 00:43:00,0.99,DIG005007,visited,,,
EVT_DIG005008,transfer,P00921,P00891,LOC0037,2026-03-03 23:35:00,0.99,DIG005008,धन भेजा,,,
EVT_DIG005009,meeting,P00574,P00956,LOC0152,2026-06-11 18:43:00,0.99,DIG005009,ಭೇಟಿಯಾದರು,,,
EVT_DIG005010,movement,P00914,P00911,LOC0175,2026-02-26 02:34:00,0.99,DIG005010,സ്ഥലം പങ്കിട്ടു,,,
EVT_DIG005011,movement,P00776,P00527,LOC0063,2026-03-18 20:33:00,0.99,DIG005011,స్థానం పంచుకున్నారు,,,
EVT_DIG005012,movement,P00947,P00314,LOC0131,2026-03-26 15:30:00,0.99,DIG005012,مقام شیئر کیا,,,
EVT_DIG005013,communication,P00259,P00809,LOC0074,2026-05-10 14:41:00,0.99,DIG005013,फोन केला,,,
EVT_DIG005014,meeting,P00581,P00207,LOC0153,2026-07-15 04:57:00,0.99,DIG005014,visited,,,
EVT_DIG005015,communication,P00346,P00326,LOC0165,2026-08-08 20:52:00,0.99,DIG005015,যোগাযোগ করেছে,,,
EVT_DIG005016,meeting,P00646,P00838,LOC0020,2026-03-20 13:54:00,0.99,DIG005016,met,,,
EVT_DIG005017,meeting,P00949,P00299,LOC0143,2026-08-06 04:59:00,0.99,DIG005017,ملاقات کی,,,
EVT_DIG005018,meeting,P00588,P00488,LOC0001,2026-07-16 23:39:00,0.99,DIG005018,కలిశారు,,,
EVT_DIG005019,movement,P00490,P00783,LOC0118,2026-06-27 15:24:00,0.99,DIG005019,ਸਥਾਨ ਸਾਂਝਾ ਕੀਤਾ,,,
EVT_DIG005020,communication,P00233,P00693,LOC0147,2026-04-29 18:21:00,0.99,DIG005020,సందేశం పంపారు,,,
EVT_DIG005021,meeting,P00386,P00728,LOC0007,2026-03-30 15:53:00,0.99,DIG005021,મુલાકાત લીધી,,,
EVT_DIG005022,vehicle_use,P00797,P00726,LOC0032,2026-04-06 21:25:00,0.99,DIG005022,used a vehicle,,,
EVT_DIG005023,movement,P00631,P00434,LOC0014,2026-02-16 16:23:00,0.99,DIG005023,স্থান ভাগ করেছে,,,
EVT_DIG005024,communication,P00241,P00749,LOC0120,2026-07-08 03:51:00,0.99,DIG005024,ফোন করেছে,,,
EVT_DIG005025,meeting,P00099,P00451,LOC0128,2026-04-06 15:05:00,0.99,DIG005025,కలిశారు,,,
EVT_DIG005026,communication,P00452,P00243,LOC0053,2026-01-24 04:13:00,0.99,DIG005026,संपर्क केला,,,
EVT_DIG005027,communication,P00107,P00346,LOC0023,2026-01-15 01:31:00,0.99,DIG005027,ಸಂಪರ್ಕಿಸಿದರು,,,
EVT_DIG005028,communication,P00646,P00767,LOC0104,2026-08-25 06:58:00,0.99,DIG005028,വിളിച്ചു,,,
EVT_DIG005029,movement,P00415,P00634,LOC0040,2026-02-14 03:35:00,0.99,DIG005029,സ്ഥലം പങ്കിട്ടു,,,
EVT_DIG005030,movement,P00502,P00508,LOC0028,2026-04-17 23:59:00,0.99,DIG005030,இடத்தை பகிர்ந்தார்,,,
EVT_DIG005031,movement,P00904,P00842,LOC0041,2026-08-14 10:09:00,0.99,DIG005031,مقام شیئر کیا,,,
EVT_DIG005032,transfer,P00446,P00084,LOC0135,2026-05-26 15:44:00,0.99,DIG005032,धन भेजा,,,
EVT_DIG005033,transfer,P00175,P00695,LOC0096,2026-08-05 10:01:00,0.99,DIG005033,पैसे पाठवले,,,
EVT_DIG005034,communication,P00552,P00851,LOC0058,2026-01-14 20:25:00,0.99,DIG005034,ఫోన్ చేశారు,,,
EVT_DIG005035,meeting,P00134,P00300,LOC0027,2026-06-20 18:01:00,0.99,DIG005035,दौरा किया,,,
EVT_DIG005036,communication,P00263,P00070,LOC0073,2026-07-03 09:11:00,0.99,DIG005036,رابطہ کیا,,,
EVT_DIG005037,movement,P00373,P00956,LOC0103,2026-04-21 20:52:00,0.99,DIG005037,shared a location with,,,
EVT_DIG005038,movement,P00157,P00765,LOC0164,2026-01-05 23:51:00,0.99,DIG005038,ठिकाण शेअर केले,,,
EVT_DIG005039,transfer,P00759,P00899,LOC0164,2026-05-22 17:42:00,0.99,DIG005039,பணம் அனுப்பினார்,,,
EVT_DIG005040,movement,P00368,P00422,LOC0153,2026-06-06 06:48:00,0.99,DIG005040,இடத்தை பகிர்ந்தார்,,,
EVT_DIG005041,communication,P00601,P00453,LOC0019,2026-04-15 10:36:00,0.99,DIG005041,ફોન કર્યો,,,
EVT_DIG005042,communication,P00718,P00020,LOC0131,2026-08-27 00:16:00,0.99,DIG005042,संदेश भेजा,,,
EVT_DIG005043,communication,P00144,P00172,LOC0123,2026-08-31 09:25:00,0.99,DIG005043,సంప్రదించారు,,,
EVT_DIG005044,meeting,P00675,P00710,LOC0167,2026-06-26 01:18:00,0.99,DIG005044,met,,,
EVT_DIG005045,meeting,P00203,P00017,LOC0143,2026-06-08 09:39:00,0.99,DIG005045,ಭೇಟಿಯಾದರು,,,
EVT_DIG005046,meeting,P00115,P00744,LOC0144,2026-03-13 22:47:00,0.99,DIG005046,சென்றார்,,,
EVT_DIG005047,communication,P00324,P00786,LOC0115,2026-05-21 11:16:00,0.99,DIG005047,സന്ദേശം അയച്ചു,,,
EVT_DIG005048,communication,P00249,P00222,LOC0130,2026-05-30 07:53:00,0.99,DIG005048,செய்தி அனுப்பினார்,,,
EVT_DIG005049,transfer,P00197,P00745,LOC0167,2026-06-08 08:08:00,0.99,DIG005049,പണം അയച്ചു,,,
EVT_DIG005050,movement,P00521,P00112,LOC0029,2026-01-03 03:11:00,0.99,DIG005050,ಸ್ಥಳ ಹಂಚಿಕೊಂಡರು,,,
EVT_DIG005051,meeting,P00577,P00351,LOC0133,2026-05-14 20:23:00,0.99,DIG005051,મુલાકાત લીધી,,,
EVT_DIG005052,movement,P00380,P00239,LOC0055,2026-03-15 22:57:00,0.99,DIG005052,shared a location with,,,
EVT_DIG005053,movement,P00991,P00915,LOC0081,2026-01-09 19:45:00,0.99,DIG005053,স্থান ভাগ করেছে,,,
EVT_DIG005054,transfer,P00515,P00704,LOC0180,2026-02-19 23:46:00,0.99,DIG005054,पैसे पाठवले,,,
EVT_DIG005055,communication,P00881,P00904,LOC0105,2026-05-27 08:25:00,0.99,DIG005055,સંદેશ મોકલ્યો,,,
EVT_DIG005056,communication,P00361,P00696,LOC0072,2026-03-02 01:48:00,0.99,DIG005056,సందేశం పంపారు,,,
EVT_DIG005057,communication,P00552,P00558,LOC0090,2026-04-21 11:34:00,0.99,DIG005057,संपर्क किया,,,
EVT_DIG005058,communication,P00311,P00045,LOC0078,2026-03-29 19:17:00,0.99,DIG005058,വിളിച്ചു,,,
EVT_DIG005059,communication,P00567,P00943,LOC0128,2026-04-11 13:02:00,0.99,DIG005059,پیغام بھیجا,,,
EVT_DIG005060,meeting,P00954,P00794,LOC0019,2026-01-11 05:54:00,0.99,DIG005060,சென்றார்,,,
EVT_DIG005061,communication,P00084,P00518,LOC0005,2026-08-06 22:06:00,0.99,DIG005061,संपर्क किया,,,
EVT_DIG005062,meeting,P00476,P00275,LOC0142,2026-04-30 04:36:00,0.99,DIG005062,met,,,
EVT_DIG005063,communication,P00513,P00189,LOC0142,2026-08-21 22:08:00,0.99,DIG005063,సందేశం పంపారు,,,
EVT_DIG005064,communication,P00512,P00062,LOC0090,2026-07-04 09:54:00,0.99,DIG005064,فون کیا,,,
EVT_DIG005065,transfer,P00961,P00402,LOC0001,2026-08-15 07:42:00,0.99,DIG005065,ಹಣ ಕಳುಹಿಸಿದರು,,,
EVT_DIG005066,transfer,P00120,P00346,LOC0164,2026-06-18 19:26:00,0.99,DIG005066,धन भेजा,,,
EVT_DIG005067,communication,P00109,P00011,LOC0076,2026-08-25 08:43:00,0.99,DIG005067,رابطہ کیا,,,
EVT_DIG005068,meeting,P00141,P00578,LOC0115,2026-03-19 16:14:00,0.99,DIG005068,ಭೇಟಿಯಾದರು,,,
EVT_DIG005069,meeting,P00874,P00019,LOC0141,2026-06-28 00:27:00,0.99,DIG005069,met,,,
EVT_DIG005070,movement,P00513,P00990,LOC0070,2026-03-13 12:55:00,0.99,DIG005070,സ്ഥലം പങ്കിട്ടു,,,
EVT_DIG005071,transfer,P00356,P00291,LOC0118,2026-07-05 22:36:00,0.99,DIG005071,ਪੈਸੇ ਭੇਜੇ,,,
EVT_DIG005072,communication,P00388,P00079,LOC0161,2026-08-29 19:50:00,0.99,DIG005072,संदेश पाठवला,,,
EVT_DIG005073,communication,P00808,P00692,LOC0062,2026-07-02 18:00:00,0.99,DIG005073,संदेश भेजा,,,
EVT_DIG005074,transfer,P00585,P00609,LOC0118,2026-06-05 21:55:00,0.99,DIG005074,धन भेजा,,,
EVT_DIG005075,meeting,P00018,P00391,LOC0165,2026-08-31 22:18:00,0.99,DIG005075,ملاقات کی,,,
EVT_DIG005076,meeting,P00500,P00851,LOC0068,2026-05-12 12:38:00,0.99,DIG005076,ಭೇಟಿಯಾದರು,,,
EVT_DIG005077,communication,P00031,P00954,LOC0020,2026-02-04 23:26:00,0.99,DIG005077,پیغام بھیجا,,,
EVT_DIG005078,meeting,P00920,P00489,LOC0013,2026-03-29 05:36:00,0.99,DIG005078,পরিদর্শন করেছে,,,
EVT_DIG005079,communication,P00913,P00144,LOC0079,2026-01-23 18:11:00,0.99,DIG005079,ಸಂದೇಶ ಕಳುಹಿಸಿದರು,,,
EVT_DIG005080,communication,P00734,P00155,LOC0010,2026-01-10 22:06:00,0.99,DIG005080,رابطہ کیا,,,
EVT_DIG005081,communication,P00175,P00016,LOC0055,2026-05-25 11:56:00,0.99,DIG005081,যোগাযোগ করেছে,,,
EVT_DIG005082,vehicle_use,P00809,P00984,LOC0082,2026-03-09 09:24:00,0.99,DIG005082,used a vehicle,,,
EVT_DIG005083,communication,P00072,P00704,LOC0092,2026-03-28 06:00:00,0.99,DIG005083,தொடர்பு கொண்டார்,,,
EVT_DIG005084,communication,P00424,P00084,LOC0085,2026-01-28 13:06:00,0.99,DIG005084,ਸੰਪਰਕ ਕੀਤਾ,,,
EVT_DIG005085,communication,P00452,P00381,LOC0110,2026-02-23 01:36:00,0.99,DIG005085,સંદેશ મોકલ્યો,,,
EVT_DIG005086,meeting,P00799,P00577,LOC0004,2026-06-17 01:39:00,0.99,DIG005086,भेटला,,,
EVT_DIG005087,movement,P00002,P00340,LOC0125,2026-06-21 05:46:00,0.99,DIG005087,സ്ഥലം പങ്കിട്ടു,,,
EVT_DIG005088,communication,P00733,P00404,LOC0055,2026-05-08 05:24:00,0.99,DIG005088,ఫోన్ చేశారు,,,
EVT_DIG005089,meeting,P00768,P00759,LOC0142,2026-07-06 08:56:00,0.99,DIG005089,दौरा किया,,,
EVT_DIG005090,communication,P00140,P00842,LOC0010,2026-07-18 04:41:00,0.99,DIG005090,ఫోన్ చేశారు,,,
EVT_DIG005091,communication,P00308,P00268,LOC0074,2026-03-08 14:34:00,0.99,DIG005091,செய்தி அனுப்பினார்,,,
EVT_DIG005092,meeting,P00114,P00125,LOC0168,2026-05-23 08:34:00,0.99,DIG005092,دورہ کیا,,,
EVT_DIG005093,communication,P00237,P00025,LOC0020,2026-07-27 18:53:00,0.99,DIG005093,ਸੰਪਰਕ ਕੀਤਾ,,,
EVT_DIG005094,meeting,P00153,P00872,LOC0131,2026-08-13 13:42:00,0.99,DIG005094,వెళ్లారు,,,
EVT_DIG005095,movement,P00333,P00955,LOC0117,2026-06-01 15:14:00,0.99,DIG005095,shared a location with,,,
EVT_DIG005096,communication,P00547,P00326,LOC0174,2026-02-11 13:00:00,0.99,DIG005096,સંપર્ક કર્યો,,,
EVT_DIG005097,communication,P00003,P00955,LOC0166,2026-03-29 11:29:00,0.99,DIG005097,যোগাযোগ করেছে,,,
EVT_DIG005098,meeting,P00465,P00956,LOC0152,2026-05-07 23:04:00,0.99,DIG005098,visited,,,
EVT_DIG005099,meeting,P00078,P00246,LOC0024,2026-03-27 23:29:00,0.99,DIG005099,ਮੁਲਾਕਾਤ ਕੀਤੀ,,,
EVT_DIG005100,transfer,P00253,P00051,LOC0036,2026-08-28 20:05:00,0.99,DIG005100,पैसे पाठवले,,,
EVT_DIG005101,meeting,P00537,P00123,LOC0047,2026-05-05 12:06:00,0.99,DIG005101,পরিদর্শন করেছে,,,
EVT_DIG005102,transfer,P00853,P00576,LOC0039,2026-07-04 19:01:00,0.99,DIG005102,transferred funds to,,,
EVT_DIG005103,meeting,P00710,P00772,LOC0177,2026-04-12 08:11:00,0.99,DIG005103,കണ്ടുമുട്ടി,,,
EVT_DIG005104,meeting,P00390,P00878,LOC0120,2026-06-02 18:29:00,0.99,DIG005104,भेटला,,,
EVT_DIG005105,movement,P00674,P00242,LOC0054,2026-01-06 13:35:00,0.99,DIG005105,സ്ഥലം പങ്കിട്ടു,,,
EVT_DIG005106,meeting,P00465,P00161,LOC0076,2026-04-06 17:31:00,0.99,DIG005106,भेटला,,,
EVT_DIG005107,meeting,P00645,P00658,LOC0071,2026-08-09 07:30:00,0.99,DIG005107,ಭೇಟಿ ನೀಡಿದರು,,,
EVT_DIG005108,transfer,P00391,P00478,LOC0069,2026-08-07 22:39:00,0.99,DIG005108,ಹಣ ಕಳುಹಿಸಿದರು,,,
EVT_DIG005109,meeting,P00877,P00727,LOC0055,2026-03-08 04:11:00,0.99,DIG005109,കണ്ടുമുട്ടി,,,
EVT_DIG005110,transfer,P00490,P00431,LOC0082,2026-02-15 18:53:00,0.99,DIG005110,धन भेजा,,,
EVT_DIG005111,communication,P00415,P00210,LOC0072,2026-07-12 22:57:00,0.99,DIG005111,સંપર્ક કર્યો,,,
EVT_DIG005112,communication,P00248,P00376,LOC0042,2026-04-27 08:59:00,0.99,DIG005112,ਫੋਨ ਕੀਤਾ,,,
EVT_DIG005113,communication,P00327,P00237,LOC0074,2026-07-17 19:09:00,0.99,DIG005113,संपर्क केला,,,
EVT_DIG005114,communication,P00835,P00447,LOC0118,2026-03-20 08:28:00,0.99,DIG005114,ਸੁਨੇਹਾ ਭੇਜਿਆ,,,
EVT_DIG005115,communication,P00782,P00154,LOC0060,2026-06-21 11:35:00,0.99,DIG005115,செய்தி அனுப்பினார்,,,
EVT_DIG005116,meeting,P00134,P00090,LOC0127,2026-07-23 09:04:00,0.99,DIG005116,ಭೇಟಿ ನೀಡಿದರು,,,
EVT_DIG005117,communication,P00787,P00399,LOC0109,2026-06-17 08:15:00,0.99,DIG005117,contacted,,,
EVT_DIG005118,communication,P00959,P00744,LOC0171,2026-05-26 23:57:00,0.99,DIG005118,sent a message to,,,
EVT_DIG005119,meeting,P00249,P00945,LOC0123,2026-08-11 00:07:00,0.99,DIG005119,दौरा किया,,,
EVT_DIG005120,communication,P00238,P00199,LOC0093,2026-03-13 02:53:00,0.99,DIG005120,پیغام بھیجا,,,
EVT_DIG005121,communication,P00423,P00343,LOC0153,2026-05-13 02:19:00,0.99,DIG005121,رابطہ کیا,,,
EVT_DIG005122,transfer,P00951,P00421,LOC0175,2026-03-24 14:33:00,0.99,DIG005122,ಹಣ ಕಳುಹಿಸಿದರು,,,
EVT_DIG005123,communication,P00012,P00768,LOC0095,2026-05-03 11:13:00,0.99,DIG005123,ਸੰਪਰਕ ਕੀਤਾ,,,
EVT_DIG005124,communication,P00213,P00846,LOC0102,2026-05-24 06:58:00,0.99,DIG005124,বার্তা পাঠিয়েছে,,,
EVT_DIG005125,communication,P00282,P00506,LOC0116,2026-04-05 01:38:00,0.99,DIG005125,ಸಂದೇಶ ಕಳುಹಿಸಿದರು,,,
EVT_DIG005126,transfer,P00719,P00410,LOC0079,2026-03-30 01:25:00,0.99,DIG005126,ਪੈਸੇ ਭੇਜੇ,,,
EVT_DIG005127,communication,P00351,P00586,LOC0088,2026-02-25 10:30:00,0.99,DIG005127,বার্তা পাঠিয়েছে,,,
EVT_DIG005128,communication,P00289,P00388,LOC0121,2026-02-14 13:26:00,0.99,DIG005128,फोन किया,,,
EVT_DIG005129,communication,P00974,P00242,LOC0024,2026-02-01 00:24:00,0.99,DIG005129,called,,,
EVT_DIG005130,movement,P00686,P00582,LOC0130,2026-08-03 16:13:00,0.99,DIG005130,ठिकाण शेअर केले,,,
EVT_DIG005131,communication,P00108,P00608,LOC0106,2026-08-18 20:28:00,0.99,DIG005131,ಸಂಪರ್ಕಿಸಿದರು,,,
EVT_DIG005132,communication,P00875,P00935,LOC0084,2026-07-28 03:56:00,0.99,DIG005132,संदेश भेजा,,,
EVT_DIG005133,transfer,P00440,P00562,LOC0168,2026-01-03 08:25:00,0.99,DIG005133,ಹಣ ಕಳುಹಿಸಿದರು,,,
EVT_DIG005134,communication,P00251,P00160,LOC0144,2026-04-04 13:02:00,0.99,DIG005134,ఫోన్ చేశారు,,,
EVT_DIG005135,meeting,P00501,P00445,LOC0123,2026-01-03 07:11:00,0.99,DIG005135,ملاقات کی,,,
EVT_DIG005136,communication,P00264,P00844,LOC0123,2026-01-06 10:00:00,0.99,DIG005136,फोन किया,,,
EVT_DIG005137,communication,P00803,P00444,LOC0095,2026-08-27 06:34:00,0.99,DIG005137,సందేశం పంపారు,,,
EVT_DIG005138,communication,P00149,P00384,LOC0121,2026-04-27 07:30:00,0.99,DIG005138,ಸಂಪರ್ಕಿಸಿದರು,,,
EVT_DIG005139,transfer,P00396,P00225,LOC0061,2026-06-06 17:28:00,0.99,DIG005139,पैसे पाठवले,,,
EVT_DIG005140,communication,P00362,P00361,LOC0002,2026-03-25 10:04:00,0.99,DIG005140,செய்தி அனுப்பினார்,,,
EVT_DIG005141,meeting,P00535,P00960,LOC0051,2026-02-11 18:59:00,0.99,DIG005141,ਮੁਲਾਕਾਤ ਕੀਤੀ,,,
EVT_DIG005142,meeting,P00857,P00853,LOC0118,2026-04-14 18:02:00,0.99,DIG005142,కలిశారు,,,
EVT_DIG005143,communication,P00824,P00321,LOC0023,2026-07-11 07:12:00,0.99,DIG005143,ਸੁਨੇਹਾ ਭੇਜਿਆ,,,
EVT_DIG005144,communication,P00574,P00087,LOC0180,2026-03-04 18:00:00,0.99,DIG005144,സന്ദേശം അയച്ചു,,,
EVT_DIG005145,communication,P00849,P00100,LOC0171,2026-08-29 05:12:00,0.99,DIG005145,called,,,
EVT_DIG005146,meeting,P00223,P00179,LOC0056,2026-05-21 06:52:00,0.99,DIG005146,મળ્યા,,,
EVT_DIG005147,communication,P00294,P00118,LOC0089,2026-04-14 10:48:00,0.99,DIG005147,رابطہ کیا,,,
EVT_DIG005148,meeting,P00479,P00624,LOC0172,2026-06-28 11:56:00,0.99,DIG005148,ਮੁਲਾਕਾਤ ਕੀਤੀ,,,
EVT_DIG005149,communication,P00100,P00091,LOC0122,2026-02-15 00:46:00,0.99,DIG005149,ਸੁਨੇਹਾ ਭੇਜਿਆ,,,
EVT_DIG005150,meeting,P00197,P00455,LOC0130,2026-01-27 06:38:00,0.99,DIG005150,ਮੁਲਾਕਾਤ ਕੀਤੀ,,,
EVT_DIG005151,transfer,P00653,P00349,LOC0110,2026-02-10 11:46:00,0.99,DIG005151,पैसे पाठवले,,,
EVT_DIG005152,transfer,P00974,P00804,LOC0130,2026-07-08 11:30:00,0.99,DIG005152,નાણાં મોકલ્યાં,,,
EVT_DIG005153,meeting,P00287,P00348,LOC0121,2026-05-16 03:28:00,0.99,DIG005153,দেখা করেছে,,,
EVT_DIG005154,communication,P00219,P00572,LOC0069,2026-03-15 08:19:00,0.99,DIG005154,సందేశం పంపారు,,,
EVT_DIG005155,meeting,P00771,P00812,LOC0104,2026-08-13 06:44:00,0.99,DIG005155,ਮਿਲਿਆ,,,
EVT_DIG005156,communication,P00109,P00643,LOC0059,2026-03-28 12:18:00,0.99,DIG005156,ਸੰਪਰਕ ਕੀਤਾ,,,
EVT_DIG005157,meeting,P00675,P00394,LOC0055,2026-07-31 03:49:00,0.99,DIG005157,சந்தித்தார்,,,
EVT_DIG005158,meeting,P00475,P00510,LOC0132,2026-01-12 15:57:00,0.99,DIG005158,পরিদর্শন করেছে,,,
EVT_DIG005159,movement,P00253,P00057,LOC0022,2026-02-26 15:38:00,0.99,DIG005159,ठिकाण शेअर केले,,,
EVT_DIG005160,movement,P00874,P00296,LOC0177,2026-03-08 17:19:00,0.99,DIG005160,స్థానం పంచుకున్నారు,,,
EVT_DIG005161,meeting,P00320,P00435,LOC0177,2026-06-28 09:55:00,0.99,DIG005161,സന്ദർശിച്ചു,,,
EVT_DIG005162,movement,P00655,P00875,LOC0173,2026-03-08 07:20:00,0.99,DIG005162,സ്ഥലം പങ്കിട്ടു,,,
EVT_DIG005163,communication,P00182,P00843,LOC0136,2026-01-17 00:36:00,0.99,DIG005163,ബന്ധപ്പെട്ടു,,,
EVT_DIG005164,communication,P00932,P00314,LOC0054,2026-02-28 06:24:00,0.99,DIG005164,செய்தி அனுப்பினார்,,,
EVT_DIG005165,communication,P00729,P00414,LOC0089,2026-08-03 15:21:00,0.99,DIG005165,அழைத்தார்,,,
EVT_DIG005166,communication,P00023,P00788,LOC0026,2026-03-21 12:24:00,0.99,DIG005166,அழைத்தார்,,,
EVT_DIG005167,communication,P00945,P00710,LOC0128,2026-02-22 16:52:00,0.99,DIG005167,فون کیا,,,
EVT_DIG005168,meeting,P00521,P00258,LOC0005,2026-03-09 10:47:00,0.99,DIG005168,ਮਿਲਿਆ,,,
EVT_DIG005169,communication,P00135,P00737,LOC0044,2026-05-12 17:18:00,0.99,DIG005169,ఫోన్ చేశారు,,,
EVT_DIG005170,transfer,P00607,P00696,LOC0146,2026-06-05 22:01:00,0.99,DIG005170,पैसे पाठवले,,,
EVT_DIG005171,vehicle_use,P00171,P00160,LOC0112,2026-07-25 16:09:00,0.99,DIG005171,used a vehicle,,,
EVT_DIG005172,meeting,P00334,P00046,LOC0113,2026-03-23 15:26:00,0.99,DIG005172,পরিদর্শন করেছে,,,
EVT_DIG005173,communication,P00950,P00458,LOC0061,2026-03-17 04:43:00,0.99,DIG005173,அழைத்தார்,,,
EVT_DIG005174,meeting,P00299,P00414,LOC0057,2026-04-08 16:22:00,0.99,DIG005174,भेट दिली,,,
EVT_DIG005175,meeting,P00078,P00206,LOC0043,2026-08-14 15:37:00,0.99,DIG005175,కలిశారు,,,
EVT_DIG005176,meeting,P00417,P00380,LOC0035,2026-05-14 00:05:00,0.99,DIG005176,കണ്ടുമുട്ടി,,,
EVT_DIG005177,meeting,P00507,P00252,LOC0034,2026-01-31 05:09:00,0.99,DIG005177,મળ્યા,,,
EVT_DIG005178,transfer,P00712,P00874,LOC0079,2026-03-20 02:58:00,0.99,DIG005178,ਪੈਸੇ ਭੇਜੇ,,,
EVT_DIG005179,communication,P00711,P00234,LOC0117,2026-01-31 12:49:00,0.99,DIG005179,फोन केला,,,
EVT_DIG005180,communication,P00226,P00283,LOC0024,2026-02-17 06:11:00,0.99,DIG005180,సందేశం పంపారు,,,
EVT_DIG005181,movement,P00108,P00057,LOC0070,2026-04-17 14:42:00,0.99,DIG005181,ಸ್ಥಳ ಹಂಚಿಕೊಂಡರು,,,
EVT_DIG005182,meeting,P00394,P00026,LOC0040,2026-08-27 07:19:00,0.99,DIG005182,వెళ్లారు,,,
EVT_DIG005183,transfer,P00774,P00232,LOC0045,2026-04-05 22:25:00,0.99,DIG005183,টাকা পাঠিয়েছে,,,
EVT_DIG005184,meeting,P00892,P00537,LOC0133,2026-01-16 21:25:00,0.99,DIG005184,भेट दिली,,,
EVT_DIG005185,communication,P00946,P00528,LOC0102,2026-05-03 13:46:00,0.99,DIG005185,செய்தி அனுப்பினார்,,,
EVT_DIG005186,meeting,P00271,P00443,LOC0005,2026-05-22 05:05:00,0.99,DIG005186,भेटला,,,
EVT_DIG005187,communication,P00608,P00621,LOC0063,2026-04-26 10:46:00,0.99,DIG005187,அழைத்தார்,,,
EVT_DIG005188,meeting,P00718,P00215,LOC0092,2026-01-29 00:49:00,0.99,DIG005188,भेटला,,,
EVT_DIG005189,communication,P00041,P00100,LOC0058,2026-01-27 11:15:00,0.99,DIG005189,വിളിച്ചു,,,
EVT_DIG005190,transfer,P00884,P00273,LOC0122,2026-05-01 05:56:00,0.99,DIG005190,பணம் அனுப்பினார்,,,
EVT_DIG005191,meeting,P00496,P00537,LOC0102,2026-06-06 21:28:00,0.99,DIG005191,met,,,
EVT_DIG005192,communication,P00988,P00754,LOC0066,2026-03-31 15:50:00,0.99,DIG005192,संपर्क किया,,,
EVT_DIG005193,transfer,P00982,P00400,LOC0123,2026-01-06 15:30:00,0.99,DIG005193,पैसे पाठवले,,,
EVT_DIG005194,meeting,P00392,P00229,LOC0089,2026-04-11 14:09:00,0.99,DIG005194,కలిశారు,,,
EVT_DIG005195,movement,P00951,P00029,LOC0105,2026-06-27 03:14:00,0.99,DIG005195,ठिकाण शेअर केले,,,
EVT_DIG005196,vehicle_use,P00343,P00867,LOC0081,2026-05-04 04:00:00,0.99,DIG005196,used a vehicle,,,
EVT_DIG005197,meeting,P00753,P00636,LOC0088,2026-05-08 01:07:00,0.99,DIG005197,சந்தித்தார்,,,
EVT_DIG005198,communication,P00509,P00762,LOC0116,2026-06-03 16:32:00,0.99,DIG005198,ਸੁਨੇਹਾ ਭੇਜਿਆ,,,
EVT_DIG005199,communication,P00829,P00402,LOC0019,2026-06-01 22:27:00,0.99,DIG005199,فون کیا,,,
EVT_DIG005200,movement,P00897,P00228,LOC0097,2026-06-01 20:00:00,0.99,DIG005200,స్థానం పంచుకున్నారు,,,
EVT_DIG005201,communication,P00702,P00647,LOC0009,2026-07-01 23:47:00,0.99,DIG005201,સંપર્ક કર્યો,,,
EVT_DIG005202,communication,P00894,P00270,LOC0049,2026-01-29 09:51:00,0.99,DIG005202,فون کیا,,,
EVT_DIG005203,meeting,P00129,P00604,LOC0038,2026-07-11 01:13:00,0.99,DIG005203,சென்றார்,,,
EVT_DIG005204,meeting,P00252,P00682,LOC0048,2026-07-17 08:42:00,0.99,DIG005204,వెళ్లారు,,,
EVT_DIG005205,communication,P00300,P00495,LOC0021,2026-06-11 03:33:00,0.99,DIG005205,ఫోన్ చేశారు,,,
EVT_DIG005206,movement,P00229,P00160,LOC0028,2026-06-12 04:11:00,0.99,DIG005206,ਸਥਾਨ ਸਾਂਝਾ ਕੀਤਾ,,,
EVT_DIG005207,communication,P00332,P00017,LOC0096,2026-07-06 23:31:00,0.99,DIG005207,ਫੋਨ ਕੀਤਾ,,,
EVT_DIG005208,meeting,P00774,P00557,LOC0157,2026-06-23 10:01:00,0.99,DIG005208,পরিদর্শন করেছে,,,
EVT_DIG005209,transfer,P00490,P00529,LOC0121,2026-04-17 07:41:00,0.99,DIG005209,డబ్బు పంపారు,,,
EVT_DIG005210,communication,P00763,P00391,LOC0141,2026-08-23 20:37:00,0.99,DIG005210,ಸಂದೇಶ ಕಳುಹಿಸಿದರು,,,
EVT_DIG005211,communication,P00206,P00115,LOC0010,2026-08-06 08:26:00,0.99,DIG005211,যোগাযোগ করেছে,,,
EVT_DIG005212,transfer,P00829,P00159,LOC0010,2026-02-15 17:35:00,0.99,DIG005212,धन भेजा,,,
EVT_DIG005213,vehicle_use,P00837,P00542,LOC0101,2026-08-14 07:17:00,0.99,DIG005213,वाहन का उपयोग किया,,,
EVT_DIG005214,meeting,P00307,P00526,LOC0090,2026-07-07 12:16:00,0.99,DIG005214,കണ്ടുമുട്ടി,,,
EVT_DIG005215,meeting,P00683,P00542,LOC0170,2026-03-11 23:15:00,0.99,DIG005215,ਮਿਲਿਆ,,,
EVT_DIG005216,meeting,P00116,P00424,LOC0016,2026-05-15 16:58:00,0.99,DIG005216,मिला,,,
EVT_DIG005217,vehicle_use,P00307,P00651,LOC0169,2026-05-23 05:01:00,0.99,DIG005217,used a vehicle,,,
EVT_DIG005218,meeting,P00688,P00251,LOC0058,2026-03-15 18:34:00,0.99,DIG005218,వెళ్లారు,,,
EVT_DIG005219,communication,P00649,P00538,LOC0045,2026-08-04 14:51:00,0.99,DIG005219,contacted,,,
EVT_DIG005220,meeting,P00372,P00855,LOC0025,2026-03-12 08:33:00,0.99,DIG005220,পরিদর্শন করেছে,,,
EVT_DIG005221,movement,P00815,P00198,LOC0011,2026-06-03 06:42:00,0.99,DIG005221,இடத்தை பகிர்ந்தார்,,,
EVT_DIG005222,transfer,P00259,P00145,LOC0005,2026-03-11 05:51:00,0.99,DIG005222,টাকা পাঠিয়েছে,,,
EVT_DIG005223,meeting,P00986,P00224,LOC0125,2026-08-19 09:08:00,0.99,DIG005223,भेटला,,,
EVT_DIG005224,meeting,P00975,P00402,LOC0091,2026-03-29 10:22:00,0.99,DIG005224,দেখা করেছে,,,
EVT_DIG005225,vehicle_use,P00998,P00831,LOC0068,2026-03-29 20:48:00,0.99,DIG005225,वाहन का उपयोग किया,,,
EVT_DIG005226,communication,P00246,P00436,LOC0070,2026-06-30 01:17:00,0.99,DIG005226,വിളിച്ചു,,,
EVT_DIG005227,meeting,P00781,P00926,LOC0169,2026-01-21 15:58:00,0.99,DIG005227,મળ્યા,,,
EVT_DIG005228,communication,P00026,P00869,LOC0074,2026-08-01 15:47:00,0.99,DIG005228,ਸੰਪਰਕ ਕੀਤਾ,,,
EVT_DIG005229,meeting,P00762,P00546,LOC0080,2026-04-25 15:58:00,0.99,DIG005229,ಭೇಟಿ ನೀಡಿದರು,,,
EVT_DIG005230,meeting,P00088,P00205,LOC0091,2026-03-28 14:11:00,0.99,DIG005230,వెళ్లారు,,,
EVT_DIG005231,transfer,P00281,P00935,LOC0019,2026-05-12 22:35:00,0.99,DIG005231,धन भेजा,,,
EVT_DIG005232,meeting,P00998,P00581,LOC0152,2026-03-11 00:51:00,0.99,DIG005232,visited,,,
EVT_DIG005233,communication,P00382,P00085,LOC0157,2026-01-11 16:08:00,0.99,DIG005233,ఫోన్ చేశారు,,,
EVT_DIG005234,communication,P00439,P00036,LOC0159,2026-02-17 01:07:00,0.99,DIG005234,called,,,
EVT_DIG005235,communication,P00484,P00786,LOC0063,2026-08-04 15:44:00,0.99,DIG005235,संपर्क किया,,,
EVT_DIG005236,vehicle_use,P00242,P00399,LOC0152,2026-07-26 23:03:00,0.99,DIG005236,used a vehicle,,,
EVT_DIG005237,meeting,P00892,P00862,LOC0095,2026-05-19 21:32:00,0.99,DIG005237,दौरा किया,,,
EVT_DIG005238,meeting,P00744,P00943,LOC0106,2026-08-20 03:21:00,0.99,DIG005238,দেখা করেছে,,,
EVT_DIG005239,meeting,P00995,P00807,LOC0099,2026-06-20 14:29:00,0.99,DIG005239,వెళ్లారు,,,
EVT_DIG005240,communication,P00200,P00379,LOC0153,2026-03-30 12:55:00,0.99,DIG005240,ফোন করেছে,,,
EVT_DIG005241,meeting,P00229,P00673,LOC0168,2026-06-28 07:42:00,0.99,DIG005241,சந்தித்தார்,,,
EVT_DIG005242,movement,P00295,P00873,LOC0134,2026-04-06 08:21:00,0.99,DIG005242,ठिकाण शेअर केले,,,
EVT_DIG005243,movement,P00503,P00614,LOC0048,2026-02-01 06:30:00,0.99,DIG005243,ठिकाण शेअर केले,,,
EVT_DIG005244,communication,P00168,P00169,LOC0161,2026-06-08 20:39:00,0.99,DIG005244,ಸಂದೇಶ ಕಳುಹಿಸಿದರು,,,
EVT_DIG005245,communication,P00578,P00210,LOC0149,2026-06-12 10:04:00,0.99,DIG005245,ಸಂದೇಶ ಕಳುಹಿಸಿದರು,,,
EVT_DIG005246,movement,P00673,P00184,LOC0109,2026-04-14 02:11:00,0.99,DIG005246,ಸ್ಥಳ ಹಂಚಿಕೊಂಡರು,,,
EVT_DIG005247,communication,P00342,P00049,LOC0082,2026-07-14 15:41:00,0.99,DIG005247,फोन केला,,,
EVT_DIG005248,meeting,P00502,P00010,LOC0037,2026-07-11 22:47:00,0.99,DIG005248,కలిశారు,,,
EVT_DIG005249,communication,P00059,P00604,LOC0014,2026-04-05 15:31:00,0.99,DIG005249,ਸੁਨੇਹਾ ਭੇਜਿਆ,,,
EVT_DIG005250,communication,P00996,P00633,LOC0094,2026-03-02 09:03:00,0.99,DIG005250,संदेश भेजा,,,
EVT_DIG005251,communication,P00848,P00550,LOC0092,2026-02-03 02:01:00,0.99,DIG005251,செய்தி அனுப்பினார்,,,
EVT_DIG005252,meeting,P00516,P00941,LOC0090,2026-03-22 20:53:00,0.99,DIG005252,met,,,
EVT_DIG005253,meeting,P00823,P00973,LOC0165,2026-06-18 03:28:00,0.99,DIG005253,സന്ദർശിച്ചു,,,
EVT_DIG005254,communication,P00106,P00841,LOC0053,2026-05-02 16:16:00,0.99,DIG005254,যোগাযোগ করেছে,,,
EVT_DIG005255,movement,P00041,P00592,LOC0003,2026-01-15 01:15:00,0.99,DIG005255,স্থান ভাগ করেছে,,,
EVT_DIG005256,communication,P00131,P00853,LOC0053,2026-06-17 21:45:00,0.99,DIG005256,அழைத்தார்,,,
EVT_DIG005257,movement,P00902,P00659,LOC0175,2026-01-20 03:24:00,0.99,DIG005257,مقام شیئر کیا,,,
EVT_DIG005258,movement,P00580,P00867,LOC0022,2026-03-20 02:34:00,0.99,DIG005258,ठिकाण शेअर केले,,,
EVT_DIG005259,meeting,P00725,P00562,LOC0150,2026-02-26 14:30:00,0.99,DIG005259,കണ്ടുമുട്ടി,,,
EVT_DIG005260,communication,P00238,P00717,LOC0056,2026-05-25 11:43:00,0.99,DIG005260,ਫੋਨ ਕੀਤਾ,,,
EVT_DIG005261,movement,P00025,P00310,LOC0022,2026-01-31 13:34:00,0.99,DIG005261,ठिकाण शेअर केले,,,
EVT_DIG005262,communication,P00261,P00010,LOC0176,2026-03-18 01:05:00,0.99,DIG005262,فون کیا,,,
EVT_DIG005263,movement,P00836,P00716,LOC0151,2026-07-20 10:22:00,0.99,DIG005263,સ્થાન શેર કર્યું,,,
EVT_DIG005264,meeting,P00715,P00998,LOC0143,2026-05-31 14:25:00,0.99,DIG005264,കണ്ടുമുട്ടി,,,
EVT_DIG005265,transfer,P00275,P00982,LOC0032,2026-04-07 12:23:00,0.99,DIG005265,টাকা পাঠিয়েছে,,,
EVT_DIG005266,communication,P00304,P00835,LOC0031,2026-04-12 02:34:00,0.99,DIG005266,called,,,
EVT_DIG005267,movement,P00058,P00475,LOC0001,2026-03-31 20:21:00,0.99,DIG005267,ಸ್ಥಳ ಹಂಚಿಕೊಂಡರು,,,
EVT_DIG005268,meeting,P00476,P00459,LOC0095,2026-01-03 21:57:00,0.99,DIG005268,পরিদর্শন করেছে,,,
EVT_DIG005269,meeting,P00650,P00024,LOC0048,2026-03-17 12:17:00,0.99,DIG005269,சந்தித்தார்,,,
EVT_DIG005270,communication,P00511,P00267,LOC0088,2026-06-10 06:07:00,0.99,DIG005270,ఫోన్ చేశారు,,,
EVT_DIG005271,movement,P00938,P00584,LOC0084,2026-07-01 23:30:00,0.99,DIG005271,ਸਥਾਨ ਸਾਂਝਾ ਕੀਤਾ,,,
EVT_DIG005272,communication,P00400,P00092,LOC0051,2026-02-13 11:52:00,0.99,DIG005272,ಸಂಪರ್ಕಿಸಿದರು,,,
EVT_DIG005273,movement,P00262,P00923,LOC0046,2026-02-14 15:17:00,0.99,DIG005273,ಸ್ಥಳ ಹಂಚಿಕೊಂಡರು,,,
EVT_DIG005274,vehicle_use,P00896,P00261,LOC0081,2026-08-24 22:57:00,0.99,DIG005274,used a vehicle,,,
EVT_DIG005275,communication,P00710,P00185,LOC0074,2026-08-06 01:06:00,0.99,DIG005275,فون کیا,,,
EVT_DIG005276,meeting,P00440,P00280,LOC0160,2026-08-05 02:26:00,0.99,DIG005276,met,,,
EVT_DIG005277,communication,P00995,P00068,LOC0133,2026-06-15 10:23:00,0.99,DIG005277,ఫోన్ చేశారు,,,
EVT_DIG005278,vehicle_use,P00700,P00432,LOC0048,2026-04-11 19:33:00,0.99,DIG005278,used a vehicle,,,
EVT_DIG005279,meeting,P00825,P00210,LOC0021,2026-07-06 12:30:00,0.99,DIG005279,സന്ദർശിച്ചു,,,
EVT_DIG005280,meeting,P00074,P00068,LOC0091,2026-03-08 18:12:00,0.99,DIG005280,కలిశారు,,,
EVT_DIG005281,meeting,P00991,P00617,LOC0052,2026-02-07 16:20:00,0.99,DIG005281,পরিদর্শন করেছে,,,
EVT_DIG005282,meeting,P00987,P00759,LOC0053,2026-05-11 06:38:00,0.99,DIG005282,ਮੁਲਾਕਾਤ ਕੀਤੀ,,,
EVT_DIG005283,meeting,P00495,P00443,LOC0108,2026-05-15 08:42:00,0.99,DIG005283,சென்றார்,,,
EVT_DIG005284,communication,P00024,P00758,LOC0039,2026-04-23 13:19:00,0.99,DIG005284,സന്ദേശം അയച്ചു,,,
EVT_DIG005285,communication,P00840,P00594,LOC0049,2026-08-29 03:01:00,0.99,DIG005285,বার্তা পাঠিয়েছে,,,
EVT_DIG005286,movement,P00535,P00150,LOC0146,2026-03-17 21:05:00,0.99,DIG005286,સ્થાન શેર કર્યું,,,
EVT_DIG005287,communication,P00801,P00756,LOC0106,2026-05-13 15:37:00,0.99,DIG005287,বার্তা পাঠিয়েছে,,,
EVT_DIG005288,meeting,P00360,P00628,LOC0139,2026-01-06 04:32:00,0.99,DIG005288,ਮਿਲਿਆ,,,
EVT_DIG005289,meeting,P00164,P00002,LOC0043,2026-03-10 13:33:00,0.99,DIG005289,भेटला,,,
EVT_DIG005290,communication,P00873,P00537,LOC0120,2026-06-03 06:32:00,0.99,DIG005290,സന്ദേശം അയച്ചു,,,
EVT_DIG005291,transfer,P00247,P00794,LOC0136,2026-02-24 08:21:00,0.99,DIG005291,డబ్బు పంపారు,,,
EVT_DIG005292,movement,P00587,P00370,LOC0140,2026-07-11 23:40:00,0.99,DIG005292,shared a location with,,,
EVT_DIG005293,vehicle_use,P00268,P00390,LOC0122,2026-01-11 20:52:00,0.99,DIG005293,वाहन का उपयोग किया,,,
EVT_DIG005294,transfer,P00589,P00831,LOC0016,2026-07-23 15:57:00,0.99,DIG005294,பணம் அனுப்பினார்,,,
EVT_DIG005295,communication,P00081,P00820,LOC0087,2026-01-14 22:22:00,0.99,DIG005295,સંદેશ મોકલ્યો,,,
EVT_DIG005296,meeting,P00834,P00592,LOC0129,2026-03-03 21:57:00,0.99,DIG005296,ਮਿਲਿਆ,,,
EVT_DIG005297,movement,P00590,P00899,LOC0003,2026-06-04 12:57:00,0.99,DIG005297,স্থান ভাগ করেছে,,,
EVT_DIG005298,movement,P00125,P00527,LOC0131,2026-02-19 09:47:00,0.99,DIG005298,స్థానం పంచుకున్నారు,,,
EVT_DIG005299,transfer,P00733,P00667,LOC0031,2026-08-07 21:35:00,0.99,DIG005299,पैसे पाठवले,,,
EVT_DIG005300,movement,P00062,P00047,LOC0049,2026-06-02 11:21:00,0.99,DIG005300,ਸਥਾਨ ਸਾਂਝਾ ਕੀਤਾ,,,
EVT_DIG005301,meeting,P00645,P00773,LOC0062,2026-03-12 16:44:00,0.99,DIG005301,ಭೇಟಿಯಾದರು,,,
EVT_DIG005302,meeting,P00079,P00056,LOC0148,2026-05-30 08:47:00,0.99,DIG005302,ಭೇಟಿ ನೀಡಿದರು,,,
EVT_DIG005303,meeting,P00625,P00656,LOC0091,2026-06-23 09:40:00,0.99,DIG005303,دورہ کیا,,,
EVT_DIG005304,communication,P00844,P00075,LOC0100,2026-06-14 03:16:00,0.99,DIG005304,যোগাযোগ করেছে,,,
EVT_DIG005305,communication,P00726,P00016,LOC0179,2026-02-10 06:45:00,0.99,DIG005305,ಸಂಪರ್ಕಿಸಿದರು,,,
EVT_DIG005306,communication,P00051,P00650,LOC0139,2026-05-19 02:43:00,0.99,DIG005306,સંદેશ મોકલ્યો,,,
EVT_DIG005307,transfer,P00813,P00534,LOC0164,2026-08-05 14:18:00,0.99,DIG005307,பணம் அனுப்பினார்,,,
EVT_DIG005308,transfer,P00301,P00906,LOC0094,2026-03-08 18:42:00,0.99,DIG005308,টাকা পাঠিয়েছে,,,
EVT_DIG005309,meeting,P00495,P00683,LOC0015,2026-03-27 07:00:00,0.99,DIG005309,ਮਿਲਿਆ,,,
EVT_DIG005310,communication,P00321,P00166,LOC0104,2026-06-18 16:03:00,0.99,DIG005310,સંદેશ મોકલ્યો,,,
EVT_DIG005311,meeting,P00653,P00821,LOC0055,2026-06-30 04:11:00,0.99,DIG005311,दौरा किया,,,
EVT_DIG005312,movement,P00746,P00783,LOC0107,2026-02-13 02:22:00,0.99,DIG005312,స్థానం పంచుకున్నారు,,,
EVT_DIG005313,meeting,P00312,P00735,LOC0006,2026-05-20 03:19:00,0.99,DIG005313,ಭೇಟಿಯಾದರು,,,
EVT_DIG005314,meeting,P00283,P00006,LOC0162,2026-04-15 16:04:00,0.99,DIG005314,دورہ کیا,,,
EVT_DIG005315,communication,P00226,P00474,LOC0174,2026-05-29 13:51:00,0.99,DIG005315,پیغام بھیجا,,,
EVT_DIG005316,meeting,P00850,P00179,LOC0098,2026-07-16 00:05:00,0.99,DIG005316,পরিদর্শন করেছে,,,
EVT_DIG005317,communication,P00113,P00161,LOC0075,2026-04-28 21:26:00,0.99,DIG005317,ਸੰਪਰਕ ਕੀਤਾ,,,
EVT_DIG005318,meeting,P00298,P00093,LOC0071,2026-08-10 18:25:00,0.99,DIG005318,వెళ్లారు,,,
EVT_DIG005319,meeting,P00771,P00528,LOC0165,2026-06-11 09:14:00,0.99,DIG005319,സന്ദർശിച്ചു,,,
EVT_DIG005320,transfer,P00815,P00170,LOC0102,2026-03-25 12:17:00,0.99,DIG005320,धन भेजा,,,
EVT_DIG005321,communication,P00403,P00786,LOC0131,2026-01-05 10:01:00,0.99,DIG005321,ബന്ധപ്പെട്ടു,,,
EVT_DIG005322,communication,P00057,P00232,LOC0077,2026-02-14 04:37:00,0.99,DIG005322,ఫోన్ చేశారు,,,
EVT_DIG005323,movement,P00701,P00879,LOC0110,2026-06-17 04:14:00,0.99,DIG005323,સ્થાન શેર કર્યું,,,
EVT_DIG005324,movement,P00764,P00173,LOC0092,2026-01-15 10:46:00,0.99,DIG005324,ठिकाण शेअर केले,,,
EVT_DIG005325,movement,P00062,P00503,LOC0046,2026-08-29 18:08:00,0.99,DIG005325,ਸਥਾਨ ਸਾਂਝਾ ਕੀਤਾ,,,
EVT_DIG005326,communication,P00940,P00739,LOC0051,2026-06-24 06:11:00,0.99,DIG005326,ಕರೆ ಮಾಡಿದರು,,,
EVT_DIG005327,meeting,P00104,P00794,LOC0177,2026-08-28 02:52:00,0.99,DIG005327,भेट दिली,,,
EVT_DIG005328,meeting,P00061,P00581,LOC0111,2026-08-04 18:31:00,0.99,DIG005328,ਮਿਲਿਆ,,,
EVT_DIG005329,communication,P00369,P00990,LOC0112,2026-05-08 17:55:00,0.99,DIG005329,വിളിച്ചു,,,
EVT_DIG005330,movement,P00417,P00837,LOC0152,2026-07-08 02:41:00,0.99,DIG005330,இடத்தை பகிர்ந்தார்,,,
EVT_DIG005331,meeting,P00635,P00102,LOC0004,2026-08-21 19:02:00,0.99,DIG005331,भेटला,,,
EVT_DIG005332,meeting,P00600,P00785,LOC0018,2026-01-05 20:56:00,0.99,DIG005332,சந்தித்தார்,,,
EVT_DIG005333,meeting,P00375,P00701,LOC0098,2026-01-28 23:31:00,0.99,DIG005333,ملاقات کی,,,
EVT_DIG005334,communication,P00717,P00904,LOC0018,2026-07-15 05:36:00,0.99,DIG005334,సందేశం పంపారు,,,
EVT_DIG005335,communication,P00879,P00054,LOC0077,2026-02-09 09:21:00,0.99,DIG005335,സന്ദേശം അയച്ചു,,,
EVT_DIG005336,meeting,P00735,P00397,LOC0157,2026-08-11 16:26:00,0.99,DIG005336,ਮਿਲਿਆ,,,
EVT_DIG005337,communication,P00711,P00037,LOC0002,2026-03-28 20:07:00,0.99,DIG005337,پیغام بھیجا,,,
EVT_DIG005338,transfer,P00390,P00963,LOC0087,2026-05-17 21:22:00,0.99,DIG005338,धन भेजा,,,
EVT_DIG005339,communication,P00385,P00632,LOC0140,2026-06-02 16:27:00,0.99,DIG005339,বার্তা পাঠিয়েছে,,,
EVT_DIG005340,communication,P00045,P00083,LOC0042,2026-05-25 11:09:00,0.99,DIG005340,যোগাযোগ করেছে,,,
EVT_DIG005341,meeting,P00915,P00784,LOC0009,2026-02-27 14:15:00,0.99,DIG005341,സന്ദർശിച്ചു,,,
EVT_DIG005342,meeting,P00898,P00364,LOC0124,2026-06-13 18:22:00,0.99,DIG005342,મળ્યા,,,
EVT_DIG005343,movement,P00828,P00566,LOC0056,2026-04-27 17:33:00,0.99,DIG005343,shared a location with,,,
EVT_DIG005344,communication,P00832,P00904,LOC0138,2026-08-20 00:03:00,0.99,DIG005344,ফোন করেছে,,,
EVT_DIG005345,meeting,P00758,P00273,LOC0116,2026-03-04 01:06:00,0.99,DIG005345,కలిశారు,,,
EVT_DIG005346,communication,P00070,P00276,LOC0047,2026-08-05 07:27:00,0.99,DIG005346,संपर्क केला,,,
EVT_DIG005347,communication,P00870,P00769,LOC0152,2026-07-07 17:00:00,0.99,DIG005347,ਫੋਨ ਕੀਤਾ,,,
EVT_DIG005348,meeting,P00531,P00717,LOC0101,2026-05-07 13:00:00,0.99,DIG005348,சென்றார்,,,
EVT_DIG005349,transfer,P00678,P00711,LOC0087,2026-04-12 17:18:00,0.99,DIG005349,টাকা পাঠিয়েছে,,,
EVT_DIG005350,communication,P00322,P00872,LOC0115,2026-02-28 00:02:00,0.99,DIG005350,ફોન કર્યો,,,
EVT_DIG005351,movement,P00991,P00959,LOC0157,2026-03-10 22:54:00,0.99,DIG005351,ठिकाण शेअर केले,,,
EVT_DIG005352,communication,P00987,P00287,LOC0077,2026-06-01 07:48:00,0.99,DIG005352,ફોન કર્યો,,,
EVT_DIG005353,communication,P00178,P00582,LOC0010,2026-05-02 00:54:00,0.99,DIG005353,संदेश पाठवला,,,
EVT_DIG005354,communication,P00783,P00464,LOC0123,2026-06-01 04:44:00,0.99,DIG005354,செய்தி அனுப்பினார்,,,
EVT_DIG005355,meeting,P00994,P00812,LOC0124,2026-01-18 10:08:00,0.99,DIG005355,visited,,,
EVT_DIG005356,movement,P00330,P00289,LOC0019,2026-05-03 22:57:00,0.99,DIG005356,স্থান ভাগ করেছে,,,
EVT_DIG005357,communication,P00926,P00811,LOC0091,2026-05-20 17:31:00,0.99,DIG005357,যোগাযোগ করেছে,,,
EVT_DIG005358,communication,P00103,P00036,LOC0053,2026-08-02 04:31:00,0.99,DIG005358,സന്ദേശം അയച്ചു,,,
EVT_DIG005359,meeting,P00060,P00566,LOC0043,2026-04-01 10:59:00,0.99,DIG005359,ملاقات کی,,,
EVT_DIG005360,communication,P00262,P00709,LOC0145,2026-04-21 15:25:00,0.99,DIG005360,ಕರೆ ಮಾಡಿದರು,,,
EVT_DIG005361,transfer,P00788,P00369,LOC0048,2026-01-27 09:17:00,0.99,DIG005361,പണം അയച്ചു,,,
EVT_DIG005362,communication,P00490,P00792,LOC0141,2026-04-10 06:25:00,0.99,DIG005362,ਫੋਨ ਕੀਤਾ,,,
EVT_DIG005363,meeting,P00032,P00186,LOC0015,2026-03-30 23:20:00,0.99,DIG005363,ಭೇಟಿಯಾದರು,,,
EVT_DIG005364,transfer,P00287,P00716,LOC0035,2026-03-25 01:45:00,0.99,DIG005364,पैसे पाठवले,,,
EVT_DIG005365,communication,P00886,P00701,LOC0051,2026-07-31 04:24:00,0.99,DIG005365,സന്ദേശം അയച്ചു,,,
EVT_DIG005366,transfer,P00802,P00231,LOC0049,2026-05-12 19:11:00,0.99,DIG005366,رقم منتقل کی,,,
EVT_DIG005367,communication,P00934,P00339,LOC0153,2026-06-12 04:17:00,0.99,DIG005367,संपर्क किया,,,
EVT_DIG005368,movement,P00409,P00251,LOC0070,2026-02-21 03:22:00,0.99,DIG005368,ठिकाण शेअर केले,,,
EVT_DIG005369,communication,P00373,P00865,LOC0136,2026-06-25 11:40:00,0.99,DIG005369,ಕರೆ ಮಾಡಿದರು,,,
EVT_DIG005370,meeting,P00607,P00168,LOC0165,2026-04-20 21:52:00,0.99,DIG005370,भेट दिली,,,
EVT_DIG005371,communication,P00921,P00094,LOC0010,2026-06-26 00:11:00,0.99,DIG005371,தொடர்பு கொண்டார்,,,
EVT_DIG005372,communication,P00802,P00519,LOC0116,2026-07-23 13:34:00,0.99,DIG005372,தொடர்பு கொண்டார்,,,
EVT_DIG005373,meeting,P00699,P00067,LOC0146,2026-03-01 13:40:00,0.99,DIG005373,സന്ദർശിച്ചു,,,
EVT_DIG005374,meeting,P00364,P00088,LOC0129,2026-06-15 06:27:00,0.99,DIG005374,ಭೇಟಿಯಾದರು,,,
EVT_DIG005375,communication,P00240,P00847,LOC0001,2026-09-01 01:15:00,0.99,DIG005375,संदेश पाठवला,,,
EVT_DIG005376,meeting,P00578,P00910,LOC0038,2026-02-03 22:43:00,0.99,DIG005376,দেখা করেছে,,,
EVT_DIG005377,movement,P00740,P00258,LOC0069,2026-07-04 06:50:00,0.99,DIG005377,ಸ್ಥಳ ಹಂಚಿಕೊಂಡರು,,,
EVT_DIG005378,communication,P00807,P00431,LOC0166,2026-04-09 05:48:00,0.99,DIG005378,ફોન કર્યો,,,
EVT_DIG005379,communication,P00038,P00821,LOC0148,2026-05-15 14:28:00,0.99,DIG005379,ફોન કર્યો,,,
EVT_DIG005380,movement,P00473,P00043,LOC0108,2026-03-14 02:49:00,0.99,DIG005380,ಸ್ಥಳ ಹಂಚಿಕೊಂಡರು,,,
EVT_DIG005381,communication,P00168,P00847,LOC0165,2026-05-31 22:34:00,0.99,DIG005381,సంప్రదించారు,,,
EVT_DIG005382,communication,P00094,P00421,LOC0168,2026-05-09 21:50:00,0.99,DIG005382,அழைத்தார்,,,
EVT_DIG005383,transfer,P00601,P00945,LOC0029,2026-01-05 23:07:00,0.99,DIG005383,رقم منتقل کی,,,
EVT_DIG005384,transfer,P00734,P00062,LOC0019,2026-02-10 10:31:00,0.99,DIG005384,പണം അയച്ചു,,,
EVT_DIG005385,communication,P00648,P00240,LOC0175,2026-05-14 15:06:00,0.99,DIG005385,বার্তা পাঠিয়েছে,,,
EVT_DIG005386,communication,P00840,P00174,LOC0039,2026-07-13 03:41:00,0.99,DIG005386,ਸੁਨੇਹਾ ਭੇਜਿਆ,,,
EVT_DIG005387,communication,P00814,P00414,LOC0088,2026-06-14 11:58:00,0.99,DIG005387,फोन केला,,,
EVT_DIG005388,meeting,P00555,P00853,LOC0058,2026-01-12 22:24:00,0.99,DIG005388,दौरा किया,,,
EVT_DIG005389,communication,P00205,P00317,LOC0081,2026-01-19 16:41:00,0.99,DIG005389,સંદેશ મોકલ્યો,,,
EVT_DIG005390,communication,P00634,P00096,LOC0075,2026-07-22 05:53:00,0.99,DIG005390,যোগাযোগ করেছে,,,
EVT_DIG005391,meeting,P00755,P00617,LOC0118,2026-02-13 18:01:00,0.99,DIG005391,ಭೇಟಿ ನೀಡಿದರು,,,
EVT_DIG005392,meeting,P00211,P00932,LOC0001,2026-02-07 15:24:00,0.99,DIG005392,കണ്ടുമുട്ടി,,,
EVT_DIG005393,transfer,P00439,P00920,LOC0004,2026-01-25 13:17:00,0.99,DIG005393,డబ్బు పంపారు,,,
EVT_DIG005394,meeting,P00940,P00314,LOC0087,2026-08-24 02:04:00,0.99,DIG005394,ಭೇಟಿ ನೀಡಿದರು,,,
EVT_DIG005395,movement,P00566,P00800,LOC0092,2026-08-19 00:55:00,0.99,DIG005395,స్థానం పంచుకున్నారు,,,
EVT_DIG005396,movement,P00702,P00406,LOC0118,2026-04-13 01:34:00,0.99,DIG005396,இடத்தை பகிர்ந்தார்,,,
EVT_DIG005397,transfer,P00238,P00816,LOC0144,2026-08-18 00:00:00,0.99,DIG005397,പണം അയച്ചു,,,
EVT_DIG005398,meeting,P00805,P00602,LOC0016,2026-01-12 00:02:00,0.99,DIG005398,ಭೇಟಿಯಾದರು,,,
EVT_DIG005399,transfer,P00870,P00674,LOC0148,2026-04-27 00:50:00,0.99,DIG005399,টাকা পাঠিয়েছে,,,
EVT_DIG005400,communication,P00688,P00218,LOC0073,2026-07-02 13:25:00,0.99,DIG005400,ఫోన్ చేశారు,,,
EVT_DIG005401,movement,P00830,P00229,LOC0089,2026-02-17 01:33:00,0.99,DIG005401,സ്ഥലം പങ്കിട്ടു,,,
EVT_DIG005402,meeting,P00548,P00816,LOC0077,2026-07-05 15:32:00,0.99,DIG005402,दौरा किया,,,
EVT_DIG005403,movement,P00613,P00288,LOC0076,2026-08-06 02:23:00,0.99,DIG005403,இடத்தை பகிர்ந்தார்,,,
EVT_DIG005404,communication,P00278,P00414,LOC0099,2026-08-07 22:14:00,0.99,DIG005404,فون کیا,,,
EVT_DIG005405,transfer,P00232,P00588,LOC0019,2026-05-05 06:43:00,0.99,DIG005405,பணம் அனுப்பினார்,,,
EVT_DIG005406,communication,P00496,P00765,LOC0011,2026-03-02 09:05:00,0.99,DIG005406,संपर्क केला,,,
EVT_DIG005407,movement,P00834,P00662,LOC0034,2026-04-26 01:04:00,0.99,DIG005407,مقام شیئر کیا,,,
EVT_DIG005408,transfer,P00144,P00651,LOC0176,2026-06-10 14:45:00,0.99,DIG005408,డబ్బు పంపారు,,,
EVT_DIG005409,communication,P00811,P00643,LOC0107,2026-08-24 18:46:00,0.99,DIG005409,ਸੁਨੇਹਾ ਭੇਜਿਆ,,,
EVT_DIG005410,communication,P00217,P00947,LOC0041,2026-05-11 18:14:00,0.99,DIG005410,ફોન કર્યો,,,
EVT_DIG005411,communication,P00363,P00385,LOC0110,2026-05-06 00:39:00,0.99,DIG005411,సంప్రదించారు,,,
EVT_DIG005412,meeting,P00598,P00307,LOC0147,2026-04-30 18:56:00,0.99,DIG005412,ਮੁਲਾਕਾਤ ਕੀਤੀ,,,
EVT_DIG005413,transfer,P00475,P00222,LOC0177,2026-04-24 04:21:00,0.99,DIG005413,డబ్బు పంపారు,,,
EVT_DIG005414,meeting,P00396,P00112,LOC0113,2026-04-16 16:14:00,0.99,DIG005414,சந்தித்தார்,,,
EVT_DIG005415,communication,P00107,P00511,LOC0030,2026-06-23 11:58:00,0.99,DIG005415,sent a message to,,,
EVT_DIG005416,meeting,P00424,P00758,LOC0011,2026-06-05 02:57:00,0.99,DIG005416,পরিদর্শন করেছে,,,
EVT_DIG005417,movement,P00653,P00887,LOC0180,2026-07-16 23:28:00,0.99,DIG005417,இடத்தை பகிர்ந்தார்,,,
EVT_DIG005418,communication,P00979,P00172,LOC0121,2026-04-26 13:31:00,0.99,DIG005418,ফোন করেছে,,,
EVT_DIG005419,communication,P00220,P00398,LOC0098,2026-03-31 14:22:00,0.99,DIG005419,پیغام بھیجا,,,
EVT_DIG005420,communication,P00937,P00766,LOC0094,2026-01-19 16:26:00,0.99,DIG005420,رابطہ کیا,,,
EVT_DIG005421,communication,P00187,P00248,LOC0013,2026-04-20 21:24:00,0.99,DIG005421,پیغام بھیجا,,,
EVT_DIG005422,meeting,P00861,P00661,LOC0052,2026-08-13 02:53:00,0.99,DIG005422,കണ്ടുമുട്ടി,,,
EVT_DIG005423,communication,P00226,P00051,LOC0104,2026-03-04 23:55:00,0.99,DIG005423,বার্তা পাঠিয়েছে,,,
EVT_DIG005424,movement,P00171,P00700,LOC0167,2026-07-17 22:24:00,0.99,DIG005424,स्थान साझा किया,,,
EVT_DIG005425,communication,P00632,P00803,LOC0056,2026-01-09 21:11:00,0.99,DIG005425,സന്ദേശം അയച്ചു,,,
EVT_DIG005426,communication,P00281,P00513,LOC0139,2026-03-15 23:43:00,0.99,DIG005426,સંપર્ક કર્યો,,,
EVT_DIG005427,communication,P00938,P00357,LOC0169,2026-01-20 04:22:00,0.99,DIG005427,సందేశం పంపారు,,,
EVT_DIG005428,movement,P00468,P00250,LOC0070,2026-05-11 16:22:00,0.99,DIG005428,స్థానం పంచుకున్నారు,,,
EVT_DIG005429,communication,P00697,P00858,LOC0035,2026-06-13 10:37:00,0.99,DIG005429,വിളിച്ചു,,,
EVT_DIG005430,meeting,P00974,P00831,LOC0052,2026-03-29 13:28:00,0.99,DIG005430,ಭೇಟಿಯಾದರು,,,
EVT_DIG005431,meeting,P00569,P00422,LOC0142,2026-07-11 16:36:00,0.99,DIG005431,दौरा किया,,,
EVT_DIG005432,transfer,P00027,P00934,LOC0004,2026-05-13 15:28:00,0.99,DIG005432,பணம் அனுப்பினார்,,,
EVT_DIG005433,communication,P00144,P00907,LOC0168,2026-05-22 08:21:00,0.99,DIG005433,फोन केला,,,
EVT_DIG005434,movement,P00470,P00396,LOC0008,2026-04-15 15:05:00,0.99,DIG005434,ਸਥਾਨ ਸਾਂਝਾ ਕੀਤਾ,,,
EVT_DIG005435,transfer,P00683,P00378,LOC0045,2026-07-15 09:52:00,0.99,DIG005435,টাকা পাঠিয়েছে,,,
EVT_DIG005436,communication,P00418,P00592,LOC0081,2026-02-10 11:51:00,0.99,DIG005436,संदेश भेजा,,,
EVT_DIG005437,meeting,P00313,P00672,LOC0047,2026-02-20 09:22:00,0.99,DIG005437,ಭೇಟಿ ನೀಡಿದರು,,,
EVT_DIG005438,communication,P00561,P00791,LOC0139,2026-05-22 10:23:00,0.99,DIG005438,அழைத்தார்,,,
EVT_DIG005439,meeting,P00559,P00367,LOC0150,2026-04-18 13:24:00,0.99,DIG005439,મળ્યા,,,
EVT_DIG005440,communication,P00349,P00585,LOC0051,2026-03-06 15:13:00,0.99,DIG005440,پیغام بھیجا,,,
EVT_DIG005441,transfer,P00514,P00206,LOC0077,2026-08-01 01:07:00,0.99,DIG005441,பணம் அனுப்பினார்,,,
EVT_DIG005442,transfer,P00445,P00757,LOC0177,2026-01-10 13:38:00,0.99,DIG005442,பணம் அனுப்பினார்,,,
EVT_DIG005443,communication,P00547,P00150,LOC0040,2026-01-15 08:27:00,0.99,DIG005443,ફોન કર્યો,,,
EVT_DIG005444,communication,P00950,P00870,LOC0115,2026-02-08 02:30:00,0.99,DIG005444,సందేశం పంపారు,,,
EVT_DIG005445,communication,P00045,P00241,LOC0174,2026-08-13 22:50:00,0.99,DIG005445,ఫోన్ చేశారు,,,
EVT_DIG005446,meeting,P00266,P00645,LOC0073,2026-08-08 17:49:00,0.99,DIG005446,ملاقات کی,,,
EVT_DIG005447,communication,P00477,P00202,LOC0024,2026-02-27 08:25:00,0.99,DIG005447,বার্তা পাঠিয়েছে,,,
EVT_DIG005448,meeting,P00507,P00344,LOC0177,2026-05-31 22:41:00,0.99,DIG005448,சென்றார்,,,
EVT_DIG005449,meeting,P00030,P00699,LOC0125,2026-05-30 11:26:00,0.99,DIG005449,சென்றார்,,,
EVT_DIG005450,meeting,P00326,P00610,LOC0131,2026-01-17 14:33:00,0.99,DIG005450,મુલાકાત લીધી,,,
EVT_DIG005451,communication,P00659,P00655,LOC0161,2026-02-08 00:55:00,0.99,DIG005451,సందేశం పంపారు,,,
EVT_DIG005452,movement,P00414,P00138,LOC0111,2026-01-08 00:07:00,0.99,DIG005452,સ્થાન શેર કર્યું,,,
EVT_DIG005453,movement,P00145,P00958,LOC0070,2026-03-20 20:07:00,0.99,DIG005453,स्थान साझा किया,,,
EVT_DIG005454,communication,P00307,P00091,LOC0053,2026-03-25 02:19:00,0.99,DIG005454,फोन केला,,,
EVT_DIG005455,meeting,P00980,P00886,LOC0033,2026-04-11 02:58:00,0.99,DIG005455,met,,,
EVT_DIG005456,meeting,P00611,P00293,LOC0070,2026-01-10 00:57:00,0.99,DIG005456,കണ്ടുമുട്ടി,,,
EVT_DIG005457,communication,P00955,P00023,LOC0090,2026-08-21 20:32:00,0.99,DIG005457,ਸੰਪਰਕ ਕੀਤਾ,,,
EVT_DIG005458,movement,P00697,P00495,LOC0087,2026-07-09 16:02:00,0.99,DIG005458,स्थान साझा किया,,,
EVT_DIG005459,meeting,P00787,P00496,LOC0108,2026-05-30 01:23:00,0.99,DIG005459,দেখা করেছে,,,
EVT_DIG005460,communication,P00639,P00540,LOC0149,2026-06-30 20:53:00,0.99,DIG005460,വിളിച്ചു,,,
EVT_DIG005461,communication,P00913,P00101,LOC0085,2026-07-01 07:53:00,0.99,DIG005461,যোগাযোগ করেছে,,,
EVT_DIG005462,communication,P00031,P00362,LOC0044,2026-02-23 01:39:00,0.99,DIG005462,ফোন করেছে,,,
EVT_DIG005463,movement,P00809,P00273,LOC0046,2026-06-25 01:20:00,0.99,DIG005463,ਸਥਾਨ ਸਾਂਝਾ ਕੀਤਾ,,,
EVT_DIG005464,communication,P00483,P00864,LOC0091,2026-07-19 21:56:00,0.99,DIG005464,సంప్రదించారు,,,
EVT_DIG005465,communication,P00076,P00420,LOC0056,2026-04-06 10:49:00,0.99,DIG005465,ಕರೆ ಮಾಡಿದರು,,,
EVT_DIG005466,communication,P00177,P00592,LOC0118,2026-04-25 19:25:00,0.99,DIG005466,அழைத்தார்,,,
EVT_DIG005467,transfer,P00619,P00212,LOC0148,2026-06-04 20:00:00,0.99,DIG005467,નાણાં મોકલ્યાં,,,
EVT_DIG005468,movement,P00082,P00430,LOC0136,2026-08-30 05:26:00,0.99,DIG005468,स्थान साझा किया,,,
EVT_DIG005469,communication,P00377,P00655,LOC0172,2026-01-29 10:12:00,0.99,DIG005469,அழைத்தார்,,,
EVT_DIG005470,communication,P00240,P00201,LOC0097,2026-04-09 16:13:00,0.99,DIG005470,फोन केला,,,
EVT_DIG005471,communication,P00229,P00059,LOC0140,2026-07-23 13:25:00,0.99,DIG005471,செய்தி அனுப்பினார்,,,
EVT_DIG005472,meeting,P00556,P00123,LOC0105,2026-04-21 09:30:00,0.99,DIG005472,കണ്ടുമുട്ടി,,,
EVT_DIG005473,meeting,P00126,P00132,LOC0064,2026-06-01 21:34:00,0.99,DIG005473,পরিদর্শন করেছে,,,
EVT_DIG005474,transfer,P00902,P00351,LOC0050,2026-05-04 15:33:00,0.99,DIG005474,નાણાં મોકલ્યાં,,,
EVT_DIG005475,communication,P00128,P00729,LOC0029,2026-07-09 04:01:00,0.99,DIG005475,संदेश भेजा,,,
EVT_DIG005476,communication,P00901,P00731,LOC0023,2026-04-13 05:36:00,0.99,DIG005476,സന്ദേശം അയച്ചു,,,
EVT_DIG005477,transfer,P00095,P00209,LOC0076,2026-04-17 00:53:00,0.99,DIG005477,డబ్బు పంపారు,,,
EVT_DIG005478,movement,P00304,P00656,LOC0162,2026-04-23 17:56:00,0.99,DIG005478,স্থান ভাগ করেছে,,,
EVT_DIG005479,vehicle_use,P00345,P00523,LOC0011,2026-08-07 13:53:00,0.99,DIG005479,वाहन का उपयोग किया,,,
EVT_DIG005480,meeting,P00073,P00513,LOC0013,2026-06-29 17:07:00,0.99,DIG005480,দেখা করেছে,,,
EVT_DIG005481,communication,P00282,P00436,LOC0071,2026-02-16 13:23:00,0.99,DIG005481,ফোন করেছে,,,
EVT_DIG005482,communication,P00711,P00754,LOC0036,2026-01-20 05:29:00,0.99,DIG005482,contacted,,,
EVT_DIG005483,communication,P00414,P00662,LOC0137,2026-07-09 09:33:00,0.99,DIG005483,ફોન કર્યો,,,
EVT_DIG005484,communication,P00547,P00276,LOC0065,2026-01-07 21:51:00,0.99,DIG005484,संदेश पाठवला,,,
EVT_DIG005485,meeting,P00264,P00152,LOC0144,2026-05-06 11:14:00,0.99,DIG005485,వెళ్లారు,,,
EVT_DIG005486,communication,P00129,P00995,LOC0162,2026-05-25 11:29:00,0.99,DIG005486,ফোন করেছে,,,
EVT_DIG005487,meeting,P00136,P00782,LOC0090,2026-02-01 16:11:00,0.99,DIG005487,ಭೇಟಿಯಾದರು,,,
EVT_DIG005488,meeting,P00779,P00802,LOC0047,2026-04-28 05:43:00,0.99,DIG005488,મળ્યા,,,
EVT_DIG005489,meeting,P00535,P00274,LOC0103,2026-08-19 15:51:00,0.99,DIG005489,دورہ کیا,,,
EVT_DIG005490,transfer,P00944,P00749,LOC0178,2026-02-22 12:42:00,0.99,DIG005490,transferred funds to,,,
EVT_DIG005491,meeting,P00427,P00115,LOC0129,2026-05-06 10:05:00,0.99,DIG005491,دورہ کیا,,,
EVT_DIG005492,movement,P00895,P00769,LOC0091,2026-06-22 17:40:00,0.99,DIG005492,مقام شیئر کیا,,,
EVT_DIG005493,meeting,P00068,P00889,LOC0125,2026-07-07 02:25:00,0.99,DIG005493,ಭೇಟಿಯಾದರು,,,
EVT_DIG005494,meeting,P00663,P00276,LOC0056,2026-07-03 19:47:00,0.99,DIG005494,পরিদর্শন করেছে,,,
EVT_DIG005495,communication,P00454,P00040,LOC0160,2026-01-11 17:59:00,0.99,DIG005495,సందేశం పంపారు,,,
EVT_DIG005496,communication,P00095,P00216,LOC0178,2026-08-06 10:53:00,0.99,DIG005496,સંપર્ક કર્યો,,,
EVT_DIG005497,communication,P00581,P00405,LOC0129,2026-07-25 10:51:00,0.99,DIG005497,સંપર્ક કર્યો,,,
EVT_DIG005498,transfer,P00120,P00699,LOC0034,2026-05-01 08:33:00,0.99,DIG005498,টাকা পাঠিয়েছে,,,
EVT_DIG005499,communication,P00224,P00312,LOC0025,2026-04-07 08:00:00,0.99,DIG005499,ਫੋਨ ਕੀਤਾ,,,
EVT_DIG005500,communication,P00204,P00755,LOC0128,2026-06-22 04:26:00,0.99,DIG005500,called,,,
EVT_DIG005501,meeting,P00182,P00587,LOC0115,2026-05-28 03:56:00,0.99,DIG005501,സന്ദർശിച്ചു,,,
EVT_DIG005502,meeting,P00130,P00564,LOC0104,2026-04-19 08:39:00,0.99,DIG005502,পরিদর্শন করেছে,,,
EVT_DIG005503,communication,P00001,P00993,LOC0143,2026-05-11 16:37:00,0.99,DIG005503,સંદેશ મોકલ્યો,,,
EVT_DIG005504,meeting,P00924,P00330,LOC0007,2026-08-21 07:39:00,0.99,DIG005504,મુલાકાત લીધી,,,
EVT_DIG005505,communication,P00765,P00903,LOC0054,2026-01-06 09:10:00,0.99,DIG005505,رابطہ کیا,,,
EVT_DIG005506,communication,P00350,P00649,LOC0061,2026-01-27 06:52:00,0.99,DIG005506,ਸੰਪਰਕ ਕੀਤਾ,,,
EVT_DIG005507,movement,P00048,P00896,LOC0011,2026-08-09 14:08:00,0.99,DIG005507,ਸਥਾਨ ਸਾਂਝਾ ਕੀਤਾ,,,
EVT_DIG005508,vehicle_use,P00251,P00702,LOC0056,2026-08-20 02:26:00,0.99,DIG005508,used a vehicle,,,
EVT_DIG005509,meeting,P00873,P00455,LOC0104,2026-07-19 06:50:00,0.99,DIG005509,મુલાકાત લીધી,,,
EVT_DIG005510,communication,P00908,P00858,LOC0060,2026-04-01 10:31:00,0.99,DIG005510,సంప్రదించారు,,,
EVT_DIG005511,communication,P00629,P00507,LOC0077,2026-08-26 14:07:00,0.99,DIG005511,پیغام بھیجا,,,
EVT_DIG005512,communication,P00729,P00606,LOC0180,2026-08-14 21:06:00,0.99,DIG005512,அழைத்தார்,,,
EVT_DIG005513,transfer,P00316,P00949,LOC0105,2026-03-22 07:34:00,0.99,DIG005513,ಹಣ ಕಳುಹಿಸಿದರು,,,
EVT_DIG005514,movement,P00031,P00899,LOC0070,2026-04-25 21:56:00,0.99,DIG005514,shared a location with,,,
EVT_DIG005515,meeting,P00767,P00443,LOC0144,2026-06-23 07:21:00,0.99,DIG005515,சந்தித்தார்,,,
EVT_DIG005516,communication,P00527,P00898,LOC0061,2026-08-04 10:40:00,0.99,DIG005516,ਸੁਨੇਹਾ ਭੇਜਿਆ,,,
EVT_DIG005517,communication,P00375,P00065,LOC0158,2026-05-11 22:25:00,0.99,DIG005517,സന്ദേശം അയച്ചു,,,
EVT_DIG005518,meeting,P00432,P00796,LOC0029,2026-05-11 19:24:00,0.99,DIG005518,ملاقات کی,,,
EVT_DIG005519,meeting,P00980,P00736,LOC0162,2026-02-26 22:04:00,0.99,DIG005519,కలిశారు,,,
EVT_DIG005520,communication,P00559,P00848,LOC0142,2026-04-03 14:37:00,0.99,DIG005520,സന്ദേശം അയച്ചു,,,
EVT_DIG005521,communication,P00546,P00074,LOC0176,2026-07-24 16:31:00,0.99,DIG005521,বার্তা পাঠিয়েছে,,,
EVT_DIG005522,transfer,P00932,P00167,LOC0140,2026-06-07 21:47:00,0.99,DIG005522,transferred funds to,,,
EVT_DIG005523,movement,P00730,P00577,LOC0174,2026-04-08 11:15:00,0.99,DIG005523,ਸਥਾਨ ਸਾਂਝਾ ਕੀਤਾ,,,
EVT_DIG005524,movement,P00055,P00746,LOC0136,2026-02-16 01:51:00,0.99,DIG005524,स्थान साझा किया,,,
EVT_DIG005525,movement,P00131,P00497,LOC0063,2026-03-31 21:13:00,0.99,DIG005525,ಸ್ಥಳ ಹಂಚಿಕೊಂಡರು,,,
EVT_DIG005526,communication,P00075,P00359,LOC0032,2026-08-08 13:58:00,0.99,DIG005526,যোগাযোগ করেছে,,,
EVT_DIG005527,meeting,P00524,P00397,LOC0043,2026-06-12 02:04:00,0.99,DIG005527,दौरा किया,,,
EVT_DIG005528,communication,P00717,P00675,LOC0066,2026-05-20 09:17:00,0.99,DIG005528,संदेश भेजा,,,
EVT_DIG005529,communication,P00783,P00894,LOC0115,2026-08-29 14:33:00,0.99,DIG005529,સંદેશ મોકલ્યો,,,
EVT_DIG005530,transfer,P00031,P00656,LOC0136,2026-07-09 07:00:00,0.99,DIG005530,पैसे पाठवले,,,
EVT_DIG005531,meeting,P00340,P00225,LOC0001,2026-01-26 02:49:00,0.99,DIG005531,ಭೇಟಿ ನೀಡಿದರು,,,
EVT_DIG005532,communication,P00168,P00505,LOC0142,2026-03-08 11:09:00,0.99,DIG005532,संदेश भेजा,,,
EVT_DIG005533,transfer,P00454,P00316,LOC0152,2026-06-30 02:53:00,0.99,DIG005533,નાણાં મોકલ્યાં,,,
EVT_DIG005534,movement,P00989,P00045,LOC0165,2026-04-23 15:22:00,0.99,DIG005534,shared a location with,,,
EVT_DIG005535,meeting,P00850,P00413,LOC0061,2026-03-30 15:08:00,0.99,DIG005535,મળ્યા,,,
EVT_DIG005536,meeting,P00278,P00094,LOC0161,2026-02-24 11:09:00,0.99,DIG005536,मिला,,,
EVT_DIG005537,meeting,P00483,P00004,LOC0070,2026-03-06 10:54:00,0.99,DIG005537,சந்தித்தார்,,,
EVT_DIG005538,communication,P00193,P00296,LOC0104,2026-08-20 12:18:00,0.99,DIG005538,സന്ദേശം അയച്ചു,,,
EVT_DIG005539,communication,P00224,P00064,LOC0069,2026-04-19 03:12:00,0.99,DIG005539,సంప్రదించారు,,,
EVT_DIG005540,meeting,P00730,P00113,LOC0144,2026-03-02 09:44:00,0.99,DIG005540,met,,,
EVT_DIG005541,communication,P00816,P00158,LOC0129,2026-08-18 06:57:00,0.99,DIG005541,సంప్రదించారు,,,
EVT_DIG005542,meeting,P00063,P00629,LOC0037,2026-04-22 17:58:00,0.99,DIG005542,મુલાકાત લીધી,,,
EVT_DIG005543,communication,P00367,P00127,LOC0018,2026-05-15 07:41:00,0.99,DIG005543,செய்தி அனுப்பினார்,,,
EVT_DIG005544,transfer,P00373,P00195,LOC0166,2026-08-27 00:42:00,0.99,DIG005544,નાણાં મોકલ્યાં,,,
EVT_DIG005545,movement,P00292,P00503,LOC0120,2026-08-29 22:49:00,0.99,DIG005545,مقام شیئر کیا,,,
EVT_DIG005546,communication,P00951,P00359,LOC0143,2026-04-17 15:42:00,0.99,DIG005546,संपर्क किया,,,
EVT_DIG005547,communication,P00023,P00168,LOC0122,2026-07-21 09:20:00,0.99,DIG005547,contacted,,,
EVT_DIG005548,communication,P00398,P00141,LOC0180,2026-05-22 05:21:00,0.99,DIG005548,அழைத்தார்,,,
EVT_DIG005549,meeting,P00508,P00825,LOC0080,2026-02-15 14:31:00,0.99,DIG005549,കണ്ടുമുട്ടി,,,
EVT_DIG005550,communication,P00869,P00864,LOC0139,2026-06-22 06:02:00,0.99,DIG005550,ফোন করেছে,,,
EVT_DIG005551,communication,P00079,P00533,LOC0104,2026-08-26 05:51:00,0.99,DIG005551,फोन केला,,,
EVT_DIG005552,communication,P00506,P00207,LOC0167,2026-04-27 01:57:00,0.99,DIG005552,సందేశం పంపారు,,,
EVT_DIG005553,meeting,P00164,P00503,LOC0056,2026-08-22 11:48:00,0.99,DIG005553,visited,,,
EVT_DIG005554,meeting,P00276,P00248,LOC0064,2026-01-03 05:08:00,0.99,DIG005554,دورہ کیا,,,
EVT_DIG005555,communication,P00550,P00370,LOC0077,2026-04-12 09:18:00,0.99,DIG005555,فون کیا,,,
EVT_DIG005556,meeting,P00476,P00382,LOC0078,2026-08-05 00:38:00,0.99,DIG005556,دورہ کیا,,,
EVT_DIG005557,movement,P00928,P00384,LOC0016,2026-07-14 02:57:00,0.99,DIG005557,ਸਥਾਨ ਸਾਂਝਾ ਕੀਤਾ,,,
EVT_DIG005558,meeting,P00747,P00452,LOC0155,2026-06-02 22:56:00,0.99,DIG005558,دورہ کیا,,,
EVT_DIG005559,communication,P00702,P00675,LOC0124,2026-08-24 01:40:00,0.99,DIG005559,સંપર્ક કર્યો,,,
EVT_DIG005560,transfer,P00704,P00361,LOC0080,2026-02-28 17:39:00,0.99,DIG005560,transferred funds to,,,
EVT_DIG005561,meeting,P00332,P00401,LOC0152,2026-03-22 15:38:00,0.99,DIG005561,met,,,
EVT_DIG005562,transfer,P00501,P00040,LOC0050,2026-04-29 13:07:00,0.99,DIG005562,ਪੈਸੇ ਭੇਜੇ,,,
EVT_DIG005563,communication,P00038,P00743,LOC0178,2026-01-20 22:14:00,0.99,DIG005563,संदेश पाठवला,,,
EVT_DIG005564,vehicle_use,P00386,P00160,LOC0060,2026-05-12 16:42:00,0.99,DIG005564,used a vehicle,,,
EVT_DIG005565,meeting,P00409,P00759,LOC0126,2026-01-24 01:52:00,0.99,DIG005565,મળ્યા,,,
EVT_DIG005566,communication,P00948,P00716,LOC0129,2026-05-30 03:57:00,0.99,DIG005566,فون کیا,,,
EVT_DIG005567,communication,P00028,P00104,LOC0076,2026-02-10 07:16:00,0.99,DIG005567,called,,,
EVT_DIG005568,communication,P00570,P00656,LOC0001,2026-01-27 05:50:00,0.99,DIG005568,ਸੰਪਰਕ ਕੀਤਾ,,,
EVT_DIG005569,transfer,P00298,P00629,LOC0146,2026-06-08 17:11:00,0.99,DIG005569,رقم منتقل کی,,,
EVT_DIG005570,communication,P00671,P00786,LOC0114,2026-08-10 08:27:00,0.99,DIG005570,फोन केला,,,
EVT_DIG005571,meeting,P00617,P00324,LOC0141,2026-04-24 03:33:00,0.99,DIG005571,സന്ദർശിച്ചു,,,
EVT_DIG005572,meeting,P00833,P00149,LOC0092,2026-03-26 11:32:00,0.99,DIG005572,دورہ کیا,,,
EVT_DIG005573,movement,P00868,P00260,LOC0133,2026-06-06 00:21:00,0.99,DIG005573,સ્થાન શેર કર્યું,,,
EVT_DIG005574,meeting,P00566,P00203,LOC0019,2026-01-17 09:32:00,0.99,DIG005574,ਮੁਲਾਕਾਤ ਕੀਤੀ,,,
EVT_DIG005575,transfer,P00915,P00449,LOC0084,2026-06-05 03:19:00,0.99,DIG005575,డబ్బు పంపారు,,,
EVT_DIG005576,meeting,P00281,P00250,LOC0085,2026-05-22 07:49:00,0.99,DIG005576,சந்தித்தார்,,,
EVT_DIG005577,meeting,P00779,P00907,LOC0163,2026-04-22 20:02:00,0.99,DIG005577,சென்றார்,,,
EVT_DIG005578,meeting,P00028,P00912,LOC0019,2026-01-05 22:39:00,0.99,DIG005578,دورہ کیا,,,
EVT_DIG005579,meeting,P00091,P00886,LOC0109,2026-03-12 16:39:00,0.99,DIG005579,મુલાકાત લીધી,,,
EVT_DIG005580,meeting,P00246,P00776,LOC0062,2026-06-30 14:52:00,0.99,DIG005580,സന്ദർശിച്ചു,,,
EVT_DIG005581,communication,P00936,P00666,LOC0018,2026-04-17 22:19:00,0.99,DIG005581,సందేశం పంపారు,,,
EVT_DIG005582,communication,P00889,P00840,LOC0033,2026-03-24 16:53:00,0.99,DIG005582,ఫోన్ చేశారు,,,
EVT_DIG005583,transfer,P00836,P00993,LOC0071,2026-07-13 02:17:00,0.99,DIG005583,பணம் அனுப்பினார்,,,
EVT_DIG005584,meeting,P00243,P00207,LOC0114,2026-06-01 16:32:00,0.99,DIG005584,സന്ദർശിച്ചു,,,
EVT_DIG005585,transfer,P00962,P00148,LOC0094,2026-03-12 19:11:00,0.99,DIG005585,డబ్బు పంపారు,,,
EVT_DIG005586,communication,P00016,P00559,LOC0152,2026-06-09 05:10:00,0.99,DIG005586,సందేశం పంపారు,,,
EVT_DIG005587,communication,P00635,P00032,LOC0114,2026-08-10 08:34:00,0.99,DIG005587,ಸಂಪರ್ಕಿಸಿದರು,,,
EVT_DIG005588,meeting,P00506,P00977,LOC0032,2026-02-11 11:43:00,0.99,DIG005588,भेटला,,,
EVT_DIG005589,communication,P00386,P00669,LOC0003,2026-06-13 14:00:00,0.99,DIG005589,ബന്ധപ്പെട്ടു,,,
EVT_DIG005590,meeting,P00187,P00582,LOC0168,2026-05-25 18:44:00,0.99,DIG005590,சந்தித்தார்,,,
EVT_DIG005591,communication,P00640,P00843,LOC0156,2026-02-04 18:16:00,0.99,DIG005591,called,,,
EVT_DIG005592,transfer,P00739,P00047,LOC0105,2026-01-30 07:17:00,0.99,DIG005592,transferred funds to,,,
EVT_DIG005593,communication,P00164,P00196,LOC0044,2026-08-01 22:42:00,0.99,DIG005593,ਫੋਨ ਕੀਤਾ,,,
EVT_DIG005594,communication,P00154,P00014,LOC0016,2026-01-09 04:04:00,0.99,DIG005594,संदेश पाठवला,,,
EVT_DIG005595,meeting,P00981,P00213,LOC0142,2026-04-11 08:53:00,0.99,DIG005595,भेट दिली,,,
EVT_DIG005596,transfer,P00355,P00030,LOC0137,2026-05-10 14:09:00,0.99,DIG005596,ಹಣ ಕಳುಹಿಸಿದರು,,,
EVT_DIG005597,communication,P00012,P00069,LOC0026,2026-07-22 21:24:00,0.99,DIG005597,தொடர்பு கொண்டார்,,,
EVT_DIG005598,meeting,P00421,P00280,LOC0165,2026-07-15 21:40:00,0.99,DIG005598,കണ്ടുമുട്ടി,,,
EVT_DIG005599,communication,P00282,P00816,LOC0070,2026-03-08 00:21:00,0.99,DIG005599,फोन किया,,,
EVT_DIG005600,movement,P00149,P00647,LOC0077,2026-05-23 04:15:00,0.99,DIG005600,ठिकाण शेअर केले,,,
EVT_DIG005601,meeting,P00807,P00727,LOC0151,2026-06-15 00:51:00,0.99,DIG005601,వెళ్లారు,,,
EVT_DIG005602,communication,P00440,P00405,LOC0043,2026-05-30 16:04:00,0.99,DIG005602,फोन केला,,,
EVT_DIG005603,meeting,P00238,P00576,LOC0007,2026-02-15 19:27:00,0.99,DIG005603,சென்றார்,,,
EVT_DIG005604,meeting,P00314,P00162,LOC0173,2026-05-31 11:45:00,0.99,DIG005604,కలిశారు,,,
EVT_DIG005605,communication,P00590,P00179,LOC0080,2026-04-01 12:20:00,0.99,DIG005605,বার্তা পাঠিয়েছে,,,
EVT_DIG005606,communication,P00078,P00367,LOC0010,2026-05-22 03:20:00,0.99,DIG005606,సంప్రదించారు,,,
EVT_DIG005607,vehicle_use,P00300,P00894,LOC0045,2026-05-19 09:52:00,0.99,DIG005607,वाहन का उपयोग किया,,,
EVT_DIG005608,transfer,P00092,P00528,LOC0045,2026-06-12 11:00:00,0.99,DIG005608,ਪੈਸੇ ਭੇਜੇ,,,
EVT_DIG005609,communication,P00920,P00070,LOC0013,2026-08-26 19:16:00,0.99,DIG005609,அழைத்தார்,,,
EVT_DIG005610,meeting,P00559,P00030,LOC0155,2026-08-09 18:28:00,0.99,DIG005610,ಭೇಟಿಯಾದರು,,,
EVT_DIG005611,transfer,P00939,P00696,LOC0094,2026-06-14 04:04:00,0.99,DIG005611,ಹಣ ಕಳುಹಿಸಿದರು,,,
EVT_DIG005612,communication,P00436,P00515,LOC0122,2026-02-02 18:31:00,0.99,DIG005612,پیغام بھیجا,,,
EVT_DIG005613,meeting,P00301,P00896,LOC0120,2026-02-17 21:40:00,0.99,DIG005613,ਮੁਲਾਕਾਤ ਕੀਤੀ,,,
EVT_DIG005614,communication,P00026,P00277,LOC0046,2026-04-21 05:02:00,0.99,DIG005614,ಕರೆ ಮಾಡಿದರು,,,
EVT_DIG005615,communication,P00533,P00679,LOC0116,2026-01-10 20:37:00,0.99,DIG005615,called,,,
EVT_DIG005616,meeting,P00304,P00183,LOC0021,2026-04-10 02:36:00,0.99,DIG005616,મુલાકાત લીધી,,,
EVT_DIG005617,communication,P00351,P00757,LOC0114,2026-06-04 00:39:00,0.99,DIG005617,સંદેશ મોકલ્યો,,,
EVT_DIG005618,communication,P00589,P00843,LOC0106,2026-04-13 01:33:00,0.99,DIG005618,ಕರೆ ಮಾಡಿದರು,,,
EVT_DIG005619,movement,P00858,P00940,LOC0065,2026-02-21 14:25:00,0.99,DIG005619,ਸਥਾਨ ਸਾਂਝਾ ਕੀਤਾ,,,
EVT_DIG005620,communication,P00557,P00877,LOC0069,2026-01-12 16:25:00,0.99,DIG005620,پیغام بھیجا,,,
EVT_DIG005621,movement,P00342,P00891,LOC0108,2026-01-28 07:34:00,0.99,DIG005621,இடத்தை பகிர்ந்தார்,,,
EVT_DIG005622,meeting,P00391,P00336,LOC0093,2026-07-26 20:42:00,0.99,DIG005622,મુલાકાત લીધી,,,
EVT_DIG005623,transfer,P00512,P00982,LOC0019,2026-05-10 05:02:00,0.99,DIG005623,డబ్బు పంపారు,,,
EVT_DIG005624,transfer,P00022,P00221,LOC0158,2026-07-31 03:02:00,0.99,DIG005624,رقم منتقل کی,,,
EVT_DIG005625,movement,P00958,P00024,LOC0136,2026-06-25 12:15:00,0.99,DIG005625,இடத்தை பகிர்ந்தார்,,,
EVT_DIG005626,communication,P00467,P00955,LOC0124,2026-04-06 13:42:00,0.99,DIG005626,செய்தி அனுப்பினார்,,,
EVT_DIG005627,communication,P00026,P00788,LOC0058,2026-06-01 07:56:00,0.99,DIG005627,ಕರೆ ಮಾಡಿದರು,,,
EVT_DIG005628,communication,P00054,P00907,LOC0031,2026-06-27 21:20:00,0.99,DIG005628,ફોન કર્યો,,,
EVT_DIG005629,communication,P00854,P00769,LOC0010,2026-03-30 00:07:00,0.99,DIG005629,ಸಂದೇಶ ಕಳುಹಿಸಿದರು,,,
EVT_DIG005630,communication,P00020,P00856,LOC0155,2026-04-22 21:08:00,0.99,DIG005630,फोन किया,,,
EVT_DIG005631,meeting,P00392,P00700,LOC0083,2026-02-20 15:39:00,0.99,DIG005631,મુલાકાત લીધી,,,
EVT_DIG005632,vehicle_use,P00501,P00169,LOC0085,2026-08-22 22:40:00,0.99,DIG005632,वाहन का उपयोग किया,,,
EVT_DIG005633,transfer,P00060,P00330,LOC0092,2026-05-26 18:44:00,0.99,DIG005633,பணம் அனுப்பினார்,,,
EVT_DIG005634,movement,P00528,P00398,LOC0045,2026-02-04 07:09:00,0.99,DIG005634,স্থান ভাগ করেছে,,,
EVT_DIG005635,transfer,P00900,P00661,LOC0060,2026-06-27 21:25:00,0.99,DIG005635,డబ్బు పంపారు,,,
EVT_DIG005636,transfer,P00948,P00661,LOC0129,2026-02-27 21:18:00,0.99,DIG005636,transferred funds to,,,
EVT_DIG005637,communication,P00385,P00443,LOC0137,2026-01-11 08:41:00,0.99,DIG005637,ফোন করেছে,,,
EVT_DIG005638,meeting,P00288,P00425,LOC0113,2026-08-22 13:54:00,0.99,DIG005638,পরিদর্শন করেছে,,,
EVT_DIG005639,transfer,P00728,P00780,LOC0014,2026-03-08 22:55:00,0.99,DIG005639,transferred funds to,,,
EVT_DIG005640,meeting,P00574,P00352,LOC0099,2026-05-01 00:33:00,0.99,DIG005640,ملاقات کی,,,
EVT_DIG005641,movement,P00245,P00830,LOC0031,2026-06-23 23:32:00,0.99,DIG005641,സ്ഥലം പങ്കിട്ടു,,,
EVT_DIG005642,meeting,P00074,P00360,LOC0099,2026-03-29 18:27:00,0.99,DIG005642,دورہ کیا,,,
EVT_DIG005643,communication,P00897,P00378,LOC0142,2026-04-06 11:46:00,0.99,DIG005643,സന്ദേശം അയച്ചു,,,
EVT_DIG005644,communication,P00095,P00502,LOC0082,2026-03-31 19:29:00,0.99,DIG005644,فون کیا,,,
EVT_DIG005645,meeting,P00874,P00291,LOC0107,2026-01-07 03:46:00,0.99,DIG005645,കണ്ടുമുട്ടി,,,
EVT_DIG005646,transfer,P00218,P00375,LOC0168,2026-08-23 20:19:00,0.99,DIG005646,धन भेजा,,,
EVT_DIG005647,meeting,P00078,P00712,LOC0131,2026-07-29 16:20:00,0.99,DIG005647,দেখা করেছে,,,
EVT_DIG005648,meeting,P00604,P00136,LOC0075,2026-07-24 02:55:00,0.99,DIG005648,भेटला,,,
EVT_DIG005649,meeting,P00111,P00095,LOC0016,2026-01-07 22:57:00,0.99,DIG005649,পরিদর্শন করেছে,,,
EVT_DIG005650,meeting,P00005,P00481,LOC0003,2026-06-29 08:32:00,0.99,DIG005650,സന്ദർശിച്ചു,,,
EVT_DIG005651,transfer,P00059,P00866,LOC0124,2026-06-22 06:54:00,0.99,DIG005651,డబ్బు పంపారు,,,
EVT_DIG005652,communication,P00224,P00745,LOC0067,2026-03-08 11:34:00,0.99,DIG005652,ಸಂಪರ್ಕಿಸಿದರು,,,
EVT_DIG005653,communication,P00635,P00518,LOC0170,2026-01-20 08:38:00,0.99,DIG005653,ਸੰਪਰਕ ਕੀਤਾ,,,
EVT_DIG005654,meeting,P00654,P00401,LOC0111,2026-07-23 07:59:00,0.99,DIG005654,भेटला,,,
EVT_DIG005655,communication,P00542,P00746,LOC0111,2026-04-21 17:24:00,0.99,DIG005655,رابطہ کیا,,,
EVT_DIG005656,communication,P00249,P00880,LOC0052,2026-01-22 10:46:00,0.99,DIG005656,sent a message to,,,
EVT_DIG005657,movement,P00877,P00278,LOC0001,2026-06-17 11:47:00,0.99,DIG005657,સ્થાન શેર કર્યું,,,
EVT_DIG005658,communication,P00501,P00336,LOC0174,2026-08-04 01:42:00,0.99,DIG005658,رابطہ کیا,,,
EVT_DIG005659,meeting,P00902,P00091,LOC0031,2026-01-06 07:39:00,0.99,DIG005659,visited,,,
EVT_DIG005660,transfer,P00833,P00668,LOC0069,2026-03-09 20:59:00,0.99,DIG005660,డబ్బు పంపారు,,,
EVT_DIG005661,meeting,P00598,P00736,LOC0045,2026-03-30 17:25:00,0.99,DIG005661,મુલાકાત લીધી,,,
EVT_DIG005662,transfer,P00737,P00980,LOC0021,2026-08-19 04:01:00,0.99,DIG005662,ਪੈਸੇ ਭੇਜੇ,,,
EVT_DIG005663,meeting,P00160,P00104,LOC0080,2026-02-06 05:22:00,0.99,DIG005663,দেখা করেছে,,,
EVT_DIG005664,movement,P00410,P00529,LOC0142,2026-02-14 11:13:00,0.99,DIG005664,స్థానం పంచుకున్నారు,,,
EVT_DIG005665,communication,P00661,P00950,LOC0089,2026-05-16 23:49:00,0.99,DIG005665,فون کیا,,,
EVT_DIG005666,communication,P00266,P00370,LOC0070,2026-04-03 19:28:00,0.99,DIG005666,संदेश पाठवला,,,
EVT_DIG005667,meeting,P00392,P00303,LOC0173,2026-02-03 03:24:00,0.99,DIG005667,ಭೇಟಿ ನೀಡಿದರು,,,
EVT_DIG005668,movement,P00840,P00617,LOC0136,2026-02-02 06:37:00,0.99,DIG005668,مقام شیئر کیا,,,
EVT_DIG005669,communication,P00264,P00372,LOC0069,2026-07-08 22:03:00,0.99,DIG005669,ફોન કર્યો,,,
EVT_DIG005670,communication,P00420,P00177,LOC0174,2026-03-27 01:12:00,0.99,DIG005670,அழைத்தார்,,,
EVT_DIG005671,vehicle_use,P00634,P00624,LOC0076,2026-05-29 15:52:00,0.99,DIG005671,used a vehicle,,,
EVT_DIG005672,communication,P00472,P00023,LOC0129,2026-08-06 12:07:00,0.99,DIG005672,ಕರೆ ಮಾಡಿದರು,,,
EVT_DIG005673,communication,P00394,P00963,LOC0078,2026-06-22 23:38:00,0.99,DIG005673,رابطہ کیا,,,
EVT_DIG005674,meeting,P00158,P00095,LOC0099,2026-05-16 16:20:00,0.99,DIG005674,મળ્યા,,,
EVT_DIG005675,meeting,P00260,P00987,LOC0150,2026-07-19 06:44:00,0.99,DIG005675,சென்றார்,,,
EVT_DIG005676,transfer,P00690,P00270,LOC0100,2026-02-21 09:38:00,0.99,DIG005676,డబ్బు పంపారు,,,
EVT_DIG005677,meeting,P00928,P00347,LOC0158,2026-01-03 00:27:00,0.99,DIG005677,சென்றார்,,,
EVT_DIG005678,transfer,P00489,P00608,LOC0160,2026-06-06 00:50:00,0.99,DIG005678,transferred funds to,,,
EVT_DIG005679,communication,P00367,P00030,LOC0134,2026-01-07 16:51:00,0.99,DIG005679,sent a message to,,,
EVT_DIG005680,communication,P00008,P00278,LOC0118,2026-03-25 05:40:00,0.99,DIG005680,ಕರೆ ಮಾಡಿದರು,,,
EVT_DIG005681,meeting,P00480,P00663,LOC0121,2026-07-10 03:17:00,0.99,DIG005681,મુલાકાત લીધી,,,
EVT_DIG005682,communication,P00939,P00800,LOC0021,2026-07-08 19:49:00,0.99,DIG005682,যোগাযোগ করেছে,,,
EVT_DIG005683,communication,P00923,P00285,LOC0067,2026-03-20 20:48:00,0.99,DIG005683,ਫੋਨ ਕੀਤਾ,,,
EVT_DIG005684,transfer,P00987,P00046,LOC0008,2026-01-09 14:59:00,0.99,DIG005684,નાણાં મોકલ્યાં,,,
EVT_DIG005685,communication,P00320,P00850,LOC0008,2026-03-24 12:49:00,0.99,DIG005685,સંદેશ મોકલ્યો,,,
EVT_DIG005686,meeting,P00048,P00024,LOC0039,2026-01-26 10:53:00,0.99,DIG005686,കണ്ടുമുട്ടി,,,
EVT_DIG005687,movement,P00616,P00128,LOC0027,2026-04-14 12:30:00,0.99,DIG005687,shared a location with,,,
EVT_DIG005688,communication,P00583,P00136,LOC0031,2026-08-13 21:38:00,0.99,DIG005688,ಸಂಪರ್ಕಿಸಿದರು,,,
EVT_DIG005689,communication,P00443,P00091,LOC0126,2026-01-16 14:05:00,0.99,DIG005689,যোগাযোগ করেছে,,,
EVT_DIG005690,communication,P00784,P00829,LOC0146,2026-08-22 16:59:00,0.99,DIG005690,సంప్రదించారు,,,
EVT_DIG005691,communication,P00919,P00141,LOC0168,2026-07-08 14:03:00,0.99,DIG005691,رابطہ کیا,,,
EVT_DIG005692,communication,P00041,P00348,LOC0118,2026-06-25 08:17:00,0.99,DIG005692,સંપર્ક કર્યો,,,
EVT_DIG005693,communication,P00067,P00177,LOC0010,2026-08-15 13:53:00,0.99,DIG005693,ಸಂಪರ್ಕಿಸಿದರು,,,
EVT_DIG005694,communication,P00717,P00367,LOC0145,2026-08-11 01:28:00,0.99,DIG005694,ਸੁਨੇਹਾ ਭੇਜਿਆ,,,
EVT_DIG005695,communication,P00934,P00776,LOC0004,2026-07-17 00:46:00,0.99,DIG005695,संपर्क किया,,,
EVT_DIG005696,movement,P00724,P00926,LOC0086,2026-05-30 19:15:00,0.99,DIG005696,స్థానం పంచుకున్నారు,,,
EVT_DIG005697,meeting,P00189,P00123,LOC0115,2026-07-26 06:56:00,0.99,DIG005697,met,,,
EVT_DIG005698,transfer,P00272,P00237,LOC0179,2026-06-15 09:33:00,0.99,DIG005698,धन भेजा,,,
EVT_DIG005699,meeting,P00860,P00825,LOC0134,2026-03-29 04:19:00,0.99,DIG005699,ਮਿਲਿਆ,,,
EVT_DIG005700,communication,P00972,P00980,LOC0080,2026-08-09 11:43:00,0.99,DIG005700,ফোন করেছে,,,
EVT_DIG005701,meeting,P00122,P00859,LOC0160,2026-04-05 22:34:00,0.99,DIG005701,ਮੁਲਾਕਾਤ ਕੀਤੀ,,,
EVT_DIG005702,movement,P00406,P00958,LOC0122,2026-01-11 19:14:00,0.99,DIG005702,ಸ್ಥಳ ಹಂಚಿಕೊಂಡರು,,,
EVT_DIG005703,movement,P00424,P00493,LOC0059,2026-05-17 16:57:00,0.99,DIG005703,स्थान साझा किया,,,
EVT_DIG005704,communication,P00907,P00848,LOC0083,2026-01-10 04:30:00,0.99,DIG005704,સંદેશ મોકલ્યો,,,
EVT_DIG005705,vehicle_use,P00996,P00214,LOC0142,2026-01-07 20:26:00,0.99,DIG005705,used a vehicle,,,
EVT_DIG005706,meeting,P00526,P00527,LOC0071,2026-03-02 17:37:00,0.99,DIG005706,കണ്ടുമുട്ടി,,,
EVT_DIG005707,movement,P00491,P00421,LOC0006,2026-01-14 18:22:00,0.99,DIG005707,സ്ഥലം പങ്കിട്ടു,,,
EVT_DIG005708,movement,P00994,P00080,LOC0083,2026-01-15 15:37:00,0.99,DIG005708,ਸਥਾਨ ਸਾਂਝਾ ਕੀਤਾ,,,
EVT_DIG005709,meeting,P00116,P00335,LOC0147,2026-08-26 06:23:00,0.99,DIG005709,వెళ్లారు,,,
EVT_DIG005710,meeting,P00877,P00832,LOC0078,2026-01-05 06:38:00,0.99,DIG005710,visited,,,
EVT_DIG005711,meeting,P00810,P00308,LOC0106,2026-02-25 13:12:00,0.99,DIG005711,मिला,,,
EVT_DIG005712,movement,P00829,P00995,LOC0074,2026-06-05 11:30:00,0.99,DIG005712,ਸਥਾਨ ਸਾਂਝਾ ਕੀਤਾ,,,
EVT_DIG005713,movement,P00516,P00055,LOC0003,2026-06-25 18:40:00,0.99,DIG005713,ठिकाण शेअर केले,,,
EVT_DIG005714,transfer,P00550,P00713,LOC0002,2026-03-31 02:37:00,0.99,DIG005714,ਪੈਸੇ ਭੇਜੇ,,,
EVT_DIG005715,meeting,P00376,P00430,LOC0098,2026-03-16 22:53:00,0.99,DIG005715,दौरा किया,,,
EVT_DIG005716,communication,P00161,P00362,LOC0173,2026-03-06 20:38:00,0.99,DIG005716,پیغام بھیجا,,,
EVT_DIG005717,communication,P00925,P00760,LOC0159,2026-04-09 01:08:00,0.99,DIG005717,செய்தி அனுப்பினார்,,,
EVT_DIG005718,movement,P00621,P00173,LOC0117,2026-07-30 04:40:00,0.99,DIG005718,ठिकाण शेअर केले,,,
EVT_DIG005719,meeting,P00044,P00699,LOC0122,2026-01-04 19:49:00,0.99,DIG005719,मिला,,,
EVT_DIG005720,transfer,P00522,P00854,LOC0174,2026-01-02 22:50:00,0.99,DIG005720,رقم منتقل کی,,,
EVT_DIG005721,communication,P00743,P00461,LOC0068,2026-07-20 15:25:00,0.99,DIG005721,संपर्क केला,,,
EVT_DIG005722,communication,P00470,P00534,LOC0044,2026-04-27 04:52:00,0.99,DIG005722,رابطہ کیا,,,
EVT_DIG005723,communication,P00682,P00079,LOC0054,2026-03-02 09:07:00,0.99,DIG005723,വിളിച്ചു,,,
EVT_DIG005724,movement,P00691,P00341,LOC0002,2026-04-06 22:01:00,0.99,DIG005724,ਸਥਾਨ ਸਾਂਝਾ ਕੀਤਾ,,,
EVT_DIG005725,movement,P00511,P00250,LOC0038,2026-07-13 21:32:00,0.99,DIG005725,സ്ഥലം പങ്കിട്ടു,,,
EVT_DIG005726,vehicle_use,P00928,P00187,LOC0177,2026-06-01 16:50:00,0.99,DIG005726,वाहन का उपयोग किया,,,
EVT_DIG005727,meeting,P00203,P00210,LOC0071,2026-04-08 21:27:00,0.99,DIG005727,ಭೇಟಿ ನೀಡಿದರು,,,
EVT_DIG005728,movement,P00215,P00802,LOC0146,2026-05-26 00:44:00,0.99,DIG005728,स्थान साझा किया,,,
EVT_DIG005729,meeting,P00293,P00353,LOC0037,2026-08-08 15:06:00,0.99,DIG005729,కలిశారు,,,
EVT_DIG005730,communication,P00774,P00872,LOC0178,2026-03-20 06:15:00,0.99,DIG005730,संपर्क किया,,,
EVT_DIG005731,communication,P00122,P00284,LOC0097,2026-03-10 08:32:00,0.99,DIG005731,సందేశం పంపారు,,,
EVT_DIG005732,communication,P00987,P00175,LOC0178,2026-03-27 08:46:00,0.99,DIG005732,ਫੋਨ ਕੀਤਾ,,,
EVT_DIG005733,communication,P00840,P00904,LOC0141,2026-08-12 23:07:00,0.99,DIG005733,સંપર્ક કર્યો,,,
EVT_DIG005734,communication,P00453,P00516,LOC0014,2026-04-24 23:56:00,0.99,DIG005734,સંપર્ક કર્યો,,,
EVT_DIG005735,movement,P00085,P00580,LOC0069,2026-05-27 09:34:00,0.99,DIG005735,സ്ഥലം പങ്കിട്ടു,,,
EVT_DIG005736,communication,P00727,P00302,LOC0153,2026-08-07 11:36:00,0.99,DIG005736,ఫోన్ చేశారు,,,
EVT_DIG005737,meeting,P00836,P00121,LOC0113,2026-02-18 18:20:00,0.99,DIG005737,ਮੁਲਾਕਾਤ ਕੀਤੀ,,,
EVT_DIG005738,movement,P00196,P00093,LOC0129,2026-01-04 17:58:00,0.99,DIG005738,স্থান ভাগ করেছে,,,
EVT_DIG005739,transfer,P00041,P00055,LOC0144,2026-05-07 14:07:00,0.99,DIG005739,ਪੈਸੇ ਭੇਜੇ,,,
EVT_DIG005740,meeting,P00494,P00590,LOC0001,2026-05-10 13:21:00,0.99,DIG005740,পরিদর্শন করেছে,,,
EVT_DIG005741,vehicle_use,P00815,P00832,LOC0030,2026-06-24 16:08:00,0.99,DIG005741,used a vehicle,,,
EVT_DIG005742,communication,P00025,P00919,LOC0036,2026-01-11 09:22:00,0.99,DIG005742,સંદેશ મોકલ્યો,,,
EVT_DIG005743,communication,P00839,P00395,LOC0101,2026-03-23 18:55:00,0.99,DIG005743,संदेश भेजा,,,
EVT_DIG005744,meeting,P00290,P00664,LOC0126,2026-06-08 11:00:00,0.99,DIG005744,ਮੁਲਾਕਾਤ ਕੀਤੀ,,,
EVT_DIG005745,meeting,P00481,P00634,LOC0164,2026-01-01 17:33:00,0.99,DIG005745,दौरा किया,,,
EVT_DIG005746,transfer,P00553,P00931,LOC0032,2026-02-25 21:27:00,0.99,DIG005746,નાણાં મોકલ્યાં,,,
EVT_DIG005747,movement,P00390,P00449,LOC0011,2026-03-21 08:41:00,0.99,DIG005747,স্থান ভাগ করেছে,,,
EVT_DIG005748,meeting,P00959,P00421,LOC0053,2026-08-15 05:48:00,0.99,DIG005748,મુલાકાત લીધી,,,
EVT_DIG005749,communication,P00785,P00460,LOC0017,2026-05-08 00:21:00,0.99,DIG005749,સંદેશ મોકલ્યો,,,
EVT_DIG005750,communication,P00367,P00854,LOC0059,2026-01-19 15:49:00,0.99,DIG005750,ਫੋਨ ਕੀਤਾ,,,
EVT_DIG005751,communication,P00701,P00458,LOC0026,2026-08-12 06:08:00,0.99,DIG005751,ಸಂದೇಶ ಕಳುಹಿಸಿದರು,,,
EVT_DIG005752,transfer,P00926,P00878,LOC0016,2026-02-24 13:41:00,0.99,DIG005752,पैसे पाठवले,,,
EVT_DIG005753,movement,P00019,P00458,LOC0026,2026-04-14 14:57:00,0.99,DIG005753,ठिकाण शेअर केले,,,
EVT_DIG005754,meeting,P00355,P00101,LOC0069,2026-01-14 03:21:00,0.99,DIG005754,visited,,,
EVT_DIG005755,communication,P00934,P00968,LOC0177,2026-02-28 05:05:00,0.99,DIG005755,വിളിച്ചു,,,
EVT_DIG005756,communication,P00793,P00944,LOC0079,2026-06-14 11:11:00,0.99,DIG005756,સંપર્ક કર્યો,,,
EVT_DIG005757,communication,P00589,P00199,LOC0093,2026-07-09 07:21:00,0.99,DIG005757,ফোন করেছে,,,
EVT_DIG005758,transfer,P00192,P00187,LOC0081,2026-02-06 13:11:00,0.99,DIG005758,धन भेजा,,,
EVT_DIG005759,communication,P00731,P00710,LOC0032,2026-06-17 14:15:00,0.99,DIG005759,ਫੋਨ ਕੀਤਾ,,,
EVT_DIG005760,transfer,P00755,P00570,LOC0017,2026-03-23 01:28:00,0.99,DIG005760,पैसे पाठवले,,,
EVT_DIG005761,communication,P00374,P00197,LOC0020,2026-04-09 18:10:00,0.99,DIG005761,বার্তা পাঠিয়েছে,,,
EVT_DIG005762,communication,P00776,P00866,LOC0146,2026-02-21 23:31:00,0.99,DIG005762,sent a message to,,,
EVT_DIG005763,communication,P00267,P00431,LOC0118,2026-05-09 18:02:00,0.99,DIG005763,संदेश पाठवला,,,
EVT_DIG005764,meeting,P00547,P00075,LOC0178,2026-04-03 21:59:00,0.99,DIG005764,મુલાકાત લીધી,,,
EVT_DIG005765,movement,P00779,P00705,LOC0082,2026-05-28 12:29:00,0.99,DIG005765,ಸ್ಥಳ ಹಂಚಿಕೊಂಡರು,,,
EVT_DIG005766,communication,P00547,P00534,LOC0108,2026-03-29 15:42:00,0.99,DIG005766,செய்தி அனுப்பினார்,,,
EVT_DIG005767,transfer,P00922,P00816,LOC0154,2026-07-17 04:30:00,0.99,DIG005767,transferred funds to,,,
EVT_DIG005768,communication,P00245,P00448,LOC0169,2026-07-13 22:13:00,0.99,DIG005768,called,,,
EVT_DIG005769,meeting,P00325,P00571,LOC0008,2026-06-10 03:22:00,0.99,DIG005769,சென்றார்,,,
EVT_DIG005770,communication,P00875,P00972,LOC0103,2026-08-18 16:27:00,0.99,DIG005770,ਫੋਨ ਕੀਤਾ,,,
EVT_DIG005771,movement,P00170,P00339,LOC0127,2026-07-17 19:25:00,0.99,DIG005771,مقام شیئر کیا,,,
EVT_DIG005772,transfer,P00079,P00259,LOC0009,2026-05-16 14:48:00,0.99,DIG005772,ਪੈਸੇ ਭੇਜੇ,,,
EVT_DIG005773,movement,P00560,P00380,LOC0033,2026-07-02 00:53:00,0.99,DIG005773,ಸ್ಥಳ ಹಂಚಿಕೊಂಡರು,,,
EVT_DIG005774,communication,P00600,P00151,LOC0172,2026-05-05 23:08:00,0.99,DIG005774,அழைத்தார்,,,
EVT_DIG005775,communication,P00786,P00875,LOC0015,2026-03-27 08:53:00,0.99,DIG005775,ফোন করেছে,,,
EVT_DIG005776,movement,P00744,P00791,LOC0177,2026-07-07 04:24:00,0.99,DIG005776,இடத்தை பகிர்ந்தார்,,,
EVT_DIG005777,communication,P00799,P00900,LOC0021,2026-07-06 03:57:00,0.99,DIG005777,ബന്ധപ്പെട്ടു,,,
EVT_DIG005778,meeting,P00653,P00535,LOC0167,2026-05-15 21:44:00,0.99,DIG005778,ਮਿਲਿਆ,,,
EVT_DIG005779,communication,P00958,P00227,LOC0064,2026-08-26 05:12:00,0.99,DIG005779,संदेश पाठवला,,,
EVT_DIG005780,movement,P00840,P00011,LOC0154,2026-05-01 21:01:00,0.99,DIG005780,સ્થાન શેર કર્યું,,,
EVT_DIG005781,communication,P00804,P00549,LOC0083,2026-01-04 16:14:00,0.99,DIG005781,ਸੰਪਰਕ ਕੀਤਾ,,,
EVT_DIG005782,vehicle_use,P00495,P00950,LOC0058,2026-05-27 15:31:00,0.99,DIG005782,वाहन का उपयोग किया,,,
EVT_DIG005783,vehicle_use,P00483,P00034,LOC0176,2026-06-01 07:05:00,0.99,DIG005783,used a vehicle,,,
EVT_DIG005784,communication,P00850,P00054,LOC0071,2026-02-18 18:13:00,0.99,DIG005784,ಸಂಪರ್ಕಿಸಿದರು,,,
EVT_DIG005785,communication,P00809,P00600,LOC0056,2026-08-04 04:48:00,0.99,DIG005785,বার্তা পাঠিয়েছে,,,
EVT_DIG005786,meeting,P00894,P00344,LOC0013,2026-06-30 00:12:00,0.99,DIG005786,met,,,
EVT_DIG005787,communication,P00182,P00638,LOC0114,2026-07-14 08:30:00,0.99,DIG005787,संदेश पाठवला,,,
EVT_DIG005788,meeting,P00770,P00762,LOC0100,2026-07-15 00:03:00,0.99,DIG005788,వెళ్లారు,,,
EVT_DIG005789,communication,P00420,P00259,LOC0101,2026-01-25 16:41:00,0.99,DIG005789,ബന്ധപ്പെട്ടു,,,
EVT_DIG005790,movement,P00340,P00746,LOC0135,2026-08-20 08:28:00,0.99,DIG005790,સ્થાન શેર કર્યું,,,
EVT_DIG005791,communication,P00906,P00125,LOC0065,2026-08-10 02:47:00,0.99,DIG005791,संपर्क किया,,,
EVT_DIG005792,movement,P00034,P00875,LOC0041,2026-05-20 09:25:00,0.99,DIG005792,ಸ್ಥಳ ಹಂಚಿಕೊಂಡರು,,,
EVT_DIG005793,meeting,P00195,P00177,LOC0058,2026-07-30 21:49:00,0.99,DIG005793,دورہ کیا,,,
EVT_DIG005794,communication,P00595,P00776,LOC0158,2026-05-30 18:25:00,0.99,DIG005794,വിളിച്ചു,,,
EVT_DIG005795,communication,P00858,P00454,LOC0079,2026-03-10 22:28:00,0.99,DIG005795,sent a message to,,,
EVT_DIG005796,communication,P00912,P00893,LOC0063,2026-08-10 15:26:00,0.99,DIG005796,sent a message to,,,
EVT_DIG005797,meeting,P00554,P00667,LOC0149,2026-05-14 05:06:00,0.99,DIG005797,சென்றார்,,,
EVT_DIG005798,meeting,P00455,P00183,LOC0076,2026-04-02 06:15:00,0.99,DIG005798,भेटला,,,
EVT_DIG005799,meeting,P00150,P00495,LOC0077,2026-03-29 18:05:00,0.99,DIG005799,भेटला,,,
EVT_DIG005800,communication,P00706,P00942,LOC0020,2026-07-03 07:10:00,0.99,DIG005800,ਸੁਨੇਹਾ ਭੇਜਿਆ,,,
EVT_DIG005801,movement,P00874,P00241,LOC0134,2026-05-28 10:09:00,0.99,DIG005801,স্থান ভাগ করেছে,,,
EVT_DIG005802,meeting,P00898,P00445,LOC0146,2026-05-18 01:16:00,0.99,DIG005802,met,,,
EVT_DIG005803,communication,P00371,P00888,LOC0059,2026-06-20 14:45:00,0.99,DIG005803,സന്ദേശം അയച്ചു,,,
EVT_DIG005804,meeting,P00686,P00230,LOC0058,2026-01-14 21:41:00,0.99,DIG005804,دورہ کیا,,,
EVT_DIG005805,movement,P00215,P00203,LOC0056,2026-07-08 15:13:00,0.99,DIG005805,ਸਥਾਨ ਸਾਂਝਾ ਕੀਤਾ,,,
EVT_DIG005806,meeting,P00307,P00730,LOC0113,2026-01-09 15:26:00,0.99,DIG005806,મુલાકાત લીધી,,,
EVT_DIG005807,communication,P00759,P00835,LOC0068,2026-05-29 08:01:00,0.99,DIG005807,sent a message to,,,
EVT_DIG005808,meeting,P00902,P00535,LOC0089,2026-05-20 13:18:00,0.99,DIG005808,കണ്ടുമുട്ടി,,,
EVT_DIG005809,transfer,P00142,P00038,LOC0064,2026-03-01 09:10:00,0.99,DIG005809,ಹಣ ಕಳುಹಿಸಿದರು,,,
EVT_DIG005810,meeting,P00080,P00939,LOC0103,2026-07-27 23:58:00,0.99,DIG005810,സന്ദർശിച്ചു,,,
EVT_DIG005811,communication,P00651,P00782,LOC0128,2026-06-15 08:01:00,0.99,DIG005811,ಸಂದೇಶ ಕಳುಹಿಸಿದರು,,,
EVT_DIG005812,communication,P00378,P00780,LOC0130,2026-03-10 02:15:00,0.99,DIG005812,தொடர்பு கொண்டார்,,,
EVT_DIG005813,communication,P00777,P00883,LOC0141,2026-04-06 10:48:00,0.99,DIG005813,رابطہ کیا,,,
EVT_DIG005814,communication,P00814,P00039,LOC0036,2026-03-27 09:29:00,0.99,DIG005814,വിളിച്ചു,,,
EVT_DIG005815,communication,P00376,P00932,LOC0113,2026-04-25 04:31:00,0.99,DIG005815,فون کیا,,,
EVT_DIG005816,meeting,P00816,P00373,LOC0017,2026-08-28 18:50:00,0.99,DIG005816,ಭೇಟಿ ನೀಡಿದರು,,,
EVT_DIG005817,meeting,P00292,P00531,LOC0019,2026-08-24 17:44:00,0.99,DIG005817,వెళ్లారు,,,
EVT_DIG005818,movement,P00173,P00075,LOC0156,2026-08-28 05:20:00,0.99,DIG005818,സ്ഥലം പങ്കിട്ടു,,,
EVT_DIG005819,meeting,P00697,P00668,LOC0135,2026-05-30 23:23:00,0.99,DIG005819,দেখা করেছে,,,
EVT_DIG005820,movement,P00766,P00798,LOC0119,2026-06-19 16:17:00,0.99,DIG005820,स्थान साझा किया,,,
EVT_DIG005821,communication,P00635,P00590,LOC0159,2026-05-26 20:03:00,0.99,DIG005821,സന്ദേശം അയച്ചു,,,
EVT_DIG005822,transfer,P00507,P00871,LOC0020,2026-03-25 09:09:00,0.99,DIG005822,ਪੈਸੇ ਭੇਜੇ,,,
EVT_DIG005823,meeting,P00176,P00782,LOC0110,2026-06-21 23:59:00,0.99,DIG005823,visited,,,
EVT_DIG005824,communication,P00180,P00696,LOC0002,2026-01-21 11:34:00,0.99,DIG005824,அழைத்தார்,,,
EVT_DIG005825,communication,P00540,P00605,LOC0138,2026-07-10 08:36:00,0.99,DIG005825,ফোন করেছে,,,
EVT_DIG005826,movement,P00200,P00852,LOC0047,2026-02-14 06:40:00,0.99,DIG005826,ठिकाण शेअर केले,,,
EVT_DIG005827,communication,P00333,P00138,LOC0078,2026-07-02 00:42:00,0.99,DIG005827,ಸಂದೇಶ ಕಳುಹಿಸಿದರು,,,
EVT_DIG005828,movement,P00805,P00714,LOC0030,2026-03-02 02:26:00,0.99,DIG005828,స్థానం పంచుకున్నారు,,,
EVT_DIG005829,communication,P00688,P00405,LOC0069,2026-02-01 05:04:00,0.99,DIG005829,સંપર્ક કર્યો,,,
EVT_DIG005830,communication,P00115,P00732,LOC0120,2026-06-08 21:52:00,0.99,DIG005830,సంప్రదించారు,,,
EVT_DIG005831,vehicle_use,P00254,P00164,LOC0029,2026-03-18 03:01:00,0.99,DIG005831,used a vehicle,,,
EVT_DIG005832,meeting,P00920,P00569,LOC0091,2026-08-21 16:15:00,0.99,DIG005832,వెళ్లారు,,,
EVT_DIG005833,communication,P00521,P00980,LOC0037,2026-08-25 05:26:00,0.99,DIG005833,پیغام بھیجا,,,
EVT_DIG005834,communication,P00550,P00042,LOC0034,2026-05-22 10:06:00,0.99,DIG005834,సంప్రదించారు,,,
EVT_DIG005835,movement,P00298,P00405,LOC0155,2026-08-11 19:14:00,0.99,DIG005835,இடத்தை பகிர்ந்தார்,,,
EVT_DIG005836,movement,P00127,P00670,LOC0100,2026-06-23 16:41:00,0.99,DIG005836,ठिकाण शेअर केले,,,
EVT_DIG005837,communication,P00939,P00179,LOC0033,2026-08-18 17:25:00,0.99,DIG005837,தொடர்பு கொண்டார்,,,
EVT_DIG005838,movement,P00326,P00511,LOC0058,2026-02-25 17:47:00,0.99,DIG005838,স্থান ভাগ করেছে,,,
EVT_DIG005839,communication,P00348,P00965,LOC0177,2026-03-18 23:55:00,0.99,DIG005839,సంప్రదించారు,,,
EVT_DIG005840,communication,P00561,P00728,LOC0001,2026-01-07 01:21:00,0.99,DIG005840,संपर्क केला,,,
EVT_DIG005841,transfer,P00655,P00783,LOC0117,2026-03-14 22:24:00,0.99,DIG005841,નાણાં મોકલ્યાં,,,
EVT_DIG005842,movement,P00271,P00223,LOC0077,2026-08-26 23:56:00,0.99,DIG005842,स्थान साझा किया,,,
EVT_DIG005843,transfer,P00612,P00695,LOC0071,2026-06-29 10:40:00,0.99,DIG005843,ਪੈਸੇ ਭੇਜੇ,,,
EVT_DIG005844,transfer,P00347,P00677,LOC0112,2026-08-07 20:33:00,0.99,DIG005844,رقم منتقل کی,,,
EVT_DIG005845,meeting,P00337,P00066,LOC0144,2026-08-17 11:35:00,0.99,DIG005845,ಭೇಟಿಯಾದರು,,,
EVT_DIG005846,meeting,P00826,P00780,LOC0041,2026-03-06 07:15:00,0.99,DIG005846,visited,,,
EVT_DIG005847,meeting,P00717,P00075,LOC0049,2026-07-15 13:22:00,0.99,DIG005847,मिला,,,
EVT_DIG005848,meeting,P00114,P00857,LOC0142,2026-07-03 00:11:00,0.99,DIG005848,వెళ్లారు,,,
EVT_DIG005849,transfer,P00297,P00657,LOC0122,2026-07-19 21:51:00,0.99,DIG005849,transferred funds to,,,
EVT_DIG005850,communication,P00042,P00795,LOC0003,2026-06-09 21:58:00,0.99,DIG005850,ಕರೆ ಮಾಡಿದರು,,,
EVT_DIG005851,transfer,P00327,P00615,LOC0002,2026-08-28 16:39:00,0.99,DIG005851,નાણાં મોકલ્યાં,,,
EVT_DIG005852,meeting,P00007,P00829,LOC0119,2026-03-18 20:46:00,0.99,DIG005852,കണ്ടുമുട്ടി,,,
EVT_DIG005853,movement,P00484,P00189,LOC0140,2026-08-26 17:24:00,0.99,DIG005853,స్థానం పంచుకున్నారు,,,
EVT_DIG005854,communication,P00766,P00034,LOC0064,2026-08-20 17:35:00,0.99,DIG005854,संदेश पाठवला,,,
EVT_DIG005855,movement,P00169,P00616,LOC0108,2026-08-29 04:55:00,0.99,DIG005855,স্থান ভাগ করেছে,,,
EVT_DIG005856,transfer,P00376,P00809,LOC0166,2026-08-07 15:42:00,0.99,DIG005856,ಹಣ ಕಳುಹಿಸಿದರು,,,
EVT_DIG005857,communication,P00176,P00543,LOC0143,2026-02-12 03:22:00,0.99,DIG005857,संदेश पाठवला,,,
EVT_DIG005858,meeting,P00585,P00405,LOC0002,2026-08-02 18:38:00,0.99,DIG005858,ಭೇಟಿಯಾದರು,,,
EVT_DIG005859,communication,P00489,P00080,LOC0139,2026-04-09 23:30:00,0.99,DIG005859,સંદેશ મોકલ્યો,,,
EVT_DIG005860,communication,P00175,P00907,LOC0046,2026-03-11 05:56:00,0.99,DIG005860,संपर्क केला,,,
EVT_DIG005861,meeting,P00638,P00434,LOC0047,2026-03-17 20:46:00,0.99,DIG005861,ملاقات کی,,,
EVT_DIG005862,transfer,P00549,P00046,LOC0161,2026-02-13 17:56:00,0.99,DIG005862,पैसे पाठवले,,,
EVT_DIG005863,meeting,P00449,P00495,LOC0089,2026-02-14 13:51:00,0.99,DIG005863,visited,,,
EVT_DIG005864,movement,P00104,P00905,LOC0178,2026-02-01 12:34:00,0.99,DIG005864,స్థానం పంచుకున్నారు,,,
EVT_DIG005865,meeting,P00256,P00127,LOC0021,2026-01-23 13:36:00,0.99,DIG005865,കണ്ടുമുട്ടി,,,
EVT_DIG005866,meeting,P00781,P00792,LOC0038,2026-01-31 10:47:00,0.99,DIG005866,కలిశారు,,,
EVT_DIG005867,movement,P00153,P00894,LOC0028,2026-02-13 05:53:00,0.99,DIG005867,સ્થાન શેર કર્યું,,,
EVT_DIG005868,transfer,P00767,P00277,LOC0177,2026-06-15 15:56:00,0.99,DIG005868,ಹಣ ಕಳುಹಿಸಿದರು,,,
EVT_DIG005869,meeting,P00785,P00853,LOC0063,2026-08-15 12:19:00,0.99,DIG005869,சந்தித்தார்,,,
EVT_DIG005870,communication,P00845,P00690,LOC0146,2026-07-02 01:43:00,0.99,DIG005870,సందేశం పంపారు,,,
EVT_DIG005871,communication,P00744,P00586,LOC0027,2026-01-18 17:20:00,0.99,DIG005871,ബന്ധപ്പെട്ടു,,,
EVT_DIG005872,communication,P00759,P00179,LOC0067,2026-01-21 13:49:00,0.99,DIG005872,ફોન કર્યો,,,
EVT_DIG005873,meeting,P00449,P00669,LOC0125,2026-01-13 14:18:00,0.99,DIG005873,ਮਿਲਿਆ,,,
EVT_DIG005874,meeting,P00596,P00822,LOC0116,2026-06-12 03:37:00,0.99,DIG005874,دورہ کیا,,,
EVT_DIG005875,movement,P00628,P00734,LOC0036,2026-04-08 03:32:00,0.99,DIG005875,ಸ್ಥಳ ಹಂಚಿಕೊಂಡರು,,,
EVT_DIG005876,communication,P00720,P00715,LOC0051,2026-06-12 05:13:00,0.99,DIG005876,ఫోన్ చేశారు,,,
EVT_DIG005877,meeting,P00095,P00013,LOC0092,2026-02-28 04:47:00,0.99,DIG005877,சென்றார்,,,
EVT_DIG005878,communication,P00186,P00082,LOC0016,2026-02-19 01:16:00,0.99,DIG005878,ફોન કર્યો,,,
EVT_DIG005879,meeting,P00937,P00115,LOC0177,2026-01-02 17:33:00,0.99,DIG005879,ಭೇಟಿ ನೀಡಿದರು,,,
EVT_DIG005880,meeting,P00816,P00614,LOC0002,2026-05-24 10:52:00,0.99,DIG005880,দেখা করেছে,,,
EVT_DIG005881,movement,P00193,P00070,LOC0102,2026-04-17 15:31:00,0.99,DIG005881,shared a location with,,,
EVT_DIG005882,communication,P00118,P00911,LOC0179,2026-08-13 00:01:00,0.99,DIG005882,संदेश पाठवला,,,
EVT_DIG005883,meeting,P00741,P00162,LOC0004,2026-03-14 01:36:00,0.99,DIG005883,ਮਿਲਿਆ,,,
EVT_DIG005884,communication,P00242,P00103,LOC0071,2026-04-27 18:35:00,0.99,DIG005884,ಸಂಪರ್ಕಿಸಿದರು,,,
EVT_DIG005885,communication,P00435,P00182,LOC0053,2026-05-26 00:21:00,0.99,DIG005885,फोन किया,,,
EVT_DIG005886,communication,P00830,P00473,LOC0159,2026-07-29 13:38:00,0.99,DIG005886,বার্তা পাঠিয়েছে,,,
EVT_DIG005887,movement,P00624,P00010,LOC0049,2026-02-05 23:26:00,0.99,DIG005887,ठिकाण शेअर केले,,,
EVT_DIG005888,meeting,P00769,P00143,LOC0142,2026-07-18 20:05:00,0.99,DIG005888,కలిశారు,,,
EVT_DIG005889,transfer,P00678,P00462,LOC0088,2026-02-16 02:55:00,0.99,DIG005889,رقم منتقل کی,,,
EVT_DIG005890,transfer,P00295,P00061,LOC0109,2026-01-23 14:08:00,0.99,DIG005890,ಹಣ ಕಳುಹಿಸಿದರು,,,
EVT_DIG005891,meeting,P00930,P00478,LOC0157,2026-07-07 04:48:00,0.99,DIG005891,వెళ్లారు,,,
EVT_DIG005892,communication,P00736,P00512,LOC0024,2026-03-31 04:28:00,0.99,DIG005892,தொடர்பு கொண்டார்,,,
EVT_DIG005893,movement,P00988,P00672,LOC0088,2026-04-18 15:19:00,0.99,DIG005893,مقام شیئر کیا,,,
EVT_DIG005894,communication,P00201,P00419,LOC0053,2026-03-15 09:54:00,0.99,DIG005894,پیغام بھیجا,,,
EVT_DIG005895,communication,P00367,P00864,LOC0064,2026-01-26 19:20:00,0.99,DIG005895,செய்தி அனுப்பினார்,,,
EVT_DIG005896,vehicle_use,P00691,P00583,LOC0163,2026-05-23 16:23:00,0.99,DIG005896,वाहन का उपयोग किया,,,
EVT_DIG005897,communication,P00060,P00954,LOC0066,2026-01-13 23:30:00,0.99,DIG005897,தொடர்பு கொண்டார்,,,
EVT_DIG005898,transfer,P00629,P00207,LOC0062,2026-05-14 14:18:00,0.99,DIG005898,টাকা পাঠিয়েছে,,,
EVT_DIG005899,communication,P00235,P00131,LOC0088,2026-06-03 19:13:00,0.99,DIG005899,தொடர்பு கொண்டார்,,,
EVT_DIG005900,communication,P00010,P00642,LOC0098,2026-07-15 09:08:00,0.99,DIG005900,ಸಂದೇಶ ಕಳುಹಿಸಿದರು,,,
EVT_DIG005901,transfer,P00959,P00558,LOC0085,2026-06-12 12:12:00,0.99,DIG005901,धन भेजा,,,
EVT_DIG005902,transfer,P00783,P00058,LOC0166,2026-08-03 14:58:00,0.99,DIG005902,பணம் அனுப்பினார்,,,
EVT_DIG005903,meeting,P00850,P00261,LOC0023,2026-01-11 20:11:00,0.99,DIG005903,دورہ کیا,,,
EVT_DIG005904,meeting,P00496,P00850,LOC0110,2026-08-25 21:26:00,0.99,DIG005904,दौरा किया,,,
EVT_DIG005905,meeting,P00629,P00747,LOC0005,2026-07-30 20:24:00,0.99,DIG005905,ಭೇಟಿಯಾದರು,,,
EVT_DIG005906,movement,P00817,P00784,LOC0135,2026-07-22 15:54:00,0.99,DIG005906,स्थान साझा किया,,,
EVT_DIG005907,transfer,P00488,P00987,LOC0001,2026-07-01 09:28:00,0.99,DIG005907,ਪੈਸੇ ਭੇਜੇ,,,
EVT_DIG005908,meeting,P00589,P00424,LOC0155,2026-03-24 00:03:00,0.99,DIG005908,मिला,,,
EVT_DIG005909,transfer,P00557,P00207,LOC0107,2026-03-07 06:02:00,0.99,DIG005909,డబ్బు పంపారు,,,
EVT_DIG005910,movement,P00850,P00897,LOC0031,2026-02-12 18:52:00,0.99,DIG005910,স্থান ভাগ করেছে,,,
EVT_DIG005911,movement,P00130,P00901,LOC0002,2026-01-06 14:02:00,0.99,DIG005911,ਸਥਾਨ ਸਾਂਝਾ ਕੀਤਾ,,,
EVT_DIG005912,communication,P00058,P00292,LOC0126,2026-08-29 02:03:00,0.99,DIG005912,contacted,,,
EVT_DIG005913,meeting,P00822,P00266,LOC0158,2026-07-24 12:23:00,0.99,DIG005913,சென்றார்,,,
EVT_DIG005914,transfer,P00797,P00412,LOC0106,2026-08-19 13:58:00,0.99,DIG005914,ਪੈਸੇ ਭੇਜੇ,,,
EVT_DIG005915,transfer,P00292,P00497,LOC0147,2026-04-10 16:32:00,0.99,DIG005915,નાણાં મોકલ્યાં,,,
EVT_DIG005916,meeting,P00801,P00248,LOC0106,2026-01-22 20:07:00,0.99,DIG005916,ਮੁਲਾਕਾਤ ਕੀਤੀ,,,
EVT_DIG005917,communication,P00881,P00736,LOC0025,2026-06-25 04:46:00,0.99,DIG005917,رابطہ کیا,,,
EVT_DIG005918,communication,P00644,P00958,LOC0048,2026-04-22 16:34:00,0.99,DIG005918,फोन किया,,,
EVT_DIG005919,movement,P00081,P00718,LOC0112,2026-03-06 20:39:00,0.99,DIG005919,இடத்தை பகிர்ந்தார்,,,
EVT_DIG005920,transfer,P00397,P00231,LOC0091,2026-02-15 22:36:00,0.99,DIG005920,નાણાં મોકલ્યાં,,,
EVT_DIG005921,meeting,P00764,P00843,LOC0143,2026-01-07 16:08:00,0.99,DIG005921,भेटला,,,
EVT_DIG005922,communication,P00678,P00263,LOC0122,2026-02-03 04:46:00,0.99,DIG005922,સંદેશ મોકલ્યો,,,
EVT_DIG005923,communication,P00146,P00982,LOC0034,2026-05-08 10:35:00,0.99,DIG005923,ফোন করেছে,,,
EVT_DIG005924,transfer,P00821,P00669,LOC0175,2026-04-11 22:20:00,0.99,DIG005924,ਪੈਸੇ ਭੇਜੇ,,,
EVT_DIG005925,meeting,P00259,P00423,LOC0069,2026-03-31 04:43:00,0.99,DIG005925,મળ્યા,,,
EVT_DIG005926,movement,P00892,P00998,LOC0134,2026-08-12 00:59:00,0.99,DIG005926,স্থান ভাগ করেছে,,,
EVT_DIG005927,communication,P00854,P00085,LOC0017,2026-08-14 19:10:00,0.99,DIG005927,தொடர்பு கொண்டார்,,,
EVT_DIG005928,communication,P00778,P00004,LOC0176,2026-03-27 22:47:00,0.99,DIG005928,বার্তা পাঠিয়েছে,,,
EVT_DIG005929,communication,P00135,P00008,LOC0071,2026-08-21 09:50:00,0.99,DIG005929,ফোন করেছে,,,
EVT_DIG005930,communication,P00118,P00092,LOC0101,2026-05-21 17:38:00,0.99,DIG005930,સંપર્ક કર્યો,,,
EVT_DIG005931,movement,P00951,P00684,LOC0043,2026-06-19 04:33:00,0.99,DIG005931,ਸਥਾਨ ਸਾਂਝਾ ਕੀਤਾ,,,
EVT_DIG005932,vehicle_use,P00049,P00425,LOC0007,2026-01-27 01:34:00,0.99,DIG005932,वाहन का उपयोग किया,,,
EVT_DIG005933,meeting,P00127,P00423,LOC0066,2026-07-12 05:30:00,0.99,DIG005933,వెళ్లారు,,,
EVT_DIG005934,transfer,P00806,P00218,LOC0162,2026-01-10 10:53:00,0.99,DIG005934,ಹಣ ಕಳುಹಿಸಿದರು,,,
EVT_DIG005935,movement,P00984,P00402,LOC0087,2026-01-17 18:47:00,0.99,DIG005935,स्थान साझा किया,,,
EVT_DIG005936,meeting,P00610,P00737,LOC0105,2026-03-10 14:36:00,0.99,DIG005936,ಭೇಟಿಯಾದರು,,,
EVT_DIG005937,meeting,P00770,P00351,LOC0135,2026-08-05 22:40:00,0.99,DIG005937,ਮਿਲਿਆ,,,
EVT_DIG005938,transfer,P00165,P00445,LOC0057,2026-08-18 05:04:00,0.99,DIG005938,رقم منتقل کی,,,
EVT_DIG005939,communication,P00857,P00629,LOC0009,2026-02-19 19:07:00,0.99,DIG005939,ਫੋਨ ਕੀਤਾ,,,
EVT_DIG005940,communication,P00902,P00947,LOC0001,2026-01-18 22:03:00,0.99,DIG005940,ಕರೆ ಮಾಡಿದರು,,,
EVT_DIG005941,communication,P00412,P00929,LOC0001,2026-08-08 06:15:00,0.99,DIG005941,संपर्क किया,,,
EVT_DIG005942,transfer,P00715,P00302,LOC0066,2026-06-09 04:40:00,0.99,DIG005942,पैसे पाठवले,,,
EVT_DIG005943,meeting,P00589,P00793,LOC0047,2026-03-23 19:12:00,0.99,DIG005943,भेटला,,,
EVT_DIG005944,transfer,P00450,P00259,LOC0030,2026-08-27 10:09:00,0.99,DIG005944,ಹಣ ಕಳುಹಿಸಿದರು,,,
EVT_DIG005945,communication,P00380,P00165,LOC0087,2026-05-12 10:08:00,0.99,DIG005945,ಕರೆ ಮಾಡಿದರು,,,
EVT_DIG005946,movement,P00186,P00965,LOC0057,2026-03-25 10:02:00,0.99,DIG005946,സ്ഥലം പങ്കിട്ടു,,,
EVT_DIG005947,communication,P00939,P00661,LOC0106,2026-04-09 22:36:00,0.99,DIG005947,ఫోన్ చేశారు,,,
EVT_DIG005948,transfer,P00862,P00985,LOC0034,2026-02-14 11:15:00,0.99,DIG005948,പണം അയച്ചു,,,
EVT_DIG005949,communication,P00535,P00258,LOC0096,2026-05-29 06:58:00,0.99,DIG005949,ફોન કર્યો,,,
EVT_DIG005950,meeting,P00307,P00480,LOC0024,2026-08-25 06:07:00,0.99,DIG005950,दौरा किया,,,
EVT_DIG005951,transfer,P00430,P00978,LOC0014,2026-03-28 02:59:00,0.99,DIG005951,पैसे पाठवले,,,
EVT_DIG005952,transfer,P00853,P00931,LOC0167,2026-01-08 09:44:00,0.99,DIG005952,transferred funds to,,,
EVT_DIG005953,movement,P00151,P00236,LOC0037,2026-04-18 16:32:00,0.99,DIG005953,مقام شیئر کیا,,,
EVT_DIG005954,meeting,P00230,P00913,LOC0053,2026-04-16 07:17:00,0.99,DIG005954,ਮੁਲਾਕਾਤ ਕੀਤੀ,,,
EVT_DIG005955,communication,P00048,P00546,LOC0098,2026-06-16 23:39:00,0.99,DIG005955,ফোন করেছে,,,
EVT_DIG005956,communication,P00704,P00903,LOC0009,2026-06-14 18:12:00,0.99,DIG005956,ફોન કર્યો,,,
EVT_DIG005957,meeting,P00314,P00230,LOC0169,2026-08-23 05:34:00,0.99,DIG005957,મુલાકાત લીધી,,,
EVT_DIG005958,movement,P00264,P00884,LOC0105,2026-06-18 23:06:00,0.99,DIG005958,مقام شیئر کیا,,,
EVT_DIG005959,communication,P00422,P00254,LOC0047,2026-07-03 09:02:00,0.99,DIG005959,پیغام بھیجا,,,
EVT_DIG005960,meeting,P00824,P00043,LOC0176,2026-06-09 04:46:00,0.99,DIG005960,சென்றார்,,,
EVT_DIG005961,communication,P00909,P00536,LOC0118,2026-06-21 11:26:00,0.99,DIG005961,ਫੋਨ ਕੀਤਾ,,,
EVT_DIG005962,communication,P00295,P00102,LOC0090,2026-05-30 22:03:00,0.99,DIG005962,ಸಂಪರ್ಕಿಸಿದರು,,,
EVT_DIG005963,meeting,P00106,P00502,LOC0157,2026-07-26 07:56:00,0.99,DIG005963,ملاقات کی,,,
EVT_DIG005964,movement,P00285,P00759,LOC0100,2026-04-05 03:11:00,0.99,DIG005964,مقام شیئر کیا,,,
EVT_DIG005965,transfer,P00407,P00471,LOC0028,2026-04-10 04:43:00,0.99,DIG005965,টাকা পাঠিয়েছে,,,
EVT_DIG005966,communication,P00724,P00676,LOC0159,2026-08-06 23:59:00,0.99,DIG005966,বার্তা পাঠিয়েছে,,,
EVT_DIG005967,meeting,P00989,P00201,LOC0151,2026-04-10 23:21:00,0.99,DIG005967,ملاقات کی,,,
EVT_DIG005968,communication,P00226,P00589,LOC0030,2026-07-24 05:31:00,0.99,DIG005968,செய்தி அனுப்பினார்,,,
EVT_DIG005969,communication,P00033,P00812,LOC0052,2026-02-03 23:01:00,0.99,DIG005969,संदेश भेजा,,,
EVT_DIG005970,meeting,P00858,P00651,LOC0178,2026-01-17 09:15:00,0.99,DIG005970,পরিদর্শন করেছে,,,
EVT_DIG005971,movement,P00743,P00908,LOC0114,2026-02-06 17:37:00,0.99,DIG005971,స్థానం పంచుకున్నారు,,,
EVT_DIG005972,meeting,P00431,P00306,LOC0043,2026-02-03 20:42:00,0.99,DIG005972,వెళ్లారు,,,
EVT_DIG005973,communication,P00683,P00790,LOC0137,2026-07-01 13:36:00,0.99,DIG005973,அழைத்தார்,,,
EVT_DIG005974,meeting,P00422,P00788,LOC0022,2026-05-02 18:46:00,0.99,DIG005974,ಭೇಟಿ ನೀಡಿದರು,,,
EVT_DIG005975,meeting,P00756,P00217,LOC0034,2026-07-18 10:46:00,0.99,DIG005975,দেখা করেছে,,,
EVT_DIG005976,meeting,P00611,P00772,LOC0139,2026-05-26 19:09:00,0.99,DIG005976,சந்தித்தார்,,,
EVT_DIG005977,communication,P00385,P00675,LOC0125,2026-02-25 23:14:00,0.99,DIG005977,फोन किया,,,
EVT_DIG005978,communication,P00344,P00956,LOC0043,2026-03-26 23:38:00,0.99,DIG005978,called,,,
EVT_DIG005979,communication,P00765,P00302,LOC0070,2026-04-15 09:14:00,0.99,DIG005979,செய்தி அனுப்பினார்,,,
EVT_DIG005980,communication,P00794,P00957,LOC0090,2026-04-11 22:55:00,0.99,DIG005980,संपर्क केला,,,
EVT_DIG005981,communication,P00102,P00982,LOC0136,2026-08-06 06:37:00,0.99,DIG005981,ബന്ധപ്പെട്ടു,,,
EVT_DIG005982,meeting,P00258,P00482,LOC0028,2026-06-24 14:41:00,0.99,DIG005982,দেখা করেছে,,,
EVT_DIG005983,meeting,P00579,P00210,LOC0097,2026-01-14 02:37:00,0.99,DIG005983,visited,,,
EVT_DIG005984,meeting,P00306,P00919,LOC0141,2026-08-30 23:44:00,0.99,DIG005984,കണ്ടുമുട്ടി,,,
EVT_DIG005985,movement,P00339,P00914,LOC0067,2026-06-30 14:25:00,0.99,DIG005985,இடத்தை பகிர்ந்தார்,,,
EVT_DIG005986,transfer,P00631,P00547,LOC0124,2026-05-16 02:02:00,0.99,DIG005986,पैसे पाठवले,,,
EVT_DIG005987,transfer,P00285,P00217,LOC0122,2026-07-17 09:32:00,0.99,DIG005987,പണം അയച്ചു,,,
EVT_DIG005988,transfer,P00347,P00492,LOC0036,2026-04-11 06:51:00,0.99,DIG005988,رقم منتقل کی,,,
EVT_DIG005989,communication,P00961,P00446,LOC0052,2026-07-20 14:16:00,0.99,DIG005989,संपर्क केला,,,
EVT_DIG005990,transfer,P00484,P00135,LOC0020,2026-04-17 03:12:00,0.99,DIG005990,డబ్బు పంపారు,,,
EVT_DIG005991,communication,P00849,P00588,LOC0023,2026-06-28 15:26:00,0.99,DIG005991,संदेश पाठवला,,,
EVT_DIG005992,communication,P00959,P00188,LOC0172,2026-04-14 00:23:00,0.99,DIG005992,संदेश भेजा,,,
EVT_DIG005993,meeting,P00811,P00231,LOC0034,2026-02-14 21:36:00,0.99,DIG005993,भेटला,,,
EVT_DIG005994,meeting,P00931,P00219,LOC0088,2026-05-20 12:51:00,0.99,DIG005994,met,,,
EVT_DIG005995,movement,P00166,P00532,LOC0039,2026-04-24 23:13:00,0.99,DIG005995,സ്ഥലം പങ്കിട്ടു,,,
EVT_DIG005996,communication,P00800,P00192,LOC0157,2026-03-26 12:35:00,0.99,DIG005996,फोन केला,,,
EVT_DIG005997,communication,P00323,P00083,LOC0066,2026-06-17 18:41:00,0.99,DIG005997,संपर्क किया,,,
EVT_DIG005998,communication,P00056,P00787,LOC0067,2026-01-11 08:59:00,0.99,DIG005998,தொடர்பு கொண்டார்,,,
EVT_DIG005999,transfer,P00162,P00211,LOC0058,2026-01-02 16:33:00,0.99,DIG005999,പണം അയച്ചു,,,
EVT_DIG006000,communication,P00077,P00369,LOC0023,2026-08-22 19:34:00,0.99,DIG006000,સંપર્ક કર્યો,,,
EVT_RPT00001,observation,P00561,P00975,LOC0123,2026-07-25 05:52:00,0.99,RPT00001,references phone,PH01018,ACC00481,VEH00359
EVT_RPT00002,observation,P00621,P00601,LOC0085,2026-07-31 20:37:00,0.99,RPT00002,references phone,PH01064,ACC00213,VEH00136
EVT_RPT00003,observation,P00259,P00924,LOC0027,2026-06-24 00:58:00,0.99,RPT00003,references phone,PH00039,ACC00926,VEH00178
EVT_RPT00004,observation,P00283,P00146,LOC0079,2026-04-11 20:09:00,0.99,RPT00004,references phone,PH01072,ACC00243,VEH00376
EVT_RPT00005,observation,P00663,P00699,LOC0029,2026-06-26 20:10:00,0.99,RPT00005,references phone,PH01024,ACC00636,VEH00171
EVT_RPT00006,observation,P00501,P00341,LOC0050,2026-04-06 09:32:00,0.99,RPT00006,references phone,PH00984,ACC01136,VEH00163
EVT_RPT00007,observation,P00098,P00901,LOC0145,2026-02-26 21:30:00,0.99,RPT00007,references phone,PH00754,ACC00292,VEH00170
EVT_RPT00008,observation,P00666,P00813,LOC0087,2026-01-05 06:15:00,0.99,RPT00008,references phone,PH01139,ACC00429,VEH00135
EVT_RPT00009,observation,P00783,P00997,LOC0009,2026-01-27 10:05:00,0.99,RPT00009,का उल्लेख,PH00283,ACC01048,VEH00400
EVT_RPT00010,observation,P00588,P00409,LOC0169,2026-06-07 06:39:00,0.99,RPT00010,references phone,PH00595,ACC00233,VEH00021
EVT_RPT00011,observation,P00833,P00191,LOC0092,2026-07-30 07:56:00,0.99,RPT00011,references phone,PH00084,ACC00518,VEH00134
EVT_RPT00012,observation,P00439,P00503,LOC0090,2026-08-09 15:46:00,0.99,RPT00012,references phone,PH00956,ACC00741,VEH00160
EVT_RPT00013,observation,P00942,P00551,LOC0050,2026-04-10 05:52:00,0.99,RPT00013,का उल्लेख,PH00487,ACC01134,VEH00313
EVT_RPT00014,observation,P00411,P00229,LOC0166,2026-01-15 00:43:00,0.99,RPT00014,references phone,PH01121,ACC00225,VEH00364
EVT_RPT00015,observation,P00515,P00784,LOC0172,2026-06-20 00:59:00,0.99,RPT00015,references phone,PH01177,ACC00868,VEH00212
EVT_RPT00016,observation,P00936,P00723,LOC0065,2026-05-25 16:23:00,0.99,RPT00016,का उल्लेख,PH00230,ACC00190,VEH00228
EVT_RPT00017,observation,P00788,P00230,LOC0104,2026-02-24 14:51:00,0.99,RPT00017,का उल्लेख,PH00676,ACC01043,VEH00290
EVT_RPT00018,observation,P00401,P00496,LOC0110,2026-01-22 16:32:00,0.99,RPT00018,का उल्लेख,PH00385,ACC00347,VEH00153
EVT_RPT00019,observation,P00672,P00685,LOC0132,2026-07-17 11:30:00,0.99,RPT00019,references phone,PH00350,ACC01081,VEH00320
EVT_RPT00020,observation,P00200,P00247,LOC0158,2026-01-16 06:08:00,0.99,RPT00020,references phone,PH00113,ACC00345,VEH00344
EVT_RPT00021,observation,P00139,P00545,LOC0046,2026-01-24 23:41:00,0.99,RPT00021,references phone,PH00477,ACC01090,VEH00251
EVT_RPT00022,observation,P00699,P00065,LOC0090,2026-07-28 16:03:00,0.99,RPT00022,references phone,PH00902,ACC00789,VEH00120
EVT_RPT00023,observation,P00574,P00298,LOC0076,2026-05-28 12:19:00,0.99,RPT00023,का उल्लेख,PH00348,ACC01082,VEH00125
EVT_RPT00024,observation,P00629,P00963,LOC0076,2026-02-07 13:17:00,0.99,RPT00024,का उल्लेख,PH00891,ACC01073,VEH00214
EVT_RPT00025,observation,P00656,P00713,LOC0156,2026-06-09 22:14:00,0.99,RPT00025,references phone,PH00696,ACC00005,VEH00331
EVT_RPT00026,observation,P00798,P00917,LOC0148,2026-01-03 00:03:00,0.99,RPT00026,references phone,PH00010,ACC00919,VEH00182
EVT_RPT00027,observation,P00194,P00945,LOC0030,2026-01-18 15:51:00,0.99,RPT00027,का उल्लेख,PH00527,ACC00892,VEH00074
EVT_RPT00028,observation,P00983,P00466,LOC0072,2026-06-12 01:43:00,0.99,RPT00028,references phone,PH00068,ACC00403,VEH00110
EVT_RPT00029,observation,P00827,P00394,LOC0073,2026-02-25 19:47:00,0.99,RPT00029,references phone,PH00531,ACC00858,VEH00327
EVT_RPT00030,observation,P00832,P00584,LOC0090,2026-08-07 18:56:00,0.99,RPT00030,references phone,PH00679,ACC00996,VEH00152
EVT_RPT00031,observation,P00653,P00192,LOC0057,2026-01-01 20:18:00,0.99,RPT00031,का उल्लेख,PH00437,ACC00663,VEH00001
EVT_RPT00032,observation,P00534,P00363,LOC0143,2026-01-06 03:04:00,0.99,RPT00032,references phone,PH00146,ACC00844,VEH00242
EVT_RPT00033,observation,P00316,P00561,LOC0034,2026-05-12 23:09:00,0.99,RPT00033,का उल्लेख,PH01111,ACC00728,VEH00203
EVT_RPT00034,observation,P00099,P00351,LOC0062,2026-02-19 05:43:00,0.99,RPT00034,references phone,PH00566,ACC00097,VEH00343
EVT_RPT00035,observation,P00638,P00965,LOC0092,2026-05-19 18:21:00,0.99,RPT00035,references phone,PH00775,ACC00331,VEH00013
EVT_RPT00036,observation,P00509,P00751,LOC0154,2026-07-19 06:53:00,0.99,RPT00036,references phone,PH00073,ACC00895,VEH00046
EVT_RPT00037,observation,P00083,P00259,LOC0080,2026-06-03 05:10:00,0.99,RPT00037,का उल्लेख,PH00235,ACC00293,VEH00060
EVT_RPT00038,observation,P00382,P00628,LOC0131,2026-05-15 16:03:00,0.99,RPT00038,का उल्लेख,PH00233,ACC00803,VEH00333
EVT_RPT00039,observation,P00076,P00108,LOC0146,2026-03-19 14:42:00,0.99,RPT00039,का उल्लेख,PH01160,ACC00511,VEH00108
EVT_RPT00040,observation,P00622,P00539,LOC0109,2026-04-14 13:20:00,0.99,RPT00040,references phone,PH01136,ACC00332,VEH00102
EVT_RPT00041,observation,P00904,P00324,LOC0100,2026-07-31 14:27:00,0.99,RPT00041,का उल्लेख,PH00103,ACC00584,VEH00052
EVT_RPT00042,observation,P00971,P00054,LOC0030,2026-06-09 17:49:00,0.99,RPT00042,references phone,PH01176,ACC01197,VEH00234
EVT_RPT00043,observation,P00663,P00036,LOC0073,2026-05-07 04:03:00,0.99,RPT00043,references phone,PH01024,ACC00636,VEH00146
EVT_RPT00044,observation,P00339,P00848,LOC0148,2026-05-12 13:30:00,0.99,RPT00044,references phone,PH01162,ACC00682,VEH00321
EVT_RPT00045,observation,P00662,P00115,LOC0022,2026-05-23 09:12:00,0.99,RPT00045,का उल्लेख,PH00977,ACC01005,VEH00168
EVT_RPT00046,observation,P00320,P00235,LOC0049,2026-03-30 21:08:00,0.99,RPT00046,references phone,PH00580,ACC00022,VEH00002
EVT_RPT00047,observation,P00189,P00009,LOC0070,2026-01-11 22:00:00,0.99,RPT00047,का उल्लेख,PH00009,ACC00679,VEH00295
EVT_RPT00048,observation,P00356,P00523,LOC0033,2026-02-04 17:35:00,0.99,RPT00048,references phone,PH00372,ACC00863,VEH00311
EVT_RPT00049,observation,P00917,P00069,LOC0047,2026-07-21 20:54:00,0.99,RPT00049,references phone,PH00752,ACC00569,VEH00321
EVT_RPT00050,observation,P00688,P00292,LOC0012,2026-03-17 12:49:00,0.99,RPT00050,का उल्लेख,PH00501,ACC00479,VEH00224
EVT_RPT00051,observation,P00470,P00074,LOC0027,2026-03-16 08:58:00,0.99,RPT00051,का उल्लेख,PH00019,ACC00495,VEH00092
EVT_RPT00052,observation,P00816,P00493,LOC0079,2026-05-05 00:38:00,0.99,RPT00052,का उल्लेख,PH00089,ACC00105,VEH00026
EVT_RPT00053,observation,P00283,P00820,LOC0170,2026-07-10 14:32:00,0.99,RPT00053,का उल्लेख,PH01072,ACC00243,VEH00343
EVT_RPT00054,observation,P00266,P00033,LOC0161,2026-05-27 09:30:00,0.99,RPT00054,references phone,PH00072,ACC01033,VEH00277
EVT_RPT00055,observation,P00831,P00910,LOC0151,2026-03-01 23:27:00,0.99,RPT00055,references phone,PH01103,ACC00262,VEH00279
EVT_RPT00056,observation,P00977,P00981,LOC0073,2026-06-20 23:29:00,0.99,RPT00056,का उल्लेख,PH00456,ACC00101,VEH00191
EVT_RPT00057,observation,P00686,P00731,LOC0028,2026-01-18 06:59:00,0.99,RPT00057,references phone,PH00182,ACC00713,VEH00280
EVT_RPT00058,observation,P00991,P00088,LOC0060,2026-01-06 16:03:00,0.99,RPT00058,का उल्लेख,PH00637,ACC00349,VEH00034
EVT_RPT00059,observation,P00368,P00479,LOC0124,2026-01-24 07:39:00,0.99,RPT00059,references phone,PH01158,ACC00829,VEH00397
EVT_RPT00060,observation,P00269,P00976,LOC0015,2026-07-14 02:37:00,0.99,RPT00060,का उल्लेख,PH00396,ACC00384,VEH00182
EVT_RPT00061,observation,P00215,P00989,LOC0028,2026-02-24 17:50:00,0.99,RPT00061,references phone,PH00129,ACC00449,VEH00170
EVT_RPT00062,observation,P00735,P00808,LOC0011,2026-04-10 22:02:00,0.99,RPT00062,references phone,PH00077,ACC00373,VEH00043
EVT_RPT00063,observation,P00792,P00313,LOC0057,2026-05-06 02:51:00,0.99,RPT00063,का उल्लेख,PH00996,ACC00172,VEH00168
EVT_RPT00064,observation,P00600,P00591,LOC0025,2026-03-15 18:24:00,0.99,RPT00064,references phone,PH00559,ACC00394,VEH00314
EVT_RPT00065,observation,P00353,P00511,LOC0003,2026-07-28 07:19:00,0.99,RPT00065,का उल्लेख,PH00819,ACC00888,VEH00338
EVT_RPT00066,observation,P00018,P00125,LOC0173,2026-07-21 11:29:00,0.99,RPT00066,का उल्लेख,PH00289,ACC00704,VEH00114
EVT_RPT00067,observation,P00814,P00129,LOC0042,2026-02-16 17:53:00,0.99,RPT00067,references phone,PH00469,ACC01099,VEH00248
EVT_RPT00068,observation,P00951,P00744,LOC0031,2026-05-25 20:00:00,0.99,RPT00068,का उल्लेख,PH00472,ACC01138,VEH00122
EVT_RPT00069,observation,P00085,P00201,LOC0098,2026-02-15 14:02:00,0.99,RPT00069,का उल्लेख,PH00207,ACC00410,VEH00343
EVT_RPT00070,observation,P00876,P00397,LOC0138,2026-06-04 21:11:00,0.99,RPT00070,का उल्लेख,PH01004,ACC01120,VEH00340
EVT_RPT00071,observation,P00712,P00157,LOC0178,2026-04-25 03:47:00,0.99,RPT00071,का उल्लेख,PH00708,ACC01145,VEH00347
EVT_RPT00072,observation,P00419,P00642,LOC0096,2026-07-27 12:20:00,0.99,RPT00072,का उल्लेख,PH00245,ACC00533,VEH00121
EVT_RPT00073,observation,P00415,P00199,LOC0035,2026-05-27 23:17:00,0.99,RPT00073,का उल्लेख,PH00239,ACC00904,VEH00262
EVT_RPT00074,observation,P00907,P00184,LOC0089,2026-04-18 08:51:00,0.99,RPT00074,references phone,PH00093,ACC00222,VEH00191
EVT_RPT00075,observation,P00328,P00775,LOC0044,2026-07-11 01:02:00,0.99,RPT00075,references phone,PH00143,ACC00207,VEH00276
EVT_RPT00076,observation,P00579,P00035,LOC0141,2026-03-10 01:16:00,0.99,RPT00076,का उल्लेख,PH00535,ACC00033,VEH00113
EVT_RPT00077,observation,P00059,P00369,LOC0180,2026-08-30 05:00:00,0.99,RPT00077,का उल्लेख,PH00823,ACC00414,VEH00078
EVT_RPT00078,observation,P00222,P00162,LOC0077,2026-04-27 17:10:00,0.99,RPT00078,references phone,PH00965,ACC00726,VEH00378
EVT_RPT00079,observation,P00815,P00037,LOC0118,2026-01-31 14:26:00,0.99,RPT00079,references phone,PH01017,ACC00387,VEH00122
EVT_RPT00080,observation,P00488,P00233,LOC0014,2026-06-18 20:13:00,0.99,RPT00080,का उल्लेख,PH00873,ACC00662,VEH00335
EVT_RPT00081,observation,P00635,P00171,LOC0009,2026-05-27 21:30:00,0.99,RPT00081,का उल्लेख,PH00017,ACC00731,VEH00217
EVT_RPT00082,observation,P00240,P00515,LOC0099,2026-01-04 13:34:00,0.99,RPT00082,का उल्लेख,PH01107,ACC00711,VEH00242
EVT_RPT00083,observation,P00238,P00900,LOC0038,2026-03-23 17:54:00,0.99,RPT00083,का उल्लेख,PH00995,ACC00047,VEH00110
EVT_RPT00084,observation,P00027,P00629,LOC0033,2026-05-25 03:14:00,0.99,RPT00084,references phone,PH00805,ACC00285,VEH00234
EVT_RPT00085,observation,P00221,P00169,LOC0144,2026-03-20 21:03:00,0.99,RPT00085,references phone,PH00966,ACC00661,VEH00028
EVT_RPT00086,observation,P00110,P00414,LOC0096,2026-02-01 12:53:00,0.99,RPT00086,का उल्लेख,PH00220,ACC01198,VEH00016
EVT_RPT00087,observation,P00772,P00138,LOC0132,2026-04-25 22:16:00,0.99,RPT00087,का उल्लेख,PH00379,ACC00151,VEH00191
EVT_RPT00088,observation,P00974,P00154,LOC0044,2026-08-07 21:41:00,0.99,RPT00088,references phone,PH00251,ACC00408,VEH00131
EVT_RPT00089,observation,P00192,P00334,LOC0018,2026-03-08 11:39:00,0.99,RPT00089,references phone,PH00127,ACC01142,VEH00341
EVT_RPT00090,observation,P00475,P00896,LOC0019,2026-04-30 03:20:00,0.99,RPT00090,references phone,PH00920,ACC01165,VEH00245
EVT_RPT00091,observation,P00147,P00125,LOC0134,2026-01-06 00:21:00,0.99,RPT00091,references phone,PH00392,ACC00549,VEH00116
EVT_RPT00092,observation,P00651,P00983,LOC0117,2026-04-27 23:05:00,0.99,RPT00092,references phone,PH00397,ACC00842,VEH00078
EVT_RPT00093,observation,P00375,P00484,LOC0111,2026-05-25 06:27:00,0.99,RPT00093,का उल्लेख,PH00349,ACC01159,VEH00040
EVT_RPT00094,observation,P00681,P00900,LOC0008,2026-06-08 05:56:00,0.99,RPT00094,references phone,PH00861,ACC00801,VEH00043
EVT_RPT00095,observation,P00982,P00198,LOC0111,2026-04-19 15:40:00,0.99,RPT00095,का उल्लेख,PH00138,ACC00621,VEH00289
EVT_RPT00096,observation,P00488,P00761,LOC0091,2026-04-24 18:09:00,0.99,RPT00096,references phone,PH00873,ACC00662,VEH00339
EVT_RPT00097,observation,P00201,P00712,LOC0157,2026-05-09 18:36:00,0.99,RPT00097,references phone,PH00618,ACC00254,VEH00283
EVT_RPT00098,observation,P00332,P00443,LOC0113,2026-04-28 02:23:00,0.99,RPT00098,references phone,PH00737,ACC00957,VEH00258
EVT_RPT00099,observation,P00298,P00663,LOC0015,2026-01-18 20:43:00,0.99,RPT00099,का उल्लेख,PH01013,ACC00525,VEH00225
EVT_RPT00100,observation,P00543,P00714,LOC0097,2026-08-11 23:42:00,0.99,RPT00100,का उल्लेख,PH00209,ACC00951,VEH00163
EVT_RPT00101,observation,P00435,P00774,LOC0159,2026-02-02 18:10:00,0.99,RPT00101,का उल्लेख,PH00761,ACC00878,VEH00390
EVT_RPT00102,observation,P00373,P00786,LOC0149,2026-03-17 20:01:00,0.99,RPT00102,references phone,PH00300,ACC00174,VEH00186
EVT_RPT00103,observation,P00601,P00560,LOC0135,2026-07-27 18:33:00,0.99,RPT00103,का उल्लेख,PH00722,ACC00808,VEH00031
EVT_RPT00104,observation,P00310,P00641,LOC0131,2026-06-01 05:11:00,0.99,RPT00104,references phone,PH00045,ACC00109,VEH00267
EVT_RPT00105,observation,P00678,P00930,LOC0081,2026-03-05 17:02:00,0.99,RPT00105,का उल्लेख,PH00389,ACC00045,VEH00221
EVT_RPT00106,observation,P00506,P00953,LOC0070,2026-02-16 01:11:00,0.99,RPT00106,का उल्लेख,PH00783,ACC00994,VEH00233
EVT_RPT00107,observation,P00049,P00890,LOC0104,2026-02-17 05:56:00,0.99,RPT00107,का उल्लेख,PH00430,ACC00396,VEH00394
EVT_RPT00108,observation,P00620,P00991,LOC0104,2026-04-21 15:26:00,0.99,RPT00108,का उल्लेख,PH00053,ACC00221,VEH00108
EVT_RPT00109,observation,P00122,P00452,LOC0076,2026-03-10 07:34:00,0.99,RPT00109,references phone,PH00833,ACC00372,VEH00154
EVT_RPT00110,observation,P00894,P00818,LOC0103,2026-07-23 05:22:00,0.99,RPT00110,references phone,PH00648,ACC01038,VEH00114
EVT_RPT00111,observation,P00497,P00902,LOC0170,2026-03-17 18:24:00,0.99,RPT00111,references phone,PH00094,ACC00250,VEH00260
EVT_RPT00112,observation,P00439,P00606,LOC0097,2026-06-06 20:20:00,0.99,RPT00112,references phone,PH00956,ACC00741,VEH00085
EVT_RPT00113,observation,P00822,P00172,LOC0130,2026-08-19 08:56:00,0.99,RPT00113,references phone,PH00439,ACC01030,VEH00168
EVT_RPT00114,observation,P00010,P00761,LOC0120,2026-08-07 01:48:00,0.99,RPT00114,का उल्लेख,PH00288,ACC00338,VEH00088
EVT_RPT00115,observation,P00579,P00674,LOC0149,2026-02-04 04:19:00,0.99,RPT00115,references phone,PH00535,ACC00033,VEH00260
EVT_RPT00116,observation,P00530,P00096,LOC0059,2026-02-26 21:58:00,0.99,RPT00116,का उल्लेख,PH00787,ACC00572,VEH00163
EVT_RPT00117,observation,P00079,P00015,LOC0050,2026-06-12 21:36:00,0.99,RPT00117,का उल्लेख,PH00199,ACC00924,VEH00019
EVT_RPT00118,observation,P00935,P00194,LOC0119,2026-07-15 12:28:00,0.99,RPT00118,references phone,PH00104,ACC00754,VEH00331
EVT_RPT00119,observation,P00937,P00400,LOC0001,2026-03-08 02:59:00,0.99,RPT00119,का उल्लेख,PH00231,ACC01092,VEH00077
EVT_RPT00120,observation,P00315,P00128,LOC0086,2026-06-05 18:33:00,0.99,RPT00120,references phone,PH00840,ACC00447,VEH00209
EVT_RPT00121,observation,P00359,P00410,LOC0051,2026-07-14 18:06:00,0.99,RPT00121,का उल्लेख,PH01106,ACC00237,VEH00248
EVT_RPT00122,observation,P00188,P00619,LOC0174,2026-08-23 18:21:00,0.99,RPT00122,का उल्लेख,PH00924,ACC00840,VEH00275
EVT_RPT00123,observation,P00476,P00391,LOC0033,2026-03-08 22:50:00,0.99,RPT00123,references phone,PH00015,ACC00793,VEH00321
EVT_RPT00124,observation,P00679,P00391,LOC0122,2026-04-28 09:03:00,0.99,RPT00124,references phone,PH00132,ACC01130,VEH00253
EVT_RPT00125,observation,P00130,P00800,LOC0156,2026-01-07 16:30:00,0.99,RPT00125,का उल्लेख,PH00191,ACC00167,VEH00184
EVT_RPT00126,observation,P00323,P00449,LOC0107,2026-03-04 02:43:00,0.99,RPT00126,का उल्लेख,PH00894,ACC00011,VEH00053
EVT_RPT00127,observation,P00061,P00778,LOC0010,2026-01-09 11:06:00,0.99,RPT00127,references phone,PH00074,ACC00102,VEH00269
EVT_RPT00128,observation,P00575,P00193,LOC0019,2026-01-06 12:36:00,0.99,RPT00128,references phone,PH00658,ACC00515,VEH00160
EVT_RPT00129,observation,P00402,P00349,LOC0004,2026-02-27 15:21:00,0.99,RPT00129,references phone,PH00714,ACC00590,VEH00044
EVT_RPT00130,observation,P00451,P00549,LOC0157,2026-07-08 16:40:00,0.99,RPT00130,का उल्लेख,PH01117,ACC01154,VEH00077
EVT_RPT00131,observation,P00711,P00188,LOC0070,2026-07-04 09:08:00,0.99,RPT00131,references phone,PH00055,ACC00780,VEH00266
EVT_RPT00132,observation,P00674,P00270,LOC0007,2026-07-06 07:35:00,0.99,RPT00132,references phone,PH00972,ACC00337,VEH00061
EVT_RPT00133,observation,P00091,P00088,LOC0174,2026-02-26 09:51:00,0.99,RPT00133,references phone,PH00157,ACC00065,VEH00091
EVT_RPT00134,observation,P00826,P00916,LOC0135,2026-05-07 13:20:00,0.99,RPT00134,का उल्लेख,PH00776,ACC00963,VEH00305
EVT_RPT00135,observation,P00692,P00335,LOC0119,2026-07-23 02:41:00,0.99,RPT00135,references phone,PH00759,ACC00765,VEH00071
EVT_RPT00136,observation,P00183,P00683,LOC0022,2026-07-02 18:36:00,0.99,RPT00136,का उल्लेख,PH00576,ACC01190,VEH00063
EVT_RPT00137,observation,P00601,P00386,LOC0092,2026-08-15 11:11:00,0.99,RPT00137,references phone,PH00722,ACC00808,VEH00193
EVT_RPT00138,observation,P00295,P00437,LOC0033,2026-04-29 21:45:00,0.99,RPT00138,का उल्लेख,PH00407,ACC00902,VEH00217
EVT_RPT00139,observation,P00682,P00058,LOC0124,2026-03-29 14:33:00,0.99,RPT00139,का उल्लेख,PH00864,ACC00966,VEH00259
EVT_RPT00140,observation,P00616,P00495,LOC0015,2026-04-05 00:52:00,0.99,RPT00140,का उल्लेख,PH01099,ACC00743,VEH00052
EVT_RPT00141,observation,P00409,P00994,LOC0065,2026-08-22 09:14:00,0.99,RPT00141,references phone,PH00260,ACC00730,VEH00144
EVT_RPT00142,observation,P00729,P00903,LOC0001,2026-06-01 17:55:00,0.99,RPT00142,references phone,PH00821,ACC00073,VEH00286
EVT_RPT00143,observation,P00433,P00086,LOC0161,2026-04-11 04:35:00,0.99,RPT00143,का उल्लेख,PH00139,ACC00147,VEH00298
EVT_RPT00144,observation,P00580,P00373,LOC0073,2026-07-27 20:36:00,0.99,RPT00144,references phone,PH01153,ACC00466,VEH00068
EVT_RPT00145,observation,P00199,P00893,LOC0004,2026-01-12 14:48:00,0.99,RPT00145,का उल्लेख,PH00131,ACC00527,VEH00066
EVT_RPT00146,observation,P00463,P00788,LOC0123,2026-05-10 02:20:00,0.99,RPT00146,का उल्लेख,PH00577,ACC00991,VEH00298
EVT_RPT00147,observation,P00832,P00965,LOC0124,2026-06-20 14:03:00,0.99,RPT00147,का उल्लेख,PH00679,ACC00996,VEH00045
EVT_RPT00148,observation,P00306,P00188,LOC0081,2026-08-15 19:45:00,0.99,RPT00148,references phone,PH01058,ACC00680,VEH00114
EVT_RPT00149,observation,P00402,P00987,LOC0148,2026-01-25 14:17:00,0.99,RPT00149,references phone,PH00714,ACC00751,VEH00268
EVT_RPT00150,observation,P00248,P00468,LOC0058,2026-06-26 16:45:00,0.99,RPT00150,का उल्लेख,PH00926,ACC01105,VEH00221
EVT_RPT00151,observation,P00320,P00983,LOC0132,2026-06-25 04:46:00,0.99,RPT00151,का उल्लेख,PH00580,ACC00022,VEH00024
EVT_RPT00152,observation,P00071,P00411,LOC0102,2026-05-19 12:14:00,0.99,RPT00152,references phone,PH01143,ACC00697,VEH00348
EVT_RPT00153,observation,P00871,P00184,LOC0130,2026-04-18 14:20:00,0.99,RPT00153,references phone,PH00383,ACC00236,VEH00363
EVT_RPT00154,observation,P00423,P00722,LOC0107,2026-03-05 21:23:00,0.99,RPT00154,references phone,PH00768,ACC00141,VEH00069
EVT_RPT00155,observation,P00259,P00890,LOC0039,2026-05-14 10:55:00,0.99,RPT00155,references phone,PH00039,ACC00385,VEH00088
EVT_RPT00156,observation,P00246,P00116,LOC0167,2026-05-21 09:25:00,0.99,RPT00156,references phone,PH00409,ACC00200,VEH00357
EVT_RPT00157,observation,P00257,P00047,LOC0077,2026-08-10 18:54:00,0.99,RPT00157,references phone,PH00371,ACC00342,VEH00114
EVT_RPT00158,observation,P00665,P00054,LOC0065,2026-05-22 21:09:00,0.99,RPT00158,का उल्लेख,PH01045,ACC00603,VEH00266
EVT_RPT00159,observation,P00748,P00012,LOC0126,2026-02-11 06:00:00,0.99,RPT00159,का उल्लेख,PH00179,ACC00201,VEH00257
EVT_RPT00160,observation,P00846,P00905,LOC0143,2026-07-21 17:59:00,0.99,RPT00160,का उल्लेख,PH00090,ACC00260,VEH00266
EVT_RPT00161,observation,P00946,P00566,LOC0099,2026-07-05 17:02:00,0.99,RPT00161,references phone,PH00999,ACC00698,VEH00073
EVT_RPT00162,observation,P00660,P00658,LOC0096,2026-04-01 04:53:00,0.99,RPT00162,references phone,PH00252,ACC00777,VEH00224
EVT_RPT00163,observation,P00287,P00869,LOC0121,2026-07-27 04:54:00,0.99,RPT00163,का उल्लेख,PH00852,ACC00727,VEH00230
EVT_RPT00164,observation,P00628,P00140,LOC0044,2026-05-17 06:56:00,0.99,RPT00164,का उल्लेख,PH00781,ACC00263,VEH00149
EVT_RPT00165,observation,P00384,P00091,LOC0058,2026-05-15 00:20:00,0.99,RPT00165,का उल्लेख,PH00051,ACC00524,VEH00056
EVT_RPT00166,observation,P00405,P00803,LOC0160,2026-01-03 09:32:00,0.99,RPT00166,references phone,PH00803,ACC00592,VEH00064
EVT_RPT00167,observation,P00838,P00174,LOC0122,2026-04-21 10:14:00,0.99,RPT00167,references phone,PH00923,ACC00639,VEH00305
EVT_RPT00168,observation,P00525,P00036,LOC0166,2026-06-02 18:18:00,0.99,RPT00168,का उल्लेख,PH00543,ACC01050,VEH00062
EVT_RPT00169,observation,P00954,P00107,LOC0097,2026-03-08 05:07:00,0.99,RPT00169,का उल्लेख,PH00792,ACC00835,VEH00091
EVT_RPT00170,observation,P00242,P00730,LOC0064,2026-07-21 19:40:00,0.99,RPT00170,का उल्लेख,PH00986,ACC00901,VEH00007
EVT_RPT00171,observation,P00705,P00691,LOC0107,2026-07-06 20:49:00,0.99,RPT00171,का उल्लेख,PH00877,ACC00660,VEH00085
EVT_RPT00172,observation,P00697,P00815,LOC0006,2026-08-21 04:25:00,0.99,RPT00172,का उल्लेख,PH00747,ACC00927,VEH00035
EVT_RPT00173,observation,P00103,P00230,LOC0042,2026-03-23 03:57:00,0.99,RPT00173,references phone,PH00876,ACC00939,VEH00155
EVT_RPT00174,observation,P00851,P00465,LOC0087,2026-08-20 17:32:00,0.99,RPT00174,references phone,PH00701,ACC00130,VEH00298
EVT_RPT00175,observation,P00280,P00132,LOC0178,2026-07-03 00:40:00,0.99,RPT00175,का उल्लेख,PH00211,ACC00554,VEH00393
EVT_RPT00176,observation,P00820,P00952,LOC0168,2026-08-13 02:05:00,0.99,RPT00176,का उल्लेख,PH00867,ACC00577,VEH00115
EVT_RPT00177,observation,P00318,P00590,LOC0159,2026-04-14 00:21:00,0.99,RPT00177,references phone,PH00314,ACC00228,VEH00395
EVT_RPT00178,observation,P00930,P00209,LOC0118,2026-02-04 16:48:00,0.99,RPT00178,references phone,PH00908,ACC00742,VEH00222
EVT_RPT00179,observation,P00613,P00332,LOC0096,2026-01-08 09:59:00,0.99,RPT00179,का उल्लेख,PH00256,ACC00307,VEH00335
EVT_RPT00180,observation,P00257,P00045,LOC0169,2026-01-31 19:09:00,0.99,RPT00180,references phone,PH00371,ACC00342,VEH00335
EVT_RPT00181,observation,P00788,P00890,LOC0124,2026-02-07 10:44:00,0.99,RPT00181,references phone,PH00889,ACC01043,VEH00167
EVT_RPT00182,observation,P00846,P00807,LOC0130,2026-01-27 11:24:00,0.99,RPT00182,का उल्लेख,PH00090,ACC00260,VEH00299
EVT_RPT00183,observation,P00513,P00340,LOC0099,2026-01-17 08:06:00,0.99,RPT00183,references phone,PH01061,ACC00468,VEH00320
EVT_RPT00184,observation,P00905,P00496,LOC0150,2026-04-28 00:02:00,0.99,RPT00184,references phone,PH01138,ACC00491,VEH00037
EVT_RPT00185,observation,P00664,P00986,LOC0059,2026-05-20 08:03:00,0.99,RPT00185,references phone,PH01095,ACC00745,VEH00028
EVT_RPT00186,observation,P00697,P00674,LOC0057,2026-05-10 21:34:00,0.99,RPT00186,references phone,PH00922,ACC00927,VEH00154
EVT_RPT00187,observation,P00230,P00919,LOC0170,2026-07-27 20:00:00,0.99,RPT00187,का उल्लेख,PH00814,ACC00002,VEH00356
EVT_RPT00188,observation,P00283,P00047,LOC0041,2026-05-22 11:48:00,0.99,RPT00188,references phone,PH01072,ACC00243,VEH00246
EVT_RPT00189,observation,P00315,P00619,LOC0062,2026-07-04 19:39:00,0.99,RPT00189,references phone,PH00840,ACC00447,VEH00146
EVT_RPT00190,observation,P00698,P00398,LOC0061,2026-08-02 02:37:00,0.99,RPT00190,references phone,PH00107,ACC00706,VEH00056
EVT_RPT00191,observation,P00749,P00086,LOC0007,2026-08-30 16:38:00,0.99,RPT00191,references phone,PH00593,ACC00802,VEH00081
EVT_RPT00192,observation,P00658,P00452,LOC0102,2026-05-22 23:21:00,0.99,RPT00192,references phone,PH00723,ACC00076,VEH00143
EVT_RPT00193,observation,P00504,P00362,LOC0114,2026-04-29 00:57:00,0.99,RPT00193,references phone,PH01051,ACC00420,VEH00089
EVT_RPT00194,observation,P00969,P00164,LOC0009,2026-08-11 18:03:00,0.99,RPT00194,references phone,PH00655,ACC00227,VEH00226
EVT_RPT00195,observation,P00596,P00803,LOC0157,2026-03-11 21:14:00,0.99,RPT00195,references phone,PH00706,ACC00386,VEH00042
EVT_RPT00196,observation,P00758,P00612,LOC0139,2026-06-16 02:22:00,0.99,RPT00196,references phone,PH00769,ACC01187,VEH00273
EVT_RPT00197,observation,P00517,P00424,LOC0102,2026-07-15 18:41:00,0.99,RPT00197,का उल्लेख,PH00960,ACC00085,VEH00100
EVT_RPT00198,observation,P00363,P00157,LOC0114,2026-02-21 03:53:00,0.99,RPT00198,का उल्लेख,PH00386,ACC00277,VEH00262
EVT_RPT00199,observation,P00576,P00521,LOC0033,2026-05-26 00:13:00,0.99,RPT00199,references phone,PH00529,ACC00787,VEH00265
EVT_RPT00200,observation,P00536,P00371,LOC0116,2026-07-18 18:53:00,0.99,RPT00200,references phone,PH01033,ACC00049,VEH00022
EVT_RPT00201,observation,P00015,P00564,LOC0024,2026-08-19 00:28:00,0.99,RPT00201,का उल्लेख,PH00988,ACC01157,VEH00293
EVT_RPT00202,observation,P00989,P00122,LOC0047,2026-03-24 04:27:00,0.99,RPT00202,references phone,PH00578,ACC00066,VEH00056
EVT_RPT00203,observation,P00541,P00359,LOC0023,2026-07-08 20:26:00,0.99,RPT00203,का उल्लेख,PH00609,ACC01006,VEH00197
EVT_RPT00204,observation,P00935,P00983,LOC0109,2026-07-01 22:43:00,0.99,RPT00204,का उल्लेख,PH00104,ACC00754,VEH00011
EVT_RPT00205,observation,P00018,P00745,LOC0060,2026-06-26 06:24:00,0.99,RPT00205,references phone,PH00289,ACC00704,VEH00127
EVT_RPT00206,observation,P00518,P00924,LOC0107,2026-05-10 19:59:00,0.99,RPT00206,references phone,PH00466,ACC00018,VEH00091
EVT_RPT00207,observation,P00436,P00817,LOC0158,2026-07-16 14:20:00,0.99,RPT00207,references phone,PH01161,ACC00088,VEH00388
EVT_RPT00208,observation,P00990,P00501,LOC0109,2026-03-30 01:55:00,0.99,RPT00208,का उल्लेख,PH00325,ACC01045,VEH00168
EVT_RPT00209,observation,P00380,P00115,LOC0180,2026-04-13 11:58:00,0.99,RPT00209,references phone,PH00929,ACC00819,VEH00300
EVT_RPT00210,observation,P00250,P00925,LOC0002,2026-08-24 15:56:00,0.99,RPT00210,का उल्लेख,PH00974,ACC00144,VEH00101
EVT_RPT00211,observation,P00084,P00380,LOC0129,2026-03-11 17:40:00,0.99,RPT00211,का उल्लेख,PH00024,ACC00917,VEH00290
EVT_RPT00212,observation,P00414,P00661,LOC0005,2026-05-16 00:31:00,0.99,RPT00212,references phone,PH00144,ACC00799,VEH00190
EVT_RPT00213,observation,P00392,P00576,LOC0090,2026-02-01 05:01:00,0.99,RPT00213,का उल्लेख,PH00154,ACC00598,VEH00096
EVT_RPT00214,observation,P00466,P00483,LOC0033,2026-04-12 23:43:00,0.99,RPT00214,का उल्लेख,PH00214,ACC00982,VEH00024
EVT_RPT00215,observation,P00700,P00482,LOC0015,2026-06-11 20:00:00,0.99,RPT00215,references phone,PH00573,ACC00645,VEH00204
EVT_RPT00216,observation,P00124,P00077,LOC0095,2026-07-08 01:59:00,0.99,RPT00216,references phone,PH01108,ACC00907,VEH00343
EVT_RPT00217,observation,P00503,P00379,LOC0175,2026-03-01 16:19:00,0.99,RPT00217,का उल्लेख,PH00491,ACC01085,VEH00362
EVT_RPT00218,observation,P00682,P00771,LOC0008,2026-04-25 15:53:00,0.99,RPT00218,का उल्लेख,PH00864,ACC00966,VEH00143
EVT_RPT00219,observation,P00207,P00106,LOC0130,2026-03-03 13:46:00,0.99,RPT00219,references phone,PH00762,ACC00128,VEH00068
EVT_RPT00220,observation,P00338,P00181,LOC0073,2026-01-23 17:12:00,0.99,RPT00220,references phone,PH00973,ACC00107,VEH00074
EVT_RPT00221,observation,P00943,P00242,LOC0174,2026-07-05 21:23:00,0.99,RPT00221,का उल्लेख,PH01080,ACC00247,VEH00303
EVT_RPT00222,observation,P00413,P00148,LOC0048,2026-05-09 02:30:00,0.99,RPT00222,का उल्लेख,PH00277,ACC00975,VEH00315
EVT_RPT00223,observation,P00301,P00125,LOC0133,2026-06-05 04:20:00,0.99,RPT00223,references phone,PH00957,ACC00859,VEH00293
EVT_RPT00224,observation,P00804,P00864,LOC0150,2026-08-20 02:38:00,0.99,RPT00224,references phone,PH01082,ACC00658,VEH00078
EVT_RPT00225,observation,P00196,P00795,LOC0023,2026-05-25 16:46:00,0.99,RPT00225,references phone,PH00259,ACC00462,VEH00193
EVT_RPT00226,observation,P00811,P00322,LOC0087,2026-05-05 13:24:00,0.99,RPT00226,references phone,PH01087,ACC00507,VEH00125
EVT_RPT00227,observation,P00201,P00519,LOC0033,2026-08-22 17:39:00,0.99,RPT00227,references phone,PH00618,ACC00254,VEH00372
EVT_RPT00228,observation,P00944,P00083,LOC0013,2026-03-31 05:38:00,0.99,RPT00228,का उल्लेख,PH00145,ACC00906,VEH00387
EVT_RPT00229,observation,P00022,P00376,LOC0150,2026-08-06 18:29:00,0.99,RPT00229,references phone,PH00474,ACC00067,VEH00248
EVT_RPT00230,observation,P00870,P00661,LOC0058,2026-05-31 00:45:00,0.99,RPT00230,references phone,PH01028,ACC00290,VEH00024
EVT_RPT00231,observation,P00074,P00510,LOC0157,2026-07-25 02:33:00,0.99,RPT00231,references phone,PH00454,ACC00440,VEH00127
EVT_RPT00232,observation,P00976,P00671,LOC0081,2026-02-28 11:31:00,0.99,RPT00232,references phone,PH00219,ACC00390,VEH00059
EVT_RPT00233,observation,P00141,P00386,LOC0079,2026-08-05 20:50:00,0.99,RPT00233,का उल्लेख,PH00097,ACC01063,VEH00214
EVT_RPT00234,observation,P00299,P00109,LOC0136,2026-04-16 18:44:00,0.99,RPT00234,का उल्लेख,PH00843,ACC00881,VEH00133
EVT_RPT00235,observation,P00020,P00616,LOC0003,2026-03-28 00:27:00,0.99,RPT00235,references phone,PH00820,ACC00452,VEH00302
EVT_RPT00236,observation,P00317,P00623,LOC0178,2026-04-14 15:25:00,0.99,RPT00236,references phone,PH00979,ACC00879,VEH00021
EVT_RPT00237,observation,P00433,P00007,LOC0046,2026-06-23 17:30:00,0.99,RPT00237,का उल्लेख,PH00139,ACC00147,VEH00264
EVT_RPT00238,observation,P00821,P00056,LOC0092,2026-07-07 16:06:00,0.99,RPT00238,का उल्लेख,PH00727,ACC00025,VEH00109
EVT_RPT00239,observation,P00919,P00571,LOC0161,2026-06-10 17:05:00,0.99,RPT00239,references phone,PH00066,ACC00351,VEH00159
EVT_RPT00240,observation,P00152,P00103,LOC0015,2026-07-30 23:55:00,0.99,RPT00240,references phone,PH01125,ACC00037,VEH00181
EVT_RPT00241,observation,P00977,P00658,LOC0023,2026-06-20 13:28:00,0.99,RPT00241,references phone,PH00456,ACC00101,VEH00066
EVT_RPT00242,observation,P00304,P00808,LOC0048,2026-04-26 07:36:00,0.99,RPT00242,का उल्लेख,PH00432,ACC00961,VEH00179
EVT_RPT00243,observation,P00870,P00904,LOC0093,2026-04-02 15:37:00,0.99,RPT00243,का उल्लेख,PH01028,ACC00290,VEH00302
EVT_RPT00244,observation,P00836,P00806,LOC0101,2026-01-09 08:10:00,0.99,RPT00244,references phone,PH00069,ACC00311,VEH00030
EVT_RPT00245,observation,P00579,P00664,LOC0018,2026-01-06 04:04:00,0.99,RPT00245,का उल्लेख,PH00535,ACC00033,VEH00052
EVT_RPT00246,observation,P00533,P00213,LOC0064,2026-02-20 11:48:00,0.99,RPT00246,का उल्लेख,PH01083,ACC00817,VEH00320
EVT_RPT00247,observation,P00476,P00772,LOC0017,2026-06-14 15:22:00,0.99,RPT00247,references phone,PH00161,ACC00793,VEH00068
EVT_RPT00248,observation,P00417,P00419,LOC0173,2026-07-06 05:33:00,0.99,RPT00248,का उल्लेख,PH00362,ACC00220,VEH00193
EVT_RPT00249,observation,P00416,P00737,LOC0163,2026-01-02 15:04:00,0.99,RPT00249,का उल्लेख,PH00457,ACC00374,VEH00105
EVT_RPT00250,observation,P00850,P00055,LOC0009,2026-06-01 06:52:00,0.99,RPT00250,का उल्लेख,PH00598,ACC01189,VEH00057
EVT_RPT00251,observation,P00240,P00432,LOC0107,2026-03-11 14:36:00,0.99,RPT00251,का उल्लेख,PH01107,ACC01108,VEH00210
EVT_RPT00252,observation,P00588,P00879,LOC0163,2026-04-07 22:22:00,0.99,RPT00252,references phone,PH00595,ACC00233,VEH00255
EVT_RPT00253,observation,P00985,P00336,LOC0133,2026-08-06 10:58:00,0.99,RPT00253,references phone,PH00698,ACC00587,VEH00161
EVT_RPT00254,observation,P00140,P00005,LOC0104,2026-07-22 12:56:00,0.99,RPT00254,references phone,PH00257,ACC01132,VEH00155
EVT_RPT00255,observation,P00676,P00836,LOC0053,2026-03-22 22:44:00,0.99,RPT00255,references phone,PH00342,ACC01170,VEH00294
EVT_RPT00256,observation,P00619,P00731,LOC0101,2026-07-07 02:46:00,0.99,RPT00256,references phone,PH00003,ACC00948,VEH00183
EVT_RPT00257,observation,P00322,P00128,LOC0023,2026-01-27 18:15:00,0.99,RPT00257,references phone,PH00615,ACC00913,VEH00138
EVT_RPT00258,observation,P00762,P00815,LOC0138,2026-02-24 09:54:00,0.99,RPT00258,का उल्लेख,PH01032,ACC00281,VEH00300
EVT_RPT00259,observation,P00772,P00420,LOC0150,2026-08-03 13:36:00,0.99,RPT00259,का उल्लेख,PH00379,ACC00151,VEH00034
EVT_RPT00260,observation,P00848,P00131,LOC0125,2026-08-01 20:56:00,0.99,RPT00260,references phone,PH00962,ACC01078,VEH00366
EVT_RPT00261,observation,P00894,P00531,LOC0069,2026-02-16 11:51:00,0.99,RPT00261,references phone,PH00648,ACC01038,VEH00354
EVT_RPT00262,observation,P00070,P00188,LOC0102,2026-01-24 15:22:00,0.99,RPT00262,का उल्लेख,PH00148,ACC00547,VEH00157
EVT_RPT00263,observation,P00348,P00721,LOC0123,2026-02-21 19:36:00,0.99,RPT00263,का उल्लेख,PH00091,ACC00962,VEH00104
EVT_RPT00264,observation,P00726,P00802,LOC0137,2026-05-26 15:26:00,0.99,RPT00264,का उल्लेख,PH00357,ACC00755,VEH00336
EVT_RPT00265,observation,P00643,P00254,LOC0138,2026-04-10 18:41:00,0.99,RPT00265,references phone,PH00672,ACC00861,VEH00348
EVT_RPT00266,observation,P00796,P00028,LOC0015,2026-04-02 03:58:00,0.99,RPT00266,references phone,PH00817,ACC00734,VEH00336
EVT_RPT00267,observation,P00584,P00669,LOC0098,2026-08-25 00:20:00,0.99,RPT00267,references phone,PH01134,ACC01016,VEH00386
EVT_RPT00268,observation,P00605,P00011,LOC0007,2026-02-10 08:47:00,0.99,RPT00268,references phone,PH00742,ACC00678,VEH00048
EVT_RPT00269,observation,P00217,P00271,LOC0072,2026-02-02 10:16:00,0.99,RPT00269,का उल्लेख,PH00451,ACC00163,VEH00357
EVT_RPT00270,observation,P00257,P00343,LOC0112,2026-05-14 05:32:00,0.99,RPT00270,references phone,PH00371,ACC00342,VEH00297
EVT_RPT00271,observation,P00154,P00789,LOC0027,2026-07-18 11:16:00,0.99,RPT00271,references phone,PH00258,ACC00055,VEH00267
EVT_RPT00272,observation,P00117,P00777,LOC0150,2026-04-16 18:21:00,0.99,RPT00272,का उल्लेख,PH01193,ACC01175,VEH00077
EVT_RPT00273,observation,P00886,P00910,LOC0084,2026-03-23 12:31:00,0.99,RPT00273,references phone,PH01112,ACC00249,VEH00384
EVT_RPT00274,observation,P00351,P00330,LOC0009,2026-06-17 20:12:00,0.99,RPT00274,का उल्लेख,PH01065,ACC00208,VEH00095
EVT_RPT00275,observation,P00712,P00544,LOC0094,2026-05-09 02:13:00,0.99,RPT00275,references phone,PH00708,ACC01145,VEH00246
EVT_RPT00276,observation,P00960,P00624,LOC0128,2026-06-11 07:10:00,0.99,RPT00276,references phone,PH00641,ACC00381,VEH00262
EVT_RPT00277,observation,P00199,P00028,LOC0101,2026-06-08 23:24:00,0.99,RPT00277,references phone,PH00131,ACC00527,VEH00209
EVT_RPT00278,observation,P00199,P00884,LOC0155,2026-07-20 17:31:00,0.99,RPT00278,references phone,PH00131,ACC00527,VEH00011
EVT_RPT00279,observation,P00359,P00270,LOC0021,2026-08-29 03:27:00,0.99,RPT00279,references phone,PH01106,ACC00237,VEH00015
EVT_RPT00280,observation,P00708,P00214,LOC0151,2026-04-18 20:11:00,0.99,RPT00280,का उल्लेख,PH00269,ACC00050,VEH00228
EVT_RPT00281,observation,P00695,P00746,LOC0113,2026-03-12 11:45:00,0.99,RPT00281,का उल्लेख,PH00343,ACC00400,VEH00172
EVT_RPT00282,observation,P00451,P00855,LOC0147,2026-05-19 17:45:00,0.99,RPT00282,का उल्लेख,PH01117,ACC01154,VEH00217
EVT_RPT00283,observation,P00739,P00938,LOC0016,2026-02-08 11:38:00,0.99,RPT00283,का उल्लेख,PH00329,ACC00517,VEH00255
EVT_RPT00284,observation,P00624,P00942,LOC0180,2026-02-15 12:33:00,0.99,RPT00284,का उल्लेख,PH00202,ACC00883,VEH00144
EVT_RPT00285,observation,P00466,P00316,LOC0126,2026-03-12 00:43:00,0.99,RPT00285,references phone,PH00214,ACC00982,VEH00105
EVT_RPT00286,observation,P00719,P00684,LOC0004,2026-07-18 06:25:00,0.99,RPT00286,का उल्लेख,PH01007,ACC00136,VEH00088
EVT_RPT00287,observation,P00608,P00512,LOC0056,2026-02-16 21:36:00,0.99,RPT00287,का उल्लेख,PH00302,ACC00665,VEH00279
EVT_RPT00288,observation,P00731,P00515,LOC0086,2026-01-04 11:40:00,0.99,RPT00288,का उल्लेख,PH00453,ACC00687,VEH00304
EVT_RPT00289,observation,P00495,P00175,LOC0170,2026-06-21 20:32:00,0.99,RPT00289,references phone,PH00925,ACC00805,VEH00071
EVT_RPT00290,observation,P00792,P00842,LOC0104,2026-08-24 19:18:00,0.99,RPT00290,references phone,PH00996,ACC00172,VEH00061
EVT_RPT00291,observation,P00317,P00526,LOC0019,2026-08-19 21:26:00,0.99,RPT00291,references phone,PH00979,ACC00879,VEH00077
EVT_RPT00292,observation,P00585,P00223,LOC0172,2026-01-07 10:12:00,0.99,RPT00292,references phone,PH00992,ACC00184,VEH00144
EVT_RPT00293,observation,P00765,P00099,LOC0049,2026-06-27 00:23:00,0.99,RPT00293,का उल्लेख,PH00193,ACC00445,VEH00370
EVT_RPT00294,observation,P00394,P00189,LOC0076,2026-02-10 12:43:00,0.99,RPT00294,references phone,PH00147,ACC00903,VEH00304
EVT_RPT00295,observation,P00741,P00585,LOC0086,2026-03-31 16:19:00,0.99,RPT00295,का उल्लेख,PH00828,ACC00140,VEH00143
EVT_RPT00296,observation,P00981,P00916,LOC0092,2026-03-27 21:24:00,0.99,RPT00296,references phone,PH01105,ACC00884,VEH00222
EVT_RPT00297,observation,P00703,P00754,LOC0078,2026-03-20 10:06:00,0.99,RPT00297,का उल्लेख,PH00646,ACC01149,VEH00172
EVT_RPT00298,observation,P00919,P00772,LOC0059,2026-06-13 09:04:00,0.99,RPT00298,का उल्लेख,PH00066,ACC00351,VEH00028
EVT_RPT00299,observation,P00479,P00624,LOC0074,2026-07-31 04:09:00,0.99,RPT00299,references phone,PH00523,ACC00467,VEH00093
EVT_RPT00300,observation,P00309,P00593,LOC0069,2026-01-29 00:22:00,0.99,RPT00300,references phone,PH00114,ACC00979,VEH00261
EVT_RPT00301,observation,P00085,P00725,LOC0007,2026-02-21 22:35:00,0.99,RPT00301,का उल्लेख,PH00207,ACC00410,VEH00081
EVT_RPT00302,observation,P00038,P00633,LOC0016,2026-05-28 13:32:00,0.99,RPT00302,का उल्लेख,PH01093,ACC00366,VEH00366
EVT_RPT00303,observation,P00827,P00114,LOC0009,2026-03-13 08:12:00,0.99,RPT00303,references phone,PH00716,ACC00858,VEH00222
EVT_RPT00304,observation,P00028,P00537,LOC0006,2026-05-18 17:50:00,0.99,RPT00304,references phone,PH00872,ACC00887,VEH00287
EVT_RPT00305,observation,P00777,P00449,LOC0107,2026-05-31 09:10:00,0.99,RPT00305,का उल्लेख,PH00644,ACC00894,VEH00351
EVT_RPT00306,observation,P00821,P00315,LOC0025,2026-06-18 15:55:00,0.99,RPT00306,का उल्लेख,PH00727,ACC00025,VEH00176
EVT_RPT00307,observation,P00915,P00422,LOC0074,2026-01-04 18:39:00,0.99,RPT00307,references phone,PH00358,ACC00161,VEH00134
EVT_RPT00308,observation,P00454,P00029,LOC0032,2026-03-16 01:49:00,0.99,RPT00308,का उल्लेख,PH01122,ACC00833,VEH00184
EVT_RPT00309,observation,P00107,P00735,LOC0041,2026-04-13 23:17:00,0.99,RPT00309,references phone,PH00622,ACC00720,VEH00254
EVT_RPT00310,observation,P00132,P00989,LOC0128,2026-06-27 02:53:00,0.99,RPT00310,का उल्लेख,PH00522,ACC01193,VEH00101
EVT_RPT00311,observation,P00153,P00904,LOC0056,2026-06-08 04:50:00,0.99,RPT00311,references phone,PH00275,ACC00856,VEH00155
EVT_RPT00312,observation,P00493,P00297,LOC0132,2026-01-12 12:51:00,0.99,RPT00312,references phone,PH00909,ACC01040,VEH00128
EVT_RPT00313,observation,P00879,P00285,LOC0030,2026-06-01 01:09:00,0.99,RPT00313,का उल्लेख,PH00465,ACC00409,VEH00279
EVT_RPT00314,observation,P00112,P00849,LOC0125,2026-01-17 19:08:00,0.99,RPT00314,का उल्लेख,PH00265,ACC01111,VEH00127
EVT_RPT00315,observation,P00069,P00790,LOC0079,2026-06-27 09:29:00,0.99,RPT00315,का उल्लेख,PH00290,ACC01031,VEH00187
EVT_RPT00316,observation,P00417,P00537,LOC0089,2026-08-03 22:27:00,0.99,RPT00316,references phone,PH00660,ACC00220,VEH00027
EVT_RPT00317,observation,P00549,P00741,LOC0097,2026-05-09 00:56:00,0.99,RPT00317,references phone,PH00159,ACC00368,VEH00348
EVT_RPT00318,observation,P00579,P00248,LOC0078,2026-05-08 19:04:00,0.99,RPT00318,का उल्लेख,PH00535,ACC00033,VEH00105
EVT_RPT00319,observation,P00644,P00231,LOC0112,2026-07-01 13:55:00,0.99,RPT00319,references phone,PH00586,ACC00464,VEH00300
EVT_RPT00320,observation,P00085,P00192,LOC0061,2026-07-28 08:28:00,0.99,RPT00320,references phone,PH00207,ACC00410,VEH00072
EVT_RPT00321,observation,P00173,P00095,LOC0128,2026-01-29 11:45:00,0.99,RPT00321,का उल्लेख,PH00307,ACC01155,VEH00287
EVT_RPT00322,observation,P00909,P00885,LOC0096,2026-04-24 12:33:00,0.99,RPT00322,references phone,PH01180,ACC00921,VEH00031
EVT_RPT00323,observation,P00845,P00539,LOC0161,2026-07-13 19:43:00,0.99,RPT00323,references phone,PH00740,ACC00316,VEH00102
EVT_RPT00324,observation,P00479,P00795,LOC0154,2026-02-02 21:44:00,0.99,RPT00324,का उल्लेख,PH00523,ACC00467,VEH00109
EVT_RPT00325,observation,P00503,P00540,LOC0104,2026-02-12 14:49:00,0.99,RPT00325,references phone,PH00491,ACC00815,VEH00065
EVT_RPT00326,observation,P00961,P00862,LOC0097,2026-07-24 19:29:00,0.99,RPT00326,references phone,PH00020,ACC00649,VEH00226
EVT_RPT00327,observation,P00465,P00561,LOC0098,2026-02-07 10:20:00,0.99,RPT00327,का उल्लेख,PH00916,ACC00119,VEH00023
EVT_RPT00328,observation,P00562,P00162,LOC0059,2026-04-19 19:16:00,0.99,RPT00328,का उल्लेख,PH00438,ACC00564,VEH00009
EVT_RPT00329,observation,P00635,P00119,LOC0081,2026-07-13 15:32:00,0.99,RPT00329,का उल्लेख,PH00800,ACC00731,VEH00200
EVT_RPT00330,observation,P00338,P00320,LOC0118,2026-06-24 20:24:00,0.99,RPT00330,references phone,PH00973,ACC00107,VEH00134
EVT_RPT00331,observation,P00852,P00487,LOC0016,2026-08-24 16:06:00,0.99,RPT00331,का उल्लेख,PH00135,ACC00075,VEH00106
EVT_RPT00332,observation,P00806,P00514,LOC0008,2026-03-02 11:57:00,0.99,RPT00332,का उल्लेख,PH00777,ACC00771,VEH00117
EVT_RPT00333,observation,P00769,P00898,LOC0014,2026-04-03 16:21:00,0.99,RPT00333,का उल्लेख,PH00801,ACC00629,VEH00303
EVT_RPT00334,observation,P00167,P00401,LOC0104,2026-01-26 18:13:00,0.99,RPT00334,का उल्लेख,PH00517,ACC00647,VEH00198
EVT_RPT00335,observation,P00396,P00723,LOC0154,2026-01-23 20:38:00,0.99,RPT00335,का उल्लेख,PH01174,ACC00708,VEH00353
EVT_RPT00336,observation,P00027,P00897,LOC0060,2026-07-02 18:07:00,0.99,RPT00336,references phone,PH00805,ACC00285,VEH00125
EVT_RPT00337,observation,P00244,P00885,LOC0067,2026-01-08 01:40:00,0.99,RPT00337,references phone,PH00592,ACC00685,VEH00243
EVT_RPT00338,observation,P00617,P00429,LOC0010,2026-06-23 16:32:00,0.99,RPT00338,का उल्लेख,PH00294,ACC00436,VEH00001
EVT_RPT00339,observation,P00731,P00224,LOC0098,2026-05-24 16:00:00,0.99,RPT00339,references phone,PH00453,ACC00687,VEH00023
EVT_RPT00340,observation,P00241,P00226,LOC0095,2026-07-06 15:46:00,0.99,RPT00340,का उल्लेख,PH00539,ACC00039,VEH00232
EVT_RPT00341,observation,P00517,P00607,LOC0161,2026-03-07 10:39:00,0.99,RPT00341,का उल्लेख,PH00960,ACC00085,VEH00069
EVT_RPT00342,observation,P00098,P00406,LOC0010,2026-03-16 02:16:00,0.99,RPT00342,का उल्लेख,PH00754,ACC00292,VEH00314
EVT_RPT00343,observation,P00277,P00482,LOC0105,2026-07-06 10:40:00,0.99,RPT00343,का उल्लेख,PH00953,ACC01152,VEH00333
EVT_RPT00344,observation,P00636,P00754,LOC0057,2026-08-20 12:41:00,0.99,RPT00344,का उल्लेख,PH00518,ACC01106,VEH00185
EVT_RPT00345,observation,P00542,P00529,LOC0148,2026-01-20 19:51:00,0.99,RPT00345,का उल्लेख,PH00086,ACC00162,VEH00235
EVT_RPT00346,observation,P00715,P00529,LOC0141,2026-08-04 05:23:00,0.99,RPT00346,का उल्लेख,PH00623,ACC00796,VEH00147
EVT_RPT00347,observation,P00463,P00865,LOC0047,2026-01-12 22:35:00,0.99,RPT00347,references phone,PH00577,ACC00991,VEH00163
EVT_RPT00348,observation,P00750,P00853,LOC0154,2026-08-26 12:24:00,0.99,RPT00348,का उल्लेख,PH00496,ACC00061,VEH00228
EVT_RPT00349,observation,P00261,P00412,LOC0151,2026-07-28 06:55:00,0.99,RPT00349,references phone,PH00886,ACC00763,VEH00374
EVT_RPT00350,observation,P00943,P00196,LOC0157,2026-04-27 10:00:00,0.99,RPT00350,का उल्लेख,PH01080,ACC00247,VEH00310
EVT_RPT00351,observation,P00464,P00590,LOC0050,2026-03-05 01:13:00,0.99,RPT00351,का उल्लेख,PH00332,ACC00165,VEH00111
EVT_RPT00352,observation,P00905,P00309,LOC0050,2026-07-06 07:48:00,0.99,RPT00352,का उल्लेख,PH01138,ACC00491,VEH00105
EVT_RPT00353,observation,P00326,P00756,LOC0153,2026-08-02 16:33:00,0.99,RPT00353,का उल्लेख,PH00341,ACC00370,VEH00315
EVT_RPT00354,observation,P00073,P00271,LOC0147,2026-01-25 00:48:00,0.99,RPT00354,का उल्लेख,PH00203,ACC00478,VEH00103
EVT_RPT00355,observation,P00849,P00477,LOC0083,2026-01-14 11:40:00,0.99,RPT00355,references phone,PH00359,ACC00701,VEH00185
EVT_RPT00356,observation,P00612,P00786,LOC0180,2026-04-16 03:17:00,0.99,RPT00356,का उल्लेख,PH00464,ACC00428,VEH00181
EVT_RPT00357,observation,P00017,P00859,LOC0158,2026-03-02 05:41:00,0.99,RPT00357,references phone,PH01171,ACC00557,VEH00346
EVT_RPT00358,observation,P00826,P00035,LOC0088,2026-06-07 14:07:00,0.99,RPT00358,references phone,PH00776,ACC00963,VEH00151
EVT_RPT00359,observation,P00688,P00327,LOC0090,2026-05-12 09:33:00,0.99,RPT00359,references phone,PH00501,ACC00479,VEH00301
EVT_RPT00360,observation,P00200,P00311,LOC0033,2026-07-04 07:03:00,0.99,RPT00360,references phone,PH00113,ACC00345,VEH00383
EVT_RPT00361,observation,P00510,P00809,LOC0013,2026-05-07 01:09:00,0.99,RPT00361,references phone,PH00034,ACC00928,VEH00348
EVT_RPT00362,observation,P00304,P00548,LOC0172,2026-03-31 07:36:00,0.99,RPT00362,का उल्लेख,PH00829,ACC00961,VEH00024
EVT_RPT00363,observation,P00511,P00995,LOC0136,2026-04-12 09:35:00,0.99,RPT00363,का उल्लेख,PH00492,ACC00139,VEH00120
EVT_RPT00364,observation,P00150,P00745,LOC0064,2026-06-12 01:35:00,0.99,RPT00364,का उल्लेख,PH00880,ACC00546,VEH00284
EVT_RPT00365,observation,P00862,P00117,LOC0097,2026-03-12 19:35:00,0.99,RPT00365,का उल्लेख,PH00724,ACC00089,VEH00227
EVT_RPT00366,observation,P00983,P00059,LOC0081,2026-01-20 17:15:00,0.99,RPT00366,का उल्लेख,PH00831,ACC00403,VEH00388
EVT_RPT00367,observation,P00207,P00713,LOC0146,2026-04-09 12:13:00,0.99,RPT00367,का उल्लेख,PH00762,ACC00128,VEH00254
EVT_RPT00368,observation,P00452,P00539,LOC0036,2026-06-25 18:24:00,0.99,RPT00368,का उल्लेख,PH00225,ACC00216,VEH00136
EVT_RPT00369,observation,P00860,P00849,LOC0126,2026-06-01 12:11:00,0.99,RPT00369,का उल्लेख,PH00949,ACC00899,VEH00354
EVT_RPT00370,observation,P00512,P00278,LOC0052,2026-06-02 19:31:00,0.99,RPT00370,references phone,PH00318,ACC01184,VEH00043
EVT_RPT00371,observation,P00677,P00577,LOC0102,2026-02-25 15:33:00,0.99,RPT00371,का उल्लेख,PH00355,ACC00981,VEH00348
EVT_RPT00372,observation,P00388,P00541,LOC0149,2026-06-07 21:06:00,0.99,RPT00372,references phone,PH00802,ACC00832,VEH00267
EVT_RPT00373,observation,P00791,P00109,LOC0011,2026-01-24 10:02:00,0.99,RPT00373,references phone,PH01066,ACC00188,VEH00249
EVT_RPT00374,observation,P00417,P00888,LOC0030,2026-05-20 10:42:00,0.99,RPT00374,references phone,PH00660,ACC00220,VEH00090
EVT_RPT00375,observation,P00806,P00568,LOC0026,2026-01-30 23:30:00,0.99,RPT00375,references phone,PH00777,ACC00771,VEH00108
EVT_RPT00376,observation,P00180,P00235,LOC0114,2026-02-02 23:56:00,0.99,RPT00376,का उल्लेख,PH00603,ACC01140,VEH00252
EVT_RPT00377,observation,P00096,P00952,LOC0019,2026-07-03 23:06:00,0.99,RPT00377,references phone,PH00187,ACC00357,VEH00063
EVT_RPT00378,observation,P00199,P00935,LOC0177,2026-08-23 17:34:00,0.99,RPT00378,का उल्लेख,PH00131,ACC00527,VEH00003
EVT_RPT00379,observation,P00701,P00724,LOC0112,2026-03-03 23:54:00,0.99,RPT00379,references phone,PH00333,ACC00346,VEH00028
EVT_RPT00380,observation,P00267,P00311,LOC0165,2026-01-25 18:56:00,0.99,RPT00380,का उल्लेख,PH00630,ACC00080,VEH00236
EVT_RPT00381,observation,P00330,P00274,LOC0149,2026-01-07 02:23:00,0.99,RPT00381,references phone,PH00247,ACC00274,VEH00205
EVT_RPT00382,observation,P00221,P00767,LOC0153,2026-08-04 15:42:00,0.99,RPT00382,references phone,PH00966,ACC00661,VEH00189
EVT_RPT00383,observation,P00600,P00264,LOC0154,2026-01-21 21:01:00,0.99,RPT00383,references phone,PH00559,ACC00394,VEH00374
EVT_RPT00384,observation,P00494,P00426,LOC0098,2026-08-20 00:23:00,0.99,RPT00384,का उल्लेख,PH00704,ACC01194,VEH00301
EVT_RPT00385,observation,P00733,P00656,LOC0026,2026-02-14 06:02:00,0.99,RPT00385,का उल्लेख,PH00854,ACC01037,VEH00119
EVT_RPT00386,observation,P00604,P00127,LOC0026,2026-02-22 15:48:00,0.99,RPT00386,references phone,PH00763,ACC00253,VEH00182
EVT_RPT00387,observation,P00606,P00122,LOC0159,2026-01-29 07:33:00,0.99,RPT00387,references phone,PH00901,ACC00710,VEH00267
EVT_RPT00388,observation,P00759,P00196,LOC0003,2026-04-17 15:40:00,0.99,RPT00388,references phone,PH00313,ACC00336,VEH00198
EVT_RPT00389,observation,P00885,P00861,LOC0138,2026-01-16 23:31:00,0.99,RPT00389,references phone,PH00345,ACC01188,VEH00124
EVT_RPT00390,observation,P00944,P00759,LOC0041,2026-05-09 16:43:00,0.99,RPT00390,references phone,PH00145,ACC00622,VEH00324
EVT_RPT00391,observation,P00480,P00438,LOC0021,2026-06-14 14:41:00,0.99,RPT00391,का उल्लेख,PH01030,ACC01011,VEH00135
EVT_RPT00392,observation,P00019,P00641,LOC0085,2026-08-02 21:58:00,0.99,RPT00392,का उल्लेख,PH00044,ACC00831,VEH00136
EVT_RPT00393,observation,P00408,P00610,LOC0052,2026-07-07 08:29:00,0.99,RPT00393,का उल्लेख,PH00448,ACC00149,VEH00145
EVT_RPT00394,observation,P00974,P00075,LOC0123,2026-04-28 16:36:00,0.99,RPT00394,का उल्लेख,PH00251,ACC00408,VEH00136
EVT_RPT00395,observation,P00299,P00472,LOC0082,2026-02-05 14:20:00,0.99,RPT00395,का उल्लेख,PH00843,ACC00881,VEH00161
EVT_RPT00396,observation,P00581,P00590,LOC0025,2026-03-02 09:59:00,0.99,RPT00396,का उल्लेख,PH00319,ACC00820,VEH00137
EVT_RPT00397,observation,P00562,P00771,LOC0084,2026-07-19 19:15:00,0.99,RPT00397,references phone,PH00438,ACC00564,VEH00009
EVT_RPT00398,observation,P00851,P00883,LOC0170,2026-04-15 23:54:00,0.99,RPT00398,का उल्लेख,PH00701,ACC00130,VEH00265
EVT_RPT00399,observation,P00582,P00419,LOC0142,2026-07-06 11:17:00,0.99,RPT00399,references phone,PH00639,ACC00319,VEH00210
EVT_RPT00400,observation,P00194,P00289,LOC0103,2026-07-02 10:32:00,0.99,RPT00400,का उल्लेख,PH00842,ACC00673,VEH00023
EVT_RPT00401,observation,P00684,P00995,LOC0169,2026-03-10 13:58:00,0.99,RPT00401,references phone,PH00264,ACC00453,VEH00284
EVT_RPT00402,observation,P00228,P00045,LOC0020,2026-07-20 19:49:00,0.99,RPT00402,का उल्लेख,PH01186,ACC00103,VEH00173
EVT_RPT00403,observation,P00977,P00677,LOC0071,2026-07-08 03:26:00,0.99,RPT00403,का उल्लेख,PH00456,ACC00101,VEH00207
EVT_RPT00404,observation,P00178,P00228,LOC0172,2026-05-29 01:34:00,0.99,RPT00404,references phone,PH00796,ACC00446,VEH00093
EVT_RPT00405,observation,P00025,P00226,LOC0178,2026-04-19 08:06:00,0.99,RPT00405,references phone,PH00422,ACC00492,VEH00069
EVT_RPT00406,observation,P00513,P00331,LOC0086,2026-05-08 16:57:00,0.99,RPT00406,references phone,PH01061,ACC00468,VEH00195
EVT_RPT00407,observation,P00884,P00514,LOC0089,2026-01-18 00:00:00,0.99,RPT00407,references phone,PH00853,ACC00182,VEH00307
EVT_RPT00408,observation,P00673,P00319,LOC0121,2026-07-04 13:06:00,0.99,RPT00408,references phone,PH00018,ACC00998,VEH00127
EVT_RPT00409,observation,P00489,P00044,LOC0017,2026-06-20 21:39:00,0.99,RPT00409,references phone,PH01020,ACC00267,VEH00349
EVT_RPT00410,observation,P00217,P00781,LOC0044,2026-02-12 19:26:00,0.99,RPT00410,references phone,PH00451,ACC00163,VEH00036
EVT_RPT00411,observation,P00155,P00587,LOC0151,2026-01-28 20:14:00,0.99,RPT00411,का उल्लेख,PH01190,ACC00113,VEH00001
EVT_RPT00412,observation,P00189,P00490,LOC0131,2026-07-09 16:15:00,0.99,RPT00412,references phone,PH00128,ACC00679,VEH00159
EVT_RPT00413,observation,P00854,P00435,LOC0050,2026-05-05 12:14:00,0.99,RPT00413,references phone,PH00581,ACC00298,VEH00034
EVT_RPT00414,observation,P00680,P00815,LOC0041,2026-04-08 08:00:00,0.99,RPT00414,references phone,PH00572,ACC00947,VEH00270
EVT_RPT00415,observation,P00775,P00594,LOC0020,2026-03-31 12:52:00,0.99,RPT00415,का उल्लेख,PH00605,ACC00421,VEH00294
EVT_RPT00416,observation,P00997,P00474,LOC0107,2026-03-06 11:22:00,0.99,RPT00416,का उल्लेख,PH00322,ACC00320,VEH00076
EVT_RPT00417,observation,P00291,P00115,LOC0173,2026-07-18 20:28:00,0.99,RPT00417,का उल्लेख,PH00731,ACC00242,VEH00395
EVT_RPT00418,observation,P00831,P00964,LOC0156,2026-03-01 00:13:00,0.99,RPT00418,का उल्लेख,PH01103,ACC00262,VEH00111
EVT_RPT00419,observation,P00161,P00866,LOC0020,2026-07-20 03:48:00,0.99,RPT00419,का उल्लेख,PH00268,ACC00644,VEH00347
EVT_RPT00420,observation,P00441,P00444,LOC0089,2026-03-25 22:20:00,0.99,RPT00420,references phone,PH00013,ACC00472,VEH00176
EVT_RPT00421,observation,P00135,P00387,LOC0034,2026-01-02 18:26:00,0.99,RPT00421,का उल्लेख,PH01120,ACC00528,VEH00025
EVT_RPT00422,observation,P00241,P00495,LOC0171,2026-06-16 09:18:00,0.99,RPT00422,references phone,PH00539,ACC00039,VEH00352
EVT_RPT00423,observation,P00151,P00226,LOC0144,2026-04-30 04:18:00,0.99,RPT00423,का उल्लेख,PH00919,ACC00570,VEH00094
EVT_RPT00424,observation,P00161,P00213,LOC0121,2026-04-08 06:29:00,0.99,RPT00424,का उल्लेख,PH00268,ACC00644,VEH00074
EVT_RPT00425,observation,P00895,P00104,LOC0043,2026-05-21 23:54:00,0.99,RPT00425,का उल्लेख,PH00156,ACC00212,VEH00034
EVT_RPT00426,observation,P00911,P00444,LOC0057,2026-01-04 07:19:00,0.99,RPT00426,references phone,PH00624,ACC00471,VEH00356
EVT_RPT00427,observation,P00794,P00257,LOC0002,2026-03-14 16:40:00,0.99,RPT00427,references phone,PH00649,ACC01166,VEH00175
EVT_RPT00428,observation,P00543,P00357,LOC0087,2026-04-12 01:38:00,0.99,RPT00428,का उल्लेख,PH00209,ACC00951,VEH00019
EVT_RPT00429,observation,P00168,P00185,LOC0079,2026-04-21 06:13:00,0.99,RPT00429,references phone,PH00067,ACC00784,VEH00241
EVT_RPT00430,observation,P00192,P00584,LOC0103,2026-02-15 23:52:00,0.99,RPT00430,references phone,PH00127,ACC01142,VEH00349
EVT_RPT00431,observation,P00152,P00835,LOC0105,2026-06-25 12:38:00,0.99,RPT00431,का उल्लेख,PH01125,ACC00037,VEH00132
EVT_RPT00432,observation,P00833,P00790,LOC0085,2026-07-06 08:56:00,0.99,RPT00432,का उल्लेख,PH00084,ACC00518,VEH00314
EVT_RPT00433,observation,P00528,P00865,LOC0031,2026-02-13 00:57:00,0.99,RPT00433,references phone,PH00467,ACC00001,VEH00131
EVT_RPT00434,observation,P00180,P00139,LOC0060,2026-03-14 21:01:00,0.99,RPT00434,का उल्लेख,PH00603,ACC01140,VEH00234
EVT_RPT00435,observation,P00924,P00681,LOC0171,2026-08-20 06:59:00,0.99,RPT00435,का उल्लेख,PH01167,ACC01128,VEH00056
EVT_RPT00436,observation,P00976,P00632,LOC0089,2026-04-26 03:50:00,0.99,RPT00436,का उल्लेख,PH00219,ACC00390,VEH00117
EVT_RPT00437,observation,P00977,P00324,LOC0051,2026-04-03 20:08:00,0.99,RPT00437,का उल्लेख,PH00456,ACC00101,VEH00166
EVT_RPT00438,observation,P00882,P00448,LOC0180,2026-08-01 23:13:00,0.99,RPT00438,का उल्लेख,PH00610,ACC01058,VEH00331
EVT_RPT00439,observation,P00430,P00996,LOC0013,2026-07-26 23:24:00,0.99,RPT00439,references phone,PH00390,ACC00382,VEH00309
EVT_RPT00440,observation,P00907,P00568,LOC0082,2026-07-02 19:53:00,0.99,RPT00440,references phone,PH00093,ACC00222,VEH00183
EVT_RPT00441,observation,P00081,P00772,LOC0021,2026-01-05 17:00:00,0.99,RPT00441,का उल्लेख,PH00100,ACC00723,VEH00241
EVT_RPT00442,observation,P00594,P00944,LOC0047,2026-06-15 02:15:00,0.99,RPT00442,का उल्लेख,PH00525,ACC00463,VEH00248
EVT_RPT00443,observation,P00376,P00651,LOC0042,2026-07-30 23:51:00,0.99,RPT00443,का उल्लेख,PH00684,ACC00851,VEH00240
EVT_RPT00444,observation,P00218,P00630,LOC0083,2026-08-21 02:41:00,0.99,RPT00444,references phone,PH00935,ACC00539,VEH00249
EVT_RPT00445,observation,P00052,P00850,LOC0004,2026-02-18 01:42:00,0.99,RPT00445,का उल्लेख,PH00008,ACC00189,VEH00026
EVT_RPT00446,observation,P00289,P00041,LOC0156,2026-06-02 01:44:00,0.99,RPT00446,का उल्लेख,PH00281,ACC00397,VEH00188
EVT_RPT00447,observation,P00849,P00384,LOC0090,2026-08-13 13:04:00,0.99,RPT00447,का उल्लेख,PH00359,ACC00701,VEH00103
EVT_RPT00448,observation,P00626,P00241,LOC0177,2026-04-21 12:52:00,0.99,RPT00448,references phone,PH00480,ACC00304,VEH00067
EVT_RPT00449,observation,P00941,P00509,LOC0016,2026-02-23 00:42:00,0.99,RPT00449,का उल्लेख,PH00834,ACC00809,VEH00227
EVT_RPT00450,observation,P00060,P00887,LOC0154,2026-07-19 06:43:00,0.99,RPT00450,references phone,PH00883,ACC00770,VEH00187
EVT_RPT00451,observation,P00850,P00667,LOC0117,2026-06-12 08:58:00,0.99,RPT00451,का उल्लेख,PH00598,ACC00072,VEH00142
EVT_RPT00452,observation,P00683,P00129,LOC0006,2026-01-01 17:03:00,0.99,RPT00452,का उल्लेख,PH00002,ACC01025,VEH00082
EVT_RPT00453,observation,P00896,P00122,LOC0009,2026-01-08 21:16:00,0.99,RPT00453,references phone,PH00435,ACC00642,VEH00259
EVT_RPT00454,observation,P00971,P00817,LOC0006,2026-03-01 07:48:00,0.99,RPT00454,references phone,PH01176,ACC01197,VEH00221
EVT_RPT00455,observation,P00485,P00635,LOC0072,2026-05-02 06:52:00,0.99,RPT00455,references phone,PH00950,ACC00480,VEH00244
EVT_RPT00456,observation,P00294,P00479,LOC0049,2026-04-07 08:07:00,0.99,RPT00456,का उल्लेख,PH00917,ACC00537,VEH00055
EVT_RPT00457,observation,P00861,P00821,LOC0060,2026-08-16 06:05:00,0.99,RPT00457,references phone,PH00295,ACC01200,VEH00355
EVT_RPT00458,observation,P00028,P00238,LOC0153,2026-06-25 18:57:00,0.99,RPT00458,का उल्लेख,PH00872,ACC00887,VEH00298
EVT_RPT00459,observation,P00256,P00813,LOC0083,2026-08-26 21:24:00,0.99,RPT00459,references phone,PH00404,ACC00124,VEH00341
EVT_RPT00460,observation,P00868,P00691,LOC0171,2026-02-11 01:49:00,0.99,RPT00460,references phone,PH00934,ACC00398,VEH00379
EVT_RPT00461,observation,P00120,P00102,LOC0019,2026-05-11 00:17:00,0.99,RPT00461,का उल्लेख,PH00940,ACC01029,VEH00319
EVT_RPT00462,observation,P00975,P00410,LOC0121,2026-06-06 19:45:00,0.99,RPT00462,references phone,PH00489,ACC00266,VEH00111
EVT_RPT00463,observation,P00720,P00613,LOC0134,2026-02-27 17:54:00,0.99,RPT00463,references phone,PH00600,ACC01186,VEH00115
EVT_RPT00464,observation,P00188,P00654,LOC0096,2026-02-25 11:44:00,0.99,RPT00464,का उल्लेख,PH00924,ACC00840,VEH00301
EVT_RPT00465,observation,P00034,P00765,LOC0043,2026-05-23 11:59:00,0.99,RPT00465,का उल्लेख,PH01141,ACC00959,VEH00246
EVT_RPT00466,observation,P00064,P00686,LOC0124,2026-02-07 15:07:00,0.99,RPT00466,का उल्लेख,PH00236,ACC00483,VEH00372
EVT_RPT00467,observation,P00371,P00084,LOC0075,2026-04-18 01:46:00,0.99,RPT00467,का उल्लेख,PH00418,ACC00983,VEH00310
EVT_RPT00468,observation,P00760,P00073,LOC0157,2026-08-26 13:14:00,0.99,RPT00468,का उल्लेख,PH01056,ACC00776,VEH00357
EVT_RPT00469,observation,P00873,P00822,LOC0056,2026-08-22 18:05:00,0.99,RPT00469,references phone,PH00433,ACC00952,VEH00360
EVT_RPT00470,observation,P00003,P00087,LOC0151,2026-08-22 18:11:00,0.99,RPT00470,references phone,PH00014,ACC00914,VEH00171
EVT_RPT00471,observation,P00899,P00183,LOC0027,2026-01-06 20:43:00,0.99,RPT00471,का उल्लेख,PH00699,ACC00012,VEH00198
EVT_RPT00472,observation,P00108,P00016,LOC0046,2026-02-26 04:28:00,0.99,RPT00472,का उल्लेख,PH00528,ACC01151,VEH00018
EVT_RPT00473,observation,P00679,P00348,LOC0114,2026-03-22 07:46:00,0.99,RPT00473,का उल्लेख,PH00132,ACC01130,VEH00185
EVT_RPT00474,observation,P00600,P00154,LOC0028,2026-04-25 02:31:00,0.99,RPT00474,का उल्लेख,PH00559,ACC00394,VEH00079
EVT_RPT00475,observation,P00173,P00846,LOC0042,2026-08-04 13:08:00,0.99,RPT00475,references phone,PH00307,ACC01155,VEH00328
EVT_RPT00476,observation,P00739,P00655,LOC0020,2026-04-19 16:48:00,0.99,RPT00476,references phone,PH00329,ACC00517,VEH00326
EVT_RPT00477,observation,P00582,P00513,LOC0014,2026-07-30 03:13:00,0.99,RPT00477,references phone,PH00316,ACC00319,VEH00059
EVT_RPT00478,observation,P00794,P00024,LOC0034,2026-08-23 08:08:00,0.99,RPT00478,का उल्लेख,PH00649,ACC01166,VEH00113
EVT_RPT00479,observation,P00641,P00492,LOC0041,2026-05-15 11:46:00,0.99,RPT00479,का उल्लेख,PH00895,ACC00282,VEH00315
EVT_RPT00480,observation,P00610,P01000,LOC0026,2026-02-18 03:55:00,0.99,RPT00480,का उल्लेख,PH00178,ACC01160,VEH00186
EVT_RPT00481,observation,P00768,P00254,LOC0140,2026-04-29 09:31:00,0.99,RPT00481,का उल्लेख,PH00298,ACC00756,VEH00203
EVT_RPT00482,observation,P00938,P00785,LOC0114,2026-04-24 12:11:00,0.99,RPT00482,references phone,PH00664,ACC00870,VEH00086
EVT_RPT00483,observation,P00995,P00161,LOC0127,2026-02-27 12:28:00,0.99,RPT00483,का उल्लेख,PH00246,ACC00810,VEH00242
EVT_RPT00484,observation,P00822,P00850,LOC0008,2026-06-05 19:38:00,0.99,RPT00484,का उल्लेख,PH00439,ACC01030,VEH00241
EVT_RPT00485,observation,P00110,P00302,LOC0038,2026-05-02 02:59:00,0.99,RPT00485,का उल्लेख,PH00220,ACC01116,VEH00244
EVT_RPT00486,observation,P00110,P00344,LOC0143,2026-08-12 15:55:00,0.99,RPT00486,का उल्लेख,PH00220,ACC01116,VEH00339
EVT_RPT00487,observation,P00182,P00913,LOC0055,2026-08-09 15:56:00,0.99,RPT00487,का उल्लेख,PH00137,ACC00214,VEH00269
EVT_RPT00488,observation,P00831,P00793,LOC0101,2026-02-08 02:43:00,0.99,RPT00488,references phone,PH01103,ACC00262,VEH00359
EVT_RPT00489,observation,P00667,P00584,LOC0153,2026-05-21 03:22:00,0.99,RPT00489,का उल्लेख,PH00736,ACC01060,VEH00060
EVT_RPT00490,observation,P00895,P00903,LOC0022,2026-05-15 16:28:00,0.99,RPT00490,references phone,PH00156,ACC00212,VEH00314
EVT_RPT00491,observation,P00376,P00134,LOC0011,2026-01-14 17:06:00,0.99,RPT00491,का उल्लेख,PH00684,ACC00851,VEH00227
EVT_RPT00492,observation,P00376,P00387,LOC0076,2026-05-13 17:21:00,0.99,RPT00492,का उल्लेख,PH00684,ACC00851,VEH00095
EVT_RPT00493,observation,P00102,P00906,LOC0064,2026-03-30 02:10:00,0.99,RPT00493,references phone,PH01076,ACC00997,VEH00261
EVT_RPT00494,observation,P00833,P00380,LOC0030,2026-06-28 10:40:00,0.99,RPT00494,का उल्लेख,PH00084,ACC00518,VEH00331
EVT_RPT00495,observation,P00616,P00608,LOC0165,2026-01-24 10:40:00,0.99,RPT00495,का उल्लेख,PH01099,ACC00743,VEH00306
EVT_RPT00496,observation,P00527,P00850,LOC0037,2026-03-16 06:15:00,0.99,RPT00496,का उल्लेख,PH00360,ACC00574,VEH00328
EVT_RPT00497,observation,P00565,P00346,LOC0056,2026-04-16 17:10:00,0.99,RPT00497,references phone,PH01006,ACC00545,VEH00335
EVT_RPT00498,observation,P00260,P00061,LOC0006,2026-01-14 01:08:00,0.99,RPT00498,references phone,PH00177,ACC00560,VEH00176
EVT_RPT00499,observation,P00899,P00087,LOC0076,2026-02-08 13:49:00,0.99,RPT00499,का उल्लेख,PH00108,ACC00012,VEH00167
EVT_RPT00500,observation,P00863,P00444,LOC0076,2026-03-05 20:33:00,0.99,RPT00500,references phone,PH00515,ACC00031,VEH00298
EVT_RPT00501,observation,P00878,P00955,LOC0094,2026-02-27 17:33:00,0.99,RPT00501,का उल्लेख,PH00126,ACC00278,VEH00385
EVT_RPT00502,observation,P00395,P00085,LOC0180,2026-08-20 07:34:00,0.99,RPT00502,references phone,PH00782,ACC00280,VEH00352
EVT_RPT00503,observation,P00776,P00908,LOC0077,2026-03-11 19:44:00,0.99,RPT00503,references phone,PH00442,ACC00993,VEH00063
EVT_RPT00504,observation,P00486,P00318,LOC0031,2026-03-21 20:08:00,0.99,RPT00504,references phone,PH00771,ACC00834,VEH00212
EVT_RPT00505,observation,P00985,P00028,LOC0132,2026-05-24 23:57:00,0.99,RPT00505,references phone,PH00698,ACC00444,VEH00313
EVT_RPT00506,observation,P00736,P00607,LOC0102,2026-04-04 08:45:00,0.99,RPT00506,का उल्लेख,PH01012,ACC00100,VEH00281
EVT_RPT00507,observation,P00573,P00653,LOC0174,2026-02-14 02:33:00,0.99,RPT00507,का उल्लेख,PH00253,ACC00838,VEH00059
EVT_RPT00508,observation,P00332,P00625,LOC0029,2026-03-22 21:45:00,0.99,RPT00508,का उल्लेख,PH00737,ACC00957,VEH00311
EVT_RPT00509,observation,P00341,P00049,LOC0049,2026-04-14 13:37:00,0.99,RPT00509,references phone,PH01183,ACC00668,VEH00052
EVT_RPT00510,observation,P00205,P00022,LOC0152,2026-05-29 18:40:00,0.99,RPT00510,का उल्लेख,PH01145,ACC00792,VEH00014
EVT_RPT00511,observation,P00184,P00121,LOC0063,2026-07-19 08:03:00,0.99,RPT00511,references phone,PH00320,ACC00558,VEH00154
EVT_RPT00512,observation,P00640,P00663,LOC0151,2026-07-12 04:49:00,0.99,RPT00512,का उल्लेख,PH00038,ACC00744,VEH00399
EVT_RPT00513,observation,P00769,P00945,LOC0014,2026-07-23 11:25:00,0.99,RPT00513,references phone,PH00801,ACC01019,VEH00180
EVT_RPT00514,observation,P00587,P00057,LOC0078,2026-04-03 22:04:00,0.99,RPT00514,references phone,PH01163,ACC00459,VEH00052
EVT_RPT00515,observation,P00767,P00541,LOC0117,2026-02-19 15:19:00,0.99,RPT00515,का उल्लेख,PH00237,ACC00513,VEH00239
EVT_RPT00516,observation,P00457,P00325,LOC0065,2026-02-24 04:29:00,0.99,RPT00516,references phone,PH00361,ACC00009,VEH00027
EVT_RPT00517,observation,P00456,P00616,LOC0145,2026-01-07 10:34:00,0.99,RPT00517,का उल्लेख,PH00427,ACC00294,VEH00292
EVT_RPT00518,observation,P00215,P00134,LOC0040,2026-02-22 17:28:00,0.99,RPT00518,references phone,PH00129,ACC00449,VEH00281
EVT_RPT00519,observation,P00366,P00695,LOC0030,2026-01-23 11:13:00,0.99,RPT00519,का उल्लेख,PH00732,ACC01068,VEH00090
EVT_RPT00520,observation,P00373,P00216,LOC0111,2026-08-16 07:08:00,0.99,RPT00520,references phone,PH00589,ACC00174,VEH00067
EVT_RPT00521,observation,P00470,P00474,LOC0065,2026-06-16 03:15:00,0.99,RPT00521,references phone,PH00019,ACC00495,VEH00075
EVT_RPT00522,observation,P00188,P00007,LOC0064,2026-05-13 20:51:00,0.99,RPT00522,references phone,PH00924,ACC00840,VEH00212
EVT_RPT00523,observation,P00468,P00809,LOC0141,2026-08-01 03:48:00,0.99,RPT00523,references phone,PH00497,ACC00740,VEH00005
EVT_RPT00524,observation,P00177,P00818,LOC0071,2026-03-14 21:03:00,0.99,RPT00524,references phone,PH01131,ACC00750,VEH00311
EVT_RPT00525,observation,P00515,P00886,LOC0033,2026-07-27 08:36:00,0.99,RPT00525,का उल्लेख,PH01177,ACC00430,VEH00112
EVT_RPT00526,observation,P00245,P00303,LOC0173,2026-07-17 08:29:00,0.99,RPT00526,का उल्लेख,PH00585,ACC00427,VEH00032
EVT_RPT00527,observation,P00146,P00508,LOC0130,2026-05-10 22:36:00,0.99,RPT00527,का उल्लेख,PH00326,ACC00648,VEH00317
EVT_RPT00528,observation,P00662,P00375,LOC0127,2026-02-23 07:52:00,0.99,RPT00528,references phone,PH00977,ACC01005,VEH00079
EVT_RPT00529,observation,P00355,P00936,LOC0087,2026-03-12 20:02:00,0.99,RPT00529,का उल्लेख,PH00005,ACC01002,VEH00294
EVT_RPT00530,observation,P00356,P00713,LOC0142,2026-08-05 20:23:00,0.99,RPT00530,का उल्लेख,PH00372,ACC00863,VEH00370
EVT_RPT00531,observation,P00028,P00869,LOC0004,2026-01-16 05:26:00,0.99,RPT00531,references phone,PH00872,ACC00887,VEH00152
EVT_RPT00532,observation,P00784,P00365,LOC0142,2026-07-17 14:49:00,0.99,RPT00532,का उल्लेख,PH00070,ACC00600,VEH00172
EVT_RPT00533,observation,P00742,P00438,LOC0108,2026-01-21 08:26:00,0.99,RPT00533,references phone,PH00373,ACC00006,VEH00053
EVT_RPT00534,observation,P00673,P00386,LOC0154,2026-06-25 20:52:00,0.99,RPT00534,references phone,PH00018,ACC00998,VEH00156
EVT_RPT00535,observation,P00455,P00375,LOC0138,2026-02-23 04:54:00,0.99,RPT00535,references phone,PH00224,ACC00417,VEH00122
EVT_RPT00536,observation,P00874,P00145,LOC0157,2026-02-22 14:25:00,0.99,RPT00536,का उल्लेख,PH01196,ACC00450,VEH00323
EVT_RPT00537,observation,P00401,P00133,LOC0178,2026-01-30 08:42:00,0.99,RPT00537,references phone,PH00478,ACC00347,VEH00131
EVT_RPT00538,observation,P00622,P00265,LOC0003,2026-07-20 22:50:00,0.99,RPT00538,का उल्लेख,PH01136,ACC00332,VEH00138
EVT_RPT00539,observation,P00097,P00026,LOC0024,2026-07-23 15:11:00,0.99,RPT00539,references phone,PH00749,ACC01012,VEH00006
EVT_RPT00540,observation,P00330,P00002,LOC0086,2026-03-20 04:03:00,0.99,RPT00540,references phone,PH00367,ACC00274,VEH00107
EVT_RPT00541,observation,P00452,P00659,LOC0172,2026-07-13 15:20:00,0.99,RPT00541,references phone,PH00225,ACC00216,VEH00306
EVT_RPT00542,observation,P00496,P00931,LOC0047,2026-03-19 08:38:00,0.99,RPT00542,references phone,PH00429,ACC00604,VEH00030
EVT_RPT00543,observation,P00234,P00661,LOC0156,2026-07-14 23:37:00,0.99,RPT00543,references phone,PH00462,ACC00241,VEH00262
EVT_RPT00544,observation,P00949,P00691,LOC0101,2026-05-16 01:45:00,0.99,RPT00544,का उल्लेख,PH01071,ACC00457,VEH00150
EVT_RPT00545,observation,P00883,P00529,LOC0105,2026-03-06 00:19:00,0.99,RPT00545,का उल्लेख,PH00401,ACC00633,VEH00034
EVT_RPT00546,observation,P00994,P00503,LOC0133,2026-02-18 04:37:00,0.99,RPT00546,references phone,PH00092,ACC01094,VEH00097
EVT_RPT00547,observation,P00604,P00940,LOC0038,2026-02-17 04:43:00,0.99,RPT00547,references phone,PH00763,ACC00253,VEH00096
EVT_RPT00548,observation,P00548,P00796,LOC0138,2026-07-09 23:26:00,0.99,RPT00548,का उल्लेख,PH01088,ACC01055,VEH00010
EVT_RPT00549,observation,P00837,P00116,LOC0036,2026-07-20 19:11:00,0.99,RPT00549,references phone,PH00767,ACC00526,VEH00303
EVT_RPT00550,observation,P00141,P00356,LOC0025,2026-05-05 00:05:00,0.99,RPT00550,references phone,PH00097,ACC01063,VEH00333
EVT_RPT00551,observation,P00599,P00288,LOC0061,2026-03-28 17:48:00,0.99,RPT00551,references phone,PH01022,ACC01017,VEH00061
EVT_RPT00552,observation,P00233,P00604,LOC0048,2026-06-27 01:45:00,0.99,RPT00552,references phone,PH00772,ACC00705,VEH00271
EVT_RPT00553,observation,P00076,P00040,LOC0164,2026-03-11 00:57:00,0.99,RPT00553,references phone,PH01160,ACC00511,VEH00174
EVT_RPT00554,observation,P00500,P00602,LOC0024,2026-07-14 14:29:00,0.99,RPT00554,references phone,PH01151,ACC00839,VEH00307
EVT_RPT00555,observation,P00086,P00894,LOC0073,2026-05-02 16:07:00,0.99,RPT00555,references phone,PH01046,ACC00431,VEH00147
EVT_RPT00556,observation,P00443,P00931,LOC0083,2026-07-13 18:04:00,0.99,RPT00556,का उल्लेख,PH00410,ACC00624,VEH00048
EVT_RPT00557,observation,P00485,P00531,LOC0105,2026-07-29 19:35:00,0.99,RPT00557,का उल्लेख,PH00950,ACC00480,VEH00191
EVT_RPT00558,observation,P00587,P00434,LOC0171,2026-02-16 10:59:00,0.99,RPT00558,का उल्लेख,PH00049,ACC00459,VEH00265
EVT_RPT00559,observation,P00512,P00943,LOC0099,2026-08-02 21:54:00,0.99,RPT00559,का उल्लेख,PH00318,ACC01184,VEH00022
EVT_RPT00560,observation,P00894,P00960,LOC0157,2026-03-05 05:04:00,0.99,RPT00560,references phone,PH00648,ACC00732,VEH00011
EVT_RPT00561,observation,P00450,P00219,LOC0139,2026-04-26 07:46:00,0.99,RPT00561,का उल्लेख,PH01191,ACC00500,VEH00350
EVT_RPT00562,observation,P00793,P00595,LOC0164,2026-04-27 02:08:00,0.99,RPT00562,का उल्लेख,PH00419,ACC01172,VEH00185
EVT_RPT00563,observation,P00031,P00507,LOC0019,2026-03-09 15:23:00,0.99,RPT00563,का उल्लेख,PH00375,ACC00773,VEH00303
EVT_RPT00564,observation,P00773,P00087,LOC0176,2026-06-16 20:31:00,0.99,RPT00564,references phone,PH00321,ACC00857,VEH00308
EVT_RPT00565,observation,P00697,P00917,LOC0124,2026-08-07 10:36:00,0.99,RPT00565,का उल्लेख,PH00747,ACC00927,VEH00072
EVT_RPT00566,observation,P00424,P00493,LOC0009,2026-03-08 20:18:00,0.99,RPT00566,का उल्लेख,PH00537,ACC00536,VEH00263
EVT_RPT00567,observation,P00459,P00597,LOC0025,2026-01-02 20:42:00,0.99,RPT00567,का उल्लेख,PH01047,ACC00115,VEH00137
EVT_RPT00568,observation,P00710,P00814,LOC0027,2026-05-04 03:01:00,0.99,RPT00568,references phone,PH00215,ACC00594,VEH00319
EVT_RPT00569,observation,P00324,P00294,LOC0106,2026-01-31 20:42:00,0.99,RPT00569,का उल्लेख,PH00879,ACC00448,VEH00125
EVT_RPT00570,observation,P00732,P00560,LOC0120,2026-07-26 00:12:00,0.99,RPT00570,का उल्लेख,PH00635,ACC00318,VEH00007
EVT_RPT00571,observation,P00453,P00669,LOC0120,2026-02-28 07:49:00,0.99,RPT00571,references phone,PH00896,ACC00719,VEH00172
EVT_RPT00572,observation,P00659,P00883,LOC0102,2026-08-18 11:14:00,0.99,RPT00572,का उल्लेख,PH00444,ACC01196,VEH00395
EVT_RPT00573,observation,P00110,P00274,LOC0125,2026-01-02 09:31:00,0.99,RPT00573,references phone,PH00220,ACC01116,VEH00009
EVT_RPT00574,observation,P00636,P00560,LOC0117,2026-06-28 05:19:00,0.99,RPT00574,references phone,PH00518,ACC01106,VEH00382
EVT_RPT00575,observation,P00454,P00115,LOC0173,2026-04-28 21:25:00,0.99,RPT00575,का उल्लेख,PH01122,ACC00833,VEH00180
EVT_RPT00576,observation,P00982,P00007,LOC0099,2026-01-20 17:38:00,0.99,RPT00576,references phone,PH00138,ACC00781,VEH00053
EVT_RPT00577,observation,P00730,P00829,LOC0152,2026-04-17 09:03:00,0.99,RPT00577,references phone,PH01100,ACC00985,VEH00291
EVT_RPT00578,observation,P00574,P00598,LOC0127,2026-06-09 12:07:00,0.99,RPT00578,references phone,PH00348,ACC01082,VEH00085
EVT_RPT00579,observation,P00631,P00896,LOC0065,2026-01-31 15:09:00,0.99,RPT00579,references phone,PH00789,ACC00615,VEH00335
EVT_RPT00580,observation,P00758,P00702,LOC0074,2026-08-24 10:54:00,0.99,RPT00580,का उल्लेख,PH00769,ACC01187,VEH00294
EVT_RPT00581,observation,P00435,P00938,LOC0166,2026-06-12 09:08:00,0.99,RPT00581,का उल्लेख,PH00761,ACC00878,VEH00146
EVT_RPT00582,observation,P00508,P00624,LOC0134,2026-02-09 05:58:00,0.99,RPT00582,references phone,PH00751,ACC01080,VEH00391
EVT_RPT00583,observation,P00909,P00154,LOC0178,2026-03-23 22:03:00,0.99,RPT00583,का उल्लेख,PH01180,ACC00921,VEH00137
EVT_RPT00584,observation,P00887,P00703,LOC0005,2026-06-27 19:05:00,0.99,RPT00584,references phone,PH01089,ACC00532,VEH00291
EVT_RPT00585,observation,P00430,P00809,LOC0145,2026-03-06 15:28:00,0.99,RPT00585,का उल्लेख,PH00390,ACC00382,VEH00093
EVT_RPT00586,observation,P00774,P00328,LOC0073,2026-06-20 16:25:00,0.99,RPT00586,का उल्लेख,PH00488,ACC00986,VEH00154
EVT_RPT00587,observation,P00895,P00739,LOC0118,2026-03-29 05:43:00,0.99,RPT00587,का उल्लेख,PH00156,ACC00212,VEH00041
EVT_RPT00588,observation,P00804,P00693,LOC0025,2026-05-07 23:22:00,0.99,RPT00588,का उल्लेख,PH01082,ACC00658,VEH00060
EVT_RPT00589,observation,P00064,P00666,LOC0165,2026-01-29 20:16:00,0.99,RPT00589,का उल्लेख,PH00236,ACC00483,VEH00385
EVT_RPT00590,observation,P00678,P00113,LOC0028,2026-03-14 10:32:00,0.99,RPT00590,का उल्लेख,PH00389,ACC00045,VEH00272
EVT_RPT00591,observation,P00913,P00124,LOC0012,2026-01-23 02:59:00,0.99,RPT00591,का उल्लेख,PH01084,ACC00519,VEH00323
EVT_RPT00592,observation,P00477,P00061,LOC0151,2026-06-11 17:38:00,0.99,RPT00592,references phone,PH01025,ACC00847,VEH00118
EVT_RPT00593,observation,P00937,P00447,LOC0171,2026-06-03 12:50:00,0.99,RPT00593,का उल्लेख,PH00231,ACC01092,VEH00007
EVT_RPT00594,observation,P00569,P00881,LOC0034,2026-08-29 22:22:00,0.99,RPT00594,का उल्लेख,PH00026,ACC00911,VEH00034
EVT_RPT00595,observation,P00746,P00516,LOC0115,2026-06-17 18:52:00,0.99,RPT00595,का उल्लेख,PH00221,ACC00180,VEH00198
EVT_RPT00596,observation,P00643,P00613,LOC0002,2026-08-19 18:40:00,0.99,RPT00596,references phone,PH00672,ACC00861,VEH00108
EVT_RPT00597,observation,P00182,P00324,LOC0002,2026-04-02 21:10:00,0.99,RPT00597,का उल्लेख,PH00137,ACC00214,VEH00375
EVT_RPT00598,observation,P00672,P00926,LOC0057,2026-01-05 08:48:00,0.99,RPT00598,का उल्लेख,PH00350,ACC01081,VEH00239
EVT_RPT00599,observation,P00930,P00715,LOC0164,2026-04-12 19:54:00,0.99,RPT00599,का उल्लेख,PH00908,ACC00742,VEH00014
EVT_RPT00600,observation,P00953,P00711,LOC0157,2026-05-25 15:30:00,0.99,RPT00600,references phone,PH00421,ACC00876,VEH00033
EVT_RPT00601,observation,P00563,P00404,LOC0174,2026-01-13 10:21:00,0.99,RPT00601,का उल्लेख,PH00964,ACC00520,VEH00236
EVT_RPT00602,observation,P00675,P00919,LOC0110,2026-02-23 04:18:00,0.99,RPT00602,का उल्लेख,PH00718,ACC00516,VEH00382
EVT_RPT00603,observation,P00677,P00453,LOC0109,2026-07-23 12:35:00,0.99,RPT00603,references phone,PH00355,ACC00981,VEH00239
EVT_RPT00604,observation,P00035,P00340,LOC0068,2026-04-29 17:18:00,0.99,RPT00604,का उल्लेख,PH00116,ACC00944,VEH00348
EVT_RPT00605,observation,P00808,P00968,LOC0018,2026-02-25 16:44:00,0.99,RPT00605,का उल्लेख,PH00241,ACC00195,VEH00253
EVT_RPT00606,observation,P00802,P00510,LOC0006,2026-08-19 11:36:00,0.99,RPT00606,का उल्लेख,PH00394,ACC00954,VEH00207
EVT_RPT00607,observation,P00053,P00832,LOC0142,2026-05-25 21:25:00,0.99,RPT00607,का उल्लेख,PH00545,ACC00179,VEH00200
EVT_RPT00608,observation,P00996,P00857,LOC0086,2026-03-23 21:29:00,0.99,RPT00608,का उल्लेख,PH00346,ACC00715,VEH00243
EVT_RPT00609,observation,P00988,P00714,LOC0042,2026-07-20 11:46:00,0.99,RPT00609,references phone,PH00687,ACC01169,VEH00376
EVT_RPT00610,observation,P00085,P00675,LOC0173,2026-01-09 21:56:00,0.99,RPT00610,references phone,PH00913,ACC00410,VEH00348
EVT_RPT00611,observation,P00594,P00397,LOC0098,2026-02-27 21:40:00,0.99,RPT00611,references phone,PH00525,ACC00463,VEH00310
EVT_RPT00612,observation,P00166,P00529,LOC0046,2026-02-14 04:40:00,0.99,RPT00612,references phone,PH00213,ACC00060,VEH00001
EVT_RPT00613,observation,P00911,P00263,LOC0171,2026-01-29 07:54:00,0.99,RPT00613,का उल्लेख,PH00624,ACC00471,VEH00012
EVT_RPT00614,observation,P00995,P00154,LOC0162,2026-02-19 23:35:00,0.99,RPT00614,references phone,PH01048,ACC00810,VEH00156
EVT_RPT00615,observation,P00470,P00359,LOC0147,2026-01-28 04:48:00,0.99,RPT00615,का उल्लेख,PH00019,ACC00495,VEH00032
EVT_RPT00616,observation,P00095,P00528,LOC0041,2026-06-01 05:05:00,0.99,RPT00616,references phone,PH01194,ACC00689,VEH00150
EVT_RPT00617,observation,P00092,P00995,LOC0107,2026-02-06 23:28:00,0.99,RPT00617,references phone,PH00181,ACC00122,VEH00206
EVT_RPT00618,observation,P00069,P00621,LOC0105,2026-04-29 20:35:00,0.99,RPT00618,का उल्लेख,PH00290,ACC01031,VEH00219
EVT_RPT00619,observation,P00718,P00193,LOC0046,2026-06-24 16:46:00,0.99,RPT00619,का उल्लेख,PH00955,ACC00036,VEH00329
EVT_RPT00620,observation,P00898,P00387,LOC0121,2026-03-20 18:51:00,0.99,RPT00620,references phone,PH00790,ACC01131,VEH00258
EVT_RPT00621,observation,P00499,P00713,LOC0028,2026-06-10 08:47:00,0.99,RPT00621,references phone,PH00060,ACC00908,VEH00033
EVT_RPT00622,observation,P00473,P00528,LOC0132,2026-06-20 19:28:00,0.99,RPT00622,references phone,PH01092,ACC01181,VEH00261
EVT_RPT00623,observation,P00437,P00076,LOC0090,2026-08-02 05:28:00,0.99,RPT00623,references phone,PH00012,ACC00305,VEH00279
EVT_RPT00624,observation,P00328,P00271,LOC0133,2026-08-09 04:58:00,0.99,RPT00624,references phone,PH00143,ACC00207,VEH00247
EVT_RPT00625,observation,P00202,P00036,LOC0117,2026-04-23 12:16:00,0.99,RPT00625,references phone,PH01175,ACC00885,VEH00397
EVT_RPT00626,observation,P00738,P00020,LOC0151,2026-01-04 05:18:00,0.99,RPT00626,का उल्लेख,PH00339,ACC00040,VEH00193
EVT_RPT00627,observation,P00463,P00038,LOC0103,2026-02-27 23:40:00,0.99,RPT00627,references phone,PH00577,ACC00991,VEH00338
EVT_RPT00628,observation,P00490,P00393,LOC0113,2026-03-27 23:59:00,0.99,RPT00628,references phone,PH00503,ACC00333,VEH00004
EVT_RPT00629,observation,P00710,P00797,LOC0027,2026-05-04 07:45:00,0.99,RPT00629,references phone,PH00215,ACC00594,VEH00150
EVT_RPT00630,observation,P00259,P00056,LOC0076,2026-03-03 13:23:00,0.99,RPT00630,का उल्लेख,PH00039,ACC00926,VEH00100
EVT_RPT00631,observation,P00215,P00154,LOC0087,2026-03-28 08:11:00,0.99,RPT00631,references phone,PH00129,ACC00449,VEH00074
EVT_RPT00632,observation,P00200,P00915,LOC0010,2026-06-04 13:11:00,0.99,RPT00632,का उल्लेख,PH00113,ACC00345,VEH00104
EVT_RPT00633,observation,P00201,P00767,LOC0036,2026-02-15 01:20:00,0.99,RPT00633,का उल्लेख,PH00618,ACC00254,VEH00346
EVT_RPT00634,observation,P00283,P00844,LOC0174,2026-03-20 21:32:00,0.99,RPT00634,का उल्लेख,PH01072,ACC00243,VEH00039
EVT_RPT00635,observation,P00297,P00128,LOC0107,2026-01-16 14:50:00,0.99,RPT00635,references phone,PH00071,ACC00785,VEH00368
EVT_RPT00636,observation,P00730,P00400,LOC0168,2026-06-30 17:41:00,0.99,RPT00636,का उल्लेख,PH01100,ACC00985,VEH00347
EVT_RPT00637,observation,P00303,P00604,LOC0167,2026-04-05 15:50:00,0.99,RPT00637,references phone,PH00387,ACC00389,VEH00140
EVT_RPT00638,observation,P00870,P00218,LOC0044,2026-06-25 18:01:00,0.99,RPT00638,का उल्लेख,PH01028,ACC00290,VEH00393
EVT_RPT00639,observation,P00311,P00597,LOC0133,2026-01-09 23:51:00,0.99,RPT00639,का उल्लेख,PH01132,ACC01077,VEH00084
EVT_RPT00640,observation,P00028,P00398,LOC0179,2026-01-13 00:27:00,0.99,RPT00640,का उल्लेख,PH00872,ACC00226,VEH00099
EVT_RPT00641,observation,P00819,P00845,LOC0170,2026-03-12 00:44:00,0.99,RPT00641,references phone,PH01053,ACC00782,VEH00229
EVT_RPT00642,observation,P00551,P00318,LOC0131,2026-05-16 02:20:00,0.99,RPT00642,references phone,PH00582,ACC01047,VEH00119
EVT_RPT00643,observation,P00311,P00199,LOC0063,2026-07-19 15:26:00,0.99,RPT00643,references phone,PH01132,ACC01077,VEH00293
EVT_RPT00644,observation,P00253,P00299,LOC0022,2026-01-08 01:49:00,0.99,RPT00644,का उल्लेख,PH01040,ACC00929,VEH00346
EVT_RPT00645,observation,P00965,P00630,LOC0174,2026-05-18 00:02:00,0.99,RPT00645,references phone,PH00951,ACC00849,VEH00065
EVT_RPT00646,observation,P00762,P00664,LOC0096,2026-02-16 22:16:00,0.99,RPT00646,का उल्लेख,PH00536,ACC00281,VEH00081
EVT_RPT00647,observation,P00705,P00553,LOC0084,2026-07-25 11:41:00,0.99,RPT00647,references phone,PH00877,ACC00660,VEH00118
EVT_RPT00648,observation,P00425,P00641,LOC0064,2026-08-19 16:58:00,0.99,RPT00648,का उल्लेख,PH00050,ACC00617,VEH00398
EVT_RPT00649,observation,P00168,P00118,LOC0094,2026-02-06 23:22:00,0.99,RPT00649,का उल्लेख,PH00067,ACC00784,VEH00160
EVT_RPT00650,observation,P00038,P00618,LOC0129,2026-07-07 12:49:00,0.99,RPT00650,का उल्लेख,PH01093,ACC00366,VEH00335
EVT_RPT00651,observation,P00951,P00348,LOC0130,2026-02-25 21:46:00,0.99,RPT00651,का उल्लेख,PH00472,ACC01138,VEH00223
EVT_RPT00652,observation,P00232,P00484,LOC0118,2026-01-04 21:08:00,0.99,RPT00652,references phone,PH00620,ACC00567,VEH00074
EVT_RPT00653,observation,P00945,P00554,LOC0134,2026-01-26 09:17:00,0.99,RPT00653,references phone,PH00659,ACC00984,VEH00392
EVT_RPT00654,observation,P00891,P00614,LOC0057,2026-06-18 03:21:00,0.99,RPT00654,का उल्लेख,PH00058,ACC00783,VEH00040
EVT_RPT00655,observation,P01000,P00711,LOC0070,2026-06-25 06:27:00,0.99,RPT00655,references phone,PH00571,ACC01115,VEH00338
EVT_RPT00656,observation,P00053,P00565,LOC0136,2026-06-12 05:30:00,0.99,RPT00656,का उल्लेख,PH00545,ACC00179,VEH00191
EVT_RPT00657,observation,P00442,P00415,LOC0009,2026-03-11 20:44:00,0.99,RPT00657,references phone,PH00882,ACC00123,VEH00225
EVT_RPT00658,observation,P00886,P00239,LOC0068,2026-03-01 06:50:00,0.99,RPT00658,का उल्लेख,PH01112,ACC00249,VEH00240
EVT_RPT00659,observation,P00367,P00526,LOC0152,2026-03-05 10:59:00,0.99,RPT00659,का उल्लेख,PH00778,ACC00395,VEH00209
EVT_RPT00660,observation,P00687,P00793,LOC0106,2026-01-18 10:50:00,0.99,RPT00660,का उल्लेख,PH00099,ACC00265,VEH00393
EVT_RPT00661,observation,P00376,P00599,LOC0052,2026-08-03 15:23:00,0.99,RPT00661,references phone,PH00684,ACC00851,VEH00026
EVT_RPT00662,observation,P00106,P00068,LOC0161,2026-07-17 15:59:00,0.99,RPT00662,references phone,PH00806,ACC00358,VEH00115
EVT_RPT00663,observation,P00963,P00159,LOC0138,2026-06-29 21:05:00,0.99,RPT00663,का उल्लेख,PH00164,ACC00323,VEH00188
EVT_RPT00664,observation,P00153,P00008,LOC0162,2026-01-27 19:43:00,0.99,RPT00664,का उल्लेख,PH00275,ACC00856,VEH00218
EVT_RPT00665,observation,P00252,P00626,LOC0100,2026-06-05 14:31:00,0.99,RPT00665,का उल्लेख,PH00743,ACC00158,VEH00199
EVT_RPT00666,observation,P00585,P00411,LOC0165,2026-05-19 12:48:00,0.99,RPT00666,references phone,PH00992,ACC00184,VEH00213
EVT_RPT00667,observation,P00516,P00196,LOC0034,2026-07-08 11:08:00,0.99,RPT00667,references phone,PH00904,ACC00725,VEH00231
EVT_RPT00668,observation,P00671,P00807,LOC0138,2026-05-04 03:18:00,0.99,RPT00668,references phone,PH00310,ACC00215,VEH00250
EVT_RPT00669,observation,P00145,P00606,LOC0006,2026-08-08 04:54:00,0.99,RPT00669,references phone,PH01098,ACC00562,VEH00258
EVT_RPT00670,observation,P00822,P00100,LOC0067,2026-05-01 21:18:00,0.99,RPT00670,references phone,PH00439,ACC01030,VEH00399
EVT_RPT00671,observation,P00068,P00013,LOC0004,2026-08-31 15:07:00,0.99,RPT00671,का उल्लेख,PH00248,ACC00580,VEH00270
EVT_RPT00672,observation,P00218,P00330,LOC0039,2026-03-23 23:09:00,0.99,RPT00672,का उल्लेख,PH00935,ACC00539,VEH00211
EVT_RPT00673,observation,P00970,P00620,LOC0165,2026-05-09 03:43:00,0.99,RPT00673,references phone,PH00826,ACC00301,VEH00216
EVT_RPT00674,observation,P00436,P00193,LOC0005,2026-03-16 15:48:00,0.99,RPT00674,references phone,PH01161,ACC00088,VEH00038
EVT_RPT00675,observation,P00578,P00311,LOC0013,2026-05-18 04:28:00,0.99,RPT00675,references phone,PH00835,ACC00548,VEH00012
EVT_RPT00676,observation,P00587,P00939,LOC0148,2026-08-15 05:24:00,0.99,RPT00676,का उल्लेख,PH00365,ACC00459,VEH00183
EVT_RPT00677,observation,P00073,P00323,LOC0094,2026-01-03 13:36:00,0.99,RPT00677,का उल्लेख,PH00203,ACC00478,VEH00381
EVT_RPT00678,observation,P00998,P00116,LOC0082,2026-06-11 21:53:00,0.99,RPT00678,का उल्लेख,PH00163,ACC00235,VEH00054
EVT_RPT00679,observation,P00590,P00907,LOC0067,2026-04-04 13:05:00,0.99,RPT00679,का उल्लेख,PH00122,ACC00230,VEH00017
EVT_RPT00680,observation,P00454,P00585,LOC0149,2026-04-21 02:20:00,0.99,RPT00680,का उल्लेख,PH01122,ACC00833,VEH00374
EVT_RPT00681,observation,P00842,P00069,LOC0157,2026-06-22 20:23:00,0.99,RPT00681,references phone,PH00544,ACC01021,VEH00373
EVT_RPT00682,observation,P00326,P00404,LOC0090,2026-07-19 22:14:00,0.99,RPT00682,references phone,PH00341,ACC00370,VEH00276
EVT_RPT00683,observation,P00394,P00282,LOC0152,2026-01-21 05:56:00,0.99,RPT00683,references phone,PH00147,ACC00903,VEH00256
EVT_RPT00684,observation,P00840,P00618,LOC0004,2026-02-01 01:23:00,0.99,RPT00684,references phone,PH00029,ACC00759,VEH00094
EVT_RPT00685,observation,P00256,P00612,LOC0063,2026-02-26 17:44:00,0.99,RPT00685,references phone,PH00404,ACC00124,VEH00349
EVT_RPT00686,observation,P00868,P00052,LOC0032,2026-05-26 21:46:00,0.99,RPT00686,references phone,PH00934,ACC00398,VEH00052
EVT_RPT00687,observation,P00544,P00972,LOC0118,2026-05-30 15:56:00,0.99,RPT00687,references phone,PH00218,ACC00854,VEH00211
EVT_RPT00688,observation,P00262,P00703,LOC0035,2026-03-01 16:32:00,0.99,RPT00688,references phone,PH00868,ACC01004,VEH00395
EVT_RPT00689,observation,P00847,P00326,LOC0058,2026-03-25 04:16:00,0.99,RPT00689,का उल्लेख,PH00337,ACC00211,VEH00098
EVT_RPT00690,observation,P00792,P00208,LOC0042,2026-04-25 21:10:00,0.99,RPT00690,references phone,PH00996,ACC00172,VEH00079
EVT_RPT00691,observation,P00068,P00162,LOC0050,2026-04-16 06:36:00,0.99,RPT00691,का उल्लेख,PH00248,ACC00580,VEH00202
EVT_RPT00692,observation,P00629,P00355,LOC0138,2026-02-12 20:55:00,0.99,RPT00692,references phone,PH00891,ACC01073,VEH00010
EVT_RPT00693,observation,P00993,P00511,LOC0007,2026-02-17 02:36:00,0.99,RPT00693,का उल्लेख,PH00303,ACC00156,VEH00119
EVT_RPT00694,observation,P00449,P00749,LOC0120,2026-04-23 08:18:00,0.99,RPT00694,का उल्लेख,PH00087,ACC00379,VEH00038
EVT_RPT00695,observation,P00566,P00028,LOC0134,2026-02-06 17:22:00,0.99,RPT00695,references phone,PH00625,ACC00461,VEH00108
EVT_RPT00696,observation,P00125,P00970,LOC0120,2026-05-26 16:29:00,0.99,RPT00696,references phone,PH01173,ACC00268,VEH00043
EVT_RPT00697,observation,P00451,P00407,LOC0140,2026-01-07 17:21:00,0.99,RPT00697,का उल्लेख,PH01117,ACC01154,VEH00172
EVT_RPT00698,observation,P00845,P00304,LOC0043,2026-04-08 03:25:00,0.99,RPT00698,का उल्लेख,PH00740,ACC00316,VEH00129
EVT_RPT00699,observation,P00829,P00468,LOC0060,2026-08-16 04:12:00,0.99,RPT00699,का उल्लेख,PH00652,ACC01110,VEH00113
EVT_RPT00700,observation,P00214,P00660,LOC0164,2026-06-01 09:46:00,0.99,RPT00700,references phone,PH00494,ACC00860,VEH00039
EVT_RPT00701,observation,P00998,P00584,LOC0068,2026-01-29 15:00:00,0.99,RPT00701,references phone,PH00163,ACC00235,VEH00059
EVT_RPT00702,observation,P00249,P00676,LOC0087,2026-05-05 03:26:00,0.99,RPT00702,का उल्लेख,PH00757,ACC00392,VEH00186
EVT_RPT00703,observation,P00856,P00880,LOC0080,2026-02-15 01:41:00,0.99,RPT00703,का उल्लेख,PH00638,ACC00696,VEH00030
EVT_RPT00704,observation,P00005,P00482,LOC0107,2026-02-12 00:47:00,0.99,RPT00704,references phone,PH01001,ACC01088,VEH00183
EVT_RPT00705,observation,P00440,P00110,LOC0156,2026-08-19 02:03:00,0.99,RPT00705,का उल्लेख,PH00368,ACC01001,VEH00048
EVT_RPT00706,observation,P00154,P00752,LOC0147,2026-08-13 00:38:00,0.99,RPT00706,references phone,PH00258,ACC00055,VEH00284
EVT_RPT00707,observation,P00048,P00093,LOC0103,2026-05-19 23:42:00,0.99,RPT00707,का उल्लेख,PH01016,ACC00814,VEH00389
EVT_RPT00708,observation,P00645,P00632,LOC0147,2026-06-23 07:43:00,0.99,RPT00708,का उल्लेख,PH01085,ACC00612,VEH00136
EVT_RPT00709,observation,P00856,P00924,LOC0118,2026-06-10 10:07:00,0.99,RPT00709,का उल्लेख,PH00638,ACC00696,VEH00208
EVT_RPT00710,observation,P00209,P00260,LOC0125,2026-07-14 07:47:00,0.99,RPT00710,का उल्लेख,PH00556,ACC00308,VEH00049
EVT_RPT00711,observation,P00213,P00535,LOC0036,2026-08-19 20:48:00,0.99,RPT00711,का उल्लेख,PH00936,ACC00945,VEH00324
EVT_RPT00712,observation,P00392,P00705,LOC0171,2026-03-25 13:52:00,0.99,RPT00712,का उल्लेख,PH00149,ACC00598,VEH00394
EVT_RPT00713,observation,P00184,P00694,LOC0102,2026-02-03 20:30:00,0.99,RPT00713,references phone,PH00320,ACC00558,VEH00064
EVT_RPT00714,observation,P00168,P00667,LOC0030,2026-01-02 12:20:00,0.99,RPT00714,का उल्लेख,PH00067,ACC00784,VEH00207
EVT_RPT00715,observation,P00575,P00362,LOC0024,2026-08-01 15:33:00,0.99,RPT00715,का उल्लेख,PH00658,ACC00515,VEH00162
EVT_RPT00716,observation,P00401,P00644,LOC0150,2026-02-23 00:35:00,0.99,RPT00716,का उल्लेख,PH00478,ACC00347,VEH00003
EVT_RPT00717,observation,P00235,P00590,LOC0036,2026-04-13 20:39:00,0.99,RPT00717,references phone,PH00188,ACC00811,VEH00153
EVT_RPT00718,observation,P00140,P00941,LOC0007,2026-04-23 00:27:00,0.99,RPT00718,references phone,PH00257,ACC01132,VEH00225
EVT_RPT00719,observation,P00166,P00523,LOC0140,2026-07-03 01:56:00,0.99,RPT00719,का उल्लेख,PH00213,ACC00060,VEH00247
EVT_RPT00720,observation,P00328,P00206,LOC0075,2026-02-27 13:17:00,0.99,RPT00720,references phone,PH00143,ACC00207,VEH00231
EVT_RPT00721,observation,P00339,P00172,LOC0165,2026-07-18 03:28:00,0.99,RPT00721,references phone,PH01162,ACC00682,VEH00037
EVT_RPT00722,observation,P00749,P00589,LOC0061,2026-06-28 05:24:00,0.99,RPT00722,references phone,PH01057,ACC00223,VEH00043
EVT_RPT00723,observation,P00530,P00847,LOC0174,2026-03-01 08:15:00,0.99,RPT00723,references phone,PH00787,ACC00572,VEH00169
EVT_RPT00724,observation,P00576,P00430,LOC0131,2026-06-09 13:27:00,0.99,RPT00724,references phone,PH00529,ACC00787,VEH00192
EVT_RPT00725,observation,P00298,P00029,LOC0130,2026-08-06 18:06:00,0.99,RPT00725,का उल्लेख,PH01013,ACC00525,VEH00002
EVT_RPT00726,observation,P00516,P00899,LOC0082,2026-02-23 19:00:00,0.99,RPT00726,का उल्लेख,PH00904,ACC00725,VEH00026
EVT_RPT00727,observation,P00864,P00897,LOC0142,2026-08-03 06:03:00,0.99,RPT00727,का उल्लेख,PH01044,ACC01054,VEH00086
EVT_RPT00728,observation,P00841,P00907,LOC0044,2026-02-20 01:21:00,0.99,RPT00728,का उल्लेख,PH00052,ACC00315,VEH00271
EVT_RPT00729,observation,P00041,P00275,LOC0099,2026-08-31 07:09:00,0.99,RPT00729,references phone,PH01114,ACC00224,VEH00398
EVT_RPT00730,observation,P00333,P00426,LOC0099,2026-07-30 08:32:00,0.99,RPT00730,का उल्लेख,PH00134,ACC00510,VEH00087
EVT_RPT00731,observation,P00431,P00462,LOC0066,2026-01-06 04:00:00,0.99,RPT00731,का उल्लेख,PH00510,ACC00900,VEH00247
EVT_RPT00732,observation,P00074,P00033,LOC0155,2026-05-17 14:33:00,0.99,RPT00732,का उल्लेख,PH00454,ACC00440,VEH00319
EVT_RPT00733,observation,P00387,P00694,LOC0050,2026-08-14 12:33:00,0.99,RPT00733,references phone,PH00968,ACC00523,VEH00287
EVT_RPT00734,observation,P00575,P00526,LOC0106,2026-05-19 00:56:00,0.99,RPT00734,references phone,PH00658,ACC00515,VEH00357
EVT_RPT00735,observation,P00429,P00875,LOC0123,2026-08-25 01:58:00,0.99,RPT00735,references phone,PH00402,ACC00090,VEH00142
EVT_RPT00736,observation,P00084,P00832,LOC0099,2026-07-08 11:32:00,0.99,RPT00736,references phone,PH00024,ACC00917,VEH00332
EVT_RPT00737,observation,P00063,P00018,LOC0016,2026-03-18 23:33:00,0.99,RPT00737,का उल्लेख,PH00933,ACC01020,VEH00351
EVT_RPT00738,observation,P00805,P00311,LOC0110,2026-01-04 13:11:00,0.99,RPT00738,references phone,PH00226,ACC00588,VEH00190
EVT_RPT00739,observation,P00285,P00034,LOC0085,2026-08-10 09:45:00,0.99,RPT00739,references phone,PH01008,ACC00503,VEH00235
EVT_RPT00740,observation,P00843,P00164,LOC0067,2026-07-16 08:40:00,0.99,RPT00740,का उल्लेख,PH00057,ACC00092,VEH00219
EVT_RPT00741,observation,P00217,P00156,LOC0047,2026-01-17 22:11:00,0.99,RPT00741,का उल्लेख,PH00451,ACC00163,VEH00143
EVT_RPT00742,observation,P00276,P00882,LOC0100,2026-01-11 04:32:00,0.99,RPT00742,का उल्लेख,PH00212,ACC00082,VEH00154
EVT_RPT00743,observation,P00975,P00203,LOC0029,2026-08-15 22:04:00,0.99,RPT00743,का उल्लेख,PH00489,ACC00266,VEH00223
EVT_RPT00744,observation,P00299,P00932,LOC0049,2026-02-08 13:58:00,0.99,RPT00744,references phone,PH00843,ACC00881,VEH00327
EVT_RPT00745,observation,P00505,P00238,LOC0116,2026-01-26 18:29:00,0.99,RPT00745,का उल्लेख,PH00666,ACC00640,VEH00097
EVT_RPT00746,observation,P00500,P00732,LOC0178,2026-07-23 01:23:00,0.99,RPT00746,references phone,PH01151,ACC00839,VEH00055
EVT_RPT00747,observation,P00539,P00308,LOC0030,2026-05-10 07:30:00,0.99,RPT00747,का उल्लेख,PH00035,ACC00411,VEH00118
EVT_RPT00748,observation,P00892,P00856,LOC0107,2026-02-27 20:40:00,0.99,RPT00748,references phone,PH00170,ACC00199,VEH00044
EVT_RPT00749,observation,P00627,P00193,LOC0116,2026-07-04 23:13:00,0.99,RPT00749,references phone,PH00363,ACC01195,VEH00303
EVT_RPT00750,observation,P00607,P00996,LOC0138,2026-01-13 03:57:00,0.99,RPT00750,references phone,PH01086,ACC00969,VEH00027
EVT_RPT00751,observation,P00375,P00679,LOC0005,2026-04-25 16:49:00,0.99,RPT00751,references phone,PH00349,ACC01159,VEH00379
EVT_RPT00752,observation,P00481,P00881,LOC0129,2026-07-30 08:30:00,0.99,RPT00752,references phone,PH01172,ACC01112,VEH00139
EVT_RPT00753,observation,P00982,P00965,LOC0055,2026-05-21 06:06:00,0.99,RPT00753,का उल्लेख,PH00138,ACC00621,VEH00102
EVT_RPT00754,observation,P00304,P00337,LOC0116,2026-05-11 12:04:00,0.99,RPT00754,references phone,PH00432,ACC00961,VEH00378
EVT_RPT00755,observation,P00501,P00194,LOC0013,2026-08-02 10:10:00,0.99,RPT00755,references phone,PH00984,ACC01136,VEH00027
EVT_RPT00756,observation,P00300,P00130,LOC0054,2026-08-12 03:26:00,0.99,RPT00756,references phone,PH00675,ACC00283,VEH00197
EVT_RPT00757,observation,P00240,P00002,LOC0174,2026-01-21 05:58:00,0.99,RPT00757,references phone,PH01059,ACC00711,VEH00171
EVT_RPT00758,observation,P00851,P00778,LOC0039,2026-02-11 18:05:00,0.99,RPT00758,references phone,PH00701,ACC00130,VEH00052
EVT_RPT00759,observation,P00572,P00695,LOC0117,2026-08-06 05:37:00,0.99,RPT00759,references phone,PH00534,ACC00798,VEH00027
EVT_RPT00760,observation,P00804,P00408,LOC0145,2026-02-16 09:13:00,0.99,RPT00760,references phone,PH01082,ACC00561,VEH00056
EVT_RPT00761,observation,P00865,P00492,LOC0148,2026-04-06 19:04:00,0.99,RPT00761,references phone,PH00366,ACC00439,VEH00045
EVT_RPT00762,observation,P00876,P00953,LOC0154,2026-06-20 08:39:00,0.99,RPT00762,का उल्लेख,PH01004,ACC01120,VEH00201
EVT_RPT00763,observation,P00498,P00827,LOC0126,2026-06-17 23:20:00,0.99,RPT00763,references phone,PH00587,ACC00618,VEH00123
EVT_RPT00764,observation,P00331,P00224,LOC0175,2026-07-19 04:25:00,0.99,RPT00764,references phone,PH00613,ACC00052,VEH00324
EVT_RPT00765,observation,P00952,P00574,LOC0112,2026-05-09 18:21:00,0.99,RPT00765,references phone,PH00702,ACC01104,VEH00027
EVT_RPT00766,observation,P00467,P00693,LOC0138,2026-07-03 19:03:00,0.99,RPT00766,references phone,PH00830,ACC00279,VEH00261
EVT_RPT00767,observation,P00935,P00796,LOC0045,2026-04-25 05:48:00,0.99,RPT00767,का उल्लेख,PH00104,ACC00754,VEH00335
EVT_RPT00768,observation,P00054,P00551,LOC0158,2026-02-07 23:24:00,0.99,RPT00768,references phone,PH00654,ACC00404,VEH00364
EVT_RPT00769,observation,P00551,P00091,LOC0178,2026-07-16 16:13:00,0.99,RPT00769,का उल्लेख,PH00582,ACC01047,VEH00244
EVT_RPT00770,observation,P00196,P00925,LOC0022,2026-08-03 20:05:00,0.99,RPT00770,references phone,PH00259,ACC00462,VEH00321
EVT_RPT00771,observation,P00630,P00644,LOC0178,2026-07-11 00:46:00,0.99,RPT00771,का उल्लेख,PH01038,ACC00391,VEH00057
EVT_RPT00772,observation,P00817,P00620,LOC0095,2026-05-14 20:05:00,0.99,RPT00772,references phone,PH00897,ACC00825,VEH00070
EVT_RPT00773,observation,P00419,P00596,LOC0164,2026-03-19 21:57:00,0.99,RPT00773,का उल्लेख,PH00245,ACC00533,VEH00082
EVT_RPT00774,observation,P00260,P00856,LOC0073,2026-02-14 10:38:00,0.99,RPT00774,का उल्लेख,PH00810,ACC00560,VEH00072
EVT_RPT00775,observation,P00396,P00122,LOC0021,2026-01-15 08:58:00,0.99,RPT00775,references phone,PH01174,ACC00708,VEH00316
EVT_RPT00776,observation,P00783,P00854,LOC0141,2026-02-14 06:38:00,0.99,RPT00776,references phone,PH00779,ACC01048,VEH00183
EVT_RPT00777,observation,P00866,P00153,LOC0007,2026-05-29 01:24:00,0.99,RPT00777,references phone,PH01148,ACC00258,VEH00118
EVT_RPT00778,observation,P00839,P00326,LOC0144,2026-03-05 01:39:00,0.99,RPT00778,का उल्लेख,PH00721,ACC01192,VEH00359
EVT_RPT00779,observation,P00962,P00720,LOC0093,2026-01-30 23:30:00,0.99,RPT00779,references phone,PH00056,ACC00910,VEH00007
EVT_RPT00780,observation,P00557,P00242,LOC0072,2026-07-08 01:16:00,0.99,RPT00780,का उल्लेख,PH00899,ACC00177,VEH00171
EVT_RPT00781,observation,P00986,P00969,LOC0124,2026-07-15 14:54:00,0.99,RPT00781,references phone,PH00875,ACC00597,VEH00344
EVT_RPT00782,observation,P00107,P00941,LOC0156,2026-06-28 09:09:00,0.99,RPT00782,references phone,PH00622,ACC00720,VEH00169
EVT_RPT00783,observation,P00101,P00985,LOC0133,2026-01-15 09:18:00,0.99,RPT00783,का उल्लेख,PH00707,ACC00790,VEH00351
EVT_RPT00784,observation,P00903,P00506,LOC0082,2026-07-02 02:22:00,0.99,RPT00784,references phone,PH00315,ACC00980,VEH00198
EVT_RPT00785,observation,P00440,P00383,LOC0112,2026-07-14 16:02:00,0.99,RPT00785,का उल्लेख,PH00368,ACC01001,VEH00205
EVT_RPT00786,observation,P00134,P00216,LOC0016,2026-04-29 00:51:00,0.99,RPT00786,का उल्लेख,PH00125,ACC00702,VEH00295
EVT_RPT00787,observation,P00261,P00290,LOC0091,2026-01-09 18:17:00,0.99,RPT00787,references phone,PH00886,ACC00270,VEH00068
EVT_RPT00788,observation,P00325,P00243,LOC0099,2026-03-26 06:41:00,0.99,RPT00788,का उल्लेख,PH00780,ACC00192,VEH00304
EVT_RPT00789,observation,P00844,P00436,LOC0021,2026-07-13 22:00:00,0.99,RPT00789,का उल्लेख,PH00874,ACC01035,VEH00175
EVT_RPT00790,observation,P00614,P00160,LOC0025,2026-08-05 18:42:00,0.99,RPT00790,का उल्लेख,PH00856,ACC01013,VEH00092
EVT_RPT00791,observation,P00051,P00768,LOC0172,2026-05-16 01:45:00,0.99,RPT00791,का उल्लेख,PH00393,ACC01056,VEH00093
EVT_RPT00792,observation,P00584,P00192,LOC0096,2026-06-24 11:51:00,0.99,RPT00792,references phone,PH01134,ACC00946,VEH00219
EVT_RPT00793,observation,P00084,P00470,LOC0108,2026-08-25 12:40:00,0.99,RPT00793,का उल्लेख,PH00024,ACC00941,VEH00165
EVT_RPT00794,observation,P00513,P00348,LOC0074,2026-08-19 03:47:00,0.99,RPT00794,का उल्लेख,PH01061,ACC00468,VEH00031
EVT_RPT00795,observation,P00003,P00151,LOC0100,2026-03-12 03:55:00,0.99,RPT00795,का उल्लेख,PH00014,ACC00914,VEH00010
EVT_RPT00796,observation,P00547,P00440,LOC0062,2026-01-01 19:54:00,0.99,RPT00796,का उल्लेख,PH00513,ACC00916,VEH00381
EVT_RPT00797,observation,P00525,P00718,LOC0016,2026-02-27 20:22:00,0.99,RPT00797,references phone,PH00543,ACC01050,VEH00116
EVT_RPT00798,observation,P00672,P00931,LOC0039,2026-02-11 16:49:00,0.99,RPT00798,का उल्लेख,PH00350,ACC01081,VEH00037
EVT_RPT00799,observation,P00455,P00352,LOC0128,2026-06-03 07:15:00,0.99,RPT00799,references phone,PH00224,ACC00417,VEH00128
EVT_RPT00800,observation,P00243,P00276,LOC0111,2026-05-28 14:21:00,0.99,RPT00800,references phone,PH00900,ACC00651,VEH00069
EVT_RPT00801,observation,P00926,P00859,LOC0045,2026-04-14 04:47:00,0.99,RPT00801,references phone,PH01003,ACC01062,VEH00127
EVT_RPT00802,observation,P00095,P00774,LOC0085,2026-01-06 09:38:00,0.99,RPT00802,का उल्लेख,PH01194,ACC00689,VEH00302
EVT_RPT00803,observation,P00958,P00354,LOC0050,2026-08-04 22:58:00,0.99,RPT00803,references phone,PH00512,ACC00864,VEH00235
EVT_RPT00804,observation,P00801,P00707,LOC0052,2026-03-17 01:14:00,0.99,RPT00804,references phone,PH00388,ACC00786,VEH00389
EVT_RPT00805,observation,P00201,P00036,LOC0091,2026-04-20 21:59:00,0.99,RPT00805,references phone,PH00618,ACC00254,VEH00393
EVT_RPT00806,observation,P00849,P00400,LOC0100,2026-04-06 10:15:00,0.99,RPT00806,का उल्लेख,PH00359,ACC00701,VEH00365
EVT_RPT00807,observation,P00419,P00969,LOC0171,2026-03-29 23:35:00,0.99,RPT00807,का उल्लेख,PH00245,ACC01144,VEH00272
EVT_RPT00808,observation,P00668,P00406,LOC0055,2026-01-21 01:16:00,0.99,RPT00808,का उल्लेख,PH00946,ACC01091,VEH00326
EVT_RPT00809,observation,P00247,P00593,LOC0152,2026-08-07 18:39:00,0.99,RPT00809,का उल्लेख,PH00938,ACC00306,VEH00246
EVT_RPT00810,observation,P00051,P00606,LOC0096,2026-04-15 05:01:00,0.99,RPT00810,references phone,PH00393,ACC01056,VEH00322
EVT_RPT00811,observation,P00678,P00539,LOC0008,2026-04-13 14:15:00,0.99,RPT00811,का उल्लेख,PH00389,ACC00045,VEH00255
EVT_RPT00812,observation,P00759,P00692,LOC0063,2026-06-23 02:38:00,0.99,RPT00812,references phone,PH00313,ACC00336,VEH00243
EVT_RPT00813,observation,P00308,P00209,LOC0020,2026-04-08 11:56:00,0.99,RPT00813,का उल्लेख,PH01027,ACC01135,VEH00251
EVT_RPT00814,observation,P00178,P00484,LOC0150,2026-02-24 23:16:00,0.99,RPT00814,का उल्लेख,PH00796,ACC00446,VEH00182
EVT_RPT00815,observation,P00502,P00984,LOC0168,2026-03-15 08:03:00,0.99,RPT00815,का उल्लेख,PH01147,ACC00869,VEH00207
EVT_RPT00816,observation,P01000,P00505,LOC0171,2026-01-02 09:23:00,0.99,RPT00816,का उल्लेख,PH00571,ACC01115,VEH00096
EVT_RPT00817,observation,P00654,P00904,LOC0097,2026-02-11 11:01:00,0.99,RPT00817,का उल्लेख,PH00928,ACC00363,VEH00382
EVT_RPT00818,observation,P00431,P00845,LOC0057,2026-08-09 00:12:00,0.99,RPT00818,का उल्लेख,PH00510,ACC00900,VEH00333
EVT_RPT00819,observation,P00779,P00979,LOC0101,2026-08-29 17:15:00,0.99,RPT00819,references phone,PH00106,ACC00550,VEH00028
EVT_RPT00820,observation,P00304,P00241,LOC0168,2026-03-13 20:25:00,0.99,RPT00820,references phone,PH00829,ACC00961,VEH00037
EVT_RPT00821,observation,P00005,P00446,LOC0143,2026-05-10 21:16:00,0.99,RPT00821,का उल्लेख,PH01001,ACC01088,VEH00134
EVT_RPT00822,observation,P00388,P00740,LOC0166,2026-07-18 18:22:00,0.99,RPT00822,references phone,PH00802,ACC00832,VEH00234
EVT_RPT00823,observation,P00301,P00709,LOC0068,2026-08-14 12:04:00,0.99,RPT00823,references phone,PH00957,ACC00859,VEH00377
EVT_RPT00824,observation,P00319,P00398,LOC0009,2026-06-13 03:09:00,0.99,RPT00824,का उल्लेख,PH00860,ACC00023,VEH00259
EVT_RPT00825,observation,P00417,P00097,LOC0021,2026-06-06 11:14:00,0.99,RPT00825,references phone,PH00362,ACC00220,VEH00218
EVT_RPT00826,observation,P00251,P00983,LOC0020,2026-05-28 14:15:00,0.99,RPT00826,references phone,PH00847,ACC00978,VEH00217
EVT_RPT00827,observation,P00904,P00124,LOC0094,2026-06-01 14:35:00,0.99,RPT00827,का उल्लेख,PH00103,ACC00584,VEH00146
EVT_RPT00828,observation,P00134,P00746,LOC0129,2026-01-08 12:31:00,0.99,RPT00828,का उल्लेख,PH00125,ACC00702,VEH00125
EVT_RPT00829,observation,P00407,P00588,LOC0021,2026-04-26 22:42:00,0.99,RPT00829,का उल्लेख,PH00824,ACC00326,VEH00208
EVT_RPT00830,observation,P00752,P00643,LOC0016,2026-03-05 17:58:00,0.99,RPT00830,references phone,PH00548,ACC00610,VEH00163
EVT_RPT00831,observation,P00281,P00344,LOC0072,2026-07-27 14:02:00,0.99,RPT00831,references phone,PH01041,ACC00688,VEH00171
EVT_RPT00832,observation,P00552,P00093,LOC0085,2026-06-12 10:41:00,0.99,RPT00832,का उल्लेख,PH00770,ACC00432,VEH00308
EVT_RPT00833,observation,P00755,P00481,LOC0017,2026-01-10 16:54:00,0.99,RPT00833,का उल्लेख,PH00884,ACC00068,VEH00354
EVT_RPT00834,observation,P00682,P00438,LOC0179,2026-06-21 21:09:00,0.99,RPT00834,references phone,PH00864,ACC00966,VEH00184
EVT_RPT00835,observation,P00983,P00972,LOC0080,2026-06-29 22:06:00,0.99,RPT00835,का उल्लेख,PH00831,ACC00403,VEH00276
EVT_RPT00836,observation,P00742,P00373,LOC0028,2026-03-09 11:21:00,0.99,RPT00836,references phone,PH00373,ACC00006,VEH00085
EVT_RPT00837,observation,P00056,P00299,LOC0167,2026-06-01 08:49:00,0.99,RPT00837,का उल्लेख,PH00076,ACC00846,VEH00390
EVT_RPT00838,observation,P00576,P00911,LOC0106,2026-03-24 13:20:00,0.99,RPT00838,का उल्लेख,PH00529,ACC00787,VEH00203
EVT_RPT00839,observation,P00958,P00648,LOC0039,2026-04-12 17:04:00,0.99,RPT00839,का उल्लेख,PH00512,ACC00864,VEH00124
EVT_RPT00840,observation,P00030,P00417,LOC0109,2026-05-20 06:28:00,0.99,RPT00840,references phone,PH01115,ACC01183,VEH00205
EVT_RPT00841,observation,P00144,P00662,LOC0085,2026-07-22 03:11:00,0.99,RPT00841,references phone,PH00939,ACC00477,VEH00044
EVT_RPT00842,observation,P00882,P00238,LOC0133,2026-04-18 09:59:00,0.99,RPT00842,references phone,PH01026,ACC00129,VEH00242
EVT_RPT00843,observation,P00191,P00168,LOC0036,2026-07-15 02:38:00,0.99,RPT00843,का उल्लेख,PH00816,ACC01121,VEH00212
EVT_RPT00844,observation,P00416,P00490,LOC0128,2026-04-26 04:16:00,0.99,RPT00844,references phone,PH00457,ACC00374,VEH00175
EVT_RPT00845,observation,P00175,P00546,LOC0062,2026-08-03 15:22:00,0.99,RPT00845,references phone,PH00493,ACC01064,VEH00218
EVT_RPT00846,observation,P00071,P00563,LOC0169,2026-02-22 09:28:00,0.99,RPT00846,का उल्लेख,PH01143,ACC00697,VEH00051
EVT_RPT00847,observation,P00930,P00327,LOC0034,2026-05-15 09:06:00,0.99,RPT00847,का उल्लेख,PH00908,ACC00742,VEH00178
EVT_RPT00848,observation,P00943,P00701,LOC0142,2026-02-10 22:01:00,0.99,RPT00848,का उल्लेख,PH01080,ACC00247,VEH00076
EVT_RPT00849,observation,P00571,P00908,LOC0124,2026-07-22 11:32:00,0.99,RPT00849,references phone,PH01102,ACC00328,VEH00367
EVT_RPT00850,observation,P00281,P00971,LOC0168,2026-06-29 16:21:00,0.99,RPT00850,का उल्लेख,PH01041,ACC00688,VEH00057
EVT_RPT00851,observation,P00887,P00376,LOC0119,2026-03-28 19:35:00,0.99,RPT00851,का उल्लेख,PH01089,ACC00532,VEH00134
EVT_RPT00852,observation,P00429,P00119,LOC0024,2026-01-31 13:03:00,0.99,RPT00852,का उल्लेख,PH00402,ACC00090,VEH00152
EVT_RPT00853,observation,P00303,P00135,LOC0051,2026-08-12 23:29:00,0.99,RPT00853,references phone,PH00387,ACC00389,VEH00374
EVT_RPT00854,observation,P00176,P00256,LOC0128,2026-04-22 14:24:00,0.99,RPT00854,references phone,PH01165,ACC00081,VEH00017
EVT_RPT00855,observation,P00266,P00742,LOC0107,2026-07-27 15:45:00,0.99,RPT00855,का उल्लेख,PH00072,ACC01033,VEH00175
EVT_RPT00856,observation,P00285,P00610,LOC0015,2026-08-18 11:42:00,0.99,RPT00856,references phone,PH01008,ACC00503,VEH00082
EVT_RPT00857,observation,P00813,P00067,LOC0065,2026-01-14 05:56:00,0.99,RPT00857,references phone,PH00378,ACC00578,VEH00154
EVT_RPT00858,observation,P00036,P00838,LOC0101,2026-02-04 08:50:00,0.99,RPT00858,का उल्लेख,PH01073,ACC00717,VEH00197
EVT_RPT00859,observation,P00915,P00156,LOC0072,2026-04-27 14:58:00,0.99,RPT00859,references phone,PH00358,ACC00161,VEH00126
EVT_RPT00860,observation,P00531,P00314,LOC0107,2026-06-29 02:50:00,0.99,RPT00860,का उल्लेख,PH00173,ACC01163,VEH00268
EVT_RPT00861,observation,P00948,P00816,LOC0091,2026-04-29 20:18:00,0.99,RPT00861,का उल्लेख,PH00079,ACC00194,VEH00259
EVT_RPT00862,observation,P00063,P00994,LOC0004,2026-04-23 11:19:00,0.99,RPT00862,का उल्लेख,PH00933,ACC01020,VEH00252
EVT_RPT00863,observation,P00513,P00360,LOC0058,2026-04-13 02:58:00,0.99,RPT00863,references phone,PH00405,ACC00468,VEH00072
EVT_RPT00864,observation,P00998,P00222,LOC0058,2026-05-27 02:28:00,0.99,RPT00864,का उल्लेख,PH00163,ACC00235,VEH00207
EVT_RPT00865,observation,P00376,P00676,LOC0158,2026-01-27 22:24:00,0.99,RPT00865,references phone,PH00684,ACC00851,VEH00235
EVT_RPT00866,observation,P00969,P00949,LOC0005,2026-01-04 23:56:00,0.99,RPT00866,references phone,PH00655,ACC00227,VEH00002
EVT_RPT00867,observation,P00121,P00177,LOC0069,2026-05-03 20:22:00,0.99,RPT00867,references phone,PH01187,ACC00976,VEH00212
EVT_RPT00868,observation,P00174,P00062,LOC0087,2026-04-07 11:06:00,0.99,RPT00868,references phone,PH00450,ACC00353,VEH00381
EVT_RPT00869,observation,P00433,P00173,LOC0133,2026-02-12 14:05:00,0.99,RPT00869,references phone,PH00139,ACC00147,VEH00149
EVT_RPT00870,observation,P00976,P00865,LOC0034,2026-02-19 05:29:00,0.99,RPT00870,का उल्लेख,PH00455,ACC00390,VEH00231
EVT_RPT00871,observation,P00257,P00420,LOC0061,2026-08-15 05:54:00,0.99,RPT00871,references phone,PH00371,ACC00342,VEH00178
EVT_RPT00872,observation,P00018,P00016,LOC0042,2026-08-07 07:41:00,0.99,RPT00872,का उल्लेख,PH00289,ACC00704,VEH00020
EVT_RPT00873,observation,P00763,P00153,LOC0035,2026-04-18 11:10:00,0.99,RPT00873,references phone,PH00514,ACC00360,VEH00334
EVT_RPT00874,observation,P00908,P00327,LOC0056,2026-01-16 23:26:00,0.99,RPT00874,references phone,PH00980,ACC00231,VEH00158
EVT_RPT00875,observation,P00241,P00095,LOC0032,2026-05-09 01:35:00,0.99,RPT00875,का उल्लेख,PH00539,ACC00039,VEH00070
EVT_RPT00876,observation,P00978,P00802,LOC0129,2026-03-14 17:54:00,0.99,RPT00876,का उल्लेख,PH01090,ACC00475,VEH00204
EVT_RPT00877,observation,P00244,P00639,LOC0020,2026-07-16 14:16:00,0.99,RPT00877,references phone,PH00592,ACC00685,VEH00004
EVT_RPT00878,observation,P00802,P00613,LOC0091,2026-07-01 17:00:00,0.99,RPT00878,का उल्लेख,PH00394,ACC00954,VEH00114
EVT_RPT00879,observation,P00720,P00047,LOC0073,2026-06-01 03:11:00,0.99,RPT00879,references phone,PH00600,ACC01186,VEH00176
EVT_RPT00880,observation,P00181,P00405,LOC0036,2026-04-30 01:25:00,0.99,RPT00880,का उल्लेख,PH00130,ACC00540,VEH00134
EVT_RPT00881,observation,P00171,P00952,LOC0096,2026-03-04 04:05:00,0.99,RPT00881,का उल्लेख,PH00123,ACC01114,VEH00111
EVT_RPT00882,observation,P00227,P00239,LOC0139,2026-02-08 01:44:00,0.99,RPT00882,references phone,PH00705,ACC00335,VEH00142
EVT_RPT00883,observation,P00490,P00552,LOC0137,2026-04-07 04:16:00,0.99,RPT00883,का उल्लेख,PH00503,ACC00333,VEH00251
EVT_RPT00884,observation,P00509,P00467,LOC0062,2026-02-21 00:16:00,0.99,RPT00884,का उल्लेख,PH00073,ACC00895,VEH00113
EVT_RPT00885,observation,P00205,P00731,LOC0140,2026-05-26 08:26:00,0.99,RPT00885,references phone,PH01145,ACC00792,VEH00124
EVT_RPT00886,observation,P00781,P00896,LOC0003,2026-01-24 13:01:00,0.99,RPT00886,का उल्लेख,PH00036,ACC01100,VEH00226
EVT_RPT00887,observation,P00705,P00323,LOC0042,2026-01-10 23:34:00,0.99,RPT00887,references phone,PH00877,ACC00660,VEH00354
EVT_RPT00888,observation,P00430,P00745,LOC0086,2026-03-14 02:44:00,0.99,RPT00888,references phone,PH00390,ACC00382,VEH00294
EVT_RPT00889,observation,P00507,P00398,LOC0150,2026-03-15 14:28:00,0.99,RPT00889,references phone,PH00400,ACC00611,VEH00239
EVT_RPT00890,observation,P00627,P00541,LOC0140,2026-05-03 10:40:00,0.99,RPT00890,का उल्लेख,PH00363,ACC01195,VEH00261
EVT_RPT00891,observation,P00407,P00129,LOC0012,2026-06-03 14:25:00,0.99,RPT00891,references phone,PH00824,ACC00193,VEH00275
EVT_RPT00892,observation,P00785,P00151,LOC0056,2026-03-15 06:35:00,0.99,RPT00892,का उल्लेख,PH00190,ACC00757,VEH00045
EVT_RPT00893,observation,P00050,P00544,LOC0056,2026-03-25 12:17:00,0.99,RPT00893,का उल्लेख,PH00560,ACC00541,VEH00090
EVT_RPT00894,observation,P00236,P00080,LOC0070,2026-01-05 20:03:00,0.99,RPT00894,references phone,PH00016,ACC00971,VEH00141
EVT_RPT00895,observation,P00592,P00998,LOC0160,2026-01-27 18:56:00,0.99,RPT00895,references phone,PH00774,ACC00521,VEH00247
EVT_RPT00896,observation,P00461,P00756,LOC0100,2026-03-01 04:16:00,0.99,RPT00896,references phone,PH00943,ACC00204,VEH00125
EVT_RPT00897,observation,P00261,P00178,LOC0153,2026-02-27 10:54:00,0.99,RPT00897,references phone,PH00886,ACC00270,VEH00203
EVT_RPT00898,observation,P00846,P00546,LOC0024,2026-08-30 16:14:00,0.99,RPT00898,references phone,PH00090,ACC00260,VEH00019
EVT_RPT00899,observation,P00814,P00100,LOC0161,2026-04-29 11:28:00,0.99,RPT00899,references phone,PH00469,ACC01099,VEH00340
EVT_RPT00900,observation,P00200,P00778,LOC0019,2026-03-08 10:51:00,0.99,RPT00900,references phone,PH00113,ACC00345,VEH00334
EVT_RPT00901,observation,P00953,P00901,LOC0055,2026-05-30 08:35:00,0.99,RPT00901,references phone,PH00421,ACC00377,VEH00217
EVT_RPT00902,observation,P00522,P00023,LOC0015,2026-07-21 01:37:00,0.99,RPT00902,का उल्लेख,PH00807,ACC00232,VEH00275
EVT_RPT00903,observation,P00696,P00445,LOC0035,2026-07-03 22:41:00,0.99,RPT00903,का उल्लेख,PH00022,ACC00413,VEH00358
EVT_RPT00904,observation,P00021,P00820,LOC0162,2026-07-02 20:10:00,0.99,RPT00904,references phone,PH01157,ACC00219,VEH00038
EVT_RPT00905,observation,P00338,P00367,LOC0089,2026-02-16 20:14:00,0.99,RPT00905,references phone,PH00973,ACC00107,VEH00336
EVT_RPT00906,observation,P00694,P00331,LOC0176,2026-04-11 08:36:00,0.99,RPT00906,का उल्लेख,PH00602,ACC01171,VEH00303
EVT_RPT00907,observation,P00109,P00043,LOC0108,2026-02-14 04:25:00,0.99,RPT00907,का उल्लेख,PH00691,ACC00752,VEH00208
EVT_RPT00908,observation,P00543,P00074,LOC0121,2026-03-11 03:29:00,0.99,RPT00908,references phone,PH00209,ACC00951,VEH00374
EVT_RPT00909,observation,P00807,P00723,LOC0081,2026-04-24 05:25:00,0.99,RPT00909,references phone,PH00713,ACC00402,VEH00191
EVT_RPT00910,observation,P00925,P00894,LOC0108,2026-02-15 09:51:00,0.99,RPT00910,का उल्लेख,PH00483,ACC00416,VEH00170
EVT_RPT00911,observation,P00734,P00314,LOC0172,2026-01-07 01:17:00,0.99,RPT00911,का उल्लेख,PH00274,ACC00543,VEH00332
EVT_RPT00912,observation,P00734,P00292,LOC0099,2026-07-20 19:20:00,0.99,RPT00912,का उल्लेख,PH00274,ACC00543,VEH00041
EVT_RPT00913,observation,P00711,P00162,LOC0157,2026-05-22 02:07:00,0.99,RPT00913,references phone,PH00055,ACC00780,VEH00044
EVT_RPT00914,observation,P00921,P00729,LOC0162,2026-07-29 23:50:00,0.99,RPT00914,references phone,PH00243,ACC00573,VEH00118
EVT_RPT00915,observation,P00102,P00414,LOC0008,2026-07-23 14:33:00,0.99,RPT00915,का उल्लेख,PH01076,ACC00997,VEH00329
EVT_RPT00916,observation,P00902,P00479,LOC0116,2026-05-02 09:40:00,0.99,RPT00916,का उल्लेख,PH00499,ACC01083,VEH00367
EVT_RPT00917,observation,P00774,P00942,LOC0069,2026-08-01 04:56:00,0.99,RPT00917,references phone,PH00488,ACC00986,VEH00184
EVT_RPT00918,observation,P00961,P00523,LOC0117,2026-05-20 02:00:00,0.99,RPT00918,का उल्लेख,PH00020,ACC00649,VEH00250
EVT_RPT00919,observation,P00345,P00574,LOC0169,2026-05-09 16:12:00,0.99,RPT00919,का उल्लेख,PH00266,ACC00779,VEH00048
EVT_RPT00920,observation,P00568,P00789,LOC0024,2026-03-09 00:08:00,0.99,RPT00920,का उल्लेख,PH00498,ACC01076,VEH00126
EVT_RPT00921,observation,P00117,P00999,LOC0034,2026-02-22 10:01:00,0.99,RPT00921,का उल्लेख,PH01193,ACC01175,VEH00194
EVT_RPT00922,observation,P00710,P00614,LOC0152,2026-04-03 16:40:00,0.99,RPT00922,references phone,PH00215,ACC00594,VEH00097
EVT_RPT00923,observation,P00832,P00575,LOC0168,2026-04-15 04:35:00,0.99,RPT00923,का उल्लेख,PH00679,ACC01125,VEH00121
EVT_RPT00924,observation,P00458,P00643,LOC0145,2026-06-24 19:37:00,0.99,RPT00924,references phone,PH00798,ACC00791,VEH00389
EVT_RPT00925,observation,P00127,P00699,LOC0125,2026-07-14 22:02:00,0.99,RPT00925,references phone,PH00811,ACC00865,VEH00120
EVT_RPT00926,observation,P00713,P00537,LOC0122,2026-05-28 01:27:00,0.99,RPT00926,references phone,PH00975,ACC00028,VEH00336
EVT_RPT00927,observation,P00223,P00789,LOC0120,2026-02-28 18:29:00,0.99,RPT00927,का उल्लेख,PH00591,ACC00655,VEH00203
EVT_RPT00928,observation,P00911,P00204,LOC0106,2026-03-06 19:36:00,0.99,RPT00928,का उल्लेख,PH00624,ACC00471,VEH00379
EVT_RPT00929,observation,P00772,P00523,LOC0094,2026-03-30 19:28:00,0.99,RPT00929,का उल्लेख,PH00379,ACC00151,VEH00087
EVT_RPT00930,observation,P00072,P00059,LOC0089,2026-02-24 11:57:00,0.99,RPT00930,का उल्लेख,PH00206,ACC01109,VEH00019
EVT_RPT00931,observation,P00332,P00564,LOC0015,2026-07-09 22:14:00,0.99,RPT00931,references phone,PH00737,ACC00957,VEH00332
EVT_RPT00932,observation,P00312,P00339,LOC0052,2026-07-17 07:02:00,0.99,RPT00932,का उल्लेख,PH00918,ACC00970,VEH00393
EVT_RPT00933,observation,P00459,P00594,LOC0110,2026-07-04 00:53:00,0.99,RPT00933,का उल्लेख,PH01047,ACC00115,VEH00085
EVT_RPT00934,observation,P00683,P00773,LOC0152,2026-08-07 06:08:00,0.99,RPT00934,references phone,PH00002,ACC01025,VEH00061
EVT_RPT00935,observation,P00646,P00676,LOC0075,2026-01-17 09:12:00,0.99,RPT00935,references phone,PH00709,ACC00435,VEH00393
EVT_RPT00936,observation,P00092,P00968,LOC0043,2026-08-27 16:40:00,0.99,RPT00936,references phone,PH00181,ACC00122,VEH00072
EVT_RPT00937,observation,P00638,P00194,LOC0155,2026-03-04 16:05:00,0.99,RPT00937,का उल्लेख,PH00280,ACC00331,VEH00279
EVT_RPT00938,observation,P00304,P00716,LOC0037,2026-01-23 22:48:00,0.99,RPT00938,references phone,PH00432,ACC00961,VEH00301
EVT_RPT00939,observation,P00011,P00149,LOC0034,2026-08-22 23:03:00,0.99,RPT00939,references phone,PH00700,ACC00186,VEH00018
EVT_RPT00940,observation,P00390,P00442,LOC0156,2026-06-09 16:36:00,0.99,RPT00940,references phone,PH01123,ACC00692,VEH00060
EVT_RPT00941,observation,P00092,P00558,LOC0082,2026-04-12 00:23:00,0.99,RPT00941,का उल्लेख,PH00181,ACC00122,VEH00370
EVT_RPT00942,observation,P00903,P00715,LOC0072,2026-08-27 14:05:00,0.99,RPT00942,references phone,PH00315,ACC00980,VEH00035
EVT_RPT00943,observation,P00895,P00618,LOC0056,2026-08-16 01:00:00,0.99,RPT00943,references phone,PH00156,ACC00212,VEH00036
EVT_RPT00944,observation,P00979,P00798,LOC0109,2026-08-22 20:17:00,0.99,RPT00944,का उल्लेख,PH00785,ACC01024,VEH00306
EVT_RPT00945,observation,P00167,P00407,LOC0136,2026-05-24 20:43:00,0.99,RPT00945,references phone,PH00517,ACC00647,VEH00387
EVT_RPT00946,observation,P00174,P00575,LOC0087,2026-04-19 03:59:00,0.99,RPT00946,का उल्लेख,PH00450,ACC00353,VEH00196
EVT_RPT00947,observation,P00712,P00207,LOC0111,2026-07-13 11:00:00,0.99,RPT00947,का उल्लेख,PH00708,ACC01145,VEH00070
EVT_RPT00948,observation,P00309,P00851,LOC0125,2026-06-29 17:09:00,0.99,RPT00948,references phone,PH00114,ACC00979,VEH00298
EVT_RPT00949,observation,P00675,P00642,LOC0172,2026-02-28 23:52:00,0.99,RPT00949,references phone,PH00155,ACC00516,VEH00165
EVT_RPT00950,observation,P00527,P00268,LOC0109,2026-07-29 05:08:00,0.99,RPT00950,references phone,PH00360,ACC00574,VEH00255
EVT_RPT00951,observation,P00768,P00055,LOC0115,2026-01-15 20:51:00,0.99,RPT00951,का उल्लेख,PH00298,ACC00756,VEH00160
EVT_RPT00952,observation,P00298,P00891,LOC0099,2026-08-01 21:51:00,0.99,RPT00952,references phone,PH01013,ACC00525,VEH00338
EVT_RPT00953,observation,P00999,P00111,LOC0067,2026-02-28 15:35:00,0.99,RPT00953,का उल्लेख,PH00222,ACC00967,VEH00205
EVT_RPT00954,observation,P00471,P00174,LOC0163,2026-04-29 09:24:00,0.99,RPT00954,का उल्लेख,PH01152,ACC01141,VEH00108
EVT_RPT00955,observation,P00103,P00875,LOC0096,2026-02-04 09:25:00,0.99,RPT00955,references phone,PH00876,ACC00939,VEH00118
EVT_RPT00956,observation,P00451,P00773,LOC0010,2026-01-21 02:08:00,0.99,RPT00956,references phone,PH01117,ACC01154,VEH00128
EVT_RPT00957,observation,P00370,P00479,LOC0029,2026-01-26 15:10:00,0.99,RPT00957,का उल्लेख,PH00871,ACC00974,VEH00273
EVT_RPT00958,observation,P00411,P00340,LOC0044,2026-02-24 17:48:00,0.99,RPT00958,का उल्लेख,PH00185,ACC00485,VEH00239
EVT_RPT00959,observation,P00341,P00916,LOC0172,2026-01-08 08:57:00,0.99,RPT00959,का उल्लेख,PH01183,ACC00668,VEH00320
EVT_RPT00960,observation,P00628,P00872,LOC0038,2026-08-23 02:01:00,0.99,RPT00960,का उल्लेख,PH00781,ACC00263,VEH00319
EVT_RPT00961,observation,P00223,P00383,LOC0070,2026-04-08 01:27:00,0.99,RPT00961,references phone,PH00591,ACC00655,VEH00063
EVT_RPT00962,observation,P00859,P00708,LOC0004,2026-08-25 23:17:00,0.99,RPT00962,references phone,PH00136,ACC00202,VEH00114
EVT_RPT00963,observation,P00841,P00493,LOC0116,2026-07-02 14:52:00,0.99,RPT00963,references phone,PH00052,ACC00315,VEH00298
EVT_RPT00964,observation,P00844,P00391,LOC0030,2026-07-21 06:45:00,0.99,RPT00964,का उल्लेख,PH00874,ACC01035,VEH00152
EVT_RPT00965,observation,P00921,P00142,LOC0044,2026-08-06 16:16:00,0.99,RPT00965,references phone,PH00243,ACC00573,VEH00347
EVT_RPT00966,observation,P00826,P00564,LOC0014,2026-08-05 11:50:00,0.99,RPT00966,का उल्लेख,PH00776,ACC00963,VEH00134
EVT_RPT00967,observation,P00047,P00725,LOC0101,2026-07-11 14:55:00,0.99,RPT00967,का उल्लेख,PH00292,ACC01199,VEH00264
EVT_RPT00968,observation,P00529,P00151,LOC0176,2026-08-27 12:31:00,0.99,RPT00968,references phone,PH00907,ACC01119,VEH00353
EVT_RPT00969,observation,P00416,P00748,LOC0004,2026-01-09 02:37:00,0.99,RPT00969,का उल्लेख,PH00457,ACC00374,VEH00026
EVT_RPT00970,observation,P00398,P00973,LOC0159,2026-07-28 21:06:00,0.99,RPT00970,references phone,PH00065,ACC00356,VEH00290
EVT_RPT00971,observation,P00860,P00698,LOC0062,2026-01-01 20:24:00,0.99,RPT00971,references phone,PH00949,ACC00899,VEH00161
EVT_RPT00972,observation,P00847,P00544,LOC0028,2026-02-20 00:55:00,0.99,RPT00972,का उल्लेख,PH00337,ACC00211,VEH00267
EVT_RPT00973,observation,P00114,P00907,LOC0065,2026-02-16 23:27:00,0.99,RPT00973,का उल्लेख,PH00841,ACC00493,VEH00335
EVT_RPT00974,observation,P00761,P00425,LOC0041,2026-05-24 16:00:00,0.99,RPT00974,का उल्लेख,PH00616,ACC00896,VEH00063
EVT_RPT00975,observation,P00674,P00066,LOC0047,2026-05-26 17:29:00,0.99,RPT00975,references phone,PH00972,ACC00337,VEH00381
EVT_RPT00976,observation,P00890,P00397,LOC0129,2026-01-25 08:44:00,0.99,RPT00976,references phone,PH01189,ACC01161,VEH00058
EVT_RPT00977,observation,P00075,P00503,LOC0149,2026-02-04 18:07:00,0.99,RPT00977,references phone,PH01054,ACC00437,VEH00053
EVT_RPT00978,observation,P00910,P00951,LOC0029,2026-01-29 16:36:00,0.99,RPT00978,का उल्लेख,PH00642,ACC00456,VEH00266
EVT_RPT00979,observation,P00717,P00284,LOC0124,2026-02-24 18:33:00,0.99,RPT00979,references phone,PH00117,ACC01177,VEH00307
EVT_RPT00980,observation,P00491,P00290,LOC0059,2026-01-05 02:14:00,0.99,RPT00980,references phone,PH00471,ACC00251,VEH00305
EVT_RPT00981,observation,P00211,P00531,LOC0159,2026-01-20 19:10:00,0.99,RPT00981,references phone,PH00643,ACC00007,VEH00393
EVT_RPT00982,observation,P00811,P00915,LOC0155,2026-06-14 13:47:00,0.99,RPT00982,references phone,PH01087,ACC00507,VEH00041
EVT_RPT00983,observation,P00441,P00163,LOC0006,2026-02-10 04:49:00,0.99,RPT00983,references phone,PH00013,ACC00472,VEH00143
EVT_RPT00984,observation,P00100,P00237,LOC0035,2026-03-30 06:25:00,0.99,RPT00984,references phone,PH00301,ACC00032,VEH00015
EVT_RPT00985,observation,P00578,P00412,LOC0090,2026-08-09 16:01:00,0.99,RPT00985,references phone,PH00835,ACC00548,VEH00184
EVT_RPT00986,observation,P00088,P00716,LOC0034,2026-06-22 11:33:00,0.99,RPT00986,references phone,PH00653,ACC00583,VEH00158
EVT_RPT00987,observation,P00885,P00099,LOC0131,2026-05-21 23:48:00,0.99,RPT00987,references phone,PH00345,ACC01188,VEH00348
EVT_RPT00988,observation,P00515,P00442,LOC0141,2026-07-26 04:02:00,0.99,RPT00988,references phone,PH01177,ACC00868,VEH00242
EVT_RPT00989,observation,P00811,P00738,LOC0057,2026-08-13 22:12:00,0.99,RPT00989,का उल्लेख,PH01087,ACC00507,VEH00263
EVT_RPT00990,observation,P00981,P00783,LOC0042,2026-01-15 00:33:00,0.99,RPT00990,का उल्लेख,PH01105,ACC00884,VEH00287
EVT_RPT00991,observation,P00913,P00079,LOC0123,2026-06-22 20:39:00,0.99,RPT00991,का उल्लेख,PH01084,ACC00276,VEH00242
EVT_RPT00992,observation,P00043,P00014,LOC0013,2026-03-30 01:06:00,0.99,RPT00992,का उल्लेख,PH00695,ACC00931,VEH00042
EVT_RPT00993,observation,P00715,P00683,LOC0014,2026-07-01 00:21:00,0.99,RPT00993,का उल्लेख,PH00484,ACC00796,VEH00141
EVT_RPT00994,observation,P00872,P00314,LOC0176,2026-07-09 18:10:00,0.99,RPT00994,का उल्लेख,PH00047,ACC00256,VEH00129
EVT_RPT00995,observation,P00449,P00351,LOC0041,2026-05-07 09:31:00,0.99,RPT00995,का उल्लेख,PH00087,ACC00579,VEH00132
EVT_RPT00996,observation,P00083,P00752,LOC0104,2026-07-22 15:49:00,0.99,RPT00996,references phone,PH00235,ACC00293,VEH00070
EVT_RPT00997,observation,P00720,P01000,LOC0166,2026-03-10 08:26:00,0.99,RPT00997,references phone,PH00600,ACC01186,VEH00176
EVT_RPT00998,observation,P00966,P00039,LOC0026,2026-07-23 12:43:00,0.99,RPT00998,का उल्लेख,PH00887,ACC01022,VEH00213
EVT_RPT00999,observation,P00491,P00684,LOC0059,2026-02-04 11:22:00,0.99,RPT00999,का उल्लेख,PH00471,ACC00251,VEH00316
EVT_RPT01000,observation,P00487,P00291,LOC0090,2026-06-09 10:41:00,0.99,RPT01000,references phone,PH00906,ACC01070,VEH00378
EVT_RPT01001,observation,P00800,P00221,LOC0093,2026-05-03 15:30:00,0.99,RPT01001,references phone,PH00078,ACC01174,VEH00261
EVT_RPT01002,observation,P00409,P00527,LOC0063,2026-04-08 02:32:00,0.99,RPT01002,का उल्लेख,PH00260,ACC00730,VEH00036
EVT_RPT01003,observation,P00380,P00445,LOC0148,2026-02-21 17:44:00,0.99,RPT01003,references phone,PH00929,ACC00819,VEH00098
EVT_RPT01004,observation,P00066,P00354,LOC0080,2026-08-04 04:41:00,0.99,RPT01004,references phone,PH00932,ACC00118,VEH00343
EVT_RPT01005,observation,P00042,P00518,LOC0174,2026-01-01 04:49:00,0.99,RPT01005,का उल्लेख,PH01014,ACC00451,VEH00162
EVT_RPT01006,observation,P00773,P00504,LOC0108,2026-04-23 00:20:00,0.99,RPT01006,references phone,PH00321,ACC00538,VEH00240
EVT_RPT01007,observation,P00354,P00326,LOC0125,2026-06-07 09:53:00,0.99,RPT01007,का उल्लेख,PH00201,ACC00593,VEH00057
EVT_RPT01008,observation,P00305,P00956,LOC0042,2026-08-03 16:45:00,0.99,RPT01008,references phone,PH00232,ACC01182,VEH00194
EVT_RPT01009,observation,P00487,P00857,LOC0118,2026-04-29 12:58:00,0.99,RPT01009,का उल्लेख,PH00906,ACC01070,VEH00285
EVT_RPT01010,observation,P00332,P00536,LOC0052,2026-06-17 19:01:00,0.99,RPT01010,का उल्लेख,PH00737,ACC00957,VEH00393
EVT_RPT01011,observation,P00177,P00163,LOC0030,2026-07-23 21:43:00,0.99,RPT01011,का उल्लेख,PH01131,ACC00750,VEH00361
EVT_RPT01012,observation,P00325,P00646,LOC0104,2026-04-16 09:28:00,0.99,RPT01012,references phone,PH00780,ACC01041,VEH00339
EVT_RPT01013,observation,P00075,P00078,LOC0087,2026-03-14 23:09:00,0.99,RPT01013,references phone,PH01054,ACC00437,VEH00275
EVT_RPT01014,observation,P00180,P00458,LOC0041,2026-02-02 20:13:00,0.99,RPT01014,references phone,PH00603,ACC01140,VEH00065
EVT_RPT01015,observation,P00921,P00575,LOC0103,2026-05-14 23:06:00,0.99,RPT01015,references phone,PH00243,ACC00573,VEH00079
EVT_RPT01016,observation,P00092,P00939,LOC0101,2026-04-23 08:06:00,0.99,RPT01016,का उल्लेख,PH00181,ACC00122,VEH00146
EVT_RPT01017,observation,P00907,P00627,LOC0039,2026-07-12 08:26:00,0.99,RPT01017,references phone,PH00093,ACC00222,VEH00358
EVT_RPT01018,observation,P00907,P00950,LOC0169,2026-07-24 01:18:00,0.99,RPT01018,का उल्लेख,PH00093,ACC00222,VEH00347
EVT_RPT01019,observation,P00574,P00787,LOC0172,2026-07-25 20:32:00,0.99,RPT01019,का उल्लेख,PH00348,ACC01082,VEH00271
EVT_RPT01020,observation,P00994,P00990,LOC0011,2026-05-07 07:50:00,0.99,RPT01020,का उल्लेख,PH00092,ACC01094,VEH00337
EVT_RPT01021,observation,P00551,P00474,LOC0026,2026-01-08 13:41:00,0.99,RPT01021,references phone,PH00582,ACC01047,VEH00091
EVT_RPT01022,observation,P00111,P00694,LOC0013,2026-08-20 23:01:00,0.99,RPT01022,references phone,PH00540,ACC00724,VEH00059
EVT_RPT01023,observation,P00594,P00233,LOC0075,2026-01-02 19:46:00,0.99,RPT01023,का उल्लेख,PH00525,ACC00463,VEH00203
EVT_RPT01024,observation,P00819,P00373,LOC0160,2026-08-21 07:22:00,0.99,RPT01024,का उल्लेख,PH01053,ACC00782,VEH00050
EVT_RPT01025,observation,P00178,P00862,LOC0111,2026-05-04 10:39:00,0.99,RPT01025,references phone,PH00796,ACC00446,VEH00194
EVT_RPT01026,observation,P00664,P00226,LOC0068,2026-02-26 16:04:00,0.99,RPT01026,references phone,PH01095,ACC00745,VEH00262
EVT_RPT01027,observation,P00219,P00672,LOC0019,2026-07-13 00:21:00,0.99,RPT01027,का उल्लेख,PH00788,ACC00137,VEH00256
EVT_RPT01028,observation,P00588,P00501,LOC0028,2026-07-21 09:13:00,0.99,RPT01028,references phone,PH00595,ACC00233,VEH00387
EVT_RPT01029,observation,P00806,P00643,LOC0072,2026-08-15 14:39:00,0.99,RPT01029,references phone,PH00777,ACC00771,VEH00168
EVT_RPT01030,observation,P00214,P00628,LOC0001,2026-05-10 03:36:00,0.99,RPT01030,references phone,PH00494,ACC00860,VEH00051
EVT_RPT01031,observation,P00487,P00887,LOC0079,2026-06-23 14:06:00,0.99,RPT01031,का उल्लेख,PH00906,ACC01070,VEH00300
EVT_RPT01032,observation,P00261,P00810,LOC0062,2026-05-20 22:18:00,0.99,RPT01032,का उल्लेख,PH00886,ACC00763,VEH00115
EVT_RPT01033,observation,P00220,P00071,LOC0110,2026-05-14 07:17:00,0.99,RPT01033,का उल्लेख,PH00254,ACC00841,VEH00235
EVT_RPT01034,observation,P00442,P00945,LOC0152,2026-07-29 08:49:00,0.99,RPT01034,references phone,PH00882,ACC01179,VEH00197
EVT_RPT01035,observation,P00458,P00652,LOC0111,2026-05-30 00:06:00,0.99,RPT01035,का उल्लेख,PH00798,ACC00791,VEH00296
EVT_RPT01036,observation,P00988,P00973,LOC0172,2026-06-02 16:18:00,0.99,RPT01036,का उल्लेख,PH00687,ACC01169,VEH00197
EVT_RPT01037,observation,P00596,P00665,LOC0018,2026-06-09 07:53:00,0.99,RPT01037,का उल्लेख,PH00706,ACC00386,VEH00358
EVT_RPT01038,observation,P00381,P00064,LOC0018,2026-06-17 04:46:00,0.99,RPT01038,का उल्लेख,PH01023,ACC00818,VEH00264
EVT_RPT01039,observation,P00736,P00077,LOC0102,2026-07-22 12:34:00,0.99,RPT01039,references phone,PH01012,ACC00100,VEH00308
EVT_RPT01040,observation,P00847,P00915,LOC0109,2026-06-16 03:29:00,0.99,RPT01040,का उल्लेख,PH00337,ACC00211,VEH00073
EVT_RPT01041,observation,P00693,P00106,LOC0066,2026-07-06 16:34:00,0.99,RPT01041,references phone,PH00870,ACC00442,VEH00243
EVT_RPT01042,observation,P00137,P00630,LOC0111,2026-01-20 01:20:00,0.99,RPT01042,references phone,PH01031,ACC00196,VEH00087
EVT_RPT01043,observation,P00218,P00539,LOC0084,2026-04-27 18:55:00,0.99,RPT01043,का उल्लेख,PH00935,ACC00539,VEH00367
EVT_RPT01044,observation,P00995,P00206,LOC0110,2026-04-23 01:28:00,0.99,RPT01044,references phone,PH01048,ACC00810,VEH00175
EVT_RPT01045,observation,P00561,P00855,LOC0170,2026-07-08 17:31:00,0.99,RPT01045,का उल्लेख,PH00734,ACC00877,VEH00032
EVT_RPT01046,observation,P00094,P00211,LOC0014,2026-05-29 11:55:00,0.99,RPT01046,references phone,PH00415,ACC00183,VEH00392
EVT_RPT01047,observation,P00355,P00272,LOC0044,2026-03-23 16:28:00,0.99,RPT01047,references phone,PH00005,ACC01153,VEH00180
EVT_RPT01048,observation,P00109,P00255,LOC0043,2026-04-01 09:10:00,0.99,RPT01048,का उल्लेख,PH00691,ACC00752,VEH00141
EVT_RPT01049,observation,P00102,P00502,LOC0101,2026-07-07 05:17:00,0.99,RPT01049,references phone,PH01076,ACC00997,VEH00279
EVT_RPT01050,observation,P00056,P00734,LOC0003,2026-08-16 04:35:00,0.99,RPT01050,का उल्लेख,PH00076,ACC00846,VEH00128
EVT_RPT01051,observation,P00176,P00013,LOC0092,2026-05-02 19:29:00,0.99,RPT01051,का उल्लेख,PH01197,ACC00081,VEH00363
EVT_RPT01052,observation,P00280,P00259,LOC0143,2026-08-29 14:09:00,0.99,RPT01052,का उल्लेख,PH00211,ACC00554,VEH00074
EVT_RPT01053,observation,P00090,P00350,LOC0169,2026-07-21 09:30:00,0.99,RPT01053,का उल्लेख,PH00753,ACC00960,VEH00088
EVT_RPT01054,observation,P00906,P00180,LOC0084,2026-02-08 11:44:00,0.99,RPT01054,का उल्लेख,PH00579,ACC00659,VEH00158
EVT_RPT01055,observation,P00811,P00184,LOC0046,2026-01-15 14:42:00,0.99,RPT01055,का उल्लेख,PH01087,ACC00507,VEH00377
EVT_RPT01056,observation,P00661,P00372,LOC0092,2026-04-12 03:18:00,0.99,RPT01056,references phone,PH00568,ACC00239,VEH00396
EVT_RPT01057,observation,P00507,P00345,LOC0176,2026-06-03 06:13:00,0.99,RPT01057,references phone,PH00400,ACC00611,VEH00135
EVT_RPT01058,observation,P00608,P00461,LOC0157,2026-02-19 23:18:00,0.99,RPT01058,references phone,PH00302,ACC00665,VEH00319
EVT_RPT01059,observation,P00702,P00262,LOC0124,2026-01-19 07:52:00,0.99,RPT01059,का उल्लेख,PH00075,ACC01139,VEH00128
EVT_RPT01060,observation,P00728,P00240,LOC0009,2026-04-04 09:27:00,0.99,RPT01060,का उल्लेख,PH00278,ACC00943,VEH00394
EVT_RPT01061,observation,P00391,P00333,LOC0027,2026-08-20 21:44:00,0.99,RPT01061,references phone,PH00001,ACC00284,VEH00131
EVT_RPT01062,observation,P00433,P00015,LOC0128,2026-02-17 06:43:00,0.99,RPT01062,references phone,PH00139,ACC00147,VEH00086
EVT_RPT01063,observation,P00525,P00379,LOC0002,2026-01-23 09:16:00,0.99,RPT01063,references phone,PH00543,ACC01050,VEH00098
EVT_RPT01064,observation,P00533,P00170,LOC0149,2026-04-17 06:19:00,0.99,RPT01064,references phone,PH00330,ACC00817,VEH00157
EVT_RPT01065,observation,P00376,P00972,LOC0145,2026-04-22 08:47:00,0.99,RPT01065,का उल्लेख,PH00684,ACC00851,VEH00143
EVT_RPT01066,observation,P00032,P00823,LOC0045,2026-05-03 20:38:00,0.99,RPT01066,references phone,PH00744,ACC01052,VEH00262
EVT_RPT01067,observation,P00363,P00523,LOC0047,2026-02-08 12:11:00,0.99,RPT01067,का उल्लेख,PH00386,ACC00277,VEH00076
EVT_RPT01068,observation,P00101,P00751,LOC0039,2026-05-14 15:53:00,0.99,RPT01068,का उल्लेख,PH00707,ACC00790,VEH00220
EVT_RPT01069,observation,P00566,P00725,LOC0024,2026-08-23 02:16:00,0.99,RPT01069,का उल्लेख,PH00625,ACC00490,VEH00261
EVT_RPT01070,observation,P00716,P00951,LOC0083,2026-06-01 05:06:00,0.99,RPT01070,का उल्लेख,PH00599,ACC00627,VEH00277
EVT_RPT01071,observation,P00848,P00461,LOC0039,2026-07-28 22:36:00,0.99,RPT01071,का उल्लेख,PH00962,ACC01078,VEH00384
EVT_RPT01072,observation,P00054,P00141,LOC0065,2026-08-23 00:57:00,0.99,RPT01072,references phone,PH00654,ACC00404,VEH00112
EVT_RPT01073,observation,P00551,P00632,LOC0095,2026-03-24 14:44:00,0.99,RPT01073,references phone,PH00582,ACC01047,VEH00015
EVT_RPT01074,observation,P00474,P00397,LOC0077,2026-03-19 14:14:00,0.99,RPT01074,का उल्लेख,PH00520,ACC00677,VEH00307
EVT_RPT01075,observation,P00908,P00981,LOC0177,2026-01-05 07:29:00,0.99,RPT01075,references phone,PH00980,ACC00231,VEH00195
EVT_RPT01076,observation,P00355,P00798,LOC0022,2026-03-18 01:37:00,0.99,RPT01076,का उल्लेख,PH00005,ACC01153,VEH00327
EVT_RPT01077,observation,P00950,P00086,LOC0163,2026-02-26 08:42:00,0.99,RPT01077,references phone,PH00119,ACC00669,VEH00050
EVT_RPT01078,observation,P00778,P00466,LOC0061,2026-05-15 05:10:00,0.99,RPT01078,का उल्लेख,PH00558,ACC00143,VEH00277
EVT_RPT01079,observation,P00119,P00091,LOC0052,2026-05-13 07:55:00,0.99,RPT01079,references phone,PH00403,ACC00176,VEH00238
EVT_RPT01080,observation,P00168,P00124,LOC0080,2026-08-06 03:57:00,0.99,RPT01080,का उल्लेख,PH00067,ACC00784,VEH00012
EVT_RPT01081,observation,P00707,P00754,LOC0153,2026-05-10 22:09:00,0.99,RPT01081,का उल्लेख,PH00596,ACC00099,VEH00380
EVT_RPT01082,observation,P00877,P00958,LOC0067,2026-07-22 21:56:00,0.99,RPT01082,का उल्लेख,PH00272,ACC00686,VEH00316
EVT_RPT01083,observation,P00191,P00912,LOC0038,2026-07-15 23:17:00,0.99,RPT01083,references phone,PH00816,ACC01121,VEH00126
EVT_RPT01084,observation,P00999,P00537,LOC0031,2026-08-08 01:13:00,0.99,RPT01084,references phone,PH00217,ACC00967,VEH00247
EVT_RPT01085,observation,P00669,P00783,LOC0180,2026-07-15 20:46:00,0.99,RPT01085,references phone,PH00095,ACC00656,VEH00189
EVT_RPT01086,observation,P00030,P00911,LOC0042,2026-06-12 02:05:00,0.99,RPT01086,references phone,PH01115,ACC01183,VEH00048
EVT_RPT01087,observation,P00130,P00515,LOC0026,2026-05-27 09:19:00,0.99,RPT01087,का उल्लेख,PH00191,ACC00167,VEH00081
EVT_RPT01088,observation,P00320,P00816,LOC0081,2026-05-28 05:00:00,0.99,RPT01088,का उल्लेख,PH00580,ACC00022,VEH00205
EVT_RPT01089,observation,P00536,P00960,LOC0009,2026-02-12 15:50:00,0.99,RPT01089,references phone,PH01033,ACC00049,VEH00306
EVT_RPT01090,observation,P00779,P00178,LOC0100,2026-08-05 00:20:00,0.99,RPT01090,का उल्लेख,PH00594,ACC00550,VEH00351
EVT_RPT01091,observation,P00942,P00295,LOC0036,2026-01-06 06:18:00,0.99,RPT01091,का उल्लेख,PH00487,ACC01134,VEH00063
EVT_RPT01092,observation,P00919,P00906,LOC0020,2026-05-11 21:43:00,0.99,RPT01092,का उल्लेख,PH00066,ACC00351,VEH00059
EVT_RPT01093,observation,P00799,P00401,LOC0158,2026-04-17 21:10:00,0.99,RPT01093,references phone,PH00140,ACC00171,VEH00326
EVT_RPT01094,observation,P00099,P00342,LOC0053,2026-03-26 02:02:00,0.99,RPT01094,का उल्लेख,PH00519,ACC00097,VEH00063
EVT_RPT01095,observation,P00818,P00102,LOC0098,2026-08-08 21:36:00,0.99,RPT01095,references phone,PH00486,ACC00721,VEH00092
EVT_RPT01096,observation,P00402,P00705,LOC0100,2026-07-04 06:52:00,0.99,RPT01096,का उल्लेख,PH00714,ACC00590,VEH00226
EVT_RPT01097,observation,P00853,P00632,LOC0158,2026-05-31 00:36:00,0.99,RPT01097,का उल्लेख,PH00420,ACC01178,VEH00339
EVT_RPT01098,observation,P00592,P00610,LOC0119,2026-01-11 22:29:00,0.99,RPT01098,references phone,PH00774,ACC00521,VEH00170
EVT_RPT01099,observation,P00065,P00908,LOC0149,2026-03-18 04:56:00,0.99,RPT01099,का उल्लेख,PH00640,ACC00758,VEH00075
EVT_RPT01100,observation,P00262,P00467,LOC0138,2026-07-06 10:26:00,0.99,RPT01100,का उल्लेख,PH00868,ACC01004,VEH00324
EVT_RPT01101,observation,P00095,P00347,LOC0145,2026-06-08 08:11:00,0.99,RPT01101,का उल्लेख,PH01194,ACC00689,VEH00165
EVT_RPT01102,observation,P00297,P00256,LOC0111,2026-04-18 11:25:00,0.99,RPT01102,references phone,PH00071,ACC00785,VEH00182
EVT_RPT01103,observation,P00525,P00568,LOC0155,2026-01-19 02:25:00,0.99,RPT01103,का उल्लेख,PH00543,ACC01050,VEH00190
EVT_RPT01104,observation,P00506,P00344,LOC0007,2026-07-21 03:34:00,0.99,RPT01104,references phone,PH00783,ACC00994,VEH00093
EVT_RPT01105,observation,P00654,P00492,LOC0071,2026-05-18 21:04:00,0.99,RPT01105,का उल्लेख,PH00928,ACC00363,VEH00337
EVT_RPT01106,observation,P00408,P00251,LOC0064,2026-08-02 21:04:00,0.99,RPT01106,का उल्लेख,PH00448,ACC00149,VEH00107
EVT_RPT01107,observation,P00276,P00267,LOC0142,2026-06-16 07:07:00,0.99,RPT01107,references phone,PH00212,ACC00555,VEH00025
EVT_RPT01108,observation,P00600,P00533,LOC0066,2026-06-14 10:28:00,0.99,RPT01108,references phone,PH00559,ACC00394,VEH00205
EVT_RPT01109,observation,P00722,P00721,LOC0106,2026-07-28 05:49:00,0.99,RPT01109,references phone,PH00352,ACC01049,VEH00263
EVT_RPT01110,observation,P00439,P00399,LOC0065,2026-04-04 23:29:00,0.99,RPT01110,references phone,PH00956,ACC00741,VEH00253
EVT_RPT01111,observation,P00120,P00595,LOC0004,2026-07-26 10:33:00,0.99,RPT01111,references phone,PH00739,ACC01029,VEH00042
EVT_RPT01112,observation,P00776,P00919,LOC0028,2026-01-19 13:19:00,0.99,RPT01112,का उल्लेख,PH00442,ACC00993,VEH00012
EVT_RPT01113,observation,P00748,P00950,LOC0002,2026-08-14 06:33:00,0.99,RPT01113,references phone,PH00179,ACC00201,VEH00064
EVT_RPT01114,observation,P00279,P00247,LOC0069,2026-05-11 21:10:00,0.99,RPT01114,का उल्लेख,PH00105,ACC00988,VEH00177
EVT_RPT01115,observation,P00099,P00732,LOC0018,2026-07-04 15:27:00,0.99,RPT01115,references phone,PH00519,ACC00097,VEH00051
EVT_RPT01116,observation,P00313,P00972,LOC0174,2026-02-24 23:10:00,0.99,RPT01116,का उल्लेख,PH01069,ACC00807,VEH00389
EVT_RPT01117,observation,P00746,P00092,LOC0051,2026-07-13 22:50:00,0.99,RPT01117,का उल्लेख,PH00221,ACC00180,VEH00358
EVT_RPT01118,observation,P00178,P00425,LOC0032,2026-01-08 07:52:00,0.99,RPT01118,का उल्लेख,PH00796,ACC00446,VEH00078
EVT_RPT01119,observation,P00803,P00419,LOC0123,2026-05-05 14:51:00,0.99,RPT01119,references phone,PH00893,ACC01026,VEH00379
EVT_RPT01120,observation,P00661,P00422,LOC0011,2026-06-30 01:10:00,0.99,RPT01120,का उल्लेख,PH00568,ACC00239,VEH00387
EVT_RPT01121,observation,P00492,P00726,LOC0097,2026-06-27 11:46:00,0.99,RPT01121,references phone,PH00423,ACC00602,VEH00103
EVT_RPT01122,observation,P00882,P00342,LOC0118,2026-01-02 07:49:00,0.99,RPT01122,का उल्लेख,PH00610,ACC00129,VEH00120
EVT_RPT01123,observation,P00928,P00708,LOC0094,2026-04-09 13:10:00,0.99,RPT01123,references phone,PH01182,ACC00169,VEH00223
EVT_RPT01124,observation,P00849,P00262,LOC0172,2026-02-21 03:01:00,0.99,RPT01124,references phone,PH00359,ACC00701,VEH00144
EVT_RPT01125,observation,P00442,P00983,LOC0073,2026-07-09 00:38:00,0.99,RPT01125,references phone,PH00882,ACC00123,VEH00215
EVT_RPT01126,observation,P00541,P00669,LOC0046,2026-08-03 09:44:00,0.99,RPT01126,references phone,PH00609,ACC01006,VEH00125
EVT_RPT01127,observation,P00553,P00928,LOC0003,2026-02-20 22:55:00,0.99,RPT01127,का उल्लेख,PH00947,ACC00111,VEH00397
EVT_RPT01128,observation,P00717,P00447,LOC0018,2026-03-15 16:05:00,0.99,RPT01128,का उल्लेख,PH00117,ACC01158,VEH00246
EVT_RPT01129,observation,P00950,P00154,LOC0105,2026-03-21 02:26:00,0.99,RPT01129,का उल्लेख,PH00119,ACC00669,VEH00383
EVT_RPT01130,observation,P00962,P00447,LOC0143,2026-05-06 16:26:00,0.99,RPT01130,का उल्लेख,PH00557,ACC00821,VEH00247
EVT_RPT01131,observation,P00833,P00791,LOC0126,2026-06-03 05:18:00,0.99,RPT01131,का उल्लेख,PH00084,ACC00518,VEH00067
EVT_RPT01132,observation,P00907,P00976,LOC0062,2026-02-28 13:50:00,0.99,RPT01132,का उल्लेख,PH00093,ACC00222,VEH00251
EVT_RPT01133,observation,P00408,P00256,LOC0169,2026-06-15 10:01:00,0.99,RPT01133,का उल्लेख,PH00448,ACC00149,VEH00164
EVT_RPT01134,observation,P00587,P00204,LOC0122,2026-05-12 09:04:00,0.99,RPT01134,का उल्लेख,PH00365,ACC00459,VEH00282
EVT_RPT01135,observation,P00889,P00748,LOC0051,2026-05-26 15:36:00,0.99,RPT01135,references phone,PH00028,ACC00932,VEH00399
EVT_RPT01136,observation,P00742,P00774,LOC0072,2026-07-27 02:29:00,0.99,RPT01136,का उल्लेख,PH00373,ACC00313,VEH00387
EVT_RPT01137,observation,P00735,P00018,LOC0146,2026-08-18 09:08:00,0.99,RPT01137,का उल्लेख,PH00077,ACC00373,VEH00229
EVT_RPT01138,observation,P00093,P00146,LOC0161,2026-08-27 05:37:00,0.99,RPT01138,का उल्लेख,PH00815,ACC00339,VEH00057
EVT_RPT01139,observation,P00749,P00183,LOC0148,2026-07-13 21:06:00,0.99,RPT01139,का उल्लेख,PH01057,ACC00802,VEH00357
EVT_RPT01140,observation,P00863,P00728,LOC0141,2026-01-23 17:11:00,0.99,RPT01140,references phone,PH00515,ACC00031,VEH00288
EVT_RPT01141,observation,P00681,P00615,LOC0151,2026-02-25 04:57:00,0.99,RPT01141,का उल्लेख,PH00861,ACC00801,VEH00112
EVT_RPT01142,observation,P00390,P00642,LOC0104,2026-08-25 22:01:00,0.99,RPT01142,references phone,PH01123,ACC00667,VEH00200
EVT_RPT01143,observation,P00710,P00445,LOC0001,2026-05-01 21:48:00,0.99,RPT01143,का उल्लेख,PH00215,ACC00594,VEH00175
EVT_RPT01144,observation,P00581,P00736,LOC0098,2026-03-08 20:32:00,0.99,RPT01144,references phone,PH00242,ACC00820,VEH00246
EVT_RPT01145,observation,P00188,P00846,LOC0011,2026-04-28 14:24:00,0.99,RPT01145,references phone,PH00924,ACC00840,VEH00132
EVT_RPT01146,observation,P00705,P00733,LOC0053,2026-01-11 21:12:00,0.99,RPT01146,references phone,PH00877,ACC00660,VEH00357
EVT_RPT01147,observation,P00854,P00341,LOC0164,2026-07-19 03:34:00,0.99,RPT01147,references phone,PH00581,ACC00298,VEH00211
EVT_RPT01148,observation,P00510,P00578,LOC0155,2026-01-06 01:01:00,0.99,RPT01148,references phone,PH00034,ACC00928,VEH00161
EVT_RPT01149,observation,P00642,P00138,LOC0073,2026-08-11 04:12:00,0.99,RPT01149,का उल्लेख,PH00458,ACC00595,VEH00365
EVT_RPT01150,observation,P00999,P00514,LOC0134,2026-06-03 01:25:00,0.99,RPT01150,references phone,PH00222,ACC00967,VEH00101
EVT_RPT01151,observation,P00840,P00733,LOC0067,2026-02-27 19:19:00,0.99,RPT01151,का उल्लेख,PH01199,ACC00759,VEH00290
EVT_RPT01152,observation,P00143,P00377,LOC0096,2026-01-25 08:22:00,0.99,RPT01152,references phone,PH00216,ACC00246,VEH00312
EVT_RPT01153,observation,P00733,P00782,LOC0010,2026-02-13 09:57:00,0.99,RPT01153,का उल्लेख,PH00854,ACC01037,VEH00188
EVT_RPT01154,observation,P00619,P00324,LOC0160,2026-02-01 17:38:00,0.99,RPT01154,का उल्लेख,PH00003,ACC00948,VEH00391
EVT_RPT01155,observation,P00226,P00416,LOC0017,2026-04-21 10:02:00,0.99,RPT01155,का उल्लेख,PH00324,ACC00619,VEH00116
EVT_RPT01156,observation,P00304,P00385,LOC0101,2026-07-26 06:51:00,0.99,RPT01156,का उल्लेख,PH00829,ACC00961,VEH00052
EVT_RPT01157,observation,P00081,P00438,LOC0167,2026-03-30 21:00:00,0.99,RPT01157,का उल्लेख,PH00100,ACC00723,VEH00186
EVT_RPT01158,observation,P00158,P00286,LOC0177,2026-04-02 03:13:00,0.99,RPT01158,का उल्लेख,PH00606,ACC00862,VEH00046
EVT_RPT01159,observation,P00891,P00851,LOC0168,2026-04-22 18:53:00,0.99,RPT01159,references phone,PH00058,ACC00958,VEH00177
EVT_RPT01160,observation,P00599,P00637,LOC0167,2026-03-25 03:16:00,0.99,RPT01160,का उल्लेख,PH01022,ACC00059,VEH00267
EVT_RPT01161,observation,P00450,P00569,LOC0172,2026-07-23 04:10:00,0.99,RPT01161,का उल्लेख,PH01191,ACC00500,VEH00320
EVT_RPT01162,observation,P00088,P00185,LOC0151,2026-01-20 16:49:00,0.99,RPT01162,का उल्लेख,PH00653,ACC00583,VEH00167
EVT_RPT01163,observation,P00206,P00161,LOC0118,2026-06-26 11:10:00,0.99,RPT01163,का उल्लेख,PH01034,ACC00014,VEH00241
EVT_RPT01164,observation,P00203,P00689,LOC0039,2026-05-19 04:30:00,0.99,RPT01164,का उल्लेख,PH00567,ACC00605,VEH00372
EVT_RPT01165,observation,P00026,P00747,LOC0131,2026-07-17 21:17:00,0.99,RPT01165,का उल्लेख,PH00898,ACC00286,VEH00343
EVT_RPT01166,observation,P00879,P00091,LOC0042,2026-04-11 09:53:00,0.99,RPT01166,references phone,PH00465,ACC00409,VEH00083
EVT_RPT01167,observation,P00427,P00466,LOC0083,2026-08-29 11:34:00,0.99,RPT01167,references phone,PH00509,ACC00699,VEH00191
EVT_RPT01168,observation,P00293,P00435,LOC0053,2026-03-31 17:48:00,0.99,RPT01168,references phone,PH00175,ACC00038,VEH00052
EVT_RPT01169,observation,P00595,P00513,LOC0177,2026-02-03 00:04:00,0.99,RPT01169,का उल्लेख,PH00183,ACC00800,VEH00029
EVT_RPT01170,observation,P00782,P00376,LOC0083,2026-04-20 02:08:00,0.99,RPT01170,references phone,PH00508,ACC00606,VEH00021
EVT_RPT01171,observation,P00058,P00026,LOC0167,2026-08-02 06:42:00,0.99,RPT01171,references phone,PH00255,ACC00867,VEH00153
EVT_RPT01172,observation,P00724,P00379,LOC0071,2026-01-22 08:21:00,0.99,RPT01172,का उल्लेख,PH00791,ACC00476,VEH00152
EVT_RPT01173,observation,P00414,P00396,LOC0107,2026-03-18 01:35:00,0.99,RPT01173,references phone,PH00144,ACC00799,VEH00116
EVT_RPT01174,observation,P00360,P00394,LOC0069,2026-04-02 02:06:00,0.99,RPT01174,का उल्लेख,PH01068,ACC00325,VEH00093
EVT_RPT01175,observation,P00886,P00579,LOC0139,2026-03-25 18:32:00,0.99,RPT01175,का उल्लेख,PH01112,ACC00249,VEH00058
EVT_RPT01176,observation,P00190,P00223,LOC0050,2026-06-08 05:58:00,0.99,RPT01176,references phone,PH00192,ACC00271,VEH00054
EVT_RPT01177,observation,P00162,P00190,LOC0035,2026-01-17 17:04:00,0.99,RPT01177,का उल्लेख,PH00569,ACC00670,VEH00008
EVT_RPT01178,observation,P00260,P00573,LOC0015,2026-03-25 15:27:00,0.99,RPT01178,references phone,PH00810,ACC00560,VEH00372
EVT_RPT01179,observation,P00946,P00383,LOC0137,2026-07-28 09:11:00,0.99,RPT01179,का उल्लेख,PH00999,ACC00295,VEH00103
EVT_RPT01180,observation,P00791,P00118,LOC0157,2026-05-09 19:04:00,0.99,RPT01180,का उल्लेख,PH01066,ACC00188,VEH00277
EVT_RPT01181,observation,P00681,P00687,LOC0057,2026-05-12 18:26:00,0.99,RPT01181,references phone,PH00861,ACC00801,VEH00016
EVT_RPT01182,observation,P00530,P00989,LOC0174,2026-01-22 04:28:00,0.99,RPT01182,references phone,PH00787,ACC00572,VEH00150
EVT_RPT01183,observation,P00910,P00992,LOC0079,2026-05-04 13:35:00,0.99,RPT01183,references phone,PH00081,ACC00164,VEH00342
EVT_RPT01184,observation,P00754,P00598,LOC0160,2026-08-29 18:58:00,0.99,RPT01184,references phone,PH00993,ACC01086,VEH00191
EVT_RPT01185,observation,P00117,P00774,LOC0133,2026-06-16 13:49:00,0.99,RPT01185,references phone,PH01193,ACC01175,VEH00088
EVT_RPT01186,observation,P00239,P00411,LOC0116,2026-08-31 19:55:00,0.99,RPT01186,references phone,PH00750,ACC01113,VEH00228
EVT_RPT01187,observation,P00024,P00193,LOC0158,2026-04-26 14:28:00,0.99,RPT01187,references phone,PH00461,ACC00134,VEH00164
EVT_RPT01188,observation,P00636,P00955,LOC0060,2026-08-27 16:27:00,0.99,RPT01188,का उल्लेख,PH00518,ACC01106,VEH00208
EVT_RPT01189,observation,P00966,P00040,LOC0171,2026-06-17 14:34:00,0.99,RPT01189,का उल्लेख,PH00887,ACC01022,VEH00185
EVT_RPT01190,observation,P00349,P00096,LOC0145,2026-03-31 00:53:00,0.99,RPT01190,का उल्लेख,PH01166,ACC01137,VEH00251
EVT_RPT01191,observation,P00840,P00638,LOC0076,2026-07-22 07:13:00,0.99,RPT01191,का उल्लेख,PH00890,ACC00759,VEH00159
EVT_RPT01192,observation,P00820,P00897,LOC0170,2026-04-29 23:28:00,0.99,RPT01192,references phone,PH00867,ACC00577,VEH00116
EVT_RPT01193,observation,P00914,P00966,LOC0054,2026-04-16 12:53:00,0.99,RPT01193,references phone,PH01156,ACC00074,VEH00306
EVT_RPT01194,observation,P00489,P00052,LOC0072,2026-03-13 17:19:00,0.99,RPT01194,references phone,PH01020,ACC00267,VEH00144
EVT_RPT01195,observation,P00235,P00548,LOC0142,2026-05-07 18:45:00,0.99,RPT01195,references phone,PH00188,ACC00811,VEH00253
EVT_RPT01196,observation,P00168,P00229,LOC0173,2026-08-09 02:02:00,0.99,RPT01196,references phone,PH00067,ACC00784,VEH00139
EVT_RPT01197,observation,P00742,P00791,LOC0141,2026-01-18 10:29:00,0.99,RPT01197,का उल्लेख,PH00373,ACC00313,VEH00399
EVT_RPT01198,observation,P00758,P00482,LOC0068,2026-02-12 07:51:00,0.99,RPT01198,का उल्लेख,PH00769,ACC00010,VEH00088
EVT_RPT01199,observation,P00757,P00867,LOC0079,2026-05-26 06:48:00,0.99,RPT01199,का उल्लेख,PH01198,ACC00775,VEH00130
EVT_RPT01200,observation,P00216,P00764,LOC0144,2026-01-28 06:01:00,0.99,RPT01200,references phone,PH00647,ACC00891,VEH00006
