transaction_id,amount,timestamp,amount_z,anomaly_label
TX000001,4874.16,2026-06-13 08:25:00,-0.5975385904474017,0
TX000002,15496.82,2026-08-21 01:13:00,0.07140781848205871,0
TX000003,1485.76,2026-05-09 17:36:00,-0.8109181029251222,0
TX000004,5859.51,2026-04-21 15:42:00,-0.5354876216656987,0
TX000005,2510.83,2026-08-18 09:53:00,-0.746365825491662,0
TX000006,4800.93,2026-02-21 06:41:00,-0.6021501421233382,0
TX000007,28559.32,2026-03-18 01:12:00,0.893999567313432,0
TX000008,51044.69,2026-08-27 03:06:00,2.309982712302561,0
TX000009,12733.86,2026-04-03 15:23:00,-0.1025855287601331,0
TX000010,21996.77,2026-04-25 20:44:00,0.48073262137710066,0
TX000011,20189.91,2026-01-02 19:00:00,0.3669482671345395,0
TX000012,2592.13,2026-04-26 17:23:00,-0.7412460774204666,0
TX000013,17597.62,2026-02-19 16:38:00,0.20370261242999735,0
TX000014,5228.6,2026-02-26 04:47:00,-0.5752182521158578,0
TX000015,18330.61,2026-05-15 22:50:00,0.24986158092576077,0
TX000016,33348.42,2026-03-06 15:12:00,1.19558610467828,0
TX000017,5608.46,2026-01-09 11:47:00,-0.5512971266260138,0
TX000018,9816.03,2026-07-09 12:55:00,-0.28633158675000075,0
TX000019,15273.27,2026-08-24 01:23:00,0.05733008562454652,0
TX000020,3637.73,2026-04-25 16:34:00,-0.67540095339535,0
TX000021,7870.6,2026-06-26 18:54:00,-0.4088421831847582,0
TX000022,6060.97,2026-06-25 08:40:00,-0.5228009741082199,0
TX000023,2732.36,2026-07-07 19:28:00,-0.7324152991667919,0
TX000024,27604.46,2026-07-03 22:03:00,0.8338686614922549,0
TX000025,24472.31,2026-03-02 10:33:00,0.6366261163361069,0
TX000026,11034.27,2026-08-10 16:13:00,-0.2096147123311428,0
TX000027,6622.29,2026-04-30 14:32:00,-0.4874526716811174,0
TX000028,3518.94,2026-08-26 06:47:00,-0.6828815791441484,0
TX000029,4450.92,2026-05-13 17:47:00,-0.6241915077125033,0
TX000030,8313.98,2026-03-23 11:02:00,-0.38092097900509475,0
TX000031,7068.57,2026-06-20 18:08:00,-0.45934884426152195,0
TX000032,943.52,2026-08-25 18:51:00,-0.8450648703805346,0
TX000033,3029.41,2026-03-26 09:59:00,-0.7137090117799701,0
TX000034,14295.06,2026-01-19 19:08:00,-0.004271252145737766,0
TX000035,3004.23,2026-07-12 08:27:00,-0.7152946852908275,0
TX000036,813.63,2026-07-01 08:22:00,-0.8532445023235553,0
TX000037,18808.3,2026-03-01 18:24:00,0.27994340695441206,0
TX000038,1855.82,2026-06-29 22:13:00,-0.7876141180391864,0
TX000039,3547.94,2026-04-13 14:25:00,-0.6810553467448289,0
TX000040,9362.47,2026-01-05 15:39:00,-0.3148938614753564,0
TX000041,15462.22,2026-02-10 20:41:00,0.06922893430907759,0
TX000042,3037.22,2026-08-13 19:17:00,-0.7132171885027742,0
TX000043,5707.76,2026-05-03 02:36:00,-0.5450438549966202,0
TX000044,12235.62,2026-01-13 06:23:00,-0.1339614608510608,0
TX000045,34006.81,2026-02-18 05:49:00,1.2370472477606216,0
TX000046,10024.14,2026-07-27 04:59:00,-0.27322616521129867,0
TX000047,2510.59,2026-08-08 13:11:00,-0.7463809391391045,0
TX000048,2752.7,2026-06-16 20:00:00,-0.7311344175460279,0
TX000049,9053.03,2026-05-08 20:06:00,-0.3343803909114046,0
TX000050,7369.6,2026-07-16 14:17:00,-0.4403919222212763,0
TX000051,2754.39,2026-02-04 04:23:00,-0.7310279922786194,0
TX000052,6308.03,2026-03-13 20:10:00,-0.5072427335366387,0
TX000053,9473.4,2026-04-15 02:50:00,-0.30790820768030464,0
TX000054,3766.69,2026-03-24 00:48:00,-0.6672798868361696,0
TX000055,18702.97,2026-05-24 11:24:00,0.27331040493302206,0
TX000056,3311.19,2026-01-17 13:48:00,-0.6959643302116866,0
TX000057,4409.6,2026-06-10 06:16:00,-0.6267935740138784,0
TX000058,2208.23,2026-03-13 07:00:00,-0.7654216159755949,0
TX000059,7442.31,2026-03-03 20:41:00,-0.43581311678146545,0
TX000060,5143.26,2026-03-07 04:33:00,-0.5805924132523377,0
TX000061,6021.66,2026-03-16 08:46:00,-0.5252764636122629,0
TX000062,4881.7,2026-01-22 20:12:00,-0.5970637700235787,0
TX000063,19828.04,2026-02-19 08:40:00,0.34416003546758384,0
TX000064,1971.8,2026-07-09 07:14:00,-0.780310447912529,0
TX000065,6885.01,2026-06-21 07:48:00,-0.4709082656139037,0
TX000066,13937.63,2026-07-10 04:58:00,-0.0267798813350046,0
TX000067,15729.1,2026-05-01 23:14:00,0.08603531026529714,0
TX000068,7585.21,2026-03-22 16:14:00,-0.42681419919999153,0
TX000069,6251.63,2026-01-23 21:01:00,-0.5107944406856599,0
TX000070,11809.81,2026-07-28 03:30:00,-0.16077622009086087,0
TX000071,2196.76,2026-01-29 19:06:00,-0.7661439223762911,0
TX000072,12776.86,2026-03-29 00:33:00,-0.0998776669266595,0
TX000073,7430.24,2026-05-19 13:42:00,-0.43657320730076843,0
TX000074,11395.18,2026-06-02 14:33:00,-0.18688693525395766,0
TX000075,16464.82,2026-02-20 19:19:00,0.13236619650072048,0
TX000076,11513.39,2026-02-22 11:02:00,-0.1794428341531457,0
TX000077,2653.08,2026-07-22 22:39:00,-0.7374078407053452,0
TX000078,3861.77,2026-08-12 16:23:00,-0.6612923635076423,0
TX000079,15445.33,2026-05-03 22:13:00,0.0681653113703016,0
TX000080,15114.5,2026-02-01 07:51:00,0.047331778105927765,0
TX000081,8263.24,2026-05-06 08:22:00,-0.38411625596859356,0
TX000082,2048.16,2026-08-29 12:50:00,-0.7755017890845278,0
TX000083,14718.08,2026-07-11 04:56:00,0.022367810942541498,0
TX000084,57830.98,2026-07-20 15:30:00,2.737339356067297,0
TX000085,26177.3,2026-01-20 13:36:00,0.7439953569745759,0
TX000086,61240.71,2026-06-07 14:38:00,2.9520620939614823,0
TX000087,8130.06,2026-01-14 19:32:00,-0.39250307082864044,0
TX000088,8917.69,2026-03-13 01:23:00,-0.34290322859843525,0
TX000089,15613.57,2026-06-29 06:28:00,0.07875997822759462,0
TX000090,12225.17,2026-02-21 13:42:00,-0.13461953425012596,0
TX000091,11523.28,2026-06-14 19:33:00,-0.17882002593144672,0
TX000092,15701.49,2026-01-21 15:39:00,0.084296611074083,0
TX000093,7314.59,2026-03-04 18:22:00,-0.4438560961621922,0
TX000094,42161.05,2026-02-07 10:47:00,1.7505485332718747,0
TX000095,13634.13,2026-07-19 02:37:00,-0.04589234799684742,0
TX000096,2931.72,2026-04-21 14:09:00,-0.7198608960244361,0
TX000097,5448.1,2026-01-25 10:21:00,-0.5613955620589401,0
TX000098,6985.26,2026-07-10 09:48:00,-0.4645951691300495,0
TX000099,9757.52,2026-07-17 23:21:00,-0.2900161680494552,0
TX000100,8547.57,2026-01-17 00:57:00,-0.3662109918962319,0
TX000101,19360.59,2026-04-16 02:51:00,0.3147230583964852,0
TX000102,18823.83,2026-02-27 03:21:00,0.2809213858910133,0
TX000103,4672.14,2026-06-07 13:58:00,-0.6102605031822467,0
TX000104,8971.8,2026-02-03 03:25:00,-0.3394957308354294,0
TX000105,2450.18,2026-08-11 19:53:00,-0.7501851701474799,0
TX000106,32529.4,2026-03-27 17:15:00,1.1440095233096395,0
TX000107,5527.05,2026-08-15 11:23:00,-0.5564238017856206,0
TX000108,7934.33,2026-02-26 23:16:00,-0.40482888005342627,0
TX000109,13476.43,2026-07-21 23:56:00,-0.05582327383728429,0
TX000110,14765.04,2026-04-05 17:26:00,0.025325047958818788,0
TX000111,4187.89,2026-01-13 08:38:00,-0.6407554355743303,0
TX000112,18066.19,2026-02-05 03:13:00,0.23321011985582826,0
TX000113,37434.72,2026-08-01 07:14:00,1.4529148444485878,0
TX000114,9386.99,2026-06-23 19:16:00,-0.31334975049496633,0
TX000115,8043.43,2026-01-09 17:54:00,-0.39795846782012456,0
TX000116,15413.95,2026-02-07 15:26:00,0.06618920196717602,0
TX000117,5308.46,2026-08-31 10:38:00,-0.5701891859293181,0
TX000118,24786.69,2026-04-15 16:41:00,0.6564237350153493,0
TX000119,13783.65,2026-04-23 15:00:00,-0.03647654564008054,0
TX000120,7340.72,2026-07-31 08:18:00,-0.4422105977968744,0
TX000121,4883.45,2026-03-16 03:19:00,-0.5969535663443094,0
TX000122,19980.26,2026-02-18 22:48:00,0.35374586635808025,0
TX000123,10648.2,2026-07-22 15:39:00,-0.23392690344856504,0
TX000124,23201.47,2026-08-17 08:47:00,0.5565968341860695,0
TX000125,846.21,2026-02-03 01:53:00,-0.8511928246832163,0
TX000126,5820.06,2026-03-23 20:58:00,-0.5379719274640833,0
TX000127,9757.67,2026-04-28 09:52:00,-0.2900067220198036,0
TX000128,2597.09,2026-07-28 18:09:00,-0.7409337287066519,0
TX000129,30952.62,2026-01-27 09:41:00,1.0447141190820926,0
TX000130,7032.72,2026-07-27 09:16:00,-0.4616064453482668,0
TX000131,45991.98,2026-06-09 22:35:00,1.9917957224278995,0
TX000132,15746.92,2026-06-20 16:22:00,0.08715749858791338,0
TX000133,8952.62,2026-01-04 21:33:00,-0.34070356316022055,0
TX000134,4224.78,2026-04-24 21:49:00,-0.638432342015334,0
TX000135,12135.08,2026-03-12 10:15:00,-0.14029281965890825,0
TX000136,34050.54,2026-06-06 21:17:00,1.2398010802717336,0
TX000137,41336.59,2026-07-19 20:24:00,1.6986293758945334,0
TX000138,19244.21,2026-02-26 21:58:00,0.30739419885742325,0
TX000139,3265.33,2026-08-29 11:25:00,-0.6988522963438517,0
TX000140,6427.14,2026-04-13 10:35:00,-0.4997419562579168,0
TX000141,2546.74,2026-06-15 10:12:00,-0.7441044459930564,0
TX000142,4161.44,2026-06-13 05:20:00,-0.6424210854695717,0
TX000143,3451.64,2026-03-27 20:02:00,-0.6871196977811896,0
TX000144,2775.93,2026-01-10 09:48:00,-0.729671542420642,0
TX000145,2105.22,2026-03-08 05:44:00,-0.7719085194050395,0
TX000146,6605.16,2026-01-26 06:56:00,-0.48853140826733604,0
TX000147,2633.87,2026-04-28 13:03:00,-0.7386175622360667,0
TX000148,5959.52,2026-07-09 06:03:00,-0.5291896388292873,0
TX000149,19149.46,2026-08-10 06:58:00,0.3014274567941297,0
TX000150,5287.06,2026-04-03 14:32:00,-0.5715368194929539,0
TX000151,8880.4,2026-02-20 18:30:00,-0.3452515115698361,0
TX000152,24985.97,2026-01-14 09:58:00,0.6689731002752245,0
TX000153,2097.05,2026-06-11 17:51:00,-0.7724230131533993,0
TX000154,2107.17,2026-04-26 20:52:00,-0.7717857210195679,0
TX000155,12711.22,2026-04-25 15:38:00,-0.10401124950222256,0
TX000156,1326.37,2026-08-11 10:34:00,-0.8209554540329678,0
TX000157,4281.04,2026-05-29 17:34:00,-0.6348894511606544,0
TX000158,5592.44,2026-05-02 17:53:00,-0.5523059625928103,0
TX000159,11774.85,2026-08-08 09:41:00,-0.16297777473500588,0
TX000160,11671.4,2026-02-04 08:39:00,-0.16949238651809534,0
TX000161,13546.7,2026-05-18 18:24:00,-0.051398123813140295,0
TX000162,6189.8,2026-04-20 10:28:00,-0.5146880941080709,0
TX000163,2872.78,2026-08-23 02:16:00,-0.7235725559422252,0
TX000164,5773.76,2026-07-14 11:05:00,-0.5408876019498933,0
TX000165,5633.34,2026-08-13 05:24:00,-0.5497303451744598,0
TX000166,20120.69,2026-05-24 03:17:00,0.362589239317957,0
TX000167,1357.45,2026-07-26 23:50:00,-0.8189982366891455,0
TX000168,5829.68,2026-06-06 13:55:00,-0.5373661220957573,0
TX000169,8479.42,2026-04-01 02:36:00,-0.3705026380346325,0
TX000170,32889.12,2026-04-09 14:49:00,1.1666623618849215,0
TX000171,7164.1,2026-07-02 01:23:00,-0.4533329828440397,0
TX000172,9665.94,2026-03-03 15:59:00,-0.29578328401944387,0
TX000173,12689.46,2026-08-07 03:59:00,-0.10538155353702224,0
TX000174,32691.78,2026-08-26 10:44:00,1.1542351652752076,0
TX000175,15710.93,2026-02-20 23:18:00,0.084891081206827,0
TX000176,5770.48,2026-07-01 03:34:00,-0.5410941551316094,0
TX000177,7367.02,2026-06-01 19:54:00,-0.4405543939312847,0
TX000178,5187.91,2026-02-27 12:36:00,-0.577780645092696,0
TX000179,7772.24,2026-01-16 10:42:00,-0.4150362596950016,0
TX000180,26529.33,2026-08-07 21:25:00,0.7661639290963834,0
TX000181,5526.23,2026-07-27 06:31:00,-0.5564754400810497,0
TX000182,21078.54,2026-01-29 22:05:00,0.4229084359968571,0
TX000183,12205.44,2026-07-06 18:50:00,-0.13586200201697324,0
TX000184,3398.39,2026-05-18 04:12:00,-0.6904730383075262,0
TX000185,11000.43,2026-04-22 22:02:00,-0.2117457366205555,0
TX000186,9383.48,2026-07-02 18:11:00,-0.313570787588815,0
TX000187,3909.69,2026-05-31 00:20:00,-0.6582746719015945,0
TX000188,18065.35,2026-03-25 13:56:00,0.23315722208977901,0
TX000189,6784.63,2026-07-05 11:51:00,-0.4772295486567893,0
TX000190,8257.56,2026-05-07 10:14:00,-0.38447394562473614,0
TX000191,14216.08,2026-06-24 14:07:00,-0.009244901624987643,0
TX000192,3647.67,2026-06-05 18:05:00,-0.6747749964971005,0
TX000193,4829.46,2026-06-01 13:38:00,-0.6003535072835939,0
TX000194,13332.59,2026-02-19 10:34:00,-0.06488138653790859,0
TX000195,21291.04,2026-05-27 23:09:00,0.43629031133669766,0
TX000196,4019.78,2026-01-10 17:31:00,-0.6513419158725919,0
TX000197,4897.84,2026-08-31 03:57:00,-0.5960473772330609,0
TX000198,1685.5,2026-08-27 22:27:00,-0.7983397698409823,0
TX000199,6730.78,2026-03-05 05:36:00,-0.48062067330173247,0
TX000200,8062.15,2026-05-11 23:22:00,-0.39677960331959844,0
TX000201,6271.93,2026-05-09 21:09:00,-0.5095160780061363,0
TX000202,14159.9,2026-02-12 22:38:00,-0.01278275459718644,0
TX000203,2484.76,2026-07-16 01:18:00,-0.748007545445119,0
TX000204,3747.98,2026-03-08 13:47:00,-0.6684581216013857,0
TX000205,16275.18,2026-06-30 12:00:00,0.12042389607979177,0
TX000206,30049.43,2026-02-10 01:43:00,0.9878370556082545,0
TX000207,3712.43,2026-03-04 22:39:00,-0.6706968306288272,0
TX000208,6035.01,2026-03-23 20:15:00,-0.5244357669732658,0
TX000209,519.77,2026-04-21 04:30:00,-0.8717499041464519,0
TX000210,4419.9,2026-03-21 00:56:00,-0.626144946644465,0
TX000211,8037.03,2026-08-21 03:45:00,-0.39836149841859514,0
TX000212,12262.65,2026-08-13 06:40:00,-0.13225928630783318,0
TX000213,7629.25,2026-06-24 09:36:00,-0.42404084489426647,0
TX000214,4440.05,2026-08-21 10:12:00,-0.624876029994593,0
TX000215,2538.12,2026-08-14 20:50:00,-0.7446472778303713,0
TX000216,2195.18,2026-04-22 03:10:00,-0.7662434205552885,0
TX000217,4397.36,2026-06-30 21:42:00,-0.6275643700334533,0
TX000218,12798.17,2026-03-01 04:32:00,-0.09853570098081482,0
TX000219,4847.78,2026-05-30 02:02:00,-0.5991998321954721,0
TX000220,18507.31,2026-01-11 19:11:00,0.260989003855407,0
TX000221,7581.46,2026-01-20 13:53:00,-0.4270503499412828,0
TX000222,22105.87,2026-08-10 17:49:00,0.48760303361040225,0
TX000223,29272.8,2026-07-08 06:56:00,0.9389299222191705,0
TX000224,5538.98,2026-03-25 04:02:00,-0.5556725275606592,0
TX000225,3659.59,2026-01-11 07:25:00,-0.6740243520074493,0
TX000226,37747.67,2026-03-31 22:21:00,1.4726224109784845,0
TX000227,28220.53,2026-08-20 14:02:00,0.8726647647422104,0
TX000228,8249.2,2026-06-29 04:13:00,-0.3850004043439882,0
TX000229,43082.12,2026-06-21 02:14:00,1.8085515634801894,0
TX000230,3792.32,2026-02-07 17:21:00,-0.6656658752363573,0
TX000231,2292.4,2026-03-29 07:18:00,-0.7601211338703978,0
TX000232,14748.54,2026-08-21 13:43:00,0.024285984697137053,0
TX000233,17236.44,2026-05-13 02:46:00,0.1809578324994392,0
TX000234,3520.34,2026-07-09 15:26:00,-0.682793416200733,0
TX000235,64515.97,2026-03-14 03:41:00,3.1583167811406168,1
TX000236,5004.56,2026-08-07 04:47:00,-0.5893268420035654,0
TX000237,5787.96,2026-07-08 14:20:00,-0.5399933778095368,0
TX000238,17249.68,2026-04-28 20:00:00,0.18179160205002515,0
TX000239,12348.61,2026-01-25 13:14:00,-0.12684608158212635,0
TX000240,931.27,2026-03-02 23:55:00,-0.8458362961354196,0
TX000241,94172.3,2026-07-31 01:30:00,5.025880598068489,1
TX000242,2841.07,2026-05-20 22:08:00,-0.7255694466105846,0
TX000243,1598.99,2026-01-24 11:34:00,-0.8037876100087451,0
TX000244,25340.19,2026-05-19 03:19:00,0.6912795844299457,0
TX000245,30433.59,2026-04-03 07:20:00,1.0120289672814458,0
TX000246,25444.35,2026-04-26 12:48:00,0.697838907420053,0
TX000247,5822.98,2026-08-10 21:59:00,-0.5377880447535311,0
TX000248,11565.56,2026-03-16 14:57:00,-0.1761575050403011,0
TX000249,12091.71,2026-04-05 12:12:00,-0.143023981698856,0
TX000250,26397.34,2026-04-17 23:41:00,0.7578520527382395,0
TX000251,7583.64,2026-07-15 12:06:00,-0.4269130676436788,0
TX000252,14048.87,2026-08-08 10:07:00,-0.019774705745339276,0
TX000253,6692.84,2026-03-30 05:24:00,-0.4830098890682903,0
TX000254,10601.33,2026-06-18 09:39:00,-0.23687847284705132,0
TX000255,8034.41,2026-06-01 15:04:00,-0.39852648906984395,0
TX000256,5051.52,2026-08-03 18:25:00,-0.5863696049872882,0
TX000257,9813.26,2026-04-19 15:57:00,-0.28650602343090126,0
TX000258,7834.26,2026-07-12 18:24:00,-0.41113064130169846,0
TX000259,3374.43,2026-02-26 14:28:00,-0.6919818841105501,0
TX000260,4185.21,2026-05-01 20:13:00,-0.6409242046374398,0
TX000261,8484.59,2026-03-23 08:35:00,-0.3701770648793056,0
TX000262,25911.89,2026-02-24 03:28:00,0.7272815521089426,0
TX000263,3612.32,2026-05-11 10:38:00,-0.6770011108183399,0
TX000264,7031.82,2026-08-17 13:49:00,-0.4616631215261767,0
TX000265,9433.62,2026-01-14 16:35:00,-0.3104132947439227,0
TX000266,19413.81,2026-08-16 16:25:00,0.31807450971689144,0
TX000267,42929.4,2026-03-23 11:25:00,1.7989342458241873,0
TX000268,5517.52,2026-06-19 05:34:00,-0.5570239395361555,0
TX000269,10117.9,2026-01-15 05:45:00,-0.26732176694370596,0
TX000270,8697.66,2026-03-19 17:09:00,-0.3567592946267888,0
TX000271,8940.39,2026-04-09 01:06:00,-0.34147372944448534,0
TX000272,3172.04,2026-04-14 17:29:00,-0.7047270970518693,0
TX000273,15388.12,2026-07-27 21:23:00,0.06456259566116153,0
TX000274,10725.38,2026-02-17 18:29:00,-0.22906660632513506,0
TX000275,6223.54,2026-05-27 08:05:00,-0.5125633671717593,0
TX000276,6404.83,2026-06-02 10:06:00,-0.5011468957347726,0
TX000277,4379.16,2026-04-12 01:57:00,-0.6287104882978537,0
TX000278,4996.35,2026-04-21 12:41:00,-0.5898438546931658,0
TX000279,11918.44,2026-08-30 02:44:00,-0.15393540541713432,0
TX000280,5204.5,2026-04-02 12:38:00,-0.5767359142132232,0
TX000281,9761.2,2026-07-23 20:23:00,-0.28978442545533467,0
TX000282,7979.13,2026-05-09 23:02:00,-0.40200766586413283,0
TX000283,21137.3,2026-06-05 18:39:00,0.4266087606790642,0
TX000284,23814.04,2026-08-23 09:18:00,0.5951725300774865,0
TX000285,3722.1,2026-05-21 09:20:00,-0.6700878765839506,0
TX000286,3894.02,2026-06-21 15:19:00,-0.6592614671325371,0
TX000287,9602.21,2026-06-16 05:41:00,-0.2997965871507759,0
TX000288,12400.29,2026-05-08 16:09:00,-0.1235916094994771,0
TX000289,9951.68,2026-03-30 23:15:00,-0.2777892272683567,0
TX000290,10796.67,2026-08-09 23:43:00,-0.22457722329935978,0
TX000291,6426.24,2026-08-04 04:52:00,-0.49979863243582673,0
TX000292,14071.91,2026-02-14 02:23:00,-0.018323795590845567,0
TX000293,12152.61,2026-08-31 09:24:00,-0.13918889366028514,0
TX000294,1541.67,2026-05-12 03:39:00,-0.8073972528062965,0
TX000295,7813.49,2026-05-27 13:02:00,-0.41243860154079726,0
TX000296,15994.61,2026-06-27 15:40:00,0.10275541248403153,0
TX000297,7622.64,2026-06-02 04:38:00,-0.42445709993424924,0
TX000298,26892.82,2026-02-21 16:25:00,0.7890541778835768,0
TX000299,26766.91,2026-05-05 10:29:00,0.7811251805939801,0
TX000300,2822.11,2026-05-19 03:05:00,-0.7267634247585534,0
TX000301,2399.47,2026-04-08 01:26:00,-0.7533785579050485,0
TX000302,5296.13,2026-04-27 06:38:00,-0.570965649566684,0
TX000303,8029.94,2026-04-03 11:59:00,-0.3988079807534632,0
TX000304,3420.0,2026-07-27 00:19:00,-0.6891121803023781,0
TX000305,8338.9,2026-05-24 05:11:00,-0.37935167861230024,0
TX000306,24234.68,2026-06-10 15:10:00,0.6216617161619595,0
TX000307,13397.33,2026-06-28 12:17:00,-0.06080448014025554,0
TX000308,7579.27,2026-04-15 18:24:00,-0.42718826197419696,0
TX000309,8597.49,2026-08-24 21:21:00,-0.3630673532281621,0
TX000310,4368.74,2026-07-03 03:42:00,-0.6293666724909885,0
TX000311,10248.13,2026-08-09 02:23:00,-0.2591207240001416,0
TX000312,5166.61,2026-01-05 18:13:00,-0.5791219813032307,0
TX000313,3815.07,2026-05-10 09:39:00,-0.6642332274058568,0
TX000314,12090.77,2026-02-22 10:54:00,-0.14308317681800625,0
TX000315,5399.65,2026-04-30 03:30:00,-0.5644466296364238,0
TX000316,7467.4,2026-04-18 22:44:00,-0.43423311088839917,0
TX000317,38045.9,2026-03-01 00:56:00,1.4914030071318993,0
TX000318,7223.5,2026-06-07 06:09:00,-0.4495923551019855,0
TX000319,2651.01,2026-06-23 10:11:00,-0.737538195914538,0
TX000320,6535.22,2026-08-21 08:16:00,-0.49293577702624636,0
TX000321,7657.56,2026-08-18 12:16:00,-0.42225806423134465,0
TX000322,11870.72,2026-05-31 00:39:00,-0.15694050231698,0
TX000323,34736.18,2026-06-05 20:44:00,1.2829782520741253,0
TX000324,10984.41,2026-01-10 12:18:00,-0.212754572587352,0
TX000325,4445.5,2026-07-14 02:39:00,-0.624532824250583,0
TX000326,4163.35,2026-02-24 11:31:00,-0.6423008060253407,0
TX000327,7542.65,2026-06-27 11:17:00,-0.42949435267982033,0
TX000328,4907.92,2026-05-01 18:59:00,-0.5954126040404698,0
TX000329,3860.04,2026-06-08 04:40:00,-0.6614013077162915,0
TX000330,7483.6,2026-08-14 08:46:00,-0.4332129396860207,0
TX000331,4031.12,2026-08-09 22:44:00,-0.650627796030927,0
TX000332,2504.17,2026-05-07 21:52:00,-0.7467852292081952,0
TX000333,12650.92,2026-08-25 23:33:00,-0.10780855342218666,0
TX000334,45257.83,2026-01-06 20:44:00,1.9455637046361631,0
TX000335,1787.96,2026-02-05 07:52:00,-0.7918875018535937,0
TX000336,28785.5,2026-08-28 22:08:00,0.9082429205575032,0
TX000337,11196.51,2026-06-02 09:23:00,-0.19939788665991584,0
TX000338,4825.13,2026-05-05 16:49:00,-0.6006261826728717,0
TX000339,20067.1,2026-03-29 08:38:00,0.35921448779107673,0
TX000340,2634.17,2026-06-03 05:35:00,-0.7385986701767634,0
TX000341,7091.25,2026-04-10 08:54:00,-0.4579206045781921,0
TX000342,4821.26,2026-01-03 05:43:00,-0.6008698902378843,0
TX000343,4375.13,2026-06-06 16:43:00,-0.6289642716278282,0
TX000344,5288.71,2026-05-21 22:35:00,-0.5714329131667857,0
TX000345,15141.32,2026-03-05 15:40:00,0.049020728207643145,0
TX000346,17005.33,2026-08-09 10:36:00,0.1664040197474839,0
TX000347,12562.96,2026-04-19 06:03:00,-0.11334770520991554,0
TX000348,2939.73,2026-07-28 18:40:00,-0.719356478041038,0
TX000349,5896.16,2026-08-02 10:57:00,-0.5331796417541451,0
TX000350,9721.97,2026-07-10 03:30:00,-0.29225487707689685,0
TX000351,8171.19,2026-05-26 19:16:00,-0.38991296949815746,0
TX000352,13471.99,2026-07-30 23:49:00,-0.05610287631497323,0
TX000353,16992.32,2026-01-11 20:57:00,0.1655847341090305,0
TX000354,2541.98,2026-02-12 07:14:00,-0.7444042000006689,0
TX000355,8694.02,2026-07-21 03:42:00,-0.3569885182796688,0
TX000356,3899.93,2026-03-02 21:46:00,-0.6588892935642621,0
TX000357,6530.44,2026-06-11 00:23:00,-0.49323679050447905,0
TX000358,1612.27,2026-01-12 03:29:00,-0.8029513215169188,0
TX000359,8608.96,2026-04-25 09:49:00,-0.36234504682746577,0
TX000360,17439.3,2026-02-09 22:51:00,0.1937326430003336,0
TX000361,10638.75,2026-03-08 16:41:00,-0.23452200331661915,0
TX000362,27425.14,2026-03-17 05:33:00,0.8225762479113599,0
TX000363,20077.8,2026-07-26 02:31:00,0.3598883045728946,0
TX000364,19260.55,2026-08-09 17:10:00,0.30842318635414323,0
TX000365,3196.08,2026-04-16 13:59:00,-0.7032132133663644,0
TX000366,8833.0,2026-08-22 10:39:00,-0.3482364569397581,0
TX000367,12742.12,2026-05-04 22:33:00,-0.10206536739398211,0
TX000368,12946.41,2026-01-16 11:50:00,-0.08920050474374208,0
TX000369,7086.28,2026-03-31 04:40:00,-0.45823358302731687,0
TX000370,36959.78,2026-07-31 05:44:00,1.4230061956302165,0
TX000371,11497.71,2026-06-09 14:24:00,-0.18043025911939845,0
TX000372,48111.96,2026-04-23 23:56:00,2.125298348700629,0
TX000373,4308.55,2026-01-06 21:21:00,-0.6331570493225414,0
TX000374,10752.38,2026-02-26 04:13:00,-0.22736632098783766,0
TX000375,8122.44,2026-02-23 21:35:00,-0.39298292913494437,0
TX000376,2246.34,2026-07-07 04:59:00,-0.763021694708765,0
TX000377,12353.03,2026-04-07 17:17:00,-0.12656773857505765,0
TX000378,5813.87,2026-07-25 11:50:00,-0.5383617336210414,0
TX000379,12276.71,2026-07-01 01:02:00,-0.13137387846181836,0
TX000380,5733.72,2026-07-20 18:23:00,-0.5434090621315744,0
TX000381,8437.38,2026-04-22 18:30:00,-0.3731500452783356,0
TX000382,3298.31,2026-04-30 17:33:00,-0.6967754292911085,0
TX000383,3756.13,2026-08-23 13:22:00,-0.667944887323646,0
TX000384,5104.25,2026-06-11 05:56:00,-0.5830490106970774,0
TX000385,3280.1,2026-04-07 10:04:00,-0.697922177290819,0
TX000386,2473.06,2026-06-25 04:00:00,-0.748744335757948,0
TX000387,795.46,2026-08-30 20:17:00,-0.8543887313820253,0
TX000388,1416.3,2026-05-03 21:21:00,-0.8152922443891474,0
TX000389,15235.89,2026-06-22 13:32:00,0.05497613503535474,0
TX000390,7547.83,2026-08-01 21:57:00,-0.4291681497891833,0
TX000391,108221.84,2026-05-01 18:31:00,5.910629740948973,1
TX000392,7981.42,2026-04-14 10:57:00,-0.4018634564781176,0
TX000393,3876.67,2026-07-19 18:24:00,-0.6603540578955782,0
TX000394,18838.94,2026-07-10 01:37:00,0.2818729159445895,0
TX000395,12947.15,2026-08-20 22:48:00,-0.08915390433079394,0
TX000396,45161.64,2026-03-15 17:06:00,1.9395062806882137,0
TX000397,27533.2,2026-06-27 02:01:00,0.8293811676724102,0
TX000398,8878.57,2026-05-16 11:59:00,-0.3453667531315862,0
TX000399,5382.42,2026-07-02 00:07:00,-0.5655316635757436,0
TX000400,3667.79,2026-01-29 06:27:00,-0.6735079690531589,0
TX000401,27227.89,2026-01-19 23:19:00,0.8101547189194374,0
TX000402,17172.4,2026-04-10 16:50:00,0.17692500757349403,0
TX000403,12072.37,2026-03-12 14:01:00,-0.14424188978860888,0
TX000404,17259.88,2026-02-15 04:26:00,0.18243393206633754,0
TX000405,8514.79,2026-05-07 08:44:00,-0.3682752642427729,0
TX000406,6045.7,2026-05-21 20:52:00,-0.5237625799267581,0
TX000407,2359.98,2026-06-29 08:17:00,-0.7558653826446734,0
TX000408,4741.56,2026-05-15 14:51:00,-0.6058888806594622,0
TX000409,27075.78,2026-04-13 11:55:00,0.800575815117352,0
TX000410,7603.04,2026-06-28 02:27:00,-0.4256913811420652,0
TX000411,8398.59,2026-01-24 22:31:00,-0.3755927885462528,0
TX000412,6583.76,2026-07-31 12:09:00,-0.48987904183097175,0
TX000413,4050.23,2026-02-13 22:34:00,-0.6494243718533066,0
TX000414,17605.22,2026-08-08 09:55:00,0.2041812112656812,0
TX000415,19942.1,2026-03-23 16:37:00,0.35134279641469995,0
TX000416,5782.52,2026-03-23 19:12:00,-0.5403359538182367,0
TX000417,7539.03,2026-01-08 15:07:00,-0.4297223168620802,0
TX000418,26389.29,2026-05-11 23:56:00,0.7573451158136009,0
TX000419,17877.09,2026-01-08 10:26:00,0.22130182514164556,0
TX000420,1861.71,2026-07-18 21:01:00,-0.7872432039415315,0
TX000421,8793.92,2026-06-24 08:45:00,-0.35069746253166856,0
TX000422,18690.69,2026-01-18 07:34:00,0.27253708997220666,0
TX000423,16272.39,2026-08-31 17:40:00,0.12024819992827099,0
TX000424,1735.2,2026-08-06 21:29:00,-0.7952099853497349,0
TX000425,2967.95,2026-06-12 06:44:00,-0.7175793649959071,0
TX000426,5888.24,2026-04-22 05:24:00,-0.5336783921197523,0
TX000427,2799.24,2026-05-15 17:47:00,-0.7282036294127753,0
TX000428,6807.63,2026-05-23 11:58:00,-0.475781157443536,0
TX000429,11091.25,2026-02-04 19:28:00,-0.20602648053413522,0
TX000430,3830.83,2026-06-21 02:15:00,-0.6632407645571231,0
TX000431,16683.85,2026-05-28 15:02:00,0.14615928899806285,0
TX000432,7738.8,2026-04-04 04:58:00,-0.41714209457200985,0
TX000433,3891.79,2026-03-17 11:07:00,-0.6594018981066918,0
TX000434,4241.75,2026-02-23 20:27:00,-0.6373636811940772,0
TX000435,4487.27,2026-03-30 22:11:00,-0.621902419860253,0
TX000436,3203.81,2026-07-03 09:41:00,-0.7027264279716493,0
TX000437,8819.86,2026-04-28 13:30:00,-0.34906392913724277,0
TX000438,5798.65,2026-08-03 01:40:00,-0.5393201907630292,0
TX000439,16665.11,2026-07-23 13:32:00,0.14497916502691657,0
TX000440,3979.97,2026-07-26 20:43:00,-0.6538488921421405,0
TX000441,1406.64,2026-06-17 06:03:00,-0.8159005686987137,0
TX000442,21408.11,2026-04-25 15:10:00,0.44366262261215705,0
TX000443,24087.94,2026-06-17 08:59:00,0.6124209802214032,0
TX000444,3645.03,2026-04-08 17:39:00,-0.6749412466189696,0
TX000445,18568.26,2026-05-03 18:41:00,0.26482724057052814,0
TX000446,8447.38,2026-01-26 16:09:00,-0.37252030996822544,0
TX000447,6916.7,2026-08-30 05:02:00,-0.46891263441616465,0
TX000448,4311.69,2026-05-01 09:05:00,-0.6329593124351668,0
TX000449,29696.25,2026-05-01 09:10:00,0.9655960639257845,0
TX000450,36452.7,2026-02-18 14:00:00,1.3910735775251513,0
TX000451,3956.05,2026-08-07 18:12:00,-0.6553552190039239,0
TX000452,5070.79,2026-01-07 03:50:00,-0.5851561050447059,0
TX000453,11530.72,2026-01-25 09:52:00,-0.17835150286072485,0
TX000454,3524.79,2026-02-19 12:55:00,-0.682513183987734,0
TX000455,6016.4,2026-04-08 20:01:00,-0.5256077043853808,0
TX000456,5108.37,2026-02-19 13:28:00,-0.582789559749312,0
TX000457,23498.97,2026-05-15 03:29:00,0.5753314596618463,0
TX000458,12314.78,2026-03-06 23:35:00,-0.12897647613622895,0
TX000459,9217.6,2026-06-04 05:52:00,-0.324016836912922,0
TX000460,25338.08,2026-07-31 12:22:00,0.6911467102795127,0
TX000461,13289.43,2026-07-14 00:58:00,-0.06759932413634395,0
TX000462,10492.0,2026-06-16 08:03:00,-0.2437633689924855,0
TX000463,2384.71,2026-05-23 15:45:00,-0.754308047222771,0
TX000464,3791.02,2026-08-05 12:06:00,-0.6657477408266715,0
TX000465,2764.82,2026-04-22 22:32:00,-0.7303711783501744,0
TX000466,20097.36,2026-01-13 21:39:00,0.3611200668394702,0
TX000467,5641.09,2026-07-01 20:00:00,-0.5492423003091245,0
TX000468,26856.85,2026-05-03 02:46:00,0.7867890199731106,0
TX000469,10657.06,2026-02-02 05:31:00,-0.23336895796380752,0
TX000470,9752.78,2026-02-15 22:12:00,-0.2903146625864474,0
TX000471,10819.57,2026-06-01 21:13:00,-0.22313512943920757,0
TX000472,16765.22,2026-06-08 13:02:00,0.15128344521642925,0
TX000473,3569.38,2026-04-02 00:36:00,-0.6797051942399529,0
TX000474,1352.7,2026-06-08 08:32:00,-0.8192973609614478,0
TX000475,43311.97,2026-02-20 19:51:00,1.8230260295830711,0
TX000476,4141.51,2026-01-24 05:25:00,-0.6436761479426212,0
TX000477,9629.12,2026-01-01 03:11:00,-0.29810196943126943,0
TX000478,8724.41,2026-06-26 07:44:00,-0.35507475267224414,0
TX000479,37100.02,2026-07-17 05:37:00,1.4318376036192009,0
TX000480,14015.52,2026-06-22 22:49:00,-0.021874873004556622,0
TX000481,4571.87,2026-04-07 21:11:00,-0.616574859136721,0
TX000482,4732.69,2026-04-17 02:51:00,-0.6064474558795299,0
TX000483,8671.74,2026-05-19 23:44:00,-0.3583915685505943,0
TX000484,4143.99,2026-08-11 04:19:00,-0.6435199735857139,0
TX000485,15003.58,2026-08-06 00:20:00,0.04034675404618606,0
TX000486,12386.72,2026-07-22 12:19:00,-0.12444616031529666,0
TX000487,14316.3,2026-08-31 02:56:00,-0.002933694347063838,0
TX000488,13827.46,2026-08-06 13:45:00,-0.03371767524648804,0
TX000489,2600.8,2026-06-13 09:59:00,-0.7407000969066009,0
TX000490,4126.63,2026-05-15 00:57:00,-0.6446131940840651,0
TX000491,30803.72,2026-08-14 11:16:00,1.0353373603145524,0
TX000492,13568.71,2026-08-14 04:02:00,-0.050012076395587975,0
TX000493,6910.01,2026-01-20 19:46:00,-0.46933392733862833,0
TX000494,5187.65,2026-01-26 17:30:00,-0.5777970182107588,0
TX000495,17250.96,2026-02-06 11:13:00,0.18187220816971916,0
TX000496,13205.72,2026-08-27 02:11:00,-0.07287083841727601,0
TX000497,22594.77,2026-08-02 17:55:00,0.5183907929216872,0
TX000498,8384.75,2026-05-03 15:56:00,-0.3764643422154452,0
TX000499,9876.3,2026-01-25 00:09:00,-0.282536172035967,0
TX000500,1395.05,2026-06-12 05:42:00,-0.8166304319231315,0
TX000501,14145.8,2026-07-02 18:49:00,-0.013670681384441764,0
TX000502,5902.98,2026-07-15 02:01:00,-0.53275016227265,0
TX000503,4601.45,2026-02-15 20:06:00,-0.6147121020894154,0
TX000504,34599.41,2026-02-23 10:09:00,1.274365362237749,0
TX000505,5117.88,2026-03-26 23:38:00,-0.5821906814693973,0
TX000506,38062.89,2026-03-16 14:10:00,1.4924729274237765,0
TX000507,4157.31,2026-06-20 01:41:00,-0.6426811661526473,0
TX000508,15308.11,2026-03-31 19:07:00,0.05952408344497027,0
TX000509,7433.77,2026-01-06 00:35:00,-0.4363509107362995,0
TX000510,12987.77,2026-04-26 02:25:00,-0.0865959195011265,0
TX000511,2890.56,2026-02-16 21:34:00,-0.7224528865608495,0
TX000512,10457.0,2026-06-12 19:09:00,-0.245967442577871,0
TX000513,28497.67,2026-06-02 16:41:00,0.890117249126603,0
TX000514,11247.68,2026-05-06 06:46:00,-0.19617553107808225,0
TX000515,24858.87,2026-04-09 07:23:00,0.6609691644837244,0
TX000516,18219.91,2026-01-28 12:47:00,0.24289041104284145,0
TX000517,2844.92,2026-08-23 13:35:00,-0.7253269985161922,0
TX000518,5909.89,2026-06-14 19:08:00,-0.5323150151733638,0
TX000519,13310.45,2026-06-12 13:25:00,-0.0662756205144924,0
TX000520,5033.97,2026-03-16 04:10:00,-0.5874747904565315,0
TX000521,3965.74,2026-08-13 21:33:00,-0.6547450054884272,0
TX000522,3885.29,2026-08-27 19:28:00,-0.6598112260582634,0
TX000523,7108.9,2026-08-26 06:29:00,-0.45680912175584776,0
TX000524,7130.14,2026-08-09 22:41:00,-0.45547156395717375,0
TX000525,5659.99,2026-08-15 18:32:00,-0.5480521005730163,0
TX000526,6625.15,2026-06-07 03:00:00,-0.48727256738242586,0
TX000527,8652.75,2026-02-08 23:05:00,-0.35958743590449344,0
TX000528,3636.08,2026-07-23 17:01:00,-0.6755048597215182,0
TX000529,14864.87,2026-07-11 16:48:00,0.03161169555964833,0
TX000530,2489.73,2026-03-13 08:44:00,-0.7476945669959943,0
TX000531,3562.25,2026-01-29 00:10:00,-0.6801541955160614,0
TX000532,4542.82,2026-06-30 10:45:00,-0.6184042402125911,0
TX000533,3880.2,2026-05-27 09:05:00,-0.6601317613311094,0
TX000534,8905.2,2026-05-16 14:22:00,-0.34368976800076284,0
TX000535,27225.8,2026-07-31 08:57:00,0.8100231042396243,0
TX000536,7161.08,2026-07-14 10:23:00,-0.453523162907693,0
TX000537,14928.01,2026-03-19 23:31:00,0.03558784430768373,0
TX000538,18056.28,2026-08-18 02:14:00,0.2325860521635091,0
TX000539,6508.32,2026-06-21 02:17:00,-0.4946297650104427,0
TX000540,8793.22,2026-08-20 02:30:00,-0.3507415440033763,0
TX000541,16102.77,2026-02-06 03:20:00,0.10956662959818282,0
TX000542,3078.11,2026-04-07 22:28:00,-0.7106422008197337,0
TX000543,9247.23,2026-07-27 15:03:00,-0.3221509311890657,0
TX000544,9226.42,2026-02-08 20:55:00,-0.3234614103694049,0
TX000545,33250.53,2026-08-15 16:37:00,1.189421625727612,0
TX000546,11560.8,2026-07-02 19:31:00,-0.17645725904791354,0
TX000547,12397.69,2026-05-04 14:52:00,-0.12375534068010577,0
TX000548,37147.13,2026-06-30 18:11:00,1.4348042866651298,0
TX000549,6698.84,2026-02-16 23:38:00,-0.4826320478822242,0
TX000550,4472.68,2026-03-17 07:47:00,-0.6228212036777037,0
TX000551,4627.04,2026-07-12 20:13:00,-0.6131006094308435,0
TX000552,7159.25,2026-04-21 23:11:00,-0.45363840446944315,0
TX000553,27901.14,2026-06-13 06:02:00,0.8525516486726027,0
TX000554,6882.58,2026-02-20 12:37:00,-0.4710612912942605,0
TX000555,20982.46,2026-04-23 07:25:00,0.4168579391373188,0
TX000556,4516.86,2026-07-03 18:56:00,-0.6200390330776371,0
TX000557,8753.21,2026-02-11 22:08:00,-0.353261114979127,0
TX000558,21974.1,2026-03-26 23:14:00,0.4793050114290809,0
TX000559,8761.9,2026-08-02 22:05:00,-0.35271387499464124,0
TX000560,9976.73,2026-03-11 20:47:00,-0.27621174031653084,0
TX000561,7541.16,2026-06-19 19:02:00,-0.4295881832410267,0
TX000562,15309.94,2026-03-30 00:02:00,0.059639325006720416,0
TX000563,8428.37,2026-01-01 20:03:00,-0.3737174367927447,0
TX000564,2591.78,2026-07-01 23:47:00,-0.7412681181563203,0
TX000565,10437.28,2026-02-13 17:16:00,-0.24720928060940817,0
TX000566,4879.34,2026-04-29 11:47:00,-0.5972123875567646,0
TX000567,12222.96,2026-03-30 21:08:00,-0.13475870575366036,0
TX000568,72329.53,2026-06-07 04:18:00,3.650364244107037,1
TX000569,7077.14,2026-02-05 04:49:00,-0.45880916110075753,0
TX000570,4757.7,2026-02-06 07:52:00,-0.6048724878689444,0
TX000571,5833.14,2026-06-22 01:19:00,-0.5371482336784592,0
TX000572,36506.84,2026-05-19 21:31:00,1.3944829644940875,0
TX000573,3942.98,2026-07-23 06:09:00,-0.6561782830542379,0
TX000574,33009.76,2026-05-02 17:00:00,1.1742594886660902,0
TX000575,6447.36,2026-01-19 10:51:00,-0.4984686314608741,0
TX000576,34837.13,2026-06-10 14:52:00,1.289335430029687,0
TX000577,10209.37,2026-08-31 20:38:00,-0.2615615780621284,0
TX000578,6548.21,2026-05-06 04:47:00,-0.4921177508584133,0
TX000579,9980.98,2026-08-13 07:29:00,-0.275944102809734,0
TX000580,743.28,2026-03-26 03:13:00,-0.8576746902301801,0
TX000581,17297.19,2026-06-26 09:01:00,0.18478347450835833,0
TX000582,3279.27,2026-05-03 20:56:00,-0.6979744453215582,0
TX000583,6433.71,2026-04-23 18:59:00,-0.49932822015917444,0
TX000584,8502.84,2026-01-24 01:32:00,-0.36902779793835455,0
TX000585,30763.39,2026-04-19 19:47:00,1.0327976378088781,0
TX000586,16524.36,2026-06-08 01:29:00,0.1361156405371163,0
TX000587,7625.27,2026-05-22 01:17:00,-0.4242914795476903,0
TX000588,13633.85,2026-05-12 14:34:00,-0.045909980585530426,0
TX000589,9284.56,2026-01-17 00:04:00,-0.31980012927642454,0
TX000590,1517.07,2026-06-28 23:12:00,-0.8089464016691674,0
TX000591,9072.87,2026-04-13 04:40:00,-0.33313099605614604,0
TX000592,3860.98,2026-03-23 15:51:00,-0.661342112597141,0
TX000593,2770.0,2026-05-26 14:34:00,-0.7300449754595374,0
TX000594,57763.35,2026-07-23 05:19:00,2.7330804561650215,0
TX000595,2712.94,2026-07-11 11:06:00,-0.7336382451390258,0
TX000596,33169.49,2026-08-29 11:36:00,1.1843182507744794,0
TX000597,3431.16,2026-08-20 11:14:00,-0.6884093956962952,0
TX000598,7737.36,2026-08-12 18:08:00,-0.41723277645666573,0
TX000599,8607.66,2026-01-12 05:03:00,-0.3624269124177801,0
TX000600,4760.33,2026-02-27 07:49:00,-0.6047068674823854,0
TX000601,1922.19,2026-07-01 13:17:00,-0.7834345647859853,0
TX000602,13906.27,2026-07-18 04:09:00,-0.02875473126750993,0
TX000603,12773.34,2026-01-04 19:36:00,-0.1000993337558183,0
TX000604,2845.66,2026-05-30 19:02:00,-0.7252803981032441,0
TX000605,10263.1,2026-04-29 08:47:00,-0.25817801024090664,0
TX000606,26525.35,2026-05-11 23:51:00,0.7659132944429594,0
TX000607,3658.2,2026-02-09 23:12:00,-0.6741118852155545,0
TX000608,3544.33,2026-06-23 19:10:00,-0.6812826811917787,0
TX000609,17485.18,2026-01-04 06:49:00,0.19662186860311898,0
TX000610,11302.74,2026-03-01 18:00:00,-0.19270820846061584,0
TX000611,5648.38,2026-04-02 06:30:00,-0.5487832232680543,0
TX000612,6169.72,2026-02-13 19:23:00,-0.5159526026107721,0
TX000613,4326.55,2026-02-20 05:45:00,-0.6320235257643431,0
TX000614,5128.37,2026-08-02 03:45:00,-0.5815300891290917,0
TX000615,4269.67,2026-06-09 04:05:00,-0.6356054602082496,0
TX000616,12371.1,2026-02-08 05:56:00,-0.12542980686968863,0
TX000617,7120.55,2026-08-22 12:36:00,-0.4560754801195694,0
TX000618,6578.02,2026-03-17 23:31:00,-0.49024050989897494,0
TX000619,3171.85,2026-01-22 10:26:00,-0.7047390620227613,0
TX000620,6452.28,2026-04-03 10:36:00,-0.4981588016882999,0
TX000621,1352.82,2026-02-21 22:08:00,-0.8192898041377266,0
TX000622,32057.72,2026-05-25 10:39:00,1.1143061682023643,0
TX000623,2578.19,2026-01-16 13:07:00,-0.74212392844276,0
TX000624,3367.72,2026-05-29 02:21:00,-0.6924044365036339,0
TX000625,3066.53,2026-03-15 11:09:00,-0.7113714343088413,0
TX000626,7665.47,2026-02-12 05:30:00,-0.4217599436010475,0
TX000627,1300.91,2026-04-13 09:08:00,-0.8225587601325083,0
TX000628,3598.22,2026-08-19 20:30:00,-0.6778890376055952,0
TX000629,6837.04,2026-02-14 22:32:00,-0.47392910589650206,0
TX000630,3627.0,2026-04-18 14:47:00,-0.6760766593830981,0
TX000631,13008.22,2026-01-29 08:25:00,-0.08530811079195132,0
TX000632,15903.87,2026-04-05 08:51:00,0.09704119428009211,0
TX000633,54524.82,2026-02-09 14:51:00,2.5291387867799218,0
TX000634,25119.16,2026-01-21 00:01:00,0.6773605448705814,0
TX000635,35091.06,2026-02-14 12:02:00,1.305326298759314,0
TX000636,14232.29,2026-02-26 06:16:00,-0.008224100687299042,0
TX000637,1766.7,2026-06-25 15:22:00,-0.7932263191228879,0
TX000638,24650.28,2026-03-03 08:27:00,0.6478335156501369,0
TX000639,35459.32,2026-08-25 04:14:00,1.32851693128943,0
TX000640,9550.64,2026-06-28 20:05:00,-0.3030441321450139,0
TX000641,6506.55,2026-01-02 00:05:00,-0.4947412281603321,0
TX000642,7185.07,2026-07-28 09:33:00,-0.4520124278987388,0
TX000643,4675.72,2026-02-15 08:08:00,-0.6100350579412274,0
TX000644,8415.91,2026-02-16 15:40:00,-0.37450208698914206,0
TX000645,10948.83,2026-01-28 10:42:00,-0.21499517082072386,0
TX000646,4251.49,2026-08-23 15:12:00,-0.6367503190020299,0
TX000647,29038.99,2026-01-05 08:25:00,0.9242060809334853,0
TX000648,17489.53,2026-04-20 23:10:00,0.1968958034630168,0
TX000649,1596.96,2026-01-30 05:19:00,-0.8039154462766974,0
TX000650,6383.19,2026-02-21 17:07:00,-0.5025096429458509,0
TX000651,3541.53,2026-01-12 18:30:00,-0.6814590070786095,0
TX000652,6617.21,2026-06-17 20:39:00,-0.4877725772186533,0
TX000653,3632.75,2026-05-28 07:36:00,-0.6757145615797848,0
TX000654,8173.95,2026-07-12 18:23:00,-0.389739162552567,0
TX000655,3269.31,2026-07-10 07:24:00,-0.6986016616904279,0
TX000656,5425.0,2026-01-01 14:37:00,-0.5628502506252946,0
TX000657,9967.2,2026-08-22 20:46:00,-0.2768118780670657,0
TX000658,3015.01,2026-07-28 11:45:00,-0.7146158306265288,0
TX000659,33659.98,2026-05-19 14:15:00,1.215206138000072,0
TX000660,10316.37,2026-08-30 17:04:00,-0.2548234102439499,0
TX000661,13102.19,2026-03-13 03:39:00,-0.07939048808284624,0
TX000662,36776.59,2026-07-25 21:11:00,1.4114700744843085,0
TX000663,10221.1,2026-01-03 19:56:00,-0.2608228985433692,0
TX000664,8543.86,2026-08-30 17:58:00,-0.3664446236962827,0
TX000665,6621.19,2026-02-07 19:23:00,-0.4875219425652295,0
TX000666,14111.67,2026-02-19 23:45:00,-0.015819967997847628,0
TX000667,3824.84,2026-06-16 18:51:00,-0.6636179760078791,0
TX000668,10738.04,2026-04-03 20:04:00,-0.2282693614225355,0
TX000669,15803.61,2026-03-17 13:14:00,0.09072746806092781,0
TX000670,21515.63,2026-06-25 05:46:00,0.45043353666646135,0
TX000671,3278.45,2026-08-18 15:13:00,-0.6980260836169873,0
TX000672,16636.74,2026-08-27 16:44:00,0.14319260595213415,0
TX000673,9127.27,2026-07-11 23:29:00,-0.3297052359691469,0
TX000674,12281.48,2026-01-23 08:00:00,-0.1310734947188958,0
TX000675,8672.65,2026-04-10 01:40:00,-0.3583342626373743,0
TX000676,10803.75,2026-06-28 09:43:00,-0.22413137069980182,0
TX000677,2362.49,2026-02-16 09:15:00,-0.7557073190818357,0
TX000678,3179.25,2026-06-27 17:36:00,-0.7042730578932798,0
TX000679,17570.16,2026-02-06 11:44:00,0.20197335926843496,0
TX000680,4405.82,2026-01-09 06:16:00,-0.6270316139611001,0
TX000681,13812.97,2026-01-22 02:31:00,-0.034630161710837624,0
TX000682,9067.45,2026-06-01 12:54:00,-0.3334723125942258,0
TX000683,6391.46,2026-07-21 03:07:00,-0.5019888518443898,0
TX000684,12530.86,2026-01-03 05:44:00,-0.115369155555369,0
TX000685,5836.7,2026-05-18 01:27:00,-0.5369240479080601,0
TX000686,3646.34,2026-05-17 02:25:00,-0.6748587512933452,0
TX000687,23870.48,2026-08-27 11:23:00,0.5987267561677481,0
TX000688,9841.05,2026-02-14 16:10:00,-0.28475598900410526,0
TX000689,2589.62,2026-06-09 03:00:00,-0.7414041409833041,0
TX000690,6982.04,2026-01-07 11:31:00,-0.464797943899905,0
TX000691,1902.88,2026-03-20 13:05:00,-0.7846505836698081,0
TX000692,7331.01,2026-04-30 09:45:00,-0.44282207078299135,0
TX000693,4374.37,2026-03-25 23:10:00,-0.6290121315113965,0
TX000694,9301.15,2026-02-13 07:15:00,-0.31875539839695183,0
TX000695,8598.77,2026-06-23 07:48:00,-0.36298674710846796,0
TX000696,11222.93,2026-05-14 05:37:00,-0.19773412597060486,0
TX000697,1746.65,2026-02-08 08:15:00,-0.7944889384196588,0
TX000698,10675.32,2026-02-22 04:18:00,-0.23221906128754638,0
TX000699,5368.04,2026-07-06 10:36:00,-0.566437222951682,0
TX000700,21659.75,2026-08-28 18:41:00,0.4595092819557686,0
TX000701,11154.26,2026-05-10 22:45:00,-0.2020585183451312,0
TX000702,37481.25,2026-01-24 14:18:00,1.4558450028465302,0
TX000703,7447.05,2026-07-01 01:21:00,-0.43551462224447324,0
TX000704,1677.92,2026-07-24 03:12:00,-0.7988171092060458,0
TX000705,1505.67,2026-07-23 11:06:00,-0.809664299922693,0
TX000706,2300.45,2026-07-11 13:14:00,-0.7596141969457592,0
TX000707,3302.64,2026-01-18 13:26:00,-0.6965027539018308,0
TX000708,39175.25,2026-05-28 04:22:00,1.5625221643791882,0
TX000709,5332.32,2026-01-24 09:35:00,-0.5686866374793954,0
TX000710,9740.1,2026-04-11 04:36:00,-0.29111316695966705,0
TX000711,1110.66,2026-05-25 04:51:00,-0.8345394744073538,0
TX000712,6633.73,2026-01-22 06:54:00,-0.4867322544863514,0
TX000713,1812.48,2026-05-02 15:32:00,-0.7903433908732037,0
TX000714,8746.59,2026-07-27 08:38:00,-0.3536779997544198,0
TX000715,3312.41,2026-01-04 00:50:00,-0.6958875025038531,0
TX000716,37210.26,2026-07-12 12:52:00,1.4387798056778556,0
TX000717,22651.31,2026-03-28 08:14:00,0.52195131636505,0
TX000718,6733.68,2026-01-19 09:37:00,-0.48043805006180046,0
TX000719,5561.07,2026-04-03 22:40:00,-0.5542814422606259,0
TX000720,13882.36,2026-01-31 07:31:00,-0.03026042839398327,0
TX000721,18330.95,2026-05-06 17:32:00,0.24988299192630453,0
TX000722,16443.51,2026-03-01 10:55:00,0.1310242305548757,0
TX000723,3657.79,2026-01-24 09:14:00,-0.6741377043632691,0
TX000724,3878.3,2026-05-13 14:20:00,-0.6602514110400303,0
TX000725,3927.09,2026-05-01 20:40:00,-0.6571789324620029,0
TX000726,2818.56,2026-08-19 19:56:00,-0.7269869807936425,0
TX000727,11932.73,2026-04-05 00:47:00,-0.153035513658987,0
TX000728,2446.95,2026-05-06 09:24:00,-0.7503885746526455,0
TX000729,16591.99,2026-07-16 22:23:00,0.14037454043939127,0
TX000730,5526.31,2026-06-30 05:11:00,-0.5564704021985688,0
TX000731,12885.66,2026-03-15 22:47:00,-0.0930261467526612,0
TX000732,2121.81,2026-08-16 11:03:00,-0.7708637885255667,0
TX000733,14519.6,2026-01-24 22:59:00,0.009868824507475423,0
TX000734,7029.51,2026-06-21 19:55:00,-0.46180859038281213,0
TX000735,16475.05,2026-05-28 11:42:00,0.13301041572296313,0
TX000736,4518.77,2026-05-25 19:46:00,-0.619918753633406,0
TX000737,12570.68,2026-03-08 19:32:00,-0.11286154955051043,0
TX000738,1029.3,2026-02-16 17:56:00,-0.8396630008904099,0
TX000739,5068.65,2026-01-23 13:34:00,-0.5852908684010695,0
TX000740,49808.26,2026-06-11 05:16:00,2.232120349354613,0
TX000741,13415.47,2026-04-13 12:16:00,-0.05966214028771578,0
TX000742,27433.97,2026-07-03 19:02:00,0.8231323041901872,0
TX000743,2581.04,2026-02-20 19:50:00,-0.7419444538793787,0
TX000744,2839.49,2026-03-13 13:26:00,-0.725668944789582,0
TX000745,3640.86,2026-07-04 04:30:00,-0.6752038462432854,0
TX000746,7230.99,2026-02-11 02:48:00,-0.449120683354713,0
TX000747,4198.3,2026-05-02 16:04:00,-0.6400998811165056,0
TX000748,24625.15,2026-04-17 16:28:00,0.6462509908158303,0
TX000749,18712.07,2026-01-15 11:50:00,0.2738834640652222,0
TX000750,4961.74,2026-06-14 09:06:00,-0.5920233686014571,0
TX000751,65563.1,2026-06-10 08:28:00,3.22425825466818,1
TX000752,10753.19,2026-04-11 09:14:00,-0.22731531242771866,0
TX000753,2308.21,2026-02-14 17:00:00,-0.7591255223451135,0
TX000754,5700.31,2026-01-05 23:13:00,-0.5455130078026523,0
TX000755,10774.87,2026-05-28 13:33:00,-0.22595004627539986,0
TX000756,15009.15,2026-02-26 07:47:00,0.04069751661391739,0
TX000757,12793.23,2026-03-26 23:35:00,-0.09884679022400926,0
TX000758,4984.22,2026-01-31 04:16:00,-0.5906077236243295,0
TX000759,13480.1,2026-04-30 20:45:00,-0.055592160978473866,0
TX000760,6330.93,2026-03-21 21:05:00,-0.5058006396764865,0
TX000761,3045.74,2026-06-27 02:25:00,-0.7126806540185603,0
TX000762,4554.31,2026-02-06 19:49:00,-0.6176806743412746,0
TX000763,8537.59,2026-07-15 23:29:00,-0.3668394677357218,0
TX000764,33306.68,2026-04-12 14:52:00,1.1929575894938804,0
TX000765,13541.54,2026-08-29 14:46:00,-0.051723067233157116,0
TX000766,17472.86,2026-03-30 04:26:00,0.19584603470106332,0
TX000767,3901.46,2026-02-08 21:20:00,-0.6587929440618151,0
TX000768,4104.54,2026-07-27 04:00:00,-0.6460042793840985,0
TX000769,4808.13,2026-07-30 20:28:00,-0.601696732700059,0
TX000770,4645.71,2026-01-23 20:32:00,-0.6119248936068679,0
TX000771,31558.85,2026-05-30 07:53:00,1.0828905627868994,0
TX000772,2484.16,2026-07-03 06:18:00,-0.7480453295637257,0
TX000773,5162.28,2026-01-22 11:30:00,-0.5793946566925082,0
TX000774,5343.04,2026-07-21 22:20:00,-0.5680115612269574,0
TX000775,7788.93,2026-02-23 17:33:00,-0.4139852314624277,0
TX000776,25180.89,2026-05-17 00:36:00,0.6812479009398912,0
TX000777,2597.35,2026-04-06 06:41:00,-0.740917355588589,0
TX000778,4106.24,2026-01-13 03:57:00,-0.6458972243813798,0
TX000779,3612.25,2026-04-27 06:22:00,-0.6770055189655106,0
TX000780,4236.44,2026-01-31 05:06:00,-0.6376980706437456,0
TX000781,18321.48,2026-08-31 15:36:00,0.24928663258763015,0
TX000782,9398.79,2026-04-07 09:23:00,-0.3126066628290363,0
TX000783,5617.84,2026-05-15 10:44:00,-0.5507064349051306,0
TX000784,4556.04,2026-04-27 02:18:00,-0.6175717301326256,0
TX000785,5874.46,2026-07-23 15:31:00,-0.534546167377084,0
TX000786,5585.86,2026-02-08 00:46:00,-0.5527203284268629,0
TX000787,3064.63,2026-06-23 12:36:00,-0.7114910840177623,0
TX000788,28295.08,2026-03-09 13:42:00,0.8773594414790817,0
TX000789,52299.75,2026-03-22 21:21:00,2.3890182721332445,0
TX000790,10982.12,2026-07-04 13:12:00,-0.21289878197336715,0
TX000791,3838.8,2026-06-30 18:29:00,-0.6627388655149653,0
TX000792,12491.29,2026-04-29 01:18:00,-0.11786101817747481,0
TX000793,14715.13,2026-08-03 15:05:00,0.02218203902605896,0
TX000794,4312.5,2026-05-30 08:11:00,-0.6329083038750479,0
TX000795,1576.92,2026-01-23 18:10:00,-0.8051774358381583,0
TX000796,5712.52,2026-08-08 05:16:00,-0.5447441009890077,0
TX000797,4219.21,2026-08-15 20:36:00,-0.6387831045830654,0
TX000798,42786.82,2026-02-04 17:15:00,1.789955479772637,0
TX000799,32529.25,2026-07-20 13:36:00,1.1440000772799876,0
TX000800,8597.25,2026-02-24 12:22:00,-0.3630824668756047,0
TX000801,59510.7,2026-07-18 16:59:00,2.843117255577117,0
TX000802,16796.74,2026-04-28 23:31:00,0.15326837091389645,0
TX000803,3139.93,2026-04-30 02:36:00,-0.7067491771326329,0
TX000804,8170.82,2026-06-26 20:30:00,-0.3899362697046315,0
TX000805,4803.39,2026-01-28 09:48:00,-0.601995227237051,0
TX000806,21428.19,2026-04-27 22:32:00,0.4449271311148581,0
TX000807,6538.47,2026-02-26 08:52:00,-0.4927311130504606,0
TX000808,5823.4,2026-06-18 11:39:00,-0.5377615958705065,0
TX000809,5953.02,2026-08-12 09:26:00,-0.5295989667808588,0
TX000810,8538.58,2026-03-14 23:26:00,-0.36677712394002093,0
TX000811,5909.19,2026-05-03 05:15:00,-0.5323590966450715,0
TX000812,26546.69,2026-03-23 20:46:00,0.7672571495947345,0
TX000813,4248.76,2026-08-08 18:40:00,-0.6369222367416899,0
TX000814,1943.59,2026-05-21 12:09:00,-0.7820869312223496,0
TX000815,14625.15,2026-02-03 07:24:00,0.01651568070568793,0
TX000816,24293.73,2026-08-05 14:56:00,0.6253803031681598,0
TX000817,21828.48,2026-06-30 19:13:00,0.470134805843257,0
TX000818,7921.98,2026-04-04 12:13:00,-0.40560660316141234,0
TX000819,73408.34,2026-03-12 05:38:00,3.718300719097029,1
TX000820,2103.91,2026-05-22 15:38:00,-0.7719910147306638,0
TX000821,21081.87,2026-03-25 14:10:00,0.42311813785512364,0
TX000822,1181.8,2026-01-21 04:20:00,-0.8300595374112302,0
TX000823,2900.11,2026-01-21 11:48:00,-0.7218514893396942,0
TX000824,30689.5,2026-08-15 23:04:00,1.0281445236024744,0
TX000825,2270.72,2026-05-10 13:06:00,-0.7614864000227166,0
TX000826,6393.95,2026-08-11 11:54:00,-0.5018320477521724,0
TX000827,14506.4,2026-07-26 02:11:00,0.009037573898129989,0
TX000828,2426.95,2026-07-31 01:14:00,-0.7516480452728659,0
TX000829,6186.33,2026-04-21 10:43:00,-0.5149066122606791,0
TX000830,1007.85,2026-08-28 18:48:00,-0.841013783130596,0
TX000831,4373.63,2026-01-15 11:41:00,-0.6290587319243447,0
TX000832,9928.24,2026-08-09 22:50:00,-0.2792653268352549,0
TX000833,16954.38,2026-06-03 07:23:00,0.16319551834247267,0
TX000834,13952.13,2026-02-18 16:55:00,-0.025866765135344895,0
TX000835,3489.73,2026-06-08 09:32:00,-0.6847210359849801,0
TX000836,2546.27,2026-05-13 16:58:00,-0.7441340435526316,0
TX000837,18740.42,2026-06-04 05:02:00,0.27566876366938436,0
TX000838,18572.07,2026-06-02 12:14:00,0.2650671697236802,0
TX000839,11315.3,2026-03-26 00:45:00,-0.19191726091111752,0
TX000840,47286.91,2026-08-12 11:07:00,2.073342036939992,0
TX000841,2603.77,2026-03-28 05:21:00,-0.7405130655194982,0
TX000842,31395.69,2026-01-16 12:46:00,1.0726158014671425,0
TX000843,11336.1,2026-04-13 10:05:00,-0.19060741146608837,0
TX000844,4694.41,2026-03-10 07:31:00,-0.6088580826466314,0
TX000845,15713.85,2026-02-02 03:19:00,0.08507496391737916,0
TX000846,8720.93,2026-07-22 09:18:00,-0.35529390056016247,0
TX000847,3522.54,2026-03-07 18:33:00,-0.6826548744325087,0
TX000848,4016.77,2026-06-30 18:16:00,-0.6515314662009352,0
TX000849,6219.74,2026-07-21 12:46:00,-0.5128026665896012,0
TX000850,6331.8,2026-06-08 09:29:00,-0.5057458527045069,0
TX000851,8750.87,2026-05-27 01:13:00,-0.35340847304169265,0
TX000852,2780.07,2026-08-19 05:48:00,-0.7294108320022564,0
TX000853,1688.69,2026-08-30 03:21:00,-0.7981388842770571,0
TX000854,9237.3,2026-08-22 21:37:00,-0.3227762583520051,0
TX000855,7429.23,2026-06-12 00:48:00,-0.4366368105670896,0
TX000856,20573.14,2026-04-24 15:53:00,0.3910816134238904,0
TX000857,30557.79,2026-06-24 17:04:00,1.0198502798330138,0
TX000858,1843.56,2026-02-07 22:51:00,-0.7883861735293815,0
TX000859,8736.04,2026-02-14 16:24:00,-0.354342370506586,0
TX000860,86028.4,2026-01-25 22:40:00,4.513030458867889,1
TX000861,2820.97,2026-08-08 01:20:00,-0.726835214583906,0
TX000862,6243.73,2026-01-03 05:31:00,-0.5112919315806469,0
TX000863,10067.82,2026-03-22 21:36:00,-0.27047548137673755,0
TX000864,8353.95,2026-05-21 15:32:00,-0.37840392697058445,0
TX000865,12282.83,2026-01-06 02:58:00,-0.1309884804520309,0
TX000866,16196.31,2026-04-03 22:27:00,0.11545717368895303,0
TX000867,2082.09,2026-02-09 14:02:00,-0.7733650971773242,0
TX000868,48318.37,2026-01-30 17:20:00,2.1382967152366126,0
TX000869,3377.3,2026-05-05 06:18:00,-0.6918011500765483,0
TX000870,18209.69,2026-07-13 10:41:00,0.24224682155590882,0
TX000871,64277.6,2026-07-03 04:22:00,3.143305780553521,1
TX000872,14195.18,2026-06-17 03:30:00,-0.010561048423117817,0
TX000873,12199.23,2026-06-05 10:07:00,-0.1362530676445517,0
TX000874,6844.94,2026-07-12 23:16:00,-0.4734316150015151,0
TX000875,2729.43,2026-07-09 21:38:00,-0.7325998116126542,0
TX000876,11209.07,2026-02-14 02:34:00,-0.19860693911041755,0
TX000877,4034.35,2026-07-22 07:07:00,-0.6504243915257615,0
TX000878,12666.51,2026-05-30 13:13:00,-0.10682679607372494,0
TX000879,4513.67,2026-04-21 06:27:00,-0.6202399186415621,0
TX000880,8151.66,2026-03-04 02:45:00,-0.39114284255880255,0
TX000881,901.72,2026-07-16 21:12:00,-0.8476971639767951,0
TX000882,12460.51,2026-06-14 20:49:00,-0.11979934346199388,0
TX000883,10953.08,2026-08-01 19:18:00,-0.21472753331392708,0
TX000884,5253.15,2026-02-21 14:56:00,-0.5736722519295374,0
TX000885,8805.89,2026-06-02 08:25:00,-0.3499436693654667,0
TX000886,7342.49,2026-04-29 14:58:00,-0.4420991346469849,0
TX000887,9307.1,2026-05-05 16:18:00,-0.3183807058874362,0
TX000888,22544.12,2026-04-29 08:23:00,0.5152011835759792,0
TX000889,5440.95,2026-02-27 17:46:00,-0.561845822805669,0
TX000890,14526.82,2026-06-18 17:11:00,0.010323493401374905,0
TX000891,4362.92,2026-03-07 10:40:00,-0.6297331784414726,0
TX000892,29478.92,2026-01-30 18:48:00,0.9519100264311606,0
TX000893,35736.44,2026-03-23 01:00:00,1.3459681562032024,0
TX000894,3542.92,2026-03-30 09:44:00,-0.6813714738705042,0
TX000895,12814.21,2026-04-01 06:41:00,-0.0975256055433982,0
TX000896,4805.31,2026-08-25 03:37:00,-0.60187431805751,0
TX000897,11131.16,2026-02-01 22:40:00,-0.20351320691148567,0
TX000898,4814.49,2026-03-09 23:48:00,-0.6012962210428289,0
TX000899,14945.49,2026-03-09 09:53:00,0.03668862162975624,0
TX000900,8757.36,2026-05-27 06:58:00,-0.35299977482543116,0
TX000901,2291.25,2026-02-07 07:12:00,-0.7601935534310604,0
TX000902,8654.28,2026-07-26 13:30:00,-0.3594910864020465,0
TX000903,16916.03,2026-03-13 02:09:00,0.16078048342820014,0
TX000904,5203.19,2026-02-18 18:06:00,-0.5768184095388477,0
TX000905,4328.76,2026-01-29 19:48:00,-0.6318843542608088,0
TX000906,4420.26,2026-08-20 15:03:00,-0.626122276173301,0
TX000907,3451.43,2026-05-25 05:24:00,-0.687132922222702,0
TX000908,4885.79,2026-03-30 13:40:00,-0.5968062082817436,0
TX000909,4516.09,2026-06-08 04:59:00,-0.6200875226965156,0
TX000910,2271.89,2026-03-27 07:04:00,-0.7614127209914336,0
TX000911,13890.45,2026-06-21 23:34:00,-0.029750972528104155,0
TX000912,8507.69,2026-04-17 08:38:00,-0.36872237631295113,0
TX000913,18047.5,2026-08-15 15:28:00,0.2320331445612325,0
TX000914,17784.31,2026-05-29 04:44:00,0.21545914093444374,0
TX000915,17806.14,2026-03-31 20:02:00,0.21683385311641407,0
TX000916,4662.05,2026-06-19 17:27:00,-0.6108959061101478,0
TX000917,5446.7,2026-04-03 23:36:00,-0.5614837250023557,0
TX000918,15094.21,2026-07-02 13:46:00,0.04605404516171423,0
TX000919,3706.75,2026-04-17 20:57:00,-0.6710545202849698,0
TX000920,8170.62,2026-05-10 15:47:00,-0.3899488644108337,0
TX000921,8416.0,2026-04-03 02:13:00,-0.37449641937135103,0
TX000922,11913.31,2026-02-25 00:57:00,-0.1542584596312209,0
TX000923,4828.06,2026-03-09 21:31:00,-0.6004416702270094,0
TX000924,18271.39,2026-02-17 10:14:00,0.24613228841928844,0
TX000925,7030.95,2026-08-27 18:28:00,-0.4617179084981563,0
TX000926,18398.24,2026-08-31 22:57:00,0.25412048082803573,0
TX000927,36088.54,2026-08-13 19:36:00,1.3681411364721805,0
TX000928,29966.06,2026-07-13 17:39:00,0.9825869523278663,0
TX000929,14246.87,2026-03-03 17:35:00,-0.00730594660515846,0
TX000930,11072.39,2026-04-13 03:08:00,-0.207214161329003,0
TX000931,6831.11,2026-02-20 03:59:00,-0.47430253893539737,0
TX000932,13413.18,2026-01-09 19:29:00,-0.05980634967373094,0
TX000933,5279.37,2026-04-13 13:44:00,-0.5720210859464285,0
TX000934,5212.88,2026-01-29 12:11:00,-0.5762081960233509,0
TX000935,12221.96,2026-07-10 15:24:00,-0.13482167928467137,0
TX000936,4382.14,2026-08-06 21:12:00,-0.6285228271754408,0
TX000937,5436.74,2026-01-20 07:06:00,-0.5621109413712253,0
TX000938,8866.14,2026-02-14 08:01:00,-0.34614951412205314,0
TX000939,4646.43,2026-02-20 04:10:00,-0.6118795526645399,0
TX000940,2786.7,2026-06-09 17:44:00,-0.7289933174916535,0
TX000941,7015.99,2026-02-01 13:25:00,-0.46265999252208106,0
TX000942,4046.87,2026-05-21 00:48:00,-0.6496359629175036,0
TX000943,19109.66,2026-08-28 16:30:00,0.2989211102598914,0
TX000944,28315.44,2026-03-10 04:39:00,0.8786415825704659,0
TX000945,4047.91,2026-07-13 04:20:00,-0.6495704704452522,0
TX000946,36049.94,2026-03-08 18:48:00,1.3657103581751555,0
TX000947,3232.99,2026-05-09 06:20:00,-0.7008888603367479,0
TX000948,6775.98,2026-01-15 10:13:00,-0.4777742697000346,0
TX000949,6305.81,2026-07-26 10:19:00,-0.5073825347754831,0
TX000950,19013.95,2026-06-04 08:13:00,0.29289391360682726,0
TX000951,3505.68,2026-02-21 03:48:00,-0.6837166081653544,0
TX000952,9283.38,2026-05-30 23:17:00,-0.3198744380430176,0
TX000953,4878.58,2026-04-11 16:07:00,-0.597260247440333,0
TX000954,7515.14,2026-04-09 17:57:00,-0.4312267545179333,0
TX000955,3904.76,2026-04-05 22:36:00,-0.6585851314094788,0
TX000956,22055.41,2026-03-07 21:27:00,0.48442538923558653,0
TX000957,3125.78,2026-04-13 20:35:00,-0.7076402525964387,0
TX000958,16373.39,2026-07-18 09:39:00,0.12660852656038343,0
TX000959,21968.39,2026-04-20 12:39:00,0.478945432567008,0
TX000960,26929.3,2026-03-25 13:59:00,0.7913514522948586,0
TX000961,3817.2,2026-03-12 14:08:00,-0.6640990937848034,0
TX000962,40788.97,2026-04-18 00:08:00,1.6641438108422821,0
TX000963,53697.96,2026-01-19 16:32:00,2.477068492928155,0
TX000964,8354.99,2026-02-16 13:12:00,-0.37833843449833304,0
TX000965,5173.6,2026-04-20 04:45:00,-0.5786817963214635,0
TX000966,7111.45,2026-01-28 19:10:00,-0.4566485392517697,0
TX000967,3757.25,2026-07-08 08:30:00,-0.6678743569689136,0
TX000968,10130.23,2026-06-04 23:04:00,-0.26654530330634013,0
TX000969,3404.07,2026-05-22 07:37:00,-0.6901153486513836,0
TX000970,4918.47,2026-04-21 04:04:00,-0.5947482332883036,0
TX000971,12773.95,2026-03-01 15:57:00,-0.10006091990190154,0
TX000972,3649.83,2026-01-26 11:54:00,-0.6746389736701167,0
TX000973,16563.28,2026-04-24 07:10:00,0.1385665703640649,0
TX000974,42705.45,2026-01-21 12:54:00,1.7848313235542705,0
TX000975,4796.95,2026-05-09 04:25:00,-0.6024007767767622,0
TX000976,14269.94,2026-02-08 15:55:00,-0.00585314724473438,0
TX000977,11287.52,2026-03-17 16:21:00,-0.19366666560260343,0
TX000978,5925.28,2026-06-16 20:04:00,-0.5313458525311043,0
TX000979,21000.47,2026-03-23 17:06:00,0.41799209243082724,0
TX000980,25573.3,2026-07-03 13:06:00,0.7059593442439233,0
TX000981,17428.99,2026-05-14 09:01:00,0.1930833858956102,0
TX000982,5617.0,2026-06-06 14:44:00,-0.5507593326711798,0
TX000983,9913.08,2026-06-06 22:38:00,-0.28022000556538185,0
TX000984,6484.82,2026-05-07 08:17:00,-0.4961096429892015,0
TX000985,13174.62,2026-03-11 16:32:00,-0.07482931523171846,0
TX000986,24484.41,2026-04-25 10:35:00,0.6373880960613401,0
TX000987,4214.54,2026-07-17 01:06:00,-0.639077190972887,0
TX000988,21173.73,2026-08-03 16:40:00,0.4289028864137955,0
TX000989,4456.47,2026-03-06 13:06:00,-0.6238420046153922,0
TX000990,9586.49,2026-07-11 09:54:00,-0.300786531058269,0
TX000991,10637.93,2026-07-20 06:25:00,-0.23457364161204816,0
TX000992,16831.72,2026-06-27 06:24:00,0.1554711850286617,0
TX000993,2558.04,2026-08-23 22:55:00,-0.743392845092632,0
TX000994,10662.35,2026-04-07 09:20:00,-0.2330358279847592,0
TX000995,5592.23,2026-07-10 06:46:00,-0.5523191870343227,0
TX000996,15315.01,2026-04-07 06:46:00,0.05995860080894624,0
TX000997,18803.5,2026-02-22 20:39:00,0.27964113400555923,0
TX000998,3078.33,2026-03-04 22:21:00,-0.7106283466429113,0
TX000999,4308.94,2026-05-15 16:52:00,-0.6331324896454471,0
TX001000,7797.39,2026-04-04 04:51:00,-0.4134524753900745,0
TX001001,2874.55,2026-03-23 02:05:00,-0.7234610927923357,0
TX001002,2215.25,2026-08-04 04:13:00,-0.7649795417878975,0
TX001003,5978.66,2026-04-26 07:43:00,-0.5279843254457365,0
TX001004,4131.88,2026-05-07 16:24:00,-0.6442825830462574,0
TX001005,26287.26,2026-03-11 03:11:00,0.750919926444547,0
TX001006,18530.83,2026-03-16 02:32:00,0.26247014130478613,0
TX001007,19694.22,2026-04-10 21:41:00,0.3357329175476899,0
TX001008,5788.38,2026-08-29 09:38:00,-0.5399669289265123,0
TX001009,6696.66,2026-01-04 23:27:00,-0.48276933017982826,0
TX001010,27248.91,2026-03-28 08:15:00,0.8114784225412889,0
TX001011,5993.1,2026-02-19 15:46:00,-0.5270749876579374,0
TX001012,13259.08,2026-03-04 11:19:00,-0.06951057080252826,0
TX001013,8307.87,2026-01-10 09:10:00,-0.38130574727957195,0
TX001014,3929.49,2026-01-19 19:03:00,-0.6570277959875764,0
TX001015,17478.11,2026-07-28 10:48:00,0.19617664573887114,0
TX001016,10477.01,2026-01-23 05:09:00,-0.24470734222234058,0
TX001017,3459.09,2026-06-08 11:50:00,-0.6866505449751575,0
TX001018,3853.14,2026-06-29 03:45:00,-0.6618358250802674,0
TX001019,3938.32,2026-07-04 16:02:00,-0.6564717397087493,0
TX001020,13743.85,2026-05-23 05:10:00,-0.03898289217431886,0
TX001021,4465.87,2026-04-22 05:49:00,-0.6232500534238886,0
TX001022,19202.16,2026-04-04 05:03:00,0.3047461618784102,0
TX001023,8580.51,2026-01-28 11:42:00,-0.3641366437847291,0
TX001024,14507.18,2026-04-14 10:05:00,0.009086693252318622,0
TX001025,8126.08,2026-04-20 06:50:00,-0.3927537054820643,0
TX001026,33320.79,2026-07-19 17:03:00,1.193846146016446,0
TX001027,7165.36,2026-01-03 20:55:00,-0.4532536361949659,0
TX001028,14106.03,2026-06-08 04:37:00,-0.016175138712749712,0
TX001029,5354.21,2026-05-30 07:24:00,-0.5673081468855642,0
TX001030,3310.99,2026-01-06 12:09:00,-0.6959769249178888,0
TX001031,7441.78,2026-05-03 02:04:00,-0.4358464927529013,0
TX001032,2634.79,2026-02-04 04:43:00,-0.7385596265875366,0
TX001033,5028.87,2026-02-23 06:31:00,-0.5877959554646877,0
TX001034,57637.37,2026-03-21 15:18:00,2.7251470507282542,0
TX001035,12461.24,2026-05-14 22:25:00,-0.11975337278435585,0
TX001036,13514.82,2026-04-30 23:40:00,-0.053405719981771495,0
TX001037,15254.2,2026-02-25 02:27:00,0.0561291803881665,0
TX001038,5036.64,2026-02-23 13:08:00,-0.587306651128732,0
TX001039,8929.9,2026-05-27 10:42:00,-0.34213432178479086,0
TX001040,16534.74,2026-02-16 23:45:00,0.1367693057890107,0
TX001041,18162.05,2026-06-15 01:57:00,0.23924676253854413,0
TX001042,10049.19,2026-04-29 11:51:00,-0.2716486782594727,0
TX001043,12412.25,2026-03-14 22:57:00,-0.12283844606858543,0
TX001044,12276.05,2026-02-01 07:06:00,-0.1314154409922856,0
TX001045,6998.86,2026-03-13 17:49:00,-0.4637387291082998,0
TX001046,8429.32,2026-05-07 00:19:00,-0.37365761193828434,0
TX001047,7384.24,2026-02-21 11:17:00,-0.4394699897272751,0
TX001048,3604.7,2026-08-26 23:24:00,-0.6774809691246438,0
TX001049,3519.7,2026-07-07 05:18:00,-0.68283371926058,0
TX001050,7920.55,2026-03-10 07:09:00,-0.40569665531075805,0
TX001051,4689.14,2026-05-04 17:18:00,-0.6091899531550594,0
TX001052,8471.92,2026-07-23 15:33:00,-0.3709749395172151,0
TX001053,3722.64,2026-06-04 10:10:00,-0.6700538708772048,0
TX001054,51587.57,2026-01-13 07:41:00,2.3441697828178203,0
TX001055,7732.7,2026-08-22 06:47:00,-0.4175262331111771,0
TX001056,19124.71,2026-06-28 10:22:00,0.29986886190160705,0
TX001057,13955.15,2026-08-02 13:46:00,-0.025676585071691602,0
TX001058,5544.7,2026-01-10 15:48:00,-0.5553123189632763,0
TX001059,3150.06,2026-04-15 23:53:00,-0.7061112552634913,0
TX001060,14006.8,2026-06-09 03:26:00,-0.02242400219497274,0
TX001061,25270.12,2026-03-06 11:50:00,0.686867029112004,0
TX001062,6795.3,2026-03-19 15:36:00,-0.47655762108090177,0
TX001063,9838.82,2026-04-01 15:53:00,-0.2848964199782598,0
TX001064,10520.71,2026-03-08 00:41:00,-0.24195539891715934,0
TX001065,14106.33,2026-05-18 00:09:00,-0.016156246653446452,0
TX001066,11027.08,2026-05-08 00:37:00,-0.210067492019112,0
TX001067,12540.98,2026-03-23 21:06:00,-0.1147318634215376,0
TX001068,1592.07,2026-07-30 12:53:00,-0.8042233868433414,0
TX001069,54402.1,2026-07-21 07:57:00,2.52141067505425,0
TX001070,4532.5,2026-01-03 02:34:00,-0.6190541270526247,0
TX001071,4100.32,2026-07-14 22:45:00,-0.6462700276849649,0
TX001072,6098.3,2026-06-05 10:17:00,-0.5204501721955787,0
TX001073,6073.58,2026-02-02 00:36:00,-0.522006877882171,0
TX001074,12884.27,2026-03-30 05:56:00,-0.09311367996076647,0
TX001075,9345.94,2026-08-12 18:00:00,-0.3159348139429684,0
TX001076,12069.41,2026-08-14 00:26:00,-0.14442829144040156,0
TX001077,15968.22,2026-06-08 19:06:00,0.1010935410006508,0
TX001078,6703.75,2026-05-16 18:08:00,-0.48232284784496016,0
TX001079,20941.72,2026-02-26 04:01:00,0.41429239748393015,0
TX001080,4058.18,2026-01-11 04:39:00,-0.648923732281769,0
TX001081,5128.82,2026-04-07 10:06:00,-0.5815017510401368,0
TX001082,7897.99,2026-01-15 04:43:00,-0.40711733817036655,0
TX001083,9264.26,2026-07-03 13:58:00,-0.3210784919559481,0
TX001084,8824.49,2026-06-30 19:28:00,-0.3487723616886618,0
TX001085,4361.4,2026-06-20 07:45:00,-0.6298288982086093,0
TX001086,4645.64,2026-02-23 04:25:00,-0.6119293017540386,0
TX001087,10404.56,2026-03-11 14:33:00,-0.2492697745440886,0
TX001088,6213.0,2026-08-14 18:36:00,-0.5132271081886154,0
TX001089,52194.08,2026-02-05 02:29:00,2.3823638591113108,0
TX001090,9716.63,2026-01-25 08:50:00,-0.29259115573249567,0
TX001091,13110.64,2026-07-23 10:36:00,-0.07885836174580324,0
TX001092,8443.55,2026-07-09 14:25:00,-0.37276149859199764,0
TX001093,11645.4,2026-05-05 10:45:00,-0.1711296983243817,0
TX001094,2441.65,2026-02-23 23:01:00,-0.7507223343670039,0
TX001095,8820.81,2026-01-27 18:33:00,-0.3490041042827824,0
TX001096,1506.85,2026-06-13 15:28:00,-0.8095899911561,0
TX001097,5610.19,2026-03-15 02:40:00,-0.5511881824173648,0
TX001098,25718.04,2026-06-14 01:25:00,0.7150741331224576,0
TX001099,3717.76,2026-06-05 17:44:00,-0.6703611817085385,0
TX001100,8342.24,2026-02-18 06:38:00,-0.3791413470187235,0
TX001101,3558.13,2026-08-24 21:28:00,-0.6804136464638267,0
TX001102,4531.77,2026-08-11 12:00:00,-0.6191000977302628,0
TX001103,17127.48,2026-01-30 05:36:00,0.17409623656047915,0
TX001104,4859.71,2026-07-01 19:36:00,-0.5984485579705108,0
TX001105,1789.28,2026-05-16 16:04:00,-0.7918043767926591,0
TX001106,13479.51,2026-01-09 05:21:00,-0.055629315361770376,0
TX001107,19399.17,2026-08-13 22:02:00,0.31715257722289,0
TX001108,14031.1,2026-01-03 10:38:00,-0.020893745391405028,0
TX001109,18417.98,2026-02-11 01:42:00,0.255363578330193,0
TX001110,10535.32,2026-03-07 14:22:00,-0.24103535562908837,0
TX001111,2892.91,2026-02-10 04:42:00,-0.7223048987629737,0
TX001112,2597.72,2026-04-22 02:13:00,-0.740894055382115,0
TX001113,3710.23,2026-03-25 23:37:00,-0.6708353723970515,0
TX001114,29326.44,2026-03-14 10:25:00,0.9423078224226012,0
TX001115,11987.66,2026-02-20 01:13:00,-0.14957637760055198,0
TX001116,5607.87,2026-07-26 11:01:00,-0.5513342810093104,0
TX001117,4200.78,2026-08-06 08:42:00,-0.6399437067595983,0
TX001118,2628.47,2026-03-24 11:57:00,-0.7389576193035262,0
TX001119,24860.21,2026-04-22 09:13:00,0.6610535490152791,0
TX001120,4190.01,2026-05-16 15:59:00,-0.640621931688587,0
TX001121,32335.99,2026-04-15 17:12:00,1.1318298126767994,0
TX001122,15049.75,2026-01-15 20:30:00,0.04325424197296459,0
TX001123,5067.58,2026-06-18 04:56:00,-0.5853582500792514,0
TX001124,3043.49,2026-02-13 04:49:00,-0.7128223444633351,0
TX001125,16935.06,2026-08-02 11:49:00,0.1619788697233399,0
TX001126,15625.08,2026-03-04 02:41:00,0.0794848035695314,0
TX001127,39367.83,2026-08-12 13:48:00,1.5746496069812894,0
TX001128,19033.13,2026-01-26 22:06:00,0.29410174593161853,0
TX001129,5134.15,2026-01-23 01:12:00,-0.5811661021198481,0
TX001130,6667.65,2026-06-10 05:25:00,-0.4845961923144578,0
TX001131,8401.18,2026-01-16 13:12:00,-0.3754296871009343,0
TX001132,14633.21,2026-02-10 04:29:00,0.017023247365636672,0
TX001133,2863.24,2026-04-17 07:10:00,-0.7241733234280704,0
TX001134,3590.76,2026-06-21 11:05:00,-0.6783588201469373,0
TX001135,10999.09,2026-08-31 10:43:00,-0.21183012115211028,0
TX001136,2027.5,2026-08-28 17:26:00,-0.7768028222352155,0
TX001137,7195.91,2026-08-25 04:34:00,-0.4513297948225794,0
TX001138,3139.62,2026-01-17 15:39:00,-0.7067686989272463,0
TX001139,3356.36,2026-08-02 00:14:00,-0.693119815815919,0
TX001140,13814.1,2026-01-24 06:15:00,-0.034559001620795116,0
TX001141,7486.94,2026-02-27 01:25:00,-0.43300260809244395,0
TX001142,4025.25,2026-03-10 15:41:00,-0.6509974506579618,0
TX001143,2170.63,2026-01-20 20:34:00,-0.767789420741609,0
TX001144,12535.69,2026-01-10 12:18:00,-0.1150649934005858,0
TX001145,9656.04,2026-04-08 17:07:00,-0.2964067219764529,0
TX001146,31579.67,2026-06-10 23:45:00,1.0842016717025487,0
TX001147,5049.0,2026-01-11 06:55:00,-0.586528298285436,0
TX001148,9883.02,2026-03-02 21:13:00,-0.28211298990757294,0
TX001149,12578.96,2026-01-31 22:42:00,-0.1123401287137393,0
TX001150,4393.65,2026-03-08 02:21:00,-0.6277980018335041,0
TX001151,4410.64,2026-01-21 03:25:00,-0.6267280815416268,0
TX001152,2577.99,2026-08-12 02:54:00,-0.7421365231489622,0
TX001153,3398.45,2026-05-12 20:11:00,-0.6904692598956655,0
TX001154,21929.08,2026-08-24 20:00:00,0.4764699430629652,0
TX001155,6710.8,2026-04-27 19:15:00,-0.4818788844513325,0
TX001156,11197.17,2026-07-30 15:53:00,-0.1993563241294486,0
TX001157,93227.52,2026-02-25 16:31:00,4.966384465439903,1
TX001158,5266.96,2026-06-25 16:03:00,-0.5728025874662752,0
TX001159,13700.66,2026-07-10 12:26:00,-0.0417027189786846,0
TX001160,18867.12,2026-03-14 09:17:00,0.28364751004847993,0
TX001161,40684.48,2026-07-13 23:58:00,1.6575637065869415,0
TX001162,8605.4,2026-08-12 13:50:00,-0.36256923259786494,0
TX001163,18369.57,2026-01-02 02:24:00,0.2523150296939498,0
TX001164,10833.09,2026-08-03 20:01:00,-0.22228372729993864,0
TX001165,25259.6,2026-04-13 06:26:00,0.6862045475657681,0
TX001166,3199.98,2026-04-29 06:34:00,-0.7029676165954215,0
TX001167,11780.22,2026-07-01 12:59:00,-0.16263960687347678,0
TX001168,7431.97,2026-04-06 12:28:00,-0.43646426309211933,0
TX001169,30923.99,2026-02-06 10:53:00,1.0429111868892473,0
TX001170,43129.35,2026-01-06 22:45:00,1.8115258033498394,0
TX001171,1564.52,2026-08-04 05:44:00,-0.8059583076226947,0
TX001172,53102.41,2026-07-11 14:46:00,2.4395646065345455,0
TX001173,11250.86,2026-08-04 15:55:00,-0.1959752752494672,0
TX001174,12105.15,2026-06-10 04:14:00,-0.14217761744206792,0
TX001175,7668.29,2026-04-15 02:45:00,-0.42158235824359647,0
TX001176,7622.89,2026-03-04 18:13:00,-0.4244413565514965,0
TX001177,1101.62,2026-03-25 18:52:00,-0.8351087551276932,0
TX001178,5384.55,2026-05-16 20:19:00,-0.5653975299546901,0
TX001179,14577.14,2026-02-05 14:52:00,0.013492321481849123,0
TX001180,9270.23,2026-01-18 16:03:00,-0.3207025399758124,0
TX001181,11828.2,2026-03-08 15:52:00,-0.15961813685556825,0
TX001182,2444.7,2026-03-29 06:39:00,-0.7505302650974204,0
TX001183,2719.5,2026-02-10 21:52:00,-0.7332251387755936,0
TX001184,10751.42,2026-07-09 20:52:00,-0.22742677557760818,0
TX001185,13127.94,2026-08-09 22:27:00,-0.07776891965931262,0
TX001186,2451.33,2026-08-26 00:20:00,-0.7501127505868173,0
TX001187,13387.95,2026-02-03 12:11:00,-0.061395171861138804,0
TX001188,13811.02,2026-08-12 01:13:00,-0.03475296009630903,0
TX001189,2880.66,2026-07-28 10:58:00,-0.7230763245178585,0
TX001190,8322.91,2026-08-23 07:30:00,-0.38035862537316634,0
TX001191,25451.51,2026-07-20 07:48:00,0.6982897979020919,0
TX001192,5587.6,2026-05-23 08:57:00,-0.5526107544829036,0
TX001193,12404.99,2026-04-25 21:11:00,-0.1232956339037254,0
TX001194,11262.43,2026-07-08 18:08:00,-0.1952466714956698,0
TX001195,26526.63,2026-03-04 06:06:00,0.7659939005626536,0
TX001196,15104.31,2026-01-20 13:10:00,0.0466900778249255,0
TX001197,16257.28,2026-03-30 23:03:00,0.11929666987469464,0
TX001198,5956.95,2026-07-29 05:22:00,-0.5293514808039856,0
TX001199,8495.32,2026-01-07 19:07:00,-0.3695013588915574,0
TX001200,8082.94,2026-05-15 03:16:00,-0.39547038360987946,0
TX001201,4117.54,2026-03-16 19:16:00,-0.6451856234809553,0
TX001202,30960.75,2026-01-15 15:36:00,1.045226093889212,0
TX001203,8400.24,2026-04-25 11:05:00,-0.37548888222008464,0
TX001204,15951.75,2026-08-24 03:18:00,0.10005636694489943,0
TX001205,12991.61,2026-07-09 00:20:00,-0.0863541011420442,0
TX001206,10003.56,2026-08-05 07:18:00,-0.27452216047950534,0
TX001207,1095.12,2026-03-20 13:35:00,-0.8355180830792648,0
TX001208,4251.78,2026-08-07 07:21:00,-0.6367320566780367,0
TX001209,20259.18,2026-02-18 17:25:00,0.37131044362767246,0
TX001210,19423.77,2026-06-12 17:36:00,0.3187017260857611,0
TX001211,39115.0,2026-04-20 04:26:00,1.5587280091357747,0
TX001212,39818.42,2026-08-03 11:52:00,1.6030248503195421,0
TX001213,10747.01,2026-06-26 12:53:00,-0.22770448884936675,0
TX001214,14757.18,2026-04-03 07:50:00,0.02483007600507218,0
TX001215,19514.41,2026-04-27 14:02:00,0.32440964693659935,0
TX001216,6090.21,2026-04-24 21:31:00,-0.5209596280614578,0
TX001217,8931.64,2026-04-21 11:53:00,-0.3420247478408317,0
TX001218,3186.39,2026-01-30 20:23:00,-0.7038234268818612,0
TX001219,4107.12,2026-05-20 07:31:00,-0.6458418076740899,0
TX001220,38532.9,2026-02-23 21:05:00,1.5220711167342633,0
TX001221,8898.0,2026-07-09 03:02:00,-0.34414317742404216,0
TX001222,1115.17,2026-01-06 06:10:00,-0.834255463782494,0
TX001223,2546.29,2026-03-14 08:38:00,-0.7441327840820114,0
TX001224,6194.88,2026-05-16 07:15:00,-0.5143681885705349,0
TX001225,44501.01,2026-04-11 10:24:00,1.8979040768964075,0
TX001226,18314.26,2026-03-03 01:49:00,0.24883196369373053,0
TX001227,11220.23,2026-06-07 22:39:00,-0.19790415450433463,0
TX001228,2453.74,2026-01-25 04:31:00,-0.7499609843770807,0
TX001229,3973.99,2026-05-10 05:48:00,-0.6542254738575863,0
TX001230,21884.73,2026-01-24 19:41:00,0.47367706696262657,0
TX001231,11253.15,2026-07-16 23:22:00,-0.19583106586345203,0
TX001232,26944.01,2026-06-04 08:11:00,0.7922777929360306,0
TX001233,6593.88,2026-04-01 02:17:00,-0.4892417496971403,0
TX001234,17318.99,2026-07-09 17:50:00,0.18615629748439863,0
TX001235,2071.37,2026-01-06 13:09:00,-0.7740401734297622,0
TX001236,4599.32,2026-08-03 21:40:00,-0.6148462357104688,0
TX001237,9264.52,2026-06-15 16:52:00,-0.3210621188378852,0
TX001238,10705.35,2026-06-10 18:54:00,-0.2303279661512856,0
TX001239,9591.57,2026-01-04 07:07:00,-0.30046662552073305,0
TX001240,2596.75,2026-03-02 18:31:00,-0.7409551397071956,0
TX001241,7041.97,2026-05-05 22:16:00,-0.4610239401864149,0
TX001242,25275.61,2026-06-27 06:07:00,0.6872127537972545,0
TX001243,5538.48,2026-03-19 02:12:00,-0.5557040143261647,0
TX001244,4222.1,2026-06-27 05:00:00,-0.6386011110784435,0
TX001245,15915.8,2026-07-08 23:17:00,0.09779246850505342,0
TX001246,12017.9,2026-01-29 01:41:00,-0.1476720580227789,0
TX001247,15007.26,2026-02-04 08:21:00,0.04057849664030661,0
TX001248,16089.33,2026-06-18 04:16:00,0.10872026534139476,0
TX001249,5456.45,2026-01-24 05:11:00,-0.5608697330749982,0
TX001250,9299.87,2026-08-21 00:28:00,-0.31883600451664584,0
TX001251,30647.85,2026-02-12 06:15:00,1.0255216760358654,0
TX001252,5076.99,2026-08-30 23:05:00,-0.5847656691524377,0
TX001253,3777.8,2026-03-15 04:31:00,-0.6665802509066372,0
TX001254,12388.48,2026-01-23 02:39:00,-0.12433532690071726,0
TX001255,8457.08,2026-03-13 11:37:00,-0.3719094667174186,0
TX001256,4735.98,2026-06-05 13:56:00,-0.6062402729625036,0
TX001257,8387.34,2026-02-10 04:14:00,-0.37630124077012667,0
TX001258,2488.81,2026-02-18 02:28:00,-0.7477525026445245,0
TX001259,7084.87,2026-01-21 19:55:00,-0.4583223757060424,0
TX001260,1813.51,2026-03-22 19:22:00,-0.7902785281362623,0
TX001261,2927.42,2026-06-21 22:36:00,-0.7201316822077835,0
TX001262,5348.68,2026-06-02 17:07:00,-0.5676563905120552,0
TX001263,16858.85,2026-04-03 07:29:00,0.15717965692499034,0
TX001264,3322.7,2026-06-27 19:57:00,-0.6952395048697498,0
TX001265,23249.43,2026-03-13 01:33:00,0.5596170447333577,0
TX001266,9432.1,2026-02-10 22:43:00,-0.31050901451105944,0
TX001267,13295.09,2026-04-09 20:33:00,-0.06724289395082163,0
TX001268,701.88,2026-03-27 06:13:00,-0.8602817944140362,0
TX001269,5352.03,2026-02-10 11:42:00,-0.5674454291831682,0
TX001270,18346.96,2026-06-17 15:47:00,0.25089119815779076,0
TX001271,2523.62,2026-07-08 14:28:00,-0.745560394030031,0
TX001272,2787.78,2026-03-05 18:43:00,-0.7289253060781615,0
TX001273,3230.9,2026-02-03 07:15:00,-0.701020475016561,0
TX001274,12838.81,2026-03-31 03:49:00,-0.09597645668052723,0
TX001275,33388.14,2026-08-11 23:27:00,1.1980874133300377,0
TX001276,18577.52,2026-07-06 02:23:00,0.2654103754676903,0
TX001277,2541.34,2026-04-09 00:24:00,-0.7444445030605159,0
TX001278,4414.13,2026-05-25 15:32:00,-0.6265083039183986,0
TX001279,20162.65,2026-07-06 04:09:00,0.3652316086791793,0
TX001280,4701.41,2026-07-14 12:17:00,-0.6084172679295544,0
TX001281,32876.52,2026-02-28 17:10:00,1.1658688953941823,0
TX001282,4961.59,2026-03-16 14:53:00,-0.5920328146311087,0
TX001283,6114.31,2026-04-19 11:41:00,-0.5194419659640924,0
TX001284,21626.44,2026-01-06 09:00:00,0.4574116336377917,0
TX001285,4507.65,2026-05-28 12:03:00,-0.6206190192982485,0
TX001286,17424.54,2026-03-07 16:10:00,0.1928031536826111,0
TX001287,11676.33,2026-01-28 07:17:00,-0.16918192701021104,0
TX001288,3071.2,2026-03-14 22:19:00,-0.71107734791902,0
TX001289,4772.07,2026-01-24 08:21:00,-0.6039675582283162,0
TX001290,17782.63,2026-05-15 04:22:00,0.21535334540234521,0
TX001291,7645.31,2026-03-31 19:02:00,-0.4230294899862296,0
TX001292,36406.56,2026-01-25 03:47:00,1.388167978804303,0
TX001293,1532.47,2026-02-27 16:18:00,-0.8079766092915979,0
TX001294,6164.97,2026-06-04 09:29:00,-0.5162517268830744,0
TX001295,37701.1,2026-02-07 11:14:00,1.4696897336393016,0
TX001296,2083.8,2026-04-18 23:09:00,-0.7732574124392952,0
TX001297,11848.05,2026-06-18 09:42:00,-0.1583681122649997,0
TX001298,13608.76,2026-03-14 03:51:00,-0.047489986478596785,0
TX001299,7337.41,2026-03-29 17:11:00,-0.4424190401845209,0
TX001300,1954.8,2026-07-10 20:09:00,-0.7813809979397162,0
TX001301,6623.7,2026-01-20 03:28:00,-0.48736387900239186,0
TX001302,2128.96,2026-08-27 17:37:00,-0.7704135277788379,0
TX001303,6740.03,2026-08-05 15:13:00,-0.48003816813988054,0
TX001304,1274.95,2026-05-12 20:41:00,-0.8241935529975541,0
TX001305,5105.77,2026-02-24 07:56:00,-0.5829532909299406,0
TX001306,28929.83,2026-07-31 10:56:00,0.9173318902883231,0
TX001307,23848.96,2026-01-05 18:42:00,0.5973715657803911,0
TX001308,13081.75,2026-08-31 19:43:00,-0.08067766705671141,0
TX001309,1410.03,2026-04-11 02:10:00,-0.8156870884285863,0
TX001310,3485.02,2026-07-29 21:09:00,-0.6850176413160419,0
TX001311,13716.74,2026-04-10 14:23:00,-0.0406901046000275,0
TX001312,15857.82,2026-04-01 12:08:00,0.09414126317703483,0
TX001313,7877.92,2026-06-11 01:35:00,-0.4083812169377576,0
TX001314,9844.8,2026-08-27 12:25:00,-0.28451983826281396,0
TX001315,2383.2,2026-06-25 14:11:00,-0.7544031372545977,0
TX001316,58255.65,2026-04-19 00:17:00,2.7640823254817444,0
TX001317,10462.89,2026-06-25 09:35:00,-0.24559652848021615,0
TX001318,11406.61,2026-06-15 02:17:00,-0.18616714779450175,0
TX001319,4150.56,2026-08-09 15:28:00,-0.6431062374869716,0
TX001320,11671.83,2026-06-29 05:35:00,-0.16946530789976058,0
TX001321,2696.32,2026-05-02 13:26:00,-0.7346848652244289,0
TX001322,4374.7,2026-05-06 07:28:00,-0.6289913502461629,0
TX001323,10703.73,2026-06-15 02:08:00,-0.23042998327152348,0
TX001324,3857.6,2026-06-11 00:27:00,-0.6615549631319583,0
TX001325,4964.61,2026-08-30 18:16:00,-0.5918426345674555,0
TX001326,21938.19,2026-04-26 18:52:00,0.47704363193047533,0
TX001327,26817.1,2026-02-03 21:35:00,0.7842858221154227,0
TX001328,8371.74,2026-04-17 06:04:00,-0.3772836278538985,0
TX001329,2565.12,2026-02-14 09:37:00,-0.7429469924930739,0
TX001330,16240.96,2026-02-09 10:41:00,0.1182689418485948,0
TX001331,16430.59,2026-01-26 23:58:00,0.13021061253421348,0
TX001332,16507.16,2026-05-10 18:37:00,0.13503249580372684,0
TX001333,2431.65,2026-05-27 11:22:00,-0.7513520696771141,0
TX001334,26725.33,2026-07-15 12:53:00,0.7785067411745422,0
TX001335,14489.31,2026-08-03 21:21:00,0.007961356253151747,0
TX001336,8881.8,2026-03-03 16:12:00,-0.3451633486264207,0
TX001337,2893.61,2026-03-03 12:44:00,-0.7222608172912659,0
TX001338,4839.84,2026-01-28 21:13:00,-0.5996998420316997,0
TX001339,5026.18,2026-08-11 21:38:00,-0.5879653542631073,0
TX001340,10810.4,2026-03-19 17:33:00,-0.2237125967185786,0
TX001341,2649.01,2026-02-02 10:04:00,-0.7376641429765599,0
TX001342,9400.69,2026-03-26 08:29:00,-0.3124870131201154,0
TX001343,5939.98,2026-02-02 01:36:00,-0.5304201416252425,0
TX001344,68998.74,2026-05-29 09:55:00,3.440612636750861,1
TX001345,18735.33,2026-07-25 11:01:00,0.2753482283965385,0
TX001346,5085.6,2026-05-30 10:04:00,-0.5842234670504328,0
TX001347,11870.05,2026-06-18 05:43:00,-0.1569826945827574,0
TX001348,28526.84,2026-01-02 06:18:00,0.8919541870261943,0
TX001349,7086.31,2026-03-17 00:17:00,-0.4582316938213865,0
TX001350,3094.17,2026-01-26 01:28:00,-0.7096308459116969,0
TX001351,2748.35,2026-07-13 10:07:00,-0.7314083524059258,0
TX001352,3934.54,2026-08-05 06:29:00,-0.6567097796559709,0
TX001353,11163.93,2026-03-02 11:39:00,-0.20144956430025468,0
TX001354,48059.21,2026-04-09 10:34:00,2.121976494939798,0
TX001355,1846.31,2026-05-10 03:51:00,-0.7882129963191011,0
TX001356,3117.04,2026-04-23 06:11:00,-0.708190641257475,0
TX001357,9164.3,2026-08-27 00:04:00,-0.32737332611580916,0
TX001358,32622.81,2026-08-02 10:18:00,1.1498918808413785,0
TX001359,4325.41,2026-08-26 19:53:00,-0.6320953155896958,0
TX001360,1746.73,2026-01-05 16:12:00,-0.7944839005371779,0
TX001361,7350.47,2026-01-17 03:10:00,-0.441596605869517,0
TX001362,5917.02,2026-03-31 15:25:00,-0.5318660138972553,0
TX001363,19597.32,2026-08-24 01:57:00,0.32963078239272253,0
TX001364,7092.11,2026-05-02 02:18:00,-0.45786644734152265,0
TX001365,7649.34,2026-06-21 13:47:00,-0.4227757066562552,0
TX001366,7565.83,2026-06-09 13:24:00,-0.428034626230985,0
TX001367,11983.95,2026-07-03 21:05:00,-0.14981000940060277,0
TX001368,16642.34,2026-08-04 20:17:00,0.14354525772579574,0
TX001369,25432.04,2026-03-17 19:00:00,0.6970637032533076,0
TX001370,4429.12,2026-03-20 15:32:00,-0.6255643306885433,0
TX001371,4379.92,2026-06-19 11:18:00,-0.6286626284142853,0
TX001372,8096.33,2026-02-05 00:53:00,-0.394627168029642,0
TX001373,3702.42,2026-01-26 23:21:00,-0.6713271956742475,0
TX001374,37005.46,2026-04-12 22:25:00,1.4258828265267995,0
TX001375,91263.6,2026-05-02 11:48:00,4.842709488416752,1
TX001376,21065.17,2026-01-24 19:16:00,0.42206647988723967,0
TX001377,1704.26,2026-01-28 20:18:00,-0.7971583863992157,0
TX001378,3132.32,2026-02-10 08:42:00,-0.7072284057036267,0
TX001379,3068.4,2026-02-03 22:37:00,-0.7112536738058507,0
TX001380,14499.82,2026-01-18 18:02:00,0.008623208064077521,0
TX001381,4527.83,2026-04-03 10:37:00,-0.6193482134424462,0
TX001382,3169.65,2026-04-02 14:08:00,-0.7048776037909855,0
TX001383,16453.2,2026-05-19 00:44:00,0.13163444407037256,0
TX001384,20052.33,2026-06-09 01:09:00,0.35828436873804426,0
TX001385,13778.58,2026-08-21 15:07:00,-0.036795821442306365,0
TX001386,7089.35,2026-05-22 21:06:00,-0.45804025428711304,0
TX001387,29157.21,2026-06-09 13:42:00,0.9316508117696073,0
TX001388,5377.87,2026-05-10 02:44:00,-0.5658181931418437,0
TX001389,6274.79,2026-05-20 00:48:00,-0.5093359737074448,0
TX001390,6167.64,2026-06-06 20:16:00,-0.516083587555275,0
TX001391,12015.56,2026-02-16 13:24:00,-0.14781941608534468,0
TX001392,3572.69,2026-06-29 23:10:00,-0.6794967518523063,0
TX001393,1206.59,2026-04-20 09:01:00,-0.8284984235774671,0
TX001394,8650.74,2026-07-13 11:59:00,-0.35971401270182557,0
TX001395,4471.21,2026-01-14 02:31:00,-0.6229137747682898,0
TX001396,33210.07,2026-05-27 22:32:00,1.1868737166629064,0
TX001397,4865.99,2026-07-20 17:21:00,-0.5980530841957616,0
TX001398,4778.06,2026-04-19 05:09:00,-0.6035903467775602,0
TX001399,7404.0,2026-05-20 06:15:00,-0.43822563275449744,0
TX001400,8708.52,2026-04-18 18:59:00,-0.35607540208000915,0
TX001401,21241.29,2026-01-05 16:09:00,0.43315737816889965,0
TX001402,10380.87,2026-03-15 13:25:00,-0.2507616174937395,0
TX001403,7841.48,2026-07-20 04:05:00,-0.41067597240779896,0
TX001404,24029.62,2026-06-11 05:20:00,0.6087483638928408,0
TX001405,3518.99,2026-02-25 05:39:00,-0.6828784304675978,0
TX001406,13952.79,2026-04-14 12:03:00,-0.025825202604877518,0
TX001407,9773.35,2026-03-28 01:37:00,-0.28901929705355084,0
TX001408,19749.03,2026-05-24 00:50:00,0.3391844967824035,0
TX001409,6887.53,2026-05-18 23:16:00,-0.470749572315756,0
TX001410,11447.08,2026-03-14 08:16:00,-0.18361860899448604,0
TX001411,20461.14,2026-05-03 17:29:00,0.3840285779506568,0
TX001412,10154.39,2026-08-07 17:55:00,-0.26502386279711404,0
TX001413,5090.34,2026-02-21 08:30:00,-0.5839249725134406,0
TX001414,7230.19,2026-04-28 00:30:00,-0.44917106217952185,0
TX001415,13955.75,2026-04-17 21:34:00,-0.025638800953084972,0
TX001416,41007.67,2026-03-16 20:53:00,1.6779161220743908,0
TX001417,7763.82,2026-08-09 06:51:00,-0.4155664968261143,0
TX001418,9126.35,2026-01-27 17:54:00,-0.32976317161767704,0
TX001419,4098.0,2026-05-04 01:29:00,-0.6464161262769105,0
TX001420,2860.33,2026-04-27 07:18:00,-0.7243565764033124,0
TX001421,9617.1,2026-05-14 14:32:00,-0.2988589112740218,0
TX001422,18829.1,2026-07-23 04:59:00,0.2812532563994411,0
TX001423,20811.25,2026-04-23 00:55:00,0.40607624089292305,0
TX001424,10891.29,2026-05-03 04:38:00,-0.2186186677950976,0
TX001425,5769.19,2026-04-10 02:12:00,-0.5411753909866136,0
TX001426,30977.77,2026-01-22 20:43:00,1.0462979033870197,0
TX001427,15099.78,2026-03-27 12:58:00,0.04640480772944568,0
TX001428,4421.6,2026-02-28 17:53:00,-0.6260378916417463,0
TX001429,13604.94,2026-07-12 17:02:00,-0.04773054536705884,0
TX001430,15411.73,2026-04-04 17:34:00,0.0660494007283315,0
TX001431,33698.54,2026-03-20 04:13:00,1.2176343973558565,0
TX001432,22716.58,2026-06-08 18:38:00,0.5260615987341389,0
TX001433,12495.71,2026-04-20 13:11:00,-0.11758267517040624,0
TX001434,20096.88,2026-03-27 11:54:00,0.3610898395445849,0
TX001435,7949.01,2026-07-27 00:57:00,-0.40390442861818454,0
TX001436,23610.96,2026-01-08 00:41:00,0.5823838653997696,0
TX001437,10555.86,2026-04-19 18:39:00,-0.2397418793021221,0
TX001438,4557.63,2026-03-05 21:00:00,-0.6174716022183181,0
TX001439,8951.76,2026-04-12 06:49:00,-0.34075772039689006,0
TX001440,4892.37,2026-07-23 18:54:00,-0.5963918424476911,0
TX001441,7105.77,2026-05-03 11:48:00,-0.4570062289079122,0
TX001442,4084.34,2026-01-14 19:05:00,-0.6472763447105209,0
TX001443,4875.79,2026-06-14 01:16:00,-0.5974359435918538,0
TX001444,17927.2,2026-04-17 09:49:00,0.22445742878060754,0
TX001445,2511.15,2026-04-11 04:44:00,-0.7463456739617385,0
TX001446,2934.67,2026-04-24 06:52:00,-0.7196751241079536,0
TX001447,6189.75,2026-05-19 21:26:00,-0.5146912427846214,0
TX001448,5903.81,2026-03-07 19:18:00,-0.5326978942419109,0
TX001449,16726.07,2026-01-17 23:16:00,0.14881803147734796,0
TX001450,12967.44,2026-06-06 10:59:00,-0.08787617138658041,0
TX001451,10157.62,2026-04-02 13:29:00,-0.2648204582919484,0
TX001452,5705.03,2026-06-28 16:00:00,-0.5452157727362802,0
TX001453,11914.33,2026-02-20 00:19:00,-0.15419422662958965,0
TX001454,6897.46,2026-03-11 21:16:00,-0.4701242451528166,0
TX001455,934.82,2026-04-18 07:02:00,-0.8456127401003305,0
TX001456,23616.06,2026-03-12 08:15:00,0.582705030407926,0
TX001457,4239.47,2026-04-05 09:03:00,-0.6375072608447824,0
TX001458,3258.83,2026-01-17 14:36:00,-0.6992616242954233,0
TX001459,7029.72,2026-08-03 02:16:00,-0.46179536594129983,0
TX001460,2388.64,2026-05-02 06:09:00,-0.7540605612458978,0
TX001461,32312.56,2026-02-24 04:53:00,1.1303543428452112,0
TX001462,3383.55,2026-01-05 13:09:00,-0.6914075655077295,0
TX001463,6252.52,2026-04-26 07:50:00,-0.5107383942430601,0
TX001464,6907.08,2026-08-09 10:33:00,-0.46951843978449065,0
TX001465,4408.55,2026-01-17 04:26:00,-0.6268596962214399,0
TX001466,3103.92,2026-05-23 20:04:00,-0.7090168539843394,0
TX001467,7850.91,2026-02-09 18:18:00,-0.4100821320103651,0
TX001468,14150.01,2026-05-14 12:26:00,-0.013405562818885334,0
TX001469,35475.88,2026-06-21 02:27:00,1.3295597729629725,0
TX001470,5449.37,2026-08-10 18:41:00,-0.5613155856745561,0
TX001471,27955.88,2026-05-02 19:15:00,0.8559988197601457,0
TX001472,6638.98,2026-06-27 11:42:00,-0.4864016434485436,0
TX001473,1132.98,2026-05-03 13:43:00,-0.8331339051951879,0
TX001474,7347.09,2026-06-16 13:18:00,-0.4418094564043342,0
TX001475,21129.56,2026-03-02 14:30:00,0.4261213455490391,0
TX001476,3082.31,2026-02-10 02:00:00,-0.7103777119894875,0
TX001477,2696.33,2026-02-06 05:11:00,-0.7346842354891188,0
TX001478,17937.56,2026-01-10 00:10:00,0.22510983456188166,0
TX001479,13763.64,2026-01-21 23:29:00,-0.037736645995610954,0
TX001480,20280.04,2026-07-05 02:37:00,0.3726240714845622,0
TX001481,3828.34,2026-08-13 23:07:00,-0.6633975686493405,0
TX001482,9097.33,2026-01-18 02:36:00,-0.33159066348761673,0
TX001483,4280.96,2026-02-06 13:44:00,-0.6348944890431353,0
TX001484,3760.02,2026-08-19 06:42:00,-0.6676999202880131,0
TX001485,2558.31,2026-02-13 08:31:00,-0.743375842239259,0
TX001486,13877.86,2026-07-04 21:26:00,-0.030543809283532834,0
TX001487,2561.73,2026-07-28 12:32:00,-0.7431604727632013,0
TX001488,4329.12,2026-03-17 19:32:00,-0.6318616837896448,0
TX001489,16548.14,2026-07-17 02:30:00,0.13761315110455816,0
TX001490,66110.39,2026-01-07 02:39:00,3.258723038455198,1
TX001491,6265.42,2026-08-24 17:21:00,-0.509926035693018,0
TX001492,17084.74,2026-03-07 01:05:00,0.17140474784506854,0
TX001493,13046.62,2026-05-15 07:42:00,-0.08288992720112828,0
TX001494,7346.58,2026-05-31 22:41:00,-0.44184157290514986,0
TX001495,13931.22,2026-01-17 00:30:00,-0.027183541668785192,0
TX001496,6442.15,2026-08-10 17:55:00,-0.4987967235574415,0
TX001497,5491.67,2026-06-05 23:28:00,-0.5586518053127902,0
TX001498,2113.14,2026-05-28 11:22:00,-0.7714097690394321,0
TX001499,63602.37,2026-03-22 03:26:00,3.1007841632089543,1
TX001500,1533.88,2026-01-31 05:30:00,-0.8078878166128723,0
TX001501,7773.32,2026-04-14 14:05:00,-0.4149682482815097,0
TX001502,16405.27,2026-01-08 22:26:00,0.12861612272901463,0
TX001503,1867.34,2026-01-27 07:10:00,-0.7868886629619395,0
TX001504,5650.93,2026-08-18 11:50:00,-0.5486226407639762,0
TX001505,8223.72,2026-06-02 04:39:00,-0.3866049699141489,0
TX001506,20612.49,2026-02-20 19:18:00,0.393559621869174,0
TX001507,7015.56,2026-08-05 06:04:00,-0.4626870711404158,0
TX001508,18729.77,2026-03-10 19:43:00,0.2749980955641172,0
TX001509,15708.25,2026-04-13 05:02:00,0.08472231214371746,0
TX001510,3555.95,2026-01-09 21:20:00,-0.6805509287614308,0
TX001511,1559.61,2026-03-19 00:24:00,-0.8062675076599588,0
TX001512,12842.34,2026-05-02 07:09:00,-0.0957541601160583,0
TX001513,27560.12,2026-06-11 13:08:00,0.8310764151272266,0
TX001514,8520.18,2026-06-10 20:39:00,-0.36793583691062354,0
TX001515,21980.19,2026-06-04 08:23:00,0.47968852023293795,0
TX001516,3840.26,2026-05-12 16:19:00,-0.6626469241596893,0
TX001517,4268.86,2026-01-13 09:21:00,-0.6356564687683687,0
TX001518,12268.35,2026-01-19 14:49:00,-0.13190033718107036,0
TX001519,10521.77,2026-08-22 14:20:00,-0.24188864697428758,0
TX001520,6677.06,2026-04-02 19:01:00,-0.4840036113876441,0
TX001521,18589.16,2026-06-12 23:16:00,0.26614338736865845,0
TX001522,4143.89,2026-06-21 10:38:00,-0.643526270938815,0
TX001523,19784.88,2026-06-22 18:10:00,0.3414420978691485,0
TX001524,2449.06,2026-01-26 11:19:00,-0.7502557005022124,0
TX001525,8199.4,2026-07-17 07:50:00,-0.38813648618833674,0
TX001526,14564.4,2026-01-07 03:39:00,0.012690038696768815,0
TX001527,48368.9,2026-07-18 11:22:00,2.141478767758599,0
TX001528,15543.01,2026-02-07 17:30:00,0.07431656587945748,0
TX001529,9003.52,2026-04-18 16:01:00,-0.3374982104317599,0
TX001530,3008.76,2026-02-03 02:07:00,-0.7150094151953476,0
TX001531,5674.63,2026-06-23 00:49:00,-0.5471301680790152,0
TX001532,12864.73,2026-01-05 20:58:00,-0.09434418275672174,0
TX001533,14211.7,2026-08-20 16:23:00,-0.009520725690815834,0
TX001534,1960.67,2026-03-05 07:50:00,-0.7810113433126815,0
TX001535,4824.27,2026-03-29 10:44:00,-0.6006803399095412,0
TX001536,8490.85,2026-05-20 21:59:00,-0.3697828505751766,0
TX001537,25904.4,2026-01-16 18:18:00,0.7268098803616703,0
TX001538,10084.98,2026-05-05 01:26:00,-0.26939485558458853,0
TX001539,17154.69,2026-04-27 19:40:00,0.1758097463392888,0
TX001540,11962.88,2026-01-09 00:12:00,-0.15113686169900495,0
TX001541,3420.82,2026-01-12 15:19:00,-0.6890605420069491,0
TX001542,3451.25,2026-04-11 19:12:00,-0.6871442574582839,0
TX001543,15935.21,2026-06-12 09:48:00,0.0990147847419772,0
TX001544,2891.99,2026-03-31 18:21:00,-0.7223628344115037,0
TX001545,8307.5,2026-01-31 22:16:00,-0.38132904748604607,0
TX001546,4138.95,2026-03-01 09:02:00,-0.6438373601820095,0
TX001547,2735.3,2026-01-11 16:59:00,-0.7322301569856194,0
TX001548,19048.7,2026-02-18 21:24:00,0.29508224380945997,0
TX001549,26916.49,2026-07-25 01:08:00,0.7905447613626077,0
TX001550,24988.21,2026-08-17 16:41:00,0.669114160984689,0
TX001551,4242.05,2026-05-30 11:05:00,-0.6373447891347738,0
TX001552,7466.92,2026-07-24 14:10:00,-0.4342633381832844,0
TX001553,2935.66,2026-04-16 05:22:00,-0.7196127803122527,0
TX001554,16245.81,2026-06-05 22:12:00,0.11857436347399823,0
TX001555,6891.91,2026-07-08 20:29:00,-0.4704737482499277,0
TX001556,6199.85,2026-03-01 07:51:00,-0.5140552101214102,0
TX001557,6091.28,2026-04-19 07:56:00,-0.520892246383276,0
TX001558,3539.87,2026-08-28 08:09:00,-0.6815635431400878,0
TX001559,8409.93,2026-08-07 19:46:00,-0.37487866870458786,0
TX001560,7167.18,2026-08-09 05:35:00,-0.4531390243685258,0
TX001561,6609.52,2026-07-21 02:13:00,-0.48825684367212796,0
TX001562,7798.65,2026-06-28 08:40:00,-0.4133731287410007,0
TX001563,5506.72,2026-04-06 20:29:00,-0.5577040536710746,0
TX001564,6536.89,2026-02-07 07:43:00,-0.492830611229458,0
TX001565,19038.22,2026-01-15 06:13:00,0.29442228120446456,0
TX001566,3758.54,2026-06-22 13:36:00,-0.6677931211139094,0
TX001567,17516.95,2026-03-25 02:16:00,0.19862253768333893,0
TX001568,3808.53,2026-04-05 04:53:00,-0.6646450742986687,0
TX001569,11499.98,2026-08-22 10:30:00,-0.1802873092040034,0
TX001570,10374.42,2026-06-05 02:12:00,-0.25116779676876055,0
TX001571,21429.53,2026-08-23 00:16:00,0.44501151564641284,0
TX001572,3309.78,2026-04-19 14:06:00,-0.6960531228904121,0
TX001573,12347.73,2026-01-12 10:54:00,-0.1269014982894161,0
TX001574,26767.07,2026-01-05 02:06:00,0.7811352563589418,0
TX001575,92706.63,2026-04-28 20:31:00,4.933582182871576,1
TX001576,20631.39,2026-07-11 08:31:00,0.394749821605282,0
TX001577,43120.09,2026-04-03 14:20:00,1.8109426684526773,0
TX001578,11300.88,2026-01-15 09:02:00,-0.19282533922829637,0
TX001579,5195.78,2026-04-09 01:04:00,-0.5772850434036392,0
TX001580,12567.61,2026-03-28 00:36:00,-0.11305487829071423,0
TX001581,4914.0,2026-08-04 05:22:00,-0.5950297249719229,0
TX001582,7002.23,2026-03-23 09:13:00,-0.46352650830879266,0
TX001583,12413.64,2026-05-04 15:22:00,-0.12275091286048016,0
TX001584,28135.63,2026-07-21 00:19:00,0.8673183119593755,0
TX001585,2804.98,2026-05-21 02:47:00,-0.7278421613447721,0
TX001586,24266.21,2026-08-07 03:08:00,0.6236472715947368,0
TX001587,5512.29,2026-03-19 12:08:00,-0.5573532911033432,0
TX001588,6074.71,2026-06-30 22:54:00,-0.5219357177921284,0
TX001589,25495.97,2026-08-08 20:02:00,0.7010896010908417,0
TX001590,19712.1,2026-01-21 08:10:00,0.3368588842821667,0
TX001591,10012.7,2026-04-15 03:45:00,-0.27394658240606456,0
TX001592,6945.67,2026-07-10 06:26:00,-0.46708829122277556,0
TX001593,14606.83,2026-06-05 19:08:00,0.015362005617566166,0
TX001594,8513.6,2026-07-23 09:17:00,-0.368350202744676,0
TX001595,16415.94,2026-08-22 00:46:00,0.12928805030490204,0
TX001596,2425.57,2026-02-13 08:07:00,-0.751734948745661,0
TX001597,10242.26,2026-03-17 14:25:00,-0.25949037862717617,0
TX001598,11974.86,2026-03-28 05:22:00,-0.1503824387974929,0
TX001599,3671.67,2026-02-20 00:31:00,-0.6732636317528362,0
TX001600,9740.14,2026-02-13 03:02:00,-0.2911106480184267,0
TX001601,6550.56,2026-02-25 22:57:00,-0.4919697630605374,0
TX001602,23007.87,2026-04-01 07:24:00,0.5444051585823371,0
TX001603,27628.73,2026-02-28 08:45:00,0.8353970290898923,0
TX001604,15408.01,2026-04-11 16:40:00,0.06581513919297056,0
TX001605,3783.79,2026-08-16 16:21:00,-0.6662030394558813,0
TX001606,10658.82,2026-07-14 05:44:00,-0.23325812454922812,0
TX001607,5215.83,2026-07-16 11:08:00,-0.5760224241068684,0
TX001608,2619.89,2026-07-29 10:17:00,-0.7394979321996007,0
TX001609,12544.6,2026-08-24 12:45:00,-0.11450389923927767,0
TX001610,6787.93,2026-07-10 21:04:00,-0.47702173600445297,0
TX001611,13638.73,2026-05-23 05:12:00,-0.04560266975419673,0
TX001612,5011.62,2026-05-24 02:21:00,-0.5888822488746276,0
TX001613,50436.86,2026-01-28 07:53:00,2.271705510948136,0
TX001614,12466.52,2026-06-02 00:49:00,-0.11942087254061766,0
TX001615,21270.74,2026-08-23 14:12:00,0.4350119486571741,0
TX001616,8729.58,2026-04-04 01:03:00,-0.3547491795169172,0
TX001617,7653.16,2026-04-09 01:07:00,-0.42253514776779316,0
TX001618,11114.5,2026-01-27 13:51:00,-0.20456234593812914,0
TX001619,4066.23,2026-04-02 14:38:00,-0.6484167953571304,0
TX001620,5878.77,2026-07-10 09:47:00,-0.5342747514584266,0
TX001621,11470.69,2026-06-01 14:34:00,-0.18213180392731596,0
TX001622,9339.69,2026-01-29 00:17:00,-0.3163283985117873,0
TX001623,9026.59,2026-05-28 01:51:00,-0.33604541107133584,0
TX001624,8770.37,2026-03-23 04:00:00,-0.35218048918697786,0
TX001625,6325.33,2026-04-21 22:17:00,-0.5061532914501482,0
TX001626,40131.23,2026-06-09 13:58:00,1.6227236005550978,0
TX001627,30979.23,2026-06-19 02:17:00,1.0463898447422957,0
TX001628,5352.68,2026-06-07 09:03:00,-0.5674044963880112,0
TX001629,10786.44,2026-04-23 13:09:00,-0.22522144252160245,0
TX001630,5293.52,2026-05-27 22:59:00,-0.5711300104826227,0
TX001631,783.38,2026-07-13 00:54:00,-0.8551494516366385,0
TX001632,41362.39,2026-03-07 19:34:00,1.700254092994618,0
TX001633,2865.78,2026-08-22 02:05:00,-0.7240133706593024,0
TX001634,11866.11,2026-07-14 21:40:00,-0.1572308102949407,0
TX001635,32808.68,2026-03-25 19:21:00,1.1615967710503954,0
TX001636,5195.42,2026-03-02 01:17:00,-0.5773077138748032,0
TX001637,2677.89,2026-04-11 09:20:00,-0.7358454674009619,0
TX001638,3041.5,2026-06-16 13:11:00,-0.712947661790047,0
TX001639,2665.55,2026-02-03 11:42:00,-0.7366225607736377,0
TX001640,5434.37,2026-03-27 20:31:00,-0.5622601886397214,0
TX001641,3614.36,2026-06-22 13:00:00,-0.6768726448150774,0
TX001642,1515.81,2026-05-21 12:18:00,-0.8090257483182414,0
TX001643,17802.41,2026-04-16 23:56:00,0.216598961845743,0
TX001644,11805.64,2026-04-28 04:40:00,-0.1610388197151768,0
TX001645,15879.63,2026-05-15 11:13:00,0.09551471588838503,0
TX001646,4387.96,2026-03-08 12:49:00,-0.6281563212249567,0
TX001647,21387.44,2026-03-22 15:30:00,0.44236095972615924,0
TX001648,2494.32,2026-03-11 22:16:00,-0.7474055184886538,0
TX001649,7161.33,2026-02-28 15:11:00,-0.4535074195249403,0
TX001650,7891.33,2026-06-26 08:33:00,-0.40753674188689987,0
TX001651,4439.38,2026-04-08 12:08:00,-0.6249182222603705,0
TX001652,26834.89,2026-03-12 21:54:00,0.7854061212321087,0
TX001653,7218.45,2026-01-04 13:48:00,-0.44991037143359114,0
TX001654,6533.78,2026-07-11 00:57:00,-0.49302645891090224,0
TX001655,21757.73,2026-02-02 12:40:00,0.4656794285242278,0
TX001656,18305.71,2026-04-29 17:43:00,0.24829354000358642,0
TX001657,1080.12,2026-04-26 17:36:00,-0.8364626860444301,0
TX001658,18247.8,2026-01-15 00:05:00,0.2446467428227386,0
TX001659,14146.15,2026-04-24 00:11:00,-0.013648640648587885,0
TX001660,1507.52,2026-01-14 09:40:00,-0.8095477988903226,0
TX001661,9260.92,2026-01-29 03:12:00,-0.32128882354952487,0
TX001662,7421.85,2026-08-11 21:26:00,-0.4371015552259508,0
TX001663,12432.81,2026-06-28 10:59:00,-0.12154371027099901,0
TX001664,9142.5,2026-07-23 06:39:00,-0.3287461490918492,0
TX001665,2569.04,2026-06-22 16:52:00,-0.7427001362515109,0
TX001666,2583.56,2026-05-31 19:24:00,-0.7417857605812309,0
TX001667,3551.17,2026-05-02 16:00:00,-0.6808519422396634,0
TX001668,5500.06,2026-03-11 20:27:00,-0.5581234573876079,0
TX001669,8525.76,2026-02-01 03:04:00,-0.3675844446075821,0
TX001670,15932.96,2026-03-01 14:40:00,0.09887309429720241,0
TX001671,8689.48,2026-06-17 01:18:00,-0.3572744181104589,0
TX001672,4907.42,2026-01-25 12:22:00,-0.5954440908059754,0
TX001673,5324.8,2026-04-16 17:47:00,-0.5691601984325981,0
TX001674,6847.33,2026-03-02 02:18:00,-0.4732811082623987,0
TX001675,7393.91,2026-01-10 06:56:00,-0.4388610356823986,0
TX001676,6684.41,2026-02-19 10:57:00,-0.4835407559347132,0
TX001677,5253.49,2026-06-04 03:46:00,-0.5736508409289937,0
TX001678,16439.53,2026-01-27 07:11:00,0.13077359590145188,0
TX001679,4293.02,2026-02-05 06:26:00,-0.6341350282591425,0
TX001680,4367.33,2026-05-23 02:16:00,-0.629455465169714,0
TX001681,17699.75,2026-02-24 11:07:00,0.21013409915215228,0
TX001682,2240.86,2026-07-26 21:49:00,-0.7633667896587054,0
TX001683,3091.71,2026-06-25 16:53:00,-0.709785760797984,0
TX001684,937.66,2026-05-19 10:26:00,-0.8454338952722592,0
TX001685,17046.24,2026-05-15 20:21:00,0.16898026690114448,0
TX001686,6763.7,2026-03-25 00:47:00,-0.47854758466084985,0
TX001687,9372.45,2026-03-20 06:55:00,-0.3142653856358664,0
TX001688,24216.08,2026-02-02 11:40:00,0.6204904084851547,0
TX001689,7722.92,2026-01-23 19:45:00,-0.4181421142444648,0
TX001690,12143.85,2026-05-02 04:21:00,-0.13974054179194162,0
TX001691,12420.79,2026-01-03 21:51:00,-0.12230065211375131,0
TX001692,3057.76,2026-07-13 14:46:00,-0.7119237121758079,0
TX001693,3032.84,2026-07-22 03:13:00,-0.7134930125686024,0
TX001694,15158.33,2026-06-26 12:58:00,0.050091907970140515,0
TX001695,2081.61,2026-05-27 01:09:00,-0.7733953244722094,0
TX001696,11059.65,2026-01-10 03:51:00,-0.2080164441140833,0
TX001697,11589.09,2026-01-05 18:28:00,-0.17467573785561188,0
TX001698,18902.23,2026-06-05 12:17:00,0.28585851072227664,0
TX001699,6179.5,2026-08-04 03:29:00,-0.5153367214774843,0
TX001700,6446.69,2026-07-18 21:36:00,-0.4985108237266515,0
TX001701,3750.63,2026-07-25 11:53:00,-0.6682912417442065,0
TX001702,6847.51,2026-04-22 04:14:00,-0.4732697730268167,0
TX001703,3774.2,2026-05-05 05:49:00,-0.666806955618277,0
TX001704,3285.3,2026-07-16 17:41:00,-0.6975947149295617,0
TX001705,2130.77,2026-02-10 19:46:00,-0.770299545687708,0
TX001706,7539.96,2026-01-02 19:39:00,-0.42966375147823993,0
TX001707,2355.22,2026-03-10 00:45:00,-0.7561651366522859,0
TX001708,2544.17,2026-04-26 00:36:00,-0.7442662879677547,0
TX001709,5014.33,2026-01-11 16:44:00,-0.5887115906055878,0
TX001710,5996.67,2026-02-09 15:29:00,-0.5268501721522281,0
TX001711,5788.29,2026-04-10 21:57:00,-0.5399725965443033,0
TX001712,4100.79,2026-02-10 23:09:00,-0.6462404301253898,0
TX001713,2686.72,2026-08-18 16:51:00,-0.7352894111221346,0
TX001714,1414.21,2026-02-14 22:28:00,-0.8154238590689603,0
TX001715,6745.51,2026-07-29 02:11:00,-0.4796930731899402,0
TX001716,3769.35,2026-03-07 19:16:00,-0.6671123772436802,0
TX001717,6549.84,2026-05-10 21:34:00,-0.49201510400286536,0
TX001718,23223.07,2026-05-07 10:15:00,0.5579570624559074,0
TX001719,4872.71,2026-02-15 17:14:00,-0.5976299020673675,0
TX001720,2021.45,2026-05-18 04:48:00,-0.777183812097832,0
TX001721,21730.03,2026-01-06 12:02:00,0.46393506171522264,0
TX001722,10217.23,2026-04-15 18:43:00,-0.2610666061083819,0
TX001723,5876.26,2026-06-15 16:51:00,-0.5344328150212643,0
TX001724,5971.88,2026-01-11 09:30:00,-0.5284112859859912,0
TX001725,6600.38,2026-04-04 00:17:00,-0.4888324217455687,0
TX001726,56097.0,2026-08-23 16:11:00,2.6281445127648184,0
TX001727,8582.06,2026-02-21 03:26:00,-0.36403903481166205,0
TX001728,3418.96,2026-01-31 13:20:00,-0.6891776727746295,0
TX001729,22015.12,2026-03-17 13:08:00,0.4818881856711527,0
TX001730,6930.2,2026-03-01 03:06:00,-0.46806249174751596,0
TX001731,18101.01,2026-06-06 22:55:00,0.23540285820563175,0
TX001732,5083.19,2026-06-16 13:46:00,-0.5843752332601694,0
TX001733,4038.91,2026-04-07 04:35:00,-0.6501372322243513,0
TX001734,2628.43,2026-01-17 17:16:00,-0.7389601382447666,0
TX001735,6478.47,2026-07-05 03:04:00,-0.49650952491112144,0
TX001736,15631.87,2026-07-13 14:25:00,0.07991239384509624,0
TX001737,6068.48,2026-07-20 18:06:00,-0.5223280428903272,0
TX001738,4196.8,2026-07-07 10:12:00,-0.6401943414130222,0
TX001739,8574.94,2026-01-29 20:37:00,-0.3644874063524604,0
TX001740,3102.45,2026-04-23 12:20:00,-0.7091094250749258,0
TX001741,16402.92,2026-07-21 02:18:00,0.1284681349311386,0
TX001742,32825.74,2026-05-09 03:36:00,1.1626710994894431,0
TX001743,3285.51,2026-04-08 14:41:00,-0.6975814904880494,0
TX001744,2888.49,2026-06-02 11:53:00,-0.7225832417700423,0
TX001745,5872.03,2026-05-31 07:35:00,-0.5346991930574408,0
TX001746,2741.11,2026-01-16 21:18:00,-0.7318642807704455,0
TX001747,20380.71,2026-07-23 20:51:00,0.3789636168514409,0
TX001748,95506.63,2026-05-05 05:08:00,5.109908069702415,1
TX001749,12686.38,2026-03-13 16:03:00,-0.10557551201253615,0
TX001750,14631.09,2026-06-22 15:02:00,0.016889743479893384,0
TX001751,16995.96,2026-01-14 06:17:00,0.16581395776191055,0
TX001752,17943.38,2026-08-09 03:23:00,0.22547634051236576,0
TX001753,7245.59,2026-02-15 17:13:00,-0.4482012698019522,0
TX001754,31194.66,2026-07-21 19:04:00,1.0599562325279983,0
TX001755,5561.72,2026-07-02 10:04:00,-0.5542405094654688,0
TX001756,12438.43,2026-06-27 07:22:00,-0.12118979902671706,0
TX001757,3918.32,2026-05-24 11:26:00,-0.6577312103289695,0
TX001758,4036.97,2026-06-17 03:46:00,-0.6502594008745127,0
TX001759,4135.23,2026-08-01 01:47:00,-0.6440716217173704,0
TX001760,2880.84,2026-01-09 18:08:00,-0.7230649892822766,0
TX001761,13364.69,2026-07-02 03:01:00,-0.062859936192455,0
TX001762,4203.85,2026-05-10 10:12:00,-0.6397503780193946,0
TX001763,17115.03,2026-01-31 23:35:00,0.17331221609939199,0
TX001764,10093.58,2026-03-02 00:24:00,-0.2688532832178938,0
TX001765,20504.44,2026-04-27 06:55:00,0.3867553318434337,0
TX001766,8445.86,2026-05-08 10:59:00,-0.3726160297353621,0
TX001767,1030.93,2026-03-08 12:38:00,-0.8395603540348618,0
TX001768,4768.12,2026-01-28 01:19:00,-0.6042163036758096,0
TX001769,47530.87,2026-07-08 04:29:00,2.0887050595654393,0
TX001770,6916.61,2026-01-13 00:32:00,-0.4689183020339557,0
TX001771,2498.2,2026-03-15 14:45:00,-0.7471611811883311,0
TX001772,9522.3,2026-04-02 01:48:00,-0.30482880201386603,0
TX001773,10905.37,2026-04-16 09:25:00,-0.2177320004784625,0
TX001774,10029.74,2026-05-07 00:42:00,-0.27287351343763694,0
TX001775,3175.77,2026-01-27 08:39:00,-0.7044922057811981,0
TX001776,2492.19,2026-06-04 14:09:00,-0.7475396521097072,0
TX001777,6079.98,2026-08-26 05:43:00,-0.5216038472837005,0
TX001778,8821.59,2026-02-18 12:30:00,-0.3489549849285938,0
TX001779,4841.74,2026-03-24 21:41:00,-0.5995801923227787,0
TX001780,10380.03,2026-07-23 12:20:00,-0.2508145152597887,0
TX001781,19190.15,2026-06-12 07:04:00,0.303989849770968,0
TX001782,56100.95,2026-03-14 08:19:00,2.6283932582123115,0
TX001783,3134.91,2026-02-14 05:59:00,-0.7070653042583082,0
TX001784,6660.3,2026-03-16 10:39:00,-0.48505904776738873,0
TX001785,4212.3,2026-01-01 07:57:00,-0.6392182516823515,0
TX001786,13132.38,2026-07-17 23:33:00,-0.0774893171816238,0
TX001787,36819.57,2026-04-25 08:56:00,1.4141766768471622,0
TX001788,20627.7,2026-05-14 05:33:00,0.3945174492758515,0
TX001789,9750.06,2026-05-31 14:45:00,-0.2904859505907974,0
TX001790,10771.04,2026-05-15 20:09:00,-0.22619123489917203,0
TX001791,3666.57,2026-07-01 07:40:00,-0.6735847967609924,0
TX001792,11012.54,2026-06-18 19:45:00,-0.2109831271600121,0
TX001793,21552.1,2026-08-04 01:05:00,0.45273018134243287,0
TX001794,17697.44,2026-06-05 10:44:00,0.20998863029551676,0
TX001795,16908.78,2026-07-15 12:59:00,0.1603239253283703,0
TX001796,29004.13,2026-05-01 21:29:00,0.9220108236424414,0
TX001797,9942.22,2026-01-13 09:34:00,-0.27838495687172093,0
TX001798,462.15,2026-04-14 06:59:00,-0.8753784390033066,0
TX001799,5927.47,2026-03-17 03:53:00,-0.5312079404981903,0
TX001800,2018.3,2026-07-26 12:57:00,-0.7773821787205168,0
TX001801,8696.99,2026-01-01 12:24:00,-0.3568014868925662,0
TX001802,4475.32,2026-05-08 02:34:00,-0.6226549535558346,0
TX001803,2407.08,2026-01-18 22:20:00,-0.7528993293340547,0
TX001804,5292.47,2026-04-22 06:11:00,-0.5711961326901843,0
TX001805,5305.79,2026-08-25 02:20:00,-0.5703573252571177,0
TX001806,2556.12,2026-08-26 21:58:00,-0.743513754272173,0
TX001807,14806.55,2026-04-26 02:06:00,0.02793907923108589,0
TX001808,2426.93,2026-07-19 13:32:00,-0.751649304743486,0
TX001809,27211.89,2026-03-23 19:08:00,0.8091471424232611,0
TX001810,2840.19,2026-03-05 21:36:00,-0.7256248633178742,0
TX001811,15323.44,2026-04-27 18:28:00,0.060489467675369106,0
TX001812,14261.59,2026-03-13 05:00:00,-0.006378976228676371,0
TX001813,12854.9,2026-06-14 13:20:00,-0.09496321256656001,0
TX001814,12589.13,2026-04-20 15:13:00,-0.11169968790335728,0
TX001815,2837.64,2026-08-06 01:40:00,-0.7257854458219524,0
TX001816,14764.58,2026-01-02 12:30:00,0.025296080134553662,0
TX001817,39709.66,2026-06-30 16:20:00,1.5961758490867846,0
TX001818,18456.03,2026-03-10 06:31:00,0.25775972118516205,0
TX001819,3699.53,2026-01-13 05:20:00,-0.6715091891788693,0
TX001820,10132.22,2026-01-07 19:46:00,-0.26641998597962824,0
TX001821,5810.01,2026-01-06 23:50:00,-0.538604811450744,0
TX001822,60802.53,2026-06-12 21:46:00,2.924468352143076,0
TX001823,1940.54,2026-05-28 08:52:00,-0.7822790004919333,0
TX001824,3383.54,2026-08-19 17:29:00,-0.6914081952430398,0
TX001825,11000.31,2026-08-26 15:18:00,-0.2117532934442769,0
TX001826,19849.87,2026-02-27 09:32:00,0.34553474764955416,0
TX001827,3898.77,2026-05-27 23:51:00,-0.6589623428602348,0
TX001828,5218.56,2026-02-27 03:01:00,-0.5758505063672084,0
TX001829,2708.53,2026-08-03 16:33:00,-0.7339159584107844,0
TX001830,12593.47,2026-07-31 19:54:00,-0.11142638277876947,0
TX001831,19631.87,2026-07-05 14:13:00,0.33180651788915305,0
TX001832,4689.8,2026-04-20 07:50:00,-0.6091483906245921,0
TX001833,20545.98,2026-01-24 22:08:00,0.3893712523216313,0
TX001834,5310.89,2026-02-02 15:50:00,-0.5700361602489613,0
TX001835,8694.51,2026-03-28 06:01:00,-0.3569576612494734,0
TX001836,9834.01,2026-07-27 12:28:00,-0.28519932266242276,0
TX001837,24993.91,2026-01-03 09:00:00,0.6694731101114518,0
TX001838,4025.07,2026-04-03 00:04:00,-0.6510087858935437,0
TX001839,22091.14,2026-04-28 11:38:00,0.48667543349861003,0
TX001840,7307.0,2026-04-30 19:36:00,-0.4443340652625658,0
TX001841,5729.82,2026-05-02 17:44:00,-0.5436546589025173,0
TX001842,7608.74,2026-08-15 08:46:00,-0.4253324320153024,0
TX001843,13268.98,2026-06-28 04:41:00,-0.06888713284551924,0
TX001844,9906.52,2026-07-31 19:51:00,-0.28063311192881407,0
TX001845,12070.51,2026-03-25 18:25:00,-0.1443590205562894,0
TX001846,9052.24,2026-03-11 02:39:00,-0.3344301400009034,0
TX001847,5578.54,2026-04-09 12:12:00,-0.5531812946738636,0
TX001848,4704.39,2026-01-29 16:53:00,-0.6082296068071414,0
TX001849,17940.57,2026-07-05 17:05:00,0.22529938489022472,0
TX001850,6001.71,2026-02-20 22:20:00,-0.5265327855559325,0
TX001851,1355.12,2026-04-27 11:04:00,-0.8191449650164011,0
TX001852,4570.61,2026-08-03 18:21:00,-0.6166542057857951,0
TX001853,2315.83,2026-04-02 06:07:00,-0.7586456640388097,0
TX001854,6211.12,2026-07-24 09:38:00,-0.5133454984269161,0
TX001855,21056.92,2026-06-11 12:43:00,0.4215469482563988,0
TX001856,15292.54,2026-05-28 23:43:00,0.05854358556712879,0
TX001857,14748.14,2026-03-27 21:01:00,0.024260795284732555,0
TX001858,6423.52,2026-08-11 16:26:00,-0.49996992044017663,0
TX001859,9200.49,2026-01-06 06:17:00,-0.3250943140285205,0
TX001860,11028.14,2026-07-12 22:12:00,-0.21000074007624037,0
TX001861,3524.46,2026-01-11 14:21:00,-0.6825339652529675,0
TX001862,902.64,2026-07-11 07:11:00,-0.8476392283282649,0
TX001863,14306.9,2026-05-07 20:04:00,-0.0035256455385673487,0
TX001864,15951.08,2026-05-16 17:05:00,0.10001417467912205,0
TX001865,2378.05,2026-04-15 04:40:00,-0.7547274509393043,0
TX001866,1920.71,2026-02-17 09:09:00,-0.7835277656118815,0
TX001867,8538.12,2026-04-30 05:18:00,-0.3668060917642859,0
TX001868,20641.47,2026-06-23 02:10:00,0.39538459479787313,0
TX001869,22905.4,2026-01-09 17:15:00,0.5379522608596385,0
TX001870,5665.62,2026-08-22 23:39:00,-0.5476975595934243,0
TX001871,7118.09,2026-08-26 16:31:00,-0.4562303950058565,0
TX001872,10503.52,2026-03-20 14:27:00,-0.2430379139152386,0
TX001873,8216.02,2026-01-18 09:57:00,-0.3870898661029336,0
TX001874,7862.29,2026-02-12 06:01:00,-0.40936549322745974,0
TX001875,1673.38,2026-07-03 04:05:00,-0.7991030090368358,0
TX001876,3950.35,2026-07-18 10:30:00,-0.6557141681306867,0
TX001877,5414.1,2026-03-23 12:35:00,-0.5635366621133147,0
TX001878,5683.42,2026-05-29 17:29:00,-0.5465766307414283,0
TX001879,45375.58,2026-01-13 00:24:00,1.9529788379127102,0
TX001880,5646.45,2026-07-28 09:33:00,-0.5489047621829055,0
TX001881,14953.62,2026-02-19 22:47:00,0.037200596436875843,0
TX001882,7376.42,2026-07-21 05:22:00,-0.4399624427397812,0
TX001883,19778.71,2026-01-23 18:02:00,0.3410535511828104,0
TX001884,8760.69,2026-07-10 14:07:00,-0.3527900729671645,0
TX001885,5348.14,2026-02-10 18:10:00,-0.567690396218801,0
TX001886,29636.2,2026-07-13 01:20:00,0.9618145033885731,0
TX001887,30724.48,2026-05-11 16:50:00,1.0303473377172396,0
TX001888,34181.57,2026-05-22 19:48:00,1.2480525020401068,0
TX001889,3819.84,2026-07-29 11:17:00,-0.6639328436629341,0
TX001890,12052.35,2026-05-01 20:50:00,-0.14550261987944943,0
TX001891,6154.15,2026-08-26 12:42:00,-0.5169331004886136,0
TX001892,7973.11,2026-01-04 08:56:00,-0.4023867665208192,0
TX001893,4278.49,2026-01-25 21:27:00,-0.6350500336647326,0
TX001894,7795.52,2026-01-20 07:24:00,-0.41357023589306513,0
TX001895,4643.97,2026-06-14 03:27:00,-0.612034467550827,0
TX001896,7350.51,2026-03-18 18:15:00,-0.44159408692827656,0
TX001897,4359.34,2026-03-25 22:27:00,-0.629958623682492,0
TX001898,64387.6,2026-03-24 19:18:00,3.1502328689647325,1
TX001899,19846.76,2026-08-01 07:56:00,0.34533889996810985,0
TX001900,1887.98,2026-06-09 18:58:00,-0.7855888892818722,0
TX001901,9494.09,2026-08-27 07:20:00,-0.3066052853236867,0
TX001902,8850.19,2026-02-20 22:22:00,-0.34715394194167876,0
TX001903,2036.5,2026-04-29 08:41:00,-0.7762360604561163,0
TX001904,7068.13,2026-08-07 01:42:00,-0.4593765526151668,0
TX001905,14446.32,2026-03-20 01:20:00,0.00525412415498826,0
TX001906,5661.12,2026-06-22 18:27:00,-0.5479809404829739,0
TX001907,20475.17,2026-03-22 23:38:00,0.38491209659074127,0
TX001908,23205.97,2026-07-05 10:57:00,0.5568802150756191,0
TX001909,3119.81,2026-02-06 22:59:00,-0.7080162045765745,0
TX001910,17156.94,2026-04-14 11:43:00,0.17595143678406358,0
TX001911,8695.55,2026-03-03 12:11:00,-0.3568921687772221,0
TX001912,4239.9,2026-05-24 19:31:00,-0.6374801822264475,0
TX001913,14898.84,2026-07-13 20:11:00,0.033750906408092446,0
TX001914,17725.61,2026-04-13 23:28:00,0.21176259466409716,0
TX001915,30829.26,2026-01-16 12:16:00,1.0369457042965737,0
TX001916,40650.67,2026-05-19 05:17:00,1.6554345715034586,0
TX001917,13965.44,2026-01-22 08:38:00,-0.02502858743758821,0
TX001918,5739.35,2026-07-28 06:13:00,-0.5430545211519823,0
TX001919,14423.15,2026-03-07 16:56:00,0.003795027441463055,0
TX001920,4467.12,2026-03-04 19:49:00,-0.6231713365101248,0
TX001921,33028.33,2026-05-22 04:28:00,1.1754289071369648,0
TX001922,1151.38,2026-06-02 21:15:00,-0.8319751922245853,0
TX001923,9005.0,2026-02-15 18:15:00,-0.33740500960586367,0
TX001924,14183.54,2026-07-22 23:58:00,-0.011294060324085985,0
TX001925,3732.44,2026-02-02 23:16:00,-0.6694367302732968,0
TX001926,9093.04,2026-03-26 23:44:00,-0.3318608199356539,0
TX001927,15561.43,2026-08-28 17:25:00,0.07547653832068037,0
TX001928,14365.41,2026-06-07 03:50:00,0.00015893576088710757,0
TX001929,5695.37,2026-01-07 17:22:00,-0.5458240970458467,0
TX001930,22682.36,2026-03-30 11:23:00,0.5239066445029419,0
TX001931,8899.97,2026-01-21 13:26:00,-0.3440191195679505,0
TX001932,19179.35,2026-07-02 05:27:00,0.30330973563604885,0
TX001933,1552.56,2026-02-21 23:11:00,-0.8067114710535865,0
TX001934,22591.15,2026-06-06 01:46:00,0.5181628287394274,0
TX001935,43958.79,2026-07-01 15:49:00,1.8637585689116152,0
TX001936,4228.81,2026-04-21 09:33:00,-0.6381785586853598,0
TX001937,15446.13,2026-05-01 21:48:00,0.06821569019511037,0
TX001938,12880.0,2026-05-14 06:24:00,-0.09338257693818353,0
TX001939,3127.15,2026-08-09 09:09:00,-0.7075539788589537,0
TX001940,4329.85,2026-08-10 05:05:00,-0.6318157131120068,0
TX001941,58256.13,2026-06-17 07:05:00,2.7641125527766293,0
TX001942,10680.34,2026-03-28 19:19:00,-0.23190293416187108,0
TX001943,23025.52,2026-05-22 19:40:00,0.5455166414046816,0
TX001944,4772.19,2026-03-21 13:36:00,-0.6039600014045947,0
TX001945,5551.45,2026-01-17 03:51:00,-0.5548872476289519,0
TX001946,3178.5,2026-05-15 19:49:00,-0.704320288041538,0
TX001947,6601.51,2026-07-18 20:31:00,-0.48876126165552625,0
TX001948,2809.26,2026-05-06 22:40:00,-0.7275726346320449,0
TX001949,2183.01,2026-02-04 08:59:00,-0.7670098084276926,0
TX001950,8621.16,2026-07-23 12:41:00,-0.3615767697491314,0
TX001951,5263.37,2026-06-11 02:47:00,-0.5730286624426048,0
TX001952,9071.63,2026-08-04 08:27:00,-0.3332090832345998,0
TX001953,24126.46,2026-05-07 05:35:00,0.6148467206359475,0
TX001954,7782.03,2026-04-01 18:35:00,-0.41441974882640376,0
TX001955,1417.87,2026-05-09 23:48:00,-0.8151933759454599,0
TX001956,6564.28,2026-03-29 03:34:00,-0.4911057662150663,0
TX001957,9930.63,2026-08-19 22:07:00,-0.2791148200961386,0
TX001958,8679.69,2026-04-08 10:00:00,-0.35789092897905667,0
TX001959,5388.33,2026-03-29 01:01:00,-0.5651594900074685,0
TX001960,1171.3,2026-04-23 10:00:00,-0.8307207594868459,0
TX001961,4579.38,2026-05-28 07:42:00,-0.6161019279188285,0
TX001962,3229.81,2026-04-25 02:33:00,-0.701089116165363,0
TX001963,14390.79,2026-08-02 11:25:00,0.001757203977946713,0
TX001964,14967.54,2026-04-27 11:51:00,0.03807718798854917,0
TX001965,12760.42,2026-01-02 14:10:00,-0.1009129517764806,0
TX001966,10788.7,2026-04-24 03:26:00,-0.22507912234151753,0
TX001967,3645.7,2026-01-18 14:22:00,-0.6748990543531923,0
TX001968,5354.39,2026-08-26 01:52:00,-0.5672968116499822,0
TX001969,6809.38,2026-04-03 15:58:00,-0.4756709537642667,0
TX001970,13929.01,2026-08-25 13:58:00,-0.027322713172319477,0
TX001971,43227.8,2026-01-18 03:08:00,1.8177255474778742,0
TX001972,2348.01,2026-08-07 00:54:00,-0.7566191758108752,0
TX001973,4450.89,2026-07-16 15:54:00,-0.6241933969184336,0
TX001974,5040.22,2026-08-15 11:28:00,-0.5870812058877127,0
TX001975,4722.47,2026-07-06 18:41:00,-0.6070910453664624,0
TX001976,19527.54,2026-06-24 19:50:00,0.32523648939877403,0
TX001977,13953.23,2026-02-03 14:41:00,-0.025797494251232754,0
TX001978,7194.93,2026-05-30 16:09:00,-0.45139150888297014,0
TX001979,8582.83,2026-07-07 01:25:00,-0.3639905451927835,0
TX001980,8286.31,2026-02-22 23:53:00,-0.3826634566081695,0
TX001981,1826.97,2026-08-08 21:54:00,-0.7894309044088541,0
TX001982,3726.62,2026-01-22 18:58:00,-0.6698032362237809,0
TX001983,14946.55,2026-07-17 18:54:00,0.03675537357262788,0
TX001984,2075.97,2026-08-22 03:17:00,-0.7737504951871116,0
TX001985,8404.03,2026-05-04 18:20:00,-0.3752502125375528,0
TX001986,3969.48,2026-08-22 19:54:00,-0.6545094844824461,0
TX001987,5936.91,2026-03-01 09:39:00,-0.5306134703654463,0
TX001988,5569.6,2026-01-03 15:26:00,-0.5537442780411019,0
TX001989,6048.42,2026-03-08 22:02:00,-0.523591291922408,0
TX001990,5423.52,2026-08-22 08:58:00,-0.5629434514511908,0
TX001991,2744.96,2026-03-06 19:46:00,-0.7316218326760531,0
TX001992,7766.04,2026-06-17 05:05:00,-0.41542669558726986,0
TX001993,3550.37,2026-07-02 01:28:00,-0.6809023210644721,0
TX001994,55071.68,2026-03-11 05:07:00,2.5635764919486053,0
TX001995,5587.6,2026-01-18 23:32:00,-0.5526107544829036,0
TX001996,22655.45,2026-08-02 20:47:00,0.5222120267834356,0
TX001997,24214.0,2026-07-18 01:29:00,0.6203594235406518,0
TX001998,15621.37,2026-01-29 06:57:00,0.0792511717694806,0
TX001999,12389.33,2026-07-22 06:08:00,-0.12428179939935788,0
TX002000,2234.56,2026-04-24 14:08:00,-0.7637635229040749,0
TX002001,14618.37,2026-08-17 15:15:00,0.016088720165433328,0
TX002002,13350.01,2026-01-07 23:17:00,-0.06378438762769671,0
TX002003,4299.47,2026-01-19 15:40:00,-0.6337288489841215,0
TX002004,7134.55,2026-07-18 06:37:00,-0.4551938506854152,0
TX002005,3137.97,2026-05-12 14:54:00,-0.7068726052534144,0
TX002006,10255.64,2026-01-19 22:47:00,-0.25864779278224886,0
TX002007,6260.69,2026-08-28 23:21:00,-0.5102239004947001,0
TX002008,2827.23,2026-03-24 03:42:00,-0.7264410002797771,0
TX002009,10420.49,2026-02-19 04:23:00,-0.24826660619508314,0
TX002010,9740.8,2026-03-23 19:55:00,-0.29106908548795946,0
TX002011,10757.53,2026-01-26 12:34:00,-0.22704200730313084,0
TX002012,6659.47,2026-07-05 14:53:00,-0.48511131579812783,0
TX002013,2073.13,2026-07-26 14:46:00,-0.7739293400151829,0
TX002014,10426.34,2026-04-11 08:15:00,-0.2478982110386687,0
TX002015,4606.18,2026-03-27 17:50:00,-0.6144142372877333,0
TX002016,23925.61,2026-07-11 20:58:00,0.6021984869323853,0
TX002017,9759.13,2026-01-24 23:16:00,-0.2899147806645275,0
TX002018,10918.59,2026-07-18 23:10:00,-0.21689949039849693,0
TX002019,2052.46,2026-01-19 06:55:00,-0.7752310029011804,0
TX002020,5187.96,2026-06-22 14:16:00,-0.5777774964161453,0
TX002021,9470.62,2026-05-07 21:25:00,-0.30808327409651515,0
TX002022,3638.84,2026-03-13 12:30:00,-0.6753310527759278,0
TX002023,9389.65,2026-03-01 20:29:00,-0.31318224090247704,0
TX002024,6324.92,2026-01-18 06:31:00,-0.5061791105978627,0
TX002025,19940.99,2026-03-16 06:31:00,0.35127289579527793,0
TX002026,8996.21,2026-02-23 14:04:00,-0.3379585469434505,0
TX002027,14121.92,2026-04-24 01:56:00,-0.015174489304984733,0
TX002028,9941.67,2026-05-16 17:23:00,-0.27841959231377694,0
TX002029,3763.91,2026-08-09 11:09:00,-0.6674549532523802,0
TX002030,22809.56,2026-05-07 00:31:00,0.531916877647543,0
TX002031,13065.59,2026-02-28 03:39:00,-0.08169531931784939,0
TX002032,14562.91,2026-08-13 09:56:00,0.012596208135562417,0
TX002033,6734.31,2026-07-11 01:30:00,-0.48039837673726354,0
TX002034,12296.66,2026-03-04 07:33:00,-0.13011755651814857,0
TX002035,27959.24,2026-07-25 10:53:00,0.8562104108243428,0
TX002036,3343.88,2026-08-31 10:58:00,-0.6939057254829366,0
TX002037,6958.03,2026-02-23 23:03:00,-0.4663099383794795,0
TX002038,9295.85,2026-04-30 16:30:00,-0.31908915811131017,0
TX002039,1100.1,2026-08-27 10:32:00,-0.83520447489483,0
TX002040,17628.52,2026-01-19 09:29:00,0.20564849453823777,0
TX002041,3369.95,2026-07-20 07:22:00,-0.6922640055294794,0
TX002042,9305.27,2026-08-04 11:49:00,-0.3184959474491864,0
TX002043,4915.24,2026-03-12 17:25:00,-0.5949516377934693,0
TX002044,5058.67,2026-02-19 11:01:00,-0.5859193442405595,0
TX002045,5822.06,2026-08-31 17:10:00,-0.5378459804020613,0
TX002046,1210.15,2026-04-16 19:56:00,-0.8282742378070679,0
TX002047,33555.61,2026-03-20 23:14:00,1.2086335905684522,0
TX002048,9467.27,2026-06-03 23:30:00,-0.3082942354254021,0
TX002049,12426.8,2026-04-17 21:24:00,-0.12192218119237522,0
TX002050,2860.57,2026-01-01 10:23:00,-0.7243414627558699,0
TX002051,21821.88,2026-08-31 17:58:00,0.4697191805385844,0
TX002052,4267.51,2026-06-18 05:27:00,-0.6357414830352335,0
TX002053,3317.07,2026-03-23 07:08:00,-0.6955940458493418,0
TX002054,2099.87,2026-06-08 23:39:00,-0.7722454277959483,0
TX002055,41501.23,2026-07-11 10:16:00,1.7089973380401873,0
TX002056,5524.02,2026-02-09 23:20:00,-0.5566146115845839,0
TX002057,1370.01,2026-08-17 05:55:00,-0.8182072891396471,0
TX002058,13087.57,2026-02-11 13:52:00,-0.08031116110622732,0
TX002059,3184.44,2026-02-13 19:37:00,-0.7039462252673326,0
TX002060,3528.54,2026-01-30 07:57:00,-0.6822770332464427,0
TX002061,10632.05,2026-05-25 00:42:00,-0.234943925974393,0
TX002062,7562.96,2026-07-23 15:45:00,-0.42821536026498663,0
TX002063,8730.22,2026-03-14 02:28:00,-0.35470887645707017,0
TX002064,17406.38,2026-05-25 14:31:00,0.19165955435945112,0
TX002065,15379.5,2026-03-23 02:48:00,0.06401976382384654,0
TX002066,34576.28,2026-08-25 01:29:00,1.272908784465464,0
TX002067,3554.4,2026-02-15 20:44:00,-0.6806485377344978,0
TX002068,19208.91,2026-08-01 11:39:00,0.30517123321273454,0
TX002069,17193.49,2026-08-19 13:46:00,0.17825311934251634,0
TX002070,25570.45,2026-03-08 18:06:00,0.705779869680542,0
TX002071,8405.45,2026-01-07 14:51:00,-0.37516079012351716,0
TX002072,7517.88,2026-02-10 10:53:00,-0.4310542070429631,0
TX002073,3326.82,2026-06-30 00:34:00,-0.6949800539219845,0
TX002074,4017.47,2026-04-03 21:34:00,-0.6514873847292275,0
TX002075,10222.56,2026-03-01 10:00:00,-0.2607309571880932,0
TX002076,8193.16,2026-01-17 17:01:00,-0.38852944102184545,0
TX002077,6070.64,2026-01-28 20:43:00,-0.5221920200633433,0
TX002078,4403.46,2026-02-27 11:38:00,-0.627180231494286,0
TX002079,2924.98,2026-02-25 19:49:00,-0.7202853376234504,0
TX002080,5085.41,2026-01-19 16:08:00,-0.5842354320213249,0
TX002081,4229.49,2026-08-16 18:00:00,-0.6381357366842723,0
TX002082,3104.55,2026-08-20 01:14:00,-0.7089771806598025,0
TX002083,1728.05,2026-04-29 16:40:00,-0.7956602460964637,0
TX002084,2424.9,2026-04-24 13:22:00,-0.7517771410114384,0
TX002085,11107.28,2026-08-28 08:17:00,-0.20501701483202864,0
TX002086,2162.86,2026-05-10 13:54:00,-0.7682787250775645,0
TX002087,10047.84,2026-06-27 17:35:00,-0.27173369252633756,0
TX002088,1816.37,2026-06-22 12:50:00,-0.7900984238375708,0
TX002089,20646.12,2026-06-03 02:35:00,0.3956774217170742,0
TX002090,8950.97,2026-05-09 00:33:00,-0.3408074694863888,0
TX002091,12436.22,2026-02-27 06:35:00,-0.12132897053025146,0
TX002092,11972.49,2026-04-01 08:14:00,-0.15053168606598907,0
TX002093,3865.71,2026-02-14 05:34:00,-0.6610442477954589,0
TX002094,81240.57,2026-08-27 10:25:00,4.211523897887426,1
TX002095,3225.99,2026-05-24 05:38:00,-0.701329675053825,0
TX002096,20474.6,2026-08-26 10:07:00,0.384876201678065,0
TX002097,16334.55,2026-02-12 19:23:00,0.12416263461591563,0
TX002098,7466.09,2026-01-31 00:50:00,-0.43431560621402354,0
TX002099,11133.48,2026-07-16 18:09:00,-0.2033671083195401,0
TX002100,15130.46,2026-01-21 21:13:00,0.0483368356608635,0
TX002101,1564.98,2026-05-02 12:12:00,-0.8059293397984297,0
TX002102,10450.35,2026-01-12 04:24:00,-0.2463862165590942,0
TX002103,20402.79,2026-08-22 16:18:00,0.38035407241616426,0
TX002104,2905.05,2026-08-13 08:42:00,-0.7215404000964998,0
TX002105,11061.44,2026-06-14 12:43:00,-0.20790372149357353,0
TX002106,13533.84,2026-04-14 15:22:00,-0.05220796342194198,0
TX002107,18951.74,2026-02-15 09:00:00,0.2889763302426321,0
TX002108,54158.31,2026-05-08 08:57:00,2.5060583579290747,0
TX002109,50132.3,2026-05-14 23:07:00,2.252526292343422,0
TX002110,3939.53,2026-02-12 20:42:00,-0.6563955417362258,0
TX002111,19554.24,2026-05-18 01:53:00,0.3269178826767682,0
TX002112,6242.57,2026-08-23 23:32:00,-0.5113649808766197,0
TX002113,32955.81,2026-06-06 15:18:00,1.1708620666680458,0
TX002114,6421.12,2026-06-10 20:01:00,-0.5001210569146031,0
TX002115,14598.15,2026-04-13 00:50:00,0.014815395368390546,0
TX002116,60995.16,2026-03-15 10:30:00,2.936598943421728,0
TX002117,6051.7,2026-06-01 01:42:00,-0.523384738740692,0
TX002118,19213.41,2026-01-10 15:29:00,0.3054546141022841,0
TX002119,8599.04,2026-01-18 04:14:00,-0.36296974425509493,0
TX002120,10091.02,2026-03-30 02:05:00,-0.26901449545728195,0
TX002121,2446.75,2026-01-01 13:42:00,-0.7504011693588477,0
TX002122,1437.27,2026-01-14 15:19:00,-0.8139716894438463,0
TX002123,21965.24,2026-07-31 18:47:00,0.4787470659443235,0
TX002124,8863.69,2026-01-14 19:11:00,-0.34630379927303007,0
TX002125,3796.95,2026-07-26 14:25:00,-0.6653743077877764,0
TX002126,7856.81,2026-04-18 04:38:00,-0.4097105881774001,0
TX002127,23902.3,2026-05-12 01:22:00,0.6007305739245186,0
TX002128,8790.54,2026-04-19 13:46:00,-0.35091031306648574,0
TX002129,34039.96,2026-07-22 14:26:00,1.239134820313637,0
TX002130,9878.65,2026-04-05 14:35:00,-0.2823881842380911,0
TX002131,13078.46,2026-03-03 16:59:00,-0.0808848499737377,0
TX002132,9049.51,2026-07-11 22:48:00,-0.3346020577405634,0
TX002133,4923.63,2026-04-08 02:50:00,-0.5944232898682869,0
TX002134,16203.26,2026-03-05 03:25:00,0.11589483972947963,0
TX002135,5508.37,2026-01-28 06:55:00,-0.5576001473449063,0
TX002136,7205.45,2026-09-01 00:03:00,-0.4507290273367343,0
TX002137,15004.16,2026-06-05 13:18:00,0.04038327869417244,0
TX002138,2519.28,2026-01-14 08:34:00,-0.7458336991546188,0
TX002139,3097.87,2026-06-20 00:09:00,-0.709397843846956,0
TX002140,5574.85,2026-05-25 03:09:00,-0.5534136670032941,0
TX002141,15363.93,2026-07-15 10:37:00,0.06303926594600506,0
TX002142,17045.03,2026-01-19 10:58:00,0.16890406892862098,0
TX002143,20387.13,2026-02-28 23:23:00,0.3793679069205318,0
TX002144,5687.95,2026-05-21 02:47:00,-0.5462913606459485,0
TX002145,37476.45,2026-08-15 16:13:00,1.455542729897677,0
TX002146,6257.36,2026-06-29 14:41:00,-0.5104336023529668,0
TX002147,9777.16,2026-01-20 22:48:00,-0.28877936790039893,0
TX002148,4049.81,2026-07-07 19:33:00,-0.6494508207363313,0
TX002149,4314.45,2026-01-05 21:05:00,-0.6327855054895765,0
TX002150,7213.68,2026-07-24 03:41:00,-0.45021075517651366,0
TX002151,5343.47,2026-07-03 02:46:00,-0.5679844826086227,0
TX002152,1735.16,2026-07-02 19:20:00,-0.7952125042909753,0
TX002153,5401.98,2026-06-02 06:03:00,-0.5642999013091682,0
TX002154,24264.68,2026-05-27 22:13:00,0.6235509220922899,0
TX002155,5365.27,2026-03-26 18:55:00,-0.5666116596325824,0
TX002156,29406.8,2026-04-21 15:49:00,0.9473683753746464,0
TX002157,5582.22,2026-06-02 08:28:00,-0.552949552079743,0
TX002158,8378.81,2026-04-21 17:50:00,-0.3768384049896507,0
TX002159,5472.16,2026-07-23 07:36:00,-0.5598804189028151,0
TX002160,6050.96,2026-03-31 10:10:00,-0.52343133915364,0
TX002161,39382.61,2026-07-11 18:54:00,1.5755803557696322,0
TX002162,5626.88,2026-01-04 14:18:00,-0.550137154184791,0
TX002163,12303.31,2026-05-22 03:13:00,-0.12969878253692535,0
TX002164,11963.86,2026-08-30 03:57:00,-0.15107514763861407,0
TX002165,27606.73,2026-01-18 13:25:00,0.83401161140765,0
TX002166,6672.52,2026-02-09 23:14:00,-0.4842895112184341,0
TX002167,12285.73,2026-06-02 21:14:00,-0.13080585721209897,0
TX002168,13199.32,2026-08-07 09:30:00,-0.07327386901574648,0
TX002169,4430.53,2026-02-18 14:53:00,-0.6254755380098178,0
TX002170,10217.78,2026-05-28 23:22:00,-0.2610319706663258,0
TX002171,14373.53,2026-07-17 17:38:00,0.0006702808326965935,0
TX002172,5546.38,2026-08-03 19:06:00,-0.5552065234311777,0
TX002173,7264.17,2026-08-06 05:21:00,-0.4470312215957675,0
TX002174,2810.09,2026-02-07 15:05:00,-0.7275203666013058,0
TX002175,1544.92,2026-02-17 04:57:00,-0.8071925888305107,0
TX002176,8858.22,2026-01-08 21:20:00,-0.34664826448766034,0
TX002177,30065.09,2026-07-28 02:43:00,0.988823221103887,0
TX002178,2902.5,2026-01-13 10:54:00,-0.721700982600578,0
TX002179,19994.44,2026-07-16 12:03:00,0.35463883102781646,0
TX002180,37312.54,2026-02-22 02:53:00,1.445220738429662,0
TX002181,7748.0,2026-01-23 17:09:00,-0.4165627380867085,0
TX002182,4428.66,2026-06-07 09:49:00,-0.6255932985128085,0
TX002183,8248.08,2026-02-18 19:00:00,-0.38507093469872056,0
TX002184,32359.22,2026-02-08 12:48:00,1.133292687802185,0
TX002185,17785.24,2026-05-23 12:08:00,0.215517706318284,0
TX002186,3427.34,2026-01-12 15:56:00,-0.6886499545847573,0
TX002187,10038.9,2026-07-07 13:00:00,-0.2722966758935761,0
TX002188,16636.14,2026-05-10 10:25:00,0.14315482183352743,0
TX002189,2971.7,2026-07-22 11:15:00,-0.7173432142546159,0
TX002190,6418.07,2026-01-20 06:06:00,-0.5003131261841867,0
TX002191,10400.33,2026-03-16 14:06:00,-0.24953615258026518,0
TX002192,47133.65,2026-08-16 14:29:00,2.0636907135772438,0
TX002193,10648.42,2026-08-21 23:10:00,-0.23391304927174264,0
TX002194,4773.16,2026-07-05 02:15:00,-0.6038989170795142,0
TX002195,38444.17,2026-01-07 05:28:00,1.516483475327656,0
TX002196,14422.18,2026-02-25 19:10:00,0.003733943116382413,0
TX002197,4479.36,2026-04-24 11:38:00,-0.6224005404905502,0
TX002198,14118.15,2026-04-28 18:23:00,-0.015411899516896284,0
TX002199,7163.73,2026-02-03 14:58:00,-0.45335628305051384,0
TX002200,5396.42,2026-01-05 23:44:00,-0.5646500341415893,0
TX002201,4488.05,2026-06-09 02:14:00,-0.6218533005060642,0
TX002202,4400.41,2026-02-16 09:21:00,-0.6273723007638696,0
TX002203,9765.76,2026-07-08 21:08:00,-0.28949726615392446,0
TX002204,2970.74,2026-05-26 11:11:00,-0.7174036688443863,0
TX002205,31480.71,2026-03-19 18:45:00,1.0779698110736988,0
TX002206,15213.58,2026-04-26 18:05:00,0.05357119555849905,0
TX002207,6172.81,2026-02-28 10:52:00,-0.5157580143999481,0
TX002208,6036.78,2026-08-28 05:42:00,-0.5243243038233762,0
TX002209,7578.05,2026-02-24 22:39:00,-0.4272650896820304,0
TX002210,6937.4,2026-01-13 11:51:00,-0.4676090823242367,0
TX002211,4480.97,2026-02-18 01:56:00,-0.6222991531056223,0
TX002212,16165.93,2026-04-02 10:15:00,0.11354403781683847,0
TX002213,4725.35,2026-03-07 16:21:00,-0.6069096815971506,0
TX002214,12038.26,2026-05-20 23:03:00,-0.14638991693139464,0
TX002215,3206.48,2026-01-30 05:30:00,-0.70255828864385,0
TX002216,6079.26,2026-05-19 15:07:00,-0.5216491882260285,0
TX002217,2877.97,2026-05-09 23:18:00,-0.7232457233162782,0
TX002218,8537.95,2026-05-25 09:47:00,-0.3668167972645578,0
TX002219,5793.3,2026-04-10 23:14:00,-0.539657099153938,0
TX002220,8192.4,2026-03-20 21:46:00,-0.3885773009054138,0
TX002221,2747.72,2026-05-30 22:26:00,-0.7314480257304627,0
TX002222,2592.61,2026-05-09 00:34:00,-0.7412158501255811,0
TX002223,29160.44,2026-04-01 07:53:00,0.9318542162747728,0
TX002224,22702.2,2026-01-17 08:31:00,0.5251560393582004,0
TX002225,3467.02,2026-06-13 20:17:00,-0.6861511648742402,0
TX002226,5525.95,2026-06-11 20:34:00,-0.5564930726697328,0
TX002227,3359.15,2026-03-31 16:58:00,-0.6929441196643984,0
TX002228,21721.92,2026-01-29 18:27:00,0.46342434637872326,0
TX002229,3990.56,2026-07-19 10:11:00,-0.6531820024487339,0
TX002230,7408.0,2026-07-23 03:06:00,-0.43797373863045336,0
TX002231,16437.18,2026-05-29 21:48:00,0.13062560810357607,0
TX002232,15843.13,2026-01-17 00:57:00,0.093216182006483,0
TX002233,19323.72,2026-02-17 23:44:00,0.3124012243081091,0
TX002234,7982.62,2026-04-29 11:45:00,-0.4017878882409044,0
TX002235,6523.63,2026-06-24 01:16:00,-0.493665640250664,0
TX002236,2347.41,2026-04-09 19:36:00,-0.7566569599294819,0
TX002237,6619.47,2026-02-14 05:50:00,-0.4876302570385684,0
TX002238,10595.04,2026-04-26 18:59:00,-0.23727457635711055,0
TX002239,7154.1,2026-05-10 17:08:00,-0.45396271815414985,0
TX002240,29040.21,2026-04-19 16:34:00,0.9242829086413187,0
TX002241,9928.01,2026-07-04 01:30:00,-0.2792798107473874,0
TX002242,17971.48,2026-04-27 19:47:00,0.22724589673377515,0
TX002243,5090.95,2026-04-22 15:38:00,-0.583886558659524,0
TX002244,5075.74,2026-06-18 23:45:00,-0.5848443860662015,0
TX002245,2065.73,2026-03-25 13:05:00,-0.7743953441446644,0
TX002246,4244.13,2026-04-08 05:00:00,-0.637213804190271,0
TX002247,29084.27,2026-08-25 06:19:00,0.927057522417664,0
TX002248,5244.65,2026-02-28 16:15:00,-0.574207526943131,0
TX002249,13252.43,2026-07-01 05:53:00,-0.06992934478375148,0
TX002250,25453.66,2026-02-22 17:36:00,0.6984251909937657,0
TX002251,4735.32,2026-06-20 05:34:00,-0.6062818354929709,0
TX002252,4655.69,2026-08-03 20:44:00,-0.6112964177673779,0
TX002253,19767.19,2026-06-26 11:40:00,0.34032809610556347,0
TX002254,9947.36,2026-03-05 18:03:00,-0.27806127292232424,0
TX002255,45803.31,2026-03-31 13:44:00,1.9799145063320511,0
TX002256,19386.21,2026-01-10 06:23:00,0.3163364402609873,0
TX002257,16478.73,2026-08-20 00:25:00,0.13324215831708366,0
TX002258,8442.24,2026-04-03 00:47:00,-0.372843993917622,0
TX002259,2846.78,2026-03-18 02:17:00,-0.7252098677485116,0
TX002260,6812.74,2026-07-02 18:54:00,-0.4754593627000697,0
TX002261,4035.54,2026-03-18 09:18:00,-0.6503494530238585,0
TX002262,21895.04,2026-04-22 02:35:00,0.4743263240673502,0
TX002263,5871.39,2026-07-13 03:00:00,-0.5347394961172879,0
TX002264,2357.36,2026-01-07 20:04:00,-0.7560303732959223,0
TX002265,23430.41,2026-05-03 07:36:00,0.5710139943757311,0
TX002266,28258.55,2026-07-09 06:18:00,0.8750590183912492,0
TX002267,7771.44,2026-03-15 11:26:00,-0.41508663851981037,0
TX002268,7320.22,2026-03-08 01:04:00,-0.4435015551826002,0
TX002269,28293.23,2026-03-21 17:32:00,0.8772429404467113,0
TX002270,11130.51,2026-01-17 20:48:00,-0.2035541397066428,0
TX002271,12563.52,2026-05-25 01:27:00,-0.11331244003254928,0
TX002272,8111.71,2026-07-15 16:57:00,-0.39365863512269256,0
TX002273,3939.92,2026-01-11 08:37:00,-0.6563709820591316,0
TX002274,16569.37,2026-03-17 15:16:00,0.13895007916792196,0
TX002275,9712.04,2026-01-31 07:36:00,-0.29288020423983613,0
TX002276,13228.44,2026-06-30 07:04:00,-0.0714400797927057,0
TX002277,3431.84,2026-08-24 04:09:00,-0.6883665736952077,0
TX002278,4028.1,2026-05-22 19:07:00,-0.6508179760945804,0
TX002279,6689.19,2026-07-05 22:45:00,-0.48323974245648055,0
TX002280,13187.14,2026-08-01 08:30:00,-0.07404088662346066,0
TX002281,9419.46,2026-07-27 16:59:00,-0.31130499994303873,0
TX002282,42329.26,2026-06-12 11:40:00,1.7611413109232372,0
TX002283,3976.51,2026-08-08 21:53:00,-0.6540667805594386,0
TX002284,30236.43,2026-07-16 21:59:00,0.9996131059073141,0
TX002285,8011.09,2026-01-02 11:53:00,-0.3999950318130208,0
TX002286,8742.24,2026-02-25 18:41:00,-0.3539519346143178,0
TX002287,13203.03,2026-05-02 23:48:00,-0.07304023721569555,0
TX002288,12312.34,2026-06-25 14:28:00,-0.12913013155189584,0
TX002289,36130.11,2026-02-13 04:43:00,1.3707589461563083,0
TX002290,9547.99,2026-06-01 12:15:00,-0.3032110120021931,0
TX002291,17183.72,2026-04-29 02:35:00,0.1776378679445387,0
TX002292,11432.32,2026-06-04 06:57:00,-0.1845480983122086,0
TX002293,2595.05,2026-06-17 13:14:00,-0.7410621947099142,0
TX002294,12130.2,2026-07-16 12:04:00,-0.14060013049024195,0
TX002295,12556.41,2026-08-06 14:56:00,-0.11376018183803763,0
TX002296,2753.71,2026-04-20 00:53:00,-0.7310708142797068,0
TX002297,6782.12,2026-06-08 15:33:00,-0.47738761221962694,0
TX002298,3423.58,2026-03-17 23:57:00,-0.6888867350613587,0
TX002299,1381.48,2026-04-28 19:44:00,-0.8174849827389509,0
TX002300,4068.4,2026-04-09 18:21:00,-0.6482801427948365,0
TX002301,4070.09,2026-04-11 08:33:00,-0.6481737175274279,0
TX002302,10280.59,2026-03-24 14:14:00,-0.257076603183524,0
TX002303,568.75,2026-08-30 07:47:00,-0.8686654605975325,0
TX002304,17844.14,2026-01-26 10:43:00,0.2192268472948326,0
TX002305,1643.08,2026-04-08 17:15:00,-0.8010111070264695,0
TX002306,22876.08,2026-04-28 05:07:00,0.5361058769303957,0
TX002307,3640.23,2026-05-18 05:07:00,-0.6752435195678225,0
TX002308,932.17,2026-01-22 03:26:00,-0.8457796199575096,0
TX002309,2519.13,2026-06-30 07:16:00,-0.7458431451842705,0
TX002310,4865.59,2026-01-16 06:12:00,-0.598078273608166,0
TX002311,25132.75,2026-08-31 17:41:00,0.6782163551570211,0
TX002312,30709.84,2026-05-13 00:43:00,1.0294254052232383,0
TX002313,9709.93,2026-08-18 08:54:00,-0.29301307839026935,0
TX002314,6814.6,2026-05-10 07:50:00,-0.47534223193238917,0
TX002315,13765.2,2026-01-18 02:31:00,-0.03763840728723369,0
TX002316,10819.34,2026-03-27 06:15:00,-0.2231496133513401,0
TX002317,3927.87,2026-08-02 05:04:00,-0.6571298131078143,0
TX002318,6407.62,2026-02-25 21:50:00,-0.5009711995832518,0
TX002319,4943.9,2026-01-19 12:56:00,-0.5931468163946936,0
TX002320,15110.56,2026-08-06 04:23:00,0.047083662393744334,0
TX002321,859.12,2026-01-16 05:44:00,-0.8503798363978642,0
TX002322,4618.19,2026-02-23 04:14:00,-0.6136579251802909,0
TX002323,11871.53,2026-05-12 11:13:00,-0.156889493756861,0
TX002324,1663.32,2026-05-16 16:46:00,-0.7997365227588066,0
TX002325,4861.06,2026-01-26 09:31:00,-0.598363543703646,0
TX002326,2050.72,2026-08-18 07:57:00,-0.7753405768451397,0
TX002327,7399.96,2026-02-27 11:02:00,-0.43848004581978195,0
TX002328,12898.83,2026-03-26 00:56:00,-0.09219678534924614,0
TX002329,17957.55,2026-08-27 08:10:00,0.2263686754467917,0
TX002330,3263.04,2026-05-26 02:16:00,-0.6989965057298669,0
TX002331,33345.84,2026-06-07 18:57:00,1.1954236329682715,0
TX002332,21517.21,2026-07-25 15:37:00,0.4505330348454586,0
TX002333,4448.31,2026-06-16 02:41:00,-0.6243558686284421,0
TX002334,25929.3,2026-04-08 04:32:00,0.7283779212838444,0
TX002335,4274.1,2026-05-16 17:33:00,-0.6353264874658708,0
TX002336,9867.07,2026-07-29 10:29:00,-0.2831174177271986,0
TX002337,4812.29,2026-08-25 18:29:00,-0.6014347628110531,0
TX002338,19733.44,2026-04-06 15:03:00,0.33820273943394175,0
TX002339,23665.55,2026-06-03 10:27:00,0.5858215904576609,0
TX002340,16934.32,2026-04-18 11:17:00,0.16193226931039165,0
TX002341,17718.78,2026-04-26 10:43:00,0.21133248544729183,0
TX002342,3833.52,2026-08-25 03:13:00,-0.6630713657587035,0
TX002343,7731.14,2026-02-12 02:53:00,-0.4176244718195542,0
TX002344,2631.26,2026-07-11 14:50:00,-0.7387819231520054,0
TX002345,2443.49,2026-07-04 13:26:00,-0.7506064630699436,0
TX002346,12059.46,2026-03-27 12:22:00,-0.1450548780739612,0
TX002347,20453.44,2026-04-13 04:38:00,0.383543681761872,0
TX002348,14223.78,2026-04-13 05:10:00,-0.008760005436202787,0
TX002349,15861.54,2026-07-17 15:45:00,0.09437552471239588,0
TX002350,12684.14,2026-07-17 16:24:00,-0.10571657272200082,0
TX002351,26029.02,2026-04-21 02:49:00,0.7346576417962628,0
TX002352,4062.45,2026-05-07 23:54:00,-0.6486548353043521,0
TX002353,1751.53,2026-04-26 11:41:00,-0.794181627588325,0
TX002354,9660.2,2026-08-09 22:52:00,-0.29614475208744706,0
TX002355,25074.05,2026-03-27 01:07:00,0.6745198088866745,0
TX002356,16684.03,2026-07-23 01:22:00,0.14617062423364485,0
TX002357,15222.21,2026-02-09 02:59:00,0.05411465713112405,0
TX002358,14714.14,2026-03-24 04:16:00,0.02211969523035807,0
TX002359,41991.09,2026-07-09 20:48:00,1.7398455519412424,0
TX002360,21004.75,2026-07-15 21:51:00,0.4182616191435543,0
TX002361,9877.75,2026-07-02 12:42:00,-0.282444860416001,0
TX002362,3153.11,2026-03-04 13:29:00,-0.7059191859939077,0
TX002363,884.28,2026-07-26 02:02:00,-0.8487954223576271,0
TX002364,5574.84,2026-02-24 10:27:00,-0.5534142967386042,0
TX002365,38833.99,2026-03-14 06:29:00,1.5410318171863693,0
TX002366,12604.23,2026-04-28 09:50:00,-0.11074878758509095,0
TX002367,9724.52,2026-06-10 11:19:00,-0.29209429457281866,0
TX002368,12870.99,2026-01-24 07:00:00,-0.09394996845259278,0
TX002369,10443.58,2026-06-18 22:02:00,-0.24681254736403882,0
TX002370,4136.51,2026-03-15 08:01:00,-0.6439910155976762,0
TX002371,9130.88,2026-06-30 18:10:00,-0.32947790152219725,0
TX002372,5166.76,2026-01-20 18:44:00,-0.5791125352735789,0
TX002373,14533.93,2026-06-07 07:08:00,0.010771235206863253,0
TX002374,7214.12,2026-02-03 14:49:00,-0.4501830468228688,0
TX002375,15921.29,2026-04-14 00:32:00,0.098138193190304,0
TX002376,12661.38,2026-05-21 07:25:00,-0.1071498502878115,0
TX002377,4768.86,2026-07-29 12:16:00,-0.6041697032628616,0
TX002378,4096.71,2026-05-04 22:22:00,-0.6464973621319147,0
TX002379,6719.82,2026-06-03 11:21:00,-0.48131086320161315,0
TX002380,9680.77,2026-08-20 00:05:00,-0.29484938655455056,0
TX002381,6582.09,2026-06-29 04:27:00,-0.4899842076277601,0
TX002382,10488.68,2026-04-18 09:27:00,-0.24397244111544206,0
TX002383,2539.89,2026-04-20 11:00:00,-0.7445358146804819,0
TX002384,1854.79,2026-03-30 22:12:00,-0.7876789807761277,0
TX002385,15337.6,2026-08-11 06:00:00,0.06138117287448506,0
TX002386,31750.83,2026-03-13 16:25:00,1.094980221270394,0
TX002387,4686.55,2026-03-15 12:54:00,-0.609353054600378,0
TX002388,13286.31,2026-06-11 07:58:00,-0.06779580155309836,0
TX002389,15866.52,2026-03-31 02:04:00,0.09468913289683072,0
TX002390,12209.58,2026-07-25 10:25:00,-0.1356012915985877,0
TX002391,10861.7,2026-02-20 18:44:00,-0.2204820545777135,0
TX002392,16556.27,2026-04-15 11:15:00,0.13812512591167778,0
TX002393,14921.48,2026-04-11 05:45:00,0.03517662715018177,0
TX002394,4654.3,2026-01-14 10:14:00,-0.6113839509754831,0
TX002395,2796.72,2026-03-23 04:21:00,-0.728362322710923,0
TX002396,7625.61,2026-08-05 02:31:00,-0.4242700685471466,0
TX002397,4270.56,2026-07-21 15:21:00,-0.6355494137656499,0
TX002398,1105.1,2026-08-09 23:03:00,-0.8348896072397749,0
TX002399,20099.19,2026-01-09 11:54:00,0.3612353084012202,0
TX002400,6863.59,2026-02-14 04:32:00,-0.47225715864815965,0
TX002401,5459.43,2026-05-21 17:24:00,-0.5606820719525853,0
TX002402,6570.14,2026-03-14 05:07:00,-0.4907367413233417,0
TX002403,7067.71,2026-04-17 23:03:00,-0.4594030014981914,0
TX002404,9045.76,2026-08-30 11:51:00,-0.3348382084818547,0
TX002405,27346.39,2026-05-17 15:28:00,0.8176170823442426,0
TX002406,7358.75,2026-01-30 05:15:00,-0.44107518503274584,0
TX002407,2791.83,2026-02-16 22:02:00,-0.7286702632775669,0
TX002408,7755.73,2026-05-01 09:10:00,-0.41607595269199343,0
TX002409,12111.8,2026-07-07 07:37:00,-0.1417588434608447,0
TX002410,17483.06,2026-05-28 19:28:00,0.1964883647173757,0
TX002411,6187.34,2026-05-23 05:06:00,-0.514843008994358,0
TX002412,5571.26,2026-06-08 02:20:00,-0.5536397419796236,0
TX002413,14522.2,2026-03-30 00:03:00,0.010032555688104083,0
TX002414,3603.21,2026-08-22 10:02:00,-0.6775747996858501,0
TX002415,10357.65,2026-02-01 03:05:00,-0.25222386288381526,0
TX002416,31051.12,2026-03-18 02:18:00,1.0509170118866773,0
TX002417,1155.25,2026-04-11 14:11:00,-0.8317314846595726,0
TX002418,15381.54,2026-04-08 07:31:00,0.06414822982710906,0
TX002419,17554.03,2026-01-27 01:47:00,0.20095759621322723,0
TX002420,9189.4,2026-07-09 14:11:00,-0.32579269048743265,0
TX002421,6413.99,2026-01-17 20:03:00,-0.5005700581907117,0
TX002422,2288.21,2026-06-07 17:31:00,-0.7603849929653338,0
TX002423,1096.92,2026-05-22 17:55:00,-0.835404730723445,0
TX002424,11041.02,2026-04-30 08:24:00,-0.20918964099681844,0
TX002425,14986.84,2026-07-28 08:53:00,0.0392925771370617,0
TX002426,7272.54,2026-06-16 13:48:00,-0.44650413314120535,0
TX002427,5661.03,2026-03-02 14:21:00,-0.5479866081007648,0
TX002428,5210.98,2026-01-03 21:10:00,-0.5763278457322719,0
TX002429,39655.95,2026-04-24 20:20:00,1.5927935407361826,0
TX002430,4626.65,2026-05-29 22:02:00,-0.6131251691079378,0
TX002431,57546.35,2026-01-08 16:07:00,2.7194151999356317,0
TX002432,11630.56,2026-08-09 16:05:00,-0.17206422552458517,0
TX002433,4214.13,2026-04-04 16:10:00,-0.6391030101206014,0
TX002434,12736.46,2026-05-29 10:29:00,-0.10242179757950456,0
TX002435,14067.48,2026-05-31 12:49:00,-0.01860276833322438,0
TX002436,11175.43,2026-08-13 10:09:00,-0.20072536869362803,0
TX002437,8282.22,2026-03-09 20:56:00,-0.3829210183500046,0
TX002438,2409.0,2026-01-04 15:37:00,-0.7527784201545135,0
TX002439,4568.11,2026-05-12 00:20:00,-0.6168116396133226,0
TX002440,8043.82,2026-07-03 01:49:00,-0.3979339081430303,0
TX002441,21433.61,2026-08-01 05:24:00,0.44526844765293794,0
TX002442,8182.58,2026-06-16 23:27:00,-0.389195700979942,0
TX002443,1752.74,2026-02-20 13:18:00,-0.7941054296158017,0
TX002444,20173.24,2026-04-05 15:05:00,0.365898498372586,0
TX002445,12936.42,2026-05-28 09:48:00,-0.0898296103185421,0
TX002446,3592.38,2026-01-24 07:10:00,-0.6782568030266996,0
TX002447,8819.78,2026-06-17 22:43:00,-0.3490689670197237,0
TX002448,7105.73,2026-07-08 23:59:00,-0.4570087478491527,0
TX002449,8569.18,2026-01-29 21:20:00,-0.36485013389108384,0
TX002450,3866.05,2026-02-07 03:54:00,-0.6610228367949151,0
TX002451,38645.39,2026-07-23 18:13:00,1.5291550092376922,0
TX002452,9560.28,2026-07-16 00:47:00,-0.3024370673060676,0
TX002453,4459.6,2026-07-21 14:58:00,-0.6236448974633277,0
TX002454,7928.01,2026-04-01 09:11:00,-0.4052268727694159,0
TX002455,5698.59,2026-07-15 09:18:00,-0.5456213222759912,0
TX002456,5886.8,2026-02-07 11:26:00,-0.5337690740044081,0
TX002457,5700.38,2026-03-18 19:52:00,-0.5455085996554815,0
TX002458,1845.21,2026-03-01 19:18:00,-0.7882822672032131,0
TX002459,4071.49,2026-01-23 19:11:00,-0.6480855545840125,0
TX002460,13991.76,2026-06-22 13:08:00,-0.023371124101378336,0
TX002461,3711.11,2026-08-04 06:37:00,-0.6707799556897617,0
TX002462,7421.64,2026-01-23 14:16:00,-0.4371147796674631,0
TX002463,15378.29,2026-08-20 22:33:00,0.06394356585132326,0
TX002464,12601.61,2026-03-15 19:01:00,-0.11091377823633974,0
TX002465,4111.9,2026-05-13 20:22:00,-0.6455407941958574,0
TX002466,2555.99,2026-02-04 20:17:00,-0.7435219408312045,0
TX002467,9231.32,2026-07-02 10:55:00,-0.32315284006745093,0
TX002468,4408.34,2026-08-08 01:12:00,-0.6268729206629523,0
TX002469,6238.13,2026-02-17 00:29:00,-0.5116445833543086,0
TX002470,5275.63,2026-02-21 15:09:00,-0.5722566069524099,0
TX002471,3906.65,2026-05-18 10:48:00,-0.6584661114358681,0
TX002472,2306.47,2026-07-10 22:30:00,-0.7592350962890728,0
TX002473,3649.74,2026-08-06 05:27:00,-0.6746446412879077,0
TX002474,18752.21,2026-04-11 18:19:00,0.27641122160000425,0
TX002475,7786.47,2026-05-29 23:47:00,-0.4141401463487148,0
TX002476,21401.14,2026-08-02 22:41:00,0.44322369710101023,0
TX002477,2099.97,2026-02-25 22:04:00,-0.7722391304428473,0
TX002478,16879.27,2026-04-27 08:27:00,0.15846557642823536,0
TX002479,8180.39,2026-07-02 02:57:00,-0.3893336130128561,0
TX002480,15113.06,2026-08-06 17:01:00,0.04724109622127187,0
TX002481,9259.26,2026-01-17 06:50:00,-0.3213933596110032,0
TX002482,36169.76,2026-06-03 02:45:00,1.3732558466608953,0
TX002483,17514.65,2026-04-04 19:30:00,0.19847769856201367,0
TX002484,26523.09,2026-01-18 13:46:00,0.7657709742628745,0
TX002485,7658.31,2026-06-22 01:10:00,-0.4222108340830864,0
TX002486,1592.56,2026-05-02 13:20:00,-0.8041925298131459,0
TX002487,6433.01,2026-04-27 07:41:00,-0.49937230163088214,0
TX002488,5586.55,2026-08-02 02:32:00,-0.5526768766904652,0
TX002489,9526.38,2026-02-08 06:18:00,-0.3045718700073411,0
TX002490,12246.7,2026-08-18 00:40:00,-0.1332637141274588,0
TX002491,6886.3,2026-04-21 16:08:00,-0.4708270297588995,0
TX002492,12604.66,2026-03-30 19:13:00,-0.11072170896675619,0
TX002493,5540.26,2026-07-18 21:55:00,-0.555591921440965,0
TX002494,5617.4,2026-04-29 19:35:00,-0.5507341432587755,0
TX002495,4091.61,2026-07-13 03:39:00,-0.6468185271400708,0
TX002496,20479.66,2026-07-13 05:18:00,0.38519484774498086,0
TX002497,7684.79,2026-06-05 06:10:00,-0.42054329498191473,0
TX002498,11278.38,2026-04-11 17:47:00,-0.19424224367604417,0
TX002499,16388.74,2026-03-04 00:54:00,0.12757517026140264,0
TX002500,15848.37,2026-01-13 19:40:00,0.09354616330898083,0
TX002501,38971.58,2026-08-13 10:00:00,1.5496963453181751,0
TX002502,16264.69,2026-01-30 07:27:00,0.11976330373948625,0
TX002503,5628.23,2026-07-16 09:36:00,-0.5500521399179262,0
TX002504,6002.86,2026-07-04 00:42:00,-0.52646036599527,0
TX002505,10980.18,2026-07-24 22:49:00,-0.21302095062352855,0
TX002506,14841.73,2026-06-11 20:05:00,0.030154488052053386,0
TX002507,12212.08,2026-03-04 17:15:00,-0.13544385777106016,0
TX002508,15706.53,2026-07-22 07:42:00,0.08461399767037855,0
TX002509,7401.21,2026-05-23 06:50:00,-0.4384013289060182,0
TX002510,5425.56,2026-07-09 11:01:00,-0.5628149854479284,0
TX002511,8942.67,2026-08-14 21:43:00,-0.3413301497937802,0
TX002512,4035.54,2026-05-22 07:40:00,-0.6503494530238585,0
TX002513,13238.59,2026-07-02 03:49:00,-0.07080089845294392,0
TX002514,4234.39,2026-03-02 06:57:00,-0.6378271663823182,0
TX002515,68113.32,2026-04-20 01:51:00,3.384854612923089,1
TX002516,24586.02,2026-06-09 12:37:00,0.6437868365473692,0
TX002517,25473.76,2026-05-16 17:40:00,0.6996909589670869,0
TX002518,3609.49,2026-03-19 15:29:00,-0.6771793259111011,0
TX002519,2239.37,2026-02-06 03:33:00,-0.7634606202199118,0
TX002520,3574.84,2026-08-21 14:29:00,-0.6793613587606326,0
TX002521,8770.1,2026-01-23 23:10:00,-0.3521974920403509,0
TX002522,10387.15,2026-01-26 16:54:00,-0.25036614371899035,0
TX002523,9651.55,2026-04-12 08:04:00,-0.29668947313069244,0
TX002524,4371.22,2026-01-07 21:34:00,-0.6292104981340813,0
TX002525,8170.16,2026-05-21 05:04:00,-0.3899778322350988,0
TX002526,3697.37,2026-04-04 00:25:00,-0.671645212005853,0
TX002527,47434.41,2026-01-17 06:42:00,2.0826306327641166,0
TX002528,6169.4,2026-02-04 01:29:00,-0.5159727541406957,0
TX002529,4016.66,2026-03-06 22:46:00,-0.6515383932893464,0
TX002530,7752.22,2026-07-18 06:54:00,-0.41629698978584206,0
TX002531,4436.64,2026-08-13 10:57:00,-0.6250907697353405,0
TX002532,16441.74,2026-08-04 22:02:00,0.1309127674049864,0
TX002533,2438.0,2026-08-18 01:01:00,-0.7509521877551941,0
TX002534,9124.58,2026-01-30 13:06:00,-0.32987463476756657,0
TX002535,7584.17,2026-06-26 21:46:00,-0.426879691672243,0
TX002536,5497.21,2026-01-27 11:58:00,-0.5583029319509892,0
TX002537,5501.97,2026-03-05 18:04:00,-0.5580031779433768,0
TX002538,3815.06,2026-02-18 05:03:00,-0.6642338571411669,0
TX002539,2528.82,2026-03-12 02:29:00,-0.7452329316687738,0
TX002540,8556.67,2026-08-01 06:07:00,-0.36563793276403167,0
TX002541,5829.56,2026-01-05 14:05:00,-0.5373736789194787,0
TX002542,21728.94,2026-02-22 06:57:00,0.46386642056642063,0
TX002543,19054.03,2026-02-15 19:17:00,0.29541789272974855,0
TX002544,64910.99,2026-01-11 05:43:00,3.1831925853605876,1
TX002545,2795.99,2026-05-30 20:27:00,-0.7284082933885612,0
TX002546,3819.62,2026-02-12 07:52:00,-0.6639466978397566,0
TX002547,4823.09,2026-05-10 09:59:00,-0.6007546486761342,0
TX002548,64306.6,2026-06-24 11:37:00,3.1451320129528404,1
TX002549,18736.58,2026-01-23 07:47:00,0.27542694531030226,0
TX002550,6303.84,2026-02-18 03:02:00,-0.5075065926315748,0
TX002551,2699.18,2026-02-20 18:26:00,-0.7345047609257374,0
TX002552,8502.89,2026-04-19 03:03:00,-0.36902464926180406,0
TX002553,13450.11,2026-08-12 02:35:00,-0.05748073717349417,0
TX002554,4915.66,2026-04-29 01:14:00,-0.5949251889104445,0
TX002555,23596.55,2026-05-21 07:36:00,0.581476416817901,0
TX002556,5547.05,2026-03-09 18:02:00,-0.5551643311654002,0
TX002557,17885.28,2026-01-09 23:57:00,0.22181757836062568,0
TX002558,16820.32,2026-01-15 09:08:00,0.15475328677513603,0
TX002559,5939.57,2026-01-14 08:00:00,-0.530445960772957,0
TX002560,14839.39,2026-01-11 04:24:00,0.030007129989487603,0
TX002561,3613.85,2026-02-27 03:14:00,-0.6769047613158929,0
TX002562,4334.65,2026-08-08 17:20:00,-0.631513440163154,0
TX002563,18332.06,2026-03-15 07:10:00,0.24995289254572678,0
TX002564,3897.86,2026-06-01 22:56:00,-0.6590196487734549,0
TX002565,10184.81,2026-02-18 06:26:00,-0.263108207983759,0
TX002566,3227.1,2026-01-09 11:42:00,-0.7012597744344027,0
TX002567,15697.09,2026-01-12 14:52:00,0.08401952753763456,0
TX002568,1881.57,2026-01-07 23:11:00,-0.7859925496156528,0
TX002569,30306.42,2026-01-11 22:24:00,1.0040206233427749,0
TX002570,1750.52,2026-03-28 18:08:00,-0.7942452308546462,0
TX002571,1730.37,2026-08-02 11:39:00,-0.795514147504518,0
TX002572,17568.62,2026-07-09 02:31:00,0.20187638003067793,0
TX002573,7534.73,2026-01-09 20:38:00,-0.4299931030454276,0
TX002574,10069.03,2026-08-11 00:45:00,-0.27039928340421415,0
TX002575,15457.78,2026-03-05 23:23:00,0.06894933183138877,0
TX002576,13240.94,2026-03-25 17:43:00,-0.07065291065506801,0
TX002577,6790.38,2026-03-30 17:35:00,-0.476867450853476,0
TX002578,2433.97,2026-01-08 08:51:00,-0.7512059710851685,0
TX002579,6637.71,2026-02-04 16:58:00,-0.48648161983292754,0
TX002580,3583.16,2026-06-01 17:55:00,-0.6788374189826211,0
TX002581,4747.69,2026-05-06 19:59:00,-0.6055028529143646,0
TX002582,26646.39,2026-06-05 17:12:00,0.7735356106365325,0
TX002583,4740.11,2026-06-19 21:37:00,-0.6059801922794282,0
TX002584,4652.67,2026-03-09 22:07:00,-0.6114865978310312,0
TX002585,14632.32,2026-07-27 16:34:00,0.016967200923036906,0
TX002586,2758.37,2026-01-02 17:10:00,-0.7307773576251954,0
TX002587,17745.84,2026-07-07 12:16:00,0.21303654919644996,0
TX002588,8310.32,2026-02-26 15:51:00,-0.381151462128595,0
TX002589,7224.09,2026-06-08 07:44:00,-0.449555200718689,0
TX002590,12739.44,2026-01-01 02:31:00,-0.10223413645709166,0
TX002591,23604.15,2026-06-15 16:40:00,0.5819550156535848,0
TX002592,19933.81,2026-04-28 16:56:00,0.3508207458426188,0
TX002593,26385.54,2026-01-23 23:53:00,0.7571089650723096,0
TX002594,6502.62,2026-04-30 04:11:00,-0.49498871413720547,0
TX002595,7227.53,2026-04-27 07:21:00,-0.44933857177201114,0
TX002596,24334.53,2026-07-24 08:31:00,0.6279496232334092,0
TX002597,4908.68,2026-03-04 11:31:00,-0.5953647441569014,0
TX002598,27158.83,2026-06-26 14:21:00,0.8058057668678169,0
TX002599,6315.06,2026-01-01 04:54:00,-0.5068000296136312,0
TX002600,4337.53,2026-07-05 07:10:00,-0.6313320763938421,0
TX002601,27404.07,2026-02-04 17:55:00,0.8212493956129578,0
TX002602,6454.34,2026-05-28 09:02:00,-0.4980290762144172,0
TX002603,12098.4,2026-08-15 17:29:00,-0.14260268877639226,0
TX002604,18178.75,2026-02-26 16:54:00,0.2402984205064281,0
TX002605,5968.48,2026-01-04 20:26:00,-0.5286253959914285,0
TX002606,3475.31,2026-06-22 21:38:00,-0.6856291143021589,0
TX002607,20795.52,2026-01-27 06:34:00,0.40508566725011985,0
TX002608,10291.56,2026-01-18 04:39:00,-0.25638578354833325,0
TX002609,5066.6,2026-07-20 18:31:00,-0.585419964139642,0
TX002610,10526.75,2026-01-26 01:26:00,-0.24157503878985276,0
TX002611,20026.58,2026-03-27 05:46:00,0.35666280031451064,0
TX002612,5511.9,2026-03-22 23:42:00,-0.5573778507804374,0
TX002613,1805.65,2026-03-26 19:09:00,-0.7907735000900089,0
TX002614,17480.58,2026-05-22 18:14:00,0.19633219036046842,0
TX002615,9220.85,2026-06-12 19:49:00,-0.3238121729371362,0
TX002616,19962.61,2026-04-26 01:09:00,0.352634383535736,0
TX002617,6090.42,2026-07-29 20:28:00,-0.5209464036199455,0
TX002618,12001.09,2026-02-08 14:35:00,-0.14873064307907402,0
TX002619,4584.83,2026-05-11 06:45:00,-0.6157587221748184,0
TX002620,18329.89,2026-02-12 09:13:00,0.24981623998343278,0
TX002621,19098.24,2026-01-09 23:25:00,0.29820195253574566,0
TX002622,24769.5,2026-02-07 06:20:00,0.6553412200172701,0
TX002623,10721.76,2026-05-28 01:47:00,-0.22929457050739485,0
TX002624,6784.05,2026-03-09 02:38:00,-0.4772660733047757,0
TX002625,9636.38,2026-01-21 23:20:00,-0.29764478159612956,0
TX002626,908.78,2026-02-16 23:36:00,-0.8472525708478572,0
TX002627,4942.72,2026-08-13 20:59:00,-0.5932211251612866,0
TX002628,2661.89,2026-05-30 17:42:00,-0.7368530438971381,0
TX002629,15266.14,2026-01-29 06:55:00,0.05688108434843792,0
TX002630,8270.86,2026-05-14 10:50:00,-0.38363639766228963,0
TX002631,6442.97,2026-07-12 05:51:00,-0.49874508526201244,0
TX002632,10390.9,2026-07-15 13:22:00,-0.25012999297769906,0
TX002633,1550.53,2026-02-25 13:22:00,-0.8068393073215389,0
TX002634,18053.41,2026-04-09 06:29:00,0.23240531812950757,0
TX002635,35713.1,2026-04-19 14:10:00,1.3444983539894053,0
TX002636,6874.98,2026-06-05 19:36:00,-0.4715398901299442,0
TX002637,49108.9,2026-06-20 12:37:00,2.1880791807067497,0
TX002638,1724.87,2026-07-30 05:55:00,-0.7958605019250786,0
TX002639,11219.08,2026-07-12 13:21:00,-0.19797657406499727,0
TX002640,3792.19,2026-08-14 03:19:00,-0.6656740617953887,0
TX002641,13113.11,2026-05-17 23:14:00,-0.07870281712420596,0
TX002642,3625.99,2026-07-19 05:27:00,-0.6761402626494193,0
TX002643,24072.06,2026-07-23 20:05:00,0.6114209605489485,0
TX002644,3297.42,2026-06-17 08:36:00,-0.6968314757337082,0
TX002645,3626.19,2026-05-31 05:31:00,-0.6761276679432171,0
TX002646,2102.87,2026-02-17 02:45:00,-0.7720565072029152,0
TX002647,4782.03,2026-03-25 22:35:00,-0.6033403418594464,0
TX002648,8297.37,2026-03-19 16:36:00,-0.3819669693551876,0
TX002649,2309.89,2026-06-26 16:36:00,-0.7590197268130151,0
TX002650,2042.65,2026-07-09 17:08:00,-0.7758487732403986,0
TX002651,6808.56,2026-08-14 15:39:00,-0.4757225920596957,0
TX002652,12287.63,2026-01-21 16:06:00,-0.13068620750317808,0
TX002653,41415.89,2026-04-03 12:30:00,1.7036231769037071,0
TX002654,20610.62,2026-08-19 00:31:00,0.3934418613661832,0
TX002655,6931.19,2026-04-21 15:11:00,-0.4680001479518151,0
TX002656,8056.68,2026-05-02 06:17:00,-0.39712406853422866,0
TX002657,5583.25,2026-01-22 04:12:00,-0.5528846893428015,0
TX002658,12295.1,2026-07-29 14:45:00,-0.13021579522652574,0
TX002659,1881.75,2026-05-10 23:16:00,-0.7859812143800707,0
TX002660,47899.27,2026-08-26 15:06:00,2.1119045083898964,0
TX002661,2717.33,2026-03-28 23:27:00,-0.7333617913378875,0
TX002662,30776.14,2026-01-03 12:36:00,1.0336005503292685,0
TX002663,5280.85,2026-03-16 08:11:00,-0.5719278851205323,0
TX002664,2428.02,2026-07-25 18:53:00,-0.751580663594684,0
TX002665,28160.68,2026-05-25 09:19:00,0.8688957989112014,0
TX002666,1391.82,2026-04-29 16:38:00,-0.816833836428297,0
TX002667,9486.71,2026-07-25 20:21:00,-0.30707002998254807,0
TX002668,19431.31,2026-06-20 22:15:00,0.31917654650958416,0
TX002669,8276.78,2026-01-03 06:38:00,-0.3832635943587044,0
TX002670,641.45,2026-06-17 02:49:00,-0.8640872848930317,0
TX002671,2609.46,2026-08-26 22:53:00,-0.7401547461280455,0
TX002672,17451.12,2026-01-10 03:36:00,0.19447699013688377,0
TX002673,5766.41,2026-08-10 10:12:00,-0.5413504574028243,0
TX002674,50663.62,2026-03-28 10:38:00,2.285985388840194,0
TX002675,8081.42,2026-05-29 02:45:00,-0.39556610337701614,0
TX002676,4743.9,2026-03-04 22:26:00,-0.6057415225968964,0
TX002677,23499.51,2026-08-03 05:38:00,0.575365465368592,0
TX002678,5968.82,2026-07-08 05:55:00,-0.5286039849908849,0
TX002679,28379.99,2026-08-09 07:35:00,0.8827065239972269,0
TX002680,28172.83,2026-03-12 03:53:00,0.8696609273129853,0
TX002681,4111.9,2026-04-08 10:10:00,-0.6455407941958574,0
TX002682,15686.93,2026-05-08 03:19:00,0.08337971646256266,0
TX002683,2122.8,2026-06-21 10:37:00,-0.7708014447298657,0
TX002684,14673.51,2026-06-26 02:43:00,0.019561080665380613,0
TX002685,7279.33,2026-03-08 02:03:00,-0.4460765428656406,0
TX002686,15322.08,2026-01-04 18:00:00,0.06040382367319409,0
TX002687,14921.35,2026-02-02 15:33:00,0.03516844059115039,0
TX002688,18231.52,2026-08-23 19:15:00,0.24362153373787937,0
TX002689,1461.65,2026-08-21 00:52:00,-0.8124363947577978,0
TX002690,21430.34,2026-01-10 01:58:00,0.44506252420653186,0
TX002691,6179.06,2026-03-17 22:18:00,-0.5153644298311292,0
TX002692,2157.44,2026-07-17 13:33:00,-0.7686200416156442,0
TX002693,41505.95,2026-03-18 20:55:00,1.709294573106559,0
TX002694,9790.49,2026-01-04 08:26:00,-0.2879399307320221,0
TX002695,11754.2,2026-06-22 03:06:00,-0.16427817815038329,0
TX002696,3620.7,2026-08-10 19:32:00,-0.6764733926284676,0
TX002697,5673.59,2026-03-06 17:24:00,-0.5471956605512666,0
TX002698,3436.77,2026-05-29 23:41:00,-0.6880561141873234,0
TX002699,5052.52,2026-08-29 12:09:00,-0.5863066314562771,0
TX002700,11333.09,2026-02-25 11:15:00,-0.19079696179443154,0
TX002701,4483.39,2026-04-08 04:21:00,-0.6221467571605757,0
TX002702,10786.44,2026-03-27 02:13:00,-0.22522144252160245,0
TX002703,20163.23,2026-02-11 07:19:00,0.36526813332716557,0
TX002704,7747.54,2026-03-26 18:04:00,-0.4165917059109736,0
TX002705,11643.73,2026-02-16 02:45:00,-0.17123486412117012,0
TX002706,6784.22,2026-04-13 17:47:00,-0.47725536780450384,0
TX002707,3035.9,2026-07-04 09:47:00,-0.7133003135637087,0
TX002708,3361.32,2026-04-12 12:27:00,-0.6928074671021044,0
TX002709,26781.53,2026-06-21 09:40:00,0.782045853617361,0
TX002710,2624.36,2026-07-29 09:10:00,-0.7392164405159815,0
TX002711,2700.4,2026-03-30 11:06:00,-0.734427933217904,0
TX002712,9064.48,2026-06-04 12:16:00,-0.33365934398132857,0
TX002713,33516.22,2026-04-10 21:39:00,1.2061530631819284,0
TX002714,14386.59,2026-07-06 12:58:00,0.0014927151477004072,0
TX002715,17423.22,2026-03-23 22:56:00,0.19272002862167661,0
TX002716,9251.41,2026-04-19 20:33:00,-0.32188770182943965,0
TX002717,9329.8,2026-03-14 11:22:00,-0.31695120673348626,0
TX002718,3016.91,2026-03-08 15:57:00,-0.7144961809176078,0
TX002719,6034.93,2026-02-21 02:49:00,-0.5244408048557466,0
TX002720,1352.69,2026-05-04 05:49:00,-0.8192979906967579,0
TX002721,6238.02,2026-07-11 13:02:00,-0.5116515104427197,0
TX002722,27284.15,2026-05-03 23:36:00,0.8136976097741171,0
TX002723,18443.54,2026-06-12 11:49:00,0.2569731817828346,0
TX002724,2252.36,2026-08-07 13:07:00,-0.7626425940520787,0
TX002725,2918.75,2026-08-29 15:50:00,-0.720677662721649,0
TX002726,7774.33,2026-07-05 06:45:00,-0.41490464501518853,0
TX002727,3195.69,2026-01-23 17:19:00,-0.7032377730434587,0
TX002728,8803.75,2026-07-12 17:02:00,-0.35007843272183026,0
TX002729,9771.32,2026-08-02 03:50:00,-0.28914713332150327,0
TX002730,6745.91,2026-02-05 00:44:00,-0.4796678837775358,0
TX002731,10446.29,2026-04-24 12:15:00,-0.2466418890949989,0
TX002732,5139.61,2026-06-08 20:18:00,-0.580822266640528,0
TX002733,5088.68,2026-04-13 18:52:00,-0.5840295085749189,0
TX002734,10890.27,2026-03-13 00:04:00,-0.21868290079672884,0
TX002735,7920.94,2026-01-15 09:04:00,-0.40567209563366374,0
TX002736,15974.41,2026-04-26 08:52:00,0.101483347157609,0
TX002737,15776.83,2026-07-22 18:41:00,0.08904103690045281,0
TX002738,7908.69,2026-01-10 16:44:00,-0.40644352138854867,0
TX002739,20171.33,2026-04-22 11:19:00,0.36577821892835494,0
TX002740,3838.84,2026-04-15 08:50:00,-0.6627363465737249,0
TX002741,7556.84,2026-07-21 22:56:00,-0.428600758274774,0
TX002742,11173.21,2026-04-08 20:00:00,-0.20086516993247255,0
TX002743,17883.25,2026-02-04 00:41:00,0.2216897420926734,0
TX002744,3762.68,2026-01-05 16:27:00,-0.6675324106955237,0
TX002745,2143.28,2026-07-10 21:19:00,-0.7695117468147602,0
TX002746,8092.47,2026-08-05 10:45:00,-0.39487024585934444,0
TX002747,2584.94,2026-05-01 16:21:00,-0.7416988571084356,0
TX002748,4830.78,2026-07-16 03:41:00,-0.6002703822226594,0
TX002749,6430.57,2026-07-17 17:33:00,-0.499525957046549,0
TX002750,17834.32,2026-01-18 00:59:00,0.21860844722030445,0
TX002751,19236.74,2026-07-18 15:23:00,0.30692378658077113,0
TX002752,16797.28,2026-01-04 17:43:00,0.15330237662064222,0
TX002753,2148.67,2026-05-07 22:30:00,-0.7691723194826108,0
TX002754,87489.24,2026-02-28 23:34:00,4.60502471191002,1
TX002755,33360.32,2026-04-21 09:24:00,1.1963354896973113,0
TX002756,7621.7,2026-04-23 09:26:00,-0.42451629505339966,0
TX002757,10537.7,2026-06-26 17:04:00,-0.2408854786252821,0
TX002758,6622.19,2026-02-17 05:36:00,-0.4874589690342185,0
TX002759,8911.44,2026-06-28 19:28:00,-0.34329681316725413,0
TX002760,18571.63,2026-06-28 23:56:00,0.2650394613700354,0
TX002761,6639.48,2026-02-21 02:28:00,-0.48637015668303807,0
TX002762,4298.45,2026-02-23 09:38:00,-0.6337930819857527,0
TX002763,6414.92,2026-01-30 11:09:00,-0.5005114928068713,0
TX002764,15016.89,2026-03-13 08:30:00,0.04118493174394263,0
TX002765,7037.84,2026-01-25 09:12:00,-0.4612840208694904,0
TX002766,7756.23,2026-03-23 19:40:00,-0.4160444659264879,0
TX002767,16595.27,2026-04-02 20:19:00,0.14058109362110732,0
TX002768,9188.48,2026-04-24 10:35:00,-0.3258506261359628,0
TX002769,7708.55,2026-04-10 05:01:00,-0.41904704388509306,0
TX002770,7879.94,2026-02-19 14:04:00,-0.40825401040511533,0
TX002771,8397.31,2026-08-25 04:34:00,-0.3756733946659469,0
TX002772,9027.07,2026-03-25 19:59:00,-0.33601518377645057,0
TX002773,2983.65,2026-05-10 17:25:00,-0.7165906805590342,0
TX002774,27169.53,2026-08-06 00:47:00,0.8064795836496346,0
TX002775,5709.51,2026-01-23 01:46:00,-0.5449336513173509,0
TX002776,5529.8,2026-07-27 07:02:00,-0.5562506245753402,0
TX002777,11479.35,2026-06-11 10:12:00,-0.18158645314876057,0
TX002778,5577.33,2026-06-06 02:59:00,-0.5532574926463868,0
TX002779,78346.28,2026-05-17 16:34:00,4.0292602368175565,1
TX002780,10643.29,2026-03-17 14:44:00,-0.2342361034858291,0
TX002781,11445.15,2026-05-24 13:30:00,-0.18374014790933732,0
TX002782,3270.57,2026-05-01 10:18:00,-0.698522315041354,0
TX002783,16392.38,2026-06-08 05:07:00,0.1278043939142827,0
TX002784,784.35,2026-05-30 05:50:00,-0.8550883673115577,0
TX002785,7857.4,2026-08-25 06:40:00,-0.4096734337941036,0
TX002786,2228.39,2026-04-30 18:02:00,-0.7641520695904128,0
TX002787,3288.62,2026-01-03 10:01:00,-0.6973856428066051,0
TX002788,4337.22,2026-01-12 09:41:00,-0.6313515981884557,0
TX002789,26276.9,2026-06-17 20:36:00,0.7502675206632731,0
TX002790,3234.02,2026-04-14 18:42:00,-0.7008239975998065,0
TX002791,3862.16,2026-01-24 07:02:00,-0.6612678038305481,0
TX002792,7521.06,2026-03-03 02:15:00,-0.4308539512143481,0
TX002793,26452.66,2026-07-25 03:44:00,0.7613357484737688,0
TX002794,11094.14,2026-04-29 11:47:00,-0.20584448702951344,0
TX002795,1136.17,2026-03-16 03:53:00,-0.8329330196312628,0
TX002796,16411.14,2026-06-01 11:12:00,0.1289857773560492,0
TX002797,2267.81,2026-06-12 04:25:00,-0.7616696529979586,0
TX002798,1672.3,2026-01-30 21:44:00,-0.7991710204503277,0
TX002799,2818.52,2026-04-25 13:22:00,-0.7269894997348829,0
TX002800,12946.27,2026-07-11 12:08:00,-0.08920932103808359,0
TX002801,12809.08,2026-03-11 02:17:00,-0.09784865975748466,0
TX002802,24656.77,2026-04-24 08:49:00,0.6482422138663985,0
TX002803,3341.8,2026-05-24 05:30:00,-0.6940367104274393,0
TX002804,4451.17,2026-03-09 20:53:00,-0.6241757643297505,0
TX002805,5956.28,2026-01-07 22:47:00,-0.5293936730697629,0
TX002806,2770.02,2026-05-16 19:31:00,-0.7300437159889172,0
TX002807,15327.23,2026-07-27 11:01:00,0.060728137357900794,0
TX002808,4831.01,2026-01-27 11:21:00,-0.600255898310527,0
TX002809,15221.4,2026-02-13 16:41:00,0.05406364857100516,0
TX002810,24847.31,2026-03-17 15:10:00,0.6602411904652372,0
TX002811,6413.55,2026-07-18 13:04:00,-0.5005977665443565,0
TX002812,6233.01,2026-02-16 18:18:00,-0.511967007833085,0
TX002813,2434.79,2026-08-13 14:16:00,-0.7511543327897395,0
TX002814,4475.76,2026-08-28 14:09:00,-0.6226272452021897,0
TX002815,5543.17,2026-05-15 10:54:00,-0.555408668465723,0
TX002816,3054.12,2026-01-13 00:18:00,-0.712152935828688,0
TX002817,24133.85,2026-08-08 01:18:00,0.6153120950301189,0
TX002818,6780.36,2026-04-29 11:47:00,-0.47749844563420635,0
TX002819,11546.8,2026-07-27 01:55:00,-0.17733888848206775,0
TX002820,25616.89,2026-03-07 23:22:00,0.7087043604606934,0
TX002821,25387.84,2026-04-03 14:22:00,0.6942802731826206,0
TX002822,18448.27,2026-06-10 23:36:00,0.2572710465845167,0
TX002823,3071.01,2026-03-06 13:09:00,-0.711089312889912,0
TX002824,13626.23,2026-01-03 04:15:00,-0.04638983889183441,0
TX002825,3748.68,2026-06-09 04:45:00,-0.668414040129678,0
TX002826,13246.42,2026-04-09 02:05:00,-0.07030781570512769,0
TX002827,6593.23,2026-06-20 10:39:00,-0.48928268249229745,0
TX002828,5015.87,2026-06-30 15:18:00,-0.5886146113678308,0
TX002829,3295.2,2026-04-16 22:43:00,-0.6969712769725528,0
TX002830,7415.52,2026-01-28 06:08:00,-0.4375001776772505,0
TX002831,7209.09,2026-05-24 13:02:00,-0.4504998036838542,0
TX002832,3978.65,2026-05-10 10:22:00,-0.653932017203075,0
TX002833,12555.56,2026-06-03 02:29:00,-0.11381370933939701,0
TX002834,13163.04,2026-06-18 14:25:00,-0.075558548720826,0
TX002835,5142.13,2026-08-07 03:06:00,-0.5806635733423803,0
TX002836,6684.25,2026-05-26 01:08:00,-0.48355083169967494,0
TX002837,1978.34,2026-02-18 18:22:00,-0.7798986010197169,0
TX002838,4569.11,2026-07-11 01:26:00,-0.6167486660823116,0
TX002839,18823.65,2026-05-18 20:21:00,0.2809100506554313,0
TX002840,4757.33,2026-08-06 01:35:00,-0.6048957880754184,0
TX002841,6788.04,2026-01-04 08:56:00,-0.47701480891604175,0
TX002842,9638.33,2026-07-28 07:21:00,-0.29752198321065804,0
TX002843,8325.37,2026-03-10 16:20:00,-0.3802037104868792,0
TX002844,8091.21,2026-01-30 16:18:00,-0.3949495925084183,0
TX002845,24328.28,2026-04-08 11:51:00,0.6275560386645903,0
TX002846,30661.96,2026-06-01 09:05:00,1.026410232558431,0
TX002847,7411.01,2026-07-24 04:05:00,-0.4377841883021102,0
TX002848,33656.78,2026-06-28 04:33:00,1.2150046227008364,0
TX002849,10170.97,2026-05-30 13:22:00,-0.26397976165295145,0
TX002850,5144.6,2026-08-27 19:37:00,-0.580508028720783,0
TX002851,3503.37,2026-03-12 09:49:00,-0.6838620770219898,0
TX002852,5021.88,2026-03-31 06:53:00,-0.5882361404464547,0
TX002853,8798.55,2026-07-27 06:00:00,-0.3504058950830876,0
TX002854,30645.28,2026-05-30 23:25:00,1.0253598340611672,0
TX002855,6630.75,2026-02-18 08:35:00,-0.4869199156087642,0
TX002856,5064.06,2026-03-16 00:36:00,-0.58557991690841,0
TX002857,20447.07,2026-01-06 12:03:00,0.3831425403693319,0
TX002858,27411.95,2026-02-28 01:57:00,0.8217456270373247,0
TX002859,4274.35,2026-01-23 17:49:00,-0.635310744083118,0
TX002860,3413.85,2026-03-13 08:39:00,-0.6894994675180959,0
TX002861,12619.49,2026-08-31 17:58:00,-0.10978781150186286,0
TX002862,3138.24,2026-04-18 22:56:00,-0.7068556024000415,0
TX002863,26749.87,2026-05-17 04:02:00,0.7800521116255523,0
TX002864,9108.74,2026-03-09 23:57:00,-0.33087213549878103,0
TX002865,7944.7,2026-03-14 07:49:00,-0.4041758445368421,0
TX002866,9190.21,2026-03-08 18:13:00,-0.3257416819273138,0
TX002867,1423.62,2026-02-05 04:54:00,-0.8148312781421466,0
TX002868,16018.06,2026-04-28 05:23:00,0.10423214178623974,0
TX002869,21418.01,2026-06-03 12:10:00,0.444286060569166,0
TX002870,22853.56,2026-05-21 14:31:00,0.5346877130120276,0
TX002871,2603.59,2026-06-16 10:55:00,-0.7405244007550802,0
TX002872,9022.73,2026-02-22 12:55:00,-0.3362884889010384,0
TX002873,4796.83,2026-02-16 14:59:00,-0.6024083336004834,0
TX002874,3505.66,2026-03-07 20:11:00,-0.6837178676359746,0
TX002875,14037.74,2026-03-31 22:59:00,-0.020475601145491927,0
TX002876,25025.14,2026-08-09 03:40:00,0.6714397734849258,0
TX002877,14319.6,2026-02-09 21:08:00,-0.002725881694727422,0
TX002878,3187.93,2026-02-04 22:50:00,-0.7037264476441042,0
TX002879,8019.13,2026-02-26 16:16:00,-0.3994887246236922,0
TX002880,28445.28,2026-01-19 08:26:00,0.8868180658369359,0
TX002881,26710.94,2026-03-16 15:02:00,0.7776005520632935,0
TX002882,22548.98,2026-07-01 23:24:00,0.5155072349366928,0
TX002883,4149.21,2026-02-13 13:59:00,-0.6431912517538364,0
TX002884,19614.18,2026-05-04 07:27:00,0.33069251612556827,0
TX002885,7265.0,2026-05-14 23:10:00,-0.4469789535650284,0
TX002886,26378.93,2026-06-28 11:07:00,0.7566927100323267,0
TX002887,4956.38,2026-01-05 10:47:00,-0.5923609067276762,0
TX002888,2859.09,2026-07-26 06:05:00,-0.7244346635817661,0
TX002889,1865.67,2026-05-18 00:43:00,-0.7869938287587278,0
TX002890,15750.1,2026-05-16 12:17:00,0.08735775441652843,0
TX002891,13857.59,2026-02-16 10:48:00,-0.03182028275712612,0
TX002892,10628.86,2026-06-25 16:04:00,-0.23514481153831807,0
TX002893,4017.55,2026-06-04 02:07:00,-0.6514823468467464,0
TX002894,2002.87,2026-02-03 22:30:00,-0.7783538603040167,0
TX002895,1677.66,2026-05-15 18:10:00,-0.7988334823241087,0
TX002896,5770.59,2026-06-19 00:03:00,-0.5410872280431982,0
TX002897,25825.45,2026-07-27 00:48:00,0.7218381200883507,0
TX002898,12414.95,2026-08-22 06:53:00,-0.12266841753485565,0
TX002899,16811.93,2026-03-20 12:56:00,0.15422493884995367,0
TX002900,12519.92,2026-07-25 19:01:00,-0.11605808598462952,0
TX002901,10590.22,2026-05-24 20:48:00,-0.23757810877658372,0
TX002902,8636.88,2026-04-18 12:05:00,-0.36058682584163826,0
TX002903,1983.81,2026-06-23 08:55:00,-0.7795541358050867,0
TX002904,8416.45,2026-05-28 16:54:00,-0.37446808128239606,0
TX002905,7003.24,2026-05-03 03:20:00,-0.4634629050424715,0
TX002906,16799.8,2026-01-31 11:38:00,0.15346106991879,0
TX002907,12491.48,2026-02-28 00:37:00,-0.1178490532065828,0
TX002908,3339.05,2026-03-30 11:52:00,-0.6942098876377196,0
TX002909,8132.14,2026-05-09 14:04:00,-0.3923720858841375,0
TX002910,20655.63,2026-07-27 10:01:00,0.3962762999969891,0
TX002911,7993.72,2026-08-24 21:12:00,-0.4010888820466821,0
TX002912,14135.37,2026-01-17 14:31:00,-0.014327495312886546,0
TX002913,3283.44,2026-05-12 08:50:00,-0.6977118456972422,0
TX002914,6138.22,2026-05-31 18:57:00,-0.517936268837619,0
TX002915,9604.22,2026-06-23 20:26:00,-0.29967001035344376,0
TX002916,13369.43,2026-08-17 00:22:00,-0.06256144165546282,0
TX002917,3037.7,2026-02-04 18:58:00,-0.7131869612078889,0
TX002918,7927.38,2026-04-05 00:43:00,-0.4052665460939528,0
TX002919,3115.08,2026-03-17 04:59:00,-0.7083140693782566,0
TX002920,15423.97,2026-02-06 20:57:00,0.06682019674790629,0
TX002921,2714.04,2026-01-16 04:52:00,-0.7335689742549137,0
TX002922,1772.2,2026-04-29 20:25:00,-0.7928799647023274,0
TX002923,11195.19,2026-08-16 19:27:00,-0.19948101172085037,0
TX002924,8200.41,2026-06-26 03:49:00,-0.3880728829220156,0
TX002925,2715.35,2026-08-14 08:42:00,-0.7334864789292893,0
TX002926,2442.32,2026-07-09 16:58:00,-0.7506801421012265,0
TX002927,51665.44,2026-01-31 06:33:00,2.3490735316776483,0
TX002928,36076.4,2026-07-10 07:53:00,1.3673766378057068,0
TX002929,3995.03,2026-07-10 12:04:00,-0.6529005107651146,0
TX002930,1634.66,2026-02-12 05:13:00,-0.8015413441575823,0
TX002931,12255.66,2026-07-11 08:37:00,-0.13269947128960016,0
TX002932,1367.37,2026-02-13 13:33:00,-0.8183735392615162,0
TX002933,1367.23,2026-02-26 16:48:00,-0.8183823555558578,0
TX002934,6581.89,2026-06-14 21:04:00,-0.4899968023339623,0
TX002935,3721.6,2026-02-21 12:58:00,-0.6701193633494562,0
TX002936,1336.4,2026-05-08 22:33:00,-0.8203238295169274,0
TX002937,7458.15,2026-05-12 16:48:00,-0.43481561605025104,0
TX002938,3755.86,2026-04-13 23:17:00,-0.6679618901770188,0
TX002939,1320.27,2026-01-11 22:58:00,-0.821339592572135,0
TX002940,7926.93,2026-06-11 05:26:00,-0.40529488418290777,0
TX002941,6820.64,2026-07-30 00:41:00,-0.47496187180508265,0
TX002942,11041.68,2026-03-25 15:46:00,-0.2091480784663512,0
TX002943,8300.6,2026-02-03 09:04:00,-0.38176356485002205,0
TX002944,23766.02,2026-05-23 12:29:00,0.5921485411183376,0
TX002945,11553.94,2026-01-11 17:19:00,-0.17688925747064901,0
TX002946,4231.7,2026-05-03 21:56:00,-0.6379965651807379,0
TX002947,2568.27,2026-07-09 05:28:00,-0.7427486258703893,0
TX002948,5537.97,2026-04-11 20:12:00,-0.5557361308269804,0
TX002949,4971.45,2026-01-18 07:27:00,-0.5914118956153401,0
TX002950,8310.79,2026-02-11 03:08:00,-0.3811218645690198,0
TX002951,11049.01,2026-03-28 20:32:00,-0.20868648248404045,0
TX002952,5120.61,2026-08-20 13:20:00,-0.5820187637297373,0
TX002953,5410.58,2026-04-24 19:47:00,-0.5637583289424735,0
TX002954,11278.16,2026-06-20 00:06:00,-0.19425609785286657,0
TX002955,13335.16,2026-02-13 02:38:00,-0.0647195445632103,0
TX002956,5543.2,2026-06-17 18:57:00,-0.5554067792597928,0
TX002957,13123.8,2026-04-07 07:38:00,-0.07802963007769831,0
TX002958,18417.92,2026-06-09 19:01:00,0.2553597999183323,0
TX002959,27831.37,2026-07-23 13:55:00,0.8481579854139641,0
TX002960,15267.0,2026-01-24 07:03:00,0.05693524158510743,0
TX002961,3590.97,2026-08-17 02:17:00,-0.6783455957054251,0
TX002962,41015.39,2026-02-24 20:18:00,1.678402277733796,0
TX002963,14025.74,2026-01-11 01:58:00,-0.0212312835176241,0
TX002964,10917.18,2026-02-08 07:37:00,-0.21698828307722245,0
TX002965,3158.63,2026-05-27 04:47:00,-0.7055715721027269,0
TX002966,40944.74,2026-02-17 00:34:00,1.6739531977678677,0
TX002967,16005.11,2026-04-17 06:17:00,0.10341663455964718,0
TX002968,1935.49,2026-04-21 12:27:00,-0.7825970168235389,0
TX002969,3347.71,2026-03-30 18:01:00,-0.6936645368591643,0
TX002970,36288.61,2026-04-23 18:47:00,1.380740250821554,0
TX002971,15861.29,2026-06-30 02:17:00,0.09435978132964314,0
TX002972,2778.37,2026-06-26 01:22:00,-0.7295178870049751,0
TX002973,3563.24,2026-06-04 22:15:00,-0.6800918517203605,0
TX002974,58417.35,2026-01-31 22:01:00,2.774265145446225,0
TX002975,8651.53,2026-02-16 23:51:00,-0.35966426361232684,0
TX002976,5730.41,2026-01-10 15:20:00,-0.5436175045192208,0
TX002977,6035.76,2026-04-07 20:23:00,-0.5243885368250075,0
TX002978,9214.1,2026-05-05 03:27:00,-0.32423724427146056,0
TX002979,21079.75,2026-08-01 12:50:00,0.4229846339693804,0
TX002980,17426.92,2026-04-27 20:33:00,0.19295303068641717,0
TX002981,1705.9,2026-06-06 23:07:00,-0.7970551098083576,0
TX002982,21188.01,2026-04-11 06:04:00,0.42980214843663267,0
TX002983,6769.41,2026-06-20 07:11:00,-0.47818800579877696,0
TX002984,35060.68,2026-01-13 03:07:00,1.3034131628871994,0
TX002985,12510.53,2026-03-14 17:00:00,-0.11664940744082292,0
TX002986,11277.88,2026-08-28 23:31:00,-0.1942737304415497,0
TX002987,6842.54,2026-08-28 16:54:00,-0.4735827514759415,0
TX002988,8463.29,2026-01-29 22:56:00,-0.37151840108984013,0
TX002989,3092.87,2026-02-05 04:30:00,-0.7097127115020111,0
TX002990,22105.09,2026-02-11 14:39:00,0.4875539142562137,0
TX002991,16120.63,2026-01-09 08:53:00,0.11069133686203945,0
TX002992,3517.3,2026-06-18 16:49:00,-0.6829848557350063,0
TX002993,9419.96,2026-03-06 01:31:00,-0.31127351317753327,0
TX002994,3082.4,2026-06-09 02:02:00,-0.7103720443716965,0
TX002995,29077.14,2026-06-09 13:31:00,0.9266085211415555,0
TX002996,19943.32,2026-01-23 21:34:00,0.35141962412253347,0
TX002997,3892.81,2026-04-13 19:19:00,-0.6593376651050605,0
TX002998,5844.89,2026-04-07 02:18:00,-0.5364082946890798,0
TX002999,1209.8,2026-05-10 14:06:00,-0.8282962785429218,0
TX003000,7059.63,2026-08-18 11:29:00,-0.4599118276287604,0
TX003001,5206.36,2026-01-31 09:17:00,-0.5766187834455428,0
TX003002,13835.89,2026-05-17 06:41:00,-0.03318680838006517,0
TX003003,8599.14,2026-01-10 15:48:00,-0.36296344690199395,0
TX003004,20342.16,2026-06-22 11:56:00,0.3765359872309664,0
TX003005,22527.31,2026-01-10 15:30:00,0.5141425985196842,0
TX003006,8173.36,2026-06-17 00:54:00,-0.38977631693586356,0
TX003007,16697.68,2026-08-17 01:25:00,0.1470302129319453,0
TX003008,19902.94,2026-07-30 13:02:00,0.3488767529403086,0
TX003009,5492.73,2026-01-16 09:06:00,-0.5585850533699186,0
TX003010,4659.22,2026-07-29 12:32:00,-0.611074121202909,0
TX003011,1964.88,2026-04-06 09:23:00,-0.7807462247471252,0
TX003012,7066.75,2026-06-06 07:11:00,-0.45946345608796196,0
TX003013,4064.57,2026-07-27 01:59:00,-0.6485213314186087,0
TX003014,48672.03,2026-01-21 16:26:00,2.160567934213968,0
TX003015,1060.6,2026-03-07 15:44:00,-0.8376919293697651,0
TX003016,9390.31,2026-01-17 08:22:00,-0.3131406783720098,0
TX003017,31063.94,2026-08-14 01:24:00,1.0517243325542385,0
TX003018,11808.43,2026-06-12 13:04:00,-0.16086312356365604,0
TX003019,175972.19,2026-04-24 11:28:00,10.17710850768104,1
TX003020,8247.81,2026-06-15 16:34:00,-0.38508793755209353,0
TX003021,6638.15,2026-05-19 03:45:00,-0.4864539114792827,0
TX003022,3382.99,2026-06-14 13:53:00,-0.6914428306850957,0
TX003023,10226.57,2026-04-13 13:50:00,-0.26047843332873905,0
TX003024,1722.03,2026-05-02 00:12:00,-0.7960393467531499,0
TX003025,8940.43,2026-04-15 14:30:00,-0.3414712105032448,0
TX003026,6214.9,2026-03-14 04:00:00,-0.5131074584796945,0
TX003027,3595.18,2026-08-28 19:25:00,-0.6780804771398686,0
TX003028,5149.45,2026-08-09 00:54:00,-0.5802026070953796,0
TX003029,5068.69,2026-07-01 10:31:00,-0.585288349459829,0
TX003030,5791.07,2026-07-12 17:28:00,-0.5397975301280926,0
TX003031,38555.36,2026-01-28 16:25:00,1.5234855022407707,0
TX003032,4815.45,2026-03-06 22:49:00,-0.6012357664530584,0
TX003033,4015.52,2026-08-23 06:57:00,-0.6516101831146989,0
TX003034,3566.91,2026-03-25 11:01:00,-0.6798607388615501,0
TX003035,8407.34,2026-07-01 14:16:00,-0.3750417701499064,0
TX003036,6471.52,2026-02-04 00:54:00,-0.49694719095164797,0
TX003037,19898.82,2026-08-17 10:44:00,0.3486173019925433,0
TX003038,4262.51,2026-01-23 04:13:00,-0.6360563506902885,0
TX003039,5970.07,2026-06-28 07:27:00,-0.5285252680771211,0
TX003040,20235.15,2026-07-27 00:30:00,0.3697971896774779,0
TX003041,12242.73,2026-08-20 02:58:00,-0.13351371904557258,0
TX003042,2367.13,2026-05-06 20:05:00,-0.7554151218979447,0
TX003043,2597.62,2026-03-20 22:03:00,-0.7409003527352159,0
TX003044,15087.43,2026-05-24 05:43:00,0.045627084621459625,0
TX003045,3613.95,2026-06-13 09:51:00,-0.676898463962792,0
TX003046,25464.11,2026-05-11 03:38:00,0.6990832643928307,0
TX003047,23463.22,2026-01-05 21:21:00,0.5730801559282025,0
TX003048,3769.82,2026-01-09 19:48:00,-0.6670827796841051,0
TX003049,4619.25,2026-04-08 20:25:00,-0.6135911732374193,0
TX003050,5772.84,2026-03-31 02:06:00,-0.5409455375984233,0
TX003051,12010.45,2026-01-20 10:47:00,-0.1481412108288109,0
TX003052,2585.22,2026-08-11 00:14:00,-0.7416812245197526,0
TX003053,2999.79,2026-03-14 20:56:00,-0.7155742877685165,0
TX003054,10422.69,2026-08-01 15:54:00,-0.24812806442685886,0
TX003055,1087.17,2026-08-16 22:59:00,-0.8360187226508025,0
TX003056,4107.25,2026-02-18 23:07:00,-0.6458336211150586,0
TX003057,5492.78,2026-06-08 08:08:00,-0.558581904693368,0
TX003058,26361.28,2026-03-31 09:37:00,0.7555812272099823,0
TX003059,13308.52,2026-05-25 02:55:00,-0.06639715942934368,0
TX003060,7988.13,2026-04-30 09:04:00,-0.4014409040850337,0
TX003061,6872.58,2026-03-01 00:52:00,-0.4716910266043706,0
TX003062,11537.6,2026-01-05 13:34:00,-0.177918244967369,0
TX003063,3086.73,2026-08-23 06:27:00,-0.7100993689824189,0
TX003064,16465.37,2026-03-20 15:41:00,0.1324008319427765,0
TX003065,21302.08,2026-01-26 11:13:00,0.4369855391190593,0
TX003066,10849.17,2026-04-07 06:24:00,-0.22127111292128154,0
TX003067,4198.27,2026-06-25 09:31:00,-0.6401017703224361,0
TX003068,38631.28,2026-01-23 06:10:00,1.5282664527151266,0
TX003069,6242.21,2026-05-29 10:45:00,-0.5113876513477836,0
TX003070,17084.74,2026-08-23 01:44:00,0.17140474784506854,0
TX003071,12372.17,2026-08-29 11:10:00,-0.12536242519150687,0
TX003072,3999.71,2026-03-17 17:26:00,-0.652605794639983,0
TX003073,6416.22,2026-02-10 19:00:00,-0.500429627216557,0
TX003074,3458.06,2026-02-19 15:32:00,-0.6867154077120989,0
TX003075,11120.56,2026-05-26 15:07:00,-0.20418072634020243,0
TX003076,5997.77,2026-04-05 11:20:00,-0.5267809012681159,0
TX003077,11293.75,2026-08-30 12:37:00,-0.19327434050440484,0
TX003078,13775.27,2026-05-27 12:55:00,-0.03700426382995279,0
TX003079,7898.62,2026-05-11 15:38:00,-0.4070776648458296,0
TX003080,4177.42,2026-08-17 21:53:00,-0.6414147684440157,0
TX003081,4727.62,2026-05-08 18:27:00,-0.6067667316817557,0
TX003082,8330.17,2026-04-13 00:46:00,-0.37990143753802635,0
TX003083,31913.88,2026-07-13 08:34:00,1.10524805550174,0
TX003084,4626.04,2026-06-02 05:00:00,-0.6131635829618546,0
TX003085,19806.29,2026-07-10 07:05:00,0.34279036116809425,0
TX003086,5068.91,2026-05-22 15:27:00,-0.5852744952830067,0
TX003087,27616.48,2026-05-07 12:02:00,0.8346256033350073,0
TX003088,9586.38,2026-03-09 15:42:00,-0.30079345814668024,0
TX003089,4709.7,2026-06-24 13:16:00,-0.6078952173574731,0
TX003090,15377.59,2026-08-05 02:46:00,0.06389948437961551,0
TX003091,4302.06,2026-02-04 00:19:00,-0.6335657475388029,0
TX003092,11916.63,2026-01-05 17:26:00,-0.15404938750826436,0
TX003093,12134.99,2026-04-19 00:06:00,-0.14029848727669925,0
TX003094,11975.86,2026-03-22 02:48:00,-0.1503194652664819,0
TX003095,17857.89,2026-06-18 19:13:00,0.22009273334623405,0
TX003096,19321.86,2026-04-19 08:55:00,0.31228409354042863,0
TX003097,8964.45,2026-06-28 12:27:00,-0.33995858628836023,0
TX003098,6137.82,2026-07-05 04:05:00,-0.5179614582500235,0
TX003099,9670.64,2026-01-11 03:58:00,-0.2954873084236922,0
TX003100,2425.52,2026-07-12 02:51:00,-0.7517380974222115,0
TX003101,5111.64,2026-06-08 04:47:00,-0.5825836363029059,0
TX003102,36116.99,2026-01-09 18:29:00,1.3699327334294438,0
TX003103,9085.87,2026-02-09 04:06:00,-0.33231234015300287,0
TX003104,12171.96,2026-02-20 01:50:00,-0.1379703558352221,0
TX003105,10435.85,2026-04-29 00:21:00,-0.24729933275875393,0
TX003106,8700.45,2026-06-16 16:22:00,-0.356583598475268,0
TX003107,8750.47,2026-04-30 18:23:00,-0.35343366245409713,0
TX003108,1224.77,2026-06-20 00:49:00,-0.8273535647836868,0
TX003109,2022.58,2026-05-15 05:57:00,-0.7771126520077897,0
TX003110,9378.16,2026-05-14 20:35:00,-0.3139058067737936,0
TX003111,22733.83,2026-08-25 18:01:00,0.5271478921440789,0
TX003112,13403.9,2026-05-20 16:37:00,-0.0603907440415132,0
TX003113,14016.53,2026-01-01 03:19:00,-0.021811269738235484,0
TX003114,5966.08,2026-03-28 10:01:00,-0.528776532465855,0
TX003115,19716.87,2026-08-17 05:34:00,0.3371592680250892,0
TX003116,14712.81,2026-01-19 02:42:00,0.022035940434113426,0
TX003117,14090.68,2026-02-10 15:57:00,-0.017141782413768805,0
TX003118,31112.02,2026-05-20 22:41:00,1.0547520999252482,0
TX003119,9798.43,2026-04-24 09:31:00,-0.2874399208957946,0
TX003120,9161.02,2026-05-08 04:38:00,-0.3275798792975252,0
TX003121,4970.24,2026-07-07 23:42:00,-0.5914880935878635,0
TX003122,1973.14,2026-08-18 02:53:00,-0.7802260633809742,0
TX003123,20805.59,2026-01-27 13:48:00,0.4057198107074007,0
TX003124,12842.3,2026-02-21 02:26:00,-0.0957566790572988,0
TX003125,3270.68,2026-08-31 06:01:00,-0.6985153879529428,0
TX003126,31461.68,2026-01-12 09:54:00,1.0767714247785591,0
TX003127,29669.71,2026-02-16 16:27:00,0.963924746412752,0
TX003128,2374.81,2026-08-10 02:03:00,-0.7549314851797801,0
TX003129,20058.94,2026-04-10 23:09:00,0.35870062377802686,0
TX003130,19815.59,2026-08-17 08:03:00,0.34337601500649667,0
TX003131,20610.14,2026-05-29 00:48:00,0.393411634071298,0
TX003132,4570.65,2026-04-11 19:27:00,-0.6166516868445546,0
TX003133,23987.59,2026-07-01 20:53:00,0.606101586384448,0
TX003134,4200.75,2026-07-31 00:45:00,-0.6399455959655288,0
TX003135,6910.55,2026-08-07 20:31:00,-0.4692999216318824,0
TX003136,5434.59,2026-08-12 18:10:00,-0.562246334462899,0
TX003137,3043.45,2026-01-16 18:55:00,-0.7128248634045756,0
TX003138,4635.58,2026-05-28 03:05:00,-0.6125628154760094,0
TX003139,9274.13,2026-04-27 13:08:00,-0.32045694320486945,0
TX003140,10320.17,2026-02-03 19:30:00,-0.25458411082610805,0
TX003141,13319.88,2026-03-09 06:40:00,-0.06568178011705864,0
TX003142,29130.66,2026-04-09 12:46:00,0.9299788645212649,0
TX003143,4873.3,2026-02-15 07:45:00,-0.5975927476840711,0
TX003144,7980.44,2026-05-28 22:31:00,-0.4019251705385084,0
TX003145,5350.08,2026-05-16 14:11:00,-0.5675682275686398,0
TX003146,2948.64,2026-07-11 00:15:00,-0.7187953838797299,0
TX003147,10733.07,2026-03-18 09:19:00,-0.22858233987166032,0
TX003148,2912.31,2026-04-07 09:50:00,-0.72108321226136,0
TX003149,28347.39,2026-05-25 12:39:00,0.8806535868862678,0
TX003150,57359.91,2026-07-31 12:22:00,2.7076744148139382,0
TX003151,3364.89,2026-03-02 17:42:00,-0.6925826515963951,0
TX003152,6295.55,2026-05-14 03:38:00,-0.5080286432036561,0
TX003153,10895.25,2026-08-19 09:24:00,-0.218369292612294,0
TX003154,8139.5,2026-06-21 22:49:00,-0.39190860069589645,0
TX003155,19203.97,2026-07-30 07:02:00,0.3048601439695402,0
TX003156,2097.55,2026-01-27 03:19:00,-0.7723915263878938,0
TX003157,12699.42,2026-01-18 17:07:00,-0.10475433716815247,0
TX003158,5190.04,2026-03-31 08:10:00,-0.5776465114716426,0
TX003159,15913.21,2026-01-20 21:41:00,0.09762936705973488,0
TX003160,4457.32,2026-04-01 10:03:00,-0.6237884771140328,0
TX003161,8889.37,2026-02-21 13:35:00,-0.3446866389966672,0
TX003162,3496.08,2026-03-03 07:51:00,-0.6843211540630602,0
TX003163,10777.28,2026-02-01 04:01:00,-0.22579828006566333,0
TX003164,16891.82,2026-05-06 02:49:00,0.15925589424242356,0
TX003165,2257.55,2026-03-20 14:44:00,-0.7623157614261316,0
TX003166,7633.53,2026-06-15 03:49:00,-0.42377131818153935,0
TX003167,4930.98,2026-01-08 03:38:00,-0.5939604344153558,0
TX003168,6183.47,2026-02-07 06:36:00,-0.5150867165593707,0
TX003169,32669.94,2026-01-12 17:11:00,1.1528598233579275,0
TX003170,23108.1,2026-04-20 08:51:00,0.550716995595571,0
TX003171,4772.25,2026-05-25 12:01:00,-0.6039562229927341,0
TX003172,2214.78,2026-03-25 08:12:00,-0.7650091393474726,0
TX003173,19865.8,2026-03-29 05:02:00,0.3465379159985596,0
TX003174,4178.86,2026-08-08 01:57:00,-0.6413240865593599,0
TX003175,3126.34,2026-08-16 03:31:00,-0.7076049874190725,0
TX003176,2692.78,2026-06-15 06:15:00,-0.7349077915242078,0
TX003177,13287.6,2026-06-26 04:41:00,-0.0677145656980941,0
TX003178,6879.58,2026-02-03 20:38:00,-0.4712502118872935,0
TX003179,2545.56,2026-05-10 19:06:00,-0.7441787547596495,0
TX003180,8967.03,2026-08-26 07:47:00,-0.33979611457835185,0
TX003181,3314.67,2026-02-20 06:21:00,-0.6957451823237683,0
TX003182,13541.23,2026-04-05 17:36:00,-0.05174258902777062,0
TX003183,9181.08,2026-04-14 10:53:00,-0.3263166302654443,0
TX003184,5248.94,2026-03-05 23:16:00,-0.5739373704950937,0
TX003185,3751.79,2026-01-24 03:41:00,-0.6682181924482338,0
TX003186,1873.2,2026-04-23 18:57:00,-0.7865196380702149,0
TX003187,21954.38,2026-06-14 01:52:00,0.47806317339754384,0
TX003188,24119.87,2026-02-20 12:34:00,0.6144317250665848,0
TX003189,6510.07,2026-02-15 06:16:00,-0.4945195613311734,0
TX003190,6590.53,2026-08-17 22:36:00,-0.48945271102602717,0
TX003191,6577.68,2026-02-22 05:19:00,-0.4902619208995187,0
TX003192,98695.31,2026-03-01 02:53:00,5.310710508566616,1
TX003193,8907.67,2026-06-18 17:31:00,-0.34353422337916567,0
TX003194,11401.56,2026-02-08 10:31:00,-0.18648516412610744,0
TX003195,19383.35,2026-02-21 14:30:00,0.31615633596229575,0
TX003196,6207.05,2026-05-02 09:14:00,-0.5136018006981309,0
TX003197,18925.61,2026-04-30 05:25:00,0.28733083187731423,0
TX003198,23004.47,2026-03-26 17:29:00,0.5441910485768997,0
TX003199,7434.9,2026-03-08 22:15:00,-0.4362797506462571,0
TX003200,6255.04,2026-01-11 13:58:00,-0.5105797009449123,0
TX003201,8237.78,2026-02-13 17:06:00,-0.38571956206813396,0
TX003202,8642.48,2026-08-21 19:57:00,-0.3602341740679766,0
TX003203,16506.08,2026-05-25 19:30:00,0.13496448439023506,0
TX003204,11187.22,2026-02-12 17:55:00,-0.19998291076300823,0
TX003205,2667.1,2026-06-23 14:03:00,-0.7365249518005706,0
TX003206,8199.66,2026-04-25 13:27:00,-0.3881201130702739,0
TX003207,14924.48,2026-01-20 00:08:00,0.03536554774321481,0
TX003208,78286.25,2026-06-28 08:20:00,4.025479935750965,1
TX003209,35803.45,2026-05-24 03:24:00,1.3501880125162502,0
TX003210,31269.99,2026-05-09 14:59:00,1.0647000286190582,0
TX003211,2046.23,2026-03-24 12:30:00,-0.7756233279993792,0
TX003212,13172.27,2026-03-02 22:58:00,-0.07497730302959436,0
TX003213,9804.15,2026-05-07 22:24:00,-0.28707971229841167,0
TX003214,7570.42,2026-01-05 10:39:00,-0.42774557772364447,0
TX003215,6699.03,2026-04-29 14:03:00,-0.4826200829113321,0
TX003216,21905.56,2026-06-12 16:28:00,0.47498880561358614,0
TX003217,20858.53,2026-05-10 22:57:00,0.40905362943912377,0
TX003218,5835.06,2026-01-28 03:47:00,-0.5370273244989181,0
TX003219,8325.45,2026-05-11 12:35:00,-0.3801986726043983,0
TX003220,9079.62,2026-01-08 06:44:00,-0.3327059247218217,0
TX003221,7288.49,2026-02-07 22:10:00,-0.4454997053215797,0
TX003222,21312.8,2026-05-24 22:33:00,0.4376606153714972,0
TX003223,21868.15,2026-07-25 01:16:00,0.4726329658184641,0
TX003224,12270.63,2026-08-05 13:07:00,-0.1317567575303653,0
TX003225,22427.54,2026-05-04 06:26:00,0.5078597293307153,0
TX003226,30106.32,2026-08-29 20:08:00,0.9914196197874711,0
TX003227,5462.83,2026-01-17 07:36:00,-0.5604679619471479,0
TX003228,11863.49,2026-06-25 23:38:00,-0.1573958009461896,0
TX003229,7670.53,2026-04-28 02:54:00,-0.42144129753413184,0
TX003230,3104.14,2026-06-28 11:54:00,-0.7090029998075171,0
TX003231,9269.92,2026-03-23 06:19:00,-0.3207220617704258,0
TX003232,3772.85,2026-05-28 18:05:00,-0.6668919698851418,0
TX003233,6508.13,2026-08-03 05:12:00,-0.49464172998133477,0
TX003234,16841.22,2026-02-07 08:40:00,0.15606943357326633,0
TX003235,17490.85,2026-04-13 06:36:00,0.19697892852395132,0
TX003236,4313.59,2026-07-01 05:31:00,-0.6328396627262459,0
TX003237,5530.0,2026-01-26 05:31:00,-0.5562380298691381,0
TX003238,9948.6,2026-07-06 11:09:00,-0.2779831857438706,0
TX003239,19542.67,2026-01-18 02:50:00,0.3261892789229705,0
TX003240,9073.89,2026-01-27 01:52:00,-0.33306676305451494,0
TX003241,29851.69,2026-08-01 16:13:00,0.9753846695861365,0
TX003242,9753.51,2026-01-05 18:40:00,-0.2902686919088094,0
TX003243,2321.85,2026-08-21 01:50:00,-0.7582665633821234,0
TX003244,5418.7,2026-06-22 09:22:00,-0.5632469838706641,0
TX003245,18564.25,2026-07-03 19:02:00,0.2645747167111741,0
TX003246,8354.81,2026-01-17 06:00:00,-0.37834976973391504,0
TX003247,1117.86,2026-04-08 02:16:00,-0.8340860649840743,0
TX003248,117208.17,2026-02-19 09:39:00,6.476530671879181,1
TX003249,11254.24,2026-01-04 12:59:00,-0.19576242471465002,0
TX003250,13820.79,2026-03-17 20:38:00,-0.034137708698331395,0
TX003251,20142.23,2026-08-06 09:10:00,0.3639456891759343,0
TX003252,20208.27,2026-04-02 20:12:00,0.3681044611639017,0
TX003253,1823.76,2026-05-28 05:44:00,-0.7896330494433994,0
TX003254,20598.82,2026-05-07 02:42:00,0.3926987737002533,0
TX003255,3578.45,2026-07-17 19:18:00,-0.679134024313683,0
TX003256,4245.83,2026-03-08 01:49:00,-0.6371067491875523,0
TX003257,12505.16,2026-07-09 13:38:00,-0.11698757530235211,0
TX003258,26600.06,2026-08-09 05:11:00,0.7706180469447924,0
TX003259,12952.87,2026-07-02 11:53:00,-0.08879369573341087,0
TX003260,1356.84,2026-02-18 18:56:00,-0.8190366505430622,0
TX003261,5571.13,2026-03-26 01:59:00,-0.5536479285386551,0
TX003262,90308.6,2026-02-19 20:32:00,4.782569766301234,1
TX003263,13490.08,2026-01-26 04:42:00,-0.05496368513898397,0
TX003264,6342.23,2026-02-14 10:13:00,-0.505089038776062,0
TX003265,12634.74,2026-02-03 07:07:00,-0.10882746515394488,0
TX003266,6411.26,2026-02-21 05:53:00,-0.5007419759303717,0
TX003267,14453.02,2026-02-21 14:50:00,0.0056760468127621,0
TX003268,2958.44,2026-03-23 10:49:00,-0.7181782432758218,0
TX003269,20979.22,2026-02-21 18:45:00,0.4166539048968432,0
TX003270,9833.26,2026-01-31 16:41:00,-0.285246552810681,0
TX003271,5079.07,2026-06-15 04:28:00,-0.5846346842079347,0
TX003272,7264.36,2026-08-27 16:17:00,-0.44701925662487546,0
TX003273,9138.77,2026-06-20 18:38:00,-0.32898104036252024,0
TX003274,29835.51,2026-08-15 22:14:00,0.9743657578543782,0
TX003275,1104.87,2026-02-24 04:23:00,-0.8349040911519074,0
TX003276,28949.32,2026-02-14 01:43:00,0.9185592444077276,0
TX003277,10128.19,2026-08-02 10:54:00,-0.26667376930960257,0
TX003278,3814.82,2026-05-03 18:10:00,-0.6642489707886094,0
TX003279,7982.45,2026-08-20 10:01:00,-0.40179859374117627,0
TX003280,8103.26,2026-04-26 06:34:00,-0.3941907614597356,0
TX003281,3042.67,2026-06-19 18:52:00,-0.7128739827587641,0
TX003282,9413.3,2026-05-23 15:35:00,-0.3116929168940666,0
TX003283,10557.12,2026-07-25 08:17:00,-0.2396625326530482,0
TX003284,10439.95,2026-03-04 07:27:00,-0.24704114128160876,0
TX003285,1440.14,2026-06-18 04:53:00,-0.8137909554098448,0
TX003286,4324.37,2026-04-14 11:06:00,-0.6321608080619471,0
TX003287,5437.51,2026-07-29 07:09:00,-0.5620624517523468,0
TX003288,20254.77,2026-08-17 09:59:00,0.3710327303559139,0
TX003289,3289.77,2026-03-31 11:41:00,-0.6973132232459425,0
TX003290,4572.5,2026-03-10 06:59:00,-0.6165351858121842,0
TX003291,21404.53,2026-05-02 07:53:00,0.4434371773711375,0
TX003292,13632.23,2026-01-23 09:29:00,-0.046011997705768325,0
TX003293,12664.76,2026-05-04 23:16:00,-0.10693699975299421,0
TX003294,2836.84,2026-06-22 03:17:00,-0.7258358246467611,0
TX003295,7175.27,2026-05-26 21:50:00,-0.4526295685026467,0
TX003296,10573.18,2026-04-04 05:52:00,-0.23865117774501135,0
TX003297,6095.49,2026-03-21 13:58:00,-0.5206271278177197,0
TX003298,3466.06,2026-01-16 09:28:00,-0.6862116194640109,0
TX003299,41974.47,2026-02-12 02:26:00,1.7387989318558394,0
TX003300,2285.12,2026-08-27 17:31:00,-0.7605795811761579,0
TX003301,9104.71,2026-05-14 13:42:00,-0.33112591882875547,0
TX003302,6178.3,2026-05-16 17:25:00,-0.5154122897146975,0
TX003303,49589.0,2026-04-09 13:16:00,2.2183127729451377,0
TX003304,2505.74,2026-01-02 22:56:00,-0.746686360764508,0
TX003305,4765.66,2026-01-16 01:25:00,-0.6043712185620967,0
TX003306,10180.34,2026-05-24 02:38:00,-0.2633896996673782,0
TX003307,4723.24,2026-02-16 18:53:00,-0.6070425557475839,0
TX003308,6620.27,2026-01-24 22:17:00,-0.4875798782137596,0
TX003309,36868.59,2026-06-07 17:37:00,1.417263639337322,0
TX003310,10414.74,2026-02-24 09:41:00,-0.24862870399839648,0
TX003311,4566.1,2026-06-10 14:58:00,-0.6169382164106547,0
TX003312,4827.34,2026-03-24 22:44:00,-0.6004870111693373,0
TX003313,6866.75,2026-05-17 17:11:00,-0.47205816229016484,0
TX003314,23529.59,2026-04-28 19:35:00,0.5772597091814035,0
TX003315,2903.14,2026-01-12 04:38:00,-0.721660679540731,0
TX003316,10636.23,2026-04-06 13:06:00,-0.23468069661476695,0
TX003317,13142.03,2026-05-02 16:58:00,-0.07688162260736743,0
TX003318,2949.56,2026-07-22 16:52:00,-0.7187374482311997,0
TX003319,3974.28,2026-07-19 15:39:00,-0.6542072115335931,0
TX003320,4641.65,2026-02-19 14:42:00,-0.6121805661427726,0
TX003321,3965.69,2026-06-02 07:48:00,-0.6547481541649778,0
TX003322,3659.12,2026-08-04 12:09:00,-0.6740539495670244,0
TX003323,7970.38,2026-06-30 18:16:00,-0.4025586842604792,0
TX003324,6310.18,2026-02-03 09:03:00,-0.507107340444965,0
TX003325,1277.8,2026-06-29 13:43:00,-0.8240140784341728,0
TX003326,4470.61,2026-02-08 12:19:00,-0.6229515588868966,0
TX003327,14371.06,2026-02-02 09:06:00,0.000514736211099315,0
TX003328,5568.19,2026-03-01 14:25:00,-0.5538330707198275,0
TX003329,1670.13,2026-06-27 04:12:00,-0.7993076730126216,0
TX003330,3188.67,2026-05-08 03:54:00,-0.7036798472311561,0
TX003331,5759.61,2026-04-24 22:55:00,-0.5417786774136992,0
TX003332,2213.1,2026-05-25 21:59:00,-0.7651149348795712,0
TX003333,3872.16,2026-04-11 07:52:00,-0.6606380685204379,0
TX003334,29138.12,2026-07-05 21:36:00,0.930448647062607,0
TX003335,12031.51,2026-07-26 03:27:00,-0.14681498826571898,0
TX003336,3928.79,2026-07-11 05:25:00,-0.6570718774592842,0
TX003337,16571.03,2026-04-07 08:34:00,0.13905461522940024,0
TX003338,7699.13,2026-02-16 00:37:00,-0.4196402545472168,0
TX003339,44830.13,2026-05-28 03:32:00,1.9186299254227521,0
TX003340,3375.14,2026-02-14 22:13:00,-0.6919371729035323,0
TX003341,10238.07,2026-04-14 02:02:00,-0.25975423772211237,0
TX003342,2497.17,2026-06-23 10:27:00,-0.7472260439252724,0
TX003343,10372.44,2026-06-07 17:04:00,-0.2512924843601623,0
TX003344,3818.6,2026-03-24 09:45:00,-0.6640109308413878,0
TX003345,6752.44,2026-05-07 10:57:00,-0.4792566666200339,0
TX003346,6573.52,2026-06-10 05:14:00,-0.4905238907885245,0
TX003347,35549.41,2026-03-15 22:00:00,1.3341902166982127,0
TX003348,13357.8,2026-08-11 16:35:00,-0.06329382382112098,0
TX003349,7249.14,2026-02-06 15:29:00,-0.4479777137668631,0
TX003350,17385.53,2026-07-28 13:04:00,0.19034655623787133,0
TX003351,7052.79,2026-04-25 09:42:00,-0.46034256658087574,0
TX003352,21329.89,2026-08-12 02:26:00,0.4387368330164754,0
TX003353,3025.99,2026-03-08 19:00:00,-0.7139243812560279,0
TX003354,9777.64,2026-04-08 05:44:00,-0.28874914060551365,0
TX003355,3861.85,2026-01-11 02:56:00,-0.6612873256251615,0
TX003356,8766.43,2026-04-15 09:01:00,-0.3524286048991613,0
TX003357,7542.91,2026-06-16 00:07:00,-0.42947797956175743,0
TX003358,38948.94,2026-08-18 19:06:00,1.5482706245760858,0
TX003359,25642.11,2026-01-16 10:37:00,0.7102925529127913,0
TX003360,45124.63,2026-05-01 05:59:00,1.9371756303054959,0
TX003361,5544.08,2026-02-19 20:28:00,-0.5553513625525031,0
TX003362,2261.64,2026-05-18 19:20:00,-0.7620581996842966,0
TX003363,10224.79,2026-04-15 12:26:00,-0.2605905262139386,0
TX003364,13563.74,2026-08-19 14:46:00,-0.05032505484471267,0
TX003365,2808.1,2026-01-12 19:17:00,-0.7276456839280177,0
TX003366,656.54,2026-08-19 10:49:00,-0.8631370143100755,0
TX003367,11005.33,2026-04-16 10:49:00,-0.21143716631860157,0
TX003368,1484.06,2026-03-27 05:14:00,-0.811025157927841,0
TX003369,9488.86,2026-05-13 17:29:00,-0.3069346368908743,0
TX003370,2182.3,2026-04-06 01:37:00,-0.7670545196347104,0
TX003371,120597.46,2026-02-19 06:51:00,6.689966230799501,1
TX003372,2210.05,2026-02-19 08:17:00,-0.7653070041491548,0
TX003373,6150.85,2026-02-28 21:56:00,-0.5171409131409499,0
TX003374,3826.28,2026-04-18 00:59:00,-0.6635272941232232,0
TX003375,12534.85,2026-05-07 06:35:00,-0.11511789116663507,0
TX003376,13374.51,2026-02-14 00:41:00,-0.06224153611792687,0
TX003377,20866.95,2026-06-23 13:37:00,0.4095838665702366,0
TX003378,10793.99,2026-05-13 05:57:00,-0.22474599236246934,0
TX003379,3105.58,2026-01-03 01:10:00,-0.7089123179228612,0
TX003380,15466.48,2026-06-24 19:07:00,0.06949720155118452,0
TX003381,15458.02,2026-06-19 07:45:00,0.0689644454788314,0
TX003382,20000.9,2026-03-28 07:06:00,0.35504564003814776,0
TX003383,8257.11,2026-08-11 12:33:00,-0.38450228371369105,0
TX003384,5249.42,2026-05-07 09:16:00,-0.5739071432002084,0
TX003385,8162.66,2026-08-31 01:19:00,-0.3904501337176814,0
TX003386,6600.57,2026-03-13 22:07:00,-0.4888204567746766,0
TX003387,5536.6,2026-04-21 02:59:00,-0.5558224045644654,0
TX003388,22880.36,2026-01-30 16:50:00,0.5363754036431228,0
TX003389,15305.12,2026-08-31 22:12:00,0.059335792587247346,0
TX003390,4679.14,2026-01-01 21:51:00,-0.6098196884651695,0
TX003391,20302.71,2026-03-28 05:34:00,0.37405168143258183,0
TX003392,6082.31,2026-01-17 01:20:00,-0.5214571189564449,0
TX003393,2162.38,2026-01-29 05:09:00,-0.7683089523724499,0
TX003394,19226.71,2026-08-06 11:51:00,0.30629216206473053,0
TX003395,4723.28,2026-06-02 05:08:00,-0.6070400368063434,0
TX003396,3458.75,2026-02-23 14:35:00,-0.6866719559757013,0
TX003397,1676.86,2026-08-12 04:36:00,-0.7988838611489174,0
TX003398,4131.83,2026-03-07 04:40:00,-0.6442857317228079,0
TX003399,10518.47,2026-07-16 16:09:00,-0.242096459626624,0
TX003400,13370.36,2026-02-14 07:40:00,-0.06250287627162256,0
TX003401,6541.36,2026-03-06 22:08:00,-0.49254911954583874,0
TX003402,6423.66,2026-02-02 00:54:00,-0.4999611041458351,0
TX003403,20679.72,2026-07-30 11:32:00,0.39779333235904446,0
TX003404,10566.89,2026-06-24 07:31:00,-0.2390472812550707,0
TX003405,3707.46,2026-03-27 06:53:00,-0.6710098090779519,0
TX003406,11491.44,2026-03-09 06:52:00,-0.1808251031588374,0
TX003407,5954.87,2026-02-18 04:41:00,-0.5294824657484885,0
TX003408,1547.48,2026-01-14 03:21:00,-0.8070313765911225,0
TX003409,4242.3,2026-02-11 12:04:00,-0.6373290457520211,0
TX003410,4297.17,2026-03-31 14:26:00,-0.6338736881054468,0
TX003411,12248.62,2026-06-28 15:23:00,-0.13314280494791764,0
TX003412,5407.89,2026-02-02 10:08:00,-0.563927727740893,0
TX003413,11706.89,2026-04-12 14:13:00,-0.16725745590251445,0
TX003414,6926.59,2026-05-14 23:17:00,-0.46828982619446574,0
TX003415,2673.57,2026-02-06 03:02:00,-0.7361175130549295,0
TX003416,4470.66,2026-03-31 00:30:00,-0.6229484102103459,0
TX003417,3355.48,2026-07-06 19:46:00,-0.6931752325232088,0
TX003418,18117.07,2026-08-14 00:53:00,0.23641421311366873,0
TX003419,7931.67,2026-03-20 06:23:00,-0.40499638964591556,0
TX003420,26595.63,2026-04-29 01:09:00,0.7703390742024137,0
TX003421,9921.88,2026-07-22 09:46:00,-0.279665838492485,0
TX003422,21445.79,2026-06-12 02:42:00,0.4460354652606521,0
TX003423,5813.91,2026-03-06 07:41:00,-0.5383592146798011,0
TX003424,1432.14,2026-01-21 22:30:00,-0.8142947436579329,0
TX003425,14779.77,2026-01-08 23:30:00,0.026252648070611,0
TX003426,12019.89,2026-03-28 20:58:00,-0.14754674069606702,0
TX003427,64134.63,2026-03-09 10:55:00,3.1343024548248763,1
TX003428,2422.99,2026-02-23 18:09:00,-0.7518974204556694,0
TX003429,3810.72,2026-06-09 14:03:00,-0.6645071622657547,0
TX003430,7460.35,2026-03-07 01:39:00,-0.43467707428202673,0
TX003431,51145.86,2026-08-21 06:18:00,2.316353744434945,0
TX003432,886.87,2026-01-07 03:18:00,-0.8486323209123086,0
TX003433,2383.16,2026-08-01 04:33:00,-0.7544056561958381,0
TX003434,3334.44,2026-05-26 01:09:00,-0.6945001956156804,0
TX003435,17772.79,2026-02-01 08:20:00,0.21473368585719682,0
TX003436,4979.47,2026-02-13 22:06:00,-0.5909068478966318,0
TX003437,2501.17,2026-05-25 12:36:00,-0.7469741498012283,0
TX003438,16800.78,2026-02-08 05:43:00,0.15352278397918076,0
TX003439,9481.01,2026-07-31 16:02:00,-0.3074289791093108,0
TX003440,5365.49,2026-05-19 10:02:00,-0.5665978054557601,0
TX003441,9624.07,2026-01-19 16:15:00,-0.2984199857628751,0
TX003442,3873.66,2026-05-01 07:09:00,-0.6605436082239214,0
TX003443,2457.22,2026-03-20 14:56:00,-0.7497418364891625,0
TX003444,13784.47,2026-04-18 00:20:00,-0.03642490734465153,0
TX003445,3189.54,2026-08-11 22:06:00,-0.7036250602591765,0
TX003446,28512.0,2026-01-10 07:14:00,0.8910196598259909,0
TX003447,4312.0,2026-03-30 02:54:00,-0.6329397906405534,0
TX003448,23401.34,2026-05-21 16:39:00,0.5691833538292409,0
TX003449,18556.0,2026-03-16 10:03:00,0.2640551850803332,0
TX003450,7674.73,2026-06-26 13:28:00,-0.4211768087038856,0
TX003451,16519.2,2026-03-14 17:43:00,0.13579069711709948,0
TX003452,3962.41,2026-06-05 15:12:00,-0.6549547073466939,0
TX003453,26543.81,2026-06-06 10:58:00,0.7670757858254229,0
TX003454,15147.56,2026-07-12 14:47:00,0.04941368304115186,0
TX003455,4173.93,2026-02-24 07:41:00,-0.6416345460672441,0
TX003456,24332.91,2026-06-17 08:36:00,0.6278476061131714,0
TX003457,4317.89,2026-01-07 05:40:00,-0.6325688765428985,0
TX003458,3955.68,2026-06-16 10:38:00,-0.655378519210398,0
TX003459,6859.62,2026-01-13 00:54:00,-0.47250716356627337,0
TX003460,6367.53,2026-03-01 17:03:00,-0.5034958084414833,0
TX003461,12840.85,2026-03-25 18:27:00,-0.09584799067726471,0
TX003462,13645.74,2026-08-16 07:31:00,-0.04516122530180951,0
TX003463,8351.48,2026-02-28 20:53:00,-0.3785594715921817,0
TX003464,10307.09,2026-08-18 00:15:00,-0.2554078046117321,0
TX003465,4122.98,2026-08-11 19:36:00,-0.6448430474722554,0
TX003466,6434.77,2026-05-20 02:27:00,-0.49926146821630274,0
TX003467,1469.8,2026-02-10 22:07:00,-0.8119231604800581,0
TX003468,19501.38,2026-08-29 05:01:00,0.3235891018275259,0
TX003469,8785.22,2026-04-10 12:06:00,-0.3512453322514644,0
TX003470,9923.22,2026-04-17 21:35:00,-0.2795814539609302,0
TX003471,28737.42,2026-07-26 16:45:00,0.9052151531864936,0
TX003472,14555.08,2026-01-28 16:10:00,0.01210312538774618,0
TX003473,8147.28,2026-07-20 23:47:00,-0.3914186666246308,0
TX003474,20401.48,2026-08-01 23:15:00,0.3802715770905397,0
TX003475,5818.04,2026-07-30 14:07:00,-0.5380991339967256,0
TX003476,6962.48,2026-06-13 00:36:00,-0.4660297061664805,0
TX003477,7055.7,2026-05-12 09:06:00,-0.4601593136056337,0
TX003478,26215.82,2026-06-10 01:14:00,0.7464210973891202,0
TX003479,6971.95,2026-04-09 17:39:00,-0.4654333468278061,0
TX003480,5870.41,2026-03-26 17:17:00,-0.5348012101776788,0
TX003481,8920.94,2026-03-31 11:10:00,-0.34269856462264947,0
TX003482,16450.97,2026-05-14 11:51:00,0.13149401309621803,0
TX003483,15437.21,2026-08-16 19:56:00,0.06765396629849212,0
TX003484,2004.04,2026-04-28 18:08:00,-0.7782801812727339,0
TX003485,23437.06,2026-01-07 20:49:00,0.5714327683569544,0
TX003486,5689.75,2026-04-07 01:35:00,-0.5461780082901285,0
TX003487,26092.97,2026-01-05 14:46:00,0.7386847991044172,0
TX003488,3902.14,2026-01-20 08:20:00,-0.6587501220607278,0
TX003489,809.19,2026-02-04 16:10:00,-0.8535241048012442,0
TX003490,4090.19,2026-04-21 03:43:00,-0.6469079495541065,0
TX003491,10616.97,2026-08-13 18:51:00,-0.2358935668220391,0
TX003492,1667.73,2026-03-30 10:10:00,-0.7994588094870481,0
TX003493,21829.04,2026-05-23 00:00:00,0.4701700710206233,0
TX003494,8504.28,2026-07-09 06:31:00,-0.36893711605369867,0
TX003495,21876.71,2026-08-19 18:02:00,0.4731720192439182,0
TX003496,17825.76,2026-04-03 07:22:00,0.2180693937948501,0
TX003497,5073.19,2026-01-11 06:28:00,-0.5850049685702795,0
TX003498,16873.35,2026-05-01 12:01:00,0.15809277312465003,0
TX003499,58475.99,2026-08-20 10:06:00,2.7779579133047108,0
TX003500,8404.39,2026-03-31 20:11:00,-0.3752275420663889,0
TX003501,18850.16,2026-07-25 08:26:00,0.28257947896253316,0
TX003502,15761.68,2026-04-01 10:59:00,0.08808698790563597,0
TX003503,1332.8,2026-04-21 10:05:00,-0.820550534228567,0
TX003504,2133.77,2026-06-27 23:54:00,-0.7701106250946749,0
TX003505,37071.71,2026-04-20 14:04:00,1.4300548229562793,0
TX003506,2097.23,2026-08-16 12:27:00,-0.7724116779178174,0
TX003507,25334.72,2026-01-01 15:15:00,0.6909351192153157,0
TX003508,10143.16,2026-07-24 06:33:00,-0.2657310555503677,0
TX003509,12362.15,2026-08-28 12:23:00,-0.12599341997223726,0
TX003510,44368.33,2026-07-11 16:38:00,1.889548748801866,0
TX003511,8615.46,2026-02-17 03:22:00,-0.3619357188758942,0
TX003512,67290.76,2026-06-19 14:07:00,3.3330551052546684,1
TX003513,13347.93,2026-06-02 18:58:00,-0.06391537257219962,0
TX003514,19945.32,2026-05-20 14:17:00,0.3515455711845555,0
TX003515,9427.97,2026-01-04 11:41:00,-0.31076909519413504,0
TX003516,5118.19,2026-07-20 03:59:00,-0.5821711596747838,0
TX003517,3220.7,2026-07-11 20:53:00,-0.7016628050328734,0
TX003518,13505.54,2026-08-26 07:31:00,-0.053990114349553635,0
TX003519,4204.11,2026-05-20 10:50:00,-0.6397340049013318,0
TX003520,11596.09,2026-01-05 08:42:00,-0.17423492313853478,0
TX003521,1079.44,2026-08-15 14:02:00,-0.8365055080455175,0
TX003522,4273.16,2026-04-26 10:04:00,-0.6353856825850213,0
TX003523,12697.41,2026-06-08 15:23:00,-0.10488091396548463,0
TX003524,2603.08,2026-01-08 09:15:00,-0.7405565172558959,0
TX003525,35185.82,2026-08-22 19:43:00,1.3112936705579177,0
TX003526,5183.8,2026-07-23 13:27:00,-0.5780394663051511,0
TX003527,8921.38,2026-02-07 06:01:00,-0.34267085626900473,0
TX003528,3217.65,2026-01-04 23:17:00,-0.7018548743024569,0
TX003529,9597.97,2026-08-14 17:01:00,-0.3000635949222626,0
TX003530,12116.68,2026-01-20 11:21:00,-0.14145153262951088,0
TX003531,3300.84,2026-04-04 21:00:00,-0.6966161062576506,0
TX003532,16131.64,2026-03-22 13:01:00,0.11138467543847073,0
TX003533,7478.7,2026-07-23 06:39:00,-0.4335215099879747,0
TX003534,8124.39,2026-03-12 04:23:00,-0.39286013074947285,0
TX003535,9607.08,2026-03-16 02:27:00,-0.29948990605475223,0
TX003536,15245.08,2026-05-08 02:54:00,0.055554861785346,0
TX003537,3091.11,2026-07-11 21:27:00,-0.7098235449165905,0
TX003538,3995.35,2026-08-04 14:22:00,-0.652880359235191,0
TX003539,2866.97,2026-01-16 00:18:00,-0.7239384321573994,0
TX003540,2162.14,2026-04-13 21:56:00,-0.7683240660198926,0
TX003541,24786.33,2026-02-11 07:17:00,0.6564010645441856,0
TX003542,13937.41,2026-02-26 17:09:00,-0.026793735511826983,0
TX003543,7658.49,2026-06-06 09:23:00,-0.42219949884750446,0
TX003544,7045.88,2026-05-20 23:59:00,-0.46077771368016185,0
TX003545,15036.83,2026-02-13 05:04:00,0.04244062395230228,0
TX003546,6141.93,2026-02-22 11:20:00,-0.5177026370375681,0
TX003547,9160.07,2026-02-12 22:46:00,-0.3276397041519857,0
TX003548,4358.92,2026-02-25 02:47:00,-0.6299850725655166,0
TX003549,6618.58,2026-05-23 16:52:00,-0.4876863034811682,0
TX003550,13170.42,2026-04-29 09:08:00,-0.07509380406196477,0
TX003551,1790.13,2026-05-16 23:22:00,-0.7917508492912999,0
TX003552,11940.54,2026-02-25 16:06:00,-0.1525436903817909,0
TX003553,7297.94,2026-08-08 06:15:00,-0.4449046054535256,0
TX003554,17171.24,2026-02-16 06:55:00,0.17685195827752126,0
TX003555,7026.04,2026-04-13 22:53:00,-0.4620271085354204,0
TX003556,2463.14,2026-05-11 12:42:00,-0.7493690331855772,0
TX003557,3207.75,2026-03-22 07:29:00,-0.7024783122594659,0
TX003558,53032.04,2026-06-24 07:37:00,2.4351331591573,0
TX003559,7786.92,2026-06-21 04:31:00,-0.41411180825975985,0
TX003560,14526.1,2026-06-11 03:29:00,0.010278152459047016,0
TX003561,4992.68,2026-07-31 16:39:00,-0.5900749675519762,0
TX003562,17691.61,2026-05-27 10:39:00,0.20962149460972268,0
TX003563,9529.25,2026-02-01 18:40:00,-0.30439113597333944,0
TX003564,22724.68,2026-06-12 01:16:00,0.5265716843353281,0
TX003565,6995.8,2026-07-31 07:13:00,-0.46393142811319343,0
TX003566,3912.11,2026-08-12 23:41:00,-0.6581222759565478,0
TX003567,3458.03,2026-04-01 00:52:00,-0.6867172969180292,0
TX003568,1514.62,2026-03-05 15:44:00,-0.8091006868201444,0
TX003569,8660.01,2026-05-24 07:04:00,-0.35913024806935345,0
TX003570,3804.49,2026-08-02 04:35:00,-0.6648994873639532,0
TX003571,13448.31,2026-04-06 08:42:00,-0.057594089529314066,0
TX003572,26550.77,2026-02-06 07:26:00,0.7675140816012594,0
TX003573,8085.65,2026-05-27 19:00:00,-0.3952997253408396,0
TX003574,3196.83,2026-03-08 19:47:00,-0.7031659832181062,0
TX003575,11608.05,2026-03-29 10:49:00,-0.17348175970764312,0
TX003576,31241.71,2026-03-29 02:27:00,1.0629191371620663,0
TX003577,3728.57,2026-01-23 16:46:00,-0.6696804378383094,0
TX003578,12338.51,2026-08-24 07:50:00,-0.12748211424533762,0
TX003579,1089.43,2026-02-22 07:02:00,-0.8358764024707175,0
TX003580,14573.51,2026-04-23 05:04:00,0.01326372756427919,0
TX003581,1821.92,2026-03-21 13:24:00,-0.7897489207404598,0
TX003582,2843.43,2026-05-06 14:03:00,-0.7254208290773986,0
TX003583,28594.71,2026-05-11 14:54:00,0.8962282005759118,0
TX003584,5850.43,2026-01-14 02:05:00,-0.5360594213272788,0
TX003585,5688.61,2026-04-22 07:53:00,-0.5462497981154812,0
TX003586,18090.89,2026-06-17 21:45:00,0.23476556607180035,0
TX003587,5172.82,2026-05-18 14:34:00,-0.5787309156756522,0
TX003588,2751.97,2026-08-21 22:19:00,-0.7311803882236659,0
TX003589,4005.77,2026-07-29 11:38:00,-0.6522241750420563,0
TX003590,5065.13,2026-06-19 13:15:00,-0.5855125352302283,0
TX003591,10123.92,2026-06-28 21:52:00,-0.2669426662870196,0
TX003592,10484.87,2026-04-22 21:27:00,-0.244212370268594,0
TX003593,8534.63,2026-07-25 00:17:00,-0.36702586938751447,0
TX003594,6107.17,2026-04-23 21:33:00,-0.519891596975511,0
TX003595,13224.37,2026-08-28 11:39:00,-0.07169638206392051,0
TX003596,6974.76,2026-08-29 21:49:00,-0.46525639120566514,0
TX003597,3560.37,2026-05-09 13:31:00,-0.680272585754362,0
TX003598,5101.31,2026-05-06 21:26:00,-0.5832341528782499,0
TX003599,3205.5,2026-04-25 21:44:00,-0.7026200027042406,0
TX003600,5362.5,2026-05-26 12:35:00,-0.566786096313483,0
TX003601,30557.82,2026-06-03 12:15:00,1.019852169038944,0
TX003602,1219.47,2026-01-05 22:56:00,-0.8276873244980453,0
TX003603,4440.69,2026-01-29 13:30:00,-0.624835726934746,0
TX003604,1847.12,2026-08-28 23:12:00,-0.7881619877589822,0
TX003605,9385.89,2026-03-05 09:45:00,-0.3134190213790785,0
TX003606,3731.51,2026-01-31 22:40:00,-0.6694952956571371,0
TX003607,12753.35,2026-04-09 08:57:00,-0.10135817464072845,0
TX003608,12319.9,2026-01-05 20:11:00,-0.1286540516574526,0
TX003609,30173.16,2026-04-14 18:17:00,0.9956287706002472,0
TX003610,6246.8,2026-05-06 05:11:00,-0.5110986028404431,0
TX003611,10942.9,2026-07-29 02:04:00,-0.2153686038596192,0
TX003612,14842.11,2026-01-24 06:35:00,0.030178417993837636,0
TX003613,3143.69,2026-08-03 11:35:00,-0.7065123966560314,0
TX003614,1521.4,2026-04-19 03:48:00,-0.8086737262798898,0
TX003615,2605.89,2026-02-23 08:09:00,-0.740379561633755,0
TX003616,8841.96,2026-06-21 23:14:00,-0.34767221410189947,0
TX003617,5456.05,2026-08-10 17:10:00,-0.5608949224874026,0
TX003618,20892.22,2026-05-16 06:29:00,0.41117520769888494,0
TX003619,14801.76,2026-06-29 16:11:00,0.027637436017543187,0
TX003620,54559.27,2026-03-06 19:50:00,2.5313082249232512,0
TX003621,22061.32,2026-04-03 19:19:00,0.4847975628038616,0
TX003622,10378.26,2026-08-24 01:01:00,-0.25092597840967823,0
TX003623,19434.21,2026-03-09 22:22:00,0.31935916974951595,0
TX003624,7848.09,2026-06-09 21:45:00,-0.41025971736781613,0
TX003625,16888.07,2026-04-28 03:47:00,0.15901974350113224,0
TX003626,5952.61,2026-03-28 23:26:00,-0.5296247859285734,0
TX003627,12329.07,2026-07-24 14:06:00,-0.12807658437808161,0
TX003628,5383.26,2026-01-29 03:40:00,-0.5654787658096944,0
TX003629,4479.1,2026-06-11 02:24:00,-0.622416913608613,0
TX003630,27443.26,2026-03-03 09:25:00,0.8237173282932794,0
TX003631,9553.65,2026-01-25 02:10:00,-0.30285458181667074,0
TX003632,12595.24,2026-02-14 00:27:00,-0.11131491962887995,0
TX003633,2738.82,2026-08-09 08:55:00,-0.7320084901564609,0
TX003634,4740.74,2026-03-17 13:53:00,-0.6059405189548912,0
TX003635,24924.84,2026-07-02 05:49:00,0.665123528324521,0
TX003636,7542.67,2026-06-12 23:30:00,-0.4294930932092001,0
TX003637,7736.23,2026-03-10 15:36:00,-0.4173039365467082,0
TX003638,11504.42,2026-08-21 23:40:00,-0.18000770672631447,0
TX003639,3900.27,2026-07-18 01:58:00,-0.6588678825637183,0
TX003640,1589.36,2026-01-06 08:36:00,-0.8043940451123811,0
TX003641,3082.87,2026-05-30 06:06:00,-0.7103424468121213,0
TX003642,2970.62,2026-06-07 11:49:00,-0.7174112256681077,0
TX003643,4625.86,2026-07-17 07:27:00,-0.6131749181974365,0
TX003644,5497.67,2026-07-09 11:40:00,-0.5582739641267241,0
TX003645,3731.75,2026-06-07 06:29:00,-0.6694801820096944,0
TX003646,1714.36,2026-02-09 02:25:00,-0.7965223537360043,0
TX003647,6754.11,2026-05-05 02:58:00,-0.4791515008232455,0
TX003648,1915.01,2026-03-05 12:48:00,-0.7838867147386444,0
TX003649,8853.07,2026-03-06 15:56:00,-0.34697257817236704,0
TX003650,1987.48,2026-05-25 00:00:00,-0.7793230229462762,0
TX003651,7780.26,2026-04-07 00:31:00,-0.4145312119762932,0
TX003652,1111.79,2026-04-16 06:51:00,-0.8344683143173113,0
TX003653,3298.15,2026-07-27 13:28:00,-0.6967855050560702,0
TX003654,3606.39,2026-04-14 16:55:00,-0.6773745438572352,0
TX003655,14877.51,2026-05-11 16:51:00,0.03240768099162752,0
TX003656,2984.21,2026-04-06 10:07:00,-0.7165554153816679,0
TX003657,9066.39,2026-03-28 06:38:00,-0.33353906453709753,0
TX003658,21524.01,2026-03-02 00:14:00,0.4509612548563335,0
TX003659,16500.68,2026-03-26 02:05:00,0.1346244273227755,0
TX003660,7973.33,2026-03-12 19:03:00,-0.4023729123439967,0
TX003661,31458.42,2026-01-12 02:35:00,1.0765661310674632,0
TX003662,3115.59,2026-06-18 15:15:00,-0.7082819528774409,0
TX003663,4577.45,2026-02-02 18:23:00,-0.6162234668336798,0
TX003664,1867.52,2026-05-09 01:24:00,-0.7868773277263574,0
TX003665,18356.95,2026-05-20 02:56:00,0.2515203037325909,0
TX003666,11427.21,2026-03-22 13:23:00,-0.18486989305567494,0
TX003667,9552.72,2026-07-14 19:03:00,-0.302913147200511,0
TX003668,16154.71,2026-07-03 22:51:00,0.11283747479889482,0
TX003669,16031.93,2026-05-11 16:57:00,0.10510558466136256,0
TX003670,4785.37,2026-04-23 11:56:00,-0.6031300102658695,0
TX003671,7346.75,2026-07-04 14:32:00,-0.441830867404878,0
TX003672,20561.84,2026-07-07 19:03:00,0.39037001252346604,0
TX003673,14716.48,2026-07-13 19:07:00,0.022267053292923854,0
TX003674,4511.24,2026-06-26 03:27:00,-0.6203929443219189,0
TX003675,4154.35,2026-06-30 18:13:00,-0.6428675678044398,0
TX003676,6960.96,2026-06-29 05:08:00,-0.46612542593361717,0
TX003677,1271.72,2026-08-30 18:23:00,-0.8243969575027198,0
TX003678,12434.74,2026-03-25 09:31:00,-0.12142217135614773,0
TX003679,11970.14,2026-04-02 15:21:00,-0.15067967386386497,0
TX003680,3137.65,2026-08-27 12:53:00,-0.706892756783338,0
TX003681,2288.06,2026-01-18 03:17:00,-0.7603944389949856,0
TX003682,13427.95,2026-07-23 10:33:00,-0.05887623062069824,0
TX003683,10771.16,2026-08-25 03:10:00,-0.22618367807545078,0
TX003684,5446.81,2026-08-09 07:27:00,-0.5614767979139444,0
TX003685,8021.1,2026-07-10 16:35:00,-0.3993646667676005,0
TX003686,2532.63,2026-07-19 20:21:00,-0.7449930025156218,0
TX003687,11084.79,2026-08-22 03:13:00,-0.20643328954446633,0
TX003688,20435.94,2026-02-08 06:48:00,0.3824416449691792,0
TX003689,12123.92,2026-03-28 21:37:00,-0.14099560426499116,0
TX003690,5063.06,2026-02-21 22:32:00,-0.5856428904394211,0
TX003691,3485.52,2026-04-05 02:22:00,-0.6849861545505365,0
TX003692,1144.54,2026-02-25 07:42:00,-0.8324059311767006,0
TX003693,4007.57,2026-01-18 22:19:00,-0.6521108226862365,0
TX003694,13355.31,2026-02-14 16:21:00,-0.06345062791333839,0
TX003695,13171.58,2026-04-06 01:10:00,-0.075020754765992,0
TX003696,5455.3,2026-01-06 21:04:00,-0.5609421526356608,0
TX003697,1719.37,2026-08-04 16:10:00,-0.7962068563456391,0
TX003698,11979.39,2026-06-19 15:14:00,-0.1500971687020131,0
TX003699,2160.54,2026-01-28 21:57:00,-0.7684248236695101,0
TX003700,7807.34,2026-07-16 14:17:00,-0.41282588875651494,0
TX003701,14093.82,2026-01-05 22:23:00,-0.016944045526394256,0
TX003702,3125.91,2026-06-22 10:43:00,-0.7076320660374072,0
TX003703,9805.02,2026-01-23 15:13:00,-0.28702492532643203,0
TX003704,8750.07,2026-05-01 19:02:00,-0.35345885186650156,0
TX003705,16137.73,2026-03-18 01:13:00,0.11176818424232782,0
TX003706,5201.89,2026-06-21 17:54:00,-0.5769002751291619,0
TX003707,15996.58,2026-01-22 00:08:00,0.1028794703401232,0
TX003708,16442.76,2026-08-08 22:59:00,0.13097700040661742,0
TX003709,19407.84,2026-08-07 14:07:00,0.3176985577367556,0
TX003710,4059.5,2026-02-08 09:23:00,-0.6488406072208345,0
TX003711,2457.41,2026-08-22 07:25:00,-0.7497298715182703,0
TX003712,11928.16,2026-01-04 11:09:00,-0.15332330269570732,0
TX003713,6648.25,2026-03-11 08:28:00,-0.4858178788160714,0
TX003714,11900.68,2026-08-17 03:56:00,-0.15505381532788995,0
TX003715,5801.11,2026-08-28 07:07:00,-0.5391652758767421,0
TX003716,7741.82,2026-05-27 10:35:00,-0.4169519145083566,0
TX003717,20496.82,2026-03-26 08:49:00,0.3862754735371298,0
TX003718,1898.15,2026-05-08 04:01:00,-0.7849484484714901,0
TX003719,963.69,2026-04-18 00:42:00,-0.8437946942600424,0
TX003720,1105.14,2026-03-23 21:20:00,-0.8348870882985345,0
TX003721,23515.21,2026-04-18 17:30:00,0.5763541498054651,0
TX003722,7445.15,2026-03-12 19:49:00,-0.4356342719533942,0
TX003723,5727.26,2026-02-24 23:06:00,-0.5438158711419054,0
TX003724,26815.32,2026-03-29 08:05:00,0.7841737292302232,0
TX003725,4811.97,2026-03-06 10:07:00,-0.6014549143409766,0
TX003726,55108.83,2026-04-08 06:56:00,2.5659159586256646,0
TX003727,2562.66,2026-01-17 04:47:00,-0.7431019073793611,0
TX003728,5284.45,2026-04-02 05:35:00,-0.5717011804088927,0
TX003729,2087.57,2026-03-21 18:09:00,-0.7730200022273838,0
TX003730,2052.83,2026-03-21 06:35:00,-0.7752077026947064,0
TX003731,8555.67,2026-06-30 08:45:00,-0.36570090629504265,0
TX003732,8086.03,2026-04-04 20:43:00,-0.39527579539905544,0
TX003733,10282.36,2026-04-14 12:55:00,-0.25696514003363446,0
TX003734,11884.76,2026-04-06 18:06:00,-0.15605635394158532,0
TX003735,11643.79,2026-03-02 12:27:00,-0.17123108570930937,0
TX003736,1928.63,2026-03-02 02:58:00,-0.7830290152462744,0
TX003737,21272.27,2026-02-12 04:11:00,0.4351082981596209,0
TX003738,7096.35,2026-06-04 06:22:00,-0.45759943957003596,0
TX003739,6529.2,2026-06-01 22:38:00,-0.4933148776829327,0
TX003740,3523.75,2026-03-22 19:07:00,-0.6825786764599854,0
TX003741,9144.13,2026-08-15 03:40:00,-0.3286435022363013,0
TX003742,40390.09,2026-08-12 09:30:00,1.6390249287926084,0
TX003743,6816.47,2026-08-03 06:00:00,-0.4752244714293986,0
TX003744,5845.19,2026-02-07 10:29:00,-0.5363894026297765,0
TX003745,16388.58,2026-08-04 02:17:00,0.12756509449644088,0
TX003746,8528.36,2026-01-25 22:40:00,-0.3674207134269534,0
TX003747,13609.94,2026-01-15 11:28:00,-0.04741567771200377,0
TX003748,16620.19,2026-07-27 21:11:00,0.1421503940139017,0
TX003749,6586.99,2026-05-21 03:38:00,-0.48967563732580616,0
TX003750,8140.89,2026-02-24 18:05:00,-0.39182106748779116,0
TX003751,35713.61,2026-03-02 10:21:00,1.344530470490221,0
TX003752,13038.04,2026-04-29 06:17:00,-0.08343024009720278,0
TX003753,3192.6,2026-07-08 04:33:00,-0.7034323612542828,0
TX003754,4854.72,2026-05-01 12:48:00,-0.5987627958902558,0
TX003755,1522.11,2026-04-03 17:14:00,-0.8086290150728719,0
TX003756,21668.08,2026-03-15 14:39:00,0.4600338514690905,0
TX003757,4425.67,2026-02-01 16:52:00,-0.6257815893705314,0
TX003758,19621.95,2026-08-20 09:12:00,0.3311818204615239,0
TX003759,17794.72,2026-07-04 22:34:00,0.21611469539226838,0
TX003760,9850.54,2026-02-11 09:00:00,-0.2841583701948106,0
TX003761,2682.76,2026-03-10 16:06:00,-0.7355387863049382,0
TX003762,3353.09,2026-06-10 18:56:00,-0.6933257392623251,0
TX003763,3181.68,2026-04-22 08:23:00,-0.704120032212923,0
TX003764,7978.24,2026-08-26 21:09:00,-0.40206371230673266,0
TX003765,24377.03,2026-03-07 06:47:00,0.6306259983013773,0
TX003766,17839.32,2026-06-26 16:39:00,0.21892331487535954,0
TX003767,5160.34,2026-08-17 11:42:00,-0.5795168253426696,0
TX003768,8162.44,2026-05-10 23:31:00,-0.3904639878945038,0
TX003769,2985.32,2026-07-26 18:44:00,-0.7164855147622458,0
TX003770,26090.96,2026-04-14 10:30:00,0.7385582223070849,0
TX003771,9710.38,2026-08-20 18:44:00,-0.2929847403013145,0
TX003772,12226.95,2026-01-24 11:57:00,-0.13450744136492632,0
TX003773,7550.25,2026-06-29 00:40:00,-0.4290157538441366,0
TX003774,11546.56,2026-05-13 23:49:00,-0.17735400212951036,0
TX003775,21950.32,2026-06-07 07:10:00,0.47780750086163903,0
TX003776,6022.43,2026-01-30 00:42:00,-0.5252279739933844,0
TX003777,5156.38,2026-05-11 13:07:00,-0.5797662005254732,0
TX003778,4938.05,2026-04-09 23:58:00,-0.5935152115511079,0
TX003779,35996.39,2026-02-01 11:47:00,1.3623381255895155,0
TX003780,1473.86,2026-03-23 12:57:00,-0.8116674879441533,0
TX003781,685.8,2026-02-27 18:42:00,-0.8612944087926933,0
TX003782,21650.91,2026-04-12 22:09:00,0.45895259594163124,0
TX003783,19844.37,2026-05-12 02:30:00,0.3451883932289936,0
TX003784,13105.55,2026-02-28 18:40:00,-0.07917889701864932,0
TX003785,5214.88,2026-08-24 11:30:00,-0.576082248961329,0
TX003786,40940.81,2026-05-31 04:32:00,1.6737057117909944,0
TX003787,2922.23,2026-08-08 21:51:00,-0.7204585148337307,0
TX003788,10183.5,2026-01-04 12:23:00,-0.2631907033093834,0
TX003789,4320.21,2026-04-16 22:48:00,-0.6324227779509529,0
TX003790,11127.85,2026-08-02 03:43:00,-0.20372164929913208,0
TX003791,15996.73,2026-04-15 13:01:00,0.10288891636977482,0
TX003792,19769.64,2026-05-03 12:24:00,0.3404823812565405,0
TX003793,1310.07,2026-05-07 05:36:00,-0.8219819225884474,0
TX003794,10939.11,2026-05-05 17:32:00,-0.2156072735421509,0
TX003795,11934.73,2026-08-27 16:55:00,-0.15290956659696497,0
TX003796,3994.63,2026-04-28 02:25:00,-0.652925700177519,0
TX003797,8749.52,2026-01-04 12:34:00,-0.35349348730855756,0
TX003798,27176.77,2026-01-18 15:22:00,0.8069355120141544,0
TX003799,14360.65,2026-07-16 08:11:00,-0.0001408182467253339,0
TX003800,3877.36,2026-01-24 10:27:00,-0.6603106061591806,0
TX003801,3727.83,2026-05-21 06:28:00,-0.6697270382512576,0
TX003802,37632.61,2026-04-14 11:20:00,1.4653766765003573,0
TX003803,1604.7,2026-02-20 10:32:00,-0.8034280311466722,0
TX003804,10575.9,2026-05-08 01:42:00,-0.23847988974066142,0
TX003805,5823.01,2026-08-01 20:58:00,-0.5377861555476008,0
TX003806,12500.34,2026-05-21 14:45:00,-0.11729110772182517,0
TX003807,6245.33,2026-04-07 06:29:00,-0.5111911739310293,0
TX003808,11255.87,2026-07-05 00:26:00,-0.19565977785910202,0
TX003809,8417.13,2026-03-18 04:30:00,-0.37442525928130865,0
TX003810,8107.17,2026-05-10 16:20:00,-0.39394453495348253,0
TX003811,10835.19,2026-01-22 19:50:00,-0.22215148288481548,0
TX003812,7634.8,2026-05-23 20:36:00,-0.42369134179715534,0
TX003813,19168.01,2026-01-19 13:33:00,0.30259561579438393,0
TX003814,15032.93,2026-01-28 02:55:00,0.042195027181359354,0
TX003815,15715.64,2026-03-23 08:08:00,0.08518768653788882,0
TX003816,3745.27,2026-03-02 23:41:00,-0.6686287798704255,0
TX003817,4810.52,2026-01-05 00:06:00,-0.6015462259609425,0
TX003818,2091.2,2026-07-01 06:01:00,-0.7727914083098139,0
TX003819,8038.12,2026-03-29 04:25:00,-0.3982928572697931,0
TX003820,2302.54,2026-07-06 01:10:00,-0.7594825822659461,0
TX003821,3715.52,2026-07-12 00:25:00,-0.6705022424180032,0
TX003822,13592.96,2026-06-15 05:44:00,-0.04848496826857088,0
TX003823,4651.77,2026-08-13 04:33:00,-0.611543274008941,0
TX003824,3784.51,2026-04-10 11:08:00,-0.6661576985135533,0
TX003825,4681.27,2026-02-19 02:41:00,-0.6096855548441161,0
TX003826,22372.96,2026-03-07 14:04:00,0.504422634008134,0
TX003827,6718.73,2026-03-14 19:34:00,-0.48137950435041515,0
TX003828,18116.82,2026-05-16 23:32:00,0.23639846973091597,0
TX003829,3812.13,2026-01-15 05:27:00,-0.6644183695870292,0
TX003830,7388.63,2026-04-10 06:55:00,-0.4391935359261367,0
TX003831,8295.84,2026-07-29 23:43:00,-0.3820633188576345,0
TX003832,2087.85,2026-05-27 11:16:00,-0.7730023696387007,0
TX003833,9085.59,2026-04-20 22:01:00,-0.332329972741686,0
TX003834,7352.27,2026-07-09 18:51:00,-0.44148325351369716,0
TX003835,63769.64,2026-06-02 19:00:00,3.1113177457411663,1
TX003836,5674.06,2026-07-06 14:09:00,-0.5471660629916915,0
TX003837,7578.7,2026-06-16 10:17:00,-0.42722415688687326,0
TX003838,7033.14,2026-01-19 14:17:00,-0.46157999646524217,0
TX003839,23224.77,2026-03-26 22:14:00,0.5580641174586262,0
TX003840,6936.86,2026-06-22 03:03:00,-0.46764308803098265,0
TX003841,13307.11,2026-01-23 11:06:00,-0.06648595210806921,0
TX003842,17250.33,2026-08-29 18:38:00,0.1818325348451824,0
TX003843,13767.11,2026-04-18 04:01:00,-0.03751812784300266,0
TX003844,4426.41,2026-01-27 23:51:00,-0.6257349889575833,0
TX003845,16423.05,2026-02-04 19:30:00,0.12973579211039038,0
TX003846,7985.69,2026-01-06 20:43:00,-0.4015945595007006,0
TX003847,4940.8,2026-04-20 13:11:00,-0.5933420343408277,0
TX003848,7323.69,2026-07-30 11:06:00,-0.443283037029992,0
TX003849,2258.18,2026-07-03 04:32:00,-0.7622760881015946,0
TX003850,2881.46,2026-05-12 19:51:00,-0.7230259456930497,0
TX003851,8572.98,2026-05-26 11:41:00,-0.36461083447324205,0
TX003852,10499.97,2026-06-15 18:42:00,-0.24326146995032777,0
TX003853,6632.01,2026-06-18 20:35:00,-0.4868405689596903,0
TX003854,7779.5,2026-04-16 13:24:00,-0.4145790718598616,0
TX003855,5809.76,2026-05-31 04:28:00,-0.5386205548334967,0
TX003856,1063.12,2026-03-02 05:11:00,-0.8375332360716172,0
TX003857,3230.48,2026-02-07 00:18:00,-0.7010469238995856,0
TX003858,15365.51,2026-04-19 18:51:00,0.06313876412500245,0
TX003859,4878.29,2026-04-12 12:44:00,-0.5972785097643263,0
TX003860,9512.21,2026-03-06 10:49:00,-0.3054642049417672,0
TX003861,23054.13,2026-01-22 11:08:00,0.5473183141269067,0
TX003862,9663.23,2026-05-30 00:44:00,-0.29595394228848376,0
TX003863,8986.89,2026-02-22 12:18:00,-0.3385454602524732,0
TX003864,15168.36,2026-03-05 10:48:00,0.05072353248618103,0
TX003865,23732.08,2026-07-15 08:01:00,0.5900112194758238,0
TX003866,10431.55,2026-04-08 16:26:00,-0.24757011894210135,0
TX003867,2179.14,2026-04-09 07:04:00,-0.7672535159927053,0
TX003868,28543.71,2026-08-24 06:21:00,0.89301655049435,0
TX003869,6278.97,2026-08-26 04:33:00,-0.5090727443478188,0
TX003870,5054.64,2026-06-13 18:34:00,-0.5861731275705337,0
TX003871,21627.45,2026-08-31 10:53:00,0.4574752369041129,0
TX003872,13422.71,2026-07-20 03:09:00,-0.05920621192319605,0
TX003873,21480.09,2026-04-23 13:35:00,0.4481954573743298,0
TX003874,22672.91,2026-01-17 07:51:00,0.5233115446348878,0
TX003875,2230.54,2026-05-26 15:26:00,-0.7640166764987392,0
TX003876,11584.53,2026-05-27 21:55:00,-0.1749628971570221,0
TX003877,3898.22,2026-06-11 01:34:00,-0.658996978302291,0
TX003878,12317.44,2026-02-04 10:27:00,-0.12880896654373966,0
TX003879,19544.96,2026-01-09 13:13:00,0.3263334883089858,0
TX003880,16847.28,2026-03-02 20:03:00,0.15645105317119293,0
TX003881,14890.14,2026-01-27 04:53:00,0.03320303668829658,0
TX003882,5112.87,2026-05-19 08:01:00,-0.5825061788597624,0
TX003883,3980.77,2026-07-31 17:08:00,-0.6537985133173316,0
TX003884,6131.12,2026-04-03 09:41:00,-0.5183833809077971,0
TX003885,4249.97,2026-08-06 21:35:00,-0.6368460387691667,0
TX003886,3821.26,2026-01-11 00:12:00,-0.6638434212488985,0
TX003887,22592.77,2026-05-29 20:34:00,0.5182648458596651,0
TX003888,2749.65,2026-01-27 16:14:00,-0.7313264868156115,0
TX003889,6394.22,2026-06-16 01:25:00,-0.5018150448987994,0
TX003890,47249.29,2026-03-28 20:07:00,2.0709729727033577,0
TX003891,3034.69,2026-07-05 15:30:00,-0.7133765115362319,0
TX003892,4334.53,2026-04-14 08:43:00,-0.6315209969868752,0
TX003893,11944.73,2026-02-28 15:18:00,-0.15227983128685482,0
TX003894,900.5,2026-06-16 21:30:00,-0.8477739916846284,0
TX003895,7522.45,2026-04-19 21:10:00,-0.4307664180062428,0
TX003896,6445.82,2026-02-02 11:21:00,-0.4985656106986311,0
TX003897,3209.15,2026-08-15 09:48:00,-0.7023901493160505,0
TX003898,2260.55,2026-02-17 07:40:00,-0.7621268408330985,0
TX003899,21681.83,2026-02-13 18:58:00,0.46089973752049196,0
TX003900,6164.31,2026-08-11 07:02:00,-0.5162932894135417,0
TX003901,4838.17,2026-02-27 23:20:00,-0.5998050078284881,0
TX003902,12663.89,2026-06-03 21:48:00,-0.10699178672497385,0
TX003903,5204.42,2026-01-26 18:50:00,-0.5767409520957041,0
TX003904,19320.5,2026-08-08 01:09:00,0.3121984495382536,0
TX003905,17505.42,2026-06-11 07:15:00,0.19789645287078178,0
TX003906,2471.27,2026-05-24 16:26:00,-0.7488570583784576,0
TX003907,9781.75,2026-07-20 05:48:00,-0.28849031939305836,0
TX003908,16210.66,2026-04-25 05:44:00,0.11636084385896112,0
TX003909,2618.68,2026-07-08 21:10:00,-0.739574130172124,0
TX003910,5695.2,2026-04-24 07:55:00,-0.5458348025461186,0
TX003911,10629.74,2026-07-28 23:37:00,-0.23508939483102842,0
TX003912,9692.45,2026-04-22 14:29:00,-0.2941138557123419,0
TX003913,5890.65,2026-06-15 06:17:00,-0.5335266259100159,0
TX003914,8604.9,2026-05-25 01:42:00,-0.36260071936337046,0
TX003915,30815.0,2026-02-28 07:18:00,1.0360477017443566,0
TX003916,3490.18,2026-02-03 03:23:00,-0.6846926978960252,0
TX003917,16749.58,2026-06-03 14:29:00,0.15029853919141703,0
TX003918,6575.18,2026-02-13 09:50:00,-0.49041935472704623,0
TX003919,3429.97,2026-08-22 02:42:00,-0.6884843341981983,0
TX003920,2488.92,2026-04-08 04:50:00,-0.7477455755561132,0
TX003921,9125.06,2026-07-10 00:53:00,-0.32984440747268134,0
TX003922,39178.62,2026-03-24 20:54:00,1.5627343851786955,0
TX003923,11026.91,2026-07-01 03:39:00,-0.2100781975193839,0
TX003924,19341.47,2026-03-04 10:58:00,0.31351900448355463,0
TX003925,11016.77,2026-05-20 09:54:00,-0.21071674912383553,0
TX003926,23866.74,2026-02-22 18:24:00,0.598491235161767,0
TX003927,10468.32,2026-05-08 22:30:00,-0.24525458220682633,0
TX003928,2076.44,2026-04-29 03:33:00,-0.7737208976275364,0
TX003929,8346.36,2026-08-06 18:58:00,-0.378881896070958,0
TX003930,14256.53,2026-07-26 14:44:00,-0.006697622295592071,0
TX003931,8101.58,2026-06-22 05:44:00,-0.39429655699183414,0
TX003932,30921.76,2026-05-05 01:54:00,1.0427707559150925,0
TX003933,6013.19,2026-04-29 15:09:00,-0.5258098494199261,0
TX003934,2668.05,2026-04-13 00:25:00,-0.7364651269461102,0
TX003935,3508.59,2026-02-07 00:40:00,-0.6835333551901124,0
TX003936,9010.55,2026-08-21 08:06:00,-0.33705550650875254,0
TX003937,59632.25,2026-05-23 08:46:00,2.8507716882715064,0
TX003938,7998.09,2026-06-24 22:15:00,-0.400813687716164,0
TX003939,25578.7,2026-04-20 06:24:00,0.7062994013113829,0
TX003940,4056.43,2026-02-18 14:22:00,-0.6490339359610383,0
TX003941,7701.5,2026-02-26 22:57:00,-0.4194910072787207,0
TX003942,15600.71,2026-07-02 08:35:00,0.07795013861879294,0
TX003943,20757.74,2026-08-11 04:51:00,0.4027065272485238,0
TX003944,4862.05,2026-04-03 01:26:00,-0.598301199907945,0
TX003945,5809.37,2026-06-17 12:35:00,-0.538645114510591,0
TX003946,8478.61,2026-04-04 21:17:00,-0.3705536465947514,0
TX003947,3161.13,2026-05-01 23:04:00,-0.7054141382751994,0
TX003948,11350.2,2026-05-11 07:56:00,-0.18971948467883304,0
TX003949,2201.74,2026-04-17 05:19:00,-0.7658303141918563,0
TX003950,2308.52,2026-01-23 09:10:00,-0.7591060005505001,0
TX003951,3980.08,2026-04-13 07:02:00,-0.6538419650537293,0
TX003952,8306.66,2026-05-27 06:47:00,-0.38138194525209534,0
TX003953,12803.82,2026-05-04 09:15:00,-0.0981799005306026,0
TX003954,6460.4,2026-01-09 18:50:00,-0.49764745661649046,0
TX003955,3419.81,2026-03-08 09:28:00,-0.6891241452732703,0
TX003956,1683.67,2026-07-07 17:07:00,-0.7984550114027325,0
TX003957,5500.11,2026-06-26 14:52:00,-0.5581203087110573,0
TX003958,13368.92,2026-03-04 21:51:00,-0.06259355815627844,0
TX003959,33152.81,2026-07-14 02:09:00,1.1832678522772155,0
TX003960,5848.06,2026-06-12 05:55:00,-0.536208668595775,0
TX003961,29200.65,2026-05-24 12:21:00,0.9343863819567259,0
TX003962,4914.69,2026-08-15 15:25:00,-0.5949862732355252,0
TX003963,35239.85,2026-07-02 08:29:00,1.3146961304384428,0
TX003964,3126.27,2026-08-16 22:04:00,-0.7076093955662432,0
TX003965,4641.77,2026-04-12 09:46:00,-0.6121730093190513,0
TX003966,9162.51,2026-05-29 18:08:00,-0.3274860487363188,0
TX003967,5327.8,2026-02-13 07:23:00,-0.5689712778395651,0
TX003968,16607.97,2026-05-07 15:43:00,0.14138085746494725,0
TX003969,5668.64,2026-06-30 06:51:00,-0.547507379529771,0
TX003970,8698.13,2026-06-19 11:59:00,-0.35672969706721364,0
TX003971,8893.74,2026-07-14 15:56:00,-0.3444114446661491,0
TX003972,22209.31,2026-04-14 18:57:00,0.49411701565818167,0
TX003973,9266.23,2026-06-22 03:50:00,-0.3209544340998564,0
TX003974,19051.17,2026-04-03 13:17:00,0.295237788431057,0
TX003975,22724.5,2026-05-23 06:16:00,0.526560349099746,0
TX003976,9452.63,2026-07-31 09:22:00,-0.30921616791940343,0
TX003977,9766.51,2026-05-07 15:50:00,-0.2894500360056662,0
TX003978,9884.42,2026-08-15 08:33:00,-0.28202482696415754,0
TX003979,4675.57,2026-06-16 20:27:00,-0.610044503970879,0
TX003980,10429.63,2026-01-10 20:33:00,-0.2476910281216425,0
TX003981,11270.23,2026-06-08 19:47:00,-0.19475547795378392,0
TX003982,20428.89,2026-03-14 19:34:00,0.38199768157555164,0
TX003983,6344.52,2026-07-07 04:22:00,-0.5049448293900468,0
TX003984,8629.32,2026-06-29 15:53:00,-0.3610629057360815,0
TX003985,9640.75,2026-02-25 01:52:00,-0.29736958726561136,0
TX003986,1793.11,2026-01-13 03:01:00,-0.791563188168887,0
TX003987,5476.27,2026-08-12 03:18:00,-0.5596215976903599,0
TX003988,1844.67,2026-01-31 20:17:00,-0.7883162729099592,0
TX003989,9382.33,2026-07-15 05:56:00,-0.3136432071494777,0
TX003990,8000.98,2026-01-09 03:16:00,-0.4006316942115422,0
TX003991,12299.11,2026-07-31 05:06:00,-0.12996327136717153,0
TX003992,24640.65,2026-06-13 15:03:00,0.647227080546501,0
TX003993,18104.23,2026-01-01 19:50:00,0.2356056329754873,0
TX003994,5696.29,2026-02-10 17:27:00,-0.5457661613973166,0
TX003995,4765.67,2026-05-17 22:18:00,-0.6043705888267866,0
TX003996,17701.97,2026-04-30 06:49:00,0.21027390039099683,0
TX003997,3155.94,2026-06-18 05:41:00,-0.7057409709011465,0
TX003998,4276.52,2026-05-19 23:03:00,-0.6351740915208242,0
TX003999,60686.08,2026-08-06 13:06:00,2.9171350844568433,0
TX004000,7758.87,2026-03-30 00:56:00,-0.4158782158046188,0
TX004001,6481.02,2026-02-19 07:26:00,-0.4963489424070433,0
TX004002,18744.6,2026-05-01 06:09:00,0.2759319930290104,0
TX004003,6906.17,2026-08-16 21:36:00,-0.46957574569771066,0
TX004004,19063.23,2026-06-19 02:29:00,0.29599724921504994,0
TX004005,2683.97,2026-01-13 01:01:00,-0.735462588332415,0
TX004006,30549.05,2026-08-07 06:55:00,1.0192998911719773,0
TX004007,3976.45,2026-05-28 08:11:00,-0.6540705589712993,0
TX004008,9912.24,2026-05-31 14:49:00,-0.2802729033314311,0
TX004009,15706.3,2026-03-16 02:57:00,0.08459951375824594,0
TX004010,9775.0,2026-06-24 04:29:00,-0.2889153907273827,0
TX004011,8385.08,2026-05-03 20:04:00,-0.3764435609502116,0
TX004012,19986.15,2026-03-17 18:18:00,0.3541167804557353,0
TX004013,1589.05,2026-03-02 19:07:00,-0.8044135669069946,0
TX004014,34752.84,2026-03-29 02:08:00,1.2840273911007685,0
TX004015,5579.81,2026-08-24 21:58:00,-0.5531013182894795,0
TX004016,9023.48,2026-02-19 21:00:00,-0.33624125875278016,0
TX004017,27501.84,2026-04-15 07:32:00,0.8274063177399047,0
TX004018,2730.11,2026-01-30 01:25:00,-0.7325569896115667,0
TX004019,2819.86,2026-05-31 05:33:00,-0.7269051152033281,0
TX004020,3019.17,2026-04-04 06:39:00,-0.7143538607375229,0
TX004021,10824.83,2026-08-03 13:00:00,-0.22280388866608963,0
TX004022,2198.4,2026-01-30 08:34:00,-0.7660406457854331,0
TX004023,6420.08,2026-05-26 15:34:00,-0.5001865493868546,0
TX004024,7678.04,2026-06-25 03:49:00,-0.4209683663162391,0
TX004025,14074.21,2026-05-14 22:32:00,-0.01817895646952028,0
TX004026,25542.06,2026-06-04 07:04:00,0.7039920511351394,0
TX004027,12789.38,2026-08-12 04:57:00,-0.09908923831840169,0
TX004028,26904.13,2026-07-11 15:33:00,0.7897664085193115,0
TX004029,16615.66,2026-04-02 07:58:00,0.14186512391842188,0
TX004030,9557.33,2026-03-28 10:59:00,-0.3026228392225502,0
TX004031,3806.11,2026-04-16 02:50:00,-0.6647974702437154,0
TX004032,14805.24,2026-04-11 14:27:00,0.02785658390546149,0
TX004033,6479.88,2026-01-28 01:07:00,-0.4964207322323959,0
TX004034,13989.1,2026-03-23 19:41:00,-0.023538633693867623,0
TX004035,3524.4,2026-05-17 03:17:00,-0.6825377436648282,0
TX004036,7309.84,2026-08-09 06:48:00,-0.4441552204344945,0
TX004037,4788.29,2026-03-29 22:21:00,-0.6029461275553175,0
TX004038,6409.71,2026-05-07 06:32:00,-0.5008395849034387,0
TX004039,6829.93,2026-06-02 15:46:00,-0.47437684770199035,0
TX004040,3301.49,2026-06-08 10:34:00,-0.6965751734624934,0
TX004041,13738.63,2026-08-05 11:47:00,-0.039311614006196434,0
TX004042,10310.13,2026-02-05 15:55:00,-0.2552163650774587,0
TX004043,4738.55,2026-05-12 19:29:00,-0.6060784309878052,0
TX004044,18835.07,2026-06-03 17:33:00,0.28162920837957695,0
TX004045,2436.19,2026-06-17 00:21:00,-0.751066169846324,0
TX004046,7602.87,2026-08-29 09:53:00,-0.42570208664233705,0
TX004047,6326.19,2026-07-06 23:51:00,-0.5060991342134787,0
TX004048,15405.33,2026-02-24 04:29:00,0.06564637012986102,0
TX004049,68544.79,2026-05-21 11:00:00,3.4120258023484107,1
TX004050,25458.39,2026-08-16 03:50:00,0.6987230557954477,0
TX004051,1848.11,2026-08-05 09:35:00,-0.7880996439632812,0
TX004052,2063.82,2026-08-16 12:14:00,-0.7745156235888954,0
TX004053,810.28,2026-04-24 03:00:00,-0.8534554636524421,0
TX004054,3385.95,2026-08-24 06:31:00,-0.6912564290333032,0
TX004055,2821.24,2026-02-13 18:22:00,-0.726818211730533,0
TX004056,4675.26,2026-07-01 09:18:00,-0.6100640257654923,0
TX004057,2137.15,2026-06-17 07:30:00,-0.7698977745598578,0
TX004058,4714.15,2026-05-06 07:24:00,-0.6076149851444741,0
TX004059,17106.64,2026-03-03 12:52:00,0.1727838681742096,0
TX004060,5960.48,2026-06-29 21:32:00,-0.5291291842395167,0
TX004061,29890.89,2026-03-26 23:30:00,0.9778532320017682,0
TX004062,2466.14,2026-05-14 09:48:00,-0.7491801125925441,0
TX004063,3788.56,2026-06-28 23:47:00,-0.6659026557129587,0
TX004064,1857.39,2026-02-21 17:23:00,-0.7875152495954991,0
TX004065,11770.07,2026-06-04 06:45:00,-0.16327878821323857,0
TX004066,4048.0,2026-02-13 04:43:00,-0.6495648028274612,0
TX004067,1296.84,2026-08-30 00:08:00,-0.822815062403723,0
TX004068,8578.41,2026-03-21 23:34:00,-0.3642688881998522,0
TX004069,4353.01,2026-07-31 15:31:00,-0.6303572461337917,0
TX004070,5266.67,2026-08-12 11:36:00,-0.5728208497902685,0
TX004071,10476.1,2026-01-07 07:13:00,-0.2447646481355606,0
TX004072,4309.11,2026-03-10 18:43:00,-0.6331217841451753,0
TX004073,2803.07,2026-06-28 08:05:00,-0.7279624407890032,0
TX004074,2959.58,2026-08-02 18:43:00,-0.7181064534504693,0
TX004075,4962.48,2026-06-24 16:08:00,-0.5919767681885089,0
TX004076,19702.33,2026-08-18 03:44:00,0.3362436328841893,0
TX004077,32257.02,2026-02-16 11:32:00,1.1268567929328595,0
TX004078,5085.82,2026-05-21 02:17:00,-0.5842096128736104,0
TX004079,14004.76,2026-08-25 13:57:00,-0.02255246819823515,0
TX004080,82054.72,2026-01-11 17:07:00,4.262793798160043,1
TX004081,8208.77,2026-06-21 21:27:00,-0.3875464242027635,0
TX004082,2739.43,2026-03-15 13:21:00,-0.7319700763025441,0
TX004083,14074.68,2026-03-22 13:26:00,-0.01814935890994503,0
TX004084,6303.49,2026-06-22 04:56:00,-0.5075286333674287,0
TX004085,5946.49,2026-07-01 00:41:00,-0.5300101839383607,0
TX004086,7639.2,2026-01-10 08:27:00,-0.4234142582607069,0
TX004087,20896.42,2026-06-16 14:52:00,0.41143969652913104,0
TX004088,7618.69,2026-04-12 18:09:00,-0.42470584538174283,0
TX004089,4646.86,2026-08-09 20:12:00,-0.6118524740462052,0
TX004090,4243.56,2026-02-27 05:45:00,-0.6372496991029473,0
TX004091,3241.91,2026-07-28 05:27:00,-0.7003271364401297,0
TX004092,12551.91,2026-03-03 19:42:00,-0.11404356272758719,0
TX004093,13780.24,2026-03-24 13:07:00,-0.036691285380828095,0
TX004094,10106.52,2026-08-08 05:02:00,-0.26803840572661125,0
TX004095,12111.22,2026-03-18 20:54:00,-0.1417953681088311,0
TX004096,8409.1,2026-06-19 16:13:00,-0.374930936735327,0
TX004097,12363.93,2026-06-11 13:07:00,-0.12588132708703761,0
TX004098,5556.59,2026-05-05 21:19:00,-0.5545635636795552,0
TX004099,8417.43,2026-08-20 21:32:00,-0.37440636722200527,0
TX004100,5421.7,2026-03-06 02:12:00,-0.563058063277631,0
TX004101,6720.98,2026-05-02 01:12:00,-0.4812378139056404,0
TX004102,5579.5,2026-03-04 01:55:00,-0.5531208400840929,0
TX004103,12134.15,2026-05-10 16:54:00,-0.14035138504274852,0
TX004104,1502.43,2026-06-16 04:31:00,-0.8098683341631686,0
TX004105,10487.49,2026-02-12 15:58:00,-0.24404737961734518,0
TX004106,715.48,2026-04-12 09:35:00,-0.8594253543922863,0
TX004107,3851.03,2026-07-14 08:29:00,-0.6619686992307006,0
TX004108,4375.76,2026-03-06 05:53:00,-0.6289245983032912,0
TX004109,11969.47,2026-03-01 14:51:00,-0.15072186612964236,0
TX004110,6420.45,2026-01-11 05:36:00,-0.5001632491803805,0
TX004111,17998.02,2026-07-12 12:47:00,0.22891721424680753,0
TX004112,9375.78,2026-08-27 18:56:00,-0.31405568377759974,0
TX004113,50720.53,2026-02-16 18:27:00,2.2895692124900306,0
TX004114,10397.45,2026-07-15 16:36:00,-0.24971751634957684,0
TX004115,17380.18,2026-01-17 00:38:00,0.1900096478469625,0
TX004116,6786.86,2026-07-12 13:21:00,-0.4770891176826348,0
TX004117,7620.13,2026-07-25 15:39:00,-0.42461516349708694,0
TX004118,16155.42,2026-04-10 22:47:00,0.1128821860059127,0
TX004119,23214.49,2026-08-25 16:20:00,0.557416749559833,0
TX004120,8959.82,2026-08-11 12:51:00,-0.3402501537369413,0
TX004121,10014.34,2026-06-02 05:05:00,-0.27384330581520655,0
TX004122,13572.42,2026-07-28 11:45:00,-0.04977844459553705,0
TX004123,4140.65,2026-02-02 14:37:00,-0.6437303051792908,0
TX004124,12611.82,2026-08-03 21:04:00,-0.11027081848471734,0
TX004125,3518.2,2026-02-03 07:02:00,-0.6829281795570966,0
TX004126,18371.45,2026-05-12 16:30:00,0.2524334199322506,0
TX004127,6661.39,2026-03-21 16:56:00,-0.48499040661858667,0
TX004128,3111.03,2026-01-08 09:09:00,-0.7085691121788511,0
TX004129,17525.96,2026-06-02 02:41:00,0.19918992919774808,0
TX004130,6565.84,2026-07-08 18:27:00,-0.49100752750668913,0
TX004131,20431.11,2026-01-05 06:31:00,0.38213748281439613,0
TX004132,32777.02,2026-01-28 08:15:00,1.1596030290585864,0
TX004133,13573.39,2026-02-22 08:49:00,-0.04971736027045641,0
TX004134,14585.88,2026-05-14 05:20:00,0.014042710142885374,0
TX004135,2466.74,2026-04-24 14:40:00,-0.7491423284739376,0
TX004136,14697.12,2026-07-08 04:24:00,0.021047885732550696,0
TX004137,2962.39,2026-06-30 04:43:00,-0.7179294978283284,0
TX004138,5711.52,2026-08-25 05:45:00,-0.5448070745200188,0
TX004139,5807.93,2026-07-27 20:36:00,-0.5387357963952469,0
TX004140,9800.16,2026-02-18 15:44:00,-0.2873309766871456,0
TX004141,10557.39,2026-03-12 03:32:00,-0.23964552979967532,0
TX004142,5164.63,2026-02-16 20:53:00,-0.5792466688946324,0
TX004143,6703.41,2026-01-18 12:50:00,-0.4823442588455039,0
TX004144,9329.17,2026-07-30 14:02:00,-0.3169908800580232,0
TX004145,6795.79,2026-01-29 17:46:00,-0.4765267640507064,0
TX004146,21644.63,2026-08-21 02:26:00,0.45855712216688216,0
TX004147,17981.36,2026-02-10 10:14:00,0.22786807522016406,0
TX004148,10440.96,2026-08-09 02:11:00,-0.2469775380152877,0
TX004149,4348.69,2026-01-15 08:18:00,-0.6306292917877593,0
TX004150,3243.06,2026-01-29 02:55:00,-0.700254716879467,0
TX004151,58035.39,2026-07-09 23:59:00,2.750211775541258,0
TX004152,12658.2,2026-01-31 14:49:00,-0.10735010611642644,0
TX004153,7152.6,2026-08-29 23:06:00,-0.4540571784506664,0
TX004154,2861.11,2026-07-11 11:15:00,-0.7243074570491238,0
TX004155,2981.53,2026-08-22 17:31:00,-0.7167241844447775,0
TX004156,5919.65,2026-02-06 02:52:00,-0.5317003935106964,0
TX004157,16003.1,2026-03-15 03:59:00,0.10329005776231504,0
TX004158,12584.75,2026-07-21 12:49:00,-0.11197551196918548,0
TX004159,8638.89,2026-02-19 03:52:00,-0.3604602490443061,0
TX004160,26949.79,2026-08-14 09:34:00,0.7926417799452744,0
TX004161,2200.83,2026-07-31 17:38:00,-0.7658876201050764,0
TX004162,22410.26,2026-08-09 07:11:00,0.5067715467148448,0
TX004163,31650.45,2026-05-29 00:45:00,1.0886589382275087,0
TX004164,36460.89,2026-05-31 22:59:00,1.3915893307441316,0
TX004165,5612.07,2026-07-29 11:06:00,-0.5510697921790642,0
TX004166,5287.09,2026-07-27 01:51:00,-0.5715349302870235,0
TX004167,101767.42,2026-07-03 01:29:00,5.504172122920863,1
TX004168,1872.93,2026-06-11 17:18:00,-0.7865366409235879,0
TX004169,6572.38,2026-02-28 03:05:00,-0.4905956806138771,0
TX004170,6179.04,2026-07-14 01:46:00,-0.5153656893017494,0
TX004171,15837.1,2026-03-09 00:17:00,0.09283645161448667,0
TX004172,3497.87,2026-06-24 17:43:00,-0.6842084314425504,0
TX004173,10997.58,2026-04-29 05:21:00,-0.21192521118393692,0
TX004174,24693.8,2026-03-26 07:55:00,0.6505741237197363,0
TX004175,3778.84,2026-07-10 08:21:00,-0.6665147584343858,0
TX004176,6573.47,2026-04-17 08:56:00,-0.4905270394650751,0
TX004177,4478.98,2026-06-21 14:53:00,-0.6224244704323343,0
TX004178,15127.13,2026-04-08 03:04:00,0.048127133802596825,0
TX004179,4476.3,2026-08-09 05:05:00,-0.6225932394954438,0
TX004180,11443.42,2026-05-12 00:31:00,-0.18384909211798633,0
TX004181,6287.32,2026-04-16 08:06:00,-0.5085469153638769,0
TX004182,5397.25,2026-01-04 01:38:00,-0.5645977661108502,0
TX004183,3390.99,2026-03-12 19:05:00,-0.6909390424370077,0
TX004184,4898.89,2026-08-12 03:21:00,-0.5959812550254993,0
TX004185,62332.86,2026-08-18 17:55:00,3.0208386358551613,1
TX004186,14090.94,2026-02-07 22:53:00,-0.017125409295705926,0
TX004187,1561.14,2026-03-23 00:24:00,-0.8061711581575121,0
TX004188,14127.37,2026-01-17 19:47:00,-0.01483128356097466,0
TX004189,15591.32,2026-01-20 15:22:00,0.07735881716259956,0
TX004190,9361.27,2026-07-03 03:25:00,-0.3149694297125696,0
TX004191,11371.82,2026-04-26 18:59:00,-0.188357996938375,0
TX004192,3811.24,2026-03-23 21:26:00,-0.6644744160296289,0
TX004193,2945.88,2026-08-26 00:03:00,-0.7189691908253202,0
TX004194,3889.36,2026-03-04 20:49:00,-0.6595549237870484,0
TX004195,6024.96,2026-01-09 15:21:00,-0.5250686509599264,0
TX004196,7743.4,2026-07-31 13:44:00,-0.4168524163293592,0
TX004197,32978.33,2026-08-05 03:40:00,1.172280230586414,0
TX004198,10742.06,2026-08-17 22:57:00,-0.22801620782787133,0
TX004199,9461.85,2026-07-24 17:34:00,-0.3086355519634818,0
TX004200,8271.94,2026-08-08 11:31:00,-0.3835683862487977,0
TX004201,6204.8,2026-07-07 21:10:00,-0.5137434911429056,0
TX004202,11188.6,2026-01-11 09:49:00,-0.19989600729021298,0
TX004203,5028.97,2026-03-16 22:03:00,-0.5877896581115866,0
TX004204,8566.85,2026-05-08 09:58:00,-0.3649968622183395,0
TX004205,9823.52,2026-02-12 11:08:00,-0.2858599150027283,0
TX004206,15267.31,2026-08-19 10:45:00,0.056954763379720816,0
TX004207,4089.77,2026-01-27 05:37:00,-0.6469343984371311,0
TX004208,3000.8,2026-02-27 18:37:00,-0.7155106845021952,0
TX004209,8585.04,2026-01-12 09:06:00,-0.36385137368924914,0
TX004210,4567.84,2026-05-03 15:41:00,-0.6168286424666956,0
TX004211,8661.02,2026-07-26 14:45:00,-0.3590666448030323,0
TX004212,9587.27,2026-05-03 03:35:00,-0.30073741170408036,0
TX004213,27869.73,2026-03-06 06:08:00,0.8505736500635467,0
TX004214,7384.74,2026-04-29 21:26:00,-0.43943850296176956,0
TX004215,8161.35,2026-02-10 04:25:00,-0.39053262904330577,0
TX004216,13923.8,2026-04-24 04:01:00,-0.02765080526888692,0
TX004217,1760.31,2026-08-15 12:33:00,-0.7936287199860483,0
TX004218,21877.94,2026-01-09 11:28:00,0.47324947668706174,0
TX004219,10347.78,2026-05-25 16:51:00,-0.25284541163489394,0
TX004220,5836.3,2026-05-18 06:21:00,-0.5369492373204644,0
TX004221,4474.98,2026-08-23 09:41:00,-0.6226763645563783,0
TX004222,12046.62,2026-08-16 10:36:00,-0.1458634582121425,0
TX004223,17563.41,2026-08-01 13:50:00,0.20154828793411061,0
TX004224,10059.33,2026-03-04 15:42:00,-0.27101012665502106,0
TX004225,5513.62,2026-06-02 11:59:00,-0.5572695363070984,0
TX004226,7729.08,2026-04-27 04:01:00,-0.41775419729343694,0
TX004227,9587.73,2026-06-03 09:33:00,-0.3007084438798154,0
TX004228,8519.85,2026-06-07 21:55:00,-0.3679566181758572,0
TX004229,16089.47,2026-01-20 16:02:00,0.10872908163573626,0
TX004230,7184.73,2026-04-12 20:24:00,-0.45203383889928256,0
TX004231,9067.73,2026-03-09 20:01:00,-0.33345468000554274,0
TX004232,7825.14,2026-04-29 21:47:00,-0.4117049599045189,0
TX004233,6382.68,2026-06-14 00:03:00,-0.5025417594466665,0
TX004234,5443.96,2026-01-16 01:24:00,-0.5616562724773257,0
TX004235,3669.36,2026-04-12 10:41:00,-0.6734091006094716,0
TX004236,5666.74,2026-06-04 09:00:00,-0.547627029238692,0
TX004237,5847.84,2026-07-22 16:19:00,-0.5362225227725973,0
TX004238,2619.65,2026-06-04 00:03:00,-0.7395130458470434,0
TX004239,9038.46,2026-04-23 07:52:00,-0.33529791525823516,0
TX004240,30635.76,2026-03-24 08:00:00,1.0247603260459424,0
TX004241,6662.3,2026-01-30 15:17:00,-0.48493310070536666,0
TX004242,2165.3,2026-07-17 10:37:00,-0.7681250696618976,0
TX004243,3595.99,2026-07-16 01:28:00,-0.6780294685797498,0
TX004244,19017.54,2026-07-10 01:48:00,0.2931199885831568,0
TX004245,5531.31,2026-05-09 13:02:00,-0.5561555345435137,0
TX004246,2551.34,2026-02-24 04:11:00,-0.7438147677504057,0
TX004247,6863.78,2026-04-02 17:06:00,-0.4722451936772675,0
TX004248,17044.2,2026-05-03 16:46:00,0.16885180089788196,0
TX004249,14551.77,2026-03-23 18:10:00,0.011894683000099755,0
TX004250,43778.14,2026-06-20 19:03:00,1.8523824005344753,0
TX004251,10493.41,2026-03-02 10:18:00,-0.24367457631375997,0
TX004252,371.2,2026-06-21 13:31:00,-0.8811058816487582,0
TX004253,20058.74,2026-07-12 08:17:00,0.35868802907182484,0
TX004254,5966.13,2026-08-28 01:02:00,-0.5287733837893045,0
TX004255,3527.41,2026-06-03 04:06:00,-0.6823481933364851,0
TX004256,2889.04,2026-08-08 04:15:00,-0.7225486063279862,0
TX004257,5309.61,2026-01-19 21:34:00,-0.5701167663686556,0
TX004258,2533.79,2026-08-04 03:27:00,-0.7449199532196491,0
TX004259,5432.7,2026-02-25 17:10:00,-0.5623653544365098,0
TX004260,8327.44,2026-04-02 10:50:00,-0.38007335527768643,0
TX004261,6418.96,2026-07-16 18:08:00,-0.5002570797415868,0
TX004262,16316.33,2026-03-11 02:54:00,0.12301525688089499,0
TX004263,4678.24,2026-01-29 10:57:00,-0.6098763646430796,0
TX004264,9468.91,2026-08-20 13:50:00,-0.30819095883454406,0
TX004265,8088.5,2026-08-15 21:27:00,-0.3951202507774582,0
TX004266,6172.82,2026-07-31 00:14:00,-0.5157573846646379,0
TX004267,5837.17,2026-02-12 00:39:00,-0.5368944503484848,0
TX004268,13074.26,2026-01-28 06:52:00,-0.0811493388039839,0
TX004269,18706.42,2026-05-29 16:05:00,0.27352766361500985,0
TX004270,11066.88,2026-06-10 09:29:00,-0.2075611454848737,0
TX004271,2762.75,2026-03-25 20:37:00,-0.7305015335593672,0
TX004272,37952.69,2026-05-01 18:13:00,1.485533244306363,0
TX004273,12966.5,2026-08-05 16:53:00,-0.08793536650573079,0
TX004274,8463.65,2026-03-15 11:01:00,-0.37149573061867625,0
TX004275,9545.78,2026-07-10 14:31:00,-0.30335018350572734,0
TX004276,3074.01,2026-04-21 09:59:00,-0.710900392296879,0
TX004277,14318.79,2026-01-14 19:18:00,-0.0027768902548463113,0
TX004278,27202.81,2026-07-25 08:37:00,0.8085753427616812,0
TX004279,11854.54,2026-07-21 12:03:00,-0.15795941404873812,0
TX004280,9951.22,2026-07-05 08:07:00,-0.2778181950926218,0
TX004281,4438.74,2026-03-30 18:33:00,-0.6249585253202175,0
TX004282,22472.41,2026-01-12 02:43:00,0.5106853516671794,0
TX004283,17996.88,2026-07-22 23:22:00,0.22884542442145503,0
TX004284,31527.48,2026-04-25 12:24:00,1.0809150831190841,0
TX004285,15216.62,2026-03-27 07:08:00,0.053762635092772584,0
TX004286,3811.81,2026-06-03 15:08:00,-0.6644385211169527,0
TX004287,22228.12,2026-02-23 23:08:00,0.4953015477764987,0
TX004288,20302.29,2026-04-08 06:14:00,0.37402523254955733,0
TX004289,4581.42,2026-02-26 14:14:00,-0.615973461915566,0
TX004290,58282.96,2026-04-12 06:14:00,2.7658021326136546,0
TX004291,4760.88,2026-06-04 18:22:00,-0.6046722320403294,0
TX004292,20934.87,2026-06-19 17:59:00,0.41386102879650455,0
TX004293,14113.75,2026-03-06 12:50:00,-0.015688983053344725,0
TX004294,4490.84,2026-08-26 08:46:00,-0.6216776043545437,0
TX004295,2128.34,2026-06-25 16:43:00,-0.7704525713680648,0
TX004296,2674.44,2026-06-12 12:59:00,-0.7360627260829499,0
TX004297,7744.78,2026-07-16 16:44:00,-0.41676551285656405,0
TX004298,11772.53,2026-07-20 23:03:00,-0.1631238733269514,0
TX004299,17178.73,2026-02-03 05:30:00,0.17732363002479362,0
TX004300,9374.42,2026-07-13 04:21:00,-0.31414132777977477,0
TX004301,7392.17,2026-08-23 01:28:00,-0.4389706096263577,0
TX004302,10259.83,2026-07-01 14:42:00,-0.25838393368731266,0
TX004303,36141.19,2026-06-15 03:04:00,1.3714566928799106,0
TX004304,2105.13,2026-04-01 18:09:00,-0.7719141870228304,0
TX004305,6634.78,2026-08-06 11:28:00,-0.4866661322787898,0
TX004306,3089.2,2026-01-01 05:52:00,-0.7099438243608217,0
TX004307,9223.45,2026-04-04 07:19:00,-0.32364844175650753,0
TX004308,2370.06,2026-03-04 13:29:00,-0.7552306094520824,0
TX004309,4301.37,2026-08-06 08:06:00,-0.6336091992752004,0
TX004310,9723.19,2026-07-28 17:31:00,-0.29217804936906333,0
TX004311,1670.51,2026-05-23 03:01:00,-0.7992837430708374,0
TX004312,14580.51,2026-06-01 02:25:00,0.01370454228135629,0
TX004313,5767.62,2026-07-01 13:21:00,-0.5412742594303008,0
TX004314,5168.26,2026-06-06 15:17:00,-0.5790180749770624,0
TX004315,48786.35,2026-04-23 15:30:00,2.167767068279147,0
TX004316,1285.91,2026-01-24 01:25:00,-0.8235033630976735,0
TX004317,20754.88,2026-05-03 10:44:00,0.40252642294983226,0
TX004318,21889.93,2026-02-16 03:39:00,0.4740045293238839,0
TX004319,43055.52,2026-07-17 10:42:00,1.8068764675552962,0
TX004320,17823.06,2026-02-02 08:32:00,0.21789936526112055,0
TX004321,9833.81,2026-01-20 15:03:00,-0.285211917368625,0
TX004322,6038.42,2026-07-15 17:47:00,-0.5242210272325183,0
TX004323,12348.13,2026-04-01 19:25:00,-0.1268763088770117,0
TX004324,17012.03,2026-01-06 17:52:00,0.16682594240525753,0
TX004325,3574.73,2026-02-05 23:59:00,-0.679368285849044,0
TX004326,2710.65,2026-04-17 00:51:00,-0.7337824545250411,0
TX004327,1699.83,2026-01-17 19:29:00,-0.7974373591415944,0
TX004328,10298.12,2026-06-12 03:45:00,-0.2559726771849009,0
TX004329,2293.67,2026-04-01 21:08:00,-0.7600411574860138,0
TX004330,6465.69,2026-02-03 18:57:00,-0.49731432663744224,0
TX004331,6016.03,2026-05-14 12:22:00,-0.5256310045918549,0
TX004332,2301.79,2026-07-25 17:16:00,-0.7595298124142044,0
TX004333,16628.74,2026-05-11 02:56:00,0.14268881770404604,0
TX004334,6886.03,2026-03-03 00:38:00,-0.4708440326122725,0
TX004335,4348.06,2026-06-02 16:15:00,-0.6306689651122963,0
TX004336,25190.87,2026-01-30 06:57:00,0.6818763767793812,0
TX004337,52689.02,2026-08-11 05:04:00,2.413531978549902,0
TX004338,4398.71,2026-05-22 12:24:00,-0.6274793557665883,0
TX004339,11456.75,2026-05-06 13:23:00,-0.18300965494960952,0
TX004340,9731.54,2026-02-27 16:14:00,-0.29165222038512134,0
TX004341,11518.35,2026-01-06 17:03:00,-0.17913048543933102,0
TX004342,1900.0,2026-02-01 19:27:00,-0.7848319474391198,0
TX004343,13134.5,2026-05-28 18:00:00,-0.0773558132958804,0
TX004344,11339.35,2026-03-14 12:34:00,-0.19040274749030256,0
TX004345,20191.17,2026-08-19 22:30:00,0.36702761378361326,0
TX004346,4362.1,2026-01-27 14:42:00,-0.6297848167369016,0
TX004347,5961.66,2026-07-14 01:02:00,-0.5290548754729237,0
TX004348,10677.75,2026-05-28 06:45:00,-0.2320660356071896,0
TX004349,4361.82,2026-08-30 07:14:00,-0.6298024493255847,0
TX004350,25724.64,2026-06-12 08:37:00,0.7154897584271303,0
TX004351,11051.32,2026-01-15 13:21:00,-0.20854101362740504,0
TX004352,37756.45,2026-06-08 16:18:00,1.473175318580761,0
TX004353,8110.86,2026-05-11 15:04:00,-0.39371216262405195,0
TX004354,7335.39,2026-02-17 18:48:00,-0.4425462467171631,0
TX004355,30514.43,2026-07-04 00:37:00,1.0171197475283762,0
TX004356,4779.92,2026-03-09 19:52:00,-0.6034732160098797,0
TX004357,9446.67,2026-05-24 02:54:00,-0.309591490164229,0
TX004358,3018.94,2026-01-02 02:28:00,-0.7143683446496555,0
TX004359,1447.54,2026-07-14 19:16:00,-0.8133249512803633,0
TX004360,18674.94,2026-01-03 04:42:00,0.27154525685878317,0
TX004361,3917.08,2026-08-04 07:23:00,-0.6578092975074231,0
TX004362,2204.64,2026-05-16 16:54:00,-0.7656476909519244,0
TX004363,3294.01,2026-06-13 20:49:00,-0.6970462154744558,0
TX004364,10946.38,2026-03-23 14:29:00,-0.2151494559717009,0
TX004365,14921.28,2026-05-25 09:07:00,0.035164032443979636,0
TX004366,13296.68,2026-03-22 21:35:00,-0.0671427660365141,0
TX004367,11506.39,2026-08-04 18:38:00,-0.17988364887022282,0
TX004368,5863.85,2026-04-03 04:48:00,-0.535214316541111,0
TX004369,3296.1,2026-05-04 02:06:00,-0.6969146007946427,0
TX004370,4258.29,2026-03-08 03:15:00,-0.6363220989911551,0
TX004371,9075.78,2026-05-21 12:08:00,-0.332947743080904,0
TX004372,10016.82,2026-06-22 13:30:00,-0.27368713145829926,0
TX004373,4919.77,2026-03-05 12:15:00,-0.5946663676979893,0
TX004374,3890.82,2026-04-02 11:30:00,-0.6594629824317724,0
TX004375,6984.88,2026-06-22 21:57:00,-0.4646190990718337,0
TX004376,2102.99,2026-06-23 14:43:00,-0.772048950379194,0
TX004377,14507.36,2026-03-31 14:10:00,0.009098028487900624,0
TX004378,34877.4,2026-05-07 13:17:00,1.2918713741235008,0
TX004379,3685.68,2026-05-04 15:14:00,-0.6723813725833718,0
TX004380,3709.18,2026-03-03 07:09:00,-0.670901494604613,0
TX004381,8502.57,2026-02-14 08:50:00,-0.3690448007917276,0
TX004382,5481.32,2026-05-23 22:48:00,-0.5593035813587542,0
TX004383,10211.36,2026-05-16 03:14:00,-0.2614362607354165,0
TX004384,5168.84,2026-04-07 19:33:00,-0.578981550329076,0
TX004385,8271.56,2026-07-22 04:56:00,-0.383592316190582,0
TX004386,1876.84,2026-05-13 19:25:00,-0.7862904144173348,0
TX004387,7062.22,2026-03-04 23:19:00,-0.45974872618344187,0
TX004388,14114.02,2026-06-05 20:18:00,-0.015671980199971722,0
TX004389,9109.41,2026-05-28 05:05:00,-0.3308299432330037,0
TX004390,2099.85,2026-04-01 09:57:00,-0.7722466872665685,0
TX004391,4908.21,2026-07-04 03:40:00,-0.5953943417164765,0
TX004392,23630.06,2026-02-08 04:20:00,0.5835866598420801,0
TX004393,1713.72,2026-01-09 20:16:00,-0.7965626567958515,0
TX004394,8674.32,2026-03-23 11:28:00,-0.35822909684058585,0
TX004395,2253.79,2026-01-23 19:55:00,-0.762552541902733,0
TX004396,2658.8,2026-04-28 16:49:00,-0.7370476321079621,0
TX004397,7879.01,2026-04-13 13:56:00,-0.4083125757889556,0
TX004398,4445.97,2026-05-25 06:05:00,-0.6245032266910079,0
TX004399,8283.65,2026-02-21 11:00:00,-0.3828309662006588,0
TX004400,8173.57,2026-03-08 09:39:00,-0.38976309249435126,0
TX004401,18076.05,2026-01-25 23:57:00,0.2338310388715969,0
TX004402,7458.83,2026-01-22 18:10:00,-0.4347727940491635,0
TX004403,14077.36,2026-01-30 05:18:00,-0.017980589846835496,0
TX004404,9697.44,2026-04-26 13:43:00,-0.29379961779259695,0
TX004405,6509.79,2026-06-15 05:35:00,-0.49453719391985645,0
TX004406,13278.32,2026-03-23 00:42:00,-0.06829896006587635,0
TX004407,6316.76,2026-05-19 03:35:00,-0.5066929746109126,0
TX004408,20686.71,2026-08-16 23:39:00,0.3982335173408113,0
TX004409,8275.29,2026-04-01 22:19:00,-0.3833574249199108,0
TX004410,16000.7,2026-07-13 20:43:00,0.10313892128788862,0
TX004411,6539.55,2026-03-25 19:55:00,-0.4926631016369687,0
TX004412,6395.21,2026-08-19 16:16:00,-0.5017527011030984,0
TX004413,47089.83,2026-03-24 17:51:00,2.0609312134483413,0
TX004414,9019.22,2026-03-10 13:53:00,-0.3365095259948871,0
TX004415,18029.94,2026-08-05 08:57:00,0.230927329356679,0
TX004416,4284.53,2026-06-10 23:50:00,-0.634669673537426,0
TX004417,20345.61,2026-02-24 06:55:00,0.37675324591295445,0
TX004418,6875.96,2026-07-29 10:23:00,-0.4714781760695534,0
TX004419,3914.63,2026-01-24 17:57:00,-0.6579635826584002,0
TX004420,2641.02,2026-03-10 21:55:00,-0.738167301489338,0
TX004421,25061.78,2026-03-22 12:00:00,0.6737471236611693,0
TX004422,24786.14,2026-02-23 03:47:00,0.6563890995732934,0
TX004423,4336.41,2026-06-18 02:22:00,-0.6314026067485746,0
TX004424,9053.37,2026-05-01 08:24:00,-0.33435897991086083,0
TX004425,4773.45,2026-08-02 05:55:00,-0.603880654755521,0
TX004426,11252.7,2026-04-13 04:47:00,-0.19585940395240692,0
TX004427,4747.65,2026-05-16 00:16:00,-0.605505371855605,0
TX004428,8978.18,2026-02-28 14:14:00,-0.33909395970757905,0
TX004429,2039.58,2026-05-02 20:25:00,-0.7760421019806024,0
TX004430,4844.19,2026-07-13 01:07:00,-0.5994259071718018,0
TX004431,9784.13,2026-06-14 20:16:00,-0.2883404423892522,0
TX004432,4407.91,2026-08-05 22:09:00,-0.626899999281287,0
TX004433,5667.15,2026-05-19 23:30:00,-0.5476012100909775,0
TX004434,6543.84,2026-02-27 10:13:00,-0.4923929451889314,0
TX004435,3051.16,2026-08-06 02:39:00,-0.7123393374804806,0
TX004436,2792.48,2026-03-30 06:50:00,-0.7286293304824097,0
TX004437,7207.64,2026-08-13 00:21:00,-0.4505911153038202,0
TX004438,3228.95,2026-05-05 05:35:00,-0.7011432734020324,0
TX004439,9716.99,2026-01-16 18:44:00,-0.29256848526133167,0
TX004440,40162.12,2026-08-03 06:36:00,1.624668852928028,0
TX004441,8730.87,2026-06-08 08:26:00,-0.35466794366191295,0
TX004442,2337.3,2026-03-06 02:27:00,-0.7572936223280031,0
TX004443,15089.89,2026-02-24 22:50:00,0.04578199950774667,0
TX004444,9776.74,2026-06-01 19:02:00,-0.28880581678342354,0
TX004445,10243.73,2026-02-07 14:08:00,-0.25939780753659003,0
TX004446,22366.28,2026-01-21 01:37:00,0.5040019708209804,0
TX004447,24874.78,2026-03-28 14:36:00,0.6619710733621096,0
TX004448,12209.73,2026-06-26 13:04:00,-0.13559184556893605,0
TX004449,9303.76,2026-01-27 22:55:00,-0.31859103748101303,0
TX004450,14188.44,2026-05-31 05:44:00,-0.010985490022132038,0
TX004451,4984.49,2026-08-03 11:06:00,-0.5905907207709564,0
TX004452,6053.4,2026-07-10 00:17:00,-0.5232776837379732,0
TX004453,2705.35,2026-04-21 23:13:00,-0.7341162142393994,0
TX004454,2799.7,2026-08-12 20:47:00,-0.7281746615885103,0
TX004455,2362.17,2026-04-06 03:29:00,-0.7557274706117593,0
TX004456,5239.23,2026-03-03 23:20:00,-0.5745488434812107,0
TX004457,1321.58,2026-05-27 11:33:00,-0.8212570972465106,0
TX004458,4462.77,2026-06-26 03:03:00,-0.6234452713700228,0
TX004459,30304.42,2026-02-01 11:34:00,1.0038946762807528,0
TX004460,3483.94,2026-06-21 06:41:00,-0.6850856527295338,0
TX004461,4803.91,2026-02-25 16:17:00,-0.6019624810009254,0
TX004462,12497.93,2026-01-08 05:56:00,-0.11744287393156172,0
TX004463,1872.88,2026-07-16 04:53:00,-0.7865397896001385,0
TX004464,7921.45,2026-04-01 14:57:00,-0.4056399791328481,0
TX004465,17140.44,2026-03-28 08:28:00,0.17491237352238184,0
TX004466,14686.13,2026-03-08 15:58:00,0.02035580662673955,0
TX004467,2234.95,2026-02-24 03:48:00,-0.7637389632269805,0
TX004468,4571.62,2026-04-26 11:40:00,-0.6165906025194738,0
TX004469,20191.1,2026-01-03 01:24:00,0.3670232056364425,0
TX004470,24521.3,2026-07-10 06:56:00,0.6397111896203364,0
TX004471,17300.63,2026-03-17 17:32:00,0.18500010345503637,0
TX004472,6948.63,2026-06-28 13:23:00,-0.466901889570983,0
TX004473,6558.23,2026-04-01 01:56:00,-0.49148675607768294,0
TX004474,11082.67,2026-08-31 04:29:00,-0.20656679343020973,0
TX004475,22803.85,2026-06-11 18:59:00,0.5315572987854699,0
TX004476,16016.17,2026-03-03 12:09:00,0.10411312181262897,0
TX004477,7261.32,2026-05-25 12:12:00,-0.44721069615914893,0
TX004478,15827.47,2026-03-14 02:17:00,0.09223001651085054,0
TX004479,6904.09,2026-06-06 18:01:00,-0.4697067306422135,0
TX004480,7096.14,2026-04-14 17:47:00,-0.45761266401154826,0
TX004481,27349.05,2026-04-20 16:18:00,0.8177845919367318,0
TX004482,14239.67,2026-07-26 01:51:00,-0.007759356028437808,0
TX004483,17626.37,2026-05-04 02:18:00,0.205513101446564,0
TX004484,15114.58,2026-01-14 13:34:00,0.047336815988408644,0
TX004485,2355.65,2026-03-24 14:30:00,-0.7561380580339512,0
TX004486,26270.32,2026-04-12 06:06:00,0.7498531548292204,0
TX004487,66055.67,2026-05-18 01:39:00,3.255277126838275,1
TX004488,4556.32,2026-03-15 11:09:00,-0.6175540975439424,0
TX004489,2962.61,2026-08-03 02:01:00,-0.7179156436515058,0
TX004490,2265.85,2026-08-19 10:51:00,-0.7617930811187401,0
TX004491,6251.11,2026-05-25 15:33:00,-0.5108271869217856,0
TX004492,14360.83,2026-02-11 15:04:00,-0.000129483011143333,0
TX004493,5121.72,2026-06-27 02:52:00,-0.581948863110315,0
TX004494,10313.41,2026-08-29 23:06:00,-0.25500981189574257,0
TX004495,2607.27,2026-08-30 22:45:00,-0.7402926581609597,0
TX004496,7895.18,2026-07-31 20:50:00,-0.4072942937925074,0
TX004497,12815.69,2026-03-24 05:45:00,-0.09743240471750182,0
TX004498,42439.09,2026-01-09 00:16:00,1.7680576938341768,0
TX004499,8091.37,2026-07-18 01:44:00,-0.39493951674345656,0
TX004500,9959.14,2026-05-05 00:01:00,-0.2773194447270146,0
TX004501,10935.49,2026-03-07 23:14:00,-0.21583523772441082,0
TX004502,12988.61,2026-01-08 18:31:00,-0.08654302173507723,0
TX004503,3764.3,2026-01-12 19:11:00,-0.6674303935752859,0
TX004504,21489.33,2026-02-24 08:55:00,0.4487773328008717,0
TX004505,14137.02,2026-02-15 08:09:00,-0.014223588986718395,0
TX004506,18992.97,2026-05-23 01:26:00,0.29157272892621616,0
TX004507,7810.94,2026-02-04 00:22:00,-0.41259918404487533,0
TX004508,42561.37,2026-08-10 18:39:00,1.775758097206204,0
TX004509,6462.94,2026-06-27 10:19:00,-0.4974875038477225,0
TX004510,7581.09,2026-07-01 22:41:00,-0.4270736501477569,0
TX004511,7794.95,2026-03-25 10:59:00,-0.41360613080574143,0
TX004512,2906.92,2026-04-18 02:09:00,-0.7214226395935093,0
TX004513,23669.26,2026-07-16 09:42:00,0.5860552222577118,0
TX004514,1850.97,2026-05-13 10:19:00,-0.7879195396645898,0
TX004515,3898.87,2026-05-05 04:07:00,-0.6589560455071337,0
TX004516,8009.93,2026-05-28 13:54:00,-0.40006808110899356,0
TX004517,16713.11,2026-03-10 00:45:00,0.14800189451544526,0
TX004518,22183.88,2026-07-29 14:54:00,0.49251559876457157,0
TX004519,6604.98,2026-04-06 03:49:00,-0.48854274350291804,0
TX004520,10289.85,2026-05-28 19:22:00,-0.256493468286362,0
TX004521,15498.47,2026-05-24 12:05:00,0.07151172480822686,0
TX004522,10865.03,2026-02-13 01:48:00,-0.2202723527194468,0
TX004523,1418.02,2026-08-05 09:25:00,-0.8151839299158083,0
TX004524,5273.91,2026-02-08 00:30:00,-0.5723649214257487,0
TX004525,12872.66,2026-03-06 08:05:00,-0.09384480265580437,0
TX004526,9353.92,2026-05-07 09:54:00,-0.3154322851655006,0
TX004527,4972.95,2026-06-27 02:22:00,-0.5913174353188236,0
TX004528,4553.74,2026-05-16 01:03:00,-0.6177165692539509,0
TX004529,10745.21,2026-01-18 11:38:00,-0.22781784120518664,0
TX004530,145406.66,2026-07-10 16:20:00,8.252289156357955,1
TX004531,5457.47,2026-04-16 23:03:00,-0.560805500073367,0
TX004532,3507.2,2026-03-10 20:35:00,-0.6836208883982178,0
TX004533,32193.69,2026-08-27 20:31:00,1.122868679213932,0
TX004534,21160.26,2026-06-16 13:05:00,0.42805463295107704,0
TX004535,9570.51,2026-01-28 20:12:00,-0.301792848083825,0
TX004536,14640.29,2026-04-11 19:07:00,0.017469099965194763,0
TX004537,7903.1,2026-02-13 08:12:00,-0.4067955434269002,0
TX004538,7775.66,2026-06-01 09:02:00,-0.4148208902189439,0
TX004539,14132.39,2026-08-22 18:55:00,-0.014515156435299456,0
TX004540,6740.98,2026-06-19 15:36:00,-0.4799783432854201,0
TX004541,16508.66,2026-06-23 03:30:00,0.13512695610024336,0
TX004542,24924.56,2026-04-04 15:24:00,0.6651058957358381,0
TX004543,7962.69,2026-04-01 06:38:00,-0.4030429507139539,0
TX004544,10292.45,2026-03-10 02:08:00,-0.25632973710573337,0
TX004545,27956.96,2026-01-05 17:49:00,0.8560668311736375,0
TX004546,3468.81,2026-08-25 05:31:00,-0.6860384422537306,0
TX004547,25163.64,2026-01-28 01:12:00,0.6801616075299513,0
TX004548,4350.59,2026-05-04 01:13:00,-0.6305096420788384,0
TX004549,7563.09,2026-03-14 10:51:00,-0.4282071737059552,0
TX004550,11004.27,2026-02-08 20:18:00,-0.21150391826147322,0
TX004551,28275.26,2026-03-26 15:01:00,0.8761113060944432,0
TX004552,5237.88,2026-05-11 11:01:00,-0.5746338577480756,0
TX004553,16323.46,2026-07-21 16:02:00,0.12346425815700347,0
TX004554,22703.74,2026-03-12 00:21:00,0.5252530185959575,0
TX004555,6244.45,2026-08-03 11:51:00,-0.511246590638319,0
TX004556,7282.26,2026-04-02 09:22:00,-0.4458920304197783,0
TX004557,9702.29,2026-05-31 06:08:00,-0.29349419616719347,0
TX004558,6608.75,2026-01-21 05:47:00,-0.4883053332910065,0
TX004559,8019.94,2026-03-02 08:11:00,-0.39943771606357337,0
TX004560,3765.38,2026-05-08 06:00:00,-0.6673623821617941,0
TX004561,2200.49,2026-04-30 23:47:00,-0.76590903110562,0
TX004562,5211.21,2026-05-09 03:25:00,-0.5763133618201393,0
TX004563,4157.19,2026-08-26 10:26:00,-0.6426887229763685,0
TX004564,3605.54,2026-08-03 07:12:00,-0.6774280713585946,0
TX004565,13202.36,2026-05-28 01:06:00,-0.07308242948147295,0
TX004566,19773.42,2026-03-08 19:29:00,0.34072042120376206,0
TX004567,4871.32,2026-05-18 22:10:00,-0.5977174352754729,0
TX004568,10529.74,2026-06-01 18:44:00,-0.24138674793212983,0
TX004569,9280.85,2026-08-04 01:37:00,-0.32003376107647535,0
TX004570,2777.29,2026-03-01 07:57:00,-0.7295858984184671,0
TX004571,637.32,2026-01-04 07:14:00,-0.8643473655761073,0
TX004572,4112.28,2026-03-17 05:41:00,-0.6455168642540732,0
TX004573,14634.14,2026-08-29 13:46:00,0.017081812749476934,0
TX004574,12693.16,2026-04-28 22:59:00,-0.10514855147228143,0
TX004575,2151.48,2026-03-03 02:04:00,-0.76899536386047,0
TX004576,21953.29,2026-02-20 01:00:00,0.4779945322487418,0
TX004577,3915.79,2026-06-17 03:18:00,-0.6578905333624274,0
TX004578,11544.11,2026-03-30 14:25:00,-0.1775082872804873,0
TX004579,6578.86,2026-04-08 10:55:00,-0.4901876121329257,0
TX004580,6237.19,2026-01-04 04:26:00,-0.5117037784734589,0
TX004581,5916.07,2026-06-21 12:38:00,-0.5319258387517158,0
TX004582,7595.46,2026-05-19 15:35:00,-0.4261687205071287,0
TX004583,1351.9,2026-04-11 11:59:00,-0.8193477397862566,0
TX004584,10022.31,2026-07-27 22:07:00,-0.2733414067730488,0
TX004585,4918.13,2026-05-30 00:31:00,-0.5947696442888474,0
TX004586,22121.84,2026-03-09 17:59:00,0.4886087209006482,0
TX004587,2943.82,2026-05-29 10:03:00,-0.7190989162992029,0
TX004588,9482.57,2026-02-20 01:54:00,-0.3073307404009336,0
TX004589,6587.44,2026-02-19 13:46:00,-0.48964729923685124,0
TX004590,23283.9,2026-07-25 06:19:00,0.5617877423473074,0
TX004591,5220.27,2026-04-18 22:46:00,-0.5757428216291796,0
TX004592,13004.18,2026-03-15 02:02:00,-0.08556252385723576,0
TX004593,4519.8,2026-02-11 07:47:00,-0.6198538908964646,0
TX004594,4057.83,2026-05-23 13:46:00,-0.6489457730176229,0
TX004595,6554.69,2026-03-04 09:08:00,-0.49170968237746193,0
TX004596,30263.33,2026-05-22 10:58:00,1.0013070938915105,0
TX004597,12296.99,2026-04-28 16:09:00,-0.13009677525291494,0
TX004598,3882.12,2026-03-28 08:17:00,-0.6600108521515682,0
TX004599,8305.35,2026-05-31 12:49:00,-0.3814644405777197,0
TX004600,25191.45,2026-06-04 15:40:00,0.6819129014273676,0
TX004601,12214.83,2026-01-28 00:47:00,-0.13527068056077987,0
TX004602,8530.73,2026-04-12 02:25:00,-0.3672714661584574,0
TX004603,10821.65,2026-08-02 16:55:00,-0.22300414449470468,0
TX004604,6782.68,2026-03-02 21:20:00,-0.47735234704226076,0
TX004605,2158.05,2026-05-29 12:36:00,-0.7685816277617274,0
TX004606,6558.17,2026-01-25 10:44:00,-0.4914905344895436,0
TX004607,35167.87,2026-06-18 05:56:00,1.31016329567627,0
TX004608,7139.3,2026-08-25 08:56:00,-0.4548947264131129,0
TX004609,13103.53,2026-08-15 03:51:00,-0.07930610355129147,0
TX004610,4710.63,2026-04-25 10:04:00,-0.6078366519736329,0
TX004611,1298.04,2026-08-11 11:50:00,-0.8227394941665099,0
TX004612,12138.96,2026-05-25 11:56:00,-0.14004848235858555,0
TX004613,20141.61,2026-07-30 14:13:00,0.36390664558670754,0
TX004614,50409.09,2026-05-10 06:37:00,2.26995673599196,0
TX004615,4205.3,2026-06-05 16:28:00,-0.6396590663994286,0
TX004616,21216.99,2026-05-31 12:17:00,0.4316271213653321,0
TX004617,3888.43,2026-04-30 00:53:00,-0.6596134891708887,0
TX004618,15877.57,2026-06-13 14:26:00,0.09538499041450237,0
TX004619,5336.24,2026-04-29 00:49:00,-0.5684397812378322,0
TX004620,5126.27,2026-05-07 02:12:00,-0.5816623335442148,0
TX004621,6820.91,2026-08-04 08:20:00,-0.47494486895170973,0
TX004622,20830.76,2026-03-10 18:39:00,0.40730485448294784,0
TX004623,4868.2,2026-02-01 14:09:00,-0.5979139126922274,0
TX004624,11869.78,2026-01-03 10:07:00,-0.15699969743613026,0
TX004625,4323.68,2026-03-30 22:28:00,-0.6322042597983447,0
TX004626,32031.73,2026-01-04 18:07:00,1.1126694861313882,0
TX004627,3298.21,2026-04-23 07:49:00,-0.6967817266442095,0
TX004628,8688.95,2026-04-02 21:01:00,-0.35730779408189467,0
TX004629,16508.87,2026-07-08 13:48:00,0.1351401805417556,0
TX004630,30320.35,2026-07-17 02:15:00,1.0048978446297583,0
TX004631,5611.81,2026-07-04 03:46:00,-0.5510861652971271,0
TX004632,22858.97,2026-01-05 11:16:00,0.5350283998147972,0
TX004633,13265.18,2026-05-14 05:09:00,-0.06912643226336104,0
TX004634,8544.91,2026-01-27 23:36:00,-0.3663785014887212,0
TX004635,2979.27,2026-08-27 00:59:00,-0.7168665046248623,0
TX004636,14220.09,2026-05-05 20:32:00,-0.008992377765633462,0
TX004637,3370.52,2026-01-20 02:37:00,-0.6922281106168031,0
TX004638,11163.0,2026-05-23 08:46:00,-0.20150812968409496,0
TX004639,1961.52,2026-07-03 06:18:00,-0.7809578158113221,0
TX004640,18124.24,2026-01-07 10:56:00,0.23686573333101782,0
TX004641,2606.11,2026-05-26 20:34:00,-0.7403657074569324,0
TX004642,1430.48,2026-01-09 13:18:00,-0.8143992797194112,0
TX004643,14430.76,2026-06-21 22:22:00,0.00427425601245691,0
TX004644,20286.63,2026-03-30 00:09:00,0.37303906705392487,0
TX004645,2802.02,2026-04-28 17:07:00,-0.7280285629965647,0
TX004646,10153.84,2026-08-18 15:12:00,-0.26505849823917005,0
TX004647,2439.74,2026-08-25 00:34:00,-0.750842613811235,0
TX004648,8557.57,2026-01-29 21:57:00,-0.3655812565861218,0
TX004649,8496.73,2026-06-11 13:39:00,-0.36941256621283186,0
TX004650,4693.24,2026-01-20 10:15:00,-0.6089317616779144,0
TX004651,2698.04,2026-01-24 17:35:00,-0.73457655075109,0
TX004652,4030.88,2026-08-11 03:33:00,-0.6506429096783698,0
TX004653,1993.2,2026-03-29 08:22:00,-0.7789628143488931,0
TX004654,14549.55,2026-01-27 09:40:00,0.01175488176125523,0
TX004655,4278.82,2026-01-15 13:54:00,-0.6350292523994989,0
TX004656,13326.89,2026-03-04 15:30:00,-0.06524033566467141,0
TX004657,36883.74,2026-01-26 09:44:00,1.418217688332139,0
TX004658,9036.29,2026-04-12 09:14:00,-0.33543456782052894,0
TX004659,7592.25,2026-03-06 04:49:00,-0.426370865541674,0
TX004660,9783.07,2026-07-03 07:56:00,-0.28840719433212386,0
TX004661,34804.22,2026-04-14 21:34:00,1.2872629711241148,0
TX004662,4229.44,2026-07-30 12:51:00,-0.6381388853608227,0
TX004663,8675.69,2026-03-24 16:31:00,-0.3581428231031007,0
TX004664,18861.06,2026-01-02 16:31:00,0.2832658904505533,0
TX004665,8169.58,2026-05-19 22:50:00,-0.39001435688308517,0
TX004666,4973.44,2026-07-13 20:00:00,-0.5912865782886282,0
TX004667,9670.46,2026-07-07 18:19:00,-0.2954986436592742,0
TX004668,3727.75,2026-04-25 21:53:00,-0.6697320761337385,0
TX004669,15204.58,2026-04-07 06:14:00,0.05300443377939992,0
TX004670,4844.73,2026-03-30 07:31:00,-0.5993919014650558,0
TX004671,1986.09,2026-02-22 21:19:00,-0.7794105561543815,0
TX004672,8453.85,2026-02-23 20:40:00,-0.37211287122258413,0
TX004673,4580.96,2026-07-25 18:22:00,-0.616002429739831,0
TX004674,63091.47,2026-02-11 01:21:00,3.068610986215427,1
TX004675,3101.92,2026-02-24 09:51:00,-0.7091428010463615,0
TX004676,1969.31,2026-04-27 03:12:00,-0.7804672520047464,0
TX004677,6332.48,2026-03-25 14:15:00,-0.5057030307034194,0
TX004678,8908.27,2026-08-18 18:41:00,-0.34349643926055906,0
TX004679,18241.4,2026-07-26 22:36:00,0.24424371222426824,0
TX004680,47144.32,2026-01-06 00:50:00,2.0643626411531315,0
TX004681,6450.62,2026-01-28 11:22:00,-0.49826333774977816,0
TX004682,5579.33,2026-04-19 22:22:00,-0.5531315455843647,0
TX004683,2220.16,2026-08-21 08:02:00,-0.7646703417506334,0
TX004684,8051.37,2026-04-10 15:25:00,-0.3974584579838972,0
TX004685,23587.78,2026-03-29 04:06:00,0.5809241389509343,0
TX004686,17232.32,2026-02-23 06:15:00,0.1806983815516739,0
TX004687,3779.07,2026-06-28 03:48:00,-0.6665002745222532,0
TX004688,15906.49,2026-06-04 14:10:00,0.09720618493134091,0
TX004689,2485.07,2026-06-22 05:33:00,-0.7479880236505057,0
TX004690,9832.83,2026-08-15 08:03:00,-0.28527363142901574,0
TX004691,6500.79,2026-06-04 13:08:00,-0.4951039556989556,0
TX004692,6368.09,2026-04-09 18:44:00,-0.5034605432641172,0
TX004693,4610.27,2026-02-15 14:28:00,-0.6141566755458981,0
TX004694,5305.54,2026-01-16 10:01:00,-0.5703730686398704,0
TX004695,4601.28,2026-07-08 20:38:00,-0.6147228075896872,0
TX004696,1973.27,2026-05-08 20:29:00,-0.7802178768219427,0
TX004697,6940.37,2026-03-25 20:51:00,-0.46742205093713396,0
TX004698,6547.1,2026-04-13 01:41:00,-0.4921876514778355,0
TX004699,4268.71,2026-03-13 21:54:00,-0.6356659147980201,0
TX004700,2714.53,2026-01-30 05:21:00,-0.7335381172247183,0
TX004701,6544.96,2026-06-05 20:44:00,-0.4923224148341991,0
TX004702,20325.46,2026-04-21 17:02:00,0.3754843292630824,0
TX004703,1605.49,2026-03-16 03:27:00,-0.8033782820571735,0
TX004704,4917.13,2026-07-28 22:10:00,-0.5948326178198584,0
TX004705,8962.51,2026-01-22 06:42:00,-0.34008075493852163,0
TX004706,2250.55,2026-02-27 13:04:00,-0.7627565761432087,0
TX004707,3838.88,2026-08-09 17:44:00,-0.6627338276324846,0
TX004708,4469.38,2026-07-24 22:50:00,-0.62302901633004,0
TX004709,11390.48,2026-05-18 09:33:00,-0.18718291084970948,0
TX004710,22141.39,2026-01-22 15:20:00,0.4898398534319135,0
TX004711,5689.92,2026-02-12 08:20:00,-0.5461673027898567,0
TX004712,11335.84,2026-08-15 16:14:00,-0.19062378458415125,0
TX004713,3712.82,2026-06-25 23:49:00,-0.670672270951733,0
TX004714,9945.37,2026-01-21 09:59:00,-0.27818659024903614,0
TX004715,3595.36,2026-02-15 16:03:00,-0.6780691419042866,0
TX004716,1782.46,2026-05-10 08:37:00,-0.7922338562741543,0
TX004717,10318.19,2026-02-20 17:38:00,-0.2547087984175099,0
TX004718,8952.6,2026-01-29 21:07:00,-0.3407048226308408,0
TX004719,6422.17,2026-08-26 21:43:00,-0.5000549347070415,0
TX004720,8030.13,2026-01-25 07:47:00,-0.39879601578257107,0
TX004721,7896.22,2026-06-06 19:44:00,-0.407228801320256,0
TX004722,21606.47,2026-05-06 03:37:00,0.45615405222350186,0
TX004723,24009.97,2026-05-10 14:18:00,0.6075109340084746,0
TX004724,4436.77,2026-02-01 05:09:00,-0.6250825831763092,0
TX004725,11121.31,2026-08-15 06:16:00,-0.20413349619194418,0
TX004726,6895.91,2026-07-15 04:54:00,-0.4702218541258837,0
TX004727,5383.52,2026-02-09 11:46:00,-0.5654623926916315,0
TX004728,3504.0,2026-06-27 01:11:00,-0.683822403697453,0
TX004729,28906.97,2026-08-04 22:11:00,0.9158923153694112,0
TX004730,4541.7,2026-08-30 17:34:00,-0.6184747705673235,0
TX004731,21280.09,2026-06-22 01:23:00,0.435600751172127,0
TX004732,10671.41,2026-06-04 01:48:00,-0.23246528779379944,0
TX004733,3377.15,2026-05-27 03:06:00,-0.6918105961062001,0
TX004734,14605.99,2026-02-15 12:51:00,0.015309107851516906,0
TX004735,9742.39,2026-05-25 06:59:00,-0.29096895757365193,0
TX004736,3174.27,2026-05-04 07:45:00,-0.7045866660777146,0
TX004737,5074.32,2026-01-27 00:42:00,-0.5849338084802371,0
TX004738,12242.43,2026-01-28 02:34:00,-0.13353261110487585,0
TX004739,3321.51,2026-07-21 20:53:00,-0.6953144433716529,0
TX004740,5167.62,2026-01-23 02:45:00,-0.5790583780369094,0
TX004741,1280.15,2026-06-15 12:33:00,-0.8238660906362969,0
TX004742,10712.29,2026-07-13 16:28:00,-0.22989092984606913,0
TX004743,12732.45,2026-01-29 20:41:00,-0.10267432143885863,0
TX004744,3644.0,2026-05-03 07:40:00,-0.6750061093559109,0
TX004745,6566.49,2026-04-15 11:49:00,-0.490966594711532,0
TX004746,13240.58,2026-06-09 15:29:00,-0.07067558112623203,0
TX004747,59886.88,2026-08-18 20:17:00,2.866806638472841,0
TX004748,5117.54,2026-06-02 13:18:00,-0.5822120924699411,0
TX004749,4472.89,2026-08-24 11:47:00,-0.6228079792361912,0
TX004750,10349.77,2026-03-12 05:06:00,-0.25272009430818204,0
TX004751,14414.26,2026-02-09 13:19:00,0.0032351927507751756,0
TX004752,4543.11,2026-08-19 21:47:00,-0.618385977888598,0
TX004753,2691.51,2026-04-26 17:41:00,-0.7349877679085919,0
TX004754,20352.68,2026-07-23 16:23:00,0.3771984687772023,0
TX004755,6842.57,2026-02-05 07:50:00,-0.47358086227001117,0
TX004756,4411.22,2026-04-11 14:47:00,-0.6266915568936406,0
TX004757,12054.17,2026-03-13 05:51:00,-0.1453880080530094,0
TX004758,3868.41,2026-05-01 12:00:00,-0.6608742192617292,0
TX004759,4215.7,2026-02-25 21:34:00,-0.6390041416769141,0
TX004760,2803.96,2026-01-08 15:20:00,-0.7279063943464033,0
TX004761,48621.4,2026-04-23 06:19:00,2.1573795843388806,0
TX004762,35374.57,2026-06-28 12:29:00,1.3231799245362466,0
TX004763,58980.34,2026-05-16 22:21:00,2.8097186136701158,0
TX004764,4976.78,2026-06-15 17:13:00,-0.5910762466950513,0
TX004765,31060.68,2026-03-26 05:40:00,1.0515190388431426,0
TX004766,2615.14,2026-07-20 03:38:00,-0.7397970564719031,0
TX004767,12316.04,2026-07-02 15:41:00,-0.12889712948715507,0
TX004768,6489.7,2026-06-01 09:31:00,-0.49580233215786773,0
TX004769,12113.69,2026-04-24 06:22:00,-0.1416398234872338,0
TX004770,10129.4,2026-08-24 14:43:00,-0.2665975713370793,0
TX004771,21198.12,2026-04-25 16:23:00,0.43043881083515406,0
TX004772,3174.89,2026-05-16 04:13:00,-0.7045476224884879,0
TX004773,5144.66,2026-03-09 01:12:00,-0.5805042503089223,0
TX004774,12465.84,2026-08-15 08:13:00,-0.11946369454170518,0
TX004775,3705.58,2026-04-01 13:11:00,-0.6711281993162527,0
TX004776,21567.51,2026-05-03 09:50:00,0.4537006034553126,0
TX004777,10766.16,2026-07-08 04:14:00,-0.22649854573050585,0
TX004778,7258.59,2026-07-03 05:23:00,-0.447382613898809,0
TX004779,7284.77,2026-07-14 21:42:00,-0.4457339668569406,0
TX004780,6423.58,2026-05-11 23:07:00,-0.499966142028316,0
TX004781,10277.31,2026-07-25 23:52:00,-0.2572831563652402,0
TX004782,8358.93,2026-07-19 05:07:00,-0.3780903187861496,0
TX004783,23408.22,2026-03-31 21:40:00,0.5696166117225967,0
TX004784,10646.52,2026-07-03 20:12:00,-0.23403269898066356,0
TX004785,18062.83,2026-07-25 16:18:00,0.23299852879163144,0
TX004786,2606.11,2026-05-26 09:22:00,-0.7403657074569324,0
TX004787,11826.8,2026-03-14 19:19:00,-0.15970629979898376,0
TX004788,6345.75,2026-03-27 08:06:00,-0.5048673719469032,0
TX004789,3308.61,2026-03-29 20:15:00,-0.696126801921695,0
TX004790,18698.31,2026-03-14 19:00:00,0.27301694827851075,0
TX004791,11162.84,2026-01-05 06:41:00,-0.20151820544905671,0
TX004792,9921.52,2026-04-11 16:43:00,-0.2796885089636489,0
TX004793,5517.36,2026-02-28 17:44:00,-0.5570340153011174,0
TX004794,4741.03,2026-02-19 12:06:00,-0.6059222566308979,0
TX004795,21462.43,2026-03-11 01:45:00,0.44708334481667533,0
TX004796,3752.17,2026-08-19 20:03:00,-0.6681942625064495,0
TX004797,19685.82,2026-05-28 23:01:00,0.3352039398871973,0
TX004798,12199.4,2026-08-11 14:34:00,-0.13624236214427984,0
TX004799,1486.38,2026-05-27 18:18:00,-0.8108790593358955,0
TX004800,5321.04,2026-04-02 01:12:00,-0.5693969789091997,0
TX004801,5614.94,2026-02-15 03:51:00,-0.5508890581450625,0
TX004802,16913.94,2026-03-29 17:46:00,0.16064886874838713,0
TX004803,8936.12,2026-02-03 11:57:00,-0.3417426264219023,0
TX004804,2249.37,2026-01-14 18:26:00,-0.7628308849098017,0
TX004805,9800.73,2026-01-25 03:17:00,-0.28729508177446933,0
TX004806,8570.32,2026-07-21 08:27:00,-0.36477834406573134,0
TX004807,2391.21,2026-02-22 16:48:00,-0.7538987192711993,0
TX004808,9394.01,2026-04-10 06:41:00,-0.312907676307269,0
TX004809,17104.84,2026-07-04 16:54:00,0.17267051581838982,0
TX004810,14145.65,2026-03-22 19:55:00,-0.013680127414093394,0
TX004811,7548.93,2026-06-05 20:35:00,-0.42909887890507115,0
TX004812,4303.41,2026-03-13 09:11:00,-0.633480733271938,0
TX004813,4124.31,2026-07-23 09:05:00,-0.6447592926760107,0
TX004814,10491.98,2026-07-20 09:54:00,-0.24376462846310576,0
TX004815,2632.96,2026-08-23 15:22:00,-0.7386748681492867,0
TX004816,100304.97,2026-04-19 16:07:00,5.412076482493806,1
TX004817,2607.43,2026-05-17 03:55:00,-0.740282582395998,0
TX004818,2008.78,2026-08-22 08:59:00,-0.7779816867357415,0
TX004819,3486.43,2026-01-25 15:26:00,-0.6849288486373164,0
TX004820,3669.58,2026-02-01 01:02:00,-0.6733952464326491,0
TX004821,22990.39,2026-06-11 13:09:00,0.5433043812602646,0
TX004822,4353.68,2026-05-30 19:58:00,-0.6303150538680143,0
TX004823,5944.87,2026-07-31 01:21:00,-0.5301122010585986,0
TX004824,3087.46,2026-03-18 11:55:00,-0.7100533983047808,0
TX004825,29983.78,2026-01-30 01:34:00,0.9837028432973813,0
TX004826,32393.28,2026-06-02 15:11:00,1.13543756626842,0
TX004827,21551.78,2026-08-22 05:22:00,0.45271002981250935,0
TX004828,16549.85,2026-01-16 15:01:00,0.13772083584258693,0
TX004829,13909.88,2026-06-30 07:45:00,-0.028527396820560245,0
TX004830,4279.6,2026-06-20 09:33:00,-0.6349801330453103,0
TX004831,2209.22,2026-03-20 07:58:00,-0.765359272179894,0
TX004832,27327.37,2026-06-28 04:08:00,0.816419325784413,0
TX004833,15599.99,2026-01-30 20:04:00,0.07790479767646505,0
TX004834,4755.39,2026-08-27 15:26:00,-0.6050179567255798,0
TX004835,27117.75,2026-01-04 19:48:00,0.8032188142138843,0
TX004836,22144.0,2026-06-02 07:25:00,0.4900042143478523,0
TX004837,44866.78,2026-05-05 21:19:00,1.9209379053343059,0
TX004838,3888.6,2026-01-20 03:09:00,-0.6596027836706169,0
TX004839,63504.51,2026-06-18 17:43:00,3.094621573464216,1
TX004840,24470.55,2026-01-18 17:33:00,0.6365152829215274,0
TX004841,11375.14,2026-01-14 23:14:00,-0.18814892481541842,0
TX004842,7171.0,2026-04-06 20:08:00,-0.45289846548006374,0
TX004843,5074.22,2026-02-08 00:53:00,-0.5849401058333382,0
TX004844,5396.49,2026-08-08 02:43:00,-0.5646456259944186,0
TX004845,8198.35,2026-05-05 21:35:00,-0.38820260839589826,0
TX004846,1393.66,2026-04-26 19:53:00,-0.8167179651312367,0
TX004847,1515.36,2026-08-14 10:17:00,-0.8090540864071962,0
TX004848,32932.74,2026-06-17 15:34:00,1.1694092673076217,0
TX004849,15747.32,2026-04-10 00:08:00,0.08718268800031777,0
TX004850,45285.35,2026-03-11 15:29:00,1.947296736209586,0
TX004851,23679.58,2026-08-21 04:14:00,0.5867051090977456,0
TX004852,23517.87,2026-04-09 00:43:00,0.5765216593979543,0
TX004853,6150.66,2026-01-11 03:00:00,-0.517152878111842,0
TX004854,35563.14,2026-06-18 21:57:00,1.3350548432789935,0
TX004855,24840.53,2026-06-28 01:29:00,0.6598142299249824,0
TX004856,22548.01,2026-07-01 14:07:00,0.515446150611612,0
TX004857,17228.78,2026-03-21 03:46:00,0.18047545525189485,0
TX004858,26940.41,2026-03-29 04:33:00,0.792051088224391,0
TX004859,5037.98,2026-02-25 14:06:00,-0.5872222665971774,0
TX004860,21542.89,2026-08-04 09:54:00,0.4521501951218215,0
TX004861,1436.18,2026-07-24 14:58:00,-0.8140403305926484,0
TX004862,9974.95,2026-08-14 01:50:00,-0.2763238332017304,0
TX004863,29509.09,2026-07-25 06:03:00,0.953809937861763,0
TX004864,11024.07,2026-03-04 07:15:00,-0.21025704234745518,0
TX004865,12094.33,2026-07-23 21:13:00,-0.14285899104760708,0
TX004866,9102.7,2026-06-16 10:36:00,-0.3312524956260875,0
TX004867,4666.85,2026-05-05 18:47:00,-0.610593633161295,0
TX004868,10246.44,2026-01-01 18:44:00,-0.25922714926755014,0
TX004869,5946.72,2026-08-08 06:01:00,-0.5299957000262283,0
TX004870,25303.84,2026-04-20 17:58:00,0.6889904965776955,0
TX004871,6780.3,2026-06-15 17:49:00,-0.477502224046067,0
TX004872,2513.06,2026-03-10 12:00:00,-0.7462253945175074,0
TX004873,9288.37,2026-01-26 18:33:00,-0.3195602001232725,0
TX004874,3757.76,2026-05-03 16:52:00,-0.6678422404680979,0
TX004875,4464.62,2026-01-04 19:59:00,-0.6233287703376523,0
TX004876,15078.21,2026-03-24 08:15:00,0.045046468665538006,0
TX004877,8843.88,2026-08-06 01:35:00,-0.3475513049223583,0
TX004878,9217.28,2026-05-04 09:09:00,-0.3240369884428455,0
TX004879,4602.53,2026-08-26 22:22:00,-0.6146440906759234,0
TX004880,3864.74,2026-01-22 04:18:00,-0.6611053321205397,0
TX004881,9534.13,2026-07-17 07:03:00,-0.30408382514200577,0
TX004882,16965.31,2026-07-20 17:25:00,0.1638838190364231,0
TX004883,40766.94,2026-07-07 23:15:00,1.6627565039541097,0
TX004884,4873.84,2026-05-12 07:40:00,-0.5975587419773252,0
TX004885,7361.62,2026-02-16 00:15:00,-0.44089445099874425,0
TX004886,13889.08,2026-05-04 01:36:00,-0.029837246265589295,0
TX004887,14962.31,2026-04-17 21:53:00,0.03774783642136147,0
TX004888,25724.71,2026-05-03 11:57:00,0.715494166574301,0
TX004889,27330.38,2026-08-03 20:55:00,0.8166088761127563,0
TX004890,7002.72,2026-02-22 19:22:00,-0.4634956512785972,0
TX004891,15056.64,2026-06-09 00:10:00,0.043688129601630446,0
TX004892,6704.91,2026-06-17 23:28:00,-0.48224979854898736,0
TX004893,19413.89,2026-01-19 18:23:00,0.3180795475993722,0
TX004894,4684.86,2026-02-12 06:30:00,-0.6094594798677867,0
TX004895,8440.44,2026-04-02 21:57:00,-0.3729573462734418,0
TX004896,4322.31,2026-08-26 09:59:00,-0.6322905335358299,0
TX004897,23026.23,2026-05-24 18:34:00,0.5455613526116994,0
TX004898,4187.42,2026-08-20 16:02:00,-0.6407850331339056,0
TX004899,5010.34,2026-06-30 02:20:00,-0.5889628549943218,0
TX004900,3999.42,2026-08-24 18:24:00,-0.6526240569639763,0
TX004901,1419.73,2026-07-24 08:41:00,-0.8150762451777795,0
TX004902,26838.24,2026-01-10 07:09:00,0.7856170825609958,0
TX004903,39828.54,2026-02-02 03:57:00,1.6036621424533737,0
TX004904,2131.93,2026-08-01 03:34:00,-0.7702264963917352,0
TX004905,21053.52,2026-01-28 04:22:00,0.4213328382509615,0
TX004906,1806.18,2026-05-03 10:45:00,-0.7907401241185731,0
TX004907,15216.44,2026-01-19 16:08:00,0.053751299857190585,0
TX004908,2607.28,2026-04-21 00:28:00,-0.7402920284256496,0
TX004909,1170.63,2026-02-04 12:47:00,-0.8307629517526233,0
TX004910,10717.14,2026-08-14 08:58:00,-0.22958550822066578,0
TX004911,2859.9,2026-06-08 12:34:00,-0.7243836550216473,0
TX004912,1161.73,2026-07-28 08:08:00,-0.8313234161786213,0
TX004913,18970.17,2026-05-22 04:19:00,0.2901369324191649,0
TX004914,3997.58,2026-08-22 22:21:00,-0.6527399282610366,0
TX004915,5461.83,2026-01-09 10:04:00,-0.5605309354781589,0
TX004916,11382.95,2026-04-19 21:19:00,-0.18765710153822232,0
TX004917,15737.44,2026-04-02 02:49:00,0.086560509513929,0
TX004918,7538.43,2026-03-24 21:59:00,-0.4297601009806868,0
TX004919,6496.01,2026-03-04 13:20:00,-0.49540496917718824,0
TX004920,16074.01,2026-01-16 08:06:00,0.10775551084630604,0
TX004921,14335.57,2026-06-03 23:43:00,-0.001720194404481566,0
TX004922,3599.37,2026-07-11 00:21:00,-0.6778166180449324,0
TX004923,6617.71,2026-03-23 18:46:00,-0.4877410904531478,0
TX004924,16689.15,2026-02-22 13:55:00,0.14649304871242141,0
TX004925,1364.71,2026-07-23 14:12:00,-0.8185410488540055,0
TX004926,3654.07,2026-07-05 04:02:00,-0.67437196589863,0
TX004927,11450.48,2026-07-09 01:13:00,-0.18340449898904862,0
TX004928,6586.1,2026-01-02 19:45:00,-0.4897316837684059,0
TX004929,2175.49,2026-07-09 21:10:00,-0.7674833693808955,0
TX004930,5476.74,2026-02-04 16:50:00,-0.5595920001307847,0
TX004931,34043.9,2026-01-25 07:29:00,1.2393829360258204,0
TX004932,19470.81,2026-03-22 11:27:00,0.32166400098451925,0
TX004933,8866.38,2026-01-26 11:56:00,-0.34613440047461047,0
TX004934,7768.34,2026-03-10 13:24:00,-0.4152818564659445,0
TX004935,5312.66,2026-07-21 07:25:00,-0.5699246970990719,0
TX004936,3292.47,2026-01-07 16:59:00,-0.6971431947122128,0
TX004937,6111.16,2026-06-15 07:45:00,-0.5196403325867771,0
TX004938,19102.17,2026-01-07 09:06:00,0.29844943851261874,0
TX004939,3276.18,2026-01-21 04:34:00,-0.6981690335323821,0
TX004940,9333.7,2026-07-21 21:16:00,-0.3167056099625432,0
TX004941,35502.08,2026-03-26 20:37:00,1.331209679475461,0
TX004942,8501.89,2026-05-30 00:20:00,-0.36908762279281504,0
TX004943,4175.14,2026-04-06 09:01:00,-0.6415583480947208,0
TX004944,4180.15,2026-07-29 02:22:00,-0.6412428507043557,0
TX004945,17707.14,2026-06-17 18:08:00,0.21059947354632366,0
TX004946,3457.89,2026-08-08 03:42:00,-0.6867261132123709,0
TX004947,13388.85,2026-03-08 14:19:00,-0.06133849568322891,0
TX004948,3117.15,2026-04-16 17:22:00,-0.7081837141690638,0
TX004949,4161.42,2026-06-02 13:29:00,-0.6424223449401919,0
TX004950,21952.54,2026-03-24 16:16:00,0.47794730210048353,0
TX004951,5410.56,2026-02-12 03:42:00,-0.5637595884130937,0
TX004952,16206.29,2026-01-09 13:47:00,0.11608564952844304,0
TX004953,14218.89,2026-05-11 18:22:00,-0.009067946002846725,0
TX004954,14737.44,2026-05-04 13:27:00,0.02358697850291477,0
TX004955,10540.78,2026-05-04 06:58:00,-0.2406915201497682,0
TX004956,11403.64,2026-03-15 03:39:00,-0.18635417918160452,0
TX004957,5781.6,2026-04-04 16:43:00,-0.5403938894667669,0
TX004958,49679.44,2026-01-07 10:55:00,2.2240080990897737,0
TX004959,13865.08,2026-07-24 13:22:00,-0.03134861100985364,0
TX004960,9583.85,2026-07-02 00:53:00,-0.3009527811801381,0
TX004961,44416.12,2026-07-15 06:24:00,1.8925582538488825,0
TX004962,2833.2,2026-03-16 12:47:00,-0.7260650482996414,0
TX004963,5324.04,2026-08-07 17:29:00,-0.5692080583161666,0
TX004964,4195.51,2026-04-19 23:51:00,-0.6402755772680264,0
TX004965,13153.06,2026-05-24 15:54:00,-0.07618702456031601,0
TX004966,10040.92,2026-05-15 20:49:00,-0.2721694693609338,0
TX004967,46293.31,2026-06-18 01:17:00,2.010771536527448,0
TX004968,4810.25,2026-07-30 20:37:00,-0.6015632288143156,0
TX004969,11585.31,2026-04-06 09:39:00,-0.17491377780283357,0
TX004970,7096.3,2026-01-26 09:39:00,-0.4576025882465865,0
TX004971,34645.15,2026-08-01 00:47:00,1.2772457715461927,0
TX004972,7848.26,2026-01-23 06:33:00,-0.41024901186754426,0
TX004973,16106.26,2026-06-12 01:20:00,0.10978640722141125,0
TX004974,9649.38,2026-05-23 04:04:00,-0.29682612569298633,0
TX004975,4533.28,2026-02-11 07:54:00,-0.6190050076984361,0
TX004976,4439.34,2026-04-20 22:08:00,-0.6249207412016109,0
TX004977,4338.87,2026-05-30 00:37:00,-0.6312476918622875,0
TX004978,13751.36,2026-05-25 07:17:00,-0.038509960956426136,0
TX004979,4047.78,2026-01-12 18:50:00,-0.6495786570042835,0
TX004980,4374.26,2026-01-18 02:51:00,-0.6290190585998077,0
TX004981,9186.61,2026-08-26 18:55:00,-0.32596838663895333,0
TX004982,74921.05,2026-01-05 02:26:00,3.8135614091927006,1
TX004983,35515.95,2026-04-25 03:40:00,1.3320831223505836,0
TX004984,3003.54,2026-01-04 20:20:00,-0.7153381370272252,0
TX004985,11923.55,2026-06-11 03:37:00,-0.15361361067366813,0
TX004986,2615.75,2026-06-29 05:36:00,-0.7397586426179863,0
TX004987,4540.49,2026-07-26 07:46:00,-0.6185509685398468,0
TX004988,9510.11,2026-05-02 02:28:00,-0.30559644935689023,0
TX004989,5188.09,2026-04-11 06:12:00,-0.5777693098571139,0
TX004990,4534.2,2026-04-07 21:20:00,-0.6189470720499062,0
TX004991,7239.88,2026-07-06 15:38:00,-0.44856084866402507,0
TX004992,1333.79,2026-07-07 05:10:00,-0.8204881904328661,0
TX004993,61379.92,2026-04-12 19:56:00,2.9608286392135255,0
TX004994,9046.13,2026-08-19 21:03:00,-0.3348149082753807,0
TX004995,14497.31,2026-07-20 03:59:00,0.008465144501239861,0
TX004996,12335.5,2026-03-30 11:46:00,-0.12767166457368076,0
TX004997,17532.28,2026-03-22 05:51:00,0.19958792191373767,0
TX004998,22596.28,2026-07-02 01:14:00,0.5184858829535137,0
TX004999,2149.53,2026-08-31 16:44:00,-0.7691181622459413,0
TX005000,7927.86,2026-04-08 12:25:00,-0.4052363187990675,0
TX005001,7618.14,2026-01-25 08:34:00,-0.42474048082379884,0
TX005002,1499.78,2026-07-02 09:54:00,-0.8100352140203478,0
TX005003,4194.93,2026-02-01 05:59:00,-0.6403121019160128,0
TX005004,10374.52,2026-04-22 19:47:00,-0.2511614994156594,0
TX005005,4037.31,2026-06-22 14:07:00,-0.650237989873969,0
TX005006,5726.59,2026-04-08 00:39:00,-0.5438580634076828,0
TX005007,6785.49,2026-08-05 14:39:00,-0.47717539142011983,0
TX005008,20341.57,2026-03-12 13:22:00,0.3764988328476699,0
TX005009,11469.74,2026-04-19 04:44:00,-0.18219162878177647,0
TX005010,2719.15,2026-06-01 19:07:00,-0.7332471795114475,0
TX005011,9901.37,2026-05-03 21:42:00,-0.2809574256135208,0
TX005012,22631.95,2026-04-29 22:13:00,0.5207321488046767,0
TX005013,2354.58,2026-02-14 04:39:00,-0.7562054397121329,0
TX005014,15735.89,2026-07-03 21:14:00,0.08646290054086186,0
TX005015,4270.67,2026-06-13 09:38:00,-0.6355424866772387,0
TX005016,22018.93,2026-01-09 00:20:00,0.48212811482430473,0
TX005017,5890.29,2026-07-21 10:18:00,-0.5335492963811799,0
TX005018,13177.72,2026-01-05 23:19:00,-0.07463409728558441,0
TX005019,4608.06,2026-07-22 15:56:00,-0.6142958470494326,0
TX005020,5541.22,2026-06-03 03:52:00,-0.5555314668511946,0
TX005021,8684.78,2026-04-01 01:16:00,-0.3575703937062106,0
TX005022,15036.65,2026-03-27 10:21:00,0.04242928871672028,0
TX005023,15201.9,2026-08-28 22:38:00,0.052835664716290386,0
TX005024,18795.99,2026-03-08 00:27:00,0.27916820278766663,0
TX005025,1603.1,2026-05-09 16:19:00,-0.8035287887962899,0
TX005026,6423.38,2026-02-20 23:22:00,-0.4999787367345182,0
TX005027,1856.99,2026-03-21 06:39:00,-0.7875404390079035,0
TX005028,4135.57,2026-01-02 13:59:00,-0.6440502107168267,0
TX005029,1981.92,2026-04-05 12:25:00,-0.7796731557786974,0
TX005030,7978.22,2026-08-10 22:41:00,-0.40206497177735284,0
TX005031,10389.63,2026-04-08 18:30:00,-0.25020996936208306,0
TX005032,7979.86,2026-02-26 09:14:00,-0.4019616951864948,0
TX005033,4294.4,2026-04-14 04:11:00,-0.6340481247863473,0
TX005034,6689.64,2026-06-29 08:40:00,-0.4832114043675255,0
TX005035,10883.32,2026-07-10 18:42:00,-0.21912056683725542,0
TX005036,6500.71,2026-07-14 09:59:00,-0.49510899358143645,0
TX005037,12647.3,2026-03-22 14:34:00,-0.10803651760444659,0
TX005038,64687.96,2026-08-12 06:20:00,3.169147598739201,1
TX005039,12881.59,2026-02-14 01:48:00,-0.093282449023876,0
TX005040,3901.37,2026-07-21 16:55:00,-0.6587986116796062,0
TX005041,15700.53,2026-06-24 17:40:00,0.08423615648431247,0
TX005042,4978.0,2026-02-12 19:36:00,-0.590999418987218,0
TX005043,4700.43,2026-03-12 02:54:00,-0.6084789819899451,0
TX005044,13886.16,2026-04-19 16:11:00,-0.03002112897614146,0
TX005045,3624.99,2026-01-27 01:32:00,-0.6762032361804303,0
TX005046,12193.56,2026-01-23 07:58:00,-0.13661012756538415,0
TX005047,8896.33,2026-02-03 21:31:00,-0.3442483432208306,0
TX005048,16403.66,2026-08-13 15:24:00,0.12851473534408686,0
TX005049,20685.25,2026-07-14 03:07:00,0.3981415759855353,0
TX005050,2385.98,2026-04-22 22:11:00,-0.754228070838387,0
TX005051,10921.53,2026-03-04 11:02:00,-0.21671434821732452,0
TX005052,7155.91,2026-07-02 19:13:00,-0.45384873606301995,0
TX005053,5502.37,2026-08-17 21:35:00,-0.5579779885309724,0
TX005054,9910.96,2026-06-12 06:32:00,-0.28035350945112525,0
TX005055,35516.47,2026-01-26 22:42:00,1.3321158685867096,0
TX005056,27939.5,2026-01-11 17:50:00,0.8549673133221852,0
TX005057,8040.33,2026-06-17 05:06:00,-0.39815368576625876,0
TX005058,4092.02,2026-05-18 01:52:00,-0.6467927079923563,0
TX005059,14366.58,2026-04-29 21:33:00,0.0002326147921699988,0
TX005060,4788.98,2026-07-19 12:35:00,-0.6029026758189199,0
TX005061,813.2,2026-06-12 21:52:00,-0.8532715809418899,0
TX005062,14436.61,2026-08-20 14:57:00,0.004642651168871367,0
TX005063,4621.63,2026-03-14 06:24:00,-0.6134412962336131,0
TX005064,6283.42,2026-04-04 23:35:00,-0.5087925121348198,0
TX005065,21399.73,2026-05-24 11:20:00,0.4431349044222847,0
TX005066,11643.85,2026-01-12 03:13:00,-0.17122730729744873,0
TX005067,4857.15,2026-08-13 16:25:00,-0.598609770209899,0
TX005068,9894.12,2026-05-24 13:40:00,-0.28141398371335063,0
TX005069,9101.52,2026-01-07 03:44:00,-0.33132680439268053,0
TX005070,26395.34,2026-03-12 01:46:00,0.7577261056762175,0
TX005071,4291.59,2026-05-25 16:30:00,-0.6342250804084882,0
TX005072,36418.63,2026-06-05 16:43:00,1.388928069323606,0
TX005073,1824.24,2026-06-21 18:39:00,-0.7896028221485142,0
TX005074,7469.67,2026-08-08 15:57:00,-0.4340901609730041,0
TX005075,10366.25,2026-06-29 07:45:00,-0.25168229051712054,0
TX005076,12493.0,2026-03-06 06:04:00,-0.11775333343944604,0
TX005077,23549.1,2026-06-16 07:45:00,0.5784883227714283,0
TX005078,19743.48,2026-08-10 10:43:00,0.33883499368529235,0
TX005079,12251.94,2026-07-12 13:24:00,-0.1329337328249611,0
TX005080,7626.77,2026-05-02 03:56:00,-0.42419701925117376,0
TX005081,39465.49,2026-07-07 02:41:00,1.580799602019825,0
TX005082,15862.62,2026-07-24 14:49:00,0.09444353612588778,0
TX005083,16168.28,2026-05-01 00:58:00,0.11369202561471438,0
TX005084,22021.67,2026-07-10 06:29:00,0.4823006622992748,0
TX005085,8193.46,2026-08-26 17:20:00,-0.38851054896254217,0
TX005086,3809.3,2026-01-05 16:59:00,-0.6645965846797902,0
TX005087,22234.59,2026-05-03 02:23:00,0.49570898652214007,0
TX005088,4374.31,2026-03-15 09:54:00,-0.6290159099232572,0
TX005089,2613.93,2026-06-27 21:10:00,-0.7398732544444263,0
TX005090,20986.78,2026-03-31 06:30:00,0.4171299847912863,0
TX005091,4197.61,2026-06-14 08:36:00,-0.6401433328529034,0
TX005092,5055.4,2026-03-02 21:59:00,-0.5861252676869655,0
TX005093,42091.85,2026-05-09 13:56:00,1.7461907649259123,0
TX005094,5148.63,2026-05-12 22:22:00,-0.5802542453908086,0
TX005095,10828.68,2026-07-15 16:28:00,-0.22256144057169722,0
TX005096,19158.91,2026-08-28 16:00:00,0.3020225566621838,0
TX005097,5770.08,2026-05-16 07:40:00,-0.5411193445440138,0
TX005098,16220.91,2026-07-24 16:09:00,0.117006322551824,0
TX005099,3678.78,2026-04-14 16:07:00,-0.6728158899473478,0
TX005100,4792.83,2026-03-12 10:08:00,-0.6026602277245274,0
TX005101,44121.25,2026-07-19 16:42:00,1.8739892487596645,0
TX005102,7266.01,2026-06-02 00:25:00,-0.44691535029870727,0
TX005103,4270.05,2026-08-19 07:38:00,-0.6355815302664654,0
TX005104,5234.0,2026-08-21 04:15:00,-0.5748781950483983,0
TX005105,21696.66,2026-06-21 06:43:00,0.46183363498538516,0
TX005106,16553.97,2026-02-03 09:16:00,0.13798028679035249,0
TX005107,7861.68,2026-08-10 04:21:00,-0.4094039070813764,0
TX005108,1144.66,2026-01-13 16:33:00,-0.8323983743529793,0
TX005109,7498.72,2026-01-02 11:19:00,-0.43226077989713413,0
TX005110,34494.11,2026-07-25 09:30:00,1.2677342494222892,0
TX005111,21511.4,2026-07-01 02:34:00,0.4501671586302848,0
TX005112,15059.43,2026-04-19 06:56:00,0.04386382575315123,0
TX005113,32778.86,2026-06-08 15:27:00,1.159718900355647,0
TX005114,14140.65,2026-07-23 11:35:00,-0.013994995069148464,0
TX005115,5772.14,2026-05-31 20:47:00,-0.540989619070131,0
TX005116,14821.17,2026-08-28 09:49:00,0.028859752254466964,0
TX005117,32122.59,2026-05-30 03:48:00,1.1183912611590487,0
TX005118,24776.42,2026-01-09 09:12:00,0.6557769968518662,0
TX005119,5680.91,2026-06-26 06:02:00,-0.5467346943042659,0
TX005120,22476.48,2026-04-29 20:19:00,0.5109416539383943,0
TX005121,10851.02,2026-02-21 08:54:00,-0.22115461188891114,0
TX005122,8372.69,2026-03-21 08:37:00,-0.37722380299943803,0
TX005123,17075.34,2026-06-15 16:54:00,0.1708127966535649,0
TX005124,12281.29,2026-08-28 17:08:00,-0.1310854596897878,0
TX005125,3712.7,2026-01-09 17:45:00,-0.6706798277754543,0
TX005126,14234.54,2026-08-03 18:14:00,-0.00808241024252426,0
TX005127,3745.11,2026-06-11 03:26:00,-0.6686388556353873,0
TX005128,3349.0,2026-01-13 19:06:00,-0.6935833010041601,0
TX005129,2680.95,2026-05-01 20:18:00,-0.7356527683960682,0
TX005130,3867.61,2026-03-02 12:46:00,-0.660924598086538,0
TX005131,23903.64,2026-08-31 20:39:00,0.6008149584560734,0
TX005132,29775.54,2026-04-08 05:06:00,0.9705892351996478,0
TX005133,32418.16,2026-02-01 02:20:00,1.1370043477199743,0
TX005134,10135.93,2026-04-18 02:05:00,-0.2661863541795773,0
TX005135,4362.34,2026-05-01 03:07:00,-0.629769703089459,0
TX005136,14429.03,2026-08-08 17:16:00,0.004165311803807883,0
TX005137,6179.3,2026-04-12 18:02:00,-0.5153493161836865,0
TX005138,1234.05,2026-04-08 11:03:00,-0.8267691704159047,0
TX005139,16765.24,2026-01-07 18:31:00,0.1512847046870495,0
TX005140,3664.11,2026-04-15 11:15:00,-0.6737397116472794,0
TX005141,11457.64,2026-05-09 09:54:00,-0.18295360850700976,0
TX005142,5111.91,2026-05-07 12:49:00,-0.5825666334495331,0
TX005143,5793.28,2026-06-01 04:25:00,-0.5396583586245582,0
TX005144,2925.07,2026-06-19 23:35:00,-0.7202796700056594,0
TX005145,14702.27,2026-07-04 06:48:00,0.021372199417257397,0
TX005146,33346.59,2026-03-03 09:39:00,1.1954708631165298,0
TX005147,2058.34,2026-07-22 07:20:00,-0.7748607185388358,0
TX005148,1492.54,2026-05-08 16:06:00,-0.8104911423848676,0
TX005149,3391.91,2026-04-02 16:53:00,-0.6908811067884775,0
TX005150,7074.27,2026-07-29 01:16:00,-0.45898989513475913,0
TX005151,13526.38,2026-04-01 12:00:00,-0.0526777459632842,0
TX005152,15371.37,2026-04-02 21:58:00,0.06350778901672705,0
TX005153,11620.71,2026-01-30 14:22:00,-0.17268451480504368,0
TX005154,4188.06,2026-02-20 00:37:00,-0.6407447300740585,0
TX005155,8392.2,2026-08-18 04:44:00,-0.3759951894094131,0
TX005156,17346.38,2026-05-03 13:15:00,0.18788114249879026,0
TX005157,11061.22,2026-02-14 08:22:00,-0.207917575670396,0
TX005158,3120.73,2026-05-12 18:28:00,-0.7079582689280444,0
TX005159,5241.34,2026-02-22 18:23:00,-0.5744159693307774,0
TX005160,13444.94,2026-01-28 02:34:00,-0.057806310328821116,0
TX005161,11914.63,2026-07-26 10:56:00,-0.15417533457028637,0
TX005162,3677.16,2026-04-02 17:13:00,-0.6729179070675857,0
TX005163,26250.5,2026-05-04 17:08:00,0.7486050194445822,0
TX005164,20331.6,2026-08-09 13:22:00,0.37587098674349,0
TX005165,8164.8,2026-07-04 08:50:00,-0.3903153703613178,0
TX005166,11380.3,2026-03-25 21:01:00,-0.1878239813954016,0
TX005167,8192.85,2026-01-28 00:15:00,-0.38854896281645884,0
TX005168,11190.87,2026-04-19 06:59:00,-0.19975305737481794,0
TX005169,2840.7,2026-08-31 01:59:00,-0.7255927468170588,0
TX005170,450.18,2026-08-29 18:47:00,-0.8761322321695084,0
TX005171,5916.07,2026-02-25 03:39:00,-0.5319258387517158,0
TX005172,5973.63,2026-04-23 22:30:00,-0.5283010823067219,0
TX005173,6719.82,2026-06-19 19:54:00,-0.48131086320161315,0
TX005174,4145.2,2026-08-22 05:57:00,-0.6434437756131907,0
TX005175,26358.13,2026-03-21 07:22:00,0.7553828605872978,0
TX005176,12689.66,2026-01-01 23:09:00,-0.10536895883081998,0
TX005177,13700.51,2026-04-14 04:06:00,-0.04171216500833623,0
TX005178,4403.81,2026-07-18 07:27:00,-0.6271581907584323,0
TX005179,3960.07,2026-02-11 18:26:00,-0.6551020654092596,0
TX005180,5876.71,2026-02-13 15:42:00,-0.5344044769323093,0
TX005181,12331.64,2026-07-07 12:04:00,-0.12791474240338332,0
TX005182,9743.42,2026-02-27 22:33:00,-0.29090409483671054,0
TX005183,1340.91,2026-04-04 15:29:00,-0.8200398188920677,0
TX005184,5906.13,2026-04-30 23:47:00,-0.5325517956499654,0
TX005185,554.15,2026-03-02 23:00:00,-0.8695848741502933,0
TX005186,1534.23,2026-01-31 19:10:00,-0.8078657758770185,0
TX005187,1530.66,2026-06-19 22:52:00,-0.8080905913827278,0
TX005188,5772.28,2026-07-03 16:57:00,-0.5409808027757895,0
TX005189,6080.34,2026-06-23 09:57:00,-0.5215811768125365,0
TX005190,9006.0,2026-02-25 17:01:00,-0.33734203607485264,0
TX005191,22916.6,2026-06-01 03:21:00,0.5386575644069618,0
TX005192,3096.42,2026-08-30 00:01:00,-0.709489155466922,0
TX005193,12117.22,2026-07-15 09:27:00,-0.141417526922765,0
TX005194,4746.18,2026-03-17 15:42:00,-0.6055979429461913,0
TX005195,21418.97,2026-07-06 20:28:00,0.4443465151589367,0
TX005196,4902.41,2026-07-06 15:26:00,-0.5957595881963406,0
TX005197,5115.93,2026-04-13 13:27:00,-0.5823134798548687,0
TX005198,15752.26,2026-05-24 08:03:00,0.0874937772435122,0
TX005199,1924.44,2026-07-05 07:39:00,-0.7832928743412105,0
TX005200,4433.94,2026-01-18 12:53:00,-0.6252607982690703,0
TX005201,18358.89,2026-04-28 14:17:00,0.25164247238275217,0
TX005202,12638.47,2026-07-29 12:22:00,-0.10859257388327383,0
TX005203,19341.78,2026-07-29 07:36:00,0.3135385262781679,0
TX005204,14239.52,2026-06-27 10:57:00,-0.007768802058089437,0
TX005205,14975.12,2026-04-13 20:13:00,0.03855452735361265,0
TX005206,11163.03,2026-03-14 01:33:00,-0.2015062404781646,0
TX005207,3837.65,2026-03-18 20:26:00,-0.662811285075628,0
TX005208,34178.04,2026-01-04 19:01:00,1.2478302054756378,0
TX005209,43553.92,2026-03-20 01:08:00,1.8382624754111858,0
TX005210,7073.88,2026-03-23 08:53:00,-0.45901445481185343,0
TX005211,9819.58,2026-04-22 03:10:00,-0.2861080307149117,0
TX005212,3475.36,2026-04-09 21:16:00,-0.6856259656256083,0
TX005213,30565.22,2026-07-22 22:59:00,1.0203181731684257,0
TX005214,20440.35,2026-03-01 11:35:00,0.3827193582409378,0
TX005215,12153.35,2026-08-10 10:30:00,-0.13914229324733698,0
TX005216,9634.6,2026-01-07 12:28:00,-0.2977568744813291,0
TX005217,35280.58,2026-03-15 22:03:00,1.3172610423565216,0
TX005218,9841.42,2026-08-08 06:19:00,-0.28473268879763114,0
TX005219,1725.44,2026-07-31 21:45:00,-0.7958246070124023,0
TX005220,47644.84,2026-07-06 16:27:00,2.095882152894764,0
TX005221,8468.08,2026-02-04 05:07:00,-0.37121675787629743,0
TX005222,15385.12,2026-03-20 06:09:00,0.06437367506812848,0
TX005223,17216.26,2026-01-23 20:33:00,0.17968702664363692,0
TX005224,3637.36,2026-05-17 01:32:00,-0.675424253601824,0
TX005225,6460.42,2026-01-18 01:02:00,-0.4976461971458702,0
TX005226,36055.52,2026-08-25 12:36:00,1.3660617504781967,0
TX005227,4704.89,2026-03-26 10:12:00,-0.608198120041636,0
TX005228,11800.6,2026-03-22 05:22:00,-0.16135620631147227,0
TX005229,10931.12,2026-08-21 19:30:00,-0.21611043205492889,0
TX005230,8490.81,2026-01-17 03:53:00,-0.3697853695164171,0
TX005231,20358.49,2026-01-03 03:10:00,0.37756434499237634,0
TX005232,5562.63,2026-08-30 12:15:00,-0.5541832035522487,0
TX005233,3019.64,2026-04-22 04:42:00,-0.7143242631779478,0
TX005234,10061.03,2026-06-11 09:17:00,-0.27090307165230226,0
TX005235,37167.86,2026-07-26 18:19:00,1.4361097279629884,0
TX005236,5165.73,2026-08-25 02:20:00,-0.5791773980105203,0
TX005237,1953.97,2026-08-03 06:26:00,-0.7814332659704554,0
TX005238,8015.54,2026-03-05 04:05:00,-0.3997147996000218,0
TX005239,5370.48,2026-05-09 16:38:00,-0.5662835675360152,0
TX005240,11852.69,2026-06-25 22:05:00,-0.15807591508110852,0
TX005241,4347.62,2026-03-05 02:01:00,-0.630696673465941,0
TX005242,4837.16,2026-08-23 04:53:00,-0.5998686110948092,0
TX005243,20257.68,2026-03-20 06:27:00,0.3712159833311559,0
TX005244,6407.23,2026-04-22 01:28:00,-0.5009957592603461,0
TX005245,6230.59,2026-04-08 18:51:00,-0.5121194037781316,0
TX005246,8669.34,2026-04-17 12:06:00,-0.35854270502502067,0
TX005247,9312.34,2026-06-13 21:33:00,-0.31805072458493855,0
TX005248,19275.18,2026-01-09 10:01:00,0.30934448911283446,0
TX005249,5535.02,2026-08-08 11:16:00,-0.5559219027434628,0
TX005250,5471.57,2026-07-09 10:05:00,-0.5599175732861117,0
TX005251,3137.81,2026-07-27 20:41:00,-0.7068826810183763,0
TX005252,7380.88,2026-08-30 05:22:00,-0.43968158079147207,0
TX005253,2789.42,2026-07-05 03:07:00,-0.7288220294873035,0
TX005254,40316.29,2026-02-04 10:54:00,1.634377482203996,0
TX005255,1485.24,2026-08-22 05:14:00,-0.810950849161248,0
TX005256,2074.53,2026-02-18 20:09:00,-0.7738411770717674,0
TX005257,22535.68,2026-04-08 12:08:00,0.5146696869742463,0
TX005258,4449.48,2026-06-26 17:49:00,-0.6242821895971592,0
TX005259,1487.86,2026-05-07 07:53:00,-0.8107858585099991,0
TX005260,1964.81,2026-01-02 14:11:00,-0.7807506328942959,0
TX005261,31439.38,2026-04-07 16:53:00,1.0753671150370139,0
TX005262,27702.35,2026-07-22 15:46:00,0.8400331404429231,0
TX005263,10709.15,2026-01-17 03:46:00,-0.23008866673344378,0
TX005264,23611.59,2026-06-03 01:29:00,0.5824235387243066,0
TX005265,15721.45,2026-05-01 15:30:00,0.08555356275306289,0
TX005266,3013.44,2026-05-26 14:53:00,-0.714714699070216,0
TX005267,8097.97,2026-08-07 07:29:00,-0.39452389143878386,0
TX005268,4984.37,2026-08-30 11:51:00,-0.5905982775946778,0
TX005269,36252.25,2026-03-07 18:26:00,1.3784505332339936,0
TX005270,17140.62,2026-05-01 19:40:00,0.17492370875796384,0
TX005271,1027.1,2026-02-12 11:44:00,-0.839801542658634,0
TX005272,6638.31,2026-08-25 10:46:00,-0.48644383571432087,0
TX005273,9746.73,2026-07-01 19:04:00,-0.2906956524490641,0
TX005274,8833.09,2026-03-05 07:03:00,-0.3482307893219671,0
TX005275,40707.28,2026-08-11 21:36:00,1.6589995030939924,0
TX005276,10104.38,2026-04-18 06:16:00,-0.2681731690829749,0
TX005277,44397.0,2026-08-15 13:17:00,1.8913541999359518,0
TX005278,13610.56,2026-02-28 02:55:00,-0.047376634122777005,0
TX005279,8641.78,2026-07-30 16:12:00,-0.3602782555396842,0
TX005280,7478.09,2026-04-16 22:33:00,-0.4335599238418914,0
TX005281,5893.28,2026-05-31 04:06:00,-0.5333610055234568,0
TX005282,6873.76,2026-02-05 09:37:00,-0.4716167178377776,0
TX005283,4798.64,2026-08-04 06:28:00,-0.6022943515093534,0
TX005284,4647.6,2026-01-24 19:53:00,-0.611805873633257,0
TX005285,7553.74,2026-02-28 09:44:00,-0.42879597622090815,0
TX005286,4948.07,2026-03-16 15:39:00,-0.5928842167703776,0
TX005287,6200.64,2026-01-07 13:23:00,-0.5140054610319115,0
TX005288,45551.36,2026-04-13 03:32:00,1.964048325193826,0
TX005289,12197.49,2026-07-30 15:53:00,-0.13636264158851086,0
TX005290,32777.1,2026-07-29 02:30:00,1.1596080669410676,0
TX005291,1576.46,2026-01-07 05:55:00,-0.8052064036624232,0
TX005292,3344.01,2026-07-05 18:26:00,-0.693897538923905,0
TX005293,12139.49,2026-06-17 16:46:00,-0.14001510638714967,0
TX005294,10857.29,2026-06-03 03:02:00,-0.22075976784947207,0
TX005295,39365.03,2026-02-23 06:15:00,1.5744732810944584,0
TX005296,3172.92,2026-06-11 14:25:00,-0.7046716803445795,0
TX005297,9463.27,2026-06-22 05:54:00,-0.30854612954944616,0
TX005298,24801.6,2026-04-07 10:17:00,0.6573626703627236,0
TX005299,2840.03,2026-07-06 12:33:00,-0.7256349390828359,0
TX005300,6349.51,2026-07-30 13:36:00,-0.5046305914703018,0
TX005301,9783.66,2026-01-30 06:28:00,-0.2883700399488273,0
TX005302,11485.59,2026-07-22 05:58:00,-0.18119349831525186,0
TX005303,8573.4,2026-02-08 02:29:00,-0.36458438559021744,0
TX005304,7549.63,2026-04-09 18:49:00,-0.42905479743336344,0
TX005305,10450.06,2026-02-03 02:54:00,-0.24640447888308747,0
TX005306,19823.51,2026-05-01 07:58:00,0.34387476537210376,0
TX005307,5089.82,2026-04-17 13:21:00,-0.5839577187495664,0
TX005308,7383.28,2026-05-12 21:43:00,-0.4395304443170457,0
TX005309,2698.04,2026-01-18 10:38:00,-0.73457655075109,0
TX005310,15059.11,2026-05-15 11:43:00,0.04384367422322772,0
TX005311,8392.56,2026-05-25 17:09:00,-0.37597251893824923,0
TX005312,8446.17,2026-05-28 23:23:00,-0.3725965079407487,0
TX005313,15334.25,2026-02-26 17:19:00,0.06117021154559814,0
TX005314,11152.51,2026-05-30 02:42:00,-0.20216872202440048,0
TX005315,4599.15,2026-03-06 17:52:00,-0.6148569412107407,0
TX005316,12114.95,2026-08-30 04:26:00,-0.14156047683815992,0
TX005317,20628.97,2026-05-18 16:10:00,0.3945974256602355,0
TX005318,13324.19,2026-04-15 23:58:00,-0.06541036419840109,0
TX005319,9326.93,2026-02-25 21:45:00,-0.31713194076748785,0
TX005320,4829.04,2026-08-12 14:54:00,-0.6003799561666187,0
TX005321,9615.06,2026-04-20 14:28:00,-0.29898737727728436,0
TX005322,4341.25,2026-05-04 16:49:00,-0.6310978148584813,0
TX005323,1320.79,2026-05-29 19:10:00,-0.8213068463360094,0
TX005324,4706.65,2026-04-29 09:14:00,-0.6080872866270567,0
TX005325,6277.01,2026-08-22 20:17:00,-0.5091961724686004,0
TX005326,8231.68,2026-07-06 02:40:00,-0.38610370060730115,0
TX005327,17217.01,2026-05-13 15:18:00,0.1797342567918952,0
TX005328,2191.54,2026-03-25 22:02:00,-0.7664726442081687,0
TX005329,9827.02,2026-07-03 00:06:00,-0.2856395076441897,0
TX005330,5772.5,2026-01-23 10:28:00,-0.5409669485989671,0
TX005331,5756.56,2026-06-02 11:21:00,-0.5419707466832827,0
TX005332,5478.83,2026-05-26 15:18:00,-0.5594603854509717,0
TX005333,8093.54,2026-05-25 12:37:00,-0.39480286418116267,0
TX005334,7856.5,2026-08-04 17:42:00,-0.4097301099720135,0
TX005335,2326.22,2026-08-01 07:02:00,-0.7579913690516052,0
TX005336,60990.25,2026-08-01 13:28:00,2.9362897433844637,0
TX005337,23470.52,2026-08-18 11:45:00,0.5735398627045829,0
TX005338,6758.91,2026-08-12 18:44:00,-0.4788492278743926,0
TX005339,14662.18,2026-06-03 10:15:00,0.018847590559025827,0
TX005340,1115.19,2026-06-16 00:20:00,-0.8342542043118738,0
TX005341,6541.6,2026-07-06 16:57:00,-0.4925340058983961,0
TX005342,24892.29,2026-07-11 15:25:00,0.6630737398901126,0
TX005343,4108.79,2026-01-04 09:49:00,-0.6457366418773017,0
TX005344,9224.39,2026-05-15 21:28:00,-0.3235892466373573,0
TX005345,4547.56,2026-08-11 14:33:00,-0.618105745675599,0
TX005346,14547.75,2026-06-13 04:50:00,0.01164152940543545,0
TX005347,9158.19,2026-07-24 20:17:00,-0.32775809439028636,0
TX005348,9135.75,2026-06-09 12:17:00,-0.3291712204261735,0
TX005349,10276.17,2026-07-30 09:01:00,-0.2573549461905927,0
TX005350,5133.54,2026-08-04 03:55:00,-0.5812045159737649,0
TX005351,3509.77,2026-04-29 13:36:00,-0.6834590464235193,0
TX005352,5222.08,2026-02-25 01:24:00,-0.5756288395380496,0
TX005353,4648.02,2026-02-02 20:20:00,-0.6117794247502324,0
TX005354,3898.02,2026-07-25 15:19:00,-0.659009573008493,0
TX005355,7565.03,2026-02-07 16:05:00,-0.42808500505579383,0
TX005356,7528.03,2026-08-06 14:10:00,-0.43041502570320134,0
TX005357,13924.56,2026-04-13 01:16:00,-0.027602945385318538,0
TX005358,5590.96,2026-05-16 18:30:00,-0.5523991634187067,0
TX005359,20699.16,2026-03-31 08:51:00,0.39901753780189847,0
TX005360,7012.43,2026-05-09 17:56:00,-0.46288417829248024,0
TX005361,10432.87,2026-07-14 00:55:00,-0.2474869938811667,0
TX005362,19790.5,2026-04-18 04:27:00,0.3417960091134303,0
TX005363,12292.15,2026-07-08 08:38:00,-0.13040156714300827,0
TX005364,9678.33,2026-06-24 06:49:00,-0.29500304197021743,0
TX005365,6231.36,2026-07-06 05:00:00,-0.5120709141592532,0
TX005366,3502.52,2026-03-30 15:31:00,-0.6839156045233492,0
TX005367,51763.8,2026-03-11 10:52:00,2.3552676081878916,0
TX005368,4181.49,2026-07-24 21:56:00,-0.6411584661728009,0
TX005369,9563.77,2026-06-16 12:19:00,-0.30221728968283923,0
TX005370,14777.3,2026-02-15 04:24:00,0.026097103449013722,0
TX005371,10983.53,2026-06-28 22:49:00,-0.21280998929464165,0
TX005372,11625.57,2026-01-02 04:36:00,-0.1723784634443301,0
TX005373,11329.3,2026-02-25 12:16:00,-0.19103563147696334,0
TX005374,12264.25,2026-03-22 11:19:00,-0.13215852865821553,0
TX005375,27718.06,2026-06-14 07:40:00,0.8410224546151063,0
TX005376,16782.84,2026-02-26 09:37:00,0.15239303883284325,0
TX005377,2716.21,2026-02-03 11:08:00,-0.7334323216926197,0
TX005378,1224.72,2026-01-31 16:34:00,-0.8273567134602374,0
TX005379,4547.51,2026-02-01 00:24:00,-0.6181088943521494,0
TX005380,4121.2,2026-01-30 10:34:00,-0.644955140357455,0
TX005381,7596.67,2026-03-14 23:31:00,-0.42609252253460533,0
TX005382,5632.53,2026-07-18 18:29:00,-0.5497813537345788,0
TX005383,8559.27,2026-06-09 15:26:00,-0.365474201583403,0
TX005384,19226.75,2026-08-24 07:03:00,0.306294681005971,0
TX005385,12223.39,2026-05-13 12:26:00,-0.1347316271353256,0
TX005386,16451.48,2026-07-04 00:38:00,0.13152612959703353,0
TX005387,2487.97,2026-05-29 15:05:00,-0.7478054004105738,0
TX005388,5466.4,2026-06-19 23:22:00,-0.5602431464414386,0
TX005389,9554.73,2026-03-06 03:15:00,-0.30278657040317886,0
TX005390,3679.39,2026-05-28 07:41:00,-0.6727774760934312,0
TX005391,17781.39,2026-03-27 00:35:00,0.21527525822389146,0
TX005392,1763.37,2026-01-15 02:04:00,-0.7934360209811545,0
TX005393,7697.58,2026-03-29 20:22:00,-0.41973786352028386,0
TX005394,4132.13,2026-08-09 07:04:00,-0.6442668396635046,0
TX005395,3560.95,2026-08-19 14:45:00,-0.6802360611063757,0
TX005396,9892.49,2026-05-07 15:02:00,-0.28151663056889864,0
TX005397,11813.06,2026-04-11 07:33:00,-0.16057155611507506,0
TX005398,2778.36,2026-03-18 06:17:00,-0.7295185167402852,0
TX005399,4785.34,2026-03-08 10:24:00,-0.6031318994717999,0
TX005400,8313.3,2026-06-07 01:51:00,-0.38096380100618227,0
TX005401,29684.85,2026-01-15 03:58:00,0.9648781656722588,0
TX005402,4471.33,2026-02-18 03:03:00,-0.6229062179445686,0
TX005403,26211.29,2026-01-09 14:38:00,0.7461358272936404,0
TX005404,14992.04,2026-08-01 00:42:00,0.039620039498319014,0
TX005405,6493.94,2026-03-30 23:40:00,-0.49553532438638104,0
TX005406,14650.7,2026-03-15 23:17:00,0.01812465442301941,0
TX005407,10066.24,2026-04-24 03:14:00,-0.27057497955573495,0
TX005408,4121.3,2026-03-22 21:46:00,-0.6449488430043537,0
TX005409,56705.29,2026-04-25 08:18:00,2.666450681943508,0
TX005410,18418.49,2026-02-02 15:06:00,0.25539569483100877,0
TX005411,70960.36,2026-06-05 15:25:00,3.564142774652687,1
TX005412,16545.12,2026-08-01 20:48:00,0.13742297104090487,0
TX005413,13786.21,2026-03-08 20:30:00,-0.03631533340069238,0
TX005414,8251.63,2026-08-26 10:43:00,-0.3848473786636315,0
TX005415,38587.34,2026-05-16 17:43:00,1.5254993957625027,0
TX005416,1362.3,2026-08-13 03:52:00,-0.8186928150637421,0
TX005417,27162.7,2026-05-01 08:45:00,0.8060494744328294,0
TX005418,4963.69,2026-05-13 08:19:00,-0.5919005702159855,0
TX005419,19293.92,2026-03-27 15:28:00,0.3105246130839807,0
TX005420,32381.92,2026-05-02 08:21:00,1.1347221869561348,0
TX005421,8102.16,2026-01-24 17:52:00,-0.39426003234384777,0
TX005422,2625.34,2026-06-11 22:24:00,-0.7391547264555907,0
TX005423,4032.63,2026-02-07 06:26:00,-0.6505327059991005,0
TX005424,2127.59,2026-06-19 05:05:00,-0.770499801516323,0
TX005425,18126.99,2026-01-09 16:38:00,0.2370389105412981,0
TX005426,7530.41,2026-07-10 22:46:00,-0.43026514869939514,0
TX005427,6815.92,2026-06-02 22:37:00,-0.4752591068714547,0
TX005428,2246.97,2026-08-11 18:30:00,-0.7629820213842282,0
TX005429,12362.94,2026-06-25 10:56:00,-0.1259436708827385,0
TX005430,7067.88,2026-01-20 22:29:00,-0.45939229599791953,0
TX005431,5265.25,2026-04-09 07:19:00,-0.5729102722043041,0
TX005432,8859.82,2026-01-01 13:02:00,-0.3465475068380427,0
TX005433,14801.24,2026-04-03 23:57:00,0.027604689781417432,0
TX005434,26909.41,2026-05-26 06:10:00,0.7900989087630496,0
TX005435,26266.04,2026-05-09 08:51:00,0.7495836281164934,0
TX005436,3948.31,2026-06-17 01:41:00,-0.6558426341339492,0
TX005437,4147.46,2026-01-05 23:36:00,-0.6433014554331057,0
TX005438,3862.48,2026-03-20 20:42:00,-0.6612476523006245,0
TX005439,10037.15,2026-01-27 20:38:00,-0.2724068795728453,0
TX005440,8642.66,2026-07-20 11:38:00,-0.36022283883239453,0
TX005441,8971.28,2026-06-20 08:14:00,-0.33952847707155503,0
TX005442,4548.78,2026-01-05 23:39:00,-0.6180289179677654,0
TX005443,11042.48,2026-01-17 14:38:00,-0.20909769964154243,0
TX005444,2258.56,2026-04-21 22:38:00,-0.7622521581598105,0
TX005445,3506.85,2026-07-03 20:57:00,-0.6836429291340715,0
TX005446,10330.78,2026-05-02 19:29:00,-0.2539159616620812,0
TX005447,12784.49,2026-06-15 16:46:00,-0.09939717888504551,0
TX005448,3497.69,2026-05-01 07:29:00,-0.6842197666781323,0
TX005449,3290.53,2026-02-10 02:04:00,-0.6972653633623741,0
TX005450,2268.69,2026-08-25 14:17:00,-0.7616142362906688,0
TX005451,8350.88,2026-07-07 07:02:00,-0.37859725571078834,0
TX005452,5139.0,2026-07-31 10:00:00,-0.5808606804944446,0
TX005453,3504.28,2026-02-07 23:33:00,-0.6838047711087698,0
TX005454,3928.33,2026-01-31 01:56:00,-0.6571008452835493,0
TX005455,4597.43,2026-02-10 02:13:00,-0.6149652556840796,0
TX005456,9673.99,2026-03-26 10:58:00,-0.29527634709480527,0
TX005457,7168.03,2026-06-09 05:49:00,-0.4530854968671665,0
TX005458,10786.6,2026-03-03 04:13:00,-0.2252113667566407,0
TX005459,15981.02,2026-01-06 01:39:00,0.10189960219759184,0
TX005460,2426.67,2026-04-27 18:47:00,-0.7516656778615489,0
TX005461,6002.53,2026-08-16 19:57:00,-0.5264811472605035,0
TX005462,16800.79,2026-08-15 02:58:00,0.153523413714491,0
TX005463,20987.89,2026-07-08 16:32:00,0.41719988541070857,0
TX005464,7645.28,2026-06-16 08:15:00,-0.42303137919215994,0
TX005465,3738.94,2026-05-25 11:03:00,-0.6690274023217252,0
TX005466,19166.8,2026-02-14 02:57:00,0.30251941782186065,0
TX005467,7236.31,2026-05-08 02:08:00,-0.44878566416973437,0
TX005468,2824.56,2026-08-14 09:41:00,-0.7266091396075764,0
TX005469,13569.15,2026-03-03 22:15:00,-0.049984368041943096,0
TX005470,6017.75,2026-05-12 13:38:00,-0.5255226901185159,0
TX005471,20102.91,2026-01-31 16:24:00,0.36146956993658125,0
TX005472,11410.05,2026-05-24 22:12:00,-0.18595051884782393,0
TX005473,7491.96,2026-08-01 10:45:00,-0.4326864809667686,0
TX005474,3152.34,2026-08-27 20:21:00,-0.7059676756127862,0
TX005475,9203.52,2026-07-08 19:50:00,-0.3249035042295571,0
TX005476,3283.99,2026-04-27 20:29:00,-0.6976772102551861,0
TX005477,4565.91,2026-04-18 20:49:00,-0.6169501813815468,0
TX005478,4600.42,2026-06-16 10:28:00,-0.6147769648263567,0
TX005479,5817.03,2026-06-06 11:47:00,-0.5381627372630466,0
TX005480,6261.26,2026-06-16 08:58:00,-0.5101880055820238,0
TX005481,1536.6,2026-05-21 08:54:00,-0.8077165286085223,0
TX005482,16760.04,2026-08-05 22:20:00,0.15095724232579216,0
TX005483,11473.4,2026-04-26 06:22:00,-0.18196114565827615,0
TX005484,2994.9,2026-05-29 20:41:00,-0.7158822283351602,0
TX005485,30075.71,2026-03-14 04:59:00,0.9894920000032239,0
TX005486,24759.58,2026-07-23 21:58:00,0.654716522589641,0
TX005487,7364.25,2026-01-06 08:50:00,-0.44072883061218526,0
TX005488,1992.14,2026-08-25 16:10:00,-0.7790295662917649,0
TX005489,2810.36,2026-05-26 09:52:00,-0.7275033637479328,0
TX005490,10736.17,2026-05-01 01:55:00,-0.22838712192552615,0
TX005491,17420.2,2026-02-26 09:21:00,0.19252984855802333,0
TX005492,18989.71,2026-08-13 22:44:00,0.29136743521512015,0
TX005493,9795.48,2026-02-28 17:51:00,-0.2876256928122772,0
TX005494,4565.24,2026-07-25 22:46:00,-0.6169923736473242,0
TX005495,2557.4,2026-05-22 16:16:00,-0.743433148152479,0
TX005496,2319.67,2026-03-12 06:05:00,-0.7584038456797274,0
TX005497,2970.24,2026-02-01 01:31:00,-0.7174351556098919,0
TX005498,2284.02,2026-02-21 06:34:00,-0.76064885206027,0
TX005499,5922.6,2026-06-28 09:46:00,-0.5315146215942139,0
TX005500,6013.3,2026-04-21 05:15:00,-0.5258029223315148,0
TX005501,27006.57,2026-03-19 14:22:00,0.7962174170360797,0
TX005502,10516.67,2026-03-18 09:13:00,-0.24220981198244376,0
TX005503,5642.91,2026-03-25 17:41:00,-0.5491276884826845,0
TX005504,20335.68,2026-04-26 16:48:00,0.37612791875001506,0
TX005505,3868.5,2026-01-13 03:15:00,-0.6608685516439382,0
TX005506,7749.0,2026-03-26 13:59:00,-0.41649976455569754,0
TX005507,28551.09,2026-07-12 01:13:00,0.8934812951532114,0
TX005508,17511.18,2026-02-17 12:51:00,0.19825918040940535,0
TX005509,3795.53,2026-07-04 05:55:00,-0.6654637302018119,0
TX005510,12178.84,2026-01-22 22:48:00,-0.13753709794186625,0
TX005511,6362.96,2026-04-08 07:37:00,-0.5037835974782037,0
TX005512,3005.05,2026-07-14 11:28:00,-0.7152430469953984,0
TX005513,11926.26,2026-03-26 21:16:00,-0.1534429524046282,0
TX005514,9365.48,2026-03-12 12:52:00,-0.31470431114701325,0
TX005515,5237.11,2026-08-12 02:54:00,-0.5746823473669541,0
TX005516,7686.48,2026-02-05 22:15:00,-0.42043686971450617,0
TX005517,15670.63,2026-08-15 14:03:00,0.08235324790708305,0
TX005518,5143.23,2026-01-20 03:08:00,-0.580594302458268,0
TX005519,6545.71,2026-03-14 20:12:00,-0.49227518468594084,0
TX005520,25095.14,2026-03-05 22:34:00,0.6758479206556968,0
TX005521,30216.89,2026-06-26 19:55:00,0.9983826031113588,0
TX005522,10765.4,2026-03-02 06:18:00,-0.22654640561407424,0
TX005523,11773.25,2026-02-25 15:16:00,-0.16307853238462353,0
TX005524,14246.1,2026-07-31 07:17:00,-0.007354436224036968,0
TX005525,2684.7,2026-01-08 17:30:00,-0.735416617654777,0
TX005526,5747.18,2026-06-26 08:00:00,-0.542561438404166,0
TX005527,14680.73,2026-08-04 03:53:00,0.020015749559280094,0
TX005528,5907.84,2026-01-09 21:17:00,-0.5324441109119364,0
TX005529,13865.13,2026-01-23 00:55:00,-0.03134546233330313,0
TX005530,5711.64,2026-07-13 02:50:00,-0.5447995176962974,0
TX005531,18452.07,2026-07-03 16:47:00,0.2575103460023585,0
TX005532,7721.87,2026-06-21 19:47:00,-0.41820823645202637,0
TX005533,2845.83,2026-05-01 07:50:00,-0.7252696926029721,0
TX005534,7513.32,2026-06-07 02:03:00,-0.43134136634437337,0
TX005535,11863.1,2026-08-09 05:48:00,-0.15742036062328388,0
TX005536,23531.01,2026-08-25 13:25:00,0.577349131595439,0
TX005537,30967.0,2026-01-03 19:45:00,1.0456196784580307,0
TX005538,2892.83,2026-06-06 02:11:00,-0.7223099366454545,0
TX005539,7617.21,2026-01-15 22:47:00,-0.4247990462076391,0
TX005540,6706.51,2026-05-05 02:37:00,-0.4821490408993697,0
TX005541,3626.88,2026-07-08 21:35:00,-0.6760842162068196,0
TX005542,7797.4,2026-01-03 01:16:00,-0.41345184565476445,0
TX005543,6731.94,2026-01-26 00:30:00,-0.4805476240057597,0
TX005544,12591.27,2026-05-08 13:03:00,-0.11156492454699364,0
TX005545,15627.54,2026-07-20 06:33:00,0.07963971845581856,0
TX005546,1852.68,2026-06-08 02:20:00,-0.7878118549265609,0
TX005547,26246.03,2026-03-29 14:44:00,0.7483235277609629,0
TX005548,3819.73,2026-01-23 00:36:00,-0.6639397707513455,0
TX005549,6287.83,2026-08-30 01:03:00,-0.5085147988630612,0
TX005550,15010.33,2026-05-06 20:30:00,0.040771825380510406,0
TX005551,18078.16,2026-07-21 23:03:00,0.23396391302203018,0
TX005552,14887.39,2026-05-14 16:14:00,0.03302985947801629,0
TX005553,3498.81,2026-07-11 03:37:00,-0.6841492363234001,0
TX005554,3250.02,2026-04-03 12:50:00,-0.6998164211036303,0
TX005555,9419.08,2026-08-04 11:42:00,-0.3113289298848229,0
TX005556,14416.67,2026-05-19 15:40:00,0.0033869589605117108,0
TX005557,2253.76,2026-03-09 21:27:00,-0.7625544311086633,0
TX005558,12735.99,2026-08-14 03:07:00,-0.10245139513907969,0
TX005559,5791.51,2026-02-16 06:48:00,-0.5397698217744478,0
TX005560,9389.45,2026-07-19 12:28:00,-0.31319483560867917,0
TX005561,6751.05,2026-05-09 10:09:00,-0.47934419982813914,0
TX005562,4017.16,2026-01-10 13:17:00,-0.6515069065238409,0
TX005563,11421.1,2026-02-24 15:42:00,-0.18525466133015217,0
TX005564,7347.19,2026-05-12 23:11:00,-0.4418031590512332,0
TX005565,87127.59,2026-04-30 12:21:00,4.582250334419887,1
TX005566,9112.77,2026-08-21 00:09:00,-0.33061835216880664,0
TX005567,1654.42,2026-02-04 23:22:00,-0.8002969871848046,0
TX005568,7072.53,2026-08-19 12:21:00,-0.45909946907871835,0
TX005569,26657.99,2026-07-18 17:21:00,0.7742661035962605,0
TX005570,3625.91,2026-07-18 03:57:00,-0.6761453005319001,0
TX005571,5804.14,2026-07-15 10:27:00,-0.5389744660777785,0
TX005572,10999.93,2026-04-15 17:56:00,-0.21177722338606103,0
TX005573,4985.13,2026-04-19 13:50:00,-0.5905504177111095,0
TX005574,6302.28,2026-04-02 08:50:00,-0.507604831339952,0
TX005575,1668.1,2026-05-07 06:15:00,-0.7994355092805739,0
TX005576,6103.98,2026-02-14 17:40:00,-0.5200924825394362,0
TX005577,7695.51,2026-05-10 06:53:00,-0.41986821872947666,0
TX005578,5875.35,2026-05-08 10:56:00,-0.5344901209344843,0
TX005579,6028.51,2026-08-14 09:14:00,-0.5248450949248373,0
TX005580,3290.03,2026-07-21 02:39:00,-0.6972968501278796,0
TX005581,14950.73,2026-02-19 03:29:00,0.03701860293225394,0
TX005582,11185.46,2026-07-19 03:19:00,-0.20009374417758763,0
TX005583,5933.98,2026-05-14 06:27:00,-0.5307979828113086,0
TX005584,7603.48,2026-08-13 14:34:00,-0.4256636727884203,0
TX005585,16828.92,2026-02-07 17:44:00,0.15529485914183067,0
TX005586,17842.58,2026-02-02 08:24:00,0.21912860858645555,0
TX005587,7174.84,2026-06-12 13:09:00,-0.45265664712098147,0
TX005588,4240.36,2026-06-01 06:01:00,-0.6374512144021826,0
TX005589,3920.37,2026-08-13 11:49:00,-0.6576021145903969,0
TX005590,7839.52,2026-04-11 22:06:00,-0.4107994005285805,0
TX005591,1808.67,2026-04-19 04:37:00,-0.7905833200263557,0
TX005592,19491.34,2026-04-01 07:40:00,0.32295684757617527,0
TX005593,3427.45,2026-06-27 13:50:00,-0.6886430274963461,0
TX005594,6128.31,2026-04-22 23:49:00,-0.5185603365299382,0
TX005595,30182.92,2026-01-09 12:28:00,0.9962433922629147,0
TX005596,9343.45,2026-02-18 00:04:00,-0.3160916180351858,0
TX005597,18736.72,2026-04-22 14:35:00,0.2754357616046438,0
TX005598,7422.11,2026-01-01 08:21:00,-0.437085182107888,0
TX005599,6294.77,2026-08-03 07:06:00,-0.5080777625578448,0
TX005600,128563.73,2026-06-18 18:01:00,7.191630381686614,1
TX005601,10576.96,2026-05-12 22:59:00,-0.23841313779778978,0
TX005602,20021.47,2026-08-22 14:48:00,0.3563410055710443,0
TX005603,8064.64,2026-06-05 04:15:00,-0.396622799227381,0
TX005604,3330.5,2026-07-16 15:54:00,-0.6947483113278639,0
TX005605,12098.7,2026-07-16 15:38:00,-0.1425837967170889,0
TX005606,20281.39,2026-05-22 02:43:00,0.372709085751427,0
TX005607,5213.88,2026-02-02 21:31:00,-0.57614522249234,0
TX005608,16207.94,2026-03-23 12:15:00,0.11618955585461119,0
TX005609,62576.64,2026-03-08 19:59:00,3.0361903232450262,1
TX005610,7400.88,2026-08-07 01:23:00,-0.43842211017125177,0
TX005611,19443.29,2026-05-29 00:11:00,0.3199309694110961,0
TX005612,6568.02,2026-05-26 22:03:00,-0.49087024520908507,0
TX005613,17953.06,2026-03-17 15:48:00,0.2260859242925524,0
TX005614,13226.2,2026-02-11 13:34:00,-0.07158114050217035,0
TX005615,14672.08,2026-04-01 23:11:00,0.019471028516034845,0
TX005616,5558.36,2026-06-26 22:59:00,-0.5544521005296658,0
TX005617,24783.1,2026-02-02 14:41:00,0.6561976600390198,0
TX005618,12745.07,2026-05-31 23:38:00,-0.1018795954774997,0
TX005619,3258.67,2026-02-27 15:13:00,-0.6992717000603851,0
TX005620,63992.87,2026-07-11 01:22:00,3.125375327068755,1
TX005621,6740.23,2026-04-17 22:42:00,-0.48002557343367835,0
TX005622,5435.56,2026-04-28 05:54:00,-0.5621852501378183,0
TX005623,20562.39,2026-02-07 12:26:00,0.39040464796552204,0
TX005624,12654.76,2026-07-04 16:09:00,-0.10756673506310435,0
TX005625,7645.24,2026-04-25 23:04:00,-0.42303389813340037,0
TX005626,1736.7,2026-01-13 15:45:00,-0.7951155250532184,0
TX005627,6467.48,2026-05-05 04:35:00,-0.49720160401693253,0
TX005628,33234.35,2026-05-17 16:12:00,1.1884027139958537,0
TX005629,30926.0,2026-03-16 22:36:00,1.043037763686579,0
TX005630,40459.99,2026-01-02 21:21:00,1.6434267786102785,0
TX005631,25656.31,2026-06-08 04:26:00,0.7111867770531477,0
TX005632,4166.89,2026-07-10 16:45:00,-0.6420778797255616,0
TX005633,13192.38,2026-05-08 12:54:00,-0.07371090532096296,0
TX005634,1627.0,2026-06-14 03:46:00,-0.8020237214051266,0
TX005635,29577.34,2026-01-31 00:51:00,0.9581078813532647,0
TX005636,7747.85,2026-08-17 22:35:00,-0.41657218411636016,0
TX005637,10545.44,2026-06-25 03:30:00,-0.24039806349525686,0
TX005638,10213.76,2026-06-28 13:22:00,-0.2612851242609901,0
TX005639,4302.54,2026-06-05 13:30:00,-0.6335355202439177,0
TX005640,6761.04,2026-05-04 21:37:00,-0.47871509425333914,0
TX005641,8120.07,2026-06-27 01:38:00,-0.3931321764034405,0
TX005642,17418.51,2026-03-29 15:06:00,0.19242342329061454,0
TX005643,7512.87,2026-04-25 01:18:00,-0.43136970443332834,0
TX005644,1119.68,2026-01-23 07:43:00,-0.8339714531576343,0
TX005645,11526.22,2026-08-06 10:59:00,-0.17863488375027442,0
TX005646,9637.89,2026-08-25 12:35:00,-0.2975496915643029,0
TX005647,4024.09,2026-06-29 03:49:00,-0.6510704999539345,0
TX005648,8086.01,2026-06-27 07:22:00,-0.3952770548696756,0
TX005649,5867.4,2026-05-14 23:27:00,-0.5349907605060219,0
TX005650,6396.45,2026-06-21 01:53:00,-0.5016746139246449,0
TX005651,8818.88,2026-02-03 20:51:00,-0.3491256431976337,0
TX005652,15876.51,2026-03-22 19:36:00,0.09531823847163073,0
TX005653,3145.88,2026-03-07 23:44:00,-0.7063744846231174,0
TX005654,22482.41,2026-05-06 01:50:00,0.5113150869772896,0
TX005655,30593.81,2026-08-16 00:19:00,1.0221185864200304,0
TX005656,40352.56,2026-05-12 04:06:00,1.6366615321737652,0
TX005657,6158.2,2026-03-02 17:04:00,-0.516678057688019,0
TX005658,3287.71,2026-05-23 16:03:00,-0.6974429487198252,0
TX005659,16745.4,2026-04-14 15:55:00,0.15003530983179095,0
TX005660,6921.44,2026-07-07 20:36:00,-0.4686141398791725,0
TX005661,9550.78,2026-01-06 13:04:00,-0.3030353158506723,0
TX005662,42846.35,2026-05-28 18:39:00,1.7937042940737224,0
TX005663,36996.84,2026-05-27 11:21:00,1.4253399946894845,0
TX005664,5776.49,2026-06-19 10:28:00,-0.5407156842102332,0
TX005665,8248.08,2026-06-22 09:42:00,-0.38507093469872056,0
TX005666,19289.42,2026-04-13 15:32:00,0.31024123219443117,0
TX005667,4123.25,2026-06-20 14:55:00,-0.6448260446188824,0
TX005668,2392.51,2026-06-17 18:06:00,-0.7538168536808851,0
TX005669,4893.95,2026-06-02 05:58:00,-0.5962923442686937,0
TX005670,12476.43,2026-06-25 07:21:00,-0.11879680484829852,0
TX005671,5990.67,2026-05-27 04:54:00,-0.5272280133382942,0
TX005672,26262.85,2026-08-20 16:34:00,0.7493827425525681,0
TX005673,9750.76,2026-01-22 06:55:00,-0.29044186911908965,0
TX005674,2894.85,2026-03-08 23:30:00,-0.7221827301128122,0
TX005675,10357.97,2026-06-23 04:13:00,-0.2522037113538918,0
TX005676,1862.9,2026-02-16 02:38:00,-0.7871682654396284,0
TX005677,7938.34,2026-04-03 23:33:00,-0.40457635619407206,0
TX005678,22219.77,2026-04-20 11:45:00,0.49477571879255683,0
TX005679,1915.53,2026-06-06 04:01:00,-0.7838539685025186,0
TX005680,4709.12,2026-08-17 15:10:00,-0.6079317420054594,0
TX005681,18777.95,2026-03-01 17:17:00,0.27803216028822786,0
TX005682,7624.4,2026-05-09 09:08:00,-0.42434626651966995,0
TX005683,26297.82,2026-05-06 13:43:00,0.7515849269320234,0
TX005684,9509.87,2026-03-17 01:09:00,-0.30561156300433284,0
TX005685,3695.7,2026-03-27 08:56:00,-0.6717503778026416,0
TX005686,7893.83,2026-06-05 23:06:00,-0.40737930805937234,0
TX005687,9066.36,2026-07-04 01:25:00,-0.3335409537430278,0
TX005688,59980.75,2026-01-14 16:46:00,2.872717963828845,0
TX005689,2594.7,2026-01-26 04:45:00,-0.7410842354457682,0
TX005690,1946.88,2026-03-10 06:10:00,-0.7818797483053235,0
TX005691,9047.15,2026-01-27 13:52:00,-0.3347506752737494,0
TX005692,9879.24,2026-07-30 13:57:00,-0.2823510298547946,0
TX005693,17658.29,2026-02-09 18:12:00,0.20752321655643569,0
TX005694,2455.03,2026-04-19 03:01:00,-0.7498797485220765,0
TX005695,20723.69,2026-04-03 18:52:00,0.40056227851759857,0
TX005696,2870.32,2026-08-12 21:51:00,-0.7237274708285124,0
TX005697,2029.07,2026-01-06 14:57:00,-0.7767039537915281,0
TX005698,1044.32,2026-08-30 12:05:00,-0.8387171384546244,0
TX005699,2701.57,2026-02-08 15:56:00,-0.734354254186621,0
TX005700,21768.79,2026-06-22 00:45:00,0.46637591577720966,0
TX005701,12161.66,2026-04-23 23:55:00,-0.1386189832046355,0
TX005702,4573.94,2026-01-07 02:53:00,-0.6164445039275284,0
TX005703,11393.34,2026-01-14 12:34:00,-0.18700280655101792,0
TX005704,24796.94,2026-08-31 05:02:00,0.6570692137082123,0
TX005705,1714.69,2026-01-30 11:42:00,-0.7965015724707708,0
TX005706,45193.37,2026-01-09 01:31:00,1.9415044308271934,0
TX005707,14871.35,2026-04-19 18:51:00,0.032019764040599676,0
TX005708,4993.14,2026-02-05 11:05:00,-0.5900459997277111,0
TX005709,13080.49,2026-07-21 21:27:00,-0.0807570137057853,0
TX005710,14127.83,2026-05-28 01:10:00,-0.014802315736709648,0
TX005711,9521.83,2026-06-19 21:22:00,-0.3048583995734412,0
TX005712,2328.96,2026-01-02 23:03:00,-0.757818821576635,0
TX005713,23774.03,2026-05-10 09:36:00,0.5926529591017358,0
TX005714,1864.38,2026-06-13 10:57:00,-0.7870750646137321,0
TX005715,6893.59,2026-02-23 21:50:00,-0.4703679527178292,0
TX005716,3190.93,2026-07-19 18:41:00,-0.7035375270510711,0
TX005717,16211.25,2026-06-29 04:49:00,0.11639799824225762,0
TX005718,14697.25,2026-04-17 15:50:00,0.021056072291582077,0
TX005719,28554.21,2026-02-15 06:20:00,0.8936777725699657,0
TX005720,4250.55,2026-05-05 12:54:00,-0.6368095141211801,0
TX005721,39721.12,2026-05-28 12:46:00,1.5968975257521707,0
TX005722,5033.85,2026-06-08 20:38:00,-0.5874823472802527,0
TX005723,11268.83,2026-03-20 10:38:00,-0.19484364089719933,0
TX005724,11436.81,2026-01-03 07:52:00,-0.1842653471579692,0
TX005725,5912.23,2026-02-01 07:22:00,-0.5321676571107982,0
TX005726,18116.96,2026-08-01 12:36:00,0.23640728602525748,0
TX005727,2247.89,2026-03-24 21:25:00,-0.762924085735698,0
TX005728,6222.45,2026-01-31 13:47:00,-0.5126320083205613,0
TX005729,35931.54,2026-02-08 01:55:00,1.3582542921034513,0
TX005730,5799.67,2026-03-24 08:19:00,-0.5392559577613979,0
TX005731,21033.68,2026-05-05 13:04:00,0.42008344339570297,0
TX005732,3606.58,2026-07-09 21:34:00,-0.6773625788863431,0
TX005733,10283.64,2026-05-30 12:56:00,-0.25688453391394045,0
TX005734,28425.17,2026-04-22 23:55:00,0.8855516681283044,0
TX005735,12103.38,2026-06-17 22:27:00,-0.14228908059195744,0
TX005736,3817.67,2026-05-03 08:56:00,-0.664069496225228,0
TX005737,13002.94,2026-02-28 05:23:00,-0.0856406110356894,0
TX005738,7122.87,2026-08-22 07:21:00,-0.45592938152762386,0
TX005739,15001.91,2026-04-29 23:16:00,0.040241588249397664,0
TX005740,3694.7,2026-02-11 12:15:00,-0.6718133513336526,0
TX005741,18321.36,2026-08-19 15:18:00,0.2492790757639089,0
TX005742,33304.0,2026-08-21 04:54:00,1.1927888204307708,0
TX005743,17472.37,2026-07-24 13:16:00,0.1958151776708678,0
TX005744,31376.92,2026-05-12 15:27:00,1.0714337882900655,0
TX005745,12227.5,2026-05-03 05:42:00,-0.1344728059228703,0
TX005746,6890.46,2026-01-30 22:52:00,-0.47056505986989366,0
TX005747,2431.47,2026-08-14 06:47:00,-0.751363404912696,0
TX005748,5357.68,2026-04-20 05:54:00,-0.5670896287329561,0
TX005749,2212.91,2026-04-25 05:50:00,-0.7651268998504633,0
TX005750,7420.04,2026-01-09 21:21:00,-0.4372155373170808,0
TX005751,11103.48,2026-08-31 16:32:00,-0.20525631424987054,0
TX005752,1700.98,2026-08-08 01:51:00,-0.7973649395809318,0
TX005753,28736.01,2026-02-17 11:55:00,0.9051263605077681,0
TX005754,27270.23,2026-02-25 04:34:00,0.8128210182224437,0
TX005755,30289.1,2026-01-21 13:36:00,1.0029299217856642,0
TX005756,9572.48,2026-07-04 15:27:00,-0.30166879022773335,0
TX005757,18311.78,2026-03-13 16:58:00,0.24867578933682324,0
TX005758,17599.47,2026-08-24 20:27:00,0.20381911346236786,0
TX005759,16315.52,2026-06-03 19:57:00,0.1229642483207761,0
TX005760,2432.98,2026-06-10 08:08:00,-0.7512683148808694,0
TX005761,19019.53,2026-06-23 01:48:00,0.2932453059098686,0
TX005762,1419.36,2026-07-14 20:34:00,-0.8150995453842536,0
TX005763,2703.73,2026-03-17 09:13:00,-0.7342182313596373,0
TX005764,13205.05,2026-03-04 06:54:00,-0.0729130306830534,0
TX005765,8679.99,2026-02-12 20:55:00,-0.3578720369197534,0
TX005766,13465.76,2026-04-17 20:14:00,-0.05649520141317182,0
TX005767,3327.05,2026-05-01 05:44:00,-0.6949655700098518,0
TX005768,16616.45,2026-05-02 12:35:00,0.14191487300792063,0
TX005769,13620.09,2026-01-07 14:07:00,-0.046776496372241995,0
TX005770,4139.52,2026-05-02 12:55:00,-0.6438014652693331,0
TX005771,19153.79,2026-07-22 21:46:00,0.30170013218340747,0
TX005772,7453.31,2026-05-23 20:36:00,-0.4351204079403443,0
TX005773,7866.05,2026-05-03 13:37:00,-0.40912871275085827,0
TX005774,10152.78,2026-02-02 03:15:00,-0.2651252501820417,0
TX005775,20197.99,2026-04-12 06:16:00,0.36745709326510856,0
TX005776,6786.0,2026-08-18 00:24:00,-0.47714327491930425,0
TX005777,11653.84,2026-07-30 16:16:00,-0.17059820172264872,0
TX005778,12834.73,2026-03-18 10:40:00,-0.09623338868705217,0
TX005779,50417.91,2026-02-07 10:57:00,2.2705121625354776,0
TX005780,3457.89,2026-06-20 13:06:00,-0.6867261132123709,0
TX005781,6589.71,2026-05-04 22:49:00,-0.4895043493214562,0
TX005782,4813.73,2026-02-21 09:00:00,-0.6013440809263972,0
TX005783,6810.38,2026-06-10 02:04:00,-0.4756079802332557,0
TX005784,4646.28,2026-01-02 07:30:00,-0.6118889986941916,0
TX005785,8410.08,2026-06-17 08:04:00,-0.3748692226749362,0
TX005786,5482.04,2026-03-08 17:54:00,-0.5592582404164264,0
TX005787,21573.43,2026-03-21 06:15:00,0.4540734067588979,0
TX005788,7004.07,2026-04-29 05:26:00,-0.46341063701173235,0
TX005789,10470.78,2026-06-21 04:06:00,-0.24509966732053917,0
TX005790,7219.84,2026-08-09 14:18:00,-0.4498228382254858,0
TX005791,3111.07,2026-05-26 23:55:00,-0.7085665932376107,0
TX005792,12382.61,2026-08-09 19:24:00,-0.12470498152775186,0
TX005793,5060.8,2026-06-08 19:48:00,-0.585785210619506,0
TX005794,16211.9,2026-01-31 22:34:00,0.11643893103741475,0
TX005795,13954.99,2026-06-26 11:50:00,-0.025686660836653354,0
TX005796,22290.88,2026-05-01 07:54:00,0.4992537665827501,0
TX005797,10917.43,2026-02-11 16:22:00,-0.2169725396944697,0
TX005798,4290.06,2026-03-26 05:50:00,-0.6343214299109351,0
TX005799,7631.43,2026-05-11 12:39:00,-0.42390356259666245,0
TX005800,11081.03,2026-05-30 14:35:00,-0.20667007002106774,0
TX005801,26916.2,2026-07-22 20:33:00,0.7905264990386144,0
TX005802,10730.9,2026-05-27 00:23:00,-0.22871899243395422,0
TX005803,5802.83,2026-07-19 15:32:00,-0.5390569614034031,0
TX005804,4616.72,2026-03-24 01:10:00,-0.6137504962708772,0
TX005805,7000.0,2026-03-16 10:23:00,-0.46366693928294717,0
TX005806,3751.84,2026-01-24 08:13:00,-0.6682150437716832,0
TX005807,13309.71,2026-06-19 06:16:00,-0.06632222092744065,0
TX005808,5900.78,2026-05-04 23:02:00,-0.5328887040408742,0
TX005809,12935.59,2026-07-25 00:15:00,-0.08988187834928124,0
TX005810,11694.77,2026-02-08 15:25:00,-0.1680206950983679,0
TX005811,3507.33,2026-03-19 12:31:00,-0.6836127018391862,0
TX005812,2127.26,2026-01-25 08:09:00,-0.7705205827815567,0
TX005813,7914.03,2026-05-12 18:47:00,-0.40610724273294985,0
TX005814,14261.32,2026-03-31 09:23:00,-0.006395979082049372,0
TX005815,7459.81,2026-06-06 12:14:00,-0.43471107998877273,0
TX005816,11259.8,2026-01-29 07:39:00,-0.19541229188222883,0
TX005817,13786.82,2026-02-09 02:41:00,-0.03627691954677562,0
TX005818,2488.19,2026-06-22 11:32:00,-0.7477915462337512,0
TX005819,18711.1,2026-06-16 21:30:00,0.27382237974014145,0
TX005820,22209.66,2026-05-20 10:35:00,0.49413905639403544,0
TX005821,14481.22,2026-06-19 03:16:00,0.007451900387272633,0
TX005822,48394.53,2026-02-20 00:49:00,2.1430927793584114,0
TX005823,1725.74,2026-06-29 18:55:00,-0.795805714953099,0
TX005824,30314.3,2026-04-02 11:20:00,1.0045168547671417,0
TX005825,3440.18,2026-02-11 20:35:00,-0.6878413744465758,0
TX005826,11837.44,2026-01-03 11:25:00,-0.1590362614290265,0
TX005827,9670.18,2026-02-24 17:19:00,-0.2955162762479572,0
TX005828,4975.23,2026-02-19 07:00:00,-0.5911738556681185,0
TX005829,6375.46,2026-07-18 21:56:00,-0.502996428340566,0
TX005830,10829.02,2026-07-27 04:01:00,-0.22254002957115346,0
TX005831,12159.73,2026-03-19 06:15:00,-0.13874052211948676,0
TX005832,9594.48,2026-03-11 05:32:00,-0.30028337254549103,0
TX005833,4335.23,2026-04-13 01:53:00,-0.6314769155151676,0
TX005834,4591.51,2026-05-27 08:20:00,-0.6153380589876648,0
TX005835,2701.04,2026-07-18 19:23:00,-0.734387630158057,0
TX005836,6193.35,2026-05-23 21:19:00,-0.5144645380729818,0
TX005837,5628.65,2026-08-11 02:00:00,-0.5500256910349015,0
TX005838,42482.05,2026-01-18 09:36:00,1.7707630367264102,0
TX005839,7776.4,2026-07-26 07:27:00,-0.41477428980599573,0
TX005840,6281.85,2026-01-28 12:43:00,-0.508891380578507,0
TX005841,3959.08,2026-08-06 08:35:00,-0.6551644092049606,0
TX005842,6114.86,2026-02-10 20:26:00,-0.5194073305220364,0
TX005843,8362.97,2026-06-26 08:48:00,-0.3778359057208652,0
TX005844,21887.28,2026-07-01 15:08:00,0.47383764946670465,0
TX005845,2754.71,2026-04-07 13:24:00,-0.7310078407486957,0
TX005846,13258.93,2026-01-20 15:40:00,-0.06952001683217988,0
TX005847,28140.87,2026-07-09 12:41:00,0.8676482932618731,0
TX005848,13943.07,2026-01-20 06:44:00,-0.02643730532630465,0
TX005849,4348.02,2026-04-19 16:43:00,-0.6306714840535367,0
TX005850,15209.79,2026-06-01 14:05:00,0.05333252587596737,0
TX005851,12896.83,2026-02-18 13:11:00,-0.09232273241126816,0
TX005852,11476.44,2026-06-25 11:48:00,-0.18176970612400262,0
TX005853,11331.85,2026-08-05 20:15:00,-0.19087504897288518,0
TX005854,6326.26,2026-01-22 09:32:00,-0.5060947260663079,0
TX005855,9201.84,2026-07-29 12:23:00,-0.3250092997616556,0
TX005856,3265.25,2026-05-16 14:41:00,-0.6988573342263326,0
TX005857,16844.53,2026-03-12 15:45:00,0.15627787596091264,0
TX005858,10307.64,2026-01-20 22:52:00,-0.2553731691696761,0
TX005859,47237.69,2026-06-09 22:59:00,2.07024247974363,0
TX005860,2433.64,2026-05-14 03:16:00,-0.7512267523504021,0
TX005861,21324.1,2026-04-05 04:36:00,0.43837221627192163,0
TX005862,28885.31,2026-08-13 08:53:00,0.9145283086877126,0
TX005863,12661.93,2026-08-11 04:56:00,-0.10711521484575538,0
TX005864,2807.08,2026-02-19 17:17:00,-0.7277099169296489,0
TX005865,7088.82,2026-06-03 10:41:00,-0.4580736302585489,0
TX005866,1797.97,2026-04-15 00:45:00,-0.7912571368081736,0
TX005867,5807.33,2026-05-13 05:13:00,-0.5387735805138535,0
TX005868,11228.98,2026-08-02 10:40:00,-0.19735313610798827,0
TX005869,3471.41,2026-05-18 17:26:00,-0.6858747110731018,0
TX005870,12997.92,2026-03-18 05:01:00,-0.08595673816136472,0
TX005871,3683.82,2026-01-13 10:13:00,-0.6724985033510523,0
TX005872,2926.89,2026-01-03 02:10:00,-0.7201650581792194,0
TX005873,14505.36,2026-04-11 19:38:00,0.008972081425878594,0
TX005874,12030.66,2026-07-19 14:35:00,-0.14686851576707835,0
TX005875,11673.22,2026-02-10 17:38:00,-0.16937777469165533,0
TX005876,2354.36,2026-08-04 14:04:00,-0.7562192938889553,0
TX005877,8504.27,2026-08-31 13:42:00,-0.3689377457890088,0
TX005878,10762.97,2026-05-05 10:57:00,-0.22669943129443101,0
TX005879,9901.55,2026-07-26 11:15:00,-0.2809460903779389,0
TX005880,9990.11,2026-07-18 22:38:00,-0.2753691544716034,0
TX005881,6757.68,2026-06-05 23:38:00,-0.4789266853175361,0
TX005882,4362.92,2026-03-12 07:37:00,-0.6297331784414726,0
TX005883,3136.36,2026-01-13 19:05:00,-0.7069739926383422,0
TX005884,10731.15,2026-04-25 23:21:00,-0.22870324905120146,0
TX005885,3081.47,2026-01-09 19:40:00,-0.7104306097555368,0
TX005886,9270.93,2026-08-10 16:27:00,-0.3206584585041046,0
TX005887,29870.06,2026-05-01 16:12:00,0.976541493350809,0
TX005888,5728.48,2026-02-22 20:08:00,-0.543739043434072,0
TX005889,2243.6,2026-06-08 02:29:00,-0.7631942421837352,0
TX005890,1985.44,2026-08-27 23:24:00,-0.7794514889495386,0
TX005891,8137.79,2026-04-08 10:37:00,-0.3920162854339253,0
TX005892,33557.47,2026-07-19 11:12:00,1.2087507213361328,0
TX005893,16299.53,2026-02-24 07:09:00,0.12195730155991,0
TX005894,38608.24,2026-02-15 15:28:00,1.526815542560633,0
TX005895,4279.02,2026-06-07 11:30:00,-0.6350166576932966,0
TX005896,7549.9,2026-03-20 16:14:00,-0.4290377945799905,0
TX005897,3471.34,2026-04-15 07:53:00,-0.6858791192202727,0
TX005898,16048.26,2026-08-11 10:20:00,0.10613394242277242,0
TX005899,11880.8,2026-02-03 21:42:00,-0.15630572912438898,0
TX005900,10042.68,2026-02-03 17:24:00,-0.2720586359463544,0
TX005901,19816.02,2026-03-21 10:37:00,0.3434030936248314,0
TX005902,49103.0,2026-04-03 10:33:00,2.187707636873785,0
TX005903,10651.01,2026-07-08 05:35:00,-0.2337499478264241,0
TX005904,13238.0,2026-06-14 03:56:00,-0.07083805283624044,0
TX005905,5492.17,2026-02-04 04:00:00,-0.5586203185472848,0
TX005906,14490.5,2026-08-15 17:14:00,0.008036294755054886,0
TX005907,8075.28,2026-01-24 02:03:00,-0.3959527608574238,0
TX005908,5431.4,2026-06-07 06:29:00,-0.5624472200268241,0
TX005909,3839.17,2026-01-11 15:36:00,-0.6627155653084913,0
TX005910,12303.5,2026-07-29 14:47:00,-0.12968681756603323,0
TX005911,25624.03,2026-03-07 02:21:00,0.709153991472112,0
TX005912,32651.41,2026-05-28 03:21:00,1.1516929238282934,0
TX005913,5608.22,2026-02-15 01:15:00,-0.5513122402734566,0
TX005914,38354.61,2026-05-18 02:31:00,1.5108435658903094,0
TX005915,5840.36,2026-08-23 09:04:00,-0.5366935647845598,0
TX005916,16700.61,2026-06-26 02:04:00,0.14721472537780758,0
TX005917,2365.06,2026-06-13 10:29:00,-0.7555454771071375,0
TX005918,4182.67,2026-06-05 19:04:00,-0.6410841574062078,0
TX005919,9534.74,2026-07-17 02:14:00,-0.304045411288089,0
TX005920,4306.27,2026-04-25 17:22:00,-0.6333006289732465,0
TX005921,8048.35,2026-03-13 06:07:00,-0.3976486380475504,0
TX005922,26779.09,2026-03-13 08:51:00,0.7818921982016942,0
TX005923,9523.93,2026-02-15 21:03:00,-0.304726155158318,0
TX005924,8162.35,2026-07-29 17:08:00,-0.3904696555122948,0
TX005925,6296.69,2026-02-07 00:39:00,-0.5079568533783037,0
TX005926,31892.65,2026-07-28 10:24:00,1.1039111274383762,0
TX005927,2241.84,2026-08-21 09:27:00,-0.7633050755983146,0
TX005928,13598.86,2026-07-31 17:58:00,-0.0481134244356058,0
TX005929,58742.11,2026-03-29 18:02:00,2.794716429377362,0
TX005930,5284.37,2026-07-18 19:22:00,-0.5717062182913735,0
TX005931,9453.06,2026-05-29 13:07:00,-0.30918908930106864,0
TX005932,4700.37,2026-04-02 15:08:00,-0.6084827604018058,0
TX005933,2230.17,2026-04-02 04:54:00,-0.7640399767052132,0
TX005934,8279.52,2026-08-23 09:45:00,-0.38309104688373424,0
TX005935,6364.24,2026-08-07 23:39:00,-0.5037029913585096,0
TX005936,11601.05,2026-04-11 16:01:00,-0.17392257442472023,0
TX005937,2945.8,2026-02-14 06:21:00,-0.718974228707801,0
TX005938,3087.45,2026-04-21 13:25:00,-0.710054028040091,0
TX005939,27127.8,2026-05-27 14:50:00,0.8038516982005449,0
TX005940,14534.97,2026-07-15 05:58:00,0.010836727679114647,0
TX005941,4651.13,2026-01-11 19:34:00,-0.6115835770687882,0
TX005942,11637.36,2026-05-01 07:46:00,-0.17163600551371022,0
TX005943,20983.86,2026-01-28 12:47:00,0.41694610208073424,0
TX005944,9653.18,2026-02-25 15:33:00,-0.29658682627514443,0
TX005945,3329.1,2026-04-22 13:54:00,-0.6948364742712793,0
TX005946,102259.08,2026-08-29 21:20:00,5.535133689177738,1
TX005947,16639.56,2026-05-27 16:13:00,0.1433701913095852,0
TX005948,10068.88,2026-08-28 17:43:00,-0.2704087294338659,0
TX005949,9780.26,2026-05-19 05:02:00,-0.28858414995426473,0
TX005950,4181.39,2026-07-12 08:05:00,-0.6411647635259019,0
TX005951,6944.89,2026-08-28 00:29:00,-0.4671374105769642,0
TX005952,6914.73,2026-08-28 13:13:00,-0.4690366922722564,0
TX005953,7530.18,2026-06-29 13:04:00,-0.43027963261152763,0
TX005954,29239.31,2026-08-28 22:43:00,0.9368209386656117,0
TX005955,4962.73,2026-06-20 13:44:00,-0.5919610248057562,0
TX005956,8160.1,2026-01-09 21:13:00,-0.39061134595706953,0
TX005957,16423.97,2026-08-24 13:44:00,0.12979372775892065,0
TX005958,6009.47,2026-01-09 17:36:00,-0.5260441109552871,0
TX005959,3366.95,2026-05-28 18:42:00,-0.6924529261225125,0
TX005960,20338.97,2026-07-15 21:57:00,0.3763351016670413,0
TX005961,9512.48,2026-08-02 11:31:00,-0.3054472020883942,0
TX005962,19653.32,2026-05-10 11:08:00,0.33315730012933936,0
TX005963,8628.0,2026-01-12 10:55:00,-0.361146030797016,0
TX005964,5539.61,2026-07-01 08:37:00,-0.5556328542361223,0
TX005965,3045.36,2026-03-30 16:35:00,-0.7127045839603444,0
TX005966,10144.71,2026-02-20 13:31:00,-0.2656334465773007,0
TX005967,12807.99,2026-02-19 01:43:00,-0.09791730090628667,0
TX005968,1557.49,2026-04-21 09:32:00,-0.8064010115457022,0
TX005969,11717.31,2026-02-16 08:46:00,-0.1666012717093797,0
TX005970,12683.19,2026-08-31 08:05:00,-0.1057763975764612,0
TX005971,14700.11,2026-07-23 17:55:00,0.021236176590273614,0
TX005972,4375.15,2026-05-24 06:20:00,-0.6289630121572078,0
TX005973,3466.11,2026-01-03 11:22:00,-0.6862084707874602,0
TX005974,4004.11,2026-08-12 19:19:00,-0.6523287111035345,0
TX005975,7058.73,2026-08-12 12:40:00,-0.4599685038066703,0
TX005976,7788.78,2026-07-28 14:54:00,-0.4139946774920794,0
TX005977,17016.19,2026-05-27 20:43:00,0.1670879122942633,0
TX005978,6078.86,2026-07-06 03:45:00,-0.5216743776384329,0
TX005979,4074.35,2026-06-06 08:34:00,-0.647905450285321,0
TX005980,9450.85,2026-05-23 17:29:00,-0.30932826080460296,0
TX005981,9963.43,2026-01-29 22:10:00,-0.2770492882789773,0
TX005982,2271.33,2026-02-13 01:09:00,-0.7614479861687998,0
TX005983,42440.19,2026-08-16 04:55:00,1.7681269647182891,0
TX005984,11790.17,2026-02-26 10:26:00,-0.16201302023991715,0
TX005985,3083.73,2026-04-28 16:43:00,-0.7102882895754519,0
TX005986,4996.81,2026-02-16 22:32:00,-0.5898148868689008,0
TX005987,29968.01,2026-01-12 08:01:00,0.9827097507133375,0
TX005988,2519.13,2026-05-12 19:18:00,-0.7458431451842705,0
TX005989,8322.65,2026-01-30 22:13:00,-0.38037499849122924,0
TX005990,4187.45,2026-03-16 12:34:00,-0.6407831439279753,0
TX005991,10065.0,2026-04-05 17:30:00,-0.2706530667341886,0
TX005992,4688.09,2026-07-25 06:45:00,-0.609256075362621,0
TX005993,11968.07,2026-03-21 03:34:00,-0.15081002907305774,0
TX005994,32347.03,2026-08-15 00:27:00,1.1325250404591605,0
TX005995,13748.58,2026-04-29 00:40:00,-0.03868502737263679,0
TX005996,3669.64,2026-07-08 02:12:00,-0.6733914680207885,0
TX005997,2535.39,2026-02-01 20:03:00,-0.7448191955700314,0
TX005998,7969.82,2026-04-08 09:29:00,-0.4025939494378454,0
TX005999,3370.56,2026-02-14 13:03:00,-0.6922255916755626,0
TX006000,5468.38,2026-04-05 13:10:00,-0.5601184588500369,0
TX006001,5660.01,2026-07-13 11:04:00,-0.5480508411023961,0
TX006002,24194.17,2026-05-31 22:44:00,0.6191106584207032,0
TX006003,5135.17,2026-03-25 01:17:00,-0.5811018691182168,0
TX006004,4951.21,2026-08-02 08:50:00,-0.5926864798830029,0
TX006005,11556.18,2026-05-22 15:18:00,-0.17674819676118436,0
TX006006,4126.75,2026-04-25 15:41:00,-0.6446056372603438,0
TX006007,7563.16,2026-02-27 05:04:00,-0.4282027655587844,0
TX006008,8747.99,2026-02-06 03:49:00,-0.3535898368110044,0
TX006009,3786.15,2026-05-01 05:48:00,-0.6660544219226953,0
TX006010,4375.34,2026-03-16 08:46:00,-0.6289510471863158,0
TX006011,3807.39,2026-06-06 09:05:00,-0.6647168641240213,0
TX006012,4018.27,2026-02-07 14:32:00,-0.6514370059044186,0
TX006013,17915.51,2026-01-24 12:33:00,0.22372126820308863,0
TX006014,29989.72,2026-06-14 11:15:00,0.9840769060715869,0
TX006015,14372.21,2026-01-25 17:15:00,0.0005871557717619585,0
TX006016,3401.84,2026-03-08 00:07:00,-0.6902557796255381,0
TX006017,3731.72,2026-01-03 14:13:00,-0.6694820712156248,0
TX006018,2693.07,2026-01-02 08:41:00,-0.7348895292002147,0
TX006019,51331.62,2026-03-19 17:05:00,2.3280517075555514,0
TX006020,4046.94,2026-08-26 20:02:00,-0.6496315547703329,0
TX006021,2490.73,2026-01-22 13:20:00,-0.7476315934649833,0
TX006022,7804.2,2026-07-10 16:56:00,-0.41302362564388956,0
TX006023,4949.46,2026-02-18 03:22:00,-0.5927966835622722,0
TX006024,8750.48,2026-03-23 21:48:00,-0.353433032718787,0
TX006025,14516.18,2026-04-28 09:54:00,0.00965345503141775,0
TX006026,8633.52,2026-05-27 04:56:00,-0.3607984169058352,0
TX006027,4740.36,2026-06-10 04:33:00,-0.6059644488966754,0
TX006028,5409.45,2026-08-26 16:59:00,-0.563829489032516,0
TX006029,2291.18,2026-05-11 21:35:00,-0.7601979615782312,0
TX006030,1502.0,2026-03-28 16:22:00,-0.8098954127815035,0
TX006031,5581.02,2026-02-18 15:21:00,-0.5530251203169562,0
TX006032,11518.13,2026-04-30 01:25:00,-0.17914433961615353,0
TX006033,5395.94,2026-03-17 03:10:00,-0.5646802614364747,0
TX006034,8704.57,2026-01-08 14:54:00,-0.3563241475275027,0
TX006035,2791.71,2026-02-21 23:21:00,-0.7286778201012882,0
TX006036,10578.36,2026-07-02 00:36:00,-0.23832497485437426,0
TX006037,2686.77,2026-08-16 00:17:00,-0.735286262445584,0
TX006038,11096.65,2026-06-25 15:00:00,-0.20568642346667576,0
TX006039,6403.7,2026-01-10 03:52:00,-0.5012180558248149,0
TX006040,5962.82,2026-02-10 12:59:00,-0.5289818261769509,0
TX006041,10284.29,2026-03-05 09:56:00,-0.2568436011187832,0
TX006042,1237.33,2026-03-12 07:01:00,-0.8265626172341886,0
TX006043,15660.56,2026-01-11 13:25:00,0.08171910444980215,0
TX006044,8812.75,2026-01-27 22:37:00,-0.34951167094273117,0
TX006045,2228.84,2026-06-22 06:49:00,-0.7641237315014578,0
TX006046,21008.6,2026-08-16 22:20:00,0.41850406723794664,0
TX006047,12956.01,2026-01-23 19:59:00,-0.08859595884603633,0
TX006048,4901.76,2026-03-25 17:04:00,-0.5958005209914976,0
TX006049,10234.7,2026-05-03 07:30:00,-0.2599664585216194,0
TX006050,13215.12,2026-07-30 13:06:00,-0.07227888722577239,0
TX006051,36389.09,2026-02-25 20:13:00,1.3870678312175406,0
TX006052,4205.69,2026-02-19 06:11:00,-0.6396345067223344,0
TX006053,6049.25,2026-06-17 08:43:00,-0.523539023891669,0
TX006054,7706.01,2026-04-08 20:20:00,-0.419206996653861,0
TX006055,7951.05,2026-08-25 18:58:00,-0.4037759626149221,0
TX006056,1880.56,2026-04-23 18:37:00,-0.7860561528819738,0
TX006057,13458.58,2026-03-25 22:37:00,-0.05694735136583092,0
TX006058,23377.74,2026-08-23 14:37:00,0.5676971784973811,0
TX006059,2719.55,2026-04-07 04:23:00,-0.733221990099043,0
TX006060,3789.93,2026-03-08 10:54:00,-0.6658163819754735,0
TX006061,3933.84,2026-04-04 06:54:00,-0.6567538611276785,0
TX006062,4435.3,2026-07-06 16:32:00,-0.6251751542668953,0
TX006063,7446.84,2026-02-22 10:52:00,-0.4355278466859856,0
TX006064,9166.11,2026-02-24 08:32:00,-0.3272593440246791,0
TX006065,9302.12,2026-02-06 23:37:00,-0.31869431407187104,0
TX006066,1715.5,2026-02-11 15:19:00,-0.7964505639106518,0
TX006067,5010.98,2026-01-27 04:53:00,-0.5889225519344747,0
TX006068,2718.35,2026-07-13 19:08:00,-0.7332975583362562,0
TX006069,2110.48,2026-02-20 18:42:00,-0.7715772786319215,0
TX006070,16573.82,2026-02-22 02:34:00,0.13923031138092104,0
TX006071,9053.77,2026-02-18 01:00:00,-0.33433379049845646,0
TX006072,21318.39,2026-05-03 18:15:00,0.4380126374098488,0
TX006073,12544.92,2026-06-22 13:38:00,-0.11448374770935417,0
TX006074,24619.15,2026-04-18 09:35:00,0.6458731496297643,0
TX006075,18117.45,2026-02-27 07:19:00,0.236438143055453,0
TX006076,15434.11,2026-06-30 06:24:00,0.06745874835235806,0
TX006077,4621.9,2026-01-12 11:28:00,-0.6134242933802402,0
TX006078,19290.98,2026-06-04 02:44:00,0.31033947090280845,0
TX006079,3895.57,2026-06-12 22:23:00,-0.6591638581594701,0
TX006080,6749.17,2026-02-07 08:17:00,-0.4794625900664399,0
TX006081,1482.69,2026-08-19 16:35:00,-0.8111114316653261,0
TX006082,13515.07,2026-08-14 02:53:00,-0.053389976599018736,0
TX006083,14599.27,2026-07-04 17:08:00,0.01488592572312293,0
TX006084,10055.77,2026-02-18 19:10:00,-0.27123431242542023,0
TX006085,3872.11,2026-08-26 18:06:00,-0.6606412171969884,0
TX006086,14119.2,2026-08-10 13:53:00,-0.01534577730933465,0
TX006087,1929.18,2026-05-26 18:01:00,-0.7829943798042184,0
TX006088,48379.07,2026-08-26 23:56:00,2.1421192085689813,0
TX006089,5997.84,2026-07-26 09:05:00,-0.5267764931209452,0
TX006090,30662.05,2026-03-02 07:44:00,1.0264159001762219,0
TX006091,7489.11,2026-06-30 21:44:00,-0.43286595553015006,0
TX006092,16252.02,2026-08-08 11:58:00,0.11896542910157669,0
TX006093,5852.18,2026-06-16 02:01:00,-0.5359492176480095,0
TX006094,11281.74,2026-07-26 15:23:00,-0.19403065261184713,0
TX006095,3959.73,2026-06-04 14:02:00,-0.6551234764098034,0
TX006096,2987.58,2026-05-23 08:31:00,-0.7163431945821609,0
TX006097,8031.5,2026-08-29 14:46:00,-0.398709742045086,0
TX006098,5901.03,2026-07-29 19:21:00,-0.5328729606581214,0
TX006099,4330.88,2026-05-29 02:28:00,-0.6317508503750655,0
TX006100,6292.86,2026-08-24 12:46:00,-0.5081980420020759,0
TX006101,3761.45,2026-07-25 19:57:00,-0.6676098681386674,0
TX006102,10101.81,2026-05-14 15:08:00,-0.26833501105767316,0
TX006103,7199.12,2026-08-12 19:31:00,-0.45112764978803405,0
TX006104,8625.36,2026-02-23 11:22:00,-0.36131228091888506,0
TX006105,23531.26,2026-04-08 14:49:00,0.5773648749781918,0
TX006106,3115.67,2026-07-01 23:28:00,-0.70827691499496,0
TX006107,12530.56,2026-05-26 02:49:00,-0.11538804761467238,0
TX006108,9472.27,2026-07-04 21:15:00,-0.307979367770347,0
TX006109,3000.59,2026-03-10 22:03:00,-0.7155239089437075,0
TX006110,5547.99,2026-02-27 20:19:00,-0.55510513604625,0
TX006111,422.96,2026-07-18 11:55:00,-0.8778463716836282,0
TX006112,3765.25,2026-08-09 04:19:00,-0.6673705687208255,0
TX006113,3541.97,2026-01-09 01:49:00,-0.6814312987249648,0
TX006114,10697.9,2026-04-09 13:35:00,-0.2307971189573177,0
TX006115,7980.57,2026-07-15 18:13:00,-0.401916983979477,0
TX006116,3935.38,2026-03-19 11:40:00,-0.6566568818899217,0
TX006117,20419.89,2026-06-30 17:47:00,0.3814309197964525,0
TX006118,21820.37,2026-03-11 22:08:00,0.4696240905067577,0
TX006119,8034.44,2026-01-25 22:54:00,-0.39852459986391364,0
TX006120,3146.09,2026-02-07 13:04:00,-0.706361260181605,0
TX006121,8534.12,2026-06-11 04:57:00,-0.36705798588833,0
TX006122,5242.15,2026-07-26 18:29:00,-0.5743649607706586,0
TX006123,4043.27,2026-05-25 05:00:00,-0.6498626676291432,0
TX006124,27713.07,2026-01-15 16:57:00,0.8407082166953612,0
TX006125,4513.67,2026-02-20 02:57:00,-0.6202399186415621,0
TX006126,17667.94,2026-06-22 00:54:00,0.20813091113069185,0
TX006127,14995.48,2026-07-19 21:24:00,0.03983666844499682,0
TX006128,4259.13,2026-03-23 04:13:00,-0.6362692012251058,0
TX006129,2167.3,2026-08-28 20:03:00,-0.7679991225998756,0
TX006130,7492.97,2026-08-04 19:03:00,-0.4326228777004475,0
TX006131,13452.85,2026-07-09 09:36:00,-0.057308189698524005,0
TX006132,3961.3,2026-06-14 19:22:00,-0.6550246079661161,0
TX006133,2629.66,2026-05-29 13:06:00,-0.7388826808016231,0
TX006134,98693.29,2026-07-01 01:13:00,5.310583302033973,1
TX006135,7802.63,2026-01-08 21:14:00,-0.41312249408757684,0
TX006136,25693.69,2026-05-28 10:15:00,0.7135407276423393,0
TX006137,17633.31,2026-02-13 16:57:00,0.2059501377517806,0
TX006138,5451.24,2026-03-06 23:46:00,-0.5611978251715656,0
TX006139,1509.07,2026-04-21 03:56:00,-0.8094501899172556,0
TX006140,4221.67,2026-02-12 04:46:00,-0.6386281896967784,0
TX006141,10356.53,2026-07-16 03:47:00,-0.2522943932385476,0
TX006142,4359.18,2026-01-22 21:56:00,-0.6299686994474537,0
TX006143,6196.34,2026-08-11 00:57:00,-0.5142762472152589,0
TX006144,5095.23,2026-04-12 02:38:00,-0.5836170319467968,0
TX006145,2218.12,2026-01-23 11:38:00,-0.7647988077538959,0
TX006146,1165.78,2026-06-18 04:56:00,-0.8310683733780265,0
TX006147,56282.28,2026-02-10 12:24:00,2.639812248590539,0
TX006148,3699.64,2026-01-14 23:56:00,-0.6715022620904582,0
TX006149,14960.77,2026-07-07 02:29:00,0.03765085718360457,0
TX006150,2206.97,2026-07-22 04:32:00,-0.7655009626246687,0
TX006151,32575.0,2026-03-19 09:32:00,1.1468811163237416,0
TX006152,6352.45,2026-08-15 22:04:00,-0.5044454492891295,0
TX006153,3011.19,2026-04-17 20:56:00,-0.7148563895149908,0
TX006154,6381.6,2026-05-13 22:28:00,-0.5026097708601583,0
TX006155,22400.62,2026-01-03 11:14:00,0.5061644818758987,0
TX006156,11141.55,2026-01-17 09:43:00,-0.20285891192428127,0
TX006157,2469.06,2026-01-22 21:42:00,-0.748996229881992,0
TX006158,11157.78,2026-01-20 20:44:00,-0.20183685151597242,0
TX006159,6175.79,2026-02-11 23:28:00,-0.5155703532775352,0
TX006160,2227.14,2026-05-28 15:30:00,-0.7642307865041765,0
TX006161,12816.17,2026-08-23 13:10:00,-0.09740217742261656,0
TX006162,3037.04,2026-01-13 17:33:00,-0.7132285237383562,0
TX006163,4740.6,2026-07-06 02:38:00,-0.6059493352492327,0
TX006164,11191.76,2026-06-27 04:34:00,-0.19969701093221817,0
TX006165,11537.96,2026-03-03 01:19:00,-0.1778955744962051,0
TX006166,3075.92,2026-03-14 07:50:00,-0.7107801128526479,0
TX006167,2849.69,2026-05-22 15:33:00,-0.7250266147732696,0
TX006168,4865.21,2026-01-09 19:50:00,-0.5981022035499501,0
TX006169,1822.57,2026-03-01 07:24:00,-0.7897079879453026,0
TX006170,15898.52,2026-02-20 09:45:00,0.09670428588918317,0
TX006171,14009.25,2026-08-12 22:46:00,-0.02226971704399571,0
TX006172,20977.6,2026-03-05 10:03:00,0.4165518877766052,0
TX006173,3013.43,2026-05-13 18:42:00,-0.7147153288055261,0
TX006174,11115.0,2026-02-23 01:59:00,-0.20453085917262365,0
TX006175,524.57,2026-04-17 05:39:00,-0.871447631197599,0
TX006176,1720.0,2026-03-04 16:45:00,-0.7961671830211023,0
TX006177,19996.99,2026-06-14 00:18:00,0.3547994135318947,0
TX006178,3268.79,2026-04-01 17:35:00,-0.6986344079265536,0
TX006179,5809.03,2026-02-26 07:01:00,-0.5386665255111347,0
TX006180,9442.46,2026-06-10 01:12:00,-0.30985660872978543,0
TX006181,7934.87,2026-05-25 18:34:00,-0.4047948743466803,0
TX006182,20390.6,2026-03-17 07:47:00,0.37958642507313983,0
TX006183,5665.63,2026-04-08 02:50:00,-0.5476969298581142,0
TX006184,3199.77,2026-02-12 09:47:00,-0.7029808410369337,0
TX006185,8557.76,2026-05-11 09:40:00,-0.36556929161522966,0
TX006186,5624.9,2026-05-25 14:47:00,-0.5502618417761929,0
TX006187,2777.01,2026-03-10 06:12:00,-0.7296035310071501,0
TX006188,10598.38,2026-01-05 23:36:00,-0.23706424476353385,0
TX006189,10771.07,2026-01-08 17:23:00,-0.22618934569324178,0
TX006190,6264.36,2026-04-09 23:44:00,-0.5099927876358897,0
TX006191,49373.99,2026-06-11 00:02:00,2.2047728340424593,0
TX006192,8649.3,2026-02-13 11:27:00,-0.35980469458648145,0
TX006193,17972.73,2026-08-26 02:50:00,0.22732461364753892,0
TX006194,22534.61,2026-08-12 09:46:00,0.5146023052960645,0
TX006195,2527.12,2026-03-12 15:53:00,-0.7453399866714925,0
TX006196,5458.86,2026-01-17 03:50:00,-0.5607179668652618,0
TX006197,5599.57,2026-02-11 08:13:00,-0.5518569613167018,0
TX006198,11917.37,2026-08-18 10:44:00,-0.1540027870953161,0
TX006199,11777.82,2026-03-25 15:11:00,-0.1627907433479032,0
TX006200,3830.77,2026-01-04 00:15:00,-0.6632445429689837,0
TX006201,12468.99,2026-02-24 09:11:00,-0.1192653279190205,0
TX006202,6810.32,2026-01-25 06:17:00,-0.4756117586451164,0
TX006203,6397.29,2026-07-28 18:34:00,-0.5016217161585955,0
TX006204,10820.46,2026-01-16 09:29:00,-0.2230790829966078,0
TX006205,8041.2,2026-02-20 01:26:00,-0.3980988987942792,0
TX006206,13793.4,2026-06-28 01:17:00,-0.03586255371272316,0
TX006207,8948.04,2026-05-03 22:10:00,-0.340991981932251,0
TX006208,629.23,2026-06-13 20:52:00,-0.8648568214419863,0
TX006209,14483.08,2026-02-12 09:26:00,0.007569031154953157,0
TX006210,2912.16,2026-05-02 22:29:00,-0.7210926582910115,0
TX006211,16086.64,2026-07-25 23:13:00,0.10855086654297509,0
TX006212,13120.44,2026-06-24 05:58:00,-0.07824122114189523,0
TX006213,18235.27,2026-08-17 19:30:00,0.24385768447917067,0
TX006214,2395.02,2026-05-27 05:34:00,-0.7536587901180475,0
TX006215,5009.61,2026-01-06 11:24:00,-0.5890088256719599,0
TX006216,7665.49,2026-04-26 16:32:00,-0.42175868413042733,0
TX006217,7645.28,2026-02-22 16:50:00,-0.42303137919215994,0
TX006218,25601.41,2026-02-03 22:36:00,0.707729530200643,0
TX006219,3685.08,2026-07-28 09:58:00,-0.6724191567019785,0
TX006220,4521.98,2026-04-04 02:19:00,-0.6197166085988607,0
TX006221,10189.54,2026-01-05 05:18:00,-0.2628103431820768,0
TX006222,4224.54,2026-01-17 13:51:00,-0.6384474556627768,0
TX006223,8846.46,2026-04-05 20:03:00,-0.3473888332123499,0
TX006224,6137.63,2026-06-23 08:24:00,-0.5179734232209156,0
TX006225,29635.96,2026-06-13 08:01:00,0.9617993897411303,0
TX006226,17925.0,2026-04-28 18:44:00,0.22431888701238326,0
TX006227,21298.77,2026-03-29 04:34:00,0.43677709673141274,0
TX006228,6825.43,2026-05-01 08:36:00,-0.4746602285915399,0
TX006229,41091.37,2026-01-31 00:23:00,1.683187006620013,0
TX006230,6640.96,2026-07-16 15:16:00,-0.4862769558571417,0
TX006231,11345.7,2026-06-05 13:41:00,-0.1900028655683826,0
TX006232,15118.05,2026-05-01 17:20:00,0.04755533414101682,0
TX006233,2516.33,2026-07-18 09:58:00,-0.7460194710711013,0
TX006234,17099.24,2026-02-26 05:58:00,0.17231786404472824,0
TX006235,15380.75,2026-04-18 09:57:00,0.0640984807376103,0
TX006236,9535.33,2026-02-17 08:55:00,-0.3040082569047925,0
TX006237,18848.82,2026-04-29 10:50:00,0.28249509443097837,0
TX006238,15115.88,2026-07-16 09:58:00,0.047418681578722914,0
TX006239,12671.39,2026-04-18 22:51:00,-0.10651948524239124,0
TX006240,10692.95,2026-04-03 06:27:00,-0.23110883793582215,0
TX006241,9357.85,2026-04-14 23:40:00,-0.31518479918862724,0
TX006242,14029.76,2026-04-11 00:10:00,-0.020978129922959794,0
TX006243,9142.35,2026-07-30 14:50:00,-0.3287555951215008,0
TX006244,18326.9,2026-08-16 01:40:00,0.24962794912570996,0
TX006245,2636.18,2026-08-23 13:11:00,-0.7384720933794313,0
TX006246,26962.99,2026-05-16 23:31:00,0.7934730305546198,0
TX006247,5957.47,2026-07-03 03:30:00,-0.5293187345678599,0
TX006248,6417.52,2026-05-09 12:40:00,-0.5003477616262427,0
TX006249,5534.38,2026-01-01 21:19:00,-0.5559622058033099,0
TX006250,4622.54,2026-07-27 12:03:00,-0.6133839903203931,0
TX006251,49562.88,2026-05-27 20:31:00,2.2166679043151296,0
TX006252,3159.6,2026-03-22 14:54:00,-0.7055104877776462,0
TX006253,4723.54,2026-03-04 02:33:00,-0.6070236636882806,0
TX006254,6329.49,2026-06-11 12:46:00,-0.5058913215611424,0
TX006255,5502.04,2026-03-23 22:14:00,-0.5579987697962061,0
TX006256,15789.45,2026-05-22 21:15:00,0.08983576286181186,0
TX006257,22093.42,2026-08-28 17:55:00,0.4868190131493151,0
TX006258,14889.1,2026-02-08 16:04:00,0.03313754421604518,0
TX006259,3896.24,2026-05-06 17:52:00,-0.6591216658936927,0
TX006260,9342.15,2026-05-04 08:04:00,-0.31617348362550024,0
TX006261,15526.12,2026-08-02 12:15:00,0.07325294294068149,0
TX006262,9268.54,2026-05-20 02:06:00,-0.3208089652432209,0
TX006263,7586.83,2026-01-09 01:30:00,-0.4267121820797537,0
TX006264,3722.57,2026-07-16 00:43:00,-0.6700582790243755,0
TX006265,5685.89,2026-01-11 20:54:00,-0.546421086119831,0
TX006266,25709.21,2026-03-10 03:03:00,0.7145180768436302,0
TX006267,2186.26,2026-07-21 11:57:00,-0.7668051444519068,0
TX006268,7119.23,2026-07-27 00:35:00,-0.456158605180504,0
TX006269,4036.76,2026-04-02 11:57:00,-0.6502726253160249,0
TX006270,3257.13,2026-02-15 10:02:00,-0.6993686792981421,0
TX006271,36350.72,2026-07-21 02:58:00,1.3846515368326482,0
TX006272,10245.92,2026-04-08 03:11:00,-0.2592598955036759,0
TX006273,7162.13,2026-03-18 21:41:00,-0.45345704070013143,0
TX006274,18579.08,2026-04-24 00:41:00,0.2655086141760675,0
TX006275,11838.18,2026-06-07 13:35:00,-0.15898966101607834,0
TX006276,5750.56,2026-01-20 15:07:00,-0.5423485878693488,0
TX006277,6449.88,2026-08-11 17:09:00,-0.49830993816272634,0
TX006278,13429.22,2026-08-11 09:53:00,-0.058796254236314335,0
TX006279,15433.04,2026-06-22 02:52:00,0.06739136667417629,0
TX006280,5822.79,2026-08-15 19:19:00,-0.5378000097244233,0
TX006281,15817.39,2026-01-19 10:25:00,0.09159524331825952,0
TX006282,6142.78,2026-05-28 22:04:00,-0.5176491095362088,0
TX006283,3787.24,2026-06-11 14:20:00,-0.6659857807738933,0
TX006284,14758.17,2026-07-09 04:03:00,0.02489241980077307,0
TX006285,41750.31,2026-07-27 09:35:00,1.7246827851444104,0
TX006286,10103.78,2026-08-03 19:46:00,-0.2682109532015814,0
TX006287,5377.17,2026-03-15 20:26:00,-0.5658622746135514,0
TX006288,5234.59,2026-04-10 16:56:00,-0.5748410406651018,0
TX006289,12541.94,2026-01-20 18:03:00,-0.11467140883176696,0
TX006290,16199.2,2026-08-03 10:50:00,0.11563916719357493,0
TX006291,56948.11,2026-08-19 11:24:00,2.6817419147436024,0
TX006292,5177.99,2026-04-10 04:54:00,-0.5784053425203253,0
TX006293,5872.25,2026-01-25 21:22:00,-0.5346853388806184,0
TX006294,8532.81,2026-01-15 08:26:00,-0.3671404812139545,0
TX006295,19579.78,2026-05-29 14:54:00,0.3285262266587893,0
TX006296,12111.75,2026-06-19 11:46:00,-0.1417619921373952,0
TX006297,1834.12,2026-06-03 22:18:00,-0.7889806436621253,0
TX006298,12188.5,2026-01-02 07:34:00,-0.13692877363229985,0
TX006299,14235.78,2026-01-12 07:36:00,-0.008004323064070616,0
TX006300,7232.72,2026-07-03 22:34:00,-0.44901173914606396,0
TX006301,8085.92,2026-02-04 01:44:00,-0.3952827224874666,0
TX006302,11330.38,2026-02-04 07:13:00,-0.19096762006347145,0
TX006303,1326.51,2026-04-24 22:24:00,-0.8209466377386263,0
TX006304,4149.02,2026-05-03 15:17:00,-0.6432032167247285,0
TX006305,9359.04,2026-03-17 00:03:00,-0.31510986068672414,0
TX006306,10592.1,2026-01-02 00:09:00,-0.23745971853828296,0
TX006307,9491.39,2026-03-17 03:47:00,-0.30677531385741647,0
TX006308,5113.32,2026-03-09 13:56:00,-0.5824778407708076,0
TX006309,5767.85,2026-07-22 04:35:00,-0.5412597755181683,0
TX006310,3609.01,2026-08-02 00:41:00,-0.6772095532059863,0
TX006311,3453.51,2026-03-20 08:51:00,-0.687001937278199,0
TX006312,8842.27,2026-05-07 07:12:00,-0.34765269230728596,0
TX006313,4335.46,2026-01-12 18:52:00,-0.631462431603035,0
TX006314,8847.28,2026-01-08 02:17:00,-0.3473371949169208,0
TX006315,16265.11,2026-07-18 17:25:00,0.11978975262251088,0
TX006316,2589.58,2026-08-20 08:08:00,-0.7414066599245446,0
TX006317,19729.06,2026-03-30 19:42:00,0.33792691536811365,0
TX006318,3887.24,2026-05-28 12:35:00,-0.6596884276727918,0
TX006319,2114.11,2026-05-26 05:04:00,-0.7713486847143515,0
TX006320,24678.03,2026-01-19 09:13:00,0.6495810311356925,0
TX006321,7209.49,2026-01-04 21:41:00,-0.4504746142714498,0
TX006322,6032.98,2026-06-08 17:29:00,-0.5245636032412182,0
TX006323,12935.58,2026-02-05 12:02:00,-0.08988250808459136,0
TX006324,7558.7,2026-06-13 23:13:00,-0.42848362750709357,0
TX006325,3045.09,2026-01-27 19:22:00,-0.7127215868137174,0
TX006326,4080.51,2026-07-18 10:09:00,-0.6475175333342931,0
TX006327,18942.61,2026-06-11 07:01:00,0.2884013819045015,0
TX006328,13586.63,2026-01-09 11:37:00,-0.04888359071987059,0
TX006329,7707.45,2026-04-27 22:04:00,-0.4191163147692052,0
TX006330,7691.01,2026-08-08 18:02:00,-0.4201515996190262,0
TX006331,3361.82,2026-02-16 14:01:00,-0.6927759803365989,0
TX006332,27810.58,2026-06-04 06:10:00,0.8468487657042454,0
TX006333,4612.84,2026-04-22 04:10:00,-0.6139948335711999,0
TX006334,8058.56,2026-03-28 04:45:00,-0.3970056782959279,0
TX006335,5714.38,2026-05-23 01:53:00,-0.5446269702213273,0
TX006336,20510.32,2026-06-14 12:01:00,0.3871256162057785,0
TX006337,11910.41,2026-04-02 23:11:00,-0.15444108287115282,0
TX006338,10901.69,2026-07-03 11:22:00,-0.21796374307258304,0
TX006339,3952.85,2026-04-16 19:20:00,-0.6555567343031592,0
TX006340,13490.74,2026-01-30 18:36:00,-0.05492212260851671,0
TX006341,33061.71,2026-07-29 05:07:00,1.1775309636021123,0
TX006342,8459.77,2026-02-18 11:30:00,-0.37174006791899894,0
TX006343,6903.6,2026-03-29 13:51:00,-0.4697375876724089,0
TX006344,20557.36,2026-06-06 14:22:00,0.3900878911045367,0
TX006345,6806.05,2026-08-02 04:51:00,-0.4758806556225334,0
TX006346,536.51,2026-02-28 01:36:00,-0.8706957272373275,0
TX006347,20117.83,2026-08-19 14:29:00,0.3624091350192657,0
TX006348,12070.45,2026-02-17 18:49:00,-0.14436279896815005,0
TX006349,4152.03,2026-01-24 17:38:00,-0.6430136663963854,0
TX006350,28442.7,2026-05-04 11:25:00,0.8866555941269276,0
TX006351,3108.83,2026-04-26 14:50:00,-0.7087076539470755,0
TX006352,3709.55,2026-08-25 20:26:00,-0.6708781943981389,0
TX006353,3320.33,2026-04-17 13:03:00,-0.6953887521382459,0
TX006354,6904.1,2026-01-07 05:59:00,-0.4697061009069034,0
TX006355,8496.96,2026-06-20 15:37:00,-0.36939808230069937,0
TX006356,7983.84,2026-06-13 18:39:00,-0.40171106053307093,0
TX006357,3385.72,2026-01-03 22:28:00,-0.6912709129454357,0
TX006358,5601.79,2026-01-27 07:21:00,-0.5517171600778574,0
TX006359,5567.79,2026-01-11 15:01:00,-0.5538582601322319,0
TX006360,68375.56,2026-06-20 00:20:00,3.401368791695417,1
TX006361,5043.27,2026-02-28 12:51:00,-0.586889136618129,0
TX006362,4154.02,2026-05-13 13:56:00,-0.6428883490696734,0
TX006363,13726.25,2026-03-17 23:53:00,-0.040091226320112736,0
TX006364,6603.65,2026-05-01 10:42:00,-0.4886264982991627,0
TX006365,3261.82,2026-03-19 05:43:00,-0.6990733334377004,0
TX006366,8497.33,2026-08-07 23:43:00,-0.36937478209422525,0
TX006367,4639.08,2026-01-03 13:04:00,-0.6123424081174709,0
TX006368,4033.68,2026-06-24 16:54:00,-0.6504665837915389,0
TX006369,3849.23,2026-07-27 05:52:00,-0.6620820515865204,0
TX006370,7860.87,2026-01-25 13:27:00,-0.4094549156414954,0
TX006371,9988.75,2026-06-15 20:19:00,-0.2754547984737784,0
TX006372,9984.79,2026-03-26 02:04:00,-0.27570417365658195,0
TX006373,10862.64,2026-01-02 13:18:00,-0.22042285945856321,0
TX006374,22614.28,2026-02-28 15:00:00,0.519619406511712,0
TX006375,2790.03,2026-08-08 23:34:00,-0.7287836156333867,0
TX006376,2044.92,2026-02-26 15:13:00,-0.7757058233250036,0
TX006377,1986.94,2026-08-10 17:36:00,-0.7793570286530221,0
TX006378,11143.38,2026-07-02 15:30:00,-0.2027436703625311,0
TX006379,29760.15,2026-01-31 04:59:00,0.9696200725573884,0
TX006380,1386.97,2026-01-11 01:15:00,-0.8171392580537004,0
TX006381,11360.63,2026-06-01 19:37:00,-0.18906267075038827,0
TX006382,6660.27,2026-03-30 06:15:00,-0.48506093697331903,0
TX006383,320.29,2026-07-19 06:05:00,-0.8843118641125289,0
TX006384,9068.29,2026-04-17 09:38:00,-0.3334194148281765,0
TX006385,22392.38,2026-05-08 08:53:00,0.5056455799803681,0
TX006386,7130.47,2026-03-27 05:26:00,-0.4554507826919401,0
TX006387,29108.17,2026-04-14 14:48:00,0.9285625898088271,0
TX006388,5479.44,2026-03-12 23:51:00,-0.559421971597055,0
TX006389,3042.72,2026-08-30 17:52:00,-0.7128708340822136,0
TX006390,20463.87,2026-08-26 14:32:00,0.3842004956903169,0
TX006391,5374.2,2026-05-31 20:43:00,-0.5660493060006542,0
TX006392,7664.96,2026-04-11 04:04:00,-0.42179206010186315,0
TX006393,1591.58,2026-04-14 19:54:00,-0.8042542438735367,0
TX006394,6179.92,2026-06-20 05:33:00,-0.5153102725944597,0
TX006395,5091.19,2026-02-02 10:39:00,-0.5838714450120812,0
TX006396,7820.95,2026-05-26 10:32:00,-0.4119688189994551,0
TX006397,3360.99,2026-06-09 15:35:00,-0.692828248367338,0
TX006398,4828.56,2026-01-18 09:01:00,-0.600410183461504,0
TX006399,19031.93,2026-06-25 05:52:00,0.29402617769440526,0
TX006400,49165.56,2026-04-12 16:20:00,2.1916472609738338,0
TX006401,3763.45,2026-01-23 01:03:00,-0.6674839210766453,0
TX006402,1684.09,2026-04-14 07:01:00,-0.7984285625197078,0
TX006403,18667.93,2026-04-12 04:25:00,0.2711038124063961,0
TX006404,6730.26,2026-04-29 02:43:00,-0.4806534195378581,0
TX006405,11602.7,2026-02-23 07:45:00,-0.17381866809855195,0
TX006406,9750.31,2026-07-26 14:58:00,-0.2904702072080447,0
TX006407,13761.12,2026-04-04 13:43:00,-0.03789533929375862,0
TX006408,1861.93,2026-01-28 18:30:00,-0.787229349764709,0
TX006409,14452.61,2026-01-11 18:57:00,0.005650227665047594,0
TX006410,6518.09,2026-07-02 13:13:00,-0.494014513612465,0
TX006411,13758.9,2026-03-23 01:59:00,-0.038035140532603144,0
TX006412,9567.67,2026-05-17 13:52:00,-0.3019716929118963,0
TX006413,4821.64,2026-04-21 14:52:00,-0.6008459602961,0
TX006414,39727.98,2026-01-16 11:14:00,1.5973295241749064,0
TX006415,3886.5,2026-08-05 23:19:00,-0.65973502808574,0
TX006416,11557.69,2026-03-04 09:28:00,-0.17665310672935772,0
TX006417,23777.79,2026-03-20 18:43:00,0.5928897395783372,0
TX006418,13511.68,2026-02-03 23:01:00,-0.05360345686914604,0
TX006419,9297.35,2026-06-28 00:04:00,-0.3189946978147936,0
TX006420,2836.86,2026-08-15 11:41:00,-0.7258345651761409,0
TX006421,15379.97,2026-02-08 13:42:00,0.06404936138342167,0
TX006422,2493.0,2026-04-23 03:18:00,-0.7474886435495883,0
TX006423,10813.86,2026-03-31 09:58:00,-0.22349470830128043,0
TX006424,500.42,2026-01-15 05:42:00,-0.872968441971515,0
TX006425,5061.94,2026-07-04 03:24:00,-0.5857134207941533,0
TX006426,11503.15,2026-07-28 22:48:00,-0.18008768311069848,0
TX006427,1958.83,2026-03-05 09:51:00,-0.7811272146097418,0
TX006428,9150.55,2026-08-06 00:38:00,-0.3282392121672106,0
TX006429,5566.65,2026-05-14 06:38:00,-0.5539300499575844,0
TX006430,4723.78,2026-08-10 16:32:00,-0.607008550040838,0
TX006431,21918.37,2026-05-15 05:00:00,0.4757954965458371,0
TX006432,12418.49,2026-06-02 18:08:00,-0.12244549123507671,0
TX006433,3032.44,2026-04-01 18:15:00,-0.7135182019810068,0
TX006434,2172.97,2026-06-14 21:00:00,-0.7676420626790432,0
TX006435,15207.48,2026-03-02 23:20:00,0.05318705701933184,0
TX006436,12587.07,2026-07-02 08:22:00,-0.11182941337723994,0
TX006437,2240.88,2026-07-25 09:27:00,-0.7633655301880853,0
TX006438,10871.42,2026-04-15 17:18:00,-0.21986995185628647,0
TX006439,2088.27,2026-04-06 01:13:00,-0.7729759207556761,0
TX006440,35948.53,2026-08-08 01:10:00,1.3593242123953284,0
TX006441,8436.68,2026-06-04 02:39:00,-0.37319412675004326,0
TX006442,22154.04,2026-03-07 03:57:00,0.4906364685992029,0
TX006443,11496.3,2026-01-08 02:01:00,-0.18051905179812397,0
TX006444,7198.18,2026-08-11 15:25:00,-0.45118684490718436,0
TX006445,7763.79,2026-07-22 06:51:00,-0.4155683860320446,0
TX006446,8604.16,2026-02-15 20:12:00,-0.3626473197763186,0
TX006447,4014.39,2026-03-06 02:57:00,-0.6516813432047414,0
TX006448,5127.19,2026-08-06 16:52:00,-0.5816043978956847,0
TX006449,4312.07,2026-03-07 17:24:00,-0.6329353824933827,0
TX006450,4997.62,2026-08-24 20:54:00,-0.5897638783087819,0
TX006451,17858.09,2026-06-02 12:28:00,0.2201053280524363,0
TX006452,2912.84,2026-07-22 21:33:00,-0.721049836289924,0
TX006453,21841.36,2026-06-09 20:27:00,0.47094590492267896,0
TX006454,15008.34,2026-05-01 23:17:00,0.040646508053798505,0
TX006455,3345.18,2026-01-05 02:50:00,-0.6938238598926222,0
TX006456,9854.69,2026-08-01 23:22:00,-0.28389703004111494,0
TX006457,10664.44,2026-04-15 06:15:00,-0.23290421330494618,0
TX006458,3061.91,2026-08-31 11:35:00,-0.7116623720221122,0
TX006459,4577.84,2026-02-06 20:35:00,-0.6161989071565854,0
TX006460,3320.2,2026-06-17 00:35:00,-0.6953969386972774,0
TX006461,1492.99,2026-04-24 21:45:00,-0.8104628042959127,0
TX006462,43616.55,2026-02-14 06:04:00,1.8422065076584058,0
TX006463,29588.17,2026-07-28 02:41:00,0.958789884694114,0
TX006464,6617.43,2026-04-29 03:20:00,-0.4877587230418309,0
TX006465,28877.26,2026-02-11 14:42:00,0.9140213717630739,0
TX006466,18731.95,2026-04-03 18:18:00,0.2751353778617212,0
TX006467,15573.51,2026-08-09 22:26:00,0.07623725857529341,0
TX006468,7957.0,2026-02-16 12:59:00,-0.40340127010540655,0
TX006469,9981.76,2026-06-30 16:54:00,-0.27589498345554536,0
TX006470,3697.94,2026-02-23 09:31:00,-0.6716093170931768,0
TX006471,2493.55,2026-06-22 18:39:00,-0.7474540081075322,0
TX006472,4998.54,2026-05-27 06:20:00,-0.5897059426602518,0
TX006473,2749.39,2026-01-16 05:43:00,-0.7313428599336744,0
TX006474,2749.3,2026-01-01 10:19:00,-0.7313485275514653,0
TX006475,3140.03,2026-08-21 18:06:00,-0.7067428797795318,0
TX006476,2641.32,2026-02-17 21:54:00,-0.7381484094300347,0
TX006477,7368.37,2026-08-11 08:22:00,-0.4404693796644199,0
TX006478,2505.79,2026-04-25 22:22:00,-0.7466832120879575,0
TX006479,5539.22,2026-05-18 02:45:00,-0.5556574139132165,0
TX006480,3461.83,2026-05-26 15:05:00,-0.6864779975001873,0
TX006481,5255.73,2026-04-04 23:46:00,-0.573509780219529,0
TX006482,4858.23,2026-05-26 10:26:00,-0.5985417587964071,0
TX006483,8214.16,2026-04-14 17:36:00,-0.38720699687061416,0
TX006484,6503.57,2026-03-13 01:08:00,-0.494928889282745,0
TX006485,10860.76,2026-05-27 01:34:00,-0.22054124969686387,0
TX006486,8087.86,2026-08-22 11:06:00,-0.39516055383730525,0
TX006487,12752.15,2026-03-15 23:26:00,-0.10143374287794171,0
TX006488,15176.6,2026-01-11 11:37:00,0.05124243438171177,0
TX006489,4116.41,2026-08-15 02:51:00,-0.6452567835709977,0
TX006490,13744.1,2026-02-20 13:57:00,-0.03896714879156611,0
TX006491,6614.45,2026-02-15 01:28:00,-0.48794638416424374,0
TX006492,6827.77,2026-02-06 16:21:00,-0.4745128705289741,0
TX006493,4400.49,2026-07-13 02:57:00,-0.6273672628813888,0
TX006494,23381.45,2026-04-24 00:51:00,0.5679308102974319,0
TX006495,2676.87,2026-02-03 21:44:00,-0.7359097004025931,0
TX006496,5395.64,2026-04-10 20:21:00,-0.5646991534957779,0
TX006497,164847.83,2026-02-12 05:48:00,9.476568278243354,1
TX006498,13513.04,2026-06-08 08:27:00,-0.05351781286697103,0
TX006499,7837.17,2026-08-12 10:45:00,-0.4109473883264564,0
TX006500,21197.7,2026-05-22 16:13:00,0.43041236195212956,0
TX006501,15476.76,2026-07-29 02:06:00,0.0701445694499778,0
TX006502,11093.14,2026-05-05 02:42:00,-0.20590746056052445,0
TX006503,19905.22,2026-01-11 06:39:00,0.3490203325910139,0
TX006504,11718.63,2026-04-13 21:03:00,-0.16651814664844516,0
TX006505,2760.11,2026-07-02 17:21:00,-0.7306677836812363,0
TX006506,2349.37,2026-04-25 11:32:00,-0.7565335318087002,0
TX006507,1038.37,2026-05-12 17:04:00,-0.8390918309641399,0
TX006508,4656.57,2026-05-22 08:38:00,-0.6112410010600883,0
TX006509,18749.17,2026-03-01 19:53:00,0.2762197820657307,0
TX006510,19654.51,2026-05-05 19:08:00,0.33323223863124235,0
TX006511,19036.17,2026-06-02 16:01:00,0.29429318546589184,0
TX006512,2908.45,2026-01-26 05:25:00,-0.7213262900910625,0
TX006513,21631.27,2026-04-09 09:27:00,0.457715795792575,0
TX006514,1937.35,2026-08-10 12:59:00,-0.7824798860558584,0
TX006515,5650.11,2026-07-14 06:27:00,-0.5486742790594052,0
TX006516,10076.75,2026-01-22 02:21:00,-0.26991312774480913,0
TX006517,23088.07,2026-07-26 18:17:00,0.5494556357694205,0
TX006518,6284.09,2026-03-15 18:41:00,-0.5087503198690424,0
TX006519,3435.18,2026-07-31 21:09:00,-0.6881562421016308,0
TX006520,4659.37,2026-06-29 14:13:00,-0.6110646751732574,0
TX006521,2970.76,2026-01-22 00:37:00,-0.7174024093737661,0
TX006522,11215.36,2026-03-11 07:02:00,-0.1982108356003582,0
TX006523,16899.45,2026-02-05 11:10:00,0.15973638228403766,0
TX006524,12810.86,2026-04-25 22:41:00,-0.09773656687228502,0
TX006525,6776.75,2026-07-02 03:27:00,-0.4777257800811561,0
TX006526,2260.32,2026-03-06 03:15:00,-0.7621413247452311,0
TX006527,955.13,2026-02-21 15:05:00,-0.8443337476854968,0
TX006528,44470.09,2026-06-27 15:08:00,1.8959569353175465,0
TX006529,7088.15,2026-05-15 06:58:00,-0.4581158225243263,0
TX006530,6409.56,2026-08-26 15:41:00,-0.5008490309330904,0
TX006531,2329.56,2026-04-01 04:55:00,-0.7577810374580285,0
TX006532,8133.83,2026-04-16 14:00:00,-0.3922656606167289,0
TX006533,4107.44,2026-04-30 14:37:00,-0.6458216561441664,0
TX006534,13639.71,2026-08-19 15:06:00,-0.045540955693805965,0
TX006535,5621.99,2026-02-28 04:40:00,-0.5504450947514349,0
TX006536,6438.16,2026-05-03 01:49:00,-0.49904798794617544,0
TX006537,6895.65,2026-05-24 14:26:00,-0.47023822724394654,0
TX006538,24729.12,2026-03-14 15:11:00,0.6527983488350453,0
TX006539,18568.81,2026-03-26 13:02:00,0.2648618760125844,0
TX006540,14128.86,2026-04-19 02:50:00,-0.014737452999768263,0
TX006541,11326.06,2026-01-03 05:40:00,-0.191239665717439,0
TX006542,9865.77,2026-02-19 20:16:00,-0.28319928331751293,0
TX006543,9966.32,2026-05-30 01:31:00,-0.27686729477435545,0
TX006544,17077.12,2026-03-11 19:27:00,0.17092488953876445,0
TX006545,13812.32,2026-05-08 21:17:00,-0.03467109450599476,0
TX006546,5363.17,2026-06-15 08:56:00,-0.5667439040477056,0
TX006547,11467.47,2026-06-10 14:03:00,-0.18233457869717148,0
TX006548,2382.6,2026-06-11 07:23:00,-0.7544409213732043,0
TX006549,3464.84,2026-03-25 11:44:00,-0.6862884471718442,0
TX006550,8357.8,2026-04-10 08:00:00,-0.3781614788761921,0
TX006551,1642.36,2026-06-30 18:55:00,-0.8010564479687974,0
TX006552,3606.39,2026-05-27 02:23:00,-0.6773745438572352,0
TX006553,20267.02,2026-01-30 10:26:00,0.3718041561107988,0
TX006554,21315.37,2026-01-11 17:57:00,0.4378224573461955,0
TX006555,47993.56,2026-06-15 09:26:00,2.1178422826289247,0
TX006556,11370.73,2026-02-06 03:09:00,-0.188426638087177,0
TX006557,15659.37,2026-03-03 18:56:00,0.08164416594789914,0
TX006558,6846.24,2026-03-11 07:44:00,-0.4733497494112007,0
TX006559,8327.12,2026-04-25 08:27:00,-0.38009350680760995,0
TX006560,3090.22,2026-03-20 00:25:00,-0.7098795913591904,0
TX006561,7592.06,2026-08-15 05:45:00,-0.4263828305125661,0
TX006562,11542.17,2026-02-22 17:25:00,-0.1776304559306487,0
TX006563,10100.16,2026-06-08 23:05:00,-0.26843891738384135,0
TX006564,20597.22,2026-02-02 06:07:00,0.39259801605063577,0
TX006565,1424.07,2026-05-10 09:42:00,-0.8148029400531918,0
TX006566,12265.54,2026-08-09 23:06:00,-0.13207729280321126,0
TX006567,11114.48,2026-08-16 11:48:00,-0.2045636054087494,0
TX006568,11358.57,2026-03-14 17:13:00,-0.18919239622427092,0
TX006569,1859.42,2026-05-17 16:21:00,-0.7873874133275467,0
TX006570,11852.92,2026-03-26 23:48:00,-0.158061431168976,0
TX006571,9547.18,2026-06-25 01:12:00,-0.30326202056231194,0
TX006572,7539.97,2026-04-21 06:48:00,-0.4296631217429298,0
TX006573,16673.88,2026-03-27 10:32:00,0.1455314428938832,0
TX006574,31919.95,2026-08-20 18:15:00,1.105630304834977,0
TX006575,928.17,2026-05-12 01:36:00,-0.8460315140815536,0
TX006576,19681.82,2026-04-06 16:11:00,0.33495204576315324,0
TX006577,1414.01,2026-01-18 00:14:00,-0.8154364537751625,0
TX006578,9817.44,2026-04-09 12:20:00,-0.28624279407127523,0
TX006579,7787.12,2026-06-19 05:34:00,-0.41409921355355767,0
TX006580,9806.69,2026-01-16 03:28:00,-0.2869197595296436,0
TX006581,1544.36,2026-04-30 10:14:00,-0.8072278540078768,0
TX006582,10054.62,2026-01-11 01:13:00,-0.27130673198608285,0
TX006583,11280.25,2026-05-02 23:06:00,-0.19412448317305353,0
TX006584,12961.15,2026-07-03 13:05:00,-0.08827227489663975,0
TX006585,12841.77,2026-05-01 13:23:00,-0.09579005502873457,0
TX006586,25101.12,2026-06-16 13:14:00,0.6762245023711426,0
TX006587,3700.35,2026-04-11 14:46:00,-0.6714575508834403,0
TX006588,18624.87,2026-07-13 17:41:00,0.2683921721610617,0
TX006589,16384.32,2026-03-24 05:17:00,0.12729682725433383,0
TX006590,4379.81,2026-08-29 18:37:00,-0.6286695555026965,0
TX006591,9533.01,2026-06-17 06:57:00,-0.304154355496738,0
TX006592,9866.62,2026-07-18 21:28:00,-0.28314575581615353,0
TX006593,4542.23,2026-06-25 10:24:00,-0.6184413945958877,0
TX006594,985.19,2026-02-01 19:43:00,-0.8424407633433056,0
TX006595,5591.78,2026-07-04 06:27:00,-0.5523475251232776,0
TX006596,9300.29,2026-05-15 08:07:00,-0.31880955563362123,0
TX006597,7206.4,2026-02-28 07:59:00,-0.4506692024822739,0
TX006598,6580.46,2026-02-11 16:45:00,-0.4900868544833081,0
TX006599,8483.07,2026-07-24 05:14:00,-0.3702727846464423,0
TX006600,2004.3,2026-04-15 05:22:00,-0.778263808154671,0
TX006601,5466.11,2026-06-04 11:26:00,-0.5602614087654318,0
TX006602,11741.0,2026-08-26 06:28:00,-0.16510942875972873,0
TX006603,54761.24,2026-01-19 08:27:00,2.5440269889815457,0
TX006604,9897.31,2026-05-03 05:44:00,-0.2812130981494256,0
TX006605,2132.63,2026-05-27 00:37:00,-0.7701824149200276,0
TX006606,2085.19,2026-02-14 16:26:00,-0.77316987923119,0
TX006607,4764.34,2026-04-25 11:59:00,-0.6044543436230312,0
TX006608,6074.2,2026-08-25 05:59:00,-0.5219678342929442,0
TX006609,8547.79,2026-01-27 02:04:00,-0.3661971377194094,0
TX006610,2398.08,2026-04-13 08:14:00,-0.7534660911131538,0
TX006611,6511.51,2026-07-20 11:28:00,-0.49442887944651753,0
TX006612,3391.22,2026-03-03 11:00:00,-0.6909245585248751,0
TX006613,16030.65,2026-06-07 00:22:00,0.10502497854166842,0
TX006614,4249.45,2026-01-10 05:51:00,-0.6368787850052924,0
TX006615,60267.32,2026-07-05 16:14:00,2.8907642886106713,0
TX006616,6077.62,2026-04-29 13:54:00,-0.5217524648168864,0
TX006617,5036.11,2026-08-06 20:28:00,-0.587340027100168,0
TX006618,4592.64,2026-08-06 21:22:00,-0.6152668988976223,0
TX006619,6489.86,2026-01-29 11:02:00,-0.495792256392906,0
TX006620,37486.96,2026-08-09 09:48:00,1.456204581708603,0
TX006621,7711.85,2026-05-16 04:30:00,-0.4188392312327567,0
TX006622,19020.84,2026-02-03 12:01:00,0.29332780123549307,0
TX006623,2901.12,2026-01-18 08:31:00,-0.7217878860733731,0
TX006624,10602.38,2026-07-27 01:04:00,-0.2368123506394898,0
TX006625,4416.61,2026-02-07 06:38:00,-0.6263521295614913,0
TX006626,743.08,2026-08-30 16:05:00,-0.8576872849363824,0
TX006627,10961.5,2026-05-13 11:19:00,-0.21419729618281433,0
TX006628,2560.15,2026-06-29 06:46:00,-0.7432599709421988,0
TX006629,6992.06,2026-07-05 07:37:00,-0.4641669491191746,0
TX006630,16583.82,2026-08-22 03:06:00,0.13986004669103116,0
TX006631,8236.8,2026-08-11 01:16:00,-0.3857812761285248,0
TX006632,12982.42,2026-04-16 07:55:00,-0.08693282789203545,0
TX006633,4278.95,2026-08-16 00:27:00,-0.6350210658404675,0
TX006634,11106.4,2026-07-31 23:11:00,-0.2050724315393184,0
TX006635,6860.06,2026-06-21 02:10:00,-0.47247945521262846,0
TX006636,8716.11,2026-08-23 20:21:00,-0.35559743297963553,0
TX006637,70382.98,2026-03-22 02:43:00,3.527783117317547,1
TX006638,16062.35,2026-05-08 22:36:00,0.10702123947471762,0
TX006639,3345.25,2026-01-21 22:44:00,-0.6938194517454515,0
TX006640,5492.7,2026-06-30 08:09:00,-0.558586942575849,0
TX006641,14803.09,2026-03-04 02:39:00,0.027721190813787832,0
TX006642,482.94,2026-05-12 16:16:00,-0.8740692192935875,0
TX006643,12138.43,2026-03-19 09:44:00,-0.14008185833002132,0
TX006644,5843.12,2026-01-29 11:05:00,-0.5365197578389692,0
TX006645,3513.29,2026-07-31 11:57:00,-0.6832373795943607,0
TX006646,7201.38,2026-02-09 17:49:00,-0.4509853296079491,0
TX006647,7093.05,2026-01-14 21:21:00,-0.4578072522223723,0
TX006648,14242.67,2026-05-06 14:42:00,-0.007570435435404765,0
TX006649,15341.98,2026-08-08 20:25:00,0.06165699694031325,0
TX006650,1225.16,2026-05-28 20:52:00,-0.8273290051065926,0
TX006651,7578.91,2026-01-26 03:09:00,-0.42721093244536096,0
TX006652,3838.56,2026-02-28 05:21:00,-0.6627539791624081,0
TX006653,26180.13,2026-07-10 15:00:00,0.7441735720673371,0
TX006654,7015.28,2026-07-23 20:49:00,-0.4627047037290989,0
TX006655,10273.26,2026-02-03 05:12:00,-0.25753819916583476,0
TX006656,5811.64,2026-08-06 18:58:00,-0.538502164595196,0
TX006657,1856.36,2026-04-05 22:10:00,-0.7875801123324404,0
TX006658,20289.27,2026-05-04 11:57:00,0.37320531717579386,0
TX006659,23711.11,2026-06-28 20:22:00,0.5886906645305228,0
TX006660,13722.75,2026-07-23 14:38:00,-0.04031163367865129,0
TX006661,7701.34,2026-04-26 02:15:00,-0.41950108304368244,0
TX006662,2388.89,2026-06-10 12:41:00,-0.754044817863145,0
TX006663,23928.0,2026-08-04 03:24:00,0.6023489936715016,0
TX006664,2829.52,2026-04-24 08:40:00,-0.7262967908937618,0
TX006665,16245.42,2026-07-27 05:11:00,0.11854980379690398,0
TX006666,6379.02,2026-01-10 19:29:00,-0.5027722425701667,0
TX006667,5808.66,2026-08-02 03:08:00,-0.5386898257176089,0
TX006668,14133.58,2026-01-04 02:12:00,-0.014440217933396317,0
TX006669,1837.22,2026-08-26 00:45:00,-0.7887854257159913,0
TX006670,5893.73,2026-01-29 15:05:00,-0.5333326674345019,0
TX006671,11797.78,2026-04-18 20:04:00,-0.1615337916689233,0
TX006672,5471.85,2026-04-07 19:31:00,-0.5598999406974285,0
TX006673,10986.43,2026-08-11 17:21:00,-0.21262736605470972,0
TX006674,2156.37,2026-05-13 06:23:00,-0.768687423293826,0
TX006675,3527.49,2026-05-28 00:58:00,-0.6823431554540043,0
TX006676,7623.98,2026-07-07 06:08:00,-0.42437271540269456,0
TX006677,10563.32,2026-01-24 18:10:00,-0.23927209676077998,0
TX006678,2435.75,2026-01-21 19:34:00,-0.7510938781999689,0
TX006679,7340.76,2026-02-09 09:18:00,-0.44220807885563396,0
TX006680,10891.63,2026-07-11 19:37:00,-0.21859725679455394,0
TX006681,4118.68,2026-03-04 14:18:00,-0.6451138336556027,0
TX006682,8061.52,2026-01-14 18:41:00,-0.39681927664413535,0
TX006683,2527.99,2026-04-20 06:32:00,-0.7452851996995129,0
TX006684,2137.98,2026-07-03 08:21:00,-0.7698455065291187,0
TX006685,11268.04,2026-08-16 01:23:00,-0.19489338998669797,0
TX006686,8509.5,2026-08-15 23:37:00,-0.3686083942218212,0
TX006687,2653.72,2026-02-01 12:59:00,-0.7373675376454981,0
TX006688,70873.48,2026-06-19 13:33:00,3.5586716342784492,1
TX006689,15258.05,2026-03-27 20:43:00,0.05637162848255881,0
TX006690,2056.67,2026-05-08 03:06:00,-0.7749658843356242,0
TX006691,4486.31,2026-04-27 00:56:00,-0.6219628744500235,0
TX006692,9160.1,2026-04-18 10:20:00,-0.3276378149460553,0
TX006693,6307.81,2026-02-25 19:43:00,-0.507256587713461,0
TX006694,23270.36,2026-07-29 01:18:00,0.5609350807374183,0
TX006695,9497.36,2026-06-05 12:21:00,-0.3063993618772807,0
TX006696,6892.6,2026-05-27 11:35:00,-0.4704302965135301,0
TX006697,8995.24,2026-07-07 01:01:00,-0.3380196312685312,0
TX006698,9673.74,2026-04-16 13:14:00,-0.295292090477558,0
TX006699,10793.85,2026-08-11 05:57:00,-0.22475480865681083,0
TX006700,3607.95,2026-06-13 20:59:00,-0.6772763051488581,0
TX006701,22231.94,2026-07-31 08:49:00,0.4955421066649608,0
TX006702,9766.71,2026-08-24 02:27:00,-0.2894374412994641,0
TX006703,7396.24,2026-08-22 00:02:00,-0.43871430735514294,0
TX006704,3169.83,2026-06-12 08:17:00,-0.7048662685554036,0
TX006705,34120.3,2026-03-18 12:39:00,1.244194113795062,0
TX006706,3492.74,2026-04-03 15:00:00,-0.6845314856566369,0
TX006707,2824.06,2026-05-06 23:37:00,-0.7266406263730819,0
TX006708,6032.65,2026-06-18 16:53:00,-0.5245843845064518,0
TX006709,8545.73,2026-03-01 12:27:00,-0.36632686319329216,0
TX006710,8519.15,2026-03-05 13:02:00,-0.36800069964756493,0
TX006711,18193.58,2026-07-29 11:25:00,0.24123231797132155,0
TX006712,19770.4,2026-01-24 10:52:00,0.340530241140109,0
TX006713,45897.91,2026-04-30 15:21:00,1.9858718023656934,0
TX006714,7414.45,2026-05-21 15:10:00,-0.43756755935543235,0
TX006715,16407.17,2026-04-10 22:48:00,0.1287357724379354,0
TX006716,7779.48,2026-03-26 02:20:00,-0.41458033133048183,0
TX006717,3988.65,2026-08-12 18:37:00,-0.6533022818929649,0
TX006718,17075.08,2026-04-05 19:23:00,0.17079642353550215,0
TX006719,1188.41,2026-04-01 02:37:00,-0.8296432823712474,0
TX006720,12079.73,2026-04-11 14:24:00,-0.14377840460036792,0
TX006721,4227.67,2026-02-25 10:21:00,-0.6382503485107123,0
TX006722,14915.11,2026-02-05 20:43:00,0.03477548575764167,0
TX006723,9899.8,2026-07-01 23:36:00,-0.28105629405720817,0
TX006724,83143.22,2026-07-05 20:52:00,4.331340486665532,1
TX006725,7234.38,2026-04-21 00:27:00,-0.44890720308458565,0
TX006726,7104.61,2026-01-14 12:26:00,-0.457079278203885,0
TX006727,7630.36,2026-03-14 18:40:00,-0.4239709442748443,0
TX006728,3809.18,2026-08-11 03:42:00,-0.6646041415035115,0
TX006729,13587.03,2026-01-04 17:33:00,-0.0488584013074661,0
TX006730,14034.97,2026-01-14 06:03:00,-0.020650037826392464,0
TX006731,93377.23,2026-07-20 13:40:00,4.975812232767561,1
TX006732,2403.11,2026-08-23 10:36:00,-0.7531493342521683,0
TX006733,15969.36,2026-06-23 12:38:00,0.10116533082600342,0
TX006734,7475.7,2026-02-09 13:24:00,-0.4337104305810077,0
TX006735,11918.02,2026-01-09 07:07:00,-0.15396185430015896,0
TX006736,6880.62,2026-07-08 14:20:00,-0.4711847194150421,0
TX006737,13197.28,2026-07-30 22:04:00,-0.07340233501900889,0
TX006738,78687.49,2026-04-24 03:13:00,4.050747435333825,1
TX006739,14182.89,2026-03-10 04:50:00,-0.011334993119243237,0
TX006740,10995.82,2026-06-12 10:12:00,-0.21203604459851633,0
TX006741,5440.0,2026-03-01 05:16:00,-0.5619056476601294,0
TX006742,4225.27,2026-02-07 16:56:00,-0.6384014849851387,0
TX006743,7165.17,2026-04-29 12:08:00,-0.45326560116585796,0
TX006744,10174.45,2026-07-26 11:37:00,-0.263760613765033,0
TX006745,30988.91,2026-03-16 04:46:00,1.0469994285224822,0
TX006746,3854.67,2026-06-13 12:57:00,-0.6617394755778205,0
TX006747,16713.41,2026-02-21 14:58:00,0.14802078657474851,0
TX006748,1301.34,2026-05-10 16:43:00,-0.8225316815141736,0
TX006749,13867.27,2026-08-01 15:46:00,-0.031210698976939483,0
TX006750,4767.35,2026-03-19 06:19:00,-0.6042647932946881,0
TX006751,15748.78,2026-05-12 19:01:00,0.08727462935559391,0
TX006752,24433.48,2026-05-15 20:28:00,0.6341808541269491,0
TX006753,5968.87,2026-06-30 07:59:00,-0.5286008363143342,0
TX006754,7328.15,2026-02-11 01:31:00,-0.4430021750816829,0
TX006755,21152.29,2026-03-17 19:59:00,0.4275527339089194,0
TX006756,1158.88,2026-06-03 01:56:00,-0.8315028907420027,0
TX006757,9053.9,2026-01-11 21:12:00,-0.33432560393942506,0
TX006758,7432.05,2026-04-21 07:10:00,-0.4364592252096385,0
TX006759,3536.9,2026-06-02 02:04:00,-0.6817505745271906,0
TX006760,8518.46,2026-02-02 01:32:00,-0.36804415138396257,0
TX006761,20887.39,2026-07-22 21:04:00,0.41087104554410164,0
TX006762,59198.18,2026-06-04 23:35:00,2.823436767665555,0
TX006763,5031.89,2026-08-21 23:19:00,-0.5876057754010343,0
TX006764,5256.95,2026-05-23 02:21:00,-0.5734329525116956,0
TX006765,730.83,2026-06-29 17:46:00,-0.8584587106912672,0
TX006766,8529.31,2026-05-04 19:38:00,-0.36736088857249305,0
TX006767,5583.2,2026-03-11 02:16:00,-0.5528878380193522,0
TX006768,16252.33,2026-01-01 23:41:00,0.11898495089619007,0
TX006769,9984.17,2026-03-23 01:57:00,-0.27574321724580886,0
TX006770,4639.63,2026-04-22 12:17:00,-0.6123077726754149,0
TX006771,6480.16,2026-06-05 02:12:00,-0.4964030996437128,0
TX006772,18430.27,2026-07-10 00:08:00,0.2561375230263184,0
TX006773,6832.27,2026-03-28 07:31:00,-0.4742294896394246,0
TX006774,9981.28,2026-03-12 16:46:00,-0.27592521075043064,0
TX006775,1907.83,2026-01-04 16:44:00,-0.7843388646913035,0
TX006776,4492.12,2026-03-23 11:30:00,-0.6215969982348495,0
TX006777,16105.54,2026-02-06 07:17:00,0.10974106627908335,0
TX006778,12713.14,2026-04-27 08:40:00,-0.1038903403226814,0
TX006779,37103.49,2026-06-12 07:13:00,1.4320561217718093,0
TX006780,29910.15,2026-07-27 00:50:00,0.9790661022090406,0
TX006781,14421.89,2026-01-28 06:28:00,0.0037156807923891637,0
TX006782,15738.13,2026-07-03 06:28:00,0.08660396125032652,0
TX006783,2099.36,2026-04-10 13:14:00,-0.7722775442967639,0
TX006784,36429.8,2026-08-27 17:29:00,1.3896314836649994,0
TX006785,20401.42,2026-07-02 04:56:00,0.380267798678679,0
TX006786,25037.65,2026-05-17 23:16:00,0.6722275723578737,0
TX006787,5538.21,2026-06-19 13:41:00,-0.5557210171795376,0
TX006788,2800.65,2026-03-05 17:59:00,-0.7281148367340498,0
TX006789,6461.11,2026-03-05 04:40:00,-0.49760274540947264,0
TX006790,34727.74,2026-07-22 05:18:00,1.2824467554723922,0
TX006791,2005.14,2026-08-08 07:19:00,-0.7782109103886218,0
TX006792,15780.55,2026-07-02 04:58:00,0.08927529843581375,0
TX006793,5042.0,2026-07-26 16:57:00,-0.5869691130025131,0
TX006794,7207.26,2026-01-07 16:47:00,-0.45061504524560436,0
TX006795,1979.26,2026-08-26 13:26:00,-0.7798406653711867,0
TX006796,35255.33,2026-04-27 20:44:00,1.3156709606984935,0
TX006797,965.8,2026-08-06 09:24:00,-0.8436618201096093,0
TX006798,10298.62,2026-03-07 15:15:00,-0.2559411904193954,0
TX006799,3185.4,2026-05-07 04:57:00,-0.7038857706775621,0
TX006800,2141.98,2026-04-20 12:15:00,-0.7695936124050745,0
TX006801,5079.1,2026-07-25 09:18:00,-0.5846327950020044,0
TX006802,8872.05,2026-04-01 05:25:00,-0.34577734055377807,0
TX006803,5542.77,2026-01-05 09:39:00,-0.5554338578781274,0
TX006804,18696.48,2026-01-02 17:12:00,0.27290170671676045,0
TX006805,6366.55,2026-06-29 00:54:00,-0.5035575225018741,0
TX006806,4810.54,2026-03-05 06:38:00,-0.6015449664903224,0
TX006807,8044.11,2026-03-09 05:18:00,-0.39791564581903716,0
TX006808,11579.96,2026-01-01 02:03:00,-0.1752506861937425,0
TX006809,7003.07,2026-08-07 00:43:00,-0.4634736105427434,0
TX006810,10841.44,2026-05-10 03:07:00,-0.22175789831599665,0
TX006811,31753.37,2026-08-17 17:01:00,1.0951401740391622,0
TX006812,7397.67,2026-08-11 11:00:00,-0.4386242552057972,0
TX006813,4624.04,2026-03-11 20:37:00,-0.6132895300238767,0
TX006814,11285.13,2026-01-22 07:21:00,-0.19381717234171983,0
TX006815,12082.4,2026-02-17 00:38:00,-0.14361026527256848,0
TX006816,90835.83,2026-05-16 04:32:00,4.81577130105617,1
TX006817,5049.61,2026-07-05 13:23:00,-0.5864898844315193,0
TX006818,3100.18,2026-06-01 22:47:00,-0.7092523749903207,0
TX006819,12630.84,2026-06-06 05:12:00,-0.10907306192488782,0
TX006820,6840.5,2026-08-04 19:05:00,-0.47371121747920397,0
TX006821,40348.18,2026-05-06 16:29:00,1.6363857081079372,0
TX006822,4100.95,2026-07-28 12:14:00,-0.6462303543604281,0
TX006823,2635.77,2026-02-11 11:53:00,-0.7384979125271458,0
TX006824,2350.46,2026-08-11 21:22:00,-0.7564648906598982,0
TX006825,8420.39,2026-05-12 08:42:00,-0.3742199655702127,0
TX006826,8874.72,2026-05-01 06:44:00,-0.34560920122597866,0
TX006827,9254.78,2026-06-10 21:53:00,-0.3216754810299325,0
TX006828,16902.45,2026-03-18 05:00:00,0.15992530287707069,0
TX006829,5740.32,2026-06-14 19:00:00,-0.5429934368269016,0
TX006830,15169.95,2026-08-27 10:49:00,0.05082366040048855,0
TX006831,9274.45,2026-07-26 14:40:00,-0.3204367916749458,0
TX006832,6112.83,2026-03-03 18:00:00,-0.5195351667899887,0
TX006833,5645.5,2026-03-01 00:32:00,-0.548964587037366,0
TX006834,29589.67,2026-04-01 04:45:00,0.9588843449906305,0
TX006835,35910.03,2026-01-13 20:28:00,1.3568997314514042,0
TX006836,12647.99,2026-03-01 05:25:00,-0.10799306586804895,0
TX006837,10440.51,2026-05-12 03:17:00,-0.2470058761042426,0
TX006838,11271.55,2026-05-01 06:44:00,-0.1946723528928494,0
TX006839,35978.9,2026-05-29 14:06:00,1.361236718532133,0
TX006840,59739.51,2026-04-12 02:54:00,2.857526229207748,0
TX006841,6348.35,2026-02-24 03:08:00,-0.5047036407662746,0
TX006842,17762.37,2026-01-19 05:00:00,0.21407750166406195,0
TX006843,27821.02,2026-02-02 01:46:00,0.8475062093680003,0
TX006844,7443.54,2026-01-23 06:28:00,-0.4357356593383219,0
TX006845,7604.75,2026-07-09 17:25:00,-0.4255836964040363,0
TX006846,19431.75,2026-06-07 05:21:00,0.31920425486322895,0
TX006847,11161.97,2026-04-06 10:03:00,-0.20157299242103635,0
TX006848,5913.7,2026-08-11 02:35:00,-0.532075086020212,0
TX006849,11609.07,2026-07-29 18:16:00,-0.17341752670601185,0
TX006850,5723.81,2026-03-22 13:35:00,-0.5440331298238935,0
TX006851,6198.99,2026-04-20 10:33:00,-0.5141093673580797,0
TX006852,3145.42,2026-04-11 23:36:00,-0.7064034524473823,0
TX006853,6387.56,2026-03-02 18:43:00,-0.5022344486153327,0
TX006854,103943.5,2026-01-22 01:42:00,5.641207564283311,1
TX006855,4264.82,2026-05-12 02:17:00,-0.6359108818336531,0
TX006856,12140.75,2026-07-25 06:01:00,-0.1399357597380758,0
TX006857,16043.49,2026-01-11 19:31:00,0.10583355867984985,0
TX006858,28697.62,2026-08-26 08:16:00,0.9027088066522553,0
TX006859,16197.0,2026-06-23 15:08:00,0.11550062542535067,0
TX006860,5625.86,2026-06-12 06:23:00,-0.5502013871864223,0
TX006861,31050.71,2026-05-18 20:52:00,1.0508911927389626,0
TX006862,3113.78,2026-06-24 06:48:00,-0.7083959349685709,0
TX006863,4426.18,2026-04-06 15:51:00,-0.6257494728697158,0
TX006864,9173.21,2026-06-08 01:28:00,-0.326812231954501,0
TX006865,12588.43,2026-02-16 01:39:00,-0.11174376937506493,0
TX006866,3957.08,2026-01-06 19:11:00,-0.6552903562669826,0
TX006867,10152.84,2026-07-18 09:04:00,-0.2651214717701811,0
TX006868,6828.35,2026-07-30 05:56:00,-0.47447634588098775,0
TX006869,13400.06,2026-04-06 16:29:00,-0.0606325624005955,0
TX006870,12116.76,2026-05-30 12:54:00,-0.14144649474703,0
TX006871,21203.15,2026-01-04 03:15:00,0.43075556769613965,0
TX006872,15971.97,2026-01-02 23:43:00,0.10132969174194209,0
TX006873,26711.57,2026-03-07 23:53:00,0.7776402253878305,0
TX006874,2444.11,2026-04-19 09:57:00,-0.7505674194807167,0
TX006875,12696.78,2026-07-17 19:42:00,-0.10492058729002152,0
TX006876,9674.02,2026-01-03 23:01:00,-0.2952744578888749,0
TX006877,9700.57,2026-03-04 07:46:00,-0.2936025106405325,0
TX006878,6649.7,2026-03-15 14:23:00,-0.48572656719610546,0
TX006879,17145.49,2026-01-06 22:15:00,0.17523038985398764,0
TX006880,9133.34,2026-07-27 23:59:00,-0.3293229866359101,0
TX006881,8716.16,2026-03-27 23:38:00,-0.35559428430308504,0
TX006882,7638.48,2026-03-02 22:01:00,-0.42345959920303483,0
TX006883,12315.35,2026-03-14 01:24:00,-0.12894058122355267,0
TX006884,11677.74,2026-08-08 04:46:00,-0.1690931343314855,0
TX006885,4746.31,2026-07-07 23:16:00,-0.6055897563871598,0
TX006886,12373.6,2026-04-13 12:09:00,-0.1252723730421611,0
TX006887,7907.95,2026-07-26 21:44:00,-0.40649012180149685,0
TX006888,28903.85,2026-05-29 02:44:00,0.9156958379526567,0
TX006889,88232.18,2026-08-12 20:45:00,4.651810267039342,1
TX006890,3724.02,2026-02-21 02:04:00,-0.6699669674044095,0
TX006891,5600.31,2026-06-01 20:54:00,-0.5518103609037537,0
TX006892,39665.16,2026-05-15 15:56:00,1.5933735269567944,0
TX006893,7041.62,2026-02-25 16:41:00,-0.4610459809222688,0
TX006894,31553.54,2026-01-15 20:36:00,1.082556173337231,0
TX006895,5873.77,2026-07-23 04:28:00,-0.5345896191134817,0
TX006896,2797.75,2026-03-06 10:00:00,-0.7282974599739818,0
TX006897,1808.07,2026-06-04 05:21:00,-0.7906211041449623,0
TX006898,3056.51,2026-05-19 18:58:00,-0.7120024290895717,0
TX006899,7277.8,2026-04-17 01:08:00,-0.44617289236808744,0
TX006900,1389.13,2026-08-01 13:49:00,-0.8170032352267166,0
TX006901,14371.66,2026-08-24 16:30:00,0.0005525203297059465,0
TX006902,3901.98,2026-04-29 17:14:00,-0.6587601978256895,0
TX006903,9852.53,2026-06-01 10:40:00,-0.2840330528680987,0
TX006904,2556.11,2026-04-28 01:59:00,-0.7435143840074832,0
TX006905,3150.87,2026-03-18 21:23:00,-0.7060602467033723,0
TX006906,21600.6,2026-07-07 02:54:00,0.45578439759646705,0
TX006907,7050.38,2026-04-14 07:03:00,-0.4604943327906123,0
TX006908,11228.56,2026-05-30 16:43:00,-0.19737958499101288,0
TX006909,7537.7,2026-01-16 18:07:00,-0.42980607165832485,0
TX006910,34081.5,2026-02-01 09:31:00,1.2417507407918345,0
TX006911,5619.69,2026-03-14 06:05:00,-0.5505899338727602,0
TX006912,10937.47,2026-06-02 06:54:00,-0.21571055013300902,0
TX006913,3437.19,2026-08-17 01:23:00,-0.6880296653042988,0
TX006914,2171.17,2026-06-14 04:05:00,-0.767755415034863,0
TX006915,2713.29,2026-06-12 20:44:00,-0.733616204403172,0
TX006916,6534.7,2026-08-03 05:30:00,-0.4929685232623721,0
TX006917,20124.12,2026-08-24 18:14:00,0.3628052385293248,0
TX006918,1528.05,2026-02-23 09:03:00,-0.8082549522986665,0
TX006919,5379.11,2026-08-16 13:05:00,-0.5657401059633901,0
TX006920,3588.69,2026-01-04 00:27:00,-0.6784891753561301,0
TX006921,3807.33,2026-08-05 02:17:00,-0.6647206425358819,0
TX006922,20747.32,2026-07-26 09:31:00,0.4020503430553889,0
TX006923,3362.38,2026-07-25 00:58:00,-0.6927407151592329,0
TX006924,3745.62,2026-04-17 21:13:00,-0.6686067391345716,0
TX006925,8306.94,2026-01-27 07:42:00,-0.3813643126634122,0
TX006926,5402.64,2026-04-29 23:24:00,-0.5642583387787008,0
TX006927,13357.73,2026-03-31 09:40:00,-0.06329823196829172,0
TX006928,10336.86,2026-08-20 16:53:00,-0.2535330825935342,0
TX006929,29585.37,2026-01-21 21:05:00,0.9586135588072832,0
TX006930,13264.72,2026-02-04 22:05:00,-0.06915540008762618,0
TX006931,8637.25,2026-05-03 10:01:00,-0.36056352563516414,0
TX006932,12667.33,2026-01-06 03:24:00,-0.10677515777829592,0
TX006933,19254.74,2026-03-04 23:38:00,0.3080573101389694,0
TX006934,31787.85,2026-08-04 18:30:00,1.0973115013884216,0
TX006935,18579.68,2026-01-14 04:34:00,0.2655463982946741,0
TX006936,887.47,2026-06-04 05:05:00,-0.848594536793702,0
TX006937,3289.81,2026-01-09 04:03:00,-0.6973107043047021,0
TX006938,13670.4,2026-05-02 12:30:00,-0.043608298027077906,0
TX006939,858.24,2026-03-31 20:28:00,-0.8504352531051539,0
TX006940,24964.1,2026-04-23 09:43:00,0.6675958691520134,0
TX006941,4109.72,2026-03-31 12:20:00,-0.6456780764934614,0
TX006942,9351.42,2026-03-24 16:39:00,-0.3155897189930281,0
TX006943,2875.01,2026-05-26 13:31:00,-0.7234321249680707,0
TX006944,18555.43,2026-08-22 17:25:00,0.26401929016765696,0
TX006945,6909.08,2026-04-13 17:38:00,-0.4693924927224686,0
TX006946,856.85,2026-03-20 01:18:00,-0.8505227863132592,0
TX006947,3546.97,2026-06-23 10:36:00,-0.6811164310699097,0
TX006948,3169.95,2026-03-11 04:28:00,-0.7048587117316822,0
TX006949,19327.33,2026-01-03 06:45:00,0.31262855875505896,0
TX006950,2519.13,2026-02-21 13:05:00,-0.7458431451842705,0
TX006951,11681.01,2026-06-12 18:52:00,-0.16888721088507946,0
TX006952,18787.29,2026-08-24 20:33:00,0.27862033306787076,0
TX006953,5209.97,2026-03-09 05:41:00,-0.5763914489985931,0
TX006954,27755.62,2026-05-01 16:07:00,0.8433877404398799,0
TX006955,46472.14,2026-02-18 05:25:00,2.022033093078148,0
TX006956,3832.46,2026-03-31 07:13:00,-0.6631381177015752,0
TX006957,3851.09,2026-02-03 20:41:00,-0.66196492081884,0
TX006958,20779.49,2026-08-14 15:43:00,0.4040762015480133,0
TX006959,5202.81,2026-02-22 18:38:00,-0.5768423394806319,0
TX006960,2159.72,2026-01-20 13:09:00,-0.7684764619649391,0
TX006961,8116.96,2026-07-15 07:14:00,-0.3933280240848847,0
TX006962,4459.84,2026-06-24 15:03:00,-0.6236297838158851,0
TX006963,17821.88,2026-07-15 19:18:00,0.21782505649452752,0
TX006964,15120.24,2026-04-10 04:52:00,0.04769324617393097,0
TX006965,5459.13,2026-02-23 09:01:00,-0.5607009640118887,0
TX006966,11750.33,2026-08-23 19:09:00,-0.16452188571539597,0
TX006967,43539.88,2026-02-28 11:52:00,1.837378327035791,0
TX006968,12550.52,2026-08-06 17:01:00,-0.11413109593569247,0
TX006969,23198.26,2026-06-01 15:05:00,0.556394689151524,0
TX006970,29055.55,2026-01-09 20:21:00,0.9252489226070276,0
TX006971,6028.02,2026-08-18 14:04:00,-0.5248759519550328,0
TX006972,7073.73,2026-07-07 12:40:00,-0.45902390084150513,0
TX006973,9546.86,2026-04-04 07:36:00,-0.30328217209223546,0
TX006974,2018.78,2026-01-15 11:52:00,-0.7773519514256314,0
TX006975,2845.75,2026-02-06 16:08:00,-0.725274730485453,0
TX006976,6686.62,2026-05-07 07:53:00,-0.4834015844311788,0
TX006977,45253.58,2026-04-01 23:04:00,1.9452960671293664,0
TX006978,32224.43,2026-07-05 15:00:00,1.1248044855572104,0
TX006979,5867.3,2026-08-03 20:44:00,-0.5349970578591229,0
TX006980,37050.97,2026-07-31 18:29:00,1.428748751923111,0
TX006981,6624.43,2026-01-27 23:23:00,-0.4873179083247538,0
TX006982,9583.32,2026-03-31 15:32:00,-0.30098615715157395,0
TX006983,6666.2,2026-04-03 23:29:00,-0.4846875039344237,0
TX006984,8448.66,2026-05-14 17:48:00,-0.3724397038485313,0
TX006985,9440.79,2026-08-06 22:08:00,-0.3099617745265737,0
TX006986,3755.38,2026-04-01 10:30:00,-0.6679921174719042,0
TX006987,10205.02,2026-04-19 22:44:00,-0.26183551292202634,0
TX006988,4480.77,2026-07-28 23:02:00,-0.6223117478118245,0
TX006989,33450.94,2026-05-25 11:51:00,1.2020421510775294,0
TX006990,10240.74,2026-06-10 22:06:00,-0.25958609839431296,0
TX006991,11336.03,2026-03-27 09:39:00,-0.19061181961325913,0
TX006992,8254.96,2026-03-23 04:21:00,-0.3846376768053648,0
TX006993,7257.28,2026-06-22 22:41:00,-0.44746510922443344,0
TX006994,12838.53,2026-07-06 00:16:00,-0.09599408926921024,0
TX006995,5675.63,2026-05-02 20:05:00,-0.5470671945480041,0
TX006996,26552.96,2026-07-30 08:47:00,0.7676519936341735,0
TX006997,7848.23,2026-02-10 06:16:00,-0.4102509010734746,0
TX006998,5131.58,2026-08-15 10:42:00,-0.5813279440945464,0
TX006999,8749.09,2026-03-08 23:50:00,-0.3535205659268923,0
TX007000,13896.35,2026-01-04 05:07:00,-0.029379428695139195,0
TX007001,4689.41,2026-02-06 21:59:00,-0.6091729503016865,0
TX007002,4816.01,2026-06-26 05:20:00,-0.6012005012756921,0
TX007003,9476.11,2026-02-24 08:19:00,-0.3077375494112647,0
TX007004,3149.79,2026-06-28 04:39:00,-0.7061282581168643,0
TX007005,3524.18,2026-07-22 19:23:00,-0.6825515978416506,0
TX007006,13639.15,2026-05-18 09:48:00,-0.0455762208711721,0
TX007007,4272.72,2026-04-26 04:03:00,-0.6354133909386661,0
TX007008,47418.63,2026-02-24 22:44:00,2.0816369104447623,0
TX007009,30172.91,2026-04-03 17:49:00,0.9956130272174945,0
TX007010,26563.79,2026-08-28 00:25:00,0.7683339969750229,0
TX007011,4790.98,2026-08-09 13:55:00,-0.6027767287568978,0
TX007012,10692.5,2026-04-18 07:00:00,-0.23113717602477715,0
TX007013,1881.14,2026-02-04 05:29:00,-0.7860196282339875,0
TX007014,8086.71,2026-05-21 07:52:00,-0.3952329733979679,0
TX007015,14884.0,2026-05-31 15:09:00,0.032816379207888983,0
TX007016,5494.63,2026-03-14 22:56:00,-0.5584654036609977,0
TX007017,10635.19,2026-06-25 21:57:00,-0.23474618908701833,0
TX007018,21058.57,2026-08-23 08:03:00,0.42165085458256707,0
TX007019,4707.74,2026-01-18 15:04:00,-0.6080186454782547,0
TX007020,1324.72,2026-05-24 00:12:00,-0.8210593603591361,0
TX007021,4689.25,2026-02-23 03:25:00,-0.6091830260666483,0
TX007022,12178.89,2026-01-30 03:19:00,-0.13753394926531576,0
TX007023,26678.7,2026-06-24 19:28:00,0.7755702854234985,0
TX007024,15662.13,2026-05-21 19:25:00,0.08181797289348944,0
TX007025,2435.72,2026-05-03 07:09:00,-0.7510957674058992,0
TX007026,27812.56,2026-08-09 15:51:00,0.8469734532956471,0
TX007027,5221.85,2026-08-17 13:13:00,-0.5756433234501821,0
TX007028,10362.17,2026-04-10 23:26:00,-0.2519392225236455,0
TX007029,6592.59,2026-08-18 02:49:00,-0.4893229855521445,0
TX007030,8342.35,2026-04-27 10:37:00,-0.3791344199303122,0
TX007031,5744.71,2026-02-05 01:10:00,-0.5427169830257632,0
TX007032,6033.7,2026-02-10 02:15:00,-0.5245182622988903,0
TX007033,1705.57,2026-08-03 02:43:00,-0.7970758910735912,0
TX007034,4902.39,2026-05-25 14:37:00,-0.5957608476669607,0
TX007035,8059.61,2026-06-22 20:09:00,-0.3969395560883664,0
TX007036,3723.56,2026-03-21 23:56:00,-0.6699959352286746,0
TX007037,36917.1,2026-07-02 10:49:00,1.4203184853266664,0
TX007038,19129.79,2026-03-04 13:08:00,0.30018876743914313,0
TX007039,19788.9,2026-04-09 12:16:00,0.34169525146381274,0
TX007040,20345.93,2026-01-16 15:23:00,0.37677339744287797,0
TX007041,5212.66,2026-08-29 21:45:00,-0.5762220502001734,0
TX007042,10878.3,2026-07-13 04:11:00,-0.21943669396293075,0
TX007043,6489.12,2026-08-24 04:06:00,-0.49583885680585416,0
TX007044,7687.77,2026-02-12 11:29:00,-0.4203556338595019,0
TX007045,5019.63,2026-03-28 06:36:00,-0.5883778308912295,0
TX007046,1113.79,2026-03-16 22:02:00,-0.8343423672552893,0
TX007047,4529.92,2026-04-24 09:05:00,-0.6192165987626332,0
TX007048,1226.14,2026-03-10 06:55:00,-0.8272672910462018,0
TX007049,19628.91,2026-02-28 11:11:00,0.3316201162373605,0
TX007050,1678.91,2026-07-18 13:58:00,-0.7987547654103448,0
TX007051,3584.71,2026-02-12 19:17:00,-0.6787398100095539,0
TX007052,22778.91,2026-07-28 09:19:00,0.5299867389220553,0
TX007053,37935.36,2026-05-10 09:44:00,1.484441913013942,0
TX007054,3665.52,2026-02-25 04:26:00,-0.6736509189685539,0
TX007055,27930.75,2026-07-19 06:34:00,0.8544162949258388,0
TX007056,3787.67,2026-05-11 09:14:00,-0.6659587021555585,0
TX007057,51317.25,2026-01-17 03:01:00,2.327146777914923,0
TX007058,2228.65,2026-08-23 00:19:00,-0.7641356964723499,0
TX007059,14883.87,2026-04-08 16:20:00,0.032808192648857606,0
TX007060,8003.15,2026-05-19 23:07:00,-0.40049504164924826,0
TX007061,9726.23,2026-08-29 21:06:00,-0.2919866098347899,0
TX007062,6576.5,2026-07-26 13:50:00,-0.4903362296661117,0
TX007063,19270.35,2026-07-23 20:46:00,0.30904032695805117,0
TX007064,175499.07,2026-06-28 19:13:00,10.14731447068911,1
TX007065,17915.25,2026-08-06 13:22:00,0.22370489508502586,0
TX007066,8791.5,2026-02-11 13:04:00,-0.3508498584767152,0
TX007067,5632.61,2026-07-27 17:24:00,-0.549776315852098,0
TX007068,9749.58,2026-04-09 20:49:00,-0.2905161778856827,0
TX007069,10677.91,2026-08-14 02:18:00,-0.23205595984222785,0
TX007070,9261.95,2026-03-31 17:22:00,-0.32122396081258353,0
TX007071,5442.79,2026-01-16 14:15:00,-0.5617299515086087,0
TX007072,5488.9,2026-03-08 06:48:00,-0.5588262419936908,0
TX007073,7617.17,2026-04-04 07:33:00,-0.4248015651488795,0
TX007074,69220.26,2026-08-04 02:59:00,3.4545625333404204,1
TX007075,5227.03,2026-08-31 01:39:00,-0.575317120559545,0
TX007076,43619.8,2026-06-26 16:50:00,1.8424111716341918,0
TX007077,3779.66,2026-01-10 05:49:00,-0.6664631201389567,0
TX007078,4022.24,2026-02-09 07:35:00,-0.6511870009863049,0
TX007079,3369.92,2026-04-27 04:59:00,-0.6922658947354097,0
TX007080,6570.6,2026-03-26 20:01:00,-0.4907077734990767,0
TX007081,19087.99,2026-02-15 17:36:00,0.2975564738428828,0
TX007082,4224.81,2026-07-17 04:59:00,-0.6384304528094038,0
TX007083,8531.74,2026-02-11 03:59:00,-0.36720786289213625,0
TX007084,914.68,2026-06-12 15:38:00,-0.8468810270148922,0
TX007085,14061.47,2026-03-14 10:19:00,-0.018981239254600588,0
TX007086,66250.45,2026-06-20 23:58:00,3.2675431112086004,1
TX007087,23124.7,2026-04-13 01:15:00,0.551762356210354,0
TX007088,5320.97,2026-07-13 12:52:00,-0.5694013870563704,0
TX007089,6902.74,2026-08-08 23:54:00,-0.46979174490907843,0
TX007090,7217.05,2026-07-28 07:46:00,-0.44999853437700654,0
TX007091,7117.27,2026-05-24 08:59:00,-0.45628203330128553,0
TX007092,6656.07,2026-01-13 03:31:00,-0.4853254258035653,0
TX007093,3984.69,2026-06-09 13:15:00,-0.6535516570757685,0
TX007094,15271.49,2026-02-10 18:11:00,0.05721799273934687,0
TX007095,3694.03,2026-05-14 04:01:00,-0.6718555435994299,0
TX007096,7270.76,2026-04-05 22:53:00,-0.44661622602640494,0
TX007097,9701.8,2026-07-03 12:13:00,-0.293525053197389,0
TX007098,1571.73,2026-07-20 06:32:00,-0.8055042684641054,0
TX007099,839.26,2026-05-10 05:18:00,-0.851630490723743,0
TX007100,12039.26,2026-01-28 21:14:00,-0.1463269434003836,0
TX007101,3479.33,2026-03-11 02:46:00,-0.6853759607074946,0
TX007102,8236.22,2026-01-17 19:46:00,-0.38581780077651123,0
TX007103,1976.27,2026-06-16 21:42:00,-0.7800289562289097,0
TX007104,12457.92,2026-08-23 12:56:00,-0.11996244490731241,0
TX007105,11748.8,2026-03-17 11:39:00,-0.16461823521784286,0
TX007106,5057.19,2026-05-17 22:46:00,-0.5860125450664557,0
TX007107,1197.99,2026-07-14 05:53:00,-0.8290399959441619,0
TX007108,17420.52,2026-05-07 22:48:00,0.19255000008794682,0
TX007109,7835.7,2026-03-18 08:29:00,-0.4110399594170426,0
TX007110,3650.12,2026-01-12 07:31:00,-0.6746207113461234,0
TX007111,2935.59,2026-01-27 03:40:00,-0.7196171884594235,0
TX007112,12426.88,2026-07-01 17:33:00,-0.12191714330989434,0
TX007113,1797.28,2026-07-05 07:49:00,-0.7913005885445711,0
TX007114,18714.27,2026-05-06 04:06:00,0.2740220058334465,0
TX007115,19248.94,2026-04-13 10:51:00,0.30769206365910534,0
TX007116,2863.4,2026-07-29 22:07:00,-0.7241632476631087,0
TX007117,3970.97,2026-06-11 21:47:00,-0.6544156539212397,0
TX007118,16453.68,2026-04-23 15:37:00,0.1316646713652578,0
TX007119,7219.39,2026-02-02 06:38:00,-0.44985117631444077,0
TX007120,20159.44,2026-06-14 03:59:00,0.3650294636446338,0
TX007121,14882.66,2026-07-03 12:27:00,0.03273199467633422,0
TX007122,2707.43,2026-08-28 03:58:00,-0.7339852292948965,0
TX007123,12468.99,2026-08-23 16:37:00,-0.1192653279190205,0
TX007124,8874.59,2026-08-13 05:47:00,-0.34561738778501,0
TX007125,5872.69,2026-05-06 23:36:00,-0.5346576305269736,0
TX007126,5756.91,2026-06-13 18:36:00,-0.5419487059474288,0
TX007127,9673.37,2026-03-11 22:38:00,-0.295315390684032,0
TX007128,3675.6,2026-02-16 22:59:00,-0.6730161457759628,0
TX007129,5225.11,2026-06-11 08:33:00,-0.5754380297390863,0
TX007130,13855.6,2026-07-22 03:21:00,-0.031945600083838024,0
TX007131,20088.68,2026-01-05 08:52:00,0.36057345659029455,0
TX007132,3211.79,2026-05-14 04:15:00,-0.7022238991941815,0
TX007133,26795.76,2026-04-06 15:30:00,0.7829419669636477,0
TX007134,3924.25,2026-03-24 21:21:00,-0.6573577772900742,0
TX007135,13233.25,2026-03-20 05:16:00,-0.07113717710854275,0
TX007136,3578.48,2026-02-17 01:17:00,-0.6791321351077526,0
TX007137,17272.08,2026-04-04 12:15:00,0.18320220914467195,0
TX007138,18218.09,2026-05-22 11:42:00,0.2427757992164014,0
TX007139,8011.94,2026-02-14 01:15:00,-0.3999415043116615,0
TX007140,9350.68,2026-05-30 22:53:00,-0.31563631940597625,0
TX007141,3138.42,2026-01-07 10:36:00,-0.7068442671644595,0
TX007142,1069.64,2026-02-10 21:38:00,-0.8371226486494255,0
TX007143,1632.13,2026-06-21 09:38:00,-0.8017006671910402,0
TX007144,3453.9,2026-08-18 22:47:00,-0.6869773776011048,0
TX007145,3216.76,2026-03-17 14:54:00,-0.7019109207450567,0
TX007146,9014.85,2026-02-04 01:43:00,-0.33678472032540513,0
TX007147,3386.07,2026-07-10 03:36:00,-0.6912488722095819,0
TX007148,8237.38,2026-05-29 19:55:00,-0.38574475148053844,0
TX007149,9644.32,2026-04-02 22:18:00,-0.29714477175990206,0
TX007150,5762.49,2026-06-14 20:14:00,-0.5415973136443875,0
TX007151,4310.58,2026-02-05 00:10:00,-0.633029213054589,0
TX007152,90613.58,2026-04-06 06:03:00,4.801775433788972,1
TX007153,13617.68,2026-08-22 03:57:00,-0.04692826258197853,0
TX007154,1490.07,2026-01-16 01:39:00,-0.8106466870064648,0
TX007155,10477.3,2026-07-16 16:32:00,-0.24468907989834746,0
TX007156,10834.23,2026-07-18 19:27:00,-0.22221193747458612,0
TX007157,3539.51,2026-03-07 13:58:00,-0.6815862136112518,0
TX007158,4513.15,2026-04-27 02:30:00,-0.620272664877688,0
TX007159,9676.75,2026-01-18 18:32:00,-0.29510254014921483,0
TX007160,9273.06,2026-03-16 17:30:00,-0.3205243248830512,0
TX007161,10627.31,2026-05-06 04:19:00,-0.2352424205113852,0
TX007162,5470.26,2026-04-22 00:21:00,-0.5600000686117361,0
TX007163,15210.35,2026-08-18 03:21:00,0.0533677910533335,0
TX007164,1033.92,2026-01-07 23:49:00,-0.839372063177139,0
TX007165,11316.38,2026-03-15 03:26:00,-0.19184924949762563,0
TX007166,4546.35,2026-07-12 05:52:00,-0.6181819436481222,0
TX007167,4736.95,2026-07-11 17:30:00,-0.606179188637423,0
TX007168,10540.0,2026-01-24 01:13:00,-0.24074063950395683,0
TX007169,13691.15,2026-01-20 20:31:00,-0.04230159725859936,0
TX007170,4681.4,2026-03-16 16:12:00,-0.6096773682850848,0
TX007171,21187.89,2026-01-19 05:47:00,0.42979459161291145,0
TX007172,12252.91,2026-04-27 10:55:00,-0.13287264849988045,0
TX007173,28011.13,2026-08-22 11:56:00,0.8594781073485043,0
TX007174,16267.47,2026-01-14 22:02:00,0.11993837015569679,0
TX007175,27253.47,2026-02-18 07:12:00,0.8117655818426992,0
TX007176,3807.0,2026-08-31 17:08:00,-0.6647414238011156,0
TX007177,5192.17,2026-06-01 09:14:00,-0.5775123778505891,0
TX007178,5161.9,2026-01-28 06:35:00,-0.5794185866342925,0
TX007179,6297.98,2026-02-20 11:35:00,-0.5078756175232995,0
TX007180,13718.92,2026-05-11 14:03:00,-0.040552822302423464,0
TX007181,5884.46,2026-08-07 19:21:00,-0.5339164320669739,0
TX007182,4523.67,2026-01-23 21:31:00,-0.619610183331452,0
TX007183,19907.68,2026-02-09 00:12:00,0.34917524747730094,0
TX007184,6536.46,2026-01-01 00:21:00,-0.4928576898477927,0
TX007185,5025.8,2026-08-29 21:22:00,-0.5879892842048914,0
TX007186,9950.72,2026-04-28 13:48:00,-0.2778496818581273,0
TX007187,8731.96,2026-01-24 06:19:00,-0.35459930251311106,0
TX007188,17180.81,2026-04-05 10:21:00,0.17745461496929665,0
TX007189,9642.96,2026-03-30 05:17:00,-0.2972304157620771,0
TX007190,8757.22,2026-05-16 16:53:00,-0.3530085911197728,0
TX007191,24129.72,2026-04-05 01:15:00,0.6150520143470435,0
TX007192,10061.2,2026-05-06 13:56:00,-0.2708923661520304,0
TX007193,1658.33,2026-04-12 08:56:00,-0.8000507606785515,0
TX007194,11475.4,2026-03-13 22:31:00,-0.18183519859625413,0
TX007195,7601.01,2026-01-24 05:16:00,-0.4258192174100175,0
TX007196,10080.15,2026-07-18 11:27:00,-0.2696990177393717,0
TX007197,4124.83,2026-07-30 18:23:00,-0.6447265464398849,0
TX007198,5346.36,2026-02-07 21:24:00,-0.5678024891040008,0
TX007199,6417.04,2026-04-29 02:04:00,-0.5003779889211281,0
TX007200,22048.96,2026-06-02 17:37:00,0.4840192099605654,0
TX007201,14344.13,2026-04-23 08:03:00,-0.0011811409790273165,0
TX007202,2095.81,2026-04-09 02:50:00,-0.772501100331853,0
TX007203,5740.79,2026-05-12 02:51:00,-0.5429638392673265,0
TX007204,4778.61,2026-07-05 17:35:00,-0.6035557113355041,0
TX007205,10565.24,2026-03-31 17:33:00,-0.23915118758123882,0
TX007206,1555.53,2026-04-07 14:59:00,-0.8065244396664838,0
TX007207,3947.42,2026-08-01 18:35:00,-0.655898680576549,0
TX007208,11951.24,2026-04-23 01:46:00,-0.15186987359997312,0
TX007209,2772.52,2026-07-16 01:04:00,-0.7298862821613896,0
TX007210,5156.98,2026-08-15 05:33:00,-0.5797284164068667,0
TX007211,2796.9,2026-02-10 10:35:00,-0.7283509874753411,0
TX007212,3343.67,2026-05-07 07:12:00,-0.6939189499244488,0
TX007213,15428.13,2026-07-15 11:20:00,0.0670821666369121,0
TX007214,11846.33,2026-08-12 23:05:00,-0.15847642673833862,0
TX007215,18264.88,2026-06-12 14:21:00,0.24572233073240682,0
TX007216,9431.97,2026-08-08 10:21:00,-0.31051720107009095,0
TX007217,6693.26,2026-01-15 21:04:00,-0.4829834401852657,0
TX007218,3463.38,2026-02-01 21:30:00,-0.6863803885271204,0
TX007219,59521.38,2026-01-31 20:34:00,2.843789812888315,0
TX007220,7708.08,2026-05-17 02:44:00,-0.4190766414446682,0
TX007221,6999.94,2026-04-04 17:43:00,-0.4636707176948079,0
TX007222,19545.84,2026-08-13 13:11:00,0.32638890501627554,0
TX007223,5501.63,2026-01-10 07:57:00,-0.5580245889439206,0
TX007224,21338.85,2026-06-08 23:47:00,0.4393010758543341,0
TX007225,1385.11,2026-06-14 10:06:00,-0.8172563888213809,0
TX007226,22316.25,2026-02-08 16:51:00,0.5008514050644994,0
TX007227,47105.03,2026-08-18 14:47:00,2.0618884111197087,0
TX007228,4868.11,2026-04-15 13:04:00,-0.5979195803100184,0
TX007229,5320.92,2026-05-27 06:55:00,-0.5694045357329209,0
TX007230,2230.93,2026-05-17 00:27:00,-0.7639921168216448,0
TX007231,49224.0,2026-05-23 22:31:00,2.1953274341261175,0
TX007232,4354.3,2026-01-23 19:00:00,-0.6302760102787874,0
TX007233,5485.66,2026-02-12 10:44:00,-0.5590302762341665,0
TX007234,4244.34,2026-05-15 12:46:00,-0.6372005797487587,0
TX007235,3088.76,2026-02-20 23:10:00,-0.7099715327144664,0
TX007236,2490.31,2026-07-10 10:34:00,-0.7476580423480079,0
TX007237,6419.97,2026-04-26 21:34:00,-0.5001934764752658,0
TX007238,11933.54,2026-07-21 06:09:00,-0.152984505098868,0
TX007239,2657.43,2026-04-16 19:56:00,-0.7371339058454472,0
TX007240,4446.88,2026-08-08 14:10:00,-0.6244459207777878,0
TX007241,3281.44,2026-04-17 10:44:00,-0.6978377927592642,0
TX007242,5201.88,2026-01-17 08:32:00,-0.5769009048644721,0
TX007243,9434.09,2026-02-26 20:16:00,-0.31038369718434755,0
TX007244,5685.12,2026-04-27 13:17:00,-0.5464695757387095,0
TX007245,6911.05,2026-06-02 14:14:00,-0.46926843486637687,0
TX007246,4164.79,2026-04-25 13:44:00,-0.6422101241406849,0
TX007247,18308.07,2026-03-21 05:38:00,0.24844215753677246,0
TX007248,19900.77,2026-04-18 13:03:00,0.34874010037801484,0
TX007249,18767.48,2026-06-30 22:18:00,0.27737282741854247,0
TX007250,2570.01,2026-08-09 06:06:00,-0.7426390519264301,0
TX007251,6962.08,2026-08-30 01:32:00,-0.46605489557888485,0
TX007252,28057.57,2026-04-06 03:40:00,0.8624025981286556,0
TX007253,2266.17,2026-02-26 22:31:00,-0.7617729295888167,0
TX007254,20413.95,2026-02-13 01:10:00,0.3810568570222472,0
TX007255,29867.5,2026-08-23 20:33:00,0.9763802811114206,0
TX007256,6266.45,2026-01-18 03:14:00,-0.5098611729560767,0
TX007257,11536.02,2026-04-01 15:59:00,-0.1780177431463664,0
TX007258,36291.66,2026-06-02 21:04:00,1.3809323200911379,0
TX007259,10887.38,2026-02-10 01:24:00,-0.21886489430135075,0
TX007260,2182.7,2026-04-20 10:13:00,-0.7670293302223061,0
TX007261,36464.94,2026-07-29 19:25:00,1.3918443735447263,0
TX007262,17941.73,2026-01-16 01:07:00,0.22537243418619748,0
TX007263,7098.16,2026-06-18 12:43:00,-0.457485457478906,0
TX007264,6069.05,2026-05-29 06:57:00,-0.5222921479776508,0
TX007265,3503.95,2026-05-09 15:06:00,-0.6838255523740036,0
TX007266,13286.36,2026-07-12 22:17:00,-0.06779265287654775,0
TX007267,2127.17,2026-01-05 17:28:00,-0.7705262503993476,0
TX007268,3547.49,2026-05-06 07:43:00,-0.6810836848337839,0
TX007269,4355.35,2026-05-03 16:51:00,-0.6302098880712259,0
TX007270,1128.08,2026-02-15 02:03:00,-0.8334424754971419,0
TX007271,8580.06,2026-08-23 10:42:00,-0.36416498187368407,0
TX007272,26607.7,2026-02-03 06:23:00,0.7710991647217165,0
TX007273,3383.69,2026-01-10 23:26:00,-0.691398749213388,0
TX007274,6917.85,2026-05-23 21:39:00,-0.468840214855502,0
TX007275,26343.37,2026-01-06 10:17:00,0.754453371269575,0
TX007276,11005.38,2026-01-06 23:37:00,-0.21143401764205105,0
TX007277,15192.24,2026-04-03 00:07:00,0.052227340406724,0
TX007278,23414.15,2026-02-03 16:02:00,0.5699900447614921,0
TX007279,2525.33,2026-08-17 10:39:00,-0.7454527092920022,0
TX007280,12264.74,2026-08-25 12:54:00,-0.13212767162802017,0
TX007281,4130.72,2026-03-19 05:28:00,-0.6443556323422301,0
TX007282,9391.61,2026-06-05 23:47:00,-0.3130588127816954,0
TX007283,11727.6,2026-03-23 04:34:00,-0.1659532740752763,0
TX007284,20161.2,2026-03-02 21:46:00,0.3651402970592133,0
TX007285,2008.55,2026-07-26 21:09:00,-0.7779961706478742,0
TX007286,3419.98,2026-05-18 12:58:00,-0.6891134397729983,0
TX007287,4200.4,2026-03-20 01:51:00,-0.6399676367013827,0
TX007288,6011.79,2026-05-25 22:17:00,-0.5258980123633417,0
TX007289,10496.74,2026-08-22 20:18:00,-0.2434648744554933,0
TX007290,67053.61,2026-05-07 05:55:00,3.3181209323754066,1
TX007291,6377.83,2026-08-04 14:23:00,-0.5028471810720699,0
TX007292,5114.63,2026-07-05 15:08:00,-0.5823953454451831,0
TX007293,7936.11,2026-05-14 16:07:00,-0.4047167871682267,0
TX007294,6721.59,2026-03-28 10:56:00,-0.4811994000517236,0
TX007295,18016.6,2026-02-16 10:29:00,0.23008726245299205,0
TX007296,3016.17,2026-06-24 05:59:00,-0.7145427813305559,0
TX007297,36342.08,2026-01-27 04:06:00,1.384107445524713,0
TX007298,3850.53,2026-02-10 15:25:00,-0.6620001859962061,0
TX007299,10673.68,2026-03-04 20:54:00,-0.23232233787840442,0
TX007300,2399.94,2026-08-24 23:25:00,-0.7533489603454733,0
TX007301,4684.28,2026-03-23 18:33:00,-0.609496004515773,0
TX007302,21145.6,2026-06-15 07:02:00,0.42713144098645556,0
TX007303,14868.77,2026-03-22 15:08:00,0.031857292330591265,0
TX007304,2080.93,2026-03-20 21:47:00,-0.7734381464732969,0
TX007305,5659.66,2026-08-14 14:55:00,-0.54807288183825,0
TX007306,8619.58,2026-03-23 12:52:00,-0.36167626792812874,0
TX007307,9039.32,2026-01-15 04:07:00,-0.33524375802156564,0
TX007308,14880.61,2026-04-09 23:26:00,0.032602898937761686,0
TX007309,11641.23,2026-03-18 04:50:00,-0.17139229794869765,0
TX007310,5643.99,2026-05-02 06:17:00,-0.5490596770691926,0
TX007311,7632.29,2026-04-10 05:15:00,-0.423849405359993,0
TX007312,21248.92,2026-04-26 16:58:00,0.43363786621051353,0
TX007313,10357.06,2026-02-28 14:06:00,-0.2522610172671118,0
TX007314,3892.66,2026-07-19 01:29:00,-0.6593471111347121,0
TX007315,4439.58,2026-01-21 13:04:00,-0.6249056275541682,0
TX007316,9962.49,2026-04-11 15:45:00,-0.27710848339812766,0
TX007317,8188.87,2026-01-26 12:14:00,-0.3887995974698827,0
TX007318,19429.22,2026-06-09 07:39:00,0.3190449318297711,0
TX007319,4671.11,2026-07-24 14:47:00,-0.6103253659191882,0
TX007320,10943.58,2026-02-25 04:51:00,-0.2153257818585317,0
TX007321,14955.76,2026-01-21 10:54:00,0.03733535979323938,0
TX007322,5207.07,2026-08-18 06:09:00,-0.576574072238525,0
TX007323,16331.93,2026-05-15 08:26:00,0.12399764396466684,0
TX007324,14879.61,2026-03-14 03:53:00,0.03253992540675067,0
TX007325,7536.82,2026-03-04 08:07:00,-0.42986148836561455,0
TX007326,1953.94,2026-01-27 02:46:00,-0.7814351551763856,0
TX007327,12039.85,2026-05-09 17:57:00,-0.1462897890170871,0
TX007328,7122.76,2026-06-29 01:03:00,-0.45593630861603507,0
TX007329,19486.71,2026-07-12 02:08:00,0.3226652801275942,0
TX007330,6342.26,2026-01-12 10:51:00,-0.5050871495701317,0
TX007331,13849.39,2026-06-01 23:29:00,-0.03233666571141648,0
TX007332,4967.38,2026-02-16 13:48:00,-0.591668197886555,0
TX007333,7862.49,2026-08-26 22:05:00,-0.40935289852125756,0
TX007334,32705.41,2026-01-05 18:16:00,1.1550934945028881,0
TX007335,3114.52,2026-01-27 14:05:00,-0.7083493345556227,0
TX007336,2383.71,2026-07-28 11:35:00,-0.754371020753782,0
TX007337,11851.93,2026-02-16 07:02:00,-0.15812377496467692,0
TX007338,19724.66,2026-07-07 03:39:00,0.3376498318316651,0
TX007339,14670.79,2026-04-09 22:47:00,0.019389792661030695,0
TX007340,5731.7,2026-06-18 22:33:00,-0.5435362686642166,0
TX007341,9908.22,2026-02-13 14:16:00,-0.28052605692609545,0
TX007342,40939.52,2026-07-18 23:56:00,1.6736244759359902,0
TX007343,10571.43,2026-06-29 04:00:00,-0.23876138142428063,0
TX007344,12424.1,2026-07-15 07:32:00,-0.12209220972610489,0
TX007345,1873.14,2026-01-08 19:38:00,-0.7865234164820756,0
TX007346,32045.79,2026-02-17 00:40:00,1.1135548939774027,0
TX007347,4923.17,2026-01-07 12:23:00,-0.5944522576925518,0
TX007348,3250.3,2026-08-15 04:51:00,-0.6997987885149471,0
TX007349,2816.12,2026-01-02 14:31:00,-0.7271406362093094,0
TX007350,17281.22,2026-04-04 13:54:00,0.18377778721811258,0
TX007351,2412.71,2026-07-31 21:20:00,-0.7525447883544626,0
TX007352,3729.56,2026-02-14 19:19:00,-0.6696180940426086,0
TX007353,4638.54,2026-07-09 18:17:00,-0.6123764138242169,0
TX007354,20115.57,2026-07-23 01:08:00,0.36226681483918066,0
TX007355,6664.1,2026-03-20 21:31:00,-0.48481974834954683,0
TX007356,7184.66,2026-06-05 01:10:00,-0.4520382470464533,0
TX007357,8786.73,2026-03-10 10:23:00,-0.35115024221963775,0
TX007358,22518.7,2026-07-12 11:26:00,0.5136003964176793,0
TX007359,8750.54,2026-04-20 06:59:00,-0.3534292543069263,0
TX007360,4024.85,2026-01-02 07:39:00,-0.6510226400703661,0
TX007361,7981.91,2026-02-14 02:19:00,-0.4018325994479222,0
TX007362,30573.56,2026-08-29 02:57:00,1.0208433724170574,0
TX007363,30703.73,2026-05-18 00:30:00,1.029040636948761,0
TX007364,7034.84,2026-05-18 09:56:00,-0.46147294146252343,0
TX007365,2447.3,2026-04-30 22:10:00,-0.7503665339167915,0
TX007366,9990.2,2026-07-26 15:54:00,-0.2753634868538124,0
TX007367,5829.85,2026-07-23 21:10:00,-0.5373554165954855,0
TX007368,34948.86,2026-02-09 07:01:00,1.2963714626495477,0
TX007369,5448.63,2026-03-27 03:03:00,-0.5613621860875043,0
TX007370,16017.87,2026-07-08 15:47:00,0.10422017681534773,0
TX007371,1809.66,2026-05-22 16:17:00,-0.7905209762306548,0
TX007372,8474.97,2026-07-29 08:21:00,-0.37078287024763157,0
TX007373,10439.34,2026-06-04 19:12:00,-0.2470795551355255,0
TX007374,4857.85,2026-03-05 12:45:00,-0.5985656887381913,0
TX007375,6506.17,2026-04-08 03:35:00,-0.49476515810211635,0
TX007376,17886.0,2026-03-01 00:21:00,0.22186291930295368,0
TX007377,5729.86,2026-02-03 20:58:00,-0.5436521399612768,0
TX007378,11608.81,2026-05-14 12:46:00,-0.17343389982407473,0
TX007379,4511.79,2026-06-17 06:09:00,-0.620358308879863,0
TX007380,4669.89,2026-04-11 22:48:00,-0.6104021936270214,0
TX007381,21970.6,2026-01-13 11:09:00,0.4790846040705423,0
TX007382,30023.22,2026-08-12 10:45:00,0.9861865193604559,0
TX007383,7586.53,2026-05-30 15:16:00,-0.42673107413905703,0
TX007384,2532.52,2026-05-26 15:09:00,-0.7449999296040329,0
TX007385,7431.32,2026-06-08 00:10:00,-0.43650519588727654,0
TX007386,28868.75,2026-01-20 13:12:00,0.9134854670141702,0
TX007387,9973.58,2026-03-20 16:13:00,-0.2764101069392155,0
TX007388,7144.48,2026-01-18 06:45:00,-0.4545685235224759,0
TX007389,8119.84,2026-05-05 13:46:00,-0.393146660315573,0
TX007390,6527.33,2026-03-26 02:46:00,-0.49343263818592326,0
TX007391,4773.7,2026-06-25 21:05:00,-0.6038649113727682,0
TX007392,11875.66,2026-04-16 23:30:00,-0.15662941307378556,0
TX007393,7635.55,2026-03-07 21:07:00,-0.4236441116488971,0
TX007394,6113.93,2026-01-08 10:46:00,-0.5194658959058766,0
TX007395,2809.15,2026-01-18 13:23:00,-0.7275795617204561,0
TX007396,4725.49,2026-01-03 00:27:00,-0.6069008653028092,0
TX007397,41352.14,2026-02-19 18:57:00,1.699608614301755,0
TX007398,4972.86,2026-04-06 07:43:00,-0.5913231029366146,0
TX007399,1656.47,2026-04-18 04:03:00,-0.8001678914462321,0
TX007400,4824.26,2026-03-15 23:00:00,-0.6006809696448513,0
TX007401,7201.32,2026-02-27 02:23:00,-0.4509891080198098,0
TX007402,7414.92,2026-03-31 09:41:00,-0.43753796179585713,0
TX007403,3465.33,2026-02-21 09:02:00,-0.6862575901416489,0
TX007404,7137.51,2026-02-17 18:18:00,-0.4550074490336226,0
TX007405,8463.57,2026-03-29 01:36:00,-0.3715007685011571,0
TX007406,58894.2,2026-06-07 00:06:00,2.804294073708827,0
TX007407,8365.05,2026-04-18 09:32:00,-0.37770492077636225,0
TX007408,31417.95,2026-07-27 21:46:00,1.0740175922674478,0
TX007409,3119.94,2026-08-15 06:43:00,-0.708008018017543,0
TX007410,10167.65,2026-03-13 01:26:00,-0.26418883377590796,0
TX007411,8542.34,2026-04-09 04:39:00,-0.3665403434634195,0
TX007412,26086.84,2026-04-17 05:16:00,0.7382987713593196,0
TX007413,11924.66,2026-03-14 08:15:00,-0.15354371005424586,0
TX007414,49004.02,2026-02-19 11:19:00,2.181474516774314,0
TX007415,4012.32,2026-05-30 00:26:00,-0.6518116984139342,0
TX007416,14748.03,2026-04-26 21:38:00,0.024253868196321422,0
TX007417,19432.22,2026-01-06 18:24:00,0.31923385242280417,0
TX007418,83689.02,2026-03-26 17:08:00,4.365711439891344,1
TX007419,2809.49,2026-01-03 23:17:00,-0.7275581507199124,0
TX007420,7951.34,2026-07-07 09:07:00,-0.4037577002909289,0
TX007421,5410.15,2026-08-16 20:05:00,-0.5637854075608082,0
TX007422,8775.18,2026-02-15 15:53:00,-0.3518775865028149,0
TX007423,10827.62,2026-01-20 22:53:00,-0.22262819251456886,0
TX007424,2743.04,2026-04-07 10:22:00,-0.7317427418555944,0
TX007425,7402.3,2026-08-10 00:10:00,-0.4383326877572161,0
TX007426,3681.54,2026-05-07 03:28:00,-0.6726420830017575,0
TX007427,2908.23,2026-05-06 04:52:00,-0.7213401442678848,0
TX007428,3795.44,2026-08-28 20:24:00,-0.6654693978196029,0
TX007429,14783.23,2026-05-27 22:53:00,0.026470536487909053,0
TX007430,5099.33,2026-03-15 15:34:00,-0.5833588404696516,0
TX007431,5123.88,2026-02-03 06:29:00,-0.5818128402833312,0
TX007432,11771.13,2026-06-07 20:47:00,-0.16321203627036693,0
TX007433,7398.77,2026-06-23 18:53:00,-0.438554984321685,0
TX007434,3521.59,2026-06-19 22:42:00,-0.6827146992869692,0
TX007435,6002.62,2026-03-29 12:49:00,-0.5264754796427125,0
TX007436,9310.82,2026-08-18 23:37:00,-0.3181464443520753,0
TX007437,3396.05,2026-02-24 07:37:00,-0.6906203963700919,0
TX007438,15943.26,2026-04-02 21:57:00,0.09952172166661592,0
TX007439,36013.71,2026-07-22 20:58:00,1.3634288271466262,0
TX007440,3511.44,2026-05-06 14:46:00,-0.683353880626731,0
TX007441,9381.7,2026-07-21 13:23:00,-0.31368288047401455,0
TX007442,21682.49,2026-04-15 23:00:00,0.4609413000509592,0
TX007443,15174.97,2026-01-10 12:16:00,0.05113978752616375,0
TX007444,2255.3,2026-05-26 12:43:00,-0.7624574518709063,0
TX007445,23758.04,2026-08-10 07:43:00,0.5916460123408698,0
TX007446,3869.82,2026-07-07 01:12:00,-0.6607854265830038,0
TX007447,9374.32,2026-05-20 05:05:00,-0.3141476251328759,0
TX007448,8671.98,2026-07-17 03:38:00,-0.3583764549031516,0
TX007449,3881.56,2026-05-28 16:06:00,-0.6600461173289344,0
TX007450,7479.13,2026-06-29 02:56:00,-0.43349443136963994,0
TX007451,12569.68,2026-07-08 07:50:00,-0.11292452308152144,0
TX007452,7482.11,2026-08-17 21:17:00,-0.43330677024722714,0
TX007453,9985.51,2026-07-12 03:20:00,-0.27565883271425407,0
TX007454,7800.23,2026-05-04 10:46:00,-0.4132736305620033,0
TX007455,10974.02,2026-04-06 10:08:00,-0.2134088675745564,0
TX007456,8054.49,2026-07-01 03:38:00,-0.3972619805671428,0
TX007457,14343.99,2026-03-05 09:47:00,-0.0011899572733688217,0
TX007458,12399.77,2026-03-16 00:13:00,-0.12362435573560286,0
TX007459,18516.92,2026-07-09 20:42:00,0.2615941794884227,0
TX007460,17998.81,2026-08-07 06:51:00,0.22896696333630628,0
TX007461,5147.75,2026-06-27 22:44:00,-0.5803096620980983,0
TX007462,32081.76,2026-01-05 16:46:00,1.115820051887869,0
TX007463,10451.25,2026-04-17 03:19:00,-0.24632954038118432,0
TX007464,8737.24,2026-02-24 16:50:00,-0.35426680226937285,0
TX007465,15679.14,2026-05-12 00:32:00,0.0828891526559868,0
TX007466,4041.67,2026-03-08 11:54:00,-0.6499634252787609,0
TX007467,6220.51,2026-03-23 06:05:00,-0.5127541769707227,0
TX007468,13921.59,2026-02-15 02:47:00,-0.027789976772421208,0
TX007469,1743.02,2026-01-19 23:14:00,-0.7947175323372287,0
TX007470,4634.3,2026-05-29 10:46:00,-0.6126434215957035,0
TX007471,1521.86,2026-06-25 19:58:00,-0.8086447584556247,0
TX007472,5953.53,2026-01-07 10:16:00,-0.5295668502800432,0
TX007473,10091.76,2026-02-22 13:33:00,-0.2689678950443338,0
TX007474,5408.62,2026-02-04 17:52:00,-0.5638817570632549,0
TX007475,9686.53,2026-04-29 18:23:00,-0.2944866590159271,0
TX007476,7293.44,2026-08-25 09:43:00,-0.4451879863430752,0
TX007477,18405.99,2026-06-06 20:29:00,0.25460852569337106,0
TX007478,13124.24,2026-05-10 17:12:00,-0.07800192172405343,0
TX007479,54443.81,2026-07-07 01:46:00,2.5240373010327195,0
TX007480,15129.83,2026-04-23 02:01:00,0.04829716233632661,0
TX007481,31329.52,2026-06-10 08:21:00,1.0684488429201437,0
TX007482,9422.04,2026-03-28 19:13:00,-0.31114252823303024,0
TX007483,6557.63,2026-08-14 21:16:00,-0.49152454019628955,0
TX007484,10648.78,2026-03-05 07:05:00,-0.23389037880057864,0
TX007485,9986.34,2026-08-17 05:27:00,-0.27560656468351497,0
TX007486,19487.86,2026-08-30 07:50:00,0.322737699688257,0
TX007487,32207.51,2026-03-07 05:09:00,1.123738973412504,0
TX007488,4661.99,2026-06-04 06:11:00,-0.6108996845220086,0
TX007489,10553.53,2026-04-13 23:23:00,-0.23988860762937775,0
TX007490,9333.01,2026-07-16 10:45:00,-0.31674906169894085,0
TX007491,2087.58,2026-07-01 17:37:00,-0.7730193724920736,0
TX007492,10431.83,2026-01-12 13:45:00,-0.24755248635341823,0
TX007493,10059.14,2026-03-21 07:06:00,-0.2710220916259132,0
TX007494,3283.99,2026-05-21 02:34:00,-0.6976772102551861,0
TX007495,33096.03,2026-02-14 20:52:00,1.1796922151864102,0
TX007496,11414.59,2026-05-26 04:29:00,-0.18566461901703388,0
TX007497,8859.8,2026-08-25 08:27:00,-0.346548766308663,0
TX007498,10053.0,2026-07-28 01:14:00,-0.27140874910632073,0
TX007499,24988.43,2026-04-20 16:34:00,0.6691280151615114,0
TX007500,2178.57,2026-08-15 21:25:00,-0.7672894109053815,0
TX007501,9909.36,2026-02-01 11:46:00,-0.2804542671007428,0
TX007502,9109.17,2026-04-26 05:25:00,-0.3308450568804463,0
TX007503,2385.71,2026-06-30 07:13:00,-0.75424507369176,0
TX007504,720.83,2026-05-20 16:52:00,-0.8590884460013773,0
TX007505,15176.24,2026-08-10 09:45:00,0.05121976391054777,0
TX007506,3116.41,2026-07-13 17:42:00,-0.7082303145820119,0
TX007507,4529.97,2026-03-01 07:02:00,-0.6192134500860826,0
TX007508,2546.26,2026-07-31 10:14:00,-0.7441346732879417,0
TX007509,3791.44,2026-07-01 03:13:00,-0.6657212919436469,0
TX007510,23423.86,2026-01-26 08:04:00,0.5706015177476089,0
TX007511,88288.18,2026-07-16 02:15:00,4.655336784775959,1
TX007512,7966.2,2026-04-12 19:35:00,-0.4028219136201052,0
TX007513,4083.1,2026-01-13 08:56:00,-0.6473544318889746,0
TX007514,3953.59,2026-05-11 20:28:00,-0.6555101338902111,0
TX007515,12076.26,2026-08-20 12:16:00,-0.1439969227529761,0
TX007516,16416.04,2026-03-23 06:26:00,0.12929434765800327,0
TX007517,13591.43,2026-08-07 02:03:00,-0.04858131777101766,0
TX007518,10526.95,2026-02-23 05:42:00,-0.24156244408365052,0
TX007519,2915.68,2026-08-18 11:10:00,-0.7208709914618527,0
TX007520,10345.98,2026-01-06 03:03:00,-0.2529587639907138,0
TX007521,23555.98,2026-03-17 12:51:00,0.5789215806647842,0
TX007522,3130.54,2026-07-23 06:06:00,-0.7073404985888263,0
TX007523,45314.73,2026-01-17 07:53:00,1.9491468985506901,0
TX007524,7066.3,2026-08-04 06:08:00,-0.45949179417691693,0
TX007525,1222.25,2026-06-21 12:26:00,-0.8275122580818346,0
TX007526,4971.55,2026-03-30 11:50:00,-0.5914055982622389,0
TX007527,5335.16,2026-08-31 15:30:00,-0.5685077926513241,0
TX007528,7453.34,2026-07-07 11:08:00,-0.435118518734414,0
TX007529,3504.67,2026-07-27 17:58:00,-0.6837802114316756,0
TX007530,4284.18,2026-03-13 14:33:00,-0.6346917142732799,0
TX007531,8264.95,2026-07-21 10:53:00,-0.3840085712305647,0
TX007532,5834.78,2026-05-17 06:13:00,-0.5370449570876011,0
TX007533,9629.13,2026-08-30 13:48:00,-0.2981013396959594,0
TX007534,14811.3,2026-07-26 15:13:00,0.028238203503388206,0
TX007535,8042.58,2026-03-05 07:35:00,-0.39801199532148396,0
TX007536,11274.51,2026-04-27 11:06:00,-0.19448595124105675,0
TX007537,22461.33,2026-03-20 15:47:00,0.5099876049435775,0
TX007538,12357.36,2026-03-13 12:03:00,-0.12629506318577996,0
TX007539,37132.18,2026-08-30 03:04:00,1.4338628323765155,0
TX007540,16011.36,2026-02-01 11:15:00,0.10381021912846602,0
TX007541,14927.92,2026-04-28 14:00:00,0.03558217668989273,0
TX007542,23366.28,2026-07-31 18:24:00,0.5669755018319946,0
TX007543,5545.02,2026-06-20 01:54:00,-0.5552921674333526,0
TX007544,4522.92,2026-08-11 00:44:00,-0.6196574134797103,0
TX007545,42526.27,2026-03-01 09:05:00,1.7735477262677168,0
TX007546,13050.73,2026-06-03 00:29:00,-0.0826311059886731,0
TX007547,7359.98,2026-06-24 10:00:00,-0.4409977275896023,0
TX007548,1854.8,2026-06-04 01:32:00,-0.7876783510408176,0
TX007549,15723.26,2026-01-13 20:59:00,0.0856675448441928,0
TX007550,25826.52,2026-05-02 15:06:00,0.7219055017665325,0
TX007551,1414.5,2026-08-03 19:17:00,-0.8154055967449672,0
TX007552,35339.58,2026-02-18 07:42:00,1.3209764806861715,0
TX007553,12815.58,2026-02-24 23:38:00,-0.09743933180591306,0
TX007554,9379.23,2026-03-08 04:55:00,-0.31383842509561183,0
TX007555,15381.89,2026-08-06 20:48:00,0.06417027056296282,0
TX007556,3796.6,2026-08-12 06:40:00,-0.6653963485236302,0
TX007557,43504.51,2026-01-14 14:42:00,1.8351509532439318,0
TX007558,2541.96,2026-06-01 08:37:00,-0.744405459471289,0
TX007559,5615.88,2026-07-02 11:14:00,-0.5508298630259122,0
TX007560,2540.28,2026-06-11 10:47:00,-0.7445112550033876,0
TX007561,7446.65,2026-07-21 23:17:00,-0.4355398116568777,0
TX007562,49648.51,2026-07-21 06:56:00,2.222060327775603,0
TX007563,7183.47,2026-04-15 22:53:00,-0.4521131855483564,0
TX007564,10235.42,2026-05-24 01:58:00,-0.25992111757929154,0
TX007565,12306.06,2026-03-25 00:08:00,-0.12952560532664506,0
TX007566,8373.65,2026-01-12 08:10:00,-0.37716334840966753,0
TX007567,16819.78,2026-06-28 22:33:00,0.15471928106839003,0
TX007568,2314.28,2026-02-18 04:56:00,-0.7587432730118767,0
TX007569,11629.52,2026-03-02 13:04:00,-0.17212971799683657,0
TX007570,17818.31,2026-02-01 16:40:00,0.21760024098881822,0
TX007571,6002.83,2026-04-17 01:53:00,-0.5264622552012003,0
TX007572,25603.05,2026-08-19 20:00:00,0.707832806791501,0
TX007573,1601.02,2026-07-11 01:57:00,-0.8036597737407928,0
TX007574,36685.72,2026-04-06 01:42:00,1.405747669721338,0
TX007575,1142.65,2026-07-02 23:46:00,-0.8325249511503113,0
TX007576,1669.92,2026-02-01 04:47:00,-0.7993208974541339,0
TX007577,8521.88,2026-02-12 07:41:00,-0.3678287819079049,0
TX007578,1672.5,2026-04-23 23:59:00,-0.7991584257441254,0
TX007579,12074.52,2026-08-01 21:09:00,-0.14410649669693523,0
TX007580,5956.85,2026-02-14 04:12:00,-0.5293577781570866,0
TX007581,10515.35,2026-04-20 12:30:00,-0.2422929370433783,0
TX007582,4615.73,2026-06-26 02:24:00,-0.6138128400665781,0
TX007583,893.19,2026-05-06 00:30:00,-0.8482343281963189,0
TX007584,10526.13,2026-03-13 12:46:00,-0.24161408237907964,0
TX007585,23943.41,2026-03-12 09:28:00,0.6033194157843814,0
TX007586,1899.52,2026-08-25 23:01:00,-0.784862174734005,0
TX007587,10686.83,2026-06-18 00:26:00,-0.2314942359456096,0
TX007588,5497.98,2026-03-12 16:27:00,-0.5582544423321107,0
TX007589,10969.75,2026-03-12 09:50:00,-0.21367776455197346,0
TX007590,22454.59,2026-03-06 23:34:00,0.5095631633445632,0
TX007591,7104.06,2026-07-02 19:22:00,-0.457113913645941,0
TX007592,5985.84,2026-08-16 17:13:00,-0.5275321754930774,0
TX007593,52537.59,2026-05-28 18:32:00,2.4039958967489037,0
TX007594,4663.25,2026-04-12 11:24:00,-0.6108203378729347,0
TX007595,7422.63,2026-06-11 17:54:00,-0.43705243587176223,0
TX007596,1567.02,2026-06-27 13:14:00,-0.8058008737951672,0
TX007597,8765.04,2026-05-30 02:45:00,-0.35251613810726656,0
TX007598,7328.9,2026-08-15 11:45:00,-0.44295494493342463,0
TX007599,50492.01,2026-08-31 10:48:00,2.275178501183394,0
TX007600,14332.81,2026-01-10 15:28:00,-0.0018940013500719792,0
TX007601,5138.69,2026-02-23 07:38:00,-0.580880202289058,0
TX007602,17776.57,2026-02-05 20:35:00,0.2149717258044184,0
TX007603,7180.41,2026-08-17 04:12:00,-0.4523058845532501,0
TX007604,1551.98,2026-07-24 00:30:00,-0.806747995701573,0
TX007605,6181.93,2026-03-07 11:32:00,-0.5151836957971275,0
TX007606,10756.57,2026-05-06 20:13:00,-0.22710246189290148,0
TX007607,4380.33,2026-03-13 01:05:00,-0.6286368092665708,0
TX007608,3545.03,2026-03-06 20:15:00,-0.681238599720071,0
TX007609,7416.5,2026-03-04 15:09:00,-0.43743846361685973,0
TX007610,15094.89,2026-02-16 16:14:00,0.04609686716280174,0
TX007611,32267.16,2026-08-25 12:13:00,1.1274953445373113,0
TX007612,4237.06,2026-08-17 23:20:00,-0.6376590270545188,0
TX007613,6652.32,2026-08-12 00:54:00,-0.4855615765448566,0
TX007614,20313.31,2026-08-30 22:15:00,0.37471920086129873,0
TX007615,2817.85,2026-01-08 18:25:00,-0.7270316920006603,0
TX007616,2061.16,2026-03-19 19:01:00,-0.7746831331813847,0
TX007617,1670.61,2026-05-08 05:01:00,-0.7992774457177363,0
TX007618,4470.18,2026-01-23 09:16:00,-0.6229786375052312,0
TX007619,8859.65,2026-04-24 17:22:00,-0.3465582123383146,0
TX007620,2193.63,2026-01-23 03:45:00,-0.7663410295283557,0
TX007621,5186.02,2026-01-15 17:49:00,-0.5778996650663067,0
TX007622,6205.81,2026-02-15 18:29:00,-0.5136798878765846,0
TX007623,2831.4,2026-05-17 06:17:00,-0.7261784006554611,0
TX007624,5708.09,2026-02-11 09:16:00,-0.5450230737313866,0
TX007625,2038.32,2026-05-25 02:02:00,-0.7761214486296762,0
TX007626,14092.09,2026-03-13 22:03:00,-0.017052989735043284,0
TX007627,15446.51,2026-01-27 03:42:00,0.06823962013689461,0
TX007628,3108.76,2026-07-06 08:37:00,-0.7087120620942462,0
TX007629,6246.29,2026-02-14 16:11:00,-0.5111307193412588,0
TX007630,11179.84,2026-03-20 07:01:00,-0.20044765542186946,0
TX007631,27687.66,2026-03-24 21:44:00,0.8391080592723714,0
TX007632,5022.63,2026-07-05 01:08:00,-0.5881889102981964,0
TX007633,11472.21,2026-05-19 16:32:00,-0.1820360841601793,0
TX007634,1819.07,2026-05-18 04:39:00,-0.7899283953038412,0
TX007635,9987.36,2026-03-08 09:30:00,-0.2755423316818837,0
TX007636,20098.18,2026-02-17 18:43:00,0.36117170513489916,0
TX007637,3882.82,2026-02-25 11:02:00,-0.6599667706798605,0
TX007638,18947.63,2026-03-04 01:57:00,0.2887175090301768,0
TX007639,22155.69,2026-03-18 08:37:00,0.4907403749253709,0
TX007640,23508.46,2026-07-29 06:22:00,0.5759290784711407,0
TX007641,635.94,2026-04-04 04:55:00,-0.8644342690489023,0
TX007642,36080.3,2026-05-27 10:33:00,1.36762223457665,0
TX007643,22272.01,2026-08-30 16:42:00,0.4980654560525721,0
TX007644,25646.07,2026-02-07 16:51:00,0.7105419280955948,0
TX007645,14569.32,2026-06-06 21:45:00,0.01299986846934301,0
TX007646,7241.94,2026-01-19 16:20:00,-0.44843112319014244,0
TX007647,9198.23,2026-07-25 03:02:00,-0.3252366342086054,0
TX007648,5239.27,2026-02-06 04:16:00,-0.5745463245399702,0
TX007649,3575.49,2026-05-01 02:32:00,-0.6793204259654755,0
TX007650,2865.63,2026-05-21 22:21:00,-0.7240228166889541,0
TX007651,7457.59,2026-03-12 20:46:00,-0.43485088122761717,0
TX007652,22249.69,2026-04-28 08:31:00,0.4966598868404063,0
TX007653,8685.77,2026-01-04 16:23:00,-0.3575080499105097,0
TX007654,3478.39,2026-06-25 18:09:00,-0.685435155826645,0
TX007655,46290.83,2026-08-31 05:53:00,2.010615362170541,0
TX007656,6420.37,2026-05-31 20:37:00,-0.5001682870628613,0
TX007657,1649.24,2026-03-10 08:32:00,-0.8006231900754417,0
TX007658,7854.16,2026-01-14 13:24:00,-0.40987746803457925,0
TX007659,9044.6,2026-01-13 15:30:00,-0.3349112577778275,0
TX007660,9333.62,2026-05-08 19:09:00,-0.3167106478450241,0
TX007661,7204.24,2026-04-05 01:01:00,-0.45080522530925765,0
TX007662,6439.83,2026-08-21 04:52:00,-0.498942822149387,0
TX007663,34271.45,2026-07-07 14:52:00,1.2537125630073764,0
TX007664,18854.58,2026-06-28 06:06:00,0.28285782196960196,0
TX007665,11904.17,2026-06-06 00:00:00,-0.15483403770466153,0
TX007666,5720.33,2026-05-01 02:53:00,-0.5442522777118117,0
TX007667,3398.37,2026-05-15 08:16:00,-0.6904742977781463,0
TX007668,7492.88,2026-04-27 12:37:00,-0.43262854531823847,0
TX007669,4597.5,2026-01-16 23:14:00,-0.6149608475369088,0
TX007670,4709.87,2026-04-08 17:22:00,-0.6078845118572012,0
TX007671,1095.79,2026-02-18 19:32:00,-0.8354758908134875,0
TX007672,4963.11,2026-04-24 02:00:00,-0.5919370948639721,0
TX007673,4521.66,2026-08-16 04:21:00,-0.6197367601287842,0
TX007674,5187.36,2026-04-26 05:07:00,-0.5778152805347521,0
TX007675,4571.83,2026-02-02 12:59:00,-0.6165773780779616,0
TX007676,7674.01,2026-01-13 16:31:00,-0.42122214964621346,0
TX007677,6072.83,2026-07-14 09:49:00,-0.5220541080304293,0
TX007678,43494.68,2026-03-08 18:16:00,1.8345319234340933,0
TX007679,1735.35,2026-05-09 09:46:00,-0.7952005393200832,0
TX007680,4486.46,2026-01-18 10:43:00,-0.6219534284203718,0
TX007681,25578.42,2026-01-01 04:40:00,0.7062817687226997,0
TX007682,7696.23,2026-03-28 02:09:00,-0.4198228777871488,0
TX007683,14542.61,2026-08-05 12:27:00,0.011317845456038875,0
TX007684,2168.99,2026-02-14 19:18:00,-0.767892697332467,0
TX007685,1875.5,2026-05-02 02:33:00,-0.7863747989488896,0
TX007686,14756.08,2026-01-03 17:43:00,0.02476080512096004,0
TX007687,6425.3,2026-04-08 12:24:00,-0.49985782755497704,0
TX007688,9731.37,2026-04-12 19:43:00,-0.2916629258853932,0
TX007689,28411.0,2026-07-12 08:13:00,0.8846593331938785,0
TX007690,8363.03,2026-08-20 21:38:00,-0.3778321273090044,0
TX007691,2928.06,2026-05-02 12:46:00,-0.7200913791479365,0
TX007692,10569.66,2026-03-20 20:37:00,-0.23887284457417016,0
TX007693,6292.05,2026-08-12 16:00:00,-0.5082490505621947,0
TX007694,15653.4,2026-04-09 15:58:00,0.0812682139677633,0
TX007695,8405.42,2026-01-30 09:45:00,-0.3751626793294476,0
TX007696,11948.29,2026-05-22 03:49:00,-0.15205564551645553,0
TX007697,5627.72,2026-01-19 02:37:00,-0.5500842564187418,0
TX007698,78506.19,2026-01-15 18:37:00,4.039330334161528,1
TX007699,1614.32,2026-04-27 16:47:00,-0.8028222257783463,0
TX007700,12755.48,2026-06-11 21:27:00,-0.10122404101967504,0
TX007701,16797.06,2026-08-30 08:59:00,0.15328852244381994,0
TX007702,5969.93,2026-04-29 14:20:00,-0.5285340843714625,0
TX007703,5426.17,2026-02-16 07:02:00,-0.5627765715940117,0
TX007704,14122.41,2026-03-10 18:41:00,-0.01514363227478935,0
TX007705,3277.97,2026-03-15 10:49:00,-0.6980563109118725,0
TX007706,10464.59,2026-07-28 21:52:00,-0.2454894734774974,0
TX007707,3433.24,2026-05-11 02:35:00,-0.6882784107517923,0
TX007708,7586.04,2026-04-23 19:56:00,-0.42676193116925243,0
TX007709,9260.8,2026-05-23 08:33:00,-0.32129638037324626,0
TX007710,6268.83,2026-08-10 12:48:00,-0.5097112959522705,0
TX007711,5317.67,2026-07-12 16:37:00,-0.5696091997087067,0
TX007712,2055.64,2026-07-06 08:35:00,-0.7750307470725655,0
TX007713,3706.09,2026-08-10 01:50:00,-0.6710960828154371,0
TX007714,2405.62,2026-01-07 15:24:00,-0.7529912706893307,0
TX007715,3265.19,2026-04-21 02:10:00,-0.6988611126381932,0
TX007716,1931.84,2026-03-21 07:43:00,-0.782826870211729,0
TX007717,3553.71,2026-02-07 12:14:00,-0.6806919894708954,0
TX007718,15722.71,2026-04-06 17:18:00,0.08563290940213668,0
TX007719,5042.96,2026-07-07 14:30:00,-0.5869086584127424,0
TX007720,1385.29,2026-02-09 02:55:00,-0.8172450535857989,0
TX007721,4363.29,2026-07-30 19:53:00,-0.6297098782349986,0
TX007722,71061.59,2026-02-11 02:41:00,3.5705175851969315,1
TX007723,5436.89,2026-03-22 14:08:00,-0.5621014953415735,0
TX007724,2659.49,2026-02-05 15:14:00,-0.7370041803715646,0
TX007725,14482.84,2026-08-22 05:52:00,0.007553917507510527,0
TX007726,3311.8,2026-06-28 06:14:00,-0.6959259163577698,0
TX007727,7898.32,2026-04-12 08:26:00,-0.4070965569051329,0
TX007728,32593.7,2026-06-30 03:43:00,1.1480587213536477,0
TX007729,2533.78,2026-03-25 20:23:00,-0.7449205829549591,0
TX007730,9993.95,2026-05-21 20:20:00,-0.2751273361125211,0
TX007731,8368.64,2026-01-17 22:27:00,-0.3774788458000327,0
TX007732,12925.1,2026-01-03 23:12:00,-0.09054247068958676,0
TX007733,5730.69,2026-02-13 16:00:00,-0.5435998719305376,0
TX007734,6705.48,2026-07-02 13:16:00,-0.4822139036363111,0
TX007735,7889.32,2026-07-28 00:53:00,-0.407663318684232,0
TX007736,7051.81,2026-03-10 04:26:00,-0.4604042806412665,0
TX007737,7521.72,2026-05-10 22:06:00,-0.43081238868388083,0
TX007738,12316.77,2026-06-25 20:21:00,-0.12885115880951703,0
TX007739,25806.03,2026-07-04 13:47:00,0.7206151741161166,0
TX007740,3628.26,2026-02-07 05:23:00,-0.6759973127340243,0
TX007741,2244.71,2026-04-05 08:08:00,-0.763124341564313,0
TX007742,4509.23,2026-02-04 17:12:00,-0.6205195211192511,0
TX007743,6782.16,2026-01-22 21:02:00,-0.4773850932783865,0
TX007744,5795.69,2026-04-29 04:54:00,-0.5395065924148217,0
TX007745,7329.73,2026-01-24 10:31:00,-0.4429026769026855,0
TX007746,8830.77,2026-01-08 16:40:00,-0.34837688791391264,0
TX007747,8043.39,2026-01-22 08:59:00,-0.39796098676136504,0
TX007748,5640.75,2026-08-03 06:58:00,-0.5492637113096682,0
TX007749,7909.14,2026-02-26 12:53:00,-0.4064151832995937,0
TX007750,5645.81,2026-07-30 06:32:00,-0.5489450652427526,0
TX007751,4307.25,2026-02-27 01:54:00,-0.6332389149128558,0
TX007752,2448.49,2026-05-12 15:34:00,-0.7502915954148885,0
TX007753,13260.67,2026-05-01 00:47:00,-0.06941044288822074,0
TX007754,8022.4,2026-06-23 01:11:00,-0.39928280117728626,0
TX007755,10246.44,2026-01-15 14:33:00,-0.25922714926755014,0
TX007756,7505.46,2026-08-27 23:17:00,-0.4318363382981199,0
TX007757,15328.52,2026-05-29 09:25:00,0.060809373212905055,0
TX007758,12904.52,2026-04-30 15:00:00,-0.09183846595779344,0
TX007759,5017.72,2026-02-24 18:40:00,-0.5884981103354605,0
TX007760,3712.39,2026-06-24 03:36:00,-0.6706993495700677,0
TX007761,13316.65,2026-08-29 20:52:00,-0.06588518462222419,0
TX007762,4824.04,2026-04-21 15:42:00,-0.6006948238216737,0
TX007763,21077.11,2026-06-24 13:00:00,0.42281838384751136,0
TX007764,13533.37,2026-08-26 17:04:00,-0.05223756098151711,0
TX007765,16708.48,2026-07-02 09:47:00,0.14771032706686418,0
TX007766,13496.09,2026-02-01 20:44:00,-0.054585214217607765,0
TX007767,5288.37,2026-06-03 21:19:00,-0.5714543241673294,0
TX007768,7971.83,2026-05-06 02:35:00,-0.40246737264051324,0
TX007769,651.75,2026-04-19 19:45:00,-0.8634386575236183,0
TX007770,3838.67,2026-01-09 02:17:00,-0.6627470520739968,0
TX007771,18516.59,2026-01-14 22:54:00,0.26157339822318915,0
TX007772,6893.04,2026-07-31 07:10:00,-0.4704025881598853,0
TX007773,2426.52,2026-06-17 03:13:00,-0.7516751238912005,0
TX007774,36288.7,2026-01-23 01:07:00,1.380745918439345,0
TX007775,22798.1,2026-02-02 22:24:00,0.5311952009821566,0
TX007776,2029.17,2026-08-02 14:18:00,-0.776697656438427,0
TX007777,3332.89,2026-03-29 10:31:00,-0.6945978045887476,0
TX007778,16108.07,2026-07-23 21:31:00,0.10990038931254115,0
TX007779,2982.63,2026-05-15 09:16:00,-0.7166549135606655,0
TX007780,8552.22,2026-04-06 05:13:00,-0.3659181649770307,0
TX007781,3526.51,2026-07-07 23:01:00,-0.6824048695143949,0
TX007782,16219.98,2026-08-17 15:05:00,0.11694775716798374,0
TX007783,2009.82,2026-02-26 03:40:00,-0.7779161942634901,0
TX007784,27761.46,2026-07-29 23:13:00,0.8437555058609842,0
TX007785,13249.21,2026-07-16 09:39:00,-0.07013211955360701,0
TX007786,8506.2,2026-07-27 06:32:00,-0.3688162068741575,0
TX007787,6630.6,2026-03-08 08:50:00,-0.4869293616384158,0
TX007788,8210.79,2026-08-14 02:51:00,-0.3874192176701212,0
TX007789,9023.63,2026-05-23 02:02:00,-0.3362318127231285,0
TX007790,5480.8,2026-07-30 06:28:00,-0.55933632759488,0
TX007791,8012.55,2026-03-08 17:58:00,-0.3999030904577447,0
TX007792,10707.17,2026-01-19 01:42:00,-0.23021335432484558,0
TX007793,10955.82,2026-03-06 20:54:00,-0.2145549858389569,0
TX007794,12991.93,2026-04-28 10:31:00,-0.08633394961212068,0
TX007795,18331.31,2026-01-18 11:26:00,0.24990566239746853,0
TX007796,3462.09,2026-05-15 09:04:00,-0.6864616243821245,0
TX007797,19223.52,2026-06-01 00:50:00,0.3060912765008055,0
TX007798,3194.73,2026-07-15 01:50:00,-0.7032982276332294,0
TX007799,13398.61,2026-08-16 14:39:00,-0.060723874020561404,0
TX007800,10756.98,2026-06-11 01:12:00,-0.227076642745187,0
TX007801,17915.64,2026-04-19 21:10:00,0.2237294547621201,0
TX007802,6540.89,2026-01-10 18:03:00,-0.4925787171054139,0
TX007803,11817.4,2026-06-03 05:17:00,-0.16029825099048728,0
TX007804,69738.83,2026-05-07 19:35:00,3.4872187173168023,1
TX007805,11535.93,2026-06-07 01:33:00,-0.1780234107641574,0
TX007806,5038.45,2026-01-03 23:50:00,-0.5871926690376023,0
TX007807,3341.34,2026-02-02 22:23:00,-0.6940656782517045,0
TX007808,7538.54,2026-06-10 13:46:00,-0.4297531738922756,0
TX007809,2666.56,2026-01-09 08:09:00,-0.7365589575073167,0
TX007810,9400.09,2026-08-30 21:59:00,-0.312524797238722,0
TX007811,7169.92,2026-03-22 19:42:00,-0.4529664768935556,0
TX007812,2798.4,2026-03-30 20:57:00,-0.7282565271788246,0
TX007813,5386.12,2026-04-28 14:52:00,-0.5652986615110027,0
TX007814,20869.7,2026-06-10 17:00:00,0.40975704378051686,0
TX007815,73084.48,2026-02-10 15:11:00,3.697906111343802,1
TX007816,1206.84,2026-08-06 07:46:00,-0.8284826801947144,0
TX007817,18437.71,2026-04-09 18:29:00,0.2566060460970403,0
TX007818,4673.64,2026-05-08 01:03:00,-0.6101660428857302,0
TX007819,2460.72,2026-04-14 07:49:00,-0.7495214291306239,0
TX007820,2253.47,2026-03-16 11:15:00,-0.7625726934326565,0
TX007821,1002.96,2026-02-27 22:51:00,-0.8413217236972399,0
TX007822,11672.8,2026-04-29 23:43:00,-0.16940422357467994,0
TX007823,3587.66,2026-02-12 07:55:00,-0.6785540380930715,0
TX007824,5865.84,2026-04-08 03:41:00,-0.5350889992143991,0
TX007825,3254.55,2026-01-11 08:05:00,-0.6995311510081503,0
TX007826,16941.91,2026-05-23 05:13:00,0.16241023841076527,0
TX007827,4536.82,2026-07-22 00:24:00,-0.6187820813986572,0
TX007828,3876.66,2026-07-12 02:29:00,-0.6603546876308883,0
TX007829,5002.54,2026-08-20 23:05:00,-0.5894540485362078,0
TX007830,7679.96,2026-08-25 08:32:00,-0.42084745713669797,0
TX007831,24817.07,2026-07-21 17:25:00,0.6583368708874641,0
TX007832,11947.88,2026-03-11 13:18:00,-0.15208146466417016,0
TX007833,3124.77,2026-03-25 18:28:00,-0.7077038558627599,0
TX007834,29332.11,2026-01-13 22:59:00,0.9426648823434338,0
TX007835,4346.4,2026-06-16 09:57:00,-0.6307735011737745,0
TX007836,6175.76,2026-03-04 19:32:00,-0.5155722424834656,0
TX007837,6785.41,2026-02-21 22:59:00,-0.47718042930260074,0
TX007838,8006.52,2026-06-09 12:53:00,-0.4002828208497411,0
TX007839,5999.65,2026-05-17 17:42:00,-0.5266625110298153,0
TX007840,5461.44,2026-05-25 05:33:00,-0.5605554951552532,0
TX007841,5046.78,2026-07-14 06:05:00,-0.5866680995242803,0
TX007842,11655.01,2026-02-05 16:19:00,-0.17052452269136584,0
TX007843,8188.61,2026-02-08 00:36:00,-0.3888159705879456,0
TX007844,3414.02,2026-08-07 04:09:00,-0.6894887620178239,0
TX007845,3819.35,2026-06-25 03:11:00,-0.6639637006931296,0
TX007846,7733.71,2026-07-09 17:04:00,-0.41746262984485594,0
TX007847,1187.48,2026-08-04 12:18:00,-0.8297018477550876,0
TX007848,3865.11,2026-05-18 09:50:00,-0.6610820319140656,0
TX007849,28653.83,2026-02-19 17:01:00,0.8999511957292832,0
TX007850,15140.74,2026-06-02 10:49:00,0.04898420355965676,0
TX007851,24303.41,2026-04-29 16:05:00,0.6259898869483465,0
TX007852,4462.97,2026-08-27 10:26:00,-0.6234326766638206,0
TX007853,15231.97,2026-01-08 21:39:00,0.054729278793791566,0
TX007854,11262.2,2026-01-31 21:29:00,-0.19526115540780228,0
TX007855,2294.19,2026-02-10 02:44:00,-0.760008411249888,0
TX007856,3221.41,2026-05-22 08:33:00,-0.7016180938258554,0
TX007857,9253.55,2026-07-17 16:55:00,-0.3217529384730761,0
TX007858,7620.89,2026-08-10 13:03:00,-0.4245673036135185,0
TX007859,43206.93,2026-03-22 15:20:00,1.8164112898856741,0
TX007860,4905.25,2026-03-27 05:42:00,-0.5955807433682693,0
TX007861,8862.93,2026-03-03 19:58:00,-0.34635165915659843,0
TX007862,3000.38,2026-07-16 08:11:00,-0.71553713338522,0
TX007863,15822.5,2026-05-07 17:07:00,0.09191703806172584,0
TX007864,18933.44,2026-04-02 21:49:00,0.28782391462513035,0
TX007865,4863.78,2026-07-31 11:43:00,-0.5981922556992959,0
TX007866,15196.89,2026-02-27 01:45:00,0.05252016732592519,0
TX007867,36886.43,2026-01-02 20:24:00,1.4183870871305586,0
TX007868,2671.36,2026-02-12 13:34:00,-0.7362566845584637,0
TX007869,1183.42,2026-07-13 10:48:00,-0.8299575202909923,0
TX007870,7386.12,2026-01-09 01:12:00,-0.4393515994889744,0
TX007871,3075.59,2026-03-23 02:37:00,-0.7108008941178815,0
TX007872,1596.74,2026-05-08 17:50:00,-0.80392930045352,0
TX007873,7818.37,2026-03-06 06:54:00,-0.41213129070946347,0
TX007874,10135.9,2026-03-26 17:43:00,-0.2661882433855077,0
TX007875,6260.69,2026-07-26 13:05:00,-0.5102239004947001,0
TX007876,8110.21,2026-07-23 07:41:00,-0.39375309541920905,0
TX007877,4831.57,2026-06-17 04:31:00,-0.6002206331331608,0
TX007878,4566.6,2026-01-20 01:25:00,-0.6169067296451491,0
TX007879,4062.4,2026-03-21 15:53:00,-0.6486579839809026,0
TX007880,22133.58,2026-01-24 14:07:00,0.4893480301547176,0
TX007881,1858.89,2026-06-15 11:34:00,-0.7874207892989825,0
TX007882,5473.24,2026-06-06 15:10:00,-0.5598124074893233,0
TX007883,16757.74,2026-07-08 23:54:00,0.15081240320446687,0
TX007884,22940.56,2026-07-22 08:28:00,0.5401664102099858,0
TX007885,6203.25,2026-08-13 19:12:00,-0.5138411001159727,0
TX007886,2460.27,2026-05-20 06:29:00,-0.7495497672195788,0
TX007887,18478.88,2026-03-06 07:17:00,0.2591986663687639,0
TX007888,2543.92,2026-01-17 03:58:00,-0.7442820313505074,0
TX007889,36607.87,2026-06-10 09:09:00,1.4008451803321307,0
TX007890,9278.91,2026-03-07 16:26:00,-0.32015592972663676,0
TX007891,5047.77,2026-08-09 23:18:00,-0.5866057557285794,0
TX007892,7273.02,2026-08-06 06:58:00,-0.4464739058463201,0
TX007893,30377.93,2026-04-04 01:34:00,1.0085238605453726,0
TX007894,21171.02,2026-07-11 23:13:00,0.4287322281447557,0
TX007895,8574.72,2026-07-11 00:01:00,-0.3645012605292829,0
TX007896,3205.74,2026-03-03 05:23:00,-0.7026048890567981,0
TX007897,453.46,2026-06-13 04:11:00,-0.8759256789877923,0
TX007898,23301.49,2026-01-12 10:18:00,0.5628954467577912,0
TX007899,12770.29,2026-03-12 22:14:00,-0.10029140302540185,0
TX007900,17909.31,2026-07-06 11:20:00,0.22333083231082052,0
TX007901,12466.47,2026-06-25 00:42:00,-0.11942402121716827,0
TX007902,10364.26,2026-06-28 20:24:00,-0.25180760784383244,0
TX007903,14352.51,2026-01-13 16:51:00,-0.000653422789154953,0
TX007904,30463.29,2026-01-18 18:21:00,1.013899281152473,0
TX007905,12431.51,2026-04-26 07:39:00,-0.12162557586131328,0
TX007906,13023.39,2026-05-10 08:11:00,-0.08435280232651424,0
TX007907,7681.78,2026-04-08 04:43:00,-0.4207328453102579,0
TX007908,4669.84,2026-02-10 04:58:00,-0.6104053423035721,0
TX007909,7139.21,2026-08-05 06:28:00,-0.4549003940309039,0
TX007910,19737.23,2026-07-23 09:46:00,0.3384414091164735,0
TX007911,7277.31,2026-07-08 20:40:00,-0.4462037493982828,0
TX007912,4618.83,2026-06-24 09:56:00,-0.6136176221204439,0
TX007913,15457.21,2026-05-31 12:42:00,0.06891343691871239,0
TX007914,3982.0,2026-01-16 11:22:00,-0.6537210558741882,0
TX007915,3327.43,2026-08-30 16:33:00,-0.6949416400680677,0
TX007916,1706.01,2026-07-07 18:52:00,-0.7970481827199464,0
TX007917,13877.29,2026-05-10 16:19:00,-0.030579704196209093,0
TX007918,17776.95,2026-04-13 01:09:00,0.21499565574620264,0
TX007919,19955.58,2026-07-09 09:30:00,0.3521916796127286,0
TX007920,6217.14,2026-05-18 15:16:00,-0.5129663977702298,0
TX007921,11243.19,2026-03-02 02:12:00,-0.1964582822323217,0
TX007922,17554.81,2026-01-16 13:31:00,0.20100671556741598,0
TX007923,11578.58,2026-02-07 03:06:00,-0.17533758966653767,0
TX007924,17650.83,2026-04-03 00:36:00,0.2070534340150936,0
TX007925,19912.4,2026-06-20 12:20:00,0.349472482543673,0
TX007926,30819.32,2026-05-04 20:21:00,1.036319747398324,0
TX007927,9742.48,2026-02-12 02:34:00,-0.2909632899558609,0
TX007928,9797.38,2026-06-17 04:50:00,-0.28750604310335626,0
TX007929,6060.98,2026-01-12 18:02:00,-0.5228003443729098,0
TX007930,16715.17,2026-08-21 10:22:00,0.1481316199893278,0
TX007931,11885.52,2026-01-12 01:13:00,-0.15600849405801692,0
TX007932,1954.74,2026-04-02 08:24:00,-0.7813847763515769,0
TX007933,12296.92,2026-07-15 07:15:00,-0.1301011834000857,0
TX007934,5755.04,2026-04-09 07:45:00,-0.5420664664504196,0
TX007935,14334.14,2026-05-23 01:11:00,-0.0018102465538273349,0
TX007936,36956.12,2026-01-28 02:22:00,1.4227757125067164,0
TX007937,6156.17,2026-05-27 15:27:00,-0.5168058939559713,0
TX007938,7133.57,2026-04-14 02:40:00,-0.45525556474580603,0
TX007939,22269.76,2026-03-08 10:43:00,0.49792376560779733,0
TX007940,25173.06,2026-07-29 10:42:00,0.6807548181920751,0
TX007941,2656.6,2026-04-07 17:46:00,-0.7371861738761863,0
TX007942,3343.15,2026-08-16 02:37:00,-0.6939516961605746,0
TX007943,16401.38,2026-08-08 17:20:00,0.1283711556933818,0
TX007944,30656.3,2026-01-31 22:31:00,1.0260538023729087,0
TX007945,8799.47,2026-07-05 07:39:00,-0.35034795943455743,0
TX007946,5700.05,2026-06-12 12:04:00,-0.545529380920715,0
TX007947,4195.73,2026-02-04 15:37:00,-0.6402617230912041,0
TX007948,3556.32,2026-04-18 20:45:00,-0.6805276285549566,0
TX007949,10611.35,2026-03-24 05:16:00,-0.23624747806632093,0
TX007950,23959.2,2026-03-29 02:39:00,0.6043137678390453,0
TX007951,11918.56,2026-02-21 23:38:00,-0.15392784859341307,0
TX007952,11775.93,2026-08-03 12:24:00,-0.162909763321514,0
TX007953,4482.97,2026-06-21 05:37:00,-0.6221732060436004,0
TX007954,30157.88,2026-04-15 21:22:00,0.994666535046399,0
TX007955,7914.41,2026-04-26 12:00:00,-0.40608331279116566,0
TX007956,2392.04,2026-01-24 17:12:00,-0.7538464512404603,0
TX007957,3944.5,2026-04-29 00:37:00,-0.6560825632871011,0
TX007958,16275.51,2026-06-29 12:11:00,0.12044467734502541,0
TX007959,10206.84,2026-07-18 22:11:00,-0.2617209010955863,0
TX007960,5972.24,2026-07-31 18:13:00,-0.5283886155148272,0
TX007961,5434.29,2026-07-07 22:30:00,-0.5622652265222023,0
TX007962,21107.85,2026-08-01 12:11:00,0.4247541901907898,0
TX007963,9791.16,2026-01-13 02:32:00,-0.2878977384662447,0
TX007964,29229.94,2026-04-04 17:18:00,0.9362308766800383,0
TX007965,16745.89,2026-07-24 15:51:00,0.15006616686198623,0
TX007966,8776.14,2026-02-22 09:44:00,-0.3518171319130444,0
TX007967,19102.57,2026-08-03 06:50:00,0.2984746279250233,0
TX007968,7178.91,2026-08-28 11:51:00,-0.45240034484976666,0
TX007969,9589.79,2026-01-04 01:26:00,-0.3005787184059326,0
TX007970,5944.13,2026-05-21 22:10:00,-0.5301588014715468,0
TX007971,3894.05,2026-04-04 20:54:00,-0.6592595779266067,0
TX007972,16497.78,2026-01-03 02:01:00,0.13444180408284345,0
TX007973,5973.12,2026-02-17 18:07:00,-0.5283331988075374,0
TX007974,10603.58,2026-04-20 02:28:00,-0.23673678240227652,0
TX007975,7630.34,2026-07-18 19:06:00,-0.42397220374546446,0
TX007976,27982.66,2026-03-11 15:43:00,0.8576852509206205,0
TX007977,6779.93,2026-08-19 02:19:00,-0.4775255242525411,0
TX007978,6275.97,2026-01-05 17:13:00,-0.5092616649408518,0
TX007979,4037.06,2026-02-10 20:59:00,-0.6502537332567218,0
TX007980,5069.83,2026-02-02 00:19:00,-0.5852165596344765,0
TX007981,6076.6,2026-03-24 16:15:00,-0.5218166978185177,0
TX007982,7133.03,2026-07-04 11:46:00,-0.455289570452552,0
TX007983,3299.15,2026-03-02 16:02:00,-0.6967225315250593,0
TX007984,15656.16,2026-08-22 06:41:00,0.08144202091335372,0
TX007985,2130.53,2026-02-09 03:55:00,-0.7703146593351505,0
TX007986,11851.32,2026-08-28 05:40:00,-0.15816218881859365,0
TX007987,7757.87,2026-06-21 10:04:00,-0.41594118933562985,0
TX007988,17205.07,2026-03-18 18:27:00,0.17898235283162375,0
TX007989,7300.66,2026-04-28 21:49:00,-0.44473331744917566,0
TX007990,6845.87,2026-02-12 10:32:00,-0.4733730496176748,0
TX007991,8563.64,2026-01-19 12:01:00,-0.36519900725288496,0
TX007992,21232.81,2026-07-29 06:35:00,0.4326233626259263,0
TX007993,8877.23,2026-02-24 04:26:00,-0.34545113766314095,0
TX007994,30270.74,2026-03-16 06:38:00,1.0017737277563021,0
TX007995,17983.86,2026-06-22 13:24:00,0.2280255090476916,0
TX007996,6376.59,2026-08-15 16:29:00,-0.5029252682505235,0
TX007997,2083.35,2026-07-01 11:13:00,-0.7732857505282502,0
TX007998,10300.75,2026-04-08 19:25:00,-0.255807056798342,0
TX007999,10391.55,2026-05-13 05:47:00,-0.2500890601825419,0
TX008000,27074.93,2026-05-06 06:58:00,0.8005222876159926,0
TX008001,7185.23,2026-05-29 11:15:00,-0.45200235213377704,0
TX008002,10895.2,2026-03-10 16:42:00,-0.2183724412888445,0
TX008003,8907.17,2026-06-24 11:02:00,-0.3435657101446712,0
TX008004,6800.56,2026-06-08 05:18:00,-0.47622638030778386,0
TX008005,5925.31,2026-03-11 18:31:00,-0.5313439633251741,0
TX008006,2904.38,2026-05-29 19:43:00,-0.7215825923622773,0
TX008007,3476.88,2026-02-09 08:20:00,-0.6855302458584717,0
TX008008,8506.61,2026-06-19 03:29:00,-0.368790387726443,0
TX008009,8857.14,2026-02-21 12:55:00,-0.3467162759011523,0
TX008010,6324.69,2026-06-14 13:25:00,-0.5061935945099952,0
TX008011,28446.72,2026-06-18 10:11:00,0.8869087477215919,0
TX008012,4577.89,2026-04-13 02:47:00,-0.6161957584800347,0
TX008013,1990.07,2026-02-20 01:58:00,-0.7791599215009577,0
TX008014,47578.68,2026-04-30 00:01:00,2.0917158240830753,0
TX008015,5796.46,2026-06-18 14:47:00,-0.5394581027959432,0
TX008016,4742.07,2026-06-03 04:06:00,-0.6058567641586465,0
TX008017,10604.1,2026-08-30 19:21:00,-0.2367040361661508,0
TX008018,22918.14,2026-06-15 08:09:00,0.5387545436447188,0
TX008019,9636.03,2026-08-10 22:02:00,-0.2976668223319833,0
TX008020,3675.54,2026-04-08 19:18:00,-0.6730199241878236,0
TX008021,10877.81,2026-01-18 23:18:00,-0.21946755099312612,0
TX008022,5983.99,2026-03-13 10:03:00,-0.5276486765254478,0
TX008023,13011.46,2026-01-10 00:40:00,-0.08510407655147566,0
TX008024,10926.32,2026-08-14 10:31:00,-0.21641270500378182,0
TX008025,36932.57,2026-02-19 08:43:00,1.4212926858514068,0
TX008026,3892.87,2026-01-13 09:17:00,-0.6593338866931998,0
TX008027,57817.89,2026-02-06 17:06:00,2.7365150325463623,0
TX008028,1153.74,2026-03-09 17:47:00,-0.8318265746913992,0
TX008029,10601.88,2026-01-02 21:01:00,-0.23684383740499532,0
TX008030,24075.16,2026-07-22 19:09:00,0.6116161784950825,0
TX008031,3359.84,2026-02-17 05:15:00,-0.6929006679280008,0
TX008032,17627.63,2026-04-13 01:08:00,0.205592448095638,0
TX008033,8683.23,2026-08-11 11:20:00,-0.35766800267927773,0
TX008034,5334.47,2026-05-24 15:57:00,-0.5685512443877218,0
TX008035,4769.37,2026-07-24 14:20:00,-0.6041375867620458,0
TX008036,15208.38,2026-01-26 22:08:00,0.05324373319724173,0
TX008037,14107.44,2026-06-05 13:54:00,-0.01608634603402419,0
TX008038,9659.99,2026-01-02 13:04:00,-0.2961579765289595,0
TX008039,2238.23,2026-04-29 14:22:00,-0.7635324100452644,0
TX008040,8145.05,2026-04-11 02:18:00,-0.3915590975987853,0
TX008041,20962.15,2026-07-02 15:39:00,0.4155789467224852,0
TX008042,2396.13,2026-08-14 12:07:00,-0.7535888894986253,0
TX008043,10949.75,2026-05-02 14:09:00,-0.21493723517219374,0
TX008044,3183.29,2026-01-29 09:14:00,-0.7040186448279954,0
TX008045,11558.94,2026-05-31 06:12:00,-0.17657438981559395,0
TX008046,14947.85,2026-02-10 13:12:00,0.036837239162942265,0
TX008047,2014.64,2026-07-10 15:31:00,-0.7776126618440171,0
TX008048,7695.36,2026-03-25 09:38:00,-0.41987766475912836,0
TX008049,11189.68,2026-05-23 02:32:00,-0.19982799587672107,0
TX008050,2422.43,2026-02-05 21:13:00,-0.7519326856330355,0
TX008051,2660.86,2026-05-21 13:28:00,-0.7369179066340794,0
TX008052,25849.64,2026-06-02 23:26:00,0.723361449803507,0
TX008053,8068.43,2026-07-20 00:19:00,-0.39638412954484925,0
TX008054,9976.67,2026-01-18 22:03:00,-0.27621551872839145,0
TX008055,11560.41,2026-04-22 01:29:00,-0.1764818187250078,0
TX008056,19687.35,2026-05-31 09:11:00,0.33530028938964407,0
TX008057,11854.35,2026-07-15 19:22:00,-0.15797137901963024,0
TX008058,3198.23,2026-04-21 00:48:00,-0.7030778202746908,0
TX008059,4430.97,2026-05-04 22:47:00,-0.6254478296561731,0
TX008060,7271.78,2026-05-08 10:29:00,-0.4465519930247738,0
TX008061,19994.93,2026-01-06 09:46:00,0.35466968805801197,0
TX008062,5947.07,2026-08-08 11:57:00,-0.5299736592903744,0
TX008063,2093.52,2026-07-04 02:40:00,-0.7726453097178683,0
TX008064,12352.23,2026-03-01 01:53:00,-0.12661811739986653,0
TX008065,16723.63,2026-07-07 23:26:00,0.14866437606168115,0
TX008066,3123.44,2026-04-25 23:05:00,-0.7077876106590044,0
TX008067,24592.18,2026-02-06 14:43:00,0.6441747534983971,0
TX008068,7759.75,2026-05-06 17:49:00,-0.4158227990973291,0
TX008069,1575.2,2026-03-28 15:30:00,-0.8052857503114971,0
TX008070,22447.58,2026-02-28 00:50:00,0.5091217188921761,0
TX008071,3385.95,2026-01-29 06:53:00,-0.6912564290333032,0
TX008072,4092.99,2026-01-20 17:29:00,-0.6467316236672757,0
TX008073,3056.65,2026-07-25 01:20:00,-0.7119936127952301,0
TX008074,6677.29,2026-08-07 00:16:00,-0.4839891274755116,0
TX008075,1367.96,2026-06-13 19:06:00,-0.8183363848782197,0
TX008076,5690.23,2026-06-01 10:32:00,-0.5461477809952433,0
TX008077,14314.01,2026-04-30 18:20:00,-0.0030779037330790006,0
TX008078,6885.45,2026-01-27 07:20:00,-0.47088055726025885,0
TX008079,10787.81,2026-01-06 03:01:00,-0.2251351687841174,0
TX008080,53674.96,2026-08-25 23:05:00,2.475620101714901,0
TX008081,9292.03,2026-06-28 08:21:00,-0.3193297169997722,0
TX008082,3294.45,2026-03-17 10:51:00,-0.697018507120811,0
TX008083,11148.89,2026-07-30 07:05:00,-0.2023966862066604,0
TX008084,4718.01,2026-04-14 06:13:00,-0.6073719073147715,0
TX008085,4802.05,2026-06-19 15:49:00,-0.6020796117686058,0
TX008086,4077.78,2026-02-21 14:57:00,-0.6476894510739531,0
TX008087,35761.03,2026-08-15 09:33:00,1.3475166753307632,0
TX008088,2112.49,2026-04-01 02:13:00,-0.7714507018345893,0
TX008089,9208.17,2026-05-11 10:53:00,-0.32461067731035587,0
TX008090,5637.15,2026-01-26 06:36:00,-0.549490416021308,0
TX008091,28948.66,2026-01-08 04:36:00,0.9185176818772604,0
TX008092,15807.8,2026-05-06 18:07:00,0.09099132715586389,0
TX008093,1486.23,2026-08-01 18:09:00,-0.8108885053655471,0
TX008094,6058.92,2026-04-13 05:25:00,-0.5229300698467925,0
TX008095,3374.64,2026-03-05 12:24:00,-0.6919686596690378,0
TX008096,40297.4,2026-02-09 11:09:00,1.6331879122031978,0
TX008097,21010.37,2026-06-23 15:34:00,0.41861553038783617,0
TX008098,10741.6,2026-04-29 22:45:00,-0.22804517565213633,0
TX008099,65186.24,2026-06-06 08:12:00,3.2005260497713692,1
TX008100,7828.78,2026-02-17 11:51:00,-0.4114757362516388,0
TX008101,4041.05,2026-02-28 13:05:00,-0.6500024688679876,0
TX008102,11747.95,2026-05-29 10:49:00,-0.16467176271920214,0
TX008103,7318.04,2026-06-22 17:04:00,-0.4436388374802042,0
TX008104,977.88,2026-08-28 08:18:00,-0.8429010998549962,0
TX008105,25059.04,2026-05-02 23:50:00,0.6735745761861992,0
TX008106,11370.55,2026-05-08 15:12:00,-0.188437973322759,0
TX008107,4548.75,2026-08-21 13:30:00,-0.6180308071736959,0
TX008108,4482.08,2026-08-16 13:45:00,-0.6222292524862001,0
TX008109,6327.33,2026-04-09 23:38:00,-0.5060273443881261,0
TX008110,9001.02,2026-07-12 07:34:00,-0.33765564425928746,0
TX008111,8146.89,2026-01-12 06:06:00,-0.39144322630172507,0
TX008112,1590.47,2026-04-18 22:06:00,-0.804324144492959,0
TX008113,39610.0,2026-07-26 01:04:00,1.5898999069862267,0
TX008114,20820.52,2026-07-29 19:08:00,0.40666000552539516,0
TX008115,35407.65,2026-02-22 17:26:00,1.325263088942091,0
TX008116,11459.99,2026-02-21 18:52:00,-0.18280562070913386,0
TX008117,5628.65,2026-02-10 20:33:00,-0.5500256910349015,0
TX008118,47525.63,2026-04-30 23:06:00,2.088375078262941,0
TX008119,3084.45,2026-08-15 21:20:00,-0.710242948633124,0
TX008120,11517.85,2026-01-17 11:51:00,-0.17916197220483654,0
TX008121,10083.83,2026-08-04 09:54:00,-0.2694672751452512,0
TX008122,7501.21,2026-06-13 22:15:00,-0.4321039758049167,0
TX008123,9607.38,2026-04-05 07:36:00,-0.29947101399544895,0
TX008124,4510.53,2026-04-06 17:26:00,-0.6204376555289367,0
TX008125,8418.1,2026-04-25 21:23:00,-0.37436417495622787,0
TX008126,16559.88,2026-07-30 04:34:00,0.13835246035862758,0
TX008127,9705.63,2026-06-13 06:44:00,-0.2932838645736168,0
TX008128,2400.24,2026-07-02 18:33:00,-0.75333006828617,0
TX008129,10060.54,2026-01-14 12:59:00,-0.27093392868249766,0
TX008130,5951.8,2026-07-01 00:42:00,-0.5296757944886922,0
TX008131,4501.59,2026-05-03 21:37:00,-0.6210006388961752,0
TX008132,1989.75,2026-03-21 05:19:00,-0.7791800730308812,0
TX008133,5516.5,2026-04-14 15:17:00,-0.5570881725377868,0
TX008134,2702.26,2026-05-18 01:31:00,-0.7343108024502234,0
TX008135,5404.92,2026-05-22 01:21:00,-0.5641147591279958,0
TX008136,31840.46,2026-01-29 06:43:00,1.1006245388549112,0
TX008137,10300.15,2026-05-04 07:29:00,-0.2558448409169486,0
TX008138,6646.92,2026-03-20 14:33:00,-0.4859016336123161,0
TX008139,6284.92,2026-06-01 08:59:00,-0.5086980518383032,0
TX008140,2620.98,2026-02-08 11:11:00,-0.7394292910507987,0
TX008141,19183.8,2026-02-15 01:44:00,0.3035899678490479,0
TX008142,21344.46,2026-07-15 12:44:00,0.4396543573633059,0
TX008143,9935.3,2026-07-06 03:27:00,-0.27882073370631716,0
TX008144,5290.88,2026-05-14 11:42:00,-0.5712962606044919,0
TX008145,17848.39,2026-01-13 23:21:00,0.21949448480162942,0
TX008146,43798.4,2026-07-17 01:35:00,1.8536582442727587,0
TX008147,8477.49,2026-03-12 19:36:00,-0.3706241769494838,0
TX008148,3719.32,2026-07-31 02:59:00,-0.6702629430001613,0
TX008149,9130.86,2026-05-22 09:45:00,-0.3294791609928174,0
TX008150,4242.53,2026-02-07 07:12:00,-0.6373145618398885,0
TX008151,9282.01,2026-06-27 10:56:00,-0.3199607117805026,0
TX008152,5866.6,2026-08-08 20:55:00,-0.5350411393308306,0
TX008153,15967.98,2026-04-05 23:11:00,0.10107842735320816,0
TX008154,9581.02,2026-08-07 05:21:00,-0.3011309962728992,0
TX008155,14164.91,2026-04-22 09:44:00,-0.012467257206821245,0
TX008156,7489.53,2026-07-18 13:03:00,-0.4328395066471254,0
TX008157,17289.34,2026-02-11 06:25:00,0.18428913228992194,0
TX008158,59332.64,2026-03-12 10:44:00,2.831904188645296,0
TX008159,6397.18,2026-06-26 05:14:00,-0.5016286432470067,0
TX008160,6586.82,2026-03-27 15:26:00,-0.48968634282607804,0
TX008161,3271.01,2026-05-09 19:50:00,-0.6984946066877091,0
TX008162,7436.64,2026-02-16 05:47:00,-0.4361701767022979,0
TX008163,4801.81,2026-07-31 21:57:00,-0.6020947254160486,0
TX008164,12914.13,2026-06-26 04:17:00,-0.09123329032477766,0
TX008165,5226.62,2026-06-18 00:53:00,-0.5753429397072596,0
TX008166,7256.74,2026-04-13 03:45:00,-0.4474991149311794,0
TX008167,7761.01,2026-06-13 13:30:00,-0.4157434524482552,0
TX008168,6857.41,2026-06-23 00:58:00,-0.4726463350698077,0
TX008169,20065.22,2026-08-23 02:28:00,0.3590960975527762,0
TX008170,2243.19,2026-08-04 14:11:00,-0.7632200613314497,0
TX008171,1306.44,2026-02-18 23:40:00,-0.8222105165060173,0
TX008172,2292.79,2026-07-27 12:14:00,-0.7600965741933036,0
TX008173,3052.02,2026-02-21 00:38:00,-0.7122851802438112,0
TX008174,5724.4,2026-05-23 17:50:00,-0.543995975440597,0
TX008175,16258.73,2026-05-26 23:12:00,0.11938798149466054,0
TX008176,69906.43,2026-06-09 20:23:00,3.497773081114248,1
TX008177,7443.1,2026-05-26 02:05:00,-0.4357633676919668,0
TX008178,901.63,2026-06-13 07:41:00,-0.847702831594586,0
TX008179,22327.3,2026-04-15 21:28:00,0.5015472625821711,0
TX008180,15805.62,2026-07-09 13:22:00,0.09085404485825997,0
TX008181,9314.4,2026-05-11 14:23:00,-0.31792099911105587,0
TX008182,8617.53,2026-04-14 13:53:00,-0.3618053636667013,0
TX008183,26368.74,2026-08-09 13:55:00,0.7560510097513247,0
TX008184,18336.11,2026-01-11 13:43:00,0.25020793534632135,0
TX008185,7711.89,2026-01-04 01:57:00,-0.41883671229151626,0
TX008186,44299.25,2026-05-17 13:08:00,1.8851985372796252,0
TX008187,33339.14,2026-03-02 01:33:00,1.195001710310498,0
TX008188,15279.23,2026-02-22 12:04:00,0.05770540786937211,0
TX008189,8340.22,2026-02-16 11:45:00,-0.37926855355136574,0
TX008190,3167.94,2026-08-19 08:12:00,-0.7049852885290143,0
TX008191,3962.34,2026-06-05 05:00:00,-0.6549591154938647,0
TX008192,7368.07,2026-04-18 00:05:00,-0.4404882717237232,0
TX008193,5478.35,2026-01-01 07:01:00,-0.559490612745857,0
TX008194,13577.83,2026-07-10 14:23:00,-0.049437757792767476,0
TX008195,4548.37,2026-08-02 22:39:00,-0.61805473711548,0
TX008196,3671.0,2026-02-08 15:18:00,-0.6733058240186135,0
TX008197,4579.72,2026-05-15 13:27:00,-0.6160805169182847,0
TX008198,7102.18,2026-02-03 06:46:00,-0.45723230388424174,0
TX008199,10302.35,2026-06-21 04:41:00,-0.25570629914872434,0
TX008200,41180.96,2026-03-30 10:58:00,1.6888288052632896,0
TX008201,3062.57,2026-07-06 02:48:00,-0.711620809491645,0
TX008202,9065.98,2026-07-18 00:39:00,-0.333564883684812,0
TX008203,15155.36,2026-03-20 15:39:00,0.04990487658303784,0
TX008204,8226.95,2026-01-18 11:18:00,-0.38640156540898324,0
TX008205,5356.47,2026-06-06 19:41:00,-0.5671658267054794,0
TX008206,22844.91,2026-03-03 05:22:00,0.5341429919687822,0
TX008207,4966.19,2026-07-26 05:59:00,-0.591743136388458,0
TX008208,6951.58,2026-08-24 08:02:00,-0.4667161176545005,0
TX008209,7971.35,2026-01-17 23:50:00,-0.40249759993539846,0
TX008210,2292.14,2026-08-22 19:08:00,-0.7601375069884606,0
TX008211,2725.85,2026-04-23 16:54:00,-0.7328252568536736,0
TX008212,11725.77,2026-01-07 21:08:00,-0.16606851563702646,0
TX008213,4619.47,2026-02-21 15:05:00,-0.6135773190605969,0
TX008214,2137.72,2026-08-20 04:58:00,-0.7698618796471814,0
TX008215,18501.41,2026-02-11 08:36:00,0.26061746002244196,0
TX008216,1302.03,2026-08-27 16:26:00,-0.8224882297777759,0
TX008217,8529.77,2026-03-27 11:38:00,-0.3673319207482279,0
TX008218,19259.11,2026-05-26 16:00:00,0.30833250446948746,0
TX008219,4748.7,2026-05-30 02:20:00,-0.6054392496480436,0
TX008220,11652.81,2026-01-21 08:27:00,-0.17066306445959012,0
TX008221,1072.78,2026-07-11 02:42:00,-0.8369249117620509,0
TX008222,9017.03,2026-06-17 01:50:00,-0.3366474380278011,0
TX008223,27295.75,2026-08-12 05:22:00,0.8144281027338448,0
TX008224,3385.97,2026-08-07 22:54:00,-0.691255169562683,0
TX008225,9532.46,2026-08-28 02:50:00,-0.30418899093879415,0
TX008226,7426.66,2026-07-01 01:47:00,-0.43679865254178785,0
TX008227,5630.33,2026-03-10 17:09:00,-0.5499198955028031,0
TX008228,21457.86,2026-06-03 12:35:00,0.446795555779955,0
TX008229,5744.19,2026-07-18 08:34:00,-0.5427497292618889,0
TX008230,1797.61,2026-04-24 05:44:00,-0.7912798072793374,0
TX008231,20579.24,2026-03-26 07:07:00,0.3914657519630578,0
TX008232,28715.75,2026-07-27 09:45:00,0.903850516769485,0
TX008233,3249.53,2026-07-01 21:41:00,-0.6998472781338256,0
TX008234,12162.54,2026-05-17 10:48:00,-0.13856356649734575,0
TX008235,12692.97,2026-07-23 22:39:00,-0.10516051644317356,0
TX008236,26267.82,2026-08-12 23:23:00,0.7496957210016929,0
TX008237,36193.86,2026-07-02 22:56:00,1.3747735087582604,0
TX008238,4767.52,2026-07-05 15:13:00,-0.6042540877944161,0
TX008239,21462.02,2026-07-29 15:58:00,0.44705752566896084,0
TX008240,26189.25,2026-01-10 04:52:00,0.7447478906701576,0
TX008241,15762.76,2026-01-06 15:01:00,0.08815499931912786,0
TX008242,6351.95,2026-08-04 02:32:00,-0.504476936054635,0
TX008243,8984.84,2026-04-11 15:30:00,-0.3386745559910457,0
TX008244,1476.56,2026-05-16 10:09:00,-0.8114974594104236,0
TX008245,12412.67,2026-08-15 02:01:00,-0.1228119971855608,0
TX008246,13450.05,2026-07-30 04:54:00,-0.05748451558535491,0
TX008247,4188.78,2026-05-30 10:45:00,-0.6406993891317305,0
TX008248,9015.56,2026-03-23 18:14:00,-0.33674000911838736,0
TX008249,55781.33,2026-06-20 03:24:00,2.6082656582305717,0
TX008250,15290.34,2026-08-01 17:13:00,0.058405043798904516,0
TX008251,2504.79,2026-02-18 19:50:00,-0.7467461856189685,0
TX008252,17460.13,2026-06-03 14:17:00,0.19504438165129312,0
TX008253,28167.45,2026-03-09 21:48:00,0.869322129716146,0
TX008254,6742.74,2026-01-05 01:38:00,-0.4798675098708407,0
TX008255,8261.05,2026-03-23 23:16:00,-0.38425416800150775,0
TX008256,9045.73,2026-06-02 05:48:00,-0.33484009768778505,0
TX008257,12870.08,2026-01-21 20:07:00,-0.0940072743658128,0
TX008258,29930.69,2026-01-09 14:36:00,0.9803595785360065,0
TX008259,7274.29,2026-05-18 10:55:00,-0.44639392946193607,0
TX008260,5317.99,2026-05-11 19:10:00,-0.5695890481787832,0
TX008261,4834.97,2026-01-11 03:28:00,-0.6000065231277234,0
TX008262,2247.16,2026-06-29 10:55:00,-0.762970056413336,0
TX008263,21163.83,2026-01-15 16:58:00,0.42827944845678656,0
TX008264,49184.74,2026-03-04 16:48:00,2.192855093298625,0
TX008265,6708.48,2026-08-18 19:46:00,-0.48202498304327807,0
TX008266,6796.49,2026-03-07 16:04:00,-0.4764826825789987,0
TX008267,4021.78,2026-07-22 19:32:00,-0.65121596881057,0
TX008268,8279.06,2026-03-08 08:11:00,-0.38312001470799933,0
TX008269,1814.8,2026-03-25 13:03:00,-0.7901972922812582,0
TX008270,9490.66,2026-04-30 19:56:00,-0.3068212845350545,0
TX008271,6545.86,2026-02-18 11:55:00,-0.4922657386562892,0
TX008272,10775.45,2026-01-07 16:57:00,-0.22591352162741346,0
TX008273,15558.27,2026-02-23 11:43:00,0.07527754196268557,0
TX008274,4740.73,2026-01-06 08:34:00,-0.6059411486902013,0
TX008275,25329.06,2026-03-12 08:47:00,0.6905786890297934,0
TX008276,5681.86,2026-04-21 22:32:00,-0.5466748694498056,0
TX008277,11092.61,2026-07-06 13:02:00,-0.20594083653196021,0
TX008278,6842.64,2026-06-19 02:05:00,-0.4735764541228404,0
TX008279,5212.64,2026-01-19 16:20:00,-0.5762233096707935,0
TX008280,9212.52,2026-07-20 12:00:00,-0.32433674245045796,0
TX008281,3099.34,2026-06-17 16:27:00,-0.7093052727563699,0
TX008282,6617.33,2026-02-03 14:07:00,-0.487765020394932,0
TX008283,7768.54,2026-05-03 01:09:00,-0.4152692617597423,0
TX008284,5386.91,2026-08-16 03:33:00,-0.5652489124215041,0
TX008285,17650.04,2026-05-01 20:26:00,0.20700368492559484,0
TX008286,4611.53,2026-02-07 08:43:00,-0.6140773288968243,0
TX008287,9848.8,2026-09-01 00:35:00,-0.2842679441387699,0
TX008288,21368.56,2026-01-21 05:58:00,0.44117201946067147,0
TX008289,5748.86,2026-03-09 23:17:00,-0.5424556428720676,0
TX008290,1036.36,2026-08-04 20:14:00,-0.839218407761472,0
TX008291,27045.36,2026-01-23 13:56:00,0.798660160303997,0
TX008292,15094.74,2026-05-07 20:58:00,0.04608742113315011,0
TX008293,8186.61,2026-04-27 06:18:00,-0.3889419176499676,0
TX008294,18194.44,2026-07-02 02:01:00,0.24128647520799085,0
TX008295,13933.04,2026-01-25 00:58:00,-0.02706892984234505,0
TX008296,2169.18,2026-06-19 23:36:00,-0.767880732361575,0
TX008297,20009.16,2026-03-01 16:00:00,0.35556580140429866,0
TX008298,6441.08,2026-07-31 18:59:00,-0.49886410523562325,0
TX008299,78122.81,2026-04-19 09:12:00,4.015187541842526,1
TX008300,4035.72,2026-01-31 17:14:00,-0.6503381177882764,0
TX008301,44539.08,2026-03-23 17:00:00,1.9003014792219968,0
TX008302,9244.61,2026-08-30 13:02:00,-0.3223159218403145,0
TX008303,2688.61,2026-06-29 05:42:00,-0.7351703911485238,0
TX008304,2273.76,2026-06-05 10:35:00,-0.761294960488443,0
TX008305,7537.25,2026-02-10 14:39:00,-0.42983440974727977,0
TX008306,2092.73,2026-01-21 04:53:00,-0.772695058807367,0
TX008307,5786.97,2026-02-22 08:29:00,-0.5400557216052378,0
TX008308,2372.1,2026-05-09 15:13:00,-0.7551021434488199,0
TX008309,10375.58,2026-04-03 11:49:00,-0.25109474747278776,0
TX008310,1443.18,2026-01-30 07:14:00,-0.8135995158755712,0
TX008311,2683.4,2026-06-05 18:42:00,-0.7354984832450913,0
TX008312,18998.42,2026-06-17 02:25:00,0.29191593467022603,0
TX008313,6088.06,2026-02-27 00:59:00,-0.5210950211531316,0
TX008314,6511.32,2026-01-06 04:04:00,-0.49444084441740965,0
TX008315,21820.53,2026-04-09 14:01:00,0.46963416627171944,0
TX008316,16225.88,2026-06-10 20:27:00,0.1173193010009487,0
TX008317,6020.83,2026-01-18 11:02:00,-0.525328731643002,0
TX008318,9206.19,2026-08-19 13:19:00,-0.3247353649017577,0
TX008319,10648.04,2026-02-10 04:30:00,-0.2339369792135268,0
TX008320,7877.66,2026-06-21 03:11:00,-0.40839759005582044,0
TX008321,23865.74,2026-01-06 01:10:00,0.598428261630756,0
TX008322,22834.99,2026-03-17 01:49:00,0.5335182945411531,0
TX008323,40834.0,2026-06-26 18:41:00,1.666979508943708,0
TX008324,10249.73,2026-07-13 09:49:00,-0.25901996635052393,0
TX008325,30598.58,2026-05-04 08:26:00,1.0224189701629531,0
TX008326,1698.77,2026-02-25 13:26:00,-0.7975041110844661,0
TX008327,11813.87,2026-02-26 15:00:00,-0.16052054755495607,0
TX008328,3431.43,2026-06-08 10:48:00,-0.6883923928429222,0
TX008329,38893.83,2026-03-03 20:16:00,1.5448001532820688,0
TX008330,9363.48,2026-03-26 21:09:00,-0.3148302582090353,0
TX008331,16114.64,2026-01-09 08:24:00,0.11031412541128349,0
TX008332,14072.1,2026-08-24 20:53:00,-0.018311830619953444,0
TX008333,3263.37,2026-03-05 06:24:00,-0.6989757244646332,0
TX008334,2256.21,2026-06-28 05:17:00,-0.7624001459576863,0
TX008335,3142.85,2026-05-24 04:24:00,-0.7065652944220807,0
TX008336,10277.04,2026-07-14 22:28:00,-0.25730015921861304,0
TX008337,36392.75,2026-07-01 15:52:00,1.3872983143410411,0
TX008338,39653.93,2026-03-09 10:52:00,1.5926663342035405,0
TX008339,6856.02,2026-05-17 02:39:00,-0.47273386827791297,0
TX008340,11343.86,2026-02-26 19:33:00,-0.1901187368654429,0
TX008341,1564.34,2026-08-18 19:22:00,-0.8059696428582768,0
TX008342,16995.32,2026-01-29 03:35:00,0.1657736547020635,0
TX008343,3822.8,2026-04-25 06:07:00,-0.6637464420111415,0
TX008344,2312.26,2026-01-15 13:03:00,-0.758870479544519,0
TX008345,5145.45,2026-08-20 18:49:00,-0.5804545012194237,0
TX008346,3044.59,2026-04-11 21:26:00,-0.7127530735792229,0
TX008347,22170.45,2026-01-28 18:19:00,0.49166986424309367,0
TX008348,15036.23,2026-07-05 02:38:00,0.04240283983369565,0
TX008349,23758.48,2026-08-30 02:21:00,0.5916737206945145,0
TX008350,15384.48,2026-02-22 16:39:00,0.06433337200828136,0
TX008351,4493.82,2026-03-10 09:14:00,-0.6214899432321308,0
TX008352,11120.34,2026-03-20 13:54:00,-0.2041945805170248,0
TX008353,27222.89,2026-08-14 03:23:00,0.8098398512643823,0
TX008354,17830.23,2026-03-29 17:28:00,0.2183508854784694,0
TX008355,6600.85,2026-08-20 10:41:00,-0.48880282418599347,0
TX008356,13391.4,2026-02-14 19:03:00,-0.061177913179150875,0
TX008357,8062.23,2026-05-24 20:19:00,-0.3967745654371176,0
TX008358,3186.1,2026-04-14 07:12:00,-0.7038416892058543,0
TX008359,4547.1,2026-02-24 05:07:00,-0.6181347134998639,0
TX008360,2604.88,2026-01-28 17:26:00,-0.7404431649000761,0
TX008361,10173.94,2026-03-16 01:36:00,-0.26379273026584865,0
TX008362,63345.91,2026-03-29 11:20:00,3.0846339714458697,1
TX008363,11496.75,2026-04-28 10:16:00,-0.18049071370916894,0
TX008364,13693.92,2026-02-10 22:58:00,-0.04212716057769882,0
TX008365,10839.31,2026-07-12 16:50:00,-0.22189203193705018,0
TX008366,7360.33,2026-04-03 17:58:00,-0.44097568685374844,0
TX008367,5669.35,2026-07-12 20:32:00,-0.5474626683227533,0
TX008368,8036.63,2026-05-20 16:39:00,-0.3983866878309995,0
TX008369,5342.75,2026-03-25 15:27:00,-0.5680298235509506,0
TX008370,17275.1,2026-06-05 00:34:00,0.183392389208325,0
TX008371,24669.51,2026-04-02 20:41:00,0.6490444966514787,0
TX008372,3972.23,2026-06-22 15:39:00,-0.6543363072721657,0
TX008373,26838.83,2026-06-19 21:32:00,0.7856542369442923,0
TX008374,10039.51,2026-03-26 09:39:00,-0.2722582620396593,0
TX008375,2382.34,2026-04-04 00:09:00,-0.7544572944912671,0
TX008376,5576.78,2026-05-09 09:40:00,-0.5532921280884429,0
TX008377,1615.1,2026-01-18 11:46:00,-0.8027731064241577,0
TX008378,20313.8,2026-08-25 15:07:00,0.374750057891494,0
TX008379,7749.84,2026-05-13 02:47:00,-0.41644686678964826,0
TX008380,11210.3,2026-01-05 18:13:00,-0.19852948166727402,0
TX008381,1481.18,2026-08-11 04:45:00,-0.8112065216971527,0
TX008382,1417.01,2026-03-28 08:48:00,-0.8152475331821295,0
TX008383,21103.59,2026-03-25 01:23:00,0.424485922948683,0
TX008384,13106.38,2026-05-15 08:55:00,-0.07912662898791017,0
TX008385,9673.4,2026-01-03 03:03:00,-0.29531350147810176,0
TX008386,2537.27,2026-07-25 08:17:00,-0.7447008053317307,0
TX008387,8340.18,2026-06-03 12:44:00,-0.3792710724926061,0
TX008388,10008.86,2026-08-07 17:31:00,-0.2741884007651469,0
TX008389,1139.14,2026-04-09 09:48:00,-0.83274598824416,0
TX008390,1828.28,2026-06-13 11:27:00,-0.7893484090832297,0
TX008391,1635.21,2026-01-20 00:13:00,-0.8015067087155261,0
TX008392,7724.58,2026-07-16 10:18:00,-0.4180375781829865,0
TX008393,8288.25,2026-05-24 12:57:00,-0.3825412879580081,0
TX008394,14008.87,2026-09-01 00:14:00,-0.022293646985779847,0
TX008395,10812.18,2026-06-23 17:49:00,-0.22360050383337896,0
TX008396,5465.03,2026-07-15 13:46:00,-0.5603294201789236,0
TX008397,5947.25,2026-08-26 23:33:00,-0.5299623240547924,0
TX008398,26911.26,2026-06-22 21:25:00,0.7902154097954198,0
TX008399,16008.16,2026-02-23 14:31:00,0.10360870382923072,0
TX008400,5749.93,2026-03-15 02:31:00,-0.5423882611938857,0
TX008401,4922.47,2026-06-25 03:47:00,-0.5944963391642596,0
TX008402,56570.99,2026-01-14 20:49:00,2.6579933367287287,0
TX008403,14468.89,2026-04-18 05:29:00,0.006675436749906833,0
TX008404,1451.27,2026-06-30 23:35:00,-0.8130900600096921,0
TX008405,13979.84,2026-08-09 04:57:00,-0.02412176859102963,0
TX008406,16330.25,2026-04-09 06:49:00,0.12389184843256831,0
TX008407,7322.05,2026-05-16 01:35:00,-0.44338631362085,0
TX008408,35366.0,2026-05-06 14:09:00,1.3226402413754823,0
TX008409,3354.12,2026-01-08 03:16:00,-0.6932608765253837,0
TX008410,31673.34,2026-06-25 00:32:00,1.0901004023523506,0
TX008411,4912.94,2026-07-14 15:31:00,-0.5950964769147945,0
TX008412,1987.22,2026-02-27 01:46:00,-0.7793393960643391,0
TX008413,4589.94,2026-08-24 06:30:00,-0.6154369274313521,0
TX008414,3083.07,2026-02-01 13:56:00,-0.7103298521059191,0
TX008415,12611.13,2026-05-25 19:21:00,-0.11031427022111497,0
TX008416,2811.22,2026-01-08 17:18:00,-0.7274492065112634,0
TX008417,16963.97,2026-07-03 15:53:00,0.1637994345048683,0
TX008418,12205.1,2026-03-05 23:03:00,-0.135883413017517,0
TX008419,19247.14,2026-02-04 02:12:00,0.30757871130328557,0
TX008420,29937.56,2026-04-06 22:25:00,0.9807922066940524,0
TX008421,21711.84,2026-03-24 17:59:00,0.4627895731861324,0
TX008422,3829.72,2026-03-07 06:34:00,-0.6633106651765454,0
TX008423,6914.83,2026-02-18 07:45:00,-0.46903039491915527,0
TX008424,7477.7,2026-06-07 17:30:00,-0.4335844835189857,0
TX008425,7781.17,2026-07-07 00:45:00,-0.4144739060630732,0
TX008426,4192.19,2026-08-19 19:10:00,-0.640484649390983,0
TX008427,21456.72,2026-05-02 23:23:00,0.4467237659546025,0
TX008428,2737.72,2026-04-15 09:58:00,-0.732077761040573,0
TX008429,9808.03,2026-01-02 11:33:00,-0.28683537499808887,0
TX008430,8122.69,2026-02-21 22:50:00,-0.39296718575219164,0
TX008431,12072.29,2026-05-05 16:08:00,-0.14424692767108976,0
TX008432,4427.26,2026-03-04 17:00:00,-0.6256814614562239,0
TX008433,2915.05,2026-05-24 14:59:00,-0.7209106647863897,0
TX008434,22995.21,2026-06-10 22:14:00,0.5436079136797376,0
TX008435,2742.45,2026-05-17 14:58:00,-0.7317798962388908,0
TX008436,68662.27,2026-01-23 20:34:00,3.4194239327715854,1
TX008437,6289.98,2026-06-16 05:44:00,-0.5083794057713875,0
TX008438,17113.98,2026-06-07 03:50:00,0.17324609389183046,0
TX008439,13731.34,2026-03-25 23:34:00,-0.03977069104726667,0
TX008440,1140.42,2026-05-21 03:17:00,-0.832665382124466,0
TX008441,1884.1,2026-07-04 06:34:00,-0.7858332265821948,0
TX008442,48153.44,2026-06-18 18:58:00,2.127910490766966,0
TX008443,12821.35,2026-01-09 18:16:00,-0.09707597453197948,0
TX008444,440.2,2026-07-30 11:21:00,-0.8767607080089983,0
TX008445,35481.81,2026-05-13 10:42:00,1.3299332060018676,0
TX008446,11983.7,2026-08-19 16:36:00,-0.14982575278335553,0
TX008447,7071.75,2026-06-05 21:37:00,-0.4591485884329069,0
TX008448,13643.54,2026-04-09 19:10:00,-0.04529976707003367,0
TX008449,25909.13,2026-02-27 01:53:00,0.7271077451633523,0
TX008450,27121.49,2026-06-22 16:20:00,0.8034543352198655,0
TX008451,15067.95,2026-07-28 03:49:00,0.0444003602373651,0
TX008452,4048.5,2026-05-11 04:59:00,-0.6495333160619556,0
TX008453,5879.07,2026-07-02 08:58:00,-0.5342558593991233,0
TX008454,7830.46,2026-01-25 13:35:00,-0.4113699407195403,0
TX008455,14332.06,2026-02-25 01:57:00,-0.0019412314983302398,0
TX008456,19510.65,2026-08-16 06:30:00,0.32417286645999804,0
TX008457,3551.14,2026-07-02 00:23:00,-0.6808538314455937,0
TX008458,2481.36,2026-07-23 02:44:00,-0.7482216554505565,0
TX008459,52600.97,2026-04-02 11:35:00,2.407987159144382,0
TX008460,7557.47,2026-01-18 02:06:00,-0.42856108495023704,0
TX008461,7150.81,2026-02-14 19:12:00,-0.4541699010711761,0
TX008462,16358.33,2026-05-31 15:02:00,0.12566014518335758,0
TX008463,27874.33,2026-02-09 08:40:00,0.8508633283061975,0
TX008464,13945.74,2026-07-09 18:31:00,-0.026269165998505237,0
TX008465,31480.17,2026-03-13 15:06:00,1.0779358053669528,0
TX008466,8473.71,2026-01-17 07:30:00,-0.37086221689670545,0
TX008467,2168.98,2026-02-24 06:49:00,-0.7678933270677771,0
TX008468,19729.13,2026-04-15 10:57:00,0.33793132351528443,0
TX008469,8212.5,2026-07-15 19:21:00,-0.3873115329320924,0
TX008470,6824.08,2026-05-24 10:39:00,-0.4747452428584048,0
TX008471,16341.53,2026-01-20 00:42:00,0.12460218986237259,0
TX008472,4209.67,2026-04-03 13:21:00,-0.6393838720689105,0
TX008473,3840.44,2026-03-27 09:05:00,-0.6626355889241072,0
TX008474,9467.81,2026-07-11 13:37:00,-0.3082602297186562,0
TX008475,15094.27,2026-04-11 00:35:00,0.04605782357357498,0
TX008476,6112.17,2026-01-03 03:02:00,-0.519576729320456,0
TX008477,7530.36,2026-04-02 13:07:00,-0.4302682973759457,0
TX008478,2666.43,2026-08-14 15:37:00,-0.736567144066348,0
TX008479,9775.92,2026-08-30 05:42:00,-0.2888574550788526,0
TX008480,13118.79,2026-01-03 06:57:00,-0.07834512746806338,0
TX008481,15759.02,2026-07-07 08:10:00,0.08791947831314668,0
TX008482,11473.24,2026-01-03 08:19:00,-0.1819712214232379,0
TX008483,3341.52,2026-04-19 11:41:00,-0.6940543430161225,0
TX008484,22022.56,2026-04-05 05:13:00,0.4823567087418748,0
TX008485,3314.07,2026-07-24 18:05:00,-0.6957829664423749,0
TX008486,6915.72,2026-08-08 17:20:00,-0.46897434847655545,0
TX008487,7726.59,2026-07-29 02:51:00,-0.41791100138565435,0
TX008488,25794.63,2026-06-05 22:44:00,0.7198972758625912,0
TX008489,4637.67,2026-06-19 17:00:00,-0.6124312007961964,0
TX008490,35431.65,2026-03-22 00:25:00,1.3267744536863555,0
TX008491,12747.92,2026-05-11 20:22:00,-0.10170012091411829,0
TX008492,9768.12,2026-07-19 07:43:00,-0.28934864862073845,0
TX008493,11589.48,2026-06-23 19:23:00,-0.17465117817851764,0
TX008494,2039.72,2026-05-23 07:03:00,-0.7760332856862608,0
TX008495,23119.55,2026-07-14 06:50:00,0.5514380425256472,0
TX008496,2133.66,2026-01-22 17:45:00,-0.7701175521830862,0
TX008497,6832.18,2026-08-03 06:40:00,-0.47423515725721554,0
TX008498,7294.46,2026-07-19 06:48:00,-0.44512375334144394,0
TX008499,8366.92,2026-08-09 08:08:00,-0.37758716027337164,0
TX008500,3658.09,2026-04-03 23:09:00,-0.6741188123039658,0
TX008501,2749.98,2026-01-24 22:17:00,-0.7313057055503779,0
TX008502,35127.65,2026-03-31 22:54:00,1.3076305002590072,0
TX008503,12010.97,2026-03-19 21:56:00,-0.14810846459268526,0
TX008504,4423.69,2026-02-07 15:25:00,-0.6259062769619332,0
TX008505,5715.59,2026-07-24 05:13:00,-0.544550772248804,0
TX008506,18200.41,2026-04-09 17:30:00,0.24166242718812667,0
TX008507,5114.66,2026-04-22 23:57:00,-0.5823934562392528,0
TX008508,9591.23,2026-08-14 05:35:00,-0.3004880365212768,0
TX008509,4917.94,2026-08-12 14:49:00,-0.5947816092597394,0
TX008510,16025.78,2026-02-05 15:47:00,0.10471829744564486,0
TX008511,16212.57,2026-01-19 18:23:00,0.11648112330319214,0
TX008512,4288.51,2026-03-07 22:26:00,-0.6344190388840021,0
TX008513,56232.46,2026-07-04 02:25:00,2.63667490727557,0
TX008514,10045.55,2026-04-04 18:12:00,-0.27187790191235284,0
TX008515,13975.48,2026-05-17 04:53:00,-0.024396333186237688,0
TX008516,6908.12,2026-01-13 07:18:00,-0.4694529473122392,0
TX008517,2366.28,2026-03-19 05:59:00,-0.755468649399304,0
TX008518,18551.42,2026-07-24 08:37:00,0.26376676630830265,0
TX008519,58582.36,2026-04-24 23:09:00,2.7846564077983524,0
TX008520,35927.69,2026-08-18 11:03:00,1.358011844009059,0
TX008521,36655.78,2026-08-27 15:50:00,1.4038622422028681,0
TX008522,13768.82,2026-07-01 10:15:00,-0.03741044310497388,0
TX008523,6654.72,2026-08-12 15:58:00,-0.48541044007043016,0
TX008524,4544.51,2026-05-05 05:32:00,-0.6182978149451825,0
TX008525,4715.14,2026-04-28 12:43:00,-0.6075526413487731,0
TX008526,2819.99,2026-03-04 17:07:00,-0.7268969286442968,0
TX008527,4239.03,2026-05-24 13:18:00,-0.6375349691984271,0
TX008528,4026.82,2026-06-12 02:18:00,-0.6508985822142744,0
TX008529,8659.13,2026-02-01 20:43:00,-0.3591856647766432,0
TX008530,9201.59,2026-02-26 16:45:00,-0.32502504314440833,0
TX008531,8092.16,2026-04-28 14:59:00,-0.3948897676539579,0
TX008532,9611.93,2026-03-15 00:04:00,-0.29918448442934875,0
TX008533,27832.91,2026-05-16 13:57:00,0.8482549646517212,0
TX008534,2219.09,2026-03-18 03:44:00,-0.7647377234288152,0
TX008535,3409.26,2026-08-11 12:20:00,-0.6897885160254363,0
TX008536,8873.86,2026-05-01 05:08:00,-0.345663358462648,0
TX008537,7253.22,2026-07-26 08:56:00,-0.44772078176033814,0
TX008538,5549.91,2026-03-31 12:48:00,-0.5549842268667088,0
TX008539,9387.59,2026-05-24 19:35:00,-0.3133119663763597,0
TX008540,22041.77,2026-03-25 02:42:00,0.4835664302725963,0
TX008541,30726.88,2026-06-10 13:20:00,1.030498474191666,0
TX008542,31224.52,2026-07-25 17:03:00,1.0618366221639872,0
TX008543,10300.7,2026-08-18 21:01:00,-0.25581020547489247,0
TX008544,9115.04,2026-01-06 09:08:00,-0.3304754022534116,0
TX008545,5546.93,2026-05-26 02:50:00,-0.5551718879891216,0
TX008546,10108.06,2026-04-01 20:18:00,-0.26794142648885433,0
TX008547,7608.27,2026-05-10 18:29:00,-0.4253620295748775,0
TX008548,6476.78,2026-08-09 03:43:00,-0.49661595017853005,0
TX008549,15801.88,2026-08-17 09:59:00,0.09061852385227867,0
TX008550,6308.77,2026-01-28 06:01:00,-0.5071961331236905,0
TX008551,16840.35,2026-03-06 06:39:00,0.15601464660128658,0
TX008552,18413.92,2026-03-24 19:25:00,0.2551079057942882,0
TX008553,8057.67,2026-04-18 02:18:00,-0.39706172473852774,0
TX008554,7041.3,2026-04-24 17:36:00,-0.4610661324521923,0
TX008555,10187.36,2026-02-21 01:45:00,-0.2629476254796808,0
TX008556,5668.6,2026-05-12 00:37:00,-0.5475098984710115,0
TX008557,1275.4,2026-08-30 02:17:00,-0.8241652149085993,0
TX008558,3553.67,2026-03-10 17:22:00,-0.6806945084121359,0
TX008559,3581.83,2026-06-26 15:03:00,-0.6789211737788657,0
TX008560,18020.88,2026-01-12 21:38:00,0.23035678916571936,0
TX008561,6262.79,2026-01-03 09:20:00,-0.510091656079577,0
TX008562,15071.66,2026-04-05 23:43:00,0.04463399203741591,0
TX008563,13119.51,2026-08-15 08:26:00,-0.07829978652573549,0
TX008564,2783.77,2026-03-26 18:42:00,-0.7291778299375157,0
TX008565,5363.96,2026-03-04 07:00:00,-0.5666941549582069,0
TX008566,6658.6,2026-01-10 12:18:00,-0.4851661027701074,0
TX008567,15294.46,2026-03-29 08:08:00,0.05866449474666983,0
TX008568,8934.74,2026-05-03 06:16:00,-0.3418295298946975,0
TX008569,25003.95,2026-02-20 11:03:00,0.6701053643628024,0
TX008570,5419.93,2026-02-02 07:39:00,-0.5631695264275204,0
TX008571,14650.53,2026-03-19 18:43:00,0.018113948922747536,0
TX008572,12410.92,2026-08-12 06:19:00,-0.12292220086483008,0
TX008573,2470.26,2026-04-01 02:50:00,-0.7489206616447788,0
TX008574,12180.65,2026-03-28 03:57:00,-0.13742311585073635,0
TX008575,5555.66,2026-06-11 09:11:00,-0.5546221290633955,0
TX008576,1563.93,2026-07-01 00:45:00,-0.8059954620059913,0
TX008577,3227.78,2026-05-14 15:35:00,-0.7012169524333153,0
TX008578,4338.99,2026-01-15 17:16:00,-0.6312401350385661,0
TX008579,25150.71,2026-06-15 12:18:00,0.6793473597739788,0
TX008580,11810.12,2026-07-08 13:47:00,-0.16075669829624736,0
TX008581,7329.97,2026-07-15 17:01:00,-0.4428875632552428,0
TX008582,2588.91,2026-07-25 06:50:00,-0.741448852190322,0
TX008583,6096.68,2026-02-17 01:24:00,-0.5205521893158165,0
TX008584,7240.22,2026-01-23 18:29:00,-0.4485394376634813,0
TX008585,3269.74,2026-05-10 04:50:00,-0.6985745830720931,0
TX008586,7683.75,2026-07-24 21:20:00,-0.4206087874541662,0
TX008587,4642.73,2026-02-03 11:53:00,-0.6121125547292807,0
TX008588,5708.02,2026-07-18 00:52:00,-0.5450274818785573,0
TX008589,4587.41,2026-04-06 11:49:00,-0.61559625046481,0
TX008590,21158.7,2026-02-07 16:38:00,0.4279563942427,0
TX008591,850.38,2026-02-01 00:52:00,-0.8509302250589006,0
TX008592,14924.74,2026-04-05 14:39:00,0.03538192086127769,0
TX008593,6526.17,2026-03-19 21:44:00,-0.49350568748189605,0
TX008594,14594.96,2026-05-20 02:13:00,0.014614509804465377,0
TX008595,14470.09,2026-04-10 19:30:00,0.006751004987120095,0
TX008596,4527.86,2026-05-04 14:58:00,-0.6193463242365159,0
TX008597,7626.94,2026-04-25 14:51:00,-0.42418631375090193,0
TX008598,6797.55,2026-06-20 19:05:00,-0.47641593063612697,0
TX008599,3180.76,2026-08-04 21:49:00,-0.7041779678614531,0
TX008600,6312.76,2026-05-17 17:18:00,-0.5069448687349566,0
TX008601,8951.05,2026-05-24 05:56:00,-0.34080243160390794,0
TX008602,6221.69,2026-06-04 22:24:00,-0.5126798682041297,0
TX008603,32669.91,2026-07-10 15:55:00,1.152857934151997,0
TX008604,18291.84,2026-03-15 20:21:00,0.24742009712846372,0
TX008605,3590.4,2026-08-28 04:18:00,-0.6783814906181013,0
TX008606,5571.18,2026-02-13 17:07:00,-0.5536447798621045,0
TX008607,13484.92,2026-08-03 23:27:00,-0.055288628559000796,0
TX008608,1394.93,2026-02-20 00:17:00,-0.8166379887468527,0
TX008609,5489.5,2026-05-31 07:33:00,-0.5587884578750841,0
TX008610,5154.01,2026-07-31 06:05:00,-0.5799154477939693,0
TX008611,2563.41,2026-08-01 19:00:00,-0.7430546772311027,0
TX008612,1115.96,2026-06-25 21:21:00,-0.8342057146929953,0
TX008613,3085.44,2026-03-05 23:45:00,-0.710180604837423,0
TX008614,12355.46,2026-04-29 09:01:00,-0.126414712894701,0
TX008615,30619.89,2026-03-31 10:12:00,1.0237609361087976,0
TX008616,1374.24,2026-01-28 05:55:00,-0.8179409111034706,0
TX008617,3796.61,2026-01-03 04:42:00,-0.66539571878832,0
TX008618,5674.33,2026-06-28 00:15:00,-0.5471490601383184,0
TX008619,4250.28,2026-01-23 15:17:00,-0.6368265169745532,0
TX008620,2908.49,2026-08-19 22:28:00,-0.721323771149822,0
TX008621,3179.67,2026-04-11 09:51:00,-0.7042466090102552,0
TX008622,5570.59,2026-03-04 14:33:00,-0.553681934245401,0
TX008623,4632.74,2026-01-20 13:02:00,-0.6127416603040807,0
TX008624,4261.08,2026-03-14 07:21:00,-0.6361464028396343,0
TX008625,4058.72,2026-04-18 16:29:00,-0.6488897265750232,0
TX008626,10280.61,2026-08-31 14:37:00,-0.25707534371290375,0
TX008627,14641.58,2026-07-24 09:22:00,0.017550335820198913,0
TX008628,7197.52,2026-05-30 05:12:00,-0.45122840743765164,0
TX008629,4333.78,2026-04-20 10:35:00,-0.6315682271351335,0
TX008630,10610.83,2026-07-14 14:43:00,-0.2362802243024467,0
TX008631,31524.38,2026-04-18 00:19:00,1.0807198651729502,0
TX008632,24810.0,2026-08-24 00:15:00,0.6578916480232162,0
TX008633,11397.07,2026-08-28 02:28:00,-0.18676791528034686,0
TX008634,25176.25,2026-05-07 16:03:00,0.6809557037560001,0
TX008635,7100.51,2026-07-27 14:21:00,-0.4573374696810301,0
TX008636,12463.84,2026-05-27 01:56:00,-0.1195896416037272,0
TX008637,2813.74,2026-06-24 21:38:00,-0.7272905132131157,0
TX008638,11763.12,2026-04-01 06:24:00,-0.16371645425376505,0
TX008639,5153.68,2026-07-15 02:42:00,-0.579936229059203,0
TX008640,8723.36,2026-04-09 11:01:00,-0.35514087487980567,0
TX008641,1199.02,2026-05-25 17:37:00,-0.8289751332072205,0
TX008642,22462.0,2026-04-27 00:05:00,0.5100297972093548,0
TX008643,1144.58,2026-08-11 23:15:00,-0.8324034122354601,0
TX008644,54393.35,2026-01-15 12:54:00,2.520859656657904,0
TX008645,12532.4,2026-03-31 04:53:00,-0.1152721763176121,0
TX008646,1263.55,2026-03-29 04:13:00,-0.8249114512510798,0
TX008647,15906.58,2026-02-01 16:49:00,0.09721185254913191,0
TX008648,20226.97,2026-03-17 22:08:00,0.36928206619380777,0
TX008649,7494.78,2026-02-23 11:29:00,-0.4325088956093176,0
TX008650,2643.76,2026-06-27 02:49:00,-0.7379947540143678,0
TX008651,31593.39,2026-06-01 15:34:00,1.0850656685480198,0
TX008652,5393.27,2026-08-30 03:21:00,-0.564848400764274,0
TX008653,10116.45,2026-01-03 00:42:00,-0.26741307856367186,0
TX008654,2002.31,2026-04-12 19:02:00,-0.778389125481383,0
TX008655,6910.55,2026-04-22 06:48:00,-0.4692999216318824,0
TX008656,19929.1,2026-03-05 15:18:00,0.3505241405115568,0
TX008657,2573.75,2026-04-25 18:00:00,-0.7424035309204489,0
TX008658,3694.45,2026-08-16 16:56:00,-0.6718290947164053,0
TX008659,16956.51,2026-06-04 04:06:00,0.16332965196352597,0
TX008660,14260.28,2026-05-30 21:37:00,-0.0064614715543007675,0
TX008661,4686.35,2026-06-17 23:59:00,-0.6093656493065802,0
TX008662,5809.71,2026-07-17 10:11:00,-0.5386237035100473,0
TX008663,8368.95,2026-05-21 06:53:00,-0.3774593240054192,0
TX008664,5221.65,2026-02-04 01:29:00,-0.5756559181563844,0
TX008665,9977.78,2026-03-12 15:44:00,-0.2761456181089692,0
TX008666,7090.97,2026-02-02 14:27:00,-0.4579382371668752,0
TX008667,13340.58,2026-04-18 17:00:00,-0.0643782280251306,0
TX008668,15773.71,2026-04-25 03:49:00,0.0888445594836984,0
TX008669,2625.1,2026-03-13 01:45:00,-0.7391698401030333,0
TX008670,1943.04,2026-03-20 01:44:00,-0.7821215666644058,0
TX008671,56171.05,2026-03-16 08:11:00,2.632807702736184,0
TX008672,18718.58,2026-02-28 11:01:00,0.274293421752104,0
TX008673,17108.09,2026-06-04 23:01:00,0.17287517979417563,0
TX008674,41966.01,2026-07-11 09:20:00,1.7382661757834863,0
TX008675,12432.94,2026-02-24 10:13:00,-0.12153552371196752,0
TX008676,20019.5,2026-08-30 17:26:00,0.35621694771495255,0
TX008677,18809.23,2026-05-21 04:00:00,0.28000197233825236,0
TX008678,3503.0,2026-04-16 20:15:00,-0.683885377228464,0
TX008679,3590.84,2026-03-29 14:25:00,-0.6783537822644564,0
TX008680,26799.83,2026-01-29 17:43:00,0.7831982692348628,0
TX008681,17442.68,2026-03-18 16:38:00,0.1939454935351509,0
TX008682,8240.13,2026-02-27 11:37:00,-0.3855715742702582,0
TX008683,5333.41,2026-02-23 02:47:00,-0.5686179963305934,0
TX008684,6909.47,2026-07-28 13:37:00,-0.4693679330453743,0
TX008685,2556.76,2026-02-26 17:02:00,-0.743473451212326,0
TX008686,4636.81,2026-05-18 09:28:00,-0.612485358032866,0
TX008687,32913.12,2026-03-28 09:59:00,1.1681737266291858,0
TX008688,6903.9,2026-01-21 16:23:00,-0.4697186956131057,0
TX008689,27022.9,2026-02-20 15:34:00,0.7972457747974897,0
TX008690,7814.52,2026-04-16 15:44:00,-0.41237373880385586,0
TX008691,11092.39,2026-04-04 11:43:00,-0.2059546907087827,0
TX008692,12908.28,2026-08-23 19:10:00,-0.091601685481192,0
TX008693,8438.68,2026-07-28 02:06:00,-0.3730681796880212,0
TX008694,2035.76,2026-02-04 21:51:00,-0.7762826608690644,0
TX008695,2707.38,2026-08-22 06:59:00,-0.7339883779714471,0
TX008696,10477.96,2026-07-21 18:12:00,-0.2446475173678802,0
TX008697,4070.79,2026-08-09 02:06:00,-0.6481296360557203,0
TX008698,30769.06,2026-05-14 07:37:00,1.0331546977297108,0
TX008699,6201.4,2026-07-24 04:51:00,-0.5139576011483432,0
TX008700,19739.84,2026-03-03 10:06:00,0.3386057700324123,0
TX008701,24026.56,2026-01-05 23:29:00,0.6085556648879473,0
TX008702,13176.89,2026-02-19 20:33:00,-0.07468636531632356,0
TX008703,52709.92,2026-04-01 13:55:00,2.414848125348032,0
TX008704,11137.66,2026-02-21 02:52:00,-0.20310387895991405,0
TX008705,14180.39,2026-03-25 02:15:00,-0.011492426946770773,0
TX008706,27066.09,2026-06-01 23:41:00,0.7999656016018553,0
TX008707,10889.24,2026-07-09 01:07:00,-0.21874776353367023,0
TX008708,4559.34,2026-07-18 00:12:00,-0.6173639174802892,0
TX008709,3645.72,2026-02-22 08:01:00,-0.6748977948825721,0
TX008710,15121.21,2026-08-10 07:21:00,0.047754330499011614,0
TX008711,30254.87,2026-05-16 08:09:00,1.0007743378191571,0
TX008712,8046.19,2026-04-16 13:21:00,-0.39778466087453423,0
TX008713,7250.72,2026-07-25 02:25:00,-0.44787821558786567,0
TX008714,1331.56,2026-03-27 08:57:00,-0.8206286214070206,0
TX008715,7685.27,2026-01-16 12:52:00,-0.42051306768702945,0
TX008716,2929.7,2026-07-11 15:29:00,-0.7199881025570785,0
TX008717,12024.36,2026-05-02 21:44:00,-0.1472652490124477,0
TX008718,21539.99,2026-04-08 23:41:00,0.4519675718818897,0
TX008719,2767.04,2026-01-14 05:38:00,-0.73023137711133,0
TX008720,8325.82,2026-05-12 07:11:00,-0.3801753723979243,0
TX008721,3319.35,2026-04-25 12:37:00,-0.6954504661986367,0
TX008722,11974.32,2026-02-16 01:31:00,-0.1504164445042389,0
TX008723,13709.51,2026-05-28 11:01:00,-0.0411454032292371,0
TX008724,8871.08,2026-02-14 06:32:00,-0.3458384248788587,0
TX008725,3662.69,2026-06-08 05:31:00,-0.6738291340613151,0
TX008726,6128.89,2026-05-09 23:03:00,-0.5185238118819517,0
TX008727,16384.26,2026-01-03 02:19:00,0.12729304884247308,0
TX008728,8624.02,2026-01-23 05:23:00,-0.3613966654504398,0
TX008729,12668.62,2026-02-09 01:27:00,-0.10669392192329166,0
TX008730,23925.1,2026-08-30 20:41:00,0.6021663704315696,0
TX008731,20713.19,2026-01-20 15:14:00,0.3999010564419829,0
TX008732,29039.81,2026-03-07 03:31:00,0.9242577192289144,0
TX008733,7713.83,2026-04-09 15:59:00,-0.4187145436413549,0
TX008734,13288.57,2026-05-25 12:20:00,-0.06765348137301345,0
TX008735,47905.62,2026-03-14 11:38:00,2.1123043903118166,0
TX008736,7797.89,2026-06-18 21:16:00,-0.413420988624569,0
TX008737,2385.1,2026-01-10 11:29:00,-0.7542834875456768,0
TX008738,4242.16,2026-01-15 06:35:00,-0.6373378620463627,0
TX008739,6142.94,2026-08-06 20:54:00,-0.517639033771247,0
TX008740,7473.97,2026-05-15 23:36:00,-0.43381937478965676,0
TX008741,680.31,2026-08-25 10:08:00,-0.8616401334779437,0
TX008742,4557.16,2026-03-26 07:22:00,-0.6175011997778932,0
TX008743,17691.49,2026-08-30 22:18:00,0.20961393778600143,0
TX008744,2396.14,2026-02-05 10:31:00,-0.7535882597633152,0
TX008745,11498.44,2026-04-17 23:17:00,-0.1803842884417603,0
TX008746,4522.45,2026-05-01 06:57:00,-0.6196870110392856,0
TX008747,5407.72,2026-08-20 13:41:00,-0.563938433241165,0
TX008748,20655.34,2026-01-05 14:17:00,0.39625803767299583,0
TX008749,4491.66,2026-06-22 22:49:00,-0.6216259660591146,0
TX008750,42813.2,2026-06-01 09:48:00,1.7916167215207073,0
TX008751,11657.47,2026-02-11 06:15:00,-0.1703696078050788,0
TX008752,10576.66,2026-05-11 06:12:00,-0.23843202985709305,0
TX008753,7934.86,2026-03-21 04:39:00,-0.40479550408199044,0
TX008754,1730.85,2026-02-16 05:55:00,-0.7954839202096328,0
TX008755,13401.97,2026-06-08 10:39:00,-0.060512282956364474,0
TX008756,2957.56,2026-08-08 06:00:00,-0.7182336599831116,0
TX008757,9619.03,2026-07-28 05:25:00,-0.2987373723591705,0
TX008758,31541.97,2026-01-15 12:56:00,1.0818275695834336,0
TX008759,35747.92,2026-01-01 11:14:00,1.3466910923392088,0
TX008760,7226.87,2026-01-24 20:57:00,-0.44938013430247836,0
TX008761,10138.96,2026-07-20 00:07:00,-0.265995544380614,0
TX008762,7463.51,2026-05-26 11:44:00,-0.434478077924032,0
TX008763,19911.72,2026-06-23 05:26:00,0.3494296605425855,0
TX008764,3543.42,2026-07-24 08:55:00,-0.6813399871049988,0
TX008765,5338.82,2026-05-31 19:11:00,-0.5682773095278238,0
TX008766,5507.56,2026-03-02 07:33:00,-0.5576511559050252,0
TX008767,3041.87,2026-05-06 05:48:00,-0.7129243615835729,0
TX008768,11903.43,2026-07-13 13:03:00,-0.15488063811760966,0
TX008769,2330.9,2026-04-13 05:52:00,-0.7576966529264737,0
TX008770,37399.07,2026-03-11 19:56:00,1.450669838068045,0
TX008771,3048.81,2026-07-10 20:10:00,-0.7124873252783566,0
TX008772,5578.02,2026-08-28 18:41:00,-0.5532140409099892,0
TX008773,24058.02,2026-06-03 12:26:00,0.6105368121735537,0
TX008774,6509.68,2026-08-25 22:15:00,-0.49454412100826767,0
TX008775,4979.89,2026-04-06 19:37:00,-0.590880399013607,0
TX008776,12662.9,2026-07-24 21:14:00,-0.10705413052067474,0
TX008777,11793.31,2026-05-01 17:18:00,-0.1618152833525426,0
TX008778,47177.68,2026-03-25 01:32:00,2.0664634381476588,0
TX008779,2838.35,2026-08-09 18:36:00,-0.7257407346149345,0
TX008780,16049.69,2026-07-05 13:21:00,0.10622399457211819,0
TX008781,5638.74,2026-06-12 02:05:00,-0.5493902881070004,0
TX008782,11219.67,2026-07-16 20:57:00,-0.19793941968170078,0
TX008783,20366.93,2026-08-05 00:18:00,0.37809584159410925,0
TX008784,4770.82,2026-04-08 19:34:00,-0.6040462751420799,0
TX008785,12730.2,2026-06-14 17:32:00,-0.10281601188363342,0
TX008786,6106.38,2026-05-24 12:38:00,-0.5199413460650097,0
TX008787,6600.46,2026-06-20 22:33:00,-0.4888273838630878,0
TX008788,13584.25,2026-03-05 22:10:00,-0.049033467723676755,0
TX008789,14916.0,2026-05-26 04:51:00,0.03483153220024144,0
TX008790,5143.67,2026-02-02 12:41:00,-0.5805665941046232,0
TX008791,14556.32,2026-04-06 00:04:00,0.012181212566199825,0
TX008792,5733.95,2026-08-17 10:53:00,-0.5433945782194418,0
TX008793,27615.55,2026-01-17 20:40:00,0.8345670379511672,0
TX008794,11600.46,2026-04-03 02:14:00,-0.17395972880801672,0
TX008795,9324.25,2026-03-07 15:18:00,-0.3173007098305974,0
TX008796,19156.32,2026-08-17 04:07:00,0.30185945521686525,0
TX008797,13461.2,2026-08-14 02:27:00,-0.05678236071458201,0
TX008798,13602.08,2026-01-15 00:58:00,-0.04791064966575038,0
TX008799,11447.11,2026-03-13 17:11:00,-0.18361671978855568,0
TX008800,7049.58,2026-02-03 22:03:00,-0.4605447116154211,0
TX008801,22107.47,2026-08-06 22:09:00,0.48770379126002,0
TX008802,12316.2,2026-02-23 19:41:00,-0.1288870537221933,0
TX008803,13385.53,2026-02-28 02:36:00,-0.06154756780618546,0
TX008804,4077.04,2026-06-15 06:09:00,-0.6477360514869014,0
TX008805,2418.43,2026-07-29 03:51:00,-0.7521845797570796,0
TX008806,4311.41,2026-08-07 23:40:00,-0.6329769450238499,0
TX008807,10346.07,2026-07-09 02:47:00,-0.25295309637292285,0
TX008808,3332.57,2026-01-28 02:30:00,-0.694617956118671,0
TX008809,14194.35,2026-05-11 15:44:00,-0.010613316453856955,0
TX008810,25045.42,2026-06-23 13:12:00,0.6727168766938291,0
TX008811,6426.4,2026-01-21 11:12:00,-0.49978855667086497,0
TX008812,7047.19,2026-06-27 16:05:00,-0.4606952183545374,0
TX008813,4185.6,2026-02-17 21:26:00,-0.6408996449603456,0
TX008814,7381.95,2026-05-09 18:36:00,-0.4396141991132903,0
TX008815,3755.58,2026-03-06 08:13:00,-0.6679795227657019,0
TX008816,6794.5,2026-02-10 12:11:00,-0.4766079999057106,0
TX008817,3326.83,2026-05-04 13:42:00,-0.6949794241866744,0
TX008818,43481.05,2026-05-07 23:24:00,1.8336735942064135,0
TX008819,11884.32,2026-02-06 07:51:00,-0.1560840622952302,0
TX008820,8221.56,2026-05-15 01:04:00,-0.38674099274113266,0
TX008821,8591.83,2026-03-16 18:53:00,-0.3634237834136844,0
TX008822,2054.63,2026-08-30 15:46:00,-0.7750943503388866,0
TX008823,5381.6,2026-05-14 17:05:00,-0.5655833018711726,0
TX008824,8958.86,2026-02-17 13:42:00,-0.34031060832671184,0
TX008825,6385.93,2026-01-09 07:57:00,-0.5023370954708807,0
TX008826,6240.91,2026-03-29 19:19:00,-0.511469516938098,0
TX008827,2613.9,2026-03-03 06:13:00,-0.7398751436503567,0
TX008828,5292.31,2026-01-12 07:45:00,-0.5712062084551461,0
TX008829,7597.97,2026-03-31 21:22:00,-0.42601065694429097,0
TX008830,10273.67,2026-06-16 10:35:00,-0.2575123800181202,0
TX008831,17727.1,2026-04-16 22:32:00,0.21185642522530343,0
TX008832,31881.01,2026-06-25 20:39:00,1.1031781155374079,0
TX008833,2707.86,2026-08-29 05:03:00,-0.7339581506765618,0
TX008834,26300.03,2026-04-10 20:57:00,0.7517240984355577,0
TX008835,4792.94,2026-02-22 00:42:00,-0.6026533006361162,0
TX008836,5880.39,2026-01-25 20:28:00,-0.5341727343381888,0
TX008837,11334.68,2026-07-17 14:02:00,-0.190696833880124,0
TX008838,6927.17,2026-05-26 17:20:00,-0.4682533015464793,0
TX008839,20774.18,2026-01-31 06:15:00,0.40374181209834475,0
TX008840,21901.42,2026-04-19 18:37:00,0.4747280951952003,0
TX008841,14116.45,2026-03-19 14:09:00,-0.01551895451961494,0
TX008842,9592.09,2026-01-15 23:40:00,-0.3004338792846073,0
TX008843,6731.67,2026-05-28 09:12:00,-0.48056462685913265,0
TX008844,16812.14,2026-01-23 09:33:00,0.15423816329146592,0
TX008845,22726.08,2026-04-05 00:24:00,0.5266598472787436,0
TX008846,13671.82,2026-07-05 07:09:00,-0.04351887561304226,0
TX008847,10370.43,2026-08-06 12:57:00,-0.25141906115749446,0
TX008848,3986.45,2026-03-04 09:09:00,-0.6534408236611892,0
TX008849,4336.26,2026-08-19 15:56:00,-0.6314120527782262,0
TX008850,18849.43,2026-08-26 19:47:00,0.28253350828489515,0
TX008851,10993.4,2026-08-05 07:36:00,-0.21218844054356298,0
TX008852,4094.22,2026-04-28 06:30:00,-0.6466541662241322,0
TX008853,5725.61,2026-03-05 15:01:00,-0.5439197774680736,0
TX008854,15021.42,2026-06-18 09:44:00,0.041470201839422564,0
TX008855,5575.58,2026-06-14 07:51:00,-0.5533676963256561,0
TX008856,13262.82,2026-02-08 23:05:00,-0.06927504979654708,0
TX008857,15322.25,2026-01-07 21:08:00,0.06041452917346597,0
TX008858,3931.56,2026-06-17 02:32:00,-0.6568974407783837,0
TX008859,2870.46,2026-01-26 13:41:00,-0.7237186545341708,0
TX008860,13825.91,2026-03-24 07:48:00,-0.03381528421955507,0
TX008861,41841.03,2026-03-30 23:27:00,1.7303957438777295,0
TX008862,2109.9,2026-06-12 03:47:00,-0.7716138032799079,0
TX008863,3192.36,2026-02-03 06:03:00,-0.7034474749017253,0
TX008864,3742.4,2026-07-25 22:07:00,-0.6688095139044271,0
TX008865,7453.46,2026-04-18 03:05:00,-0.43511096191069265,0
TX008866,956.83,2026-03-31 05:04:00,-0.8442266926827781,0
TX008867,7121.8,2026-08-09 15:05:00,-0.4559967632058056,0
TX008868,7120.89,2026-03-24 11:47:00,-0.45605406911902563,0
TX008869,5551.37,2026-01-30 18:22:00,-0.5548922855114327,0
TX008870,6867.53,2026-06-07 15:48:00,-0.47200904293597623,0
TX008871,73634.28,2026-03-07 17:30:00,3.7325289586936576,1
TX008872,1082.12,2026-07-18 14:50:00,-0.836336738982408,0
TX008873,6333.48,2026-02-28 00:37:00,-0.5056400571724085,0
TX008874,7824.88,2026-02-23 01:17:00,-0.41172133302258174,0
TX008875,8668.51,2026-05-15 04:00:00,-0.3585949730557598,0
TX008876,14591.69,2026-06-15 01:59:00,0.014408586358059448,0
TX008877,6987.59,2026-02-08 07:56:00,-0.46444844080279385,0
TX008878,12311.93,2026-07-31 11:16:00,-0.12915595069961036,0
TX008879,3826.73,2026-04-01 03:34:00,-0.6634989560342683,0
TX008880,6791.56,2026-08-12 18:49:00,-0.47679314208688295,0
TX008881,2964.94,2026-05-09 08:53:00,-0.7177689153242502,0
TX008882,819.82,2026-03-27 16:59:00,-0.8528546961665971,0
TX008883,3289.69,2026-08-25 17:34:00,-0.6973182611284233,0
TX008884,7880.02,2026-07-07 13:49:00,-0.4082489725226344,0
TX008885,23519.75,2026-03-21 18:51:00,0.5766400496362551,0
TX008886,5633.71,2026-08-15 11:10:00,-0.5497070449679857,0
TX008887,19450.89,2026-05-17 17:51:00,0.3204095682467797,0
TX008888,13839.1,2026-06-26 09:19:00,-0.032984663345519756,0
TX008889,8383.8,2026-05-05 20:17:00,-0.3765241670699057,0
TX008890,3407.57,2026-08-19 10:56:00,-0.689894941292845,0
TX008891,3364.54,2026-06-01 20:03:00,-0.692604692332249,0
TX008892,72324.99,2026-04-24 09:24:00,3.650078344276247,1
TX008893,8558.45,2026-03-23 00:59:00,-0.365525839878832,0
TX008894,1786.89,2026-07-10 13:07:00,-0.7919548835317756,0
TX008895,10188.83,2026-01-20 22:36:00,-0.2628550543890947,0
TX008896,17853.45,2026-04-15 05:40:00,0.21981313086854523,0
TX008897,4836.65,2026-03-24 07:21:00,-0.5999007275956248,0
TX008898,5281.78,2026-05-13 15:30:00,-0.571869319736692,0
TX008899,6315.71,2026-04-04 04:43:00,-0.5067590968184741,0
TX008900,7781.37,2026-06-11 01:37:00,-0.414461311356871,0
TX008901,11844.74,2026-06-09 00:18:00,-0.15857655465264614,0
TX008902,2229.58,2026-05-30 22:05:00,-0.7640771310885097,0
TX008903,629.77,2026-03-05 04:58:00,-0.8648228157352403,0
TX008904,96083.19,2026-03-09 17:35:00,5.1462160887421255,1
TX008905,5475.04,2026-07-10 17:34:00,-0.5596990551335035,0
TX008906,3627.42,2026-06-12 05:59:00,-0.6760502105000735,0
TX008907,30250.6,2026-01-21 11:06:00,1.0005054408417402,0
TX008908,5125.76,2026-08-08 23:57:00,-0.5816944500450305,0
TX008909,14487.61,2026-07-14 08:50:00,0.007854301250433092,0
TX008910,2391.73,2026-01-07 02:44:00,-0.7538659730350737,0
TX008911,5171.13,2026-03-13 22:35:00,-0.5788373409430608,0
TX008912,6764.26,2026-05-27 04:53:00,-0.47851231948348366,0
TX008913,8192.06,2026-02-02 17:51:00,-0.3885987119059576,0
TX008914,9483.69,2026-06-14 23:23:00,-0.30726021004620124,0
TX008915,6368.9,2026-07-06 19:51:00,-0.5034095347039983,0
TX008916,6970.83,2026-06-01 04:52:00,-0.4655038771825385,0
TX008917,3103.67,2026-05-22 20:49:00,-0.7090325973670922,0
TX008918,1171.81,2026-03-22 11:05:00,-0.8306886429860302,0
TX008919,4192.12,2026-05-27 11:42:00,-0.6404890575381538,0
TX008920,12821.14,2026-03-30 15:43:00,-0.09708919897349186,0
TX008921,26326.32,2026-03-24 01:16:00,0.7533796725658373,0
TX008922,20002.79,2026-08-08 10:42:00,0.35516466001175856,0
TX008923,10263.01,2026-07-20 17:46:00,-0.2581836778586976,0
TX008924,11940.56,2026-05-05 22:50:00,-0.15254243091117076,0
TX008925,13124.16,2026-03-19 20:53:00,-0.0780069596065343,0
TX008926,3994.6,2026-04-27 10:23:00,-0.6529275893834493,0
TX008927,4969.78,2026-07-30 14:36:00,-0.5915170614121285,0
TX008928,3525.05,2026-05-29 19:01:00,-0.682496810869671,0
TX008929,22454.17,2026-01-23 20:32:00,0.5095367144615385,0
TX008930,10542.75,2026-05-11 16:42:00,-0.24056746229367654,0
TX008931,2703.4,2026-04-02 19:56:00,-0.7342390126248709,0
TX008932,6169.49,2026-02-15 21:18:00,-0.5159670865229046,0
TX008933,5653.16,2026-02-05 12:03:00,-0.5484822097898215,0
TX008934,2728.52,2026-03-31 08:20:00,-0.7326571175258743,0
TX008935,7680.28,2026-05-17 21:50:00,-0.42082730560677445,0
TX008936,3784.72,2026-08-22 17:55:00,-0.666144474072041,0
TX008937,19090.31,2026-08-20 06:13:00,0.29770257243482834,0
TX008938,12791.22,2026-06-07 21:37:00,-0.09897336702134141,0
TX008939,6953.67,2026-03-01 05:50:00,-0.46658450297468745,0
TX008940,11528.2,2026-08-09 23:51:00,-0.1785101961588725,0
TX008941,9126.19,2026-04-03 23:33:00,-0.3297732473826388,0
TX008942,1184.47,2026-02-23 12:29:00,-0.8298913980834308,0
TX008943,14012.76,2026-07-31 17:13:00,-0.022048679950147036,0
TX008944,10754.7,2026-08-23 00:49:00,-0.227220222395892,0
TX008945,16372.92,2026-07-15 22:33:00,0.1265789290008083,0
TX008946,11876.01,2026-07-25 13:19:00,-0.15660737233793168,0
TX008947,27109.32,2026-01-30 10:17:00,0.8026879473474614,0
TX008948,4025.7,2026-04-05 15:59:00,-0.6509691125690069,0
TX008949,3622.47,2026-01-09 12:59:00,-0.6763619294785781,0
TX008950,4777.45,2026-02-20 04:31:00,-0.603628760631477,0
TX008951,3487.17,2026-05-14 07:30:00,-0.6848822482243683,0
TX008952,20958.94,2026-07-01 16:24:00,0.41537680168793967,0
TX008953,9896.44,2026-07-23 17:07:00,-0.2812678851214051,0
TX008954,9577.82,2026-07-10 11:13:00,-0.30133251157213453,0
TX008955,5298.82,2026-04-07 19:16:00,-0.5707962507682643,0
TX008956,34610.69,2026-01-14 23:28:00,1.2750757036675533,0
TX008957,12185.51,2026-01-25 19:34:00,-0.13711706449002278,0
TX008958,17254.52,2026-01-05 00:27:00,0.18209639394011845,0
TX008959,21575.12,2026-05-29 00:02:00,0.4541798320263064,0
TX008960,8646.77,2026-04-19 14:36:00,-0.35996401761993924,0
TX008961,4263.8,2026-03-21 05:52:00,-0.6359751148352842,0
TX008962,4391.71,2026-07-11 03:23:00,-0.6279201704836654,0
TX008963,20081.25,2026-07-04 23:18:00,0.3601055632548827,0
TX008964,57004.49,2026-07-04 16:21:00,2.6852923624220035,0
TX008965,15971.17,2026-08-23 01:38:00,0.10127931291713332,0
TX008966,36766.01,2026-08-07 08:37:00,1.4108038145262125,0
TX008967,13790.46,2026-01-24 08:32:00,-0.036047695893895566,0
TX008968,9531.04,2026-04-25 09:27:00,-0.3042784133528297,0
TX008969,3472.21,2026-07-23 08:33:00,-0.685824332248293,0
TX008970,2452.21,2026-07-08 08:51:00,-0.7500573338795276,0
TX008971,15268.74,2026-04-05 09:56:00,0.05704481552906659,0
TX008972,10652.37,2026-03-22 03:28:00,-0.2336643038242491,0
TX008973,21648.49,2026-02-14 16:34:00,0.4588001999965847,0
TX008974,3656.1,2026-07-13 22:49:00,-0.6742441296306776,0
TX008975,2711.71,2026-06-23 03:59:00,-0.7337157025821693,0
TX008976,4844.31,2026-07-24 10:35:00,-0.5994183503480804,0
TX008977,8600.88,2026-08-17 02:01:00,-0.3628538729580348,0
TX008978,42829.36,2026-02-21 23:11:00,1.7926343737818455,0
TX008979,4868.46,2026-05-02 02:34:00,-0.5978975395741644,0
TX008980,9073.03,2026-02-26 14:37:00,-0.33312092029118434,0
TX008981,9147.35,2026-04-16 03:49:00,-0.32844072746644576,0
TX008982,8195.02,2026-04-23 05:41:00,-0.38841231025416495,0
TX008983,56359.44,2026-06-23 21:55:00,2.644671286243349,0
TX008984,3121.32,2026-03-14 13:26:00,-0.7079211145447478,0
TX008985,14789.68,2026-05-18 05:22:00,0.02687671576293014,0
TX008986,11779.57,2026-01-13 16:22:00,-0.16268053966863394,0
TX008987,11612.12,2026-02-24 10:20:00,-0.1732254574364282,0
TX008988,11746.64,2026-05-21 18:24:00,-0.16475425804482666,0
TX008989,2562.87,2026-02-17 19:37:00,-0.7430886829378487,0
TX008990,13193.9,2026-07-02 17:32:00,-0.07361518555382618,0
TX008991,5029.93,2026-06-20 08:12:00,-0.587729203521816,0
TX008992,2882.32,2026-01-04 07:07:00,-0.7229717884563802,0
TX008993,11764.05,2026-06-17 10:38:00,-0.1636578888699249,0
TX008994,4217.26,2026-06-05 04:26:00,-0.6389059029685369,0
TX008995,25525.88,2026-07-27 18:02:00,0.7029731394033811,0
TX008996,5946.48,2026-08-04 06:35:00,-0.5300108136736709,0
TX008997,11321.08,2026-03-02 18:25:00,-0.19155327390187382,0
TX008998,6228.07,2026-05-14 05:57:00,-0.5122780970762794,0
TX008999,11032.29,2026-07-16 14:19:00,-0.20973939992254456,0
TX009000,5713.72,2026-03-03 04:09:00,-0.5446685327517946,0
TX009001,12224.18,2026-01-07 06:45:00,-0.13468187804582685,0
TX009002,12320.76,2026-03-06 17:57:00,-0.1285998944207831,0
TX009003,23832.64,2026-04-28 01:15:00,0.5963438377542913,0
TX009004,25364.53,2026-02-25 22:53:00,0.6928123601747539,0
TX009005,34735.23,2026-04-24 08:41:00,1.282918427219665,0
TX009006,5663.91,2026-06-06 09:22:00,-0.5478052443314532,0
TX009007,17744.67,2026-01-14 23:09:00,0.21296287016516693,0
TX009008,2808.6,2026-02-24 01:34:00,-0.7276141971625122,0
TX009009,5047.73,2026-07-18 21:59:00,-0.5866082746698199,0
TX009010,7577.13,2026-04-07 01:11:00,-0.42732302533056055,0
TX009011,7690.21,2026-03-10 05:57:00,-0.42020197844383506,0
TX009012,26289.01,2026-03-28 21:46:00,0.7510301301238163,0
TX009013,3610.01,2026-03-16 12:45:00,-0.6771465796749753,0
TX009014,12751.07,2026-08-19 07:51:00,-0.10150175429143361,0
TX009015,12692.41,2026-03-24 14:09:00,-0.10519578162053969,0
TX009016,1941.1,2026-01-15 11:51:00,-0.782243735314567,0
TX009017,29945.72,2026-08-26 04:33:00,0.9813060707071023,0
TX009018,11888.2,2026-01-19 09:18:00,-0.1558397249949074,0
TX009019,12261.11,2026-03-25 17:00:00,-0.13235626554559007,0
TX009020,2891.16,2026-04-29 01:20:00,-0.7224151024422429,0
TX009021,10048.29,2026-08-02 21:37:00,-0.2717053544373826,0
TX009022,911.3,2026-01-17 06:45:00,-0.8470938775497096,0
TX009023,1887.77,2026-02-19 20:18:00,-0.7856021137233844,0
TX009024,6472.57,2026-06-08 03:45:00,-0.49688106874408644,0
TX009025,9801.12,2026-01-16 15:19:00,-0.28727052209737497,0
TX009026,10331.99,2026-05-27 00:08:00,-0.2538397636895579,0
TX009027,5175.7,2026-08-07 11:33:00,-0.5785495519063405,0
TX009028,4286.68,2026-05-16 19:11:00,-0.6345342804457523,0
TX009029,11844.97,2026-02-10 11:50:00,-0.15856207074051362,0
TX009030,2380.02,2026-05-24 22:01:00,-0.7546033930832127,0
TX009031,11993.86,2026-06-24 22:12:00,-0.14918594170828364,0
TX009032,4042.12,2026-02-11 09:43:00,-0.6499350871898059,0
TX009033,4199.82,2026-08-12 04:07:00,-0.640004161349369,0
TX009034,2412.95,2026-06-01 22:56:00,-0.75252967470702,0
TX009035,2828.98,2026-05-04 11:08:00,-0.7263307966005078,0
TX009036,12528.41,2026-04-08 23:43:00,-0.11552344070634603,0
TX009037,11313.84,2026-04-03 21:33:00,-0.19200920226639356,0
TX009038,2434.36,2026-07-12 04:06:00,-0.7511814114080742,0
TX009039,24467.71,2026-03-15 05:40:00,0.6363364380934561,0
TX009040,3623.62,2026-08-22 06:25:00,-0.6762895099179154,0
TX009041,18645.09,2026-01-15 16:54:00,0.2696654969581045,0
TX009042,6115.73,2026-02-11 19:26:00,-0.5193525435500568,0
TX009043,18951.21,2026-06-04 16:58:00,0.2889429542711961,0
TX009044,5638.46,2026-03-01 01:34:00,-0.5494079206956834,0
TX009045,11912.86,2026-03-18 21:44:00,-0.15428679772017578,0
TX009046,7340.84,2026-07-31 18:53:00,-0.4422030409731531,0
TX009047,5656.85,2026-08-30 16:21:00,-0.5482498374603909,0
TX009048,4505.51,2026-04-10 01:52:00,-0.620753782654612,0
TX009049,1674.81,2026-05-17 18:45:00,-0.7990129568874901,0
TX009050,3751.9,2026-01-12 19:58:00,-0.6682112653598226,0
TX009051,12584.11,2026-08-07 14:23:00,-0.11201581502903249,0
TX009052,28232.06,2026-02-06 17:28:00,0.8733908495547676,0
TX009053,3365.56,2026-03-27 23:20:00,-0.6925404593306178,0
TX009054,4457.94,2026-01-11 00:19:00,-0.6237494335248059,0
TX009055,9379.26,2026-02-16 14:57:00,-0.31383653588968147,0
TX009056,30081.31,2026-07-27 11:44:00,0.9898446517768857,0
TX009057,8944.96,2026-04-13 12:33:00,-0.341185940407765,0
TX009058,11978.99,2026-04-14 06:46:00,-0.15012235811441746,0
TX009059,11479.45,2026-08-20 18:25:00,-0.18158015579565945,0
TX009060,8127.7,2026-08-29 12:33:00,-0.39265168836182646,0
TX009061,13583.38,2026-01-20 17:51:00,-0.04908825469565639,0
TX009062,5876.53,2026-05-23 23:20:00,-0.5344158121678912,0
TX009063,6055.65,2026-07-04 19:18:00,-0.5231359932931985,0
TX009064,3287.12,2026-05-08 00:42:00,-0.6974801031031216,0
TX009065,5258.17,2026-05-22 03:36:00,-0.5733561248038621,0
TX009066,8491.72,2026-05-03 17:05:00,-0.3697280636031971,0
TX009067,4576.46,2026-02-22 06:23:00,-0.6162858106293806,0
TX009068,3411.71,2026-05-25 06:15:00,-0.6896342308744594,0
TX009069,13126.27,2026-08-17 03:19:00,-0.07787408545610103,0
TX009070,14512.38,2026-08-17 14:40:00,0.009414155613575828,0
TX009071,8955.04,2026-08-03 23:21:00,-0.34055116721517387,0
TX009072,8281.37,2026-08-30 07:44:00,-0.3829745458513638,0
TX009073,8445.15,2026-01-27 11:28:00,-0.37266074094238,0
TX009074,10886.48,2026-04-14 03:38:00,-0.21892157047926064,0
TX009075,5909.31,2026-08-26 01:06:00,-0.5323515398213503,0
TX009076,15162.53,2026-05-21 18:39:00,0.05035639680038682,0
TX009077,2851.38,2026-01-10 06:27:00,-0.7249201895058611,0
TX009078,3837.09,2026-04-20 01:02:00,-0.6628465502529942,0
TX009079,29632.22,2026-02-14 03:09:00,0.9615638687351493,0
TX009080,3564.11,2026-06-01 22:31:00,-0.6800370647483808,0
TX009081,10146.16,2026-04-16 00:43:00,-0.2655421349573347,0
TX009082,8170.49,2026-02-18 22:22:00,-0.38995705096986516,0
TX009083,5141.11,2026-05-12 06:14:00,-0.5807278063440114,0
TX009084,8646.5,2026-02-13 22:00:00,-0.35998102047331226,0
TX009085,10050.82,2026-08-22 06:58:00,-0.27154603140392475,0
TX009086,9785.74,2026-01-05 10:59:00,-0.2882390550043244,0
TX009087,2321.53,2026-07-02 17:49:00,-0.7582867149120469,0
TX009088,4451.67,2026-06-19 13:50:00,-0.6241442775642451,0
TX009089,4419.72,2026-01-21 07:19:00,-0.626156281880047,0
TX009090,10420.35,2026-02-12 18:20:00,-0.24827542248942464,0
TX009091,92376.32,2026-08-10 10:48:00,4.912781395843328,1
TX009092,4747.48,2026-04-24 20:28:00,-0.605516077355877,0
TX009093,14435.11,2026-07-19 23:32:00,0.004548190872354845,0
TX009094,9941.08,2026-05-31 14:06:00,-0.2784567466970735,0
TX009095,1982.03,2026-08-05 19:52:00,-0.7796662286902862,0
TX009096,6699.35,2026-03-30 13:01:00,-0.4825999313814086,0
TX009097,7072.69,2026-03-17 23:14:00,-0.4590893933137566,0
TX009098,2249.33,2026-07-26 03:06:00,-0.7628334038510421,0
TX009099,1381.31,2026-05-16 14:41:00,-0.8174956882392227,0
TX009100,18923.27,2026-08-02 06:56:00,0.28718347381474846,0
TX009101,888.41,2026-02-11 23:11:00,-0.8485353416745516,0
TX009102,38354.55,2026-07-23 17:50:00,1.510839787478449,0
TX009103,16657.86,2026-08-31 03:51:00,0.1445226069270867,0
TX009104,3913.95,2026-06-07 22:01:00,-0.6580064046594877,0
TX009105,1777.56,2026-04-04 00:16:00,-0.7925424265761084,0
TX009106,17688.09,2026-01-10 14:30:00,0.20939982778056387,0
TX009107,3784.77,2026-08-20 23:20:00,-0.6661413253954904,0
TX009108,5438.79,2026-02-22 13:17:00,-0.5619818456326527,0
TX009109,5092.07,2026-01-18 07:58:00,-0.5838160283047916,0
TX009110,8363.96,2026-05-06 08:28:00,-0.37777356192516426,0
TX009111,15269.94,2026-03-09 06:13:00,0.05712038376627985,0
TX009112,14171.95,2026-05-03 10:58:00,-0.01202392354850365,0
TX009113,5392.09,2026-07-22 20:29:00,-0.5649227095308671,0
TX009114,8346.14,2026-02-17 06:54:00,-0.37889575024778055,0
TX009115,3446.91,2026-01-16 07:39:00,-0.6874175625828717,0
TX009116,5861.4,2026-02-05 17:03:00,-0.535368601692088,0
TX009117,5421.29,2026-06-27 18:02:00,-0.5630838824253455,0
TX009118,5626.46,2026-03-31 20:30:00,-0.5501636030678156,0
TX009119,5360.89,2026-05-20 02:00:00,-0.5668874836984106,0
TX009120,1335.46,2026-07-13 17:42:00,-0.8203830246360776,0
TX009121,14547.98,2026-08-10 14:13:00,0.011656013317567956,0
TX009122,8416.33,2026-08-29 21:05:00,-0.3744756381061174,0
TX009123,5224.21,2026-04-05 22:42:00,-0.575494705916996,0
TX009124,4485.73,2026-03-01 09:01:00,-0.6219993990980099,0
TX009125,17112.64,2026-02-06 17:16:00,0.1731617093602757,0
TX009126,51422.89,2026-04-13 14:53:00,2.3337993017309264,0
TX009127,6185.82,2026-02-25 14:50:00,-0.5149387287614947,0
TX009128,5068.06,2026-05-15 14:58:00,-0.585328022784366,0
TX009129,7913.54,2026-02-27 15:09:00,-0.40613809976314524,0
TX009130,5214.13,2026-01-28 20:22:00,-0.5761294791095872,0
TX009131,17878.02,2026-04-11 10:21:00,0.22136039052548584,0
TX009132,10981.5,2026-07-13 06:43:00,-0.21293782556259402,0
TX009133,12603.91,2026-07-16 02:58:00,-0.11076893911501445,0
TX009134,5389.1,2026-05-23 17:35:00,-0.56511100038859,0
TX009135,4415.19,2026-05-19 12:11:00,-0.6264415519755269,0
TX009136,3745.23,2026-05-08 00:30:00,-0.6686312988116659,0
TX009137,15140.6,2026-06-19 07:56:00,0.04897538726531526,0
TX009138,10067.11,2026-08-05 00:21:00,-0.2705201925837553,0
TX009139,3119.98,2026-04-11 04:16:00,-0.7080054990763026,0
TX009140,3921.25,2026-07-12 03:37:00,-0.6575466978831073,0
TX009141,15148.63,2026-06-28 16:10:00,0.04948106471933363,0
TX009142,2888.41,2026-08-13 10:54:00,-0.7225882796525231,0
TX009143,1492.35,2026-02-09 10:49:00,-0.8105031073557597,0
TX009144,5977.72,2026-01-14 00:57:00,-0.5280435205648868,0
TX009145,56043.55,2026-06-07 12:04:00,2.62477857753228,0
TX009146,6125.68,2026-05-20 15:00:00,-0.5187259569164971,0
TX009147,24587.07,2026-04-19 18:28:00,0.6438529587549308,0
TX009148,1742.31,2026-05-09 02:24:00,-0.7947622435442466,0
TX009149,3773.77,2026-01-24 22:12:00,-0.6668340342366116,0
TX009150,1808.28,2026-06-04 06:37:00,-0.7906078797034499,0
TX009151,3670.52,2026-05-23 09:58:00,-0.6733360513134988,0
TX009152,7319.22,2026-03-02 13:24:00,-0.4435645287136112,0
TX009153,6239.49,2026-02-01 19:15:00,-0.5115589393521336,0
TX009154,7659.49,2026-06-13 01:01:00,-0.4221365253164934,0
TX009155,14525.84,2026-04-29 02:58:00,0.010261779340984139,0
TX009156,24009.95,2026-04-14 19:10:00,0.6075096745378543,0
TX009157,5590.38,2026-03-15 16:59:00,-0.5524356880666931,0
TX009158,7503.9,2026-01-23 13:20:00,-0.4319345770064971,0
TX009159,16705.83,2026-06-21 17:27:00,0.14754344720968515,0
TX009160,5673.32,2026-07-14 00:21:00,-0.5472126634046396,0
TX009161,4093.07,2026-01-25 11:10:00,-0.6467265857847948,0
TX009162,4288.42,2026-04-23 07:55:00,-0.6344247065017932,0
TX009163,4860.25,2026-08-20 21:19:00,-0.5984145522637648,0
TX009164,21565.48,2026-03-12 15:27:00,0.4535727671873603,0
TX009165,10104.14,2026-05-21 08:17:00,-0.2681882827304175,0
TX009166,2545.12,2026-02-22 03:53:00,-0.7442064631132942,0
TX009167,23113.36,2026-05-31 17:41:00,0.551048236368689,0
TX009168,4524.31,2026-06-29 00:29:00,-0.619569880271605,0
TX009169,13466.37,2026-02-24 18:31:00,-0.05645678755925506,0
TX009170,44657.16,2026-01-01 14:51:00,1.9077373937637774,0
TX009171,15293.32,2026-02-13 21:43:00,0.05859270492131731,0
TX009172,27681.28,2026-06-27 04:34:00,0.8387062881445211,0
TX009173,710.62,2026-01-21 17:27:00,-0.8597314057529998,0
TX009174,7497.78,2026-05-06 02:44:00,-0.43231997501628455,0
TX009175,4013.23,2026-03-11 20:55:00,-0.6517543925007142,0
TX009176,12550.44,2026-03-12 21:46:00,-0.11413613381817335,0
TX009177,8115.21,2026-03-22 10:01:00,-0.393438227764154,0
TX009178,25637.21,2026-06-10 18:09:00,0.7099839826108372,0
TX009179,10323.8,2026-01-25 19:17:00,-0.25435551690853814,0
TX009180,8449.38,2026-01-10 16:36:00,-0.3723943629062034,0
TX009181,21924.43,2026-07-24 00:02:00,0.4761771161437639,0
TX009182,16529.3,2026-04-01 18:45:00,0.13642672978031065,0
TX009183,3727.52,2026-05-22 14:28:00,-0.669746560045871,0
TX009184,13525.33,2026-08-15 14:17:00,-0.05274386817084572,0
TX009185,5943.2,2026-02-11 17:42:00,-0.5302173668553871,0
TX009186,10812.58,2026-07-14 03:09:00,-0.22357531442097456,0
TX009187,9063.74,2026-06-20 11:51:00,-0.3337059443942767,0
TX009188,4962.57,2026-06-18 05:21:00,-0.5919711005707179,0
TX009189,4984.57,2026-04-24 23:23:00,-0.5905856828884756,0
TX009190,2246.82,2026-05-20 05:31:00,-0.7629914674138798,0
TX009191,6591.68,2026-04-27 16:30:00,-0.4893802914653645,0
TX009192,19773.5,2026-03-07 05:33:00,0.340725459086243,0
TX009193,5055.38,2026-04-19 02:01:00,-0.5861265271575857,0
TX009194,17806.57,2026-08-08 10:57:00,0.21686093173474882,0
TX009195,51015.56,2026-08-20 03:32:00,2.30814829334421,0
TX009196,13065.52,2026-03-24 02:00:00,-0.08169972746502013,0
TX009197,10988.78,2026-07-15 14:43:00,-0.2124793782568338,0
TX009198,3525.66,2026-01-27 10:58:00,-0.6824583970157544,0
TX009199,2247.73,2026-07-23 18:43:00,-0.7629341615006597,0
TX009200,5251.17,2026-08-29 18:30:00,-0.5737969395209391,0
TX009201,10266.58,2026-01-05 14:48:00,-0.2579588623529883,0
TX009202,11050.33,2026-04-12 19:56:00,-0.20860335742310593,0
TX009203,6488.59,2026-02-11 21:31:00,-0.49587223277729,0
TX009204,34546.15,2026-05-24 09:46:00,1.2710113919761024,0
TX009205,10961.15,2026-07-29 08:19:00,-0.2142193369186682,0
TX009206,14801.53,2026-05-08 12:06:00,0.027622952105410683,0
TX009207,17477.27,2026-03-20 01:47:00,0.19612374797282187,0
TX009208,15703.07,2026-04-06 09:28:00,0.08439610925308039,0
TX009209,5207.73,2026-01-06 16:49:00,-0.5765325097080577,0
TX009210,6245.97,2026-05-09 01:27:00,-0.5111508708711823,0
TX009211,16592.34,2026-01-07 17:45:00,0.14039658117524503,0
TX009212,5625.49,2026-05-04 05:13:00,-0.5502246873928963,0
TX009213,10558.47,2026-02-18 07:13:00,-0.23957751838618344,0
TX009214,20156.0,2026-08-10 19:34:00,0.364812834697956,0
TX009215,2241.13,2026-07-28 04:15:00,-0.7633497868053325,0
TX009216,1109.83,2026-01-24 07:15:00,-0.8345917424380929,0
TX009217,4571.37,2026-01-17 17:12:00,-0.6166063459022266,0
TX009218,12984.39,2026-04-01 01:26:00,-0.08680877003594378,0
TX009219,6568.8,2026-05-29 16:37:00,-0.4908211258548965,0
TX009220,6840.25,2026-07-03 17:31:00,-0.4737269608619567,0
TX009221,3405.81,2026-04-07 06:12:00,-0.6900057747074244,0
TX009222,50345.15,2026-06-15 23:04:00,2.265930208419116,0
TX009223,7434.62,2026-03-28 03:21:00,-0.43629738323494016,0
TX009224,11646.19,2026-01-24 03:49:00,-0.17107994923488296,0
TX009225,8855.62,2026-04-25 23:09:00,-0.3468119956682889,0
TX009226,34422.41,2026-04-01 20:21:00,1.2632190472487996,0
TX009227,9418.84,2026-03-26 02:08:00,-0.3113440435322655,0
TX009228,32672.07,2026-08-28 19:18:00,1.1529939569789807,0
TX009229,54132.7,2026-04-22 02:39:00,2.5044456057998827,0
TX009230,12698.94,2026-03-14 04:56:00,-0.10478456446303773,0
TX009231,14495.16,2026-08-06 10:48:00,0.008329751409566204,0
TX009232,5868.65,2026-02-26 04:29:00,-0.5349120435922582,0
TX009233,23517.81,2026-03-21 07:42:00,0.5765178809860938,0
TX009234,19003.42,2026-05-13 21:59:00,0.2922308023252811,0
TX009235,15555.79,2026-04-19 10:54:00,0.07512136760577828,0
TX009236,13349.52,2026-02-13 03:25:00,-0.0638152446578921,0
TX009237,3282.21,2026-03-11 11:01:00,-0.6977893031403857,0
TX009238,15327.93,2026-02-25 11:02:00,0.06077221882960855,0
TX009239,5491.09,2026-01-21 05:51:00,-0.5586883299607767,0
TX009240,4962.82,2026-04-06 15:33:00,-0.5919553571879652,0
TX009241,10798.77,2026-08-02 11:26:00,-0.22444497888423665,0
TX009242,796.03,2026-04-04 06:47:00,-0.8543528364693491,0
TX009243,20711.43,2026-01-20 02:45:00,0.39979022302740364,0
TX009244,2558.51,2026-08-26 12:11:00,-0.7433632475330567,0
TX009245,10069.48,2026-08-18 20:39:00,-0.27037094531525924,0
TX009246,3086.1,2026-01-26 11:30:00,-0.7101390423069558,0
TX009247,5320.2,2026-01-10 15:26:00,-0.5694498766752489,0
TX009248,45760.81,2026-04-23 11:12:00,1.977238131264083,0
TX009249,5647.74,2026-03-31 00:02:00,-0.5488235263279013,0
TX009250,2637.11,2026-04-15 11:57:00,-0.738413527995591,0
TX009251,2675.27,2026-07-26 05:48:00,-0.7360104580522107,0
TX009252,11210.03,2026-03-09 05:05:00,-0.1985464845206469,0
TX009253,7910.47,2026-05-16 05:01:00,-0.406331428503349,0
TX009254,13903.52,2026-03-12 10:23:00,-0.028927908477790216,0
TX009255,6550.11,2026-03-23 15:43:00,-0.4919981011494924,0
TX009256,13633.15,2026-01-17 11:04:00,-0.04595406205723818,0
TX009257,27628.87,2026-04-18 21:48:00,0.8354058453842338,0
TX009258,8939.22,2026-02-03 12:16:00,-0.3415474084757682,0
TX009259,5451.22,2026-02-14 03:29:00,-0.5611990846421858,0
TX009260,7529.11,2026-02-02 07:33:00,-0.43034701428970945,0
TX009261,2249.72,2026-08-04 09:29:00,-0.7628088441739479,0
TX009262,1538.09,2026-04-28 12:56:00,-0.8076226980473159,0
TX009263,6826.42,2026-03-04 07:40:00,-0.47459788479583903,0
TX009264,20144.62,2026-07-02 03:49:00,0.3640961959150506,0
TX009265,17360.43,2026-03-07 18:11:00,0.18876592060949496,0
TX009266,5205.61,2026-03-23 17:45:00,-0.5766660135938011,0
TX009267,67925.67,2026-08-31 19:08:00,3.373037629828872,1
TX009268,3442.22,2026-02-24 06:48:00,-0.6877129084433135,0
TX009269,3110.48,2026-02-07 00:12:00,-0.7086037476209073,0
TX009270,7250.23,2026-06-26 08:13:00,-0.4479090726180611,0
TX009271,22848.27,2026-02-23 18:57:00,0.5343545830329793,0
TX009272,12655.45,2026-01-07 18:35:00,-0.10752328332670673,0
TX009273,5470.85,2026-03-07 16:59:00,-0.5599629142284396,0
TX009274,7547.46,2026-04-14 23:51:00,-0.42919144999565734,0
TX009275,5951.91,2026-02-16 22:28:00,-0.5296688674002811,0
TX009276,6572.18,2026-08-05 23:19:00,-0.4906082753200793,0
TX009277,4430.66,2026-04-23 06:20:00,-0.6254673514507865,0
TX009278,6333.53,2026-08-11 09:31:00,-0.5056369084958579,0
TX009279,6322.26,2026-06-28 14:35:00,-0.5063466201903519,0
TX009280,6628.66,2026-08-03 10:01:00,-0.48705153028857723,0
TX009281,7882.83,2026-06-11 00:26:00,-0.4080720169004935,0
TX009282,18718.43,2026-04-14 03:10:00,0.2742839757224523,0
TX009283,11207.86,2026-04-25 06:51:00,-0.19868313708294083,0
TX009284,32501.92,2026-03-07 03:14:00,1.1422790106774565,0
TX009285,21830.16,2026-04-08 02:56:00,0.47024060137535556,0
TX009286,19077.32,2026-07-19 13:37:00,0.2968845462669951,0
TX009287,4634.75,2026-08-14 22:14:00,-0.6126150835067485,0
TX009288,32633.12,2026-03-10 16:50:00,1.150541137946102,0
TX009289,18396.75,2026-01-19 12:43:00,0.2540266502668292,0
TX009290,5209.34,2026-01-13 19:24:00,-0.5764311223231299,0
TX009291,15451.8,2026-04-13 23:26:00,0.06857275011594281,0
TX009292,7051.78,2026-02-02 02:26:00,-0.4604061698471969,0
TX009293,7583.97,2026-01-13 20:21:00,-0.4268922863784452,0
TX009294,10895.8,2026-05-29 18:39:00,-0.218334657170238,0
TX009295,6279.7,2026-05-26 18:16:00,-0.5090267736701808,0
TX009296,2118.26,2026-02-27 19:33:00,-0.7710873445606558,0
TX009297,17598.5,2026-01-04 02:15:00,0.2037580291372871,0
TX009298,2584.99,2026-01-26 10:41:00,-0.7416957084318851,0
TX009299,11975.84,2026-03-14 03:12:00,-0.15032072473710215,0
TX009300,3358.4,2026-06-13 01:37:00,-0.6929913498126566,0
TX009301,7102.75,2026-04-08 00:32:00,-0.4571964089715655,0
TX009302,7830.3,2026-06-18 21:30:00,-0.41138001648450206,0
TX009303,5449.52,2026-03-09 13:56:00,-0.5613061396449045,0
TX009304,15825.26,2026-08-19 14:15:00,0.09209084500731625,0
TX009305,35560.63,2026-01-10 23:56:00,1.3348967797161557,0
TX009306,4502.97,2026-06-20 21:14:00,-0.6209137354233801,0
TX009307,11021.67,2026-06-21 07:46:00,-0.2104081788218816,0
TX009308,18887.83,2026-08-30 06:26:00,0.28495169187571817,0
TX009309,3314.55,2026-05-11 01:20:00,-0.6957527391474895,0
TX009310,41707.52,2026-08-01 11:25:00,1.721988147752449,0
TX009311,7662.99,2026-07-01 09:59:00,-0.42191611795795486,0
TX009312,15510.45,2026-05-02 05:43:00,0.0722661477097389,0
TX009313,10057.97,2026-06-04 04:01:00,-0.27109577065719603,0
TX009314,8596.48,2026-01-20 08:33:00,-0.36313095649448324,0
TX009315,10717.45,2026-02-03 17:17:00,-0.2295659864260523,0
TX009316,7331.32,2026-07-29 14:43:00,-0.44280254898837795,0
TX009317,2767.55,2026-01-13 03:37:00,-0.7301992606105143,0
TX009318,10218.35,2026-05-29 17:27:00,-0.2609960757536495,0
TX009319,7462.88,2026-05-12 17:26:00,-0.4345177512485689,0
TX009320,13136.67,2026-03-27 06:40:00,-0.0772191607335865,0
TX009321,7126.29,2026-02-27 07:57:00,-0.4557140120515662,0
TX009322,2832.7,2026-08-21 09:23:00,-0.7260965350651468,0
TX009323,1310.62,2026-02-20 04:47:00,-0.8219472871463912,0
TX009324,10266.94,2026-05-16 11:05:00,-0.2579361918818243,0
TX009325,50066.97,2026-01-14 13:52:00,2.248412231562472,0
TX009326,15170.69,2026-06-17 16:44:00,0.05087026081343669,0
TX009327,8728.16,2026-07-21 21:41:00,-0.35483860193095285,0
TX009328,6577.16,2026-01-03 19:06:00,-0.49029466713564446,0
TX009329,11573.51,2026-05-08 15:31:00,-0.1756568654687635,0
TX009330,13061.73,2026-07-05 15:59:00,-0.08193839714755194,0
TX009331,3990.86,2026-06-18 10:23:00,-0.6531631103894305,0
TX009332,7510.54,2026-01-03 20:22:00,-0.431516432760584,0
TX009333,11349.18,2026-04-22 23:44:00,-0.18978371768046431,0
TX009334,4804.84,2026-08-04 23:05:00,-0.6019039156170851,0
TX009335,6709.77,2026-08-04 14:25:00,-0.4819437471882738,0
TX009336,608.83,2026-06-14 08:17:00,-0.866141481474611,0
TX009337,12612.8,2026-03-29 13:40:00,-0.11020910442432658,0
TX009338,3356.77,2026-04-20 11:36:00,-0.6930939966682045,0
TX009339,6559.67,2026-04-23 15:43:00,-0.49139607419302705,0
TX009340,5413.75,2026-05-09 20:47:00,-0.5635587028491685,0
TX009341,3084.63,2026-03-02 15:58:00,-0.710231613397542,0
TX009342,4616.93,2026-02-04 18:48:00,-0.6137372718293649,0
TX009343,8141.0,2026-06-05 00:25:00,-0.39181414039937995,0
TX009344,2700.71,2026-02-20 19:52:00,-0.7344084114232905,0
TX009345,4854.98,2026-06-22 06:05:00,-0.5987464227721929,0
TX009346,5357.11,2026-04-26 14:26:00,-0.5671255236456324,0
TX009347,1710.74,2026-04-25 23:01:00,-0.7967503179182643,0
TX009348,7776.93,2026-08-09 15:15:00,-0.41474091383455985,0
TX009349,3142.3,2026-03-11 17:54:00,-0.7065999298641367,0
TX009350,5700.23,2026-06-13 04:00:00,-0.5455180456851332,0
TX009351,15419.0,2026-06-03 18:49:00,0.06650721829878159,0
TX009352,13170.34,2026-03-15 06:14:00,-0.07509884194444565,0
TX009353,4130.88,2026-02-17 22:06:00,-0.6443455565772683,0
TX009354,12480.4,2026-08-11 12:16:00,-0.11854679993018484,0
TX009355,9977.16,2026-06-21 02:34:00,-0.27618466169819605,0
TX009356,5603.22,2026-06-28 14:18:00,-0.5516271079285117,0
TX009357,4114.62,2026-01-16 22:59:00,-0.6453695061915073,0
TX009358,11122.56,2026-02-26 11:07:00,-0.20405477927818041,0
TX009359,12689.58,2026-02-07 06:05:00,-0.10537399671330086,0
TX009360,5008.6,2026-06-06 02:22:00,-0.5890724289382809,0
TX009361,11019.59,2026-02-02 20:21:00,-0.21053916376638449,0
TX009362,5783.95,2026-03-13 06:16:00,-0.5402459016688911,0
TX009363,6994.08,2026-02-10 13:08:00,-0.4640397425865324,0
TX009364,40766.41,2026-02-01 19:46:00,1.6627231279826737,0
TX009365,10200.94,2026-02-09 01:16:00,-0.26209244492855127,0
TX009366,5218.31,2026-05-11 14:37:00,-0.5758662497499611,0
TX009367,10593.03,2026-07-02 21:54:00,-0.23740115315444268,0
TX009368,15236.56,2026-05-30 12:08:00,0.055018327301132125,0
TX009369,10714.88,2026-03-27 06:43:00,-0.2297278284007507,0
TX009370,5676.57,2026-08-28 20:03:00,-0.5470079994288538,0
TX009371,10216.99,2026-01-16 19:37:00,-0.26108171975582456,0
TX009372,5352.52,2026-05-23 23:10:00,-0.5674145721529729,0
TX009373,21226.67,2026-06-06 00:17:00,0.4322367051455185,0
TX009374,23866.07,2026-04-28 23:55:00,0.5984490428959895,0
TX009375,16056.73,2026-01-01 01:39:00,0.10666732823043568,0
TX009376,5329.57,2026-05-30 04:50:00,-0.5688598146896757,0
TX009377,6121.44,2026-02-23 15:59:00,-0.5189929646879838,0
TX009378,10229.56,2026-04-10 22:35:00,-0.2602901424710161,0
TX009379,3245.8,2026-07-27 11:16:00,-0.7000821694044967,0
TX009380,1721.99,2026-01-25 00:33:00,-0.7960418656943904,0
TX009381,12422.36,2026-07-07 17:48:00,-0.12220178367006404,0
TX009382,6999.12,2026-06-07 09:06:00,-0.46372235599023687,0
TX009383,7541.5,2026-04-01 09:51:00,-0.42956677224048295,0
TX009384,10831.41,2026-03-01 06:03:00,-0.22238952283203717,0
TX009385,3311.42,2026-01-05 02:41:00,-0.695949846299554,0
TX009386,15543.84,2026-06-04 08:12:00,0.07436883391019662,0
TX009387,3959.97,2026-03-30 21:34:00,-0.6551083627623608,0
TX009388,27858.1,2026-03-26 01:05:00,0.8498412678978886,0
TX009389,14111.53,2026-05-09 18:49:00,-0.015828784292189133,0
TX009390,12546.46,2026-05-19 14:26:00,-0.11438676847159726,0
TX009391,7692.77,2026-01-03 02:08:00,-0.4200407662044468,0
TX009392,5965.58,2026-04-08 18:11:00,-0.5288080192313606,0
TX009393,5418.79,2026-07-22 13:29:00,-0.563241316252873,0
TX009394,10162.12,2026-06-11 08:19:00,-0.26453707740239885,0
TX009395,15026.19,2026-01-15 22:41:00,0.04177058558234513,0
TX009396,23389.27,2026-07-30 08:03:00,0.568423263309938,0
TX009397,8924.76,2026-05-31 19:52:00,-0.34245800573418744,0
TX009398,7155.57,2026-06-17 05:18:00,-0.4538701470635637,0
TX009399,1716.94,2026-02-24 10:50:00,-0.796359882025996,0
TX009400,11299.51,2026-06-19 17:41:00,-0.19291161296578138,0
TX009401,12301.36,2026-04-14 00:01:00,-0.12982158092239676,0
TX009402,3335.03,2026-03-12 11:22:00,-0.694463041232384,0
TX009403,5029.74,2026-02-27 00:48:00,-0.5877411684927081,0
TX009404,12173.9,2026-01-28 06:03:00,-0.1378481871850607,0
TX009405,9394.36,2026-01-29 02:54:00,-0.31288563557141513,0
TX009406,4804.68,2026-05-16 14:38:00,-0.6019139913820469,0
TX009407,11182.12,2026-04-03 01:56:00,-0.20030407577116432,0
TX009408,7041.66,2026-08-08 01:40:00,-0.46104346198102836,0
TX009409,3424.39,2026-07-07 15:21:00,-0.6888357265012398,0
TX009410,3189.18,2026-03-17 08:36:00,-0.7036477307303404,0
TX009411,2831.63,2026-03-24 22:39:00,-0.7261639167433286,0
TX009412,3363.83,2026-03-20 14:19:00,-0.6926494035392667,0
TX009413,4119.45,2026-05-04 04:50:00,-0.6450653440367243,0
TX009414,14210.31,2026-07-28 18:02:00,-0.009608258898921222,0
TX009415,16429.97,2026-02-28 19:29:00,0.13017156894498672,0
TX009416,21242.55,2026-01-05 15:09:00,0.43323672481797343,0
TX009417,8600.55,2026-03-07 01:37:00,-0.3628746542232684,0
TX009418,1650.83,2026-08-28 14:05:00,-0.8005230621611341,0
TX009419,46771.13,2026-03-20 04:04:00,2.0408615491151307,0
TX009420,7852.97,2026-04-23 04:31:00,-0.40995240653648235,0
TX009421,3383.52,2026-02-02 18:01:00,-0.6914094547136599,0
TX009422,4137.21,2026-01-06 14:23:00,-0.6439469341259685,0
TX009423,17767.92,2026-06-07 01:22:00,0.21442700476117302,0
TX009424,3614.05,2026-03-23 19:39:00,-0.6768921666096908,0
TX009425,6290.45,2026-02-19 00:00:00,-0.5083498082118123,0
TX009426,6549.38,2026-03-25 10:41:00,-0.4920440718271304,0
TX009427,10420.43,2026-08-08 07:02:00,-0.24827038460694376,0
TX009428,56797.22,2026-07-30 06:26:00,2.6722398386493507,0
TX009429,9407.68,2026-03-02 09:09:00,-0.31204682813834844,0
TX009430,3729.31,2026-08-04 11:28:00,-0.6696338374253613,0
TX009431,14032.89,2026-03-24 22:38:00,-0.02078102277089537,0
TX009432,6802.35,2026-08-08 02:23:00,-0.4761136576872741,0
TX009433,2319.65,2026-06-25 20:00:00,-0.7584051051503476,0
TX009434,14470.43,2026-05-25 16:48:00,0.0067724159876638495,0
TX009435,26034.99,2026-08-22 08:13:00,0.7350335937763987,0
TX009436,5575.0,2026-07-01 01:33:00,-0.5534042209736425,0
TX009437,7298.25,2026-01-19 00:14:00,-0.44488508365891216,0
TX009438,7991.37,2026-01-27 12:21:00,-0.40123686984455803,0
TX009439,3154.18,2026-01-08 01:32:00,-0.7058518043157259,0
TX009440,31969.73,2026-07-31 19:46:00,1.1087651272087051,0
TX009441,1871.67,2026-05-01 01:05:00,-0.7866159875726617,0
TX009442,40005.25,2026-07-27 08:03:00,1.61479019511833,0
TX009443,3457.51,2026-03-11 21:57:00,-0.686750043154155,0
TX009444,16137.01,2026-05-18 16:39:00,0.11172284329999993,0
TX009445,4823.47,2026-01-30 20:26:00,-0.60073071873435,0
TX009446,12846.47,2026-01-27 20:11:00,-0.09549407943298287,0
TX009447,18897.86,2026-02-02 23:37:00,0.2855833163917586,0
TX009448,4049.41,2026-05-14 02:45:00,-0.6494760101487357,0
TX009449,6970.47,2026-04-30 00:36:00,-0.46552654765370244,0
TX009450,10341.45,2026-01-24 09:02:00,-0.25324403408619367,0
TX009451,2607.25,2026-05-31 19:37:00,-0.7402939176315799,0
TX009452,14761.76,2026-01-10 11:36:00,0.02511849477710262,0
TX009453,4670.09,2026-07-24 04:18:00,-0.6103895989208193,0
TX009454,6070.65,2026-04-11 20:00:00,-0.5221913903280333,0
TX009455,11122.74,2026-02-15 19:46:00,-0.2040434440425984,0
TX009456,5562.58,2026-08-23 01:56:00,-0.5541863522287993,0
TX009457,18696.59,2026-07-21 07:00:00,0.2729086338051717,0
TX009458,4988.29,2026-08-16 13:20:00,-0.5903514213531147,0
TX009459,7686.03,2026-06-04 16:59:00,-0.4204652078034611,0
TX009460,6440.05,2026-01-15 12:14:00,-0.4989289679725646,0
TX009461,36094.4,2026-08-02 12:02:00,1.368510161363905,0
TX009462,35316.54,2026-01-05 22:48:00,1.3195255705316775,0
TX009463,9707.25,2026-06-13 02:38:00,-0.29318184745337894,0
TX009464,11050.13,2026-01-29 03:37:00,-0.20861595212930817,0
TX009465,2085.6,2026-07-16 04:11:00,-0.7731440600834755,0
TX009466,12331.9,2026-03-19 21:32:00,-0.12789836928532045,0
TX009467,22509.13,2026-02-28 07:50:00,0.512997739725904,0
TX009468,11174.59,2026-05-06 15:39:00,-0.20077826645967728,0
TX009469,54645.62,2026-02-09 14:49:00,2.5367459893260524,0
TX009470,32088.19,2026-07-29 12:42:00,1.1162249716922699,0
TX009471,68644.92,2026-07-25 13:38:00,3.418331342008544,1
TX009472,12088.7,2026-04-14 06:05:00,-0.14321353202719903,0
TX009473,9675.65,2026-03-16 13:17:00,-0.295171811033327,0
TX009474,6185.46,2026-04-21 11:36:00,-0.5149613992326587,0
TX009475,8900.79,2026-08-01 21:40:00,-0.3439674812725214,0
TX009476,3383.29,2026-04-30 18:00:00,-0.6914239386257925,0
TX009477,4156.68,2026-02-26 12:19:00,-0.6427208394771842,0
TX009478,16635.42,2026-07-30 03:21:00,0.1431094808911994,0
TX009479,2670.74,2026-08-11 07:53:00,-0.7362957281476906,0
TX009480,3306.62,2026-01-31 11:55:00,-0.6962521192484069,0
TX009481,2192.02,2026-06-19 08:59:00,-0.7664424169132833,0
TX009482,6880.29,2026-01-03 05:22:00,-0.47120550068027567,0
TX009483,58247.42,2026-01-23 04:51:00,2.7635640533215233,0
TX009484,7090.8,2026-01-06 13:27:00,-0.4579489426671471,0
TX009485,39821.57,2026-06-10 05:53:00,1.603223216942227,0
TX009486,9860.93,2026-08-06 10:53:00,-0.28350407520760623,0
TX009487,47996.15,2026-08-19 02:28:00,2.1180053840742437,0
TX009488,9445.39,2026-06-11 02:05:00,-0.3096720962839231,0
TX009489,12186.6,2026-05-16 12:21:00,-0.13704842334122078,0
TX009490,8602.53,2026-05-25 14:24:00,-0.3627499666318665,0
TX009491,3948.22,2026-02-22 03:06:00,-0.6558483017517402,0
TX009492,7482.06,2026-08-27 01:46:00,-0.4333099189237776,0
TX009493,4028.01,2026-08-28 03:46:00,-0.6508236437123713,0
TX009494,15620.94,2026-06-15 12:03:00,0.07922409315114584,0
TX009495,26764.23,2026-03-21 03:41:00,0.7809564115308705,0
TX009496,65577.67,2026-06-02 22:17:00,3.2251757790150104,1
TX009497,8660.09,2026-08-17 19:48:00,-0.35912521018687255,0
TX009498,25925.58,2026-04-15 19:53:00,0.7281436597484836,0
TX009499,26319.53,2026-08-19 21:45:00,0.7529520822902724,0
TX009500,3296.06,2026-02-18 11:27:00,-0.6969171197358832,0
TX009501,11190.33,2026-01-04 19:17:00,-0.19978706308156394,0
TX009502,6928.94,2026-04-20 15:32:00,-0.46814183839658985,0
TX009503,3322.31,2026-05-05 00:09:00,-0.6952640645468441,0
TX009504,2345.92,2026-04-20 02:21:00,-0.7567507904906883,0
TX009505,4385.31,2026-01-07 12:12:00,-0.628323201082136,0
TX009506,13521.93,2026-01-09 23:44:00,-0.052957978176283144,0
TX009507,7526.69,2026-01-07 03:33:00,-0.43049941023475613,0
TX009508,6653.13,2026-02-01 03:40:00,-0.4855105679847377,0
TX009509,10676.06,2026-07-05 08:28:00,-0.23217246087459825,0
TX009510,7887.11,2026-05-24 18:20:00,-0.4078024901877664,0
TX009511,37193.08,2026-07-13 02:44:00,1.4376979204150862,0
TX009512,14613.29,2026-08-23 08:01:00,0.01576881462789738,0
TX009513,14749.14,2026-07-21 01:48:00,0.02432376881574357,0
TX009514,22931.59,2026-08-21 10:51:00,0.539601537636817,0
TX009515,37625.96,2026-01-28 21:40:00,1.464957902519134,0
TX009516,14115.17,2026-02-04 09:56:00,-0.015599560639309078,0
TX009517,2120.67,2026-08-16 00:18:00,-0.7709355783509192,0
TX009518,29256.5,2026-06-15 13:26:00,0.937903453663691,0
TX009519,51163.26,2026-06-15 19:53:00,2.317449483874537,0
TX009520,26394.0,2026-03-28 21:41:00,0.7576417211446628,0
TX009521,12414.88,2026-01-13 03:10:00,-0.12267282568202652,0
TX009522,5004.93,2026-08-11 22:20:00,-0.5893035417970913,0
TX009523,11533.07,2026-05-25 21:31:00,-0.17820351506284893,0
TX009524,26318.83,2026-04-10 01:21:00,0.7529080008185649,0
TX009525,7026.14,2026-03-04 01:14:00,-0.46202081118231925,0
TX009526,16557.72,2026-07-22 12:12:00,0.13821643753164378,0
TX009527,12408.49,2026-07-06 18:44:00,-0.12307522654518686,0
TX009528,14207.82,2026-04-30 10:45:00,-0.009765062991138634,0
TX009529,11267.21,2026-07-21 02:03:00,-0.1949456580174372,0
TX009530,37491.05,2026-06-25 18:44:00,1.4564621434504383,0
TX009531,3217.56,2026-04-25 04:46:00,-0.7018605419202478,0
TX009532,5526.52,2026-08-28 17:29:00,-0.5564571777570564,0
TX009533,14730.49,2026-02-26 07:14:00,0.023149312462388178,0
TX009534,11654.11,2026-01-05 23:07:00,-0.17058119886927572,0
TX009535,21712.55,2026-01-16 01:19:00,0.46283428439315016,0
TX009536,9385.52,2026-05-09 10:42:00,-0.3134423215855525,0
TX009537,2004.79,2026-02-07 05:45:00,-0.7782329511244757,0
TX009538,15939.83,2026-03-05 13:48:00,0.09930572245524813,0
TX009539,3222.91,2026-07-02 23:42:00,-0.7015236335293389,0
TX009540,14690.23,2026-06-17 14:24:00,0.020613998103884732,0
TX009541,5687.39,2026-07-19 01:56:00,-0.5463266258233145,0
TX009542,38780.65,2026-04-13 09:29:00,1.537672809042242,0
TX009543,5306.02,2026-07-06 04:55:00,-0.570342841344985,0
TX009544,7334.63,2026-06-07 09:16:00,-0.4425941066007315,0
TX009545,9848.94,2026-01-22 00:35:00,-0.28425912784442825,0
TX009546,3270.78,2026-03-28 07:06:00,-0.6985090905998416,0
TX009547,10082.28,2026-02-10 15:41:00,-0.2695648841183182,0
TX009548,11459.34,2026-06-19 02:23:00,-0.182846553504291,0
TX009549,7254.88,2026-03-22 13:52:00,-0.4476162456988599,0
TX009550,2615.45,2026-02-15 07:53:00,-0.7397775346772897,0
TX009551,4656.41,2026-02-15 04:31:00,-0.61125107682505,0
TX009552,21709.62,2026-03-19 16:49:00,0.46264977194728785,0
TX009553,16868.03,2026-08-16 12:31:00,0.15775775393967148,0
TX009554,31184.21,2026-05-13 07:05:00,1.059298159128933,0
TX009555,3943.4,2026-07-22 15:22:00,-0.6561518341712133,0
TX009556,2000.59,2026-06-27 05:46:00,-0.7784974399547218,0
TX009557,4936.36,2026-08-31 00:11:00,-0.5936216368185167,0
TX009558,4718.01,2026-06-27 00:10:00,-0.6073719073147715,0
TX009559,4910.01,2026-01-11 12:28:00,-0.5952809893606568,0
TX009560,8977.04,2026-02-16 02:13:00,-0.33916574953293155,0
TX009561,9663.4,2026-07-28 09:11:00,-0.29594323678821194,0
TX009562,4235.54,2026-04-05 08:21:00,-0.6377547468216557,0
TX009563,3129.49,2026-04-05 07:11:00,-0.7074066207963878,0
TX009564,18995.45,2026-06-23 09:26:00,0.29172890328312345,0
TX009565,9684.4,2026-06-27 23:26:00,-0.2946207926369806,0
TX009566,20283.7,2026-08-03 07:45:00,0.37285455460806255,0
TX009567,3259.73,2026-07-09 18:55:00,-0.6992049481175134,0
TX009568,13786.31,2026-07-21 19:48:00,-0.03630903604759125,0
TX009569,2687.67,2026-04-02 00:12:00,-0.7352295862676742,0
TX009570,1282.72,2026-01-28 05:28:00,-0.8237042486615986,0
TX009571,10852.08,2026-04-05 02:38:00,-0.2210878599460395,0
TX009572,8616.85,2026-03-04 02:45:00,-0.3618481856677888,0
TX009573,7172.36,2026-01-11 18:01:00,-0.4528128214778888,0
TX009574,7358.27,2026-02-15 12:44:00,-0.44110541232763106,0
TX009575,19941.01,2026-05-14 15:37:00,0.35127415526589795,0
TX009576,9669.31,2026-04-10 12:51:00,-0.2955710632199368,0
TX009577,13160.53,2026-08-07 08:38:00,-0.07571661228366366,0
TX009578,5566.35,2026-06-07 19:07:00,-0.5539489420168877,0
TX009579,12785.21,2026-06-27 19:19:00,-0.09935183794271762,0
TX009580,9214.95,2026-03-03 04:18:00,-0.32418371677010116,0
TX009581,14690.86,2026-02-16 15:05:00,0.020653671428421734,0
TX009582,3084.76,2026-02-14 02:38:00,-0.7102234268385105,0
TX009583,43680.42,2026-03-29 06:15:00,1.846228627084079,0
TX009584,9384.86,2026-06-04 10:44:00,-0.31348388411601974,0
TX009585,19798.26,2026-04-30 08:00:00,0.34228468371407567,0
TX009586,9972.75,2026-08-24 13:42:00,-0.2764623749699546,0
TX009587,8665.39,2026-03-07 19:04:00,-0.3587914504725142,0
TX009588,3816.29,2026-07-22 06:43:00,-0.6641563996980233,0
TX009589,7575.09,2026-05-08 01:12:00,-0.427451491333823,0
TX009590,6092.35,2026-01-09 00:14:00,-0.5208248647050943,0
TX009591,9068.05,2026-05-19 05:58:00,-0.3334345284756193,0
TX009592,8351.69,2026-05-03 08:01:00,-0.3785462471506693,0
TX009593,11248.39,2026-08-12 13:12:00,-0.19613081987106448,0
TX009594,12066.7,2026-06-08 18:43:00,-0.14459894970944134,0
TX009595,14875.62,2026-01-29 12:39:00,0.03228866101801674,0
TX009596,36896.98,2026-04-18 06:40:00,1.4190514578827251,0
TX009597,3436.86,2026-03-30 04:52:00,-0.6880504465695324,0
TX009598,3462.23,2026-04-22 05:34:00,-0.686452808087783,0
TX009599,4454.21,2026-07-03 12:55:00,-0.623984324795477,0
TX009600,8090.37,2026-08-28 06:30:00,-0.3950024902744676,0
TX009601,7726.31,2026-06-07 11:43:00,-0.41792863397433744,0
TX009602,30197.48,2026-07-02 00:10:00,0.9971602868744351,0
TX009603,10759.27,2026-04-17 00:56:00,-0.2269324333591717,0
TX009604,4569.16,2026-05-10 16:43:00,-0.616745517405761,0
TX009605,20118.48,2026-03-14 07:44:00,0.3624500678144227,0
TX009606,12059.25,2026-02-09 16:18:00,-0.14506810251547345,0
TX009607,9316.86,2026-01-07 20:08:00,-0.3177660842247687,0
TX009608,15941.72,2026-07-04 19:26:00,0.09942474242885892,0
TX009609,2492.49,2026-03-20 07:57:00,-0.7475207600504039,0
TX009610,4794.65,2026-05-31 17:38:00,-0.6025456158980874,0
TX009611,45584.4,2026-01-05 16:27:00,1.9661289706584302,0
TX009612,61451.53,2026-07-06 20:14:00,2.965338173769224,0
TX009613,4900.55,2026-06-19 20:04:00,-0.595876718964021,0
TX009614,11960.93,2026-01-19 12:52:00,-0.15125966008447636,0
TX009615,2451.61,2026-05-30 22:25:00,-0.7500951179981341,0
TX009616,1032.83,2026-07-22 21:13:00,-0.839440704325941,0
TX009617,12290.31,2026-08-07 09:30:00,-0.13051743844006855,0
TX009618,9273.32,2026-02-04 16:51:00,-0.32050795176498836,0
TX009619,7168.47,2026-04-03 17:22:00,-0.4530577885135216,0
TX009620,14563.6,2026-04-21 00:10:00,0.012639659871960049,0
TX009621,4693.55,2026-06-14 02:10:00,-0.6089122398833009,0
TX009622,6291.77,2026-08-15 13:00:00,-0.5082666831508778,0
TX009623,3922.96,2026-07-05 11:42:00,-0.6574390131450784,0
TX009624,2831.58,2026-03-30 08:27:00,-0.7261670654198791,0
TX009625,38102.42,2026-03-05 22:11:00,1.4949622711046417,0
TX009626,13474.79,2026-01-07 17:38:00,-0.05592655042814232,0
TX009627,23226.55,2026-07-24 19:27:00,0.5581762103438257,0
TX009628,5557.38,2026-04-19 17:41:00,-0.5545138145900566,0
TX009629,37913.71,2026-01-15 22:33:00,1.4830785360675534,0
TX009630,9271.69,2026-01-13 02:12:00,-0.32061059862053626,0
TX009631,27250.32,2026-07-14 14:22:00,0.8115672152200144,0
TX009632,21128.99,2026-05-09 03:02:00,0.42608545063636283,0
TX009633,27912.4,2026-03-03 00:00:00,0.8532607306317869,0
TX009634,19024.88,2026-05-28 07:03:00,0.29358221430077763,0
TX009635,1812.66,2026-01-06 06:53:00,-0.7903320556376218,0
TX009636,9532.41,2026-04-16 03:27:00,-0.30419213961534464,0
TX009637,4420.19,2026-07-20 12:22:00,-0.6261266843204718,0
TX009638,18391.9,2026-02-08 12:27:00,0.2537212286414259,0
TX009639,16443.99,2026-02-24 02:45:00,0.13105445784976116,0
TX009640,10545.01,2026-04-12 11:10:00,-0.24042514211359162,0
TX009641,17702.39,2026-08-31 20:10:00,0.21030034927402133,0
TX009642,6806.48,2026-04-24 22:45:00,-0.47585357700419867,0
TX009643,5030.93,2026-02-07 03:23:00,-0.587666229990805,0
TX009644,3330.0,2026-08-24 19:06:00,-0.6947797980933694,0
TX009645,3522.06,2026-01-19 14:44:00,-0.682685101727394,0
TX009646,2854.79,2026-03-21 23:04:00,-0.7247054497651135,0
TX009647,10507.44,2026-01-10 23:18:00,-0.2427910576736754,0
TX009648,8490.25,2026-01-30 19:20:00,-0.36982063469378323,0
TX009649,1250.77,2026-05-30 21:16:00,-0.8257162529774005,0
TX009650,2059.12,2026-03-15 14:22:00,-0.7748115991846471,0
TX009651,24385.98,2026-06-20 10:11:00,0.6311896114039259,0
TX009652,9496.35,2026-08-24 19:00:00,-0.3064629651436018,0
TX009653,4110.7,2026-08-02 02:39:00,-0.6456163624330706,0
TX009654,4918.78,2026-08-17 09:43:00,-0.5947287114936902,0
TX009655,44182.82,2026-08-23 02:50:00,1.8778665290640126,0
TX009656,15399.15,2026-08-02 11:26:00,0.06525719370821294,0
TX009657,3741.69,2026-01-03 15:14:00,-0.6688542251114449,0
TX009658,3884.17,2026-04-02 00:38:00,-0.6598817564129956,0
TX009659,20112.81,2026-05-07 12:21:00,0.3620930078935904,0
TX009660,7613.19,2026-05-10 00:39:00,-0.4250521998023034,0
TX009661,6340.95,2026-04-04 21:16:00,-0.5051696448957561,0
TX009662,14943.31,2026-01-13 23:37:00,0.036551339332152204,0
TX009663,5304.89,2026-07-20 15:40:00,-0.5704140014350274,0
TX009664,1620.05,2026-03-30 22:54:00,-0.8024613874456532,0
TX009665,4313.77,2026-07-30 06:14:00,-0.6328283274906639,0
TX009666,4884.35,2026-05-08 01:05:00,-0.5968968901663994,0
TX009667,3463.65,2026-06-22 09:29:00,-0.6863633856737473,0
TX009668,11344.1,2026-08-14 18:25:00,-0.19010362321800026,0
TX009669,13286.96,2026-01-31 17:04:00,-0.06775486875794123,0
TX009670,29177.67,2026-01-02 02:29:00,0.9329392502140926,0
TX009671,2382.25,2026-05-18 09:38:00,-0.7544629621090582,0
TX009672,15501.83,2026-05-14 01:22:00,0.0717233158724239,0
TX009673,33887.26,2026-04-11 23:39:00,1.2295187621282553,0
TX009674,16226.6,2026-05-31 19:33:00,0.11736464194327671,0
TX009675,4860.07,2026-04-09 22:29:00,-0.5984258874993469,0
TX009676,8997.18,2026-03-02 22:38:00,-0.3378974626183698,0
TX009677,7571.51,2026-07-30 11:48:00,-0.4276769365748424,0
TX009678,15706.52,2026-05-17 04:43:00,0.08461336793506843,0
TX009679,2318.09,2026-07-13 02:27:00,-0.7585033438587248,0
TX009680,12310.94,2026-04-30 17:22:00,-0.12921829449531125,0
TX009681,4352.86,2026-08-09 18:14:00,-0.6303666921634434,0
TX009682,1375.84,2026-08-06 14:06:00,-0.817840153453853,0
TX009683,3086.24,2026-01-04 07:05:00,-0.7101302260126142,0
TX009684,6491.0,2026-05-10 21:01:00,-0.4957204665675534,0
TX009685,19062.1,2026-06-28 06:00:00,0.29592608912500745,0
TX009686,2349.66,2026-05-07 18:52:00,-0.756515269484707,0
TX009687,5838.29,2026-01-27 19:18:00,-0.5368239199937526,0
TX009688,22880.3,2026-06-08 00:57:00,0.536371625231262,0
TX009689,24108.0,2026-07-05 01:40:00,0.6136842292534842,0
TX009690,6531.69,2026-05-29 23:55:00,-0.4931580735907153,0
TX009691,31341.82,2026-08-12 00:49:00,1.069223417351579,0
TX009692,2716.85,2026-06-08 03:32:00,-0.7333920186327727,0
TX009693,46823.54,2026-08-18 16:14:00,2.044161991875418,0
TX009694,18353.56,2026-08-13 06:16:00,0.2513068234624636,0
TX009695,15354.29,2026-06-09 23:02:00,0.06243220110705892,0
TX009696,11453.22,2026-04-23 06:34:00,-0.18323195151407845,0
TX009697,10782.43,2026-06-10 08:22:00,-0.22547396638095663,0
TX009698,6823.25,2026-02-10 07:42:00,-0.47479751088914396,0
TX009699,3225.89,2026-08-15 04:54:00,-0.7013359724069261,0
TX009700,14851.02,2026-03-14 10:49:00,0.030739512155145764,0
TX009701,18410.42,2026-01-20 06:53:00,0.25488749843574965,0
TX009702,6599.56,2026-07-07 05:03:00,-0.4888840600409977,0
TX009703,4080.73,2026-03-31 23:02:00,-0.6475036791574708,0
TX009704,7526.06,2026-05-30 10:31:00,-0.430539083559293,0
TX009705,4422.28,2026-07-12 21:58:00,-0.6259950696406588,0
TX009706,3903.6,2026-03-13 07:44:00,-0.6586581807054516,0
TX009707,55736.75,2026-04-13 04:54:00,2.6054582982181005,0
TX009708,24094.35,2026-05-12 20:13:00,0.6128246405551838,0
TX009709,5300.78,2026-08-26 14:00:00,-0.5706728226474828,0
TX009710,17925.29,2026-06-04 20:28:00,0.2243371493363765,0
TX009711,17922.65,2026-08-14 22:14:00,0.22417089921450745,0
TX009712,3557.46,2026-04-14 14:32:00,-0.680455838729604,0
TX009713,12723.56,2026-01-24 22:21:00,-0.10323415612954662,0
TX009714,13185.57,2026-01-07 04:00:00,-0.07413975506714793,0
TX009715,17310.58,2026-05-28 16:55:00,0.185626690088596,0
TX009716,1916.95,2026-04-07 12:38:00,-0.783764546088483,0
TX009717,26085.07,2026-01-14 11:45:00,0.7381873082094301,0
TX009718,8118.71,2026-07-08 01:43:00,-0.3932178204056154,0
TX009719,3666.07,2026-06-23 05:13:00,-0.6736162835264978,0
TX009720,3972.4,2026-01-17 05:26:00,-0.6543256017718939,0
TX009721,38450.39,2026-01-04 22:58:00,1.5168751706905443,0
TX009722,3196.21,2026-01-14 06:27:00,-0.7032050268073329,0
TX009723,8046.97,2026-08-29 07:11:00,-0.3977355415203456,0
TX009724,10545.99,2026-06-24 21:27:00,-0.24036342805320085,0
TX009725,9877.1,2026-01-29 04:16:00,-0.28248579321115813,0
TX009726,3305.25,2026-03-21 09:23:00,-0.696338392985892,0
TX009727,2805.09,2026-06-19 10:34:00,-0.7278352342563609,0
TX009728,23687.98,2026-01-10 10:07:00,0.587234086758238,0
TX009729,5282.4,2026-01-26 23:55:00,-0.5718302761474653,0
TX009730,4402.61,2026-05-18 22:58:00,-0.6272337589956455,0
TX009731,10014.91,2026-05-31 03:10:00,-0.2738074109025303,0
TX009732,25339.68,2026-03-16 09:40:00,0.6912474679291303,0
TX009733,3696.1,2026-06-18 18:58:00,-0.6717251883902371,0
TX009734,7204.44,2026-03-03 01:08:00,-0.45079263060305547,0
TX009735,16896.13,2026-01-29 11:13:00,0.1595273101610811,0
TX009736,19864.13,2026-06-14 11:00:00,0.34643275020177133,0
TX009737,14707.35,2026-01-25 05:31:00,0.021692104954793345,0
TX009738,44546.73,2026-02-01 19:30:00,1.900783226734231,0
TX009739,12933.69,2026-07-19 16:19:00,-0.09000152805820213,0
TX009740,2171.26,2026-05-09 19:52:00,-0.767749747417072,0
TX009741,7346.97,2026-04-21 17:40:00,-0.44181701322805556,0
TX009742,9994.66,2026-05-10 09:48:00,-0.27508262490550334,0
TX009743,3817.12,2026-01-22 20:06:00,-0.6641041316672841,0
TX009744,2581.26,2026-05-09 00:41:00,-0.7419305997025561,0
TX009745,1963.82,2026-08-13 14:13:00,-0.7808129766899968,0
TX009746,5120.73,2026-01-23 21:23:00,-0.5820112069060159,0
TX009747,7751.93,2026-08-21 19:49:00,-0.4163152521098352,0
TX009748,3814.15,2026-07-03 06:40:00,-0.6642911630543868,0
TX009749,14049.71,2026-05-22 02:47:00,-0.01972180797929013,0
TX009750,6106.18,2026-08-31 19:59:00,-0.5199539407712119,0
TX009751,2563.71,2026-03-28 14:21:00,-0.7430357851717995,0
TX009752,9583.32,2026-04-16 12:50:00,-0.30098615715157395,0
TX009753,5366.76,2026-07-31 23:39:00,-0.566517829071376,0
TX009754,35934.29,2026-02-21 07:44:00,1.3584274693137317,0
TX009755,19877.45,2026-02-08 20:41:00,0.347271557634838,0
TX009756,16323.04,2026-07-29 09:24:00,0.12343780927397895,0
TX009757,26647.2,2026-02-07 07:32:00,0.7735866191966516,0
TX009758,5383.97,2026-05-10 21:26:00,-0.5654340546026766,0
TX009759,10964.43,2026-07-15 14:43:00,-0.21401278373695204,0
TX009760,22922.28,2026-06-27 01:41:00,0.5390152540631044,0
TX009761,4855.51,2026-01-21 18:06:00,-0.5987130468007571,0
TX009762,5391.56,2026-05-23 21:41:00,-0.5649560855023029,0
TX009763,1200.17,2026-07-30 03:53:00,-0.8289027136465578,0
TX009764,16713.88,2026-01-11 02:22:00,0.14805038413432375,0
TX009765,4860.76,2026-06-16 00:34:00,-0.5983824357629492,0
TX009766,7480.01,2026-07-27 10:14:00,-0.43343901466235024,0
TX009767,10834.73,2026-02-09 01:34:00,-0.22218045070908063,0
TX009768,9312.04,2026-01-16 19:06:00,-0.31806961664424177,0
TX009769,13474.04,2026-05-10 19:53:00,-0.05597378057640058,0
TX009770,6872.68,2026-07-07 00:17:00,-0.4716847292512695,0
TX009771,10182.03,2026-04-23 08:15:00,-0.2632832743999695,0
TX009772,6588.31,2026-03-11 22:14:00,-0.4895925122648716,0
TX009773,4360.94,2026-07-25 06:03:00,-0.6298578660328743,0
TX009774,48539.4,2026-07-23 03:38:00,2.1522157547959773,0
TX009775,3018.54,2026-04-18 04:36:00,-0.71439353406206,0
TX009776,9314.15,2026-02-18 21:54:00,-0.31793674249380866,0
TX009777,1905.79,2026-02-01 23:39:00,-0.784467330694566,0
TX009778,3731.33,2026-01-25 18:22:00,-0.6695066308927191,0
TX009779,10804.47,2026-06-27 09:11:00,-0.22408602975747394,0
TX009780,4637.6,2026-02-26 04:23:00,-0.6124356089433671,0
TX009781,5916.75,2026-03-29 21:31:00,-0.5318830167506283,0
TX009782,2686.17,2026-05-10 05:22:00,-0.7353240465641907,0
TX009783,11281.13,2026-06-09 06:22:00,-0.19406906646576388,0
TX009784,27968.57,2026-06-28 17:51:00,0.8567979538686754,0
TX009785,338.2,2026-04-13 11:30:00,-0.8831840081721217,0
TX009786,3361.94,2026-06-05 21:46:00,-0.6927684235128776,0
TX009787,14439.65,2026-04-21 21:35:00,0.00483409070314479,0
TX009788,21616.61,2026-08-22 13:57:00,0.4567926038279535,0
TX009789,20760.32,2026-06-23 11:24:00,0.40286899895853207,0
TX009790,18018.95,2026-02-20 07:16:00,0.23023525025086808,0
TX009791,3200.39,2026-02-13 23:00:00,-0.702941797447707,0
TX009792,13959.61,2026-02-22 07:15:00,-0.02539572312338242,0
TX009793,8729.72,2026-07-01 08:51:00,-0.3547403632225757,0
TX009794,4701.05,2026-01-20 01:43:00,-0.6084399384007183,0
TX009795,7049.22,2026-03-11 03:41:00,-0.46056738208658504,0
TX009796,17823.94,2026-07-16 08:13:00,0.21795478196841006,0
TX009797,27202.9,2026-03-03 12:15:00,0.8085810103794723,0
TX009798,1792.48,2026-04-09 08:40:00,-0.791602861493424,0
TX009799,3585.39,2026-02-06 10:45:00,-0.6786969880084665,0
TX009800,10514.93,2026-03-24 01:02:00,-0.24231938592640292,0
TX009801,3662.71,2026-01-30 20:21:00,-0.6738278745906948,0
TX009802,5522.93,2026-07-07 07:51:00,-0.5566832527333859,0
TX009803,10897.5,2026-07-24 12:04:00,-0.21822760216751924,0
TX009804,7255.77,2026-06-16 19:06:00,-0.44756019925626006,0
TX009805,9006.4,2026-06-07 10:26:00,-0.33731684666244827,0
TX009806,14385.1,2026-01-03 00:59:00,0.0013988845864940098,0
TX009807,13153.93,2026-01-28 10:40:00,-0.07613223758833638,0
TX009808,6386.89,2026-02-15 10:35:00,-0.5022766408811101,0
TX009809,11536.76,2026-04-19 01:42:00,-0.17797114273341827,0
TX009810,1903.42,2026-06-07 01:21:00,-0.7846165779630621,0
TX009811,3586.53,2026-06-06 04:41:00,-0.6786251981831138,0
TX009812,5140.51,2026-08-08 09:53:00,-0.580765590462618,0
TX009813,25866.53,2026-07-09 11:17:00,0.724425072742283,0
TX009814,9706.89,2026-04-21 16:26:00,-0.29320451792454294,0
TX009815,3239.54,2026-08-13 11:40:00,-0.7004763837086257,0
TX009816,9219.67,2026-05-23 21:01:00,-0.32388648170372925,0
TX009817,7702.28,2026-02-08 20:32:00,-0.41944188792453213,0
TX009818,2410.62,2026-04-09 04:13:00,-0.7526764030342756,0
TX009819,18856.65,2026-05-19 13:52:00,0.28298817717879476,0
TX009820,7928.76,2026-02-09 07:06:00,-0.4051796426211576,0
TX009821,6847.62,2026-06-12 03:44:00,-0.4732628459384055,0
TX009822,21093.99,2026-03-09 13:40:00,0.42388137705097734,0
TX009823,6378.45,2026-05-27 00:53:00,-0.502808137482843,0
TX009824,1548.44,2026-03-02 07:50:00,-0.8069709220013519,0
TX009825,9312.2,2026-03-07 02:53:00,-0.31805954087928,0
TX009826,14668.96,2026-01-26 00:47:00,0.019274551099280432,0
TX009827,5804.39,2026-01-03 23:01:00,-0.5389587226950259,0
TX009828,18286.81,2026-02-28 20:04:00,0.24710334026747838,0
TX009829,6214.58,2026-02-06 16:14:00,-0.5131276100096179,0
TX009830,6689.76,2026-03-12 09:40:00,-0.48320384754380424,0
TX009831,12591.1,2026-02-15 09:34:00,-0.11157563004726552,0
TX009832,7883.0,2026-02-16 13:17:00,-0.4080613114002216,0
TX009833,10399.99,2026-01-12 08:39:00,-0.24955756358080894,0
TX009834,11702.3,2026-03-04 07:59:00,-0.16754650440985502,0
TX009835,37415.4,2026-04-02 19:23:00,1.4516981958294548,0
TX009836,2905.66,2026-02-27 19:34:00,-0.7215019862425832,0
TX009837,5146.48,2026-08-09 08:38:00,-0.5803896384824823,0
TX009838,4761.37,2026-04-14 21:29:00,-0.6046413750101339,0
TX009839,23633.07,2026-02-22 08:00:00,0.5837762101704232,0
TX009840,5570.89,2026-07-05 09:28:00,-0.5536630421860976,0
TX009841,7275.62,2026-03-24 23:51:00,-0.44631017466569145,0
TX009842,9561.9,2026-06-03 02:46:00,-0.30233505018582985,0
TX009843,27362.46,2026-01-05 00:43:00,0.8186290669875895,0
TX009844,4880.71,2026-08-04 12:46:00,-0.5971261138192795,0
TX009845,7805.38,2026-07-17 02:03:00,-0.4129493168772965,0
TX009846,10308.03,2026-02-17 20:05:00,-0.25534860949258176,0
TX009847,4971.35,2026-08-14 16:39:00,-0.5914181929684411,0
TX009848,4132.74,2026-01-18 12:52:00,-0.6442284258095878,0
TX009849,9682.94,2026-01-10 14:16:00,-0.2947127339922566,0
TX009850,5624.05,2026-01-16 13:45:00,-0.5503153692775521,0
TX009851,21173.55,2026-01-10 20:17:00,0.4288915511782135,0
TX009852,6180.43,2026-07-31 01:04:00,-0.5152781560936441,0
TX009853,1430.41,2026-03-26 23:46:00,-0.8144036878665819,0
TX009854,16637.43,2026-05-27 18:22:00,0.14323605768853168,0
TX009855,4539.32,2026-07-16 13:22:00,-0.6186246475711297,0
TX009856,2919.68,2026-08-11 21:41:00,-0.7206190973378087,0
TX009857,12017.58,2026-01-24 10:45:00,-0.14769220955270243,0
TX009858,3513.44,2026-06-01 23:38:00,-0.6832279335647089,0
TX009859,33604.97,2026-04-27 10:38:00,1.211741964059156,0
TX009860,2800.42,2026-05-01 08:30:00,-0.7281293206461823,0
TX009861,16088.23,2026-03-17 08:37:00,0.10865099445728262,0
TX009862,8857.82,2026-08-01 17:23:00,-0.34667345390006477,0
TX009863,8606.87,2026-06-06 02:32:00,-0.3624766615072787,0
TX009864,5995.57,2026-01-31 18:44:00,-0.5269194430363402,0
TX009865,10711.92,2026-02-25 15:47:00,-0.22991423005254324,0
TX009866,6367.57,2026-08-06 15:33:00,-0.503493289500243,0
TX009867,10170.27,2026-07-27 08:01:00,-0.2640238431246591,0
TX009868,5383.21,2026-01-07 08:46:00,-0.5654819144862449,0
TX009869,34963.92,2026-05-13 06:03:00,1.2973198440265736,0
TX009870,5405.27,2026-06-25 06:34:00,-0.5640927183921419,0
TX009871,1783.59,2026-06-26 01:29:00,-0.792162696184112,0
TX009872,10768.86,2026-03-28 22:18:00,-0.22632851719677607,0
TX009873,12211.48,2026-08-23 14:55:00,-0.13548164188966677,0
TX009874,53466.28,2026-04-10 02:45:00,2.4624787852635226,0
TX009875,31704.48,2026-08-17 16:28:00,1.0920613981080336,0
TX009876,19733.93,2026-05-02 20:47:00,0.33823359646413725,0
TX009877,17424.45,2026-08-29 15:00:00,0.1927974860648201,0
TX009878,11028.02,2026-02-11 12:52:00,-0.21000829689996162,0
TX009879,4552.52,2026-07-06 21:02:00,-0.6177933969617843,0
TX009880,3877.43,2026-08-09 13:43:00,-0.6603061980120098,0
TX009881,44168.62,2026-03-13 01:39:00,1.8769723049236564,0
TX009882,3819.26,2026-08-17 07:09:00,-0.6639693683109206,0
TX009883,19899.77,2026-05-19 22:42:00,0.34867712684700386,0
TX009884,11495.95,2026-08-29 02:34:00,-0.1805410925339777,0
TX009885,19350.78,2026-05-28 12:18:00,0.31410528805726706,0
TX009886,17059.77,2026-07-22 05:50:00,0.16983229877572345,0
TX009887,6430.1,2026-01-19 17:16:00,-0.49955555460612416,0
TX009888,22729.89,2026-04-17 18:12:00,0.5268997764318953,0
TX009889,5001.21,2026-07-08 19:00:00,-0.5895378033324522,0
TX009890,15080.0,2026-08-18 12:25:00,0.04515919128604777,0
TX009891,4798.23,2026-01-24 15:20:00,-0.602320170657068,0
TX009892,5054.21,2026-04-19 10:52:00,-0.5862002061888685,0
TX009893,6339.49,2026-05-19 15:57:00,-0.5052615862510322,0
TX009894,18318.47,2026-07-17 13:34:00,0.2490970822592871,0
TX009895,6707.63,2026-03-17 15:49:00,-0.4820785105446374,0
TX009896,5535.07,2026-04-24 22:10:00,-0.5559187540669123,0
TX009897,8303.38,2026-04-19 01:22:00,-0.3815884984338115,0
TX009898,11982.7,2026-07-05 12:47:00,-0.14988872631436653,0
TX009899,3681.57,2026-01-30 14:57:00,-0.6726401937958272,0
TX009900,45139.2,2026-03-11 01:12:00,1.9380931546523263,0
TX009901,15464.53,2026-07-03 05:14:00,0.06937440316571311,0
TX009902,16068.03,2026-03-23 02:37:00,0.1073789291308602,0
TX009903,4044.38,2026-08-02 17:35:00,-0.6497927670097211,0
TX009904,10069.32,2026-02-26 00:59:00,-0.270381021080221,0
TX009905,1915.54,2026-02-26 17:56:00,-0.7838533387672086,0
TX009906,4498.08,2026-03-06 17:30:00,-0.6212216759900239,0
TX009907,7589.81,2026-04-15 04:50:00,-0.42652452095734084,0
TX009908,35754.44,2026-04-02 09:01:00,1.3471016797614008,0
TX009909,15956.59,2026-02-26 10:50:00,0.10036115883499275,0
TX009910,7012.97,2026-03-06 12:19:00,-0.4628501725857343,0
TX009911,8531.38,2026-03-10 05:50:00,-0.36723053336330025,0
TX009912,3188.75,2026-01-17 19:49:00,-0.7036748093486751,0
TX009913,7943.07,2026-08-05 00:24:00,-0.40427849139239,0
TX009914,26636.0,2026-05-02 14:54:00,0.7728813156493282,0
TX009915,10437.63,2026-02-14 05:44:00,-0.2471872398735544,0
TX009916,15920.14,2026-04-08 01:28:00,0.09806577362964122,0
TX009917,9764.64,2026-08-26 04:38:00,-0.2895677965086568,0
TX009918,3852.72,2026-03-14 08:56:00,-0.6618622739632921,0
TX009919,3250.58,2026-03-22 10:53:00,-0.6997811559262641,0
TX009920,2502.34,2026-05-13 13:28:00,-0.7469004707699454,0
TX009921,13246.41,2026-01-04 22:21:00,-0.07030844544043781,0
TX009922,12092.97,2026-02-02 18:46:00,-0.14294463504978208,0
TX009923,3323.27,2026-06-25 23:41:00,-0.6952036099570735,0
TX009924,5777.6,2026-07-14 08:31:00,-0.540645783590811,0
TX009925,2649.13,2026-07-27 09:00:00,-0.7376565861528387,0
TX009926,6711.87,2026-08-31 13:41:00,-0.4818115027731507,0
TX009927,14221.16,2026-02-24 17:47:00,-0.008924996087451694,0
TX009928,10697.19,2026-08-07 05:21:00,-0.23084183016433546,0
TX009929,5951.82,2026-07-15 19:24:00,-0.529674535018072,0
TX009930,3742.46,2026-06-15 00:57:00,-0.6688057354925664,0
TX009931,13692.3,2026-01-24 01:55:00,-0.042229177697936715,0
TX009932,13860.18,2026-01-16 00:25:00,-0.031657181311807586,0
TX009933,8745.58,2026-08-27 03:35:00,-0.353741603020741,0
TX009934,21738.95,2026-02-09 10:56:00,0.464496785611841,0
TX009935,20275.86,2026-03-24 02:41:00,0.3723608421249362,0
TX009936,11906.69,2026-03-04 03:34:00,-0.15467534440651376,0
TX009937,862.58,2026-02-06 09:11:00,-0.8501619479805661,0
TX009938,6976.45,2026-07-15 22:05:00,-0.4651499659382566,0
TX009939,9937.08,2026-07-27 11:00:00,-0.2787086408211175,0
TX009940,22564.41,2026-08-13 10:58:00,0.5164789165201927,0
TX009941,12987.04,2026-05-23 09:12:00,-0.0866418901787645,0
TX009942,8485.7,2026-04-28 22:49:00,-0.37010716425988327,0
TX009943,4555.91,2026-02-25 08:43:00,-0.6175799166916569,0
TX009944,12033.6,2026-07-12 14:38:00,-0.14668337358590594,0
TX009945,3570.42,2026-03-11 07:58:00,-0.6796397017677014,0
TX009946,16156.11,2026-07-07 22:14:00,0.11292563774231033,0
TX009947,19034.15,2026-05-31 21:31:00,0.29416597893324975,0
TX009948,8497.72,2026-06-22 19:27:00,-0.369350222417131,0
TX009949,9817.6,2026-01-09 08:52:00,-0.28623271830631347,0
TX009950,1759.45,2026-02-06 22:40:00,-0.7936828772227177,0
TX009951,12384.79,2026-08-10 08:19:00,-0.12456769923014782,0
TX009952,3538.84,2026-06-16 14:46:00,-0.6816284058770292,0
TX009953,4462.55,2026-07-17 05:21:00,-0.6234591255468451,0
TX009954,2931.09,2026-01-25 19:11:00,-0.7199005693489731,0
TX009955,34309.99,2026-04-18 04:26:00,1.256139562892541,0
TX009956,49094.7,2026-08-12 07:54:00,2.187184956566393,0
TX009957,3250.64,2026-02-19 12:05:00,-0.6997773775144035,0
TX009958,54277.68,2026-05-02 19:05:00,2.51357550832586,0
TX009959,9330.04,2026-07-05 01:18:00,-0.31693609308604354,0
TX009960,5637.98,2026-06-25 13:55:00,-0.5494381479905688,0
TX009961,26458.8,2026-05-03 21:52:00,0.7617224059541764,0
TX009962,11319.68,2026-03-14 18:41:00,-0.19164143684528923,0
TX009963,3313.31,2026-05-27 08:54:00,-0.6958308263259433,0
TX009964,4251.12,2026-01-04 02:57:00,-0.636773619208504,0
TX009965,9274.91,2026-05-31 05:20:00,-0.32040782385068084,0
TX009966,5049.48,2026-07-16 19:03:00,-0.5864980709905506,0
TX009967,29886.66,2026-06-27 12:36:00,0.9775868539655916,0
TX009968,10543.22,2026-05-09 09:23:00,-0.24053786473410138,0
TX009969,12784.27,2026-03-11 09:32:00,-0.0994110330618679,0
TX009970,4710.26,2026-05-14 13:18:00,-0.6078599521801069,0
TX009971,11062.69,2026-01-06 05:00:00,-0.20782500457980976,0
TX009972,1294.36,2026-01-30 08:29:00,-0.8229712367606303,0
TX009973,8050.22,2026-08-04 01:28:00,-0.3975308775445598,0
TX009974,22641.3,2026-02-04 10:45:00,0.5213209513196296,0
TX009975,16568.93,2026-04-14 01:21:00,0.1389223708142772,0
TX009976,11189.13,2026-07-25 14:52:00,-0.1998626313187772,0
TX009977,4869.65,2026-02-11 10:27:00,-0.5978226010722614,0
TX009978,12311.24,2026-03-07 16:16:00,-0.129199402436008,0
TX009979,15558.71,2026-08-20 03:14:00,0.07530525031633034,0
TX009980,4642.52,2026-08-18 23:24:00,-0.612125779170793,0
TX009981,10888.6,2026-07-09 07:18:00,-0.21878806659351724,0
TX009982,19764.85,2026-02-21 04:27:00,0.3401807380429977,0
TX009983,11400.55,2026-08-02 16:15:00,-0.18654876739242857,0
TX009984,10336.74,2026-02-28 15:15:00,-0.2535406394172556,0
TX009985,1868.06,2026-01-15 22:20:00,-0.7868433220196116,0
TX009986,24193.29,2026-05-20 12:44:00,0.6190552417134136,0
TX009987,8257.5,2026-05-15 21:57:00,-0.3844777240365968,0
TX009988,17200.5,2026-04-09 00:09:00,0.17869456379490345,0
TX009989,4736.37,2026-07-17 23:30:00,-0.6062157132854092,0
TX009990,17231.96,2026-01-17 12:16:00,0.1806757110805099,0
TX009991,29651.61,2026-08-10 00:46:00,0.9627849255014528,0
TX009992,2534.95,2026-01-02 21:24:00,-0.7448469039236764,0
TX009993,7684.65,2026-08-05 08:38:00,-0.4205521112762563,0
TX009994,9931.47,2026-03-16 19:35:00,-0.27906192233008936,0
TX009995,14710.48,2026-05-22 06:00:00,0.021889212106857767,0
TX009996,2857.1,2026-04-13 17:10:00,-0.724559980908478,0
TX009997,13969.4,2026-02-16 14:03:00,-0.02477921225478465,0
TX009998,28368.99,2026-06-12 03:50:00,0.8820138151561058,0
TX009999,50022.48,2026-08-20 03:41:00,2.2456105391677923,0
TX010000,5591.16,2026-04-11 21:50:00,-0.5523865687125045,0
CHAIN0000_0,57475.6,2026-04-17 17:47:00,2.7149598226166023,0
CHAIN0000_1,58037.17,2026-04-17 17:52:00,2.7503238684264577,0
CHAIN0000_2,59689.68,2026-04-17 17:57:00,2.854388258157469,0
CHAIN0000_3,60196.15,2026-04-17 18:03:00,2.886282462408617,0
CHAIN0000_4,60777.63,2026-04-17 18:11:00,2.9229003112209018,0
CHAIN0001_0,46522.29,2026-01-27 09:13:00,2.0251912156583503,0
CHAIN0001_1,47702.52,2026-01-27 09:21:00,2.0995144661634795,0
CHAIN0001_2,46813.05,2026-01-27 09:25:00,2.043501399535113,0
CHAIN0001_3,48499.96,2026-01-27 09:33:00,2.1497320787329026,0
CHAIN0001_4,46463.39,2026-01-27 09:38:00,2.0214820746818014,0
CHAIN0002_0,19934.35,2026-05-20 09:47:00,0.3508547515493646,0
CHAIN0002_1,19561.61,2026-05-20 09:52:00,0.3273819976003193,0
CHAIN0002_2,19086.7,2026-05-20 09:59:00,0.2974752379878785,0
CHAIN0002_3,19713.03,2026-05-20 10:06:00,0.33691744966600695,0
CHAIN0002_4,19533.28,2026-05-20 10:12:00,0.3255979574667771,0
CHAIN0003_0,38521.4,2026-08-16 16:57:00,1.5213469211276367,0
CHAIN0003_1,38238.61,2026-08-16 17:01:00,1.5035386362930319,0
CHAIN0003_2,38222.24,2026-08-16 17:07:00,1.5025077595903815,0
CHAIN0003_3,38966.09,2026-08-16 17:13:00,1.5493506206329242,0
CHAIN0003_4,38047.33,2026-08-16 17:21:00,1.4914930592812452,0
CHAIN0004_0,59248.01,2026-01-01 06:20:00,2.826574738715834,0
CHAIN0004_1,61258.71,2026-01-01 06:24:00,2.9531956175196803,0
CHAIN0004_2,60929.76,2026-01-01 06:32:00,2.9324804744936075,0
CHAIN0004_3,59996.86,2026-01-01 06:37:00,2.8737324674134324,0
CHAIN0004_4,59802.7,2026-01-01 06:44:00,2.8615055266323335,0
CHAIN0005_0,81473.05,2026-05-21 21:56:00,4.226163984376867,1
CHAIN0005_1,81489.47,2026-05-21 22:02:00,4.2271980097560675,1
CHAIN0005_2,77278.89,2026-05-21 22:09:00,3.96204291955171,1
CHAIN0005_3,80276.88,2026-05-21 22:15:00,4.150836935787422,1
CHAIN0005_4,82205.75,2026-05-21 22:20:00,4.272304690548636,1
CHAIN0006_0,76051.51,2026-01-29 01:33:00,3.8847504670594115,1
CHAIN0006_1,71010.61,2026-01-29 01:37:00,3.56730719458599,1
CHAIN0006_2,75751.22,2026-01-29 01:45:00,3.8658401454321143,1
CHAIN0006_3,71276.97,2026-01-29 01:49:00,3.584080824306084,1
CHAIN0006_4,74138.41,2026-01-29 01:56:00,3.7642758048822405,1
CHAIN0007_0,81776.06,2026-02-19 22:18:00,4.245245594008513,1
CHAIN0007_1,77415.62,2026-02-19 22:22:00,3.970653290446846,1
CHAIN0007_2,81021.65,2026-02-19 22:30:00,4.197737732478494,1
CHAIN0007_3,83112.7,2026-02-19 22:35:00,4.329418534499076,1
CHAIN0007_4,83156.6,2026-02-19 22:41:00,4.3321830725104595,1
CHAIN0008_0,69429.22,2026-08-26 14:28:00,3.4677214823804823,1
CHAIN0008_1,67851.04,2026-08-26 14:35:00,3.3683379152095196,1
CHAIN0008_2,66340.85,2026-08-26 14:42:00,3.273235918411997,1
CHAIN0008_3,68034.08,2026-08-26 14:48:00,3.3798645903257762,1
CHAIN0008_4,67559.26,2026-08-26 14:54:00,3.349963498331126,1
CHAIN0009_0,31217.34,2026-03-13 20:37:00,1.0613844722113281,0
CHAIN0009_1,29168.42,2026-03-13 20:43:00,0.9323567450522408,0
CHAIN0009_2,31002.77,2026-03-13 20:50:00,1.047872241662295,0
CHAIN0009_3,29349.94,2026-03-13 20:57:00,0.9437877004013601,0
CHAIN0009_4,30776.49,2026-03-13 21:02:00,1.0336225910651227,0
CHAIN0010_0,50372.86,2026-05-30 22:13:00,2.2676752049634312,0
CHAIN0010_1,50148.88,2026-05-30 22:19:00,2.253570393487584,0
CHAIN0010_2,50489.7,2026-05-30 22:25:00,2.275033032326758,0
CHAIN0010_3,50570.64,2026-05-30 22:33:00,2.2801301099267897,0
CHAIN0010_4,51148.8,2026-05-30 22:39:00,2.316538886616118,0
CHAIN0011_0,49267.46,2026-07-18 15:03:00,2.198064263783856,0
CHAIN0011_1,46878.97,2026-07-18 15:07:00,2.0476526146993588,0
CHAIN0011_2,48280.75,2026-07-18 15:15:00,2.135927650999978,0
CHAIN0011_3,46560.97,2026-07-18 15:19:00,2.027627031837856,0
CHAIN0011_4,48401.69,2026-07-18 15:27:00,2.1435436698404504,0
CHAIN0012_0,77576.72,2026-07-09 03:07:00,3.980798326292721,1
CHAIN0012_1,74557.89,2026-07-09 03:13:00,3.7906919416707407,1
CHAIN0012_2,73985.67,2026-07-09 03:19:00,3.754657227755618,1
CHAIN0012_3,78189.96,2026-07-09 03:24:00,4.019416214449915,1
CHAIN0012_4,78436.54,2026-07-09 03:29:00,4.03494422772661,1
CHAIN0013_0,28075.46,2026-08-22 17:13:00,0.8635291945984427,0
CHAIN0013_1,27621.0,2026-08-22 17:18:00,0.8349102436951772,0
CHAIN0013_2,29158.19,2026-08-22 17:24:00,0.9317125258299981,0
CHAIN0013_3,28526.33,2026-08-22 17:31:00,0.8919220705253789,0
CHAIN0013_4,29458.26,2026-08-22 17:37:00,0.9506089932804731,0
CHAIN0014_0,52101.34,2026-06-26 21:31:00,2.376523693845349,0
CHAIN0014_1,50163.51,2026-06-26 21:36:00,2.2544916962462755,0
CHAIN0014_2,51883.08,2026-06-26 21:41:00,2.3627790909668853,0
CHAIN0014_3,49069.52,2026-06-26 21:47:00,2.1855992830555357,0
CHAIN0014_4,49436.68,2026-06-26 21:55:00,2.2087206447015397,0
CHAIN0015_0,50303.31,2026-02-13 05:33:00,2.263295395881615,0
CHAIN0015_1,51416.8,2026-02-13 05:37:00,2.33341579292707,0
CHAIN0015_2,50225.83,2026-02-13 05:45:00,2.258416206698882,0
CHAIN0015_3,49928.4,2026-02-13 05:50:00,2.239685989370276,0
CHAIN0015_4,50652.64,2026-02-13 05:56:00,2.285293939469693,0
CHAIN0016_0,48412.36,2026-07-26 09:40:00,2.1442155974163377,0
CHAIN0016_1,51159.83,2026-07-26 09:45:00,2.317233484663169,0
CHAIN0016_2,50103.3,2026-07-26 09:51:00,2.2507000599441023,0
CHAIN0016_3,50763.22,2026-07-26 09:56:00,2.292257552528891,0
CHAIN0016_4,49130.69,2026-07-26 10:04:00,2.1894513739474797,0
CHAIN0017_0,66005.38,2026-05-19 00:14:00,3.2521101879637317,1
CHAIN0017_1,65846.32,2026-05-19 00:21:00,3.2420936181211197,1
CHAIN0017_2,67104.01,2026-05-19 00:26:00,3.3212947983383616,1
CHAIN0017_3,70630.83,2026-05-19 00:33:00,3.543391106978627,1
CHAIN0017_4,66680.78,2026-05-19 00:39:00,3.29464251080857,1
CHAIN0018_0,67980.49,2026-03-04 16:22:00,3.376489838798896,1
CHAIN0018_1,65386.92,2026-03-04 16:28:00,3.2131635779746595,1
CHAIN0018_2,66475.55,2026-03-04 16:36:00,3.28171845303918,1
CHAIN0018_3,67303.05,2026-03-04 16:42:00,3.3338290499507943,1
CHAIN0018_4,68421.29,2026-03-04 16:46:00,3.40424857126855,1
CHAIN0019_0,22147.85,2026-03-17 07:40:00,0.4902466624422446,0
CHAIN0019_1,23318.92,2026-03-17 07:44:00,0.563993075403313,0
CHAIN0019_2,23233.47,2026-03-17 07:50:00,0.558611987178422,0
CHAIN0019_3,22434.15,2026-03-17 07:56:00,0.5082759843706981,0
CHAIN0019_4,22318.66,2026-03-17 08:03:00,0.501003171274236,0
CHAIN0020_0,60445.68,2026-08-19 16:01:00,2.9019962476017955,0
CHAIN0020_1,59940.43,2026-08-19 16:09:00,2.8701788710584806,0
CHAIN0020_2,61403.9,2026-08-19 16:15:00,2.9623387444871696,0
CHAIN0020_3,59066.6,2026-08-19 16:21:00,2.815150710455126,0
CHAIN0020_4,57936.42,2026-08-19 16:27:00,2.743979285177098,0
CHAIN0021_0,38443.61,2026-02-10 20:35:00,1.5164482101502899,0
CHAIN0021_1,38717.06,2026-02-10 20:42:00,1.5336683222052514,0
CHAIN0021_2,38292.89,2026-02-10 20:48:00,1.5069568395563098,0
CHAIN0021_3,39877.59,2026-02-10 20:54:00,1.6067509941494638,0
CHAIN0021_4,39740.96,2026-02-10 20:59:00,1.598146920607429,0
CHAIN0022_0,24305.38,2026-02-07 03:21:00,0.6261139448044383,0
CHAIN0022_1,23072.47,2026-02-07 03:27:00,0.5484732486856487,0
CHAIN0022_2,24612.45,2026-02-07 03:31:00,0.6454512269719904,0
CHAIN0022_3,24345.19,2026-02-07 03:38:00,0.6286209210739866,0
CHAIN0022_4,23166.91,2026-02-07 03:44:00,0.5544204689543288,0
CHAIN0023_0,64726.16,2026-03-13 04:15:00,3.171553187623822,1
CHAIN0023_1,61634.47,2026-03-13 04:20:00,2.9768585515323793,0
CHAIN0023_2,61814.91,2026-03-13 04:27:00,2.988221495468007,0
CHAIN0023_3,64220.88,2026-03-13 04:33:00,3.1397339218745763,1
CHAIN0023_4,62174.26,2026-03-13 04:39:00,3.010851033836815,1
CHAIN0024_0,18140.39,2026-04-11 15:40:00,0.23788275585684557,0
CHAIN0024_1,18045.15,2026-04-11 15:45:00,0.2318851567633567,0
CHAIN0024_2,18716.7,2026-04-11 15:52:00,0.27417503151380324,0
CHAIN0024_3,18526.58,2026-04-11 15:58:00,0.2622025037979893,0
CHAIN0024_4,18657.55,2026-04-11 16:04:00,0.27045014715450166,0
CHAIN0025_0,68180.38,2026-05-13 01:06:00,3.3890776179126876,1
CHAIN0025_1,70985.77,2026-05-13 01:10:00,3.565742932075677,1
CHAIN0025_2,69819.3,2026-05-13 01:17:00,3.492286197357259,1
CHAIN0025_3,66588.32,2026-05-13 01:22:00,3.2888199781312926,1
CHAIN0025_4,67107.77,2026-05-13 01:29:00,3.3215315788149637,1
CHAIN0026_0,63587.17,2026-06-04 04:14:00,3.0998269655375865,1
CHAIN0026_1,62609.03,2026-06-04 04:20:00,3.038230035914473,1
CHAIN0026_2,65032.25,2026-06-04 04:28:00,3.190828755730983,1
CHAIN0026_3,62407.7,2026-06-04 04:33:00,3.0255515749160256,1
CHAIN0026_4,66119.17,2026-06-04 04:38:00,3.2592759460574747,1
CHAIN0027_0,24911.42,2026-05-16 05:58:00,0.6642784235383532,0
CHAIN0027_1,24617.49,2026-05-16 06:03:00,0.645768613568286,0
CHAIN0027_2,24385.87,2026-05-16 06:10:00,0.6311826843155147,0
CHAIN0027_3,25070.54,2026-05-16 06:16:00,0.6742987717928259,0
CHAIN0027_4,24348.22,2026-05-16 06:21:00,0.6288117308729502,0
CHAIN0028_0,29375.7,2026-05-07 03:51:00,0.9454098985602039,0
CHAIN0028_1,27901.28,2026-05-07 03:57:00,0.8525604649669442,0
CHAIN0028_2,28028.14,2026-05-07 04:04:00,0.8605492871110015,0
CHAIN0028_3,28275.89,2026-05-07 04:11:00,0.8761509794189802,0
CHAIN0028_4,29228.71,2026-05-07 04:16:00,0.9361534192368948,0
CHAIN0029_0,75585.29,2026-03-26 11:45:00,3.8553909474314563,1
CHAIN0029_1,72658.95,2026-03-26 11:51:00,3.671108984692685,1
CHAIN0029_2,71783.55,2026-03-26 11:55:00,3.6159819556456436,1
CHAIN0029_3,73362.84,2026-03-26 12:03:00,3.715435423436028,1
CHAIN0029_4,74680.71,2026-03-26 12:07:00,3.798426350749514,1
CHAIN0030_0,22725.81,2026-08-22 13:56:00,0.5266428444253706,0
CHAIN0030_1,23351.41,2026-08-22 14:00:00,0.5660390854258609,0
CHAIN0030_2,23761.73,2026-08-22 14:08:00,0.5918783846703003,0
CHAIN0030_3,22595.17,2026-08-22 14:12:00,0.5184159823340915,0
CHAIN0030_4,23850.94,2026-08-22 14:18:00,0.5974962533717928,0
CHAIN0031_0,81098.45,2026-07-01 11:34:00,4.20257409966014,1
CHAIN0031_1,80628.24,2026-07-01 11:40:00,4.172963315643452,1
CHAIN0031_2,80688.05,2026-07-01 11:46:00,4.1767297625332205,1
CHAIN0031_3,81775.08,2026-07-01 11:53:00,4.245183879948123,1
CHAIN0031_4,79798.85,2026-07-01 11:59:00,4.120733698758226,1
CHAIN0032_0,25262.2,2026-08-02 08:19:00,0.6863682787463968,0
CHAIN0032_1,25422.16,2026-08-02 08:25:00,0.6964415247669187,0
CHAIN0032_2,24867.05,2026-08-02 08:31:00,0.6614842879673946,0
CHAIN0032_3,24399.6,2026-08-02 08:35:00,0.6320473108962958,0
CHAIN0032_4,25483.52,2026-08-02 08:43:00,0.7003055806297546,0
CHAIN0033_0,17132.25,2026-03-14 14:01:00,0.17439662030340172,0
CHAIN0033_1,17436.02,2026-03-14 14:06:00,0.19352608981861755,0
CHAIN0033_2,17544.42,2026-03-14 14:13:00,0.20035242058021135,0
CHAIN0033_3,17597.67,2026-03-14 14:18:00,0.20370576110654784,0
CHAIN0033_4,17104.09,2026-03-14 14:24:00,0.17262328567013158,0
CHAIN0034_0,42920.02,2026-06-25 23:11:00,1.7983435541033037,0
CHAIN0034_1,42396.91,2026-06-25 23:18:00,1.7654014702961325,0
CHAIN0034_2,43155.08,2026-06-25 23:25:00,1.813146112302753,0
CHAIN0034_3,44578.78,2026-06-25 23:29:00,1.9028015284031339,0
CHAIN0034_4,43457.66,2026-06-25 23:35:00,1.8322006433160658,0
CHAIN0035_0,47053.48,2026-07-04 11:53:00,2.058642125596091,0
CHAIN0035_1,47429.93,2026-07-04 11:58:00,2.082348511345187,0
CHAIN0035_2,46195.53,2026-07-04 12:05:00,2.004613984665191,0
CHAIN0035_3,45846.19,2026-07-04 12:10:00,1.9826148113418036,0
CHAIN0035_4,47241.76,2026-07-04 12:16:00,2.0704987820148446,0
CHAIN0036_0,71992.95,2026-07-26 04:38:00,3.6291686130393495,1
CHAIN0036_1,71930.56,2026-07-26 04:43:00,3.6252396944395726,1
CHAIN0036_2,75446.98,2026-07-26 04:50:00,3.846681078357323,1
CHAIN0036_3,75241.42,2026-07-26 04:55:00,3.833736239322699,1
CHAIN0036_4,73083.99,2026-07-26 05:02:00,3.6978752543136073,1
CHAIN0037_0,69276.51,2026-05-02 14:52:00,3.45810479445979,1
CHAIN0037_1,69836.8,2026-05-02 14:58:00,3.493388234149952,1
CHAIN0037_2,70642.17,2026-05-02 15:03:00,3.544105226820292,1
CHAIN0037_3,74355.92,2026-05-02 15:11:00,3.777973177612446,1
CHAIN0037_4,71704.07,2026-05-02 15:16:00,3.6109768194008884,1
CHAIN0038_0,68441.39,2026-04-27 11:44:00,3.405514339241872,1
CHAIN0038_1,72405.14,2026-04-27 11:50:00,3.6551256727867796,1
CHAIN0038_2,71217.17,2026-04-27 11:55:00,3.580315007151625,1
CHAIN0038_3,70741.88,2026-04-27 12:03:00,3.5503843175974006,1
CHAIN0038_4,68370.06,2026-04-27 12:09:00,3.4010224372748565,1
CHAIN0039_0,57425.5,2026-07-15 13:39:00,2.7118048487129505,0
CHAIN0039_1,56733.75,2026-07-15 13:43:00,2.6682429086360817,0
CHAIN0039_2,54618.76,2026-07-15 13:51:00,2.5350545202830967,0
CHAIN0039_3,54639.48,2026-07-15 13:57:00,2.5363593318456448,0
CHAIN0039_4,54550.73,2026-07-15 14:03:00,2.5307704309684174,0
CHAIN0040_0,28408.95,2026-08-08 15:38:00,0.8845302374553059,0
CHAIN0040_1,26925.89,2026-08-08 15:45:00,0.7911367125541111,0
CHAIN0040_2,27948.77,2026-08-08 15:51:00,0.8555510779546573,0
CHAIN0040_3,28762.96,2026-08-08 15:56:00,0.906823497168515,0
CHAIN0040_4,27946.78,2026-08-08 16:01:00,0.8554257606279453,0
CHAIN0041_0,35670.62,2026-04-03 17:35:00,1.3418232383920576,0
CHAIN0041_1,37575.91,2026-04-03 17:40:00,1.461806077292033,0
CHAIN0041_2,35298.36,2026-04-03 17:47:00,1.3183807117378974,0
CHAIN0041_3,35637.23,2026-04-03 17:53:00,1.3397205521915998,0
CHAIN0041_4,37069.89,2026-04-03 17:57:00,1.4299402111298392,0
CHAIN0042_0,16688.29,2026-06-02 17:39:00,0.1464388914757519,0
CHAIN0042_1,16741.82,2026-06-02 17:44:00,0.14980986459077142,0
CHAIN0042_2,16734.43,2026-06-02 17:50:00,0.14934449019660007,0
CHAIN0042_3,16984.41,2026-06-02 17:57:00,0.16508661347873338,0
CHAIN0042_4,16430.83,2026-06-02 18:02:00,0.13022572618165623,0
CHAIN0043_0,78524.56,2026-02-12 20:32:00,4.040487157926201,1
CHAIN0043_1,81464.89,2026-02-12 20:38:00,4.225650120363817,1
CHAIN0043_2,78669.56,2026-02-12 20:43:00,4.049618319922797,1
CHAIN0043_3,77654.73,2026-02-12 20:48:00,3.9857108914468897,1
CHAIN0043_4,79231.32,2026-02-12 20:56:00,4.0849943307035455,1
CHAIN0044_0,67674.69,2026-06-26 10:07:00,3.3572325330157278,1
CHAIN0044_1,65902.42,2026-06-26 10:14:00,3.245626433210837,1
CHAIN0044_2,70138.51,2026-06-26 10:19:00,3.5123879781912843,1
CHAIN0044_3,67330.8,2026-06-26 10:25:00,3.33557656543635,1
CHAIN0044_4,66216.94,2026-06-26 10:32:00,3.265432868184422,1
CHAIN0045_0,81350.45,2026-02-23 02:43:00,4.218443429474916,1
CHAIN0045_1,79180.66,2026-02-23 02:47:00,4.081804091622527,1
CHAIN0045_2,81224.72,2026-02-23 02:53:00,4.210525767420902,1
CHAIN0045_3,76793.8,2026-02-23 03:01:00,3.931495089393578,1
CHAIN0045_4,81799.98,2026-02-23 03:06:00,4.246751920870297,1
CHAIN0046_0,35098.87,2026-07-25 09:24:00,1.3058181220365102,0
CHAIN0046_1,36856.81,2026-07-25 09:31:00,1.4165218111420121,0
CHAIN0046_2,36626.94,2026-07-25 09:36:00,1.4020460855685106,0
CHAIN0046_3,35214.11,2026-07-25 09:42:00,1.3130751917502193,0
CHAIN0046_4,35466.93,2026-07-25 09:47:00,1.3289961598604239,0
CHAIN0047_0,37366.95,2026-05-30 02:34:00,1.448647128251971,0
CHAIN0047_1,35369.88,2026-05-30 02:39:00,1.3228845786758048,0
CHAIN0047_2,35452.33,2026-05-30 02:45:00,1.3280767463076633,0
CHAIN0047_3,36264.28,2026-05-30 02:50:00,1.3792081048120561,0
CHAIN0047_4,35964.47,2026-05-30 02:58:00,1.360328010479644,0
CHAIN0048_0,23914.52,2026-08-10 14:07:00,0.6015001104734732,0
CHAIN0048_1,22630.95,2026-08-10 14:13:00,0.5206691752736657,0
CHAIN0048_2,22508.67,2026-08-10 14:20:00,0.5129687719016387,0
CHAIN0048_3,24125.52,2026-08-10 14:26:00,0.6147875255167972,0
CHAIN0048_4,23817.24,2026-08-10 14:31:00,0.5953740453767218,0
CHAIN0049_0,31326.86,2026-07-03 03:02:00,1.0682813333276544,0
CHAIN0049_1,32325.31,2026-07-03 03:07:00,1.1311572553656017,0
CHAIN0049_2,32848.19,2026-07-03 03:15:00,1.1640848552606406,0
CHAIN0049_3,32269.0,2026-07-03 03:20:00,1.1276112158343712,0
CHAIN0049_4,31735.15,2026-07-03 03:27:00,1.0939927963041414,0
CHAIN0050_0,60594.25,2026-02-08 05:35:00,2.911352225104102,0
CHAIN0050_1,59136.41,2026-02-08 05:41:00,2.8195468926550054,0
CHAIN0050_2,62556.19,2026-02-08 05:46:00,3.0349025145358515,1
CHAIN0050_3,60581.68,2026-02-08 05:51:00,2.9105606478192936,0
CHAIN0050_4,61752.71,2026-02-08 05:57:00,2.9843045418391214,0
CHAIN0051_0,41678.31,2026-08-22 04:50:00,1.7201486909116173,0
CHAIN0051_1,39062.75,2026-08-22 04:55:00,1.5554376421404492,0
CHAIN0051_2,41219.5,2026-08-22 05:02:00,1.691255805148454,0
CHAIN0051_3,39122.54,2026-08-22 05:06:00,1.5592028295595977,0
CHAIN0051_4,41767.65,2026-08-22 05:14:00,1.7257747461721415,0
CHAIN0052_0,24770.18,2026-03-19 11:05:00,0.6553840420183576,0
CHAIN0052_1,23842.75,2026-03-19 11:11:00,0.5969805001528127,0
CHAIN0052_2,24287.58,2026-03-19 11:17:00,0.6249930159524423,0
CHAIN0052_3,24785.78,2026-03-19 11:23:00,0.6563664291021294,0
CHAIN0052_4,23556.71,2026-03-19 11:28:00,0.5789675513424222,0
CHAIN0053_0,70543.49,2026-05-28 08:36:00,3.5378909987801253,1
CHAIN0053_1,73407.45,2026-05-28 08:42:00,3.7182446726544294,1
CHAIN0053_2,75439.88,2026-05-28 08:50:00,3.846233966287145,1
CHAIN0053_3,71798.54,2026-05-28 08:54:00,3.616925928875498,1
CHAIN0053_4,74338.17,2026-05-28 09:00:00,3.7768553974370005,1
CHAIN0054_0,56984.86,2026-08-20 23:51:00,2.6840561920082573,0
CHAIN0054_1,58878.43,2026-08-20 23:58:00,2.8033009811247833,0
CHAIN0054_2,59499.4,2026-08-21 00:02:00,2.842405654676693,0
CHAIN0054_3,59267.43,2026-08-21 00:10:00,2.827797684688068,0
CHAIN0054_4,59553.18,2026-08-21 00:14:00,2.8457923711744653,0
CHAIN0055_0,54925.95,2026-06-08 19:34:00,2.55439935927437,0
CHAIN0055_1,52816.87,2026-06-08 19:38:00,2.4215831444896603,0
CHAIN0055_2,54161.56,2026-06-08 19:45:00,2.5062630219048607,0
CHAIN0055_3,54316.65,2026-06-08 19:51:00,2.516029586829359,0
CHAIN0055_4,54892.93,2026-06-08 19:57:00,2.5523199732803863,0
CHAIN0056_0,70422.01,2026-08-09 16:29:00,3.530240974232907,1
CHAIN0056_1,71714.69,2026-08-09 16:36:00,3.611645598300225,1
CHAIN0056_2,67579.07,2026-08-09 16:43:00,3.351211003980455,1
CHAIN0056_3,69351.2,2026-08-09 16:48:00,3.462808287491003,1
CHAIN0056_4,70712.28,2026-08-09 16:54:00,3.548520301079474,1
CHAIN0057_0,67457.4,2026-03-21 06:23:00,3.3435490144623436,1
CHAIN0057_1,64276.85,2026-03-21 06:29:00,3.143258550405263,1
CHAIN0057_2,65100.58,2026-03-21 06:36:00,3.195131737104966,1
CHAIN0057_3,68248.37,2026-03-21 06:41:00,3.393359188286126,1
CHAIN0057_4,65674.54,2026-03-21 06:47:00,3.231276024964047,1
CHAIN0058_0,50845.31,2026-03-27 01:16:00,2.2974270496895848,0
CHAIN0058_1,49377.87,2026-03-27 01:22:00,2.2050171713427824,0
CHAIN0058_2,51531.91,2026-03-27 01:26:00,2.3406646760817473,0
CHAIN0058_3,51947.89,2026-03-27 01:32:00,2.366860405511709,0
CHAIN0058_4,49513.02,2026-03-27 01:38:00,2.2135280440589207,0
CHAIN0059_0,26498.67,2026-03-05 17:07:00,0.7642331606355854,0
CHAIN0059_1,25282.68,2026-03-05 17:12:00,0.6876579766615024,0
CHAIN0059_2,25847.56,2026-03-05 17:18:00,0.7232304648590042,0
CHAIN0059_3,25948.3,2026-03-05 17:25:00,0.7295744183730537,0
CHAIN0059_4,25901.23,2026-03-05 17:31:00,0.7266102542683652,0
CHAIN0060_0,36483.08,2026-04-09 22:21:00,1.3929867133972662,0
CHAIN0060_1,38800.72,2026-04-09 22:27:00,1.538936687809633,0
CHAIN0060_2,36438.52,2026-04-09 22:33:00,1.390180612855415,0
CHAIN0060_3,37429.81,2026-04-09 22:41:00,1.4526056444113233,0
CHAIN0060_4,37367.38,2026-04-09 22:46:00,1.4486742068703058,0
CHAIN0061_0,59371.87,2026-08-13 11:19:00,2.8343746402668586,0
CHAIN0061_1,59239.75,2026-08-13 11:25:00,2.8260545773496832,0
CHAIN0061_2,60549.74,2026-08-13 11:32:00,2.9085492732388016,0
CHAIN0061_3,61142.15,2026-08-13 11:36:00,2.9458554227450366,0
CHAIN0061_4,62919.13,2026-08-13 11:42:00,3.0577581278809887,1
CHAIN0062_0,39887.26,2026-01-20 17:47:00,1.6073599481943406,0
CHAIN0062_1,40829.51,2026-01-20 17:53:00,1.6666967577894687,0
CHAIN0062_2,39483.81,2026-01-20 18:01:00,1.5819532771079465,0
CHAIN0062_3,38427.42,2026-01-20 18:05:00,1.5154286686832212,0
CHAIN0062_4,40285.69,2026-01-20 18:13:00,1.6324504921550589,0
CHAIN0063_0,50483.33,2026-01-28 00:38:00,2.2746318909342182,0
CHAIN0063_1,48577.33,2026-01-28 00:44:00,2.154604340827225,0
CHAIN0063_2,50626.12,2026-01-28 00:50:00,2.283623881427281,0
CHAIN0063_3,51049.37,2026-01-28 00:56:00,2.3102774284276926,0
CHAIN0063_4,48716.52,2026-01-28 01:02:00,2.1633696266086475,0
CHAIN0064_0,39250.43,2026-04-04 08:21:00,1.5672565144405963,0
CHAIN0064_1,39103.53,2026-04-04 08:27:00,1.5580057027350782,0
CHAIN0064_2,39899.11,2026-04-04 08:34:00,1.608106184536821,0
CHAIN0064_3,41011.29,2026-04-04 08:40:00,1.6781440862566508,0
CHAIN0064_4,40403.39,2026-04-04 08:45:00,1.6398624767550551,0
CHAIN0065_0,74375.03,2026-06-01 07:32:00,3.7791766017900663,1
CHAIN0065_1,77544.09,2026-06-01 07:38:00,3.978743499975831,1
CHAIN0065_2,77184.62,2026-06-01 07:46:00,3.9561064047833017,1
CHAIN0065_3,74759.65,2026-06-01 07:50:00,3.8033974812875226,1
CHAIN0065_4,77021.36,2026-06-01 07:57:00,3.945825346110444,1
CHAIN0066_0,67609.04,2026-06-17 16:36:00,3.353098320704854,1
CHAIN0066_1,63733.65,2026-06-17 16:41:00,3.10905132836008,1
CHAIN0066_2,67666.63,2026-06-17 16:48:00,3.356724966355779,1
CHAIN0066_3,64949.75,2026-06-17 16:53:00,3.1856334394225745,1
CHAIN0066_4,64642.32,2026-06-17 16:58:00,3.1662734867838584,1
CHAIN0067_0,41815.85,2026-07-04 12:50:00,1.7288100703668723,0
CHAIN0067_1,40849.12,2026-07-04 12:57:00,1.6679316687325947,0
CHAIN0067_2,41076.22,2026-07-04 13:04:00,1.682232957625196,0
CHAIN0067_3,41082.9,2026-07-04 13:08:00,1.6826536208123495,0
CHAIN0067_4,41220.39,2026-07-04 13:14:00,1.691311851591054,0
CHAIN0068_0,70010.22,2026-04-26 02:46:00,3.5043091038978815,1
CHAIN0068_1,70797.54,2026-04-26 02:51:00,3.553889424333473,1
CHAIN0068_2,71297.87,2026-04-26 02:57:00,3.5853969711042137,1
CHAIN0068_3,70334.98,2026-04-26 03:03:00,3.5247603878290183,1
CHAIN0068_4,68846.53,2026-04-26 03:10:00,3.4310274355956745,1
CHAIN0069_0,78832.46,2026-07-10 14:19:00,4.059876708124492,1
CHAIN0069_1,80544.38,2026-07-10 14:26:00,4.167682355332868,1
CHAIN0069_2,77545.51,2026-07-10 14:32:00,3.9788329223898664,1
CHAIN0069_3,76424.89,2026-07-10 14:37:00,3.908263524068304,1
CHAIN0069_4,78031.96,2026-07-10 14:42:00,4.009466396550176,1
CHAIN0070_0,55660.64,2026-06-16 17:42:00,2.600665382772852,0
CHAIN0070_1,57333.85,2026-06-16 17:48:00,2.7060333245957913,0
CHAIN0070_2,56958.89,2026-06-16 17:53:00,2.6824207694079014,0
CHAIN0070_3,56554.41,2026-06-16 17:59:00,2.6569492355845665,0
CHAIN0070_4,57191.12,2026-06-16 18:05:00,2.6970451125145893,0
CHAIN0071_0,25369.29,2026-03-25 02:32:00,0.6931121141823664,0
CHAIN0071_1,24899.99,2026-03-25 02:36:00,0.6635586360788974,0
CHAIN0071_2,25381.82,2026-03-25 02:44:00,0.6939011725259343,0
CHAIN0071_3,24126.45,2026-03-25 02:50:00,0.6148460909006375,0
CHAIN0071_4,23825.04,2026-03-25 02:54:00,0.5958652389186077,0
CHAIN0072_0,16038.59,2026-08-19 11:40:00,0.10552498837789591,0
CHAIN0072_1,15535.33,2026-08-19 11:46:00,0.07383292916129287,0
CHAIN0072_2,16346.97,2026-08-19 11:50:00,0.12494476587107242,0
CHAIN0072_3,16210.88,2026-08-19 11:57:00,0.11637469803578349,0
CHAIN0072_4,15831.33,2026-08-19 12:02:00,0.09247309434055309,0
CHAIN0073_0,64571.27,2026-08-27 01:26:00,3.1617992174055254,1
CHAIN0073_1,64210.43,2026-08-27 01:31:00,3.1390758484755112,1
CHAIN0073_2,61751.89,2026-08-27 01:36:00,2.9842529035436924,0
CHAIN0073_3,62434.06,2026-08-27 01:43:00,3.0272115571934757,1
CHAIN0073_4,60813.89,2026-08-27 01:50:00,2.9251837314553613,0
CHAIN0074_0,15320.5,2026-02-07 02:50:00,0.060304325494196696,0
CHAIN0074_1,14971.21,2026-02-07 02:56:00,0.03830830084735948,0
CHAIN0074_2,15474.25,2026-02-07 03:03:00,0.06998650588714013,0
CHAIN0074_3,15622.43,2026-02-07 03:09:00,0.07931792371235225,0
CHAIN0074_4,15928.51,2026-02-07 03:14:00,0.09859286208420347,0
CHAIN0075_0,63081.31,2026-06-13 03:10:00,3.0679711751403547,1
CHAIN0075_1,63265.26,2026-06-13 03:18:00,3.0795551561698313,1
CHAIN0075_2,65363.18,2026-06-13 03:22:00,3.211668586348458,1
CHAIN0075_3,65971.93,2026-06-13 03:28:00,3.2500037233514125,1
CHAIN0075_4,64320.15,2026-06-13 03:36:00,3.14598530429804,1
CHAIN0076_0,46738.84,2026-01-29 17:57:00,2.038828133798785,0
CHAIN0076_1,49072.87,2026-01-29 18:03:00,2.185810244384423,0
CHAIN0076_2,49382.42,2026-01-29 18:08:00,2.2053037009088823,0
CHAIN0076_3,47806.73,2026-01-29 18:14:00,2.1060769378301374,0
CHAIN0076_4,48783.69,2026-01-29 18:21:00,2.167599558686658,0
CHAIN0077_0,42495.6,2026-05-29 19:17:00,1.7716163280716093,0
CHAIN0077_1,43421.43,2026-05-29 19:22:00,1.8299191122875367,0
CHAIN0077_2,45216.16,2026-05-29 19:27:00,1.9429395975989343,0
CHAIN0077_3,44947.17,2026-05-29 19:33:00,1.9260003474922813,0
CHAIN0077_4,45333.96,2026-05-29 19:41:00,1.9503578795520315,0
CHAIN0078_0,34794.94,2026-06-21 12:54:00,1.2866785767563327,0
CHAIN0078_1,35349.66,2026-06-21 13:02:00,1.3216112538787625,0
CHAIN0078_2,33715.56,2026-06-21 13:08:00,1.2187062068536638,0
CHAIN0078_3,34356.93,2026-06-21 13:13:00,1.2590955404381983,0
CHAIN0078_4,34200.03,2026-06-21 13:20:00,1.24921499342257,0
CHAIN0079_0,79949.97,2026-03-12 01:11:00,4.130250258764611,1
CHAIN0079_1,79129.76,2026-03-12 01:17:00,4.078598738894066,1
CHAIN0079_2,82367.96,2026-03-12 01:22:00,4.282519627013933,1
CHAIN0079_3,82780.52,2026-03-12 01:28:00,4.3084999869678375,1
CHAIN0079_4,81678.54,2026-03-12 01:36:00,4.239104415264319,1
CHAIN0080_0,15285.96,2026-06-18 22:37:00,0.05812921973307621,0
CHAIN0080_1,15885.33,2026-06-18 22:41:00,0.09587366501514785,0
CHAIN0080_2,16039.36,2026-06-18 22:49:00,0.10557347799677441,0
CHAIN0080_3,15385.59,2026-06-18 22:53:00,0.06440327262770362,0
CHAIN0080_4,15590.64,2026-06-18 22:59:00,0.07731599516151204,0
CHAIN0081_0,65782.88,2026-04-14 20:01:00,3.238098577313781,1
CHAIN0081_1,63545.18,2026-04-14 20:06:00,3.0971827069704343,1
CHAIN0081_2,64481.23,2026-04-14 20:13:00,3.1561290806732942,1
CHAIN0081_3,63372.83,2026-04-14 20:19:00,3.086329218900686,1
CHAIN0081_4,63489.16,2026-04-14 20:24:00,3.0936549297631974,1
CHAIN0082_0,60261.11,2026-06-08 19:21:00,2.8903732229830927,0
CHAIN0082_1,63623.89,2026-06-08 19:27:00,3.102139353596311,1
CHAIN0082_2,59914.54,2026-06-08 19:33:00,2.8685484863406057,0
CHAIN0082_3,62083.43,2026-06-08 19:38:00,3.005131148015084,1
CHAIN0082_4,59647.32,2026-06-08 19:45:00,2.851720699383842,0
CHAIN0083_0,57525.21,2026-05-05 22:11:00,2.7180839394900587,0
CHAIN0083_1,59426.23,2026-05-05 22:19:00,2.8377978814126172,0
CHAIN0083_2,58396.93,2026-05-05 22:24:00,2.77297922594298,0
CHAIN0083_3,58711.88,2026-05-05 22:30:00,2.7928127395348987,0
CHAIN0083_4,56682.84,2026-05-05 22:35:00,2.6650369261723106,0
CHAIN0084_0,41351.6,2026-04-16 07:24:00,1.699574608595009,0
CHAIN0084_1,42834.77,2026-04-16 07:28:00,1.7929750605846149,0
CHAIN0084_2,41379.82,2026-04-16 07:35:00,1.70135172164014,0
CHAIN0084_3,41733.36,2026-04-16 07:42:00,1.7236153837937738,0
CHAIN0084_4,43175.01,2026-04-16 07:46:00,1.8144011747758026,0
CHAIN0085_0,59189.1,2026-04-13 06:33:00,2.8228649680039752,0
CHAIN0085_1,61165.37,2026-04-13 06:39:00,2.9473176681351125,0
CHAIN0085_2,58173.48,2026-04-13 06:47:00,2.758907790438569,0
CHAIN0085_3,59348.18,2026-04-13 06:51:00,2.8328827973172075,0
CHAIN0085_4,59921.28,2026-04-13 06:59:00,2.8689729279396197,0
CHAIN0086_0,16963.8,2026-07-18 22:17:00,0.16378872900459632,0
CHAIN0086_1,16777.28,2026-07-18 22:21:00,0.15204290600042192,0
CHAIN0086_2,15984.87,2026-07-18 22:27:00,0.10214205029198427,0
CHAIN0086_3,15834.37,2026-07-18 22:35:00,0.09266453387482662,0
CHAIN0086_4,16798.28,2026-07-18 22:40:00,0.15336535015165323,0
CHAIN0087_0,18380.89,2026-07-02 09:47:00,0.2530278900649945,0
CHAIN0087_1,19417.76,2026-07-02 09:51:00,0.31832325516438476,0
CHAIN0087_2,18815.45,2026-07-02 09:57:00,0.28039366770114094,0
CHAIN0087_3,18508.91,2026-07-02 10:03:00,0.26108976150502455,0
CHAIN0087_4,19191.41,2026-07-02 10:10:00,0.30406919642004177,0
CHAIN0088_0,52018.76,2026-03-13 04:57:00,2.3713233396544595,0
CHAIN0088_1,52061.68,2026-03-13 05:03:00,2.3740261636054525,0
CHAIN0088_2,50426.95,2026-03-13 05:09:00,2.2710814432558166,0
CHAIN0088_3,51595.37,2026-03-13 05:16:00,2.3446609763597066,0
CHAIN0088_4,50340.72,2026-03-13 05:21:00,2.2656512356767373,0
CHAIN0089_0,75801.94,2026-02-04 20:46:00,3.869034162924993,1
CHAIN0089_1,74551.33,2026-02-04 20:54:00,3.7902788353073085,1
CHAIN0089_2,74630.1,2026-02-04 20:58:00,3.7952392603450464,1
CHAIN0089_3,78430.79,2026-02-04 21:04:00,4.034582129923297,1
CHAIN0089_4,79355.04,2026-02-04 21:12:00,4.092785415960227,1
CHAIN0090_0,40087.72,2026-02-19 02:07:00,1.6199836222208084,0
CHAIN0090_1,40257.57,2026-02-19 02:14:00,1.6306796764630291,0
CHAIN0090_2,39661.92,2026-02-19 02:20:00,1.5931694927163185,0
CHAIN0090_3,38353.34,2026-02-19 02:24:00,1.5107635895059253,0
CHAIN0090_4,40437.7,2026-02-19 02:32:00,1.642023098604043,0
CHAIN0091_0,21967.78,2026-08-24 10:41:00,0.47890701871309127,0
CHAIN0091_1,22775.32,2026-08-24 10:48:00,0.5297606639457257,0
CHAIN0091_2,22203.81,2026-08-24 10:54:00,0.4937706612376211,0
CHAIN0091_3,22280.82,2026-08-24 11:00:00,0.4986202528607792,0
CHAIN0091_4,22100.94,2026-08-24 11:07:00,0.4872925741025179,0
CHAIN0092_0,41006.67,2026-05-06 15:44:00,1.6778531485433799,0
CHAIN0092_1,38864.42,2026-05-06 15:50:00,1.5429481017350346,0
CHAIN0092_2,41100.8,2026-05-06 15:54:00,1.683780847017447,0
CHAIN0092_3,41176.93,2026-05-06 16:02:00,1.688575021933315,0
CHAIN0092_4,40356.42,2026-05-06 16:06:00,1.6369046100034679,0
CHAIN0093_0,33391.16,2026-01-31 08:01:00,1.198277593393691,0
CHAIN0093_1,35766.77,2026-01-31 08:09:00,1.3478781433987663,0
CHAIN0093_2,33779.79,2026-01-31 08:14:00,1.2227509967505015,0
CHAIN0093_3,33520.56,2026-01-31 08:19:00,1.206426368306516,0
CHAIN0093_4,34021.17,2026-01-31 08:26:00,1.23795154766594,0
CHAIN0094_0,32824.32,2026-04-23 23:56:00,1.1625816770754076,0
CHAIN0094_1,32781.17,2026-04-24 00:01:00,1.1598643692122823,0
CHAIN0094_2,32077.5,2026-04-24 00:07:00,1.1155517846457619,0
CHAIN0094_3,32162.9,2026-04-24 00:14:00,1.1209297241941028,0
CHAIN0094_4,31408.62,2026-04-24 00:18:00,1.073430049223115,0
CHAIN0095_0,48512.85,2026-03-27 01:09:00,2.1505438075476344,0
CHAIN0095_1,46990.14,2026-03-27 01:13:00,2.0546533821418533,0
CHAIN0095_2,47094.15,2026-03-27 01:19:00,2.061203259102309,0
CHAIN0095_3,47744.48,2026-03-27 01:25:00,2.102156835524702,0
CHAIN0095_4,46186.94,2026-03-27 01:32:00,2.0040730420338067,0
CHAIN0096_0,71197.67,2026-03-18 18:09:00,3.57908702329691,1
CHAIN0096_1,69593.73,2026-03-18 18:15:00,3.478081257967104,1
CHAIN0096_2,70006.42,2026-03-18 18:21:00,3.50406980448004,1
CHAIN0096_3,70973.67,2026-03-18 18:27:00,3.564980952350443,1
CHAIN0096_4,70675.37,2026-03-18 18:35:00,3.5461959480498573,1
CHAIN0097_0,46949.95,2026-06-15 22:07:00,2.0521224759305206,0
CHAIN0097_1,48093.44,2026-06-15 22:15:00,2.1241320789063054,0
CHAIN0097_2,45656.91,2026-06-15 22:19:00,1.9706951813920388,0
CHAIN0097_3,47570.73,2026-06-15 22:25:00,2.091215184511538,0
CHAIN0097_4,46696.3,2026-06-15 22:31:00,2.036149239789577,0
CHAIN0098_0,45287.89,2026-05-11 06:57:00,1.9474566889783542,0
CHAIN0098_1,45025.07,2026-05-11 07:03:00,1.9309059855580395,0
CHAIN0098_2,44374.35,2026-05-11 07:08:00,1.889927849458552,0
CHAIN0098_3,45143.73,2026-05-11 07:13:00,1.9383784247478066,0
CHAIN0098_4,45549.65,2026-05-11 07:20:00,1.9639406404557973,0
CHAIN0099_0,51936.84,2026-01-03 16:06:00,2.366164547994037,0
CHAIN0099_1,53440.84,2026-01-03 16:13:00,2.4608767386346027,0
CHAIN0099_2,52351.39,2026-01-03 16:17:00,2.392270225274653,0
CHAIN0099_3,52347.43,2026-01-03 16:24:00,2.3920208500918494,0
CHAIN0099_4,49704.52,2026-01-03 16:29:00,2.2255874752475298,0
CHAIN0100_0,33009.04,2026-04-03 18:53:00,1.1742141477237622,0
CHAIN0100_1,34067.41,2026-04-03 18:59:00,1.2408634437398895,0
CHAIN0100_2,33079.71,2026-04-03 19:05:00,1.1786644871603105,0
CHAIN0100_3,33218.98,2026-04-03 19:10:00,1.1874348108242148,0
CHAIN0100_4,34191.29,2026-04-03 19:15:00,1.2486646047615337,0
CHAIN0101_0,47057.15,2026-03-09 07:10:00,2.0588732384549013,0
CHAIN0101_1,44511.75,2026-03-09 07:17:00,1.8985804126194656,0
CHAIN0101_2,45578.03,2026-03-09 07:22:00,1.9657278292658897,0
CHAIN0101_3,44780.92,2026-03-09 07:30:00,1.9155309979617001,0
CHAIN0101_4,44784.7,2026-03-09 07:34:00,1.9157690379089218,0
CHAIN0102_0,40911.44,2026-01-23 15:23:00,1.6718561791852011,0
CHAIN0102_1,40010.1,2026-01-23 15:29:00,1.6150956167437334,0
CHAIN0102_2,38779.72,2026-01-23 15:33:00,1.537614243658402,0
CHAIN0102_3,39922.04,2026-01-23 15:40:00,1.6095501676029036,0
CHAIN0102_4,38759.14,2026-01-23 15:45:00,1.5363182483901952,0
CHAIN0103_0,41516.59,2026-03-29 08:46:00,1.7099646114765161,0
CHAIN0103_1,40427.36,2026-03-29 08:50:00,1.6413719522933892,0
CHAIN0103_2,41572.7,2026-03-29 08:57:00,1.713498056301544,0
CHAIN0103_3,39954.58,2026-03-29 09:02:00,1.611599326302002,0
CHAIN0103_4,40866.45,2026-03-29 09:09:00,1.6690230000250152,0
CHAIN0104_0,67913.37,2026-08-10 05:27:00,3.372263055397436,1
CHAIN0104_1,68026.93,2026-08-10 05:32:00,3.379414329579047,1
CHAIN0104_2,69827.11,2026-08-10 05:38:00,3.492778020634455,1
CHAIN0104_3,70807.89,2026-08-10 05:44:00,3.5545412003794374,1
CHAIN0104_4,69975.86,2026-08-10 05:51:00,3.502145333372343,1
CHAIN0105_0,78509.65,2026-03-31 14:22:00,4.0395482225788255,1
CHAIN0105_1,80470.7,2026-03-31 14:26:00,4.163042465567976,1
CHAIN0105_2,82806.9,2026-03-31 14:32:00,4.3101612287159075,1
CHAIN0105_3,80245.08,2026-03-31 14:40:00,4.148834377501271,1
CHAIN0105_4,78186.17,2026-03-31 14:45:00,4.019177544767383,1
CHAIN0106_0,63582.83,2026-02-01 02:37:00,3.0995536604129987,1
CHAIN0106_1,61827.32,2026-02-01 02:43:00,2.9890029969878533,0
CHAIN0106_2,61610.89,2026-02-01 02:49:00,2.9753736356711395,0
CHAIN0106_3,62959.65,2026-02-01 02:56:00,3.060309815357555,1
CHAIN0106_4,60961.64,2026-02-01 03:01:00,2.9344880706622383,0
CHAIN0107_0,80149.29,2026-02-13 07:54:00,4.142802142965726,1
CHAIN0107_1,82556.26,2026-02-13 08:01:00,4.294377542903306,1
CHAIN0107_2,78104.45,2026-02-13 08:06:00,4.014031347813163,1
CHAIN0107_3,77601.57,2026-02-13 08:11:00,3.982363218538345,1
CHAIN0107_4,81693.29,2026-02-13 08:17:00,4.2400332748467315,1
CHAIN0108_0,69428.43,2026-08-19 10:21:00,3.467671733290983,1
CHAIN0108_1,71321.31,2026-08-19 10:27:00,3.5868730706711123,1
CHAIN0108_2,72595.56,2026-08-19 10:33:00,3.667117092561897,1
CHAIN0108_3,71829.11,2026-08-19 10:39:00,3.6188510297185053,1
CHAIN0108_4,70844.5,2026-08-19 10:46:00,3.5568466613497507,1
CHAIN0109_0,77357.07,2026-02-21 06:47:00,3.966966190206152,1
CHAIN0109_1,73830.93,2026-02-21 06:54:00,3.7449127035669734,1
CHAIN0109_2,75162.76,2026-02-21 06:59:00,3.8287827413733724,1
CHAIN0109_3,74850.45,2026-02-21 07:04:00,3.809115477903323,1
CHAIN0109_4,76981.92,2026-02-21 07:11:00,3.9433416700473694,1
CHAIN0110_0,80242.1,2026-05-20 03:37:00,4.148646716378859,1
CHAIN0110_1,82826.06,2026-05-20 03:43:00,4.3113678015700785,1
CHAIN0110_2,83451.11,2026-05-20 03:48:00,4.350729407128513,1
CHAIN0110_3,83136.15,2026-05-20 03:54:00,4.330895263801284,1
CHAIN0110_4,81717.66,2026-05-20 04:00:00,4.241567939797471,1
CHAIN0111_0,77469.14,2026-01-18 19:33:00,3.9740236338265555,1
CHAIN0111_1,77931.23,2026-01-18 19:40:00,4.0031230727714355,1
CHAIN0111_2,74643.89,2026-01-18 19:44:00,3.7961076653376877,1
CHAIN0111_3,76886.26,2026-01-18 19:52:00,3.9373176220708554,1
CHAIN0111_4,76365.93,2026-01-18 19:56:00,3.9045506046798946,1
CHAIN0112_0,62184.12,2026-02-21 16:54:00,3.0114719528525833,1
CHAIN0112_1,62559.43,2026-02-21 17:00:00,3.035106548776327,1
CHAIN0112_2,61471.14,2026-02-21 17:08:00,2.9665730847123504,0
CHAIN0112_3,61977.42,2026-02-21 17:14:00,2.9984553239926064,0
CHAIN0112_4,61662.31,2026-02-21 17:18:00,2.9786117346357255,0
CHAIN0113_0,56457.18,2026-04-01 05:48:00,2.6508263191643655,0
CHAIN0113_1,54120.69,2026-04-01 05:52:00,2.5036892936924406,0
CHAIN0113_2,53389.36,2026-04-01 05:58:00,2.4576348612581556,0
CHAIN0113_3,56384.28,2026-04-01 06:06:00,2.6462355487536624,0
CHAIN0113_4,54264.87,2026-04-01 06:10:00,2.5127688173936087,0
CHAIN0114_0,66116.02,2026-04-19 08:44:00,3.2590775794347904,1
CHAIN0114_1,63307.9,2026-04-19 08:50:00,3.082240347532141,1
CHAIN0114_2,64725.69,2026-04-19 08:57:00,3.171523590064247,1
CHAIN0114_3,64128.36,2026-04-19 09:02:00,3.1339076107854376,1
CHAIN0114_4,64919.97,2026-04-19 09:09:00,3.1837580876690663,1
CHAIN0115_0,54746.65,2026-06-05 10:40:00,2.543108205164095,0
CHAIN0115_1,57688.7,2026-06-05 10:46:00,2.7283794820750495,0
CHAIN0115_2,56591.51,2026-06-05 10:52:00,2.659285553585075,0
CHAIN0115_3,56917.96,2026-06-05 11:00:00,2.67984326278362,0
CHAIN0115_4,57143.24,2026-06-05 11:05:00,2.6940299398497816,0
CHAIN0116_0,19824.81,2026-04-05 18:59:00,0.3439566309624183,0
CHAIN0116_1,19766.22,2026-04-05 19:06:00,0.34026701178048296,0
CHAIN0116_2,20827.34,2026-04-05 19:11:00,0.4070894850068903,0
CHAIN0116_3,19557.8,2026-04-05 19:17:00,0.32714206844716726,0
CHAIN0116_4,20265.36,2026-04-05 19:24:00,0.37169962004932056,0
CHAIN0117_0,39844.23,2026-06-17 06:35:00,1.6046501971549367,0
CHAIN0117_1,39964.6,2026-06-17 06:42:00,1.6122303210827322,0
CHAIN0117_2,41365.68,2026-06-17 06:47:00,1.7004612759116442,0
CHAIN0117_3,41226.33,2026-06-17 06:53:00,1.6916859143652594,0
CHAIN0117_4,39670.48,2026-06-17 07:00:00,1.593708546141773,0
CHAIN0118_0,21489.54,2026-07-31 22:01:00,0.448790557242384,0
CHAIN0118_1,21544.59,2026-07-31 22:05:00,0.45225725012454027,0
CHAIN0118_2,21643.38,2026-07-31 22:12:00,0.4584784052531184,0
CHAIN0118_3,20790.12,2026-07-31 22:19:00,0.40474561018266025,0
CHAIN0118_4,21212.99,2026-07-31 22:24:00,0.431375227241288,0
CHAIN0119_0,46711.86,2026-05-02 17:27:00,2.0371291079321083,0
CHAIN0119_1,49204.43,2026-05-02 17:32:00,2.194095042124232,0
CHAIN0119_2,47929.39,2026-05-02 17:38:00,2.1138012711439482,0
CHAIN0119_3,47345.98,2026-05-02 17:45:00,2.0770618834168126,0
CHAIN0119_4,49749.53,2026-05-02 17:51:00,2.2284219138783357,0
CHAIN0120_0,38963.63,2026-02-19 05:24:00,1.5491957057466372,0
CHAIN0120_1,36558.18,2026-02-19 05:28:00,1.3977160255761931,0
CHAIN0120_2,37264.09,2026-02-19 05:34:00,1.442169670852178,0
CHAIN0120_3,37604.57,2026-02-19 05:41:00,1.4636108986908083,0
CHAIN0120_4,36630.77,2026-02-19 05:46:00,1.4022872741922825,0
CHAIN0121_0,39894.99,2026-06-19 12:32:00,1.6078467335890554,0
CHAIN0121_1,38010.8,2026-06-19 12:39:00,1.489192636193413,0
CHAIN0121_2,38778.32,2026-06-19 12:44:00,1.5375260807149864,0
CHAIN0121_3,40193.97,2026-06-19 12:51:00,1.6266745598907286,0
CHAIN0121_4,39633.94,2026-06-19 12:56:00,1.5914074933186304,0
CHAIN0122_0,14861.38,2026-08-17 05:07:00,0.031391917936419794,0
CHAIN0122_1,15207.29,2026-08-17 05:14:00,0.05317509204843983,0
CHAIN0122_2,15434.75,2026-08-17 05:19:00,0.06749905141220507,0
CHAIN0122_3,15309.86,2026-08-17 05:26:00,0.05963428712423954,0
CHAIN0122_4,15019.08,2026-08-17 05:31:00,0.041322843776856785,0
CHAIN0123_0,57768.88,2026-05-27 01:52:00,2.7334286997915127,0
CHAIN0123_1,56942.55,2026-05-27 01:57:00,2.6813917819111817,0
CHAIN0123_2,57761.87,2026-05-27 02:03:00,2.7329872553391255,0
CHAIN0123_3,56174.54,2026-05-27 02:10:00,2.6330274803594125,0
CHAIN0123_4,56355.07,2026-05-27 02:15:00,2.6443960919128306,0
CHAIN0124_0,20758.67,2026-06-01 17:25:00,0.4027650926323638,0
CHAIN0124_1,20546.82,2026-06-01 17:32:00,0.38942415008768055,0
CHAIN0124_2,20885.01,2026-06-01 17:38:00,0.4107211685402954,0
CHAIN0124_3,20367.33,2026-06-01 17:44:00,0.37812103100651373,0
CHAIN0124_4,20683.75,2026-06-01 17:48:00,0.39804711568901874,0
CHAIN0125_0,59703.53,2026-06-25 07:23:00,2.8552604415619713,0
CHAIN0125_1,58057.81,2026-06-25 07:30:00,2.7516236421065248,0
CHAIN0125_2,57512.98,2026-06-25 07:36:00,2.7173137732057944,0
CHAIN0125_3,57561.25,2026-06-25 07:42:00,2.720353505547696,0
CHAIN0125_4,58795.39,2026-06-25 07:46:00,2.798071659109629,0
CHAIN0126_0,61355.7,2026-06-22 04:08:00,2.9593034202924384,0
CHAIN0126_1,61808.82,2026-06-22 04:13:00,2.9878379866641493,0
CHAIN0126_2,62246.98,2026-06-22 04:20:00,3.015430469011936,1
CHAIN0126_3,60133.28,2026-06-22 04:25:00,2.8823233165139546,0
CHAIN0126_4,61013.68,2026-06-22 04:31:00,2.9377652132160517,0
CHAIN0127_0,35781.81,2026-05-17 11:31:00,1.348825265305172,0
CHAIN0127_1,37863.36,2026-05-17 11:36:00,1.4799078187811487,0
CHAIN0127_2,37828.09,2026-05-17 11:42:00,1.47768674234239,0
CHAIN0127_3,36458.51,2026-05-17 11:48:00,1.3914394537403256,0
CHAIN0127_4,35475.0,2026-05-17 11:56:00,1.3295043562556828,0
CHAIN0128_0,20304.4,2026-06-01 13:33:00,0.3741581066999906,0
CHAIN0128_1,20675.16,2026-06-01 13:37:00,0.39750617305763414,0
CHAIN0128_2,20186.59,2026-06-01 13:43:00,0.3667391950115829,0
CHAIN0128_3,20848.36,2026-06-01 13:50:00,0.4084131886287418,0
CHAIN0128_4,21599.43,2026-06-01 13:56:00,0.45571071856518425,0
CHAIN0129_0,50673.76,2026-08-22 04:49:00,2.2866239404446453,0
CHAIN0129_1,50812.83,2026-08-22 04:53:00,2.2953816694023472,0
CHAIN0129_2,49397.94,2026-08-22 04:59:00,2.2062810501101735,0
CHAIN0129_3,52384.5,2026-08-22 05:05:00,2.3943552788864277,0
CHAIN0129_4,50862.34,2026-08-22 05:12:00,2.2984994889227024,0
CHAIN0130_0,45706.72,2026-03-15 13:50:00,1.9738318929716974,0
CHAIN0130_1,45043.86,2026-03-15 13:56:00,1.9320892582057365,0
CHAIN0130_2,44901.91,2026-03-15 14:03:00,1.923150165478723,0
CHAIN0130_3,43423.24,2026-03-15 14:10:00,1.8300330943786665,0
CHAIN0130_4,43291.68,2026-03-15 14:15:00,1.8217482966388576,0
CHAIN0131_0,21449.6,2026-06-24 01:38:00,0.4462753944138039,0
CHAIN0131_1,20225.16,2026-06-24 01:45:00,0.3691680841026777,0
CHAIN0131_2,20761.84,2026-06-24 01:50:00,0.40296471872566886,0
CHAIN0131_3,20116.11,2026-06-24 01:55:00,0.36230082054592666,0
CHAIN0131_4,20308.75,2026-06-24 02:01:00,0.3744320415598884,0
CHAIN0132_0,70383.42,2026-01-27 04:01:00,3.527810825671192,1
CHAIN0132_1,72737.44,2026-01-27 04:05:00,3.67605177714174,1
CHAIN0132_2,70513.28,2026-01-27 04:13:00,3.5359885684082824,1
CHAIN0132_3,74007.55,2026-01-27 04:17:00,3.7560350886141394,1
CHAIN0132_4,71246.47,2026-01-27 04:23:00,3.582160131610248,1
CHAIN0133_0,37445.38,2026-03-16 10:09:00,1.453586142289165,0
CHAIN0133_1,38483.51,2026-03-16 10:15:00,1.5189608540376294,0
CHAIN0133_2,37214.09,2026-03-16 10:22:00,1.4390209943016272,0
CHAIN0133_3,36919.04,2026-03-16 10:27:00,1.420440653976828,0
CHAIN0133_4,37665.25,2026-03-16 10:34:00,1.4674321325525568,0
CHAIN0134_0,55272.75,2026-07-09 09:59:00,2.5762385798289897,0
CHAIN0134_1,52596.51,2026-07-09 10:03:00,2.407706297196073,0
CHAIN0134_2,53378.7,2026-07-09 10:09:00,2.456963563417578,0
CHAIN0134_3,51880.35,2026-07-09 10:16:00,2.362607173227225,0
CHAIN0134_4,52608.06,2026-07-09 10:22:00,2.40843364147925,0
CHAIN0135_0,63029.45,2026-04-07 23:20:00,3.0647053678221234,1
CHAIN0135_1,60713.88,2026-04-07 23:26:00,2.9188857486189494,0
CHAIN0135_2,61637.84,2026-04-07 23:32:00,2.977070772331886,0
CHAIN0135_3,63641.58,2026-04-07 23:38:00,3.103253355359896,1
CHAIN0135_4,61855.16,2026-04-07 23:43:00,2.9907561800912,0
CHAIN0136_0,77632.37,2026-04-23 02:20:00,3.9843028032934833,1
CHAIN0136_1,73190.72,2026-04-23 02:26:00,3.7045964192784124,1
CHAIN0136_2,76119.8,2026-04-23 02:30:00,3.889050929492154,1
CHAIN0136_3,72731.01,2026-04-23 02:36:00,3.6756468573373384,1
CHAIN0136_4,75647.76,2026-04-23 02:42:00,3.8593249039137145,1
CHAIN0137_0,56419.64,2026-06-27 05:00:00,2.648462292810212,0
CHAIN0137_1,56334.53,2026-06-27 05:06:00,2.6431026155858643,0
CHAIN0137_2,57829.6,2026-06-27 05:11:00,2.7372524525945012,0
CHAIN0137_3,56466.72,2026-06-27 05:18:00,2.6514270866502105,0
CHAIN0137_4,56824.62,2026-06-27 05:24:00,2.6739653133990524,0
CHAIN0138_0,60432.5,2026-03-05 06:27:00,2.9011662564630702,0
CHAIN0138_1,59132.09,2026-03-05 06:32:00,2.8192748470010374,0
CHAIN0138_2,60923.36,2026-03-05 06:39:00,2.9320774438951367,0
CHAIN0138_3,61239.63,2026-03-05 06:44:00,2.9519940825479902,0
CHAIN0138_4,60668.85,2026-03-05 06:51:00,2.9160500505175233,0
CHAIN0139_0,27986.15,2026-04-14 13:15:00,0.8579050285438491,0
CHAIN0139_1,27690.35,2026-04-14 13:21:00,0.8392774580707909,0
CHAIN0139_2,27629.23,2026-04-14 13:27:00,0.8354285158553978,0
CHAIN0139_3,29142.55,2026-04-14 13:33:00,0.9307276198049859,0
CHAIN0139_4,27647.22,2026-04-14 13:38:00,0.8365614096782861,0
CHAIN0140_0,69328.53,2026-01-28 00:59:00,3.461380677542983,1
CHAIN0140_1,67729.79,2026-01-28 01:03:00,3.360702374574434,1
CHAIN0140_2,69965.9,2026-01-28 01:11:00,3.501518117003473,1
CHAIN0140_3,67724.82,2026-01-28 01:15:00,3.36038939612531,1
CHAIN0140_4,69262.62,2026-01-28 01:23:00,3.457230092114047,1
CHAIN0141_0,54971.75,2026-07-02 20:52:00,2.5572835469946744,0
CHAIN0141_1,57824.68,2026-07-02 20:56:00,2.7369426228219274,0
CHAIN0141_2,54644.86,2026-07-02 21:02:00,2.536698129442484,0
CHAIN0141_3,56355.19,2026-07-02 21:08:00,2.644403648736552,0
CHAIN0141_4,54891.64,2026-07-02 21:15:00,2.552238737425382,0
CHAIN0142_0,46135.19,2026-02-04 15:55:00,2.0008141618039867,0
CHAIN0142_1,46909.5,2026-02-04 16:02:00,2.049575196601125,0
CHAIN0142_2,48937.9,2026-02-04 16:07:00,2.1773107069038664,0
CHAIN0142_3,47560.51,2026-02-04 16:14:00,2.0905715950246053,0
CHAIN0142_4,46713.41,2026-02-04 16:20:00,2.0372267169051756,0
CHAIN0143_0,68316.0,2026-02-17 02:57:00,3.397618088188401,1
CHAIN0143_1,65515.79,2026-02-17 03:03:00,3.221278976916049,1
CHAIN0143_2,66255.79,2026-02-17 03:10:00,3.267879389864199,1
CHAIN0143_3,65986.27,2026-02-17 03:17:00,3.2509067637861113,1
CHAIN0143_4,68789.27,2026-02-17 03:21:00,3.427421571209984,1
CHAIN0144_0,46593.46,2026-01-23 16:13:00,2.029673041860404,0
CHAIN0144_1,48923.89,2026-01-23 16:21:00,2.176428447734402,0
CHAIN0144_2,46242.01,2026-01-23 16:25:00,2.0075409943865834,0
CHAIN0144_3,48745.06,2026-01-23 16:31:00,2.165166891183702,0
CHAIN0144_4,45859.62,2026-01-23 16:39:00,1.9834605458632815,0
CHAIN0145_0,52305.41,2026-02-22 04:08:00,2.389374702318767,0
CHAIN0145_1,53895.06,2026-02-22 04:15:00,2.4894805758904255,0
CHAIN0145_2,50994.07,2026-02-22 04:20:00,2.3067949921627835,0
CHAIN0145_3,52408.61,2026-02-22 04:26:00,2.3958735707191035,0
CHAIN0145_4,54542.95,2026-02-22 04:32:00,2.5302804968971513,0
CHAIN0146_0,78777.62,2026-04-12 02:51:00,4.0564232396838475,1
CHAIN0146_1,79489.38,2026-04-12 02:57:00,4.101245280116247,1
CHAIN0146_2,78091.11,2026-04-12 03:04:00,4.013191280909476,1
CHAIN0146_3,77562.69,2026-04-12 03:08:00,3.9799148076526363,1
CHAIN0146_4,76945.95,2026-04-12 03:16:00,3.941076512136903,1
CHAIN0147_0,22906.55,2026-06-07 07:48:00,0.5380246804203012,0
CHAIN0147_1,23752.63,2026-06-07 07:54:00,0.5913053255381001,0
CHAIN0147_2,22823.89,2026-06-07 08:01:00,0.5328192883469307,0
CHAIN0147_3,23751.31,2026-06-07 08:07:00,0.5912222004771657,0
CHAIN0147_4,23974.08,2026-06-07 08:13:00,0.6052508139804893,0
CHAIN0148_0,44088.46,2026-01-05 04:29:00,1.8719243466778133,0
CHAIN0148_1,44224.36,2026-01-05 04:36:00,1.8804824495422103,0
CHAIN0148_2,44740.41,2026-01-05 04:42:00,1.9129799402204444,0
CHAIN0148_3,46531.65,2026-01-05 04:48:00,2.0257806479086136,0
CHAIN0148_4,46304.39,2026-01-05 04:54:00,2.01146928325105,0
CHAIN0149_0,67834.76,2026-03-17 07:24:00,3.36731270612466,1
CHAIN0149_1,66468.23,2026-03-17 07:31:00,3.281257486792179,1
CHAIN0149_2,66479.73,2026-03-17 07:37:00,3.2819816823988055,1
CHAIN0149_3,69614.23,2026-03-17 07:41:00,3.47937221535283,1
CHAIN0149_4,67697.65,2026-03-17 07:48:00,3.35867840528774,1
