document_id,entity_id,entity_type,surface_form
RPT00001,P00561,PERSON,PERSON_00561
RPT00001,P00975,PERSON,PERSON_00975
RPT00001,PH01018,PHONE,PH01018
RPT00001,ACC00481,ACCOUNT,ACC00481
RPT00001,VEH00359,VEHICLE,VEH00359
RPT00001,LOC0123,LOCATION,Zone_0123
RPT00002,P00621,PERSON,PERSON_00621
RPT00002,P00601,PERSON,PERSON_00601
RPT00002,PH01064,PHONE,PH01064
RPT00002,ACC00213,ACCOUNT,ACC00213
RPT00002,VEH00136,VEHICLE,VEH00136
RPT00002,LOC0085,LOCATION,Zone_0085
RPT00003,P00259,PERSON,PERSON_00259
RPT00003,P00924,PERSON,PERSON_00924
RPT00003,PH00039,PHONE,PH00039
RPT00003,ACC00926,ACCOUNT,ACC00926
RPT00003,VEH00178,VEHICLE,VEH00178
RPT00003,LOC0027,LOCATION,Zone_0027
RPT00004,P00283,PERSON,PERSON_00283
RPT00004,P00146,PERSON,PERSON_00146
RPT00004,PH01072,PHONE,PH01072
RPT00004,ACC00243,ACCOUNT,ACC00243
RPT00004,VEH00376,VEHICLE,VEH00376
RPT00004,LOC0079,LOCATION,Zone_0079
RPT00005,P00663,PERSON,PERSON_00663
RPT00005,P00699,PERSON,PERSON_00699
RPT00005,PH01024,PHONE,PH01024
RPT00005,ACC00636,ACCOUNT,ACC00636
RPT00005,VEH00171,VEHICLE,VEH00171
RPT00005,LOC0029,LOCATION,Zone_0029
RPT00006,P00501,PERSON,PERSON_00501
RPT00006,P00341,PERSON,PERSON_00341
RPT00006,PH00984,PHONE,PH00984
RPT00006,ACC01136,ACCOUNT,ACC01136
RPT00006,VEH00163,VEHICLE,VEH00163
RPT00006,LOC0050,LOCATION,Zone_0050
RPT00007,P00098,PERSON,PERSON_00098
RPT00007,P00901,PERSON,PERSON_00901
RPT00007,PH00754,PHONE,PH00754
RPT00007,ACC00292,ACCOUNT,ACC00292
RPT00007,VEH00170,VEHICLE,VEH00170
RPT00007,LOC0145,LOCATION,Zone_0145
RPT00008,P00666,PERSON,PERSON_00666
RPT00008,P00813,PERSON,PERSON_00813
RPT00008,PH01139,PHONE,PH01139
RPT00008,ACC00429,ACCOUNT,ACC00429
RPT00008,VEH00135,VEHICLE,VEH00135
RPT00008,LOC0087,LOCATION,Zone_0087
RPT00009,P00783,PERSON,PERSON_00783
RPT00009,P00997,PERSON,PERSON_00997
RPT00009,PH00283,PHONE,PH00283
RPT00009,ACC01048,ACCOUNT,ACC01048
RPT00009,VEH00400,VEHICLE,VEH00400
RPT00009,LOC0009,LOCATION,Zone_0009
RPT00010,P00588,PERSON,PERSON_00588
RPT00010,P00409,PERSON,PERSON_00409
RPT00010,PH00595,PHONE,PH00595
RPT00010,ACC00233,ACCOUNT,ACC00233
RPT00010,VEH00021,VEHICLE,VEH00021
RPT00010,LOC0169,LOCATION,Zone_0169
RPT00011,P00833,PERSON,PERSON_00833
RPT00011,P00191,PERSON,PERSON_00191
RPT00011,PH00084,PHONE,PH00084
RPT00011,ACC00518,ACCOUNT,ACC00518
RPT00011,VEH00134,VEHICLE,VEH00134
RPT00011,LOC0092,LOCATION,Zone_0092
RPT00012,P00439,PERSON,PERSON_00439
RPT00012,P00503,PERSON,PERSON_00503
RPT00012,PH00956,PHONE,PH00956
RPT00012,ACC00741,ACCOUNT,ACC00741
RPT00012,VEH00160,VEHICLE,VEH00160
RPT00012,LOC0090,LOCATION,Zone_0090
RPT00013,P00942,PERSON,PERSON_00942
RPT00013,P00551,PERSON,PERSON_00551
RPT00013,PH00487,PHONE,PH00487
RPT00013,ACC01134,ACCOUNT,ACC01134
RPT00013,VEH00313,VEHICLE,VEH00313
RPT00013,LOC0050,LOCATION,Zone_0050
RPT00014,P00411,PERSON,PERSON_00411
RPT00014,P00229,PERSON,PERSON_00229
RPT00014,PH01121,PHONE,PH01121
RPT00014,ACC00225,ACCOUNT,ACC00225
RPT00014,VEH00364,VEHICLE,VEH00364
RPT00014,LOC0166,LOCATION,Zone_0166
RPT00015,P00515,PERSON,PERSON_00515
RPT00015,P00784,PERSON,PERSON_00784
RPT00015,PH01177,PHONE,PH01177
RPT00015,ACC00868,ACCOUNT,ACC00868
RPT00015,VEH00212,VEHICLE,VEH00212
RPT00015,LOC0172,LOCATION,Zone_0172
RPT00016,P00936,PERSON,PERSON_00936
RPT00016,P00723,PERSON,PERSON_00723
RPT00016,PH00230,PHONE,PH00230
RPT00016,ACC00190,ACCOUNT,ACC00190
RPT00016,VEH00228,VEHICLE,VEH00228
RPT00016,LOC0065,LOCATION,Zone_0065
RPT00017,P00788,PERSON,PERSON_00788
RPT00017,P00230,PERSON,PERSON_00230
RPT00017,PH00676,PHONE,PH00676
RPT00017,ACC01043,ACCOUNT,ACC01043
RPT00017,VEH00290,VEHICLE,VEH00290
RPT00017,LOC0104,LOCATION,Zone_0104
RPT00018,P00401,PERSON,PERSON_00401
RPT00018,P00496,PERSON,PERSON_00496
RPT00018,PH00385,PHONE,PH00385
RPT00018,ACC00347,ACCOUNT,ACC00347
RPT00018,VEH00153,VEHICLE,VEH00153
RPT00018,LOC0110,LOCATION,Zone_0110
RPT00019,P00672,PERSON,PERSON_00672
RPT00019,P00685,PERSON,PERSON_00685
RPT00019,PH00350,PHONE,PH00350
RPT00019,ACC01081,ACCOUNT,ACC01081
RPT00019,VEH00320,VEHICLE,VEH00320
RPT00019,LOC0132,LOCATION,Zone_0132
RPT00020,P00200,PERSON,PERSON_00200
RPT00020,P00247,PERSON,PERSON_00247
RPT00020,PH00113,PHONE,PH00113
RPT00020,ACC00345,ACCOUNT,ACC00345
RPT00020,VEH00344,VEHICLE,VEH00344
RPT00020,LOC0158,LOCATION,Zone_0158
RPT00021,P00139,PERSON,PERSON_00139
RPT00021,P00545,PERSON,PERSON_00545
RPT00021,PH00477,PHONE,PH00477
RPT00021,ACC01090,ACCOUNT,ACC01090
RPT00021,VEH00251,VEHICLE,VEH00251
RPT00021,LOC0046,LOCATION,Zone_0046
RPT00022,P00699,PERSON,PERSON_00699
RPT00022,P00065,PERSON,PERSON_00065
RPT00022,PH00902,PHONE,PH00902
RPT00022,ACC00789,ACCOUNT,ACC00789
RPT00022,VEH00120,VEHICLE,VEH00120
RPT00022,LOC0090,LOCATION,Zone_0090
RPT00023,P00574,PERSON,PERSON_00574
RPT00023,P00298,PERSON,PERSON_00298
RPT00023,PH00348,PHONE,PH00348
RPT00023,ACC01082,ACCOUNT,ACC01082
RPT00023,VEH00125,VEHICLE,VEH00125
RPT00023,LOC0076,LOCATION,Zone_0076
RPT00024,P00629,PERSON,PERSON_00629
RPT00024,P00963,PERSON,PERSON_00963
RPT00024,PH00891,PHONE,PH00891
RPT00024,ACC01073,ACCOUNT,ACC01073
RPT00024,VEH00214,VEHICLE,VEH00214
RPT00024,LOC0076,LOCATION,Zone_0076
RPT00025,P00656,PERSON,PERSON_00656
RPT00025,P00713,PERSON,PERSON_00713
RPT00025,PH00696,PHONE,PH00696
RPT00025,ACC00005,ACCOUNT,ACC00005
RPT00025,VEH00331,VEHICLE,VEH00331
RPT00025,LOC0156,LOCATION,Zone_0156
RPT00026,P00798,PERSON,PERSON_00798
RPT00026,P00917,PERSON,PERSON_00917
RPT00026,PH00010,PHONE,PH00010
RPT00026,ACC00919,ACCOUNT,ACC00919
RPT00026,VEH00182,VEHICLE,VEH00182
RPT00026,LOC0148,LOCATION,Zone_0148
RPT00027,P00194,PERSON,PERSON_00194
RPT00027,P00945,PERSON,PERSON_00945
RPT00027,PH00527,PHONE,PH00527
RPT00027,ACC00892,ACCOUNT,ACC00892
RPT00027,VEH00074,VEHICLE,VEH00074
RPT00027,LOC0030,LOCATION,Zone_0030
RPT00028,P00983,PERSON,PERSON_00983
RPT00028,P00466,PERSON,PERSON_00466
RPT00028,PH00068,PHONE,PH00068
RPT00028,ACC00403,ACCOUNT,ACC00403
RPT00028,VEH00110,VEHICLE,VEH00110
RPT00028,LOC0072,LOCATION,Zone_0072
RPT00029,P00827,PERSON,PERSON_00827
RPT00029,P00394,PERSON,PERSON_00394
RPT00029,PH00531,PHONE,PH00531
RPT00029,ACC00858,ACCOUNT,ACC00858
RPT00029,VEH00327,VEHICLE,VEH00327
RPT00029,LOC0073,LOCATION,Zone_0073
RPT00030,P00832,PERSON,PERSON_00832
RPT00030,P00584,PERSON,PERSON_00584
RPT00030,PH00679,PHONE,PH00679
RPT00030,ACC00996,ACCOUNT,ACC00996
RPT00030,VEH00152,VEHICLE,VEH00152
RPT00030,LOC0090,LOCATION,Zone_0090
RPT00031,P00653,PERSON,PERSON_00653
RPT00031,P00192,PERSON,PERSON_00192
RPT00031,PH00437,PHONE,PH00437
RPT00031,ACC00663,ACCOUNT,ACC00663
RPT00031,VEH00001,VEHICLE,VEH00001
RPT00031,LOC0057,LOCATION,Zone_0057
RPT00032,P00534,PERSON,PERSON_00534
RPT00032,P00363,PERSON,PERSON_00363
RPT00032,PH00146,PHONE,PH00146
RPT00032,ACC00844,ACCOUNT,ACC00844
RPT00032,VEH00242,VEHICLE,VEH00242
RPT00032,LOC0143,LOCATION,Zone_0143
RPT00033,P00316,PERSON,PERSON_00316
RPT00033,P00561,PERSON,PERSON_00561
RPT00033,PH01111,PHONE,PH01111
RPT00033,ACC00728,ACCOUNT,ACC00728
RPT00033,VEH00203,VEHICLE,VEH00203
RPT00033,LOC0034,LOCATION,Zone_0034
RPT00034,P00099,PERSON,PERSON_00099
RPT00034,P00351,PERSON,PERSON_00351
RPT00034,PH00566,PHONE,PH00566
RPT00034,ACC00097,ACCOUNT,ACC00097
RPT00034,VEH00343,VEHICLE,VEH00343
RPT00034,LOC0062,LOCATION,Zone_0062
RPT00035,P00638,PERSON,PERSON_00638
RPT00035,P00965,PERSON,PERSON_00965
RPT00035,PH00775,PHONE,PH00775
RPT00035,ACC00331,ACCOUNT,ACC00331
RPT00035,VEH00013,VEHICLE,VEH00013
RPT00035,LOC0092,LOCATION,Zone_0092
RPT00036,P00509,PERSON,PERSON_00509
RPT00036,P00751,PERSON,PERSON_00751
RPT00036,PH00073,PHONE,PH00073
RPT00036,ACC00895,ACCOUNT,ACC00895
RPT00036,VEH00046,VEHICLE,VEH00046
RPT00036,LOC0154,LOCATION,Zone_0154
RPT00037,P00083,PERSON,PERSON_00083
RPT00037,P00259,PERSON,PERSON_00259
RPT00037,PH00235,PHONE,PH00235
RPT00037,ACC00293,ACCOUNT,ACC00293
RPT00037,VEH00060,VEHICLE,VEH00060
RPT00037,LOC0080,LOCATION,Zone_0080
RPT00038,P00382,PERSON,PERSON_00382
RPT00038,P00628,PERSON,PERSON_00628
RPT00038,PH00233,PHONE,PH00233
RPT00038,ACC00803,ACCOUNT,ACC00803
RPT00038,VEH00333,VEHICLE,VEH00333
RPT00038,LOC0131,LOCATION,Zone_0131
RPT00039,P00076,PERSON,PERSON_00076
RPT00039,P00108,PERSON,PERSON_00108
RPT00039,PH01160,PHONE,PH01160
RPT00039,ACC00511,ACCOUNT,ACC00511
RPT00039,VEH00108,VEHICLE,VEH00108
RPT00039,LOC0146,LOCATION,Zone_0146
RPT00040,P00622,PERSON,PERSON_00622
RPT00040,P00539,PERSON,PERSON_00539
RPT00040,PH01136,PHONE,PH01136
RPT00040,ACC00332,ACCOUNT,ACC00332
RPT00040,VEH00102,VEHICLE,VEH00102
RPT00040,LOC0109,LOCATION,Zone_0109
RPT00041,P00904,PERSON,PERSON_00904
RPT00041,P00324,PERSON,PERSON_00324
RPT00041,PH00103,PHONE,PH00103
RPT00041,ACC00584,ACCOUNT,ACC00584
RPT00041,VEH00052,VEHICLE,VEH00052
RPT00041,LOC0100,LOCATION,Zone_0100
RPT00042,P00971,PERSON,PERSON_00971
RPT00042,P00054,PERSON,PERSON_00054
RPT00042,PH01176,PHONE,PH01176
RPT00042,ACC01197,ACCOUNT,ACC01197
RPT00042,VEH00234,VEHICLE,VEH00234
RPT00042,LOC0030,LOCATION,Zone_0030
RPT00043,P00663,PERSON,PERSON_00663
RPT00043,P00036,PERSON,PERSON_00036
RPT00043,PH01024,PHONE,PH01024
RPT00043,ACC00636,ACCOUNT,ACC00636
RPT00043,VEH00146,VEHICLE,VEH00146
RPT00043,LOC0073,LOCATION,Zone_0073
RPT00044,P00339,PERSON,PERSON_00339
RPT00044,P00848,PERSON,PERSON_00848
RPT00044,PH01162,PHONE,PH01162
RPT00044,ACC00682,ACCOUNT,ACC00682
RPT00044,VEH00321,VEHICLE,VEH00321
RPT00044,LOC0148,LOCATION,Zone_0148
RPT00045,P00662,PERSON,PERSON_00662
RPT00045,P00115,PERSON,PERSON_00115
RPT00045,PH00977,PHONE,PH00977
RPT00045,ACC01005,ACCOUNT,ACC01005
RPT00045,VEH00168,VEHICLE,VEH00168
RPT00045,LOC0022,LOCATION,Zone_0022
RPT00046,P00320,PERSON,PERSON_00320
RPT00046,P00235,PERSON,PERSON_00235
RPT00046,PH00580,PHONE,PH00580
RPT00046,ACC00022,ACCOUNT,ACC00022
RPT00046,VEH00002,VEHICLE,VEH00002
RPT00046,LOC0049,LOCATION,Zone_0049
RPT00047,P00189,PERSON,PERSON_00189
RPT00047,P00009,PERSON,PERSON_00009
RPT00047,PH00009,PHONE,PH00009
RPT00047,ACC00679,ACCOUNT,ACC00679
RPT00047,VEH00295,VEHICLE,VEH00295
RPT00047,LOC0070,LOCATION,Zone_0070
RPT00048,P00356,PERSON,PERSON_00356
RPT00048,P00523,PERSON,PERSON_00523
RPT00048,PH00372,PHONE,PH00372
RPT00048,ACC00863,ACCOUNT,ACC00863
RPT00048,VEH00311,VEHICLE,VEH00311
RPT00048,LOC0033,LOCATION,Zone_0033
RPT00049,P00917,PERSON,PERSON_00917
RPT00049,P00069,PERSON,PERSON_00069
RPT00049,PH00752,PHONE,PH00752
RPT00049,ACC00569,ACCOUNT,ACC00569
RPT00049,VEH00321,VEHICLE,VEH00321
RPT00049,LOC0047,LOCATION,Zone_0047
RPT00050,P00688,PERSON,PERSON_00688
RPT00050,P00292,PERSON,PERSON_00292
RPT00050,PH00501,PHONE,PH00501
RPT00050,ACC00479,ACCOUNT,ACC00479
RPT00050,VEH00224,VEHICLE,VEH00224
RPT00050,LOC0012,LOCATION,Zone_0012
RPT00051,P00470,PERSON,PERSON_00470
RPT00051,P00074,PERSON,PERSON_00074
RPT00051,PH00019,PHONE,PH00019
RPT00051,ACC00495,ACCOUNT,ACC00495
RPT00051,VEH00092,VEHICLE,VEH00092
RPT00051,LOC0027,LOCATION,Zone_0027
RPT00052,P00816,PERSON,PERSON_00816
RPT00052,P00493,PERSON,PERSON_00493
RPT00052,PH00089,PHONE,PH00089
RPT00052,ACC00105,ACCOUNT,ACC00105
RPT00052,VEH00026,VEHICLE,VEH00026
RPT00052,LOC0079,LOCATION,Zone_0079
RPT00053,P00283,PERSON,PERSON_00283
RPT00053,P00820,PERSON,PERSON_00820
RPT00053,PH01072,PHONE,PH01072
RPT00053,ACC00243,ACCOUNT,ACC00243
RPT00053,VEH00343,VEHICLE,VEH00343
RPT00053,LOC0170,LOCATION,Zone_0170
RPT00054,P00266,PERSON,PERSON_00266
RPT00054,P00033,PERSON,PERSON_00033
RPT00054,PH00072,PHONE,PH00072
RPT00054,ACC01033,ACCOUNT,ACC01033
RPT00054,VEH00277,VEHICLE,VEH00277
RPT00054,LOC0161,LOCATION,Zone_0161
RPT00055,P00831,PERSON,PERSON_00831
RPT00055,P00910,PERSON,PERSON_00910
RPT00055,PH01103,PHONE,PH01103
RPT00055,ACC00262,ACCOUNT,ACC00262
RPT00055,VEH00279,VEHICLE,VEH00279
RPT00055,LOC0151,LOCATION,Zone_0151
RPT00056,P00977,PERSON,PERSON_00977
RPT00056,P00981,PERSON,PERSON_00981
RPT00056,PH00456,PHONE,PH00456
RPT00056,ACC00101,ACCOUNT,ACC00101
RPT00056,VEH00191,VEHICLE,VEH00191
RPT00056,LOC0073,LOCATION,Zone_0073
RPT00057,P00686,PERSON,PERSON_00686
RPT00057,P00731,PERSON,PERSON_00731
RPT00057,PH00182,PHONE,PH00182
RPT00057,ACC00713,ACCOUNT,ACC00713
RPT00057,VEH00280,VEHICLE,VEH00280
RPT00057,LOC0028,LOCATION,Zone_0028
RPT00058,P00991,PERSON,PERSON_00991
RPT00058,P00088,PERSON,PERSON_00088
RPT00058,PH00637,PHONE,PH00637
RPT00058,ACC00349,ACCOUNT,ACC00349
RPT00058,VEH00034,VEHICLE,VEH00034
RPT00058,LOC0060,LOCATION,Zone_0060
RPT00059,P00368,PERSON,PERSON_00368
RPT00059,P00479,PERSON,PERSON_00479
RPT00059,PH01158,PHONE,PH01158
RPT00059,ACC00829,ACCOUNT,ACC00829
RPT00059,VEH00397,VEHICLE,VEH00397
RPT00059,LOC0124,LOCATION,Zone_0124
RPT00060,P00269,PERSON,PERSON_00269
RPT00060,P00976,PERSON,PERSON_00976
RPT00060,PH00396,PHONE,PH00396
RPT00060,ACC00384,ACCOUNT,ACC00384
RPT00060,VEH00182,VEHICLE,VEH00182
RPT00060,LOC0015,LOCATION,Zone_0015
RPT00061,P00215,PERSON,PERSON_00215
RPT00061,P00989,PERSON,PERSON_00989
RPT00061,PH00129,PHONE,PH00129
RPT00061,ACC00449,ACCOUNT,ACC00449
RPT00061,VEH00170,VEHICLE,VEH00170
RPT00061,LOC0028,LOCATION,Zone_0028
RPT00062,P00735,PERSON,PERSON_00735
RPT00062,P00808,PERSON,PERSON_00808
RPT00062,PH00077,PHONE,PH00077
RPT00062,ACC00373,ACCOUNT,ACC00373
RPT00062,VEH00043,VEHICLE,VEH00043
RPT00062,LOC0011,LOCATION,Zone_0011
RPT00063,P00792,PERSON,PERSON_00792
RPT00063,P00313,PERSON,PERSON_00313
RPT00063,PH00996,PHONE,PH00996
RPT00063,ACC00172,ACCOUNT,ACC00172
RPT00063,VEH00168,VEHICLE,VEH00168
RPT00063,LOC0057,LOCATION,Zone_0057
RPT00064,P00600,PERSON,PERSON_00600
RPT00064,P00591,PERSON,PERSON_00591
RPT00064,PH00559,PHONE,PH00559
RPT00064,ACC00394,ACCOUNT,ACC00394
RPT00064,VEH00314,VEHICLE,VEH00314
RPT00064,LOC0025,LOCATION,Zone_0025
RPT00065,P00353,PERSON,PERSON_00353
RPT00065,P00511,PERSON,PERSON_00511
RPT00065,PH00819,PHONE,PH00819
RPT00065,ACC00888,ACCOUNT,ACC00888
RPT00065,VEH00338,VEHICLE,VEH00338
RPT00065,LOC0003,LOCATION,Zone_0003
RPT00066,P00018,PERSON,PERSON_00018
RPT00066,P00125,PERSON,PERSON_00125
RPT00066,PH00289,PHONE,PH00289
RPT00066,ACC00704,ACCOUNT,ACC00704
RPT00066,VEH00114,VEHICLE,VEH00114
RPT00066,LOC0173,LOCATION,Zone_0173
RPT00067,P00814,PERSON,PERSON_00814
RPT00067,P00129,PERSON,PERSON_00129
RPT00067,PH00469,PHONE,PH00469
RPT00067,ACC01099,ACCOUNT,ACC01099
RPT00067,VEH00248,VEHICLE,VEH00248
RPT00067,LOC0042,LOCATION,Zone_0042
RPT00068,P00951,PERSON,PERSON_00951
RPT00068,P00744,PERSON,PERSON_00744
RPT00068,PH00472,PHONE,PH00472
RPT00068,ACC01138,ACCOUNT,ACC01138
RPT00068,VEH00122,VEHICLE,VEH00122
RPT00068,LOC0031,LOCATION,Zone_0031
RPT00069,P00085,PERSON,PERSON_00085
RPT00069,P00201,PERSON,PERSON_00201
RPT00069,PH00207,PHONE,PH00207
RPT00069,ACC00410,ACCOUNT,ACC00410
RPT00069,VEH00343,VEHICLE,VEH00343
RPT00069,LOC0098,LOCATION,Zone_0098
RPT00070,P00876,PERSON,PERSON_00876
RPT00070,P00397,PERSON,PERSON_00397
RPT00070,PH01004,PHONE,PH01004
RPT00070,ACC01120,ACCOUNT,ACC01120
RPT00070,VEH00340,VEHICLE,VEH00340
RPT00070,LOC0138,LOCATION,Zone_0138
RPT00071,P00712,PERSON,PERSON_00712
RPT00071,P00157,PERSON,PERSON_00157
RPT00071,PH00708,PHONE,PH00708
RPT00071,ACC01145,ACCOUNT,ACC01145
RPT00071,VEH00347,VEHICLE,VEH00347
RPT00071,LOC0178,LOCATION,Zone_0178
RPT00072,P00419,PERSON,PERSON_00419
RPT00072,P00642,PERSON,PERSON_00642
RPT00072,PH00245,PHONE,PH00245
RPT00072,ACC00533,ACCOUNT,ACC00533
RPT00072,VEH00121,VEHICLE,VEH00121
RPT00072,LOC0096,LOCATION,Zone_0096
RPT00073,P00415,PERSON,PERSON_00415
RPT00073,P00199,PERSON,PERSON_00199
RPT00073,PH00239,PHONE,PH00239
RPT00073,ACC00904,ACCOUNT,ACC00904
RPT00073,VEH00262,VEHICLE,VEH00262
RPT00073,LOC0035,LOCATION,Zone_0035
RPT00074,P00907,PERSON,PERSON_00907
RPT00074,P00184,PERSON,PERSON_00184
RPT00074,PH00093,PHONE,PH00093
RPT00074,ACC00222,ACCOUNT,ACC00222
RPT00074,VEH00191,VEHICLE,VEH00191
RPT00074,LOC0089,LOCATION,Zone_0089
RPT00075,P00328,PERSON,PERSON_00328
RPT00075,P00775,PERSON,PERSON_00775
RPT00075,PH00143,PHONE,PH00143
RPT00075,ACC00207,ACCOUNT,ACC00207
RPT00075,VEH00276,VEHICLE,VEH00276
RPT00075,LOC0044,LOCATION,Zone_0044
RPT00076,P00579,PERSON,PERSON_00579
RPT00076,P00035,PERSON,PERSON_00035
RPT00076,PH00535,PHONE,PH00535
RPT00076,ACC00033,ACCOUNT,ACC00033
RPT00076,VEH00113,VEHICLE,VEH00113
RPT00076,LOC0141,LOCATION,Zone_0141
RPT00077,P00059,PERSON,PERSON_00059
RPT00077,P00369,PERSON,PERSON_00369
RPT00077,PH00823,PHONE,PH00823
RPT00077,ACC00414,ACCOUNT,ACC00414
RPT00077,VEH00078,VEHICLE,VEH00078
RPT00077,LOC0180,LOCATION,Zone_0180
RPT00078,P00222,PERSON,PERSON_00222
RPT00078,P00162,PERSON,PERSON_00162
RPT00078,PH00965,PHONE,PH00965
RPT00078,ACC00726,ACCOUNT,ACC00726
RPT00078,VEH00378,VEHICLE,VEH00378
RPT00078,LOC0077,LOCATION,Zone_0077
RPT00079,P00815,PERSON,PERSON_00815
RPT00079,P00037,PERSON,PERSON_00037
RPT00079,PH01017,PHONE,PH01017
RPT00079,ACC00387,ACCOUNT,ACC00387
RPT00079,VEH00122,VEHICLE,VEH00122
RPT00079,LOC0118,LOCATION,Zone_0118
RPT00080,P00488,PERSON,PERSON_00488
RPT00080,P00233,PERSON,PERSON_00233
RPT00080,PH00873,PHONE,PH00873
RPT00080,ACC00662,ACCOUNT,ACC00662
RPT00080,VEH00335,VEHICLE,VEH00335
RPT00080,LOC0014,LOCATION,Zone_0014
RPT00081,P00635,PERSON,PERSON_00635
RPT00081,P00171,PERSON,PERSON_00171
RPT00081,PH00017,PHONE,PH00017
RPT00081,ACC00731,ACCOUNT,ACC00731
RPT00081,VEH00217,VEHICLE,VEH00217
RPT00081,LOC0009,LOCATION,Zone_0009
RPT00082,P00240,PERSON,PERSON_00240
RPT00082,P00515,PERSON,PERSON_00515
RPT00082,PH01107,PHONE,PH01107
RPT00082,ACC00711,ACCOUNT,ACC00711
RPT00082,VEH00242,VEHICLE,VEH00242
RPT00082,LOC0099,LOCATION,Zone_0099
RPT00083,P00238,PERSON,PERSON_00238
RPT00083,P00900,PERSON,PERSON_00900
RPT00083,PH00995,PHONE,PH00995
RPT00083,ACC00047,ACCOUNT,ACC00047
RPT00083,VEH00110,VEHICLE,VEH00110
RPT00083,LOC0038,LOCATION,Zone_0038
RPT00084,P00027,PERSON,PERSON_00027
RPT00084,P00629,PERSON,PERSON_00629
RPT00084,PH00805,PHONE,PH00805
RPT00084,ACC00285,ACCOUNT,ACC00285
RPT00084,VEH00234,VEHICLE,VEH00234
RPT00084,LOC0033,LOCATION,Zone_0033
RPT00085,P00221,PERSON,PERSON_00221
RPT00085,P00169,PERSON,PERSON_00169
RPT00085,PH00966,PHONE,PH00966
RPT00085,ACC00661,ACCOUNT,ACC00661
RPT00085,VEH00028,VEHICLE,VEH00028
RPT00085,LOC0144,LOCATION,Zone_0144
RPT00086,P00110,PERSON,PERSON_00110
RPT00086,P00414,PERSON,PERSON_00414
RPT00086,PH00220,PHONE,PH00220
RPT00086,ACC01198,ACCOUNT,ACC01198
RPT00086,VEH00016,VEHICLE,VEH00016
RPT00086,LOC0096,LOCATION,Zone_0096
RPT00087,P00772,PERSON,PERSON_00772
RPT00087,P00138,PERSON,PERSON_00138
RPT00087,PH00379,PHONE,PH00379
RPT00087,ACC00151,ACCOUNT,ACC00151
RPT00087,VEH00191,VEHICLE,VEH00191
RPT00087,LOC0132,LOCATION,Zone_0132
RPT00088,P00974,PERSON,PERSON_00974
RPT00088,P00154,PERSON,PERSON_00154
RPT00088,PH00251,PHONE,PH00251
RPT00088,ACC00408,ACCOUNT,ACC00408
RPT00088,VEH00131,VEHICLE,VEH00131
RPT00088,LOC0044,LOCATION,Zone_0044
RPT00089,P00192,PERSON,PERSON_00192
RPT00089,P00334,PERSON,PERSON_00334
RPT00089,PH00127,PHONE,PH00127
RPT00089,ACC01142,ACCOUNT,ACC01142
RPT00089,VEH00341,VEHICLE,VEH00341
RPT00089,LOC0018,LOCATION,Zone_0018
RPT00090,P00475,PERSON,PERSON_00475
RPT00090,P00896,PERSON,PERSON_00896
RPT00090,PH00920,PHONE,PH00920
RPT00090,ACC01165,ACCOUNT,ACC01165
RPT00090,VEH00245,VEHICLE,VEH00245
RPT00090,LOC0019,LOCATION,Zone_0019
RPT00091,P00147,PERSON,PERSON_00147
RPT00091,P00125,PERSON,PERSON_00125
RPT00091,PH00392,PHONE,PH00392
RPT00091,ACC00549,ACCOUNT,ACC00549
RPT00091,VEH00116,VEHICLE,VEH00116
RPT00091,LOC0134,LOCATION,Zone_0134
RPT00092,P00651,PERSON,PERSON_00651
RPT00092,P00983,PERSON,PERSON_00983
RPT00092,PH00397,PHONE,PH00397
RPT00092,ACC00842,ACCOUNT,ACC00842
RPT00092,VEH00078,VEHICLE,VEH00078
RPT00092,LOC0117,LOCATION,Zone_0117
RPT00093,P00375,PERSON,PERSON_00375
RPT00093,P00484,PERSON,PERSON_00484
RPT00093,PH00349,PHONE,PH00349
RPT00093,ACC01159,ACCOUNT,ACC01159
RPT00093,VEH00040,VEHICLE,VEH00040
RPT00093,LOC0111,LOCATION,Zone_0111
RPT00094,P00681,PERSON,PERSON_00681
RPT00094,P00900,PERSON,PERSON_00900
RPT00094,PH00861,PHONE,PH00861
RPT00094,ACC00801,ACCOUNT,ACC00801
RPT00094,VEH00043,VEHICLE,VEH00043
RPT00094,LOC0008,LOCATION,Zone_0008
RPT00095,P00982,PERSON,PERSON_00982
RPT00095,P00198,PERSON,PERSON_00198
RPT00095,PH00138,PHONE,PH00138
RPT00095,ACC00621,ACCOUNT,ACC00621
RPT00095,VEH00289,VEHICLE,VEH00289
RPT00095,LOC0111,LOCATION,Zone_0111
RPT00096,P00488,PERSON,PERSON_00488
RPT00096,P00761,PERSON,PERSON_00761
RPT00096,PH00873,PHONE,PH00873
RPT00096,ACC00662,ACCOUNT,ACC00662
RPT00096,VEH00339,VEHICLE,VEH00339
RPT00096,LOC0091,LOCATION,Zone_0091
RPT00097,P00201,PERSON,PERSON_00201
RPT00097,P00712,PERSON,PERSON_00712
RPT00097,PH00618,PHONE,PH00618
RPT00097,ACC00254,ACCOUNT,ACC00254
RPT00097,VEH00283,VEHICLE,VEH00283
RPT00097,LOC0157,LOCATION,Zone_0157
RPT00098,P00332,PERSON,PERSON_00332
RPT00098,P00443,PERSON,PERSON_00443
RPT00098,PH00737,PHONE,PH00737
RPT00098,ACC00957,ACCOUNT,ACC00957
RPT00098,VEH00258,VEHICLE,VEH00258
RPT00098,LOC0113,LOCATION,Zone_0113
RPT00099,P00298,PERSON,PERSON_00298
RPT00099,P00663,PERSON,PERSON_00663
RPT00099,PH01013,PHONE,PH01013
RPT00099,ACC00525,ACCOUNT,ACC00525
RPT00099,VEH00225,VEHICLE,VEH00225
RPT00099,LOC0015,LOCATION,Zone_0015
RPT00100,P00543,PERSON,PERSON_00543
RPT00100,P00714,PERSON,PERSON_00714
RPT00100,PH00209,PHONE,PH00209
RPT00100,ACC00951,ACCOUNT,ACC00951
RPT00100,VEH00163,VEHICLE,VEH00163
RPT00100,LOC0097,LOCATION,Zone_0097
RPT00101,P00435,PERSON,PERSON_00435
RPT00101,P00774,PERSON,PERSON_00774
RPT00101,PH00761,PHONE,PH00761
RPT00101,ACC00878,ACCOUNT,ACC00878
RPT00101,VEH00390,VEHICLE,VEH00390
RPT00101,LOC0159,LOCATION,Zone_0159
RPT00102,P00373,PERSON,PERSON_00373
RPT00102,P00786,PERSON,PERSON_00786
RPT00102,PH00300,PHONE,PH00300
RPT00102,ACC00174,ACCOUNT,ACC00174
RPT00102,VEH00186,VEHICLE,VEH00186
RPT00102,LOC0149,LOCATION,Zone_0149
RPT00103,P00601,PERSON,PERSON_00601
RPT00103,P00560,PERSON,PERSON_00560
RPT00103,PH00722,PHONE,PH00722
RPT00103,ACC00808,ACCOUNT,ACC00808
RPT00103,VEH00031,VEHICLE,VEH00031
RPT00103,LOC0135,LOCATION,Zone_0135
RPT00104,P00310,PERSON,PERSON_00310
RPT00104,P00641,PERSON,PERSON_00641
RPT00104,PH00045,PHONE,PH00045
RPT00104,ACC00109,ACCOUNT,ACC00109
RPT00104,VEH00267,VEHICLE,VEH00267
RPT00104,LOC0131,LOCATION,Zone_0131
RPT00105,P00678,PERSON,PERSON_00678
RPT00105,P00930,PERSON,PERSON_00930
RPT00105,PH00389,PHONE,PH00389
RPT00105,ACC00045,ACCOUNT,ACC00045
RPT00105,VEH00221,VEHICLE,VEH00221
RPT00105,LOC0081,LOCATION,Zone_0081
RPT00106,P00506,PERSON,PERSON_00506
RPT00106,P00953,PERSON,PERSON_00953
RPT00106,PH00783,PHONE,PH00783
RPT00106,ACC00994,ACCOUNT,ACC00994
RPT00106,VEH00233,VEHICLE,VEH00233
RPT00106,LOC0070,LOCATION,Zone_0070
RPT00107,P00049,PERSON,PERSON_00049
RPT00107,P00890,PERSON,PERSON_00890
RPT00107,PH00430,PHONE,PH00430
RPT00107,ACC00396,ACCOUNT,ACC00396
RPT00107,VEH00394,VEHICLE,VEH00394
RPT00107,LOC0104,LOCATION,Zone_0104
RPT00108,P00620,PERSON,PERSON_00620
RPT00108,P00991,PERSON,PERSON_00991
RPT00108,PH00053,PHONE,PH00053
RPT00108,ACC00221,ACCOUNT,ACC00221
RPT00108,VEH00108,VEHICLE,VEH00108
RPT00108,LOC0104,LOCATION,Zone_0104
RPT00109,P00122,PERSON,PERSON_00122
RPT00109,P00452,PERSON,PERSON_00452
RPT00109,PH00833,PHONE,PH00833
RPT00109,ACC00372,ACCOUNT,ACC00372
RPT00109,VEH00154,VEHICLE,VEH00154
RPT00109,LOC0076,LOCATION,Zone_0076
RPT00110,P00894,PERSON,PERSON_00894
RPT00110,P00818,PERSON,PERSON_00818
RPT00110,PH00648,PHONE,PH00648
RPT00110,ACC01038,ACCOUNT,ACC01038
RPT00110,VEH00114,VEHICLE,VEH00114
RPT00110,LOC0103,LOCATION,Zone_0103
RPT00111,P00497,PERSON,PERSON_00497
RPT00111,P00902,PERSON,PERSON_00902
RPT00111,PH00094,PHONE,PH00094
RPT00111,ACC00250,ACCOUNT,ACC00250
RPT00111,VEH00260,VEHICLE,VEH00260
RPT00111,LOC0170,LOCATION,Zone_0170
RPT00112,P00439,PERSON,PERSON_00439
RPT00112,P00606,PERSON,PERSON_00606
RPT00112,PH00956,PHONE,PH00956
RPT00112,ACC00741,ACCOUNT,ACC00741
RPT00112,VEH00085,VEHICLE,VEH00085
RPT00112,LOC0097,LOCATION,Zone_0097
RPT00113,P00822,PERSON,PERSON_00822
RPT00113,P00172,PERSON,PERSON_00172
RPT00113,PH00439,PHONE,PH00439
RPT00113,ACC01030,ACCOUNT,ACC01030
RPT00113,VEH00168,VEHICLE,VEH00168
RPT00113,LOC0130,LOCATION,Zone_0130
RPT00114,P00010,PERSON,PERSON_00010
RPT00114,P00761,PERSON,PERSON_00761
RPT00114,PH00288,PHONE,PH00288
RPT00114,ACC00338,ACCOUNT,ACC00338
RPT00114,VEH00088,VEHICLE,VEH00088
RPT00114,LOC0120,LOCATION,Zone_0120
RPT00115,P00579,PERSON,PERSON_00579
RPT00115,P00674,PERSON,PERSON_00674
RPT00115,PH00535,PHONE,PH00535
RPT00115,ACC00033,ACCOUNT,ACC00033
RPT00115,VEH00260,VEHICLE,VEH00260
RPT00115,LOC0149,LOCATION,Zone_0149
RPT00116,P00530,PERSON,PERSON_00530
RPT00116,P00096,PERSON,PERSON_00096
RPT00116,PH00787,PHONE,PH00787
RPT00116,ACC00572,ACCOUNT,ACC00572
RPT00116,VEH00163,VEHICLE,VEH00163
RPT00116,LOC0059,LOCATION,Zone_0059
RPT00117,P00079,PERSON,PERSON_00079
RPT00117,P00015,PERSON,PERSON_00015
RPT00117,PH00199,PHONE,PH00199
RPT00117,ACC00924,ACCOUNT,ACC00924
RPT00117,VEH00019,VEHICLE,VEH00019
RPT00117,LOC0050,LOCATION,Zone_0050
RPT00118,P00935,PERSON,PERSON_00935
RPT00118,P00194,PERSON,PERSON_00194
RPT00118,PH00104,PHONE,PH00104
RPT00118,ACC00754,ACCOUNT,ACC00754
RPT00118,VEH00331,VEHICLE,VEH00331
RPT00118,LOC0119,LOCATION,Zone_0119
RPT00119,P00937,PERSON,PERSON_00937
RPT00119,P00400,PERSON,PERSON_00400
RPT00119,PH00231,PHONE,PH00231
RPT00119,ACC01092,ACCOUNT,ACC01092
RPT00119,VEH00077,VEHICLE,VEH00077
RPT00119,LOC0001,LOCATION,Zone_0001
RPT00120,P00315,PERSON,PERSON_00315
RPT00120,P00128,PERSON,PERSON_00128
RPT00120,PH00840,PHONE,PH00840
RPT00120,ACC00447,ACCOUNT,ACC00447
RPT00120,VEH00209,VEHICLE,VEH00209
RPT00120,LOC0086,LOCATION,Zone_0086
RPT00121,P00359,PERSON,PERSON_00359
RPT00121,P00410,PERSON,PERSON_00410
RPT00121,PH01106,PHONE,PH01106
RPT00121,ACC00237,ACCOUNT,ACC00237
RPT00121,VEH00248,VEHICLE,VEH00248
RPT00121,LOC0051,LOCATION,Zone_0051
RPT00122,P00188,PERSON,PERSON_00188
RPT00122,P00619,PERSON,PERSON_00619
RPT00122,PH00924,PHONE,PH00924
RPT00122,ACC00840,ACCOUNT,ACC00840
RPT00122,VEH00275,VEHICLE,VEH00275
RPT00122,LOC0174,LOCATION,Zone_0174
RPT00123,P00476,PERSON,PERSON_00476
RPT00123,P00391,PERSON,PERSON_00391
RPT00123,PH00015,PHONE,PH00015
RPT00123,ACC00793,ACCOUNT,ACC00793
RPT00123,VEH00321,VEHICLE,VEH00321
RPT00123,LOC0033,LOCATION,Zone_0033
RPT00124,P00679,PERSON,PERSON_00679
RPT00124,P00391,PERSON,PERSON_00391
RPT00124,PH00132,PHONE,PH00132
RPT00124,ACC01130,ACCOUNT,ACC01130
RPT00124,VEH00253,VEHICLE,VEH00253
RPT00124,LOC0122,LOCATION,Zone_0122
RPT00125,P00130,PERSON,PERSON_00130
RPT00125,P00800,PERSON,PERSON_00800
RPT00125,PH00191,PHONE,PH00191
RPT00125,ACC00167,ACCOUNT,ACC00167
RPT00125,VEH00184,VEHICLE,VEH00184
RPT00125,LOC0156,LOCATION,Zone_0156
RPT00126,P00323,PERSON,PERSON_00323
RPT00126,P00449,PERSON,PERSON_00449
RPT00126,PH00894,PHONE,PH00894
RPT00126,ACC00011,ACCOUNT,ACC00011
RPT00126,VEH00053,VEHICLE,VEH00053
RPT00126,LOC0107,LOCATION,Zone_0107
RPT00127,P00061,PERSON,PERSON_00061
RPT00127,P00778,PERSON,PERSON_00778
RPT00127,PH00074,PHONE,PH00074
RPT00127,ACC00102,ACCOUNT,ACC00102
RPT00127,VEH00269,VEHICLE,VEH00269
RPT00127,LOC0010,LOCATION,Zone_0010
RPT00128,P00575,PERSON,PERSON_00575
RPT00128,P00193,PERSON,PERSON_00193
RPT00128,PH00658,PHONE,PH00658
RPT00128,ACC00515,ACCOUNT,ACC00515
RPT00128,VEH00160,VEHICLE,VEH00160
RPT00128,LOC0019,LOCATION,Zone_0019
RPT00129,P00402,PERSON,PERSON_00402
RPT00129,P00349,PERSON,PERSON_00349
RPT00129,PH00714,PHONE,PH00714
RPT00129,ACC00590,ACCOUNT,ACC00590
RPT00129,VEH00044,VEHICLE,VEH00044
RPT00129,LOC0004,LOCATION,Zone_0004
RPT00130,P00451,PERSON,PERSON_00451
RPT00130,P00549,PERSON,PERSON_00549
RPT00130,PH01117,PHONE,PH01117
RPT00130,ACC01154,ACCOUNT,ACC01154
RPT00130,VEH00077,VEHICLE,VEH00077
RPT00130,LOC0157,LOCATION,Zone_0157
RPT00131,P00711,PERSON,PERSON_00711
RPT00131,P00188,PERSON,PERSON_00188
RPT00131,PH00055,PHONE,PH00055
RPT00131,ACC00780,ACCOUNT,ACC00780
RPT00131,VEH00266,VEHICLE,VEH00266
RPT00131,LOC0070,LOCATION,Zone_0070
RPT00132,P00674,PERSON,PERSON_00674
RPT00132,P00270,PERSON,PERSON_00270
RPT00132,PH00972,PHONE,PH00972
RPT00132,ACC00337,ACCOUNT,ACC00337
RPT00132,VEH00061,VEHICLE,VEH00061
RPT00132,LOC0007,LOCATION,Zone_0007
RPT00133,P00091,PERSON,PERSON_00091
RPT00133,P00088,PERSON,PERSON_00088
RPT00133,PH00157,PHONE,PH00157
RPT00133,ACC00065,ACCOUNT,ACC00065
RPT00133,VEH00091,VEHICLE,VEH00091
RPT00133,LOC0174,LOCATION,Zone_0174
RPT00134,P00826,PERSON,PERSON_00826
RPT00134,P00916,PERSON,PERSON_00916
RPT00134,PH00776,PHONE,PH00776
RPT00134,ACC00963,ACCOUNT,ACC00963
RPT00134,VEH00305,VEHICLE,VEH00305
RPT00134,LOC0135,LOCATION,Zone_0135
RPT00135,P00692,PERSON,PERSON_00692
RPT00135,P00335,PERSON,PERSON_00335
RPT00135,PH00759,PHONE,PH00759
RPT00135,ACC00765,ACCOUNT,ACC00765
RPT00135,VEH00071,VEHICLE,VEH00071
RPT00135,LOC0119,LOCATION,Zone_0119
RPT00136,P00183,PERSON,PERSON_00183
RPT00136,P00683,PERSON,PERSON_00683
RPT00136,PH00576,PHONE,PH00576
RPT00136,ACC01190,ACCOUNT,ACC01190
RPT00136,VEH00063,VEHICLE,VEH00063
RPT00136,LOC0022,LOCATION,Zone_0022
RPT00137,P00601,PERSON,PERSON_00601
RPT00137,P00386,PERSON,PERSON_00386
RPT00137,PH00722,PHONE,PH00722
RPT00137,ACC00808,ACCOUNT,ACC00808
RPT00137,VEH00193,VEHICLE,VEH00193
RPT00137,LOC0092,LOCATION,Zone_0092
RPT00138,P00295,PERSON,PERSON_00295
RPT00138,P00437,PERSON,PERSON_00437
RPT00138,PH00407,PHONE,PH00407
RPT00138,ACC00902,ACCOUNT,ACC00902
RPT00138,VEH00217,VEHICLE,VEH00217
RPT00138,LOC0033,LOCATION,Zone_0033
RPT00139,P00682,PERSON,PERSON_00682
RPT00139,P00058,PERSON,PERSON_00058
RPT00139,PH00864,PHONE,PH00864
RPT00139,ACC00966,ACCOUNT,ACC00966
RPT00139,VEH00259,VEHICLE,VEH00259
RPT00139,LOC0124,LOCATION,Zone_0124
RPT00140,P00616,PERSON,PERSON_00616
RPT00140,P00495,PERSON,PERSON_00495
RPT00140,PH01099,PHONE,PH01099
RPT00140,ACC00743,ACCOUNT,ACC00743
RPT00140,VEH00052,VEHICLE,VEH00052
RPT00140,LOC0015,LOCATION,Zone_0015
RPT00141,P00409,PERSON,PERSON_00409
RPT00141,P00994,PERSON,PERSON_00994
RPT00141,PH00260,PHONE,PH00260
RPT00141,ACC00730,ACCOUNT,ACC00730
RPT00141,VEH00144,VEHICLE,VEH00144
RPT00141,LOC0065,LOCATION,Zone_0065
RPT00142,P00729,PERSON,PERSON_00729
RPT00142,P00903,PERSON,PERSON_00903
RPT00142,PH00821,PHONE,PH00821
RPT00142,ACC00073,ACCOUNT,ACC00073
RPT00142,VEH00286,VEHICLE,VEH00286
RPT00142,LOC0001,LOCATION,Zone_0001
RPT00143,P00433,PERSON,PERSON_00433
RPT00143,P00086,PERSON,PERSON_00086
RPT00143,PH00139,PHONE,PH00139
RPT00143,ACC00147,ACCOUNT,ACC00147
RPT00143,VEH00298,VEHICLE,VEH00298
RPT00143,LOC0161,LOCATION,Zone_0161
RPT00144,P00580,PERSON,PERSON_00580
RPT00144,P00373,PERSON,PERSON_00373
RPT00144,PH01153,PHONE,PH01153
RPT00144,ACC00466,ACCOUNT,ACC00466
RPT00144,VEH00068,VEHICLE,VEH00068
RPT00144,LOC0073,LOCATION,Zone_0073
RPT00145,P00199,PERSON,PERSON_00199
RPT00145,P00893,PERSON,PERSON_00893
RPT00145,PH00131,PHONE,PH00131
RPT00145,ACC00527,ACCOUNT,ACC00527
RPT00145,VEH00066,VEHICLE,VEH00066
RPT00145,LOC0004,LOCATION,Zone_0004
RPT00146,P00463,PERSON,PERSON_00463
RPT00146,P00788,PERSON,PERSON_00788
RPT00146,PH00577,PHONE,PH00577
RPT00146,ACC00991,ACCOUNT,ACC00991
RPT00146,VEH00298,VEHICLE,VEH00298
RPT00146,LOC0123,LOCATION,Zone_0123
RPT00147,P00832,PERSON,PERSON_00832
RPT00147,P00965,PERSON,PERSON_00965
RPT00147,PH00679,PHONE,PH00679
RPT00147,ACC00996,ACCOUNT,ACC00996
RPT00147,VEH00045,VEHICLE,VEH00045
RPT00147,LOC0124,LOCATION,Zone_0124
RPT00148,P00306,PERSON,PERSON_00306
RPT00148,P00188,PERSON,PERSON_00188
RPT00148,PH01058,PHONE,PH01058
RPT00148,ACC00680,ACCOUNT,ACC00680
RPT00148,VEH00114,VEHICLE,VEH00114
RPT00148,LOC0081,LOCATION,Zone_0081
RPT00149,P00402,PERSON,PERSON_00402
RPT00149,P00987,PERSON,PERSON_00987
RPT00149,PH00714,PHONE,PH00714
RPT00149,ACC00751,ACCOUNT,ACC00751
RPT00149,VEH00268,VEHICLE,VEH00268
RPT00149,LOC0148,LOCATION,Zone_0148
RPT00150,P00248,PERSON,PERSON_00248
RPT00150,P00468,PERSON,PERSON_00468
RPT00150,PH00926,PHONE,PH00926
RPT00150,ACC01105,ACCOUNT,ACC01105
RPT00150,VEH00221,VEHICLE,VEH00221
RPT00150,LOC0058,LOCATION,Zone_0058
RPT00151,P00320,PERSON,PERSON_00320
RPT00151,P00983,PERSON,PERSON_00983
RPT00151,PH00580,PHONE,PH00580
RPT00151,ACC00022,ACCOUNT,ACC00022
RPT00151,VEH00024,VEHICLE,VEH00024
RPT00151,LOC0132,LOCATION,Zone_0132
RPT00152,P00071,PERSON,PERSON_00071
RPT00152,P00411,PERSON,PERSON_00411
RPT00152,PH01143,PHONE,PH01143
RPT00152,ACC00697,ACCOUNT,ACC00697
RPT00152,VEH00348,VEHICLE,VEH00348
RPT00152,LOC0102,LOCATION,Zone_0102
RPT00153,P00871,PERSON,PERSON_00871
RPT00153,P00184,PERSON,PERSON_00184
RPT00153,PH00383,PHONE,PH00383
RPT00153,ACC00236,ACCOUNT,ACC00236
RPT00153,VEH00363,VEHICLE,VEH00363
RPT00153,LOC0130,LOCATION,Zone_0130
RPT00154,P00423,PERSON,PERSON_00423
RPT00154,P00722,PERSON,PERSON_00722
RPT00154,PH00768,PHONE,PH00768
RPT00154,ACC00141,ACCOUNT,ACC00141
RPT00154,VEH00069,VEHICLE,VEH00069
RPT00154,LOC0107,LOCATION,Zone_0107
RPT00155,P00259,PERSON,PERSON_00259
RPT00155,P00890,PERSON,PERSON_00890
RPT00155,PH00039,PHONE,PH00039
RPT00155,ACC00385,ACCOUNT,ACC00385
RPT00155,VEH00088,VEHICLE,VEH00088
RPT00155,LOC0039,LOCATION,Zone_0039
RPT00156,P00246,PERSON,PERSON_00246
RPT00156,P00116,PERSON,PERSON_00116
RPT00156,PH00409,PHONE,PH00409
RPT00156,ACC00200,ACCOUNT,ACC00200
RPT00156,VEH00357,VEHICLE,VEH00357
RPT00156,LOC0167,LOCATION,Zone_0167
RPT00157,P00257,PERSON,PERSON_00257
RPT00157,P00047,PERSON,PERSON_00047
RPT00157,PH00371,PHONE,PH00371
RPT00157,ACC00342,ACCOUNT,ACC00342
RPT00157,VEH00114,VEHICLE,VEH00114
RPT00157,LOC0077,LOCATION,Zone_0077
RPT00158,P00665,PERSON,PERSON_00665
RPT00158,P00054,PERSON,PERSON_00054
RPT00158,PH01045,PHONE,PH01045
RPT00158,ACC00603,ACCOUNT,ACC00603
RPT00158,VEH00266,VEHICLE,VEH00266
RPT00158,LOC0065,LOCATION,Zone_0065
RPT00159,P00748,PERSON,PERSON_00748
RPT00159,P00012,PERSON,PERSON_00012
RPT00159,PH00179,PHONE,PH00179
RPT00159,ACC00201,ACCOUNT,ACC00201
RPT00159,VEH00257,VEHICLE,VEH00257
RPT00159,LOC0126,LOCATION,Zone_0126
RPT00160,P00846,PERSON,PERSON_00846
RPT00160,P00905,PERSON,PERSON_00905
RPT00160,PH00090,PHONE,PH00090
RPT00160,ACC00260,ACCOUNT,ACC00260
RPT00160,VEH00266,VEHICLE,VEH00266
RPT00160,LOC0143,LOCATION,Zone_0143
RPT00161,P00946,PERSON,PERSON_00946
RPT00161,P00566,PERSON,PERSON_00566
RPT00161,PH00999,PHONE,PH00999
RPT00161,ACC00698,ACCOUNT,ACC00698
RPT00161,VEH00073,VEHICLE,VEH00073
RPT00161,LOC0099,LOCATION,Zone_0099
RPT00162,P00660,PERSON,PERSON_00660
RPT00162,P00658,PERSON,PERSON_00658
RPT00162,PH00252,PHONE,PH00252
RPT00162,ACC00777,ACCOUNT,ACC00777
RPT00162,VEH00224,VEHICLE,VEH00224
RPT00162,LOC0096,LOCATION,Zone_0096
RPT00163,P00287,PERSON,PERSON_00287
RPT00163,P00869,PERSON,PERSON_00869
RPT00163,PH00852,PHONE,PH00852
RPT00163,ACC00727,ACCOUNT,ACC00727
RPT00163,VEH00230,VEHICLE,VEH00230
RPT00163,LOC0121,LOCATION,Zone_0121
RPT00164,P00628,PERSON,PERSON_00628
RPT00164,P00140,PERSON,PERSON_00140
RPT00164,PH00781,PHONE,PH00781
RPT00164,ACC00263,ACCOUNT,ACC00263
RPT00164,VEH00149,VEHICLE,VEH00149
RPT00164,LOC0044,LOCATION,Zone_0044
RPT00165,P00384,PERSON,PERSON_00384
RPT00165,P00091,PERSON,PERSON_00091
RPT00165,PH00051,PHONE,PH00051
RPT00165,ACC00524,ACCOUNT,ACC00524
RPT00165,VEH00056,VEHICLE,VEH00056
RPT00165,LOC0058,LOCATION,Zone_0058
RPT00166,P00405,PERSON,PERSON_00405
RPT00166,P00803,PERSON,PERSON_00803
RPT00166,PH00803,PHONE,PH00803
RPT00166,ACC00592,ACCOUNT,ACC00592
RPT00166,VEH00064,VEHICLE,VEH00064
RPT00166,LOC0160,LOCATION,Zone_0160
RPT00167,P00838,PERSON,PERSON_00838
RPT00167,P00174,PERSON,PERSON_00174
RPT00167,PH00923,PHONE,PH00923
RPT00167,ACC00639,ACCOUNT,ACC00639
RPT00167,VEH00305,VEHICLE,VEH00305
RPT00167,LOC0122,LOCATION,Zone_0122
RPT00168,P00525,PERSON,PERSON_00525
RPT00168,P00036,PERSON,PERSON_00036
RPT00168,PH00543,PHONE,PH00543
RPT00168,ACC01050,ACCOUNT,ACC01050
RPT00168,VEH00062,VEHICLE,VEH00062
RPT00168,LOC0166,LOCATION,Zone_0166
RPT00169,P00954,PERSON,PERSON_00954
RPT00169,P00107,PERSON,PERSON_00107
RPT00169,PH00792,PHONE,PH00792
RPT00169,ACC00835,ACCOUNT,ACC00835
RPT00169,VEH00091,VEHICLE,VEH00091
RPT00169,LOC0097,LOCATION,Zone_0097
RPT00170,P00242,PERSON,PERSON_00242
RPT00170,P00730,PERSON,PERSON_00730
RPT00170,PH00986,PHONE,PH00986
RPT00170,ACC00901,ACCOUNT,ACC00901
RPT00170,VEH00007,VEHICLE,VEH00007
RPT00170,LOC0064,LOCATION,Zone_0064
RPT00171,P00705,PERSON,PERSON_00705
RPT00171,P00691,PERSON,PERSON_00691
RPT00171,PH00877,PHONE,PH00877
RPT00171,ACC00660,ACCOUNT,ACC00660
RPT00171,VEH00085,VEHICLE,VEH00085
RPT00171,LOC0107,LOCATION,Zone_0107
RPT00172,P00697,PERSON,PERSON_00697
RPT00172,P00815,PERSON,PERSON_00815
RPT00172,PH00747,PHONE,PH00747
RPT00172,ACC00927,ACCOUNT,ACC00927
RPT00172,VEH00035,VEHICLE,VEH00035
RPT00172,LOC0006,LOCATION,Zone_0006
RPT00173,P00103,PERSON,PERSON_00103
RPT00173,P00230,PERSON,PERSON_00230
RPT00173,PH00876,PHONE,PH00876
RPT00173,ACC00939,ACCOUNT,ACC00939
RPT00173,VEH00155,VEHICLE,VEH00155
RPT00173,LOC0042,LOCATION,Zone_0042
RPT00174,P00851,PERSON,PERSON_00851
RPT00174,P00465,PERSON,PERSON_00465
RPT00174,PH00701,PHONE,PH00701
RPT00174,ACC00130,ACCOUNT,ACC00130
RPT00174,VEH00298,VEHICLE,VEH00298
RPT00174,LOC0087,LOCATION,Zone_0087
RPT00175,P00280,PERSON,PERSON_00280
RPT00175,P00132,PERSON,PERSON_00132
RPT00175,PH00211,PHONE,PH00211
RPT00175,ACC00554,ACCOUNT,ACC00554
RPT00175,VEH00393,VEHICLE,VEH00393
RPT00175,LOC0178,LOCATION,Zone_0178
RPT00176,P00820,PERSON,PERSON_00820
RPT00176,P00952,PERSON,PERSON_00952
RPT00176,PH00867,PHONE,PH00867
RPT00176,ACC00577,ACCOUNT,ACC00577
RPT00176,VEH00115,VEHICLE,VEH00115
RPT00176,LOC0168,LOCATION,Zone_0168
RPT00177,P00318,PERSON,PERSON_00318
RPT00177,P00590,PERSON,PERSON_00590
RPT00177,PH00314,PHONE,PH00314
RPT00177,ACC00228,ACCOUNT,ACC00228
RPT00177,VEH00395,VEHICLE,VEH00395
RPT00177,LOC0159,LOCATION,Zone_0159
RPT00178,P00930,PERSON,PERSON_00930
RPT00178,P00209,PERSON,PERSON_00209
RPT00178,PH00908,PHONE,PH00908
RPT00178,ACC00742,ACCOUNT,ACC00742
RPT00178,VEH00222,VEHICLE,VEH00222
RPT00178,LOC0118,LOCATION,Zone_0118
RPT00179,P00613,PERSON,PERSON_00613
RPT00179,P00332,PERSON,PERSON_00332
RPT00179,PH00256,PHONE,PH00256
RPT00179,ACC00307,ACCOUNT,ACC00307
RPT00179,VEH00335,VEHICLE,VEH00335
RPT00179,LOC0096,LOCATION,Zone_0096
RPT00180,P00257,PERSON,PERSON_00257
RPT00180,P00045,PERSON,PERSON_00045
RPT00180,PH00371,PHONE,PH00371
RPT00180,ACC00342,ACCOUNT,ACC00342
RPT00180,VEH00335,VEHICLE,VEH00335
RPT00180,LOC0169,LOCATION,Zone_0169
RPT00181,P00788,PERSON,PERSON_00788
RPT00181,P00890,PERSON,PERSON_00890
RPT00181,PH00889,PHONE,PH00889
RPT00181,ACC01043,ACCOUNT,ACC01043
RPT00181,VEH00167,VEHICLE,VEH00167
RPT00181,LOC0124,LOCATION,Zone_0124
RPT00182,P00846,PERSON,PERSON_00846
RPT00182,P00807,PERSON,PERSON_00807
RPT00182,PH00090,PHONE,PH00090
RPT00182,ACC00260,ACCOUNT,ACC00260
RPT00182,VEH00299,VEHICLE,VEH00299
RPT00182,LOC0130,LOCATION,Zone_0130
RPT00183,P00513,PERSON,PERSON_00513
RPT00183,P00340,PERSON,PERSON_00340
RPT00183,PH01061,PHONE,PH01061
RPT00183,ACC00468,ACCOUNT,ACC00468
RPT00183,VEH00320,VEHICLE,VEH00320
RPT00183,LOC0099,LOCATION,Zone_0099
RPT00184,P00905,PERSON,PERSON_00905
RPT00184,P00496,PERSON,PERSON_00496
RPT00184,PH01138,PHONE,PH01138
RPT00184,ACC00491,ACCOUNT,ACC00491
RPT00184,VEH00037,VEHICLE,VEH00037
RPT00184,LOC0150,LOCATION,Zone_0150
RPT00185,P00664,PERSON,PERSON_00664
RPT00185,P00986,PERSON,PERSON_00986
RPT00185,PH01095,PHONE,PH01095
RPT00185,ACC00745,ACCOUNT,ACC00745
RPT00185,VEH00028,VEHICLE,VEH00028
RPT00185,LOC0059,LOCATION,Zone_0059
RPT00186,P00697,PERSON,PERSON_00697
RPT00186,P00674,PERSON,PERSON_00674
RPT00186,PH00922,PHONE,PH00922
RPT00186,ACC00927,ACCOUNT,ACC00927
RPT00186,VEH00154,VEHICLE,VEH00154
RPT00186,LOC0057,LOCATION,Zone_0057
RPT00187,P00230,PERSON,PERSON_00230
RPT00187,P00919,PERSON,PERSON_00919
RPT00187,PH00814,PHONE,PH00814
RPT00187,ACC00002,ACCOUNT,ACC00002
RPT00187,VEH00356,VEHICLE,VEH00356
RPT00187,LOC0170,LOCATION,Zone_0170
RPT00188,P00283,PERSON,PERSON_00283
RPT00188,P00047,PERSON,PERSON_00047
RPT00188,PH01072,PHONE,PH01072
RPT00188,ACC00243,ACCOUNT,ACC00243
RPT00188,VEH00246,VEHICLE,VEH00246
RPT00188,LOC0041,LOCATION,Zone_0041
RPT00189,P00315,PERSON,PERSON_00315
RPT00189,P00619,PERSON,PERSON_00619
RPT00189,PH00840,PHONE,PH00840
RPT00189,ACC00447,ACCOUNT,ACC00447
RPT00189,VEH00146,VEHICLE,VEH00146
RPT00189,LOC0062,LOCATION,Zone_0062
RPT00190,P00698,PERSON,PERSON_00698
RPT00190,P00398,PERSON,PERSON_00398
RPT00190,PH00107,PHONE,PH00107
RPT00190,ACC00706,ACCOUNT,ACC00706
RPT00190,VEH00056,VEHICLE,VEH00056
RPT00190,LOC0061,LOCATION,Zone_0061
RPT00191,P00749,PERSON,PERSON_00749
RPT00191,P00086,PERSON,PERSON_00086
RPT00191,PH00593,PHONE,PH00593
RPT00191,ACC00802,ACCOUNT,ACC00802
RPT00191,VEH00081,VEHICLE,VEH00081
RPT00191,LOC0007,LOCATION,Zone_0007
RPT00192,P00658,PERSON,PERSON_00658
RPT00192,P00452,PERSON,PERSON_00452
RPT00192,PH00723,PHONE,PH00723
RPT00192,ACC00076,ACCOUNT,ACC00076
RPT00192,VEH00143,VEHICLE,VEH00143
RPT00192,LOC0102,LOCATION,Zone_0102
RPT00193,P00504,PERSON,PERSON_00504
RPT00193,P00362,PERSON,PERSON_00362
RPT00193,PH01051,PHONE,PH01051
RPT00193,ACC00420,ACCOUNT,ACC00420
RPT00193,VEH00089,VEHICLE,VEH00089
RPT00193,LOC0114,LOCATION,Zone_0114
RPT00194,P00969,PERSON,PERSON_00969
RPT00194,P00164,PERSON,PERSON_00164
RPT00194,PH00655,PHONE,PH00655
RPT00194,ACC00227,ACCOUNT,ACC00227
RPT00194,VEH00226,VEHICLE,VEH00226
RPT00194,LOC0009,LOCATION,Zone_0009
RPT00195,P00596,PERSON,PERSON_00596
RPT00195,P00803,PERSON,PERSON_00803
RPT00195,PH00706,PHONE,PH00706
RPT00195,ACC00386,ACCOUNT,ACC00386
RPT00195,VEH00042,VEHICLE,VEH00042
RPT00195,LOC0157,LOCATION,Zone_0157
RPT00196,P00758,PERSON,PERSON_00758
RPT00196,P00612,PERSON,PERSON_00612
RPT00196,PH00769,PHONE,PH00769
RPT00196,ACC01187,ACCOUNT,ACC01187
RPT00196,VEH00273,VEHICLE,VEH00273
RPT00196,LOC0139,LOCATION,Zone_0139
RPT00197,P00517,PERSON,PERSON_00517
RPT00197,P00424,PERSON,PERSON_00424
RPT00197,PH00960,PHONE,PH00960
RPT00197,ACC00085,ACCOUNT,ACC00085
RPT00197,VEH00100,VEHICLE,VEH00100
RPT00197,LOC0102,LOCATION,Zone_0102
RPT00198,P00363,PERSON,PERSON_00363
RPT00198,P00157,PERSON,PERSON_00157
RPT00198,PH00386,PHONE,PH00386
RPT00198,ACC00277,ACCOUNT,ACC00277
RPT00198,VEH00262,VEHICLE,VEH00262
RPT00198,LOC0114,LOCATION,Zone_0114
RPT00199,P00576,PERSON,PERSON_00576
RPT00199,P00521,PERSON,PERSON_00521
RPT00199,PH00529,PHONE,PH00529
RPT00199,ACC00787,ACCOUNT,ACC00787
RPT00199,VEH00265,VEHICLE,VEH00265
RPT00199,LOC0033,LOCATION,Zone_0033
RPT00200,P00536,PERSON,PERSON_00536
RPT00200,P00371,PERSON,PERSON_00371
RPT00200,PH01033,PHONE,PH01033
RPT00200,ACC00049,ACCOUNT,ACC00049
RPT00200,VEH00022,VEHICLE,VEH00022
RPT00200,LOC0116,LOCATION,Zone_0116
RPT00201,P00015,PERSON,PERSON_00015
RPT00201,P00564,PERSON,PERSON_00564
RPT00201,PH00988,PHONE,PH00988
RPT00201,ACC01157,ACCOUNT,ACC01157
RPT00201,VEH00293,VEHICLE,VEH00293
RPT00201,LOC0024,LOCATION,Zone_0024
RPT00202,P00989,PERSON,PERSON_00989
RPT00202,P00122,PERSON,PERSON_00122
RPT00202,PH00578,PHONE,PH00578
RPT00202,ACC00066,ACCOUNT,ACC00066
RPT00202,VEH00056,VEHICLE,VEH00056
RPT00202,LOC0047,LOCATION,Zone_0047
RPT00203,P00541,PERSON,PERSON_00541
RPT00203,P00359,PERSON,PERSON_00359
RPT00203,PH00609,PHONE,PH00609
RPT00203,ACC01006,ACCOUNT,ACC01006
RPT00203,VEH00197,VEHICLE,VEH00197
RPT00203,LOC0023,LOCATION,Zone_0023
RPT00204,P00935,PERSON,PERSON_00935
RPT00204,P00983,PERSON,PERSON_00983
RPT00204,PH00104,PHONE,PH00104
RPT00204,ACC00754,ACCOUNT,ACC00754
RPT00204,VEH00011,VEHICLE,VEH00011
RPT00204,LOC0109,LOCATION,Zone_0109
RPT00205,P00018,PERSON,PERSON_00018
RPT00205,P00745,PERSON,PERSON_00745
RPT00205,PH00289,PHONE,PH00289
RPT00205,ACC00704,ACCOUNT,ACC00704
RPT00205,VEH00127,VEHICLE,VEH00127
RPT00205,LOC0060,LOCATION,Zone_0060
RPT00206,P00518,PERSON,PERSON_00518
RPT00206,P00924,PERSON,PERSON_00924
RPT00206,PH00466,PHONE,PH00466
RPT00206,ACC00018,ACCOUNT,ACC00018
RPT00206,VEH00091,VEHICLE,VEH00091
RPT00206,LOC0107,LOCATION,Zone_0107
RPT00207,P00436,PERSON,PERSON_00436
RPT00207,P00817,PERSON,PERSON_00817
RPT00207,PH01161,PHONE,PH01161
RPT00207,ACC00088,ACCOUNT,ACC00088
RPT00207,VEH00388,VEHICLE,VEH00388
RPT00207,LOC0158,LOCATION,Zone_0158
RPT00208,P00990,PERSON,PERSON_00990
RPT00208,P00501,PERSON,PERSON_00501
RPT00208,PH00325,PHONE,PH00325
RPT00208,ACC01045,ACCOUNT,ACC01045
RPT00208,VEH00168,VEHICLE,VEH00168
RPT00208,LOC0109,LOCATION,Zone_0109
RPT00209,P00380,PERSON,PERSON_00380
RPT00209,P00115,PERSON,PERSON_00115
RPT00209,PH00929,PHONE,PH00929
RPT00209,ACC00819,ACCOUNT,ACC00819
RPT00209,VEH00300,VEHICLE,VEH00300
RPT00209,LOC0180,LOCATION,Zone_0180
RPT00210,P00250,PERSON,PERSON_00250
RPT00210,P00925,PERSON,PERSON_00925
RPT00210,PH00974,PHONE,PH00974
RPT00210,ACC00144,ACCOUNT,ACC00144
RPT00210,VEH00101,VEHICLE,VEH00101
RPT00210,LOC0002,LOCATION,Zone_0002
RPT00211,P00084,PERSON,PERSON_00084
RPT00211,P00380,PERSON,PERSON_00380
RPT00211,PH00024,PHONE,PH00024
RPT00211,ACC00917,ACCOUNT,ACC00917
RPT00211,VEH00290,VEHICLE,VEH00290
RPT00211,LOC0129,LOCATION,Zone_0129
RPT00212,P00414,PERSON,PERSON_00414
RPT00212,P00661,PERSON,PERSON_00661
RPT00212,PH00144,PHONE,PH00144
RPT00212,ACC00799,ACCOUNT,ACC00799
RPT00212,VEH00190,VEHICLE,VEH00190
RPT00212,LOC0005,LOCATION,Zone_0005
RPT00213,P00392,PERSON,PERSON_00392
RPT00213,P00576,PERSON,PERSON_00576
RPT00213,PH00154,PHONE,PH00154
RPT00213,ACC00598,ACCOUNT,ACC00598
RPT00213,VEH00096,VEHICLE,VEH00096
RPT00213,LOC0090,LOCATION,Zone_0090
RPT00214,P00466,PERSON,PERSON_00466
RPT00214,P00483,PERSON,PERSON_00483
RPT00214,PH00214,PHONE,PH00214
RPT00214,ACC00982,ACCOUNT,ACC00982
RPT00214,VEH00024,VEHICLE,VEH00024
RPT00214,LOC0033,LOCATION,Zone_0033
RPT00215,P00700,PERSON,PERSON_00700
RPT00215,P00482,PERSON,PERSON_00482
RPT00215,PH00573,PHONE,PH00573
RPT00215,ACC00645,ACCOUNT,ACC00645
RPT00215,VEH00204,VEHICLE,VEH00204
RPT00215,LOC0015,LOCATION,Zone_0015
RPT00216,P00124,PERSON,PERSON_00124
RPT00216,P00077,PERSON,PERSON_00077
RPT00216,PH01108,PHONE,PH01108
RPT00216,ACC00907,ACCOUNT,ACC00907
RPT00216,VEH00343,VEHICLE,VEH00343
RPT00216,LOC0095,LOCATION,Zone_0095
RPT00217,P00503,PERSON,PERSON_00503
RPT00217,P00379,PERSON,PERSON_00379
RPT00217,PH00491,PHONE,PH00491
RPT00217,ACC01085,ACCOUNT,ACC01085
RPT00217,VEH00362,VEHICLE,VEH00362
RPT00217,LOC0175,LOCATION,Zone_0175
RPT00218,P00682,PERSON,PERSON_00682
RPT00218,P00771,PERSON,PERSON_00771
RPT00218,PH00864,PHONE,PH00864
RPT00218,ACC00966,ACCOUNT,ACC00966
RPT00218,VEH00143,VEHICLE,VEH00143
RPT00218,LOC0008,LOCATION,Zone_0008
RPT00219,P00207,PERSON,PERSON_00207
RPT00219,P00106,PERSON,PERSON_00106
RPT00219,PH00762,PHONE,PH00762
RPT00219,ACC00128,ACCOUNT,ACC00128
RPT00219,VEH00068,VEHICLE,VEH00068
RPT00219,LOC0130,LOCATION,Zone_0130
RPT00220,P00338,PERSON,PERSON_00338
RPT00220,P00181,PERSON,PERSON_00181
RPT00220,PH00973,PHONE,PH00973
RPT00220,ACC00107,ACCOUNT,ACC00107
RPT00220,VEH00074,VEHICLE,VEH00074
RPT00220,LOC0073,LOCATION,Zone_0073
RPT00221,P00943,PERSON,PERSON_00943
RPT00221,P00242,PERSON,PERSON_00242
RPT00221,PH01080,PHONE,PH01080
RPT00221,ACC00247,ACCOUNT,ACC00247
RPT00221,VEH00303,VEHICLE,VEH00303
RPT00221,LOC0174,LOCATION,Zone_0174
RPT00222,P00413,PERSON,PERSON_00413
RPT00222,P00148,PERSON,PERSON_00148
RPT00222,PH00277,PHONE,PH00277
RPT00222,ACC00975,ACCOUNT,ACC00975
RPT00222,VEH00315,VEHICLE,VEH00315
RPT00222,LOC0048,LOCATION,Zone_0048
RPT00223,P00301,PERSON,PERSON_00301
RPT00223,P00125,PERSON,PERSON_00125
RPT00223,PH00957,PHONE,PH00957
RPT00223,ACC00859,ACCOUNT,ACC00859
RPT00223,VEH00293,VEHICLE,VEH00293
RPT00223,LOC0133,LOCATION,Zone_0133
RPT00224,P00804,PERSON,PERSON_00804
RPT00224,P00864,PERSON,PERSON_00864
RPT00224,PH01082,PHONE,PH01082
RPT00224,ACC00658,ACCOUNT,ACC00658
RPT00224,VEH00078,VEHICLE,VEH00078
RPT00224,LOC0150,LOCATION,Zone_0150
RPT00225,P00196,PERSON,PERSON_00196
RPT00225,P00795,PERSON,PERSON_00795
RPT00225,PH00259,PHONE,PH00259
RPT00225,ACC00462,ACCOUNT,ACC00462
RPT00225,VEH00193,VEHICLE,VEH00193
RPT00225,LOC0023,LOCATION,Zone_0023
RPT00226,P00811,PERSON,PERSON_00811
RPT00226,P00322,PERSON,PERSON_00322
RPT00226,PH01087,PHONE,PH01087
RPT00226,ACC00507,ACCOUNT,ACC00507
RPT00226,VEH00125,VEHICLE,VEH00125
RPT00226,LOC0087,LOCATION,Zone_0087
RPT00227,P00201,PERSON,PERSON_00201
RPT00227,P00519,PERSON,PERSON_00519
RPT00227,PH00618,PHONE,PH00618
RPT00227,ACC00254,ACCOUNT,ACC00254
RPT00227,VEH00372,VEHICLE,VEH00372
RPT00227,LOC0033,LOCATION,Zone_0033
RPT00228,P00944,PERSON,PERSON_00944
RPT00228,P00083,PERSON,PERSON_00083
RPT00228,PH00145,PHONE,PH00145
RPT00228,ACC00906,ACCOUNT,ACC00906
RPT00228,VEH00387,VEHICLE,VEH00387
RPT00228,LOC0013,LOCATION,Zone_0013
RPT00229,P00022,PERSON,PERSON_00022
RPT00229,P00376,PERSON,PERSON_00376
RPT00229,PH00474,PHONE,PH00474
RPT00229,ACC00067,ACCOUNT,ACC00067
RPT00229,VEH00248,VEHICLE,VEH00248
RPT00229,LOC0150,LOCATION,Zone_0150
RPT00230,P00870,PERSON,PERSON_00870
RPT00230,P00661,PERSON,PERSON_00661
RPT00230,PH01028,PHONE,PH01028
RPT00230,ACC00290,ACCOUNT,ACC00290
RPT00230,VEH00024,VEHICLE,VEH00024
RPT00230,LOC0058,LOCATION,Zone_0058
RPT00231,P00074,PERSON,PERSON_00074
RPT00231,P00510,PERSON,PERSON_00510
RPT00231,PH00454,PHONE,PH00454
RPT00231,ACC00440,ACCOUNT,ACC00440
RPT00231,VEH00127,VEHICLE,VEH00127
RPT00231,LOC0157,LOCATION,Zone_0157
RPT00232,P00976,PERSON,PERSON_00976
RPT00232,P00671,PERSON,PERSON_00671
RPT00232,PH00219,PHONE,PH00219
RPT00232,ACC00390,ACCOUNT,ACC00390
RPT00232,VEH00059,VEHICLE,VEH00059
RPT00232,LOC0081,LOCATION,Zone_0081
RPT00233,P00141,PERSON,PERSON_00141
RPT00233,P00386,PERSON,PERSON_00386
RPT00233,PH00097,PHONE,PH00097
RPT00233,ACC01063,ACCOUNT,ACC01063
RPT00233,VEH00214,VEHICLE,VEH00214
RPT00233,LOC0079,LOCATION,Zone_0079
RPT00234,P00299,PERSON,PERSON_00299
RPT00234,P00109,PERSON,PERSON_00109
RPT00234,PH00843,PHONE,PH00843
RPT00234,ACC00881,ACCOUNT,ACC00881
RPT00234,VEH00133,VEHICLE,VEH00133
RPT00234,LOC0136,LOCATION,Zone_0136
RPT00235,P00020,PERSON,PERSON_00020
RPT00235,P00616,PERSON,PERSON_00616
RPT00235,PH00820,PHONE,PH00820
RPT00235,ACC00452,ACCOUNT,ACC00452
RPT00235,VEH00302,VEHICLE,VEH00302
RPT00235,LOC0003,LOCATION,Zone_0003
RPT00236,P00317,PERSON,PERSON_00317
RPT00236,P00623,PERSON,PERSON_00623
RPT00236,PH00979,PHONE,PH00979
RPT00236,ACC00879,ACCOUNT,ACC00879
RPT00236,VEH00021,VEHICLE,VEH00021
RPT00236,LOC0178,LOCATION,Zone_0178
RPT00237,P00433,PERSON,PERSON_00433
RPT00237,P00007,PERSON,PERSON_00007
RPT00237,PH00139,PHONE,PH00139
RPT00237,ACC00147,ACCOUNT,ACC00147
RPT00237,VEH00264,VEHICLE,VEH00264
RPT00237,LOC0046,LOCATION,Zone_0046
RPT00238,P00821,PERSON,PERSON_00821
RPT00238,P00056,PERSON,PERSON_00056
RPT00238,PH00727,PHONE,PH00727
RPT00238,ACC00025,ACCOUNT,ACC00025
RPT00238,VEH00109,VEHICLE,VEH00109
RPT00238,LOC0092,LOCATION,Zone_0092
RPT00239,P00919,PERSON,PERSON_00919
RPT00239,P00571,PERSON,PERSON_00571
RPT00239,PH00066,PHONE,PH00066
RPT00239,ACC00351,ACCOUNT,ACC00351
RPT00239,VEH00159,VEHICLE,VEH00159
RPT00239,LOC0161,LOCATION,Zone_0161
RPT00240,P00152,PERSON,PERSON_00152
RPT00240,P00103,PERSON,PERSON_00103
RPT00240,PH01125,PHONE,PH01125
RPT00240,ACC00037,ACCOUNT,ACC00037
RPT00240,VEH00181,VEHICLE,VEH00181
RPT00240,LOC0015,LOCATION,Zone_0015
RPT00241,P00977,PERSON,PERSON_00977
RPT00241,P00658,PERSON,PERSON_00658
RPT00241,PH00456,PHONE,PH00456
RPT00241,ACC00101,ACCOUNT,ACC00101
RPT00241,VEH00066,VEHICLE,VEH00066
RPT00241,LOC0023,LOCATION,Zone_0023
RPT00242,P00304,PERSON,PERSON_00304
RPT00242,P00808,PERSON,PERSON_00808
RPT00242,PH00432,PHONE,PH00432
RPT00242,ACC00961,ACCOUNT,ACC00961
RPT00242,VEH00179,VEHICLE,VEH00179
RPT00242,LOC0048,LOCATION,Zone_0048
RPT00243,P00870,PERSON,PERSON_00870
RPT00243,P00904,PERSON,PERSON_00904
RPT00243,PH01028,PHONE,PH01028
RPT00243,ACC00290,ACCOUNT,ACC00290
RPT00243,VEH00302,VEHICLE,VEH00302
RPT00243,LOC0093,LOCATION,Zone_0093
RPT00244,P00836,PERSON,PERSON_00836
RPT00244,P00806,PERSON,PERSON_00806
RPT00244,PH00069,PHONE,PH00069
RPT00244,ACC00311,ACCOUNT,ACC00311
RPT00244,VEH00030,VEHICLE,VEH00030
RPT00244,LOC0101,LOCATION,Zone_0101
RPT00245,P00579,PERSON,PERSON_00579
RPT00245,P00664,PERSON,PERSON_00664
RPT00245,PH00535,PHONE,PH00535
RPT00245,ACC00033,ACCOUNT,ACC00033
RPT00245,VEH00052,VEHICLE,VEH00052
RPT00245,LOC0018,LOCATION,Zone_0018
RPT00246,P00533,PERSON,PERSON_00533
RPT00246,P00213,PERSON,PERSON_00213
RPT00246,PH01083,PHONE,PH01083
RPT00246,ACC00817,ACCOUNT,ACC00817
RPT00246,VEH00320,VEHICLE,VEH00320
RPT00246,LOC0064,LOCATION,Zone_0064
RPT00247,P00476,PERSON,PERSON_00476
RPT00247,P00772,PERSON,PERSON_00772
RPT00247,PH00161,PHONE,PH00161
RPT00247,ACC00793,ACCOUNT,ACC00793
RPT00247,VEH00068,VEHICLE,VEH00068
RPT00247,LOC0017,LOCATION,Zone_0017
RPT00248,P00417,PERSON,PERSON_00417
RPT00248,P00419,PERSON,PERSON_00419
RPT00248,PH00362,PHONE,PH00362
RPT00248,ACC00220,ACCOUNT,ACC00220
RPT00248,VEH00193,VEHICLE,VEH00193
RPT00248,LOC0173,LOCATION,Zone_0173
RPT00249,P00416,PERSON,PERSON_00416
RPT00249,P00737,PERSON,PERSON_00737
RPT00249,PH00457,PHONE,PH00457
RPT00249,ACC00374,ACCOUNT,ACC00374
RPT00249,VEH00105,VEHICLE,VEH00105
RPT00249,LOC0163,LOCATION,Zone_0163
RPT00250,P00850,PERSON,PERSON_00850
RPT00250,P00055,PERSON,PERSON_00055
RPT00250,PH00598,PHONE,PH00598
RPT00250,ACC01189,ACCOUNT,ACC01189
RPT00250,VEH00057,VEHICLE,VEH00057
RPT00250,LOC0009,LOCATION,Zone_0009
RPT00251,P00240,PERSON,PERSON_00240
RPT00251,P00432,PERSON,PERSON_00432
RPT00251,PH01107,PHONE,PH01107
RPT00251,ACC01108,ACCOUNT,ACC01108
RPT00251,VEH00210,VEHICLE,VEH00210
RPT00251,LOC0107,LOCATION,Zone_0107
RPT00252,P00588,PERSON,PERSON_00588
RPT00252,P00879,PERSON,PERSON_00879
RPT00252,PH00595,PHONE,PH00595
RPT00252,ACC00233,ACCOUNT,ACC00233
RPT00252,VEH00255,VEHICLE,VEH00255
RPT00252,LOC0163,LOCATION,Zone_0163
RPT00253,P00985,PERSON,PERSON_00985
RPT00253,P00336,PERSON,PERSON_00336
RPT00253,PH00698,PHONE,PH00698
RPT00253,ACC00587,ACCOUNT,ACC00587
RPT00253,VEH00161,VEHICLE,VEH00161
RPT00253,LOC0133,LOCATION,Zone_0133
RPT00254,P00140,PERSON,PERSON_00140
RPT00254,P00005,PERSON,PERSON_00005
RPT00254,PH00257,PHONE,PH00257
RPT00254,ACC01132,ACCOUNT,ACC01132
RPT00254,VEH00155,VEHICLE,VEH00155
RPT00254,LOC0104,LOCATION,Zone_0104
RPT00255,P00676,PERSON,PERSON_00676
RPT00255,P00836,PERSON,PERSON_00836
RPT00255,PH00342,PHONE,PH00342
RPT00255,ACC01170,ACCOUNT,ACC01170
RPT00255,VEH00294,VEHICLE,VEH00294
RPT00255,LOC0053,LOCATION,Zone_0053
RPT00256,P00619,PERSON,PERSON_00619
RPT00256,P00731,PERSON,PERSON_00731
RPT00256,PH00003,PHONE,PH00003
RPT00256,ACC00948,ACCOUNT,ACC00948
RPT00256,VEH00183,VEHICLE,VEH00183
RPT00256,LOC0101,LOCATION,Zone_0101
RPT00257,P00322,PERSON,PERSON_00322
RPT00257,P00128,PERSON,PERSON_00128
RPT00257,PH00615,PHONE,PH00615
RPT00257,ACC00913,ACCOUNT,ACC00913
RPT00257,VEH00138,VEHICLE,VEH00138
RPT00257,LOC0023,LOCATION,Zone_0023
RPT00258,P00762,PERSON,PERSON_00762
RPT00258,P00815,PERSON,PERSON_00815
RPT00258,PH01032,PHONE,PH01032
RPT00258,ACC00281,ACCOUNT,ACC00281
RPT00258,VEH00300,VEHICLE,VEH00300
RPT00258,LOC0138,LOCATION,Zone_0138
RPT00259,P00772,PERSON,PERSON_00772
RPT00259,P00420,PERSON,PERSON_00420
RPT00259,PH00379,PHONE,PH00379
RPT00259,ACC00151,ACCOUNT,ACC00151
RPT00259,VEH00034,VEHICLE,VEH00034
RPT00259,LOC0150,LOCATION,Zone_0150
RPT00260,P00848,PERSON,PERSON_00848
RPT00260,P00131,PERSON,PERSON_00131
RPT00260,PH00962,PHONE,PH00962
RPT00260,ACC01078,ACCOUNT,ACC01078
RPT00260,VEH00366,VEHICLE,VEH00366
RPT00260,LOC0125,LOCATION,Zone_0125
RPT00261,P00894,PERSON,PERSON_00894
RPT00261,P00531,PERSON,PERSON_00531
RPT00261,PH00648,PHONE,PH00648
RPT00261,ACC01038,ACCOUNT,ACC01038
RPT00261,VEH00354,VEHICLE,VEH00354
RPT00261,LOC0069,LOCATION,Zone_0069
RPT00262,P00070,PERSON,PERSON_00070
RPT00262,P00188,PERSON,PERSON_00188
RPT00262,PH00148,PHONE,PH00148
RPT00262,ACC00547,ACCOUNT,ACC00547
RPT00262,VEH00157,VEHICLE,VEH00157
RPT00262,LOC0102,LOCATION,Zone_0102
RPT00263,P00348,PERSON,PERSON_00348
RPT00263,P00721,PERSON,PERSON_00721
RPT00263,PH00091,PHONE,PH00091
RPT00263,ACC00962,ACCOUNT,ACC00962
RPT00263,VEH00104,VEHICLE,VEH00104
RPT00263,LOC0123,LOCATION,Zone_0123
RPT00264,P00726,PERSON,PERSON_00726
RPT00264,P00802,PERSON,PERSON_00802
RPT00264,PH00357,PHONE,PH00357
RPT00264,ACC00755,ACCOUNT,ACC00755
RPT00264,VEH00336,VEHICLE,VEH00336
RPT00264,LOC0137,LOCATION,Zone_0137
RPT00265,P00643,PERSON,PERSON_00643
RPT00265,P00254,PERSON,PERSON_00254
RPT00265,PH00672,PHONE,PH00672
RPT00265,ACC00861,ACCOUNT,ACC00861
RPT00265,VEH00348,VEHICLE,VEH00348
RPT00265,LOC0138,LOCATION,Zone_0138
RPT00266,P00796,PERSON,PERSON_00796
RPT00266,P00028,PERSON,PERSON_00028
RPT00266,PH00817,PHONE,PH00817
RPT00266,ACC00734,ACCOUNT,ACC00734
RPT00266,VEH00336,VEHICLE,VEH00336
RPT00266,LOC0015,LOCATION,Zone_0015
RPT00267,P00584,PERSON,PERSON_00584
RPT00267,P00669,PERSON,PERSON_00669
RPT00267,PH01134,PHONE,PH01134
RPT00267,ACC01016,ACCOUNT,ACC01016
RPT00267,VEH00386,VEHICLE,VEH00386
RPT00267,LOC0098,LOCATION,Zone_0098
RPT00268,P00605,PERSON,PERSON_00605
RPT00268,P00011,PERSON,PERSON_00011
RPT00268,PH00742,PHONE,PH00742
RPT00268,ACC00678,ACCOUNT,ACC00678
RPT00268,VEH00048,VEHICLE,VEH00048
RPT00268,LOC0007,LOCATION,Zone_0007
RPT00269,P00217,PERSON,PERSON_00217
RPT00269,P00271,PERSON,PERSON_00271
RPT00269,PH00451,PHONE,PH00451
RPT00269,ACC00163,ACCOUNT,ACC00163
RPT00269,VEH00357,VEHICLE,VEH00357
RPT00269,LOC0072,LOCATION,Zone_0072
RPT00270,P00257,PERSON,PERSON_00257
RPT00270,P00343,PERSON,PERSON_00343
RPT00270,PH00371,PHONE,PH00371
RPT00270,ACC00342,ACCOUNT,ACC00342
RPT00270,VEH00297,VEHICLE,VEH00297
RPT00270,LOC0112,LOCATION,Zone_0112
RPT00271,P00154,PERSON,PERSON_00154
RPT00271,P00789,PERSON,PERSON_00789
RPT00271,PH00258,PHONE,PH00258
RPT00271,ACC00055,ACCOUNT,ACC00055
RPT00271,VEH00267,VEHICLE,VEH00267
RPT00271,LOC0027,LOCATION,Zone_0027
RPT00272,P00117,PERSON,PERSON_00117
RPT00272,P00777,PERSON,PERSON_00777
RPT00272,PH01193,PHONE,PH01193
RPT00272,ACC01175,ACCOUNT,ACC01175
RPT00272,VEH00077,VEHICLE,VEH00077
RPT00272,LOC0150,LOCATION,Zone_0150
RPT00273,P00886,PERSON,PERSON_00886
RPT00273,P00910,PERSON,PERSON_00910
RPT00273,PH01112,PHONE,PH01112
RPT00273,ACC00249,ACCOUNT,ACC00249
RPT00273,VEH00384,VEHICLE,VEH00384
RPT00273,LOC0084,LOCATION,Zone_0084
RPT00274,P00351,PERSON,PERSON_00351
RPT00274,P00330,PERSON,PERSON_00330
RPT00274,PH01065,PHONE,PH01065
RPT00274,ACC00208,ACCOUNT,ACC00208
RPT00274,VEH00095,VEHICLE,VEH00095
RPT00274,LOC0009,LOCATION,Zone_0009
RPT00275,P00712,PERSON,PERSON_00712
RPT00275,P00544,PERSON,PERSON_00544
RPT00275,PH00708,PHONE,PH00708
RPT00275,ACC01145,ACCOUNT,ACC01145
RPT00275,VEH00246,VEHICLE,VEH00246
RPT00275,LOC0094,LOCATION,Zone_0094
RPT00276,P00960,PERSON,PERSON_00960
RPT00276,P00624,PERSON,PERSON_00624
RPT00276,PH00641,PHONE,PH00641
RPT00276,ACC00381,ACCOUNT,ACC00381
RPT00276,VEH00262,VEHICLE,VEH00262
RPT00276,LOC0128,LOCATION,Zone_0128
RPT00277,P00199,PERSON,PERSON_00199
RPT00277,P00028,PERSON,PERSON_00028
RPT00277,PH00131,PHONE,PH00131
RPT00277,ACC00527,ACCOUNT,ACC00527
RPT00277,VEH00209,VEHICLE,VEH00209
RPT00277,LOC0101,LOCATION,Zone_0101
RPT00278,P00199,PERSON,PERSON_00199
RPT00278,P00884,PERSON,PERSON_00884
RPT00278,PH00131,PHONE,PH00131
RPT00278,ACC00527,ACCOUNT,ACC00527
RPT00278,VEH00011,VEHICLE,VEH00011
RPT00278,LOC0155,LOCATION,Zone_0155
RPT00279,P00359,PERSON,PERSON_00359
RPT00279,P00270,PERSON,PERSON_00270
RPT00279,PH01106,PHONE,PH01106
RPT00279,ACC00237,ACCOUNT,ACC00237
RPT00279,VEH00015,VEHICLE,VEH00015
RPT00279,LOC0021,LOCATION,Zone_0021
RPT00280,P00708,PERSON,PERSON_00708
RPT00280,P00214,PERSON,PERSON_00214
RPT00280,PH00269,PHONE,PH00269
RPT00280,ACC00050,ACCOUNT,ACC00050
RPT00280,VEH00228,VEHICLE,VEH00228
RPT00280,LOC0151,LOCATION,Zone_0151
RPT00281,P00695,PERSON,PERSON_00695
RPT00281,P00746,PERSON,PERSON_00746
RPT00281,PH00343,PHONE,PH00343
RPT00281,ACC00400,ACCOUNT,ACC00400
RPT00281,VEH00172,VEHICLE,VEH00172
RPT00281,LOC0113,LOCATION,Zone_0113
RPT00282,P00451,PERSON,PERSON_00451
RPT00282,P00855,PERSON,PERSON_00855
RPT00282,PH01117,PHONE,PH01117
RPT00282,ACC01154,ACCOUNT,ACC01154
RPT00282,VEH00217,VEHICLE,VEH00217
RPT00282,LOC0147,LOCATION,Zone_0147
RPT00283,P00739,PERSON,PERSON_00739
RPT00283,P00938,PERSON,PERSON_00938
RPT00283,PH00329,PHONE,PH00329
RPT00283,ACC00517,ACCOUNT,ACC00517
RPT00283,VEH00255,VEHICLE,VEH00255
RPT00283,LOC0016,LOCATION,Zone_0016
RPT00284,P00624,PERSON,PERSON_00624
RPT00284,P00942,PERSON,PERSON_00942
RPT00284,PH00202,PHONE,PH00202
RPT00284,ACC00883,ACCOUNT,ACC00883
RPT00284,VEH00144,VEHICLE,VEH00144
RPT00284,LOC0180,LOCATION,Zone_0180
RPT00285,P00466,PERSON,PERSON_00466
RPT00285,P00316,PERSON,PERSON_00316
RPT00285,PH00214,PHONE,PH00214
RPT00285,ACC00982,ACCOUNT,ACC00982
RPT00285,VEH00105,VEHICLE,VEH00105
RPT00285,LOC0126,LOCATION,Zone_0126
RPT00286,P00719,PERSON,PERSON_00719
RPT00286,P00684,PERSON,PERSON_00684
RPT00286,PH01007,PHONE,PH01007
RPT00286,ACC00136,ACCOUNT,ACC00136
RPT00286,VEH00088,VEHICLE,VEH00088
RPT00286,LOC0004,LOCATION,Zone_0004
RPT00287,P00608,PERSON,PERSON_00608
RPT00287,P00512,PERSON,PERSON_00512
RPT00287,PH00302,PHONE,PH00302
RPT00287,ACC00665,ACCOUNT,ACC00665
RPT00287,VEH00279,VEHICLE,VEH00279
RPT00287,LOC0056,LOCATION,Zone_0056
RPT00288,P00731,PERSON,PERSON_00731
RPT00288,P00515,PERSON,PERSON_00515
RPT00288,PH00453,PHONE,PH00453
RPT00288,ACC00687,ACCOUNT,ACC00687
RPT00288,VEH00304,VEHICLE,VEH00304
RPT00288,LOC0086,LOCATION,Zone_0086
RPT00289,P00495,PERSON,PERSON_00495
RPT00289,P00175,PERSON,PERSON_00175
RPT00289,PH00925,PHONE,PH00925
RPT00289,ACC00805,ACCOUNT,ACC00805
RPT00289,VEH00071,VEHICLE,VEH00071
RPT00289,LOC0170,LOCATION,Zone_0170
RPT00290,P00792,PERSON,PERSON_00792
RPT00290,P00842,PERSON,PERSON_00842
RPT00290,PH00996,PHONE,PH00996
RPT00290,ACC00172,ACCOUNT,ACC00172
RPT00290,VEH00061,VEHICLE,VEH00061
RPT00290,LOC0104,LOCATION,Zone_0104
RPT00291,P00317,PERSON,PERSON_00317
RPT00291,P00526,PERSON,PERSON_00526
RPT00291,PH00979,PHONE,PH00979
RPT00291,ACC00879,ACCOUNT,ACC00879
RPT00291,VEH00077,VEHICLE,VEH00077
RPT00291,LOC0019,LOCATION,Zone_0019
RPT00292,P00585,PERSON,PERSON_00585
RPT00292,P00223,PERSON,PERSON_00223
RPT00292,PH00992,PHONE,PH00992
RPT00292,ACC00184,ACCOUNT,ACC00184
RPT00292,VEH00144,VEHICLE,VEH00144
RPT00292,LOC0172,LOCATION,Zone_0172
RPT00293,P00765,PERSON,PERSON_00765
RPT00293,P00099,PERSON,PERSON_00099
RPT00293,PH00193,PHONE,PH00193
RPT00293,ACC00445,ACCOUNT,ACC00445
RPT00293,VEH00370,VEHICLE,VEH00370
RPT00293,LOC0049,LOCATION,Zone_0049
RPT00294,P00394,PERSON,PERSON_00394
RPT00294,P00189,PERSON,PERSON_00189
RPT00294,PH00147,PHONE,PH00147
RPT00294,ACC00903,ACCOUNT,ACC00903
RPT00294,VEH00304,VEHICLE,VEH00304
RPT00294,LOC0076,LOCATION,Zone_0076
RPT00295,P00741,PERSON,PERSON_00741
RPT00295,P00585,PERSON,PERSON_00585
RPT00295,PH00828,PHONE,PH00828
RPT00295,ACC00140,ACCOUNT,ACC00140
RPT00295,VEH00143,VEHICLE,VEH00143
RPT00295,LOC0086,LOCATION,Zone_0086
RPT00296,P00981,PERSON,PERSON_00981
RPT00296,P00916,PERSON,PERSON_00916
RPT00296,PH01105,PHONE,PH01105
RPT00296,ACC00884,ACCOUNT,ACC00884
RPT00296,VEH00222,VEHICLE,VEH00222
RPT00296,LOC0092,LOCATION,Zone_0092
RPT00297,P00703,PERSON,PERSON_00703
RPT00297,P00754,PERSON,PERSON_00754
RPT00297,PH00646,PHONE,PH00646
RPT00297,ACC01149,ACCOUNT,ACC01149
RPT00297,VEH00172,VEHICLE,VEH00172
RPT00297,LOC0078,LOCATION,Zone_0078
RPT00298,P00919,PERSON,PERSON_00919
RPT00298,P00772,PERSON,PERSON_00772
RPT00298,PH00066,PHONE,PH00066
RPT00298,ACC00351,ACCOUNT,ACC00351
RPT00298,VEH00028,VEHICLE,VEH00028
RPT00298,LOC0059,LOCATION,Zone_0059
RPT00299,P00479,PERSON,PERSON_00479
RPT00299,P00624,PERSON,PERSON_00624
RPT00299,PH00523,PHONE,PH00523
RPT00299,ACC00467,ACCOUNT,ACC00467
RPT00299,VEH00093,VEHICLE,VEH00093
RPT00299,LOC0074,LOCATION,Zone_0074
RPT00300,P00309,PERSON,PERSON_00309
RPT00300,P00593,PERSON,PERSON_00593
RPT00300,PH00114,PHONE,PH00114
RPT00300,ACC00979,ACCOUNT,ACC00979
RPT00300,VEH00261,VEHICLE,VEH00261
RPT00300,LOC0069,LOCATION,Zone_0069
RPT00301,P00085,PERSON,PERSON_00085
RPT00301,P00725,PERSON,PERSON_00725
RPT00301,PH00207,PHONE,PH00207
RPT00301,ACC00410,ACCOUNT,ACC00410
RPT00301,VEH00081,VEHICLE,VEH00081
RPT00301,LOC0007,LOCATION,Zone_0007
RPT00302,P00038,PERSON,PERSON_00038
RPT00302,P00633,PERSON,PERSON_00633
RPT00302,PH01093,PHONE,PH01093
RPT00302,ACC00366,ACCOUNT,ACC00366
RPT00302,VEH00366,VEHICLE,VEH00366
RPT00302,LOC0016,LOCATION,Zone_0016
RPT00303,P00827,PERSON,PERSON_00827
RPT00303,P00114,PERSON,PERSON_00114
RPT00303,PH00716,PHONE,PH00716
RPT00303,ACC00858,ACCOUNT,ACC00858
RPT00303,VEH00222,VEHICLE,VEH00222
RPT00303,LOC0009,LOCATION,Zone_0009
RPT00304,P00028,PERSON,PERSON_00028
RPT00304,P00537,PERSON,PERSON_00537
RPT00304,PH00872,PHONE,PH00872
RPT00304,ACC00887,ACCOUNT,ACC00887
RPT00304,VEH00287,VEHICLE,VEH00287
RPT00304,LOC0006,LOCATION,Zone_0006
RPT00305,P00777,PERSON,PERSON_00777
RPT00305,P00449,PERSON,PERSON_00449
RPT00305,PH00644,PHONE,PH00644
RPT00305,ACC00894,ACCOUNT,ACC00894
RPT00305,VEH00351,VEHICLE,VEH00351
RPT00305,LOC0107,LOCATION,Zone_0107
RPT00306,P00821,PERSON,PERSON_00821
RPT00306,P00315,PERSON,PERSON_00315
RPT00306,PH00727,PHONE,PH00727
RPT00306,ACC00025,ACCOUNT,ACC00025
RPT00306,VEH00176,VEHICLE,VEH00176
RPT00306,LOC0025,LOCATION,Zone_0025
RPT00307,P00915,PERSON,PERSON_00915
RPT00307,P00422,PERSON,PERSON_00422
RPT00307,PH00358,PHONE,PH00358
RPT00307,ACC00161,ACCOUNT,ACC00161
RPT00307,VEH00134,VEHICLE,VEH00134
RPT00307,LOC0074,LOCATION,Zone_0074
RPT00308,P00454,PERSON,PERSON_00454
RPT00308,P00029,PERSON,PERSON_00029
RPT00308,PH01122,PHONE,PH01122
RPT00308,ACC00833,ACCOUNT,ACC00833
RPT00308,VEH00184,VEHICLE,VEH00184
RPT00308,LOC0032,LOCATION,Zone_0032
RPT00309,P00107,PERSON,PERSON_00107
RPT00309,P00735,PERSON,PERSON_00735
RPT00309,PH00622,PHONE,PH00622
RPT00309,ACC00720,ACCOUNT,ACC00720
RPT00309,VEH00254,VEHICLE,VEH00254
RPT00309,LOC0041,LOCATION,Zone_0041
RPT00310,P00132,PERSON,PERSON_00132
RPT00310,P00989,PERSON,PERSON_00989
RPT00310,PH00522,PHONE,PH00522
RPT00310,ACC01193,ACCOUNT,ACC01193
RPT00310,VEH00101,VEHICLE,VEH00101
RPT00310,LOC0128,LOCATION,Zone_0128
RPT00311,P00153,PERSON,PERSON_00153
RPT00311,P00904,PERSON,PERSON_00904
RPT00311,PH00275,PHONE,PH00275
RPT00311,ACC00856,ACCOUNT,ACC00856
RPT00311,VEH00155,VEHICLE,VEH00155
RPT00311,LOC0056,LOCATION,Zone_0056
RPT00312,P00493,PERSON,PERSON_00493
RPT00312,P00297,PERSON,PERSON_00297
RPT00312,PH00909,PHONE,PH00909
RPT00312,ACC01040,ACCOUNT,ACC01040
RPT00312,VEH00128,VEHICLE,VEH00128
RPT00312,LOC0132,LOCATION,Zone_0132
RPT00313,P00879,PERSON,PERSON_00879
RPT00313,P00285,PERSON,PERSON_00285
RPT00313,PH00465,PHONE,PH00465
RPT00313,ACC00409,ACCOUNT,ACC00409
RPT00313,VEH00279,VEHICLE,VEH00279
RPT00313,LOC0030,LOCATION,Zone_0030
RPT00314,P00112,PERSON,PERSON_00112
RPT00314,P00849,PERSON,PERSON_00849
RPT00314,PH00265,PHONE,PH00265
RPT00314,ACC01111,ACCOUNT,ACC01111
RPT00314,VEH00127,VEHICLE,VEH00127
RPT00314,LOC0125,LOCATION,Zone_0125
RPT00315,P00069,PERSON,PERSON_00069
RPT00315,P00790,PERSON,PERSON_00790
RPT00315,PH00290,PHONE,PH00290
RPT00315,ACC01031,ACCOUNT,ACC01031
RPT00315,VEH00187,VEHICLE,VEH00187
RPT00315,LOC0079,LOCATION,Zone_0079
RPT00316,P00417,PERSON,PERSON_00417
RPT00316,P00537,PERSON,PERSON_00537
RPT00316,PH00660,PHONE,PH00660
RPT00316,ACC00220,ACCOUNT,ACC00220
RPT00316,VEH00027,VEHICLE,VEH00027
RPT00316,LOC0089,LOCATION,Zone_0089
RPT00317,P00549,PERSON,PERSON_00549
RPT00317,P00741,PERSON,PERSON_00741
RPT00317,PH00159,PHONE,PH00159
RPT00317,ACC00368,ACCOUNT,ACC00368
RPT00317,VEH00348,VEHICLE,VEH00348
RPT00317,LOC0097,LOCATION,Zone_0097
RPT00318,P00579,PERSON,PERSON_00579
RPT00318,P00248,PERSON,PERSON_00248
RPT00318,PH00535,PHONE,PH00535
RPT00318,ACC00033,ACCOUNT,ACC00033
RPT00318,VEH00105,VEHICLE,VEH00105
RPT00318,LOC0078,LOCATION,Zone_0078
RPT00319,P00644,PERSON,PERSON_00644
RPT00319,P00231,PERSON,PERSON_00231
RPT00319,PH00586,PHONE,PH00586
RPT00319,ACC00464,ACCOUNT,ACC00464
RPT00319,VEH00300,VEHICLE,VEH00300
RPT00319,LOC0112,LOCATION,Zone_0112
RPT00320,P00085,PERSON,PERSON_00085
RPT00320,P00192,PERSON,PERSON_00192
RPT00320,PH00207,PHONE,PH00207
RPT00320,ACC00410,ACCOUNT,ACC00410
RPT00320,VEH00072,VEHICLE,VEH00072
RPT00320,LOC0061,LOCATION,Zone_0061
RPT00321,P00173,PERSON,PERSON_00173
RPT00321,P00095,PERSON,PERSON_00095
RPT00321,PH00307,PHONE,PH00307
RPT00321,ACC01155,ACCOUNT,ACC01155
RPT00321,VEH00287,VEHICLE,VEH00287
RPT00321,LOC0128,LOCATION,Zone_0128
RPT00322,P00909,PERSON,PERSON_00909
RPT00322,P00885,PERSON,PERSON_00885
RPT00322,PH01180,PHONE,PH01180
RPT00322,ACC00921,ACCOUNT,ACC00921
RPT00322,VEH00031,VEHICLE,VEH00031
RPT00322,LOC0096,LOCATION,Zone_0096
RPT00323,P00845,PERSON,PERSON_00845
RPT00323,P00539,PERSON,PERSON_00539
RPT00323,PH00740,PHONE,PH00740
RPT00323,ACC00316,ACCOUNT,ACC00316
RPT00323,VEH00102,VEHICLE,VEH00102
RPT00323,LOC0161,LOCATION,Zone_0161
RPT00324,P00479,PERSON,PERSON_00479
RPT00324,P00795,PERSON,PERSON_00795
RPT00324,PH00523,PHONE,PH00523
RPT00324,ACC00467,ACCOUNT,ACC00467
RPT00324,VEH00109,VEHICLE,VEH00109
RPT00324,LOC0154,LOCATION,Zone_0154
RPT00325,P00503,PERSON,PERSON_00503
RPT00325,P00540,PERSON,PERSON_00540
RPT00325,PH00491,PHONE,PH00491
RPT00325,ACC00815,ACCOUNT,ACC00815
RPT00325,VEH00065,VEHICLE,VEH00065
RPT00325,LOC0104,LOCATION,Zone_0104
RPT00326,P00961,PERSON,PERSON_00961
RPT00326,P00862,PERSON,PERSON_00862
RPT00326,PH00020,PHONE,PH00020
RPT00326,ACC00649,ACCOUNT,ACC00649
RPT00326,VEH00226,VEHICLE,VEH00226
RPT00326,LOC0097,LOCATION,Zone_0097
RPT00327,P00465,PERSON,PERSON_00465
RPT00327,P00561,PERSON,PERSON_00561
RPT00327,PH00916,PHONE,PH00916
RPT00327,ACC00119,ACCOUNT,ACC00119
RPT00327,VEH00023,VEHICLE,VEH00023
RPT00327,LOC0098,LOCATION,Zone_0098
RPT00328,P00562,PERSON,PERSON_00562
RPT00328,P00162,PERSON,PERSON_00162
RPT00328,PH00438,PHONE,PH00438
RPT00328,ACC00564,ACCOUNT,ACC00564
RPT00328,VEH00009,VEHICLE,VEH00009
RPT00328,LOC0059,LOCATION,Zone_0059
RPT00329,P00635,PERSON,PERSON_00635
RPT00329,P00119,PERSON,PERSON_00119
RPT00329,PH00800,PHONE,PH00800
RPT00329,ACC00731,ACCOUNT,ACC00731
RPT00329,VEH00200,VEHICLE,VEH00200
RPT00329,LOC0081,LOCATION,Zone_0081
RPT00330,P00338,PERSON,PERSON_00338
RPT00330,P00320,PERSON,PERSON_00320
RPT00330,PH00973,PHONE,PH00973
RPT00330,ACC00107,ACCOUNT,ACC00107
RPT00330,VEH00134,VEHICLE,VEH00134
RPT00330,LOC0118,LOCATION,Zone_0118
RPT00331,P00852,PERSON,PERSON_00852
RPT00331,P00487,PERSON,PERSON_00487
RPT00331,PH00135,PHONE,PH00135
RPT00331,ACC00075,ACCOUNT,ACC00075
RPT00331,VEH00106,VEHICLE,VEH00106
RPT00331,LOC0016,LOCATION,Zone_0016
RPT00332,P00806,PERSON,PERSON_00806
RPT00332,P00514,PERSON,PERSON_00514
RPT00332,PH00777,PHONE,PH00777
RPT00332,ACC00771,ACCOUNT,ACC00771
RPT00332,VEH00117,VEHICLE,VEH00117
RPT00332,LOC0008,LOCATION,Zone_0008
RPT00333,P00769,PERSON,PERSON_00769
RPT00333,P00898,PERSON,PERSON_00898
RPT00333,PH00801,PHONE,PH00801
RPT00333,ACC00629,ACCOUNT,ACC00629
RPT00333,VEH00303,VEHICLE,VEH00303
RPT00333,LOC0014,LOCATION,Zone_0014
RPT00334,P00167,PERSON,PERSON_00167
RPT00334,P00401,PERSON,PERSON_00401
RPT00334,PH00517,PHONE,PH00517
RPT00334,ACC00647,ACCOUNT,ACC00647
RPT00334,VEH00198,VEHICLE,VEH00198
RPT00334,LOC0104,LOCATION,Zone_0104
RPT00335,P00396,PERSON,PERSON_00396
RPT00335,P00723,PERSON,PERSON_00723
RPT00335,PH01174,PHONE,PH01174
RPT00335,ACC00708,ACCOUNT,ACC00708
RPT00335,VEH00353,VEHICLE,VEH00353
RPT00335,LOC0154,LOCATION,Zone_0154
RPT00336,P00027,PERSON,PERSON_00027
RPT00336,P00897,PERSON,PERSON_00897
RPT00336,PH00805,PHONE,PH00805
RPT00336,ACC00285,ACCOUNT,ACC00285
RPT00336,VEH00125,VEHICLE,VEH00125
RPT00336,LOC0060,LOCATION,Zone_0060
RPT00337,P00244,PERSON,PERSON_00244
RPT00337,P00885,PERSON,PERSON_00885
RPT00337,PH00592,PHONE,PH00592
RPT00337,ACC00685,ACCOUNT,ACC00685
RPT00337,VEH00243,VEHICLE,VEH00243
RPT00337,LOC0067,LOCATION,Zone_0067
RPT00338,P00617,PERSON,PERSON_00617
RPT00338,P00429,PERSON,PERSON_00429
RPT00338,PH00294,PHONE,PH00294
RPT00338,ACC00436,ACCOUNT,ACC00436
RPT00338,VEH00001,VEHICLE,VEH00001
RPT00338,LOC0010,LOCATION,Zone_0010
RPT00339,P00731,PERSON,PERSON_00731
RPT00339,P00224,PERSON,PERSON_00224
RPT00339,PH00453,PHONE,PH00453
RPT00339,ACC00687,ACCOUNT,ACC00687
RPT00339,VEH00023,VEHICLE,VEH00023
RPT00339,LOC0098,LOCATION,Zone_0098
RPT00340,P00241,PERSON,PERSON_00241
RPT00340,P00226,PERSON,PERSON_00226
RPT00340,PH00539,PHONE,PH00539
RPT00340,ACC00039,ACCOUNT,ACC00039
RPT00340,VEH00232,VEHICLE,VEH00232
RPT00340,LOC0095,LOCATION,Zone_0095
RPT00341,P00517,PERSON,PERSON_00517
RPT00341,P00607,PERSON,PERSON_00607
RPT00341,PH00960,PHONE,PH00960
RPT00341,ACC00085,ACCOUNT,ACC00085
RPT00341,VEH00069,VEHICLE,VEH00069
RPT00341,LOC0161,LOCATION,Zone_0161
RPT00342,P00098,PERSON,PERSON_00098
RPT00342,P00406,PERSON,PERSON_00406
RPT00342,PH00754,PHONE,PH00754
RPT00342,ACC00292,ACCOUNT,ACC00292
RPT00342,VEH00314,VEHICLE,VEH00314
RPT00342,LOC0010,LOCATION,Zone_0010
RPT00343,P00277,PERSON,PERSON_00277
RPT00343,P00482,PERSON,PERSON_00482
RPT00343,PH00953,PHONE,PH00953
RPT00343,ACC01152,ACCOUNT,ACC01152
RPT00343,VEH00333,VEHICLE,VEH00333
RPT00343,LOC0105,LOCATION,Zone_0105
RPT00344,P00636,PERSON,PERSON_00636
RPT00344,P00754,PERSON,PERSON_00754
RPT00344,PH00518,PHONE,PH00518
RPT00344,ACC01106,ACCOUNT,ACC01106
RPT00344,VEH00185,VEHICLE,VEH00185
RPT00344,LOC0057,LOCATION,Zone_0057
RPT00345,P00542,PERSON,PERSON_00542
RPT00345,P00529,PERSON,PERSON_00529
RPT00345,PH00086,PHONE,PH00086
RPT00345,ACC00162,ACCOUNT,ACC00162
RPT00345,VEH00235,VEHICLE,VEH00235
RPT00345,LOC0148,LOCATION,Zone_0148
RPT00346,P00715,PERSON,PERSON_00715
RPT00346,P00529,PERSON,PERSON_00529
RPT00346,PH00623,PHONE,PH00623
RPT00346,ACC00796,ACCOUNT,ACC00796
RPT00346,VEH00147,VEHICLE,VEH00147
RPT00346,LOC0141,LOCATION,Zone_0141
RPT00347,P00463,PERSON,PERSON_00463
RPT00347,P00865,PERSON,PERSON_00865
RPT00347,PH00577,PHONE,PH00577
RPT00347,ACC00991,ACCOUNT,ACC00991
RPT00347,VEH00163,VEHICLE,VEH00163
RPT00347,LOC0047,LOCATION,Zone_0047
RPT00348,P00750,PERSON,PERSON_00750
RPT00348,P00853,PERSON,PERSON_00853
RPT00348,PH00496,PHONE,PH00496
RPT00348,ACC00061,ACCOUNT,ACC00061
RPT00348,VEH00228,VEHICLE,VEH00228
RPT00348,LOC0154,LOCATION,Zone_0154
RPT00349,P00261,PERSON,PERSON_00261
RPT00349,P00412,PERSON,PERSON_00412
RPT00349,PH00886,PHONE,PH00886
RPT00349,ACC00763,ACCOUNT,ACC00763
RPT00349,VEH00374,VEHICLE,VEH00374
RPT00349,LOC0151,LOCATION,Zone_0151
RPT00350,P00943,PERSON,PERSON_00943
RPT00350,P00196,PERSON,PERSON_00196
RPT00350,PH01080,PHONE,PH01080
RPT00350,ACC00247,ACCOUNT,ACC00247
RPT00350,VEH00310,VEHICLE,VEH00310
RPT00350,LOC0157,LOCATION,Zone_0157
RPT00351,P00464,PERSON,PERSON_00464
RPT00351,P00590,PERSON,PERSON_00590
RPT00351,PH00332,PHONE,PH00332
RPT00351,ACC00165,ACCOUNT,ACC00165
RPT00351,VEH00111,VEHICLE,VEH00111
RPT00351,LOC0050,LOCATION,Zone_0050
RPT00352,P00905,PERSON,PERSON_00905
RPT00352,P00309,PERSON,PERSON_00309
RPT00352,PH01138,PHONE,PH01138
RPT00352,ACC00491,ACCOUNT,ACC00491
RPT00352,VEH00105,VEHICLE,VEH00105
RPT00352,LOC0050,LOCATION,Zone_0050
RPT00353,P00326,PERSON,PERSON_00326
RPT00353,P00756,PERSON,PERSON_00756
RPT00353,PH00341,PHONE,PH00341
RPT00353,ACC00370,ACCOUNT,ACC00370
RPT00353,VEH00315,VEHICLE,VEH00315
RPT00353,LOC0153,LOCATION,Zone_0153
RPT00354,P00073,PERSON,PERSON_00073
RPT00354,P00271,PERSON,PERSON_00271
RPT00354,PH00203,PHONE,PH00203
RPT00354,ACC00478,ACCOUNT,ACC00478
RPT00354,VEH00103,VEHICLE,VEH00103
RPT00354,LOC0147,LOCATION,Zone_0147
RPT00355,P00849,PERSON,PERSON_00849
RPT00355,P00477,PERSON,PERSON_00477
RPT00355,PH00359,PHONE,PH00359
RPT00355,ACC00701,ACCOUNT,ACC00701
RPT00355,VEH00185,VEHICLE,VEH00185
RPT00355,LOC0083,LOCATION,Zone_0083
RPT00356,P00612,PERSON,PERSON_00612
RPT00356,P00786,PERSON,PERSON_00786
RPT00356,PH00464,PHONE,PH00464
RPT00356,ACC00428,ACCOUNT,ACC00428
RPT00356,VEH00181,VEHICLE,VEH00181
RPT00356,LOC0180,LOCATION,Zone_0180
RPT00357,P00017,PERSON,PERSON_00017
RPT00357,P00859,PERSON,PERSON_00859
RPT00357,PH01171,PHONE,PH01171
RPT00357,ACC00557,ACCOUNT,ACC00557
RPT00357,VEH00346,VEHICLE,VEH00346
RPT00357,LOC0158,LOCATION,Zone_0158
RPT00358,P00826,PERSON,PERSON_00826
RPT00358,P00035,PERSON,PERSON_00035
RPT00358,PH00776,PHONE,PH00776
RPT00358,ACC00963,ACCOUNT,ACC00963
RPT00358,VEH00151,VEHICLE,VEH00151
RPT00358,LOC0088,LOCATION,Zone_0088
RPT00359,P00688,PERSON,PERSON_00688
RPT00359,P00327,PERSON,PERSON_00327
RPT00359,PH00501,PHONE,PH00501
RPT00359,ACC00479,ACCOUNT,ACC00479
RPT00359,VEH00301,VEHICLE,VEH00301
RPT00359,LOC0090,LOCATION,Zone_0090
RPT00360,P00200,PERSON,PERSON_00200
RPT00360,P00311,PERSON,PERSON_00311
RPT00360,PH00113,PHONE,PH00113
RPT00360,ACC00345,ACCOUNT,ACC00345
RPT00360,VEH00383,VEHICLE,VEH00383
RPT00360,LOC0033,LOCATION,Zone_0033
RPT00361,P00510,PERSON,PERSON_00510
RPT00361,P00809,PERSON,PERSON_00809
RPT00361,PH00034,PHONE,PH00034
RPT00361,ACC00928,ACCOUNT,ACC00928
RPT00361,VEH00348,VEHICLE,VEH00348
RPT00361,LOC0013,LOCATION,Zone_0013
RPT00362,P00304,PERSON,PERSON_00304
RPT00362,P00548,PERSON,PERSON_00548
RPT00362,PH00829,PHONE,PH00829
RPT00362,ACC00961,ACCOUNT,ACC00961
RPT00362,VEH00024,VEHICLE,VEH00024
RPT00362,LOC0172,LOCATION,Zone_0172
RPT00363,P00511,PERSON,PERSON_00511
RPT00363,P00995,PERSON,PERSON_00995
RPT00363,PH00492,PHONE,PH00492
RPT00363,ACC00139,ACCOUNT,ACC00139
RPT00363,VEH00120,VEHICLE,VEH00120
RPT00363,LOC0136,LOCATION,Zone_0136
RPT00364,P00150,PERSON,PERSON_00150
RPT00364,P00745,PERSON,PERSON_00745
RPT00364,PH00880,PHONE,PH00880
RPT00364,ACC00546,ACCOUNT,ACC00546
RPT00364,VEH00284,VEHICLE,VEH00284
RPT00364,LOC0064,LOCATION,Zone_0064
RPT00365,P00862,PERSON,PERSON_00862
RPT00365,P00117,PERSON,PERSON_00117
RPT00365,PH00724,PHONE,PH00724
RPT00365,ACC00089,ACCOUNT,ACC00089
RPT00365,VEH00227,VEHICLE,VEH00227
RPT00365,LOC0097,LOCATION,Zone_0097
RPT00366,P00983,PERSON,PERSON_00983
RPT00366,P00059,PERSON,PERSON_00059
RPT00366,PH00831,PHONE,PH00831
RPT00366,ACC00403,ACCOUNT,ACC00403
RPT00366,VEH00388,VEHICLE,VEH00388
RPT00366,LOC0081,LOCATION,Zone_0081
RPT00367,P00207,PERSON,PERSON_00207
RPT00367,P00713,PERSON,PERSON_00713
RPT00367,PH00762,PHONE,PH00762
RPT00367,ACC00128,ACCOUNT,ACC00128
RPT00367,VEH00254,VEHICLE,VEH00254
RPT00367,LOC0146,LOCATION,Zone_0146
RPT00368,P00452,PERSON,PERSON_00452
RPT00368,P00539,PERSON,PERSON_00539
RPT00368,PH00225,PHONE,PH00225
RPT00368,ACC00216,ACCOUNT,ACC00216
RPT00368,VEH00136,VEHICLE,VEH00136
RPT00368,LOC0036,LOCATION,Zone_0036
RPT00369,P00860,PERSON,PERSON_00860
RPT00369,P00849,PERSON,PERSON_00849
RPT00369,PH00949,PHONE,PH00949
RPT00369,ACC00899,ACCOUNT,ACC00899
RPT00369,VEH00354,VEHICLE,VEH00354
RPT00369,LOC0126,LOCATION,Zone_0126
RPT00370,P00512,PERSON,PERSON_00512
RPT00370,P00278,PERSON,PERSON_00278
RPT00370,PH00318,PHONE,PH00318
RPT00370,ACC01184,ACCOUNT,ACC01184
RPT00370,VEH00043,VEHICLE,VEH00043
RPT00370,LOC0052,LOCATION,Zone_0052
RPT00371,P00677,PERSON,PERSON_00677
RPT00371,P00577,PERSON,PERSON_00577
RPT00371,PH00355,PHONE,PH00355
RPT00371,ACC00981,ACCOUNT,ACC00981
RPT00371,VEH00348,VEHICLE,VEH00348
RPT00371,LOC0102,LOCATION,Zone_0102
RPT00372,P00388,PERSON,PERSON_00388
RPT00372,P00541,PERSON,PERSON_00541
RPT00372,PH00802,PHONE,PH00802
RPT00372,ACC00832,ACCOUNT,ACC00832
RPT00372,VEH00267,VEHICLE,VEH00267
RPT00372,LOC0149,LOCATION,Zone_0149
RPT00373,P00791,PERSON,PERSON_00791
RPT00373,P00109,PERSON,PERSON_00109
RPT00373,PH01066,PHONE,PH01066
RPT00373,ACC00188,ACCOUNT,ACC00188
RPT00373,VEH00249,VEHICLE,VEH00249
RPT00373,LOC0011,LOCATION,Zone_0011
RPT00374,P00417,PERSON,PERSON_00417
RPT00374,P00888,PERSON,PERSON_00888
RPT00374,PH00660,PHONE,PH00660
RPT00374,ACC00220,ACCOUNT,ACC00220
RPT00374,VEH00090,VEHICLE,VEH00090
RPT00374,LOC0030,LOCATION,Zone_0030
RPT00375,P00806,PERSON,PERSON_00806
RPT00375,P00568,PERSON,PERSON_00568
RPT00375,PH00777,PHONE,PH00777
RPT00375,ACC00771,ACCOUNT,ACC00771
RPT00375,VEH00108,VEHICLE,VEH00108
RPT00375,LOC0026,LOCATION,Zone_0026
RPT00376,P00180,PERSON,PERSON_00180
RPT00376,P00235,PERSON,PERSON_00235
RPT00376,PH00603,PHONE,PH00603
RPT00376,ACC01140,ACCOUNT,ACC01140
RPT00376,VEH00252,VEHICLE,VEH00252
RPT00376,LOC0114,LOCATION,Zone_0114
RPT00377,P00096,PERSON,PERSON_00096
RPT00377,P00952,PERSON,PERSON_00952
RPT00377,PH00187,PHONE,PH00187
RPT00377,ACC00357,ACCOUNT,ACC00357
RPT00377,VEH00063,VEHICLE,VEH00063
RPT00377,LOC0019,LOCATION,Zone_0019
RPT00378,P00199,PERSON,PERSON_00199
RPT00378,P00935,PERSON,PERSON_00935
RPT00378,PH00131,PHONE,PH00131
RPT00378,ACC00527,ACCOUNT,ACC00527
RPT00378,VEH00003,VEHICLE,VEH00003
RPT00378,LOC0177,LOCATION,Zone_0177
RPT00379,P00701,PERSON,PERSON_00701
RPT00379,P00724,PERSON,PERSON_00724
RPT00379,PH00333,PHONE,PH00333
RPT00379,ACC00346,ACCOUNT,ACC00346
RPT00379,VEH00028,VEHICLE,VEH00028
RPT00379,LOC0112,LOCATION,Zone_0112
RPT00380,P00267,PERSON,PERSON_00267
RPT00380,P00311,PERSON,PERSON_00311
RPT00380,PH00630,PHONE,PH00630
RPT00380,ACC00080,ACCOUNT,ACC00080
RPT00380,VEH00236,VEHICLE,VEH00236
RPT00380,LOC0165,LOCATION,Zone_0165
RPT00381,P00330,PERSON,PERSON_00330
RPT00381,P00274,PERSON,PERSON_00274
RPT00381,PH00247,PHONE,PH00247
RPT00381,ACC00274,ACCOUNT,ACC00274
RPT00381,VEH00205,VEHICLE,VEH00205
RPT00381,LOC0149,LOCATION,Zone_0149
RPT00382,P00221,PERSON,PERSON_00221
RPT00382,P00767,PERSON,PERSON_00767
RPT00382,PH00966,PHONE,PH00966
RPT00382,ACC00661,ACCOUNT,ACC00661
RPT00382,VEH00189,VEHICLE,VEH00189
RPT00382,LOC0153,LOCATION,Zone_0153
RPT00383,P00600,PERSON,PERSON_00600
RPT00383,P00264,PERSON,PERSON_00264
RPT00383,PH00559,PHONE,PH00559
RPT00383,ACC00394,ACCOUNT,ACC00394
RPT00383,VEH00374,VEHICLE,VEH00374
RPT00383,LOC0154,LOCATION,Zone_0154
RPT00384,P00494,PERSON,PERSON_00494
RPT00384,P00426,PERSON,PERSON_00426
RPT00384,PH00704,PHONE,PH00704
RPT00384,ACC01194,ACCOUNT,ACC01194
RPT00384,VEH00301,VEHICLE,VEH00301
RPT00384,LOC0098,LOCATION,Zone_0098
RPT00385,P00733,PERSON,PERSON_00733
RPT00385,P00656,PERSON,PERSON_00656
RPT00385,PH00854,PHONE,PH00854
RPT00385,ACC01037,ACCOUNT,ACC01037
RPT00385,VEH00119,VEHICLE,VEH00119
RPT00385,LOC0026,LOCATION,Zone_0026
RPT00386,P00604,PERSON,PERSON_00604
RPT00386,P00127,PERSON,PERSON_00127
RPT00386,PH00763,PHONE,PH00763
RPT00386,ACC00253,ACCOUNT,ACC00253
RPT00386,VEH00182,VEHICLE,VEH00182
RPT00386,LOC0026,LOCATION,Zone_0026
RPT00387,P00606,PERSON,PERSON_00606
RPT00387,P00122,PERSON,PERSON_00122
RPT00387,PH00901,PHONE,PH00901
RPT00387,ACC00710,ACCOUNT,ACC00710
RPT00387,VEH00267,VEHICLE,VEH00267
RPT00387,LOC0159,LOCATION,Zone_0159
RPT00388,P00759,PERSON,PERSON_00759
RPT00388,P00196,PERSON,PERSON_00196
RPT00388,PH00313,PHONE,PH00313
RPT00388,ACC00336,ACCOUNT,ACC00336
RPT00388,VEH00198,VEHICLE,VEH00198
RPT00388,LOC0003,LOCATION,Zone_0003
RPT00389,P00885,PERSON,PERSON_00885
RPT00389,P00861,PERSON,PERSON_00861
RPT00389,PH00345,PHONE,PH00345
RPT00389,ACC01188,ACCOUNT,ACC01188
RPT00389,VEH00124,VEHICLE,VEH00124
RPT00389,LOC0138,LOCATION,Zone_0138
RPT00390,P00944,PERSON,PERSON_00944
RPT00390,P00759,PERSON,PERSON_00759
RPT00390,PH00145,PHONE,PH00145
RPT00390,ACC00622,ACCOUNT,ACC00622
RPT00390,VEH00324,VEHICLE,VEH00324
RPT00390,LOC0041,LOCATION,Zone_0041
RPT00391,P00480,PERSON,PERSON_00480
RPT00391,P00438,PERSON,PERSON_00438
RPT00391,PH01030,PHONE,PH01030
RPT00391,ACC01011,ACCOUNT,ACC01011
RPT00391,VEH00135,VEHICLE,VEH00135
RPT00391,LOC0021,LOCATION,Zone_0021
RPT00392,P00019,PERSON,PERSON_00019
RPT00392,P00641,PERSON,PERSON_00641
RPT00392,PH00044,PHONE,PH00044
RPT00392,ACC00831,ACCOUNT,ACC00831
RPT00392,VEH00136,VEHICLE,VEH00136
RPT00392,LOC0085,LOCATION,Zone_0085
RPT00393,P00408,PERSON,PERSON_00408
RPT00393,P00610,PERSON,PERSON_00610
RPT00393,PH00448,PHONE,PH00448
RPT00393,ACC00149,ACCOUNT,ACC00149
RPT00393,VEH00145,VEHICLE,VEH00145
RPT00393,LOC0052,LOCATION,Zone_0052
RPT00394,P00974,PERSON,PERSON_00974
RPT00394,P00075,PERSON,PERSON_00075
RPT00394,PH00251,PHONE,PH00251
RPT00394,ACC00408,ACCOUNT,ACC00408
RPT00394,VEH00136,VEHICLE,VEH00136
RPT00394,LOC0123,LOCATION,Zone_0123
RPT00395,P00299,PERSON,PERSON_00299
RPT00395,P00472,PERSON,PERSON_00472
RPT00395,PH00843,PHONE,PH00843
RPT00395,ACC00881,ACCOUNT,ACC00881
RPT00395,VEH00161,VEHICLE,VEH00161
RPT00395,LOC0082,LOCATION,Zone_0082
RPT00396,P00581,PERSON,PERSON_00581
RPT00396,P00590,PERSON,PERSON_00590
RPT00396,PH00319,PHONE,PH00319
RPT00396,ACC00820,ACCOUNT,ACC00820
RPT00396,VEH00137,VEHICLE,VEH00137
RPT00396,LOC0025,LOCATION,Zone_0025
RPT00397,P00562,PERSON,PERSON_00562
RPT00397,P00771,PERSON,PERSON_00771
RPT00397,PH00438,PHONE,PH00438
RPT00397,ACC00564,ACCOUNT,ACC00564
RPT00397,VEH00009,VEHICLE,VEH00009
RPT00397,LOC0084,LOCATION,Zone_0084
RPT00398,P00851,PERSON,PERSON_00851
RPT00398,P00883,PERSON,PERSON_00883
RPT00398,PH00701,PHONE,PH00701
RPT00398,ACC00130,ACCOUNT,ACC00130
RPT00398,VEH00265,VEHICLE,VEH00265
RPT00398,LOC0170,LOCATION,Zone_0170
RPT00399,P00582,PERSON,PERSON_00582
RPT00399,P00419,PERSON,PERSON_00419
RPT00399,PH00639,PHONE,PH00639
RPT00399,ACC00319,ACCOUNT,ACC00319
RPT00399,VEH00210,VEHICLE,VEH00210
RPT00399,LOC0142,LOCATION,Zone_0142
RPT00400,P00194,PERSON,PERSON_00194
RPT00400,P00289,PERSON,PERSON_00289
RPT00400,PH00842,PHONE,PH00842
RPT00400,ACC00673,ACCOUNT,ACC00673
RPT00400,VEH00023,VEHICLE,VEH00023
RPT00400,LOC0103,LOCATION,Zone_0103
RPT00401,P00684,PERSON,PERSON_00684
RPT00401,P00995,PERSON,PERSON_00995
RPT00401,PH00264,PHONE,PH00264
RPT00401,ACC00453,ACCOUNT,ACC00453
RPT00401,VEH00284,VEHICLE,VEH00284
RPT00401,LOC0169,LOCATION,Zone_0169
RPT00402,P00228,PERSON,PERSON_00228
RPT00402,P00045,PERSON,PERSON_00045
RPT00402,PH01186,PHONE,PH01186
RPT00402,ACC00103,ACCOUNT,ACC00103
RPT00402,VEH00173,VEHICLE,VEH00173
RPT00402,LOC0020,LOCATION,Zone_0020
RPT00403,P00977,PERSON,PERSON_00977
RPT00403,P00677,PERSON,PERSON_00677
RPT00403,PH00456,PHONE,PH00456
RPT00403,ACC00101,ACCOUNT,ACC00101
RPT00403,VEH00207,VEHICLE,VEH00207
RPT00403,LOC0071,LOCATION,Zone_0071
RPT00404,P00178,PERSON,PERSON_00178
RPT00404,P00228,PERSON,PERSON_00228
RPT00404,PH00796,PHONE,PH00796
RPT00404,ACC00446,ACCOUNT,ACC00446
RPT00404,VEH00093,VEHICLE,VEH00093
RPT00404,LOC0172,LOCATION,Zone_0172
RPT00405,P00025,PERSON,PERSON_00025
RPT00405,P00226,PERSON,PERSON_00226
RPT00405,PH00422,PHONE,PH00422
RPT00405,ACC00492,ACCOUNT,ACC00492
RPT00405,VEH00069,VEHICLE,VEH00069
RPT00405,LOC0178,LOCATION,Zone_0178
RPT00406,P00513,PERSON,PERSON_00513
RPT00406,P00331,PERSON,PERSON_00331
RPT00406,PH01061,PHONE,PH01061
RPT00406,ACC00468,ACCOUNT,ACC00468
RPT00406,VEH00195,VEHICLE,VEH00195
RPT00406,LOC0086,LOCATION,Zone_0086
RPT00407,P00884,PERSON,PERSON_00884
RPT00407,P00514,PERSON,PERSON_00514
RPT00407,PH00853,PHONE,PH00853
RPT00407,ACC00182,ACCOUNT,ACC00182
RPT00407,VEH00307,VEHICLE,VEH00307
RPT00407,LOC0089,LOCATION,Zone_0089
RPT00408,P00673,PERSON,PERSON_00673
RPT00408,P00319,PERSON,PERSON_00319
RPT00408,PH00018,PHONE,PH00018
RPT00408,ACC00998,ACCOUNT,ACC00998
RPT00408,VEH00127,VEHICLE,VEH00127
RPT00408,LOC0121,LOCATION,Zone_0121
RPT00409,P00489,PERSON,PERSON_00489
RPT00409,P00044,PERSON,PERSON_00044
RPT00409,PH01020,PHONE,PH01020
RPT00409,ACC00267,ACCOUNT,ACC00267
RPT00409,VEH00349,VEHICLE,VEH00349
RPT00409,LOC0017,LOCATION,Zone_0017
RPT00410,P00217,PERSON,PERSON_00217
RPT00410,P00781,PERSON,PERSON_00781
RPT00410,PH00451,PHONE,PH00451
RPT00410,ACC00163,ACCOUNT,ACC00163
RPT00410,VEH00036,VEHICLE,VEH00036
RPT00410,LOC0044,LOCATION,Zone_0044
RPT00411,P00155,PERSON,PERSON_00155
RPT00411,P00587,PERSON,PERSON_00587
RPT00411,PH01190,PHONE,PH01190
RPT00411,ACC00113,ACCOUNT,ACC00113
RPT00411,VEH00001,VEHICLE,VEH00001
RPT00411,LOC0151,LOCATION,Zone_0151
RPT00412,P00189,PERSON,PERSON_00189
RPT00412,P00490,PERSON,PERSON_00490
RPT00412,PH00128,PHONE,PH00128
RPT00412,ACC00679,ACCOUNT,ACC00679
RPT00412,VEH00159,VEHICLE,VEH00159
RPT00412,LOC0131,LOCATION,Zone_0131
RPT00413,P00854,PERSON,PERSON_00854
RPT00413,P00435,PERSON,PERSON_00435
RPT00413,PH00581,PHONE,PH00581
RPT00413,ACC00298,ACCOUNT,ACC00298
RPT00413,VEH00034,VEHICLE,VEH00034
RPT00413,LOC0050,LOCATION,Zone_0050
RPT00414,P00680,PERSON,PERSON_00680
RPT00414,P00815,PERSON,PERSON_00815
RPT00414,PH00572,PHONE,PH00572
RPT00414,ACC00947,ACCOUNT,ACC00947
RPT00414,VEH00270,VEHICLE,VEH00270
RPT00414,LOC0041,LOCATION,Zone_0041
RPT00415,P00775,PERSON,PERSON_00775
RPT00415,P00594,PERSON,PERSON_00594
RPT00415,PH00605,PHONE,PH00605
RPT00415,ACC00421,ACCOUNT,ACC00421
RPT00415,VEH00294,VEHICLE,VEH00294
RPT00415,LOC0020,LOCATION,Zone_0020
RPT00416,P00997,PERSON,PERSON_00997
RPT00416,P00474,PERSON,PERSON_00474
RPT00416,PH00322,PHONE,PH00322
RPT00416,ACC00320,ACCOUNT,ACC00320
RPT00416,VEH00076,VEHICLE,VEH00076
RPT00416,LOC0107,LOCATION,Zone_0107
RPT00417,P00291,PERSON,PERSON_00291
RPT00417,P00115,PERSON,PERSON_00115
RPT00417,PH00731,PHONE,PH00731
RPT00417,ACC00242,ACCOUNT,ACC00242
RPT00417,VEH00395,VEHICLE,VEH00395
RPT00417,LOC0173,LOCATION,Zone_0173
RPT00418,P00831,PERSON,PERSON_00831
RPT00418,P00964,PERSON,PERSON_00964
RPT00418,PH01103,PHONE,PH01103
RPT00418,ACC00262,ACCOUNT,ACC00262
RPT00418,VEH00111,VEHICLE,VEH00111
RPT00418,LOC0156,LOCATION,Zone_0156
RPT00419,P00161,PERSON,PERSON_00161
RPT00419,P00866,PERSON,PERSON_00866
RPT00419,PH00268,PHONE,PH00268
RPT00419,ACC00644,ACCOUNT,ACC00644
RPT00419,VEH00347,VEHICLE,VEH00347
RPT00419,LOC0020,LOCATION,Zone_0020
RPT00420,P00441,PERSON,PERSON_00441
RPT00420,P00444,PERSON,PERSON_00444
RPT00420,PH00013,PHONE,PH00013
RPT00420,ACC00472,ACCOUNT,ACC00472
RPT00420,VEH00176,VEHICLE,VEH00176
RPT00420,LOC0089,LOCATION,Zone_0089
RPT00421,P00135,PERSON,PERSON_00135
RPT00421,P00387,PERSON,PERSON_00387
RPT00421,PH01120,PHONE,PH01120
RPT00421,ACC00528,ACCOUNT,ACC00528
RPT00421,VEH00025,VEHICLE,VEH00025
RPT00421,LOC0034,LOCATION,Zone_0034
RPT00422,P00241,PERSON,PERSON_00241
RPT00422,P00495,PERSON,PERSON_00495
RPT00422,PH00539,PHONE,PH00539
RPT00422,ACC00039,ACCOUNT,ACC00039
RPT00422,VEH00352,VEHICLE,VEH00352
RPT00422,LOC0171,LOCATION,Zone_0171
RPT00423,P00151,PERSON,PERSON_00151
RPT00423,P00226,PERSON,PERSON_00226
RPT00423,PH00919,PHONE,PH00919
RPT00423,ACC00570,ACCOUNT,ACC00570
RPT00423,VEH00094,VEHICLE,VEH00094
RPT00423,LOC0144,LOCATION,Zone_0144
RPT00424,P00161,PERSON,PERSON_00161
RPT00424,P00213,PERSON,PERSON_00213
RPT00424,PH00268,PHONE,PH00268
RPT00424,ACC00644,ACCOUNT,ACC00644
RPT00424,VEH00074,VEHICLE,VEH00074
RPT00424,LOC0121,LOCATION,Zone_0121
RPT00425,P00895,PERSON,PERSON_00895
RPT00425,P00104,PERSON,PERSON_00104
RPT00425,PH00156,PHONE,PH00156
RPT00425,ACC00212,ACCOUNT,ACC00212
RPT00425,VEH00034,VEHICLE,VEH00034
RPT00425,LOC0043,LOCATION,Zone_0043
RPT00426,P00911,PERSON,PERSON_00911
RPT00426,P00444,PERSON,PERSON_00444
RPT00426,PH00624,PHONE,PH00624
RPT00426,ACC00471,ACCOUNT,ACC00471
RPT00426,VEH00356,VEHICLE,VEH00356
RPT00426,LOC0057,LOCATION,Zone_0057
RPT00427,P00794,PERSON,PERSON_00794
RPT00427,P00257,PERSON,PERSON_00257
RPT00427,PH00649,PHONE,PH00649
RPT00427,ACC01166,ACCOUNT,ACC01166
RPT00427,VEH00175,VEHICLE,VEH00175
RPT00427,LOC0002,LOCATION,Zone_0002
RPT00428,P00543,PERSON,PERSON_00543
RPT00428,P00357,PERSON,PERSON_00357
RPT00428,PH00209,PHONE,PH00209
RPT00428,ACC00951,ACCOUNT,ACC00951
RPT00428,VEH00019,VEHICLE,VEH00019
RPT00428,LOC0087,LOCATION,Zone_0087
RPT00429,P00168,PERSON,PERSON_00168
RPT00429,P00185,PERSON,PERSON_00185
RPT00429,PH00067,PHONE,PH00067
RPT00429,ACC00784,ACCOUNT,ACC00784
RPT00429,VEH00241,VEHICLE,VEH00241
RPT00429,LOC0079,LOCATION,Zone_0079
RPT00430,P00192,PERSON,PERSON_00192
RPT00430,P00584,PERSON,PERSON_00584
RPT00430,PH00127,PHONE,PH00127
RPT00430,ACC01142,ACCOUNT,ACC01142
RPT00430,VEH00349,VEHICLE,VEH00349
RPT00430,LOC0103,LOCATION,Zone_0103
RPT00431,P00152,PERSON,PERSON_00152
RPT00431,P00835,PERSON,PERSON_00835
RPT00431,PH01125,PHONE,PH01125
RPT00431,ACC00037,ACCOUNT,ACC00037
RPT00431,VEH00132,VEHICLE,VEH00132
RPT00431,LOC0105,LOCATION,Zone_0105
RPT00432,P00833,PERSON,PERSON_00833
RPT00432,P00790,PERSON,PERSON_00790
RPT00432,PH00084,PHONE,PH00084
RPT00432,ACC00518,ACCOUNT,ACC00518
RPT00432,VEH00314,VEHICLE,VEH00314
RPT00432,LOC0085,LOCATION,Zone_0085
RPT00433,P00528,PERSON,PERSON_00528
RPT00433,P00865,PERSON,PERSON_00865
RPT00433,PH00467,PHONE,PH00467
RPT00433,ACC00001,ACCOUNT,ACC00001
RPT00433,VEH00131,VEHICLE,VEH00131
RPT00433,LOC0031,LOCATION,Zone_0031
RPT00434,P00180,PERSON,PERSON_00180
RPT00434,P00139,PERSON,PERSON_00139
RPT00434,PH00603,PHONE,PH00603
RPT00434,ACC01140,ACCOUNT,ACC01140
RPT00434,VEH00234,VEHICLE,VEH00234
RPT00434,LOC0060,LOCATION,Zone_0060
RPT00435,P00924,PERSON,PERSON_00924
RPT00435,P00681,PERSON,PERSON_00681
RPT00435,PH01167,PHONE,PH01167
RPT00435,ACC01128,ACCOUNT,ACC01128
RPT00435,VEH00056,VEHICLE,VEH00056
RPT00435,LOC0171,LOCATION,Zone_0171
RPT00436,P00976,PERSON,PERSON_00976
RPT00436,P00632,PERSON,PERSON_00632
RPT00436,PH00219,PHONE,PH00219
RPT00436,ACC00390,ACCOUNT,ACC00390
RPT00436,VEH00117,VEHICLE,VEH00117
RPT00436,LOC0089,LOCATION,Zone_0089
RPT00437,P00977,PERSON,PERSON_00977
RPT00437,P00324,PERSON,PERSON_00324
RPT00437,PH00456,PHONE,PH00456
RPT00437,ACC00101,ACCOUNT,ACC00101
RPT00437,VEH00166,VEHICLE,VEH00166
RPT00437,LOC0051,LOCATION,Zone_0051
RPT00438,P00882,PERSON,PERSON_00882
RPT00438,P00448,PERSON,PERSON_00448
RPT00438,PH00610,PHONE,PH00610
RPT00438,ACC01058,ACCOUNT,ACC01058
RPT00438,VEH00331,VEHICLE,VEH00331
RPT00438,LOC0180,LOCATION,Zone_0180
RPT00439,P00430,PERSON,PERSON_00430
RPT00439,P00996,PERSON,PERSON_00996
RPT00439,PH00390,PHONE,PH00390
RPT00439,ACC00382,ACCOUNT,ACC00382
RPT00439,VEH00309,VEHICLE,VEH00309
RPT00439,LOC0013,LOCATION,Zone_0013
RPT00440,P00907,PERSON,PERSON_00907
RPT00440,P00568,PERSON,PERSON_00568
RPT00440,PH00093,PHONE,PH00093
RPT00440,ACC00222,ACCOUNT,ACC00222
RPT00440,VEH00183,VEHICLE,VEH00183
RPT00440,LOC0082,LOCATION,Zone_0082
RPT00441,P00081,PERSON,PERSON_00081
RPT00441,P00772,PERSON,PERSON_00772
RPT00441,PH00100,PHONE,PH00100
RPT00441,ACC00723,ACCOUNT,ACC00723
RPT00441,VEH00241,VEHICLE,VEH00241
RPT00441,LOC0021,LOCATION,Zone_0021
RPT00442,P00594,PERSON,PERSON_00594
RPT00442,P00944,PERSON,PERSON_00944
RPT00442,PH00525,PHONE,PH00525
RPT00442,ACC00463,ACCOUNT,ACC00463
RPT00442,VEH00248,VEHICLE,VEH00248
RPT00442,LOC0047,LOCATION,Zone_0047
RPT00443,P00376,PERSON,PERSON_00376
RPT00443,P00651,PERSON,PERSON_00651
RPT00443,PH00684,PHONE,PH00684
RPT00443,ACC00851,ACCOUNT,ACC00851
RPT00443,VEH00240,VEHICLE,VEH00240
RPT00443,LOC0042,LOCATION,Zone_0042
RPT00444,P00218,PERSON,PERSON_00218
RPT00444,P00630,PERSON,PERSON_00630
RPT00444,PH00935,PHONE,PH00935
RPT00444,ACC00539,ACCOUNT,ACC00539
RPT00444,VEH00249,VEHICLE,VEH00249
RPT00444,LOC0083,LOCATION,Zone_0083
RPT00445,P00052,PERSON,PERSON_00052
RPT00445,P00850,PERSON,PERSON_00850
RPT00445,PH00008,PHONE,PH00008
RPT00445,ACC00189,ACCOUNT,ACC00189
RPT00445,VEH00026,VEHICLE,VEH00026
RPT00445,LOC0004,LOCATION,Zone_0004
RPT00446,P00289,PERSON,PERSON_00289
RPT00446,P00041,PERSON,PERSON_00041
RPT00446,PH00281,PHONE,PH00281
RPT00446,ACC00397,ACCOUNT,ACC00397
RPT00446,VEH00188,VEHICLE,VEH00188
RPT00446,LOC0156,LOCATION,Zone_0156
RPT00447,P00849,PERSON,PERSON_00849
RPT00447,P00384,PERSON,PERSON_00384
RPT00447,PH00359,PHONE,PH00359
RPT00447,ACC00701,ACCOUNT,ACC00701
RPT00447,VEH00103,VEHICLE,VEH00103
RPT00447,LOC0090,LOCATION,Zone_0090
RPT00448,P00626,PERSON,PERSON_00626
RPT00448,P00241,PERSON,PERSON_00241
RPT00448,PH00480,PHONE,PH00480
RPT00448,ACC00304,ACCOUNT,ACC00304
RPT00448,VEH00067,VEHICLE,VEH00067
RPT00448,LOC0177,LOCATION,Zone_0177
RPT00449,P00941,PERSON,PERSON_00941
RPT00449,P00509,PERSON,PERSON_00509
RPT00449,PH00834,PHONE,PH00834
RPT00449,ACC00809,ACCOUNT,ACC00809
RPT00449,VEH00227,VEHICLE,VEH00227
RPT00449,LOC0016,LOCATION,Zone_0016
RPT00450,P00060,PERSON,PERSON_00060
RPT00450,P00887,PERSON,PERSON_00887
RPT00450,PH00883,PHONE,PH00883
RPT00450,ACC00770,ACCOUNT,ACC00770
RPT00450,VEH00187,VEHICLE,VEH00187
RPT00450,LOC0154,LOCATION,Zone_0154
RPT00451,P00850,PERSON,PERSON_00850
RPT00451,P00667,PERSON,PERSON_00667
RPT00451,PH00598,PHONE,PH00598
RPT00451,ACC00072,ACCOUNT,ACC00072
RPT00451,VEH00142,VEHICLE,VEH00142
RPT00451,LOC0117,LOCATION,Zone_0117
RPT00452,P00683,PERSON,PERSON_00683
RPT00452,P00129,PERSON,PERSON_00129
RPT00452,PH00002,PHONE,PH00002
RPT00452,ACC01025,ACCOUNT,ACC01025
RPT00452,VEH00082,VEHICLE,VEH00082
RPT00452,LOC0006,LOCATION,Zone_0006
RPT00453,P00896,PERSON,PERSON_00896
RPT00453,P00122,PERSON,PERSON_00122
RPT00453,PH00435,PHONE,PH00435
RPT00453,ACC00642,ACCOUNT,ACC00642
RPT00453,VEH00259,VEHICLE,VEH00259
RPT00453,LOC0009,LOCATION,Zone_0009
RPT00454,P00971,PERSON,PERSON_00971
RPT00454,P00817,PERSON,PERSON_00817
RPT00454,PH01176,PHONE,PH01176
RPT00454,ACC01197,ACCOUNT,ACC01197
RPT00454,VEH00221,VEHICLE,VEH00221
RPT00454,LOC0006,LOCATION,Zone_0006
RPT00455,P00485,PERSON,PERSON_00485
RPT00455,P00635,PERSON,PERSON_00635
RPT00455,PH00950,PHONE,PH00950
RPT00455,ACC00480,ACCOUNT,ACC00480
RPT00455,VEH00244,VEHICLE,VEH00244
RPT00455,LOC0072,LOCATION,Zone_0072
RPT00456,P00294,PERSON,PERSON_00294
RPT00456,P00479,PERSON,PERSON_00479
RPT00456,PH00917,PHONE,PH00917
RPT00456,ACC00537,ACCOUNT,ACC00537
RPT00456,VEH00055,VEHICLE,VEH00055
RPT00456,LOC0049,LOCATION,Zone_0049
RPT00457,P00861,PERSON,PERSON_00861
RPT00457,P00821,PERSON,PERSON_00821
RPT00457,PH00295,PHONE,PH00295
RPT00457,ACC01200,ACCOUNT,ACC01200
RPT00457,VEH00355,VEHICLE,VEH00355
RPT00457,LOC0060,LOCATION,Zone_0060
RPT00458,P00028,PERSON,PERSON_00028
RPT00458,P00238,PERSON,PERSON_00238
RPT00458,PH00872,PHONE,PH00872
RPT00458,ACC00887,ACCOUNT,ACC00887
RPT00458,VEH00298,VEHICLE,VEH00298
RPT00458,LOC0153,LOCATION,Zone_0153
RPT00459,P00256,PERSON,PERSON_00256
RPT00459,P00813,PERSON,PERSON_00813
RPT00459,PH00404,PHONE,PH00404
RPT00459,ACC00124,ACCOUNT,ACC00124
RPT00459,VEH00341,VEHICLE,VEH00341
RPT00459,LOC0083,LOCATION,Zone_0083
RPT00460,P00868,PERSON,PERSON_00868
RPT00460,P00691,PERSON,PERSON_00691
RPT00460,PH00934,PHONE,PH00934
RPT00460,ACC00398,ACCOUNT,ACC00398
RPT00460,VEH00379,VEHICLE,VEH00379
RPT00460,LOC0171,LOCATION,Zone_0171
RPT00461,P00120,PERSON,PERSON_00120
RPT00461,P00102,PERSON,PERSON_00102
RPT00461,PH00940,PHONE,PH00940
RPT00461,ACC01029,ACCOUNT,ACC01029
RPT00461,VEH00319,VEHICLE,VEH00319
RPT00461,LOC0019,LOCATION,Zone_0019
RPT00462,P00975,PERSON,PERSON_00975
RPT00462,P00410,PERSON,PERSON_00410
RPT00462,PH00489,PHONE,PH00489
RPT00462,ACC00266,ACCOUNT,ACC00266
RPT00462,VEH00111,VEHICLE,VEH00111
RPT00462,LOC0121,LOCATION,Zone_0121
RPT00463,P00720,PERSON,PERSON_00720
RPT00463,P00613,PERSON,PERSON_00613
RPT00463,PH00600,PHONE,PH00600
RPT00463,ACC01186,ACCOUNT,ACC01186
RPT00463,VEH00115,VEHICLE,VEH00115
RPT00463,LOC0134,LOCATION,Zone_0134
RPT00464,P00188,PERSON,PERSON_00188
RPT00464,P00654,PERSON,PERSON_00654
RPT00464,PH00924,PHONE,PH00924
RPT00464,ACC00840,ACCOUNT,ACC00840
RPT00464,VEH00301,VEHICLE,VEH00301
RPT00464,LOC0096,LOCATION,Zone_0096
RPT00465,P00034,PERSON,PERSON_00034
RPT00465,P00765,PERSON,PERSON_00765
RPT00465,PH01141,PHONE,PH01141
RPT00465,ACC00959,ACCOUNT,ACC00959
RPT00465,VEH00246,VEHICLE,VEH00246
RPT00465,LOC0043,LOCATION,Zone_0043
RPT00466,P00064,PERSON,PERSON_00064
RPT00466,P00686,PERSON,PERSON_00686
RPT00466,PH00236,PHONE,PH00236
RPT00466,ACC00483,ACCOUNT,ACC00483
RPT00466,VEH00372,VEHICLE,VEH00372
RPT00466,LOC0124,LOCATION,Zone_0124
RPT00467,P00371,PERSON,PERSON_00371
RPT00467,P00084,PERSON,PERSON_00084
RPT00467,PH00418,PHONE,PH00418
RPT00467,ACC00983,ACCOUNT,ACC00983
RPT00467,VEH00310,VEHICLE,VEH00310
RPT00467,LOC0075,LOCATION,Zone_0075
RPT00468,P00760,PERSON,PERSON_00760
RPT00468,P00073,PERSON,PERSON_00073
RPT00468,PH01056,PHONE,PH01056
RPT00468,ACC00776,ACCOUNT,ACC00776
RPT00468,VEH00357,VEHICLE,VEH00357
RPT00468,LOC0157,LOCATION,Zone_0157
RPT00469,P00873,PERSON,PERSON_00873
RPT00469,P00822,PERSON,PERSON_00822
RPT00469,PH00433,PHONE,PH00433
RPT00469,ACC00952,ACCOUNT,ACC00952
RPT00469,VEH00360,VEHICLE,VEH00360
RPT00469,LOC0056,LOCATION,Zone_0056
RPT00470,P00003,PERSON,PERSON_00003
RPT00470,P00087,PERSON,PERSON_00087
RPT00470,PH00014,PHONE,PH00014
RPT00470,ACC00914,ACCOUNT,ACC00914
RPT00470,VEH00171,VEHICLE,VEH00171
RPT00470,LOC0151,LOCATION,Zone_0151
RPT00471,P00899,PERSON,PERSON_00899
RPT00471,P00183,PERSON,PERSON_00183
RPT00471,PH00699,PHONE,PH00699
RPT00471,ACC00012,ACCOUNT,ACC00012
RPT00471,VEH00198,VEHICLE,VEH00198
RPT00471,LOC0027,LOCATION,Zone_0027
RPT00472,P00108,PERSON,PERSON_00108
RPT00472,P00016,PERSON,PERSON_00016
RPT00472,PH00528,PHONE,PH00528
RPT00472,ACC01151,ACCOUNT,ACC01151
RPT00472,VEH00018,VEHICLE,VEH00018
RPT00472,LOC0046,LOCATION,Zone_0046
RPT00473,P00679,PERSON,PERSON_00679
RPT00473,P00348,PERSON,PERSON_00348
RPT00473,PH00132,PHONE,PH00132
RPT00473,ACC01130,ACCOUNT,ACC01130
RPT00473,VEH00185,VEHICLE,VEH00185
RPT00473,LOC0114,LOCATION,Zone_0114
RPT00474,P00600,PERSON,PERSON_00600
RPT00474,P00154,PERSON,PERSON_00154
RPT00474,PH00559,PHONE,PH00559
RPT00474,ACC00394,ACCOUNT,ACC00394
RPT00474,VEH00079,VEHICLE,VEH00079
RPT00474,LOC0028,LOCATION,Zone_0028
RPT00475,P00173,PERSON,PERSON_00173
RPT00475,P00846,PERSON,PERSON_00846
RPT00475,PH00307,PHONE,PH00307
RPT00475,ACC01155,ACCOUNT,ACC01155
RPT00475,VEH00328,VEHICLE,VEH00328
RPT00475,LOC0042,LOCATION,Zone_0042
RPT00476,P00739,PERSON,PERSON_00739
RPT00476,P00655,PERSON,PERSON_00655
RPT00476,PH00329,PHONE,PH00329
RPT00476,ACC00517,ACCOUNT,ACC00517
RPT00476,VEH00326,VEHICLE,VEH00326
RPT00476,LOC0020,LOCATION,Zone_0020
RPT00477,P00582,PERSON,PERSON_00582
RPT00477,P00513,PERSON,PERSON_00513
RPT00477,PH00316,PHONE,PH00316
RPT00477,ACC00319,ACCOUNT,ACC00319
RPT00477,VEH00059,VEHICLE,VEH00059
RPT00477,LOC0014,LOCATION,Zone_0014
RPT00478,P00794,PERSON,PERSON_00794
RPT00478,P00024,PERSON,PERSON_00024
RPT00478,PH00649,PHONE,PH00649
RPT00478,ACC01166,ACCOUNT,ACC01166
RPT00478,VEH00113,VEHICLE,VEH00113
RPT00478,LOC0034,LOCATION,Zone_0034
RPT00479,P00641,PERSON,PERSON_00641
RPT00479,P00492,PERSON,PERSON_00492
RPT00479,PH00895,PHONE,PH00895
RPT00479,ACC00282,ACCOUNT,ACC00282
RPT00479,VEH00315,VEHICLE,VEH00315
RPT00479,LOC0041,LOCATION,Zone_0041
RPT00480,P00610,PERSON,PERSON_00610
RPT00480,P01000,PERSON,PERSON_01000
RPT00480,PH00178,PHONE,PH00178
RPT00480,ACC01160,ACCOUNT,ACC01160
RPT00480,VEH00186,VEHICLE,VEH00186
RPT00480,LOC0026,LOCATION,Zone_0026
RPT00481,P00768,PERSON,PERSON_00768
RPT00481,P00254,PERSON,PERSON_00254
RPT00481,PH00298,PHONE,PH00298
RPT00481,ACC00756,ACCOUNT,ACC00756
RPT00481,VEH00203,VEHICLE,VEH00203
RPT00481,LOC0140,LOCATION,Zone_0140
RPT00482,P00938,PERSON,PERSON_00938
RPT00482,P00785,PERSON,PERSON_00785
RPT00482,PH00664,PHONE,PH00664
RPT00482,ACC00870,ACCOUNT,ACC00870
RPT00482,VEH00086,VEHICLE,VEH00086
RPT00482,LOC0114,LOCATION,Zone_0114
RPT00483,P00995,PERSON,PERSON_00995
RPT00483,P00161,PERSON,PERSON_00161
RPT00483,PH00246,PHONE,PH00246
RPT00483,ACC00810,ACCOUNT,ACC00810
RPT00483,VEH00242,VEHICLE,VEH00242
RPT00483,LOC0127,LOCATION,Zone_0127
RPT00484,P00822,PERSON,PERSON_00822
RPT00484,P00850,PERSON,PERSON_00850
RPT00484,PH00439,PHONE,PH00439
RPT00484,ACC01030,ACCOUNT,ACC01030
RPT00484,VEH00241,VEHICLE,VEH00241
RPT00484,LOC0008,LOCATION,Zone_0008
RPT00485,P00110,PERSON,PERSON_00110
RPT00485,P00302,PERSON,PERSON_00302
RPT00485,PH00220,PHONE,PH00220
RPT00485,ACC01116,ACCOUNT,ACC01116
RPT00485,VEH00244,VEHICLE,VEH00244
RPT00485,LOC0038,LOCATION,Zone_0038
RPT00486,P00110,PERSON,PERSON_00110
RPT00486,P00344,PERSON,PERSON_00344
RPT00486,PH00220,PHONE,PH00220
RPT00486,ACC01116,ACCOUNT,ACC01116
RPT00486,VEH00339,VEHICLE,VEH00339
RPT00486,LOC0143,LOCATION,Zone_0143
RPT00487,P00182,PERSON,PERSON_00182
RPT00487,P00913,PERSON,PERSON_00913
RPT00487,PH00137,PHONE,PH00137
RPT00487,ACC00214,ACCOUNT,ACC00214
RPT00487,VEH00269,VEHICLE,VEH00269
RPT00487,LOC0055,LOCATION,Zone_0055
RPT00488,P00831,PERSON,PERSON_00831
RPT00488,P00793,PERSON,PERSON_00793
RPT00488,PH01103,PHONE,PH01103
RPT00488,ACC00262,ACCOUNT,ACC00262
RPT00488,VEH00359,VEHICLE,VEH00359
RPT00488,LOC0101,LOCATION,Zone_0101
RPT00489,P00667,PERSON,PERSON_00667
RPT00489,P00584,PERSON,PERSON_00584
RPT00489,PH00736,PHONE,PH00736
RPT00489,ACC01060,ACCOUNT,ACC01060
RPT00489,VEH00060,VEHICLE,VEH00060
RPT00489,LOC0153,LOCATION,Zone_0153
RPT00490,P00895,PERSON,PERSON_00895
RPT00490,P00903,PERSON,PERSON_00903
RPT00490,PH00156,PHONE,PH00156
RPT00490,ACC00212,ACCOUNT,ACC00212
RPT00490,VEH00314,VEHICLE,VEH00314
RPT00490,LOC0022,LOCATION,Zone_0022
RPT00491,P00376,PERSON,PERSON_00376
RPT00491,P00134,PERSON,PERSON_00134
RPT00491,PH00684,PHONE,PH00684
RPT00491,ACC00851,ACCOUNT,ACC00851
RPT00491,VEH00227,VEHICLE,VEH00227
RPT00491,LOC0011,LOCATION,Zone_0011
RPT00492,P00376,PERSON,PERSON_00376
RPT00492,P00387,PERSON,PERSON_00387
RPT00492,PH00684,PHONE,PH00684
RPT00492,ACC00851,ACCOUNT,ACC00851
RPT00492,VEH00095,VEHICLE,VEH00095
RPT00492,LOC0076,LOCATION,Zone_0076
RPT00493,P00102,PERSON,PERSON_00102
RPT00493,P00906,PERSON,PERSON_00906
RPT00493,PH01076,PHONE,PH01076
RPT00493,ACC00997,ACCOUNT,ACC00997
RPT00493,VEH00261,VEHICLE,VEH00261
RPT00493,LOC0064,LOCATION,Zone_0064
RPT00494,P00833,PERSON,PERSON_00833
RPT00494,P00380,PERSON,PERSON_00380
RPT00494,PH00084,PHONE,PH00084
RPT00494,ACC00518,ACCOUNT,ACC00518
RPT00494,VEH00331,VEHICLE,VEH00331
RPT00494,LOC0030,LOCATION,Zone_0030
RPT00495,P00616,PERSON,PERSON_00616
RPT00495,P00608,PERSON,PERSON_00608
RPT00495,PH01099,PHONE,PH01099
RPT00495,ACC00743,ACCOUNT,ACC00743
RPT00495,VEH00306,VEHICLE,VEH00306
RPT00495,LOC0165,LOCATION,Zone_0165
RPT00496,P00527,PERSON,PERSON_00527
RPT00496,P00850,PERSON,PERSON_00850
RPT00496,PH00360,PHONE,PH00360
RPT00496,ACC00574,ACCOUNT,ACC00574
RPT00496,VEH00328,VEHICLE,VEH00328
RPT00496,LOC0037,LOCATION,Zone_0037
RPT00497,P00565,PERSON,PERSON_00565
RPT00497,P00346,PERSON,PERSON_00346
RPT00497,PH01006,PHONE,PH01006
RPT00497,ACC00545,ACCOUNT,ACC00545
RPT00497,VEH00335,VEHICLE,VEH00335
RPT00497,LOC0056,LOCATION,Zone_0056
RPT00498,P00260,PERSON,PERSON_00260
RPT00498,P00061,PERSON,PERSON_00061
RPT00498,PH00177,PHONE,PH00177
RPT00498,ACC00560,ACCOUNT,ACC00560
RPT00498,VEH00176,VEHICLE,VEH00176
RPT00498,LOC0006,LOCATION,Zone_0006
RPT00499,P00899,PERSON,PERSON_00899
RPT00499,P00087,PERSON,PERSON_00087
RPT00499,PH00108,PHONE,PH00108
RPT00499,ACC00012,ACCOUNT,ACC00012
RPT00499,VEH00167,VEHICLE,VEH00167
RPT00499,LOC0076,LOCATION,Zone_0076
RPT00500,P00863,PERSON,PERSON_00863
RPT00500,P00444,PERSON,PERSON_00444
RPT00500,PH00515,PHONE,PH00515
RPT00500,ACC00031,ACCOUNT,ACC00031
RPT00500,VEH00298,VEHICLE,VEH00298
RPT00500,LOC0076,LOCATION,Zone_0076
RPT00501,P00878,PERSON,PERSON_00878
RPT00501,P00955,PERSON,PERSON_00955
RPT00501,PH00126,PHONE,PH00126
RPT00501,ACC00278,ACCOUNT,ACC00278
RPT00501,VEH00385,VEHICLE,VEH00385
RPT00501,LOC0094,LOCATION,Zone_0094
RPT00502,P00395,PERSON,PERSON_00395
RPT00502,P00085,PERSON,PERSON_00085
RPT00502,PH00782,PHONE,PH00782
RPT00502,ACC00280,ACCOUNT,ACC00280
RPT00502,VEH00352,VEHICLE,VEH00352
RPT00502,LOC0180,LOCATION,Zone_0180
RPT00503,P00776,PERSON,PERSON_00776
RPT00503,P00908,PERSON,PERSON_00908
RPT00503,PH00442,PHONE,PH00442
RPT00503,ACC00993,ACCOUNT,ACC00993
RPT00503,VEH00063,VEHICLE,VEH00063
RPT00503,LOC0077,LOCATION,Zone_0077
RPT00504,P00486,PERSON,PERSON_00486
RPT00504,P00318,PERSON,PERSON_00318
RPT00504,PH00771,PHONE,PH00771
RPT00504,ACC00834,ACCOUNT,ACC00834
RPT00504,VEH00212,VEHICLE,VEH00212
RPT00504,LOC0031,LOCATION,Zone_0031
RPT00505,P00985,PERSON,PERSON_00985
RPT00505,P00028,PERSON,PERSON_00028
RPT00505,PH00698,PHONE,PH00698
RPT00505,ACC00444,ACCOUNT,ACC00444
RPT00505,VEH00313,VEHICLE,VEH00313
RPT00505,LOC0132,LOCATION,Zone_0132
RPT00506,P00736,PERSON,PERSON_00736
RPT00506,P00607,PERSON,PERSON_00607
RPT00506,PH01012,PHONE,PH01012
RPT00506,ACC00100,ACCOUNT,ACC00100
RPT00506,VEH00281,VEHICLE,VEH00281
RPT00506,LOC0102,LOCATION,Zone_0102
RPT00507,P00573,PERSON,PERSON_00573
RPT00507,P00653,PERSON,PERSON_00653
RPT00507,PH00253,PHONE,PH00253
RPT00507,ACC00838,ACCOUNT,ACC00838
RPT00507,VEH00059,VEHICLE,VEH00059
RPT00507,LOC0174,LOCATION,Zone_0174
RPT00508,P00332,PERSON,PERSON_00332
RPT00508,P00625,PERSON,PERSON_00625
RPT00508,PH00737,PHONE,PH00737
RPT00508,ACC00957,ACCOUNT,ACC00957
RPT00508,VEH00311,VEHICLE,VEH00311
RPT00508,LOC0029,LOCATION,Zone_0029
RPT00509,P00341,PERSON,PERSON_00341
RPT00509,P00049,PERSON,PERSON_00049
RPT00509,PH01183,PHONE,PH01183
RPT00509,ACC00668,ACCOUNT,ACC00668
RPT00509,VEH00052,VEHICLE,VEH00052
RPT00509,LOC0049,LOCATION,Zone_0049
RPT00510,P00205,PERSON,PERSON_00205
RPT00510,P00022,PERSON,PERSON_00022
RPT00510,PH01145,PHONE,PH01145
RPT00510,ACC00792,ACCOUNT,ACC00792
RPT00510,VEH00014,VEHICLE,VEH00014
RPT00510,LOC0152,LOCATION,Zone_0152
RPT00511,P00184,PERSON,PERSON_00184
RPT00511,P00121,PERSON,PERSON_00121
RPT00511,PH00320,PHONE,PH00320
RPT00511,ACC00558,ACCOUNT,ACC00558
RPT00511,VEH00154,VEHICLE,VEH00154
RPT00511,LOC0063,LOCATION,Zone_0063
RPT00512,P00640,PERSON,PERSON_00640
RPT00512,P00663,PERSON,PERSON_00663
RPT00512,PH00038,PHONE,PH00038
RPT00512,ACC00744,ACCOUNT,ACC00744
RPT00512,VEH00399,VEHICLE,VEH00399
RPT00512,LOC0151,LOCATION,Zone_0151
RPT00513,P00769,PERSON,PERSON_00769
RPT00513,P00945,PERSON,PERSON_00945
RPT00513,PH00801,PHONE,PH00801
RPT00513,ACC01019,ACCOUNT,ACC01019
RPT00513,VEH00180,VEHICLE,VEH00180
RPT00513,LOC0014,LOCATION,Zone_0014
RPT00514,P00587,PERSON,PERSON_00587
RPT00514,P00057,PERSON,PERSON_00057
RPT00514,PH01163,PHONE,PH01163
RPT00514,ACC00459,ACCOUNT,ACC00459
RPT00514,VEH00052,VEHICLE,VEH00052
RPT00514,LOC0078,LOCATION,Zone_0078
RPT00515,P00767,PERSON,PERSON_00767
RPT00515,P00541,PERSON,PERSON_00541
RPT00515,PH00237,PHONE,PH00237
RPT00515,ACC00513,ACCOUNT,ACC00513
RPT00515,VEH00239,VEHICLE,VEH00239
RPT00515,LOC0117,LOCATION,Zone_0117
RPT00516,P00457,PERSON,PERSON_00457
RPT00516,P00325,PERSON,PERSON_00325
RPT00516,PH00361,PHONE,PH00361
RPT00516,ACC00009,ACCOUNT,ACC00009
RPT00516,VEH00027,VEHICLE,VEH00027
RPT00516,LOC0065,LOCATION,Zone_0065
RPT00517,P00456,PERSON,PERSON_00456
RPT00517,P00616,PERSON,PERSON_00616
RPT00517,PH00427,PHONE,PH00427
RPT00517,ACC00294,ACCOUNT,ACC00294
RPT00517,VEH00292,VEHICLE,VEH00292
RPT00517,LOC0145,LOCATION,Zone_0145
RPT00518,P00215,PERSON,PERSON_00215
RPT00518,P00134,PERSON,PERSON_00134
RPT00518,PH00129,PHONE,PH00129
RPT00518,ACC00449,ACCOUNT,ACC00449
RPT00518,VEH00281,VEHICLE,VEH00281
RPT00518,LOC0040,LOCATION,Zone_0040
RPT00519,P00366,PERSON,PERSON_00366
RPT00519,P00695,PERSON,PERSON_00695
RPT00519,PH00732,PHONE,PH00732
RPT00519,ACC01068,ACCOUNT,ACC01068
RPT00519,VEH00090,VEHICLE,VEH00090
RPT00519,LOC0030,LOCATION,Zone_0030
RPT00520,P00373,PERSON,PERSON_00373
RPT00520,P00216,PERSON,PERSON_00216
RPT00520,PH00589,PHONE,PH00589
RPT00520,ACC00174,ACCOUNT,ACC00174
RPT00520,VEH00067,VEHICLE,VEH00067
RPT00520,LOC0111,LOCATION,Zone_0111
RPT00521,P00470,PERSON,PERSON_00470
RPT00521,P00474,PERSON,PERSON_00474
RPT00521,PH00019,PHONE,PH00019
RPT00521,ACC00495,ACCOUNT,ACC00495
RPT00521,VEH00075,VEHICLE,VEH00075
RPT00521,LOC0065,LOCATION,Zone_0065
RPT00522,P00188,PERSON,PERSON_00188
RPT00522,P00007,PERSON,PERSON_00007
RPT00522,PH00924,PHONE,PH00924
RPT00522,ACC00840,ACCOUNT,ACC00840
RPT00522,VEH00212,VEHICLE,VEH00212
RPT00522,LOC0064,LOCATION,Zone_0064
RPT00523,P00468,PERSON,PERSON_00468
RPT00523,P00809,PERSON,PERSON_00809
RPT00523,PH00497,PHONE,PH00497
RPT00523,ACC00740,ACCOUNT,ACC00740
RPT00523,VEH00005,VEHICLE,VEH00005
RPT00523,LOC0141,LOCATION,Zone_0141
RPT00524,P00177,PERSON,PERSON_00177
RPT00524,P00818,PERSON,PERSON_00818
RPT00524,PH01131,PHONE,PH01131
RPT00524,ACC00750,ACCOUNT,ACC00750
RPT00524,VEH00311,VEHICLE,VEH00311
RPT00524,LOC0071,LOCATION,Zone_0071
RPT00525,P00515,PERSON,PERSON_00515
RPT00525,P00886,PERSON,PERSON_00886
RPT00525,PH01177,PHONE,PH01177
RPT00525,ACC00430,ACCOUNT,ACC00430
RPT00525,VEH00112,VEHICLE,VEH00112
RPT00525,LOC0033,LOCATION,Zone_0033
RPT00526,P00245,PERSON,PERSON_00245
RPT00526,P00303,PERSON,PERSON_00303
RPT00526,PH00585,PHONE,PH00585
RPT00526,ACC00427,ACCOUNT,ACC00427
RPT00526,VEH00032,VEHICLE,VEH00032
RPT00526,LOC0173,LOCATION,Zone_0173
RPT00527,P00146,PERSON,PERSON_00146
RPT00527,P00508,PERSON,PERSON_00508
RPT00527,PH00326,PHONE,PH00326
RPT00527,ACC00648,ACCOUNT,ACC00648
RPT00527,VEH00317,VEHICLE,VEH00317
RPT00527,LOC0130,LOCATION,Zone_0130
RPT00528,P00662,PERSON,PERSON_00662
RPT00528,P00375,PERSON,PERSON_00375
RPT00528,PH00977,PHONE,PH00977
RPT00528,ACC01005,ACCOUNT,ACC01005
RPT00528,VEH00079,VEHICLE,VEH00079
RPT00528,LOC0127,LOCATION,Zone_0127
RPT00529,P00355,PERSON,PERSON_00355
RPT00529,P00936,PERSON,PERSON_00936
RPT00529,PH00005,PHONE,PH00005
RPT00529,ACC01002,ACCOUNT,ACC01002
RPT00529,VEH00294,VEHICLE,VEH00294
RPT00529,LOC0087,LOCATION,Zone_0087
RPT00530,P00356,PERSON,PERSON_00356
RPT00530,P00713,PERSON,PERSON_00713
RPT00530,PH00372,PHONE,PH00372
RPT00530,ACC00863,ACCOUNT,ACC00863
RPT00530,VEH00370,VEHICLE,VEH00370
RPT00530,LOC0142,LOCATION,Zone_0142
RPT00531,P00028,PERSON,PERSON_00028
RPT00531,P00869,PERSON,PERSON_00869
RPT00531,PH00872,PHONE,PH00872
RPT00531,ACC00887,ACCOUNT,ACC00887
RPT00531,VEH00152,VEHICLE,VEH00152
RPT00531,LOC0004,LOCATION,Zone_0004
RPT00532,P00784,PERSON,PERSON_00784
RPT00532,P00365,PERSON,PERSON_00365
RPT00532,PH00070,PHONE,PH00070
RPT00532,ACC00600,ACCOUNT,ACC00600
RPT00532,VEH00172,VEHICLE,VEH00172
RPT00532,LOC0142,LOCATION,Zone_0142
RPT00533,P00742,PERSON,PERSON_00742
RPT00533,P00438,PERSON,PERSON_00438
RPT00533,PH00373,PHONE,PH00373
RPT00533,ACC00006,ACCOUNT,ACC00006
RPT00533,VEH00053,VEHICLE,VEH00053
RPT00533,LOC0108,LOCATION,Zone_0108
RPT00534,P00673,PERSON,PERSON_00673
RPT00534,P00386,PERSON,PERSON_00386
RPT00534,PH00018,PHONE,PH00018
RPT00534,ACC00998,ACCOUNT,ACC00998
RPT00534,VEH00156,VEHICLE,VEH00156
RPT00534,LOC0154,LOCATION,Zone_0154
RPT00535,P00455,PERSON,PERSON_00455
RPT00535,P00375,PERSON,PERSON_00375
RPT00535,PH00224,PHONE,PH00224
RPT00535,ACC00417,ACCOUNT,ACC00417
RPT00535,VEH00122,VEHICLE,VEH00122
RPT00535,LOC0138,LOCATION,Zone_0138
RPT00536,P00874,PERSON,PERSON_00874
RPT00536,P00145,PERSON,PERSON_00145
RPT00536,PH01196,PHONE,PH01196
RPT00536,ACC00450,ACCOUNT,ACC00450
RPT00536,VEH00323,VEHICLE,VEH00323
RPT00536,LOC0157,LOCATION,Zone_0157
RPT00537,P00401,PERSON,PERSON_00401
RPT00537,P00133,PERSON,PERSON_00133
RPT00537,PH00478,PHONE,PH00478
RPT00537,ACC00347,ACCOUNT,ACC00347
RPT00537,VEH00131,VEHICLE,VEH00131
RPT00537,LOC0178,LOCATION,Zone_0178
RPT00538,P00622,PERSON,PERSON_00622
RPT00538,P00265,PERSON,PERSON_00265
RPT00538,PH01136,PHONE,PH01136
RPT00538,ACC00332,ACCOUNT,ACC00332
RPT00538,VEH00138,VEHICLE,VEH00138
RPT00538,LOC0003,LOCATION,Zone_0003
RPT00539,P00097,PERSON,PERSON_00097
RPT00539,P00026,PERSON,PERSON_00026
RPT00539,PH00749,PHONE,PH00749
RPT00539,ACC01012,ACCOUNT,ACC01012
RPT00539,VEH00006,VEHICLE,VEH00006
RPT00539,LOC0024,LOCATION,Zone_0024
RPT00540,P00330,PERSON,PERSON_00330
RPT00540,P00002,PERSON,PERSON_00002
RPT00540,PH00367,PHONE,PH00367
RPT00540,ACC00274,ACCOUNT,ACC00274
RPT00540,VEH00107,VEHICLE,VEH00107
RPT00540,LOC0086,LOCATION,Zone_0086
RPT00541,P00452,PERSON,PERSON_00452
RPT00541,P00659,PERSON,PERSON_00659
RPT00541,PH00225,PHONE,PH00225
RPT00541,ACC00216,ACCOUNT,ACC00216
RPT00541,VEH00306,VEHICLE,VEH00306
RPT00541,LOC0172,LOCATION,Zone_0172
RPT00542,P00496,PERSON,PERSON_00496
RPT00542,P00931,PERSON,PERSON_00931
RPT00542,PH00429,PHONE,PH00429
RPT00542,ACC00604,ACCOUNT,ACC00604
RPT00542,VEH00030,VEHICLE,VEH00030
RPT00542,LOC0047,LOCATION,Zone_0047
RPT00543,P00234,PERSON,PERSON_00234
RPT00543,P00661,PERSON,PERSON_00661
RPT00543,PH00462,PHONE,PH00462
RPT00543,ACC00241,ACCOUNT,ACC00241
RPT00543,VEH00262,VEHICLE,VEH00262
RPT00543,LOC0156,LOCATION,Zone_0156
RPT00544,P00949,PERSON,PERSON_00949
RPT00544,P00691,PERSON,PERSON_00691
RPT00544,PH01071,PHONE,PH01071
RPT00544,ACC00457,ACCOUNT,ACC00457
RPT00544,VEH00150,VEHICLE,VEH00150
RPT00544,LOC0101,LOCATION,Zone_0101
RPT00545,P00883,PERSON,PERSON_00883
RPT00545,P00529,PERSON,PERSON_00529
RPT00545,PH00401,PHONE,PH00401
RPT00545,ACC00633,ACCOUNT,ACC00633
RPT00545,VEH00034,VEHICLE,VEH00034
RPT00545,LOC0105,LOCATION,Zone_0105
RPT00546,P00994,PERSON,PERSON_00994
RPT00546,P00503,PERSON,PERSON_00503
RPT00546,PH00092,PHONE,PH00092
RPT00546,ACC01094,ACCOUNT,ACC01094
RPT00546,VEH00097,VEHICLE,VEH00097
RPT00546,LOC0133,LOCATION,Zone_0133
RPT00547,P00604,PERSON,PERSON_00604
RPT00547,P00940,PERSON,PERSON_00940
RPT00547,PH00763,PHONE,PH00763
RPT00547,ACC00253,ACCOUNT,ACC00253
RPT00547,VEH00096,VEHICLE,VEH00096
RPT00547,LOC0038,LOCATION,Zone_0038
RPT00548,P00548,PERSON,PERSON_00548
RPT00548,P00796,PERSON,PERSON_00796
RPT00548,PH01088,PHONE,PH01088
RPT00548,ACC01055,ACCOUNT,ACC01055
RPT00548,VEH00010,VEHICLE,VEH00010
RPT00548,LOC0138,LOCATION,Zone_0138
RPT00549,P00837,PERSON,PERSON_00837
RPT00549,P00116,PERSON,PERSON_00116
RPT00549,PH00767,PHONE,PH00767
RPT00549,ACC00526,ACCOUNT,ACC00526
RPT00549,VEH00303,VEHICLE,VEH00303
RPT00549,LOC0036,LOCATION,Zone_0036
RPT00550,P00141,PERSON,PERSON_00141
RPT00550,P00356,PERSON,PERSON_00356
RPT00550,PH00097,PHONE,PH00097
RPT00550,ACC01063,ACCOUNT,ACC01063
RPT00550,VEH00333,VEHICLE,VEH00333
RPT00550,LOC0025,LOCATION,Zone_0025
RPT00551,P00599,PERSON,PERSON_00599
RPT00551,P00288,PERSON,PERSON_00288
RPT00551,PH01022,PHONE,PH01022
RPT00551,ACC01017,ACCOUNT,ACC01017
RPT00551,VEH00061,VEHICLE,VEH00061
RPT00551,LOC0061,LOCATION,Zone_0061
RPT00552,P00233,PERSON,PERSON_00233
RPT00552,P00604,PERSON,PERSON_00604
RPT00552,PH00772,PHONE,PH00772
RPT00552,ACC00705,ACCOUNT,ACC00705
RPT00552,VEH00271,VEHICLE,VEH00271
RPT00552,LOC0048,LOCATION,Zone_0048
RPT00553,P00076,PERSON,PERSON_00076
RPT00553,P00040,PERSON,PERSON_00040
RPT00553,PH01160,PHONE,PH01160
RPT00553,ACC00511,ACCOUNT,ACC00511
RPT00553,VEH00174,VEHICLE,VEH00174
RPT00553,LOC0164,LOCATION,Zone_0164
RPT00554,P00500,PERSON,PERSON_00500
RPT00554,P00602,PERSON,PERSON_00602
RPT00554,PH01151,PHONE,PH01151
RPT00554,ACC00839,ACCOUNT,ACC00839
RPT00554,VEH00307,VEHICLE,VEH00307
RPT00554,LOC0024,LOCATION,Zone_0024
RPT00555,P00086,PERSON,PERSON_00086
RPT00555,P00894,PERSON,PERSON_00894
RPT00555,PH01046,PHONE,PH01046
RPT00555,ACC00431,ACCOUNT,ACC00431
RPT00555,VEH00147,VEHICLE,VEH00147
RPT00555,LOC0073,LOCATION,Zone_0073
RPT00556,P00443,PERSON,PERSON_00443
RPT00556,P00931,PERSON,PERSON_00931
RPT00556,PH00410,PHONE,PH00410
RPT00556,ACC00624,ACCOUNT,ACC00624
RPT00556,VEH00048,VEHICLE,VEH00048
RPT00556,LOC0083,LOCATION,Zone_0083
RPT00557,P00485,PERSON,PERSON_00485
RPT00557,P00531,PERSON,PERSON_00531
RPT00557,PH00950,PHONE,PH00950
RPT00557,ACC00480,ACCOUNT,ACC00480
RPT00557,VEH00191,VEHICLE,VEH00191
RPT00557,LOC0105,LOCATION,Zone_0105
RPT00558,P00587,PERSON,PERSON_00587
RPT00558,P00434,PERSON,PERSON_00434
RPT00558,PH00049,PHONE,PH00049
RPT00558,ACC00459,ACCOUNT,ACC00459
RPT00558,VEH00265,VEHICLE,VEH00265
RPT00558,LOC0171,LOCATION,Zone_0171
RPT00559,P00512,PERSON,PERSON_00512
RPT00559,P00943,PERSON,PERSON_00943
RPT00559,PH00318,PHONE,PH00318
RPT00559,ACC01184,ACCOUNT,ACC01184
RPT00559,VEH00022,VEHICLE,VEH00022
RPT00559,LOC0099,LOCATION,Zone_0099
RPT00560,P00894,PERSON,PERSON_00894
RPT00560,P00960,PERSON,PERSON_00960
RPT00560,PH00648,PHONE,PH00648
RPT00560,ACC00732,ACCOUNT,ACC00732
RPT00560,VEH00011,VEHICLE,VEH00011
RPT00560,LOC0157,LOCATION,Zone_0157
RPT00561,P00450,PERSON,PERSON_00450
RPT00561,P00219,PERSON,PERSON_00219
RPT00561,PH01191,PHONE,PH01191
RPT00561,ACC00500,ACCOUNT,ACC00500
RPT00561,VEH00350,VEHICLE,VEH00350
RPT00561,LOC0139,LOCATION,Zone_0139
RPT00562,P00793,PERSON,PERSON_00793
RPT00562,P00595,PERSON,PERSON_00595
RPT00562,PH00419,PHONE,PH00419
RPT00562,ACC01172,ACCOUNT,ACC01172
RPT00562,VEH00185,VEHICLE,VEH00185
RPT00562,LOC0164,LOCATION,Zone_0164
RPT00563,P00031,PERSON,PERSON_00031
RPT00563,P00507,PERSON,PERSON_00507
RPT00563,PH00375,PHONE,PH00375
RPT00563,ACC00773,ACCOUNT,ACC00773
RPT00563,VEH00303,VEHICLE,VEH00303
RPT00563,LOC0019,LOCATION,Zone_0019
RPT00564,P00773,PERSON,PERSON_00773
RPT00564,P00087,PERSON,PERSON_00087
RPT00564,PH00321,PHONE,PH00321
RPT00564,ACC00857,ACCOUNT,ACC00857
RPT00564,VEH00308,VEHICLE,VEH00308
RPT00564,LOC0176,LOCATION,Zone_0176
RPT00565,P00697,PERSON,PERSON_00697
RPT00565,P00917,PERSON,PERSON_00917
RPT00565,PH00747,PHONE,PH00747
RPT00565,ACC00927,ACCOUNT,ACC00927
RPT00565,VEH00072,VEHICLE,VEH00072
RPT00565,LOC0124,LOCATION,Zone_0124
RPT00566,P00424,PERSON,PERSON_00424
RPT00566,P00493,PERSON,PERSON_00493
RPT00566,PH00537,PHONE,PH00537
RPT00566,ACC00536,ACCOUNT,ACC00536
RPT00566,VEH00263,VEHICLE,VEH00263
RPT00566,LOC0009,LOCATION,Zone_0009
RPT00567,P00459,PERSON,PERSON_00459
RPT00567,P00597,PERSON,PERSON_00597
RPT00567,PH01047,PHONE,PH01047
RPT00567,ACC00115,ACCOUNT,ACC00115
RPT00567,VEH00137,VEHICLE,VEH00137
RPT00567,LOC0025,LOCATION,Zone_0025
RPT00568,P00710,PERSON,PERSON_00710
RPT00568,P00814,PERSON,PERSON_00814
RPT00568,PH00215,PHONE,PH00215
RPT00568,ACC00594,ACCOUNT,ACC00594
RPT00568,VEH00319,VEHICLE,VEH00319
RPT00568,LOC0027,LOCATION,Zone_0027
RPT00569,P00324,PERSON,PERSON_00324
RPT00569,P00294,PERSON,PERSON_00294
RPT00569,PH00879,PHONE,PH00879
RPT00569,ACC00448,ACCOUNT,ACC00448
RPT00569,VEH00125,VEHICLE,VEH00125
RPT00569,LOC0106,LOCATION,Zone_0106
RPT00570,P00732,PERSON,PERSON_00732
RPT00570,P00560,PERSON,PERSON_00560
RPT00570,PH00635,PHONE,PH00635
RPT00570,ACC00318,ACCOUNT,ACC00318
RPT00570,VEH00007,VEHICLE,VEH00007
RPT00570,LOC0120,LOCATION,Zone_0120
RPT00571,P00453,PERSON,PERSON_00453
RPT00571,P00669,PERSON,PERSON_00669
RPT00571,PH00896,PHONE,PH00896
RPT00571,ACC00719,ACCOUNT,ACC00719
RPT00571,VEH00172,VEHICLE,VEH00172
RPT00571,LOC0120,LOCATION,Zone_0120
RPT00572,P00659,PERSON,PERSON_00659
RPT00572,P00883,PERSON,PERSON_00883
RPT00572,PH00444,PHONE,PH00444
RPT00572,ACC01196,ACCOUNT,ACC01196
RPT00572,VEH00395,VEHICLE,VEH00395
RPT00572,LOC0102,LOCATION,Zone_0102
RPT00573,P00110,PERSON,PERSON_00110
RPT00573,P00274,PERSON,PERSON_00274
RPT00573,PH00220,PHONE,PH00220
RPT00573,ACC01116,ACCOUNT,ACC01116
RPT00573,VEH00009,VEHICLE,VEH00009
RPT00573,LOC0125,LOCATION,Zone_0125
RPT00574,P00636,PERSON,PERSON_00636
RPT00574,P00560,PERSON,PERSON_00560
RPT00574,PH00518,PHONE,PH00518
RPT00574,ACC01106,ACCOUNT,ACC01106
RPT00574,VEH00382,VEHICLE,VEH00382
RPT00574,LOC0117,LOCATION,Zone_0117
RPT00575,P00454,PERSON,PERSON_00454
RPT00575,P00115,PERSON,PERSON_00115
RPT00575,PH01122,PHONE,PH01122
RPT00575,ACC00833,ACCOUNT,ACC00833
RPT00575,VEH00180,VEHICLE,VEH00180
RPT00575,LOC0173,LOCATION,Zone_0173
RPT00576,P00982,PERSON,PERSON_00982
RPT00576,P00007,PERSON,PERSON_00007
RPT00576,PH00138,PHONE,PH00138
RPT00576,ACC00781,ACCOUNT,ACC00781
RPT00576,VEH00053,VEHICLE,VEH00053
RPT00576,LOC0099,LOCATION,Zone_0099
RPT00577,P00730,PERSON,PERSON_00730
RPT00577,P00829,PERSON,PERSON_00829
RPT00577,PH01100,PHONE,PH01100
RPT00577,ACC00985,ACCOUNT,ACC00985
RPT00577,VEH00291,VEHICLE,VEH00291
RPT00577,LOC0152,LOCATION,Zone_0152
RPT00578,P00574,PERSON,PERSON_00574
RPT00578,P00598,PERSON,PERSON_00598
RPT00578,PH00348,PHONE,PH00348
RPT00578,ACC01082,ACCOUNT,ACC01082
RPT00578,VEH00085,VEHICLE,VEH00085
RPT00578,LOC0127,LOCATION,Zone_0127
RPT00579,P00631,PERSON,PERSON_00631
RPT00579,P00896,PERSON,PERSON_00896
RPT00579,PH00789,PHONE,PH00789
RPT00579,ACC00615,ACCOUNT,ACC00615
RPT00579,VEH00335,VEHICLE,VEH00335
RPT00579,LOC0065,LOCATION,Zone_0065
RPT00580,P00758,PERSON,PERSON_00758
RPT00580,P00702,PERSON,PERSON_00702
RPT00580,PH00769,PHONE,PH00769
RPT00580,ACC01187,ACCOUNT,ACC01187
RPT00580,VEH00294,VEHICLE,VEH00294
RPT00580,LOC0074,LOCATION,Zone_0074
RPT00581,P00435,PERSON,PERSON_00435
RPT00581,P00938,PERSON,PERSON_00938
RPT00581,PH00761,PHONE,PH00761
RPT00581,ACC00878,ACCOUNT,ACC00878
RPT00581,VEH00146,VEHICLE,VEH00146
RPT00581,LOC0166,LOCATION,Zone_0166
RPT00582,P00508,PERSON,PERSON_00508
RPT00582,P00624,PERSON,PERSON_00624
RPT00582,PH00751,PHONE,PH00751
RPT00582,ACC01080,ACCOUNT,ACC01080
RPT00582,VEH00391,VEHICLE,VEH00391
RPT00582,LOC0134,LOCATION,Zone_0134
RPT00583,P00909,PERSON,PERSON_00909
RPT00583,P00154,PERSON,PERSON_00154
RPT00583,PH01180,PHONE,PH01180
RPT00583,ACC00921,ACCOUNT,ACC00921
RPT00583,VEH00137,VEHICLE,VEH00137
RPT00583,LOC0178,LOCATION,Zone_0178
RPT00584,P00887,PERSON,PERSON_00887
RPT00584,P00703,PERSON,PERSON_00703
RPT00584,PH01089,PHONE,PH01089
RPT00584,ACC00532,ACCOUNT,ACC00532
RPT00584,VEH00291,VEHICLE,VEH00291
RPT00584,LOC0005,LOCATION,Zone_0005
RPT00585,P00430,PERSON,PERSON_00430
RPT00585,P00809,PERSON,PERSON_00809
RPT00585,PH00390,PHONE,PH00390
RPT00585,ACC00382,ACCOUNT,ACC00382
RPT00585,VEH00093,VEHICLE,VEH00093
RPT00585,LOC0145,LOCATION,Zone_0145
RPT00586,P00774,PERSON,PERSON_00774
RPT00586,P00328,PERSON,PERSON_00328
RPT00586,PH00488,PHONE,PH00488
RPT00586,ACC00986,ACCOUNT,ACC00986
RPT00586,VEH00154,VEHICLE,VEH00154
RPT00586,LOC0073,LOCATION,Zone_0073
RPT00587,P00895,PERSON,PERSON_00895
RPT00587,P00739,PERSON,PERSON_00739
RPT00587,PH00156,PHONE,PH00156
RPT00587,ACC00212,ACCOUNT,ACC00212
RPT00587,VEH00041,VEHICLE,VEH00041
RPT00587,LOC0118,LOCATION,Zone_0118
RPT00588,P00804,PERSON,PERSON_00804
RPT00588,P00693,PERSON,PERSON_00693
RPT00588,PH01082,PHONE,PH01082
RPT00588,ACC00658,ACCOUNT,ACC00658
RPT00588,VEH00060,VEHICLE,VEH00060
RPT00588,LOC0025,LOCATION,Zone_0025
RPT00589,P00064,PERSON,PERSON_00064
RPT00589,P00666,PERSON,PERSON_00666
RPT00589,PH00236,PHONE,PH00236
RPT00589,ACC00483,ACCOUNT,ACC00483
RPT00589,VEH00385,VEHICLE,VEH00385
RPT00589,LOC0165,LOCATION,Zone_0165
RPT00590,P00678,PERSON,PERSON_00678
RPT00590,P00113,PERSON,PERSON_00113
RPT00590,PH00389,PHONE,PH00389
RPT00590,ACC00045,ACCOUNT,ACC00045
RPT00590,VEH00272,VEHICLE,VEH00272
RPT00590,LOC0028,LOCATION,Zone_0028
RPT00591,P00913,PERSON,PERSON_00913
RPT00591,P00124,PERSON,PERSON_00124
RPT00591,PH01084,PHONE,PH01084
RPT00591,ACC00519,ACCOUNT,ACC00519
RPT00591,VEH00323,VEHICLE,VEH00323
RPT00591,LOC0012,LOCATION,Zone_0012
RPT00592,P00477,PERSON,PERSON_00477
RPT00592,P00061,PERSON,PERSON_00061
RPT00592,PH01025,PHONE,PH01025
RPT00592,ACC00847,ACCOUNT,ACC00847
RPT00592,VEH00118,VEHICLE,VEH00118
RPT00592,LOC0151,LOCATION,Zone_0151
RPT00593,P00937,PERSON,PERSON_00937
RPT00593,P00447,PERSON,PERSON_00447
RPT00593,PH00231,PHONE,PH00231
RPT00593,ACC01092,ACCOUNT,ACC01092
RPT00593,VEH00007,VEHICLE,VEH00007
RPT00593,LOC0171,LOCATION,Zone_0171
RPT00594,P00569,PERSON,PERSON_00569
RPT00594,P00881,PERSON,PERSON_00881
RPT00594,PH00026,PHONE,PH00026
RPT00594,ACC00911,ACCOUNT,ACC00911
RPT00594,VEH00034,VEHICLE,VEH00034
RPT00594,LOC0034,LOCATION,Zone_0034
RPT00595,P00746,PERSON,PERSON_00746
RPT00595,P00516,PERSON,PERSON_00516
RPT00595,PH00221,PHONE,PH00221
RPT00595,ACC00180,ACCOUNT,ACC00180
RPT00595,VEH00198,VEHICLE,VEH00198
RPT00595,LOC0115,LOCATION,Zone_0115
RPT00596,P00643,PERSON,PERSON_00643
RPT00596,P00613,PERSON,PERSON_00613
RPT00596,PH00672,PHONE,PH00672
RPT00596,ACC00861,ACCOUNT,ACC00861
RPT00596,VEH00108,VEHICLE,VEH00108
RPT00596,LOC0002,LOCATION,Zone_0002
RPT00597,P00182,PERSON,PERSON_00182
RPT00597,P00324,PERSON,PERSON_00324
RPT00597,PH00137,PHONE,PH00137
RPT00597,ACC00214,ACCOUNT,ACC00214
RPT00597,VEH00375,VEHICLE,VEH00375
RPT00597,LOC0002,LOCATION,Zone_0002
RPT00598,P00672,PERSON,PERSON_00672
RPT00598,P00926,PERSON,PERSON_00926
RPT00598,PH00350,PHONE,PH00350
RPT00598,ACC01081,ACCOUNT,ACC01081
RPT00598,VEH00239,VEHICLE,VEH00239
RPT00598,LOC0057,LOCATION,Zone_0057
RPT00599,P00930,PERSON,PERSON_00930
RPT00599,P00715,PERSON,PERSON_00715
RPT00599,PH00908,PHONE,PH00908
RPT00599,ACC00742,ACCOUNT,ACC00742
RPT00599,VEH00014,VEHICLE,VEH00014
RPT00599,LOC0164,LOCATION,Zone_0164
RPT00600,P00953,PERSON,PERSON_00953
RPT00600,P00711,PERSON,PERSON_00711
RPT00600,PH00421,PHONE,PH00421
RPT00600,ACC00876,ACCOUNT,ACC00876
RPT00600,VEH00033,VEHICLE,VEH00033
RPT00600,LOC0157,LOCATION,Zone_0157
RPT00601,P00563,PERSON,PERSON_00563
RPT00601,P00404,PERSON,PERSON_00404
RPT00601,PH00964,PHONE,PH00964
RPT00601,ACC00520,ACCOUNT,ACC00520
RPT00601,VEH00236,VEHICLE,VEH00236
RPT00601,LOC0174,LOCATION,Zone_0174
RPT00602,P00675,PERSON,PERSON_00675
RPT00602,P00919,PERSON,PERSON_00919
RPT00602,PH00718,PHONE,PH00718
RPT00602,ACC00516,ACCOUNT,ACC00516
RPT00602,VEH00382,VEHICLE,VEH00382
RPT00602,LOC0110,LOCATION,Zone_0110
RPT00603,P00677,PERSON,PERSON_00677
RPT00603,P00453,PERSON,PERSON_00453
RPT00603,PH00355,PHONE,PH00355
RPT00603,ACC00981,ACCOUNT,ACC00981
RPT00603,VEH00239,VEHICLE,VEH00239
RPT00603,LOC0109,LOCATION,Zone_0109
RPT00604,P00035,PERSON,PERSON_00035
RPT00604,P00340,PERSON,PERSON_00340
RPT00604,PH00116,PHONE,PH00116
RPT00604,ACC00944,ACCOUNT,ACC00944
RPT00604,VEH00348,VEHICLE,VEH00348
RPT00604,LOC0068,LOCATION,Zone_0068
RPT00605,P00808,PERSON,PERSON_00808
RPT00605,P00968,PERSON,PERSON_00968
RPT00605,PH00241,PHONE,PH00241
RPT00605,ACC00195,ACCOUNT,ACC00195
RPT00605,VEH00253,VEHICLE,VEH00253
RPT00605,LOC0018,LOCATION,Zone_0018
RPT00606,P00802,PERSON,PERSON_00802
RPT00606,P00510,PERSON,PERSON_00510
RPT00606,PH00394,PHONE,PH00394
RPT00606,ACC00954,ACCOUNT,ACC00954
RPT00606,VEH00207,VEHICLE,VEH00207
RPT00606,LOC0006,LOCATION,Zone_0006
RPT00607,P00053,PERSON,PERSON_00053
RPT00607,P00832,PERSON,PERSON_00832
RPT00607,PH00545,PHONE,PH00545
RPT00607,ACC00179,ACCOUNT,ACC00179
RPT00607,VEH00200,VEHICLE,VEH00200
RPT00607,LOC0142,LOCATION,Zone_0142
RPT00608,P00996,PERSON,PERSON_00996
RPT00608,P00857,PERSON,PERSON_00857
RPT00608,PH00346,PHONE,PH00346
RPT00608,ACC00715,ACCOUNT,ACC00715
RPT00608,VEH00243,VEHICLE,VEH00243
RPT00608,LOC0086,LOCATION,Zone_0086
RPT00609,P00988,PERSON,PERSON_00988
RPT00609,P00714,PERSON,PERSON_00714
RPT00609,PH00687,PHONE,PH00687
RPT00609,ACC01169,ACCOUNT,ACC01169
RPT00609,VEH00376,VEHICLE,VEH00376
RPT00609,LOC0042,LOCATION,Zone_0042
RPT00610,P00085,PERSON,PERSON_00085
RPT00610,P00675,PERSON,PERSON_00675
RPT00610,PH00913,PHONE,PH00913
RPT00610,ACC00410,ACCOUNT,ACC00410
RPT00610,VEH00348,VEHICLE,VEH00348
RPT00610,LOC0173,LOCATION,Zone_0173
RPT00611,P00594,PERSON,PERSON_00594
RPT00611,P00397,PERSON,PERSON_00397
RPT00611,PH00525,PHONE,PH00525
RPT00611,ACC00463,ACCOUNT,ACC00463
RPT00611,VEH00310,VEHICLE,VEH00310
RPT00611,LOC0098,LOCATION,Zone_0098
RPT00612,P00166,PERSON,PERSON_00166
RPT00612,P00529,PERSON,PERSON_00529
RPT00612,PH00213,PHONE,PH00213
RPT00612,ACC00060,ACCOUNT,ACC00060
RPT00612,VEH00001,VEHICLE,VEH00001
RPT00612,LOC0046,LOCATION,Zone_0046
RPT00613,P00911,PERSON,PERSON_00911
RPT00613,P00263,PERSON,PERSON_00263
RPT00613,PH00624,PHONE,PH00624
RPT00613,ACC00471,ACCOUNT,ACC00471
RPT00613,VEH00012,VEHICLE,VEH00012
RPT00613,LOC0171,LOCATION,Zone_0171
RPT00614,P00995,PERSON,PERSON_00995
RPT00614,P00154,PERSON,PERSON_00154
RPT00614,PH01048,PHONE,PH01048
RPT00614,ACC00810,ACCOUNT,ACC00810
RPT00614,VEH00156,VEHICLE,VEH00156
RPT00614,LOC0162,LOCATION,Zone_0162
RPT00615,P00470,PERSON,PERSON_00470
RPT00615,P00359,PERSON,PERSON_00359
RPT00615,PH00019,PHONE,PH00019
RPT00615,ACC00495,ACCOUNT,ACC00495
RPT00615,VEH00032,VEHICLE,VEH00032
RPT00615,LOC0147,LOCATION,Zone_0147
RPT00616,P00095,PERSON,PERSON_00095
RPT00616,P00528,PERSON,PERSON_00528
RPT00616,PH01194,PHONE,PH01194
RPT00616,ACC00689,ACCOUNT,ACC00689
RPT00616,VEH00150,VEHICLE,VEH00150
RPT00616,LOC0041,LOCATION,Zone_0041
RPT00617,P00092,PERSON,PERSON_00092
RPT00617,P00995,PERSON,PERSON_00995
RPT00617,PH00181,PHONE,PH00181
RPT00617,ACC00122,ACCOUNT,ACC00122
RPT00617,VEH00206,VEHICLE,VEH00206
RPT00617,LOC0107,LOCATION,Zone_0107
RPT00618,P00069,PERSON,PERSON_00069
RPT00618,P00621,PERSON,PERSON_00621
RPT00618,PH00290,PHONE,PH00290
RPT00618,ACC01031,ACCOUNT,ACC01031
RPT00618,VEH00219,VEHICLE,VEH00219
RPT00618,LOC0105,LOCATION,Zone_0105
RPT00619,P00718,PERSON,PERSON_00718
RPT00619,P00193,PERSON,PERSON_00193
RPT00619,PH00955,PHONE,PH00955
RPT00619,ACC00036,ACCOUNT,ACC00036
RPT00619,VEH00329,VEHICLE,VEH00329
RPT00619,LOC0046,LOCATION,Zone_0046
RPT00620,P00898,PERSON,PERSON_00898
RPT00620,P00387,PERSON,PERSON_00387
RPT00620,PH00790,PHONE,PH00790
RPT00620,ACC01131,ACCOUNT,ACC01131
RPT00620,VEH00258,VEHICLE,VEH00258
RPT00620,LOC0121,LOCATION,Zone_0121
RPT00621,P00499,PERSON,PERSON_00499
RPT00621,P00713,PERSON,PERSON_00713
RPT00621,PH00060,PHONE,PH00060
RPT00621,ACC00908,ACCOUNT,ACC00908
RPT00621,VEH00033,VEHICLE,VEH00033
RPT00621,LOC0028,LOCATION,Zone_0028
RPT00622,P00473,PERSON,PERSON_00473
RPT00622,P00528,PERSON,PERSON_00528
RPT00622,PH01092,PHONE,PH01092
RPT00622,ACC01181,ACCOUNT,ACC01181
RPT00622,VEH00261,VEHICLE,VEH00261
RPT00622,LOC0132,LOCATION,Zone_0132
RPT00623,P00437,PERSON,PERSON_00437
RPT00623,P00076,PERSON,PERSON_00076
RPT00623,PH00012,PHONE,PH00012
RPT00623,ACC00305,ACCOUNT,ACC00305
RPT00623,VEH00279,VEHICLE,VEH00279
RPT00623,LOC0090,LOCATION,Zone_0090
RPT00624,P00328,PERSON,PERSON_00328
RPT00624,P00271,PERSON,PERSON_00271
RPT00624,PH00143,PHONE,PH00143
RPT00624,ACC00207,ACCOUNT,ACC00207
RPT00624,VEH00247,VEHICLE,VEH00247
RPT00624,LOC0133,LOCATION,Zone_0133
RPT00625,P00202,PERSON,PERSON_00202
RPT00625,P00036,PERSON,PERSON_00036
RPT00625,PH01175,PHONE,PH01175
RPT00625,ACC00885,ACCOUNT,ACC00885
RPT00625,VEH00397,VEHICLE,VEH00397
RPT00625,LOC0117,LOCATION,Zone_0117
RPT00626,P00738,PERSON,PERSON_00738
RPT00626,P00020,PERSON,PERSON_00020
RPT00626,PH00339,PHONE,PH00339
RPT00626,ACC00040,ACCOUNT,ACC00040
RPT00626,VEH00193,VEHICLE,VEH00193
RPT00626,LOC0151,LOCATION,Zone_0151
RPT00627,P00463,PERSON,PERSON_00463
RPT00627,P00038,PERSON,PERSON_00038
RPT00627,PH00577,PHONE,PH00577
RPT00627,ACC00991,ACCOUNT,ACC00991
RPT00627,VEH00338,VEHICLE,VEH00338
RPT00627,LOC0103,LOCATION,Zone_0103
RPT00628,P00490,PERSON,PERSON_00490
RPT00628,P00393,PERSON,PERSON_00393
RPT00628,PH00503,PHONE,PH00503
RPT00628,ACC00333,ACCOUNT,ACC00333
RPT00628,VEH00004,VEHICLE,VEH00004
RPT00628,LOC0113,LOCATION,Zone_0113
RPT00629,P00710,PERSON,PERSON_00710
RPT00629,P00797,PERSON,PERSON_00797
RPT00629,PH00215,PHONE,PH00215
RPT00629,ACC00594,ACCOUNT,ACC00594
RPT00629,VEH00150,VEHICLE,VEH00150
RPT00629,LOC0027,LOCATION,Zone_0027
RPT00630,P00259,PERSON,PERSON_00259
RPT00630,P00056,PERSON,PERSON_00056
RPT00630,PH00039,PHONE,PH00039
RPT00630,ACC00926,ACCOUNT,ACC00926
RPT00630,VEH00100,VEHICLE,VEH00100
RPT00630,LOC0076,LOCATION,Zone_0076
RPT00631,P00215,PERSON,PERSON_00215
RPT00631,P00154,PERSON,PERSON_00154
RPT00631,PH00129,PHONE,PH00129
RPT00631,ACC00449,ACCOUNT,ACC00449
RPT00631,VEH00074,VEHICLE,VEH00074
RPT00631,LOC0087,LOCATION,Zone_0087
RPT00632,P00200,PERSON,PERSON_00200
RPT00632,P00915,PERSON,PERSON_00915
RPT00632,PH00113,PHONE,PH00113
RPT00632,ACC00345,ACCOUNT,ACC00345
RPT00632,VEH00104,VEHICLE,VEH00104
RPT00632,LOC0010,LOCATION,Zone_0010
RPT00633,P00201,PERSON,PERSON_00201
RPT00633,P00767,PERSON,PERSON_00767
RPT00633,PH00618,PHONE,PH00618
RPT00633,ACC00254,ACCOUNT,ACC00254
RPT00633,VEH00346,VEHICLE,VEH00346
RPT00633,LOC0036,LOCATION,Zone_0036
RPT00634,P00283,PERSON,PERSON_00283
RPT00634,P00844,PERSON,PERSON_00844
RPT00634,PH01072,PHONE,PH01072
RPT00634,ACC00243,ACCOUNT,ACC00243
RPT00634,VEH00039,VEHICLE,VEH00039
RPT00634,LOC0174,LOCATION,Zone_0174
RPT00635,P00297,PERSON,PERSON_00297
RPT00635,P00128,PERSON,PERSON_00128
RPT00635,PH00071,PHONE,PH00071
RPT00635,ACC00785,ACCOUNT,ACC00785
RPT00635,VEH00368,VEHICLE,VEH00368
RPT00635,LOC0107,LOCATION,Zone_0107
RPT00636,P00730,PERSON,PERSON_00730
RPT00636,P00400,PERSON,PERSON_00400
RPT00636,PH01100,PHONE,PH01100
RPT00636,ACC00985,ACCOUNT,ACC00985
RPT00636,VEH00347,VEHICLE,VEH00347
RPT00636,LOC0168,LOCATION,Zone_0168
RPT00637,P00303,PERSON,PERSON_00303
RPT00637,P00604,PERSON,PERSON_00604
RPT00637,PH00387,PHONE,PH00387
RPT00637,ACC00389,ACCOUNT,ACC00389
RPT00637,VEH00140,VEHICLE,VEH00140
RPT00637,LOC0167,LOCATION,Zone_0167
RPT00638,P00870,PERSON,PERSON_00870
RPT00638,P00218,PERSON,PERSON_00218
RPT00638,PH01028,PHONE,PH01028
RPT00638,ACC00290,ACCOUNT,ACC00290
RPT00638,VEH00393,VEHICLE,VEH00393
RPT00638,LOC0044,LOCATION,Zone_0044
RPT00639,P00311,PERSON,PERSON_00311
RPT00639,P00597,PERSON,PERSON_00597
RPT00639,PH01132,PHONE,PH01132
RPT00639,ACC01077,ACCOUNT,ACC01077
RPT00639,VEH00084,VEHICLE,VEH00084
RPT00639,LOC0133,LOCATION,Zone_0133
RPT00640,P00028,PERSON,PERSON_00028
RPT00640,P00398,PERSON,PERSON_00398
RPT00640,PH00872,PHONE,PH00872
RPT00640,ACC00226,ACCOUNT,ACC00226
RPT00640,VEH00099,VEHICLE,VEH00099
RPT00640,LOC0179,LOCATION,Zone_0179
RPT00641,P00819,PERSON,PERSON_00819
RPT00641,P00845,PERSON,PERSON_00845
RPT00641,PH01053,PHONE,PH01053
RPT00641,ACC00782,ACCOUNT,ACC00782
RPT00641,VEH00229,VEHICLE,VEH00229
RPT00641,LOC0170,LOCATION,Zone_0170
RPT00642,P00551,PERSON,PERSON_00551
RPT00642,P00318,PERSON,PERSON_00318
RPT00642,PH00582,PHONE,PH00582
RPT00642,ACC01047,ACCOUNT,ACC01047
RPT00642,VEH00119,VEHICLE,VEH00119
RPT00642,LOC0131,LOCATION,Zone_0131
RPT00643,P00311,PERSON,PERSON_00311
RPT00643,P00199,PERSON,PERSON_00199
RPT00643,PH01132,PHONE,PH01132
RPT00643,ACC01077,ACCOUNT,ACC01077
RPT00643,VEH00293,VEHICLE,VEH00293
RPT00643,LOC0063,LOCATION,Zone_0063
RPT00644,P00253,PERSON,PERSON_00253
RPT00644,P00299,PERSON,PERSON_00299
RPT00644,PH01040,PHONE,PH01040
RPT00644,ACC00929,ACCOUNT,ACC00929
RPT00644,VEH00346,VEHICLE,VEH00346
RPT00644,LOC0022,LOCATION,Zone_0022
RPT00645,P00965,PERSON,PERSON_00965
RPT00645,P00630,PERSON,PERSON_00630
RPT00645,PH00951,PHONE,PH00951
RPT00645,ACC00849,ACCOUNT,ACC00849
RPT00645,VEH00065,VEHICLE,VEH00065
RPT00645,LOC0174,LOCATION,Zone_0174
RPT00646,P00762,PERSON,PERSON_00762
RPT00646,P00664,PERSON,PERSON_00664
RPT00646,PH00536,PHONE,PH00536
RPT00646,ACC00281,ACCOUNT,ACC00281
RPT00646,VEH00081,VEHICLE,VEH00081
RPT00646,LOC0096,LOCATION,Zone_0096
RPT00647,P00705,PERSON,PERSON_00705
RPT00647,P00553,PERSON,PERSON_00553
RPT00647,PH00877,PHONE,PH00877
RPT00647,ACC00660,ACCOUNT,ACC00660
RPT00647,VEH00118,VEHICLE,VEH00118
RPT00647,LOC0084,LOCATION,Zone_0084
RPT00648,P00425,PERSON,PERSON_00425
RPT00648,P00641,PERSON,PERSON_00641
RPT00648,PH00050,PHONE,PH00050
RPT00648,ACC00617,ACCOUNT,ACC00617
RPT00648,VEH00398,VEHICLE,VEH00398
RPT00648,LOC0064,LOCATION,Zone_0064
RPT00649,P00168,PERSON,PERSON_00168
RPT00649,P00118,PERSON,PERSON_00118
RPT00649,PH00067,PHONE,PH00067
RPT00649,ACC00784,ACCOUNT,ACC00784
RPT00649,VEH00160,VEHICLE,VEH00160
RPT00649,LOC0094,LOCATION,Zone_0094
RPT00650,P00038,PERSON,PERSON_00038
RPT00650,P00618,PERSON,PERSON_00618
RPT00650,PH01093,PHONE,PH01093
RPT00650,ACC00366,ACCOUNT,ACC00366
RPT00650,VEH00335,VEHICLE,VEH00335
RPT00650,LOC0129,LOCATION,Zone_0129
RPT00651,P00951,PERSON,PERSON_00951
RPT00651,P00348,PERSON,PERSON_00348
RPT00651,PH00472,PHONE,PH00472
RPT00651,ACC01138,ACCOUNT,ACC01138
RPT00651,VEH00223,VEHICLE,VEH00223
RPT00651,LOC0130,LOCATION,Zone_0130
RPT00652,P00232,PERSON,PERSON_00232
RPT00652,P00484,PERSON,PERSON_00484
RPT00652,PH00620,PHONE,PH00620
RPT00652,ACC00567,ACCOUNT,ACC00567
RPT00652,VEH00074,VEHICLE,VEH00074
RPT00652,LOC0118,LOCATION,Zone_0118
RPT00653,P00945,PERSON,PERSON_00945
RPT00653,P00554,PERSON,PERSON_00554
RPT00653,PH00659,PHONE,PH00659
RPT00653,ACC00984,ACCOUNT,ACC00984
RPT00653,VEH00392,VEHICLE,VEH00392
RPT00653,LOC0134,LOCATION,Zone_0134
RPT00654,P00891,PERSON,PERSON_00891
RPT00654,P00614,PERSON,PERSON_00614
RPT00654,PH00058,PHONE,PH00058
RPT00654,ACC00783,ACCOUNT,ACC00783
RPT00654,VEH00040,VEHICLE,VEH00040
RPT00654,LOC0057,LOCATION,Zone_0057
RPT00655,P01000,PERSON,PERSON_01000
RPT00655,P00711,PERSON,PERSON_00711
RPT00655,PH00571,PHONE,PH00571
RPT00655,ACC01115,ACCOUNT,ACC01115
RPT00655,VEH00338,VEHICLE,VEH00338
RPT00655,LOC0070,LOCATION,Zone_0070
RPT00656,P00053,PERSON,PERSON_00053
RPT00656,P00565,PERSON,PERSON_00565
RPT00656,PH00545,PHONE,PH00545
RPT00656,ACC00179,ACCOUNT,ACC00179
RPT00656,VEH00191,VEHICLE,VEH00191
RPT00656,LOC0136,LOCATION,Zone_0136
RPT00657,P00442,PERSON,PERSON_00442
RPT00657,P00415,PERSON,PERSON_00415
RPT00657,PH00882,PHONE,PH00882
RPT00657,ACC00123,ACCOUNT,ACC00123
RPT00657,VEH00225,VEHICLE,VEH00225
RPT00657,LOC0009,LOCATION,Zone_0009
RPT00658,P00886,PERSON,PERSON_00886
RPT00658,P00239,PERSON,PERSON_00239
RPT00658,PH01112,PHONE,PH01112
RPT00658,ACC00249,ACCOUNT,ACC00249
RPT00658,VEH00240,VEHICLE,VEH00240
RPT00658,LOC0068,LOCATION,Zone_0068
RPT00659,P00367,PERSON,PERSON_00367
RPT00659,P00526,PERSON,PERSON_00526
RPT00659,PH00778,PHONE,PH00778
RPT00659,ACC00395,ACCOUNT,ACC00395
RPT00659,VEH00209,VEHICLE,VEH00209
RPT00659,LOC0152,LOCATION,Zone_0152
RPT00660,P00687,PERSON,PERSON_00687
RPT00660,P00793,PERSON,PERSON_00793
RPT00660,PH00099,PHONE,PH00099
RPT00660,ACC00265,ACCOUNT,ACC00265
RPT00660,VEH00393,VEHICLE,VEH00393
RPT00660,LOC0106,LOCATION,Zone_0106
RPT00661,P00376,PERSON,PERSON_00376
RPT00661,P00599,PERSON,PERSON_00599
RPT00661,PH00684,PHONE,PH00684
RPT00661,ACC00851,ACCOUNT,ACC00851
RPT00661,VEH00026,VEHICLE,VEH00026
RPT00661,LOC0052,LOCATION,Zone_0052
RPT00662,P00106,PERSON,PERSON_00106
RPT00662,P00068,PERSON,PERSON_00068
RPT00662,PH00806,PHONE,PH00806
RPT00662,ACC00358,ACCOUNT,ACC00358
RPT00662,VEH00115,VEHICLE,VEH00115
RPT00662,LOC0161,LOCATION,Zone_0161
RPT00663,P00963,PERSON,PERSON_00963
RPT00663,P00159,PERSON,PERSON_00159
RPT00663,PH00164,PHONE,PH00164
RPT00663,ACC00323,ACCOUNT,ACC00323
RPT00663,VEH00188,VEHICLE,VEH00188
RPT00663,LOC0138,LOCATION,Zone_0138
RPT00664,P00153,PERSON,PERSON_00153
RPT00664,P00008,PERSON,PERSON_00008
RPT00664,PH00275,PHONE,PH00275
RPT00664,ACC00856,ACCOUNT,ACC00856
RPT00664,VEH00218,VEHICLE,VEH00218
RPT00664,LOC0162,LOCATION,Zone_0162
RPT00665,P00252,PERSON,PERSON_00252
RPT00665,P00626,PERSON,PERSON_00626
RPT00665,PH00743,PHONE,PH00743
RPT00665,ACC00158,ACCOUNT,ACC00158
RPT00665,VEH00199,VEHICLE,VEH00199
RPT00665,LOC0100,LOCATION,Zone_0100
RPT00666,P00585,PERSON,PERSON_00585
RPT00666,P00411,PERSON,PERSON_00411
RPT00666,PH00992,PHONE,PH00992
RPT00666,ACC00184,ACCOUNT,ACC00184
RPT00666,VEH00213,VEHICLE,VEH00213
RPT00666,LOC0165,LOCATION,Zone_0165
RPT00667,P00516,PERSON,PERSON_00516
RPT00667,P00196,PERSON,PERSON_00196
RPT00667,PH00904,PHONE,PH00904
RPT00667,ACC00725,ACCOUNT,ACC00725
RPT00667,VEH00231,VEHICLE,VEH00231
RPT00667,LOC0034,LOCATION,Zone_0034
RPT00668,P00671,PERSON,PERSON_00671
RPT00668,P00807,PERSON,PERSON_00807
RPT00668,PH00310,PHONE,PH00310
RPT00668,ACC00215,ACCOUNT,ACC00215
RPT00668,VEH00250,VEHICLE,VEH00250
RPT00668,LOC0138,LOCATION,Zone_0138
RPT00669,P00145,PERSON,PERSON_00145
RPT00669,P00606,PERSON,PERSON_00606
RPT00669,PH01098,PHONE,PH01098
RPT00669,ACC00562,ACCOUNT,ACC00562
RPT00669,VEH00258,VEHICLE,VEH00258
RPT00669,LOC0006,LOCATION,Zone_0006
RPT00670,P00822,PERSON,PERSON_00822
RPT00670,P00100,PERSON,PERSON_00100
RPT00670,PH00439,PHONE,PH00439
RPT00670,ACC01030,ACCOUNT,ACC01030
RPT00670,VEH00399,VEHICLE,VEH00399
RPT00670,LOC0067,LOCATION,Zone_0067
RPT00671,P00068,PERSON,PERSON_00068
RPT00671,P00013,PERSON,PERSON_00013
RPT00671,PH00248,PHONE,PH00248
RPT00671,ACC00580,ACCOUNT,ACC00580
RPT00671,VEH00270,VEHICLE,VEH00270
RPT00671,LOC0004,LOCATION,Zone_0004
RPT00672,P00218,PERSON,PERSON_00218
RPT00672,P00330,PERSON,PERSON_00330
RPT00672,PH00935,PHONE,PH00935
RPT00672,ACC00539,ACCOUNT,ACC00539
RPT00672,VEH00211,VEHICLE,VEH00211
RPT00672,LOC0039,LOCATION,Zone_0039
RPT00673,P00970,PERSON,PERSON_00970
RPT00673,P00620,PERSON,PERSON_00620
RPT00673,PH00826,PHONE,PH00826
RPT00673,ACC00301,ACCOUNT,ACC00301
RPT00673,VEH00216,VEHICLE,VEH00216
RPT00673,LOC0165,LOCATION,Zone_0165
RPT00674,P00436,PERSON,PERSON_00436
RPT00674,P00193,PERSON,PERSON_00193
RPT00674,PH01161,PHONE,PH01161
RPT00674,ACC00088,ACCOUNT,ACC00088
RPT00674,VEH00038,VEHICLE,VEH00038
RPT00674,LOC0005,LOCATION,Zone_0005
RPT00675,P00578,PERSON,PERSON_00578
RPT00675,P00311,PERSON,PERSON_00311
RPT00675,PH00835,PHONE,PH00835
RPT00675,ACC00548,ACCOUNT,ACC00548
RPT00675,VEH00012,VEHICLE,VEH00012
RPT00675,LOC0013,LOCATION,Zone_0013
RPT00676,P00587,PERSON,PERSON_00587
RPT00676,P00939,PERSON,PERSON_00939
RPT00676,PH00365,PHONE,PH00365
RPT00676,ACC00459,ACCOUNT,ACC00459
RPT00676,VEH00183,VEHICLE,VEH00183
RPT00676,LOC0148,LOCATION,Zone_0148
RPT00677,P00073,PERSON,PERSON_00073
RPT00677,P00323,PERSON,PERSON_00323
RPT00677,PH00203,PHONE,PH00203
RPT00677,ACC00478,ACCOUNT,ACC00478
RPT00677,VEH00381,VEHICLE,VEH00381
RPT00677,LOC0094,LOCATION,Zone_0094
RPT00678,P00998,PERSON,PERSON_00998
RPT00678,P00116,PERSON,PERSON_00116
RPT00678,PH00163,PHONE,PH00163
RPT00678,ACC00235,ACCOUNT,ACC00235
RPT00678,VEH00054,VEHICLE,VEH00054
RPT00678,LOC0082,LOCATION,Zone_0082
RPT00679,P00590,PERSON,PERSON_00590
RPT00679,P00907,PERSON,PERSON_00907
RPT00679,PH00122,PHONE,PH00122
RPT00679,ACC00230,ACCOUNT,ACC00230
RPT00679,VEH00017,VEHICLE,VEH00017
RPT00679,LOC0067,LOCATION,Zone_0067
RPT00680,P00454,PERSON,PERSON_00454
RPT00680,P00585,PERSON,PERSON_00585
RPT00680,PH01122,PHONE,PH01122
RPT00680,ACC00833,ACCOUNT,ACC00833
RPT00680,VEH00374,VEHICLE,VEH00374
RPT00680,LOC0149,LOCATION,Zone_0149
RPT00681,P00842,PERSON,PERSON_00842
RPT00681,P00069,PERSON,PERSON_00069
RPT00681,PH00544,PHONE,PH00544
RPT00681,ACC01021,ACCOUNT,ACC01021
RPT00681,VEH00373,VEHICLE,VEH00373
RPT00681,LOC0157,LOCATION,Zone_0157
RPT00682,P00326,PERSON,PERSON_00326
RPT00682,P00404,PERSON,PERSON_00404
RPT00682,PH00341,PHONE,PH00341
RPT00682,ACC00370,ACCOUNT,ACC00370
RPT00682,VEH00276,VEHICLE,VEH00276
RPT00682,LOC0090,LOCATION,Zone_0090
RPT00683,P00394,PERSON,PERSON_00394
RPT00683,P00282,PERSON,PERSON_00282
RPT00683,PH00147,PHONE,PH00147
RPT00683,ACC00903,ACCOUNT,ACC00903
RPT00683,VEH00256,VEHICLE,VEH00256
RPT00683,LOC0152,LOCATION,Zone_0152
RPT00684,P00840,PERSON,PERSON_00840
RPT00684,P00618,PERSON,PERSON_00618
RPT00684,PH00029,PHONE,PH00029
RPT00684,ACC00759,ACCOUNT,ACC00759
RPT00684,VEH00094,VEHICLE,VEH00094
RPT00684,LOC0004,LOCATION,Zone_0004
RPT00685,P00256,PERSON,PERSON_00256
RPT00685,P00612,PERSON,PERSON_00612
RPT00685,PH00404,PHONE,PH00404
RPT00685,ACC00124,ACCOUNT,ACC00124
RPT00685,VEH00349,VEHICLE,VEH00349
RPT00685,LOC0063,LOCATION,Zone_0063
RPT00686,P00868,PERSON,PERSON_00868
RPT00686,P00052,PERSON,PERSON_00052
RPT00686,PH00934,PHONE,PH00934
RPT00686,ACC00398,ACCOUNT,ACC00398
RPT00686,VEH00052,VEHICLE,VEH00052
RPT00686,LOC0032,LOCATION,Zone_0032
RPT00687,P00544,PERSON,PERSON_00544
RPT00687,P00972,PERSON,PERSON_00972
RPT00687,PH00218,PHONE,PH00218
RPT00687,ACC00854,ACCOUNT,ACC00854
RPT00687,VEH00211,VEHICLE,VEH00211
RPT00687,LOC0118,LOCATION,Zone_0118
RPT00688,P00262,PERSON,PERSON_00262
RPT00688,P00703,PERSON,PERSON_00703
RPT00688,PH00868,PHONE,PH00868
RPT00688,ACC01004,ACCOUNT,ACC01004
RPT00688,VEH00395,VEHICLE,VEH00395
RPT00688,LOC0035,LOCATION,Zone_0035
RPT00689,P00847,PERSON,PERSON_00847
RPT00689,P00326,PERSON,PERSON_00326
RPT00689,PH00337,PHONE,PH00337
RPT00689,ACC00211,ACCOUNT,ACC00211
RPT00689,VEH00098,VEHICLE,VEH00098
RPT00689,LOC0058,LOCATION,Zone_0058
RPT00690,P00792,PERSON,PERSON_00792
RPT00690,P00208,PERSON,PERSON_00208
RPT00690,PH00996,PHONE,PH00996
RPT00690,ACC00172,ACCOUNT,ACC00172
RPT00690,VEH00079,VEHICLE,VEH00079
RPT00690,LOC0042,LOCATION,Zone_0042
RPT00691,P00068,PERSON,PERSON_00068
RPT00691,P00162,PERSON,PERSON_00162
RPT00691,PH00248,PHONE,PH00248
RPT00691,ACC00580,ACCOUNT,ACC00580
RPT00691,VEH00202,VEHICLE,VEH00202
RPT00691,LOC0050,LOCATION,Zone_0050
RPT00692,P00629,PERSON,PERSON_00629
RPT00692,P00355,PERSON,PERSON_00355
RPT00692,PH00891,PHONE,PH00891
RPT00692,ACC01073,ACCOUNT,ACC01073
RPT00692,VEH00010,VEHICLE,VEH00010
RPT00692,LOC0138,LOCATION,Zone_0138
RPT00693,P00993,PERSON,PERSON_00993
RPT00693,P00511,PERSON,PERSON_00511
RPT00693,PH00303,PHONE,PH00303
RPT00693,ACC00156,ACCOUNT,ACC00156
RPT00693,VEH00119,VEHICLE,VEH00119
RPT00693,LOC0007,LOCATION,Zone_0007
RPT00694,P00449,PERSON,PERSON_00449
RPT00694,P00749,PERSON,PERSON_00749
RPT00694,PH00087,PHONE,PH00087
RPT00694,ACC00379,ACCOUNT,ACC00379
RPT00694,VEH00038,VEHICLE,VEH00038
RPT00694,LOC0120,LOCATION,Zone_0120
RPT00695,P00566,PERSON,PERSON_00566
RPT00695,P00028,PERSON,PERSON_00028
RPT00695,PH00625,PHONE,PH00625
RPT00695,ACC00461,ACCOUNT,ACC00461
RPT00695,VEH00108,VEHICLE,VEH00108
RPT00695,LOC0134,LOCATION,Zone_0134
RPT00696,P00125,PERSON,PERSON_00125
RPT00696,P00970,PERSON,PERSON_00970
RPT00696,PH01173,PHONE,PH01173
RPT00696,ACC00268,ACCOUNT,ACC00268
RPT00696,VEH00043,VEHICLE,VEH00043
RPT00696,LOC0120,LOCATION,Zone_0120
RPT00697,P00451,PERSON,PERSON_00451
RPT00697,P00407,PERSON,PERSON_00407
RPT00697,PH01117,PHONE,PH01117
RPT00697,ACC01154,ACCOUNT,ACC01154
RPT00697,VEH00172,VEHICLE,VEH00172
RPT00697,LOC0140,LOCATION,Zone_0140
RPT00698,P00845,PERSON,PERSON_00845
RPT00698,P00304,PERSON,PERSON_00304
RPT00698,PH00740,PHONE,PH00740
RPT00698,ACC00316,ACCOUNT,ACC00316
RPT00698,VEH00129,VEHICLE,VEH00129
RPT00698,LOC0043,LOCATION,Zone_0043
RPT00699,P00829,PERSON,PERSON_00829
RPT00699,P00468,PERSON,PERSON_00468
RPT00699,PH00652,PHONE,PH00652
RPT00699,ACC01110,ACCOUNT,ACC01110
RPT00699,VEH00113,VEHICLE,VEH00113
RPT00699,LOC0060,LOCATION,Zone_0060
RPT00700,P00214,PERSON,PERSON_00214
RPT00700,P00660,PERSON,PERSON_00660
RPT00700,PH00494,PHONE,PH00494
RPT00700,ACC00860,ACCOUNT,ACC00860
RPT00700,VEH00039,VEHICLE,VEH00039
RPT00700,LOC0164,LOCATION,Zone_0164
RPT00701,P00998,PERSON,PERSON_00998
RPT00701,P00584,PERSON,PERSON_00584
RPT00701,PH00163,PHONE,PH00163
RPT00701,ACC00235,ACCOUNT,ACC00235
RPT00701,VEH00059,VEHICLE,VEH00059
RPT00701,LOC0068,LOCATION,Zone_0068
RPT00702,P00249,PERSON,PERSON_00249
RPT00702,P00676,PERSON,PERSON_00676
RPT00702,PH00757,PHONE,PH00757
RPT00702,ACC00392,ACCOUNT,ACC00392
RPT00702,VEH00186,VEHICLE,VEH00186
RPT00702,LOC0087,LOCATION,Zone_0087
RPT00703,P00856,PERSON,PERSON_00856
RPT00703,P00880,PERSON,PERSON_00880
RPT00703,PH00638,PHONE,PH00638
RPT00703,ACC00696,ACCOUNT,ACC00696
RPT00703,VEH00030,VEHICLE,VEH00030
RPT00703,LOC0080,LOCATION,Zone_0080
RPT00704,P00005,PERSON,PERSON_00005
RPT00704,P00482,PERSON,PERSON_00482
RPT00704,PH01001,PHONE,PH01001
RPT00704,ACC01088,ACCOUNT,ACC01088
RPT00704,VEH00183,VEHICLE,VEH00183
RPT00704,LOC0107,LOCATION,Zone_0107
RPT00705,P00440,PERSON,PERSON_00440
RPT00705,P00110,PERSON,PERSON_00110
RPT00705,PH00368,PHONE,PH00368
RPT00705,ACC01001,ACCOUNT,ACC01001
RPT00705,VEH00048,VEHICLE,VEH00048
RPT00705,LOC0156,LOCATION,Zone_0156
RPT00706,P00154,PERSON,PERSON_00154
RPT00706,P00752,PERSON,PERSON_00752
RPT00706,PH00258,PHONE,PH00258
RPT00706,ACC00055,ACCOUNT,ACC00055
RPT00706,VEH00284,VEHICLE,VEH00284
RPT00706,LOC0147,LOCATION,Zone_0147
RPT00707,P00048,PERSON,PERSON_00048
RPT00707,P00093,PERSON,PERSON_00093
RPT00707,PH01016,PHONE,PH01016
RPT00707,ACC00814,ACCOUNT,ACC00814
RPT00707,VEH00389,VEHICLE,VEH00389
RPT00707,LOC0103,LOCATION,Zone_0103
RPT00708,P00645,PERSON,PERSON_00645
RPT00708,P00632,PERSON,PERSON_00632
RPT00708,PH01085,PHONE,PH01085
RPT00708,ACC00612,ACCOUNT,ACC00612
RPT00708,VEH00136,VEHICLE,VEH00136
RPT00708,LOC0147,LOCATION,Zone_0147
RPT00709,P00856,PERSON,PERSON_00856
RPT00709,P00924,PERSON,PERSON_00924
RPT00709,PH00638,PHONE,PH00638
RPT00709,ACC00696,ACCOUNT,ACC00696
RPT00709,VEH00208,VEHICLE,VEH00208
RPT00709,LOC0118,LOCATION,Zone_0118
RPT00710,P00209,PERSON,PERSON_00209
RPT00710,P00260,PERSON,PERSON_00260
RPT00710,PH00556,PHONE,PH00556
RPT00710,ACC00308,ACCOUNT,ACC00308
RPT00710,VEH00049,VEHICLE,VEH00049
RPT00710,LOC0125,LOCATION,Zone_0125
RPT00711,P00213,PERSON,PERSON_00213
RPT00711,P00535,PERSON,PERSON_00535
RPT00711,PH00936,PHONE,PH00936
RPT00711,ACC00945,ACCOUNT,ACC00945
RPT00711,VEH00324,VEHICLE,VEH00324
RPT00711,LOC0036,LOCATION,Zone_0036
RPT00712,P00392,PERSON,PERSON_00392
RPT00712,P00705,PERSON,PERSON_00705
RPT00712,PH00149,PHONE,PH00149
RPT00712,ACC00598,ACCOUNT,ACC00598
RPT00712,VEH00394,VEHICLE,VEH00394
RPT00712,LOC0171,LOCATION,Zone_0171
RPT00713,P00184,PERSON,PERSON_00184
RPT00713,P00694,PERSON,PERSON_00694
RPT00713,PH00320,PHONE,PH00320
RPT00713,ACC00558,ACCOUNT,ACC00558
RPT00713,VEH00064,VEHICLE,VEH00064
RPT00713,LOC0102,LOCATION,Zone_0102
RPT00714,P00168,PERSON,PERSON_00168
RPT00714,P00667,PERSON,PERSON_00667
RPT00714,PH00067,PHONE,PH00067
RPT00714,ACC00784,ACCOUNT,ACC00784
RPT00714,VEH00207,VEHICLE,VEH00207
RPT00714,LOC0030,LOCATION,Zone_0030
RPT00715,P00575,PERSON,PERSON_00575
RPT00715,P00362,PERSON,PERSON_00362
RPT00715,PH00658,PHONE,PH00658
RPT00715,ACC00515,ACCOUNT,ACC00515
RPT00715,VEH00162,VEHICLE,VEH00162
RPT00715,LOC0024,LOCATION,Zone_0024
RPT00716,P00401,PERSON,PERSON_00401
RPT00716,P00644,PERSON,PERSON_00644
RPT00716,PH00478,PHONE,PH00478
RPT00716,ACC00347,ACCOUNT,ACC00347
RPT00716,VEH00003,VEHICLE,VEH00003
RPT00716,LOC0150,LOCATION,Zone_0150
RPT00717,P00235,PERSON,PERSON_00235
RPT00717,P00590,PERSON,PERSON_00590
RPT00717,PH00188,PHONE,PH00188
RPT00717,ACC00811,ACCOUNT,ACC00811
RPT00717,VEH00153,VEHICLE,VEH00153
RPT00717,LOC0036,LOCATION,Zone_0036
RPT00718,P00140,PERSON,PERSON_00140
RPT00718,P00941,PERSON,PERSON_00941
RPT00718,PH00257,PHONE,PH00257
RPT00718,ACC01132,ACCOUNT,ACC01132
RPT00718,VEH00225,VEHICLE,VEH00225
RPT00718,LOC0007,LOCATION,Zone_0007
RPT00719,P00166,PERSON,PERSON_00166
RPT00719,P00523,PERSON,PERSON_00523
RPT00719,PH00213,PHONE,PH00213
RPT00719,ACC00060,ACCOUNT,ACC00060
RPT00719,VEH00247,VEHICLE,VEH00247
RPT00719,LOC0140,LOCATION,Zone_0140
RPT00720,P00328,PERSON,PERSON_00328
RPT00720,P00206,PERSON,PERSON_00206
RPT00720,PH00143,PHONE,PH00143
RPT00720,ACC00207,ACCOUNT,ACC00207
RPT00720,VEH00231,VEHICLE,VEH00231
RPT00720,LOC0075,LOCATION,Zone_0075
RPT00721,P00339,PERSON,PERSON_00339
RPT00721,P00172,PERSON,PERSON_00172
RPT00721,PH01162,PHONE,PH01162
RPT00721,ACC00682,ACCOUNT,ACC00682
RPT00721,VEH00037,VEHICLE,VEH00037
RPT00721,LOC0165,LOCATION,Zone_0165
RPT00722,P00749,PERSON,PERSON_00749
RPT00722,P00589,PERSON,PERSON_00589
RPT00722,PH01057,PHONE,PH01057
RPT00722,ACC00223,ACCOUNT,ACC00223
RPT00722,VEH00043,VEHICLE,VEH00043
RPT00722,LOC0061,LOCATION,Zone_0061
RPT00723,P00530,PERSON,PERSON_00530
RPT00723,P00847,PERSON,PERSON_00847
RPT00723,PH00787,PHONE,PH00787
RPT00723,ACC00572,ACCOUNT,ACC00572
RPT00723,VEH00169,VEHICLE,VEH00169
RPT00723,LOC0174,LOCATION,Zone_0174
RPT00724,P00576,PERSON,PERSON_00576
RPT00724,P00430,PERSON,PERSON_00430
RPT00724,PH00529,PHONE,PH00529
RPT00724,ACC00787,ACCOUNT,ACC00787
RPT00724,VEH00192,VEHICLE,VEH00192
RPT00724,LOC0131,LOCATION,Zone_0131
RPT00725,P00298,PERSON,PERSON_00298
RPT00725,P00029,PERSON,PERSON_00029
RPT00725,PH01013,PHONE,PH01013
RPT00725,ACC00525,ACCOUNT,ACC00525
RPT00725,VEH00002,VEHICLE,VEH00002
RPT00725,LOC0130,LOCATION,Zone_0130
RPT00726,P00516,PERSON,PERSON_00516
RPT00726,P00899,PERSON,PERSON_00899
RPT00726,PH00904,PHONE,PH00904
RPT00726,ACC00725,ACCOUNT,ACC00725
RPT00726,VEH00026,VEHICLE,VEH00026
RPT00726,LOC0082,LOCATION,Zone_0082
RPT00727,P00864,PERSON,PERSON_00864
RPT00727,P00897,PERSON,PERSON_00897
RPT00727,PH01044,PHONE,PH01044
RPT00727,ACC01054,ACCOUNT,ACC01054
RPT00727,VEH00086,VEHICLE,VEH00086
RPT00727,LOC0142,LOCATION,Zone_0142
RPT00728,P00841,PERSON,PERSON_00841
RPT00728,P00907,PERSON,PERSON_00907
RPT00728,PH00052,PHONE,PH00052
RPT00728,ACC00315,ACCOUNT,ACC00315
RPT00728,VEH00271,VEHICLE,VEH00271
RPT00728,LOC0044,LOCATION,Zone_0044
RPT00729,P00041,PERSON,PERSON_00041
RPT00729,P00275,PERSON,PERSON_00275
RPT00729,PH01114,PHONE,PH01114
RPT00729,ACC00224,ACCOUNT,ACC00224
RPT00729,VEH00398,VEHICLE,VEH00398
RPT00729,LOC0099,LOCATION,Zone_0099
RPT00730,P00333,PERSON,PERSON_00333
RPT00730,P00426,PERSON,PERSON_00426
RPT00730,PH00134,PHONE,PH00134
RPT00730,ACC00510,ACCOUNT,ACC00510
RPT00730,VEH00087,VEHICLE,VEH00087
RPT00730,LOC0099,LOCATION,Zone_0099
RPT00731,P00431,PERSON,PERSON_00431
RPT00731,P00462,PERSON,PERSON_00462
RPT00731,PH00510,PHONE,PH00510
RPT00731,ACC00900,ACCOUNT,ACC00900
RPT00731,VEH00247,VEHICLE,VEH00247
RPT00731,LOC0066,LOCATION,Zone_0066
RPT00732,P00074,PERSON,PERSON_00074
RPT00732,P00033,PERSON,PERSON_00033
RPT00732,PH00454,PHONE,PH00454
RPT00732,ACC00440,ACCOUNT,ACC00440
RPT00732,VEH00319,VEHICLE,VEH00319
RPT00732,LOC0155,LOCATION,Zone_0155
RPT00733,P00387,PERSON,PERSON_00387
RPT00733,P00694,PERSON,PERSON_00694
RPT00733,PH00968,PHONE,PH00968
RPT00733,ACC00523,ACCOUNT,ACC00523
RPT00733,VEH00287,VEHICLE,VEH00287
RPT00733,LOC0050,LOCATION,Zone_0050
RPT00734,P00575,PERSON,PERSON_00575
RPT00734,P00526,PERSON,PERSON_00526
RPT00734,PH00658,PHONE,PH00658
RPT00734,ACC00515,ACCOUNT,ACC00515
RPT00734,VEH00357,VEHICLE,VEH00357
RPT00734,LOC0106,LOCATION,Zone_0106
RPT00735,P00429,PERSON,PERSON_00429
RPT00735,P00875,PERSON,PERSON_00875
RPT00735,PH00402,PHONE,PH00402
RPT00735,ACC00090,ACCOUNT,ACC00090
RPT00735,VEH00142,VEHICLE,VEH00142
RPT00735,LOC0123,LOCATION,Zone_0123
RPT00736,P00084,PERSON,PERSON_00084
RPT00736,P00832,PERSON,PERSON_00832
RPT00736,PH00024,PHONE,PH00024
RPT00736,ACC00917,ACCOUNT,ACC00917
RPT00736,VEH00332,VEHICLE,VEH00332
RPT00736,LOC0099,LOCATION,Zone_0099
RPT00737,P00063,PERSON,PERSON_00063
RPT00737,P00018,PERSON,PERSON_00018
RPT00737,PH00933,PHONE,PH00933
RPT00737,ACC01020,ACCOUNT,ACC01020
RPT00737,VEH00351,VEHICLE,VEH00351
RPT00737,LOC0016,LOCATION,Zone_0016
RPT00738,P00805,PERSON,PERSON_00805
RPT00738,P00311,PERSON,PERSON_00311
RPT00738,PH00226,PHONE,PH00226
RPT00738,ACC00588,ACCOUNT,ACC00588
RPT00738,VEH00190,VEHICLE,VEH00190
RPT00738,LOC0110,LOCATION,Zone_0110
RPT00739,P00285,PERSON,PERSON_00285
RPT00739,P00034,PERSON,PERSON_00034
RPT00739,PH01008,PHONE,PH01008
RPT00739,ACC00503,ACCOUNT,ACC00503
RPT00739,VEH00235,VEHICLE,VEH00235
RPT00739,LOC0085,LOCATION,Zone_0085
RPT00740,P00843,PERSON,PERSON_00843
RPT00740,P00164,PERSON,PERSON_00164
RPT00740,PH00057,PHONE,PH00057
RPT00740,ACC00092,ACCOUNT,ACC00092
RPT00740,VEH00219,VEHICLE,VEH00219
RPT00740,LOC0067,LOCATION,Zone_0067
RPT00741,P00217,PERSON,PERSON_00217
RPT00741,P00156,PERSON,PERSON_00156
RPT00741,PH00451,PHONE,PH00451
RPT00741,ACC00163,ACCOUNT,ACC00163
RPT00741,VEH00143,VEHICLE,VEH00143
RPT00741,LOC0047,LOCATION,Zone_0047
RPT00742,P00276,PERSON,PERSON_00276
RPT00742,P00882,PERSON,PERSON_00882
RPT00742,PH00212,PHONE,PH00212
RPT00742,ACC00082,ACCOUNT,ACC00082
RPT00742,VEH00154,VEHICLE,VEH00154
RPT00742,LOC0100,LOCATION,Zone_0100
RPT00743,P00975,PERSON,PERSON_00975
RPT00743,P00203,PERSON,PERSON_00203
RPT00743,PH00489,PHONE,PH00489
RPT00743,ACC00266,ACCOUNT,ACC00266
RPT00743,VEH00223,VEHICLE,VEH00223
RPT00743,LOC0029,LOCATION,Zone_0029
RPT00744,P00299,PERSON,PERSON_00299
RPT00744,P00932,PERSON,PERSON_00932
RPT00744,PH00843,PHONE,PH00843
RPT00744,ACC00881,ACCOUNT,ACC00881
RPT00744,VEH00327,VEHICLE,VEH00327
RPT00744,LOC0049,LOCATION,Zone_0049
RPT00745,P00505,PERSON,PERSON_00505
RPT00745,P00238,PERSON,PERSON_00238
RPT00745,PH00666,PHONE,PH00666
RPT00745,ACC00640,ACCOUNT,ACC00640
RPT00745,VEH00097,VEHICLE,VEH00097
RPT00745,LOC0116,LOCATION,Zone_0116
RPT00746,P00500,PERSON,PERSON_00500
RPT00746,P00732,PERSON,PERSON_00732
RPT00746,PH01151,PHONE,PH01151
RPT00746,ACC00839,ACCOUNT,ACC00839
RPT00746,VEH00055,VEHICLE,VEH00055
RPT00746,LOC0178,LOCATION,Zone_0178
RPT00747,P00539,PERSON,PERSON_00539
RPT00747,P00308,PERSON,PERSON_00308
RPT00747,PH00035,PHONE,PH00035
RPT00747,ACC00411,ACCOUNT,ACC00411
RPT00747,VEH00118,VEHICLE,VEH00118
RPT00747,LOC0030,LOCATION,Zone_0030
RPT00748,P00892,PERSON,PERSON_00892
RPT00748,P00856,PERSON,PERSON_00856
RPT00748,PH00170,PHONE,PH00170
RPT00748,ACC00199,ACCOUNT,ACC00199
RPT00748,VEH00044,VEHICLE,VEH00044
RPT00748,LOC0107,LOCATION,Zone_0107
RPT00749,P00627,PERSON,PERSON_00627
RPT00749,P00193,PERSON,PERSON_00193
RPT00749,PH00363,PHONE,PH00363
RPT00749,ACC01195,ACCOUNT,ACC01195
RPT00749,VEH00303,VEHICLE,VEH00303
RPT00749,LOC0116,LOCATION,Zone_0116
RPT00750,P00607,PERSON,PERSON_00607
RPT00750,P00996,PERSON,PERSON_00996
RPT00750,PH01086,PHONE,PH01086
RPT00750,ACC00969,ACCOUNT,ACC00969
RPT00750,VEH00027,VEHICLE,VEH00027
RPT00750,LOC0138,LOCATION,Zone_0138
RPT00751,P00375,PERSON,PERSON_00375
RPT00751,P00679,PERSON,PERSON_00679
RPT00751,PH00349,PHONE,PH00349
RPT00751,ACC01159,ACCOUNT,ACC01159
RPT00751,VEH00379,VEHICLE,VEH00379
RPT00751,LOC0005,LOCATION,Zone_0005
RPT00752,P00481,PERSON,PERSON_00481
RPT00752,P00881,PERSON,PERSON_00881
RPT00752,PH01172,PHONE,PH01172
RPT00752,ACC01112,ACCOUNT,ACC01112
RPT00752,VEH00139,VEHICLE,VEH00139
RPT00752,LOC0129,LOCATION,Zone_0129
RPT00753,P00982,PERSON,PERSON_00982
RPT00753,P00965,PERSON,PERSON_00965
RPT00753,PH00138,PHONE,PH00138
RPT00753,ACC00621,ACCOUNT,ACC00621
RPT00753,VEH00102,VEHICLE,VEH00102
RPT00753,LOC0055,LOCATION,Zone_0055
RPT00754,P00304,PERSON,PERSON_00304
RPT00754,P00337,PERSON,PERSON_00337
RPT00754,PH00432,PHONE,PH00432
RPT00754,ACC00961,ACCOUNT,ACC00961
RPT00754,VEH00378,VEHICLE,VEH00378
RPT00754,LOC0116,LOCATION,Zone_0116
RPT00755,P00501,PERSON,PERSON_00501
RPT00755,P00194,PERSON,PERSON_00194
RPT00755,PH00984,PHONE,PH00984
RPT00755,ACC01136,ACCOUNT,ACC01136
RPT00755,VEH00027,VEHICLE,VEH00027
RPT00755,LOC0013,LOCATION,Zone_0013
RPT00756,P00300,PERSON,PERSON_00300
RPT00756,P00130,PERSON,PERSON_00130
RPT00756,PH00675,PHONE,PH00675
RPT00756,ACC00283,ACCOUNT,ACC00283
RPT00756,VEH00197,VEHICLE,VEH00197
RPT00756,LOC0054,LOCATION,Zone_0054
RPT00757,P00240,PERSON,PERSON_00240
RPT00757,P00002,PERSON,PERSON_00002
RPT00757,PH01059,PHONE,PH01059
RPT00757,ACC00711,ACCOUNT,ACC00711
RPT00757,VEH00171,VEHICLE,VEH00171
RPT00757,LOC0174,LOCATION,Zone_0174
RPT00758,P00851,PERSON,PERSON_00851
RPT00758,P00778,PERSON,PERSON_00778
RPT00758,PH00701,PHONE,PH00701
RPT00758,ACC00130,ACCOUNT,ACC00130
RPT00758,VEH00052,VEHICLE,VEH00052
RPT00758,LOC0039,LOCATION,Zone_0039
RPT00759,P00572,PERSON,PERSON_00572
RPT00759,P00695,PERSON,PERSON_00695
RPT00759,PH00534,PHONE,PH00534
RPT00759,ACC00798,ACCOUNT,ACC00798
RPT00759,VEH00027,VEHICLE,VEH00027
RPT00759,LOC0117,LOCATION,Zone_0117
RPT00760,P00804,PERSON,PERSON_00804
RPT00760,P00408,PERSON,PERSON_00408
RPT00760,PH01082,PHONE,PH01082
RPT00760,ACC00561,ACCOUNT,ACC00561
RPT00760,VEH00056,VEHICLE,VEH00056
RPT00760,LOC0145,LOCATION,Zone_0145
RPT00761,P00865,PERSON,PERSON_00865
RPT00761,P00492,PERSON,PERSON_00492
RPT00761,PH00366,PHONE,PH00366
RPT00761,ACC00439,ACCOUNT,ACC00439
RPT00761,VEH00045,VEHICLE,VEH00045
RPT00761,LOC0148,LOCATION,Zone_0148
RPT00762,P00876,PERSON,PERSON_00876
RPT00762,P00953,PERSON,PERSON_00953
RPT00762,PH01004,PHONE,PH01004
RPT00762,ACC01120,ACCOUNT,ACC01120
RPT00762,VEH00201,VEHICLE,VEH00201
RPT00762,LOC0154,LOCATION,Zone_0154
RPT00763,P00498,PERSON,PERSON_00498
RPT00763,P00827,PERSON,PERSON_00827
RPT00763,PH00587,PHONE,PH00587
RPT00763,ACC00618,ACCOUNT,ACC00618
RPT00763,VEH00123,VEHICLE,VEH00123
RPT00763,LOC0126,LOCATION,Zone_0126
RPT00764,P00331,PERSON,PERSON_00331
RPT00764,P00224,PERSON,PERSON_00224
RPT00764,PH00613,PHONE,PH00613
RPT00764,ACC00052,ACCOUNT,ACC00052
RPT00764,VEH00324,VEHICLE,VEH00324
RPT00764,LOC0175,LOCATION,Zone_0175
RPT00765,P00952,PERSON,PERSON_00952
RPT00765,P00574,PERSON,PERSON_00574
RPT00765,PH00702,PHONE,PH00702
RPT00765,ACC01104,ACCOUNT,ACC01104
RPT00765,VEH00027,VEHICLE,VEH00027
RPT00765,LOC0112,LOCATION,Zone_0112
RPT00766,P00467,PERSON,PERSON_00467
RPT00766,P00693,PERSON,PERSON_00693
RPT00766,PH00830,PHONE,PH00830
RPT00766,ACC00279,ACCOUNT,ACC00279
RPT00766,VEH00261,VEHICLE,VEH00261
RPT00766,LOC0138,LOCATION,Zone_0138
RPT00767,P00935,PERSON,PERSON_00935
RPT00767,P00796,PERSON,PERSON_00796
RPT00767,PH00104,PHONE,PH00104
RPT00767,ACC00754,ACCOUNT,ACC00754
RPT00767,VEH00335,VEHICLE,VEH00335
RPT00767,LOC0045,LOCATION,Zone_0045
RPT00768,P00054,PERSON,PERSON_00054
RPT00768,P00551,PERSON,PERSON_00551
RPT00768,PH00654,PHONE,PH00654
RPT00768,ACC00404,ACCOUNT,ACC00404
RPT00768,VEH00364,VEHICLE,VEH00364
RPT00768,LOC0158,LOCATION,Zone_0158
RPT00769,P00551,PERSON,PERSON_00551
RPT00769,P00091,PERSON,PERSON_00091
RPT00769,PH00582,PHONE,PH00582
RPT00769,ACC01047,ACCOUNT,ACC01047
RPT00769,VEH00244,VEHICLE,VEH00244
RPT00769,LOC0178,LOCATION,Zone_0178
RPT00770,P00196,PERSON,PERSON_00196
RPT00770,P00925,PERSON,PERSON_00925
RPT00770,PH00259,PHONE,PH00259
RPT00770,ACC00462,ACCOUNT,ACC00462
RPT00770,VEH00321,VEHICLE,VEH00321
RPT00770,LOC0022,LOCATION,Zone_0022
RPT00771,P00630,PERSON,PERSON_00630
RPT00771,P00644,PERSON,PERSON_00644
RPT00771,PH01038,PHONE,PH01038
RPT00771,ACC00391,ACCOUNT,ACC00391
RPT00771,VEH00057,VEHICLE,VEH00057
RPT00771,LOC0178,LOCATION,Zone_0178
RPT00772,P00817,PERSON,PERSON_00817
RPT00772,P00620,PERSON,PERSON_00620
RPT00772,PH00897,PHONE,PH00897
RPT00772,ACC00825,ACCOUNT,ACC00825
RPT00772,VEH00070,VEHICLE,VEH00070
RPT00772,LOC0095,LOCATION,Zone_0095
RPT00773,P00419,PERSON,PERSON_00419
RPT00773,P00596,PERSON,PERSON_00596
RPT00773,PH00245,PHONE,PH00245
RPT00773,ACC00533,ACCOUNT,ACC00533
RPT00773,VEH00082,VEHICLE,VEH00082
RPT00773,LOC0164,LOCATION,Zone_0164
RPT00774,P00260,PERSON,PERSON_00260
RPT00774,P00856,PERSON,PERSON_00856
RPT00774,PH00810,PHONE,PH00810
RPT00774,ACC00560,ACCOUNT,ACC00560
RPT00774,VEH00072,VEHICLE,VEH00072
RPT00774,LOC0073,LOCATION,Zone_0073
RPT00775,P00396,PERSON,PERSON_00396
RPT00775,P00122,PERSON,PERSON_00122
RPT00775,PH01174,PHONE,PH01174
RPT00775,ACC00708,ACCOUNT,ACC00708
RPT00775,VEH00316,VEHICLE,VEH00316
RPT00775,LOC0021,LOCATION,Zone_0021
RPT00776,P00783,PERSON,PERSON_00783
RPT00776,P00854,PERSON,PERSON_00854
RPT00776,PH00779,PHONE,PH00779
RPT00776,ACC01048,ACCOUNT,ACC01048
RPT00776,VEH00183,VEHICLE,VEH00183
RPT00776,LOC0141,LOCATION,Zone_0141
RPT00777,P00866,PERSON,PERSON_00866
RPT00777,P00153,PERSON,PERSON_00153
RPT00777,PH01148,PHONE,PH01148
RPT00777,ACC00258,ACCOUNT,ACC00258
RPT00777,VEH00118,VEHICLE,VEH00118
RPT00777,LOC0007,LOCATION,Zone_0007
RPT00778,P00839,PERSON,PERSON_00839
RPT00778,P00326,PERSON,PERSON_00326
RPT00778,PH00721,PHONE,PH00721
RPT00778,ACC01192,ACCOUNT,ACC01192
RPT00778,VEH00359,VEHICLE,VEH00359
RPT00778,LOC0144,LOCATION,Zone_0144
RPT00779,P00962,PERSON,PERSON_00962
RPT00779,P00720,PERSON,PERSON_00720
RPT00779,PH00056,PHONE,PH00056
RPT00779,ACC00910,ACCOUNT,ACC00910
RPT00779,VEH00007,VEHICLE,VEH00007
RPT00779,LOC0093,LOCATION,Zone_0093
RPT00780,P00557,PERSON,PERSON_00557
RPT00780,P00242,PERSON,PERSON_00242
RPT00780,PH00899,PHONE,PH00899
RPT00780,ACC00177,ACCOUNT,ACC00177
RPT00780,VEH00171,VEHICLE,VEH00171
RPT00780,LOC0072,LOCATION,Zone_0072
RPT00781,P00986,PERSON,PERSON_00986
RPT00781,P00969,PERSON,PERSON_00969
RPT00781,PH00875,PHONE,PH00875
RPT00781,ACC00597,ACCOUNT,ACC00597
RPT00781,VEH00344,VEHICLE,VEH00344
RPT00781,LOC0124,LOCATION,Zone_0124
RPT00782,P00107,PERSON,PERSON_00107
RPT00782,P00941,PERSON,PERSON_00941
RPT00782,PH00622,PHONE,PH00622
RPT00782,ACC00720,ACCOUNT,ACC00720
RPT00782,VEH00169,VEHICLE,VEH00169
RPT00782,LOC0156,LOCATION,Zone_0156
RPT00783,P00101,PERSON,PERSON_00101
RPT00783,P00985,PERSON,PERSON_00985
RPT00783,PH00707,PHONE,PH00707
RPT00783,ACC00790,ACCOUNT,ACC00790
RPT00783,VEH00351,VEHICLE,VEH00351
RPT00783,LOC0133,LOCATION,Zone_0133
RPT00784,P00903,PERSON,PERSON_00903
RPT00784,P00506,PERSON,PERSON_00506
RPT00784,PH00315,PHONE,PH00315
RPT00784,ACC00980,ACCOUNT,ACC00980
RPT00784,VEH00198,VEHICLE,VEH00198
RPT00784,LOC0082,LOCATION,Zone_0082
RPT00785,P00440,PERSON,PERSON_00440
RPT00785,P00383,PERSON,PERSON_00383
RPT00785,PH00368,PHONE,PH00368
RPT00785,ACC01001,ACCOUNT,ACC01001
RPT00785,VEH00205,VEHICLE,VEH00205
RPT00785,LOC0112,LOCATION,Zone_0112
RPT00786,P00134,PERSON,PERSON_00134
RPT00786,P00216,PERSON,PERSON_00216
RPT00786,PH00125,PHONE,PH00125
RPT00786,ACC00702,ACCOUNT,ACC00702
RPT00786,VEH00295,VEHICLE,VEH00295
RPT00786,LOC0016,LOCATION,Zone_0016
RPT00787,P00261,PERSON,PERSON_00261
RPT00787,P00290,PERSON,PERSON_00290
RPT00787,PH00886,PHONE,PH00886
RPT00787,ACC00270,ACCOUNT,ACC00270
RPT00787,VEH00068,VEHICLE,VEH00068
RPT00787,LOC0091,LOCATION,Zone_0091
RPT00788,P00325,PERSON,PERSON_00325
RPT00788,P00243,PERSON,PERSON_00243
RPT00788,PH00780,PHONE,PH00780
RPT00788,ACC00192,ACCOUNT,ACC00192
RPT00788,VEH00304,VEHICLE,VEH00304
RPT00788,LOC0099,LOCATION,Zone_0099
RPT00789,P00844,PERSON,PERSON_00844
RPT00789,P00436,PERSON,PERSON_00436
RPT00789,PH00874,PHONE,PH00874
RPT00789,ACC01035,ACCOUNT,ACC01035
RPT00789,VEH00175,VEHICLE,VEH00175
RPT00789,LOC0021,LOCATION,Zone_0021
RPT00790,P00614,PERSON,PERSON_00614
RPT00790,P00160,PERSON,PERSON_00160
RPT00790,PH00856,PHONE,PH00856
RPT00790,ACC01013,ACCOUNT,ACC01013
RPT00790,VEH00092,VEHICLE,VEH00092
RPT00790,LOC0025,LOCATION,Zone_0025
RPT00791,P00051,PERSON,PERSON_00051
RPT00791,P00768,PERSON,PERSON_00768
RPT00791,PH00393,PHONE,PH00393
RPT00791,ACC01056,ACCOUNT,ACC01056
RPT00791,VEH00093,VEHICLE,VEH00093
RPT00791,LOC0172,LOCATION,Zone_0172
RPT00792,P00584,PERSON,PERSON_00584
RPT00792,P00192,PERSON,PERSON_00192
RPT00792,PH01134,PHONE,PH01134
RPT00792,ACC00946,ACCOUNT,ACC00946
RPT00792,VEH00219,VEHICLE,VEH00219
RPT00792,LOC0096,LOCATION,Zone_0096
RPT00793,P00084,PERSON,PERSON_00084
RPT00793,P00470,PERSON,PERSON_00470
RPT00793,PH00024,PHONE,PH00024
RPT00793,ACC00941,ACCOUNT,ACC00941
RPT00793,VEH00165,VEHICLE,VEH00165
RPT00793,LOC0108,LOCATION,Zone_0108
RPT00794,P00513,PERSON,PERSON_00513
RPT00794,P00348,PERSON,PERSON_00348
RPT00794,PH01061,PHONE,PH01061
RPT00794,ACC00468,ACCOUNT,ACC00468
RPT00794,VEH00031,VEHICLE,VEH00031
RPT00794,LOC0074,LOCATION,Zone_0074
RPT00795,P00003,PERSON,PERSON_00003
RPT00795,P00151,PERSON,PERSON_00151
RPT00795,PH00014,PHONE,PH00014
RPT00795,ACC00914,ACCOUNT,ACC00914
RPT00795,VEH00010,VEHICLE,VEH00010
RPT00795,LOC0100,LOCATION,Zone_0100
RPT00796,P00547,PERSON,PERSON_00547
RPT00796,P00440,PERSON,PERSON_00440
RPT00796,PH00513,PHONE,PH00513
RPT00796,ACC00916,ACCOUNT,ACC00916
RPT00796,VEH00381,VEHICLE,VEH00381
RPT00796,LOC0062,LOCATION,Zone_0062
RPT00797,P00525,PERSON,PERSON_00525
RPT00797,P00718,PERSON,PERSON_00718
RPT00797,PH00543,PHONE,PH00543
RPT00797,ACC01050,ACCOUNT,ACC01050
RPT00797,VEH00116,VEHICLE,VEH00116
RPT00797,LOC0016,LOCATION,Zone_0016
RPT00798,P00672,PERSON,PERSON_00672
RPT00798,P00931,PERSON,PERSON_00931
RPT00798,PH00350,PHONE,PH00350
RPT00798,ACC01081,ACCOUNT,ACC01081
RPT00798,VEH00037,VEHICLE,VEH00037
RPT00798,LOC0039,LOCATION,Zone_0039
RPT00799,P00455,PERSON,PERSON_00455
RPT00799,P00352,PERSON,PERSON_00352
RPT00799,PH00224,PHONE,PH00224
RPT00799,ACC00417,ACCOUNT,ACC00417
RPT00799,VEH00128,VEHICLE,VEH00128
RPT00799,LOC0128,LOCATION,Zone_0128
RPT00800,P00243,PERSON,PERSON_00243
RPT00800,P00276,PERSON,PERSON_00276
RPT00800,PH00900,PHONE,PH00900
RPT00800,ACC00651,ACCOUNT,ACC00651
RPT00800,VEH00069,VEHICLE,VEH00069
RPT00800,LOC0111,LOCATION,Zone_0111
RPT00801,P00926,PERSON,PERSON_00926
RPT00801,P00859,PERSON,PERSON_00859
RPT00801,PH01003,PHONE,PH01003
RPT00801,ACC01062,ACCOUNT,ACC01062
RPT00801,VEH00127,VEHICLE,VEH00127
RPT00801,LOC0045,LOCATION,Zone_0045
RPT00802,P00095,PERSON,PERSON_00095
RPT00802,P00774,PERSON,PERSON_00774
RPT00802,PH01194,PHONE,PH01194
RPT00802,ACC00689,ACCOUNT,ACC00689
RPT00802,VEH00302,VEHICLE,VEH00302
RPT00802,LOC0085,LOCATION,Zone_0085
RPT00803,P00958,PERSON,PERSON_00958
RPT00803,P00354,PERSON,PERSON_00354
RPT00803,PH00512,PHONE,PH00512
RPT00803,ACC00864,ACCOUNT,ACC00864
RPT00803,VEH00235,VEHICLE,VEH00235
RPT00803,LOC0050,LOCATION,Zone_0050
RPT00804,P00801,PERSON,PERSON_00801
RPT00804,P00707,PERSON,PERSON_00707
RPT00804,PH00388,PHONE,PH00388
RPT00804,ACC00786,ACCOUNT,ACC00786
RPT00804,VEH00389,VEHICLE,VEH00389
RPT00804,LOC0052,LOCATION,Zone_0052
RPT00805,P00201,PERSON,PERSON_00201
RPT00805,P00036,PERSON,PERSON_00036
RPT00805,PH00618,PHONE,PH00618
RPT00805,ACC00254,ACCOUNT,ACC00254
RPT00805,VEH00393,VEHICLE,VEH00393
RPT00805,LOC0091,LOCATION,Zone_0091
RPT00806,P00849,PERSON,PERSON_00849
RPT00806,P00400,PERSON,PERSON_00400
RPT00806,PH00359,PHONE,PH00359
RPT00806,ACC00701,ACCOUNT,ACC00701
RPT00806,VEH00365,VEHICLE,VEH00365
RPT00806,LOC0100,LOCATION,Zone_0100
RPT00807,P00419,PERSON,PERSON_00419
RPT00807,P00969,PERSON,PERSON_00969
RPT00807,PH00245,PHONE,PH00245
RPT00807,ACC01144,ACCOUNT,ACC01144
RPT00807,VEH00272,VEHICLE,VEH00272
RPT00807,LOC0171,LOCATION,Zone_0171
RPT00808,P00668,PERSON,PERSON_00668
RPT00808,P00406,PERSON,PERSON_00406
RPT00808,PH00946,PHONE,PH00946
RPT00808,ACC01091,ACCOUNT,ACC01091
RPT00808,VEH00326,VEHICLE,VEH00326
RPT00808,LOC0055,LOCATION,Zone_0055
RPT00809,P00247,PERSON,PERSON_00247
RPT00809,P00593,PERSON,PERSON_00593
RPT00809,PH00938,PHONE,PH00938
RPT00809,ACC00306,ACCOUNT,ACC00306
RPT00809,VEH00246,VEHICLE,VEH00246
RPT00809,LOC0152,LOCATION,Zone_0152
RPT00810,P00051,PERSON,PERSON_00051
RPT00810,P00606,PERSON,PERSON_00606
RPT00810,PH00393,PHONE,PH00393
RPT00810,ACC01056,ACCOUNT,ACC01056
RPT00810,VEH00322,VEHICLE,VEH00322
RPT00810,LOC0096,LOCATION,Zone_0096
RPT00811,P00678,PERSON,PERSON_00678
RPT00811,P00539,PERSON,PERSON_00539
RPT00811,PH00389,PHONE,PH00389
RPT00811,ACC00045,ACCOUNT,ACC00045
RPT00811,VEH00255,VEHICLE,VEH00255
RPT00811,LOC0008,LOCATION,Zone_0008
RPT00812,P00759,PERSON,PERSON_00759
RPT00812,P00692,PERSON,PERSON_00692
RPT00812,PH00313,PHONE,PH00313
RPT00812,ACC00336,ACCOUNT,ACC00336
RPT00812,VEH00243,VEHICLE,VEH00243
RPT00812,LOC0063,LOCATION,Zone_0063
RPT00813,P00308,PERSON,PERSON_00308
RPT00813,P00209,PERSON,PERSON_00209
RPT00813,PH01027,PHONE,PH01027
RPT00813,ACC01135,ACCOUNT,ACC01135
RPT00813,VEH00251,VEHICLE,VEH00251
RPT00813,LOC0020,LOCATION,Zone_0020
RPT00814,P00178,PERSON,PERSON_00178
RPT00814,P00484,PERSON,PERSON_00484
RPT00814,PH00796,PHONE,PH00796
RPT00814,ACC00446,ACCOUNT,ACC00446
RPT00814,VEH00182,VEHICLE,VEH00182
RPT00814,LOC0150,LOCATION,Zone_0150
RPT00815,P00502,PERSON,PERSON_00502
RPT00815,P00984,PERSON,PERSON_00984
RPT00815,PH01147,PHONE,PH01147
RPT00815,ACC00869,ACCOUNT,ACC00869
RPT00815,VEH00207,VEHICLE,VEH00207
RPT00815,LOC0168,LOCATION,Zone_0168
RPT00816,P01000,PERSON,PERSON_01000
RPT00816,P00505,PERSON,PERSON_00505
RPT00816,PH00571,PHONE,PH00571
RPT00816,ACC01115,ACCOUNT,ACC01115
RPT00816,VEH00096,VEHICLE,VEH00096
RPT00816,LOC0171,LOCATION,Zone_0171
RPT00817,P00654,PERSON,PERSON_00654
RPT00817,P00904,PERSON,PERSON_00904
RPT00817,PH00928,PHONE,PH00928
RPT00817,ACC00363,ACCOUNT,ACC00363
RPT00817,VEH00382,VEHICLE,VEH00382
RPT00817,LOC0097,LOCATION,Zone_0097
RPT00818,P00431,PERSON,PERSON_00431
RPT00818,P00845,PERSON,PERSON_00845
RPT00818,PH00510,PHONE,PH00510
RPT00818,ACC00900,ACCOUNT,ACC00900
RPT00818,VEH00333,VEHICLE,VEH00333
RPT00818,LOC0057,LOCATION,Zone_0057
RPT00819,P00779,PERSON,PERSON_00779
RPT00819,P00979,PERSON,PERSON_00979
RPT00819,PH00106,PHONE,PH00106
RPT00819,ACC00550,ACCOUNT,ACC00550
RPT00819,VEH00028,VEHICLE,VEH00028
RPT00819,LOC0101,LOCATION,Zone_0101
RPT00820,P00304,PERSON,PERSON_00304
RPT00820,P00241,PERSON,PERSON_00241
RPT00820,PH00829,PHONE,PH00829
RPT00820,ACC00961,ACCOUNT,ACC00961
RPT00820,VEH00037,VEHICLE,VEH00037
RPT00820,LOC0168,LOCATION,Zone_0168
RPT00821,P00005,PERSON,PERSON_00005
RPT00821,P00446,PERSON,PERSON_00446
RPT00821,PH01001,PHONE,PH01001
RPT00821,ACC01088,ACCOUNT,ACC01088
RPT00821,VEH00134,VEHICLE,VEH00134
RPT00821,LOC0143,LOCATION,Zone_0143
RPT00822,P00388,PERSON,PERSON_00388
RPT00822,P00740,PERSON,PERSON_00740
RPT00822,PH00802,PHONE,PH00802
RPT00822,ACC00832,ACCOUNT,ACC00832
RPT00822,VEH00234,VEHICLE,VEH00234
RPT00822,LOC0166,LOCATION,Zone_0166
RPT00823,P00301,PERSON,PERSON_00301
RPT00823,P00709,PERSON,PERSON_00709
RPT00823,PH00957,PHONE,PH00957
RPT00823,ACC00859,ACCOUNT,ACC00859
RPT00823,VEH00377,VEHICLE,VEH00377
RPT00823,LOC0068,LOCATION,Zone_0068
RPT00824,P00319,PERSON,PERSON_00319
RPT00824,P00398,PERSON,PERSON_00398
RPT00824,PH00860,PHONE,PH00860
RPT00824,ACC00023,ACCOUNT,ACC00023
RPT00824,VEH00259,VEHICLE,VEH00259
RPT00824,LOC0009,LOCATION,Zone_0009
RPT00825,P00417,PERSON,PERSON_00417
RPT00825,P00097,PERSON,PERSON_00097
RPT00825,PH00362,PHONE,PH00362
RPT00825,ACC00220,ACCOUNT,ACC00220
RPT00825,VEH00218,VEHICLE,VEH00218
RPT00825,LOC0021,LOCATION,Zone_0021
RPT00826,P00251,PERSON,PERSON_00251
RPT00826,P00983,PERSON,PERSON_00983
RPT00826,PH00847,PHONE,PH00847
RPT00826,ACC00978,ACCOUNT,ACC00978
RPT00826,VEH00217,VEHICLE,VEH00217
RPT00826,LOC0020,LOCATION,Zone_0020
RPT00827,P00904,PERSON,PERSON_00904
RPT00827,P00124,PERSON,PERSON_00124
RPT00827,PH00103,PHONE,PH00103
RPT00827,ACC00584,ACCOUNT,ACC00584
RPT00827,VEH00146,VEHICLE,VEH00146
RPT00827,LOC0094,LOCATION,Zone_0094
RPT00828,P00134,PERSON,PERSON_00134
RPT00828,P00746,PERSON,PERSON_00746
RPT00828,PH00125,PHONE,PH00125
RPT00828,ACC00702,ACCOUNT,ACC00702
RPT00828,VEH00125,VEHICLE,VEH00125
RPT00828,LOC0129,LOCATION,Zone_0129
RPT00829,P00407,PERSON,PERSON_00407
RPT00829,P00588,PERSON,PERSON_00588
RPT00829,PH00824,PHONE,PH00824
RPT00829,ACC00326,ACCOUNT,ACC00326
RPT00829,VEH00208,VEHICLE,VEH00208
RPT00829,LOC0021,LOCATION,Zone_0021
RPT00830,P00752,PERSON,PERSON_00752
RPT00830,P00643,PERSON,PERSON_00643
RPT00830,PH00548,PHONE,PH00548
RPT00830,ACC00610,ACCOUNT,ACC00610
RPT00830,VEH00163,VEHICLE,VEH00163
RPT00830,LOC0016,LOCATION,Zone_0016
RPT00831,P00281,PERSON,PERSON_00281
RPT00831,P00344,PERSON,PERSON_00344
RPT00831,PH01041,PHONE,PH01041
RPT00831,ACC00688,ACCOUNT,ACC00688
RPT00831,VEH00171,VEHICLE,VEH00171
RPT00831,LOC0072,LOCATION,Zone_0072
RPT00832,P00552,PERSON,PERSON_00552
RPT00832,P00093,PERSON,PERSON_00093
RPT00832,PH00770,PHONE,PH00770
RPT00832,ACC00432,ACCOUNT,ACC00432
RPT00832,VEH00308,VEHICLE,VEH00308
RPT00832,LOC0085,LOCATION,Zone_0085
RPT00833,P00755,PERSON,PERSON_00755
RPT00833,P00481,PERSON,PERSON_00481
RPT00833,PH00884,PHONE,PH00884
RPT00833,ACC00068,ACCOUNT,ACC00068
RPT00833,VEH00354,VEHICLE,VEH00354
RPT00833,LOC0017,LOCATION,Zone_0017
RPT00834,P00682,PERSON,PERSON_00682
RPT00834,P00438,PERSON,PERSON_00438
RPT00834,PH00864,PHONE,PH00864
RPT00834,ACC00966,ACCOUNT,ACC00966
RPT00834,VEH00184,VEHICLE,VEH00184
RPT00834,LOC0179,LOCATION,Zone_0179
RPT00835,P00983,PERSON,PERSON_00983
RPT00835,P00972,PERSON,PERSON_00972
RPT00835,PH00831,PHONE,PH00831
RPT00835,ACC00403,ACCOUNT,ACC00403
RPT00835,VEH00276,VEHICLE,VEH00276
RPT00835,LOC0080,LOCATION,Zone_0080
RPT00836,P00742,PERSON,PERSON_00742
RPT00836,P00373,PERSON,PERSON_00373
RPT00836,PH00373,PHONE,PH00373
RPT00836,ACC00006,ACCOUNT,ACC00006
RPT00836,VEH00085,VEHICLE,VEH00085
RPT00836,LOC0028,LOCATION,Zone_0028
RPT00837,P00056,PERSON,PERSON_00056
RPT00837,P00299,PERSON,PERSON_00299
RPT00837,PH00076,PHONE,PH00076
RPT00837,ACC00846,ACCOUNT,ACC00846
RPT00837,VEH00390,VEHICLE,VEH00390
RPT00837,LOC0167,LOCATION,Zone_0167
RPT00838,P00576,PERSON,PERSON_00576
RPT00838,P00911,PERSON,PERSON_00911
RPT00838,PH00529,PHONE,PH00529
RPT00838,ACC00787,ACCOUNT,ACC00787
RPT00838,VEH00203,VEHICLE,VEH00203
RPT00838,LOC0106,LOCATION,Zone_0106
RPT00839,P00958,PERSON,PERSON_00958
RPT00839,P00648,PERSON,PERSON_00648
RPT00839,PH00512,PHONE,PH00512
RPT00839,ACC00864,ACCOUNT,ACC00864
RPT00839,VEH00124,VEHICLE,VEH00124
RPT00839,LOC0039,LOCATION,Zone_0039
RPT00840,P00030,PERSON,PERSON_00030
RPT00840,P00417,PERSON,PERSON_00417
RPT00840,PH01115,PHONE,PH01115
RPT00840,ACC01183,ACCOUNT,ACC01183
RPT00840,VEH00205,VEHICLE,VEH00205
RPT00840,LOC0109,LOCATION,Zone_0109
RPT00841,P00144,PERSON,PERSON_00144
RPT00841,P00662,PERSON,PERSON_00662
RPT00841,PH00939,PHONE,PH00939
RPT00841,ACC00477,ACCOUNT,ACC00477
RPT00841,VEH00044,VEHICLE,VEH00044
RPT00841,LOC0085,LOCATION,Zone_0085
RPT00842,P00882,PERSON,PERSON_00882
RPT00842,P00238,PERSON,PERSON_00238
RPT00842,PH01026,PHONE,PH01026
RPT00842,ACC00129,ACCOUNT,ACC00129
RPT00842,VEH00242,VEHICLE,VEH00242
RPT00842,LOC0133,LOCATION,Zone_0133
RPT00843,P00191,PERSON,PERSON_00191
RPT00843,P00168,PERSON,PERSON_00168
RPT00843,PH00816,PHONE,PH00816
RPT00843,ACC01121,ACCOUNT,ACC01121
RPT00843,VEH00212,VEHICLE,VEH00212
RPT00843,LOC0036,LOCATION,Zone_0036
RPT00844,P00416,PERSON,PERSON_00416
RPT00844,P00490,PERSON,PERSON_00490
RPT00844,PH00457,PHONE,PH00457
RPT00844,ACC00374,ACCOUNT,ACC00374
RPT00844,VEH00175,VEHICLE,VEH00175
RPT00844,LOC0128,LOCATION,Zone_0128
RPT00845,P00175,PERSON,PERSON_00175
RPT00845,P00546,PERSON,PERSON_00546
RPT00845,PH00493,PHONE,PH00493
RPT00845,ACC01064,ACCOUNT,ACC01064
RPT00845,VEH00218,VEHICLE,VEH00218
RPT00845,LOC0062,LOCATION,Zone_0062
RPT00846,P00071,PERSON,PERSON_00071
RPT00846,P00563,PERSON,PERSON_00563
RPT00846,PH01143,PHONE,PH01143
RPT00846,ACC00697,ACCOUNT,ACC00697
RPT00846,VEH00051,VEHICLE,VEH00051
RPT00846,LOC0169,LOCATION,Zone_0169
RPT00847,P00930,PERSON,PERSON_00930
RPT00847,P00327,PERSON,PERSON_00327
RPT00847,PH00908,PHONE,PH00908
RPT00847,ACC00742,ACCOUNT,ACC00742
RPT00847,VEH00178,VEHICLE,VEH00178
RPT00847,LOC0034,LOCATION,Zone_0034
RPT00848,P00943,PERSON,PERSON_00943
RPT00848,P00701,PERSON,PERSON_00701
RPT00848,PH01080,PHONE,PH01080
RPT00848,ACC00247,ACCOUNT,ACC00247
RPT00848,VEH00076,VEHICLE,VEH00076
RPT00848,LOC0142,LOCATION,Zone_0142
RPT00849,P00571,PERSON,PERSON_00571
RPT00849,P00908,PERSON,PERSON_00908
RPT00849,PH01102,PHONE,PH01102
RPT00849,ACC00328,ACCOUNT,ACC00328
RPT00849,VEH00367,VEHICLE,VEH00367
RPT00849,LOC0124,LOCATION,Zone_0124
RPT00850,P00281,PERSON,PERSON_00281
RPT00850,P00971,PERSON,PERSON_00971
RPT00850,PH01041,PHONE,PH01041
RPT00850,ACC00688,ACCOUNT,ACC00688
RPT00850,VEH00057,VEHICLE,VEH00057
RPT00850,LOC0168,LOCATION,Zone_0168
RPT00851,P00887,PERSON,PERSON_00887
RPT00851,P00376,PERSON,PERSON_00376
RPT00851,PH01089,PHONE,PH01089
RPT00851,ACC00532,ACCOUNT,ACC00532
RPT00851,VEH00134,VEHICLE,VEH00134
RPT00851,LOC0119,LOCATION,Zone_0119
RPT00852,P00429,PERSON,PERSON_00429
RPT00852,P00119,PERSON,PERSON_00119
RPT00852,PH00402,PHONE,PH00402
RPT00852,ACC00090,ACCOUNT,ACC00090
RPT00852,VEH00152,VEHICLE,VEH00152
RPT00852,LOC0024,LOCATION,Zone_0024
RPT00853,P00303,PERSON,PERSON_00303
RPT00853,P00135,PERSON,PERSON_00135
RPT00853,PH00387,PHONE,PH00387
RPT00853,ACC00389,ACCOUNT,ACC00389
RPT00853,VEH00374,VEHICLE,VEH00374
RPT00853,LOC0051,LOCATION,Zone_0051
RPT00854,P00176,PERSON,PERSON_00176
RPT00854,P00256,PERSON,PERSON_00256
RPT00854,PH01165,PHONE,PH01165
RPT00854,ACC00081,ACCOUNT,ACC00081
RPT00854,VEH00017,VEHICLE,VEH00017
RPT00854,LOC0128,LOCATION,Zone_0128
RPT00855,P00266,PERSON,PERSON_00266
RPT00855,P00742,PERSON,PERSON_00742
RPT00855,PH00072,PHONE,PH00072
RPT00855,ACC01033,ACCOUNT,ACC01033
RPT00855,VEH00175,VEHICLE,VEH00175
RPT00855,LOC0107,LOCATION,Zone_0107
RPT00856,P00285,PERSON,PERSON_00285
RPT00856,P00610,PERSON,PERSON_00610
RPT00856,PH01008,PHONE,PH01008
RPT00856,ACC00503,ACCOUNT,ACC00503
RPT00856,VEH00082,VEHICLE,VEH00082
RPT00856,LOC0015,LOCATION,Zone_0015
RPT00857,P00813,PERSON,PERSON_00813
RPT00857,P00067,PERSON,PERSON_00067
RPT00857,PH00378,PHONE,PH00378
RPT00857,ACC00578,ACCOUNT,ACC00578
RPT00857,VEH00154,VEHICLE,VEH00154
RPT00857,LOC0065,LOCATION,Zone_0065
RPT00858,P00036,PERSON,PERSON_00036
RPT00858,P00838,PERSON,PERSON_00838
RPT00858,PH01073,PHONE,PH01073
RPT00858,ACC00717,ACCOUNT,ACC00717
RPT00858,VEH00197,VEHICLE,VEH00197
RPT00858,LOC0101,LOCATION,Zone_0101
RPT00859,P00915,PERSON,PERSON_00915
RPT00859,P00156,PERSON,PERSON_00156
RPT00859,PH00358,PHONE,PH00358
RPT00859,ACC00161,ACCOUNT,ACC00161
RPT00859,VEH00126,VEHICLE,VEH00126
RPT00859,LOC0072,LOCATION,Zone_0072
RPT00860,P00531,PERSON,PERSON_00531
RPT00860,P00314,PERSON,PERSON_00314
RPT00860,PH00173,PHONE,PH00173
RPT00860,ACC01163,ACCOUNT,ACC01163
RPT00860,VEH00268,VEHICLE,VEH00268
RPT00860,LOC0107,LOCATION,Zone_0107
RPT00861,P00948,PERSON,PERSON_00948
RPT00861,P00816,PERSON,PERSON_00816
RPT00861,PH00079,PHONE,PH00079
RPT00861,ACC00194,ACCOUNT,ACC00194
RPT00861,VEH00259,VEHICLE,VEH00259
RPT00861,LOC0091,LOCATION,Zone_0091
RPT00862,P00063,PERSON,PERSON_00063
RPT00862,P00994,PERSON,PERSON_00994
RPT00862,PH00933,PHONE,PH00933
RPT00862,ACC01020,ACCOUNT,ACC01020
RPT00862,VEH00252,VEHICLE,VEH00252
RPT00862,LOC0004,LOCATION,Zone_0004
RPT00863,P00513,PERSON,PERSON_00513
RPT00863,P00360,PERSON,PERSON_00360
RPT00863,PH00405,PHONE,PH00405
RPT00863,ACC00468,ACCOUNT,ACC00468
RPT00863,VEH00072,VEHICLE,VEH00072
RPT00863,LOC0058,LOCATION,Zone_0058
RPT00864,P00998,PERSON,PERSON_00998
RPT00864,P00222,PERSON,PERSON_00222
RPT00864,PH00163,PHONE,PH00163
RPT00864,ACC00235,ACCOUNT,ACC00235
RPT00864,VEH00207,VEHICLE,VEH00207
RPT00864,LOC0058,LOCATION,Zone_0058
RPT00865,P00376,PERSON,PERSON_00376
RPT00865,P00676,PERSON,PERSON_00676
RPT00865,PH00684,PHONE,PH00684
RPT00865,ACC00851,ACCOUNT,ACC00851
RPT00865,VEH00235,VEHICLE,VEH00235
RPT00865,LOC0158,LOCATION,Zone_0158
RPT00866,P00969,PERSON,PERSON_00969
RPT00866,P00949,PERSON,PERSON_00949
RPT00866,PH00655,PHONE,PH00655
RPT00866,ACC00227,ACCOUNT,ACC00227
RPT00866,VEH00002,VEHICLE,VEH00002
RPT00866,LOC0005,LOCATION,Zone_0005
RPT00867,P00121,PERSON,PERSON_00121
RPT00867,P00177,PERSON,PERSON_00177
RPT00867,PH01187,PHONE,PH01187
RPT00867,ACC00976,ACCOUNT,ACC00976
RPT00867,VEH00212,VEHICLE,VEH00212
RPT00867,LOC0069,LOCATION,Zone_0069
RPT00868,P00174,PERSON,PERSON_00174
RPT00868,P00062,PERSON,PERSON_00062
RPT00868,PH00450,PHONE,PH00450
RPT00868,ACC00353,ACCOUNT,ACC00353
RPT00868,VEH00381,VEHICLE,VEH00381
RPT00868,LOC0087,LOCATION,Zone_0087
RPT00869,P00433,PERSON,PERSON_00433
RPT00869,P00173,PERSON,PERSON_00173
RPT00869,PH00139,PHONE,PH00139
RPT00869,ACC00147,ACCOUNT,ACC00147
RPT00869,VEH00149,VEHICLE,VEH00149
RPT00869,LOC0133,LOCATION,Zone_0133
RPT00870,P00976,PERSON,PERSON_00976
RPT00870,P00865,PERSON,PERSON_00865
RPT00870,PH00455,PHONE,PH00455
RPT00870,ACC00390,ACCOUNT,ACC00390
RPT00870,VEH00231,VEHICLE,VEH00231
RPT00870,LOC0034,LOCATION,Zone_0034
RPT00871,P00257,PERSON,PERSON_00257
RPT00871,P00420,PERSON,PERSON_00420
RPT00871,PH00371,PHONE,PH00371
RPT00871,ACC00342,ACCOUNT,ACC00342
RPT00871,VEH00178,VEHICLE,VEH00178
RPT00871,LOC0061,LOCATION,Zone_0061
RPT00872,P00018,PERSON,PERSON_00018
RPT00872,P00016,PERSON,PERSON_00016
RPT00872,PH00289,PHONE,PH00289
RPT00872,ACC00704,ACCOUNT,ACC00704
RPT00872,VEH00020,VEHICLE,VEH00020
RPT00872,LOC0042,LOCATION,Zone_0042
RPT00873,P00763,PERSON,PERSON_00763
RPT00873,P00153,PERSON,PERSON_00153
RPT00873,PH00514,PHONE,PH00514
RPT00873,ACC00360,ACCOUNT,ACC00360
RPT00873,VEH00334,VEHICLE,VEH00334
RPT00873,LOC0035,LOCATION,Zone_0035
RPT00874,P00908,PERSON,PERSON_00908
RPT00874,P00327,PERSON,PERSON_00327
RPT00874,PH00980,PHONE,PH00980
RPT00874,ACC00231,ACCOUNT,ACC00231
RPT00874,VEH00158,VEHICLE,VEH00158
RPT00874,LOC0056,LOCATION,Zone_0056
RPT00875,P00241,PERSON,PERSON_00241
RPT00875,P00095,PERSON,PERSON_00095
RPT00875,PH00539,PHONE,PH00539
RPT00875,ACC00039,ACCOUNT,ACC00039
RPT00875,VEH00070,VEHICLE,VEH00070
RPT00875,LOC0032,LOCATION,Zone_0032
RPT00876,P00978,PERSON,PERSON_00978
RPT00876,P00802,PERSON,PERSON_00802
RPT00876,PH01090,PHONE,PH01090
RPT00876,ACC00475,ACCOUNT,ACC00475
RPT00876,VEH00204,VEHICLE,VEH00204
RPT00876,LOC0129,LOCATION,Zone_0129
RPT00877,P00244,PERSON,PERSON_00244
RPT00877,P00639,PERSON,PERSON_00639
RPT00877,PH00592,PHONE,PH00592
RPT00877,ACC00685,ACCOUNT,ACC00685
RPT00877,VEH00004,VEHICLE,VEH00004
RPT00877,LOC0020,LOCATION,Zone_0020
RPT00878,P00802,PERSON,PERSON_00802
RPT00878,P00613,PERSON,PERSON_00613
RPT00878,PH00394,PHONE,PH00394
RPT00878,ACC00954,ACCOUNT,ACC00954
RPT00878,VEH00114,VEHICLE,VEH00114
RPT00878,LOC0091,LOCATION,Zone_0091
RPT00879,P00720,PERSON,PERSON_00720
RPT00879,P00047,PERSON,PERSON_00047
RPT00879,PH00600,PHONE,PH00600
RPT00879,ACC01186,ACCOUNT,ACC01186
RPT00879,VEH00176,VEHICLE,VEH00176
RPT00879,LOC0073,LOCATION,Zone_0073
RPT00880,P00181,PERSON,PERSON_00181
RPT00880,P00405,PERSON,PERSON_00405
RPT00880,PH00130,PHONE,PH00130
RPT00880,ACC00540,ACCOUNT,ACC00540
RPT00880,VEH00134,VEHICLE,VEH00134
RPT00880,LOC0036,LOCATION,Zone_0036
RPT00881,P00171,PERSON,PERSON_00171
RPT00881,P00952,PERSON,PERSON_00952
RPT00881,PH00123,PHONE,PH00123
RPT00881,ACC01114,ACCOUNT,ACC01114
RPT00881,VEH00111,VEHICLE,VEH00111
RPT00881,LOC0096,LOCATION,Zone_0096
RPT00882,P00227,PERSON,PERSON_00227
RPT00882,P00239,PERSON,PERSON_00239
RPT00882,PH00705,PHONE,PH00705
RPT00882,ACC00335,ACCOUNT,ACC00335
RPT00882,VEH00142,VEHICLE,VEH00142
RPT00882,LOC0139,LOCATION,Zone_0139
RPT00883,P00490,PERSON,PERSON_00490
RPT00883,P00552,PERSON,PERSON_00552
RPT00883,PH00503,PHONE,PH00503
RPT00883,ACC00333,ACCOUNT,ACC00333
RPT00883,VEH00251,VEHICLE,VEH00251
RPT00883,LOC0137,LOCATION,Zone_0137
RPT00884,P00509,PERSON,PERSON_00509
RPT00884,P00467,PERSON,PERSON_00467
RPT00884,PH00073,PHONE,PH00073
RPT00884,ACC00895,ACCOUNT,ACC00895
RPT00884,VEH00113,VEHICLE,VEH00113
RPT00884,LOC0062,LOCATION,Zone_0062
RPT00885,P00205,PERSON,PERSON_00205
RPT00885,P00731,PERSON,PERSON_00731
RPT00885,PH01145,PHONE,PH01145
RPT00885,ACC00792,ACCOUNT,ACC00792
RPT00885,VEH00124,VEHICLE,VEH00124
RPT00885,LOC0140,LOCATION,Zone_0140
RPT00886,P00781,PERSON,PERSON_00781
RPT00886,P00896,PERSON,PERSON_00896
RPT00886,PH00036,PHONE,PH00036
RPT00886,ACC01100,ACCOUNT,ACC01100
RPT00886,VEH00226,VEHICLE,VEH00226
RPT00886,LOC0003,LOCATION,Zone_0003
RPT00887,P00705,PERSON,PERSON_00705
RPT00887,P00323,PERSON,PERSON_00323
RPT00887,PH00877,PHONE,PH00877
RPT00887,ACC00660,ACCOUNT,ACC00660
RPT00887,VEH00354,VEHICLE,VEH00354
RPT00887,LOC0042,LOCATION,Zone_0042
RPT00888,P00430,PERSON,PERSON_00430
RPT00888,P00745,PERSON,PERSON_00745
RPT00888,PH00390,PHONE,PH00390
RPT00888,ACC00382,ACCOUNT,ACC00382
RPT00888,VEH00294,VEHICLE,VEH00294
RPT00888,LOC0086,LOCATION,Zone_0086
RPT00889,P00507,PERSON,PERSON_00507
RPT00889,P00398,PERSON,PERSON_00398
RPT00889,PH00400,PHONE,PH00400
RPT00889,ACC00611,ACCOUNT,ACC00611
RPT00889,VEH00239,VEHICLE,VEH00239
RPT00889,LOC0150,LOCATION,Zone_0150
RPT00890,P00627,PERSON,PERSON_00627
RPT00890,P00541,PERSON,PERSON_00541
RPT00890,PH00363,PHONE,PH00363
RPT00890,ACC01195,ACCOUNT,ACC01195
RPT00890,VEH00261,VEHICLE,VEH00261
RPT00890,LOC0140,LOCATION,Zone_0140
RPT00891,P00407,PERSON,PERSON_00407
RPT00891,P00129,PERSON,PERSON_00129
RPT00891,PH00824,PHONE,PH00824
RPT00891,ACC00193,ACCOUNT,ACC00193
RPT00891,VEH00275,VEHICLE,VEH00275
RPT00891,LOC0012,LOCATION,Zone_0012
RPT00892,P00785,PERSON,PERSON_00785
RPT00892,P00151,PERSON,PERSON_00151
RPT00892,PH00190,PHONE,PH00190
RPT00892,ACC00757,ACCOUNT,ACC00757
RPT00892,VEH00045,VEHICLE,VEH00045
RPT00892,LOC0056,LOCATION,Zone_0056
RPT00893,P00050,PERSON,PERSON_00050
RPT00893,P00544,PERSON,PERSON_00544
RPT00893,PH00560,PHONE,PH00560
RPT00893,ACC00541,ACCOUNT,ACC00541
RPT00893,VEH00090,VEHICLE,VEH00090
RPT00893,LOC0056,LOCATION,Zone_0056
RPT00894,P00236,PERSON,PERSON_00236
RPT00894,P00080,PERSON,PERSON_00080
RPT00894,PH00016,PHONE,PH00016
RPT00894,ACC00971,ACCOUNT,ACC00971
RPT00894,VEH00141,VEHICLE,VEH00141
RPT00894,LOC0070,LOCATION,Zone_0070
RPT00895,P00592,PERSON,PERSON_00592
RPT00895,P00998,PERSON,PERSON_00998
RPT00895,PH00774,PHONE,PH00774
RPT00895,ACC00521,ACCOUNT,ACC00521
RPT00895,VEH00247,VEHICLE,VEH00247
RPT00895,LOC0160,LOCATION,Zone_0160
RPT00896,P00461,PERSON,PERSON_00461
RPT00896,P00756,PERSON,PERSON_00756
RPT00896,PH00943,PHONE,PH00943
RPT00896,ACC00204,ACCOUNT,ACC00204
RPT00896,VEH00125,VEHICLE,VEH00125
RPT00896,LOC0100,LOCATION,Zone_0100
RPT00897,P00261,PERSON,PERSON_00261
RPT00897,P00178,PERSON,PERSON_00178
RPT00897,PH00886,PHONE,PH00886
RPT00897,ACC00270,ACCOUNT,ACC00270
RPT00897,VEH00203,VEHICLE,VEH00203
RPT00897,LOC0153,LOCATION,Zone_0153
RPT00898,P00846,PERSON,PERSON_00846
RPT00898,P00546,PERSON,PERSON_00546
RPT00898,PH00090,PHONE,PH00090
RPT00898,ACC00260,ACCOUNT,ACC00260
RPT00898,VEH00019,VEHICLE,VEH00019
RPT00898,LOC0024,LOCATION,Zone_0024
RPT00899,P00814,PERSON,PERSON_00814
RPT00899,P00100,PERSON,PERSON_00100
RPT00899,PH00469,PHONE,PH00469
RPT00899,ACC01099,ACCOUNT,ACC01099
RPT00899,VEH00340,VEHICLE,VEH00340
RPT00899,LOC0161,LOCATION,Zone_0161
RPT00900,P00200,PERSON,PERSON_00200
RPT00900,P00778,PERSON,PERSON_00778
RPT00900,PH00113,PHONE,PH00113
RPT00900,ACC00345,ACCOUNT,ACC00345
RPT00900,VEH00334,VEHICLE,VEH00334
RPT00900,LOC0019,LOCATION,Zone_0019
RPT00901,P00953,PERSON,PERSON_00953
RPT00901,P00901,PERSON,PERSON_00901
RPT00901,PH00421,PHONE,PH00421
RPT00901,ACC00377,ACCOUNT,ACC00377
RPT00901,VEH00217,VEHICLE,VEH00217
RPT00901,LOC0055,LOCATION,Zone_0055
RPT00902,P00522,PERSON,PERSON_00522
RPT00902,P00023,PERSON,PERSON_00023
RPT00902,PH00807,PHONE,PH00807
RPT00902,ACC00232,ACCOUNT,ACC00232
RPT00902,VEH00275,VEHICLE,VEH00275
RPT00902,LOC0015,LOCATION,Zone_0015
RPT00903,P00696,PERSON,PERSON_00696
RPT00903,P00445,PERSON,PERSON_00445
RPT00903,PH00022,PHONE,PH00022
RPT00903,ACC00413,ACCOUNT,ACC00413
RPT00903,VEH00358,VEHICLE,VEH00358
RPT00903,LOC0035,LOCATION,Zone_0035
RPT00904,P00021,PERSON,PERSON_00021
RPT00904,P00820,PERSON,PERSON_00820
RPT00904,PH01157,PHONE,PH01157
RPT00904,ACC00219,ACCOUNT,ACC00219
RPT00904,VEH00038,VEHICLE,VEH00038
RPT00904,LOC0162,LOCATION,Zone_0162
RPT00905,P00338,PERSON,PERSON_00338
RPT00905,P00367,PERSON,PERSON_00367
RPT00905,PH00973,PHONE,PH00973
RPT00905,ACC00107,ACCOUNT,ACC00107
RPT00905,VEH00336,VEHICLE,VEH00336
RPT00905,LOC0089,LOCATION,Zone_0089
RPT00906,P00694,PERSON,PERSON_00694
RPT00906,P00331,PERSON,PERSON_00331
RPT00906,PH00602,PHONE,PH00602
RPT00906,ACC01171,ACCOUNT,ACC01171
RPT00906,VEH00303,VEHICLE,VEH00303
RPT00906,LOC0176,LOCATION,Zone_0176
RPT00907,P00109,PERSON,PERSON_00109
RPT00907,P00043,PERSON,PERSON_00043
RPT00907,PH00691,PHONE,PH00691
RPT00907,ACC00752,ACCOUNT,ACC00752
RPT00907,VEH00208,VEHICLE,VEH00208
RPT00907,LOC0108,LOCATION,Zone_0108
RPT00908,P00543,PERSON,PERSON_00543
RPT00908,P00074,PERSON,PERSON_00074
RPT00908,PH00209,PHONE,PH00209
RPT00908,ACC00951,ACCOUNT,ACC00951
RPT00908,VEH00374,VEHICLE,VEH00374
RPT00908,LOC0121,LOCATION,Zone_0121
RPT00909,P00807,PERSON,PERSON_00807
RPT00909,P00723,PERSON,PERSON_00723
RPT00909,PH00713,PHONE,PH00713
RPT00909,ACC00402,ACCOUNT,ACC00402
RPT00909,VEH00191,VEHICLE,VEH00191
RPT00909,LOC0081,LOCATION,Zone_0081
RPT00910,P00925,PERSON,PERSON_00925
RPT00910,P00894,PERSON,PERSON_00894
RPT00910,PH00483,PHONE,PH00483
RPT00910,ACC00416,ACCOUNT,ACC00416
RPT00910,VEH00170,VEHICLE,VEH00170
RPT00910,LOC0108,LOCATION,Zone_0108
RPT00911,P00734,PERSON,PERSON_00734
RPT00911,P00314,PERSON,PERSON_00314
RPT00911,PH00274,PHONE,PH00274
RPT00911,ACC00543,ACCOUNT,ACC00543
RPT00911,VEH00332,VEHICLE,VEH00332
RPT00911,LOC0172,LOCATION,Zone_0172
RPT00912,P00734,PERSON,PERSON_00734
RPT00912,P00292,PERSON,PERSON_00292
RPT00912,PH00274,PHONE,PH00274
RPT00912,ACC00543,ACCOUNT,ACC00543
RPT00912,VEH00041,VEHICLE,VEH00041
RPT00912,LOC0099,LOCATION,Zone_0099
RPT00913,P00711,PERSON,PERSON_00711
RPT00913,P00162,PERSON,PERSON_00162
RPT00913,PH00055,PHONE,PH00055
RPT00913,ACC00780,ACCOUNT,ACC00780
RPT00913,VEH00044,VEHICLE,VEH00044
RPT00913,LOC0157,LOCATION,Zone_0157
RPT00914,P00921,PERSON,PERSON_00921
RPT00914,P00729,PERSON,PERSON_00729
RPT00914,PH00243,PHONE,PH00243
RPT00914,ACC00573,ACCOUNT,ACC00573
RPT00914,VEH00118,VEHICLE,VEH00118
RPT00914,LOC0162,LOCATION,Zone_0162
RPT00915,P00102,PERSON,PERSON_00102
RPT00915,P00414,PERSON,PERSON_00414
RPT00915,PH01076,PHONE,PH01076
RPT00915,ACC00997,ACCOUNT,ACC00997
RPT00915,VEH00329,VEHICLE,VEH00329
RPT00915,LOC0008,LOCATION,Zone_0008
RPT00916,P00902,PERSON,PERSON_00902
RPT00916,P00479,PERSON,PERSON_00479
RPT00916,PH00499,PHONE,PH00499
RPT00916,ACC01083,ACCOUNT,ACC01083
RPT00916,VEH00367,VEHICLE,VEH00367
RPT00916,LOC0116,LOCATION,Zone_0116
RPT00917,P00774,PERSON,PERSON_00774
RPT00917,P00942,PERSON,PERSON_00942
RPT00917,PH00488,PHONE,PH00488
RPT00917,ACC00986,ACCOUNT,ACC00986
RPT00917,VEH00184,VEHICLE,VEH00184
RPT00917,LOC0069,LOCATION,Zone_0069
RPT00918,P00961,PERSON,PERSON_00961
RPT00918,P00523,PERSON,PERSON_00523
RPT00918,PH00020,PHONE,PH00020
RPT00918,ACC00649,ACCOUNT,ACC00649
RPT00918,VEH00250,VEHICLE,VEH00250
RPT00918,LOC0117,LOCATION,Zone_0117
RPT00919,P00345,PERSON,PERSON_00345
RPT00919,P00574,PERSON,PERSON_00574
RPT00919,PH00266,PHONE,PH00266
RPT00919,ACC00779,ACCOUNT,ACC00779
RPT00919,VEH00048,VEHICLE,VEH00048
RPT00919,LOC0169,LOCATION,Zone_0169
RPT00920,P00568,PERSON,PERSON_00568
RPT00920,P00789,PERSON,PERSON_00789
RPT00920,PH00498,PHONE,PH00498
RPT00920,ACC01076,ACCOUNT,ACC01076
RPT00920,VEH00126,VEHICLE,VEH00126
RPT00920,LOC0024,LOCATION,Zone_0024
RPT00921,P00117,PERSON,PERSON_00117
RPT00921,P00999,PERSON,PERSON_00999
RPT00921,PH01193,PHONE,PH01193
RPT00921,ACC01175,ACCOUNT,ACC01175
RPT00921,VEH00194,VEHICLE,VEH00194
RPT00921,LOC0034,LOCATION,Zone_0034
RPT00922,P00710,PERSON,PERSON_00710
RPT00922,P00614,PERSON,PERSON_00614
RPT00922,PH00215,PHONE,PH00215
RPT00922,ACC00594,ACCOUNT,ACC00594
RPT00922,VEH00097,VEHICLE,VEH00097
RPT00922,LOC0152,LOCATION,Zone_0152
RPT00923,P00832,PERSON,PERSON_00832
RPT00923,P00575,PERSON,PERSON_00575
RPT00923,PH00679,PHONE,PH00679
RPT00923,ACC01125,ACCOUNT,ACC01125
RPT00923,VEH00121,VEHICLE,VEH00121
RPT00923,LOC0168,LOCATION,Zone_0168
RPT00924,P00458,PERSON,PERSON_00458
RPT00924,P00643,PERSON,PERSON_00643
RPT00924,PH00798,PHONE,PH00798
RPT00924,ACC00791,ACCOUNT,ACC00791
RPT00924,VEH00389,VEHICLE,VEH00389
RPT00924,LOC0145,LOCATION,Zone_0145
RPT00925,P00127,PERSON,PERSON_00127
RPT00925,P00699,PERSON,PERSON_00699
RPT00925,PH00811,PHONE,PH00811
RPT00925,ACC00865,ACCOUNT,ACC00865
RPT00925,VEH00120,VEHICLE,VEH00120
RPT00925,LOC0125,LOCATION,Zone_0125
RPT00926,P00713,PERSON,PERSON_00713
RPT00926,P00537,PERSON,PERSON_00537
RPT00926,PH00975,PHONE,PH00975
RPT00926,ACC00028,ACCOUNT,ACC00028
RPT00926,VEH00336,VEHICLE,VEH00336
RPT00926,LOC0122,LOCATION,Zone_0122
RPT00927,P00223,PERSON,PERSON_00223
RPT00927,P00789,PERSON,PERSON_00789
RPT00927,PH00591,PHONE,PH00591
RPT00927,ACC00655,ACCOUNT,ACC00655
RPT00927,VEH00203,VEHICLE,VEH00203
RPT00927,LOC0120,LOCATION,Zone_0120
RPT00928,P00911,PERSON,PERSON_00911
RPT00928,P00204,PERSON,PERSON_00204
RPT00928,PH00624,PHONE,PH00624
RPT00928,ACC00471,ACCOUNT,ACC00471
RPT00928,VEH00379,VEHICLE,VEH00379
RPT00928,LOC0106,LOCATION,Zone_0106
RPT00929,P00772,PERSON,PERSON_00772
RPT00929,P00523,PERSON,PERSON_00523
RPT00929,PH00379,PHONE,PH00379
RPT00929,ACC00151,ACCOUNT,ACC00151
RPT00929,VEH00087,VEHICLE,VEH00087
RPT00929,LOC0094,LOCATION,Zone_0094
RPT00930,P00072,PERSON,PERSON_00072
RPT00930,P00059,PERSON,PERSON_00059
RPT00930,PH00206,PHONE,PH00206
RPT00930,ACC01109,ACCOUNT,ACC01109
RPT00930,VEH00019,VEHICLE,VEH00019
RPT00930,LOC0089,LOCATION,Zone_0089
RPT00931,P00332,PERSON,PERSON_00332
RPT00931,P00564,PERSON,PERSON_00564
RPT00931,PH00737,PHONE,PH00737
RPT00931,ACC00957,ACCOUNT,ACC00957
RPT00931,VEH00332,VEHICLE,VEH00332
RPT00931,LOC0015,LOCATION,Zone_0015
RPT00932,P00312,PERSON,PERSON_00312
RPT00932,P00339,PERSON,PERSON_00339
RPT00932,PH00918,PHONE,PH00918
RPT00932,ACC00970,ACCOUNT,ACC00970
RPT00932,VEH00393,VEHICLE,VEH00393
RPT00932,LOC0052,LOCATION,Zone_0052
RPT00933,P00459,PERSON,PERSON_00459
RPT00933,P00594,PERSON,PERSON_00594
RPT00933,PH01047,PHONE,PH01047
RPT00933,ACC00115,ACCOUNT,ACC00115
RPT00933,VEH00085,VEHICLE,VEH00085
RPT00933,LOC0110,LOCATION,Zone_0110
RPT00934,P00683,PERSON,PERSON_00683
RPT00934,P00773,PERSON,PERSON_00773
RPT00934,PH00002,PHONE,PH00002
RPT00934,ACC01025,ACCOUNT,ACC01025
RPT00934,VEH00061,VEHICLE,VEH00061
RPT00934,LOC0152,LOCATION,Zone_0152
RPT00935,P00646,PERSON,PERSON_00646
RPT00935,P00676,PERSON,PERSON_00676
RPT00935,PH00709,PHONE,PH00709
RPT00935,ACC00435,ACCOUNT,ACC00435
RPT00935,VEH00393,VEHICLE,VEH00393
RPT00935,LOC0075,LOCATION,Zone_0075
RPT00936,P00092,PERSON,PERSON_00092
RPT00936,P00968,PERSON,PERSON_00968
RPT00936,PH00181,PHONE,PH00181
RPT00936,ACC00122,ACCOUNT,ACC00122
RPT00936,VEH00072,VEHICLE,VEH00072
RPT00936,LOC0043,LOCATION,Zone_0043
RPT00937,P00638,PERSON,PERSON_00638
RPT00937,P00194,PERSON,PERSON_00194
RPT00937,PH00280,PHONE,PH00280
RPT00937,ACC00331,ACCOUNT,ACC00331
RPT00937,VEH00279,VEHICLE,VEH00279
RPT00937,LOC0155,LOCATION,Zone_0155
RPT00938,P00304,PERSON,PERSON_00304
RPT00938,P00716,PERSON,PERSON_00716
RPT00938,PH00432,PHONE,PH00432
RPT00938,ACC00961,ACCOUNT,ACC00961
RPT00938,VEH00301,VEHICLE,VEH00301
RPT00938,LOC0037,LOCATION,Zone_0037
RPT00939,P00011,PERSON,PERSON_00011
RPT00939,P00149,PERSON,PERSON_00149
RPT00939,PH00700,PHONE,PH00700
RPT00939,ACC00186,ACCOUNT,ACC00186
RPT00939,VEH00018,VEHICLE,VEH00018
RPT00939,LOC0034,LOCATION,Zone_0034
RPT00940,P00390,PERSON,PERSON_00390
RPT00940,P00442,PERSON,PERSON_00442
RPT00940,PH01123,PHONE,PH01123
RPT00940,ACC00692,ACCOUNT,ACC00692
RPT00940,VEH00060,VEHICLE,VEH00060
RPT00940,LOC0156,LOCATION,Zone_0156
RPT00941,P00092,PERSON,PERSON_00092
RPT00941,P00558,PERSON,PERSON_00558
RPT00941,PH00181,PHONE,PH00181
RPT00941,ACC00122,ACCOUNT,ACC00122
RPT00941,VEH00370,VEHICLE,VEH00370
RPT00941,LOC0082,LOCATION,Zone_0082
RPT00942,P00903,PERSON,PERSON_00903
RPT00942,P00715,PERSON,PERSON_00715
RPT00942,PH00315,PHONE,PH00315
RPT00942,ACC00980,ACCOUNT,ACC00980
RPT00942,VEH00035,VEHICLE,VEH00035
RPT00942,LOC0072,LOCATION,Zone_0072
RPT00943,P00895,PERSON,PERSON_00895
RPT00943,P00618,PERSON,PERSON_00618
RPT00943,PH00156,PHONE,PH00156
RPT00943,ACC00212,ACCOUNT,ACC00212
RPT00943,VEH00036,VEHICLE,VEH00036
RPT00943,LOC0056,LOCATION,Zone_0056
RPT00944,P00979,PERSON,PERSON_00979
RPT00944,P00798,PERSON,PERSON_00798
RPT00944,PH00785,PHONE,PH00785
RPT00944,ACC01024,ACCOUNT,ACC01024
RPT00944,VEH00306,VEHICLE,VEH00306
RPT00944,LOC0109,LOCATION,Zone_0109
RPT00945,P00167,PERSON,PERSON_00167
RPT00945,P00407,PERSON,PERSON_00407
RPT00945,PH00517,PHONE,PH00517
RPT00945,ACC00647,ACCOUNT,ACC00647
RPT00945,VEH00387,VEHICLE,VEH00387
RPT00945,LOC0136,LOCATION,Zone_0136
RPT00946,P00174,PERSON,PERSON_00174
RPT00946,P00575,PERSON,PERSON_00575
RPT00946,PH00450,PHONE,PH00450
RPT00946,ACC00353,ACCOUNT,ACC00353
RPT00946,VEH00196,VEHICLE,VEH00196
RPT00946,LOC0087,LOCATION,Zone_0087
RPT00947,P00712,PERSON,PERSON_00712
RPT00947,P00207,PERSON,PERSON_00207
RPT00947,PH00708,PHONE,PH00708
RPT00947,ACC01145,ACCOUNT,ACC01145
RPT00947,VEH00070,VEHICLE,VEH00070
RPT00947,LOC0111,LOCATION,Zone_0111
RPT00948,P00309,PERSON,PERSON_00309
RPT00948,P00851,PERSON,PERSON_00851
RPT00948,PH00114,PHONE,PH00114
RPT00948,ACC00979,ACCOUNT,ACC00979
RPT00948,VEH00298,VEHICLE,VEH00298
RPT00948,LOC0125,LOCATION,Zone_0125
RPT00949,P00675,PERSON,PERSON_00675
RPT00949,P00642,PERSON,PERSON_00642
RPT00949,PH00155,PHONE,PH00155
RPT00949,ACC00516,ACCOUNT,ACC00516
RPT00949,VEH00165,VEHICLE,VEH00165
RPT00949,LOC0172,LOCATION,Zone_0172
RPT00950,P00527,PERSON,PERSON_00527
RPT00950,P00268,PERSON,PERSON_00268
RPT00950,PH00360,PHONE,PH00360
RPT00950,ACC00574,ACCOUNT,ACC00574
RPT00950,VEH00255,VEHICLE,VEH00255
RPT00950,LOC0109,LOCATION,Zone_0109
RPT00951,P00768,PERSON,PERSON_00768
RPT00951,P00055,PERSON,PERSON_00055
RPT00951,PH00298,PHONE,PH00298
RPT00951,ACC00756,ACCOUNT,ACC00756
RPT00951,VEH00160,VEHICLE,VEH00160
RPT00951,LOC0115,LOCATION,Zone_0115
RPT00952,P00298,PERSON,PERSON_00298
RPT00952,P00891,PERSON,PERSON_00891
RPT00952,PH01013,PHONE,PH01013
RPT00952,ACC00525,ACCOUNT,ACC00525
RPT00952,VEH00338,VEHICLE,VEH00338
RPT00952,LOC0099,LOCATION,Zone_0099
RPT00953,P00999,PERSON,PERSON_00999
RPT00953,P00111,PERSON,PERSON_00111
RPT00953,PH00222,PHONE,PH00222
RPT00953,ACC00967,ACCOUNT,ACC00967
RPT00953,VEH00205,VEHICLE,VEH00205
RPT00953,LOC0067,LOCATION,Zone_0067
RPT00954,P00471,PERSON,PERSON_00471
RPT00954,P00174,PERSON,PERSON_00174
RPT00954,PH01152,PHONE,PH01152
RPT00954,ACC01141,ACCOUNT,ACC01141
RPT00954,VEH00108,VEHICLE,VEH00108
RPT00954,LOC0163,LOCATION,Zone_0163
RPT00955,P00103,PERSON,PERSON_00103
RPT00955,P00875,PERSON,PERSON_00875
RPT00955,PH00876,PHONE,PH00876
RPT00955,ACC00939,ACCOUNT,ACC00939
RPT00955,VEH00118,VEHICLE,VEH00118
RPT00955,LOC0096,LOCATION,Zone_0096
RPT00956,P00451,PERSON,PERSON_00451
RPT00956,P00773,PERSON,PERSON_00773
RPT00956,PH01117,PHONE,PH01117
RPT00956,ACC01154,ACCOUNT,ACC01154
RPT00956,VEH00128,VEHICLE,VEH00128
RPT00956,LOC0010,LOCATION,Zone_0010
RPT00957,P00370,PERSON,PERSON_00370
RPT00957,P00479,PERSON,PERSON_00479
RPT00957,PH00871,PHONE,PH00871
RPT00957,ACC00974,ACCOUNT,ACC00974
RPT00957,VEH00273,VEHICLE,VEH00273
RPT00957,LOC0029,LOCATION,Zone_0029
RPT00958,P00411,PERSON,PERSON_00411
RPT00958,P00340,PERSON,PERSON_00340
RPT00958,PH00185,PHONE,PH00185
RPT00958,ACC00485,ACCOUNT,ACC00485
RPT00958,VEH00239,VEHICLE,VEH00239
RPT00958,LOC0044,LOCATION,Zone_0044
RPT00959,P00341,PERSON,PERSON_00341
RPT00959,P00916,PERSON,PERSON_00916
RPT00959,PH01183,PHONE,PH01183
RPT00959,ACC00668,ACCOUNT,ACC00668
RPT00959,VEH00320,VEHICLE,VEH00320
RPT00959,LOC0172,LOCATION,Zone_0172
RPT00960,P00628,PERSON,PERSON_00628
RPT00960,P00872,PERSON,PERSON_00872
RPT00960,PH00781,PHONE,PH00781
RPT00960,ACC00263,ACCOUNT,ACC00263
RPT00960,VEH00319,VEHICLE,VEH00319
RPT00960,LOC0038,LOCATION,Zone_0038
RPT00961,P00223,PERSON,PERSON_00223
RPT00961,P00383,PERSON,PERSON_00383
RPT00961,PH00591,PHONE,PH00591
RPT00961,ACC00655,ACCOUNT,ACC00655
RPT00961,VEH00063,VEHICLE,VEH00063
RPT00961,LOC0070,LOCATION,Zone_0070
RPT00962,P00859,PERSON,PERSON_00859
RPT00962,P00708,PERSON,PERSON_00708
RPT00962,PH00136,PHONE,PH00136
RPT00962,ACC00202,ACCOUNT,ACC00202
RPT00962,VEH00114,VEHICLE,VEH00114
RPT00962,LOC0004,LOCATION,Zone_0004
RPT00963,P00841,PERSON,PERSON_00841
RPT00963,P00493,PERSON,PERSON_00493
RPT00963,PH00052,PHONE,PH00052
RPT00963,ACC00315,ACCOUNT,ACC00315
RPT00963,VEH00298,VEHICLE,VEH00298
RPT00963,LOC0116,LOCATION,Zone_0116
RPT00964,P00844,PERSON,PERSON_00844
RPT00964,P00391,PERSON,PERSON_00391
RPT00964,PH00874,PHONE,PH00874
RPT00964,ACC01035,ACCOUNT,ACC01035
RPT00964,VEH00152,VEHICLE,VEH00152
RPT00964,LOC0030,LOCATION,Zone_0030
RPT00965,P00921,PERSON,PERSON_00921
RPT00965,P00142,PERSON,PERSON_00142
RPT00965,PH00243,PHONE,PH00243
RPT00965,ACC00573,ACCOUNT,ACC00573
RPT00965,VEH00347,VEHICLE,VEH00347
RPT00965,LOC0044,LOCATION,Zone_0044
RPT00966,P00826,PERSON,PERSON_00826
RPT00966,P00564,PERSON,PERSON_00564
RPT00966,PH00776,PHONE,PH00776
RPT00966,ACC00963,ACCOUNT,ACC00963
RPT00966,VEH00134,VEHICLE,VEH00134
RPT00966,LOC0014,LOCATION,Zone_0014
RPT00967,P00047,PERSON,PERSON_00047
RPT00967,P00725,PERSON,PERSON_00725
RPT00967,PH00292,PHONE,PH00292
RPT00967,ACC01199,ACCOUNT,ACC01199
RPT00967,VEH00264,VEHICLE,VEH00264
RPT00967,LOC0101,LOCATION,Zone_0101
RPT00968,P00529,PERSON,PERSON_00529
RPT00968,P00151,PERSON,PERSON_00151
RPT00968,PH00907,PHONE,PH00907
RPT00968,ACC01119,ACCOUNT,ACC01119
RPT00968,VEH00353,VEHICLE,VEH00353
RPT00968,LOC0176,LOCATION,Zone_0176
RPT00969,P00416,PERSON,PERSON_00416
RPT00969,P00748,PERSON,PERSON_00748
RPT00969,PH00457,PHONE,PH00457
RPT00969,ACC00374,ACCOUNT,ACC00374
RPT00969,VEH00026,VEHICLE,VEH00026
RPT00969,LOC0004,LOCATION,Zone_0004
RPT00970,P00398,PERSON,PERSON_00398
RPT00970,P00973,PERSON,PERSON_00973
RPT00970,PH00065,PHONE,PH00065
RPT00970,ACC00356,ACCOUNT,ACC00356
RPT00970,VEH00290,VEHICLE,VEH00290
RPT00970,LOC0159,LOCATION,Zone_0159
RPT00971,P00860,PERSON,PERSON_00860
RPT00971,P00698,PERSON,PERSON_00698
RPT00971,PH00949,PHONE,PH00949
RPT00971,ACC00899,ACCOUNT,ACC00899
RPT00971,VEH00161,VEHICLE,VEH00161
RPT00971,LOC0062,LOCATION,Zone_0062
RPT00972,P00847,PERSON,PERSON_00847
RPT00972,P00544,PERSON,PERSON_00544
RPT00972,PH00337,PHONE,PH00337
RPT00972,ACC00211,ACCOUNT,ACC00211
RPT00972,VEH00267,VEHICLE,VEH00267
RPT00972,LOC0028,LOCATION,Zone_0028
RPT00973,P00114,PERSON,PERSON_00114
RPT00973,P00907,PERSON,PERSON_00907
RPT00973,PH00841,PHONE,PH00841
RPT00973,ACC00493,ACCOUNT,ACC00493
RPT00973,VEH00335,VEHICLE,VEH00335
RPT00973,LOC0065,LOCATION,Zone_0065
RPT00974,P00761,PERSON,PERSON_00761
RPT00974,P00425,PERSON,PERSON_00425
RPT00974,PH00616,PHONE,PH00616
RPT00974,ACC00896,ACCOUNT,ACC00896
RPT00974,VEH00063,VEHICLE,VEH00063
RPT00974,LOC0041,LOCATION,Zone_0041
RPT00975,P00674,PERSON,PERSON_00674
RPT00975,P00066,PERSON,PERSON_00066
RPT00975,PH00972,PHONE,PH00972
RPT00975,ACC00337,ACCOUNT,ACC00337
RPT00975,VEH00381,VEHICLE,VEH00381
RPT00975,LOC0047,LOCATION,Zone_0047
RPT00976,P00890,PERSON,PERSON_00890
RPT00976,P00397,PERSON,PERSON_00397
RPT00976,PH01189,PHONE,PH01189
RPT00976,ACC01161,ACCOUNT,ACC01161
RPT00976,VEH00058,VEHICLE,VEH00058
RPT00976,LOC0129,LOCATION,Zone_0129
RPT00977,P00075,PERSON,PERSON_00075
RPT00977,P00503,PERSON,PERSON_00503
RPT00977,PH01054,PHONE,PH01054
RPT00977,ACC00437,ACCOUNT,ACC00437
RPT00977,VEH00053,VEHICLE,VEH00053
RPT00977,LOC0149,LOCATION,Zone_0149
RPT00978,P00910,PERSON,PERSON_00910
RPT00978,P00951,PERSON,PERSON_00951
RPT00978,PH00642,PHONE,PH00642
RPT00978,ACC00456,ACCOUNT,ACC00456
RPT00978,VEH00266,VEHICLE,VEH00266
RPT00978,LOC0029,LOCATION,Zone_0029
RPT00979,P00717,PERSON,PERSON_00717
RPT00979,P00284,PERSON,PERSON_00284
RPT00979,PH00117,PHONE,PH00117
RPT00979,ACC01177,ACCOUNT,ACC01177
RPT00979,VEH00307,VEHICLE,VEH00307
RPT00979,LOC0124,LOCATION,Zone_0124
RPT00980,P00491,PERSON,PERSON_00491
RPT00980,P00290,PERSON,PERSON_00290
RPT00980,PH00471,PHONE,PH00471
RPT00980,ACC00251,ACCOUNT,ACC00251
RPT00980,VEH00305,VEHICLE,VEH00305
RPT00980,LOC0059,LOCATION,Zone_0059
RPT00981,P00211,PERSON,PERSON_00211
RPT00981,P00531,PERSON,PERSON_00531
RPT00981,PH00643,PHONE,PH00643
RPT00981,ACC00007,ACCOUNT,ACC00007
RPT00981,VEH00393,VEHICLE,VEH00393
RPT00981,LOC0159,LOCATION,Zone_0159
RPT00982,P00811,PERSON,PERSON_00811
RPT00982,P00915,PERSON,PERSON_00915
RPT00982,PH01087,PHONE,PH01087
RPT00982,ACC00507,ACCOUNT,ACC00507
RPT00982,VEH00041,VEHICLE,VEH00041
RPT00982,LOC0155,LOCATION,Zone_0155
RPT00983,P00441,PERSON,PERSON_00441
RPT00983,P00163,PERSON,PERSON_00163
RPT00983,PH00013,PHONE,PH00013
RPT00983,ACC00472,ACCOUNT,ACC00472
RPT00983,VEH00143,VEHICLE,VEH00143
RPT00983,LOC0006,LOCATION,Zone_0006
RPT00984,P00100,PERSON,PERSON_00100
RPT00984,P00237,PERSON,PERSON_00237
RPT00984,PH00301,PHONE,PH00301
RPT00984,ACC00032,ACCOUNT,ACC00032
RPT00984,VEH00015,VEHICLE,VEH00015
RPT00984,LOC0035,LOCATION,Zone_0035
RPT00985,P00578,PERSON,PERSON_00578
RPT00985,P00412,PERSON,PERSON_00412
RPT00985,PH00835,PHONE,PH00835
RPT00985,ACC00548,ACCOUNT,ACC00548
RPT00985,VEH00184,VEHICLE,VEH00184
RPT00985,LOC0090,LOCATION,Zone_0090
RPT00986,P00088,PERSON,PERSON_00088
RPT00986,P00716,PERSON,PERSON_00716
RPT00986,PH00653,PHONE,PH00653
RPT00986,ACC00583,ACCOUNT,ACC00583
RPT00986,VEH00158,VEHICLE,VEH00158
RPT00986,LOC0034,LOCATION,Zone_0034
RPT00987,P00885,PERSON,PERSON_00885
RPT00987,P00099,PERSON,PERSON_00099
RPT00987,PH00345,PHONE,PH00345
RPT00987,ACC01188,ACCOUNT,ACC01188
RPT00987,VEH00348,VEHICLE,VEH00348
RPT00987,LOC0131,LOCATION,Zone_0131
RPT00988,P00515,PERSON,PERSON_00515
RPT00988,P00442,PERSON,PERSON_00442
RPT00988,PH01177,PHONE,PH01177
RPT00988,ACC00868,ACCOUNT,ACC00868
RPT00988,VEH00242,VEHICLE,VEH00242
RPT00988,LOC0141,LOCATION,Zone_0141
RPT00989,P00811,PERSON,PERSON_00811
RPT00989,P00738,PERSON,PERSON_00738
RPT00989,PH01087,PHONE,PH01087
RPT00989,ACC00507,ACCOUNT,ACC00507
RPT00989,VEH00263,VEHICLE,VEH00263
RPT00989,LOC0057,LOCATION,Zone_0057
RPT00990,P00981,PERSON,PERSON_00981
RPT00990,P00783,PERSON,PERSON_00783
RPT00990,PH01105,PHONE,PH01105
RPT00990,ACC00884,ACCOUNT,ACC00884
RPT00990,VEH00287,VEHICLE,VEH00287
RPT00990,LOC0042,LOCATION,Zone_0042
RPT00991,P00913,PERSON,PERSON_00913
RPT00991,P00079,PERSON,PERSON_00079
RPT00991,PH01084,PHONE,PH01084
RPT00991,ACC00276,ACCOUNT,ACC00276
RPT00991,VEH00242,VEHICLE,VEH00242
RPT00991,LOC0123,LOCATION,Zone_0123
RPT00992,P00043,PERSON,PERSON_00043
RPT00992,P00014,PERSON,PERSON_00014
RPT00992,PH00695,PHONE,PH00695
RPT00992,ACC00931,ACCOUNT,ACC00931
RPT00992,VEH00042,VEHICLE,VEH00042
RPT00992,LOC0013,LOCATION,Zone_0013
RPT00993,P00715,PERSON,PERSON_00715
RPT00993,P00683,PERSON,PERSON_00683
RPT00993,PH00484,PHONE,PH00484
RPT00993,ACC00796,ACCOUNT,ACC00796
RPT00993,VEH00141,VEHICLE,VEH00141
RPT00993,LOC0014,LOCATION,Zone_0014
RPT00994,P00872,PERSON,PERSON_00872
RPT00994,P00314,PERSON,PERSON_00314
RPT00994,PH00047,PHONE,PH00047
RPT00994,ACC00256,ACCOUNT,ACC00256
RPT00994,VEH00129,VEHICLE,VEH00129
RPT00994,LOC0176,LOCATION,Zone_0176
RPT00995,P00449,PERSON,PERSON_00449
RPT00995,P00351,PERSON,PERSON_00351
RPT00995,PH00087,PHONE,PH00087
RPT00995,ACC00579,ACCOUNT,ACC00579
RPT00995,VEH00132,VEHICLE,VEH00132
RPT00995,LOC0041,LOCATION,Zone_0041
RPT00996,P00083,PERSON,PERSON_00083
RPT00996,P00752,PERSON,PERSON_00752
RPT00996,PH00235,PHONE,PH00235
RPT00996,ACC00293,ACCOUNT,ACC00293
RPT00996,VEH00070,VEHICLE,VEH00070
RPT00996,LOC0104,LOCATION,Zone_0104
RPT00997,P00720,PERSON,PERSON_00720
RPT00997,P01000,PERSON,PERSON_01000
RPT00997,PH00600,PHONE,PH00600
RPT00997,ACC01186,ACCOUNT,ACC01186
RPT00997,VEH00176,VEHICLE,VEH00176
RPT00997,LOC0166,LOCATION,Zone_0166
RPT00998,P00966,PERSON,PERSON_00966
RPT00998,P00039,PERSON,PERSON_00039
RPT00998,PH00887,PHONE,PH00887
RPT00998,ACC01022,ACCOUNT,ACC01022
RPT00998,VEH00213,VEHICLE,VEH00213
RPT00998,LOC0026,LOCATION,Zone_0026
RPT00999,P00491,PERSON,PERSON_00491
RPT00999,P00684,PERSON,PERSON_00684
RPT00999,PH00471,PHONE,PH00471
RPT00999,ACC00251,ACCOUNT,ACC00251
RPT00999,VEH00316,VEHICLE,VEH00316
RPT00999,LOC0059,LOCATION,Zone_0059
RPT01000,P00487,PERSON,PERSON_00487
RPT01000,P00291,PERSON,PERSON_00291
RPT01000,PH00906,PHONE,PH00906
RPT01000,ACC01070,ACCOUNT,ACC01070
RPT01000,VEH00378,VEHICLE,VEH00378
RPT01000,LOC0090,LOCATION,Zone_0090
RPT01001,P00800,PERSON,PERSON_00800
RPT01001,P00221,PERSON,PERSON_00221
RPT01001,PH00078,PHONE,PH00078
RPT01001,ACC01174,ACCOUNT,ACC01174
RPT01001,VEH00261,VEHICLE,VEH00261
RPT01001,LOC0093,LOCATION,Zone_0093
RPT01002,P00409,PERSON,PERSON_00409
RPT01002,P00527,PERSON,PERSON_00527
RPT01002,PH00260,PHONE,PH00260
RPT01002,ACC00730,ACCOUNT,ACC00730
RPT01002,VEH00036,VEHICLE,VEH00036
RPT01002,LOC0063,LOCATION,Zone_0063
RPT01003,P00380,PERSON,PERSON_00380
RPT01003,P00445,PERSON,PERSON_00445
RPT01003,PH00929,PHONE,PH00929
RPT01003,ACC00819,ACCOUNT,ACC00819
RPT01003,VEH00098,VEHICLE,VEH00098
RPT01003,LOC0148,LOCATION,Zone_0148
RPT01004,P00066,PERSON,PERSON_00066
RPT01004,P00354,PERSON,PERSON_00354
RPT01004,PH00932,PHONE,PH00932
RPT01004,ACC00118,ACCOUNT,ACC00118
RPT01004,VEH00343,VEHICLE,VEH00343
RPT01004,LOC0080,LOCATION,Zone_0080
RPT01005,P00042,PERSON,PERSON_00042
RPT01005,P00518,PERSON,PERSON_00518
RPT01005,PH01014,PHONE,PH01014
RPT01005,ACC00451,ACCOUNT,ACC00451
RPT01005,VEH00162,VEHICLE,VEH00162
RPT01005,LOC0174,LOCATION,Zone_0174
RPT01006,P00773,PERSON,PERSON_00773
RPT01006,P00504,PERSON,PERSON_00504
RPT01006,PH00321,PHONE,PH00321
RPT01006,ACC00538,ACCOUNT,ACC00538
RPT01006,VEH00240,VEHICLE,VEH00240
RPT01006,LOC0108,LOCATION,Zone_0108
RPT01007,P00354,PERSON,PERSON_00354
RPT01007,P00326,PERSON,PERSON_00326
RPT01007,PH00201,PHONE,PH00201
RPT01007,ACC00593,ACCOUNT,ACC00593
RPT01007,VEH00057,VEHICLE,VEH00057
RPT01007,LOC0125,LOCATION,Zone_0125
RPT01008,P00305,PERSON,PERSON_00305
RPT01008,P00956,PERSON,PERSON_00956
RPT01008,PH00232,PHONE,PH00232
RPT01008,ACC01182,ACCOUNT,ACC01182
RPT01008,VEH00194,VEHICLE,VEH00194
RPT01008,LOC0042,LOCATION,Zone_0042
RPT01009,P00487,PERSON,PERSON_00487
RPT01009,P00857,PERSON,PERSON_00857
RPT01009,PH00906,PHONE,PH00906
RPT01009,ACC01070,ACCOUNT,ACC01070
RPT01009,VEH00285,VEHICLE,VEH00285
RPT01009,LOC0118,LOCATION,Zone_0118
RPT01010,P00332,PERSON,PERSON_00332
RPT01010,P00536,PERSON,PERSON_00536
RPT01010,PH00737,PHONE,PH00737
RPT01010,ACC00957,ACCOUNT,ACC00957
RPT01010,VEH00393,VEHICLE,VEH00393
RPT01010,LOC0052,LOCATION,Zone_0052
RPT01011,P00177,PERSON,PERSON_00177
RPT01011,P00163,PERSON,PERSON_00163
RPT01011,PH01131,PHONE,PH01131
RPT01011,ACC00750,ACCOUNT,ACC00750
RPT01011,VEH00361,VEHICLE,VEH00361
RPT01011,LOC0030,LOCATION,Zone_0030
RPT01012,P00325,PERSON,PERSON_00325
RPT01012,P00646,PERSON,PERSON_00646
RPT01012,PH00780,PHONE,PH00780
RPT01012,ACC01041,ACCOUNT,ACC01041
RPT01012,VEH00339,VEHICLE,VEH00339
RPT01012,LOC0104,LOCATION,Zone_0104
RPT01013,P00075,PERSON,PERSON_00075
RPT01013,P00078,PERSON,PERSON_00078
RPT01013,PH01054,PHONE,PH01054
RPT01013,ACC00437,ACCOUNT,ACC00437
RPT01013,VEH00275,VEHICLE,VEH00275
RPT01013,LOC0087,LOCATION,Zone_0087
RPT01014,P00180,PERSON,PERSON_00180
RPT01014,P00458,PERSON,PERSON_00458
RPT01014,PH00603,PHONE,PH00603
RPT01014,ACC01140,ACCOUNT,ACC01140
RPT01014,VEH00065,VEHICLE,VEH00065
RPT01014,LOC0041,LOCATION,Zone_0041
RPT01015,P00921,PERSON,PERSON_00921
RPT01015,P00575,PERSON,PERSON_00575
RPT01015,PH00243,PHONE,PH00243
RPT01015,ACC00573,ACCOUNT,ACC00573
RPT01015,VEH00079,VEHICLE,VEH00079
RPT01015,LOC0103,LOCATION,Zone_0103
RPT01016,P00092,PERSON,PERSON_00092
RPT01016,P00939,PERSON,PERSON_00939
RPT01016,PH00181,PHONE,PH00181
RPT01016,ACC00122,ACCOUNT,ACC00122
RPT01016,VEH00146,VEHICLE,VEH00146
RPT01016,LOC0101,LOCATION,Zone_0101
RPT01017,P00907,PERSON,PERSON_00907
RPT01017,P00627,PERSON,PERSON_00627
RPT01017,PH00093,PHONE,PH00093
RPT01017,ACC00222,ACCOUNT,ACC00222
RPT01017,VEH00358,VEHICLE,VEH00358
RPT01017,LOC0039,LOCATION,Zone_0039
RPT01018,P00907,PERSON,PERSON_00907
RPT01018,P00950,PERSON,PERSON_00950
RPT01018,PH00093,PHONE,PH00093
RPT01018,ACC00222,ACCOUNT,ACC00222
RPT01018,VEH00347,VEHICLE,VEH00347
RPT01018,LOC0169,LOCATION,Zone_0169
RPT01019,P00574,PERSON,PERSON_00574
RPT01019,P00787,PERSON,PERSON_00787
RPT01019,PH00348,PHONE,PH00348
RPT01019,ACC01082,ACCOUNT,ACC01082
RPT01019,VEH00271,VEHICLE,VEH00271
RPT01019,LOC0172,LOCATION,Zone_0172
RPT01020,P00994,PERSON,PERSON_00994
RPT01020,P00990,PERSON,PERSON_00990
RPT01020,PH00092,PHONE,PH00092
RPT01020,ACC01094,ACCOUNT,ACC01094
RPT01020,VEH00337,VEHICLE,VEH00337
RPT01020,LOC0011,LOCATION,Zone_0011
RPT01021,P00551,PERSON,PERSON_00551
RPT01021,P00474,PERSON,PERSON_00474
RPT01021,PH00582,PHONE,PH00582
RPT01021,ACC01047,ACCOUNT,ACC01047
RPT01021,VEH00091,VEHICLE,VEH00091
RPT01021,LOC0026,LOCATION,Zone_0026
RPT01022,P00111,PERSON,PERSON_00111
RPT01022,P00694,PERSON,PERSON_00694
RPT01022,PH00540,PHONE,PH00540
RPT01022,ACC00724,ACCOUNT,ACC00724
RPT01022,VEH00059,VEHICLE,VEH00059
RPT01022,LOC0013,LOCATION,Zone_0013
RPT01023,P00594,PERSON,PERSON_00594
RPT01023,P00233,PERSON,PERSON_00233
RPT01023,PH00525,PHONE,PH00525
RPT01023,ACC00463,ACCOUNT,ACC00463
RPT01023,VEH00203,VEHICLE,VEH00203
RPT01023,LOC0075,LOCATION,Zone_0075
RPT01024,P00819,PERSON,PERSON_00819
RPT01024,P00373,PERSON,PERSON_00373
RPT01024,PH01053,PHONE,PH01053
RPT01024,ACC00782,ACCOUNT,ACC00782
RPT01024,VEH00050,VEHICLE,VEH00050
RPT01024,LOC0160,LOCATION,Zone_0160
RPT01025,P00178,PERSON,PERSON_00178
RPT01025,P00862,PERSON,PERSON_00862
RPT01025,PH00796,PHONE,PH00796
RPT01025,ACC00446,ACCOUNT,ACC00446
RPT01025,VEH00194,VEHICLE,VEH00194
RPT01025,LOC0111,LOCATION,Zone_0111
RPT01026,P00664,PERSON,PERSON_00664
RPT01026,P00226,PERSON,PERSON_00226
RPT01026,PH01095,PHONE,PH01095
RPT01026,ACC00745,ACCOUNT,ACC00745
RPT01026,VEH00262,VEHICLE,VEH00262
RPT01026,LOC0068,LOCATION,Zone_0068
RPT01027,P00219,PERSON,PERSON_00219
RPT01027,P00672,PERSON,PERSON_00672
RPT01027,PH00788,PHONE,PH00788
RPT01027,ACC00137,ACCOUNT,ACC00137
RPT01027,VEH00256,VEHICLE,VEH00256
RPT01027,LOC0019,LOCATION,Zone_0019
RPT01028,P00588,PERSON,PERSON_00588
RPT01028,P00501,PERSON,PERSON_00501
RPT01028,PH00595,PHONE,PH00595
RPT01028,ACC00233,ACCOUNT,ACC00233
RPT01028,VEH00387,VEHICLE,VEH00387
RPT01028,LOC0028,LOCATION,Zone_0028
RPT01029,P00806,PERSON,PERSON_00806
RPT01029,P00643,PERSON,PERSON_00643
RPT01029,PH00777,PHONE,PH00777
RPT01029,ACC00771,ACCOUNT,ACC00771
RPT01029,VEH00168,VEHICLE,VEH00168
RPT01029,LOC0072,LOCATION,Zone_0072
RPT01030,P00214,PERSON,PERSON_00214
RPT01030,P00628,PERSON,PERSON_00628
RPT01030,PH00494,PHONE,PH00494
RPT01030,ACC00860,ACCOUNT,ACC00860
RPT01030,VEH00051,VEHICLE,VEH00051
RPT01030,LOC0001,LOCATION,Zone_0001
RPT01031,P00487,PERSON,PERSON_00487
RPT01031,P00887,PERSON,PERSON_00887
RPT01031,PH00906,PHONE,PH00906
RPT01031,ACC01070,ACCOUNT,ACC01070
RPT01031,VEH00300,VEHICLE,VEH00300
RPT01031,LOC0079,LOCATION,Zone_0079
RPT01032,P00261,PERSON,PERSON_00261
RPT01032,P00810,PERSON,PERSON_00810
RPT01032,PH00886,PHONE,PH00886
RPT01032,ACC00763,ACCOUNT,ACC00763
RPT01032,VEH00115,VEHICLE,VEH00115
RPT01032,LOC0062,LOCATION,Zone_0062
RPT01033,P00220,PERSON,PERSON_00220
RPT01033,P00071,PERSON,PERSON_00071
RPT01033,PH00254,PHONE,PH00254
RPT01033,ACC00841,ACCOUNT,ACC00841
RPT01033,VEH00235,VEHICLE,VEH00235
RPT01033,LOC0110,LOCATION,Zone_0110
RPT01034,P00442,PERSON,PERSON_00442
RPT01034,P00945,PERSON,PERSON_00945
RPT01034,PH00882,PHONE,PH00882
RPT01034,ACC01179,ACCOUNT,ACC01179
RPT01034,VEH00197,VEHICLE,VEH00197
RPT01034,LOC0152,LOCATION,Zone_0152
RPT01035,P00458,PERSON,PERSON_00458
RPT01035,P00652,PERSON,PERSON_00652
RPT01035,PH00798,PHONE,PH00798
RPT01035,ACC00791,ACCOUNT,ACC00791
RPT01035,VEH00296,VEHICLE,VEH00296
RPT01035,LOC0111,LOCATION,Zone_0111
RPT01036,P00988,PERSON,PERSON_00988
RPT01036,P00973,PERSON,PERSON_00973
RPT01036,PH00687,PHONE,PH00687
RPT01036,ACC01169,ACCOUNT,ACC01169
RPT01036,VEH00197,VEHICLE,VEH00197
RPT01036,LOC0172,LOCATION,Zone_0172
RPT01037,P00596,PERSON,PERSON_00596
RPT01037,P00665,PERSON,PERSON_00665
RPT01037,PH00706,PHONE,PH00706
RPT01037,ACC00386,ACCOUNT,ACC00386
RPT01037,VEH00358,VEHICLE,VEH00358
RPT01037,LOC0018,LOCATION,Zone_0018
RPT01038,P00381,PERSON,PERSON_00381
RPT01038,P00064,PERSON,PERSON_00064
RPT01038,PH01023,PHONE,PH01023
RPT01038,ACC00818,ACCOUNT,ACC00818
RPT01038,VEH00264,VEHICLE,VEH00264
RPT01038,LOC0018,LOCATION,Zone_0018
RPT01039,P00736,PERSON,PERSON_00736
RPT01039,P00077,PERSON,PERSON_00077
RPT01039,PH01012,PHONE,PH01012
RPT01039,ACC00100,ACCOUNT,ACC00100
RPT01039,VEH00308,VEHICLE,VEH00308
RPT01039,LOC0102,LOCATION,Zone_0102
RPT01040,P00847,PERSON,PERSON_00847
RPT01040,P00915,PERSON,PERSON_00915
RPT01040,PH00337,PHONE,PH00337
RPT01040,ACC00211,ACCOUNT,ACC00211
RPT01040,VEH00073,VEHICLE,VEH00073
RPT01040,LOC0109,LOCATION,Zone_0109
RPT01041,P00693,PERSON,PERSON_00693
RPT01041,P00106,PERSON,PERSON_00106
RPT01041,PH00870,PHONE,PH00870
RPT01041,ACC00442,ACCOUNT,ACC00442
RPT01041,VEH00243,VEHICLE,VEH00243
RPT01041,LOC0066,LOCATION,Zone_0066
RPT01042,P00137,PERSON,PERSON_00137
RPT01042,P00630,PERSON,PERSON_00630
RPT01042,PH01031,PHONE,PH01031
RPT01042,ACC00196,ACCOUNT,ACC00196
RPT01042,VEH00087,VEHICLE,VEH00087
RPT01042,LOC0111,LOCATION,Zone_0111
RPT01043,P00218,PERSON,PERSON_00218
RPT01043,P00539,PERSON,PERSON_00539
RPT01043,PH00935,PHONE,PH00935
RPT01043,ACC00539,ACCOUNT,ACC00539
RPT01043,VEH00367,VEHICLE,VEH00367
RPT01043,LOC0084,LOCATION,Zone_0084
RPT01044,P00995,PERSON,PERSON_00995
RPT01044,P00206,PERSON,PERSON_00206
RPT01044,PH01048,PHONE,PH01048
RPT01044,ACC00810,ACCOUNT,ACC00810
RPT01044,VEH00175,VEHICLE,VEH00175
RPT01044,LOC0110,LOCATION,Zone_0110
RPT01045,P00561,PERSON,PERSON_00561
RPT01045,P00855,PERSON,PERSON_00855
RPT01045,PH00734,PHONE,PH00734
RPT01045,ACC00877,ACCOUNT,ACC00877
RPT01045,VEH00032,VEHICLE,VEH00032
RPT01045,LOC0170,LOCATION,Zone_0170
RPT01046,P00094,PERSON,PERSON_00094
RPT01046,P00211,PERSON,PERSON_00211
RPT01046,PH00415,PHONE,PH00415
RPT01046,ACC00183,ACCOUNT,ACC00183
RPT01046,VEH00392,VEHICLE,VEH00392
RPT01046,LOC0014,LOCATION,Zone_0014
RPT01047,P00355,PERSON,PERSON_00355
RPT01047,P00272,PERSON,PERSON_00272
RPT01047,PH00005,PHONE,PH00005
RPT01047,ACC01153,ACCOUNT,ACC01153
RPT01047,VEH00180,VEHICLE,VEH00180
RPT01047,LOC0044,LOCATION,Zone_0044
RPT01048,P00109,PERSON,PERSON_00109
RPT01048,P00255,PERSON,PERSON_00255
RPT01048,PH00691,PHONE,PH00691
RPT01048,ACC00752,ACCOUNT,ACC00752
RPT01048,VEH00141,VEHICLE,VEH00141
RPT01048,LOC0043,LOCATION,Zone_0043
RPT01049,P00102,PERSON,PERSON_00102
RPT01049,P00502,PERSON,PERSON_00502
RPT01049,PH01076,PHONE,PH01076
RPT01049,ACC00997,ACCOUNT,ACC00997
RPT01049,VEH00279,VEHICLE,VEH00279
RPT01049,LOC0101,LOCATION,Zone_0101
RPT01050,P00056,PERSON,PERSON_00056
RPT01050,P00734,PERSON,PERSON_00734
RPT01050,PH00076,PHONE,PH00076
RPT01050,ACC00846,ACCOUNT,ACC00846
RPT01050,VEH00128,VEHICLE,VEH00128
RPT01050,LOC0003,LOCATION,Zone_0003
RPT01051,P00176,PERSON,PERSON_00176
RPT01051,P00013,PERSON,PERSON_00013
RPT01051,PH01197,PHONE,PH01197
RPT01051,ACC00081,ACCOUNT,ACC00081
RPT01051,VEH00363,VEHICLE,VEH00363
RPT01051,LOC0092,LOCATION,Zone_0092
RPT01052,P00280,PERSON,PERSON_00280
RPT01052,P00259,PERSON,PERSON_00259
RPT01052,PH00211,PHONE,PH00211
RPT01052,ACC00554,ACCOUNT,ACC00554
RPT01052,VEH00074,VEHICLE,VEH00074
RPT01052,LOC0143,LOCATION,Zone_0143
RPT01053,P00090,PERSON,PERSON_00090
RPT01053,P00350,PERSON,PERSON_00350
RPT01053,PH00753,PHONE,PH00753
RPT01053,ACC00960,ACCOUNT,ACC00960
RPT01053,VEH00088,VEHICLE,VEH00088
RPT01053,LOC0169,LOCATION,Zone_0169
RPT01054,P00906,PERSON,PERSON_00906
RPT01054,P00180,PERSON,PERSON_00180
RPT01054,PH00579,PHONE,PH00579
RPT01054,ACC00659,ACCOUNT,ACC00659
RPT01054,VEH00158,VEHICLE,VEH00158
RPT01054,LOC0084,LOCATION,Zone_0084
RPT01055,P00811,PERSON,PERSON_00811
RPT01055,P00184,PERSON,PERSON_00184
RPT01055,PH01087,PHONE,PH01087
RPT01055,ACC00507,ACCOUNT,ACC00507
RPT01055,VEH00377,VEHICLE,VEH00377
RPT01055,LOC0046,LOCATION,Zone_0046
RPT01056,P00661,PERSON,PERSON_00661
RPT01056,P00372,PERSON,PERSON_00372
RPT01056,PH00568,PHONE,PH00568
RPT01056,ACC00239,ACCOUNT,ACC00239
RPT01056,VEH00396,VEHICLE,VEH00396
RPT01056,LOC0092,LOCATION,Zone_0092
RPT01057,P00507,PERSON,PERSON_00507
RPT01057,P00345,PERSON,PERSON_00345
RPT01057,PH00400,PHONE,PH00400
RPT01057,ACC00611,ACCOUNT,ACC00611
RPT01057,VEH00135,VEHICLE,VEH00135
RPT01057,LOC0176,LOCATION,Zone_0176
RPT01058,P00608,PERSON,PERSON_00608
RPT01058,P00461,PERSON,PERSON_00461
RPT01058,PH00302,PHONE,PH00302
RPT01058,ACC00665,ACCOUNT,ACC00665
RPT01058,VEH00319,VEHICLE,VEH00319
RPT01058,LOC0157,LOCATION,Zone_0157
RPT01059,P00702,PERSON,PERSON_00702
RPT01059,P00262,PERSON,PERSON_00262
RPT01059,PH00075,PHONE,PH00075
RPT01059,ACC01139,ACCOUNT,ACC01139
RPT01059,VEH00128,VEHICLE,VEH00128
RPT01059,LOC0124,LOCATION,Zone_0124
RPT01060,P00728,PERSON,PERSON_00728
RPT01060,P00240,PERSON,PERSON_00240
RPT01060,PH00278,PHONE,PH00278
RPT01060,ACC00943,ACCOUNT,ACC00943
RPT01060,VEH00394,VEHICLE,VEH00394
RPT01060,LOC0009,LOCATION,Zone_0009
RPT01061,P00391,PERSON,PERSON_00391
RPT01061,P00333,PERSON,PERSON_00333
RPT01061,PH00001,PHONE,PH00001
RPT01061,ACC00284,ACCOUNT,ACC00284
RPT01061,VEH00131,VEHICLE,VEH00131
RPT01061,LOC0027,LOCATION,Zone_0027
RPT01062,P00433,PERSON,PERSON_00433
RPT01062,P00015,PERSON,PERSON_00015
RPT01062,PH00139,PHONE,PH00139
RPT01062,ACC00147,ACCOUNT,ACC00147
RPT01062,VEH00086,VEHICLE,VEH00086
RPT01062,LOC0128,LOCATION,Zone_0128
RPT01063,P00525,PERSON,PERSON_00525
RPT01063,P00379,PERSON,PERSON_00379
RPT01063,PH00543,PHONE,PH00543
RPT01063,ACC01050,ACCOUNT,ACC01050
RPT01063,VEH00098,VEHICLE,VEH00098
RPT01063,LOC0002,LOCATION,Zone_0002
RPT01064,P00533,PERSON,PERSON_00533
RPT01064,P00170,PERSON,PERSON_00170
RPT01064,PH00330,PHONE,PH00330
RPT01064,ACC00817,ACCOUNT,ACC00817
RPT01064,VEH00157,VEHICLE,VEH00157
RPT01064,LOC0149,LOCATION,Zone_0149
RPT01065,P00376,PERSON,PERSON_00376
RPT01065,P00972,PERSON,PERSON_00972
RPT01065,PH00684,PHONE,PH00684
RPT01065,ACC00851,ACCOUNT,ACC00851
RPT01065,VEH00143,VEHICLE,VEH00143
RPT01065,LOC0145,LOCATION,Zone_0145
RPT01066,P00032,PERSON,PERSON_00032
RPT01066,P00823,PERSON,PERSON_00823
RPT01066,PH00744,PHONE,PH00744
RPT01066,ACC01052,ACCOUNT,ACC01052
RPT01066,VEH00262,VEHICLE,VEH00262
RPT01066,LOC0045,LOCATION,Zone_0045
RPT01067,P00363,PERSON,PERSON_00363
RPT01067,P00523,PERSON,PERSON_00523
RPT01067,PH00386,PHONE,PH00386
RPT01067,ACC00277,ACCOUNT,ACC00277
RPT01067,VEH00076,VEHICLE,VEH00076
RPT01067,LOC0047,LOCATION,Zone_0047
RPT01068,P00101,PERSON,PERSON_00101
RPT01068,P00751,PERSON,PERSON_00751
RPT01068,PH00707,PHONE,PH00707
RPT01068,ACC00790,ACCOUNT,ACC00790
RPT01068,VEH00220,VEHICLE,VEH00220
RPT01068,LOC0039,LOCATION,Zone_0039
RPT01069,P00566,PERSON,PERSON_00566
RPT01069,P00725,PERSON,PERSON_00725
RPT01069,PH00625,PHONE,PH00625
RPT01069,ACC00490,ACCOUNT,ACC00490
RPT01069,VEH00261,VEHICLE,VEH00261
RPT01069,LOC0024,LOCATION,Zone_0024
RPT01070,P00716,PERSON,PERSON_00716
RPT01070,P00951,PERSON,PERSON_00951
RPT01070,PH00599,PHONE,PH00599
RPT01070,ACC00627,ACCOUNT,ACC00627
RPT01070,VEH00277,VEHICLE,VEH00277
RPT01070,LOC0083,LOCATION,Zone_0083
RPT01071,P00848,PERSON,PERSON_00848
RPT01071,P00461,PERSON,PERSON_00461
RPT01071,PH00962,PHONE,PH00962
RPT01071,ACC01078,ACCOUNT,ACC01078
RPT01071,VEH00384,VEHICLE,VEH00384
RPT01071,LOC0039,LOCATION,Zone_0039
RPT01072,P00054,PERSON,PERSON_00054
RPT01072,P00141,PERSON,PERSON_00141
RPT01072,PH00654,PHONE,PH00654
RPT01072,ACC00404,ACCOUNT,ACC00404
RPT01072,VEH00112,VEHICLE,VEH00112
RPT01072,LOC0065,LOCATION,Zone_0065
RPT01073,P00551,PERSON,PERSON_00551
RPT01073,P00632,PERSON,PERSON_00632
RPT01073,PH00582,PHONE,PH00582
RPT01073,ACC01047,ACCOUNT,ACC01047
RPT01073,VEH00015,VEHICLE,VEH00015
RPT01073,LOC0095,LOCATION,Zone_0095
RPT01074,P00474,PERSON,PERSON_00474
RPT01074,P00397,PERSON,PERSON_00397
RPT01074,PH00520,PHONE,PH00520
RPT01074,ACC00677,ACCOUNT,ACC00677
RPT01074,VEH00307,VEHICLE,VEH00307
RPT01074,LOC0077,LOCATION,Zone_0077
RPT01075,P00908,PERSON,PERSON_00908
RPT01075,P00981,PERSON,PERSON_00981
RPT01075,PH00980,PHONE,PH00980
RPT01075,ACC00231,ACCOUNT,ACC00231
RPT01075,VEH00195,VEHICLE,VEH00195
RPT01075,LOC0177,LOCATION,Zone_0177
RPT01076,P00355,PERSON,PERSON_00355
RPT01076,P00798,PERSON,PERSON_00798
RPT01076,PH00005,PHONE,PH00005
RPT01076,ACC01153,ACCOUNT,ACC01153
RPT01076,VEH00327,VEHICLE,VEH00327
RPT01076,LOC0022,LOCATION,Zone_0022
RPT01077,P00950,PERSON,PERSON_00950
RPT01077,P00086,PERSON,PERSON_00086
RPT01077,PH00119,PHONE,PH00119
RPT01077,ACC00669,ACCOUNT,ACC00669
RPT01077,VEH00050,VEHICLE,VEH00050
RPT01077,LOC0163,LOCATION,Zone_0163
RPT01078,P00778,PERSON,PERSON_00778
RPT01078,P00466,PERSON,PERSON_00466
RPT01078,PH00558,PHONE,PH00558
RPT01078,ACC00143,ACCOUNT,ACC00143
RPT01078,VEH00277,VEHICLE,VEH00277
RPT01078,LOC0061,LOCATION,Zone_0061
RPT01079,P00119,PERSON,PERSON_00119
RPT01079,P00091,PERSON,PERSON_00091
RPT01079,PH00403,PHONE,PH00403
RPT01079,ACC00176,ACCOUNT,ACC00176
RPT01079,VEH00238,VEHICLE,VEH00238
RPT01079,LOC0052,LOCATION,Zone_0052
RPT01080,P00168,PERSON,PERSON_00168
RPT01080,P00124,PERSON,PERSON_00124
RPT01080,PH00067,PHONE,PH00067
RPT01080,ACC00784,ACCOUNT,ACC00784
RPT01080,VEH00012,VEHICLE,VEH00012
RPT01080,LOC0080,LOCATION,Zone_0080
RPT01081,P00707,PERSON,PERSON_00707
RPT01081,P00754,PERSON,PERSON_00754
RPT01081,PH00596,PHONE,PH00596
RPT01081,ACC00099,ACCOUNT,ACC00099
RPT01081,VEH00380,VEHICLE,VEH00380
RPT01081,LOC0153,LOCATION,Zone_0153
RPT01082,P00877,PERSON,PERSON_00877
RPT01082,P00958,PERSON,PERSON_00958
RPT01082,PH00272,PHONE,PH00272
RPT01082,ACC00686,ACCOUNT,ACC00686
RPT01082,VEH00316,VEHICLE,VEH00316
RPT01082,LOC0067,LOCATION,Zone_0067
RPT01083,P00191,PERSON,PERSON_00191
RPT01083,P00912,PERSON,PERSON_00912
RPT01083,PH00816,PHONE,PH00816
RPT01083,ACC01121,ACCOUNT,ACC01121
RPT01083,VEH00126,VEHICLE,VEH00126
RPT01083,LOC0038,LOCATION,Zone_0038
RPT01084,P00999,PERSON,PERSON_00999
RPT01084,P00537,PERSON,PERSON_00537
RPT01084,PH00217,PHONE,PH00217
RPT01084,ACC00967,ACCOUNT,ACC00967
RPT01084,VEH00247,VEHICLE,VEH00247
RPT01084,LOC0031,LOCATION,Zone_0031
RPT01085,P00669,PERSON,PERSON_00669
RPT01085,P00783,PERSON,PERSON_00783
RPT01085,PH00095,PHONE,PH00095
RPT01085,ACC00656,ACCOUNT,ACC00656
RPT01085,VEH00189,VEHICLE,VEH00189
RPT01085,LOC0180,LOCATION,Zone_0180
RPT01086,P00030,PERSON,PERSON_00030
RPT01086,P00911,PERSON,PERSON_00911
RPT01086,PH01115,PHONE,PH01115
RPT01086,ACC01183,ACCOUNT,ACC01183
RPT01086,VEH00048,VEHICLE,VEH00048
RPT01086,LOC0042,LOCATION,Zone_0042
RPT01087,P00130,PERSON,PERSON_00130
RPT01087,P00515,PERSON,PERSON_00515
RPT01087,PH00191,PHONE,PH00191
RPT01087,ACC00167,ACCOUNT,ACC00167
RPT01087,VEH00081,VEHICLE,VEH00081
RPT01087,LOC0026,LOCATION,Zone_0026
RPT01088,P00320,PERSON,PERSON_00320
RPT01088,P00816,PERSON,PERSON_00816
RPT01088,PH00580,PHONE,PH00580
RPT01088,ACC00022,ACCOUNT,ACC00022
RPT01088,VEH00205,VEHICLE,VEH00205
RPT01088,LOC0081,LOCATION,Zone_0081
RPT01089,P00536,PERSON,PERSON_00536
RPT01089,P00960,PERSON,PERSON_00960
RPT01089,PH01033,PHONE,PH01033
RPT01089,ACC00049,ACCOUNT,ACC00049
RPT01089,VEH00306,VEHICLE,VEH00306
RPT01089,LOC0009,LOCATION,Zone_0009
RPT01090,P00779,PERSON,PERSON_00779
RPT01090,P00178,PERSON,PERSON_00178
RPT01090,PH00594,PHONE,PH00594
RPT01090,ACC00550,ACCOUNT,ACC00550
RPT01090,VEH00351,VEHICLE,VEH00351
RPT01090,LOC0100,LOCATION,Zone_0100
RPT01091,P00942,PERSON,PERSON_00942
RPT01091,P00295,PERSON,PERSON_00295
RPT01091,PH00487,PHONE,PH00487
RPT01091,ACC01134,ACCOUNT,ACC01134
RPT01091,VEH00063,VEHICLE,VEH00063
RPT01091,LOC0036,LOCATION,Zone_0036
RPT01092,P00919,PERSON,PERSON_00919
RPT01092,P00906,PERSON,PERSON_00906
RPT01092,PH00066,PHONE,PH00066
RPT01092,ACC00351,ACCOUNT,ACC00351
RPT01092,VEH00059,VEHICLE,VEH00059
RPT01092,LOC0020,LOCATION,Zone_0020
RPT01093,P00799,PERSON,PERSON_00799
RPT01093,P00401,PERSON,PERSON_00401
RPT01093,PH00140,PHONE,PH00140
RPT01093,ACC00171,ACCOUNT,ACC00171
RPT01093,VEH00326,VEHICLE,VEH00326
RPT01093,LOC0158,LOCATION,Zone_0158
RPT01094,P00099,PERSON,PERSON_00099
RPT01094,P00342,PERSON,PERSON_00342
RPT01094,PH00519,PHONE,PH00519
RPT01094,ACC00097,ACCOUNT,ACC00097
RPT01094,VEH00063,VEHICLE,VEH00063
RPT01094,LOC0053,LOCATION,Zone_0053
RPT01095,P00818,PERSON,PERSON_00818
RPT01095,P00102,PERSON,PERSON_00102
RPT01095,PH00486,PHONE,PH00486
RPT01095,ACC00721,ACCOUNT,ACC00721
RPT01095,VEH00092,VEHICLE,VEH00092
RPT01095,LOC0098,LOCATION,Zone_0098
RPT01096,P00402,PERSON,PERSON_00402
RPT01096,P00705,PERSON,PERSON_00705
RPT01096,PH00714,PHONE,PH00714
RPT01096,ACC00590,ACCOUNT,ACC00590
RPT01096,VEH00226,VEHICLE,VEH00226
RPT01096,LOC0100,LOCATION,Zone_0100
RPT01097,P00853,PERSON,PERSON_00853
RPT01097,P00632,PERSON,PERSON_00632
RPT01097,PH00420,PHONE,PH00420
RPT01097,ACC01178,ACCOUNT,ACC01178
RPT01097,VEH00339,VEHICLE,VEH00339
RPT01097,LOC0158,LOCATION,Zone_0158
RPT01098,P00592,PERSON,PERSON_00592
RPT01098,P00610,PERSON,PERSON_00610
RPT01098,PH00774,PHONE,PH00774
RPT01098,ACC00521,ACCOUNT,ACC00521
RPT01098,VEH00170,VEHICLE,VEH00170
RPT01098,LOC0119,LOCATION,Zone_0119
RPT01099,P00065,PERSON,PERSON_00065
RPT01099,P00908,PERSON,PERSON_00908
RPT01099,PH00640,PHONE,PH00640
RPT01099,ACC00758,ACCOUNT,ACC00758
RPT01099,VEH00075,VEHICLE,VEH00075
RPT01099,LOC0149,LOCATION,Zone_0149
RPT01100,P00262,PERSON,PERSON_00262
RPT01100,P00467,PERSON,PERSON_00467
RPT01100,PH00868,PHONE,PH00868
RPT01100,ACC01004,ACCOUNT,ACC01004
RPT01100,VEH00324,VEHICLE,VEH00324
RPT01100,LOC0138,LOCATION,Zone_0138
RPT01101,P00095,PERSON,PERSON_00095
RPT01101,P00347,PERSON,PERSON_00347
RPT01101,PH01194,PHONE,PH01194
RPT01101,ACC00689,ACCOUNT,ACC00689
RPT01101,VEH00165,VEHICLE,VEH00165
RPT01101,LOC0145,LOCATION,Zone_0145
RPT01102,P00297,PERSON,PERSON_00297
RPT01102,P00256,PERSON,PERSON_00256
RPT01102,PH00071,PHONE,PH00071
RPT01102,ACC00785,ACCOUNT,ACC00785
RPT01102,VEH00182,VEHICLE,VEH00182
RPT01102,LOC0111,LOCATION,Zone_0111
RPT01103,P00525,PERSON,PERSON_00525
RPT01103,P00568,PERSON,PERSON_00568
RPT01103,PH00543,PHONE,PH00543
RPT01103,ACC01050,ACCOUNT,ACC01050
RPT01103,VEH00190,VEHICLE,VEH00190
RPT01103,LOC0155,LOCATION,Zone_0155
RPT01104,P00506,PERSON,PERSON_00506
RPT01104,P00344,PERSON,PERSON_00344
RPT01104,PH00783,PHONE,PH00783
RPT01104,ACC00994,ACCOUNT,ACC00994
RPT01104,VEH00093,VEHICLE,VEH00093
RPT01104,LOC0007,LOCATION,Zone_0007
RPT01105,P00654,PERSON,PERSON_00654
RPT01105,P00492,PERSON,PERSON_00492
RPT01105,PH00928,PHONE,PH00928
RPT01105,ACC00363,ACCOUNT,ACC00363
RPT01105,VEH00337,VEHICLE,VEH00337
RPT01105,LOC0071,LOCATION,Zone_0071
RPT01106,P00408,PERSON,PERSON_00408
RPT01106,P00251,PERSON,PERSON_00251
RPT01106,PH00448,PHONE,PH00448
RPT01106,ACC00149,ACCOUNT,ACC00149
RPT01106,VEH00107,VEHICLE,VEH00107
RPT01106,LOC0064,LOCATION,Zone_0064
RPT01107,P00276,PERSON,PERSON_00276
RPT01107,P00267,PERSON,PERSON_00267
RPT01107,PH00212,PHONE,PH00212
RPT01107,ACC00555,ACCOUNT,ACC00555
RPT01107,VEH00025,VEHICLE,VEH00025
RPT01107,LOC0142,LOCATION,Zone_0142
RPT01108,P00600,PERSON,PERSON_00600
RPT01108,P00533,PERSON,PERSON_00533
RPT01108,PH00559,PHONE,PH00559
RPT01108,ACC00394,ACCOUNT,ACC00394
RPT01108,VEH00205,VEHICLE,VEH00205
RPT01108,LOC0066,LOCATION,Zone_0066
RPT01109,P00722,PERSON,PERSON_00722
RPT01109,P00721,PERSON,PERSON_00721
RPT01109,PH00352,PHONE,PH00352
RPT01109,ACC01049,ACCOUNT,ACC01049
RPT01109,VEH00263,VEHICLE,VEH00263
RPT01109,LOC0106,LOCATION,Zone_0106
RPT01110,P00439,PERSON,PERSON_00439
RPT01110,P00399,PERSON,PERSON_00399
RPT01110,PH00956,PHONE,PH00956
RPT01110,ACC00741,ACCOUNT,ACC00741
RPT01110,VEH00253,VEHICLE,VEH00253
RPT01110,LOC0065,LOCATION,Zone_0065
RPT01111,P00120,PERSON,PERSON_00120
RPT01111,P00595,PERSON,PERSON_00595
RPT01111,PH00739,PHONE,PH00739
RPT01111,ACC01029,ACCOUNT,ACC01029
RPT01111,VEH00042,VEHICLE,VEH00042
RPT01111,LOC0004,LOCATION,Zone_0004
RPT01112,P00776,PERSON,PERSON_00776
RPT01112,P00919,PERSON,PERSON_00919
RPT01112,PH00442,PHONE,PH00442
RPT01112,ACC00993,ACCOUNT,ACC00993
RPT01112,VEH00012,VEHICLE,VEH00012
RPT01112,LOC0028,LOCATION,Zone_0028
RPT01113,P00748,PERSON,PERSON_00748
RPT01113,P00950,PERSON,PERSON_00950
RPT01113,PH00179,PHONE,PH00179
RPT01113,ACC00201,ACCOUNT,ACC00201
RPT01113,VEH00064,VEHICLE,VEH00064
RPT01113,LOC0002,LOCATION,Zone_0002
RPT01114,P00279,PERSON,PERSON_00279
RPT01114,P00247,PERSON,PERSON_00247
RPT01114,PH00105,PHONE,PH00105
RPT01114,ACC00988,ACCOUNT,ACC00988
RPT01114,VEH00177,VEHICLE,VEH00177
RPT01114,LOC0069,LOCATION,Zone_0069
RPT01115,P00099,PERSON,PERSON_00099
RPT01115,P00732,PERSON,PERSON_00732
RPT01115,PH00519,PHONE,PH00519
RPT01115,ACC00097,ACCOUNT,ACC00097
RPT01115,VEH00051,VEHICLE,VEH00051
RPT01115,LOC0018,LOCATION,Zone_0018
RPT01116,P00313,PERSON,PERSON_00313
RPT01116,P00972,PERSON,PERSON_00972
RPT01116,PH01069,PHONE,PH01069
RPT01116,ACC00807,ACCOUNT,ACC00807
RPT01116,VEH00389,VEHICLE,VEH00389
RPT01116,LOC0174,LOCATION,Zone_0174
RPT01117,P00746,PERSON,PERSON_00746
RPT01117,P00092,PERSON,PERSON_00092
RPT01117,PH00221,PHONE,PH00221
RPT01117,ACC00180,ACCOUNT,ACC00180
RPT01117,VEH00358,VEHICLE,VEH00358
RPT01117,LOC0051,LOCATION,Zone_0051
RPT01118,P00178,PERSON,PERSON_00178
RPT01118,P00425,PERSON,PERSON_00425
RPT01118,PH00796,PHONE,PH00796
RPT01118,ACC00446,ACCOUNT,ACC00446
RPT01118,VEH00078,VEHICLE,VEH00078
RPT01118,LOC0032,LOCATION,Zone_0032
RPT01119,P00803,PERSON,PERSON_00803
RPT01119,P00419,PERSON,PERSON_00419
RPT01119,PH00893,PHONE,PH00893
RPT01119,ACC01026,ACCOUNT,ACC01026
RPT01119,VEH00379,VEHICLE,VEH00379
RPT01119,LOC0123,LOCATION,Zone_0123
RPT01120,P00661,PERSON,PERSON_00661
RPT01120,P00422,PERSON,PERSON_00422
RPT01120,PH00568,PHONE,PH00568
RPT01120,ACC00239,ACCOUNT,ACC00239
RPT01120,VEH00387,VEHICLE,VEH00387
RPT01120,LOC0011,LOCATION,Zone_0011
RPT01121,P00492,PERSON,PERSON_00492
RPT01121,P00726,PERSON,PERSON_00726
RPT01121,PH00423,PHONE,PH00423
RPT01121,ACC00602,ACCOUNT,ACC00602
RPT01121,VEH00103,VEHICLE,VEH00103
RPT01121,LOC0097,LOCATION,Zone_0097
RPT01122,P00882,PERSON,PERSON_00882
RPT01122,P00342,PERSON,PERSON_00342
RPT01122,PH00610,PHONE,PH00610
RPT01122,ACC00129,ACCOUNT,ACC00129
RPT01122,VEH00120,VEHICLE,VEH00120
RPT01122,LOC0118,LOCATION,Zone_0118
RPT01123,P00928,PERSON,PERSON_00928
RPT01123,P00708,PERSON,PERSON_00708
RPT01123,PH01182,PHONE,PH01182
RPT01123,ACC00169,ACCOUNT,ACC00169
RPT01123,VEH00223,VEHICLE,VEH00223
RPT01123,LOC0094,LOCATION,Zone_0094
RPT01124,P00849,PERSON,PERSON_00849
RPT01124,P00262,PERSON,PERSON_00262
RPT01124,PH00359,PHONE,PH00359
RPT01124,ACC00701,ACCOUNT,ACC00701
RPT01124,VEH00144,VEHICLE,VEH00144
RPT01124,LOC0172,LOCATION,Zone_0172
RPT01125,P00442,PERSON,PERSON_00442
RPT01125,P00983,PERSON,PERSON_00983
RPT01125,PH00882,PHONE,PH00882
RPT01125,ACC00123,ACCOUNT,ACC00123
RPT01125,VEH00215,VEHICLE,VEH00215
RPT01125,LOC0073,LOCATION,Zone_0073
RPT01126,P00541,PERSON,PERSON_00541
RPT01126,P00669,PERSON,PERSON_00669
RPT01126,PH00609,PHONE,PH00609
RPT01126,ACC01006,ACCOUNT,ACC01006
RPT01126,VEH00125,VEHICLE,VEH00125
RPT01126,LOC0046,LOCATION,Zone_0046
RPT01127,P00553,PERSON,PERSON_00553
RPT01127,P00928,PERSON,PERSON_00928
RPT01127,PH00947,PHONE,PH00947
RPT01127,ACC00111,ACCOUNT,ACC00111
RPT01127,VEH00397,VEHICLE,VEH00397
RPT01127,LOC0003,LOCATION,Zone_0003
RPT01128,P00717,PERSON,PERSON_00717
RPT01128,P00447,PERSON,PERSON_00447
RPT01128,PH00117,PHONE,PH00117
RPT01128,ACC01158,ACCOUNT,ACC01158
RPT01128,VEH00246,VEHICLE,VEH00246
RPT01128,LOC0018,LOCATION,Zone_0018
RPT01129,P00950,PERSON,PERSON_00950
RPT01129,P00154,PERSON,PERSON_00154
RPT01129,PH00119,PHONE,PH00119
RPT01129,ACC00669,ACCOUNT,ACC00669
RPT01129,VEH00383,VEHICLE,VEH00383
RPT01129,LOC0105,LOCATION,Zone_0105
RPT01130,P00962,PERSON,PERSON_00962
RPT01130,P00447,PERSON,PERSON_00447
RPT01130,PH00557,PHONE,PH00557
RPT01130,ACC00821,ACCOUNT,ACC00821
RPT01130,VEH00247,VEHICLE,VEH00247
RPT01130,LOC0143,LOCATION,Zone_0143
RPT01131,P00833,PERSON,PERSON_00833
RPT01131,P00791,PERSON,PERSON_00791
RPT01131,PH00084,PHONE,PH00084
RPT01131,ACC00518,ACCOUNT,ACC00518
RPT01131,VEH00067,VEHICLE,VEH00067
RPT01131,LOC0126,LOCATION,Zone_0126
RPT01132,P00907,PERSON,PERSON_00907
RPT01132,P00976,PERSON,PERSON_00976
RPT01132,PH00093,PHONE,PH00093
RPT01132,ACC00222,ACCOUNT,ACC00222
RPT01132,VEH00251,VEHICLE,VEH00251
RPT01132,LOC0062,LOCATION,Zone_0062
RPT01133,P00408,PERSON,PERSON_00408
RPT01133,P00256,PERSON,PERSON_00256
RPT01133,PH00448,PHONE,PH00448
RPT01133,ACC00149,ACCOUNT,ACC00149
RPT01133,VEH00164,VEHICLE,VEH00164
RPT01133,LOC0169,LOCATION,Zone_0169
RPT01134,P00587,PERSON,PERSON_00587
RPT01134,P00204,PERSON,PERSON_00204
RPT01134,PH00365,PHONE,PH00365
RPT01134,ACC00459,ACCOUNT,ACC00459
RPT01134,VEH00282,VEHICLE,VEH00282
RPT01134,LOC0122,LOCATION,Zone_0122
RPT01135,P00889,PERSON,PERSON_00889
RPT01135,P00748,PERSON,PERSON_00748
RPT01135,PH00028,PHONE,PH00028
RPT01135,ACC00932,ACCOUNT,ACC00932
RPT01135,VEH00399,VEHICLE,VEH00399
RPT01135,LOC0051,LOCATION,Zone_0051
RPT01136,P00742,PERSON,PERSON_00742
RPT01136,P00774,PERSON,PERSON_00774
RPT01136,PH00373,PHONE,PH00373
RPT01136,ACC00313,ACCOUNT,ACC00313
RPT01136,VEH00387,VEHICLE,VEH00387
RPT01136,LOC0072,LOCATION,Zone_0072
RPT01137,P00735,PERSON,PERSON_00735
RPT01137,P00018,PERSON,PERSON_00018
RPT01137,PH00077,PHONE,PH00077
RPT01137,ACC00373,ACCOUNT,ACC00373
RPT01137,VEH00229,VEHICLE,VEH00229
RPT01137,LOC0146,LOCATION,Zone_0146
RPT01138,P00093,PERSON,PERSON_00093
RPT01138,P00146,PERSON,PERSON_00146
RPT01138,PH00815,PHONE,PH00815
RPT01138,ACC00339,ACCOUNT,ACC00339
RPT01138,VEH00057,VEHICLE,VEH00057
RPT01138,LOC0161,LOCATION,Zone_0161
RPT01139,P00749,PERSON,PERSON_00749
RPT01139,P00183,PERSON,PERSON_00183
RPT01139,PH01057,PHONE,PH01057
RPT01139,ACC00802,ACCOUNT,ACC00802
RPT01139,VEH00357,VEHICLE,VEH00357
RPT01139,LOC0148,LOCATION,Zone_0148
RPT01140,P00863,PERSON,PERSON_00863
RPT01140,P00728,PERSON,PERSON_00728
RPT01140,PH00515,PHONE,PH00515
RPT01140,ACC00031,ACCOUNT,ACC00031
RPT01140,VEH00288,VEHICLE,VEH00288
RPT01140,LOC0141,LOCATION,Zone_0141
RPT01141,P00681,PERSON,PERSON_00681
RPT01141,P00615,PERSON,PERSON_00615
RPT01141,PH00861,PHONE,PH00861
RPT01141,ACC00801,ACCOUNT,ACC00801
RPT01141,VEH00112,VEHICLE,VEH00112
RPT01141,LOC0151,LOCATION,Zone_0151
RPT01142,P00390,PERSON,PERSON_00390
RPT01142,P00642,PERSON,PERSON_00642
RPT01142,PH01123,PHONE,PH01123
RPT01142,ACC00667,ACCOUNT,ACC00667
RPT01142,VEH00200,VEHICLE,VEH00200
RPT01142,LOC0104,LOCATION,Zone_0104
RPT01143,P00710,PERSON,PERSON_00710
RPT01143,P00445,PERSON,PERSON_00445
RPT01143,PH00215,PHONE,PH00215
RPT01143,ACC00594,ACCOUNT,ACC00594
RPT01143,VEH00175,VEHICLE,VEH00175
RPT01143,LOC0001,LOCATION,Zone_0001
RPT01144,P00581,PERSON,PERSON_00581
RPT01144,P00736,PERSON,PERSON_00736
RPT01144,PH00242,PHONE,PH00242
RPT01144,ACC00820,ACCOUNT,ACC00820
RPT01144,VEH00246,VEHICLE,VEH00246
RPT01144,LOC0098,LOCATION,Zone_0098
RPT01145,P00188,PERSON,PERSON_00188
RPT01145,P00846,PERSON,PERSON_00846
RPT01145,PH00924,PHONE,PH00924
RPT01145,ACC00840,ACCOUNT,ACC00840
RPT01145,VEH00132,VEHICLE,VEH00132
RPT01145,LOC0011,LOCATION,Zone_0011
RPT01146,P00705,PERSON,PERSON_00705
RPT01146,P00733,PERSON,PERSON_00733
RPT01146,PH00877,PHONE,PH00877
RPT01146,ACC00660,ACCOUNT,ACC00660
RPT01146,VEH00357,VEHICLE,VEH00357
RPT01146,LOC0053,LOCATION,Zone_0053
RPT01147,P00854,PERSON,PERSON_00854
RPT01147,P00341,PERSON,PERSON_00341
RPT01147,PH00581,PHONE,PH00581
RPT01147,ACC00298,ACCOUNT,ACC00298
RPT01147,VEH00211,VEHICLE,VEH00211
RPT01147,LOC0164,LOCATION,Zone_0164
RPT01148,P00510,PERSON,PERSON_00510
RPT01148,P00578,PERSON,PERSON_00578
RPT01148,PH00034,PHONE,PH00034
RPT01148,ACC00928,ACCOUNT,ACC00928
RPT01148,VEH00161,VEHICLE,VEH00161
RPT01148,LOC0155,LOCATION,Zone_0155
RPT01149,P00642,PERSON,PERSON_00642
RPT01149,P00138,PERSON,PERSON_00138
RPT01149,PH00458,PHONE,PH00458
RPT01149,ACC00595,ACCOUNT,ACC00595
RPT01149,VEH00365,VEHICLE,VEH00365
RPT01149,LOC0073,LOCATION,Zone_0073
RPT01150,P00999,PERSON,PERSON_00999
RPT01150,P00514,PERSON,PERSON_00514
RPT01150,PH00222,PHONE,PH00222
RPT01150,ACC00967,ACCOUNT,ACC00967
RPT01150,VEH00101,VEHICLE,VEH00101
RPT01150,LOC0134,LOCATION,Zone_0134
RPT01151,P00840,PERSON,PERSON_00840
RPT01151,P00733,PERSON,PERSON_00733
RPT01151,PH01199,PHONE,PH01199
RPT01151,ACC00759,ACCOUNT,ACC00759
RPT01151,VEH00290,VEHICLE,VEH00290
RPT01151,LOC0067,LOCATION,Zone_0067
RPT01152,P00143,PERSON,PERSON_00143
RPT01152,P00377,PERSON,PERSON_00377
RPT01152,PH00216,PHONE,PH00216
RPT01152,ACC00246,ACCOUNT,ACC00246
RPT01152,VEH00312,VEHICLE,VEH00312
RPT01152,LOC0096,LOCATION,Zone_0096
RPT01153,P00733,PERSON,PERSON_00733
RPT01153,P00782,PERSON,PERSON_00782
RPT01153,PH00854,PHONE,PH00854
RPT01153,ACC01037,ACCOUNT,ACC01037
RPT01153,VEH00188,VEHICLE,VEH00188
RPT01153,LOC0010,LOCATION,Zone_0010
RPT01154,P00619,PERSON,PERSON_00619
RPT01154,P00324,PERSON,PERSON_00324
RPT01154,PH00003,PHONE,PH00003
RPT01154,ACC00948,ACCOUNT,ACC00948
RPT01154,VEH00391,VEHICLE,VEH00391
RPT01154,LOC0160,LOCATION,Zone_0160
RPT01155,P00226,PERSON,PERSON_00226
RPT01155,P00416,PERSON,PERSON_00416
RPT01155,PH00324,PHONE,PH00324
RPT01155,ACC00619,ACCOUNT,ACC00619
RPT01155,VEH00116,VEHICLE,VEH00116
RPT01155,LOC0017,LOCATION,Zone_0017
RPT01156,P00304,PERSON,PERSON_00304
RPT01156,P00385,PERSON,PERSON_00385
RPT01156,PH00829,PHONE,PH00829
RPT01156,ACC00961,ACCOUNT,ACC00961
RPT01156,VEH00052,VEHICLE,VEH00052
RPT01156,LOC0101,LOCATION,Zone_0101
RPT01157,P00081,PERSON,PERSON_00081
RPT01157,P00438,PERSON,PERSON_00438
RPT01157,PH00100,PHONE,PH00100
RPT01157,ACC00723,ACCOUNT,ACC00723
RPT01157,VEH00186,VEHICLE,VEH00186
RPT01157,LOC0167,LOCATION,Zone_0167
RPT01158,P00158,PERSON,PERSON_00158
RPT01158,P00286,PERSON,PERSON_00286
RPT01158,PH00606,PHONE,PH00606
RPT01158,ACC00862,ACCOUNT,ACC00862
RPT01158,VEH00046,VEHICLE,VEH00046
RPT01158,LOC0177,LOCATION,Zone_0177
RPT01159,P00891,PERSON,PERSON_00891
RPT01159,P00851,PERSON,PERSON_00851
RPT01159,PH00058,PHONE,PH00058
RPT01159,ACC00958,ACCOUNT,ACC00958
RPT01159,VEH00177,VEHICLE,VEH00177
RPT01159,LOC0168,LOCATION,Zone_0168
RPT01160,P00599,PERSON,PERSON_00599
RPT01160,P00637,PERSON,PERSON_00637
RPT01160,PH01022,PHONE,PH01022
RPT01160,ACC00059,ACCOUNT,ACC00059
RPT01160,VEH00267,VEHICLE,VEH00267
RPT01160,LOC0167,LOCATION,Zone_0167
RPT01161,P00450,PERSON,PERSON_00450
RPT01161,P00569,PERSON,PERSON_00569
RPT01161,PH01191,PHONE,PH01191
RPT01161,ACC00500,ACCOUNT,ACC00500
RPT01161,VEH00320,VEHICLE,VEH00320
RPT01161,LOC0172,LOCATION,Zone_0172
RPT01162,P00088,PERSON,PERSON_00088
RPT01162,P00185,PERSON,PERSON_00185
RPT01162,PH00653,PHONE,PH00653
RPT01162,ACC00583,ACCOUNT,ACC00583
RPT01162,VEH00167,VEHICLE,VEH00167
RPT01162,LOC0151,LOCATION,Zone_0151
RPT01163,P00206,PERSON,PERSON_00206
RPT01163,P00161,PERSON,PERSON_00161
RPT01163,PH01034,PHONE,PH01034
RPT01163,ACC00014,ACCOUNT,ACC00014
RPT01163,VEH00241,VEHICLE,VEH00241
RPT01163,LOC0118,LOCATION,Zone_0118
RPT01164,P00203,PERSON,PERSON_00203
RPT01164,P00689,PERSON,PERSON_00689
RPT01164,PH00567,PHONE,PH00567
RPT01164,ACC00605,ACCOUNT,ACC00605
RPT01164,VEH00372,VEHICLE,VEH00372
RPT01164,LOC0039,LOCATION,Zone_0039
RPT01165,P00026,PERSON,PERSON_00026
RPT01165,P00747,PERSON,PERSON_00747
RPT01165,PH00898,PHONE,PH00898
RPT01165,ACC00286,ACCOUNT,ACC00286
RPT01165,VEH00343,VEHICLE,VEH00343
RPT01165,LOC0131,LOCATION,Zone_0131
RPT01166,P00879,PERSON,PERSON_00879
RPT01166,P00091,PERSON,PERSON_00091
RPT01166,PH00465,PHONE,PH00465
RPT01166,ACC00409,ACCOUNT,ACC00409
RPT01166,VEH00083,VEHICLE,VEH00083
RPT01166,LOC0042,LOCATION,Zone_0042
RPT01167,P00427,PERSON,PERSON_00427
RPT01167,P00466,PERSON,PERSON_00466
RPT01167,PH00509,PHONE,PH00509
RPT01167,ACC00699,ACCOUNT,ACC00699
RPT01167,VEH00191,VEHICLE,VEH00191
RPT01167,LOC0083,LOCATION,Zone_0083
RPT01168,P00293,PERSON,PERSON_00293
RPT01168,P00435,PERSON,PERSON_00435
RPT01168,PH00175,PHONE,PH00175
RPT01168,ACC00038,ACCOUNT,ACC00038
RPT01168,VEH00052,VEHICLE,VEH00052
RPT01168,LOC0053,LOCATION,Zone_0053
RPT01169,P00595,PERSON,PERSON_00595
RPT01169,P00513,PERSON,PERSON_00513
RPT01169,PH00183,PHONE,PH00183
RPT01169,ACC00800,ACCOUNT,ACC00800
RPT01169,VEH00029,VEHICLE,VEH00029
RPT01169,LOC0177,LOCATION,Zone_0177
RPT01170,P00782,PERSON,PERSON_00782
RPT01170,P00376,PERSON,PERSON_00376
RPT01170,PH00508,PHONE,PH00508
RPT01170,ACC00606,ACCOUNT,ACC00606
RPT01170,VEH00021,VEHICLE,VEH00021
RPT01170,LOC0083,LOCATION,Zone_0083
RPT01171,P00058,PERSON,PERSON_00058
RPT01171,P00026,PERSON,PERSON_00026
RPT01171,PH00255,PHONE,PH00255
RPT01171,ACC00867,ACCOUNT,ACC00867
RPT01171,VEH00153,VEHICLE,VEH00153
RPT01171,LOC0167,LOCATION,Zone_0167
RPT01172,P00724,PERSON,PERSON_00724
RPT01172,P00379,PERSON,PERSON_00379
RPT01172,PH00791,PHONE,PH00791
RPT01172,ACC00476,ACCOUNT,ACC00476
RPT01172,VEH00152,VEHICLE,VEH00152
RPT01172,LOC0071,LOCATION,Zone_0071
RPT01173,P00414,PERSON,PERSON_00414
RPT01173,P00396,PERSON,PERSON_00396
RPT01173,PH00144,PHONE,PH00144
RPT01173,ACC00799,ACCOUNT,ACC00799
RPT01173,VEH00116,VEHICLE,VEH00116
RPT01173,LOC0107,LOCATION,Zone_0107
RPT01174,P00360,PERSON,PERSON_00360
RPT01174,P00394,PERSON,PERSON_00394
RPT01174,PH01068,PHONE,PH01068
RPT01174,ACC00325,ACCOUNT,ACC00325
RPT01174,VEH00093,VEHICLE,VEH00093
RPT01174,LOC0069,LOCATION,Zone_0069
RPT01175,P00886,PERSON,PERSON_00886
RPT01175,P00579,PERSON,PERSON_00579
RPT01175,PH01112,PHONE,PH01112
RPT01175,ACC00249,ACCOUNT,ACC00249
RPT01175,VEH00058,VEHICLE,VEH00058
RPT01175,LOC0139,LOCATION,Zone_0139
RPT01176,P00190,PERSON,PERSON_00190
RPT01176,P00223,PERSON,PERSON_00223
RPT01176,PH00192,PHONE,PH00192
RPT01176,ACC00271,ACCOUNT,ACC00271
RPT01176,VEH00054,VEHICLE,VEH00054
RPT01176,LOC0050,LOCATION,Zone_0050
RPT01177,P00162,PERSON,PERSON_00162
RPT01177,P00190,PERSON,PERSON_00190
RPT01177,PH00569,PHONE,PH00569
RPT01177,ACC00670,ACCOUNT,ACC00670
RPT01177,VEH00008,VEHICLE,VEH00008
RPT01177,LOC0035,LOCATION,Zone_0035
RPT01178,P00260,PERSON,PERSON_00260
RPT01178,P00573,PERSON,PERSON_00573
RPT01178,PH00810,PHONE,PH00810
RPT01178,ACC00560,ACCOUNT,ACC00560
RPT01178,VEH00372,VEHICLE,VEH00372
RPT01178,LOC0015,LOCATION,Zone_0015
RPT01179,P00946,PERSON,PERSON_00946
RPT01179,P00383,PERSON,PERSON_00383
RPT01179,PH00999,PHONE,PH00999
RPT01179,ACC00295,ACCOUNT,ACC00295
RPT01179,VEH00103,VEHICLE,VEH00103
RPT01179,LOC0137,LOCATION,Zone_0137
RPT01180,P00791,PERSON,PERSON_00791
RPT01180,P00118,PERSON,PERSON_00118
RPT01180,PH01066,PHONE,PH01066
RPT01180,ACC00188,ACCOUNT,ACC00188
RPT01180,VEH00277,VEHICLE,VEH00277
RPT01180,LOC0157,LOCATION,Zone_0157
RPT01181,P00681,PERSON,PERSON_00681
RPT01181,P00687,PERSON,PERSON_00687
RPT01181,PH00861,PHONE,PH00861
RPT01181,ACC00801,ACCOUNT,ACC00801
RPT01181,VEH00016,VEHICLE,VEH00016
RPT01181,LOC0057,LOCATION,Zone_0057
RPT01182,P00530,PERSON,PERSON_00530
RPT01182,P00989,PERSON,PERSON_00989
RPT01182,PH00787,PHONE,PH00787
RPT01182,ACC00572,ACCOUNT,ACC00572
RPT01182,VEH00150,VEHICLE,VEH00150
RPT01182,LOC0174,LOCATION,Zone_0174
RPT01183,P00910,PERSON,PERSON_00910
RPT01183,P00992,PERSON,PERSON_00992
RPT01183,PH00081,PHONE,PH00081
RPT01183,ACC00164,ACCOUNT,ACC00164
RPT01183,VEH00342,VEHICLE,VEH00342
RPT01183,LOC0079,LOCATION,Zone_0079
RPT01184,P00754,PERSON,PERSON_00754
RPT01184,P00598,PERSON,PERSON_00598
RPT01184,PH00993,PHONE,PH00993
RPT01184,ACC01086,ACCOUNT,ACC01086
RPT01184,VEH00191,VEHICLE,VEH00191
RPT01184,LOC0160,LOCATION,Zone_0160
RPT01185,P00117,PERSON,PERSON_00117
RPT01185,P00774,PERSON,PERSON_00774
RPT01185,PH01193,PHONE,PH01193
RPT01185,ACC01175,ACCOUNT,ACC01175
RPT01185,VEH00088,VEHICLE,VEH00088
RPT01185,LOC0133,LOCATION,Zone_0133
RPT01186,P00239,PERSON,PERSON_00239
RPT01186,P00411,PERSON,PERSON_00411
RPT01186,PH00750,PHONE,PH00750
RPT01186,ACC01113,ACCOUNT,ACC01113
RPT01186,VEH00228,VEHICLE,VEH00228
RPT01186,LOC0116,LOCATION,Zone_0116
RPT01187,P00024,PERSON,PERSON_00024
RPT01187,P00193,PERSON,PERSON_00193
RPT01187,PH00461,PHONE,PH00461
RPT01187,ACC00134,ACCOUNT,ACC00134
RPT01187,VEH00164,VEHICLE,VEH00164
RPT01187,LOC0158,LOCATION,Zone_0158
RPT01188,P00636,PERSON,PERSON_00636
RPT01188,P00955,PERSON,PERSON_00955
RPT01188,PH00518,PHONE,PH00518
RPT01188,ACC01106,ACCOUNT,ACC01106
RPT01188,VEH00208,VEHICLE,VEH00208
RPT01188,LOC0060,LOCATION,Zone_0060
RPT01189,P00966,PERSON,PERSON_00966
RPT01189,P00040,PERSON,PERSON_00040
RPT01189,PH00887,PHONE,PH00887
RPT01189,ACC01022,ACCOUNT,ACC01022
RPT01189,VEH00185,VEHICLE,VEH00185
RPT01189,LOC0171,LOCATION,Zone_0171
RPT01190,P00349,PERSON,PERSON_00349
RPT01190,P00096,PERSON,PERSON_00096
RPT01190,PH01166,PHONE,PH01166
RPT01190,ACC01137,ACCOUNT,ACC01137
RPT01190,VEH00251,VEHICLE,VEH00251
RPT01190,LOC0145,LOCATION,Zone_0145
RPT01191,P00840,PERSON,PERSON_00840
RPT01191,P00638,PERSON,PERSON_00638
RPT01191,PH00890,PHONE,PH00890
RPT01191,ACC00759,ACCOUNT,ACC00759
RPT01191,VEH00159,VEHICLE,VEH00159
RPT01191,LOC0076,LOCATION,Zone_0076
RPT01192,P00820,PERSON,PERSON_00820
RPT01192,P00897,PERSON,PERSON_00897
RPT01192,PH00867,PHONE,PH00867
RPT01192,ACC00577,ACCOUNT,ACC00577
RPT01192,VEH00116,VEHICLE,VEH00116
RPT01192,LOC0170,LOCATION,Zone_0170
RPT01193,P00914,PERSON,PERSON_00914
RPT01193,P00966,PERSON,PERSON_00966
RPT01193,PH01156,PHONE,PH01156
RPT01193,ACC00074,ACCOUNT,ACC00074
RPT01193,VEH00306,VEHICLE,VEH00306
RPT01193,LOC0054,LOCATION,Zone_0054
RPT01194,P00489,PERSON,PERSON_00489
RPT01194,P00052,PERSON,PERSON_00052
RPT01194,PH01020,PHONE,PH01020
RPT01194,ACC00267,ACCOUNT,ACC00267
RPT01194,VEH00144,VEHICLE,VEH00144
RPT01194,LOC0072,LOCATION,Zone_0072
RPT01195,P00235,PERSON,PERSON_00235
RPT01195,P00548,PERSON,PERSON_00548
RPT01195,PH00188,PHONE,PH00188
RPT01195,ACC00811,ACCOUNT,ACC00811
RPT01195,VEH00253,VEHICLE,VEH00253
RPT01195,LOC0142,LOCATION,Zone_0142
RPT01196,P00168,PERSON,PERSON_00168
RPT01196,P00229,PERSON,PERSON_00229
RPT01196,PH00067,PHONE,PH00067
RPT01196,ACC00784,ACCOUNT,ACC00784
RPT01196,VEH00139,VEHICLE,VEH00139
RPT01196,LOC0173,LOCATION,Zone_0173
RPT01197,P00742,PERSON,PERSON_00742
RPT01197,P00791,PERSON,PERSON_00791
RPT01197,PH00373,PHONE,PH00373
RPT01197,ACC00313,ACCOUNT,ACC00313
RPT01197,VEH00399,VEHICLE,VEH00399
RPT01197,LOC0141,LOCATION,Zone_0141
RPT01198,P00758,PERSON,PERSON_00758
RPT01198,P00482,PERSON,PERSON_00482
RPT01198,PH00769,PHONE,PH00769
RPT01198,ACC00010,ACCOUNT,ACC00010
RPT01198,VEH00088,VEHICLE,VEH00088
RPT01198,LOC0068,LOCATION,Zone_0068
RPT01199,P00757,PERSON,PERSON_00757
RPT01199,P00867,PERSON,PERSON_00867
RPT01199,PH01198,PHONE,PH01198
RPT01199,ACC00775,ACCOUNT,ACC00775
RPT01199,VEH00130,VEHICLE,VEH00130
RPT01199,LOC0079,LOCATION,Zone_0079
RPT01200,P00216,PERSON,PERSON_00216
RPT01200,P00764,PERSON,PERSON_00764
RPT01200,PH00647,PHONE,PH00647
RPT01200,ACC00891,ACCOUNT,ACC00891
RPT01200,VEH00006,VEHICLE,VEH00006
RPT01200,LOC0144,LOCATION,Zone_0144
