cdr_id,from_phone_id,to_phone_id,timestamp,duration_sec,channel,location_id
CDR000001,PH01188,PH00673,2026-01-08 09:54:00,1717,call,LOC0042
CDR000002,PH00789,PH00058,2026-08-22 10:23:00,2021,sms,LOC0038
CDR000003,PH00697,PH00377,2026-03-25 11:47:00,61,call,LOC0088
CDR000004,PH00699,PH00595,2026-02-06 04:06:00,1749,call,LOC0031
CDR000005,PH00849,PH01075,2026-08-23 19:48:00,1695,sms,LOC0109
CDR000006,PH00967,PH00872,2026-06-30 08:33:00,1427,call,LOC0164
CDR000007,PH00129,PH00380,2026-06-26 02:37:00,1042,app_message,LOC0001
CDR000008,PH00336,PH00785,2026-07-16 13:04:00,565,call,LOC0173
CDR000009,PH01085,PH00414,2026-08-07 21:05:00,998,call,LOC0056
CDR000010,PH00717,PH00922,2026-05-15 13:27:00,612,app_message,LOC0029
CDR000011,PH00576,PH01130,2026-07-21 17:45:00,126,app_message,LOC0078
CDR000012,PH01001,PH00127,2026-02-26 16:46:00,1655,app_message,LOC0136
CDR000013,PH01114,PH00840,2026-02-27 22:15:00,543,call,LOC0042
CDR000014,PH00013,PH00839,2026-08-03 05:51:00,1583,sms,LOC0140
CDR000015,PH00150,PH00671,2026-05-15 08:56:00,92,call,LOC0096
CDR000016,PH01179,PH00976,2026-02-01 22:43:00,798,call,LOC0029
CDR000017,PH01015,PH01003,2026-03-04 19:49:00,586,app_message,LOC0033
CDR000018,PH00701,PH01158,2026-08-18 11:11:00,1635,app_message,LOC0151
CDR000019,PH01004,PH00416,2026-06-26 08:55:00,1156,app_message,LOC0058
CDR000020,PH00799,PH01078,2026-05-11 20:53:00,72,app_message,LOC0070
CDR000021,PH00499,PH00748,2026-08-08 11:05:00,2275,sms,LOC0066
CDR000022,PH00109,PH00447,2026-03-21 03:25:00,360,sms,LOC0002
CDR000023,PH00493,PH00294,2026-01-25 21:25:00,797,call,LOC0020
CDR000024,PH01020,PH00974,2026-02-19 07:36:00,751,app_message,LOC0091
CDR000025,PH00661,PH00915,2026-04-03 22:26:00,2140,call,LOC0020
CDR000026,PH00669,PH01054,2026-04-02 04:27:00,1281,app_message,LOC0158
CDR000027,PH00391,PH00546,2026-02-07 19:23:00,2242,call,LOC0058
CDR000028,PH00987,PH00357,2026-07-03 09:02:00,1781,call,LOC0124
CDR000029,PH01041,PH00170,2026-08-03 04:46:00,801,app_message,LOC0160
CDR000030,PH00632,PH00077,2026-06-15 16:44:00,125,app_message,LOC0106
CDR000031,PH01077,PH01197,2026-01-22 05:52:00,1283,app_message,LOC0103
CDR000032,PH00157,PH00826,2026-06-14 11:11:00,698,sms,LOC0146
CDR000033,PH00495,PH00427,2026-01-28 19:21:00,1172,app_message,LOC0026
CDR000034,PH00694,PH01111,2026-04-03 21:33:00,961,app_message,LOC0158
CDR000035,PH00723,PH00672,2026-05-29 03:56:00,1285,app_message,LOC0100
CDR000036,PH01128,PH01063,2026-07-16 11:06:00,1582,call,LOC0107
CDR000037,PH00469,PH00542,2026-07-14 12:03:00,1397,sms,LOC0020
CDR000038,PH00260,PH00342,2026-07-26 17:36:00,1791,sms,LOC0094
CDR000039,PH00833,PH01013,2026-04-23 03:33:00,1484,app_message,LOC0084
CDR000040,PH00378,PH00812,2026-05-05 18:26:00,1778,sms,LOC0171
CDR000041,PH00832,PH01012,2026-08-28 10:56:00,1704,sms,LOC0129
CDR000042,PH01176,PH00468,2026-04-02 00:48:00,45,sms,LOC0053
CDR000043,PH00952,PH00105,2026-04-15 10:57:00,1074,sms,LOC0065
CDR000044,PH00904,PH00689,2026-03-22 14:10:00,1054,sms,LOC0082
CDR000045,PH00428,PH00596,2026-05-08 13:48:00,267,call,LOC0125
CDR000046,PH00396,PH00696,2026-06-06 07:41:00,1240,call,LOC0129
CDR000047,PH00972,PH00047,2026-06-09 22:04:00,897,app_message,LOC0169
CDR000048,PH00327,PH00247,2026-05-11 17:08:00,423,app_message,LOC0041
CDR000049,PH00529,PH00767,2026-08-29 11:34:00,378,call,LOC0084
CDR000050,PH00377,PH00653,2026-01-19 20:34:00,1313,app_message,LOC0175
CDR000051,PH01159,PH01027,2026-06-12 12:22:00,433,sms,LOC0102
CDR000052,PH00196,PH00664,2026-07-06 05:34:00,289,call,LOC0160
CDR000053,PH00053,PH00777,2026-05-18 05:28:00,1790,app_message,LOC0015
CDR000054,PH00260,PH00377,2026-05-19 20:19:00,1551,sms,LOC0151
CDR000055,PH00204,PH01139,2026-04-24 19:15:00,489,app_message,LOC0103
CDR000056,PH00141,PH00471,2026-03-29 09:50:00,1882,app_message,LOC0061
CDR000057,PH00274,PH00155,2026-05-27 02:39:00,2130,call,LOC0127
CDR000058,PH00243,PH00751,2026-01-07 02:04:00,939,call,LOC0101
CDR000059,PH01179,PH01141,2026-01-31 22:14:00,1154,sms,LOC0110
CDR000060,PH01170,PH00582,2026-08-09 16:15:00,447,sms,LOC0011
CDR000061,PH00751,PH01175,2026-08-03 07:14:00,539,call,LOC0099
CDR000062,PH01071,PH00096,2026-06-11 04:50:00,1831,sms,LOC0088
CDR000063,PH00256,PH01053,2026-07-19 09:12:00,2210,app_message,LOC0022
CDR000064,PH00395,PH00726,2026-03-31 19:21:00,201,sms,LOC0171
CDR000065,PH00427,PH01152,2026-08-12 21:12:00,1314,app_message,LOC0070
CDR000066,PH00706,PH01168,2026-01-06 08:44:00,1189,call,LOC0066
CDR000067,PH00324,PH00957,2026-08-25 18:53:00,1907,sms,LOC0164
CDR000068,PH00642,PH00090,2026-01-20 23:37:00,1792,call,LOC0058
CDR000069,PH01089,PH00409,2026-03-07 06:17:00,2316,sms,LOC0060
CDR000070,PH00330,PH00332,2026-06-11 21:51:00,1453,app_message,LOC0119
CDR000071,PH00050,PH00830,2026-01-08 12:02:00,1509,app_message,LOC0151
CDR000072,PH00938,PH00839,2026-03-09 12:40:00,1159,call,LOC0111
CDR000073,PH00282,PH00550,2026-04-29 05:40:00,38,sms,LOC0002
CDR000074,PH00092,PH00587,2026-02-11 00:45:00,782,sms,LOC0166
CDR000075,PH00127,PH00214,2026-05-08 06:37:00,2317,app_message,LOC0037
CDR000076,PH00564,PH00886,2026-08-17 08:51:00,93,sms,LOC0084
CDR000077,PH01134,PH00307,2026-07-02 02:36:00,1659,call,LOC0173
CDR000078,PH00324,PH00533,2026-08-03 18:43:00,2270,sms,LOC0112
CDR000079,PH01011,PH01130,2026-07-11 11:40:00,1864,call,LOC0052
CDR000080,PH00017,PH00303,2026-05-13 15:32:00,2277,app_message,LOC0088
CDR000081,PH00198,PH00751,2026-02-26 10:49:00,1619,app_message,LOC0085
CDR000082,PH00064,PH00169,2026-02-22 17:09:00,1543,app_message,LOC0026
CDR000083,PH00351,PH01078,2026-05-14 19:20:00,2158,app_message,LOC0031
CDR000084,PH00927,PH00041,2026-07-23 23:47:00,634,call,LOC0162
CDR000085,PH00489,PH01103,2026-05-29 21:53:00,193,sms,LOC0034
CDR000086,PH00801,PH00001,2026-07-24 13:29:00,1631,sms,LOC0156
CDR000087,PH01067,PH00646,2026-01-19 01:38:00,1356,call,LOC0132
CDR000088,PH00539,PH00812,2026-08-12 09:35:00,705,app_message,LOC0041
CDR000089,PH00214,PH00053,2026-01-12 12:35:00,1320,sms,LOC0094
CDR000090,PH00993,PH00235,2026-08-18 12:21:00,1159,sms,LOC0054
CDR000091,PH00973,PH00648,2026-07-20 09:37:00,64,sms,LOC0115
CDR000092,PH00129,PH00163,2026-08-25 17:07:00,1692,app_message,LOC0154
CDR000093,PH01168,PH00582,2026-05-19 23:18:00,2081,app_message,LOC0081
CDR000094,PH00703,PH00913,2026-03-06 07:20:00,2095,sms,LOC0018
CDR000095,PH00814,PH00275,2026-08-23 08:40:00,1755,call,LOC0075
CDR000096,PH00520,PH00420,2026-04-08 14:09:00,715,sms,LOC0077
CDR000097,PH01062,PH00466,2026-07-14 06:50:00,1462,sms,LOC0133
CDR000098,PH00843,PH01081,2026-05-06 09:47:00,2131,app_message,LOC0160
CDR000099,PH00775,PH00458,2026-03-17 19:12:00,972,call,LOC0020
CDR000100,PH00680,PH01171,2026-05-17 16:53:00,1619,app_message,LOC0102
CDR000101,PH00147,PH00485,2026-05-03 20:47:00,2076,sms,LOC0155
CDR000102,PH00992,PH00266,2026-02-15 10:36:00,1035,call,LOC0017
CDR000103,PH01087,PH00936,2026-03-16 17:29:00,947,sms,LOC0168
CDR000104,PH00527,PH00328,2026-08-08 03:00:00,2320,call,LOC0167
CDR000105,PH01038,PH00991,2026-04-23 20:35:00,223,sms,LOC0080
CDR000106,PH00938,PH00862,2026-05-17 23:19:00,1964,sms,LOC0008
CDR000107,PH00754,PH00126,2026-06-08 09:00:00,2096,app_message,LOC0142
CDR000108,PH00380,PH00622,2026-03-24 02:22:00,670,app_message,LOC0104
CDR000109,PH00504,PH00056,2026-07-15 06:01:00,416,call,LOC0177
CDR000110,PH00210,PH00043,2026-07-20 16:46:00,449,sms,LOC0162
CDR000111,PH00724,PH00144,2026-07-22 13:38:00,1043,call,LOC0056
CDR000112,PH00978,PH00716,2026-07-24 12:18:00,1596,call,LOC0132
CDR000113,PH00148,PH00874,2026-01-31 07:38:00,122,app_message,LOC0099
CDR000114,PH01020,PH00388,2026-04-12 20:34:00,1503,app_message,LOC0026
CDR000115,PH00576,PH00135,2026-04-28 19:48:00,1910,call,LOC0098
CDR000116,PH00241,PH00403,2026-05-08 09:07:00,1325,call,LOC0103
CDR000117,PH00212,PH00148,2026-03-23 23:22:00,123,sms,LOC0022
CDR000118,PH00808,PH00634,2026-01-01 05:41:00,694,sms,LOC0034
CDR000119,PH00889,PH00580,2026-05-23 00:52:00,1685,app_message,LOC0144
CDR000120,PH00947,PH00192,2026-03-13 19:40:00,2023,call,LOC0142
CDR000121,PH00406,PH00007,2026-06-04 14:01:00,1816,sms,LOC0020
CDR000122,PH00838,PH00069,2026-07-19 00:17:00,2372,call,LOC0146
CDR000123,PH01084,PH00418,2026-07-13 11:13:00,172,sms,LOC0161
CDR000124,PH00814,PH00300,2026-07-12 21:21:00,739,app_message,LOC0028
CDR000125,PH00044,PH00466,2026-03-20 00:42:00,1934,app_message,LOC0046
CDR000126,PH00767,PH00167,2026-05-30 22:48:00,2065,sms,LOC0040
CDR000127,PH01161,PH00334,2026-08-09 20:02:00,537,app_message,LOC0143
CDR000128,PH00876,PH00394,2026-02-02 10:04:00,274,app_message,LOC0153
CDR000129,PH00827,PH00952,2026-03-01 01:32:00,67,call,LOC0140
CDR000130,PH01013,PH01114,2026-02-26 16:16:00,295,app_message,LOC0128
CDR000131,PH00947,PH01019,2026-03-31 05:06:00,887,app_message,LOC0169
CDR000132,PH00624,PH00163,2026-08-14 16:29:00,224,call,LOC0164
CDR000133,PH00212,PH00710,2026-04-19 20:59:00,844,sms,LOC0020
CDR000134,PH00141,PH01194,2026-08-30 10:30:00,108,sms,LOC0042
CDR000135,PH00952,PH00886,2026-06-06 04:27:00,2134,app_message,LOC0082
CDR000136,PH00696,PH00885,2026-05-12 04:26:00,531,app_message,LOC0019
CDR000137,PH00235,PH01072,2026-01-14 05:10:00,1873,app_message,LOC0077
CDR000138,PH00691,PH00609,2026-08-27 09:26:00,1211,app_message,LOC0165
CDR000139,PH00967,PH00947,2026-06-24 23:17:00,1373,app_message,LOC0011
CDR000140,PH00402,PH01200,2026-08-22 16:53:00,1100,sms,LOC0164
CDR000141,PH01103,PH00398,2026-03-14 18:36:00,2366,app_message,LOC0077
CDR000142,PH00499,PH00886,2026-04-19 08:31:00,1882,sms,LOC0087
CDR000143,PH00485,PH00924,2026-02-07 12:18:00,1318,call,LOC0009
CDR000144,PH01061,PH01179,2026-07-19 05:53:00,1827,call,LOC0020
CDR000145,PH00612,PH00204,2026-05-08 06:19:00,433,sms,LOC0088
CDR000146,PH00485,PH00461,2026-06-07 13:54:00,339,sms,LOC0138
CDR000147,PH00180,PH01063,2026-01-22 05:44:00,1424,sms,LOC0098
CDR000148,PH00769,PH00244,2026-01-21 00:19:00,479,sms,LOC0130
CDR000149,PH01075,PH00829,2026-01-09 10:41:00,1550,call,LOC0057
CDR000150,PH00544,PH00315,2026-06-18 17:02:00,1941,sms,LOC0026
CDR000151,PH01016,PH00313,2026-02-02 23:11:00,747,app_message,LOC0129
CDR000152,PH00929,PH00694,2026-05-05 00:01:00,1038,sms,LOC0107
CDR000153,PH00434,PH00754,2026-03-28 06:49:00,1370,app_message,LOC0039
CDR000154,PH00489,PH00053,2026-08-02 16:13:00,26,call,LOC0069
CDR000155,PH00165,PH00881,2026-05-16 18:22:00,2332,sms,LOC0078
CDR000156,PH00708,PH01128,2026-08-10 09:09:00,1171,app_message,LOC0049
CDR000157,PH00029,PH00319,2026-01-10 03:07:00,368,sms,LOC0131
CDR000158,PH00133,PH00475,2026-05-16 06:49:00,1215,sms,LOC0103
CDR000159,PH00814,PH00614,2026-07-14 21:47:00,1526,call,LOC0175
CDR000160,PH01108,PH00617,2026-04-11 01:23:00,1925,sms,LOC0088
CDR000161,PH00520,PH01056,2026-08-31 00:49:00,984,sms,LOC0147
CDR000162,PH00845,PH00067,2026-06-23 19:09:00,562,app_message,LOC0016
CDR000163,PH01029,PH00041,2026-07-21 13:01:00,899,call,LOC0177
CDR000164,PH00942,PH00972,2026-01-08 05:52:00,136,sms,LOC0015
CDR000165,PH00048,PH00584,2026-06-04 09:31:00,1861,sms,LOC0143
CDR000166,PH00841,PH01076,2026-03-25 01:57:00,1323,sms,LOC0135
CDR000167,PH00269,PH00862,2026-01-22 11:19:00,2144,sms,LOC0097
CDR000168,PH00444,PH00084,2026-08-27 07:28:00,1829,sms,LOC0169
CDR000169,PH00699,PH01071,2026-07-10 02:08:00,1329,call,LOC0066
CDR000170,PH00584,PH00080,2026-05-15 05:00:00,1455,call,LOC0030
CDR000171,PH00234,PH01179,2026-05-27 10:19:00,205,sms,LOC0079
CDR000172,PH00784,PH00580,2026-05-29 01:45:00,1392,app_message,LOC0116
CDR000173,PH00168,PH00645,2026-06-09 18:33:00,78,app_message,LOC0077
CDR000174,PH00463,PH00891,2026-04-24 04:43:00,1145,sms,LOC0066
CDR000175,PH00993,PH01164,2026-04-07 20:12:00,1034,sms,LOC0001
CDR000176,PH00817,PH01153,2026-05-15 23:04:00,948,call,LOC0095
CDR000177,PH00571,PH00154,2026-04-04 00:22:00,1906,app_message,LOC0161
CDR000178,PH00673,PH00147,2026-08-15 09:25:00,751,sms,LOC0131
CDR000179,PH00224,PH00732,2026-02-22 04:20:00,1246,app_message,LOC0041
CDR000180,PH00826,PH00852,2026-08-15 18:16:00,1104,call,LOC0111
CDR000181,PH00934,PH01025,2026-06-13 02:31:00,1278,sms,LOC0173
CDR000182,PH01051,PH00343,2026-07-10 08:00:00,368,call,LOC0004
CDR000183,PH00398,PH00036,2026-08-03 20:50:00,1524,call,LOC0130
CDR000184,PH00957,PH00288,2026-07-25 05:04:00,947,call,LOC0080
CDR000185,PH00762,PH00224,2026-04-23 18:20:00,2032,app_message,LOC0130
CDR000186,PH00847,PH00893,2026-08-28 05:48:00,1411,app_message,LOC0024
CDR000187,PH00356,PH00768,2026-05-30 07:35:00,1023,app_message,LOC0059
CDR000188,PH00358,PH00502,2026-07-23 10:04:00,1636,sms,LOC0096
CDR000189,PH01192,PH00323,2026-06-18 02:58:00,1452,sms,LOC0160
CDR000190,PH01056,PH00808,2026-05-29 20:58:00,2363,call,LOC0014
CDR000191,PH00950,PH00456,2026-05-22 20:13:00,898,sms,LOC0018
CDR000192,PH00167,PH00770,2026-07-27 16:35:00,995,app_message,LOC0048
CDR000193,PH00268,PH00889,2026-07-23 01:27:00,952,call,LOC0094
CDR000194,PH00325,PH00003,2026-06-25 23:34:00,1237,call,LOC0124
CDR000195,PH00388,PH00974,2026-08-22 10:50:00,1694,call,LOC0120
CDR000196,PH01005,PH00680,2026-06-18 20:49:00,2362,sms,LOC0058
CDR000197,PH00525,PH00313,2026-06-29 00:18:00,2098,call,LOC0123
CDR000198,PH01173,PH00518,2026-04-26 14:41:00,141,app_message,LOC0027
CDR000199,PH00928,PH01008,2026-07-14 12:00:00,437,sms,LOC0022
CDR000200,PH00183,PH00347,2026-08-28 02:18:00,282,app_message,LOC0172
CDR000201,PH00111,PH00518,2026-01-15 23:46:00,1105,app_message,LOC0004
CDR000202,PH01096,PH00894,2026-03-01 12:48:00,1725,app_message,LOC0034
CDR000203,PH01024,PH00266,2026-07-01 21:06:00,1638,sms,LOC0020
CDR000204,PH00405,PH00415,2026-01-13 19:04:00,2343,call,LOC0058
CDR000205,PH00683,PH00133,2026-08-27 21:21:00,1769,call,LOC0001
CDR000206,PH00796,PH01010,2026-01-11 10:51:00,2020,sms,LOC0042
CDR000207,PH01143,PH00125,2026-05-28 20:38:00,1231,call,LOC0055
CDR000208,PH01116,PH00697,2026-03-26 01:59:00,1954,sms,LOC0028
CDR000209,PH00569,PH00688,2026-03-15 10:47:00,817,app_message,LOC0021
CDR000210,PH00345,PH01181,2026-08-08 05:21:00,1902,sms,LOC0077
CDR000211,PH00861,PH00986,2026-03-17 06:46:00,832,sms,LOC0132
CDR000212,PH00117,PH01106,2026-01-04 14:02:00,346,sms,LOC0139
CDR000213,PH00540,PH00668,2026-06-09 20:12:00,1618,app_message,LOC0019
CDR000214,PH00341,PH00238,2026-08-15 21:27:00,1777,call,LOC0022
CDR000215,PH00709,PH00388,2026-06-03 03:29:00,864,app_message,LOC0101
CDR000216,PH00159,PH00961,2026-03-04 04:06:00,1636,app_message,LOC0024
CDR000217,PH01016,PH00303,2026-08-24 14:24:00,1553,app_message,LOC0175
CDR000218,PH01147,PH01076,2026-08-06 08:30:00,2370,sms,LOC0070
CDR000219,PH01038,PH00942,2026-07-04 15:08:00,544,sms,LOC0132
CDR000220,PH01011,PH00931,2026-06-11 20:59:00,1208,app_message,LOC0153
CDR000221,PH01167,PH01065,2026-07-19 01:26:00,534,app_message,LOC0136
CDR000222,PH01047,PH00543,2026-04-27 21:12:00,18,call,LOC0110
CDR000223,PH00154,PH00920,2026-07-23 13:09:00,2226,call,LOC0155
CDR000224,PH00972,PH01038,2026-03-04 03:26:00,1982,call,LOC0130
CDR000225,PH00493,PH00813,2026-07-08 22:35:00,2050,call,LOC0098
CDR000226,PH00319,PH00743,2026-04-04 04:04:00,1899,call,LOC0031
CDR000227,PH00065,PH00566,2026-08-31 11:34:00,646,app_message,LOC0025
CDR000228,PH00980,PH00461,2026-05-07 08:27:00,979,call,LOC0030
CDR000229,PH00645,PH00847,2026-04-02 05:50:00,184,call,LOC0169
CDR000230,PH00659,PH00905,2026-06-16 22:42:00,1579,call,LOC0164
CDR000231,PH00280,PH00546,2026-08-22 19:27:00,1271,sms,LOC0010
CDR000232,PH00417,PH00437,2026-05-03 20:53:00,1685,sms,LOC0017
CDR000233,PH00490,PH00929,2026-05-15 02:59:00,1695,sms,LOC0147
CDR000234,PH00307,PH01106,2026-03-01 12:53:00,1589,app_message,LOC0012
CDR000235,PH01123,PH00731,2026-03-20 08:37:00,930,sms,LOC0106
CDR000236,PH00448,PH00693,2026-07-13 08:08:00,1819,sms,LOC0138
CDR000237,PH01000,PH01111,2026-08-31 18:26:00,170,call,LOC0090
CDR000238,PH00282,PH00450,2026-07-26 05:45:00,767,sms,LOC0164
CDR000239,PH00259,PH00340,2026-07-09 19:17:00,2126,sms,LOC0147
CDR000240,PH00102,PH00218,2026-02-12 06:15:00,1832,sms,LOC0104
CDR000241,PH00408,PH01186,2026-07-21 14:15:00,336,sms,LOC0028
CDR000242,PH00145,PH00591,2026-05-04 17:09:00,8,call,LOC0023
CDR000243,PH00312,PH00147,2026-08-14 04:28:00,2065,call,LOC0103
CDR000244,PH00292,PH00215,2026-06-11 17:55:00,973,app_message,LOC0082
CDR000245,PH00115,PH01081,2026-03-31 00:33:00,1235,app_message,LOC0102
CDR000246,PH00156,PH00960,2026-02-12 04:33:00,2000,app_message,LOC0110
CDR000247,PH00258,PH00903,2026-03-12 09:35:00,2357,app_message,LOC0082
CDR000248,PH00880,PH00711,2026-03-19 23:10:00,2234,call,LOC0171
CDR000249,PH00548,PH00127,2026-08-17 02:25:00,1549,sms,LOC0120
CDR000250,PH00759,PH00034,2026-04-29 11:37:00,558,sms,LOC0025
CDR000251,PH00488,PH01115,2026-04-16 21:13:00,1440,sms,LOC0123
CDR000252,PH00124,PH00536,2026-08-03 17:36:00,1612,sms,LOC0068
CDR000253,PH01025,PH00429,2026-02-17 16:57:00,1562,call,LOC0166
CDR000254,PH00333,PH00879,2026-08-17 11:42:00,1567,call,LOC0100
CDR000255,PH01005,PH00039,2026-04-21 08:40:00,760,app_message,LOC0156
CDR000256,PH00749,PH00026,2026-02-04 08:25:00,368,sms,LOC0072
CDR000257,PH01053,PH00326,2026-02-06 22:43:00,306,app_message,LOC0167
CDR000258,PH00707,PH00571,2026-03-05 13:09:00,633,sms,LOC0028
CDR000259,PH00662,PH00586,2026-08-25 04:34:00,561,call,LOC0106
CDR000260,PH00628,PH00057,2026-03-15 07:01:00,628,call,LOC0170
CDR000261,PH01078,PH00008,2026-05-28 16:15:00,1851,call,LOC0051
CDR000262,PH00943,PH00183,2026-04-26 12:53:00,2041,call,LOC0080
CDR000263,PH01036,PH00284,2026-08-28 08:34:00,964,sms,LOC0078
CDR000264,PH00165,PH00838,2026-05-28 11:40:00,2399,call,LOC0169
CDR000265,PH00556,PH00391,2026-08-03 06:03:00,730,app_message,LOC0127
CDR000266,PH00730,PH00334,2026-08-23 19:35:00,921,call,LOC0055
CDR000267,PH01185,PH00318,2026-04-30 13:15:00,120,call,LOC0055
CDR000268,PH01131,PH00394,2026-04-30 12:30:00,837,app_message,LOC0091
CDR000269,PH00085,PH00887,2026-08-04 09:18:00,1007,app_message,LOC0038
CDR000270,PH00582,PH00609,2026-03-10 16:47:00,1243,sms,LOC0154
CDR000271,PH00295,PH01003,2026-02-26 01:38:00,1290,app_message,LOC0138
CDR000272,PH00599,PH00668,2026-04-23 17:07:00,767,app_message,LOC0148
CDR000273,PH00979,PH00330,2026-08-10 07:43:00,356,app_message,LOC0053
CDR000274,PH01192,PH00137,2026-03-01 14:26:00,2084,app_message,LOC0047
CDR000275,PH00345,PH00647,2026-01-26 14:53:00,511,sms,LOC0019
CDR000276,PH00193,PH00985,2026-06-24 20:55:00,1336,call,LOC0153
CDR000277,PH00202,PH01198,2026-05-03 05:46:00,587,app_message,LOC0009
CDR000278,PH00005,PH01149,2026-02-17 04:07:00,1447,app_message,LOC0117
CDR000279,PH00200,PH00018,2026-03-21 19:58:00,1272,app_message,LOC0097
CDR000280,PH01052,PH01101,2026-01-03 14:10:00,1613,sms,LOC0108
CDR000281,PH01035,PH00679,2026-01-09 08:13:00,1123,call,LOC0090
CDR000282,PH00456,PH00844,2026-05-08 23:59:00,1679,call,LOC0151
CDR000283,PH00461,PH00197,2026-02-12 13:39:00,1881,call,LOC0165
CDR000284,PH00991,PH00264,2026-04-12 00:24:00,988,app_message,LOC0023
CDR000285,PH00253,PH00384,2026-01-17 01:04:00,1118,call,LOC0092
CDR000286,PH01065,PH00521,2026-04-27 05:11:00,1877,sms,LOC0151
CDR000287,PH00808,PH00155,2026-05-15 13:58:00,62,call,LOC0160
CDR000288,PH00691,PH00310,2026-04-19 13:18:00,2320,call,LOC0002
CDR000289,PH00145,PH00541,2026-01-05 21:32:00,2167,app_message,LOC0127
CDR000290,PH00534,PH00620,2026-05-10 20:11:00,367,call,LOC0129
CDR000291,PH00763,PH00971,2026-02-12 02:16:00,729,app_message,LOC0001
CDR000292,PH00497,PH00158,2026-06-27 03:47:00,1422,call,LOC0142
CDR000293,PH00986,PH00199,2026-01-02 03:27:00,1462,app_message,LOC0029
CDR000294,PH01051,PH00512,2026-04-01 10:11:00,498,sms,LOC0087
CDR000295,PH01181,PH01013,2026-03-31 21:38:00,611,app_message,LOC0029
CDR000296,PH00061,PH00786,2026-05-09 16:13:00,811,app_message,LOC0015
CDR000297,PH00667,PH00475,2026-06-05 06:47:00,1700,call,LOC0031
CDR000298,PH00667,PH00036,2026-07-24 08:11:00,1072,call,LOC0021
CDR000299,PH00259,PH01044,2026-08-10 08:29:00,23,sms,LOC0116
CDR000300,PH00578,PH00938,2026-05-05 07:27:00,144,sms,LOC0113
CDR000301,PH00422,PH00302,2026-02-03 21:07:00,2342,sms,LOC0023
CDR000302,PH00922,PH01013,2026-01-31 19:09:00,28,sms,LOC0167
CDR000303,PH00366,PH00787,2026-02-20 14:43:00,510,app_message,LOC0060
CDR000304,PH00693,PH00464,2026-04-22 07:45:00,1025,sms,LOC0116
CDR000305,PH00451,PH00861,2026-02-18 00:21:00,1873,app_message,LOC0138
CDR000306,PH00974,PH00198,2026-08-09 03:15:00,1757,app_message,LOC0175
CDR000307,PH00947,PH00943,2026-08-27 00:40:00,12,sms,LOC0060
CDR000308,PH00575,PH01166,2026-05-10 18:54:00,1811,sms,LOC0081
CDR000309,PH00376,PH00378,2026-03-07 23:47:00,89,app_message,LOC0157
CDR000310,PH01048,PH00624,2026-07-22 18:20:00,119,sms,LOC0013
CDR000311,PH00633,PH00638,2026-02-21 06:58:00,1655,call,LOC0065
CDR000312,PH01097,PH00897,2026-03-05 11:12:00,1312,app_message,LOC0064
CDR000313,PH00467,PH00904,2026-06-17 09:05:00,619,call,LOC0055
CDR000314,PH00798,PH00799,2026-08-25 19:05:00,1380,sms,LOC0124
CDR000315,PH00251,PH00749,2026-08-18 14:18:00,1782,app_message,LOC0082
CDR000316,PH00346,PH01051,2026-03-22 11:58:00,1014,call,LOC0079
CDR000317,PH00484,PH00612,2026-05-18 13:12:00,678,app_message,LOC0148
CDR000318,PH00121,PH00749,2026-06-04 08:45:00,928,sms,LOC0172
CDR000319,PH00336,PH00546,2026-07-08 11:14:00,1781,call,LOC0148
CDR000320,PH00174,PH00294,2026-06-15 11:50:00,123,call,LOC0030
CDR000321,PH00087,PH00563,2026-03-29 23:08:00,956,app_message,LOC0160
CDR000322,PH00309,PH00907,2026-08-20 15:48:00,2065,app_message,LOC0029
CDR000323,PH00420,PH00372,2026-07-02 02:20:00,2133,call,LOC0088
CDR000324,PH00005,PH00763,2026-04-14 14:11:00,920,app_message,LOC0012
CDR000325,PH01001,PH00214,2026-02-24 07:51:00,1958,app_message,LOC0025
CDR000326,PH01005,PH00569,2026-08-14 14:04:00,943,sms,LOC0109
CDR000327,PH00188,PH00447,2026-08-16 18:42:00,947,sms,LOC0059
CDR000328,PH01188,PH00489,2026-06-06 11:25:00,1756,app_message,LOC0096
CDR000329,PH01157,PH00405,2026-02-17 20:33:00,739,call,LOC0086
CDR000330,PH00622,PH00064,2026-05-04 22:55:00,824,sms,LOC0063
CDR000331,PH00876,PH01042,2026-01-24 22:32:00,559,app_message,LOC0101
CDR000332,PH00846,PH00738,2026-05-05 17:20:00,2179,sms,LOC0119
CDR000333,PH00539,PH00701,2026-06-17 01:25:00,273,sms,LOC0133
CDR000334,PH00575,PH01183,2026-06-18 17:28:00,16,app_message,LOC0179
CDR000335,PH00761,PH00848,2026-04-24 01:40:00,1788,sms,LOC0094
CDR000336,PH00071,PH00873,2026-02-11 12:25:00,2190,sms,LOC0123
CDR000337,PH01086,PH00883,2026-01-18 08:16:00,2029,app_message,LOC0057
CDR000338,PH00742,PH00937,2026-05-24 22:38:00,940,call,LOC0129
CDR000339,PH00146,PH01105,2026-05-03 13:41:00,1389,call,LOC0168
CDR000340,PH01056,PH00310,2026-02-28 09:52:00,522,sms,LOC0023
CDR000341,PH01124,PH01072,2026-06-10 01:48:00,1360,sms,LOC0099
CDR000342,PH00405,PH00334,2026-08-28 03:09:00,2292,app_message,LOC0092
CDR000343,PH00414,PH01103,2026-02-02 21:53:00,1272,sms,LOC0029
CDR000344,PH00266,PH01183,2026-04-23 07:12:00,1993,call,LOC0117
CDR000345,PH00663,PH00535,2026-01-28 11:16:00,1391,app_message,LOC0023
CDR000346,PH00115,PH00180,2026-05-07 15:58:00,92,app_message,LOC0110
CDR000347,PH00011,PH00681,2026-06-12 18:09:00,1664,call,LOC0067
CDR000348,PH00569,PH01056,2026-05-25 08:07:00,1812,call,LOC0001
CDR000349,PH01125,PH00722,2026-08-24 12:35:00,1160,sms,LOC0111
CDR000350,PH00389,PH00013,2026-04-08 08:07:00,1981,call,LOC0024
CDR000351,PH00615,PH00167,2026-04-28 17:28:00,603,app_message,LOC0170
CDR000352,PH01081,PH01140,2026-05-07 13:03:00,577,call,LOC0063
CDR000353,PH01093,PH00878,2026-04-03 17:38:00,470,call,LOC0158
CDR000354,PH00986,PH00480,2026-03-16 23:33:00,1353,sms,LOC0100
CDR000355,PH01168,PH00171,2026-03-09 06:13:00,1068,app_message,LOC0020
CDR000356,PH01067,PH00848,2026-05-30 12:14:00,473,sms,LOC0136
CDR000357,PH00632,PH00245,2026-05-02 13:45:00,1399,app_message,LOC0177
CDR000358,PH00492,PH00083,2026-02-17 18:10:00,1850,call,LOC0048
CDR000359,PH00339,PH00072,2026-04-24 21:16:00,1131,sms,LOC0142
CDR000360,PH00751,PH00037,2026-03-13 07:27:00,460,app_message,LOC0013
CDR000361,PH01161,PH00090,2026-08-15 01:14:00,1656,call,LOC0150
CDR000362,PH00543,PH00320,2026-07-22 10:33:00,1250,sms,LOC0063
CDR000363,PH00329,PH00993,2026-05-02 17:43:00,125,app_message,LOC0013
CDR000364,PH00179,PH00296,2026-07-13 16:20:00,1168,call,LOC0042
CDR000365,PH00015,PH00837,2026-01-28 12:09:00,2021,call,LOC0107
CDR000366,PH00096,PH00497,2026-04-06 12:29:00,671,call,LOC0171
CDR000367,PH01081,PH00242,2026-06-13 20:56:00,552,sms,LOC0076
CDR000368,PH00368,PH00261,2026-03-01 01:45:00,525,app_message,LOC0098
CDR000369,PH00967,PH00320,2026-05-31 10:09:00,975,call,LOC0014
CDR000370,PH00562,PH01003,2026-06-05 16:53:00,1997,sms,LOC0091
CDR000371,PH00749,PH01014,2026-08-10 07:04:00,170,sms,LOC0154
CDR000372,PH00090,PH00188,2026-02-14 05:44:00,1384,sms,LOC0128
CDR000373,PH00290,PH00691,2026-03-30 23:25:00,2318,call,LOC0120
CDR000374,PH00233,PH00516,2026-04-19 01:43:00,1002,call,LOC0065
CDR000375,PH00875,PH00071,2026-01-08 22:49:00,2188,sms,LOC0086
CDR000376,PH00602,PH00905,2026-01-11 23:06:00,281,app_message,LOC0009
CDR000377,PH00687,PH01031,2026-01-07 02:41:00,2221,call,LOC0115
CDR000378,PH00853,PH00847,2026-07-08 09:05:00,1702,sms,LOC0027
CDR000379,PH00618,PH00389,2026-08-25 16:43:00,2003,app_message,LOC0047
CDR000380,PH00020,PH00778,2026-07-03 11:59:00,178,app_message,LOC0154
CDR000381,PH00775,PH00659,2026-05-04 15:10:00,585,call,LOC0100
CDR000382,PH01189,PH00599,2026-01-25 03:45:00,1701,call,LOC0013
CDR000383,PH00776,PH00339,2026-02-10 12:58:00,563,app_message,LOC0133
CDR000384,PH01108,PH00515,2026-01-20 01:29:00,2073,sms,LOC0031
CDR000385,PH01086,PH00645,2026-07-25 00:11:00,2128,call,LOC0038
CDR000386,PH01031,PH00862,2026-07-06 08:19:00,1200,app_message,LOC0055
CDR000387,PH00397,PH00353,2026-07-03 10:58:00,2359,app_message,LOC0004
CDR000388,PH00996,PH00934,2026-07-31 08:33:00,1018,sms,LOC0117
CDR000389,PH00231,PH00456,2026-01-13 08:49:00,1325,app_message,LOC0063
CDR000390,PH01184,PH01033,2026-01-26 00:50:00,1440,app_message,LOC0071
CDR000391,PH00772,PH01032,2026-06-09 04:17:00,2037,call,LOC0155
CDR000392,PH00854,PH00187,2026-01-30 00:58:00,1094,call,LOC0054
CDR000393,PH00656,PH00797,2026-07-29 21:06:00,267,call,LOC0163
CDR000394,PH00707,PH00172,2026-06-10 02:45:00,1947,sms,LOC0058
CDR000395,PH00350,PH01078,2026-03-15 13:26:00,2162,call,LOC0046
CDR000396,PH00036,PH00402,2026-03-08 22:22:00,1844,call,LOC0085
CDR000397,PH00302,PH01080,2026-08-21 10:16:00,498,call,LOC0111
CDR000398,PH01004,PH00266,2026-07-23 22:22:00,1213,call,LOC0062
CDR000399,PH00992,PH00125,2026-02-10 01:57:00,1700,sms,LOC0004
CDR000400,PH00438,PH00293,2026-07-28 21:01:00,1125,sms,LOC0126
CDR000401,PH00162,PH00732,2026-07-09 06:12:00,252,app_message,LOC0063
CDR000402,PH01189,PH00953,2026-04-06 11:56:00,45,call,LOC0092
CDR000403,PH01132,PH00669,2026-06-16 15:51:00,457,call,LOC0012
CDR000404,PH00661,PH00936,2026-04-28 13:59:00,1932,call,LOC0088
CDR000405,PH01139,PH00565,2026-08-12 06:56:00,261,app_message,LOC0158
CDR000406,PH00367,PH00568,2026-01-29 08:20:00,981,sms,LOC0028
CDR000407,PH00947,PH00001,2026-02-11 22:07:00,2163,app_message,LOC0104
CDR000408,PH00198,PH00756,2026-02-19 08:03:00,1167,sms,LOC0058
CDR000409,PH01024,PH00360,2026-06-08 22:02:00,1534,sms,LOC0170
CDR000410,PH01011,PH00916,2026-04-04 20:47:00,628,app_message,LOC0136
CDR000411,PH00763,PH00846,2026-07-04 15:31:00,1741,call,LOC0022
CDR000412,PH00320,PH01080,2026-06-18 09:05:00,1928,app_message,LOC0098
CDR000413,PH00430,PH00084,2026-01-17 11:33:00,435,call,LOC0075
CDR000414,PH00054,PH00679,2026-04-03 06:57:00,829,app_message,LOC0161
CDR000415,PH00030,PH01164,2026-05-12 02:36:00,2259,sms,LOC0066
CDR000416,PH00209,PH00028,2026-03-04 06:48:00,924,sms,LOC0131
CDR000417,PH00253,PH00326,2026-05-15 13:01:00,1030,call,LOC0057
CDR000418,PH00647,PH00139,2026-08-04 10:41:00,2335,app_message,LOC0028
CDR000419,PH00080,PH00264,2026-05-05 09:10:00,696,call,LOC0019
CDR000420,PH00525,PH01088,2026-01-16 06:36:00,62,call,LOC0034
CDR000421,PH00408,PH00895,2026-05-18 18:08:00,250,app_message,LOC0009
CDR000422,PH00131,PH01071,2026-02-21 14:20:00,2388,sms,LOC0132
CDR000423,PH00370,PH00980,2026-01-02 01:17:00,1947,sms,LOC0129
CDR000424,PH00140,PH01021,2026-05-27 05:34:00,2209,sms,LOC0117
CDR000425,PH01073,PH00801,2026-08-20 03:46:00,1806,sms,LOC0126
CDR000426,PH01079,PH00238,2026-01-30 16:36:00,2237,app_message,LOC0064
CDR000427,PH00739,PH00537,2026-07-05 15:17:00,2262,app_message,LOC0097
CDR000428,PH00809,PH00130,2026-01-19 06:57:00,2131,call,LOC0096
CDR000429,PH01022,PH00674,2026-07-27 10:07:00,1076,app_message,LOC0164
CDR000430,PH01147,PH01098,2026-08-09 18:16:00,63,call,LOC0054
CDR000431,PH00167,PH00300,2026-02-21 20:05:00,1621,call,LOC0009
CDR000432,PH00922,PH00504,2026-01-12 20:56:00,2360,call,LOC0120
CDR000433,PH00979,PH00332,2026-08-21 04:39:00,621,sms,LOC0042
CDR000434,PH00923,PH00421,2026-01-06 12:56:00,2144,call,LOC0095
CDR000435,PH00311,PH00825,2026-06-02 22:36:00,497,sms,LOC0008
CDR000436,PH00204,PH00504,2026-05-11 17:33:00,2205,app_message,LOC0001
CDR000437,PH00203,PH00379,2026-03-31 09:20:00,1581,call,LOC0125
CDR000438,PH01089,PH00221,2026-06-01 15:08:00,2366,sms,LOC0105
CDR000439,PH00083,PH00181,2026-03-15 19:45:00,2291,app_message,LOC0137
CDR000440,PH00441,PH00798,2026-06-25 22:58:00,1852,app_message,LOC0032
CDR000441,PH00992,PH00726,2026-06-22 16:35:00,1450,call,LOC0169
CDR000442,PH00401,PH00471,2026-03-21 23:36:00,298,call,LOC0175
CDR000443,PH00783,PH00446,2026-07-16 05:44:00,1692,call,LOC0118
CDR000444,PH00962,PH00954,2026-08-21 06:09:00,53,app_message,LOC0006
CDR000445,PH00010,PH00106,2026-06-11 16:38:00,73,sms,LOC0176
CDR000446,PH00699,PH00353,2026-08-23 16:02:00,23,sms,LOC0094
CDR000447,PH00500,PH00792,2026-03-14 09:51:00,1545,sms,LOC0069
CDR000448,PH01157,PH00147,2026-02-12 03:00:00,64,app_message,LOC0078
CDR000449,PH00592,PH01082,2026-05-01 05:09:00,216,app_message,LOC0003
CDR000450,PH00714,PH00243,2026-08-30 14:19:00,1069,call,LOC0127
CDR000451,PH00586,PH00175,2026-06-30 05:57:00,2155,app_message,LOC0135
CDR000452,PH00701,PH00929,2026-08-03 07:37:00,2238,sms,LOC0067
CDR000453,PH01064,PH00908,2026-05-16 01:34:00,511,app_message,LOC0079
CDR000454,PH00281,PH01039,2026-03-26 12:25:00,404,app_message,LOC0133
CDR000455,PH01015,PH00225,2026-05-20 07:33:00,1816,call,LOC0127
CDR000456,PH00951,PH00581,2026-06-09 18:52:00,2180,sms,LOC0128
CDR000457,PH00141,PH00507,2026-08-19 01:54:00,2135,call,LOC0082
CDR000458,PH01141,PH00235,2026-03-17 23:45:00,465,call,LOC0086
CDR000459,PH00898,PH00234,2026-04-02 14:14:00,502,app_message,LOC0009
CDR000460,PH00567,PH01051,2026-07-03 23:20:00,2041,app_message,LOC0129
CDR000461,PH00084,PH00592,2026-05-05 07:44:00,388,sms,LOC0096
CDR000462,PH01071,PH00929,2026-04-04 22:49:00,1786,app_message,LOC0055
CDR000463,PH00959,PH00592,2026-06-10 12:19:00,2062,sms,LOC0018
CDR000464,PH00917,PH00457,2026-07-11 03:46:00,943,app_message,LOC0166
CDR000465,PH00026,PH00082,2026-01-31 06:10:00,453,call,LOC0180
CDR000466,PH00146,PH00979,2026-06-13 20:07:00,1088,sms,LOC0079
CDR000467,PH00697,PH00025,2026-01-12 23:57:00,1590,call,LOC0152
CDR000468,PH00956,PH00229,2026-02-24 13:32:00,870,app_message,LOC0111
CDR000469,PH00873,PH00185,2026-04-20 16:51:00,487,sms,LOC0060
CDR000470,PH00992,PH00152,2026-08-17 14:26:00,908,sms,LOC0014
CDR000471,PH01039,PH00101,2026-05-12 04:47:00,2019,sms,LOC0121
CDR000472,PH00982,PH00611,2026-06-13 08:49:00,1006,call,LOC0033
CDR000473,PH00503,PH00031,2026-05-23 22:17:00,427,call,LOC0030
CDR000474,PH00537,PH01171,2026-02-16 04:06:00,630,call,LOC0080
CDR000475,PH00391,PH00383,2026-07-23 03:46:00,2018,sms,LOC0033
CDR000476,PH00928,PH00692,2026-05-11 21:25:00,1631,sms,LOC0073
CDR000477,PH00680,PH00923,2026-01-11 03:39:00,601,app_message,LOC0057
CDR000478,PH00959,PH00789,2026-08-10 11:35:00,2242,sms,LOC0056
CDR000479,PH01031,PH00336,2026-04-17 18:58:00,1016,call,LOC0087
CDR000480,PH00732,PH00362,2026-05-09 04:07:00,441,app_message,LOC0114
CDR000481,PH00357,PH00379,2026-03-21 03:13:00,2272,sms,LOC0064
CDR000482,PH00789,PH00979,2026-03-11 03:09:00,602,call,LOC0153
CDR000483,PH00044,PH00374,2026-06-15 06:05:00,2067,app_message,LOC0179
CDR000484,PH00796,PH00289,2026-03-26 19:44:00,774,app_message,LOC0128
CDR000485,PH00141,PH00953,2026-02-19 23:10:00,1540,sms,LOC0150
CDR000486,PH00006,PH00704,2026-08-25 07:18:00,1143,call,LOC0005
CDR000487,PH00087,PH01078,2026-02-14 02:39:00,1386,sms,LOC0054
CDR000488,PH01175,PH00721,2026-07-06 23:33:00,2291,sms,LOC0114
CDR000489,PH00100,PH00045,2026-07-29 09:15:00,1688,app_message,LOC0103
CDR000490,PH01017,PH00870,2026-03-03 15:12:00,1890,call,LOC0093
CDR000491,PH01074,PH00091,2026-07-24 17:37:00,2151,call,LOC0049
CDR000492,PH00820,PH00014,2026-08-08 16:25:00,385,sms,LOC0103
CDR000493,PH00496,PH01177,2026-07-20 08:46:00,952,sms,LOC0001
CDR000494,PH00693,PH01143,2026-01-16 17:18:00,1448,call,LOC0099
CDR000495,PH00853,PH00859,2026-03-09 20:16:00,2340,call,LOC0060
CDR000496,PH00007,PH00483,2026-05-12 17:16:00,2302,sms,LOC0173
CDR000497,PH00130,PH00211,2026-03-21 23:49:00,1447,app_message,LOC0036
CDR000498,PH00373,PH00492,2026-08-17 02:07:00,199,app_message,LOC0039
CDR000499,PH00271,PH00876,2026-08-30 07:37:00,873,sms,LOC0101
CDR000500,PH00615,PH00518,2026-02-18 01:00:00,194,call,LOC0001
CDR000501,PH00456,PH00772,2026-07-25 05:20:00,341,sms,LOC0050
CDR000502,PH00992,PH00241,2026-07-16 22:21:00,1017,app_message,LOC0038
CDR000503,PH00375,PH00918,2026-02-15 22:45:00,782,app_message,LOC0077
CDR000504,PH00546,PH01041,2026-08-14 08:18:00,2366,call,LOC0061
CDR000505,PH00159,PH00551,2026-07-27 05:49:00,1355,sms,LOC0031
CDR000506,PH00730,PH00436,2026-02-06 03:17:00,1241,sms,LOC0153
CDR000507,PH00350,PH00204,2026-06-24 18:02:00,1163,call,LOC0025
CDR000508,PH01061,PH00940,2026-01-09 19:38:00,429,sms,LOC0044
CDR000509,PH00613,PH00097,2026-06-13 13:51:00,1018,call,LOC0059
CDR000510,PH00505,PH00664,2026-01-22 17:26:00,1594,sms,LOC0036
CDR000511,PH01055,PH00508,2026-04-12 19:09:00,168,sms,LOC0104
CDR000512,PH01106,PH00067,2026-03-05 16:34:00,1899,call,LOC0074
CDR000513,PH00144,PH01173,2026-01-11 00:31:00,2238,app_message,LOC0090
CDR000514,PH00750,PH00495,2026-06-29 00:59:00,781,app_message,LOC0060
CDR000515,PH00806,PH00079,2026-08-09 14:33:00,2282,call,LOC0100
CDR000516,PH00586,PH00164,2026-02-04 23:59:00,1263,app_message,LOC0071
CDR000517,PH01139,PH00726,2026-08-04 10:05:00,947,sms,LOC0018
CDR000518,PH00725,PH00474,2026-05-06 23:35:00,1730,call,LOC0146
CDR000519,PH01105,PH00706,2026-06-02 09:48:00,2192,sms,LOC0013
CDR000520,PH00202,PH00924,2026-06-14 22:56:00,2320,app_message,LOC0026
CDR000521,PH00312,PH00079,2026-05-26 15:19:00,1854,sms,LOC0180
CDR000522,PH00953,PH00507,2026-04-07 02:24:00,2060,call,LOC0091
CDR000523,PH00214,PH00548,2026-05-14 11:22:00,355,app_message,LOC0050
CDR000524,PH00321,PH00902,2026-02-11 15:59:00,1782,sms,LOC0131
CDR000525,PH00896,PH00623,2026-08-15 13:49:00,2106,call,LOC0104
CDR000526,PH00475,PH00050,2026-07-25 13:33:00,866,call,LOC0043
CDR000527,PH00942,PH00010,2026-01-04 13:13:00,2168,sms,LOC0048
CDR000528,PH01137,PH00123,2026-04-03 14:10:00,2369,call,LOC0085
CDR000529,PH00954,PH01158,2026-02-01 06:49:00,1121,sms,LOC0102
CDR000530,PH00168,PH01175,2026-07-26 07:18:00,1409,app_message,LOC0104
CDR000531,PH00366,PH00999,2026-06-16 19:38:00,98,app_message,LOC0027
CDR000532,PH00473,PH00203,2026-07-31 01:41:00,648,app_message,LOC0070
CDR000533,PH01141,PH00543,2026-06-17 22:37:00,1522,app_message,LOC0166
CDR000534,PH00761,PH00043,2026-08-22 18:37:00,908,sms,LOC0034
CDR000535,PH01103,PH01095,2026-01-29 10:47:00,1600,sms,LOC0096
CDR000536,PH00326,PH00008,2026-07-14 00:28:00,540,sms,LOC0039
CDR000537,PH00958,PH00496,2026-04-29 20:07:00,1414,app_message,LOC0112
CDR000538,PH00751,PH00984,2026-03-19 06:51:00,734,sms,LOC0122
CDR000539,PH00376,PH00343,2026-06-10 11:55:00,101,sms,LOC0029
CDR000540,PH00986,PH00265,2026-07-30 05:59:00,1374,call,LOC0119
CDR000541,PH00821,PH00290,2026-08-15 11:51:00,1557,sms,LOC0037
CDR000542,PH00167,PH00480,2026-03-31 23:46:00,816,sms,LOC0053
CDR000543,PH00007,PH00844,2026-05-18 21:54:00,1988,call,LOC0025
CDR000544,PH00241,PH00041,2026-08-03 11:16:00,1229,call,LOC0120
CDR000545,PH00416,PH00871,2026-01-06 02:10:00,1278,call,LOC0072
CDR000546,PH00030,PH00594,2026-06-25 01:00:00,1288,app_message,LOC0034
CDR000547,PH00461,PH00802,2026-05-03 20:22:00,1253,app_message,LOC0172
CDR000548,PH00330,PH00907,2026-02-25 07:37:00,1753,call,LOC0041
CDR000549,PH00116,PH00204,2026-08-17 15:55:00,696,app_message,LOC0113
CDR000550,PH00254,PH01151,2026-01-13 10:59:00,2185,call,LOC0006
CDR000551,PH00464,PH00032,2026-05-23 00:57:00,307,app_message,LOC0124
CDR000552,PH00908,PH00702,2026-05-06 05:39:00,1843,sms,LOC0104
CDR000553,PH00171,PH00142,2026-08-12 02:37:00,806,call,LOC0040
CDR000554,PH00635,PH00011,2026-03-13 05:22:00,1756,sms,LOC0180
CDR000555,PH00678,PH00952,2026-06-03 12:40:00,2225,app_message,LOC0171
CDR000556,PH00388,PH00399,2026-04-26 17:26:00,1689,call,LOC0050
CDR000557,PH00993,PH00868,2026-06-24 18:56:00,1047,sms,LOC0174
CDR000558,PH00462,PH00241,2026-03-29 20:14:00,1447,sms,LOC0142
CDR000559,PH00346,PH00598,2026-02-02 11:47:00,852,sms,LOC0139
CDR000560,PH00700,PH00816,2026-08-04 12:11:00,2108,sms,LOC0089
CDR000561,PH00243,PH00446,2026-08-13 11:48:00,2325,call,LOC0050
CDR000562,PH00312,PH00849,2026-04-29 01:24:00,562,call,LOC0100
CDR000563,PH00094,PH01081,2026-05-15 11:40:00,517,call,LOC0120
CDR000564,PH00990,PH00995,2026-06-19 13:45:00,805,sms,LOC0087
CDR000565,PH00285,PH00279,2026-07-24 18:14:00,718,app_message,LOC0026
CDR000566,PH00715,PH00131,2026-06-09 01:43:00,1153,call,LOC0071
CDR000567,PH01065,PH00235,2026-07-04 19:08:00,1041,sms,LOC0118
CDR000568,PH00203,PH00099,2026-04-03 00:54:00,464,call,LOC0116
CDR000569,PH00431,PH00641,2026-08-23 13:21:00,2019,app_message,LOC0146
CDR000570,PH00512,PH00245,2026-02-17 22:29:00,2283,call,LOC0003
CDR000571,PH00411,PH00074,2026-04-30 05:04:00,1611,call,LOC0082
CDR000572,PH00982,PH00580,2026-01-24 11:26:00,1291,app_message,LOC0027
CDR000573,PH01192,PH01188,2026-05-11 14:33:00,1948,sms,LOC0119
CDR000574,PH00880,PH01167,2026-04-08 15:31:00,811,app_message,LOC0120
CDR000575,PH01126,PH01089,2026-07-19 16:21:00,1549,call,LOC0084
CDR000576,PH00629,PH00577,2026-08-12 16:47:00,2144,call,LOC0171
CDR000577,PH01074,PH00562,2026-03-31 14:01:00,1477,call,LOC0052
CDR000578,PH00474,PH00874,2026-07-01 09:43:00,2143,app_message,LOC0071
CDR000579,PH00974,PH00906,2026-07-15 01:32:00,483,sms,LOC0158
CDR000580,PH00948,PH00031,2026-04-03 08:46:00,1615,app_message,LOC0141
CDR000581,PH00992,PH00968,2026-01-21 15:48:00,414,sms,LOC0129
CDR000582,PH00605,PH00694,2026-07-01 06:23:00,2210,call,LOC0051
CDR000583,PH00948,PH00565,2026-01-31 17:53:00,2242,app_message,LOC0125
CDR000584,PH00636,PH00150,2026-05-25 22:00:00,962,call,LOC0094
CDR000585,PH00735,PH01167,2026-02-04 06:06:00,784,app_message,LOC0047
CDR000586,PH00717,PH00833,2026-03-04 05:06:00,2223,call,LOC0075
CDR000587,PH01067,PH01121,2026-02-05 06:05:00,1190,call,LOC0042
CDR000588,PH00570,PH00260,2026-01-12 15:04:00,2333,call,LOC0039
CDR000589,PH00104,PH00720,2026-01-11 16:39:00,887,sms,LOC0108
CDR000590,PH00509,PH00077,2026-03-23 03:47:00,245,sms,LOC0080
CDR000591,PH00074,PH00475,2026-05-15 13:48:00,813,sms,LOC0136
CDR000592,PH00659,PH01193,2026-04-19 14:15:00,1568,call,LOC0064
CDR000593,PH01003,PH00637,2026-06-29 11:03:00,1066,app_message,LOC0095
CDR000594,PH00736,PH00250,2026-03-09 16:21:00,112,app_message,LOC0053
CDR000595,PH00076,PH00550,2026-02-26 01:15:00,390,app_message,LOC0031
CDR000596,PH00978,PH00038,2026-04-02 21:16:00,1969,sms,LOC0023
CDR000597,PH00393,PH00701,2026-03-13 11:49:00,2356,call,LOC0155
CDR000598,PH01082,PH00860,2026-03-09 11:41:00,2069,sms,LOC0149
CDR000599,PH00617,PH00055,2026-01-05 20:47:00,1313,call,LOC0038
CDR000600,PH01006,PH00358,2026-01-06 15:01:00,1963,app_message,LOC0104
CDR000601,PH00956,PH01153,2026-02-12 09:30:00,295,call,LOC0166
CDR000602,PH00544,PH01129,2026-07-19 12:49:00,733,sms,LOC0145
CDR000603,PH00246,PH00104,2026-03-28 02:33:00,902,app_message,LOC0087
CDR000604,PH00313,PH01088,2026-02-23 12:21:00,115,call,LOC0141
CDR000605,PH01132,PH00434,2026-07-12 00:32:00,2031,app_message,LOC0039
CDR000606,PH01160,PH00713,2026-04-14 05:57:00,2396,app_message,LOC0015
CDR000607,PH00173,PH01053,2026-03-19 16:36:00,686,app_message,LOC0101
CDR000608,PH01042,PH00991,2026-06-19 06:29:00,1417,call,LOC0010
CDR000609,PH00367,PH00822,2026-05-06 02:47:00,1487,call,LOC0169
CDR000610,PH00445,PH00912,2026-01-30 23:24:00,785,app_message,LOC0072
CDR000611,PH00157,PH00635,2026-02-22 18:04:00,666,call,LOC0171
CDR000612,PH00509,PH00023,2026-05-01 03:08:00,1346,call,LOC0169
CDR000613,PH00006,PH00643,2026-03-11 12:33:00,1782,sms,LOC0170
CDR000614,PH00029,PH00601,2026-07-16 22:33:00,556,sms,LOC0108
CDR000615,PH01173,PH00184,2026-07-27 20:36:00,2174,call,LOC0094
CDR000616,PH00780,PH00359,2026-06-30 20:15:00,339,app_message,LOC0124
CDR000617,PH00939,PH00904,2026-07-16 19:43:00,944,sms,LOC0163
CDR000618,PH00480,PH00078,2026-04-07 05:35:00,1497,app_message,LOC0091
CDR000619,PH00542,PH01155,2026-06-02 13:58:00,2242,app_message,LOC0052
CDR000620,PH00482,PH01184,2026-06-09 02:44:00,1361,sms,LOC0113
CDR000621,PH01177,PH00101,2026-08-02 02:57:00,291,call,LOC0048
CDR000622,PH00124,PH00968,2026-02-16 03:49:00,342,sms,LOC0159
CDR000623,PH01087,PH00340,2026-08-01 17:12:00,1655,app_message,LOC0007
CDR000624,PH01052,PH00802,2026-03-06 21:08:00,432,sms,LOC0162
CDR000625,PH00024,PH00911,2026-07-23 19:13:00,749,sms,LOC0080
CDR000626,PH00427,PH00681,2026-01-12 12:45:00,2365,sms,LOC0106
CDR000627,PH00431,PH00793,2026-04-25 01:52:00,1500,call,LOC0119
CDR000628,PH00829,PH00928,2026-03-23 02:39:00,184,sms,LOC0094
CDR000629,PH00382,PH00997,2026-02-10 05:50:00,1207,sms,LOC0043
CDR000630,PH00378,PH00736,2026-01-10 22:42:00,838,sms,LOC0176
CDR000631,PH00702,PH00753,2026-02-22 04:11:00,700,app_message,LOC0165
CDR000632,PH00024,PH00899,2026-07-29 23:52:00,1400,app_message,LOC0096
CDR000633,PH00633,PH01096,2026-02-14 15:48:00,1463,app_message,LOC0089
CDR000634,PH00611,PH00695,2026-01-25 10:02:00,1798,sms,LOC0047
CDR000635,PH00243,PH01067,2026-03-21 10:02:00,553,call,LOC0084
CDR000636,PH00841,PH00495,2026-06-13 15:34:00,618,app_message,LOC0009
CDR000637,PH00166,PH01024,2026-08-09 05:46:00,345,app_message,LOC0014
CDR000638,PH00183,PH00033,2026-08-17 21:51:00,1221,app_message,LOC0005
CDR000639,PH00537,PH00019,2026-08-28 19:54:00,258,sms,LOC0058
CDR000640,PH00255,PH01066,2026-07-26 05:09:00,1857,sms,LOC0079
CDR000641,PH00778,PH00587,2026-05-10 21:07:00,189,sms,LOC0080
CDR000642,PH00913,PH00837,2026-05-07 13:26:00,420,app_message,LOC0049
CDR000643,PH01195,PH00991,2026-06-20 05:34:00,2075,call,LOC0065
CDR000644,PH01106,PH00413,2026-05-09 10:36:00,1686,call,LOC0076
CDR000645,PH00558,PH00426,2026-05-10 18:23:00,2016,sms,LOC0037
CDR000646,PH00982,PH00856,2026-07-26 15:55:00,893,sms,LOC0129
CDR000647,PH00099,PH00398,2026-02-27 19:07:00,732,sms,LOC0008
CDR000648,PH00724,PH00610,2026-06-20 09:43:00,2306,sms,LOC0042
CDR000649,PH00859,PH00587,2026-05-05 14:59:00,1003,app_message,LOC0148
CDR000650,PH00458,PH00720,2026-02-15 05:21:00,1201,app_message,LOC0149
CDR000651,PH00499,PH00071,2026-02-07 15:55:00,1731,sms,LOC0177
CDR000652,PH00949,PH00309,2026-02-19 14:36:00,1133,call,LOC0013
CDR000653,PH00885,PH00521,2026-01-15 21:18:00,1221,sms,LOC0105
CDR000654,PH00968,PH00777,2026-07-13 14:14:00,1943,app_message,LOC0155
CDR000655,PH00626,PH00495,2026-03-23 04:44:00,969,call,LOC0090
CDR000656,PH00889,PH00141,2026-07-04 12:20:00,1820,app_message,LOC0043
CDR000657,PH00341,PH01089,2026-05-23 13:50:00,1651,sms,LOC0132
CDR000658,PH01195,PH00235,2026-04-06 13:15:00,2395,call,LOC0010
CDR000659,PH01030,PH00423,2026-08-03 06:57:00,1616,call,LOC0138
CDR000660,PH01115,PH00767,2026-03-17 11:53:00,862,call,LOC0047
CDR000661,PH00915,PH00558,2026-03-22 23:48:00,23,sms,LOC0114
CDR000662,PH01143,PH01111,2026-08-04 14:51:00,1846,sms,LOC0165
CDR000663,PH00738,PH00601,2026-06-06 15:05:00,429,call,LOC0012
CDR000664,PH00932,PH00036,2026-08-08 04:18:00,2298,call,LOC0001
CDR000665,PH01071,PH00398,2026-03-24 20:35:00,1820,call,LOC0165
CDR000666,PH01014,PH00834,2026-01-07 16:28:00,208,sms,LOC0002
CDR000667,PH00603,PH00633,2026-08-19 14:16:00,860,sms,LOC0008
CDR000668,PH00447,PH00357,2026-03-30 15:53:00,2090,sms,LOC0159
CDR000669,PH00852,PH00346,2026-01-01 01:17:00,2047,call,LOC0128
CDR000670,PH00721,PH00961,2026-03-09 06:17:00,1301,app_message,LOC0139
CDR000671,PH00922,PH00022,2026-04-10 22:01:00,1410,app_message,LOC0061
CDR000672,PH00893,PH01173,2026-05-06 20:40:00,1042,call,LOC0052
CDR000673,PH00759,PH00008,2026-04-04 12:30:00,1192,sms,LOC0034
CDR000674,PH01084,PH00845,2026-03-01 10:14:00,191,app_message,LOC0017
CDR000675,PH01118,PH00315,2026-01-17 14:37:00,2106,call,LOC0070
CDR000676,PH01005,PH00067,2026-04-11 05:33:00,2348,app_message,LOC0083
CDR000677,PH00714,PH00710,2026-02-20 18:48:00,1302,app_message,LOC0054
CDR000678,PH00341,PH00005,2026-05-30 15:10:00,1659,call,LOC0072
CDR000679,PH00434,PH00427,2026-07-25 18:58:00,1302,sms,LOC0164
CDR000680,PH01132,PH00291,2026-06-05 15:11:00,827,call,LOC0159
CDR000681,PH00649,PH00427,2026-05-12 01:33:00,1616,call,LOC0159
CDR000682,PH01181,PH00669,2026-04-16 03:39:00,860,sms,LOC0038
CDR000683,PH00307,PH00173,2026-03-27 03:33:00,1094,sms,LOC0046
CDR000684,PH01004,PH01183,2026-06-19 03:17:00,1867,sms,LOC0097
CDR000685,PH01107,PH01133,2026-08-22 15:43:00,121,app_message,LOC0132
CDR000686,PH00470,PH00854,2026-01-21 02:19:00,1512,app_message,LOC0125
CDR000687,PH00372,PH00422,2026-02-20 16:36:00,2266,call,LOC0068
CDR000688,PH00086,PH00680,2026-03-06 04:22:00,1445,app_message,LOC0169
CDR000689,PH01104,PH01004,2026-02-16 09:30:00,1607,sms,LOC0029
CDR000690,PH00172,PH00485,2026-03-27 07:00:00,431,sms,LOC0033
CDR000691,PH00126,PH00685,2026-08-23 15:11:00,1975,sms,LOC0073
CDR000692,PH00997,PH00964,2026-05-06 19:54:00,337,app_message,LOC0149
CDR000693,PH01111,PH01143,2026-06-06 18:46:00,515,app_message,LOC0078
CDR000694,PH00846,PH00492,2026-06-07 16:33:00,1707,call,LOC0013
CDR000695,PH00469,PH00569,2026-06-01 09:05:00,2304,app_message,LOC0157
CDR000696,PH00976,PH00219,2026-01-17 20:00:00,1074,app_message,LOC0078
CDR000697,PH01184,PH00711,2026-08-27 17:41:00,1342,app_message,LOC0129
CDR000698,PH01055,PH00989,2026-03-31 09:59:00,1415,app_message,LOC0086
CDR000699,PH00950,PH00527,2026-03-09 06:36:00,1962,app_message,LOC0166
CDR000700,PH00315,PH00427,2026-02-05 05:07:00,115,app_message,LOC0090
CDR000701,PH01050,PH00974,2026-06-29 16:53:00,594,sms,LOC0164
CDR000702,PH00928,PH01047,2026-03-07 21:55:00,1023,sms,LOC0157
CDR000703,PH00696,PH00917,2026-07-18 19:58:00,1620,sms,LOC0086
CDR000704,PH00087,PH01014,2026-07-31 02:16:00,1211,app_message,LOC0079
CDR000705,PH00601,PH00452,2026-08-29 09:48:00,1443,call,LOC0172
CDR000706,PH01153,PH00686,2026-06-30 21:59:00,1393,call,LOC0134
CDR000707,PH01028,PH00343,2026-07-03 19:43:00,348,call,LOC0146
CDR000708,PH00361,PH00716,2026-08-14 11:12:00,1555,app_message,LOC0066
CDR000709,PH00048,PH00315,2026-06-04 18:31:00,368,call,LOC0041
CDR000710,PH00060,PH00749,2026-02-02 14:03:00,2057,sms,LOC0074
CDR000711,PH00855,PH00331,2026-08-07 08:58:00,1424,sms,LOC0171
CDR000712,PH00998,PH00181,2026-05-03 00:17:00,209,app_message,LOC0003
CDR000713,PH00890,PH00691,2026-05-31 21:53:00,2253,call,LOC0023
CDR000714,PH00991,PH00080,2026-07-30 00:42:00,747,call,LOC0178
CDR000715,PH00864,PH00928,2026-02-16 01:39:00,822,sms,LOC0037
CDR000716,PH00421,PH00680,2026-04-22 14:32:00,1236,call,LOC0127
CDR000717,PH00100,PH00397,2026-02-15 21:34:00,1839,app_message,LOC0075
CDR000718,PH00232,PH00107,2026-04-01 18:43:00,2009,sms,LOC0154
CDR000719,PH00158,PH00886,2026-06-21 00:28:00,1413,app_message,LOC0124
CDR000720,PH00855,PH00943,2026-02-02 15:53:00,1618,call,LOC0150
CDR000721,PH00187,PH00326,2026-04-26 08:09:00,938,app_message,LOC0076
CDR000722,PH00027,PH01127,2026-08-17 02:18:00,180,call,LOC0004
CDR000723,PH00539,PH00071,2026-06-30 14:24:00,635,app_message,LOC0119
CDR000724,PH01022,PH00752,2026-05-09 15:23:00,1099,call,LOC0065
CDR000725,PH01026,PH00621,2026-03-19 00:55:00,2312,app_message,LOC0102
CDR000726,PH00935,PH00657,2026-05-15 14:08:00,2071,app_message,LOC0127
CDR000727,PH01090,PH00401,2026-03-26 20:04:00,1374,sms,LOC0064
CDR000728,PH00966,PH00103,2026-02-27 12:58:00,119,call,LOC0096
CDR000729,PH00013,PH00665,2026-03-31 11:15:00,1847,call,LOC0150
CDR000730,PH00491,PH00312,2026-07-18 04:17:00,680,app_message,LOC0001
CDR000731,PH00494,PH00301,2026-01-30 18:34:00,1666,app_message,LOC0008
CDR000732,PH00860,PH00323,2026-04-16 05:25:00,209,sms,LOC0105
CDR000733,PH00239,PH01020,2026-04-19 07:43:00,2200,app_message,LOC0130
CDR000734,PH00348,PH00819,2026-08-02 18:56:00,1245,sms,LOC0131
CDR000735,PH00615,PH00848,2026-04-23 20:10:00,1122,call,LOC0121
CDR000736,PH00063,PH00993,2026-06-07 13:09:00,408,app_message,LOC0175
CDR000737,PH00707,PH00380,2026-05-20 01:47:00,630,call,LOC0076
CDR000738,PH01185,PH00777,2026-07-14 02:16:00,1190,app_message,LOC0031
CDR000739,PH00174,PH00616,2026-04-27 05:29:00,1991,sms,LOC0082
CDR000740,PH00918,PH00204,2026-02-01 10:07:00,1414,app_message,LOC0052
CDR000741,PH01012,PH00835,2026-06-23 12:06:00,877,sms,LOC0001
CDR000742,PH00199,PH00833,2026-01-07 14:57:00,755,sms,LOC0097
CDR000743,PH00384,PH00164,2026-04-15 05:41:00,2309,app_message,LOC0080
CDR000744,PH01129,PH00685,2026-05-19 04:41:00,1184,sms,LOC0110
CDR000745,PH00111,PH00156,2026-04-21 04:51:00,1638,call,LOC0106
CDR000746,PH01067,PH00253,2026-01-30 14:10:00,603,app_message,LOC0059
CDR000747,PH00545,PH00294,2026-05-11 03:39:00,2359,call,LOC0043
CDR000748,PH00368,PH00879,2026-04-12 22:36:00,264,call,LOC0070
CDR000749,PH00475,PH00949,2026-01-22 05:16:00,1383,sms,LOC0049
CDR000750,PH00732,PH00952,2026-03-05 00:36:00,241,call,LOC0027
CDR000751,PH00528,PH00862,2026-01-16 20:17:00,2223,app_message,LOC0002
CDR000752,PH01063,PH00099,2026-06-26 10:26:00,1016,sms,LOC0089
CDR000753,PH01141,PH00842,2026-07-12 04:59:00,1011,sms,LOC0032
CDR000754,PH00350,PH00974,2026-02-03 06:00:00,1573,call,LOC0179
CDR000755,PH00785,PH00820,2026-03-10 20:52:00,85,sms,LOC0177
CDR000756,PH01161,PH00095,2026-08-01 17:30:00,641,sms,LOC0061
CDR000757,PH01013,PH00402,2026-07-23 04:34:00,1932,sms,LOC0177
CDR000758,PH00926,PH00243,2026-08-07 10:34:00,1117,app_message,LOC0129
CDR000759,PH00948,PH01157,2026-06-14 16:07:00,16,sms,LOC0110
CDR000760,PH00086,PH00954,2026-07-18 19:19:00,1672,sms,LOC0085
CDR000761,PH00351,PH00053,2026-01-15 15:26:00,2015,sms,LOC0065
CDR000762,PH00099,PH00061,2026-03-10 23:50:00,1557,sms,LOC0040
CDR000763,PH00861,PH00758,2026-07-18 11:01:00,564,app_message,LOC0112
CDR000764,PH00388,PH00302,2026-06-03 03:15:00,1100,sms,LOC0058
CDR000765,PH00394,PH00373,2026-04-15 20:10:00,2271,app_message,LOC0071
CDR000766,PH00672,PH00394,2026-03-25 12:40:00,750,app_message,LOC0180
CDR000767,PH00799,PH00879,2026-01-17 07:14:00,2278,app_message,LOC0089
CDR000768,PH00687,PH00881,2026-05-03 14:53:00,1531,app_message,LOC0152
CDR000769,PH00753,PH00199,2026-06-04 17:51:00,267,app_message,LOC0165
CDR000770,PH00801,PH00337,2026-02-18 22:29:00,1750,app_message,LOC0064
CDR000771,PH00475,PH00646,2026-01-22 14:37:00,160,sms,LOC0110
CDR000772,PH00041,PH01039,2026-01-03 18:54:00,921,sms,LOC0069
CDR000773,PH00549,PH00250,2026-03-18 04:17:00,96,app_message,LOC0021
CDR000774,PH01090,PH00628,2026-04-26 06:48:00,1832,sms,LOC0039
CDR000775,PH00908,PH00012,2026-02-28 14:39:00,1218,app_message,LOC0055
CDR000776,PH00594,PH00722,2026-03-01 18:32:00,1208,call,LOC0175
CDR000777,PH01192,PH00653,2026-06-11 11:59:00,147,sms,LOC0143
CDR000778,PH00845,PH00187,2026-07-12 20:45:00,137,app_message,LOC0119
CDR000779,PH00142,PH00895,2026-07-25 01:16:00,1161,call,LOC0089
CDR000780,PH00367,PH00406,2026-05-29 06:33:00,1133,app_message,LOC0013
CDR000781,PH01196,PH01192,2026-02-15 09:12:00,435,sms,LOC0116
CDR000782,PH00640,PH00313,2026-08-22 16:26:00,1221,sms,LOC0069
CDR000783,PH00502,PH01006,2026-01-06 20:41:00,1192,app_message,LOC0031
CDR000784,PH00258,PH00898,2026-05-11 12:39:00,37,sms,LOC0008
CDR000785,PH00774,PH01160,2026-06-06 20:57:00,51,sms,LOC0034
CDR000786,PH00417,PH00315,2026-07-23 17:34:00,769,sms,LOC0126
CDR000787,PH00363,PH00378,2026-06-25 23:01:00,835,app_message,LOC0136
CDR000788,PH00539,PH00822,2026-05-23 23:46:00,905,app_message,LOC0120
CDR000789,PH00369,PH01090,2026-07-11 08:29:00,393,call,LOC0030
CDR000790,PH00797,PH00800,2026-02-17 07:18:00,114,sms,LOC0022
CDR000791,PH00933,PH00163,2026-07-01 01:19:00,1274,app_message,LOC0143
CDR000792,PH00003,PH00312,2026-07-31 20:53:00,2232,call,LOC0009
CDR000793,PH00647,PH00240,2026-08-04 10:26:00,2338,app_message,LOC0112
CDR000794,PH00499,PH00899,2026-08-10 11:00:00,479,app_message,LOC0177
CDR000795,PH00576,PH00752,2026-01-28 19:56:00,1373,call,LOC0121
CDR000796,PH00356,PH01178,2026-04-09 23:58:00,2250,call,LOC0072
CDR000797,PH01047,PH01113,2026-01-26 03:31:00,1639,app_message,LOC0144
CDR000798,PH00164,PH00969,2026-05-19 20:11:00,343,call,LOC0112
CDR000799,PH00033,PH00956,2026-06-14 06:17:00,1511,call,LOC0179
CDR000800,PH00479,PH01162,2026-05-10 23:32:00,90,sms,LOC0176
CDR000801,PH01049,PH00295,2026-08-01 14:24:00,2130,app_message,LOC0114
CDR000802,PH00121,PH00726,2026-01-02 03:54:00,1409,sms,LOC0117
CDR000803,PH00577,PH00439,2026-02-18 23:28:00,1469,sms,LOC0005
CDR000804,PH00521,PH01186,2026-03-21 02:52:00,1389,app_message,LOC0106
CDR000805,PH00288,PH00478,2026-01-03 13:56:00,193,app_message,LOC0146
CDR000806,PH00034,PH00271,2026-01-24 02:23:00,264,call,LOC0168
CDR000807,PH00977,PH00975,2026-01-15 22:34:00,911,app_message,LOC0175
CDR000808,PH00224,PH00245,2026-03-29 02:01:00,300,call,LOC0151
CDR000809,PH00413,PH00267,2026-02-12 08:55:00,2172,app_message,LOC0055
CDR000810,PH00809,PH00112,2026-02-19 15:09:00,2280,app_message,LOC0139
CDR000811,PH00622,PH00838,2026-02-02 13:13:00,2379,sms,LOC0069
CDR000812,PH00098,PH00072,2026-04-03 07:11:00,2205,call,LOC0140
CDR000813,PH00562,PH00167,2026-02-20 08:02:00,2076,sms,LOC0007
CDR000814,PH01091,PH01142,2026-01-26 04:09:00,1054,call,LOC0053
CDR000815,PH00470,PH00584,2026-07-14 05:56:00,1376,app_message,LOC0101
CDR000816,PH00761,PH00181,2026-03-16 22:45:00,1562,app_message,LOC0070
CDR000817,PH00045,PH00618,2026-04-15 17:48:00,1331,app_message,LOC0151
CDR000818,PH00616,PH00739,2026-03-26 05:39:00,1418,app_message,LOC0063
CDR000819,PH00269,PH00185,2026-08-24 01:00:00,181,sms,LOC0110
CDR000820,PH00225,PH00348,2026-06-27 21:45:00,1931,app_message,LOC0034
CDR000821,PH00497,PH01143,2026-02-21 12:43:00,877,call,LOC0053
CDR000822,PH00879,PH00095,2026-06-09 12:22:00,891,app_message,LOC0059
CDR000823,PH00299,PH00438,2026-04-06 01:57:00,1995,app_message,LOC0008
CDR000824,PH00497,PH00762,2026-01-24 23:04:00,1342,sms,LOC0078
CDR000825,PH00342,PH00423,2026-04-30 05:50:00,1507,app_message,LOC0038
CDR000826,PH00356,PH01196,2026-01-01 19:26:00,240,app_message,LOC0174
CDR000827,PH00402,PH00966,2026-07-02 05:16:00,22,sms,LOC0127
CDR000828,PH00233,PH00441,2026-01-05 10:53:00,1804,sms,LOC0123
CDR000829,PH00511,PH00171,2026-07-23 16:11:00,550,app_message,LOC0006
CDR000830,PH01119,PH00735,2026-08-06 17:09:00,1763,app_message,LOC0002
CDR000831,PH00816,PH00224,2026-08-06 01:48:00,474,app_message,LOC0172
CDR000832,PH00276,PH00436,2026-06-01 07:19:00,987,call,LOC0102
CDR000833,PH00635,PH00726,2026-07-27 20:01:00,1753,sms,LOC0078
CDR000834,PH00224,PH00055,2026-03-18 01:24:00,1840,call,LOC0047
CDR000835,PH00185,PH00630,2026-03-24 02:57:00,43,app_message,LOC0073
CDR000836,PH00506,PH00134,2026-02-03 19:56:00,920,app_message,LOC0175
CDR000837,PH00152,PH00654,2026-05-18 07:40:00,1760,sms,LOC0055
CDR000838,PH00084,PH00137,2026-07-07 12:08:00,56,app_message,LOC0174
CDR000839,PH00690,PH00717,2026-07-22 03:03:00,2374,call,LOC0180
CDR000840,PH00007,PH00727,2026-03-17 18:34:00,1708,app_message,LOC0087
CDR000841,PH00672,PH00572,2026-05-01 12:14:00,1710,sms,LOC0023
CDR000842,PH00551,PH00073,2026-05-18 02:51:00,181,sms,LOC0075
CDR000843,PH01005,PH00937,2026-03-27 17:29:00,540,app_message,LOC0154
CDR000844,PH00992,PH00180,2026-03-12 12:06:00,1754,sms,LOC0158
CDR000845,PH00728,PH00486,2026-04-07 17:16:00,32,call,LOC0161
CDR000846,PH00127,PH00673,2026-01-11 17:41:00,338,app_message,LOC0015
CDR000847,PH00466,PH00501,2026-08-21 14:39:00,1190,call,LOC0074
CDR000848,PH00057,PH00469,2026-05-23 18:05:00,270,call,LOC0169
CDR000849,PH00172,PH01101,2026-01-27 13:16:00,1479,sms,LOC0026
CDR000850,PH00951,PH00194,2026-08-12 17:57:00,494,app_message,LOC0026
CDR000851,PH00703,PH00772,2026-05-13 00:26:00,962,app_message,LOC0036
CDR000852,PH00321,PH01141,2026-02-03 07:55:00,567,app_message,LOC0021
CDR000853,PH00921,PH01152,2026-04-17 21:58:00,1817,app_message,LOC0108
CDR000854,PH00863,PH00608,2026-02-12 09:12:00,1265,sms,LOC0180
CDR000855,PH01087,PH01031,2026-02-12 04:41:00,215,app_message,LOC0112
CDR000856,PH00088,PH01029,2026-02-27 19:55:00,2328,call,LOC0168
CDR000857,PH00854,PH00501,2026-08-09 11:19:00,2198,app_message,LOC0136
CDR000858,PH01116,PH00128,2026-03-14 16:37:00,1074,sms,LOC0028
CDR000859,PH00443,PH00543,2026-07-16 00:07:00,1998,call,LOC0033
CDR000860,PH00168,PH00360,2026-03-02 05:06:00,1714,app_message,LOC0102
CDR000861,PH00503,PH00775,2026-02-01 02:08:00,244,call,LOC0015
CDR000862,PH00576,PH01161,2026-08-06 06:05:00,1683,call,LOC0074
CDR000863,PH01001,PH01002,2026-08-23 23:14:00,1916,call,LOC0086
CDR000864,PH00867,PH00024,2026-01-17 20:42:00,2038,app_message,LOC0072
CDR000865,PH00940,PH00034,2026-07-01 13:09:00,2090,call,LOC0178
CDR000866,PH00567,PH00245,2026-07-20 01:22:00,1870,sms,LOC0071
CDR000867,PH00861,PH00239,2026-04-07 20:43:00,1226,call,LOC0130
CDR000868,PH00448,PH00224,2026-03-04 23:27:00,1514,call,LOC0041
CDR000869,PH00239,PH00274,2026-03-01 21:10:00,2161,sms,LOC0128
CDR000870,PH00999,PH00002,2026-05-22 08:05:00,1837,app_message,LOC0032
CDR000871,PH00265,PH01017,2026-05-20 12:58:00,1611,sms,LOC0107
CDR000872,PH00030,PH00558,2026-04-28 18:34:00,1739,sms,LOC0020
CDR000873,PH01174,PH00638,2026-08-31 07:30:00,2096,call,LOC0164
CDR000874,PH00661,PH00967,2026-06-01 09:16:00,1725,sms,LOC0051
CDR000875,PH01025,PH00960,2026-01-13 11:47:00,1461,call,LOC0130
CDR000876,PH01181,PH01011,2026-04-08 14:54:00,1583,app_message,LOC0166
CDR000877,PH00869,PH00749,2026-08-20 10:31:00,302,app_message,LOC0041
CDR000878,PH00115,PH00854,2026-03-04 17:54:00,348,sms,LOC0079
CDR000879,PH00630,PH00140,2026-05-02 14:51:00,873,app_message,LOC0036
CDR000880,PH00339,PH00872,2026-01-19 15:36:00,325,app_message,LOC0009
CDR000881,PH01190,PH01028,2026-05-01 22:50:00,400,app_message,LOC0180
CDR000882,PH00435,PH00872,2026-06-03 18:59:00,1327,call,LOC0128
CDR000883,PH00664,PH00391,2026-02-27 09:48:00,2157,app_message,LOC0157
CDR000884,PH00850,PH00617,2026-02-09 03:43:00,2357,sms,LOC0047
CDR000885,PH00096,PH00380,2026-01-09 17:36:00,1522,sms,LOC0095
CDR000886,PH00133,PH00055,2026-06-12 21:23:00,1037,sms,LOC0112
CDR000887,PH00163,PH00775,2026-02-12 08:53:00,1863,app_message,LOC0038
CDR000888,PH00040,PH00965,2026-02-06 09:22:00,1144,sms,LOC0036
CDR000889,PH00307,PH00569,2026-07-28 21:47:00,2175,app_message,LOC0116
CDR000890,PH00934,PH00962,2026-05-13 10:04:00,449,app_message,LOC0091
CDR000891,PH00435,PH00722,2026-08-22 08:51:00,1540,app_message,LOC0076
CDR000892,PH01174,PH00924,2026-08-13 18:21:00,1894,app_message,LOC0070
CDR000893,PH00852,PH00598,2026-01-06 20:19:00,881,sms,LOC0170
CDR000894,PH00777,PH01178,2026-06-09 02:12:00,589,sms,LOC0068
CDR000895,PH00393,PH01158,2026-08-05 15:39:00,1320,sms,LOC0161
CDR000896,PH01158,PH00549,2026-08-01 19:35:00,2333,sms,LOC0010
CDR000897,PH01040,PH00258,2026-05-14 11:23:00,2353,call,LOC0144
CDR000898,PH00060,PH00087,2026-01-03 22:17:00,31,sms,LOC0167
CDR000899,PH00524,PH01175,2026-07-15 12:12:00,2085,app_message,LOC0029
CDR000900,PH01155,PH00324,2026-03-11 09:14:00,648,sms,LOC0176
CDR000901,PH00912,PH00698,2026-08-16 00:21:00,65,sms,LOC0157
CDR000902,PH00766,PH00935,2026-02-08 22:14:00,227,app_message,LOC0067
CDR000903,PH00513,PH01036,2026-04-18 22:56:00,282,app_message,LOC0050
CDR000904,PH00785,PH01013,2026-08-01 02:33:00,1078,sms,LOC0072
CDR000905,PH00194,PH01012,2026-06-07 15:27:00,291,sms,LOC0057
CDR000906,PH00212,PH00938,2026-08-25 01:13:00,966,call,LOC0042
CDR000907,PH01188,PH00576,2026-07-20 19:37:00,1826,call,LOC0065
CDR000908,PH00160,PH00346,2026-03-02 05:43:00,1588,app_message,LOC0119
CDR000909,PH00255,PH00879,2026-04-30 12:05:00,1071,sms,LOC0129
CDR000910,PH00989,PH01099,2026-04-07 03:37:00,530,app_message,LOC0002
CDR000911,PH00501,PH01169,2026-03-19 07:24:00,737,call,LOC0005
CDR000912,PH01188,PH00402,2026-05-14 15:44:00,915,call,LOC0176
CDR000913,PH00917,PH00041,2026-05-02 03:48:00,289,sms,LOC0101
CDR000914,PH01092,PH01188,2026-01-10 11:46:00,363,sms,LOC0172
CDR000915,PH00366,PH00400,2026-07-11 21:26:00,933,call,LOC0079
CDR000916,PH00106,PH00611,2026-05-22 09:37:00,706,sms,LOC0070
CDR000917,PH00710,PH01096,2026-01-15 10:58:00,555,sms,LOC0006
CDR000918,PH00950,PH00468,2026-03-03 09:08:00,814,call,LOC0130
CDR000919,PH01161,PH01011,2026-02-09 02:01:00,1446,sms,LOC0092
CDR000920,PH00145,PH00694,2026-02-10 19:50:00,1611,sms,LOC0102
CDR000921,PH00784,PH00623,2026-03-18 02:40:00,1702,sms,LOC0121
CDR000922,PH00548,PH00036,2026-07-16 21:34:00,585,app_message,LOC0007
CDR000923,PH00865,PH00633,2026-05-14 16:29:00,629,sms,LOC0084
CDR000924,PH01085,PH00897,2026-05-03 10:06:00,1833,call,LOC0082
CDR000925,PH00659,PH00844,2026-02-08 09:20:00,853,app_message,LOC0012
CDR000926,PH00874,PH00771,2026-04-18 11:38:00,1574,call,LOC0076
CDR000927,PH00686,PH00801,2026-03-05 02:38:00,438,app_message,LOC0040
CDR000928,PH00649,PH00785,2026-03-10 00:28:00,2082,call,LOC0074
CDR000929,PH00773,PH00431,2026-06-08 04:10:00,360,call,LOC0050
CDR000930,PH00264,PH00865,2026-03-26 06:22:00,1297,sms,LOC0038
CDR000931,PH01092,PH00127,2026-08-17 16:26:00,1240,app_message,LOC0043
CDR000932,PH00050,PH01011,2026-06-04 10:08:00,521,call,LOC0142
CDR000933,PH01174,PH00603,2026-07-13 00:43:00,1003,sms,LOC0023
CDR000934,PH00873,PH00237,2026-06-22 13:32:00,1787,sms,LOC0132
CDR000935,PH00456,PH00970,2026-07-14 13:08:00,1218,app_message,LOC0069
CDR000936,PH00467,PH00639,2026-01-20 21:57:00,1844,sms,LOC0066
CDR000937,PH00525,PH00993,2026-04-28 05:33:00,1502,sms,LOC0038
CDR000938,PH00898,PH00798,2026-08-30 03:34:00,1208,sms,LOC0168
CDR000939,PH00097,PH00264,2026-02-20 16:57:00,2340,app_message,LOC0164
CDR000940,PH00539,PH00512,2026-07-30 02:28:00,313,sms,LOC0125
CDR000941,PH00291,PH00581,2026-06-30 03:11:00,744,sms,LOC0172
CDR000942,PH00168,PH00243,2026-03-06 08:35:00,923,app_message,LOC0062
CDR000943,PH00376,PH01040,2026-05-05 02:17:00,1979,sms,LOC0112
CDR000944,PH00737,PH01137,2026-03-22 20:26:00,712,app_message,LOC0154
CDR000945,PH01100,PH01166,2026-01-25 03:10:00,966,call,LOC0153
CDR000946,PH00291,PH00267,2026-08-27 08:38:00,16,app_message,LOC0031
CDR000947,PH01143,PH00490,2026-08-26 09:08:00,106,sms,LOC0062
CDR000948,PH00666,PH00224,2026-01-31 22:29:00,116,sms,LOC0099
CDR000949,PH00490,PH00432,2026-04-09 00:12:00,1825,app_message,LOC0154
CDR000950,PH00900,PH00034,2026-08-12 19:00:00,1761,app_message,LOC0016
CDR000951,PH00579,PH00616,2026-03-31 01:26:00,2325,call,LOC0051
CDR000952,PH00159,PH00125,2026-04-24 17:45:00,1421,app_message,LOC0173
CDR000953,PH00960,PH00252,2026-03-22 06:07:00,1319,app_message,LOC0171
CDR000954,PH00591,PH00499,2026-08-17 15:16:00,1153,call,LOC0051
CDR000955,PH00444,PH01197,2026-05-08 17:00:00,292,call,LOC0002
CDR000956,PH00154,PH00552,2026-01-27 19:49:00,967,call,LOC0137
CDR000957,PH00555,PH00152,2026-02-16 14:17:00,315,call,LOC0161
CDR000958,PH00932,PH01037,2026-02-25 15:32:00,744,sms,LOC0109
CDR000959,PH00470,PH00647,2026-06-23 03:26:00,1488,call,LOC0159
CDR000960,PH00737,PH00758,2026-04-03 05:22:00,471,call,LOC0021
CDR000961,PH00207,PH01137,2026-07-16 13:28:00,730,app_message,LOC0104
CDR000962,PH00955,PH01138,2026-03-16 22:10:00,518,call,LOC0023
CDR000963,PH01108,PH00411,2026-07-30 14:05:00,1812,app_message,LOC0179
CDR000964,PH00454,PH00252,2026-03-17 14:21:00,1729,sms,LOC0075
CDR000965,PH00497,PH00397,2026-04-19 09:00:00,221,app_message,LOC0043
CDR000966,PH00008,PH00553,2026-03-10 09:07:00,1292,app_message,LOC0038
CDR000967,PH00754,PH00658,2026-07-28 05:55:00,398,sms,LOC0175
CDR000968,PH00602,PH01192,2026-05-04 00:36:00,1701,app_message,LOC0068
CDR000969,PH00149,PH00168,2026-01-12 06:39:00,248,app_message,LOC0059
CDR000970,PH00487,PH00422,2026-01-18 21:01:00,1757,call,LOC0101
CDR000971,PH00208,PH01198,2026-05-28 08:53:00,31,sms,LOC0010
CDR000972,PH00434,PH00189,2026-06-22 20:21:00,2163,sms,LOC0111
CDR000973,PH00992,PH00048,2026-05-07 09:54:00,2307,sms,LOC0126
CDR000974,PH00197,PH00276,2026-01-19 04:23:00,1698,app_message,LOC0156
CDR000975,PH00666,PH00626,2026-07-29 15:39:00,1918,call,LOC0174
CDR000976,PH00378,PH00343,2026-08-23 17:42:00,1547,app_message,LOC0109
CDR000977,PH00484,PH00784,2026-04-02 11:17:00,996,app_message,LOC0130
CDR000978,PH00289,PH00437,2026-03-23 07:59:00,795,sms,LOC0037
CDR000979,PH00159,PH00899,2026-04-04 09:10:00,1343,sms,LOC0090
CDR000980,PH00432,PH00980,2026-02-22 13:28:00,1839,sms,LOC0062
CDR000981,PH00772,PH00363,2026-05-31 15:25:00,862,call,LOC0108
CDR000982,PH00467,PH00301,2026-06-15 03:10:00,2238,call,LOC0141
CDR000983,PH00008,PH00679,2026-03-09 22:05:00,1987,sms,LOC0048
CDR000984,PH01193,PH00141,2026-07-20 06:05:00,2017,sms,LOC0091
CDR000985,PH00763,PH00242,2026-08-02 06:16:00,2050,app_message,LOC0167
CDR000986,PH00932,PH00092,2026-08-29 13:37:00,507,call,LOC0058
CDR000987,PH01157,PH00167,2026-02-26 09:24:00,1067,app_message,LOC0176
CDR000988,PH00309,PH00040,2026-07-09 18:07:00,894,call,LOC0073
CDR000989,PH01186,PH00456,2026-06-06 10:18:00,907,sms,LOC0164
CDR000990,PH00707,PH00979,2026-03-13 10:16:00,1180,call,LOC0104
CDR000991,PH00774,PH00454,2026-06-17 20:24:00,1965,app_message,LOC0135
CDR000992,PH00338,PH00272,2026-05-11 04:08:00,447,sms,LOC0092
CDR000993,PH00806,PH01006,2026-04-04 10:49:00,1728,app_message,LOC0024
CDR000994,PH00598,PH00026,2026-08-08 13:59:00,2261,app_message,LOC0134
CDR000995,PH01107,PH00687,2026-03-19 09:27:00,1544,call,LOC0031
CDR000996,PH01139,PH00673,2026-08-15 07:01:00,2304,call,LOC0025
CDR000997,PH00096,PH00535,2026-02-13 09:52:00,1149,call,LOC0078
CDR000998,PH00937,PH00845,2026-05-18 06:41:00,2238,sms,LOC0009
CDR000999,PH00420,PH00334,2026-08-25 13:57:00,912,call,LOC0072
CDR001000,PH00443,PH00042,2026-07-08 12:44:00,1893,sms,LOC0085
CDR001001,PH00372,PH00763,2026-07-05 18:43:00,1931,app_message,LOC0017
CDR001002,PH00214,PH00020,2026-04-18 14:56:00,76,app_message,LOC0027
CDR001003,PH00934,PH01164,2026-02-06 03:17:00,195,call,LOC0153
CDR001004,PH00030,PH00590,2026-06-14 07:16:00,2244,sms,LOC0104
CDR001005,PH00655,PH00612,2026-03-22 18:44:00,1105,call,LOC0135
CDR001006,PH00813,PH00921,2026-02-25 17:59:00,1689,call,LOC0011
CDR001007,PH00544,PH01187,2026-07-15 00:34:00,516,sms,LOC0145
CDR001008,PH00776,PH00114,2026-03-04 11:01:00,1056,app_message,LOC0073
CDR001009,PH00201,PH00304,2026-08-18 19:32:00,977,app_message,LOC0040
CDR001010,PH00973,PH01171,2026-07-21 19:56:00,1728,app_message,LOC0026
CDR001011,PH00368,PH00079,2026-03-26 11:02:00,767,sms,LOC0021
CDR001012,PH00044,PH00875,2026-07-18 05:31:00,327,app_message,LOC0157
CDR001013,PH00273,PH00466,2026-05-10 00:11:00,373,sms,LOC0174
CDR001014,PH00371,PH00052,2026-08-28 20:21:00,690,call,LOC0157
CDR001015,PH00336,PH00350,2026-04-18 15:36:00,221,sms,LOC0080
CDR001016,PH00956,PH00722,2026-03-04 13:33:00,1848,call,LOC0142
CDR001017,PH00568,PH01167,2026-07-20 08:43:00,810,sms,LOC0112
CDR001018,PH00465,PH00334,2026-05-23 04:58:00,485,sms,LOC0170
CDR001019,PH00122,PH00524,2026-02-16 21:49:00,2064,sms,LOC0130
CDR001020,PH00947,PH00722,2026-03-27 02:50:00,1529,sms,LOC0019
CDR001021,PH00921,PH00508,2026-02-06 02:23:00,608,call,LOC0040
CDR001022,PH00749,PH00822,2026-03-17 20:48:00,246,call,LOC0076
CDR001023,PH00127,PH00087,2026-03-14 16:54:00,413,app_message,LOC0101
CDR001024,PH00061,PH01106,2026-07-29 14:47:00,150,sms,LOC0120
CDR001025,PH00397,PH00257,2026-06-12 01:48:00,155,app_message,LOC0145
CDR001026,PH00140,PH00287,2026-04-29 18:47:00,631,app_message,LOC0134
CDR001027,PH00929,PH00629,2026-05-23 16:18:00,1900,sms,LOC0163
CDR001028,PH00652,PH01144,2026-03-10 15:25:00,2200,call,LOC0028
CDR001029,PH01134,PH00187,2026-01-23 20:28:00,1044,call,LOC0009
CDR001030,PH01080,PH00485,2026-08-22 19:54:00,1126,call,LOC0145
CDR001031,PH01153,PH00872,2026-03-23 05:05:00,38,call,LOC0136
CDR001032,PH01131,PH01012,2026-07-03 21:51:00,2342,sms,LOC0167
CDR001033,PH00708,PH01196,2026-06-11 20:56:00,203,call,LOC0143
CDR001034,PH00318,PH00214,2026-05-24 07:10:00,1539,sms,LOC0019
CDR001035,PH00871,PH00115,2026-03-17 14:53:00,137,sms,LOC0029
CDR001036,PH00598,PH00950,2026-03-24 19:38:00,649,sms,LOC0121
CDR001037,PH00774,PH00439,2026-04-18 16:36:00,878,app_message,LOC0107
CDR001038,PH00502,PH00079,2026-07-17 19:18:00,1256,call,LOC0093
CDR001039,PH01031,PH01093,2026-02-27 20:31:00,1622,app_message,LOC0129
CDR001040,PH00629,PH00678,2026-05-07 22:27:00,2050,sms,LOC0137
CDR001041,PH00370,PH00339,2026-05-14 22:59:00,566,call,LOC0159
CDR001042,PH00871,PH00360,2026-05-02 11:07:00,1384,sms,LOC0022
CDR001043,PH00427,PH00560,2026-05-31 16:32:00,121,sms,LOC0153
CDR001044,PH00390,PH00451,2026-01-01 21:59:00,50,sms,LOC0020
CDR001045,PH00674,PH00707,2026-03-15 01:51:00,1608,call,LOC0168
CDR001046,PH00879,PH00436,2026-06-23 04:47:00,97,call,LOC0137
CDR001047,PH01105,PH00276,2026-06-13 22:09:00,2180,app_message,LOC0116
CDR001048,PH00698,PH00357,2026-01-29 09:34:00,739,sms,LOC0026
CDR001049,PH00314,PH00587,2026-06-20 00:29:00,2132,sms,LOC0131
CDR001050,PH00687,PH00966,2026-08-03 08:30:00,2147,sms,LOC0175
CDR001051,PH00622,PH00804,2026-08-02 09:05:00,1708,call,LOC0046
CDR001052,PH00996,PH00427,2026-08-12 06:39:00,1311,sms,LOC0018
CDR001053,PH00628,PH00325,2026-05-11 23:03:00,1905,sms,LOC0165
CDR001054,PH00439,PH00338,2026-07-11 14:55:00,641,app_message,LOC0180
CDR001055,PH00740,PH00459,2026-05-18 20:20:00,783,call,LOC0178
CDR001056,PH00962,PH00721,2026-04-10 17:16:00,1601,call,LOC0162
CDR001057,PH00891,PH01086,2026-05-30 08:24:00,814,call,LOC0153
CDR001058,PH00269,PH00686,2026-08-07 05:33:00,805,call,LOC0022
CDR001059,PH00289,PH00834,2026-08-19 03:07:00,512,sms,LOC0164
CDR001060,PH00503,PH00568,2026-05-31 15:14:00,1812,call,LOC0027
CDR001061,PH00249,PH00702,2026-04-07 21:31:00,1647,sms,LOC0012
CDR001062,PH00404,PH00081,2026-07-09 06:59:00,157,sms,LOC0116
CDR001063,PH00914,PH00789,2026-02-16 04:09:00,2175,call,LOC0055
CDR001064,PH01146,PH00107,2026-02-23 09:41:00,1484,sms,LOC0117
CDR001065,PH00436,PH00492,2026-01-13 12:40:00,655,app_message,LOC0174
CDR001066,PH00119,PH01159,2026-06-23 17:26:00,1966,app_message,LOC0010
CDR001067,PH00429,PH01170,2026-07-28 04:39:00,2198,app_message,LOC0140
CDR001068,PH00981,PH00333,2026-06-11 01:31:00,1592,app_message,LOC0089
CDR001069,PH00703,PH01185,2026-03-04 00:12:00,1414,sms,LOC0012
CDR001070,PH00748,PH00397,2026-08-12 11:58:00,861,app_message,LOC0093
CDR001071,PH00019,PH01029,2026-07-16 15:15:00,545,call,LOC0111
CDR001072,PH00022,PH00669,2026-05-13 14:51:00,1549,call,LOC0034
CDR001073,PH00104,PH00714,2026-01-05 23:10:00,1405,sms,LOC0144
CDR001074,PH00143,PH01025,2026-07-04 13:02:00,213,sms,LOC0148
CDR001075,PH00778,PH00099,2026-07-16 23:54:00,1655,app_message,LOC0128
CDR001076,PH00963,PH00041,2026-02-05 09:35:00,1307,call,LOC0025
CDR001077,PH00302,PH01101,2026-05-09 14:32:00,603,app_message,LOC0129
CDR001078,PH00687,PH01030,2026-08-25 20:38:00,218,app_message,LOC0026
CDR001079,PH00742,PH00002,2026-05-05 17:34:00,457,call,LOC0089
CDR001080,PH00067,PH00670,2026-06-25 19:19:00,614,sms,LOC0060
CDR001081,PH00784,PH00404,2026-08-06 04:08:00,620,call,LOC0032
CDR001082,PH00453,PH00685,2026-01-07 05:26:00,1136,call,LOC0158
CDR001083,PH00378,PH00877,2026-02-12 18:52:00,2387,call,LOC0132
CDR001084,PH00769,PH00165,2026-03-02 13:52:00,2146,sms,LOC0175
CDR001085,PH00133,PH00453,2026-01-29 09:14:00,434,sms,LOC0122
CDR001086,PH01162,PH01045,2026-08-02 10:22:00,1520,sms,LOC0054
CDR001087,PH00257,PH00798,2026-01-11 16:03:00,2353,app_message,LOC0087
CDR001088,PH01157,PH00548,2026-04-24 08:38:00,24,app_message,LOC0028
CDR001089,PH00438,PH00832,2026-06-11 20:52:00,1778,sms,LOC0172
CDR001090,PH00874,PH00167,2026-02-26 09:34:00,1835,sms,LOC0072
CDR001091,PH00071,PH00391,2026-05-07 01:38:00,719,sms,LOC0117
CDR001092,PH00019,PH00845,2026-03-14 16:41:00,1955,call,LOC0004
CDR001093,PH00202,PH01114,2026-06-15 21:56:00,1211,call,LOC0141
CDR001094,PH00720,PH00538,2026-07-18 09:48:00,1534,sms,LOC0178
CDR001095,PH01055,PH00428,2026-06-06 11:52:00,1603,sms,LOC0165
CDR001096,PH00255,PH00029,2026-06-17 02:44:00,2230,app_message,LOC0148
CDR001097,PH00364,PH01182,2026-07-20 09:51:00,1312,call,LOC0034
CDR001098,PH00704,PH00872,2026-05-10 21:05:00,89,call,LOC0149
CDR001099,PH00719,PH01088,2026-07-15 17:07:00,166,app_message,LOC0084
CDR001100,PH00002,PH00717,2026-02-11 22:57:00,1080,sms,LOC0148
CDR001101,PH00984,PH00798,2026-01-26 16:49:00,1535,sms,LOC0120
CDR001102,PH00025,PH00342,2026-06-24 18:45:00,2320,sms,LOC0143
CDR001103,PH00457,PH00476,2026-01-10 01:12:00,434,sms,LOC0175
CDR001104,PH00433,PH00016,2026-05-15 19:11:00,1562,call,LOC0118
CDR001105,PH00427,PH01156,2026-04-11 00:04:00,489,app_message,LOC0062
CDR001106,PH00180,PH00398,2026-05-26 07:50:00,465,call,LOC0178
CDR001107,PH00896,PH00954,2026-06-05 08:10:00,2236,app_message,LOC0011
CDR001108,PH00554,PH00741,2026-04-02 19:19:00,2245,app_message,LOC0007
CDR001109,PH01175,PH01067,2026-03-14 05:39:00,1835,sms,LOC0058
CDR001110,PH00434,PH00866,2026-04-09 17:56:00,288,call,LOC0148
CDR001111,PH00802,PH00078,2026-08-25 21:32:00,767,call,LOC0132
CDR001112,PH01064,PH00046,2026-04-18 03:13:00,192,call,LOC0147
CDR001113,PH00641,PH01099,2026-02-25 02:05:00,1781,sms,LOC0053
CDR001114,PH00101,PH01117,2026-04-28 03:28:00,1507,app_message,LOC0111
CDR001115,PH00813,PH00091,2026-05-13 19:19:00,1311,sms,LOC0167
CDR001116,PH00979,PH00999,2026-06-02 06:46:00,1684,call,LOC0162
CDR001117,PH00881,PH00951,2026-05-11 04:33:00,1693,sms,LOC0063
CDR001118,PH01185,PH00260,2026-07-04 09:25:00,348,app_message,LOC0047
CDR001119,PH01170,PH01039,2026-04-13 13:24:00,1559,call,LOC0161
CDR001120,PH00689,PH00824,2026-02-07 20:28:00,1162,sms,LOC0017
CDR001121,PH00330,PH00702,2026-08-09 18:20:00,996,sms,LOC0084
CDR001122,PH01129,PH00389,2026-07-03 07:46:00,240,app_message,LOC0089
CDR001123,PH00687,PH00322,2026-02-10 23:11:00,2098,call,LOC0022
CDR001124,PH00629,PH00643,2026-08-25 08:06:00,687,sms,LOC0112
CDR001125,PH00568,PH01189,2026-05-29 05:20:00,1081,sms,LOC0043
CDR001126,PH00742,PH00937,2026-01-10 15:15:00,17,sms,LOC0030
CDR001127,PH00954,PH00403,2026-06-25 18:45:00,674,app_message,LOC0174
CDR001128,PH00856,PH00088,2026-06-25 04:47:00,546,app_message,LOC0077
CDR001129,PH00272,PH01170,2026-05-14 21:25:00,154,call,LOC0064
CDR001130,PH00126,PH00573,2026-05-13 08:54:00,912,call,LOC0142
CDR001131,PH00625,PH01196,2026-01-12 04:23:00,365,call,LOC0073
CDR001132,PH00103,PH00687,2026-01-31 17:32:00,2119,app_message,LOC0060
CDR001133,PH00924,PH00638,2026-05-24 01:51:00,1935,sms,LOC0101
CDR001134,PH01195,PH00051,2026-04-02 01:11:00,1703,call,LOC0029
CDR001135,PH00763,PH00983,2026-03-22 03:48:00,668,app_message,LOC0101
CDR001136,PH00377,PH01033,2026-08-19 07:01:00,1717,app_message,LOC0169
CDR001137,PH00637,PH00996,2026-01-22 05:58:00,1639,app_message,LOC0091
CDR001138,PH00159,PH00418,2026-06-06 14:17:00,1103,sms,LOC0047
CDR001139,PH00008,PH00386,2026-01-18 04:15:00,380,call,LOC0099
CDR001140,PH00209,PH01108,2026-05-23 19:14:00,380,call,LOC0012
CDR001141,PH00436,PH00334,2026-05-06 14:25:00,1791,sms,LOC0144
CDR001142,PH00869,PH00445,2026-06-23 13:58:00,1266,sms,LOC0159
CDR001143,PH00190,PH00659,2026-01-20 22:19:00,1173,sms,LOC0101
CDR001144,PH00618,PH00233,2026-04-30 04:50:00,1803,app_message,LOC0057
CDR001145,PH01005,PH00019,2026-03-05 06:51:00,2072,call,LOC0108
CDR001146,PH00162,PH00743,2026-03-27 03:52:00,1532,app_message,LOC0174
CDR001147,PH00926,PH00998,2026-04-10 23:33:00,883,sms,LOC0015
CDR001148,PH01028,PH00064,2026-02-01 01:57:00,891,sms,LOC0041
CDR001149,PH01112,PH00370,2026-08-20 05:04:00,1535,app_message,LOC0160
CDR001150,PH00379,PH00501,2026-06-13 07:03:00,1302,call,LOC0027
CDR001151,PH00493,PH00969,2026-01-26 11:13:00,2146,call,LOC0140
CDR001152,PH00638,PH00168,2026-08-20 07:28:00,559,app_message,LOC0113
CDR001153,PH01033,PH01152,2026-01-30 23:57:00,290,app_message,LOC0139
CDR001154,PH00393,PH00206,2026-06-29 00:08:00,1305,app_message,LOC0065
CDR001155,PH00624,PH00740,2026-04-14 04:11:00,1675,app_message,LOC0108
CDR001156,PH00489,PH00214,2026-06-15 12:49:00,1317,call,LOC0073
CDR001157,PH00654,PH00992,2026-02-22 01:20:00,2330,call,LOC0178
CDR001158,PH00027,PH00510,2026-03-02 06:54:00,2090,call,LOC0167
CDR001159,PH00557,PH00915,2026-03-30 17:49:00,588,call,LOC0021
CDR001160,PH00864,PH00054,2026-02-28 05:41:00,2304,app_message,LOC0041
CDR001161,PH00858,PH00252,2026-02-02 01:10:00,435,call,LOC0016
CDR001162,PH00684,PH01051,2026-08-03 10:02:00,2097,sms,LOC0171
CDR001163,PH01041,PH00409,2026-03-05 08:20:00,1472,app_message,LOC0049
CDR001164,PH00576,PH00081,2026-07-20 15:39:00,1208,app_message,LOC0127
CDR001165,PH01091,PH00734,2026-07-14 04:57:00,2103,call,LOC0100
CDR001166,PH00152,PH01100,2026-07-07 05:29:00,585,app_message,LOC0049
CDR001167,PH00535,PH00424,2026-08-22 19:44:00,294,app_message,LOC0179
CDR001168,PH00259,PH00308,2026-04-13 11:19:00,1621,call,LOC0120
CDR001169,PH00901,PH00506,2026-03-07 23:16:00,701,call,LOC0156
CDR001170,PH00681,PH00724,2026-06-10 01:55:00,478,app_message,LOC0139
CDR001171,PH00659,PH01192,2026-01-03 10:04:00,1627,call,LOC0112
CDR001172,PH01016,PH00051,2026-04-29 14:45:00,1629,app_message,LOC0058
CDR001173,PH00005,PH00409,2026-06-30 02:04:00,1778,sms,LOC0060
CDR001174,PH00482,PH00025,2026-05-01 04:11:00,297,call,LOC0122
CDR001175,PH00694,PH00929,2026-07-29 00:20:00,459,sms,LOC0031
CDR001176,PH00850,PH00683,2026-07-22 16:17:00,401,call,LOC0074
CDR001177,PH00203,PH00782,2026-07-29 13:16:00,1872,app_message,LOC0076
CDR001178,PH00073,PH00807,2026-05-02 11:35:00,1156,sms,LOC0068
CDR001179,PH01035,PH00192,2026-03-01 17:02:00,1018,call,LOC0146
CDR001180,PH00309,PH00802,2026-01-02 07:26:00,2316,sms,LOC0127
CDR001181,PH00807,PH00448,2026-04-05 17:38:00,2319,app_message,LOC0123
CDR001182,PH01178,PH00401,2026-07-22 15:05:00,1004,sms,LOC0157
CDR001183,PH00518,PH00571,2026-03-19 12:24:00,1035,app_message,LOC0053
CDR001184,PH00674,PH00199,2026-06-01 06:59:00,1465,call,LOC0088
CDR001185,PH01013,PH00717,2026-03-04 20:24:00,342,app_message,LOC0114
CDR001186,PH00571,PH00751,2026-01-12 04:36:00,1997,call,LOC0059
CDR001187,PH00806,PH01145,2026-04-13 13:39:00,1864,app_message,LOC0164
CDR001188,PH00877,PH00409,2026-08-16 09:55:00,722,call,LOC0120
CDR001189,PH00559,PH00906,2026-04-13 12:29:00,1661,sms,LOC0100
CDR001190,PH00579,PH00400,2026-04-22 15:52:00,2280,call,LOC0159
CDR001191,PH00682,PH00777,2026-07-12 21:30:00,1233,call,LOC0018
CDR001192,PH00048,PH00727,2026-02-21 17:09:00,988,call,LOC0099
CDR001193,PH01011,PH00854,2026-01-04 22:43:00,1275,call,LOC0017
CDR001194,PH00449,PH00856,2026-06-05 01:52:00,1006,sms,LOC0147
CDR001195,PH00090,PH00345,2026-07-02 07:58:00,1920,call,LOC0159
CDR001196,PH00337,PH00146,2026-06-15 21:38:00,739,call,LOC0065
CDR001197,PH01192,PH01092,2026-03-19 22:15:00,932,sms,LOC0145
CDR001198,PH00971,PH00743,2026-05-18 03:47:00,2161,call,LOC0124
CDR001199,PH00197,PH00554,2026-07-19 09:00:00,710,sms,LOC0013
CDR001200,PH00526,PH00908,2026-04-04 19:51:00,241,sms,LOC0105
CDR001201,PH00931,PH00901,2026-02-04 17:25:00,852,sms,LOC0144
CDR001202,PH00509,PH00750,2026-08-20 12:32:00,731,app_message,LOC0081
CDR001203,PH01171,PH00590,2026-03-19 19:58:00,594,sms,LOC0105
CDR001204,PH00502,PH00949,2026-05-29 21:13:00,191,call,LOC0055
CDR001205,PH00018,PH00653,2026-03-05 13:35:00,295,call,LOC0066
CDR001206,PH01074,PH01125,2026-03-06 01:00:00,608,app_message,LOC0001
CDR001207,PH00151,PH00806,2026-02-27 04:01:00,262,app_message,LOC0163
CDR001208,PH01025,PH00338,2026-04-25 07:00:00,1774,app_message,LOC0013
CDR001209,PH00678,PH00463,2026-04-09 20:25:00,1104,call,LOC0090
CDR001210,PH00928,PH01036,2026-07-20 10:42:00,1757,app_message,LOC0164
CDR001211,PH00694,PH01029,2026-03-22 19:52:00,504,call,LOC0043
CDR001212,PH01188,PH00147,2026-03-18 09:29:00,279,app_message,LOC0023
CDR001213,PH00850,PH00043,2026-01-14 15:29:00,1798,app_message,LOC0116
CDR001214,PH00468,PH00148,2026-02-05 10:38:00,1713,sms,LOC0090
CDR001215,PH00685,PH00996,2026-05-14 06:53:00,2047,call,LOC0023
CDR001216,PH00461,PH00279,2026-06-17 18:46:00,1236,call,LOC0150
CDR001217,PH00347,PH00413,2026-07-31 13:32:00,1011,call,LOC0018
CDR001218,PH00492,PH00827,2026-06-21 16:11:00,1348,sms,LOC0012
CDR001219,PH01016,PH00093,2026-03-03 06:57:00,884,sms,LOC0146
CDR001220,PH00905,PH00047,2026-07-20 11:10:00,2326,app_message,LOC0173
CDR001221,PH00935,PH01134,2026-03-03 23:02:00,2396,app_message,LOC0056
CDR001222,PH00953,PH01193,2026-01-29 10:17:00,317,sms,LOC0170
CDR001223,PH00184,PH01027,2026-05-19 00:46:00,405,sms,LOC0071
CDR001224,PH00494,PH01120,2026-02-10 20:30:00,305,sms,LOC0117
CDR001225,PH00465,PH00256,2026-08-22 22:32:00,1982,sms,LOC0048
CDR001226,PH00947,PH00776,2026-02-02 22:45:00,934,app_message,LOC0168
CDR001227,PH00135,PH00298,2026-08-13 03:01:00,598,call,LOC0112
CDR001228,PH00005,PH01141,2026-08-06 04:14:00,1845,app_message,LOC0003
CDR001229,PH01098,PH00166,2026-04-18 19:24:00,1969,sms,LOC0067
CDR001230,PH00846,PH00334,2026-08-27 20:10:00,1254,call,LOC0110
CDR001231,PH00582,PH00121,2026-03-11 13:36:00,802,call,LOC0095
CDR001232,PH00347,PH00389,2026-08-10 06:53:00,2079,call,LOC0092
CDR001233,PH00211,PH00354,2026-05-10 09:52:00,1746,call,LOC0013
CDR001234,PH00463,PH00497,2026-08-17 00:22:00,2218,app_message,LOC0164
CDR001235,PH00226,PH00644,2026-08-19 05:29:00,2316,app_message,LOC0009
CDR001236,PH00643,PH00397,2026-04-09 09:06:00,501,call,LOC0058
CDR001237,PH00106,PH00097,2026-03-31 01:11:00,2305,call,LOC0005
CDR001238,PH00551,PH00153,2026-01-30 21:46:00,1893,sms,LOC0065
CDR001239,PH00964,PH00206,2026-03-24 09:16:00,852,app_message,LOC0047
CDR001240,PH00769,PH00560,2026-03-13 10:50:00,1559,call,LOC0065
CDR001241,PH01132,PH00584,2026-07-16 11:30:00,120,sms,LOC0054
CDR001242,PH01124,PH00157,2026-01-02 19:41:00,2191,sms,LOC0004
CDR001243,PH00821,PH01072,2026-07-04 17:44:00,2178,sms,LOC0158
CDR001244,PH01164,PH00050,2026-03-29 00:50:00,1212,sms,LOC0136
CDR001245,PH00155,PH00295,2026-07-20 21:32:00,225,app_message,LOC0147
CDR001246,PH00647,PH00715,2026-05-13 02:11:00,2303,call,LOC0010
CDR001247,PH00288,PH00241,2026-01-22 13:03:00,531,sms,LOC0041
CDR001248,PH00245,PH01097,2026-02-06 19:13:00,1651,call,LOC0158
CDR001249,PH01179,PH00305,2026-06-17 06:24:00,795,app_message,LOC0147
CDR001250,PH00862,PH01087,2026-02-07 14:14:00,1795,app_message,LOC0136
CDR001251,PH00824,PH00764,2026-04-10 11:15:00,383,call,LOC0075
CDR001252,PH01053,PH00705,2026-08-06 10:39:00,32,call,LOC0107
CDR001253,PH00446,PH00322,2026-01-11 21:41:00,1131,call,LOC0015
CDR001254,PH00465,PH00973,2026-05-19 01:04:00,1779,call,LOC0049
CDR001255,PH00608,PH00303,2026-01-27 19:50:00,1656,sms,LOC0026
CDR001256,PH01040,PH00104,2026-04-17 06:03:00,1239,call,LOC0124
CDR001257,PH00775,PH00503,2026-01-21 20:15:00,1123,call,LOC0016
CDR001258,PH01177,PH00841,2026-02-08 14:17:00,2275,app_message,LOC0163
CDR001259,PH00609,PH00139,2026-06-04 21:22:00,1217,app_message,LOC0007
CDR001260,PH00167,PH01179,2026-04-28 01:03:00,1813,call,LOC0046
CDR001261,PH00147,PH01103,2026-06-07 02:16:00,1043,call,LOC0119
CDR001262,PH00597,PH01063,2026-02-14 22:17:00,1997,app_message,LOC0071
CDR001263,PH00796,PH00437,2026-05-06 18:41:00,1252,call,LOC0087
CDR001264,PH00201,PH00910,2026-04-20 19:42:00,1750,app_message,LOC0156
CDR001265,PH00830,PH00209,2026-02-09 09:02:00,1327,app_message,LOC0024
CDR001266,PH00792,PH00113,2026-04-04 09:56:00,1377,app_message,LOC0159
CDR001267,PH00853,PH00303,2026-01-09 22:15:00,2076,call,LOC0125
CDR001268,PH00589,PH00434,2026-05-09 02:37:00,1057,call,LOC0070
CDR001269,PH00979,PH00332,2026-02-21 15:45:00,426,sms,LOC0065
CDR001270,PH01170,PH01039,2026-05-17 17:13:00,1881,sms,LOC0068
CDR001271,PH00334,PH00601,2026-05-21 08:43:00,1072,sms,LOC0131
CDR001272,PH00602,PH00515,2026-05-02 05:00:00,1360,sms,LOC0003
CDR001273,PH01141,PH01179,2026-06-16 19:42:00,23,sms,LOC0149
CDR001274,PH01183,PH01081,2026-01-25 12:16:00,1998,call,LOC0170
CDR001275,PH00377,PH00559,2026-05-18 23:42:00,1127,sms,LOC0154
CDR001276,PH00881,PH00664,2026-04-12 18:15:00,1189,call,LOC0064
CDR001277,PH01108,PH00011,2026-04-13 21:35:00,2323,app_message,LOC0035
CDR001278,PH00338,PH00252,2026-04-13 09:21:00,930,call,LOC0130
CDR001279,PH00168,PH00202,2026-07-07 04:59:00,1927,call,LOC0014
CDR001280,PH00070,PH00233,2026-08-07 23:23:00,727,sms,LOC0136
CDR001281,PH00302,PH00849,2026-01-14 23:12:00,1768,app_message,LOC0171
CDR001282,PH01078,PH00716,2026-05-07 00:20:00,740,sms,LOC0096
CDR001283,PH00824,PH00533,2026-04-28 21:34:00,2077,app_message,LOC0031
CDR001284,PH00877,PH00598,2026-06-28 00:20:00,2087,sms,LOC0178
CDR001285,PH00630,PH01086,2026-08-29 03:41:00,419,app_message,LOC0119
CDR001286,PH00245,PH00561,2026-06-22 07:39:00,280,call,LOC0102
CDR001287,PH00069,PH01171,2026-02-22 04:03:00,1479,sms,LOC0046
CDR001288,PH00400,PH00964,2026-01-11 05:54:00,2227,call,LOC0169
CDR001289,PH00406,PH00247,2026-08-27 15:23:00,226,app_message,LOC0015
CDR001290,PH00941,PH00091,2026-08-14 18:47:00,2219,sms,LOC0009
CDR001291,PH00174,PH00655,2026-03-31 03:33:00,2201,call,LOC0004
CDR001292,PH01137,PH00506,2026-07-03 15:52:00,1055,call,LOC0128
CDR001293,PH00633,PH00761,2026-01-28 02:23:00,256,call,LOC0131
CDR001294,PH00676,PH01090,2026-02-25 14:47:00,1549,sms,LOC0059
CDR001295,PH01056,PH00238,2026-07-06 00:17:00,1575,app_message,LOC0112
CDR001296,PH00326,PH00693,2026-06-09 22:57:00,925,call,LOC0180
CDR001297,PH00490,PH00784,2026-02-11 22:19:00,1123,sms,LOC0040
CDR001298,PH01012,PH00351,2026-07-24 05:43:00,1951,app_message,LOC0084
CDR001299,PH00584,PH00669,2026-02-08 19:33:00,2193,sms,LOC0075
CDR001300,PH00446,PH00018,2026-06-15 12:24:00,88,call,LOC0101
CDR001301,PH01047,PH00033,2026-08-23 08:15:00,1987,sms,LOC0097
CDR001302,PH01005,PH00267,2026-08-07 17:20:00,337,sms,LOC0175
CDR001303,PH01034,PH00833,2026-07-26 00:38:00,478,app_message,LOC0029
CDR001304,PH00488,PH00649,2026-03-26 16:26:00,1964,sms,LOC0173
CDR001305,PH00721,PH00355,2026-01-04 04:18:00,911,call,LOC0050
CDR001306,PH00059,PH00608,2026-04-12 04:25:00,1017,call,LOC0143
CDR001307,PH00873,PH00840,2026-03-27 03:31:00,1101,call,LOC0166
CDR001308,PH00225,PH00320,2026-03-14 05:39:00,1911,sms,LOC0087
CDR001309,PH00852,PH00376,2026-04-02 17:18:00,2336,sms,LOC0119
CDR001310,PH01031,PH00340,2026-03-01 14:16:00,1040,call,LOC0114
CDR001311,PH00356,PH00625,2026-04-05 07:32:00,117,app_message,LOC0036
CDR001312,PH00296,PH00855,2026-07-08 07:07:00,2382,app_message,LOC0059
CDR001313,PH00560,PH00136,2026-06-29 15:50:00,915,sms,LOC0056
CDR001314,PH00829,PH01060,2026-06-20 15:33:00,155,call,LOC0005
CDR001315,PH00692,PH00824,2026-07-05 17:48:00,419,sms,LOC0103
CDR001316,PH00907,PH00252,2026-01-24 14:20:00,547,sms,LOC0072
CDR001317,PH00221,PH00256,2026-08-14 18:25:00,1567,call,LOC0131
CDR001318,PH00150,PH00800,2026-03-01 06:52:00,71,call,LOC0047
CDR001319,PH00195,PH00298,2026-04-18 19:02:00,2078,call,LOC0163
CDR001320,PH00605,PH00541,2026-03-20 15:53:00,437,sms,LOC0173
CDR001321,PH00316,PH00856,2026-08-01 12:20:00,1267,call,LOC0046
CDR001322,PH00859,PH00853,2026-01-10 13:55:00,1220,sms,LOC0076
CDR001323,PH00479,PH00440,2026-07-23 21:09:00,710,app_message,LOC0003
CDR001324,PH00154,PH00202,2026-02-19 08:57:00,1523,sms,LOC0032
CDR001325,PH00533,PH00692,2026-01-03 08:14:00,2349,call,LOC0087
CDR001326,PH00625,PH00134,2026-01-30 12:43:00,2374,app_message,LOC0072
CDR001327,PH01066,PH00636,2026-08-16 06:30:00,1062,call,LOC0159
CDR001328,PH01153,PH00353,2026-06-18 13:38:00,717,call,LOC0083
CDR001329,PH01028,PH00244,2026-07-15 04:43:00,1470,sms,LOC0073
CDR001330,PH00206,PH01190,2026-05-31 15:09:00,44,app_message,LOC0008
CDR001331,PH00924,PH00898,2026-04-17 18:39:00,401,sms,LOC0093
CDR001332,PH00590,PH00256,2026-05-30 03:47:00,172,sms,LOC0043
CDR001333,PH00565,PH01087,2026-07-29 05:52:00,2251,app_message,LOC0020
CDR001334,PH00205,PH00993,2026-02-20 08:00:00,8,app_message,LOC0138
CDR001335,PH00955,PH00888,2026-05-26 12:37:00,1941,app_message,LOC0095
CDR001336,PH00324,PH00467,2026-01-01 11:09:00,1480,call,LOC0131
CDR001337,PH00368,PH00983,2026-01-15 12:36:00,1560,app_message,LOC0143
CDR001338,PH00518,PH00920,2026-04-24 15:29:00,674,app_message,LOC0020
CDR001339,PH00382,PH00575,2026-02-23 00:51:00,2277,call,LOC0119
CDR001340,PH00470,PH00407,2026-06-23 02:58:00,404,app_message,LOC0064
CDR001341,PH00883,PH00484,2026-04-28 20:16:00,538,call,LOC0139
CDR001342,PH00985,PH00042,2026-08-29 09:00:00,1788,sms,LOC0020
CDR001343,PH01098,PH00713,2026-02-04 19:54:00,412,sms,LOC0085
CDR001344,PH00452,PH00743,2026-07-27 06:01:00,293,app_message,LOC0052
CDR001345,PH00393,PH00896,2026-06-20 00:18:00,1579,call,LOC0152
CDR001346,PH00813,PH00586,2026-02-05 08:25:00,1787,call,LOC0066
CDR001347,PH00635,PH00131,2026-03-11 01:38:00,2065,call,LOC0056
CDR001348,PH00442,PH00924,2026-02-08 09:12:00,1530,call,LOC0153
CDR001349,PH00504,PH00820,2026-02-07 12:05:00,1199,sms,LOC0002
CDR001350,PH00492,PH00407,2026-01-14 06:49:00,1927,call,LOC0142
CDR001351,PH00687,PH00966,2026-04-26 19:16:00,913,app_message,LOC0008
CDR001352,PH01056,PH00821,2026-01-03 14:27:00,1921,call,LOC0148
CDR001353,PH01006,PH00683,2026-03-21 20:07:00,1850,call,LOC0146
CDR001354,PH00960,PH01076,2026-08-03 22:36:00,1669,call,LOC0048
CDR001355,PH01107,PH00681,2026-04-07 00:48:00,1219,call,LOC0083
CDR001356,PH00635,PH00229,2026-07-23 10:07:00,546,call,LOC0171
CDR001357,PH01113,PH00859,2026-07-13 00:44:00,657,call,LOC0057
CDR001358,PH01156,PH01007,2026-07-18 18:30:00,1770,call,LOC0135
CDR001359,PH00434,PH00814,2026-06-06 09:39:00,2134,call,LOC0007
CDR001360,PH00055,PH00282,2026-07-06 23:31:00,1521,call,LOC0061
CDR001361,PH00403,PH00115,2026-03-09 01:29:00,866,call,LOC0010
CDR001362,PH00589,PH00549,2026-03-30 01:08:00,719,app_message,LOC0043
CDR001363,PH00322,PH00726,2026-07-19 19:08:00,1327,call,LOC0038
CDR001364,PH00483,PH00196,2026-03-25 06:14:00,7,app_message,LOC0151
CDR001365,PH00206,PH00136,2026-01-26 04:33:00,1881,app_message,LOC0044
CDR001366,PH00448,PH00490,2026-02-04 05:24:00,1866,app_message,LOC0096
CDR001367,PH00169,PH00896,2026-05-13 15:41:00,1528,call,LOC0030
CDR001368,PH00314,PH00453,2026-08-30 17:31:00,371,app_message,LOC0167
CDR001369,PH00819,PH00769,2026-03-10 01:26:00,383,call,LOC0170
CDR001370,PH00335,PH00222,2026-04-13 07:58:00,1292,app_message,LOC0044
CDR001371,PH00152,PH00094,2026-08-19 03:00:00,247,app_message,LOC0121
CDR001372,PH00452,PH00573,2026-07-10 18:03:00,1798,call,LOC0114
CDR001373,PH00654,PH00874,2026-03-01 04:23:00,456,call,LOC0007
CDR001374,PH00346,PH00598,2026-07-09 12:36:00,1646,app_message,LOC0083
CDR001375,PH00495,PH00841,2026-07-08 01:37:00,815,sms,LOC0047
CDR001376,PH01025,PH00027,2026-07-16 07:04:00,784,app_message,LOC0063
CDR001377,PH00139,PH00692,2026-08-10 01:29:00,2230,sms,LOC0042
CDR001378,PH00901,PH00263,2026-03-15 14:42:00,382,sms,LOC0130
CDR001379,PH00567,PH00177,2026-04-25 17:53:00,616,call,LOC0039
CDR001380,PH00435,PH00819,2026-03-14 22:56:00,2185,call,LOC0169
CDR001381,PH00345,PH00081,2026-06-20 17:39:00,1069,sms,LOC0105
CDR001382,PH00215,PH00838,2026-02-11 08:54:00,1978,sms,LOC0013
CDR001383,PH00348,PH01125,2026-07-12 18:42:00,1477,call,LOC0089
CDR001384,PH01183,PH00606,2026-05-31 12:49:00,1445,sms,LOC0015
CDR001385,PH01075,PH00339,2026-06-16 21:13:00,1046,sms,LOC0123
CDR001386,PH00448,PH01190,2026-06-05 18:38:00,736,sms,LOC0061
CDR001387,PH00666,PH01173,2026-01-31 15:07:00,2056,sms,LOC0178
CDR001388,PH00864,PH00661,2026-03-27 01:41:00,1492,call,LOC0116
CDR001389,PH00700,PH01147,2026-02-25 00:18:00,1779,app_message,LOC0108
CDR001390,PH00669,PH00647,2026-03-22 06:59:00,677,sms,LOC0160
CDR001391,PH00787,PH00701,2026-02-07 11:16:00,1160,sms,LOC0094
CDR001392,PH00303,PH00761,2026-03-18 19:37:00,2114,sms,LOC0118
CDR001393,PH00168,PH00920,2026-07-14 16:12:00,453,sms,LOC0042
CDR001394,PH00382,PH00122,2026-02-23 07:50:00,1588,app_message,LOC0173
CDR001395,PH00298,PH00035,2026-08-12 23:56:00,175,app_message,LOC0030
CDR001396,PH00091,PH00514,2026-04-06 00:43:00,456,sms,LOC0059
CDR001397,PH01072,PH00994,2026-07-18 15:22:00,1337,sms,LOC0088
CDR001398,PH00509,PH00272,2026-01-06 18:17:00,1374,app_message,LOC0165
CDR001399,PH00835,PH00679,2026-04-16 12:47:00,1755,sms,LOC0112
CDR001400,PH00920,PH00600,2026-03-23 02:42:00,1777,sms,LOC0136
CDR001401,PH01036,PH00001,2026-04-11 14:32:00,2309,app_message,LOC0062
CDR001402,PH00308,PH00931,2026-05-28 11:03:00,1617,call,LOC0148
CDR001403,PH00289,PH00744,2026-08-17 07:13:00,1569,call,LOC0141
CDR001404,PH00636,PH01176,2026-04-07 23:49:00,770,sms,LOC0073
CDR001405,PH00089,PH01141,2026-08-04 15:52:00,737,sms,LOC0033
CDR001406,PH00756,PH01114,2026-06-01 01:32:00,2329,call,LOC0154
CDR001407,PH00928,PH01113,2026-03-22 13:04:00,175,call,LOC0143
CDR001408,PH00002,PH00215,2026-06-28 10:28:00,1753,call,LOC0067
CDR001409,PH01160,PH00626,2026-02-19 22:21:00,577,call,LOC0081
CDR001410,PH00511,PH01183,2026-04-16 19:17:00,1333,app_message,LOC0011
CDR001411,PH00648,PH00039,2026-05-12 10:05:00,998,app_message,LOC0070
CDR001412,PH01157,PH00655,2026-04-17 08:44:00,1359,app_message,LOC0064
CDR001413,PH00602,PH00806,2026-05-18 06:36:00,1284,sms,LOC0043
CDR001414,PH00973,PH00517,2026-03-29 14:01:00,1193,sms,LOC0105
CDR001415,PH00602,PH00988,2026-05-29 21:22:00,1585,call,LOC0129
CDR001416,PH00216,PH01174,2026-01-28 18:43:00,1721,app_message,LOC0038
CDR001417,PH00846,PH00890,2026-01-23 12:41:00,1610,sms,LOC0157
CDR001418,PH00557,PH00820,2026-06-20 08:48:00,1328,sms,LOC0108
CDR001419,PH00606,PH00403,2026-02-06 14:50:00,1296,app_message,LOC0025
CDR001420,PH00684,PH00064,2026-03-28 19:33:00,2331,call,LOC0073
CDR001421,PH00114,PH01036,2026-02-14 12:32:00,1488,call,LOC0052
CDR001422,PH00818,PH01191,2026-04-12 02:23:00,1293,sms,LOC0073
CDR001423,PH01183,PH00476,2026-03-22 01:27:00,1831,sms,LOC0093
CDR001424,PH00723,PH00507,2026-05-16 21:48:00,1903,sms,LOC0050
CDR001425,PH00197,PH00276,2026-03-18 21:47:00,789,call,LOC0085
CDR001426,PH00615,PH01014,2026-03-09 12:06:00,1440,call,LOC0174
CDR001427,PH00398,PH00860,2026-07-10 06:11:00,2042,call,LOC0143
CDR001428,PH00986,PH00453,2026-08-26 17:26:00,1985,call,LOC0130
CDR001429,PH00522,PH00334,2026-05-14 07:28:00,542,sms,LOC0001
CDR001430,PH00360,PH00191,2026-07-09 01:54:00,960,app_message,LOC0004
CDR001431,PH00355,PH01198,2026-07-25 14:38:00,1966,sms,LOC0069
CDR001432,PH00005,PH00599,2026-04-18 21:05:00,1529,call,LOC0004
CDR001433,PH00775,PH00406,2026-02-04 16:41:00,1606,sms,LOC0124
CDR001434,PH00896,PH00059,2026-05-10 12:14:00,1956,app_message,LOC0010
CDR001435,PH00777,PH00260,2026-01-15 21:18:00,1844,call,LOC0023
CDR001436,PH00628,PH00172,2026-03-20 03:06:00,1842,call,LOC0066
CDR001437,PH00024,PH00584,2026-03-04 06:25:00,246,sms,LOC0127
CDR001438,PH00038,PH00361,2026-01-06 20:38:00,88,app_message,LOC0003
CDR001439,PH00084,PH00255,2026-06-01 20:54:00,2185,call,LOC0106
CDR001440,PH00695,PH00526,2026-05-29 00:59:00,1013,sms,LOC0114
CDR001441,PH01189,PH00163,2026-08-19 07:57:00,1440,call,LOC0132
CDR001442,PH00617,PH01043,2026-08-14 08:04:00,1916,app_message,LOC0126
CDR001443,PH00292,PH00394,2026-01-02 09:25:00,582,sms,LOC0153
CDR001444,PH01092,PH00673,2026-05-27 09:00:00,1714,sms,LOC0081
CDR001445,PH00021,PH00259,2026-05-07 15:54:00,1458,call,LOC0053
CDR001446,PH00368,PH00085,2026-01-22 02:04:00,283,app_message,LOC0061
CDR001447,PH00125,PH00688,2026-07-16 07:58:00,2368,app_message,LOC0057
CDR001448,PH00377,PH00974,2026-03-02 23:19:00,52,sms,LOC0159
CDR001449,PH00526,PH00582,2026-01-05 23:15:00,1569,call,LOC0146
CDR001450,PH00127,PH00471,2026-02-21 14:59:00,1196,call,LOC0119
CDR001451,PH00880,PH01065,2026-04-29 19:21:00,1330,app_message,LOC0134
CDR001452,PH00334,PH00310,2026-05-07 01:17:00,684,sms,LOC0103
CDR001453,PH00629,PH00693,2026-04-27 05:28:00,927,call,LOC0170
CDR001454,PH00286,PH00122,2026-04-03 18:33:00,683,sms,LOC0055
CDR001455,PH00382,PH00349,2026-02-28 21:08:00,2257,call,LOC0170
CDR001456,PH00827,PH00505,2026-07-25 21:45:00,1318,app_message,LOC0083
CDR001457,PH01104,PH01024,2026-03-15 01:20:00,531,sms,LOC0136
CDR001458,PH00345,PH00916,2026-01-24 09:56:00,2287,call,LOC0180
CDR001459,PH00105,PH00954,2026-08-26 15:46:00,816,sms,LOC0054
CDR001460,PH00027,PH00252,2026-06-10 04:32:00,2045,call,LOC0023
CDR001461,PH00908,PH00396,2026-04-20 02:00:00,1131,sms,LOC0126
CDR001462,PH00270,PH01177,2026-07-13 19:47:00,910,call,LOC0065
CDR001463,PH00547,PH00716,2026-08-16 10:34:00,762,app_message,LOC0120
CDR001464,PH00826,PH01033,2026-04-16 04:12:00,516,sms,LOC0177
CDR001465,PH00142,PH01168,2026-08-22 02:47:00,1589,call,LOC0171
CDR001466,PH00924,PH00479,2026-07-31 00:13:00,1780,call,LOC0056
CDR001467,PH00021,PH00429,2026-03-30 07:21:00,1170,call,LOC0023
CDR001468,PH00478,PH00275,2026-08-22 01:52:00,725,app_message,LOC0169
CDR001469,PH00495,PH00023,2026-08-24 21:15:00,2399,app_message,LOC0134
CDR001470,PH00079,PH00906,2026-02-28 14:05:00,1094,sms,LOC0045
CDR001471,PH01134,PH00285,2026-06-12 09:04:00,1591,app_message,LOC0097
CDR001472,PH01099,PH00384,2026-04-17 22:09:00,2335,app_message,LOC0041
CDR001473,PH00640,PH00406,2026-07-11 14:42:00,481,call,LOC0039
CDR001474,PH00379,PH00203,2026-02-06 02:31:00,160,sms,LOC0106
CDR001475,PH00402,PH00966,2026-01-23 12:13:00,12,call,LOC0069
CDR001476,PH00945,PH00051,2026-06-14 02:04:00,298,sms,LOC0166
CDR001477,PH00433,PH01096,2026-04-27 16:03:00,625,sms,LOC0171
CDR001478,PH01188,PH00127,2026-03-02 19:15:00,973,app_message,LOC0062
CDR001479,PH00370,PH00200,2026-08-07 19:19:00,1908,call,LOC0180
CDR001480,PH00845,PH00937,2026-07-16 22:14:00,181,sms,LOC0150
CDR001481,PH01052,PH00332,2026-08-07 13:51:00,438,sms,LOC0113
CDR001482,PH00750,PH00830,2026-06-20 05:47:00,1511,sms,LOC0107
CDR001483,PH00267,PH00285,2026-02-22 23:19:00,463,app_message,LOC0166
CDR001484,PH00721,PH00926,2026-08-21 03:16:00,1825,call,LOC0137
CDR001485,PH00202,PH00615,2026-05-02 23:22:00,2146,call,LOC0021
CDR001486,PH00724,PH01181,2026-01-23 13:38:00,1868,call,LOC0120
CDR001487,PH01123,PH01038,2026-03-18 02:55:00,817,sms,LOC0154
CDR001488,PH00611,PH00922,2026-06-02 22:33:00,381,app_message,LOC0131
CDR001489,PH00606,PH00654,2026-01-09 07:19:00,119,sms,LOC0155
CDR001490,PH00042,PH00867,2026-05-13 21:14:00,846,app_message,LOC0026
CDR001491,PH01176,PH00971,2026-07-08 22:59:00,2187,app_message,LOC0151
CDR001492,PH00023,PH00392,2026-07-27 15:43:00,1650,call,LOC0144
CDR001493,PH00241,PH00992,2026-07-08 09:02:00,317,app_message,LOC0119
CDR001494,PH00486,PH00182,2026-02-12 23:08:00,103,app_message,LOC0177
CDR001495,PH00007,PH00659,2026-01-12 19:56:00,1007,app_message,LOC0095
CDR001496,PH00507,PH00957,2026-02-03 08:07:00,976,app_message,LOC0150
CDR001497,PH01098,PH00596,2026-07-10 02:49:00,184,sms,LOC0166
CDR001498,PH00878,PH00168,2026-04-23 00:40:00,248,call,LOC0043
CDR001499,PH00832,PH00759,2026-05-23 19:25:00,765,app_message,LOC0070
CDR001500,PH00935,PH00254,2026-05-04 10:46:00,1292,call,LOC0026
CDR001501,PH01133,PH00787,2026-04-30 14:21:00,6,call,LOC0041
CDR001502,PH00450,PH01167,2026-08-04 12:49:00,1579,app_message,LOC0134
CDR001503,PH00403,PH00654,2026-02-02 17:26:00,561,call,LOC0146
CDR001504,PH00406,PH00409,2026-03-17 12:40:00,2252,call,LOC0066
CDR001505,PH00938,PH00411,2026-08-16 03:31:00,1357,call,LOC0120
CDR001506,PH01136,PH00448,2026-05-19 12:11:00,357,call,LOC0009
CDR001507,PH00905,PH00941,2026-02-05 20:11:00,1252,call,LOC0142
CDR001508,PH00389,PH00474,2026-06-04 20:31:00,1602,call,LOC0082
CDR001509,PH00741,PH00272,2026-03-04 16:20:00,1136,call,LOC0054
CDR001510,PH00473,PH00040,2026-08-30 22:01:00,1309,sms,LOC0045
CDR001511,PH00546,PH00409,2026-05-09 09:21:00,579,app_message,LOC0099
CDR001512,PH00376,PH00684,2026-06-02 04:52:00,966,call,LOC0128
CDR001513,PH00275,PH00112,2026-02-23 12:26:00,1119,call,LOC0168
CDR001514,PH00819,PH00006,2026-08-03 21:56:00,173,app_message,LOC0031
CDR001515,PH00438,PH00565,2026-04-07 23:13:00,985,sms,LOC0037
CDR001516,PH00289,PH00122,2026-05-05 03:11:00,2002,app_message,LOC0133
CDR001517,PH00566,PH00340,2026-02-12 20:02:00,1309,sms,LOC0043
CDR001518,PH01076,PH00266,2026-05-02 15:16:00,1263,app_message,LOC0136
CDR001519,PH00029,PH00569,2026-08-25 17:24:00,946,call,LOC0002
CDR001520,PH00996,PH00170,2026-06-18 16:46:00,1732,sms,LOC0137
CDR001521,PH00808,PH00800,2026-02-05 12:33:00,2203,app_message,LOC0120
CDR001522,PH00039,PH00463,2026-05-12 01:19:00,1541,sms,LOC0101
CDR001523,PH00731,PH00382,2026-01-25 05:02:00,1037,sms,LOC0010
CDR001524,PH00001,PH00114,2026-01-17 02:24:00,627,call,LOC0112
CDR001525,PH00528,PH00557,2026-02-21 06:49:00,753,sms,LOC0115
CDR001526,PH01027,PH00014,2026-08-30 02:10:00,1107,call,LOC0093
CDR001527,PH00066,PH00813,2026-06-22 14:00:00,2073,app_message,LOC0020
CDR001528,PH00846,PH00887,2026-04-04 02:18:00,779,call,LOC0172
CDR001529,PH00753,PH00827,2026-03-26 02:54:00,1489,call,LOC0166
CDR001530,PH00103,PH00504,2026-03-19 02:48:00,1905,app_message,LOC0094
CDR001531,PH01047,PH00709,2026-02-28 16:46:00,837,sms,LOC0149
CDR001532,PH00834,PH00620,2026-02-15 05:41:00,1806,app_message,LOC0075
CDR001533,PH00910,PH00386,2026-03-24 08:16:00,1834,sms,LOC0153
CDR001534,PH00423,PH00268,2026-05-27 00:28:00,1397,app_message,LOC0090
CDR001535,PH00759,PH01094,2026-08-10 10:43:00,1364,call,LOC0129
CDR001536,PH00926,PH00229,2026-06-19 13:24:00,2364,call,LOC0098
CDR001537,PH00287,PH00291,2026-08-14 08:46:00,1942,app_message,LOC0138
CDR001538,PH00146,PH00980,2026-07-10 16:53:00,1154,app_message,LOC0054
CDR001539,PH00506,PH00042,2026-03-09 11:25:00,1630,app_message,LOC0049
CDR001540,PH00916,PH00881,2026-01-16 07:49:00,39,sms,LOC0085
CDR001541,PH00851,PH00679,2026-05-12 12:58:00,1451,call,LOC0141
CDR001542,PH00727,PH00820,2026-01-23 10:25:00,1657,call,LOC0045
CDR001543,PH00837,PH00986,2026-05-12 08:20:00,775,sms,LOC0126
CDR001544,PH00158,PH00105,2026-03-10 20:01:00,607,app_message,LOC0114
CDR001545,PH00424,PH00808,2026-02-14 05:40:00,884,call,LOC0040
CDR001546,PH00245,PH00316,2026-02-26 23:33:00,122,call,LOC0069
CDR001547,PH00954,PH00239,2026-06-30 06:04:00,726,call,LOC0070
CDR001548,PH00726,PH00783,2026-05-01 21:34:00,599,app_message,LOC0102
CDR001549,PH00971,PH00091,2026-07-01 22:25:00,1446,call,LOC0014
CDR001550,PH00354,PH00001,2026-05-12 10:30:00,567,app_message,LOC0109
CDR001551,PH00339,PH00925,2026-06-12 14:21:00,1474,call,LOC0122
CDR001552,PH00982,PH00856,2026-03-30 04:37:00,1857,sms,LOC0094
CDR001553,PH00602,PH01133,2026-04-19 03:07:00,1637,call,LOC0141
CDR001554,PH00920,PH00944,2026-03-10 09:37:00,1235,sms,LOC0166
CDR001555,PH00315,PH01152,2026-06-21 02:53:00,678,sms,LOC0177
CDR001556,PH00658,PH00938,2026-02-07 12:27:00,1924,sms,LOC0174
CDR001557,PH00130,PH00047,2026-05-17 13:54:00,1288,sms,LOC0162
CDR001558,PH00780,PH00384,2026-01-26 11:14:00,245,sms,LOC0165
CDR001559,PH00622,PH00641,2026-07-31 17:23:00,526,app_message,LOC0085
CDR001560,PH01172,PH00337,2026-01-13 19:23:00,1514,app_message,LOC0062
CDR001561,PH00482,PH00078,2026-07-06 18:10:00,927,app_message,LOC0172
CDR001562,PH00615,PH00184,2026-06-09 03:14:00,422,call,LOC0154
CDR001563,PH00571,PH00240,2026-02-22 16:05:00,701,sms,LOC0006
CDR001564,PH00973,PH00182,2026-05-05 12:33:00,1088,sms,LOC0069
CDR001565,PH00019,PH01060,2026-05-01 14:37:00,606,sms,LOC0121
CDR001566,PH00046,PH00680,2026-05-21 12:07:00,1791,app_message,LOC0138
CDR001567,PH00855,PH01016,2026-07-29 17:58:00,32,call,LOC0065
CDR001568,PH00429,PH00713,2026-06-21 20:41:00,339,call,LOC0033
CDR001569,PH00449,PH00003,2026-07-20 08:27:00,498,sms,LOC0107
CDR001570,PH00368,PH00983,2026-02-15 13:35:00,527,call,LOC0161
CDR001571,PH00284,PH00760,2026-08-11 15:06:00,287,app_message,LOC0144
CDR001572,PH00546,PH00028,2026-08-13 21:37:00,1301,app_message,LOC0137
CDR001573,PH00438,PH00350,2026-07-20 03:02:00,2256,sms,LOC0038
CDR001574,PH00271,PH00351,2026-04-27 22:38:00,1443,sms,LOC0095
CDR001575,PH00698,PH00107,2026-06-20 16:03:00,70,sms,LOC0106
CDR001576,PH00075,PH00377,2026-02-09 18:08:00,2229,sms,LOC0082
CDR001577,PH00624,PH00684,2026-02-05 01:45:00,2267,call,LOC0129
CDR001578,PH01144,PH00978,2026-02-19 13:16:00,1837,sms,LOC0079
CDR001579,PH00254,PH00831,2026-06-21 19:14:00,1654,call,LOC0110
CDR001580,PH01032,PH00608,2026-08-01 12:29:00,1058,sms,LOC0032
CDR001581,PH00906,PH01178,2026-01-09 06:50:00,909,call,LOC0049
CDR001582,PH00217,PH00354,2026-02-01 02:51:00,839,app_message,LOC0051
CDR001583,PH00802,PH00554,2026-03-06 14:24:00,1986,app_message,LOC0081
CDR001584,PH00969,PH00349,2026-01-15 02:15:00,427,app_message,LOC0025
CDR001585,PH00166,PH00125,2026-06-14 18:14:00,1442,app_message,LOC0090
CDR001586,PH00209,PH00724,2026-03-22 03:31:00,1540,call,LOC0151
CDR001587,PH01064,PH00251,2026-03-02 08:34:00,1286,call,LOC0032
CDR001588,PH00493,PH00632,2026-07-07 08:36:00,1259,call,LOC0164
CDR001589,PH00742,PH00937,2026-08-01 18:19:00,5,call,LOC0059
CDR001590,PH00272,PH01076,2026-03-30 02:30:00,394,call,LOC0095
CDR001591,PH00569,PH00039,2026-04-13 20:56:00,921,sms,LOC0004
CDR001592,PH00648,PH00584,2026-08-23 08:39:00,977,call,LOC0105
CDR001593,PH01167,PH00516,2026-02-20 08:29:00,1587,sms,LOC0015
CDR001594,PH00430,PH00137,2026-04-23 01:54:00,1756,sms,LOC0080
CDR001595,PH00867,PH01116,2026-08-18 05:18:00,939,call,LOC0023
CDR001596,PH01058,PH00575,2026-07-17 16:01:00,633,call,LOC0107
CDR001597,PH00986,PH00777,2026-02-26 22:28:00,2392,sms,LOC0095
CDR001598,PH00684,PH00120,2026-05-09 04:22:00,704,sms,LOC0011
CDR001599,PH01157,PH00141,2026-05-17 12:53:00,1161,call,LOC0053
CDR001600,PH00895,PH00582,2026-06-24 18:40:00,593,sms,LOC0031
CDR001601,PH00958,PH00934,2026-08-25 22:33:00,1512,sms,LOC0104
CDR001602,PH00977,PH00863,2026-02-08 12:14:00,61,call,LOC0016
CDR001603,PH00135,PH00940,2026-08-09 16:00:00,1544,call,LOC0019
CDR001604,PH00357,PH01007,2026-02-06 22:11:00,1231,call,LOC0177
CDR001605,PH00500,PH00810,2026-08-02 18:35:00,1970,call,LOC0065
CDR001606,PH00964,PH00044,2026-05-13 16:08:00,1518,call,LOC0014
CDR001607,PH00593,PH00957,2026-05-15 11:26:00,795,app_message,LOC0046
CDR001608,PH01127,PH00713,2026-04-12 06:11:00,1601,app_message,LOC0058
CDR001609,PH00024,PH00697,2026-04-21 22:06:00,2195,call,LOC0060
CDR001610,PH00972,PH01047,2026-01-09 16:05:00,458,app_message,LOC0162
CDR001611,PH00292,PH00834,2026-01-27 21:09:00,625,app_message,LOC0121
CDR001612,PH00739,PH01003,2026-05-01 04:08:00,1552,app_message,LOC0024
CDR001613,PH00704,PH00381,2026-01-15 01:58:00,2034,app_message,LOC0007
CDR001614,PH00951,PH00669,2026-06-22 01:36:00,1106,sms,LOC0122
CDR001615,PH00592,PH01192,2026-08-06 16:11:00,1411,sms,LOC0115
CDR001616,PH01138,PH00624,2026-01-14 23:34:00,1559,call,LOC0035
CDR001617,PH01109,PH00602,2026-07-05 23:01:00,61,sms,LOC0127
CDR001618,PH01112,PH00095,2026-06-26 00:14:00,1229,call,LOC0159
CDR001619,PH00895,PH00683,2026-08-18 03:03:00,1458,call,LOC0099
CDR001620,PH01151,PH00117,2026-07-02 11:40:00,1886,app_message,LOC0012
CDR001621,PH01065,PH00213,2026-07-29 07:15:00,1100,call,LOC0064
CDR001622,PH00235,PH00065,2026-04-03 07:44:00,1722,sms,LOC0113
CDR001623,PH00131,PH00683,2026-06-19 00:45:00,1719,sms,LOC0112
CDR001624,PH00658,PH00866,2026-01-17 06:08:00,2213,call,LOC0041
CDR001625,PH00597,PH01157,2026-01-06 15:48:00,1205,call,LOC0008
CDR001626,PH00791,PH00904,2026-05-08 04:07:00,542,app_message,LOC0032
CDR001627,PH01001,PH01092,2026-06-08 10:25:00,1230,app_message,LOC0175
CDR001628,PH00023,PH00101,2026-07-23 10:53:00,129,call,LOC0145
CDR001629,PH00966,PH00375,2026-04-18 14:21:00,1598,sms,LOC0132
CDR001630,PH01118,PH00578,2026-02-19 04:57:00,507,call,LOC0016
CDR001631,PH01194,PH00033,2026-04-06 12:45:00,650,app_message,LOC0086
CDR001632,PH00883,PH00630,2026-04-28 02:43:00,1082,call,LOC0045
CDR001633,PH00220,PH00381,2026-02-17 13:02:00,667,app_message,LOC0013
CDR001634,PH00750,PH00508,2026-07-24 21:49:00,926,call,LOC0118
CDR001635,PH00146,PH01080,2026-03-16 19:13:00,2188,app_message,LOC0161
CDR001636,PH01063,PH01188,2026-03-20 18:34:00,686,app_message,LOC0133
CDR001637,PH00105,PH00222,2026-03-05 10:20:00,696,app_message,LOC0137
CDR001638,PH01189,PH00978,2026-08-04 01:18:00,945,app_message,LOC0078
CDR001639,PH01045,PH00750,2026-02-27 12:54:00,2351,app_message,LOC0064
CDR001640,PH00280,PH00170,2026-04-27 14:13:00,245,call,LOC0069
CDR001641,PH00483,PH00280,2026-02-16 03:48:00,1602,app_message,LOC0021
CDR001642,PH00903,PH01020,2026-02-13 17:04:00,983,sms,LOC0033
CDR001643,PH00840,PH00798,2026-05-02 22:31:00,1725,call,LOC0025
CDR001644,PH00624,PH00071,2026-05-24 06:50:00,842,sms,LOC0091
CDR001645,PH00978,PH00386,2026-01-03 23:00:00,496,sms,LOC0094
CDR001646,PH00603,PH00878,2026-06-07 16:56:00,699,call,LOC0113
CDR001647,PH00618,PH00524,2026-05-31 16:12:00,806,app_message,LOC0053
CDR001648,PH00379,PH00788,2026-01-06 21:38:00,1768,sms,LOC0054
CDR001649,PH00470,PH00854,2026-04-18 04:30:00,997,sms,LOC0102
CDR001650,PH00318,PH00860,2026-07-09 02:51:00,2140,sms,LOC0083
CDR001651,PH00819,PH00053,2026-01-29 07:59:00,1014,app_message,LOC0002
CDR001652,PH00029,PH00263,2026-02-22 21:52:00,670,call,LOC0107
CDR001653,PH00706,PH00422,2026-06-12 13:53:00,55,call,LOC0149
CDR001654,PH01093,PH00246,2026-06-25 16:21:00,905,sms,LOC0108
CDR001655,PH00762,PH00732,2026-02-08 20:10:00,2296,sms,LOC0092
CDR001656,PH00324,PH00494,2026-04-08 00:01:00,285,app_message,LOC0175
CDR001657,PH00593,PH00391,2026-06-30 03:46:00,2101,sms,LOC0154
CDR001658,PH01028,PH00891,2026-04-30 09:57:00,1548,call,LOC0076
CDR001659,PH01055,PH01098,2026-01-27 00:25:00,2382,call,LOC0082
CDR001660,PH00221,PH00163,2026-07-17 09:45:00,267,app_message,LOC0112
CDR001661,PH00246,PH00149,2026-07-26 16:49:00,1737,sms,LOC0163
CDR001662,PH01012,PH00194,2026-02-15 14:47:00,1722,app_message,LOC0146
CDR001663,PH01188,PH00673,2026-08-22 20:41:00,865,app_message,LOC0010
CDR001664,PH01020,PH01116,2026-07-22 12:43:00,2200,app_message,LOC0158
CDR001665,PH00997,PH00625,2026-08-15 04:59:00,1818,sms,LOC0113
CDR001666,PH01071,PH01132,2026-02-18 10:06:00,2264,app_message,LOC0059
CDR001667,PH00965,PH00901,2026-07-31 05:44:00,1676,app_message,LOC0147
CDR001668,PH00346,PH00740,2026-03-26 06:09:00,1451,sms,LOC0174
CDR001669,PH01095,PH00778,2026-03-16 03:16:00,1255,call,LOC0102
CDR001670,PH01092,PH00356,2026-08-04 19:00:00,1199,sms,LOC0103
CDR001671,PH00093,PH00328,2026-06-22 05:42:00,408,sms,LOC0068
CDR001672,PH00753,PH00577,2026-06-17 00:58:00,2362,call,LOC0011
CDR001673,PH00844,PH00264,2026-04-18 11:10:00,1599,call,LOC0034
CDR001674,PH00652,PH00001,2026-02-17 19:31:00,1728,sms,LOC0164
CDR001675,PH01050,PH00974,2026-01-19 02:32:00,1532,app_message,LOC0152
CDR001676,PH00565,PH00504,2026-06-21 14:20:00,761,call,LOC0137
CDR001677,PH00077,PH00430,2026-03-28 11:47:00,947,sms,LOC0105
CDR001678,PH00806,PH00131,2026-02-16 13:08:00,2334,app_message,LOC0068
CDR001679,PH01082,PH01063,2026-06-17 20:07:00,2249,app_message,LOC0129
CDR001680,PH00517,PH00182,2026-05-29 00:21:00,2084,call,LOC0008
CDR001681,PH00525,PH00863,2026-05-20 13:43:00,1581,call,LOC0075
CDR001682,PH00510,PH00921,2026-04-19 16:35:00,1587,call,LOC0161
CDR001683,PH01059,PH00783,2026-02-19 09:38:00,358,call,LOC0095
CDR001684,PH00596,PH00439,2026-01-31 21:32:00,736,call,LOC0013
CDR001685,PH00511,PH00273,2026-02-03 20:14:00,242,app_message,LOC0128
CDR001686,PH00013,PH00126,2026-04-25 07:53:00,557,call,LOC0001
CDR001687,PH00714,PH01040,2026-05-27 10:53:00,1344,call,LOC0109
CDR001688,PH00300,PH01118,2026-02-07 20:47:00,430,app_message,LOC0044
CDR001689,PH01041,PH00727,2026-03-17 12:42:00,1063,sms,LOC0114
CDR001690,PH00881,PH00822,2026-08-23 18:11:00,516,call,LOC0002
CDR001691,PH00119,PH00949,2026-04-03 11:12:00,237,app_message,LOC0012
CDR001692,PH00428,PH00027,2026-07-07 16:27:00,1102,app_message,LOC0082
CDR001693,PH00539,PH01018,2026-03-12 01:07:00,1331,call,LOC0122
CDR001694,PH00935,PH00537,2026-04-09 18:42:00,1483,app_message,LOC0148
CDR001695,PH00868,PH01049,2026-02-06 16:55:00,217,app_message,LOC0132
CDR001696,PH00537,PH00400,2026-02-11 00:56:00,50,call,LOC0096
CDR001697,PH00506,PH00308,2026-06-14 18:02:00,1334,sms,LOC0071
CDR001698,PH00151,PH00050,2026-06-18 16:50:00,965,call,LOC0074
CDR001699,PH00571,PH01200,2026-04-04 12:15:00,773,sms,LOC0048
CDR001700,PH00190,PH00806,2026-05-19 20:42:00,1703,call,LOC0066
CDR001701,PH00031,PH01087,2026-02-10 10:47:00,913,app_message,LOC0177
CDR001702,PH00491,PH00494,2026-05-31 07:42:00,664,sms,LOC0002
CDR001703,PH01030,PH00092,2026-03-07 20:11:00,632,call,LOC0149
CDR001704,PH01015,PH00013,2026-07-08 08:42:00,648,app_message,LOC0161
CDR001705,PH00359,PH00609,2026-07-17 05:32:00,721,sms,LOC0136
CDR001706,PH00962,PH01048,2026-08-24 11:09:00,1195,call,LOC0048
CDR001707,PH01150,PH00486,2026-05-10 20:45:00,1919,sms,LOC0178
CDR001708,PH00569,PH00537,2026-05-20 11:58:00,1905,app_message,LOC0046
CDR001709,PH00643,PH00765,2026-05-28 17:27:00,630,sms,LOC0018
CDR001710,PH00337,PH00087,2026-01-18 20:22:00,815,call,LOC0006
CDR001711,PH01148,PH00016,2026-01-29 16:52:00,289,call,LOC0002
CDR001712,PH00097,PH00001,2026-05-30 11:33:00,170,call,LOC0085
CDR001713,PH00526,PH01120,2026-01-16 16:27:00,1914,call,LOC0129
CDR001714,PH00196,PH00933,2026-03-04 09:10:00,980,app_message,LOC0157
CDR001715,PH00634,PH00344,2026-02-14 21:46:00,2188,sms,LOC0055
CDR001716,PH00327,PH00503,2026-05-10 04:07:00,1915,app_message,LOC0035
CDR001717,PH00437,PH00835,2026-07-14 02:39:00,53,sms,LOC0011
CDR001718,PH00056,PH00820,2026-03-31 05:12:00,1046,call,LOC0138
CDR001719,PH00129,PH00236,2026-08-23 06:26:00,1082,app_message,LOC0136
CDR001720,PH00834,PH00040,2026-01-30 01:27:00,247,call,LOC0132
CDR001721,PH00571,PH01048,2026-03-06 08:07:00,1073,app_message,LOC0170
CDR001722,PH00425,PH00034,2026-01-11 14:26:00,573,call,LOC0007
CDR001723,PH00105,PH00397,2026-03-24 15:21:00,1256,call,LOC0174
CDR001724,PH00958,PH00101,2026-03-21 00:30:00,2293,call,LOC0065
CDR001725,PH00712,PH00659,2026-02-19 13:58:00,942,call,LOC0155
CDR001726,PH00503,PH00814,2026-02-07 19:15:00,1834,call,LOC0001
CDR001727,PH00771,PH00389,2026-03-21 07:44:00,1622,app_message,LOC0142
CDR001728,PH00093,PH00853,2026-05-29 14:29:00,1097,call,LOC0113
CDR001729,PH00991,PH00432,2026-07-25 09:24:00,2137,sms,LOC0100
CDR001730,PH01114,PH00338,2026-06-18 12:09:00,904,sms,LOC0084
CDR001731,PH00512,PH01097,2026-06-01 18:20:00,52,app_message,LOC0066
CDR001732,PH00673,PH01145,2026-02-21 20:47:00,1836,sms,LOC0063
CDR001733,PH00605,PH00409,2026-04-04 13:27:00,1726,sms,LOC0132
CDR001734,PH00737,PH00075,2026-02-01 16:57:00,362,app_message,LOC0003
CDR001735,PH00487,PH00908,2026-03-11 05:40:00,135,app_message,LOC0102
CDR001736,PH00318,PH00398,2026-03-07 09:14:00,986,sms,LOC0080
CDR001737,PH00359,PH00437,2026-03-20 06:29:00,58,app_message,LOC0037
CDR001738,PH00182,PH01017,2026-02-11 00:07:00,2107,app_message,LOC0133
CDR001739,PH00576,PH00965,2026-05-25 22:01:00,1512,call,LOC0014
CDR001740,PH00418,PH01136,2026-01-29 05:44:00,1937,sms,LOC0078
CDR001741,PH00228,PH01121,2026-04-27 09:00:00,989,app_message,LOC0168
CDR001742,PH00741,PH00839,2026-05-07 08:07:00,1077,app_message,LOC0140
CDR001743,PH00778,PH00770,2026-08-31 17:10:00,1809,sms,LOC0014
CDR001744,PH00511,PH00575,2026-08-28 18:25:00,1771,app_message,LOC0119
CDR001745,PH01076,PH00047,2026-03-06 17:47:00,483,sms,LOC0028
CDR001746,PH00605,PH00694,2026-05-04 17:21:00,2348,call,LOC0076
CDR001747,PH00330,PH01003,2026-07-29 12:21:00,1270,call,LOC0054
CDR001748,PH00221,PH00116,2026-02-08 22:41:00,1717,call,LOC0072
CDR001749,PH00035,PH00647,2026-07-14 23:30:00,807,sms,LOC0167
CDR001750,PH00418,PH00311,2026-04-21 09:38:00,1290,call,LOC0131
CDR001751,PH00987,PH01011,2026-04-30 05:31:00,1485,app_message,LOC0138
CDR001752,PH00129,PH00605,2026-05-24 15:41:00,1219,sms,LOC0114
CDR001753,PH00104,PH00751,2026-03-01 12:05:00,274,app_message,LOC0172
CDR001754,PH00688,PH01150,2026-04-03 10:54:00,1624,call,LOC0101
CDR001755,PH01006,PH00738,2026-01-26 00:58:00,724,sms,LOC0098
CDR001756,PH01076,PH00960,2026-04-10 14:14:00,1018,sms,LOC0087
CDR001757,PH00054,PH00114,2026-08-12 19:02:00,1770,app_message,LOC0179
CDR001758,PH00830,PH00806,2026-07-29 15:02:00,33,sms,LOC0175
CDR001759,PH00880,PH00853,2026-01-08 10:05:00,2400,app_message,LOC0151
CDR001760,PH00848,PH01040,2026-06-25 20:10:00,126,app_message,LOC0127
CDR001761,PH01055,PH00429,2026-05-14 05:58:00,548,app_message,LOC0069
CDR001762,PH01088,PH00608,2026-02-04 20:38:00,1510,call,LOC0089
CDR001763,PH00993,PH00746,2026-06-10 00:56:00,2322,app_message,LOC0162
CDR001764,PH00571,PH00246,2026-04-24 14:17:00,874,app_message,LOC0056
CDR001765,PH00953,PH00621,2026-06-07 00:41:00,2243,app_message,LOC0058
CDR001766,PH00659,PH00752,2026-06-14 23:12:00,1549,call,LOC0009
CDR001767,PH00571,PH00244,2026-01-04 11:48:00,953,app_message,LOC0177
CDR001768,PH00996,PH00618,2026-04-21 12:41:00,1972,sms,LOC0178
CDR001769,PH01089,PH00446,2026-07-09 02:36:00,2069,call,LOC0078
CDR001770,PH00446,PH00402,2026-01-13 10:49:00,1805,call,LOC0162
CDR001771,PH00335,PH00423,2026-07-11 09:25:00,2120,sms,LOC0089
CDR001772,PH00844,PH00170,2026-01-06 13:44:00,2018,call,LOC0105
CDR001773,PH00714,PH00229,2026-01-30 14:52:00,595,app_message,LOC0059
CDR001774,PH00366,PH01010,2026-01-31 19:25:00,1440,sms,LOC0077
CDR001775,PH00741,PH00422,2026-03-14 05:36:00,943,app_message,LOC0151
CDR001776,PH00983,PH00334,2026-03-15 18:39:00,77,call,LOC0039
CDR001777,PH01060,PH01102,2026-01-02 05:48:00,2286,app_message,LOC0012
CDR001778,PH00690,PH00375,2026-08-04 11:55:00,1555,sms,LOC0049
CDR001779,PH00242,PH01077,2026-02-14 23:40:00,435,app_message,LOC0071
CDR001780,PH00392,PH00713,2026-07-01 23:26:00,858,call,LOC0056
CDR001781,PH00178,PH00333,2026-07-14 23:19:00,146,call,LOC0005
CDR001782,PH00596,PH00270,2026-07-10 05:34:00,2277,app_message,LOC0038
CDR001783,PH00164,PH00774,2026-06-23 10:17:00,476,app_message,LOC0064
CDR001784,PH00135,PH00822,2026-06-06 13:19:00,441,call,LOC0022
CDR001785,PH00367,PH00621,2026-06-18 18:13:00,1054,sms,LOC0116
CDR001786,PH00967,PH00151,2026-04-24 23:30:00,618,app_message,LOC0153
CDR001787,PH00160,PH00701,2026-03-14 02:11:00,1391,sms,LOC0104
CDR001788,PH00527,PH00950,2026-06-15 13:40:00,2398,app_message,LOC0144
CDR001789,PH00934,PH00513,2026-08-16 16:16:00,271,app_message,LOC0143
CDR001790,PH00498,PH00640,2026-07-27 05:12:00,38,app_message,LOC0061
CDR001791,PH00567,PH00160,2026-07-09 09:40:00,2235,sms,LOC0025
CDR001792,PH00315,PH01007,2026-02-22 23:48:00,1119,sms,LOC0066
CDR001793,PH00308,PH01163,2026-06-01 10:47:00,2081,call,LOC0095
CDR001794,PH00556,PH00497,2026-03-26 06:18:00,256,app_message,LOC0125
CDR001795,PH00921,PH00112,2026-08-27 18:31:00,753,call,LOC0054
CDR001796,PH00813,PH00004,2026-06-22 05:56:00,243,call,LOC0092
CDR001797,PH01138,PH00985,2026-01-02 17:02:00,1100,call,LOC0027
CDR001798,PH01122,PH00758,2026-08-21 15:23:00,670,app_message,LOC0071
CDR001799,PH00524,PH00233,2026-08-30 19:43:00,1293,call,LOC0152
CDR001800,PH00594,PH00033,2026-07-18 19:32:00,735,call,LOC0086
CDR001801,PH00959,PH00673,2026-01-16 07:27:00,2393,sms,LOC0061
CDR001802,PH00789,PH00799,2026-05-17 08:32:00,236,call,LOC0176
CDR001803,PH00308,PH00737,2026-08-25 03:10:00,1454,sms,LOC0103
CDR001804,PH00249,PH00210,2026-01-22 19:13:00,931,call,LOC0155
CDR001805,PH00629,PH00694,2026-02-09 17:23:00,949,sms,LOC0109
CDR001806,PH00036,PH00315,2026-06-07 06:16:00,1047,sms,LOC0002
CDR001807,PH00584,PH00379,2026-01-22 15:36:00,762,app_message,LOC0069
CDR001808,PH00103,PH01107,2026-04-07 16:16:00,2233,sms,LOC0122
CDR001809,PH00776,PH01031,2026-07-14 10:26:00,1307,sms,LOC0010
CDR001810,PH01039,PH00272,2026-06-25 22:33:00,1355,sms,LOC0165
CDR001811,PH00102,PH00783,2026-08-12 12:53:00,1882,call,LOC0089
CDR001812,PH00194,PH00277,2026-06-24 09:11:00,1086,call,LOC0177
CDR001813,PH00245,PH00230,2026-03-03 10:22:00,2013,sms,LOC0166
CDR001814,PH00737,PH00777,2026-05-16 12:47:00,60,sms,LOC0118
CDR001815,PH01079,PH00980,2026-07-12 23:52:00,179,app_message,LOC0028
CDR001816,PH00847,PH00086,2026-03-07 03:17:00,1677,call,LOC0121
CDR001817,PH00408,PH00772,2026-06-14 22:53:00,540,call,LOC0149
CDR001818,PH00175,PH00382,2026-03-27 18:08:00,66,sms,LOC0091
CDR001819,PH00465,PH01134,2026-08-14 22:21:00,2078,call,LOC0145
CDR001820,PH00882,PH00155,2026-03-13 07:48:00,333,sms,LOC0044
CDR001821,PH00584,PH01062,2026-08-07 17:44:00,510,app_message,LOC0176
CDR001822,PH00276,PH00886,2026-05-21 12:53:00,1930,call,LOC0180
CDR001823,PH00700,PH00338,2026-06-08 23:32:00,261,sms,LOC0143
CDR001824,PH00807,PH00236,2026-01-20 22:21:00,2137,sms,LOC0044
CDR001825,PH00334,PH01066,2026-05-16 23:27:00,1114,app_message,LOC0172
CDR001826,PH00170,PH00582,2026-04-20 10:41:00,1774,call,LOC0025
CDR001827,PH01072,PH00817,2026-03-14 01:52:00,2378,app_message,LOC0165
CDR001828,PH00850,PH00683,2026-05-19 04:32:00,16,sms,LOC0147
CDR001829,PH01022,PH00095,2026-01-22 09:49:00,1409,sms,LOC0151
CDR001830,PH00806,PH01145,2026-07-05 23:27:00,157,call,LOC0087
CDR001831,PH00035,PH00752,2026-02-23 16:02:00,654,sms,LOC0132
CDR001832,PH00051,PH00757,2026-03-21 13:28:00,171,sms,LOC0121
CDR001833,PH00483,PH00051,2026-08-23 12:47:00,331,call,LOC0128
CDR001834,PH00969,PH01074,2026-08-11 20:53:00,986,sms,LOC0172
CDR001835,PH00004,PH00493,2026-05-24 05:44:00,565,app_message,LOC0131
CDR001836,PH00626,PH00528,2026-02-14 23:22:00,1221,call,LOC0147
CDR001837,PH00088,PH00725,2026-05-31 07:50:00,965,sms,LOC0083
CDR001838,PH00113,PH00273,2026-04-13 16:15:00,1596,call,LOC0029
CDR001839,PH01145,PH00016,2026-01-01 09:59:00,1991,app_message,LOC0062
CDR001840,PH01156,PH01146,2026-03-09 13:04:00,353,app_message,LOC0072
CDR001841,PH00173,PH01053,2026-08-05 20:10:00,742,sms,LOC0047
CDR001842,PH00507,PH00367,2026-01-14 10:05:00,2039,sms,LOC0174
CDR001843,PH00570,PH00252,2026-03-18 22:19:00,247,sms,LOC0038
CDR001844,PH01011,PH00135,2026-05-06 07:11:00,1805,sms,LOC0148
CDR001845,PH00252,PH00841,2026-08-12 14:20:00,228,call,LOC0035
CDR001846,PH00826,PH01200,2026-04-23 02:28:00,779,sms,LOC0176
CDR001847,PH00155,PH00274,2026-03-11 13:41:00,1079,app_message,LOC0098
CDR001848,PH00764,PH00290,2026-08-06 16:56:00,626,call,LOC0089
CDR001849,PH00750,PH00596,2026-05-31 01:01:00,273,app_message,LOC0114
CDR001850,PH00610,PH00797,2026-05-16 20:44:00,688,app_message,LOC0072
CDR001851,PH01067,PH00831,2026-08-02 06:33:00,1534,sms,LOC0123
CDR001852,PH00995,PH00949,2026-03-23 21:43:00,1145,call,LOC0019
CDR001853,PH00937,PH00831,2026-07-25 00:43:00,1281,app_message,LOC0056
CDR001854,PH00348,PH00119,2026-06-26 23:07:00,235,call,LOC0136
CDR001855,PH00326,PH00307,2026-02-09 02:54:00,1790,app_message,LOC0001
CDR001856,PH00901,PH00075,2026-01-19 15:47:00,287,app_message,LOC0151
CDR001857,PH00872,PH00080,2026-01-21 01:40:00,1056,sms,LOC0062
CDR001858,PH00106,PH00472,2026-02-18 15:44:00,2146,call,LOC0126
CDR001859,PH00731,PH00796,2026-05-08 10:01:00,1446,call,LOC0072
CDR001860,PH00535,PH00586,2026-08-09 22:43:00,1756,call,LOC0169
CDR001861,PH01185,PH00259,2026-06-14 03:34:00,1946,app_message,LOC0084
CDR001862,PH00312,PH00784,2026-04-02 20:20:00,856,sms,LOC0170
CDR001863,PH00919,PH00895,2026-08-21 23:04:00,1003,app_message,LOC0049
CDR001864,PH00876,PH00002,2026-02-16 15:42:00,135,call,LOC0165
CDR001865,PH00876,PH00449,2026-06-05 12:56:00,1085,call,LOC0147
CDR001866,PH00776,PH00418,2026-08-20 19:47:00,2344,app_message,LOC0180
CDR001867,PH00824,PH00467,2026-03-15 19:50:00,607,app_message,LOC0161
CDR001868,PH00948,PH00375,2026-05-14 11:25:00,1366,sms,LOC0175
CDR001869,PH00167,PH00938,2026-02-10 07:46:00,432,sms,LOC0172
CDR001870,PH00859,PH01065,2026-08-02 01:05:00,2063,call,LOC0141
CDR001871,PH00150,PH00955,2026-07-04 21:46:00,53,call,LOC0007
CDR001872,PH00940,PH00233,2026-07-22 06:06:00,1733,sms,LOC0178
CDR001873,PH00967,PH00225,2026-03-05 19:37:00,1598,app_message,LOC0104
CDR001874,PH00638,PH00962,2026-01-27 14:32:00,791,sms,LOC0016
CDR001875,PH00984,PH00229,2026-06-22 13:02:00,1195,call,LOC0145
CDR001876,PH00241,PH01024,2026-08-13 06:33:00,406,app_message,LOC0118
CDR001877,PH01192,PH00134,2026-02-05 00:59:00,47,call,LOC0082
CDR001878,PH00927,PH01166,2026-01-13 00:50:00,1859,sms,LOC0172
CDR001879,PH00694,PH00591,2026-06-04 22:30:00,1065,call,LOC0028
CDR001880,PH00033,PH00769,2026-03-09 00:56:00,1811,app_message,LOC0004
CDR001881,PH01121,PH00282,2026-04-30 13:59:00,1105,app_message,LOC0151
CDR001882,PH00788,PH00375,2026-02-27 14:24:00,1956,sms,LOC0095
CDR001883,PH00428,PH00923,2026-06-09 11:24:00,1302,call,LOC0114
CDR001884,PH00108,PH01076,2026-06-29 14:55:00,1289,sms,LOC0087
CDR001885,PH00228,PH01106,2026-01-02 18:01:00,1768,call,LOC0002
CDR001886,PH00435,PH00141,2026-08-17 05:58:00,937,call,LOC0165
CDR001887,PH00362,PH00096,2026-05-02 05:53:00,351,call,LOC0080
CDR001888,PH00610,PH00593,2026-03-26 07:03:00,814,app_message,LOC0106
CDR001889,PH00926,PH00274,2026-07-18 22:18:00,1036,sms,LOC0087
CDR001890,PH00541,PH00108,2026-05-10 06:23:00,1307,sms,LOC0120
CDR001891,PH00087,PH00876,2026-08-27 18:45:00,2189,call,LOC0038
CDR001892,PH00878,PH00538,2026-08-01 14:50:00,865,call,LOC0057
CDR001893,PH00489,PH01092,2026-04-12 05:03:00,1130,app_message,LOC0176
CDR001894,PH00624,PH00595,2026-04-10 18:46:00,1562,sms,LOC0156
CDR001895,PH00637,PH00376,2026-07-24 23:35:00,418,app_message,LOC0098
CDR001896,PH00394,PH00251,2026-02-20 21:42:00,1207,call,LOC0055
CDR001897,PH00425,PH00251,2026-01-06 12:31:00,617,call,LOC0151
CDR001898,PH01189,PH00367,2026-08-17 01:06:00,1526,sms,LOC0142
CDR001899,PH00364,PH00539,2026-01-16 19:16:00,2169,call,LOC0098
CDR001900,PH00446,PH00299,2026-04-26 06:42:00,387,sms,LOC0003
CDR001901,PH00779,PH00734,2026-07-06 16:59:00,255,call,LOC0098
CDR001902,PH00708,PH00127,2026-08-29 18:18:00,344,sms,LOC0121
CDR001903,PH00073,PH00816,2026-05-21 09:29:00,593,call,LOC0084
CDR001904,PH00987,PH00148,2026-03-09 17:12:00,2177,sms,LOC0058
CDR001905,PH00274,PH00752,2026-01-09 22:18:00,579,call,LOC0076
CDR001906,PH01027,PH00151,2026-03-03 02:08:00,361,app_message,LOC0154
CDR001907,PH00888,PH01007,2026-06-25 05:21:00,713,call,LOC0129
CDR001908,PH01071,PH00629,2026-06-25 06:50:00,889,sms,LOC0122
CDR001909,PH00763,PH00673,2026-05-02 00:36:00,1757,app_message,LOC0100
CDR001910,PH00511,PH00457,2026-06-25 04:30:00,2152,call,LOC0156
CDR001911,PH00476,PH00871,2026-01-23 01:20:00,1255,app_message,LOC0008
CDR001912,PH00356,PH01103,2026-03-01 22:45:00,1103,call,LOC0109
CDR001913,PH00909,PH00272,2026-04-22 21:59:00,1113,app_message,LOC0055
CDR001914,PH00549,PH00624,2026-06-22 01:29:00,2254,call,LOC0165
CDR001915,PH00325,PH01155,2026-06-09 22:32:00,386,app_message,LOC0032
CDR001916,PH01079,PH00840,2026-02-28 03:12:00,1569,call,LOC0069
CDR001917,PH00309,PH00425,2026-02-16 04:53:00,1185,call,LOC0180
CDR001918,PH00742,PH00490,2026-04-25 10:27:00,1961,call,LOC0169
CDR001919,PH00093,PH00608,2026-01-18 23:13:00,1084,app_message,LOC0043
CDR001920,PH00160,PH00185,2026-06-04 09:02:00,1129,call,LOC0006
CDR001921,PH00856,PH00494,2026-04-07 11:04:00,1041,call,LOC0020
CDR001922,PH00691,PH01056,2026-01-26 06:47:00,467,sms,LOC0020
CDR001923,PH00055,PH00850,2026-03-07 12:04:00,1560,app_message,LOC0074
CDR001924,PH00591,PH00353,2026-04-15 02:37:00,472,app_message,LOC0069
CDR001925,PH00434,PH00112,2026-05-09 12:12:00,433,app_message,LOC0008
CDR001926,PH00871,PH00927,2026-03-06 17:45:00,209,app_message,LOC0079
CDR001927,PH00419,PH00411,2026-02-04 00:31:00,1130,app_message,LOC0003
CDR001928,PH00980,PH00046,2026-02-02 07:31:00,975,call,LOC0135
CDR001929,PH00870,PH00995,2026-06-05 19:20:00,392,call,LOC0042
CDR001930,PH01136,PH00544,2026-01-26 02:38:00,1250,sms,LOC0022
CDR001931,PH00898,PH00893,2026-07-23 05:35:00,2013,call,LOC0040
CDR001932,PH00740,PH00376,2026-07-21 07:58:00,425,sms,LOC0062
CDR001933,PH00440,PH00496,2026-04-08 02:26:00,1644,sms,LOC0053
CDR001934,PH00155,PH00711,2026-06-12 14:20:00,1357,sms,LOC0162
CDR001935,PH00191,PH00291,2026-02-25 15:41:00,164,app_message,LOC0050
CDR001936,PH01140,PH00314,2026-03-29 20:48:00,1798,app_message,LOC0003
CDR001937,PH00164,PH00796,2026-05-29 22:01:00,972,call,LOC0023
CDR001938,PH00026,PH00875,2026-04-05 01:48:00,1922,call,LOC0009
CDR001939,PH00155,PH00424,2026-05-17 03:54:00,413,call,LOC0005
CDR001940,PH00086,PH00647,2026-04-08 10:29:00,167,app_message,LOC0150
CDR001941,PH00450,PH00881,2026-04-30 05:42:00,2320,call,LOC0134
CDR001942,PH01115,PH01010,2026-03-11 17:41:00,1198,app_message,LOC0032
CDR001943,PH01058,PH00846,2026-08-20 07:04:00,1168,call,LOC0179
CDR001944,PH00794,PH00237,2026-08-06 10:50:00,1334,sms,LOC0129
CDR001945,PH00521,PH01072,2026-06-12 04:04:00,550,app_message,LOC0113
CDR001946,PH01188,PH00577,2026-02-06 20:02:00,1119,app_message,LOC0135
CDR001947,PH01100,PH01110,2026-07-20 07:39:00,313,call,LOC0089
CDR001948,PH00335,PH01057,2026-01-18 07:14:00,577,call,LOC0089
CDR001949,PH00105,PH00463,2026-07-21 17:56:00,306,call,LOC0105
CDR001950,PH00204,PH00402,2026-07-05 19:32:00,1046,app_message,LOC0102
CDR001951,PH00849,PH01111,2026-01-30 15:01:00,1725,call,LOC0007
CDR001952,PH01106,PH00078,2026-03-04 15:57:00,603,call,LOC0034
CDR001953,PH00500,PH01030,2026-02-06 15:09:00,533,sms,LOC0028
CDR001954,PH00882,PH00062,2026-02-23 10:37:00,1391,app_message,LOC0076
CDR001955,PH00243,PH00638,2026-08-07 05:34:00,875,app_message,LOC0054
CDR001956,PH00481,PH00050,2026-06-02 00:04:00,1088,call,LOC0121
CDR001957,PH01143,PH00188,2026-03-12 02:32:00,1957,call,LOC0118
CDR001958,PH00179,PH00711,2026-07-03 17:30:00,1552,app_message,LOC0064
CDR001959,PH00356,PH00589,2026-04-17 19:38:00,2266,call,LOC0165
CDR001960,PH01138,PH00459,2026-03-16 00:45:00,403,call,LOC0063
CDR001961,PH00368,PH00452,2026-03-09 23:57:00,1927,call,LOC0092
CDR001962,PH00373,PH00215,2026-05-10 22:22:00,31,call,LOC0058
CDR001963,PH00376,PH00230,2026-04-27 21:11:00,2222,sms,LOC0056
CDR001964,PH00216,PH00571,2026-05-30 03:51:00,785,call,LOC0113
CDR001965,PH01069,PH00105,2026-05-31 00:38:00,1705,sms,LOC0050
CDR001966,PH00883,PH00185,2026-03-24 10:22:00,90,app_message,LOC0089
CDR001967,PH00614,PH00767,2026-07-28 11:21:00,1900,sms,LOC0177
CDR001968,PH00036,PH00318,2026-07-09 05:15:00,1883,sms,LOC0025
CDR001969,PH00222,PH00621,2026-08-27 15:37:00,319,app_message,LOC0025
CDR001970,PH00301,PH00658,2026-07-24 15:38:00,475,call,LOC0149
CDR001971,PH00312,PH00013,2026-08-02 06:14:00,1439,call,LOC0055
CDR001972,PH00960,PH00156,2026-05-19 10:44:00,180,app_message,LOC0018
CDR001973,PH00306,PH00844,2026-07-02 17:54:00,1007,call,LOC0097
CDR001974,PH00440,PH00205,2026-05-07 00:41:00,1954,sms,LOC0117
CDR001975,PH00747,PH00941,2026-05-22 20:57:00,684,call,LOC0084
CDR001976,PH00569,PH00307,2026-06-09 12:32:00,308,sms,LOC0080
CDR001977,PH00375,PH00690,2026-08-29 05:14:00,1082,app_message,LOC0091
CDR001978,PH00649,PH01003,2026-08-04 02:09:00,395,sms,LOC0033
CDR001979,PH01008,PH00399,2026-05-23 21:57:00,2332,app_message,LOC0086
CDR001980,PH01141,PH00063,2026-07-28 06:08:00,265,app_message,LOC0104
CDR001981,PH00752,PH00822,2026-03-18 23:50:00,232,app_message,LOC0052
CDR001982,PH00286,PH01122,2026-02-23 12:43:00,367,sms,LOC0130
CDR001983,PH00151,PH00515,2026-07-06 18:31:00,2210,call,LOC0099
CDR001984,PH01016,PH00608,2026-03-21 17:04:00,1449,call,LOC0154
CDR001985,PH00452,PH00573,2026-08-07 19:21:00,746,sms,LOC0113
CDR001986,PH00349,PH00294,2026-01-20 04:20:00,343,app_message,LOC0037
CDR001987,PH00904,PH00784,2026-07-18 08:02:00,2249,sms,LOC0145
CDR001988,PH00006,PH00264,2026-06-28 09:14:00,1329,app_message,LOC0155
CDR001989,PH00448,PH01111,2026-04-16 05:56:00,1458,app_message,LOC0120
CDR001990,PH01068,PH00596,2026-03-21 20:56:00,872,sms,LOC0076
CDR001991,PH00045,PH01156,2026-02-18 12:41:00,792,call,LOC0101
CDR001992,PH00621,PH00196,2026-06-10 04:37:00,1714,sms,LOC0008
CDR001993,PH00762,PH00823,2026-05-23 05:54:00,474,sms,LOC0170
CDR001994,PH00872,PH00915,2026-03-30 04:21:00,137,app_message,LOC0140
CDR001995,PH01031,PH00724,2026-02-16 22:49:00,1234,call,LOC0051
CDR001996,PH00619,PH00877,2026-06-15 19:04:00,1485,sms,LOC0098
CDR001997,PH00377,PH01118,2026-04-29 10:54:00,2317,sms,LOC0107
CDR001998,PH00180,PH00152,2026-03-07 03:26:00,2113,app_message,LOC0012
CDR001999,PH00255,PH00238,2026-03-30 09:32:00,1713,app_message,LOC0157
CDR002000,PH00906,PH00931,2026-03-20 03:54:00,343,call,LOC0115
CDR002001,PH00721,PH00926,2026-07-27 11:15:00,1946,sms,LOC0020
CDR002002,PH00431,PH00948,2026-01-19 00:34:00,1588,sms,LOC0165
CDR002003,PH00661,PH00753,2026-07-09 07:56:00,2093,call,LOC0171
CDR002004,PH00968,PH00543,2026-06-11 05:45:00,853,call,LOC0067
CDR002005,PH00581,PH00669,2026-05-19 01:34:00,2314,app_message,LOC0051
CDR002006,PH00200,PH00130,2026-04-29 17:44:00,2267,app_message,LOC0026
CDR002007,PH00630,PH01051,2026-05-27 20:40:00,400,call,LOC0128
CDR002008,PH00990,PH00175,2026-06-13 10:41:00,2032,app_message,LOC0080
CDR002009,PH00610,PH00844,2026-06-28 15:36:00,957,call,LOC0151
CDR002010,PH00641,PH01099,2026-06-26 19:05:00,900,app_message,LOC0156
CDR002011,PH00051,PH00719,2026-08-30 20:36:00,420,app_message,LOC0020
CDR002012,PH00746,PH00808,2026-01-27 13:05:00,1017,call,LOC0106
CDR002013,PH00263,PH00178,2026-04-01 21:57:00,1951,sms,LOC0062
CDR002014,PH00850,PH00306,2026-07-04 22:28:00,81,sms,LOC0149
CDR002015,PH00074,PH00055,2026-05-05 00:11:00,1898,sms,LOC0074
CDR002016,PH00695,PH00784,2026-01-07 09:23:00,1354,sms,LOC0030
CDR002017,PH00039,PH00117,2026-05-15 12:26:00,2279,sms,LOC0029
CDR002018,PH00050,PH00577,2026-03-14 04:57:00,1250,sms,LOC0135
CDR002019,PH00473,PH00022,2026-04-15 01:45:00,1898,sms,LOC0099
CDR002020,PH00517,PH00058,2026-08-22 13:30:00,193,app_message,LOC0028
CDR002021,PH00406,PH00123,2026-08-28 21:53:00,1109,app_message,LOC0096
CDR002022,PH00228,PH00187,2026-08-14 12:37:00,1674,call,LOC0014
CDR002023,PH00559,PH00091,2026-06-09 07:40:00,1279,call,LOC0056
CDR002024,PH00102,PH00948,2026-08-13 21:20:00,1498,app_message,LOC0076
CDR002025,PH00211,PH00157,2026-05-03 06:20:00,295,sms,LOC0012
CDR002026,PH00812,PH00071,2026-07-25 12:18:00,1437,call,LOC0167
CDR002027,PH00708,PH00667,2026-03-02 05:45:00,303,app_message,LOC0153
CDR002028,PH01073,PH00215,2026-01-18 10:42:00,99,app_message,LOC0121
CDR002029,PH00499,PH00463,2026-07-01 12:17:00,952,call,LOC0080
CDR002030,PH00748,PH00096,2026-01-05 04:56:00,2029,call,LOC0012
CDR002031,PH00591,PH00765,2026-04-16 21:45:00,869,app_message,LOC0121
CDR002032,PH00489,PH00137,2026-07-28 21:49:00,288,app_message,LOC0060
CDR002033,PH00652,PH00062,2026-04-11 17:19:00,532,app_message,LOC0115
CDR002034,PH00896,PH01028,2026-03-02 00:36:00,1299,app_message,LOC0165
CDR002035,PH01173,PH00598,2026-03-06 23:31:00,389,app_message,LOC0078
CDR002036,PH00020,PH00287,2026-07-17 19:39:00,335,sms,LOC0171
CDR002037,PH00224,PH00096,2026-08-21 18:23:00,235,app_message,LOC0101
CDR002038,PH00327,PH00163,2026-04-12 16:53:00,1874,app_message,LOC0126
CDR002039,PH00001,PH00674,2026-07-08 09:04:00,181,app_message,LOC0013
CDR002040,PH00212,PH00376,2026-02-23 08:20:00,2378,sms,LOC0172
CDR002041,PH01086,PH01190,2026-01-12 00:32:00,1756,app_message,LOC0170
CDR002042,PH00698,PH00992,2026-07-15 12:53:00,1493,call,LOC0030
CDR002043,PH00298,PH00379,2026-01-03 04:09:00,1060,app_message,LOC0053
CDR002044,PH00529,PH00167,2026-03-12 00:57:00,1010,app_message,LOC0051
CDR002045,PH00514,PH01044,2026-01-08 15:31:00,1431,app_message,LOC0168
CDR002046,PH00344,PH00859,2026-08-13 01:25:00,1938,call,LOC0099
CDR002047,PH01070,PH00631,2026-08-08 11:45:00,1672,app_message,LOC0162
CDR002048,PH00876,PH00970,2026-08-11 00:31:00,1197,app_message,LOC0011
CDR002049,PH00353,PH00816,2026-07-23 04:33:00,151,call,LOC0035
CDR002050,PH00386,PH00836,2026-08-08 06:27:00,592,app_message,LOC0168
CDR002051,PH01171,PH00267,2026-07-12 21:04:00,1843,call,LOC0030
CDR002052,PH00240,PH00230,2026-01-22 03:25:00,2232,app_message,LOC0025
CDR002053,PH00952,PH00224,2026-01-10 04:37:00,2399,app_message,LOC0111
CDR002054,PH00139,PH00003,2026-04-17 23:31:00,1859,sms,LOC0160
CDR002055,PH00894,PH00801,2026-03-14 04:05:00,814,app_message,LOC0045
CDR002056,PH00650,PH00390,2026-05-04 10:44:00,1937,app_message,LOC0008
CDR002057,PH00491,PH00533,2026-03-06 03:11:00,249,call,LOC0091
CDR002058,PH01105,PH00485,2026-03-26 04:19:00,2285,sms,LOC0015
CDR002059,PH00819,PH00515,2026-01-16 15:27:00,581,call,LOC0005
CDR002060,PH00200,PH01028,2026-02-02 17:16:00,525,sms,LOC0010
CDR002061,PH01069,PH00898,2026-07-19 08:50:00,362,app_message,LOC0147
CDR002062,PH00141,PH00247,2026-04-03 19:48:00,1147,sms,LOC0136
CDR002063,PH01186,PH00521,2026-06-21 21:50:00,687,call,LOC0138
CDR002064,PH00970,PH00231,2026-08-06 15:14:00,1681,app_message,LOC0176
CDR002065,PH01062,PH00090,2026-05-04 23:14:00,1255,call,LOC0101
CDR002066,PH01199,PH00789,2026-03-15 01:37:00,113,sms,LOC0034
CDR002067,PH00730,PH00420,2026-04-11 02:06:00,1694,sms,LOC0046
CDR002068,PH01131,PH00087,2026-04-30 13:29:00,661,sms,LOC0047
CDR002069,PH00115,PH00295,2026-05-18 09:12:00,2038,app_message,LOC0135
CDR002070,PH00397,PH00693,2026-03-30 05:34:00,984,sms,LOC0130
CDR002071,PH01023,PH00824,2026-01-10 21:14:00,59,sms,LOC0100
CDR002072,PH00761,PH00464,2026-05-05 09:35:00,421,sms,LOC0030
CDR002073,PH00358,PH00649,2026-04-09 00:51:00,1835,app_message,LOC0074
CDR002074,PH00010,PH00819,2026-08-01 16:03:00,967,app_message,LOC0019
CDR002075,PH00075,PH00877,2026-08-28 01:36:00,2380,call,LOC0165
CDR002076,PH00131,PH00325,2026-05-27 01:53:00,150,app_message,LOC0017
CDR002077,PH00533,PH00469,2026-01-01 21:36:00,1029,sms,LOC0162
CDR002078,PH00935,PH00529,2026-08-09 06:40:00,19,app_message,LOC0019
CDR002079,PH00166,PH00457,2026-07-12 01:01:00,1297,call,LOC0043
CDR002080,PH00363,PH00810,2026-06-20 01:57:00,2304,app_message,LOC0007
CDR002081,PH01024,PH01010,2026-04-18 20:24:00,1183,sms,LOC0022
CDR002082,PH00201,PH00493,2026-07-20 11:05:00,1380,sms,LOC0047
CDR002083,PH00282,PH00355,2026-04-09 22:27:00,1381,app_message,LOC0037
CDR002084,PH01153,PH00010,2026-08-04 09:49:00,1802,app_message,LOC0025
CDR002085,PH00386,PH00425,2026-01-10 02:41:00,526,app_message,LOC0054
CDR002086,PH00643,PH01071,2026-01-09 05:29:00,331,sms,LOC0131
CDR002087,PH00557,PH00011,2026-04-29 18:31:00,957,call,LOC0034
CDR002088,PH00087,PH00584,2026-04-08 17:47:00,117,call,LOC0124
CDR002089,PH00742,PH00705,2026-01-18 19:10:00,378,call,LOC0135
CDR002090,PH01027,PH00602,2026-06-23 18:14:00,1390,call,LOC0079
CDR002091,PH00273,PH00191,2026-06-02 05:43:00,1998,sms,LOC0026
CDR002092,PH00276,PH00716,2026-07-17 13:49:00,1260,sms,LOC0001
CDR002093,PH00741,PH00485,2026-02-16 23:22:00,2035,call,LOC0146
CDR002094,PH00092,PH01128,2026-08-11 08:44:00,193,sms,LOC0146
CDR002095,PH00225,PH00512,2026-05-08 00:21:00,897,app_message,LOC0079
CDR002096,PH00833,PH00636,2026-05-11 10:34:00,1587,app_message,LOC0086
CDR002097,PH01028,PH01121,2026-03-01 00:30:00,597,app_message,LOC0128
CDR002098,PH01065,PH00842,2026-08-31 18:33:00,387,app_message,LOC0071
CDR002099,PH00247,PH00345,2026-08-01 18:28:00,1207,call,LOC0098
CDR002100,PH00943,PH00033,2026-02-22 13:40:00,816,sms,LOC0121
CDR002101,PH00977,PH01128,2026-06-17 14:44:00,1278,sms,LOC0046
CDR002102,PH00828,PH00417,2026-07-11 12:10:00,2388,call,LOC0139
CDR002103,PH01103,PH00997,2026-04-15 00:33:00,2105,app_message,LOC0144
CDR002104,PH00634,PH00223,2026-07-21 00:16:00,68,sms,LOC0093
CDR002105,PH00613,PH00961,2026-03-17 07:37:00,2171,sms,LOC0035
CDR002106,PH00637,PH00122,2026-03-03 10:14:00,1554,call,LOC0134
CDR002107,PH00609,PH00884,2026-06-30 15:21:00,1555,app_message,LOC0096
CDR002108,PH00939,PH00310,2026-06-15 00:51:00,1981,sms,LOC0113
CDR002109,PH01131,PH00499,2026-02-18 04:49:00,2235,app_message,LOC0173
CDR002110,PH00437,PH01017,2026-03-05 14:51:00,2397,sms,LOC0058
CDR002111,PH00405,PH00938,2026-05-25 00:51:00,2040,app_message,LOC0139
CDR002112,PH00581,PH00188,2026-06-08 01:35:00,44,call,LOC0116
CDR002113,PH00926,PH00878,2026-07-25 18:22:00,900,app_message,LOC0129
CDR002114,PH00752,PH00642,2026-01-05 00:54:00,2213,call,LOC0102
CDR002115,PH00286,PH00091,2026-01-12 20:48:00,588,app_message,LOC0063
CDR002116,PH00780,PH00926,2026-08-02 04:05:00,660,call,LOC0168
CDR002117,PH00549,PH00560,2026-05-19 04:00:00,755,app_message,LOC0100
CDR002118,PH00404,PH00987,2026-02-13 23:43:00,1938,call,LOC0120
CDR002119,PH01111,PH00055,2026-07-17 00:59:00,1699,app_message,LOC0153
CDR002120,PH01160,PH00014,2026-01-12 19:52:00,1559,app_message,LOC0056
CDR002121,PH01188,PH00894,2026-06-05 05:13:00,1293,call,LOC0047
CDR002122,PH00354,PH00519,2026-03-04 13:38:00,2261,call,LOC0009
CDR002123,PH01032,PH00274,2026-05-11 16:26:00,793,call,LOC0093
CDR002124,PH01189,PH00335,2026-07-01 17:23:00,1792,app_message,LOC0171
CDR002125,PH00908,PH00194,2026-07-05 23:43:00,1516,call,LOC0072
CDR002126,PH00214,PH00932,2026-07-27 11:30:00,1038,sms,LOC0077
CDR002127,PH00382,PH00622,2026-06-23 02:28:00,2163,call,LOC0164
CDR002128,PH00686,PH00560,2026-01-16 12:17:00,320,app_message,LOC0027
CDR002129,PH00877,PH00071,2026-01-05 10:21:00,1362,app_message,LOC0146
CDR002130,PH01159,PH00918,2026-08-21 12:33:00,2180,app_message,LOC0169
CDR002131,PH00241,PH00403,2026-06-29 02:13:00,2093,app_message,LOC0143
CDR002132,PH00894,PH01040,2026-03-01 01:16:00,2366,app_message,LOC0047
CDR002133,PH00895,PH00611,2026-01-25 05:06:00,1642,sms,LOC0038
CDR002134,PH00367,PH00381,2026-08-31 04:39:00,370,call,LOC0097
CDR002135,PH01148,PH00390,2026-02-01 02:59:00,881,call,LOC0156
CDR002136,PH01004,PH00927,2026-01-19 15:15:00,761,call,LOC0148
CDR002137,PH00934,PH00106,2026-04-09 08:23:00,1734,call,LOC0170
CDR002138,PH00452,PH00377,2026-08-07 05:54:00,300,call,LOC0124
CDR002139,PH01005,PH00267,2026-02-10 23:14:00,20,app_message,LOC0180
CDR002140,PH00300,PH00233,2026-03-28 18:42:00,570,app_message,LOC0148
CDR002141,PH00426,PH01036,2026-03-19 19:52:00,571,app_message,LOC0144
CDR002142,PH00369,PH00672,2026-06-29 12:09:00,1739,app_message,LOC0143
CDR002143,PH00937,PH01151,2026-04-05 02:00:00,1333,call,LOC0034
CDR002144,PH00960,PH01055,2026-07-21 03:48:00,1388,sms,LOC0149
CDR002145,PH00903,PH00202,2026-04-17 07:00:00,804,call,LOC0009
CDR002146,PH00506,PH01151,2026-05-31 11:40:00,121,app_message,LOC0022
CDR002147,PH00777,PH00638,2026-03-08 05:06:00,1723,call,LOC0135
CDR002148,PH00931,PH00322,2026-02-10 00:44:00,1721,app_message,LOC0081
CDR002149,PH00503,PH00900,2026-06-25 04:42:00,1263,sms,LOC0097
CDR002150,PH00896,PH00378,2026-07-11 16:57:00,747,app_message,LOC0075
CDR002151,PH00928,PH00339,2026-05-28 04:56:00,2151,sms,LOC0098
CDR002152,PH00158,PH00714,2026-07-23 16:54:00,811,sms,LOC0147
CDR002153,PH00130,PH00181,2026-01-24 02:14:00,839,call,LOC0049
CDR002154,PH00275,PH00474,2026-03-17 16:45:00,120,call,LOC0069
CDR002155,PH00836,PH00978,2026-04-06 03:07:00,771,app_message,LOC0119
CDR002156,PH00604,PH00213,2026-02-01 12:09:00,2338,sms,LOC0027
CDR002157,PH00436,PH01176,2026-01-28 16:16:00,2089,call,LOC0173
CDR002158,PH00926,PH00645,2026-01-19 05:14:00,1512,sms,LOC0111
CDR002159,PH00164,PH00796,2026-08-08 05:20:00,355,call,LOC0158
CDR002160,PH00038,PH00734,2026-04-01 09:03:00,1208,call,LOC0038
CDR002161,PH00797,PH00162,2026-01-07 10:59:00,801,sms,LOC0163
CDR002162,PH00881,PH00450,2026-05-31 00:09:00,977,sms,LOC0180
CDR002163,PH00894,PH00394,2026-05-12 16:18:00,1473,app_message,LOC0033
CDR002164,PH01101,PH00707,2026-03-30 03:25:00,1554,call,LOC0123
CDR002165,PH00957,PH00889,2026-08-19 09:02:00,312,sms,LOC0002
CDR002166,PH00488,PH00578,2026-05-31 08:50:00,1346,sms,LOC0148
CDR002167,PH00801,PH00572,2026-05-06 05:06:00,2391,sms,LOC0164
CDR002168,PH00817,PH00114,2026-02-14 13:11:00,371,sms,LOC0078
CDR002169,PH00373,PH00011,2026-01-10 17:20:00,1722,app_message,LOC0016
CDR002170,PH00394,PH00504,2026-06-07 22:29:00,201,app_message,LOC0141
CDR002171,PH01172,PH00060,2026-01-23 10:32:00,2191,call,LOC0091
CDR002172,PH01099,PH00662,2026-02-06 00:51:00,208,call,LOC0166
CDR002173,PH00851,PH00109,2026-04-28 17:21:00,122,app_message,LOC0100
CDR002174,PH00468,PH00431,2026-08-13 08:45:00,1597,app_message,LOC0017
CDR002175,PH00031,PH00350,2026-07-16 17:41:00,1090,sms,LOC0027
CDR002176,PH01189,PH00335,2026-07-06 11:42:00,322,call,LOC0033
CDR002177,PH00671,PH01022,2026-04-21 18:39:00,348,call,LOC0015
CDR002178,PH00778,PH00204,2026-04-26 11:42:00,1117,call,LOC0106
CDR002179,PH00220,PH01045,2026-03-11 07:47:00,273,app_message,LOC0025
CDR002180,PH00653,PH00861,2026-04-09 12:30:00,1442,call,LOC0088
CDR002181,PH01021,PH00234,2026-02-04 14:57:00,2182,app_message,LOC0170
CDR002182,PH00355,PH00216,2026-05-15 16:45:00,1038,sms,LOC0127
CDR002183,PH01006,PH00016,2026-07-01 02:24:00,1775,sms,LOC0122
CDR002184,PH00104,PH01069,2026-07-19 07:26:00,656,sms,LOC0167
CDR002185,PH00170,PH00190,2026-07-25 00:07:00,354,sms,LOC0005
CDR002186,PH00020,PH00092,2026-06-02 05:13:00,405,sms,LOC0095
CDR002187,PH01057,PH00621,2026-07-05 01:54:00,1528,sms,LOC0127
CDR002188,PH00418,PH00823,2026-06-01 05:44:00,1749,call,LOC0101
CDR002189,PH01113,PH00750,2026-08-03 18:06:00,863,sms,LOC0054
CDR002190,PH00077,PH01122,2026-05-29 02:03:00,1349,call,LOC0159
CDR002191,PH00948,PH00336,2026-06-02 15:07:00,1604,sms,LOC0046
CDR002192,PH00859,PH00260,2026-05-03 12:56:00,64,sms,LOC0105
CDR002193,PH00025,PH01116,2026-06-15 04:31:00,612,call,LOC0146
CDR002194,PH00253,PH00751,2026-04-16 03:53:00,2009,app_message,LOC0039
CDR002195,PH00974,PH01184,2026-06-01 16:02:00,2307,sms,LOC0083
CDR002196,PH00387,PH00400,2026-03-05 14:51:00,215,app_message,LOC0054
CDR002197,PH01143,PH00765,2026-03-11 20:40:00,2161,app_message,LOC0155
CDR002198,PH00939,PH00692,2026-04-17 21:01:00,1426,app_message,LOC0158
CDR002199,PH00361,PH00894,2026-06-15 12:54:00,2336,call,LOC0006
CDR002200,PH00697,PH00270,2026-08-21 14:46:00,591,app_message,LOC0011
CDR002201,PH00507,PH00503,2026-08-07 08:43:00,608,call,LOC0016
CDR002202,PH00093,PH00800,2026-07-25 05:46:00,1678,call,LOC0158
CDR002203,PH00639,PH00695,2026-02-16 11:22:00,2232,sms,LOC0135
CDR002204,PH00694,PH00807,2026-04-01 13:03:00,17,call,LOC0072
CDR002205,PH00592,PH00918,2026-02-15 19:41:00,1329,call,LOC0019
CDR002206,PH01092,PH00655,2026-06-02 19:24:00,1036,sms,LOC0180
CDR002207,PH00608,PH00453,2026-06-19 07:44:00,2229,call,LOC0051
CDR002208,PH00354,PH00864,2026-08-05 02:15:00,1373,call,LOC0007
CDR002209,PH01111,PH00765,2026-08-21 15:08:00,1701,app_message,LOC0034
CDR002210,PH01183,PH00509,2026-03-18 02:41:00,1334,app_message,LOC0122
CDR002211,PH00333,PH00409,2026-04-22 00:04:00,1446,sms,LOC0132
CDR002212,PH00004,PH00387,2026-01-19 07:57:00,1969,call,LOC0066
CDR002213,PH01072,PH00496,2026-06-11 21:49:00,1923,app_message,LOC0127
CDR002214,PH01088,PH00328,2026-08-01 07:36:00,434,sms,LOC0131
CDR002215,PH00305,PH00589,2026-08-23 00:42:00,655,sms,LOC0090
CDR002216,PH00750,PH00960,2026-07-27 15:17:00,173,sms,LOC0118
CDR002217,PH00845,PH01005,2026-02-05 10:05:00,906,call,LOC0044
CDR002218,PH01054,PH00804,2026-08-07 13:49:00,1938,app_message,LOC0015
CDR002219,PH00152,PH00568,2026-07-03 10:40:00,1880,sms,LOC0021
CDR002220,PH00138,PH00972,2026-05-14 21:45:00,1986,call,LOC0081
CDR002221,PH00815,PH00688,2026-07-10 12:13:00,201,call,LOC0002
CDR002222,PH00809,PH01038,2026-04-22 22:15:00,124,app_message,LOC0015
CDR002223,PH00239,PH00489,2026-08-02 02:39:00,2187,app_message,LOC0153
CDR002224,PH00303,PH00859,2026-05-24 17:41:00,1678,call,LOC0050
CDR002225,PH00747,PH00783,2026-08-10 12:09:00,1697,call,LOC0104
CDR002226,PH01025,PH00234,2026-01-10 09:41:00,240,call,LOC0080
CDR002227,PH00917,PH00101,2026-05-15 15:41:00,2269,call,LOC0164
CDR002228,PH00976,PH00957,2026-06-11 13:16:00,2171,sms,LOC0091
CDR002229,PH00320,PH01019,2026-03-29 16:17:00,400,app_message,LOC0131
CDR002230,PH00209,PH00551,2026-05-20 20:49:00,1904,app_message,LOC0162
CDR002231,PH00655,PH00489,2026-06-06 11:55:00,2158,call,LOC0036
CDR002232,PH00233,PH00754,2026-07-02 05:14:00,243,sms,LOC0021
CDR002233,PH01132,PH00035,2026-02-27 13:36:00,908,call,LOC0003
CDR002234,PH00772,PH00235,2026-04-19 06:46:00,989,sms,LOC0170
CDR002235,PH00567,PH01190,2026-08-30 11:48:00,2209,sms,LOC0021
CDR002236,PH01167,PH00652,2026-05-06 00:30:00,1579,app_message,LOC0043
CDR002237,PH00239,PH01184,2026-08-24 08:09:00,1770,call,LOC0098
CDR002238,PH00788,PH01168,2026-06-02 00:00:00,149,call,LOC0008
CDR002239,PH00558,PH00080,2026-04-14 04:04:00,1519,call,LOC0011
CDR002240,PH01039,PH00714,2026-08-11 02:47:00,927,call,LOC0050
CDR002241,PH00382,PH00110,2026-08-29 04:16:00,2171,app_message,LOC0056
CDR002242,PH00231,PH01082,2026-07-17 07:48:00,1087,call,LOC0004
CDR002243,PH00787,PH00585,2026-01-12 20:04:00,1077,sms,LOC0018
CDR002244,PH00259,PH01137,2026-04-05 16:48:00,1211,sms,LOC0119
CDR002245,PH00253,PH00419,2026-01-11 03:23:00,1782,app_message,LOC0020
CDR002246,PH00578,PH00824,2026-03-06 13:16:00,538,call,LOC0175
CDR002247,PH00419,PH00151,2026-01-31 21:24:00,1842,sms,LOC0116
CDR002248,PH00901,PH01050,2026-06-05 09:54:00,422,call,LOC0007
CDR002249,PH00682,PH00714,2026-02-12 08:22:00,2376,app_message,LOC0073
CDR002250,PH00373,PH00759,2026-01-27 20:28:00,440,sms,LOC0040
CDR002251,PH00375,PH00966,2026-05-28 10:00:00,304,sms,LOC0026
CDR002252,PH00147,PH01082,2026-08-20 16:44:00,1221,call,LOC0102
CDR002253,PH00868,PH00567,2026-04-24 03:12:00,399,call,LOC0127
CDR002254,PH00461,PH00680,2026-06-06 00:37:00,44,sms,LOC0081
CDR002255,PH01039,PH00626,2026-08-23 03:25:00,530,sms,LOC0079
CDR002256,PH00377,PH00426,2026-07-15 00:52:00,2147,sms,LOC0036
CDR002257,PH00479,PH00596,2026-01-09 13:38:00,210,call,LOC0163
CDR002258,PH00584,PH00916,2026-07-11 04:29:00,1595,call,LOC0012
CDR002259,PH00669,PH00404,2026-01-08 04:26:00,2284,call,LOC0099
CDR002260,PH01080,PH00975,2026-08-19 21:48:00,727,app_message,LOC0070
CDR002261,PH00123,PH00119,2026-03-01 20:42:00,159,call,LOC0173
CDR002262,PH00262,PH00518,2026-06-21 03:02:00,30,call,LOC0065
CDR002263,PH00434,PH00544,2026-02-14 23:56:00,2321,call,LOC0091
CDR002264,PH00960,PH00496,2026-07-11 12:19:00,1304,sms,LOC0177
CDR002265,PH00110,PH00122,2026-01-24 09:48:00,2316,sms,LOC0138
CDR002266,PH00466,PH00008,2026-01-26 02:56:00,809,app_message,LOC0177
CDR002267,PH00050,PH00617,2026-05-11 11:13:00,1597,sms,LOC0165
CDR002268,PH00630,PH00530,2026-04-10 18:00:00,1437,sms,LOC0051
CDR002269,PH01158,PH00509,2026-08-05 04:10:00,1372,sms,LOC0037
CDR002270,PH00224,PH00158,2026-04-20 15:48:00,409,app_message,LOC0151
CDR002271,PH00279,PH00707,2026-02-23 23:31:00,1034,app_message,LOC0048
CDR002272,PH01140,PH00708,2026-05-13 08:15:00,1068,app_message,LOC0084
CDR002273,PH00092,PH00018,2026-07-28 12:49:00,472,app_message,LOC0177
CDR002274,PH00372,PH00743,2026-06-27 03:29:00,986,call,LOC0077
CDR002275,PH00142,PH00139,2026-07-28 06:25:00,1547,sms,LOC0120
CDR002276,PH00286,PH00384,2026-03-28 08:36:00,1058,sms,LOC0014
CDR002277,PH01100,PH00041,2026-06-04 12:38:00,532,call,LOC0092
CDR002278,PH00794,PH00649,2026-06-01 23:51:00,2039,sms,LOC0078
CDR002279,PH01158,PH00745,2026-07-26 11:01:00,1461,sms,LOC0116
CDR002280,PH00059,PH00808,2026-04-28 03:55:00,760,app_message,LOC0172
CDR002281,PH00487,PH00199,2026-07-11 02:07:00,2230,call,LOC0007
CDR002282,PH00921,PH00990,2026-01-01 00:53:00,66,app_message,LOC0178
CDR002283,PH00422,PH01022,2026-02-08 00:12:00,1660,app_message,LOC0106
CDR002284,PH00390,PH00215,2026-06-14 20:25:00,674,call,LOC0135
CDR002285,PH01114,PH00033,2026-08-18 18:07:00,357,sms,LOC0010
CDR002286,PH00858,PH00524,2026-08-11 13:04:00,1148,call,LOC0060
CDR002287,PH01018,PH00374,2026-06-12 15:05:00,854,app_message,LOC0138
CDR002288,PH00364,PH01116,2026-03-04 12:26:00,862,app_message,LOC0101
CDR002289,PH00618,PH00100,2026-03-30 13:24:00,1388,sms,LOC0049
CDR002290,PH00008,PH00193,2026-08-02 12:21:00,1585,sms,LOC0109
CDR002291,PH00235,PH00652,2026-03-19 19:29:00,777,sms,LOC0018
CDR002292,PH01163,PH00480,2026-02-21 02:37:00,2215,call,LOC0122
CDR002293,PH00884,PH00582,2026-07-02 19:29:00,355,call,LOC0056
CDR002294,PH00497,PH00158,2026-05-02 23:27:00,2188,call,LOC0176
CDR002295,PH00985,PH01033,2026-05-27 14:32:00,1619,sms,LOC0111
CDR002296,PH00249,PH00123,2026-03-09 00:29:00,2030,call,LOC0014
CDR002297,PH00914,PH00845,2026-03-22 07:19:00,2283,call,LOC0174
CDR002298,PH00368,PH00215,2026-04-26 16:52:00,486,call,LOC0083
CDR002299,PH00370,PH00864,2026-03-22 21:52:00,1226,call,LOC0094
CDR002300,PH00515,PH00039,2026-01-18 20:02:00,1649,call,LOC0090
CDR002301,PH00340,PH00733,2026-03-12 17:01:00,885,sms,LOC0089
CDR002302,PH01045,PH00159,2026-08-10 09:02:00,1277,app_message,LOC0099
CDR002303,PH00291,PH00040,2026-08-22 22:40:00,2026,call,LOC0081
CDR002304,PH00680,PH00908,2026-04-13 14:05:00,1267,app_message,LOC0098
CDR002305,PH00799,PH00541,2026-05-25 13:27:00,996,app_message,LOC0021
CDR002306,PH00537,PH00195,2026-03-02 10:34:00,1330,sms,LOC0149
CDR002307,PH00110,PH01161,2026-04-16 17:05:00,955,app_message,LOC0071
CDR002308,PH00862,PH00056,2026-01-14 07:55:00,2019,sms,LOC0023
CDR002309,PH00437,PH00731,2026-01-11 03:51:00,670,call,LOC0007
CDR002310,PH01127,PH00357,2026-03-17 16:26:00,1721,sms,LOC0090
CDR002311,PH00537,PH00019,2026-06-26 22:49:00,2098,call,LOC0117
CDR002312,PH00544,PH00814,2026-05-25 15:50:00,2282,sms,LOC0136
CDR002313,PH01160,PH01039,2026-05-29 11:42:00,1761,sms,LOC0001
CDR002314,PH00660,PH01063,2026-03-11 07:34:00,1934,sms,LOC0088
CDR002315,PH00232,PH00358,2026-06-17 13:53:00,2255,sms,LOC0158
CDR002316,PH00401,PH00141,2026-06-17 08:07:00,249,sms,LOC0126
CDR002317,PH00826,PH01004,2026-05-22 05:39:00,1849,app_message,LOC0168
CDR002318,PH00332,PH00908,2026-07-24 13:58:00,1734,app_message,LOC0060
CDR002319,PH00358,PH00401,2026-08-12 10:32:00,910,call,LOC0086
CDR002320,PH00378,PH00560,2026-05-16 18:37:00,1695,app_message,LOC0118
CDR002321,PH00971,PH00178,2026-08-30 19:49:00,1763,app_message,LOC0148
CDR002322,PH00031,PH01075,2026-07-14 00:28:00,769,sms,LOC0131
CDR002323,PH00329,PH00956,2026-05-29 19:02:00,2366,call,LOC0057
CDR002324,PH00544,PH00975,2026-06-25 17:58:00,341,sms,LOC0062
CDR002325,PH00451,PH00340,2026-06-22 07:11:00,2165,app_message,LOC0010
CDR002326,PH00828,PH00780,2026-02-26 08:27:00,222,call,LOC0121
CDR002327,PH00990,PH00098,2026-07-13 12:02:00,1407,app_message,LOC0027
CDR002328,PH00105,PH00678,2026-08-31 15:03:00,1677,app_message,LOC0067
CDR002329,PH00947,PH00558,2026-06-25 07:46:00,831,sms,LOC0160
CDR002330,PH00956,PH00790,2026-07-07 02:53:00,1151,call,LOC0161
CDR002331,PH00291,PH00680,2026-03-16 14:14:00,1412,app_message,LOC0082
CDR002332,PH00335,PH00917,2026-06-29 00:57:00,1178,call,LOC0139
CDR002333,PH00355,PH00903,2026-08-22 08:31:00,1012,call,LOC0029
CDR002334,PH00694,PH00886,2026-08-12 09:34:00,1110,app_message,LOC0008
CDR002335,PH00887,PH00532,2026-07-27 13:54:00,1685,app_message,LOC0067
CDR002336,PH00019,PH00228,2026-06-16 15:08:00,1358,app_message,LOC0079
CDR002337,PH00136,PH01121,2026-01-16 23:23:00,1997,call,LOC0174
CDR002338,PH00051,PH01119,2026-07-05 01:08:00,1517,app_message,LOC0038
CDR002339,PH00534,PH00381,2026-02-07 06:02:00,935,app_message,LOC0001
CDR002340,PH00102,PH00390,2026-04-11 01:05:00,1798,app_message,LOC0136
CDR002341,PH00808,PH00800,2026-06-03 23:21:00,1716,sms,LOC0166
CDR002342,PH00633,PH00552,2026-01-16 22:24:00,1980,app_message,LOC0137
CDR002343,PH00907,PH00979,2026-01-01 22:36:00,1469,sms,LOC0039
CDR002344,PH00927,PH00558,2026-01-26 05:25:00,940,sms,LOC0077
CDR002345,PH00759,PH00271,2026-04-25 05:27:00,123,call,LOC0118
CDR002346,PH01028,PH00624,2026-07-06 09:40:00,1709,sms,LOC0131
CDR002347,PH01151,PH00449,2026-01-26 10:14:00,2024,sms,LOC0032
CDR002348,PH00926,PH00962,2026-03-13 02:10:00,586,app_message,LOC0090
CDR002349,PH00421,PH00065,2026-02-11 02:28:00,477,call,LOC0060
CDR002350,PH00718,PH01159,2026-05-09 09:08:00,1212,sms,LOC0025
CDR002351,PH00829,PH00613,2026-04-10 21:45:00,1091,app_message,LOC0100
CDR002352,PH00126,PH00839,2026-07-19 07:53:00,19,sms,LOC0039
CDR002353,PH01184,PH00485,2026-07-26 21:23:00,2336,app_message,LOC0154
CDR002354,PH00056,PH01089,2026-03-05 06:03:00,1623,app_message,LOC0156
CDR002355,PH00090,PH00723,2026-07-11 02:26:00,972,call,LOC0144
CDR002356,PH00984,PH00239,2026-02-19 16:50:00,2126,call,LOC0009
CDR002357,PH00698,PH01070,2026-03-25 19:52:00,1235,call,LOC0179
CDR002358,PH00277,PH00002,2026-04-26 14:56:00,344,sms,LOC0109
CDR002359,PH01151,PH00173,2026-06-03 15:37:00,2184,call,LOC0018
CDR002360,PH00346,PH01058,2026-01-26 10:41:00,174,app_message,LOC0073
CDR002361,PH00443,PH00365,2026-03-01 00:36:00,191,sms,LOC0150
CDR002362,PH01086,PH00701,2026-01-15 11:24:00,1695,sms,LOC0088
CDR002363,PH00753,PH00138,2026-06-05 17:57:00,1498,call,LOC0029
CDR002364,PH00883,PH00574,2026-05-16 06:52:00,1733,call,LOC0140
CDR002365,PH00066,PH00349,2026-06-14 03:51:00,1402,app_message,LOC0027
CDR002366,PH00684,PH00624,2026-07-19 10:34:00,1907,app_message,LOC0058
CDR002367,PH00057,PH00884,2026-05-25 03:38:00,318,sms,LOC0085
CDR002368,PH00445,PH00978,2026-01-27 19:49:00,951,sms,LOC0011
CDR002369,PH00733,PH00742,2026-04-10 22:38:00,1029,sms,LOC0056
CDR002370,PH00258,PH00596,2026-02-16 02:12:00,1173,call,LOC0053
CDR002371,PH00310,PH01179,2026-05-03 13:20:00,1530,sms,LOC0020
CDR002372,PH01003,PH00300,2026-06-26 12:49:00,632,sms,LOC0069
CDR002373,PH00059,PH00157,2026-02-06 00:58:00,1856,app_message,LOC0068
CDR002374,PH00240,PH00298,2026-05-26 06:35:00,2166,call,LOC0060
CDR002375,PH00879,PH00691,2026-05-27 20:32:00,878,app_message,LOC0064
CDR002376,PH00064,PH00385,2026-07-30 23:17:00,899,app_message,LOC0081
CDR002377,PH01031,PH00299,2026-05-12 04:05:00,1902,app_message,LOC0097
CDR002378,PH00607,PH00757,2026-08-12 19:05:00,1654,call,LOC0154
CDR002379,PH00353,PH00505,2026-04-22 23:33:00,2130,sms,LOC0144
CDR002380,PH00779,PH00734,2026-08-22 08:25:00,983,sms,LOC0005
CDR002381,PH00499,PH00220,2026-07-02 06:11:00,955,sms,LOC0111
CDR002382,PH00856,PH00770,2026-02-21 00:49:00,2344,app_message,LOC0151
CDR002383,PH00045,PH00112,2026-08-26 01:55:00,995,call,LOC0001
CDR002384,PH00724,PH00288,2026-04-20 13:33:00,782,call,LOC0164
CDR002385,PH00898,PH00798,2026-08-04 06:54:00,1047,app_message,LOC0039
CDR002386,PH00937,PH00394,2026-02-24 20:07:00,1136,sms,LOC0154
CDR002387,PH00325,PH00301,2026-05-07 21:00:00,279,app_message,LOC0138
CDR002388,PH00709,PH00134,2026-08-18 18:55:00,1046,call,LOC0072
CDR002389,PH00659,PH00610,2026-04-11 20:07:00,520,call,LOC0078
CDR002390,PH01033,PH00075,2026-04-25 04:57:00,987,sms,LOC0073
CDR002391,PH00224,PH00765,2026-05-17 10:45:00,1796,app_message,LOC0172
CDR002392,PH00313,PH00853,2026-01-18 01:40:00,295,app_message,LOC0034
CDR002393,PH00224,PH00643,2026-06-24 10:20:00,1463,app_message,LOC0030
CDR002394,PH00978,PH00850,2026-05-12 12:00:00,775,sms,LOC0077
CDR002395,PH00472,PH00080,2026-06-07 02:00:00,1791,call,LOC0116
CDR002396,PH00813,PH00586,2026-08-04 20:47:00,662,app_message,LOC0043
CDR002397,PH00953,PH00888,2026-04-16 06:03:00,435,call,LOC0077
CDR002398,PH01145,PH01108,2026-07-23 23:27:00,1612,app_message,LOC0013
CDR002399,PH00950,PH00500,2026-05-08 15:24:00,679,app_message,LOC0025
CDR002400,PH00886,PH00678,2026-08-03 03:55:00,1525,app_message,LOC0172
CDR002401,PH00356,PH00084,2026-03-14 07:52:00,1290,sms,LOC0037
CDR002402,PH00605,PH01079,2026-01-17 07:25:00,1303,app_message,LOC0149
CDR002403,PH00677,PH00259,2026-06-12 17:45:00,73,sms,LOC0165
CDR002404,PH00646,PH01159,2026-01-24 18:16:00,1904,sms,LOC0120
CDR002405,PH00411,PH00016,2026-04-12 20:00:00,697,call,LOC0086
CDR002406,PH00500,PH00471,2026-01-10 06:40:00,1164,app_message,LOC0013
CDR002407,PH00979,PH01064,2026-03-03 12:00:00,154,sms,LOC0025
CDR002408,PH00479,PH00392,2026-07-16 13:07:00,606,call,LOC0089
CDR002409,PH00029,PH00095,2026-01-25 09:12:00,333,sms,LOC0010
CDR002410,PH01177,PH01051,2026-04-24 06:26:00,2233,call,LOC0026
CDR002411,PH00028,PH01148,2026-06-13 15:33:00,211,app_message,LOC0049
CDR002412,PH00687,PH00213,2026-05-21 18:59:00,2299,app_message,LOC0169
CDR002413,PH01115,PH00870,2026-04-15 20:07:00,353,app_message,LOC0034
CDR002414,PH00986,PH00364,2026-07-17 18:12:00,1436,app_message,LOC0106
CDR002415,PH00523,PH01087,2026-08-12 03:36:00,989,call,LOC0133
CDR002416,PH00371,PH00566,2026-07-07 15:39:00,2263,sms,LOC0059
CDR002417,PH00192,PH00942,2026-03-09 09:37:00,888,sms,LOC0034
CDR002418,PH00948,PH00504,2026-05-21 06:45:00,774,app_message,LOC0127
CDR002419,PH00688,PH00568,2026-06-13 03:52:00,824,sms,LOC0113
CDR002420,PH00041,PH00397,2026-07-27 23:04:00,1532,call,LOC0145
CDR002421,PH00743,PH00983,2026-01-03 05:01:00,1543,call,LOC0093
CDR002422,PH00919,PH00756,2026-03-13 20:26:00,581,sms,LOC0056
CDR002423,PH00800,PH00235,2026-04-14 08:18:00,253,call,LOC0118
CDR002424,PH00074,PH00597,2026-05-24 16:41:00,270,call,LOC0092
CDR002425,PH00779,PH00363,2026-04-09 18:07:00,1428,call,LOC0143
CDR002426,PH00396,PH00172,2026-07-03 06:02:00,214,app_message,LOC0007
CDR002427,PH00268,PH01079,2026-01-18 06:28:00,522,app_message,LOC0050
CDR002428,PH00596,PH00324,2026-01-07 07:16:00,1031,app_message,LOC0004
CDR002429,PH00952,PH00153,2026-08-13 02:44:00,1457,call,LOC0162
CDR002430,PH00935,PH00766,2026-05-16 05:20:00,269,app_message,LOC0014
CDR002431,PH00079,PH00076,2026-04-12 15:55:00,1181,app_message,LOC0132
CDR002432,PH00397,PH00694,2026-06-14 22:37:00,1653,sms,LOC0024
CDR002433,PH00693,PH00762,2026-04-29 23:25:00,2068,sms,LOC0126
CDR002434,PH00264,PH00472,2026-05-07 09:12:00,1359,app_message,LOC0041
CDR002435,PH00666,PH00646,2026-05-08 14:30:00,1342,call,LOC0052
CDR002436,PH00205,PH00934,2026-03-22 19:31:00,395,call,LOC0018
CDR002437,PH00762,PH01071,2026-08-27 03:13:00,1139,app_message,LOC0123
CDR002438,PH00509,PH00584,2026-07-20 00:50:00,1988,call,LOC0046
CDR002439,PH00864,PH00540,2026-07-21 02:27:00,2233,app_message,LOC0094
CDR002440,PH01176,PH00636,2026-04-03 17:27:00,2047,app_message,LOC0055
CDR002441,PH01081,PH00148,2026-07-22 11:53:00,261,call,LOC0163
CDR002442,PH00928,PH00789,2026-04-30 11:01:00,34,call,LOC0172
CDR002443,PH00081,PH00447,2026-03-09 01:04:00,865,sms,LOC0040
CDR002444,PH00908,PH01105,2026-02-03 08:36:00,79,sms,LOC0094
CDR002445,PH00912,PH00140,2026-01-28 19:35:00,896,call,LOC0179
CDR002446,PH00918,PH00350,2026-03-22 06:07:00,265,app_message,LOC0055
CDR002447,PH00170,PH00268,2026-07-18 08:39:00,1305,call,LOC0096
CDR002448,PH00934,PH00713,2026-02-26 01:25:00,1498,sms,LOC0165
CDR002449,PH01190,PH00964,2026-07-04 16:16:00,696,app_message,LOC0115
CDR002450,PH00941,PH00349,2026-05-09 21:18:00,1607,app_message,LOC0025
CDR002451,PH00400,PH00632,2026-03-16 04:17:00,574,app_message,LOC0137
CDR002452,PH00304,PH00382,2026-04-18 01:49:00,478,call,LOC0126
CDR002453,PH00116,PH00157,2026-04-03 05:12:00,409,call,LOC0045
CDR002454,PH00922,PH01013,2026-03-15 09:19:00,1891,call,LOC0060
CDR002455,PH00839,PH00315,2026-01-22 12:36:00,402,sms,LOC0099
CDR002456,PH00776,PH00370,2026-07-10 22:01:00,865,sms,LOC0110
CDR002457,PH00602,PH01148,2026-03-04 02:54:00,863,sms,LOC0053
CDR002458,PH01160,PH00626,2026-07-22 21:47:00,789,sms,LOC0058
CDR002459,PH00148,PH00679,2026-02-27 09:22:00,1594,call,LOC0135
CDR002460,PH00246,PH00726,2026-04-20 07:10:00,1373,app_message,LOC0139
CDR002461,PH00183,PH00860,2026-01-05 21:29:00,2285,call,LOC0088
CDR002462,PH00255,PH00789,2026-05-23 17:27:00,303,sms,LOC0081
CDR002463,PH00920,PH00924,2026-03-28 04:37:00,180,call,LOC0069
CDR002464,PH00348,PH00704,2026-02-06 14:03:00,2093,sms,LOC0167
CDR002465,PH01108,PH00375,2026-08-24 12:06:00,1759,sms,LOC0103
CDR002466,PH00327,PH00415,2026-08-31 17:09:00,1683,app_message,LOC0105
CDR002467,PH00267,PH00068,2026-07-05 07:07:00,467,sms,LOC0107
CDR002468,PH00007,PH00335,2026-03-14 05:37:00,606,call,LOC0143
CDR002469,PH00648,PH00766,2026-07-21 16:12:00,1098,app_message,LOC0131
CDR002470,PH00989,PH01099,2026-04-01 20:16:00,1072,app_message,LOC0139
CDR002471,PH00840,PH00202,2026-02-06 23:55:00,1929,app_message,LOC0136
CDR002472,PH01144,PH00880,2026-08-06 09:38:00,1317,sms,LOC0013
CDR002473,PH00374,PH00100,2026-08-13 03:36:00,1399,sms,LOC0005
CDR002474,PH00760,PH00339,2026-03-19 04:13:00,1810,app_message,LOC0028
CDR002475,PH00926,PH00847,2026-03-26 17:11:00,1499,sms,LOC0040
CDR002476,PH00045,PH00767,2026-07-29 01:33:00,1285,call,LOC0086
CDR002477,PH00363,PH00560,2026-07-06 20:04:00,1488,app_message,LOC0007
CDR002478,PH00229,PH00940,2026-08-18 21:47:00,150,sms,LOC0024
CDR002479,PH00628,PH01139,2026-07-29 20:40:00,346,sms,LOC0008
CDR002480,PH00598,PH00500,2026-05-10 22:05:00,1454,app_message,LOC0166
CDR002481,PH00304,PH00662,2026-02-24 11:32:00,1828,sms,LOC0004
CDR002482,PH00126,PH00275,2026-04-30 14:37:00,587,sms,LOC0137
CDR002483,PH01038,PH01097,2026-04-14 01:55:00,2226,sms,LOC0115
CDR002484,PH00743,PH00900,2026-06-07 16:54:00,1302,sms,LOC0074
CDR002485,PH00803,PH00578,2026-07-30 08:09:00,485,sms,LOC0158
CDR002486,PH00264,PH00016,2026-01-28 15:02:00,890,app_message,LOC0095
CDR002487,PH00688,PH00585,2026-04-10 09:08:00,435,call,LOC0111
CDR002488,PH00175,PH00616,2026-02-20 00:36:00,1924,app_message,LOC0147
CDR002489,PH00666,PH01147,2026-06-08 21:53:00,929,sms,LOC0040
CDR002490,PH00632,PH00384,2026-03-25 07:29:00,2234,call,LOC0153
CDR002491,PH00459,PH00204,2026-05-29 17:22:00,1936,sms,LOC0056
CDR002492,PH01087,PH00557,2026-01-03 10:29:00,980,call,LOC0057
CDR002493,PH00349,PH00019,2026-08-08 12:11:00,2153,app_message,LOC0175
CDR002494,PH01002,PH00164,2026-05-08 04:49:00,966,call,LOC0061
CDR002495,PH00987,PH00453,2026-01-21 01:04:00,1639,sms,LOC0015
CDR002496,PH00520,PH00799,2026-06-20 00:51:00,60,call,LOC0136
CDR002497,PH00355,PH00615,2026-01-19 21:47:00,982,app_message,LOC0113
CDR002498,PH00729,PH01078,2026-03-08 10:36:00,305,call,LOC0035
CDR002499,PH00463,PH01063,2026-07-26 07:27:00,883,sms,LOC0166
CDR002500,PH00276,PH00545,2026-04-23 05:01:00,2125,app_message,LOC0096
CDR002501,PH00173,PH01131,2026-02-06 00:10:00,485,app_message,LOC0171
CDR002502,PH00761,PH00811,2026-06-13 20:08:00,410,call,LOC0111
CDR002503,PH01070,PH00181,2026-02-06 12:06:00,858,app_message,LOC0027
CDR002504,PH00107,PH00511,2026-01-10 08:49:00,1670,app_message,LOC0116
CDR002505,PH00594,PH00668,2026-06-04 15:37:00,693,call,LOC0133
CDR002506,PH00483,PH00659,2026-06-25 05:39:00,1631,app_message,LOC0044
CDR002507,PH00386,PH00298,2026-02-27 23:23:00,1996,call,LOC0178
CDR002508,PH00359,PH00294,2026-05-14 04:05:00,608,sms,LOC0051
CDR002509,PH00220,PH00894,2026-03-16 00:13:00,1331,call,LOC0107
CDR002510,PH01038,PH00411,2026-02-20 02:38:00,301,sms,LOC0160
CDR002511,PH00158,PH00257,2026-06-29 04:04:00,51,call,LOC0038
CDR002512,PH00964,PH00206,2026-02-06 23:53:00,541,call,LOC0166
CDR002513,PH00833,PH00651,2026-08-28 16:37:00,833,call,LOC0048
CDR002514,PH00926,PH00847,2026-07-09 01:02:00,263,call,LOC0130
CDR002515,PH01176,PH00095,2026-06-25 04:45:00,459,sms,LOC0084
CDR002516,PH00071,PH00206,2026-02-17 11:01:00,872,call,LOC0050
CDR002517,PH01130,PH00956,2026-06-03 13:51:00,2265,sms,LOC0070
CDR002518,PH00173,PH00145,2026-02-15 18:26:00,485,call,LOC0029
CDR002519,PH00469,PH00982,2026-08-01 15:40:00,531,app_message,LOC0128
CDR002520,PH00129,PH00678,2026-02-04 22:44:00,2238,call,LOC0162
CDR002521,PH00140,PH00014,2026-01-23 17:49:00,1935,call,LOC0058
CDR002522,PH00507,PH01041,2026-04-08 12:32:00,78,app_message,LOC0056
CDR002523,PH00723,PH00251,2026-03-04 06:05:00,2385,sms,LOC0036
CDR002524,PH01020,PH00260,2026-02-18 10:31:00,2069,app_message,LOC0142
CDR002525,PH00286,PH00609,2026-07-15 16:59:00,1774,call,LOC0071
CDR002526,PH00986,PH00189,2026-08-08 21:14:00,1839,app_message,LOC0092
CDR002527,PH00178,PH00789,2026-06-10 23:08:00,1229,app_message,LOC0073
CDR002528,PH00763,PH00452,2026-04-18 07:54:00,321,sms,LOC0099
CDR002529,PH01134,PH00058,2026-04-15 14:23:00,1111,call,LOC0091
CDR002530,PH00949,PH00079,2026-01-04 23:09:00,597,app_message,LOC0178
CDR002531,PH00391,PH00957,2026-01-09 19:32:00,450,app_message,LOC0100
CDR002532,PH00913,PH00453,2026-01-06 20:04:00,457,call,LOC0174
CDR002533,PH00255,PH00890,2026-02-11 22:23:00,99,app_message,LOC0121
CDR002534,PH00718,PH00053,2026-03-26 14:46:00,1957,sms,LOC0053
CDR002535,PH00890,PH00719,2026-08-20 02:13:00,1131,app_message,LOC0032
CDR002536,PH00227,PH00444,2026-01-01 21:35:00,507,call,LOC0024
CDR002537,PH00642,PH00815,2026-06-11 05:47:00,698,sms,LOC0020
CDR002538,PH00752,PH01130,2026-04-28 23:03:00,799,app_message,LOC0037
CDR002539,PH00916,PH00854,2026-03-28 17:11:00,717,call,LOC0004
CDR002540,PH00948,PH00862,2026-07-07 19:11:00,1925,call,LOC0120
CDR002541,PH00408,PH00757,2026-04-18 22:49:00,1955,app_message,LOC0013
CDR002542,PH00495,PH00596,2026-03-14 21:14:00,57,app_message,LOC0064
CDR002543,PH00221,PH00690,2026-05-03 16:28:00,745,app_message,LOC0034
CDR002544,PH00081,PH00188,2026-08-09 14:06:00,1276,app_message,LOC0087
CDR002545,PH00131,PH00316,2026-06-16 12:54:00,1867,app_message,LOC0066
CDR002546,PH00308,PH00015,2026-01-21 10:35:00,1485,sms,LOC0111
CDR002547,PH00376,PH00964,2026-04-22 02:50:00,1762,app_message,LOC0075
CDR002548,PH00368,PH01015,2026-01-24 05:29:00,1798,sms,LOC0069
CDR002549,PH00018,PH01069,2026-05-04 20:24:00,191,app_message,LOC0144
CDR002550,PH00067,PH00254,2026-08-07 04:56:00,1724,app_message,LOC0154
CDR002551,PH00351,PH00175,2026-04-22 23:52:00,25,sms,LOC0109
CDR002552,PH00295,PH00191,2026-04-09 17:42:00,2122,sms,LOC0063
CDR002553,PH00294,PH00162,2026-08-20 07:07:00,916,app_message,LOC0172
CDR002554,PH00796,PH00400,2026-04-05 15:02:00,2067,sms,LOC0158
CDR002555,PH00341,PH00785,2026-04-14 10:43:00,915,app_message,LOC0001
CDR002556,PH00112,PH01123,2026-05-26 14:32:00,155,call,LOC0132
CDR002557,PH00522,PH00485,2026-02-20 15:20:00,888,app_message,LOC0029
CDR002558,PH00258,PH00226,2026-06-19 04:52:00,1550,sms,LOC0138
CDR002559,PH00536,PH01144,2026-01-16 05:28:00,1513,app_message,LOC0038
CDR002560,PH00772,PH00741,2026-07-24 23:01:00,2198,call,LOC0146
CDR002561,PH00621,PH01189,2026-08-25 15:55:00,310,sms,LOC0076
CDR002562,PH00122,PH00039,2026-06-24 19:33:00,1384,app_message,LOC0127
CDR002563,PH00265,PH00018,2026-03-06 23:57:00,1677,sms,LOC0118
CDR002564,PH00988,PH01145,2026-07-26 14:09:00,1671,sms,LOC0157
CDR002565,PH01095,PH00319,2026-03-25 08:59:00,693,call,LOC0066
CDR002566,PH00893,PH00644,2026-05-12 10:12:00,1827,sms,LOC0120
CDR002567,PH00165,PH01084,2026-06-23 10:01:00,1407,app_message,LOC0150
CDR002568,PH00267,PH00937,2026-01-20 09:56:00,1253,call,LOC0029
CDR002569,PH00229,PH00903,2026-07-03 01:04:00,1001,app_message,LOC0146
CDR002570,PH00002,PH00620,2026-07-04 11:01:00,561,app_message,LOC0108
CDR002571,PH01014,PH00707,2026-05-21 11:09:00,922,app_message,LOC0053
CDR002572,PH01153,PH00865,2026-05-03 00:00:00,854,sms,LOC0017
CDR002573,PH00540,PH00928,2026-04-01 04:48:00,437,sms,LOC0126
CDR002574,PH00498,PH00556,2026-01-02 08:41:00,1123,sms,LOC0006
CDR002575,PH00057,PH00051,2026-08-07 18:52:00,59,sms,LOC0005
CDR002576,PH00047,PH00804,2026-08-07 00:20:00,73,call,LOC0088
CDR002577,PH00086,PH01052,2026-07-21 20:05:00,1732,call,LOC0137
CDR002578,PH00298,PH01161,2026-08-27 22:35:00,714,sms,LOC0089
CDR002579,PH00951,PH00081,2026-03-09 01:27:00,41,sms,LOC0155
CDR002580,PH00150,PH00434,2026-01-09 20:31:00,206,call,LOC0129
CDR002581,PH00307,PH00069,2026-07-16 00:32:00,416,sms,LOC0146
CDR002582,PH00079,PH00133,2026-01-08 04:13:00,453,call,LOC0165
CDR002583,PH00169,PH01018,2026-01-12 03:05:00,2074,sms,LOC0021
CDR002584,PH00363,PH00346,2026-01-24 02:08:00,1133,app_message,LOC0105
CDR002585,PH00830,PH00475,2026-03-19 02:13:00,1355,app_message,LOC0126
CDR002586,PH00585,PH00954,2026-04-23 14:53:00,1187,sms,LOC0167
CDR002587,PH01069,PH00756,2026-01-31 16:41:00,201,call,LOC0012
CDR002588,PH00380,PH00825,2026-07-04 09:53:00,837,app_message,LOC0075
CDR002589,PH00415,PH00645,2026-03-03 15:03:00,343,call,LOC0177
CDR002590,PH00736,PH00647,2026-05-09 17:58:00,593,sms,LOC0138
CDR002591,PH00570,PH00301,2026-03-25 15:38:00,311,app_message,LOC0026
CDR002592,PH00792,PH00260,2026-04-13 02:28:00,2310,call,LOC0060
CDR002593,PH00877,PH00363,2026-01-13 08:59:00,129,app_message,LOC0111
CDR002594,PH00233,PH01156,2026-05-02 06:09:00,1601,call,LOC0112
CDR002595,PH00326,PH01106,2026-05-06 07:41:00,1175,app_message,LOC0168
CDR002596,PH00292,PH00749,2026-03-25 22:10:00,2098,call,LOC0054
CDR002597,PH00191,PH00225,2026-01-23 04:18:00,436,sms,LOC0043
CDR002598,PH00525,PH00905,2026-06-15 20:56:00,2066,sms,LOC0077
CDR002599,PH00404,PH01164,2026-04-29 21:44:00,1324,call,LOC0146
CDR002600,PH01003,PH00501,2026-03-05 22:38:00,1295,app_message,LOC0119
CDR002601,PH00634,PH00516,2026-03-23 07:56:00,1341,sms,LOC0101
CDR002602,PH00478,PH00631,2026-07-31 05:57:00,723,sms,LOC0099
CDR002603,PH00490,PH00946,2026-02-23 15:49:00,1445,sms,LOC0020
CDR002604,PH00138,PH00440,2026-07-19 08:13:00,1676,app_message,LOC0124
CDR002605,PH00758,PH00480,2026-01-07 22:33:00,517,app_message,LOC0105
CDR002606,PH00526,PH00609,2026-08-24 03:06:00,323,call,LOC0013
CDR002607,PH00449,PH00003,2026-03-30 05:17:00,1392,sms,LOC0040
CDR002608,PH00577,PH00667,2026-06-28 08:34:00,2329,call,LOC0166
CDR002609,PH00709,PH00021,2026-07-21 03:01:00,715,app_message,LOC0090
CDR002610,PH00560,PH00567,2026-01-04 22:12:00,68,call,LOC0034
CDR002611,PH00761,PH00452,2026-02-05 14:13:00,1683,sms,LOC0022
CDR002612,PH01020,PH00861,2026-02-26 21:52:00,1479,sms,LOC0157
CDR002613,PH00518,PH00243,2026-02-03 02:09:00,45,sms,LOC0030
CDR002614,PH00975,PH00062,2026-04-08 11:36:00,101,call,LOC0050
CDR002615,PH00199,PH01197,2026-03-23 16:14:00,1773,app_message,LOC0093
CDR002616,PH00692,PH00324,2026-06-24 19:10:00,990,app_message,LOC0010
CDR002617,PH00716,PH00008,2026-01-21 16:19:00,1474,call,LOC0048
CDR002618,PH00521,PH01161,2026-07-28 13:59:00,601,app_message,LOC0059
CDR002619,PH00562,PH00499,2026-07-24 21:25:00,866,app_message,LOC0159
CDR002620,PH00345,PH00987,2026-07-05 10:02:00,999,app_message,LOC0154
CDR002621,PH00637,PH00474,2026-04-12 20:59:00,851,call,LOC0151
CDR002622,PH00908,PH00146,2026-08-12 18:29:00,1389,sms,LOC0114
CDR002623,PH01054,PH00804,2026-07-11 03:26:00,338,call,LOC0068
CDR002624,PH00239,PH01071,2026-05-02 22:26:00,2239,call,LOC0148
CDR002625,PH00611,PH00517,2026-03-30 17:17:00,420,app_message,LOC0018
CDR002626,PH00473,PH00240,2026-05-06 07:42:00,969,sms,LOC0055
CDR002627,PH00309,PH00279,2026-08-14 18:45:00,974,sms,LOC0109
CDR002628,PH00371,PH01003,2026-07-11 14:49:00,828,call,LOC0046
CDR002629,PH01165,PH00707,2026-06-10 02:53:00,1823,call,LOC0092
CDR002630,PH00568,PH00472,2026-08-11 20:55:00,499,app_message,LOC0151
CDR002631,PH00896,PH00153,2026-05-27 21:42:00,1422,call,LOC0085
CDR002632,PH00640,PH00556,2026-04-02 17:04:00,956,app_message,LOC0011
CDR002633,PH01052,PH00298,2026-07-17 05:02:00,181,sms,LOC0157
CDR002634,PH00755,PH00164,2026-04-28 05:40:00,725,sms,LOC0022
CDR002635,PH01040,PH01067,2026-01-18 20:26:00,1223,call,LOC0080
CDR002636,PH00826,PH00595,2026-02-02 19:17:00,760,sms,LOC0029
CDR002637,PH00853,PH00608,2026-03-14 12:48:00,147,app_message,LOC0030
CDR002638,PH00932,PH00031,2026-08-20 19:49:00,1996,sms,LOC0129
CDR002639,PH01088,PH00191,2026-04-19 06:25:00,1777,app_message,LOC0102
CDR002640,PH00560,PH01167,2026-07-10 11:42:00,1986,call,LOC0145
CDR002641,PH00236,PH00951,2026-01-05 07:22:00,1187,sms,LOC0152
CDR002642,PH00831,PH00027,2026-07-19 01:23:00,1516,sms,LOC0018
CDR002643,PH01184,PH00189,2026-02-24 18:23:00,2188,app_message,LOC0013
CDR002644,PH00245,PH00624,2026-05-01 21:17:00,2178,sms,LOC0159
CDR002645,PH01105,PH01064,2026-06-14 12:34:00,1716,call,LOC0058
CDR002646,PH00767,PH00711,2026-06-12 06:25:00,1490,sms,LOC0127
CDR002647,PH00758,PH00075,2026-01-17 03:59:00,1395,call,LOC0019
CDR002648,PH00792,PH01024,2026-06-20 08:18:00,170,sms,LOC0163
CDR002649,PH00364,PH00042,2026-03-19 17:07:00,822,app_message,LOC0099
CDR002650,PH00474,PH00427,2026-01-31 10:45:00,1256,app_message,LOC0054
CDR002651,PH00430,PH00708,2026-04-27 12:43:00,1068,sms,LOC0120
CDR002652,PH00232,PH00419,2026-02-21 05:06:00,1449,sms,LOC0049
CDR002653,PH00814,PH00342,2026-03-18 19:05:00,1587,sms,LOC0081
CDR002654,PH00112,PH00578,2026-05-17 09:22:00,1332,call,LOC0027
CDR002655,PH00892,PH00710,2026-07-30 15:38:00,928,app_message,LOC0084
CDR002656,PH00439,PH00909,2026-08-30 03:02:00,22,sms,LOC0120
CDR002657,PH00691,PH00799,2026-03-30 19:35:00,1871,call,LOC0109
CDR002658,PH00441,PH00520,2026-01-18 12:24:00,1325,call,LOC0058
CDR002659,PH00911,PH00773,2026-08-18 22:47:00,1466,call,LOC0118
CDR002660,PH00617,PH00358,2026-06-18 21:58:00,1491,app_message,LOC0158
CDR002661,PH00033,PH01153,2026-07-05 01:39:00,1192,sms,LOC0031
CDR002662,PH00084,PH01082,2026-08-05 17:38:00,1462,app_message,LOC0001
CDR002663,PH01054,PH00174,2026-07-06 22:46:00,2360,app_message,LOC0144
CDR002664,PH01052,PH00514,2026-04-04 00:13:00,1794,app_message,LOC0169
CDR002665,PH00921,PH00771,2026-07-31 17:03:00,1501,call,LOC0017
CDR002666,PH00387,PH00098,2026-05-30 03:34:00,600,call,LOC0035
CDR002667,PH00818,PH00171,2026-04-27 15:26:00,708,sms,LOC0060
CDR002668,PH00631,PH00110,2026-03-09 18:23:00,1302,call,LOC0120
CDR002669,PH00747,PH00885,2026-08-02 07:23:00,19,call,LOC0032
CDR002670,PH01036,PH00704,2026-01-29 02:42:00,363,app_message,LOC0040
CDR002671,PH00763,PH00492,2026-07-21 11:46:00,836,app_message,LOC0123
CDR002672,PH00294,PH00804,2026-07-13 07:30:00,1279,app_message,LOC0164
CDR002673,PH00095,PH00526,2026-08-18 04:31:00,2032,call,LOC0157
CDR002674,PH00886,PH00220,2026-03-07 03:06:00,1117,sms,LOC0052
CDR002675,PH00300,PH00766,2026-03-13 19:58:00,1046,app_message,LOC0148
CDR002676,PH00154,PH00798,2026-01-06 05:56:00,1844,app_message,LOC0008
CDR002677,PH00492,PH00691,2026-01-13 19:15:00,1135,call,LOC0091
CDR002678,PH00860,PH01001,2026-07-30 10:28:00,2138,call,LOC0092
CDR002679,PH00206,PH00539,2026-03-14 23:07:00,472,sms,LOC0175
CDR002680,PH00882,PH01167,2026-05-27 15:11:00,1398,app_message,LOC0148
CDR002681,PH00810,PH00624,2026-02-27 02:27:00,780,app_message,LOC0025
CDR002682,PH00399,PH00348,2026-05-03 02:49:00,1409,app_message,LOC0039
CDR002683,PH01013,PH00204,2026-05-12 16:29:00,1021,call,LOC0180
CDR002684,PH00712,PH00327,2026-01-01 06:30:00,1227,sms,LOC0039
CDR002685,PH00578,PH01129,2026-06-21 19:43:00,2258,sms,LOC0106
CDR002686,PH00562,PH00164,2026-05-08 15:40:00,1866,call,LOC0080
CDR002687,PH01035,PH00225,2026-04-04 22:08:00,157,sms,LOC0128
CDR002688,PH00292,PH00759,2026-07-23 05:46:00,911,call,LOC0016
CDR002689,PH00707,PH01157,2026-02-12 17:32:00,2116,call,LOC0074
CDR002690,PH01182,PH00161,2026-05-07 05:22:00,1615,call,LOC0147
CDR002691,PH01070,PH00850,2026-08-07 22:46:00,1120,sms,LOC0153
CDR002692,PH00745,PH00214,2026-06-24 16:18:00,29,app_message,LOC0087
CDR002693,PH00396,PH00425,2026-02-05 03:09:00,1249,app_message,LOC0133
CDR002694,PH00981,PH00290,2026-02-19 22:22:00,1634,call,LOC0073
CDR002695,PH00893,PH00571,2026-06-07 12:37:00,256,sms,LOC0043
CDR002696,PH00414,PH01082,2026-01-15 10:20:00,220,app_message,LOC0142
CDR002697,PH00260,PH00340,2026-02-18 15:58:00,557,app_message,LOC0117
CDR002698,PH00827,PH00541,2026-06-19 22:18:00,147,call,LOC0074
CDR002699,PH00381,PH00872,2026-06-11 01:21:00,2025,sms,LOC0031
CDR002700,PH01010,PH00304,2026-04-16 08:37:00,1877,call,LOC0059
CDR002701,PH00945,PH00424,2026-01-17 18:09:00,2165,call,LOC0062
CDR002702,PH00347,PH00426,2026-04-04 12:50:00,153,call,LOC0034
CDR002703,PH00256,PH01151,2026-03-15 10:55:00,362,call,LOC0014
CDR002704,PH00327,PH00125,2026-03-24 21:13:00,1830,sms,LOC0038
CDR002705,PH00093,PH00808,2026-03-10 17:26:00,2114,sms,LOC0071
CDR002706,PH00288,PH01024,2026-02-01 22:47:00,1080,app_message,LOC0055
CDR002707,PH00727,PH00957,2026-01-10 14:45:00,2202,app_message,LOC0018
CDR002708,PH00577,PH01095,2026-01-21 18:54:00,706,call,LOC0020
CDR002709,PH00767,PH00938,2026-01-23 14:22:00,1071,app_message,LOC0040
CDR002710,PH00918,PH00160,2026-01-05 09:52:00,1938,app_message,LOC0012
CDR002711,PH01175,PH01040,2026-02-01 22:41:00,765,call,LOC0111
CDR002712,PH00664,PH01041,2026-04-17 01:56:00,1016,call,LOC0127
CDR002713,PH00933,PH00599,2026-08-21 17:26:00,673,sms,LOC0072
CDR002714,PH00480,PH01160,2026-07-19 23:22:00,1073,sms,LOC0177
CDR002715,PH00958,PH00960,2026-01-28 12:48:00,169,call,LOC0147
CDR002716,PH00785,PH00948,2026-05-04 05:41:00,1776,call,LOC0017
CDR002717,PH00887,PH00372,2026-02-02 11:51:00,2258,call,LOC0074
CDR002718,PH00615,PH00469,2026-06-29 21:29:00,1382,sms,LOC0169
CDR002719,PH00974,PH00265,2026-01-15 20:50:00,428,call,LOC0093
CDR002720,PH00823,PH00448,2026-03-23 11:21:00,1616,app_message,LOC0170
CDR002721,PH01095,PH00134,2026-04-07 01:18:00,654,app_message,LOC0007
CDR002722,PH00060,PH00952,2026-07-29 06:24:00,1574,sms,LOC0180
CDR002723,PH00976,PH00524,2026-03-22 06:27:00,895,app_message,LOC0123
CDR002724,PH00854,PH00976,2026-04-16 04:19:00,1748,app_message,LOC0122
CDR002725,PH01174,PH00848,2026-03-12 04:01:00,73,app_message,LOC0096
CDR002726,PH00850,PH01145,2026-06-19 14:38:00,1370,app_message,LOC0139
CDR002727,PH01056,PH00960,2026-01-01 08:59:00,751,app_message,LOC0019
CDR002728,PH00411,PH01124,2026-01-24 15:38:00,997,call,LOC0135
CDR002729,PH00533,PH00939,2026-06-16 15:02:00,2336,app_message,LOC0054
CDR002730,PH00543,PH01164,2026-04-11 02:46:00,1604,app_message,LOC0159
CDR002731,PH01142,PH00553,2026-04-28 00:01:00,1365,call,LOC0042
CDR002732,PH00862,PH00801,2026-08-12 05:50:00,655,sms,LOC0143
CDR002733,PH00503,PH00953,2026-04-19 19:02:00,927,sms,LOC0037
CDR002734,PH00005,PH00664,2026-01-21 05:20:00,1972,sms,LOC0069
CDR002735,PH00518,PH01040,2026-02-19 13:38:00,895,app_message,LOC0006
CDR002736,PH00144,PH00903,2026-02-09 15:43:00,721,sms,LOC0039
CDR002737,PH00425,PH00394,2026-01-17 10:04:00,1959,sms,LOC0168
CDR002738,PH00366,PH00286,2026-08-08 22:04:00,1211,sms,LOC0003
CDR002739,PH00700,PH00479,2026-01-20 06:13:00,595,call,LOC0134
CDR002740,PH00982,PH00125,2026-08-08 23:21:00,2035,sms,LOC0170
CDR002741,PH00246,PH01067,2026-04-22 11:17:00,1231,sms,LOC0007
CDR002742,PH00815,PH00202,2026-08-07 09:17:00,974,call,LOC0167
CDR002743,PH01114,PH01173,2026-07-24 21:11:00,124,call,LOC0168
CDR002744,PH00522,PH01028,2026-05-15 13:51:00,2064,sms,LOC0172
CDR002745,PH00371,PH00888,2026-06-22 06:10:00,1011,app_message,LOC0050
CDR002746,PH00706,PH00554,2026-05-20 12:08:00,649,sms,LOC0073
CDR002747,PH00710,PH00434,2026-04-04 19:58:00,102,app_message,LOC0116
CDR002748,PH00312,PH00131,2026-05-31 08:44:00,1703,sms,LOC0099
CDR002749,PH00581,PH00951,2026-07-24 00:44:00,2035,sms,LOC0097
CDR002750,PH00324,PH00312,2026-08-20 01:38:00,819,app_message,LOC0180
CDR002751,PH00543,PH00138,2026-02-10 23:16:00,549,call,LOC0049
CDR002752,PH00079,PH00881,2026-08-04 09:15:00,604,sms,LOC0162
CDR002753,PH00570,PH01033,2026-07-13 14:01:00,781,sms,LOC0048
CDR002754,PH00230,PH00585,2026-06-26 16:59:00,17,call,LOC0110
CDR002755,PH00601,PH00821,2026-07-03 08:43:00,1583,app_message,LOC0011
CDR002756,PH00078,PH00265,2026-03-10 08:13:00,2061,sms,LOC0172
CDR002757,PH01124,PH00151,2026-01-21 08:48:00,1497,app_message,LOC0106
CDR002758,PH00943,PH00138,2026-02-08 01:22:00,1325,app_message,LOC0104
CDR002759,PH00197,PH00227,2026-03-24 07:27:00,1904,sms,LOC0026
CDR002760,PH00090,PH00450,2026-08-16 21:39:00,1397,call,LOC0146
CDR002761,PH00669,PH00965,2026-07-10 02:10:00,1664,sms,LOC0156
CDR002762,PH00746,PH00652,2026-08-31 07:20:00,1069,app_message,LOC0106
CDR002763,PH00022,PH00584,2026-04-08 18:01:00,1285,sms,LOC0076
CDR002764,PH00645,PH00704,2026-06-19 09:54:00,1543,sms,LOC0024
CDR002765,PH00992,PH00698,2026-05-21 19:25:00,1811,call,LOC0137
CDR002766,PH00600,PH00523,2026-07-19 16:27:00,2076,sms,LOC0074
CDR002767,PH00030,PH00006,2026-05-21 19:33:00,2369,sms,LOC0148
CDR002768,PH00379,PH00987,2026-06-15 08:11:00,1525,sms,LOC0067
CDR002769,PH00379,PH00066,2026-04-30 19:00:00,1544,app_message,LOC0153
CDR002770,PH00140,PH01108,2026-06-16 17:26:00,1655,sms,LOC0163
CDR002771,PH00708,PH01092,2026-03-22 09:41:00,91,app_message,LOC0097
CDR002772,PH00494,PH00053,2026-04-27 07:46:00,2220,call,LOC0081
CDR002773,PH00818,PH00984,2026-06-14 01:16:00,1265,call,LOC0124
CDR002774,PH00154,PH00720,2026-05-03 23:03:00,1250,sms,LOC0170
CDR002775,PH00346,PH00624,2026-08-31 22:52:00,890,sms,LOC0103
CDR002776,PH00592,PH00708,2026-06-05 02:44:00,975,app_message,LOC0011
CDR002777,PH00560,PH00539,2026-04-02 03:05:00,301,call,LOC0138
CDR002778,PH01105,PH00421,2026-01-01 22:59:00,298,sms,LOC0112
CDR002779,PH00689,PH00003,2026-07-30 03:13:00,1691,call,LOC0166
CDR002780,PH00006,PH00354,2026-06-17 14:31:00,2219,sms,LOC0020
CDR002781,PH00003,PH00057,2026-08-07 00:45:00,1517,sms,LOC0163
CDR002782,PH00090,PH00239,2026-01-24 03:51:00,667,sms,LOC0031
CDR002783,PH01098,PH00858,2026-02-03 19:34:00,1619,sms,LOC0111
CDR002784,PH00705,PH00069,2026-01-16 14:54:00,149,app_message,LOC0074
CDR002785,PH00198,PH00467,2026-04-22 23:23:00,1036,sms,LOC0151
CDR002786,PH00044,PH00736,2026-07-14 05:57:00,2166,app_message,LOC0034
CDR002787,PH00445,PH00548,2026-03-09 22:51:00,625,app_message,LOC0062
CDR002788,PH01198,PH00721,2026-08-13 16:00:00,252,app_message,LOC0025
CDR002789,PH00164,PH00072,2026-07-07 03:27:00,97,sms,LOC0044
CDR002790,PH00063,PH00930,2026-06-19 08:03:00,590,call,LOC0147
CDR002791,PH00034,PH00351,2026-02-21 15:17:00,466,sms,LOC0147
CDR002792,PH00239,PH00901,2026-06-04 12:04:00,260,call,LOC0130
CDR002793,PH00444,PH00674,2026-05-26 10:39:00,2040,call,LOC0153
CDR002794,PH01162,PH00338,2026-03-01 11:45:00,674,sms,LOC0005
CDR002795,PH00626,PH00439,2026-02-21 03:39:00,1026,app_message,LOC0090
CDR002796,PH00632,PH00022,2026-04-04 21:02:00,291,sms,LOC0156
CDR002797,PH00537,PH00058,2026-04-17 19:30:00,425,app_message,LOC0056
CDR002798,PH00220,PH00846,2026-06-01 12:26:00,1421,app_message,LOC0004
CDR002799,PH01067,PH01092,2026-03-08 22:34:00,201,call,LOC0080
CDR002800,PH01106,PH01151,2026-06-10 17:27:00,1792,app_message,LOC0173
CDR002801,PH00100,PH00233,2026-04-22 19:15:00,1394,call,LOC0161
CDR002802,PH00821,PH00358,2026-07-02 10:14:00,2400,app_message,LOC0011
CDR002803,PH00130,PH00543,2026-02-24 13:14:00,1976,app_message,LOC0039
CDR002804,PH00189,PH00853,2026-03-07 13:52:00,363,sms,LOC0053
CDR002805,PH01063,PH00490,2026-07-05 15:21:00,2151,app_message,LOC0105
CDR002806,PH00567,PH00369,2026-03-19 18:14:00,2253,call,LOC0134
CDR002807,PH00914,PH01189,2026-05-10 08:52:00,1005,app_message,LOC0034
CDR002808,PH00802,PH00741,2026-03-30 10:03:00,2062,call,LOC0175
CDR002809,PH00864,PH00222,2026-05-24 16:05:00,2391,call,LOC0113
CDR002810,PH00027,PH01162,2026-01-16 18:47:00,1846,app_message,LOC0119
CDR002811,PH00684,PH01039,2026-05-14 05:21:00,1799,call,LOC0094
CDR002812,PH00413,PH01134,2026-02-25 00:48:00,2107,app_message,LOC0101
CDR002813,PH00372,PH00321,2026-03-22 08:00:00,2375,call,LOC0178
CDR002814,PH00814,PH00371,2026-07-20 16:09:00,2303,sms,LOC0157
CDR002815,PH00908,PH00340,2026-03-14 01:02:00,1736,app_message,LOC0017
CDR002816,PH00134,PH00147,2026-05-30 15:43:00,1208,call,LOC0053
CDR002817,PH00833,PH00002,2026-06-13 05:10:00,2373,sms,LOC0046
CDR002818,PH00300,PH00093,2026-07-27 08:54:00,136,call,LOC0103
CDR002819,PH01041,PH01026,2026-05-06 08:28:00,307,sms,LOC0110
CDR002820,PH00598,PH01138,2026-08-25 10:42:00,2274,call,LOC0163
CDR002821,PH00789,PH00368,2026-03-25 19:51:00,39,app_message,LOC0093
CDR002822,PH00870,PH00077,2026-04-16 16:21:00,886,sms,LOC0147
CDR002823,PH00538,PH00714,2026-04-24 14:11:00,1889,sms,LOC0067
CDR002824,PH00261,PH00802,2026-01-01 09:25:00,2026,app_message,LOC0122
CDR002825,PH00088,PH00369,2026-05-03 20:54:00,206,app_message,LOC0155
CDR002826,PH00200,PH00183,2026-02-11 21:41:00,1581,call,LOC0076
CDR002827,PH01167,PH00525,2026-01-06 11:21:00,1546,call,LOC0086
CDR002828,PH00329,PH01032,2026-08-05 06:00:00,769,sms,LOC0095
CDR002829,PH01052,PH01101,2026-08-01 14:00:00,2017,call,LOC0071
CDR002830,PH00235,PH01144,2026-08-12 13:04:00,2290,call,LOC0072
CDR002831,PH00827,PH00644,2026-03-04 09:08:00,1092,sms,LOC0173
CDR002832,PH00945,PH00371,2026-02-18 12:41:00,2222,sms,LOC0105
CDR002833,PH00431,PH00336,2026-04-16 01:32:00,1205,sms,LOC0059
CDR002834,PH00554,PH01083,2026-06-16 08:03:00,564,app_message,LOC0123
CDR002835,PH00111,PH00984,2026-02-08 16:49:00,1610,call,LOC0175
CDR002836,PH00343,PH00530,2026-03-03 04:19:00,1894,call,LOC0180
CDR002837,PH00053,PH00147,2026-07-17 02:20:00,2184,call,LOC0109
CDR002838,PH00141,PH01030,2026-04-15 01:38:00,230,app_message,LOC0141
CDR002839,PH00320,PH00704,2026-04-15 23:47:00,209,app_message,LOC0085
CDR002840,PH00012,PH00046,2026-08-07 02:45:00,262,app_message,LOC0179
CDR002841,PH00146,PH01165,2026-01-19 01:27:00,389,sms,LOC0058
CDR002842,PH00766,PH00987,2026-04-29 07:49:00,765,sms,LOC0070
CDR002843,PH00779,PH00954,2026-03-06 13:51:00,1689,app_message,LOC0114
CDR002844,PH00475,PH00675,2026-04-28 14:11:00,1104,sms,LOC0083
CDR002845,PH00010,PH00819,2026-06-15 19:10:00,615,sms,LOC0022
CDR002846,PH00211,PH00753,2026-01-19 10:16:00,1267,sms,LOC0077
CDR002847,PH01007,PH01085,2026-04-27 01:24:00,755,app_message,LOC0017
CDR002848,PH00021,PH00128,2026-07-21 04:56:00,2287,sms,LOC0060
CDR002849,PH00103,PH00204,2026-06-21 07:57:00,1217,call,LOC0029
CDR002850,PH00380,PH00745,2026-07-10 14:10:00,1209,app_message,LOC0138
CDR002851,PH01075,PH00991,2026-01-21 17:29:00,606,call,LOC0159
CDR002852,PH00624,PH00873,2026-05-14 19:55:00,839,call,LOC0039
CDR002853,PH01179,PH00227,2026-07-16 23:24:00,24,call,LOC0176
CDR002854,PH00467,PH00526,2026-03-26 17:20:00,2370,sms,LOC0144
CDR002855,PH00742,PH00046,2026-05-12 12:53:00,1880,app_message,LOC0088
CDR002856,PH00554,PH00053,2026-06-12 16:54:00,322,app_message,LOC0026
CDR002857,PH00310,PH00783,2026-04-26 16:40:00,1022,call,LOC0131
CDR002858,PH00234,PH00602,2026-01-16 15:04:00,1984,sms,LOC0044
CDR002859,PH00713,PH00156,2026-06-11 16:10:00,950,app_message,LOC0034
CDR002860,PH00024,PH01033,2026-07-28 19:06:00,1096,sms,LOC0163
CDR002861,PH00879,PH00553,2026-06-28 01:36:00,1307,call,LOC0138
CDR002862,PH00385,PH01141,2026-06-10 01:33:00,1656,call,LOC0061
CDR002863,PH00511,PH00992,2026-01-25 05:52:00,2300,sms,LOC0142
CDR002864,PH00830,PH00014,2026-06-13 00:49:00,1620,app_message,LOC0168
CDR002865,PH00859,PH00516,2026-06-26 16:56:00,1035,call,LOC0129
CDR002866,PH00936,PH00523,2026-08-25 14:33:00,1767,call,LOC0022
CDR002867,PH00859,PH00856,2026-05-13 05:33:00,1247,sms,LOC0081
CDR002868,PH00978,PH01014,2026-02-12 09:18:00,399,call,LOC0168
CDR002869,PH00179,PH00859,2026-01-13 10:10:00,1050,call,LOC0140
CDR002870,PH00792,PH00440,2026-06-05 23:07:00,2380,sms,LOC0013
CDR002871,PH00221,PH00698,2026-05-12 08:46:00,458,app_message,LOC0079
CDR002872,PH00163,PH00418,2026-04-06 03:26:00,1772,sms,LOC0168
CDR002873,PH00895,PH01186,2026-07-15 14:46:00,1318,sms,LOC0093
CDR002874,PH00790,PH00107,2026-06-05 05:13:00,1730,sms,LOC0020
CDR002875,PH00068,PH00285,2026-04-26 01:04:00,1315,app_message,LOC0022
CDR002876,PH00290,PH01135,2026-08-19 22:28:00,2009,app_message,LOC0028
CDR002877,PH00400,PH00387,2026-05-12 21:33:00,936,sms,LOC0139
CDR002878,PH00483,PH00081,2026-07-31 19:24:00,2090,call,LOC0031
CDR002879,PH00837,PH00931,2026-07-04 16:35:00,791,app_message,LOC0039
CDR002880,PH00787,PH00646,2026-08-26 15:15:00,1453,call,LOC0026
CDR002881,PH00917,PH00385,2026-02-24 04:22:00,1068,sms,LOC0023
CDR002882,PH00184,PH00840,2026-03-13 15:16:00,751,sms,LOC0094
CDR002883,PH00778,PH00086,2026-07-17 15:02:00,228,call,LOC0043
CDR002884,PH00504,PH00442,2026-02-01 22:16:00,1010,sms,LOC0133
CDR002885,PH00982,PH00526,2026-03-05 10:36:00,146,sms,LOC0085
CDR002886,PH00900,PH00012,2026-07-22 20:42:00,1917,call,LOC0120
CDR002887,PH00757,PH00235,2026-04-29 08:12:00,1894,sms,LOC0082
CDR002888,PH00333,PH00887,2026-04-25 04:04:00,2098,call,LOC0126
CDR002889,PH00934,PH00023,2026-04-07 16:11:00,535,sms,LOC0156
CDR002890,PH00078,PH00308,2026-07-08 10:30:00,1538,sms,LOC0140
CDR002891,PH00838,PH00590,2026-08-12 19:49:00,2137,app_message,LOC0048
CDR002892,PH01116,PH00128,2026-08-02 02:19:00,363,sms,LOC0040
CDR002893,PH00397,PH00499,2026-05-23 11:10:00,845,call,LOC0116
CDR002894,PH01166,PH00166,2026-03-07 20:05:00,2072,sms,LOC0045
CDR002895,PH00698,PH00654,2026-08-03 00:55:00,1308,call,LOC0117
CDR002896,PH01073,PH00332,2026-04-28 04:36:00,1715,call,LOC0167
CDR002897,PH00398,PH00160,2026-07-29 02:25:00,1660,app_message,LOC0075
CDR002898,PH00985,PH00653,2026-07-17 08:15:00,1785,sms,LOC0141
CDR002899,PH00351,PH00373,2026-07-24 11:13:00,482,call,LOC0012
CDR002900,PH00319,PH00334,2026-07-15 04:07:00,749,app_message,LOC0115
CDR002901,PH00562,PH00366,2026-01-07 04:15:00,2248,sms,LOC0085
CDR002902,PH01151,PH00413,2026-02-19 17:13:00,1982,sms,LOC0139
CDR002903,PH00687,PH00726,2026-03-28 11:07:00,1954,call,LOC0177
CDR002904,PH00862,PH00269,2026-05-23 18:34:00,2209,sms,LOC0082
CDR002905,PH00439,PH01123,2026-05-30 20:40:00,2224,sms,LOC0086
CDR002906,PH01093,PH00571,2026-01-11 18:26:00,1803,sms,LOC0129
CDR002907,PH00602,PH00775,2026-04-28 07:57:00,1427,call,LOC0087
CDR002908,PH00523,PH00440,2026-03-23 07:01:00,1207,sms,LOC0029
CDR002909,PH00614,PH00524,2026-08-19 06:14:00,962,call,LOC0021
CDR002910,PH00036,PH00514,2026-08-28 11:29:00,1124,app_message,LOC0164
CDR002911,PH00412,PH01116,2026-06-21 01:32:00,2261,call,LOC0090
CDR002912,PH00762,PH00748,2026-02-11 06:17:00,1528,sms,LOC0086
CDR002913,PH00012,PH00146,2026-02-16 11:57:00,642,call,LOC0177
CDR002914,PH00544,PH00333,2026-01-10 12:18:00,2076,call,LOC0069
CDR002915,PH00074,PH00306,2026-07-22 00:33:00,94,call,LOC0114
CDR002916,PH00862,PH00535,2026-04-08 18:25:00,1349,call,LOC0113
CDR002917,PH00794,PH01003,2026-06-27 18:17:00,404,call,LOC0015
CDR002918,PH00117,PH00187,2026-01-31 09:32:00,2164,sms,LOC0041
CDR002919,PH00081,PH00951,2026-05-06 19:03:00,2269,call,LOC0085
CDR002920,PH00354,PH00576,2026-07-31 15:39:00,1126,app_message,LOC0009
CDR002921,PH00582,PH00904,2026-07-09 10:27:00,102,sms,LOC0171
CDR002922,PH00145,PH00765,2026-08-13 06:45:00,695,call,LOC0128
CDR002923,PH00187,PH00413,2026-01-15 12:21:00,2026,call,LOC0143
CDR002924,PH00509,PH00626,2026-01-10 22:25:00,1410,call,LOC0070
CDR002925,PH00054,PH00030,2026-01-27 01:20:00,2228,sms,LOC0074
CDR002926,PH00441,PH00100,2026-03-20 04:13:00,714,call,LOC0156
CDR002927,PH00875,PH00136,2026-06-09 11:51:00,1810,call,LOC0126
CDR002928,PH01178,PH00703,2026-03-24 20:44:00,797,call,LOC0118
CDR002929,PH00873,PH00560,2026-07-15 10:10:00,932,sms,LOC0113
CDR002930,PH01185,PH00777,2026-06-09 20:00:00,527,app_message,LOC0005
CDR002931,PH00040,PH00407,2026-03-10 07:02:00,885,call,LOC0043
CDR002932,PH00820,PH00747,2026-04-25 00:16:00,1135,sms,LOC0172
CDR002933,PH00499,PH00162,2026-05-20 16:05:00,2247,sms,LOC0115
CDR002934,PH00042,PH00933,2026-03-16 09:17:00,1938,call,LOC0050
CDR002935,PH00935,PH00254,2026-06-04 11:06:00,706,call,LOC0054
CDR002936,PH00253,PH00361,2026-07-07 09:12:00,1126,call,LOC0046
CDR002937,PH00724,PH00604,2026-02-01 15:44:00,1429,app_message,LOC0177
CDR002938,PH01164,PH01194,2026-03-18 17:39:00,2061,call,LOC0050
CDR002939,PH00575,PH00790,2026-02-18 04:21:00,1297,app_message,LOC0040
CDR002940,PH00252,PH00342,2026-02-20 22:09:00,474,call,LOC0134
CDR002941,PH00848,PH00253,2026-08-23 06:24:00,1465,call,LOC0153
CDR002942,PH00019,PH01084,2026-07-23 11:40:00,311,call,LOC0017
CDR002943,PH00933,PH00664,2026-08-30 14:14:00,1203,app_message,LOC0055
CDR002944,PH00147,PH00203,2026-03-19 21:15:00,1452,sms,LOC0014
CDR002945,PH00847,PH01198,2026-06-01 14:38:00,1821,sms,LOC0072
CDR002946,PH00275,PH00295,2026-07-22 18:50:00,1211,app_message,LOC0107
CDR002947,PH00724,PH00221,2026-04-20 12:29:00,168,app_message,LOC0177
CDR002948,PH00008,PH00087,2026-05-04 07:48:00,1242,call,LOC0051
CDR002949,PH00693,PH00911,2026-02-04 11:51:00,2245,app_message,LOC0031
CDR002950,PH00134,PH00092,2026-08-04 11:44:00,709,call,LOC0131
CDR002951,PH01028,PH00765,2026-03-12 20:04:00,2051,app_message,LOC0004
CDR002952,PH00413,PH00517,2026-08-25 23:46:00,25,sms,LOC0017
CDR002953,PH00508,PH00024,2026-02-04 03:48:00,2054,sms,LOC0111
CDR002954,PH00791,PH00325,2026-08-18 08:21:00,81,sms,LOC0041
CDR002955,PH00085,PH01135,2026-05-09 12:11:00,1238,call,LOC0028
CDR002956,PH00620,PH00547,2026-03-21 16:09:00,32,app_message,LOC0041
CDR002957,PH00696,PH00635,2026-02-08 23:25:00,2105,call,LOC0173
CDR002958,PH00384,PH00826,2026-01-07 09:55:00,272,sms,LOC0049
CDR002959,PH01133,PH00119,2026-03-01 14:36:00,1832,call,LOC0147
CDR002960,PH00996,PH00315,2026-03-06 14:54:00,1527,sms,LOC0116
CDR002961,PH01053,PH00742,2026-06-23 06:54:00,660,call,LOC0077
CDR002962,PH00672,PH00251,2026-08-09 14:45:00,2165,sms,LOC0095
CDR002963,PH00549,PH00530,2026-08-02 16:28:00,1370,call,LOC0108
CDR002964,PH00051,PH00757,2026-03-30 03:24:00,1548,app_message,LOC0102
CDR002965,PH00493,PH00886,2026-02-01 07:35:00,2239,call,LOC0015
CDR002966,PH00088,PH01010,2026-01-27 04:00:00,1268,sms,LOC0078
CDR002967,PH00768,PH00026,2026-08-02 15:58:00,831,app_message,LOC0179
CDR002968,PH00100,PH00441,2026-03-21 12:46:00,169,sms,LOC0115
CDR002969,PH00812,PH00378,2026-03-25 15:17:00,111,app_message,LOC0006
CDR002970,PH00539,PH01158,2026-01-26 12:27:00,1477,call,LOC0046
CDR002971,PH00168,PH00603,2026-05-19 12:23:00,168,sms,LOC0178
CDR002972,PH00441,PH01085,2026-05-07 23:03:00,1355,app_message,LOC0156
CDR002973,PH00567,PH00816,2026-01-04 01:09:00,1363,app_message,LOC0026
CDR002974,PH01054,PH00098,2026-08-03 12:51:00,1102,sms,LOC0010
CDR002975,PH01141,PH00424,2026-03-25 16:53:00,2216,app_message,LOC0093
CDR002976,PH00880,PH00127,2026-05-07 06:54:00,202,call,LOC0067
CDR002977,PH00602,PH00988,2026-08-25 23:30:00,1436,sms,LOC0019
CDR002978,PH00149,PH01162,2026-05-11 21:06:00,186,sms,LOC0136
CDR002979,PH00442,PH00337,2026-07-13 00:39:00,1082,call,LOC0001
CDR002980,PH00664,PH00415,2026-07-08 14:10:00,2134,sms,LOC0093
CDR002981,PH01158,PH00120,2026-06-14 00:28:00,1734,app_message,LOC0164
CDR002982,PH00643,PH00699,2026-05-12 20:16:00,1716,call,LOC0098
CDR002983,PH00670,PH00845,2026-03-18 01:50:00,1698,sms,LOC0091
CDR002984,PH00787,PH00662,2026-02-05 01:24:00,460,call,LOC0094
CDR002985,PH00823,PH00105,2026-03-15 01:28:00,662,call,LOC0040
CDR002986,PH00896,PH00873,2026-08-30 23:04:00,1768,app_message,LOC0053
CDR002987,PH00854,PH00204,2026-08-18 03:21:00,790,call,LOC0157
CDR002988,PH01088,PH00456,2026-04-09 01:56:00,1326,call,LOC0134
CDR002989,PH00090,PH00853,2026-04-20 08:09:00,1122,sms,LOC0106
CDR002990,PH01152,PH00894,2026-03-28 05:48:00,2191,sms,LOC0143
CDR002991,PH00587,PH01110,2026-05-20 22:43:00,1178,app_message,LOC0056
CDR002992,PH00393,PH00308,2026-04-20 06:42:00,1687,app_message,LOC0030
CDR002993,PH00210,PH00325,2026-04-13 14:40:00,1717,app_message,LOC0009
CDR002994,PH00709,PH00861,2026-01-29 21:18:00,2206,app_message,LOC0065
CDR002995,PH00549,PH00064,2026-04-17 11:35:00,1248,sms,LOC0138
CDR002996,PH00641,PH00314,2026-06-21 07:09:00,1736,sms,LOC0153
CDR002997,PH00706,PH00383,2026-04-04 19:54:00,1472,app_message,LOC0073
CDR002998,PH00987,PH00240,2026-04-27 21:49:00,614,sms,LOC0114
CDR002999,PH00472,PH00540,2026-02-11 12:46:00,1103,sms,LOC0125
CDR003000,PH00256,PH00158,2026-01-02 05:50:00,1655,call,LOC0144
CDR003001,PH01156,PH00126,2026-08-04 10:05:00,414,call,LOC0055
CDR003002,PH00084,PH01180,2026-05-16 00:31:00,2014,sms,LOC0002
CDR003003,PH00449,PH00725,2026-08-17 10:22:00,1222,sms,LOC0108
CDR003004,PH00417,PH00493,2026-07-10 08:12:00,2329,app_message,LOC0001
CDR003005,PH00819,PH00225,2026-05-23 12:06:00,577,app_message,LOC0001
CDR003006,PH00811,PH00085,2026-03-20 16:11:00,1934,call,LOC0059
CDR003007,PH00298,PH00916,2026-04-10 18:06:00,871,app_message,LOC0103
CDR003008,PH00582,PH00689,2026-03-13 12:27:00,1256,sms,LOC0056
CDR003009,PH01169,PH00015,2026-06-21 20:32:00,1933,app_message,LOC0101
CDR003010,PH00792,PH00115,2026-06-07 23:48:00,288,app_message,LOC0070
CDR003011,PH00354,PH00200,2026-03-04 22:15:00,1600,call,LOC0089
CDR003012,PH00996,PH01152,2026-08-12 04:54:00,1303,app_message,LOC0063
CDR003013,PH00495,PH00373,2026-06-16 02:04:00,548,sms,LOC0117
CDR003014,PH00729,PH00373,2026-08-24 19:34:00,2145,sms,LOC0039
CDR003015,PH00111,PH00761,2026-07-16 02:23:00,2113,sms,LOC0066
CDR003016,PH00486,PH01092,2026-07-12 22:19:00,830,app_message,LOC0045
CDR003017,PH00559,PH01116,2026-03-13 08:58:00,1116,sms,LOC0093
CDR003018,PH00669,PH00298,2026-06-23 11:26:00,1006,call,LOC0146
CDR003019,PH01194,PH00001,2026-06-11 13:38:00,1316,call,LOC0038
CDR003020,PH00936,PH00460,2026-07-26 11:05:00,1520,call,LOC0074
CDR003021,PH01137,PH00260,2026-04-18 19:11:00,90,call,LOC0074
CDR003022,PH01100,PH00288,2026-02-13 08:08:00,693,call,LOC0043
CDR003023,PH00134,PH01082,2026-03-08 21:58:00,1340,call,LOC0102
CDR003024,PH00929,PH01161,2026-03-23 03:24:00,1343,sms,LOC0039
CDR003025,PH01185,PH01086,2026-07-02 20:47:00,2083,call,LOC0174
CDR003026,PH00777,PH00024,2026-01-21 11:02:00,1003,app_message,LOC0062
CDR003027,PH00815,PH00191,2026-01-18 13:05:00,1047,app_message,LOC0046
CDR003028,PH00575,PH00041,2026-03-25 16:31:00,504,sms,LOC0061
CDR003029,PH00534,PH00854,2026-05-22 23:17:00,1309,app_message,LOC0132
CDR003030,PH00196,PH01191,2026-03-25 12:17:00,1180,sms,LOC0002
CDR003031,PH00977,PH00053,2026-05-14 19:41:00,251,sms,LOC0150
CDR003032,PH00948,PH00103,2026-02-11 14:36:00,1257,app_message,LOC0145
CDR003033,PH00876,PH00801,2026-05-06 13:21:00,830,app_message,LOC0023
CDR003034,PH00528,PH00655,2026-04-24 08:40:00,316,call,LOC0042
CDR003035,PH00026,PH00858,2026-04-06 02:06:00,1177,sms,LOC0085
CDR003036,PH00252,PH01026,2026-05-01 12:21:00,2384,app_message,LOC0031
CDR003037,PH00611,PH00686,2026-03-11 07:33:00,1039,sms,LOC0095
CDR003038,PH00545,PH00554,2026-01-21 16:29:00,124,sms,LOC0054
CDR003039,PH00563,PH00394,2026-05-05 07:27:00,1453,call,LOC0024
CDR003040,PH00005,PH00138,2026-06-28 07:39:00,878,call,LOC0012
CDR003041,PH01085,PH00324,2026-04-15 11:37:00,2173,sms,LOC0085
CDR003042,PH00837,PH01033,2026-06-13 20:48:00,1674,sms,LOC0056
CDR003043,PH00588,PH01001,2026-05-05 13:54:00,1166,call,LOC0126
CDR003044,PH00874,PH01170,2026-04-04 18:39:00,1859,call,LOC0032
CDR003045,PH00907,PH00923,2026-04-26 19:27:00,1724,app_message,LOC0053
CDR003046,PH00007,PH00401,2026-08-01 11:42:00,1409,app_message,LOC0110
CDR003047,PH01126,PH00690,2026-03-29 00:15:00,664,call,LOC0104
CDR003048,PH00223,PH00066,2026-03-03 21:22:00,1303,app_message,LOC0170
CDR003049,PH00325,PH00925,2026-02-15 10:40:00,855,app_message,LOC0072
CDR003050,PH00735,PH00463,2026-07-18 12:33:00,1406,sms,LOC0056
CDR003051,PH01177,PH00434,2026-07-18 14:24:00,642,app_message,LOC0022
CDR003052,PH00287,PH00804,2026-03-29 10:43:00,1192,sms,LOC0100
CDR003053,PH00758,PH00913,2026-08-14 12:38:00,2099,sms,LOC0146
CDR003054,PH00512,PH00567,2026-08-09 04:36:00,2077,call,LOC0153
CDR003055,PH00945,PH00808,2026-08-14 16:14:00,1598,sms,LOC0180
CDR003056,PH00091,PH00072,2026-04-07 08:56:00,1342,sms,LOC0180
CDR003057,PH00619,PH00875,2026-07-05 04:51:00,1002,app_message,LOC0045
CDR003058,PH00420,PH00436,2026-08-06 02:23:00,496,call,LOC0017
CDR003059,PH01101,PH00172,2026-02-26 08:03:00,1256,app_message,LOC0046
CDR003060,PH00132,PH00449,2026-05-30 10:49:00,533,app_message,LOC0065
CDR003061,PH01135,PH00887,2026-04-29 21:29:00,2114,app_message,LOC0140
CDR003062,PH00226,PH00119,2026-04-05 08:46:00,130,call,LOC0039
CDR003063,PH00188,PH01181,2026-05-24 16:54:00,1928,call,LOC0088
CDR003064,PH00661,PH00435,2026-01-21 08:54:00,33,call,LOC0166
CDR003065,PH00669,PH00695,2026-06-30 16:48:00,85,app_message,LOC0050
CDR003066,PH00624,PH00844,2026-01-26 20:34:00,1607,call,LOC0093
CDR003067,PH00751,PH00144,2026-03-15 02:49:00,1976,sms,LOC0070
CDR003068,PH00951,PH01130,2026-07-06 15:22:00,1655,sms,LOC0127
CDR003069,PH00295,PH00698,2026-04-12 20:17:00,494,call,LOC0106
CDR003070,PH00394,PH00448,2026-03-02 08:30:00,407,call,LOC0132
CDR003071,PH00532,PH00565,2026-02-25 13:17:00,905,sms,LOC0064
CDR003072,PH00614,PH00425,2026-01-29 06:52:00,499,call,LOC0039
CDR003073,PH00442,PH00111,2026-06-07 01:46:00,148,call,LOC0066
CDR003074,PH00285,PH00326,2026-06-04 20:29:00,1918,sms,LOC0095
CDR003075,PH00641,PH00990,2026-05-02 07:55:00,702,app_message,LOC0079
CDR003076,PH00322,PH00504,2026-05-26 10:41:00,112,call,LOC0164
CDR003077,PH00770,PH00939,2026-07-05 10:19:00,1518,app_message,LOC0013
CDR003078,PH00789,PH00334,2026-01-31 10:46:00,125,call,LOC0164
CDR003079,PH01083,PH00172,2026-07-29 06:39:00,722,sms,LOC0177
CDR003080,PH00381,PH00001,2026-08-21 12:41:00,2136,sms,LOC0161
CDR003081,PH00498,PH01030,2026-03-03 17:42:00,1480,call,LOC0144
CDR003082,PH01199,PH00880,2026-02-08 14:04:00,884,app_message,LOC0161
CDR003083,PH00335,PH00948,2026-05-07 14:11:00,237,sms,LOC0098
CDR003084,PH01001,PH00673,2026-06-07 14:52:00,1464,app_message,LOC0060
CDR003085,PH00648,PH00326,2026-07-04 08:20:00,100,sms,LOC0163
CDR003086,PH00203,PH00650,2026-07-03 23:53:00,559,call,LOC0006
CDR003087,PH00081,PH00881,2026-04-16 06:32:00,316,sms,LOC0116
CDR003088,PH00272,PH00363,2026-01-05 13:33:00,1859,app_message,LOC0061
CDR003089,PH01005,PH01134,2026-05-03 05:37:00,988,sms,LOC0076
CDR003090,PH01014,PH00427,2026-08-03 02:37:00,715,call,LOC0115
CDR003091,PH00131,PH00046,2026-06-27 18:12:00,401,call,LOC0074
CDR003092,PH00263,PH00368,2026-02-01 22:10:00,901,call,LOC0112
CDR003093,PH00468,PH00525,2026-06-01 18:58:00,203,app_message,LOC0131
CDR003094,PH00191,PH00511,2026-07-10 19:58:00,31,app_message,LOC0060
CDR003095,PH00511,PH01166,2026-01-29 19:04:00,1322,sms,LOC0123
CDR003096,PH00877,PH00624,2026-07-25 10:00:00,680,sms,LOC0106
CDR003097,PH00597,PH00548,2026-02-17 07:25:00,1885,sms,LOC0156
CDR003098,PH00601,PH00763,2026-04-26 03:25:00,1166,call,LOC0113
CDR003099,PH00637,PH00710,2026-08-17 05:58:00,1209,call,LOC0060
CDR003100,PH00341,PH01080,2026-05-19 08:23:00,2082,sms,LOC0120
CDR003101,PH00901,PH00554,2026-06-28 23:44:00,85,sms,LOC0097
CDR003102,PH00549,PH00026,2026-01-08 18:39:00,891,sms,LOC0089
CDR003103,PH00824,PH00904,2026-05-11 07:54:00,364,sms,LOC0037
CDR003104,PH00200,PH00358,2026-02-28 12:54:00,162,app_message,LOC0098
CDR003105,PH00337,PH00473,2026-05-16 08:23:00,2398,sms,LOC0094
CDR003106,PH00307,PH00326,2026-08-22 14:23:00,2333,call,LOC0139
CDR003107,PH00166,PH00688,2026-08-14 04:47:00,1386,sms,LOC0159
CDR003108,PH00229,PH01164,2026-04-29 01:02:00,1314,sms,LOC0022
CDR003109,PH00647,PH01155,2026-07-28 09:48:00,725,app_message,LOC0180
CDR003110,PH00313,PH01072,2026-01-01 06:57:00,168,sms,LOC0021
CDR003111,PH00833,PH00395,2026-06-06 06:40:00,677,call,LOC0064
CDR003112,PH00051,PH01032,2026-07-03 00:51:00,1574,call,LOC0137
CDR003113,PH00541,PH00397,2026-06-05 09:05:00,1560,call,LOC0173
CDR003114,PH01013,PH00991,2026-06-30 03:02:00,904,sms,LOC0096
CDR003115,PH00904,PH00839,2026-01-09 22:30:00,294,sms,LOC0048
CDR003116,PH00790,PH00992,2026-07-30 20:30:00,74,sms,LOC0164
CDR003117,PH00391,PH00744,2026-04-26 07:32:00,2045,app_message,LOC0106
CDR003118,PH00126,PH00441,2026-06-14 04:06:00,1474,sms,LOC0092
CDR003119,PH01171,PH00285,2026-06-10 09:03:00,741,sms,LOC0089
CDR003120,PH00117,PH00786,2026-06-08 14:01:00,552,sms,LOC0122
CDR003121,PH01106,PH00681,2026-05-08 23:29:00,574,call,LOC0160
CDR003122,PH00499,PH00803,2026-02-26 01:27:00,1400,app_message,LOC0042
CDR003123,PH00102,PH00724,2026-05-12 14:36:00,1017,sms,LOC0019
CDR003124,PH00087,PH00215,2026-03-13 12:42:00,1076,sms,LOC0112
CDR003125,PH00085,PH00494,2026-08-18 22:28:00,1994,sms,LOC0126
CDR003126,PH00266,PH00416,2026-07-30 14:58:00,1582,call,LOC0015
CDR003127,PH00555,PH00606,2026-06-04 22:17:00,603,call,LOC0117
CDR003128,PH00928,PH01049,2026-04-30 10:16:00,744,call,LOC0054
CDR003129,PH00395,PH00523,2026-05-10 12:30:00,1822,call,LOC0084
CDR003130,PH00603,PH00645,2026-02-23 05:09:00,283,call,LOC0165
CDR003131,PH00283,PH00896,2026-02-14 09:37:00,1628,call,LOC0152
CDR003132,PH00590,PH00831,2026-02-25 04:40:00,2272,app_message,LOC0085
CDR003133,PH00733,PH00593,2026-03-07 16:11:00,402,call,LOC0031
CDR003134,PH00354,PH00972,2026-06-02 05:40:00,1310,app_message,LOC0074
CDR003135,PH00672,PH00587,2026-02-19 20:47:00,340,app_message,LOC0156
CDR003136,PH01145,PH00515,2026-03-03 23:11:00,1184,app_message,LOC0058
CDR003137,PH00473,PH01130,2026-06-28 17:32:00,2015,sms,LOC0049
CDR003138,PH00853,PH00155,2026-02-22 23:46:00,936,sms,LOC0123
CDR003139,PH00956,PH00080,2026-02-12 19:51:00,2040,call,LOC0124
CDR003140,PH00646,PH01021,2026-05-07 01:58:00,2026,sms,LOC0031
CDR003141,PH00672,PH00198,2026-01-14 04:45:00,1739,sms,LOC0085
CDR003142,PH00211,PH00956,2026-02-13 17:22:00,226,sms,LOC0128
CDR003143,PH01065,PH00993,2026-02-11 16:02:00,1912,sms,LOC0001
CDR003144,PH00308,PH01033,2026-08-11 10:23:00,1374,call,LOC0025
CDR003145,PH01161,PH01011,2026-06-14 01:00:00,2073,app_message,LOC0027
CDR003146,PH00285,PH00838,2026-03-16 05:01:00,135,sms,LOC0009
CDR003147,PH00468,PH00078,2026-02-03 01:49:00,335,sms,LOC0088
CDR003148,PH00583,PH00274,2026-07-25 15:01:00,525,app_message,LOC0005
CDR003149,PH00962,PH00355,2026-06-03 19:32:00,43,call,LOC0109
CDR003150,PH00512,PH01190,2026-03-19 14:56:00,601,call,LOC0011
CDR003151,PH00166,PH00917,2026-05-16 19:47:00,1730,call,LOC0110
CDR003152,PH01184,PH00777,2026-07-23 03:30:00,1529,call,LOC0171
CDR003153,PH00540,PH00902,2026-01-23 18:25:00,180,call,LOC0005
CDR003154,PH00813,PH00765,2026-08-24 22:43:00,1190,sms,LOC0012
CDR003155,PH00243,PH00253,2026-03-25 00:33:00,1307,sms,LOC0024
CDR003156,PH00150,PH00052,2026-06-02 19:59:00,32,sms,LOC0013
CDR003157,PH00116,PH00350,2026-03-31 10:59:00,2091,call,LOC0015
CDR003158,PH00018,PH00443,2026-08-29 19:33:00,2201,call,LOC0176
CDR003159,PH00930,PH00525,2026-04-10 15:03:00,2316,sms,LOC0076
CDR003160,PH00293,PH00415,2026-04-12 02:31:00,2245,app_message,LOC0007
CDR003161,PH01157,PH01025,2026-05-21 13:50:00,1525,app_message,LOC0084
CDR003162,PH00213,PH01031,2026-07-20 01:45:00,932,app_message,LOC0123
CDR003163,PH01060,PH00543,2026-02-17 22:00:00,2186,app_message,LOC0170
CDR003164,PH00233,PH00126,2026-07-18 23:31:00,1404,call,LOC0122
CDR003165,PH00139,PH00526,2026-08-03 10:30:00,1480,sms,LOC0131
CDR003166,PH00058,PH01134,2026-05-28 15:23:00,2256,app_message,LOC0003
CDR003167,PH00684,PH00459,2026-07-09 01:25:00,1569,sms,LOC0066
CDR003168,PH00249,PH01021,2026-05-21 21:44:00,2027,call,LOC0070
CDR003169,PH00485,PH00979,2026-03-04 12:51:00,562,app_message,LOC0177
CDR003170,PH00203,PH00447,2026-04-10 15:45:00,456,sms,LOC0060
CDR003171,PH00072,PH00995,2026-06-07 07:36:00,1647,call,LOC0052
CDR003172,PH00938,PH00578,2026-05-01 21:50:00,1946,sms,LOC0129
CDR003173,PH00798,PH00095,2026-03-30 05:46:00,1733,app_message,LOC0168
CDR003174,PH00119,PH00683,2026-07-07 11:38:00,1867,app_message,LOC0117
CDR003175,PH00765,PH00108,2026-04-23 06:28:00,1490,app_message,LOC0116
CDR003176,PH00107,PH01193,2026-06-03 00:27:00,1873,sms,LOC0090
CDR003177,PH00637,PH00658,2026-08-12 18:20:00,638,sms,LOC0072
CDR003178,PH00772,PH00521,2026-07-20 05:04:00,1943,call,LOC0179
CDR003179,PH00228,PH00569,2026-08-29 07:42:00,2349,app_message,LOC0175
CDR003180,PH00242,PH01056,2026-07-29 09:08:00,741,app_message,LOC0054
CDR003181,PH00260,PH00463,2026-04-09 02:42:00,243,sms,LOC0041
CDR003182,PH00609,PH00139,2026-06-07 15:41:00,1996,app_message,LOC0040
CDR003183,PH00440,PH01004,2026-07-17 04:38:00,1495,call,LOC0141
CDR003184,PH00148,PH00713,2026-08-11 16:31:00,2172,sms,LOC0083
CDR003185,PH00397,PH00311,2026-01-07 09:26:00,634,app_message,LOC0046
CDR003186,PH00438,PH01087,2026-04-15 16:18:00,163,call,LOC0061
CDR003187,PH00712,PH00889,2026-05-15 12:48:00,1438,app_message,LOC0094
CDR003188,PH00326,PH00838,2026-05-01 17:45:00,1831,call,LOC0093
CDR003189,PH00088,PH00139,2026-06-25 16:19:00,1005,sms,LOC0174
CDR003190,PH00905,PH00384,2026-04-22 11:00:00,1882,call,LOC0173
CDR003191,PH00183,PH00805,2026-06-26 11:27:00,352,app_message,LOC0142
CDR003192,PH01153,PH00130,2026-03-29 07:13:00,2325,call,LOC0035
CDR003193,PH00894,PH00679,2026-08-19 02:59:00,1108,app_message,LOC0044
CDR003194,PH00736,PH00375,2026-02-02 04:48:00,311,app_message,LOC0048
CDR003195,PH00267,PH00154,2026-05-10 06:29:00,1778,sms,LOC0166
CDR003196,PH00649,PH00524,2026-01-20 20:25:00,2127,app_message,LOC0164
CDR003197,PH00741,PH01105,2026-03-13 06:19:00,605,call,LOC0141
CDR003198,PH00343,PH00245,2026-01-23 11:33:00,432,call,LOC0070
CDR003199,PH00702,PH00332,2026-06-26 20:53:00,1660,app_message,LOC0067
CDR003200,PH00159,PH00196,2026-05-25 16:59:00,2336,app_message,LOC0099
CDR003201,PH00141,PH00727,2026-02-26 13:05:00,1481,sms,LOC0017
CDR003202,PH00947,PH00028,2026-06-24 09:05:00,165,app_message,LOC0032
CDR003203,PH00994,PH00466,2026-08-10 12:25:00,1145,call,LOC0116
CDR003204,PH00817,PH00857,2026-08-28 17:11:00,292,sms,LOC0149
CDR003205,PH00114,PH00054,2026-06-21 21:29:00,1034,sms,LOC0180
CDR003206,PH00126,PH00456,2026-06-11 20:26:00,1081,sms,LOC0127
CDR003207,PH01077,PH00981,2026-06-21 14:04:00,1938,app_message,LOC0027
CDR003208,PH00542,PH00884,2026-04-09 09:59:00,386,call,LOC0159
CDR003209,PH00613,PH00817,2026-04-08 06:09:00,135,call,LOC0087
CDR003210,PH00556,PH00160,2026-08-18 01:27:00,1613,app_message,LOC0112
CDR003211,PH00187,PH00708,2026-06-14 13:40:00,1908,app_message,LOC0081
CDR003212,PH00485,PH00706,2026-08-16 15:03:00,2137,app_message,LOC0160
CDR003213,PH00138,PH01034,2026-04-28 17:52:00,1823,sms,LOC0098
CDR003214,PH00689,PH00611,2026-06-11 23:01:00,2243,app_message,LOC0164
CDR003215,PH01157,PH00053,2026-08-08 23:31:00,515,call,LOC0023
CDR003216,PH00630,PH00059,2026-05-21 20:06:00,1262,app_message,LOC0142
CDR003217,PH00193,PH01073,2026-03-08 17:32:00,1623,app_message,LOC0121
CDR003218,PH00057,PH00142,2026-06-18 07:35:00,1077,sms,LOC0007
CDR003219,PH00457,PH00416,2026-04-21 00:02:00,1095,call,LOC0079
CDR003220,PH00505,PH00886,2026-08-02 04:48:00,2301,sms,LOC0002
CDR003221,PH00109,PH00881,2026-05-25 21:08:00,2139,sms,LOC0132
CDR003222,PH01081,PH00871,2026-03-19 13:24:00,190,sms,LOC0180
CDR003223,PH00025,PH00443,2026-03-17 06:05:00,601,call,LOC0116
CDR003224,PH00060,PH00620,2026-01-29 12:03:00,1889,call,LOC0102
CDR003225,PH00158,PH00129,2026-02-01 14:25:00,1001,app_message,LOC0012
CDR003226,PH00879,PH00730,2026-03-21 19:49:00,1148,call,LOC0068
CDR003227,PH00908,PH00383,2026-04-24 09:50:00,738,sms,LOC0073
CDR003228,PH00267,PH00285,2026-03-25 16:28:00,1639,call,LOC0167
CDR003229,PH00624,PH00230,2026-05-02 17:32:00,1884,app_message,LOC0090
CDR003230,PH01029,PH00228,2026-04-29 23:14:00,1221,app_message,LOC0177
CDR003231,PH00067,PH00789,2026-01-17 21:52:00,772,app_message,LOC0168
CDR003232,PH00026,PH00044,2026-06-01 22:04:00,71,sms,LOC0174
CDR003233,PH00138,PH00264,2026-07-29 23:11:00,340,call,LOC0023
CDR003234,PH00179,PH00516,2026-02-05 03:05:00,2352,app_message,LOC0035
CDR003235,PH00146,PH00279,2026-04-11 13:13:00,568,app_message,LOC0058
CDR003236,PH00556,PH00268,2026-01-12 14:46:00,249,app_message,LOC0166
CDR003237,PH00335,PH00957,2026-03-08 06:58:00,268,sms,LOC0045
CDR003238,PH00780,PH01164,2026-05-12 12:22:00,494,app_message,LOC0027
CDR003239,PH00635,PH01139,2026-02-14 07:45:00,143,call,LOC0008
CDR003240,PH00175,PH00047,2026-08-16 19:23:00,1057,app_message,LOC0095
CDR003241,PH00702,PH00046,2026-05-21 00:57:00,1656,app_message,LOC0059
CDR003242,PH00244,PH01069,2026-08-19 09:15:00,1961,call,LOC0097
CDR003243,PH00391,PH00409,2026-03-20 15:29:00,153,app_message,LOC0082
CDR003244,PH00777,PH00260,2026-08-09 16:48:00,1016,app_message,LOC0123
CDR003245,PH00034,PH00729,2026-02-12 09:07:00,1911,app_message,LOC0088
CDR003246,PH00447,PH00854,2026-07-03 11:43:00,1266,app_message,LOC0115
CDR003247,PH00013,PH01184,2026-01-31 12:38:00,93,call,LOC0020
CDR003248,PH00631,PH01099,2026-08-14 07:01:00,2367,app_message,LOC0047
CDR003249,PH01135,PH00095,2026-03-01 18:51:00,434,call,LOC0129
CDR003250,PH00724,PH00504,2026-07-05 10:30:00,2094,app_message,LOC0110
CDR003251,PH00616,PH00990,2026-07-28 12:21:00,2114,call,LOC0070
CDR003252,PH00076,PH00646,2026-02-27 23:55:00,421,sms,LOC0016
CDR003253,PH00398,PH01082,2026-05-11 03:29:00,171,app_message,LOC0070
CDR003254,PH00634,PH01144,2026-04-28 07:31:00,463,call,LOC0017
CDR003255,PH00878,PH00144,2026-07-15 18:02:00,263,call,LOC0062
CDR003256,PH00543,PH00540,2026-05-08 02:51:00,597,sms,LOC0178
CDR003257,PH00265,PH00021,2026-08-29 12:20:00,492,call,LOC0152
CDR003258,PH01196,PH00323,2026-02-02 23:34:00,410,sms,LOC0166
CDR003259,PH00946,PH00970,2026-07-07 04:56:00,299,sms,LOC0039
CDR003260,PH00312,PH00324,2026-02-09 07:25:00,1408,app_message,LOC0089
CDR003261,PH01096,PH00834,2026-04-30 03:02:00,2083,app_message,LOC0007
CDR003262,PH00366,PH00151,2026-03-20 04:11:00,307,sms,LOC0013
CDR003263,PH00913,PH00365,2026-06-02 11:21:00,1014,sms,LOC0001
CDR003264,PH00295,PH00166,2026-05-17 23:59:00,783,call,LOC0096
CDR003265,PH00200,PH00197,2026-06-24 12:14:00,608,app_message,LOC0065
CDR003266,PH00426,PH01038,2026-08-29 14:22:00,1406,call,LOC0166
CDR003267,PH00758,PH01088,2026-04-08 22:10:00,2139,app_message,LOC0161
CDR003268,PH00320,PH00928,2026-03-21 00:07:00,345,call,LOC0072
CDR003269,PH00637,PH00996,2026-05-08 11:14:00,1054,sms,LOC0176
CDR003270,PH00356,PH00248,2026-05-11 16:17:00,203,call,LOC0135
CDR003271,PH00446,PH00341,2026-06-14 13:04:00,1435,call,LOC0076
CDR003272,PH01193,PH00415,2026-05-24 18:12:00,1258,call,LOC0140
CDR003273,PH00096,PH01088,2026-06-09 12:47:00,2111,sms,LOC0148
CDR003274,PH00902,PH00432,2026-06-12 15:59:00,618,call,LOC0159
CDR003275,PH00756,PH00206,2026-04-23 12:27:00,919,call,LOC0170
CDR003276,PH01013,PH00491,2026-08-12 18:08:00,904,call,LOC0115
CDR003277,PH00021,PH00506,2026-02-17 19:06:00,1395,sms,LOC0035
CDR003278,PH00034,PH00749,2026-06-23 04:26:00,1327,sms,LOC0115
CDR003279,PH00371,PH00207,2026-06-03 23:37:00,1768,app_message,LOC0013
CDR003280,PH01047,PH00054,2026-08-05 02:28:00,426,sms,LOC0067
CDR003281,PH00730,PH00962,2026-08-31 12:53:00,1142,app_message,LOC0046
CDR003282,PH00369,PH00840,2026-05-27 07:50:00,527,call,LOC0158
CDR003283,PH00708,PH00092,2026-01-08 18:56:00,903,call,LOC0168
CDR003284,PH00236,PH00257,2026-05-13 18:53:00,489,sms,LOC0112
CDR003285,PH00338,PH00736,2026-03-17 11:37:00,2265,app_message,LOC0116
CDR003286,PH00707,PH00444,2026-02-03 20:50:00,1072,app_message,LOC0114
CDR003287,PH00079,PH00119,2026-02-27 23:45:00,1190,call,LOC0180
CDR003288,PH00095,PH00520,2026-08-29 14:34:00,1085,sms,LOC0147
CDR003289,PH00475,PH00602,2026-03-30 17:08:00,972,sms,LOC0152
CDR003290,PH01164,PH00114,2026-07-29 16:30:00,14,call,LOC0130
CDR003291,PH00301,PH00491,2026-04-14 22:34:00,1632,app_message,LOC0122
CDR003292,PH00761,PH00149,2026-03-15 19:55:00,1106,sms,LOC0130
CDR003293,PH00068,PH00651,2026-02-25 06:39:00,1253,app_message,LOC0011
CDR003294,PH00844,PH00543,2026-04-30 03:21:00,581,call,LOC0003
CDR003295,PH00392,PH00626,2026-01-29 01:50:00,1010,sms,LOC0087
CDR003296,PH00661,PH00472,2026-01-08 14:00:00,374,app_message,LOC0028
CDR003297,PH00502,PH01159,2026-04-25 05:02:00,52,call,LOC0009
CDR003298,PH00018,PH00891,2026-01-25 19:38:00,1522,sms,LOC0019
CDR003299,PH00738,PH01191,2026-07-15 04:20:00,1144,call,LOC0128
CDR003300,PH00046,PH00908,2026-05-28 22:08:00,1800,app_message,LOC0027
CDR003301,PH00383,PH00055,2026-08-18 13:39:00,2399,sms,LOC0159
CDR003302,PH00881,PH00407,2026-08-02 16:07:00,501,sms,LOC0156
CDR003303,PH01073,PH01014,2026-02-06 07:51:00,620,call,LOC0166
CDR003304,PH00494,PH00069,2026-01-11 01:39:00,994,sms,LOC0131
CDR003305,PH00074,PH00119,2026-04-26 04:27:00,2055,app_message,LOC0135
CDR003306,PH00274,PH00757,2026-08-17 06:56:00,2178,app_message,LOC0160
CDR003307,PH00234,PH00249,2026-01-17 21:54:00,1396,sms,LOC0131
CDR003308,PH01001,PH00137,2026-05-20 21:30:00,927,app_message,LOC0101
CDR003309,PH00593,PH00498,2026-08-14 19:02:00,509,app_message,LOC0122
CDR003310,PH00955,PH00895,2026-05-25 22:03:00,401,call,LOC0069
CDR003311,PH00847,PH00848,2026-02-28 14:54:00,547,app_message,LOC0092
CDR003312,PH01046,PH00713,2026-07-06 18:54:00,1502,call,LOC0032
CDR003313,PH00033,PH00384,2026-06-18 18:15:00,451,sms,LOC0102
CDR003314,PH00806,PH01006,2026-01-15 00:53:00,1198,sms,LOC0131
CDR003315,PH00980,PH00979,2026-05-20 08:24:00,611,sms,LOC0025
CDR003316,PH00881,PH00466,2026-06-17 00:50:00,2262,app_message,LOC0149
CDR003317,PH00416,PH00722,2026-03-28 23:13:00,845,call,LOC0151
CDR003318,PH00168,PH00672,2026-07-03 00:27:00,1145,app_message,LOC0173
CDR003319,PH00884,PH00526,2026-04-21 13:17:00,257,app_message,LOC0151
CDR003320,PH00105,PH00636,2026-07-15 02:34:00,1664,sms,LOC0176
CDR003321,PH00133,PH01159,2026-06-22 07:57:00,701,sms,LOC0043
CDR003322,PH00378,PH00574,2026-06-13 21:56:00,1511,call,LOC0032
CDR003323,PH01006,PH00694,2026-03-08 10:09:00,2213,app_message,LOC0142
CDR003324,PH00623,PH00301,2026-03-29 03:26:00,237,sms,LOC0158
CDR003325,PH00211,PH00320,2026-06-15 22:50:00,1539,sms,LOC0097
CDR003326,PH01033,PH00312,2026-03-03 14:20:00,2352,sms,LOC0077
CDR003327,PH00324,PH00095,2026-07-04 06:15:00,1242,call,LOC0155
CDR003328,PH00051,PH00945,2026-07-02 17:14:00,1224,app_message,LOC0107
CDR003329,PH00242,PH00971,2026-07-27 21:45:00,709,sms,LOC0006
CDR003330,PH00742,PH01084,2026-08-06 05:14:00,919,call,LOC0103
CDR003331,PH01028,PH00549,2026-01-10 09:16:00,1569,sms,LOC0009
CDR003332,PH00689,PH00612,2026-06-03 04:27:00,315,call,LOC0083
CDR003333,PH00705,PH00069,2026-07-10 02:12:00,1499,sms,LOC0004
CDR003334,PH00250,PH00374,2026-02-04 08:44:00,228,app_message,LOC0170
CDR003335,PH01005,PH01106,2026-02-16 00:09:00,2204,app_message,LOC0028
CDR003336,PH00383,PH00888,2026-02-20 15:01:00,1915,call,LOC0132
CDR003337,PH00776,PH00942,2026-08-27 21:24:00,1043,app_message,LOC0032
CDR003338,PH00160,PH00875,2026-08-05 14:10:00,2001,sms,LOC0006
CDR003339,PH00491,PH00818,2026-08-16 00:21:00,848,call,LOC0020
CDR003340,PH00471,PH00933,2026-05-15 21:31:00,1996,call,LOC0165
CDR003341,PH01046,PH01039,2026-02-23 14:16:00,1317,sms,LOC0011
CDR003342,PH01098,PH00080,2026-01-24 09:58:00,2212,sms,LOC0034
CDR003343,PH00707,PH01079,2026-06-02 08:08:00,1629,call,LOC0123
CDR003344,PH00100,PH00578,2026-07-17 07:54:00,1150,sms,LOC0035
CDR003345,PH00253,PH01177,2026-08-12 15:26:00,679,app_message,LOC0040
CDR003346,PH00517,PH01007,2026-05-03 09:50:00,789,app_message,LOC0005
CDR003347,PH00280,PH00401,2026-05-03 09:46:00,235,sms,LOC0046
CDR003348,PH00707,PH00302,2026-03-29 04:33:00,553,call,LOC0018
CDR003349,PH00212,PH00896,2026-03-30 21:52:00,1121,sms,LOC0106
CDR003350,PH00897,PH00716,2026-06-16 00:38:00,653,sms,LOC0148
CDR003351,PH00707,PH00309,2026-03-15 12:42:00,871,sms,LOC0149
CDR003352,PH00195,PH00345,2026-01-31 22:22:00,443,sms,LOC0106
CDR003353,PH00884,PH00628,2026-08-26 17:11:00,1636,call,LOC0061
CDR003354,PH01155,PH00494,2026-02-11 19:22:00,2275,app_message,LOC0148
CDR003355,PH00579,PH01065,2026-04-11 18:37:00,1754,sms,LOC0007
CDR003356,PH00691,PH00887,2026-05-14 01:43:00,1868,sms,LOC0144
CDR003357,PH00116,PH00235,2026-02-08 22:21:00,1854,sms,LOC0105
CDR003358,PH00172,PH00979,2026-06-16 20:23:00,1679,call,LOC0119
CDR003359,PH01013,PH00687,2026-02-11 09:46:00,1237,app_message,LOC0045
CDR003360,PH00464,PH00605,2026-08-29 03:31:00,1322,call,LOC0173
CDR003361,PH00680,PH00923,2026-04-07 00:52:00,2236,call,LOC0069
CDR003362,PH00820,PH00724,2026-07-23 10:36:00,731,call,LOC0064
CDR003363,PH00501,PH00881,2026-08-24 08:43:00,405,app_message,LOC0180
CDR003364,PH00122,PH00780,2026-06-04 01:55:00,132,call,LOC0062
CDR003365,PH00300,PH00474,2026-02-19 02:10:00,847,app_message,LOC0112
CDR003366,PH00644,PH00147,2026-03-29 22:24:00,346,app_message,LOC0127
CDR003367,PH00150,PH00874,2026-02-09 16:46:00,891,app_message,LOC0071
CDR003368,PH00053,PH00673,2026-06-28 23:22:00,1140,app_message,LOC0175
CDR003369,PH00411,PH00704,2026-05-31 06:28:00,904,sms,LOC0161
CDR003370,PH00143,PH01127,2026-08-02 20:43:00,1595,app_message,LOC0180
CDR003371,PH00646,PH00411,2026-02-05 21:16:00,276,app_message,LOC0158
CDR003372,PH00615,PH00532,2026-05-29 14:40:00,170,app_message,LOC0050
CDR003373,PH00459,PH00059,2026-08-22 16:41:00,1509,call,LOC0121
CDR003374,PH00150,PH00775,2026-08-23 23:46:00,1735,call,LOC0018
CDR003375,PH01049,PH00871,2026-03-30 02:25:00,1816,call,LOC0036
CDR003376,PH00878,PH00840,2026-01-02 10:12:00,791,app_message,LOC0159
CDR003377,PH00211,PH00080,2026-08-25 23:57:00,1907,call,LOC0144
CDR003378,PH00916,PH01132,2026-04-12 02:15:00,2336,call,LOC0020
CDR003379,PH00569,PH00273,2026-05-04 11:38:00,237,app_message,LOC0015
CDR003380,PH00311,PH00073,2026-08-04 18:20:00,469,app_message,LOC0172
CDR003381,PH00375,PH00267,2026-01-25 18:20:00,1970,app_message,LOC0152
CDR003382,PH00314,PH00778,2026-01-16 17:57:00,763,app_message,LOC0179
CDR003383,PH00324,PH00788,2026-01-26 05:40:00,2164,app_message,LOC0027
CDR003384,PH01097,PH00169,2026-05-26 07:20:00,899,sms,LOC0133
CDR003385,PH00335,PH00170,2026-06-03 19:26:00,513,call,LOC0031
CDR003386,PH00933,PH00163,2026-06-16 17:08:00,1246,app_message,LOC0016
CDR003387,PH00123,PH01135,2026-05-15 19:33:00,1959,call,LOC0022
CDR003388,PH00704,PH01125,2026-03-03 03:13:00,2270,call,LOC0044
CDR003389,PH01080,PH00741,2026-05-20 01:02:00,1476,app_message,LOC0039
CDR003390,PH00229,PH00594,2026-02-14 00:04:00,883,app_message,LOC0073
CDR003391,PH00934,PH01170,2026-06-26 17:05:00,1695,call,LOC0176
CDR003392,PH01082,PH01157,2026-07-04 23:56:00,1081,app_message,LOC0134
CDR003393,PH00931,PH00968,2026-04-02 17:48:00,1674,app_message,LOC0154
CDR003394,PH00756,PH00721,2026-05-26 23:22:00,963,app_message,LOC0144
CDR003395,PH00875,PH00263,2026-08-03 07:53:00,1328,app_message,LOC0121
CDR003396,PH01157,PH00086,2026-03-12 12:44:00,1274,app_message,LOC0174
CDR003397,PH00989,PH00753,2026-07-23 22:04:00,9,sms,LOC0159
CDR003398,PH00633,PH00965,2026-08-03 14:11:00,2132,sms,LOC0010
CDR003399,PH00036,PH00318,2026-02-19 07:51:00,1110,call,LOC0060
CDR003400,PH00724,PH00341,2026-04-17 16:17:00,203,call,LOC0024
CDR003401,PH00397,PH00765,2026-01-02 18:06:00,1000,app_message,LOC0082
CDR003402,PH01071,PH01136,2026-04-09 15:59:00,2304,sms,LOC0006
CDR003403,PH01160,PH01046,2026-01-05 12:36:00,477,app_message,LOC0123
CDR003404,PH00770,PH00784,2026-01-05 16:59:00,2097,app_message,LOC0127
CDR003405,PH00345,PH00951,2026-08-07 06:12:00,2017,sms,LOC0106
CDR003406,PH00974,PH01114,2026-05-19 06:13:00,2027,app_message,LOC0026
CDR003407,PH00419,PH00282,2026-07-09 17:12:00,1099,sms,LOC0107
CDR003408,PH00617,PH00074,2026-07-21 00:53:00,498,app_message,LOC0009
CDR003409,PH01024,PH01070,2026-03-21 20:02:00,2014,sms,LOC0047
CDR003410,PH00182,PH00572,2026-01-03 19:03:00,1101,call,LOC0067
CDR003411,PH01050,PH00687,2026-03-05 08:31:00,1616,app_message,LOC0024
CDR003412,PH01008,PH00942,2026-05-11 22:53:00,2240,call,LOC0149
CDR003413,PH00133,PH01051,2026-01-26 21:05:00,1766,app_message,LOC0158
CDR003414,PH00475,PH00681,2026-07-10 00:54:00,1641,app_message,LOC0118
CDR003415,PH00784,PH00508,2026-01-24 11:58:00,330,sms,LOC0173
CDR003416,PH00786,PH00173,2026-05-28 13:30:00,810,call,LOC0073
CDR003417,PH01125,PH00668,2026-01-27 01:25:00,1162,sms,LOC0102
CDR003418,PH00090,PH00822,2026-03-09 00:27:00,2068,sms,LOC0125
CDR003419,PH00345,PH00298,2026-06-07 06:52:00,2135,call,LOC0052
CDR003420,PH00936,PH00687,2026-07-26 11:51:00,1527,call,LOC0013
CDR003421,PH00508,PH00157,2026-06-12 19:34:00,805,sms,LOC0104
CDR003422,PH00576,PH00431,2026-03-19 18:16:00,194,app_message,LOC0104
CDR003423,PH00852,PH00624,2026-04-16 07:08:00,686,sms,LOC0087
CDR003424,PH00886,PH00678,2026-03-15 02:49:00,154,app_message,LOC0168
CDR003425,PH00888,PH01156,2026-08-21 14:08:00,1687,call,LOC0047
CDR003426,PH00886,PH00551,2026-01-16 00:54:00,1685,sms,LOC0102
CDR003427,PH00749,PH00008,2026-05-22 01:20:00,2321,app_message,LOC0139
CDR003428,PH00011,PH00116,2026-05-09 16:22:00,1672,app_message,LOC0053
CDR003429,PH01033,PH00243,2026-05-22 03:38:00,102,call,LOC0082
CDR003430,PH00120,PH00980,2026-08-01 00:05:00,2133,sms,LOC0097
CDR003431,PH00256,PH00117,2026-05-15 08:14:00,1755,app_message,LOC0045
CDR003432,PH01141,PH00757,2026-08-23 01:13:00,2178,call,LOC0064
CDR003433,PH00237,PH00223,2026-03-02 08:09:00,1725,app_message,LOC0136
CDR003434,PH01090,PH00621,2026-07-02 05:45:00,2266,app_message,LOC0075
CDR003435,PH00491,PH00325,2026-06-02 17:50:00,105,sms,LOC0015
CDR003436,PH00318,PH00760,2026-08-23 00:04:00,1204,app_message,LOC0162
CDR003437,PH00556,PH01057,2026-01-13 02:53:00,850,sms,LOC0078
CDR003438,PH01173,PH00798,2026-05-13 00:18:00,1418,app_message,LOC0036
CDR003439,PH00854,PH00345,2026-04-11 07:28:00,969,call,LOC0038
CDR003440,PH00822,PH01011,2026-06-25 07:34:00,2353,sms,LOC0141
CDR003441,PH01185,PH00939,2026-08-19 19:58:00,1245,call,LOC0156
CDR003442,PH00211,PH00829,2026-01-03 00:48:00,1277,sms,LOC0166
CDR003443,PH00341,PH00604,2026-07-26 18:38:00,1589,app_message,LOC0059
CDR003444,PH01145,PH00502,2026-03-22 04:50:00,925,app_message,LOC0158
CDR003445,PH00327,PH00498,2026-02-10 07:00:00,644,app_message,LOC0110
CDR003446,PH00756,PH00645,2026-08-02 15:24:00,1982,sms,LOC0177
CDR003447,PH01017,PH00400,2026-04-22 20:47:00,1967,call,LOC0030
CDR003448,PH00110,PH00382,2026-03-16 16:29:00,1140,sms,LOC0115
CDR003449,PH00991,PH01033,2026-04-25 13:21:00,1563,call,LOC0107
CDR003450,PH00431,PH00684,2026-06-21 01:39:00,2299,call,LOC0031
CDR003451,PH00787,PH00377,2026-04-22 04:22:00,1106,call,LOC0158
CDR003452,PH00393,PH01158,2026-06-15 00:19:00,1435,call,LOC0170
CDR003453,PH01138,PH00598,2026-08-18 08:06:00,1717,call,LOC0057
CDR003454,PH00015,PH00570,2026-08-19 15:29:00,1865,app_message,LOC0081
CDR003455,PH00262,PH00095,2026-08-01 11:57:00,206,sms,LOC0140
CDR003456,PH00743,PH00178,2026-06-24 16:54:00,1719,sms,LOC0098
CDR003457,PH00708,PH01062,2026-03-16 06:53:00,1214,sms,LOC0141
CDR003458,PH00410,PH01038,2026-01-26 13:07:00,1774,app_message,LOC0069
CDR003459,PH01148,PH00079,2026-03-26 20:16:00,181,call,LOC0010
CDR003460,PH00926,PH00184,2026-08-17 09:04:00,672,call,LOC0034
CDR003461,PH00617,PH00675,2026-02-28 20:53:00,2206,app_message,LOC0170
CDR003462,PH00357,PH00109,2026-01-09 23:37:00,1778,app_message,LOC0015
CDR003463,PH00562,PH01111,2026-06-03 21:08:00,79,call,LOC0058
CDR003464,PH01167,PH00642,2026-07-24 01:51:00,1765,app_message,LOC0103
CDR003465,PH00820,PH00936,2026-07-09 18:51:00,153,call,LOC0168
CDR003466,PH00274,PH00307,2026-04-04 18:02:00,1211,sms,LOC0062
CDR003467,PH00201,PH00289,2026-01-30 07:45:00,870,sms,LOC0134
CDR003468,PH00281,PH01137,2026-06-13 08:12:00,987,call,LOC0056
CDR003469,PH00931,PH00340,2026-08-29 03:47:00,1737,sms,LOC0058
CDR003470,PH01107,PH00350,2026-01-31 17:43:00,1334,call,LOC0136
CDR003471,PH00163,PH00391,2026-03-04 05:10:00,1072,call,LOC0174
CDR003472,PH01148,PH00501,2026-01-14 03:38:00,2062,call,LOC0176
CDR003473,PH00235,PH00274,2026-02-18 05:31:00,507,sms,LOC0175
CDR003474,PH00720,PH00633,2026-08-28 10:37:00,1469,app_message,LOC0162
CDR003475,PH00978,PH01012,2026-08-28 03:07:00,147,call,LOC0011
CDR003476,PH00175,PH00755,2026-05-16 08:03:00,1832,app_message,LOC0175
CDR003477,PH00753,PH00943,2026-08-27 07:26:00,2239,sms,LOC0063
CDR003478,PH00426,PH00106,2026-03-21 10:55:00,2010,call,LOC0162
CDR003479,PH00558,PH00192,2026-05-27 23:09:00,2124,sms,LOC0142
CDR003480,PH00411,PH00988,2026-02-06 11:14:00,1506,app_message,LOC0036
CDR003481,PH00657,PH00947,2026-05-12 05:16:00,2384,app_message,LOC0166
CDR003482,PH01169,PH01015,2026-02-21 21:14:00,544,sms,LOC0132
CDR003483,PH00804,PH00366,2026-04-10 04:17:00,593,call,LOC0147
CDR003484,PH00396,PH00046,2026-07-06 06:12:00,736,app_message,LOC0138
CDR003485,PH00355,PH00751,2026-01-13 04:28:00,678,app_message,LOC0034
CDR003486,PH00116,PH00438,2026-07-25 10:17:00,493,app_message,LOC0059
CDR003487,PH00911,PH00523,2026-05-22 10:59:00,1460,app_message,LOC0016
CDR003488,PH00185,PH00595,2026-03-29 14:52:00,430,sms,LOC0123
CDR003489,PH00398,PH00768,2026-03-26 16:18:00,2263,call,LOC0059
CDR003490,PH00236,PH00162,2026-02-27 05:55:00,1037,sms,LOC0153
CDR003491,PH00518,PH00105,2026-06-01 19:02:00,1893,app_message,LOC0083
CDR003492,PH00137,PH00577,2026-03-04 22:22:00,1833,app_message,LOC0093
CDR003493,PH00077,PH00366,2026-05-18 18:23:00,518,app_message,LOC0111
CDR003494,PH00675,PH00074,2026-08-13 10:11:00,73,sms,LOC0134
CDR003495,PH01153,PH01075,2026-03-21 13:47:00,2062,sms,LOC0144
CDR003496,PH00036,PH00099,2026-01-06 07:44:00,1043,app_message,LOC0004
CDR003497,PH00704,PH00466,2026-02-05 09:54:00,1197,app_message,LOC0048
CDR003498,PH00465,PH00480,2026-02-04 15:23:00,909,call,LOC0167
CDR003499,PH01120,PH00220,2026-07-16 22:32:00,1011,call,LOC0166
CDR003500,PH00030,PH00929,2026-08-27 03:28:00,2021,call,LOC0073
CDR003501,PH00335,PH00568,2026-08-17 05:37:00,1534,app_message,LOC0026
CDR003502,PH00393,PH00206,2026-01-27 03:44:00,630,app_message,LOC0069
CDR003503,PH00768,PH00708,2026-01-14 02:42:00,527,sms,LOC0018
CDR003504,PH00521,PH00274,2026-05-26 13:11:00,1282,sms,LOC0029
CDR003505,PH00953,PH00247,2026-07-06 05:27:00,1705,sms,LOC0133
CDR003506,PH01159,PH01108,2026-08-09 01:07:00,95,sms,LOC0132
CDR003507,PH00893,PH00756,2026-04-10 13:21:00,2260,app_message,LOC0067
CDR003508,PH00763,PH00262,2026-06-01 02:14:00,342,app_message,LOC0133
CDR003509,PH00128,PH00653,2026-03-22 11:10:00,798,sms,LOC0163
CDR003510,PH00340,PH00377,2026-07-02 23:13:00,662,call,LOC0166
CDR003511,PH00647,PH00135,2026-05-09 20:17:00,183,call,LOC0175
CDR003512,PH00800,PH00313,2026-04-08 14:44:00,900,call,LOC0150
CDR003513,PH01067,PH00751,2026-07-11 08:48:00,796,call,LOC0010
CDR003514,PH00051,PH00930,2026-07-06 01:49:00,501,call,LOC0003
CDR003515,PH00498,PH00772,2026-01-20 10:49:00,1118,app_message,LOC0131
CDR003516,PH00710,PH00100,2026-08-03 03:01:00,1102,app_message,LOC0091
CDR003517,PH00456,PH00313,2026-03-17 11:33:00,1376,app_message,LOC0175
CDR003518,PH00844,PH00664,2026-01-23 05:55:00,953,call,LOC0149
CDR003519,PH00425,PH00271,2026-05-07 03:28:00,891,call,LOC0013
CDR003520,PH00112,PH00434,2026-07-08 20:04:00,1921,call,LOC0180
CDR003521,PH00004,PH00979,2026-08-28 18:04:00,232,app_message,LOC0012
CDR003522,PH00574,PH00560,2026-05-25 17:25:00,328,call,LOC0005
CDR003523,PH01165,PH01176,2026-05-04 19:34:00,1385,sms,LOC0143
CDR003524,PH00366,PH00715,2026-06-18 05:18:00,789,sms,LOC0120
CDR003525,PH00077,PH01191,2026-03-08 12:24:00,819,call,LOC0123
CDR003526,PH00687,PH00535,2026-05-06 16:03:00,1566,call,LOC0048
CDR003527,PH00174,PH00813,2026-05-04 01:05:00,560,app_message,LOC0157
CDR003528,PH00758,PH00482,2026-03-15 07:37:00,1378,call,LOC0177
CDR003529,PH00703,PH00626,2026-05-23 17:19:00,2158,app_message,LOC0134
CDR003530,PH01162,PH00126,2026-07-25 13:24:00,1166,app_message,LOC0020
CDR003531,PH00263,PH01058,2026-03-13 21:17:00,2075,call,LOC0180
CDR003532,PH00844,PH00533,2026-01-17 03:42:00,1507,sms,LOC0152
CDR003533,PH01135,PH00352,2026-03-21 21:16:00,1046,call,LOC0123
CDR003534,PH00210,PH00934,2026-07-03 13:46:00,1721,call,LOC0060
CDR003535,PH01180,PH00877,2026-05-26 17:32:00,1085,app_message,LOC0126
CDR003536,PH01099,PH00662,2026-05-05 08:13:00,597,sms,LOC0021
CDR003537,PH00281,PH01076,2026-03-18 07:59:00,1171,call,LOC0072
CDR003538,PH00572,PH00386,2026-02-25 15:09:00,1984,call,LOC0099
CDR003539,PH00240,PH00357,2026-04-11 01:50:00,1203,call,LOC0129
CDR003540,PH01194,PH00902,2026-01-11 04:06:00,566,app_message,LOC0031
CDR003541,PH00737,PH00689,2026-06-01 10:58:00,62,app_message,LOC0125
CDR003542,PH00260,PH00584,2026-06-07 18:22:00,827,call,LOC0074
CDR003543,PH00251,PH00193,2026-03-30 02:11:00,385,app_message,LOC0049
CDR003544,PH00152,PH01151,2026-04-11 02:07:00,2344,sms,LOC0116
CDR003545,PH00610,PH00005,2026-03-17 17:37:00,1173,sms,LOC0075
CDR003546,PH00079,PH00098,2026-06-29 16:55:00,948,sms,LOC0096
CDR003547,PH00596,PH00713,2026-01-10 02:42:00,2287,app_message,LOC0129
CDR003548,PH00862,PH00477,2026-03-31 22:02:00,2136,call,LOC0025
CDR003549,PH00955,PH00781,2026-07-22 06:52:00,1525,call,LOC0026
CDR003550,PH00982,PH00484,2026-04-29 17:49:00,498,app_message,LOC0010
CDR003551,PH00917,PH00812,2026-02-12 17:27:00,2325,sms,LOC0097
CDR003552,PH01131,PH00211,2026-08-01 21:00:00,251,call,LOC0129
CDR003553,PH00003,PH00467,2026-06-25 07:04:00,1962,app_message,LOC0076
CDR003554,PH00003,PH00707,2026-05-25 17:58:00,206,call,LOC0096
CDR003555,PH00456,PH01119,2026-05-14 07:52:00,945,call,LOC0156
CDR003556,PH01056,PH01135,2026-04-16 07:05:00,1398,call,LOC0119
CDR003557,PH00432,PH01153,2026-05-26 07:33:00,600,call,LOC0116
CDR003558,PH01152,PH00070,2026-02-15 08:12:00,723,call,LOC0086
CDR003559,PH00463,PH00353,2026-02-18 23:52:00,1184,sms,LOC0064
CDR003560,PH00439,PH00496,2026-03-10 11:07:00,779,sms,LOC0043
CDR003561,PH00034,PH00080,2026-03-31 14:58:00,146,sms,LOC0162
CDR003562,PH00577,PH00253,2026-05-28 20:01:00,2241,call,LOC0138
CDR003563,PH00122,PH00098,2026-05-31 02:57:00,1974,sms,LOC0106
CDR003564,PH00521,PH00861,2026-02-05 06:49:00,653,sms,LOC0047
CDR003565,PH00582,PH01191,2026-06-23 15:38:00,1789,app_message,LOC0113
CDR003566,PH00987,PH00965,2026-05-12 00:48:00,1807,call,LOC0016
CDR003567,PH00609,PH00396,2026-04-13 11:06:00,833,call,LOC0015
CDR003568,PH01092,PH01002,2026-06-10 18:44:00,1001,sms,LOC0143
CDR003569,PH00777,PH00861,2026-06-17 12:09:00,528,app_message,LOC0151
CDR003570,PH00638,PH00265,2026-03-14 21:01:00,2170,sms,LOC0066
CDR003571,PH00422,PH01105,2026-03-04 02:15:00,814,app_message,LOC0173
CDR003572,PH00893,PH01069,2026-05-29 17:40:00,123,call,LOC0028
CDR003573,PH00064,PH01097,2026-03-03 17:48:00,383,app_message,LOC0073
CDR003574,PH00498,PH00406,2026-05-01 18:11:00,747,app_message,LOC0029
CDR003575,PH00599,PH00844,2026-04-21 17:49:00,597,sms,LOC0121
CDR003576,PH00472,PH00947,2026-04-06 16:54:00,1389,call,LOC0064
CDR003577,PH00202,PH00968,2026-08-26 12:45:00,635,app_message,LOC0111
CDR003578,PH00955,PH00710,2026-02-11 18:50:00,1938,call,LOC0052
CDR003579,PH01187,PH00219,2026-04-01 14:44:00,1144,app_message,LOC0095
CDR003580,PH00329,PH00321,2026-07-17 01:15:00,1448,call,LOC0044
CDR003581,PH00487,PH01158,2026-01-06 16:03:00,2256,app_message,LOC0179
CDR003582,PH00002,PH00801,2026-03-20 14:39:00,238,app_message,LOC0160
CDR003583,PH00699,PH00463,2026-08-31 16:59:00,1610,call,LOC0016
CDR003584,PH00665,PH01187,2026-05-28 10:59:00,1929,call,LOC0044
CDR003585,PH01196,PH00318,2026-01-21 11:27:00,49,sms,LOC0046
CDR003586,PH00098,PH01017,2026-01-29 08:12:00,1973,app_message,LOC0010
CDR003587,PH01177,PH00495,2026-03-29 13:08:00,986,sms,LOC0101
CDR003588,PH00773,PH00221,2026-04-06 02:26:00,1584,call,LOC0087
CDR003589,PH00730,PH00908,2026-05-24 15:32:00,1510,sms,LOC0093
CDR003590,PH01156,PH00182,2026-06-17 00:42:00,608,call,LOC0032
CDR003591,PH00251,PH00910,2026-08-13 06:54:00,554,sms,LOC0165
CDR003592,PH00320,PH00902,2026-05-30 15:52:00,256,app_message,LOC0037
CDR003593,PH01087,PH00833,2026-08-17 09:30:00,1575,call,LOC0021
CDR003594,PH00346,PH00044,2026-02-19 10:22:00,1629,call,LOC0062
CDR003595,PH00850,PH00428,2026-04-27 15:46:00,1248,sms,LOC0020
CDR003596,PH00148,PH00544,2026-08-11 08:24:00,1638,call,LOC0027
CDR003597,PH00376,PH00026,2026-01-11 07:52:00,1820,sms,LOC0056
CDR003598,PH00047,PH00390,2026-07-30 03:26:00,526,call,LOC0067
CDR003599,PH00070,PH00665,2026-06-24 01:23:00,720,app_message,LOC0054
CDR003600,PH00463,PH00158,2026-01-04 20:12:00,2234,app_message,LOC0099
CDR003601,PH01133,PH00475,2026-02-11 13:59:00,2240,app_message,LOC0111
CDR003602,PH01095,PH00597,2026-01-07 18:54:00,358,sms,LOC0133
CDR003603,PH00553,PH01174,2026-05-05 01:59:00,1735,sms,LOC0063
CDR003604,PH00435,PH01038,2026-03-23 11:11:00,1445,sms,LOC0086
CDR003605,PH00573,PH00261,2026-06-05 12:26:00,1218,app_message,LOC0153
CDR003606,PH00644,PH00720,2026-06-03 20:36:00,1066,call,LOC0065
CDR003607,PH00581,PH00470,2026-05-24 04:28:00,830,app_message,LOC0158
CDR003608,PH00187,PH00569,2026-05-20 20:47:00,1164,call,LOC0146
CDR003609,PH00388,PH00161,2026-03-26 14:51:00,2279,call,LOC0167
CDR003610,PH00085,PH01176,2026-08-13 07:05:00,682,sms,LOC0132
CDR003611,PH00591,PH00643,2026-05-01 03:19:00,1911,call,LOC0117
CDR003612,PH00051,PH01167,2026-02-02 23:03:00,119,call,LOC0057
CDR003613,PH00265,PH00974,2026-04-05 19:34:00,1509,app_message,LOC0146
CDR003614,PH00583,PH01144,2026-05-21 04:39:00,500,call,LOC0020
CDR003615,PH00401,PH00190,2026-08-26 11:45:00,1719,sms,LOC0097
CDR003616,PH00439,PH01009,2026-05-16 11:21:00,2094,app_message,LOC0071
CDR003617,PH00503,PH00933,2026-04-11 23:07:00,922,app_message,LOC0137
CDR003618,PH01022,PH00708,2026-02-12 17:26:00,2307,app_message,LOC0037
CDR003619,PH00059,PH00723,2026-01-05 17:45:00,2396,sms,LOC0047
CDR003620,PH00022,PH00180,2026-05-12 09:15:00,343,call,LOC0095
CDR003621,PH00170,PH00742,2026-01-15 13:34:00,2199,app_message,LOC0174
CDR003622,PH00768,PH01196,2026-02-23 08:47:00,1671,call,LOC0065
CDR003623,PH00714,PH00840,2026-04-25 22:30:00,380,sms,LOC0011
CDR003624,PH00269,PH00948,2026-02-24 10:29:00,1857,sms,LOC0147
CDR003625,PH00608,PH01167,2026-04-30 02:20:00,1244,sms,LOC0176
CDR003626,PH00171,PH01100,2026-05-08 11:59:00,53,app_message,LOC0012
CDR003627,PH00626,PH00713,2026-01-09 07:10:00,1379,sms,LOC0049
CDR003628,PH00988,PH01048,2026-05-18 18:03:00,873,call,LOC0135
CDR003629,PH00894,PH01073,2026-07-07 16:31:00,1684,sms,LOC0063
CDR003630,PH01044,PH00641,2026-05-10 18:05:00,749,sms,LOC0029
CDR003631,PH00334,PH00263,2026-01-20 21:26:00,12,sms,LOC0145
CDR003632,PH00349,PH00586,2026-06-23 21:55:00,484,sms,LOC0134
CDR003633,PH00607,PH00537,2026-02-22 08:28:00,1685,sms,LOC0068
CDR003634,PH00535,PH00086,2026-04-27 03:54:00,1048,app_message,LOC0034
CDR003635,PH00941,PH00579,2026-05-31 09:06:00,2324,sms,LOC0040
CDR003636,PH00464,PH01071,2026-03-06 20:44:00,2238,call,LOC0123
CDR003637,PH00256,PH01151,2026-05-12 11:25:00,1694,app_message,LOC0027
CDR003638,PH00182,PH00422,2026-07-23 13:31:00,58,app_message,LOC0118
CDR003639,PH00417,PH00579,2026-08-18 18:13:00,2307,app_message,LOC0072
CDR003640,PH01091,PH00540,2026-05-09 19:48:00,1409,app_message,LOC0027
CDR003641,PH00309,PH00830,2026-05-28 00:13:00,828,call,LOC0147
CDR003642,PH00371,PH00814,2026-02-03 18:29:00,1243,sms,LOC0042
CDR003643,PH00086,PH00243,2026-04-07 08:29:00,2286,call,LOC0076
CDR003644,PH01063,PH00036,2026-06-29 21:06:00,1078,sms,LOC0083
CDR003645,PH00034,PH00915,2026-08-06 09:06:00,2183,call,LOC0115
CDR003646,PH00183,PH00229,2026-01-14 06:01:00,390,sms,LOC0031
CDR003647,PH01198,PH00847,2026-06-13 15:18:00,595,sms,LOC0171
CDR003648,PH01072,PH00521,2026-04-28 18:18:00,1949,app_message,LOC0107
CDR003649,PH00285,PH00069,2026-07-12 20:29:00,2026,sms,LOC0117
CDR003650,PH00599,PH00933,2026-04-23 10:18:00,1850,call,LOC0144
CDR003651,PH00329,PH00503,2026-06-11 03:19:00,1661,call,LOC0070
CDR003652,PH00044,PH00363,2026-03-26 19:42:00,1394,call,LOC0101
CDR003653,PH00920,PH00246,2026-05-21 19:42:00,1942,app_message,LOC0166
CDR003654,PH00637,PH00839,2026-03-26 23:05:00,904,sms,LOC0081
CDR003655,PH00212,PH00371,2026-07-25 16:13:00,2138,app_message,LOC0108
CDR003656,PH01177,PH01045,2026-01-02 23:40:00,769,app_message,LOC0087
CDR003657,PH00642,PH00584,2026-04-25 06:31:00,1602,app_message,LOC0089
CDR003658,PH00392,PH00091,2026-03-04 00:26:00,1743,sms,LOC0030
CDR003659,PH00490,PH00705,2026-04-21 13:19:00,2319,call,LOC0144
CDR003660,PH00018,PH00588,2026-04-18 11:56:00,1895,app_message,LOC0169
CDR003661,PH00826,PH01180,2026-05-26 17:16:00,1724,sms,LOC0018
CDR003662,PH00007,PH01036,2026-07-06 09:06:00,62,call,LOC0086
CDR003663,PH00556,PH00844,2026-03-10 08:43:00,1802,call,LOC0051
CDR003664,PH00512,PH00684,2026-03-22 12:00:00,580,sms,LOC0122
CDR003665,PH00959,PH00577,2026-07-30 13:39:00,1048,call,LOC0090
CDR003666,PH00576,PH01023,2026-08-20 02:06:00,482,call,LOC0067
CDR003667,PH00792,PH00094,2026-06-04 09:07:00,242,app_message,LOC0155
CDR003668,PH00536,PH01167,2026-05-03 05:24:00,222,app_message,LOC0030
CDR003669,PH00444,PH00652,2026-01-05 00:20:00,205,call,LOC0002
CDR003670,PH00638,PH00216,2026-04-20 07:28:00,1412,app_message,LOC0052
CDR003671,PH00094,PH00992,2026-07-21 07:32:00,174,sms,LOC0176
CDR003672,PH00206,PH00197,2026-01-29 22:50:00,1313,app_message,LOC0165
CDR003673,PH00757,PH01159,2026-04-14 03:18:00,1723,sms,LOC0170
CDR003674,PH01121,PH00079,2026-01-20 17:30:00,1444,app_message,LOC0092
CDR003675,PH00511,PH00815,2026-08-30 01:24:00,570,sms,LOC0041
CDR003676,PH01025,PH01039,2026-02-17 17:00:00,2151,call,LOC0118
CDR003677,PH00752,PH01132,2026-06-02 08:02:00,6,call,LOC0141
CDR003678,PH00762,PH00961,2026-03-25 22:24:00,714,call,LOC0029
CDR003679,PH00776,PH00630,2026-04-12 15:51:00,1064,call,LOC0118
CDR003680,PH00282,PH00052,2026-07-06 08:28:00,29,call,LOC0133
CDR003681,PH00646,PH00635,2026-01-13 23:55:00,1651,call,LOC0094
CDR003682,PH00593,PH01026,2026-02-22 22:50:00,2186,call,LOC0174
CDR003683,PH00818,PH00467,2026-02-05 05:46:00,651,sms,LOC0122
CDR003684,PH00131,PH00003,2026-06-09 12:15:00,1837,sms,LOC0127
CDR003685,PH00051,PH00093,2026-05-21 16:59:00,526,sms,LOC0039
CDR003686,PH01015,PH00474,2026-05-23 23:54:00,519,sms,LOC0121
CDR003687,PH01177,PH00023,2026-02-13 01:22:00,789,app_message,LOC0026
CDR003688,PH00303,PH00223,2026-02-13 23:57:00,2391,sms,LOC0130
CDR003689,PH00092,PH00673,2026-03-24 10:03:00,150,app_message,LOC0020
CDR003690,PH00998,PH00615,2026-06-02 01:30:00,2310,call,LOC0018
CDR003691,PH00653,PH00867,2026-07-10 20:53:00,1613,app_message,LOC0029
CDR003692,PH00425,PH00251,2026-02-21 17:23:00,2328,call,LOC0099
CDR003693,PH00811,PH00262,2026-04-17 18:33:00,1781,call,LOC0061
CDR003694,PH00801,PH00547,2026-02-22 02:15:00,164,call,LOC0162
CDR003695,PH00509,PH00392,2026-02-13 02:26:00,795,app_message,LOC0162
CDR003696,PH01164,PH00967,2026-07-27 06:45:00,2041,call,LOC0023
CDR003697,PH00402,PH00948,2026-02-06 07:43:00,1954,sms,LOC0164
CDR003698,PH00130,PH00722,2026-06-05 08:58:00,2207,sms,LOC0068
CDR003699,PH01070,PH00241,2026-02-24 23:12:00,1490,app_message,LOC0080
CDR003700,PH00917,PH00295,2026-07-03 00:19:00,928,app_message,LOC0138
CDR003701,PH00073,PH00311,2026-02-14 07:51:00,1735,call,LOC0043
CDR003702,PH00636,PH00029,2026-08-11 13:12:00,2040,sms,LOC0015
CDR003703,PH00630,PH00598,2026-07-18 01:02:00,2230,sms,LOC0065
CDR003704,PH00417,PH00579,2026-07-25 23:33:00,710,sms,LOC0036
CDR003705,PH00196,PH01193,2026-02-04 03:00:00,244,call,LOC0001
CDR003706,PH00543,PH00753,2026-07-16 13:15:00,2343,app_message,LOC0159
CDR003707,PH00131,PH00491,2026-04-12 02:06:00,757,call,LOC0091
CDR003708,PH00486,PH00645,2026-04-15 10:14:00,2087,call,LOC0064
CDR003709,PH00164,PH00579,2026-04-11 11:06:00,1448,call,LOC0018
CDR003710,PH00751,PH00404,2026-02-08 11:34:00,1610,sms,LOC0087
CDR003711,PH00964,PH00873,2026-03-31 19:21:00,832,sms,LOC0139
CDR003712,PH00507,PH00984,2026-07-05 05:24:00,2363,app_message,LOC0015
CDR003713,PH01016,PH00220,2026-06-01 13:39:00,1261,sms,LOC0067
CDR003714,PH00483,PH00367,2026-02-27 06:51:00,921,app_message,LOC0015
CDR003715,PH00032,PH00510,2026-06-25 10:23:00,365,sms,LOC0142
CDR003716,PH00264,PH01194,2026-06-29 13:03:00,478,call,LOC0062
CDR003717,PH00643,PH00096,2026-05-30 18:10:00,885,sms,LOC0100
CDR003718,PH01108,PH01027,2026-04-11 22:31:00,332,sms,LOC0176
CDR003719,PH00625,PH00214,2026-01-06 22:58:00,2077,app_message,LOC0063
CDR003720,PH00140,PH00896,2026-02-01 13:48:00,1065,sms,LOC0014
CDR003721,PH01049,PH00707,2026-04-16 04:06:00,989,call,LOC0094
CDR003722,PH00979,PH00172,2026-03-22 07:46:00,1429,call,LOC0066
CDR003723,PH00323,PH00342,2026-03-15 22:20:00,1898,sms,LOC0013
CDR003724,PH00745,PH00886,2026-01-14 00:02:00,2201,app_message,LOC0063
CDR003725,PH00759,PH00722,2026-03-02 23:11:00,796,app_message,LOC0090
CDR003726,PH00981,PH00263,2026-01-19 18:04:00,1235,sms,LOC0180
CDR003727,PH00332,PH01184,2026-04-05 21:28:00,425,sms,LOC0060
CDR003728,PH00317,PH00415,2026-03-28 06:22:00,516,call,LOC0128
CDR003729,PH00892,PH00649,2026-03-16 03:07:00,33,sms,LOC0023
CDR003730,PH00086,PH00172,2026-05-12 05:54:00,2387,app_message,LOC0124
CDR003731,PH00968,PH00078,2026-07-27 15:45:00,492,sms,LOC0110
CDR003732,PH00005,PH00415,2026-04-16 01:34:00,2176,app_message,LOC0072
CDR003733,PH00588,PH01015,2026-08-27 18:23:00,1942,sms,LOC0103
CDR003734,PH01127,PH00272,2026-03-13 10:34:00,1793,sms,LOC0124
CDR003735,PH00851,PH01023,2026-04-03 11:08:00,353,call,LOC0118
CDR003736,PH00622,PH00641,2026-02-20 23:29:00,1535,app_message,LOC0158
CDR003737,PH00265,PH00438,2026-04-25 07:07:00,1383,call,LOC0088
CDR003738,PH00253,PH00244,2026-01-10 23:41:00,995,sms,LOC0008
CDR003739,PH00125,PH00790,2026-02-09 06:35:00,1103,app_message,LOC0136
CDR003740,PH00318,PH00053,2026-07-20 10:49:00,2251,app_message,LOC0073
CDR003741,PH01152,PH00658,2026-08-20 02:21:00,267,call,LOC0056
CDR003742,PH01001,PH00356,2026-08-01 02:09:00,811,sms,LOC0033
CDR003743,PH00248,PH01128,2026-05-01 15:55:00,2116,sms,LOC0122
CDR003744,PH00611,PH00324,2026-02-09 11:18:00,271,sms,LOC0072
CDR003745,PH00914,PH00061,2026-02-19 22:20:00,679,sms,LOC0007
CDR003746,PH00968,PH00777,2026-03-17 20:36:00,189,app_message,LOC0052
CDR003747,PH00762,PH00464,2026-03-21 16:28:00,1909,call,LOC0143
CDR003748,PH01085,PH00434,2026-05-06 01:12:00,1070,call,LOC0129
CDR003749,PH00318,PH00932,2026-07-14 11:55:00,119,app_message,LOC0004
CDR003750,PH00485,PH00461,2026-03-15 13:57:00,741,app_message,LOC0177
CDR003751,PH01046,PH00700,2026-03-24 20:15:00,920,call,LOC0149
CDR003752,PH00335,PH00556,2026-02-25 14:29:00,469,sms,LOC0041
CDR003753,PH00319,PH00520,2026-01-12 02:12:00,161,call,LOC0164
CDR003754,PH00562,PH01189,2026-08-26 00:07:00,2133,sms,LOC0100
CDR003755,PH00421,PH00276,2026-01-10 15:43:00,2076,call,LOC0168
CDR003756,PH00155,PH00787,2026-04-29 22:24:00,850,app_message,LOC0012
CDR003757,PH00103,PH00717,2026-05-17 03:14:00,1884,call,LOC0046
CDR003758,PH00081,PH00796,2026-06-12 11:10:00,333,app_message,LOC0113
CDR003759,PH00655,PH00195,2026-02-26 00:12:00,1692,sms,LOC0153
CDR003760,PH00159,PH00097,2026-04-13 07:09:00,160,app_message,LOC0139
CDR003761,PH00865,PH00263,2026-07-30 09:25:00,40,call,LOC0021
CDR003762,PH00977,PH00134,2026-03-12 23:34:00,843,call,LOC0163
CDR003763,PH00657,PH01044,2026-03-26 03:16:00,2276,sms,LOC0003
CDR003764,PH00399,PH00734,2026-01-22 01:42:00,2283,app_message,LOC0059
CDR003765,PH00479,PH00996,2026-06-30 08:05:00,1475,call,LOC0169
CDR003766,PH00396,PH00923,2026-05-03 19:32:00,51,app_message,LOC0037
CDR003767,PH01090,PH01193,2026-04-04 07:51:00,2390,app_message,LOC0150
CDR003768,PH00013,PH00637,2026-03-06 08:54:00,1565,call,LOC0143
CDR003769,PH00591,PH00490,2026-04-08 14:49:00,572,call,LOC0007
CDR003770,PH00675,PH00249,2026-03-18 23:14:00,1618,call,LOC0150
CDR003771,PH00299,PH01089,2026-03-22 08:05:00,1138,app_message,LOC0158
CDR003772,PH00408,PH00321,2026-07-09 12:56:00,448,sms,LOC0019
CDR003773,PH00266,PH00457,2026-01-02 01:33:00,591,app_message,LOC0002
CDR003774,PH00870,PH00990,2026-01-21 12:41:00,2067,sms,LOC0101
CDR003775,PH00271,PH00337,2026-08-13 07:44:00,883,app_message,LOC0058
CDR003776,PH00524,PH00264,2026-07-20 02:37:00,1505,app_message,LOC0094
CDR003777,PH00303,PH00017,2026-05-20 22:10:00,2158,call,LOC0149
CDR003778,PH00873,PH00585,2026-03-06 17:12:00,155,call,LOC0111
CDR003779,PH00902,PH00348,2026-06-27 12:22:00,91,call,LOC0044
CDR003780,PH00548,PH00778,2026-05-11 00:31:00,1824,app_message,LOC0154
CDR003781,PH00700,PH00958,2026-04-26 14:51:00,1987,app_message,LOC0089
CDR003782,PH00008,PH00394,2026-02-17 16:47:00,1788,sms,LOC0082
CDR003783,PH00877,PH00896,2026-04-04 16:52:00,600,call,LOC0169
CDR003784,PH00525,PH00993,2026-06-09 04:19:00,609,sms,LOC0162
CDR003785,PH00548,PH00398,2026-02-28 22:48:00,2387,call,LOC0170
CDR003786,PH00366,PH00349,2026-07-05 13:53:00,682,call,LOC0038
CDR003787,PH00385,PH00066,2026-01-16 13:37:00,1744,call,LOC0027
CDR003788,PH00880,PH00653,2026-03-02 15:20:00,2252,app_message,LOC0044
CDR003789,PH01011,PH00379,2026-03-10 12:31:00,254,sms,LOC0028
CDR003790,PH01182,PH00278,2026-04-15 20:29:00,1976,app_message,LOC0005
CDR003791,PH00237,PH00070,2026-05-04 05:25:00,295,sms,LOC0109
CDR003792,PH00383,PH00581,2026-07-13 08:34:00,1320,sms,LOC0105
CDR003793,PH01125,PH00787,2026-08-09 22:38:00,2083,sms,LOC0055
CDR003794,PH00315,PH00578,2026-05-08 12:41:00,2213,app_message,LOC0180
CDR003795,PH00250,PH00585,2026-03-05 01:26:00,2125,app_message,LOC0097
CDR003796,PH00394,PH00894,2026-02-26 14:25:00,2320,sms,LOC0079
CDR003797,PH00225,PH01153,2026-04-27 14:33:00,1944,sms,LOC0154
CDR003798,PH01173,PH00962,2026-05-08 21:33:00,745,sms,LOC0116
CDR003799,PH00853,PH00950,2026-02-24 19:23:00,719,app_message,LOC0139
CDR003800,PH00159,PH00693,2026-04-12 20:08:00,1857,sms,LOC0015
CDR003801,PH00243,PH00721,2026-01-04 21:09:00,488,app_message,LOC0068
CDR003802,PH00510,PH00126,2026-02-25 06:21:00,992,sms,LOC0110
CDR003803,PH00920,PH00903,2026-02-08 16:53:00,1511,app_message,LOC0094
CDR003804,PH00698,PH00273,2026-04-20 08:02:00,2223,app_message,LOC0007
CDR003805,PH00880,PH01195,2026-07-06 09:01:00,1630,sms,LOC0011
CDR003806,PH00274,PH00772,2026-06-09 00:08:00,2330,call,LOC0137
CDR003807,PH00700,PH01177,2026-01-10 23:07:00,1813,call,LOC0121
CDR003808,PH00239,PH00115,2026-01-03 12:06:00,80,call,LOC0069
CDR003809,PH00792,PH00912,2026-02-14 02:44:00,197,sms,LOC0056
CDR003810,PH00252,PH00230,2026-08-14 02:56:00,1806,call,LOC0167
CDR003811,PH00226,PH00903,2026-05-20 20:29:00,842,call,LOC0109
CDR003812,PH00270,PH00509,2026-06-20 08:17:00,317,call,LOC0048
CDR003813,PH01009,PH00592,2026-06-29 15:43:00,1361,app_message,LOC0148
CDR003814,PH01031,PH00833,2026-07-31 18:26:00,1094,sms,LOC0034
CDR003815,PH00353,PH00397,2026-03-03 23:28:00,548,app_message,LOC0140
CDR003816,PH00782,PH00081,2026-01-20 11:51:00,1055,call,LOC0180
CDR003817,PH00303,PH00808,2026-08-20 02:12:00,2037,app_message,LOC0036
CDR003818,PH00381,PH00354,2026-04-23 10:38:00,1277,app_message,LOC0123
CDR003819,PH00437,PH00493,2026-03-06 11:16:00,2049,sms,LOC0104
CDR003820,PH00908,PH01079,2026-06-09 10:48:00,1178,call,LOC0105
CDR003821,PH00312,PH01120,2026-08-10 12:10:00,1275,call,LOC0128
CDR003822,PH01038,PH01047,2026-06-23 14:42:00,142,sms,LOC0084
CDR003823,PH00303,PH00608,2026-04-20 11:21:00,1640,sms,LOC0041
CDR003824,PH00927,PH00815,2026-02-18 05:54:00,506,sms,LOC0020
CDR003825,PH00601,PH00636,2026-04-25 13:45:00,399,sms,LOC0173
CDR003826,PH00335,PH01041,2026-03-01 16:21:00,571,sms,LOC0127
CDR003827,PH00479,PH01127,2026-05-26 15:23:00,12,call,LOC0077
CDR003828,PH00738,PH00821,2026-08-02 09:17:00,1833,sms,LOC0152
CDR003829,PH00163,PH00280,2026-08-01 13:42:00,1116,call,LOC0107
CDR003830,PH00390,PH00608,2026-05-16 06:46:00,1320,call,LOC0129
CDR003831,PH01004,PH01181,2026-02-13 04:58:00,2091,app_message,LOC0106
CDR003832,PH00988,PH01006,2026-08-14 13:57:00,1938,sms,LOC0053
CDR003833,PH00860,PH01192,2026-02-08 05:20:00,2038,sms,LOC0167
CDR003834,PH00992,PH01004,2026-01-22 11:25:00,2296,sms,LOC0169
CDR003835,PH00925,PH00725,2026-01-14 05:55:00,270,sms,LOC0065
CDR003836,PH00179,PH01119,2026-04-21 11:14:00,197,call,LOC0137
CDR003837,PH00702,PH00422,2026-02-18 15:12:00,1017,sms,LOC0013
CDR003838,PH00234,PH00119,2026-06-09 16:33:00,253,sms,LOC0055
CDR003839,PH00493,PH00657,2026-08-11 06:08:00,410,sms,LOC0132
CDR003840,PH00479,PH00302,2026-08-01 00:45:00,1620,sms,LOC0003
CDR003841,PH00626,PH00027,2026-06-08 05:08:00,332,app_message,LOC0123
CDR003842,PH00804,PH00562,2026-05-05 18:19:00,745,app_message,LOC0061
CDR003843,PH00422,PH01028,2026-02-12 08:14:00,300,app_message,LOC0109
CDR003844,PH00800,PH00656,2026-08-22 09:06:00,1408,call,LOC0072
CDR003845,PH00284,PH00426,2026-06-05 07:48:00,439,app_message,LOC0083
CDR003846,PH00053,PH00214,2026-01-12 02:02:00,54,app_message,LOC0143
CDR003847,PH00725,PH01191,2026-03-02 09:59:00,526,sms,LOC0003
CDR003848,PH00312,PH00324,2026-01-20 03:33:00,35,call,LOC0004
CDR003849,PH00406,PH00968,2026-04-29 17:00:00,222,sms,LOC0139
CDR003850,PH00615,PH00239,2026-05-29 13:55:00,1043,call,LOC0100
CDR003851,PH00140,PH00475,2026-06-22 14:11:00,1920,app_message,LOC0100
CDR003852,PH00706,PH00086,2026-02-10 11:14:00,596,app_message,LOC0036
CDR003853,PH00739,PH01134,2026-06-26 00:26:00,1127,call,LOC0089
CDR003854,PH01004,PH00917,2026-05-08 18:59:00,1989,app_message,LOC0049
CDR003855,PH01013,PH00157,2026-08-12 06:48:00,862,sms,LOC0017
CDR003856,PH00626,PH01196,2026-07-01 23:51:00,1269,app_message,LOC0077
CDR003857,PH00508,PH00900,2026-04-19 19:49:00,239,sms,LOC0133
CDR003858,PH01126,PH00221,2026-08-22 14:20:00,1619,app_message,LOC0129
CDR003859,PH00639,PH00437,2026-03-11 18:47:00,410,app_message,LOC0079
CDR003860,PH00511,PH00870,2026-04-25 23:24:00,454,sms,LOC0175
CDR003861,PH00558,PH00001,2026-02-05 09:57:00,1035,app_message,LOC0105
CDR003862,PH00585,PH00136,2026-02-17 03:26:00,1045,app_message,LOC0170
CDR003863,PH00409,PH00410,2026-08-13 21:34:00,491,call,LOC0123
CDR003864,PH01157,PH01110,2026-08-20 18:05:00,2354,call,LOC0025
CDR003865,PH00633,PH00998,2026-07-20 16:20:00,1915,app_message,LOC0128
CDR003866,PH00965,PH01181,2026-02-09 05:58:00,558,call,LOC0040
CDR003867,PH01070,PH00273,2026-07-03 02:00:00,459,app_message,LOC0156
CDR003868,PH01046,PH00853,2026-08-29 08:39:00,1457,sms,LOC0043
CDR003869,PH01170,PH00511,2026-02-06 12:33:00,1710,call,LOC0153
CDR003870,PH00946,PH00808,2026-07-04 09:55:00,2232,app_message,LOC0087
CDR003871,PH01073,PH00749,2026-04-08 09:05:00,2135,call,LOC0024
CDR003872,PH00486,PH01183,2026-07-15 07:26:00,264,call,LOC0139
CDR003873,PH00940,PH00167,2026-04-17 22:06:00,197,call,LOC0073
CDR003874,PH00509,PH00143,2026-08-01 23:33:00,491,app_message,LOC0007
CDR003875,PH00631,PH00205,2026-05-17 04:47:00,1786,sms,LOC0084
CDR003876,PH00324,PH00611,2026-02-09 15:41:00,212,app_message,LOC0013
CDR003877,PH00882,PH00718,2026-06-27 11:09:00,1299,app_message,LOC0078
CDR003878,PH00672,PH00876,2026-06-06 23:54:00,936,app_message,LOC0174
CDR003879,PH01097,PH00598,2026-08-27 17:09:00,1917,app_message,LOC0052
CDR003880,PH01006,PH00683,2026-08-04 01:21:00,2066,sms,LOC0072
CDR003881,PH00386,PH00215,2026-07-06 16:02:00,737,sms,LOC0124
CDR003882,PH00359,PH00657,2026-03-16 11:20:00,901,app_message,LOC0137
CDR003883,PH01052,PH00706,2026-07-05 22:11:00,1376,app_message,LOC0077
CDR003884,PH01119,PH00511,2026-08-20 18:36:00,2036,app_message,LOC0050
CDR003885,PH00877,PH00567,2026-05-31 08:14:00,1106,app_message,LOC0040
CDR003886,PH00230,PH01156,2026-03-21 19:08:00,282,sms,LOC0001
CDR003887,PH00890,PH00492,2026-07-18 18:39:00,508,sms,LOC0001
CDR003888,PH00490,PH00762,2026-01-15 17:09:00,82,call,LOC0162
CDR003889,PH00987,PH00407,2026-03-04 11:26:00,2394,call,LOC0021
CDR003890,PH00182,PH01005,2026-06-27 12:35:00,2111,sms,LOC0054
CDR003891,PH00172,PH01105,2026-02-18 22:11:00,2152,app_message,LOC0018
CDR003892,PH00851,PH00345,2026-05-20 23:43:00,2278,app_message,LOC0014
CDR003893,PH00830,PH00132,2026-05-05 20:48:00,1646,sms,LOC0049
CDR003894,PH00821,PH00817,2026-07-19 09:07:00,2127,app_message,LOC0090
CDR003895,PH01138,PH01182,2026-01-13 04:15:00,2142,app_message,LOC0067
CDR003896,PH00352,PH00334,2026-03-15 14:54:00,1735,app_message,LOC0118
CDR003897,PH01131,PH00386,2026-02-22 21:07:00,2165,app_message,LOC0086
CDR003898,PH00912,PH00511,2026-08-25 15:59:00,290,call,LOC0117
CDR003899,PH00473,PH00589,2026-08-21 01:13:00,1951,call,LOC0134
CDR003900,PH00750,PH00338,2026-04-26 14:49:00,1571,sms,LOC0155
CDR003901,PH01087,PH00302,2026-08-18 10:16:00,1083,app_message,LOC0167
CDR003902,PH00518,PH00644,2026-08-16 08:58:00,670,sms,LOC0127
CDR003903,PH00482,PH00913,2026-07-26 23:54:00,1832,app_message,LOC0074
CDR003904,PH00805,PH00370,2026-06-03 01:35:00,2237,app_message,LOC0007
CDR003905,PH00003,PH00904,2026-04-28 17:27:00,101,call,LOC0158
CDR003906,PH00697,PH01184,2026-02-26 02:22:00,1445,call,LOC0003
CDR003907,PH00784,PH00747,2026-04-04 09:13:00,1446,app_message,LOC0002
CDR003908,PH00882,PH00772,2026-04-19 18:09:00,2315,app_message,LOC0168
CDR003909,PH00697,PH00265,2026-05-28 09:04:00,1062,app_message,LOC0048
CDR003910,PH01144,PH00223,2026-03-11 03:56:00,1960,sms,LOC0156
CDR003911,PH00295,PH00927,2026-04-23 12:18:00,292,app_message,LOC0045
CDR003912,PH01192,PH00975,2026-04-25 04:32:00,1861,app_message,LOC0027
CDR003913,PH01199,PH00732,2026-07-19 10:17:00,1601,app_message,LOC0140
CDR003914,PH00134,PH00997,2026-05-08 10:42:00,1290,call,LOC0052
CDR003915,PH00114,PH00805,2026-06-02 18:34:00,339,call,LOC0068
CDR003916,PH00639,PH00139,2026-02-16 02:52:00,756,app_message,LOC0044
CDR003917,PH00080,PH00722,2026-03-11 13:59:00,2200,app_message,LOC0002
CDR003918,PH00742,PH00137,2026-05-27 06:05:00,1124,sms,LOC0137
CDR003919,PH01183,PH00478,2026-01-17 10:16:00,1408,call,LOC0034
CDR003920,PH01112,PH00085,2026-08-25 13:29:00,459,sms,LOC0169
CDR003921,PH00229,PH00104,2026-04-07 19:08:00,248,sms,LOC0124
CDR003922,PH00841,PH01039,2026-03-16 22:12:00,2119,call,LOC0116
CDR003923,PH01183,PH00698,2026-02-24 00:03:00,1222,call,LOC0038
CDR003924,PH01136,PH00380,2026-07-09 05:52:00,2179,call,LOC0082
CDR003925,PH00600,PH01010,2026-06-06 06:32:00,1746,sms,LOC0122
CDR003926,PH00914,PH00285,2026-07-18 00:52:00,1499,call,LOC0101
CDR003927,PH00575,PH00784,2026-06-24 05:50:00,1671,sms,LOC0039
CDR003928,PH01045,PH00596,2026-03-19 02:18:00,971,call,LOC0167
CDR003929,PH01042,PH00973,2026-02-19 04:42:00,367,sms,LOC0148
CDR003930,PH00515,PH01193,2026-05-28 08:06:00,714,app_message,LOC0021
CDR003931,PH01003,PH00578,2026-05-20 15:21:00,1454,call,LOC0082
CDR003932,PH00687,PH01087,2026-06-12 15:19:00,1186,sms,LOC0013
CDR003933,PH01129,PH00162,2026-06-26 05:15:00,241,call,LOC0119
CDR003934,PH00817,PH00942,2026-06-29 22:53:00,737,app_message,LOC0076
CDR003935,PH00090,PH00022,2026-01-25 15:04:00,1932,sms,LOC0054
CDR003936,PH00978,PH00672,2026-01-18 22:10:00,195,call,LOC0071
CDR003937,PH00464,PH00463,2026-03-09 23:09:00,1843,sms,LOC0111
CDR003938,PH01151,PH00648,2026-06-07 07:51:00,1179,call,LOC0018
CDR003939,PH00335,PH00280,2026-04-01 08:06:00,494,sms,LOC0032
CDR003940,PH00579,PH01074,2026-02-17 16:22:00,1709,sms,LOC0060
CDR003941,PH00549,PH00736,2026-07-17 19:26:00,1828,call,LOC0140
CDR003942,PH00713,PH00934,2026-05-30 01:32:00,490,sms,LOC0146
CDR003943,PH00934,PH00338,2026-08-04 22:40:00,2135,call,LOC0082
CDR003944,PH01115,PH00804,2026-07-12 10:56:00,2131,app_message,LOC0049
CDR003945,PH01134,PH00098,2026-06-09 10:57:00,899,sms,LOC0013
CDR003946,PH00578,PH00446,2026-05-25 20:36:00,2296,sms,LOC0025
CDR003947,PH00402,PH00056,2026-02-28 19:20:00,461,call,LOC0073
CDR003948,PH00695,PH00003,2026-01-08 04:42:00,68,call,LOC0082
CDR003949,PH00302,PH01197,2026-02-20 20:44:00,428,call,LOC0058
CDR003950,PH00587,PH00159,2026-06-22 21:30:00,2041,sms,LOC0139
CDR003951,PH00466,PH00109,2026-03-19 09:23:00,1219,sms,LOC0078
CDR003952,PH00460,PH00046,2026-08-22 05:25:00,220,sms,LOC0111
CDR003953,PH00822,PH00203,2026-05-18 05:10:00,1128,sms,LOC0092
CDR003954,PH00679,PH00028,2026-07-06 07:20:00,1360,app_message,LOC0122
CDR003955,PH00796,PH00591,2026-01-26 00:17:00,1062,app_message,LOC0180
CDR003956,PH00299,PH00213,2026-06-04 02:11:00,1531,app_message,LOC0014
CDR003957,PH00112,PH00218,2026-07-26 02:53:00,1299,sms,LOC0065
CDR003958,PH00985,PH00795,2026-01-30 15:15:00,2179,sms,LOC0050
CDR003959,PH00198,PH01040,2026-04-11 20:55:00,2101,app_message,LOC0129
CDR003960,PH00002,PH01017,2026-05-14 08:04:00,1428,call,LOC0035
CDR003961,PH01024,PH00688,2026-07-27 07:36:00,127,sms,LOC0160
CDR003962,PH01012,PH00231,2026-04-26 16:32:00,971,call,LOC0171
CDR003963,PH00157,PH00446,2026-04-18 02:34:00,858,app_message,LOC0052
CDR003964,PH00601,PH00879,2026-01-14 09:12:00,1834,call,LOC0140
CDR003965,PH00711,PH00468,2026-07-09 18:20:00,802,call,LOC0157
CDR003966,PH00994,PH00010,2026-07-13 18:48:00,411,call,LOC0062
CDR003967,PH00923,PH00046,2026-07-30 21:37:00,1602,app_message,LOC0034
CDR003968,PH01044,PH00384,2026-03-16 01:21:00,19,app_message,LOC0139
CDR003969,PH00221,PH01087,2026-05-02 08:40:00,807,app_message,LOC0151
CDR003970,PH00171,PH00695,2026-07-26 02:45:00,667,call,LOC0110
CDR003971,PH00532,PH00687,2026-07-23 08:01:00,495,call,LOC0146
CDR003972,PH00303,PH00331,2026-05-08 04:43:00,758,call,LOC0046
CDR003973,PH00360,PH01100,2026-08-25 12:08:00,1555,sms,LOC0001
CDR003974,PH00694,PH00899,2026-05-17 22:48:00,1080,call,LOC0177
CDR003975,PH01063,PH01115,2026-03-21 12:52:00,2290,call,LOC0130
CDR003976,PH00931,PH01140,2026-01-22 11:19:00,1054,app_message,LOC0032
CDR003977,PH00349,PH00657,2026-05-13 19:17:00,783,sms,LOC0030
CDR003978,PH00744,PH00336,2026-08-06 14:10:00,686,app_message,LOC0058
CDR003979,PH00805,PH00703,2026-08-07 21:18:00,1997,app_message,LOC0124
CDR003980,PH00566,PH00155,2026-03-06 09:47:00,2156,sms,LOC0145
CDR003981,PH00343,PH00297,2026-03-06 08:31:00,2319,sms,LOC0067
CDR003982,PH01181,PH00750,2026-07-11 00:21:00,638,sms,LOC0001
CDR003983,PH00903,PH00253,2026-04-03 01:28:00,88,sms,LOC0045
CDR003984,PH00221,PH00894,2026-01-03 03:11:00,2226,app_message,LOC0163
CDR003985,PH00297,PH00130,2026-04-02 19:24:00,2275,app_message,LOC0044
CDR003986,PH00337,PH00251,2026-03-21 05:53:00,770,app_message,LOC0052
CDR003987,PH00386,PH01172,2026-04-07 17:46:00,751,sms,LOC0018
CDR003988,PH00845,PH01171,2026-04-05 12:21:00,1190,sms,LOC0106
CDR003989,PH00569,PH00517,2026-02-04 05:51:00,205,app_message,LOC0057
CDR003990,PH00184,PH00721,2026-04-23 01:56:00,1367,app_message,LOC0012
CDR003991,PH00327,PH00459,2026-08-09 06:57:00,537,sms,LOC0011
CDR003992,PH01054,PH00098,2026-01-16 05:43:00,711,sms,LOC0171
CDR003993,PH00965,PH00291,2026-01-31 20:02:00,2164,app_message,LOC0126
CDR003994,PH01024,PH00379,2026-04-18 18:17:00,777,sms,LOC0008
CDR003995,PH00338,PH00666,2026-08-28 15:13:00,1291,sms,LOC0126
CDR003996,PH01139,PH00446,2026-06-05 07:34:00,41,call,LOC0151
CDR003997,PH00119,PH00555,2026-06-14 15:39:00,1321,call,LOC0090
CDR003998,PH00880,PH00498,2026-05-07 20:24:00,2122,app_message,LOC0087
CDR003999,PH00964,PH00044,2026-03-07 21:40:00,1037,app_message,LOC0067
CDR004000,PH00267,PH00179,2026-06-07 14:24:00,891,sms,LOC0085
CDR004001,PH00213,PH00051,2026-01-08 15:41:00,111,sms,LOC0078
CDR004002,PH00444,PH00461,2026-04-28 03:31:00,2077,app_message,LOC0008
CDR004003,PH00234,PH00489,2026-05-26 17:44:00,1173,call,LOC0153
CDR004004,PH00436,PH01077,2026-05-10 09:10:00,44,app_message,LOC0109
CDR004005,PH00415,PH00078,2026-03-07 02:28:00,831,app_message,LOC0005
CDR004006,PH01098,PH00509,2026-07-03 08:36:00,928,app_message,LOC0167
CDR004007,PH00193,PH01073,2026-01-01 03:30:00,1622,call,LOC0160
CDR004008,PH00156,PH01055,2026-08-12 16:45:00,869,app_message,LOC0161
CDR004009,PH00653,PH00737,2026-07-02 14:49:00,740,sms,LOC0120
CDR004010,PH00202,PH00808,2026-04-03 21:24:00,102,call,LOC0026
CDR004011,PH00442,PH01040,2026-03-29 08:50:00,1748,call,LOC0118
CDR004012,PH00532,PH00966,2026-08-06 07:45:00,2288,app_message,LOC0042
CDR004013,PH01096,PH00563,2026-02-03 13:48:00,2037,call,LOC0166
CDR004014,PH01145,PH00074,2026-08-08 13:11:00,1177,call,LOC0005
CDR004015,PH01072,PH00497,2026-05-20 19:31:00,933,app_message,LOC0033
CDR004016,PH00251,PH00445,2026-08-28 17:22:00,2295,app_message,LOC0130
CDR004017,PH01145,PH01159,2026-08-28 15:09:00,2313,app_message,LOC0165
CDR004018,PH00798,PH00267,2026-07-07 13:51:00,509,sms,LOC0067
CDR004019,PH00766,PH01134,2026-04-10 03:00:00,1968,sms,LOC0081
CDR004020,PH01183,PH00360,2026-04-02 02:52:00,99,app_message,LOC0020
CDR004021,PH00837,PH00393,2026-02-02 18:36:00,46,app_message,LOC0081
CDR004022,PH00646,PH00489,2026-02-16 14:43:00,702,call,LOC0025
CDR004023,PH00258,PH00326,2026-01-28 04:18:00,1843,call,LOC0071
CDR004024,PH00768,PH00997,2026-05-12 22:01:00,493,app_message,LOC0061
CDR004025,PH00452,PH00887,2026-05-12 08:29:00,51,call,LOC0135
CDR004026,PH00359,PH00632,2026-01-26 22:48:00,1705,app_message,LOC0140
CDR004027,PH00166,PH01198,2026-05-20 02:49:00,662,app_message,LOC0052
CDR004028,PH00375,PH00242,2026-01-21 12:23:00,1845,app_message,LOC0070
CDR004029,PH00666,PH00143,2026-08-10 15:29:00,1321,app_message,LOC0039
CDR004030,PH00599,PH00546,2026-01-21 10:45:00,450,call,LOC0131
CDR004031,PH00355,PH00552,2026-05-10 22:45:00,881,app_message,LOC0142
CDR004032,PH00670,PH00285,2026-03-24 21:26:00,851,call,LOC0135
CDR004033,PH01103,PH00483,2026-07-19 13:22:00,1749,app_message,LOC0176
CDR004034,PH01013,PH00705,2026-02-27 13:46:00,1050,app_message,LOC0115
CDR004035,PH00876,PH01012,2026-02-24 06:02:00,1723,app_message,LOC0031
CDR004036,PH00628,PH00002,2026-06-04 04:31:00,560,app_message,LOC0098
CDR004037,PH00544,PH00611,2026-08-20 17:59:00,2026,call,LOC0077
CDR004038,PH00706,PH01127,2026-02-01 08:37:00,777,sms,LOC0105
CDR004039,PH00026,PH00059,2026-04-15 15:29:00,1740,app_message,LOC0138
CDR004040,PH00721,PH00944,2026-01-23 10:08:00,1020,app_message,LOC0041
CDR004041,PH01063,PH00314,2026-04-18 15:32:00,1776,app_message,LOC0093
CDR004042,PH00678,PH00741,2026-02-07 00:43:00,402,app_message,LOC0095
CDR004043,PH00941,PH00804,2026-04-13 19:23:00,843,app_message,LOC0050
CDR004044,PH00693,PH00162,2026-05-18 01:00:00,2303,sms,LOC0118
CDR004045,PH00399,PH00705,2026-03-16 16:13:00,201,sms,LOC0012
CDR004046,PH00613,PH00537,2026-04-16 23:46:00,1570,call,LOC0014
CDR004047,PH00815,PH00266,2026-01-31 22:53:00,2318,call,LOC0052
CDR004048,PH00824,PH00609,2026-04-08 11:16:00,472,app_message,LOC0060
CDR004049,PH00775,PH00621,2026-05-26 10:40:00,2272,call,LOC0091
CDR004050,PH00594,PH00030,2026-06-23 17:45:00,1241,sms,LOC0096
CDR004051,PH00641,PH00275,2026-04-07 07:07:00,1811,sms,LOC0062
CDR004052,PH00893,PH00615,2026-03-14 06:01:00,211,call,LOC0133
CDR004053,PH00322,PH01154,2026-01-31 21:33:00,2339,sms,LOC0174
CDR004054,PH00567,PH01018,2026-05-29 06:29:00,1349,app_message,LOC0009
CDR004055,PH00478,PH00815,2026-06-10 23:16:00,596,call,LOC0163
CDR004056,PH00976,PH00361,2026-06-17 15:10:00,495,sms,LOC0127
CDR004057,PH00400,PH00098,2026-03-10 17:22:00,443,sms,LOC0103
CDR004058,PH00674,PH01052,2026-07-23 14:59:00,663,call,LOC0160
CDR004059,PH00130,PH00211,2026-05-10 19:43:00,227,sms,LOC0041
CDR004060,PH00784,PH00132,2026-02-17 22:40:00,2051,app_message,LOC0126
CDR004061,PH00473,PH00821,2026-08-08 19:23:00,1050,app_message,LOC0027
CDR004062,PH00680,PH00908,2026-08-12 01:52:00,804,sms,LOC0026
CDR004063,PH01120,PH00982,2026-06-07 04:56:00,1246,call,LOC0037
CDR004064,PH00386,PH00388,2026-07-22 02:43:00,1748,app_message,LOC0008
CDR004065,PH01067,PH00962,2026-03-07 09:54:00,1331,app_message,LOC0109
CDR004066,PH00708,PH00176,2026-02-14 10:09:00,1690,call,LOC0059
CDR004067,PH00104,PH01093,2026-03-24 09:02:00,2068,call,LOC0093
CDR004068,PH00489,PH00802,2026-03-20 09:01:00,1433,call,LOC0159
CDR004069,PH00606,PH01049,2026-03-21 11:36:00,2240,app_message,LOC0179
CDR004070,PH00951,PH00935,2026-01-07 19:56:00,1343,sms,LOC0070
CDR004071,PH00104,PH00571,2026-02-05 18:37:00,1454,call,LOC0068
CDR004072,PH00395,PH00535,2026-04-24 16:34:00,2211,sms,LOC0090
CDR004073,PH00787,PH00873,2026-03-24 02:20:00,183,call,LOC0044
CDR004074,PH00989,PH01184,2026-08-19 08:03:00,525,sms,LOC0096
CDR004075,PH01019,PH00776,2026-07-29 09:40:00,1458,sms,LOC0124
CDR004076,PH00196,PH00401,2026-07-21 06:41:00,860,sms,LOC0142
CDR004077,PH00527,PH00289,2026-02-16 17:19:00,1290,sms,LOC0051
CDR004078,PH00958,PH01127,2026-04-11 12:11:00,1212,call,LOC0144
CDR004079,PH00248,PH01001,2026-08-08 01:24:00,973,app_message,LOC0148
CDR004080,PH01089,PH01139,2026-08-22 00:31:00,1452,sms,LOC0017
CDR004081,PH00131,PH00824,2026-08-17 12:40:00,2269,app_message,LOC0070
CDR004082,PH00868,PH00575,2026-01-14 00:39:00,868,app_message,LOC0065
CDR004083,PH00149,PH00603,2026-08-05 05:18:00,2202,sms,LOC0063
CDR004084,PH00369,PH00711,2026-04-24 05:47:00,1035,sms,LOC0100
CDR004085,PH00626,PH00252,2026-01-13 12:58:00,155,app_message,LOC0065
CDR004086,PH00842,PH00752,2026-06-26 12:50:00,1511,app_message,LOC0120
CDR004087,PH00262,PH01193,2026-01-29 06:06:00,2263,sms,LOC0121
CDR004088,PH00159,PH00591,2026-04-22 05:49:00,912,app_message,LOC0041
CDR004089,PH00717,PH00690,2026-08-20 19:26:00,1872,call,LOC0074
CDR004090,PH00828,PH01099,2026-06-17 14:39:00,2180,call,LOC0127
CDR004091,PH00364,PH00931,2026-08-26 20:09:00,43,call,LOC0111
CDR004092,PH00309,PH00741,2026-06-06 22:43:00,1669,call,LOC0152
CDR004093,PH00836,PH00553,2026-04-24 02:51:00,1054,call,LOC0126
CDR004094,PH00261,PH00024,2026-01-18 00:31:00,1147,app_message,LOC0059
CDR004095,PH00991,PH00543,2026-05-07 13:29:00,2268,app_message,LOC0056
CDR004096,PH00625,PH00147,2026-01-24 03:34:00,920,call,LOC0086
CDR004097,PH00492,PH00420,2026-06-16 06:16:00,385,call,LOC0002
CDR004098,PH01056,PH00971,2026-03-17 13:02:00,1512,call,LOC0074
CDR004099,PH00834,PH00113,2026-07-13 12:03:00,1343,call,LOC0176
CDR004100,PH00315,PH00126,2026-03-17 20:11:00,1245,app_message,LOC0118
CDR004101,PH00830,PH00949,2026-07-25 23:47:00,218,call,LOC0158
CDR004102,PH01073,PH00427,2026-03-18 10:07:00,2111,sms,LOC0077
CDR004103,PH00754,PH00070,2026-01-20 20:00:00,1339,sms,LOC0100
CDR004104,PH00650,PH00120,2026-04-08 00:12:00,1541,call,LOC0020
CDR004105,PH00572,PH00723,2026-08-25 13:04:00,930,app_message,LOC0121
CDR004106,PH00326,PH00182,2026-06-27 20:29:00,2211,sms,LOC0167
CDR004107,PH00204,PH00523,2026-07-05 14:52:00,1640,call,LOC0054
CDR004108,PH00115,PH00180,2026-04-09 13:21:00,941,call,LOC0001
CDR004109,PH00837,PH00451,2026-04-26 14:19:00,86,app_message,LOC0097
CDR004110,PH01094,PH00186,2026-08-28 01:02:00,1614,app_message,LOC0058
CDR004111,PH00462,PH00503,2026-01-26 10:01:00,2324,sms,LOC0054
CDR004112,PH00673,PH01063,2026-07-12 01:30:00,1967,call,LOC0106
CDR004113,PH00461,PH00923,2026-03-04 06:29:00,35,sms,LOC0043
CDR004114,PH00013,PH01061,2026-03-21 20:57:00,289,call,LOC0041
CDR004115,PH00365,PH00867,2026-08-29 04:37:00,1482,sms,LOC0086
CDR004116,PH00385,PH00264,2026-05-09 18:12:00,1008,app_message,LOC0080
CDR004117,PH00809,PH01153,2026-01-10 20:22:00,2082,sms,LOC0005
CDR004118,PH00406,PH00727,2026-08-17 11:14:00,1857,app_message,LOC0032
CDR004119,PH00070,PH00474,2026-03-23 04:48:00,1390,app_message,LOC0026
CDR004120,PH00121,PH00869,2026-07-28 09:31:00,647,call,LOC0177
CDR004121,PH00503,PH00317,2026-01-22 01:09:00,2169,app_message,LOC0022
CDR004122,PH01131,PH00804,2026-04-10 10:21:00,322,app_message,LOC0011
CDR004123,PH00374,PH00530,2026-04-27 15:14:00,2096,app_message,LOC0168
CDR004124,PH00770,PH00791,2026-08-03 03:59:00,1722,call,LOC0024
CDR004125,PH00711,PH01072,2026-06-25 03:01:00,580,app_message,LOC0051
CDR004126,PH00187,PH00499,2026-08-19 19:29:00,2048,sms,LOC0111
CDR004127,PH00992,PH00868,2026-06-10 21:00:00,615,call,LOC0149
CDR004128,PH00850,PH01006,2026-04-21 17:44:00,1219,app_message,LOC0027
CDR004129,PH00948,PH00864,2026-07-07 16:49:00,1582,sms,LOC0024
CDR004130,PH00240,PH00447,2026-01-11 18:52:00,611,call,LOC0094
CDR004131,PH00600,PH00720,2026-08-31 17:21:00,1643,sms,LOC0149
CDR004132,PH00113,PH00606,2026-02-03 20:46:00,816,sms,LOC0028
CDR004133,PH00518,PH01173,2026-06-06 10:34:00,1362,app_message,LOC0057
CDR004134,PH00915,PH00078,2026-02-04 07:52:00,1259,app_message,LOC0112
CDR004135,PH00922,PH00200,2026-05-16 22:00:00,471,sms,LOC0100
CDR004136,PH00903,PH00721,2026-07-16 06:05:00,1780,call,LOC0079
CDR004137,PH00605,PH00362,2026-02-22 12:01:00,606,sms,LOC0177
CDR004138,PH00483,PH00406,2026-01-29 15:03:00,417,sms,LOC0107
CDR004139,PH00361,PH00101,2026-02-23 23:25:00,1543,app_message,LOC0106
CDR004140,PH00665,PH00463,2026-07-13 00:50:00,926,sms,LOC0002
CDR004141,PH01178,PH00570,2026-06-08 18:03:00,1028,app_message,LOC0058
CDR004142,PH00211,PH00485,2026-06-21 12:40:00,16,sms,LOC0092
CDR004143,PH01079,PH00702,2026-01-21 16:26:00,305,sms,LOC0120
CDR004144,PH00723,PH00034,2026-07-21 22:07:00,2194,call,LOC0175
CDR004145,PH00216,PH01173,2026-02-08 01:03:00,2057,call,LOC0042
CDR004146,PH01113,PH00943,2026-08-01 01:55:00,642,sms,LOC0113
CDR004147,PH00890,PH00701,2026-02-25 12:43:00,2359,app_message,LOC0134
CDR004148,PH00963,PH00688,2026-06-01 03:00:00,372,sms,LOC0077
CDR004149,PH00254,PH00039,2026-02-24 07:42:00,1569,sms,LOC0102
CDR004150,PH01119,PH01072,2026-02-09 01:25:00,1533,sms,LOC0043
CDR004151,PH00567,PH00538,2026-06-06 13:35:00,1556,sms,LOC0069
CDR004152,PH00453,PH00571,2026-04-11 17:45:00,1514,sms,LOC0010
CDR004153,PH01058,PH00378,2026-07-11 06:38:00,1422,app_message,LOC0116
CDR004154,PH01118,PH00955,2026-02-03 08:03:00,2169,call,LOC0010
CDR004155,PH00474,PH01085,2026-05-03 01:21:00,2320,sms,LOC0078
CDR004156,PH00883,PH00123,2026-06-16 05:55:00,215,app_message,LOC0141
CDR004157,PH00537,PH00347,2026-03-05 18:04:00,1578,sms,LOC0013
CDR004158,PH01031,PH00504,2026-06-27 16:21:00,1420,app_message,LOC0156
CDR004159,PH00366,PH00744,2026-01-24 03:51:00,1112,sms,LOC0151
CDR004160,PH00532,PH00885,2026-03-27 18:58:00,606,app_message,LOC0162
CDR004161,PH00493,PH01099,2026-03-03 04:51:00,777,sms,LOC0093
CDR004162,PH00957,PH00423,2026-08-10 12:51:00,2195,call,LOC0132
CDR004163,PH00639,PH00856,2026-01-08 07:49:00,482,sms,LOC0149
CDR004164,PH00493,PH01099,2026-06-22 06:24:00,1926,sms,LOC0035
CDR004165,PH01040,PH00714,2026-03-14 06:06:00,627,app_message,LOC0057
CDR004166,PH00532,PH01013,2026-08-20 10:01:00,1446,app_message,LOC0084
CDR004167,PH00078,PH00559,2026-04-29 03:58:00,1372,call,LOC0026
CDR004168,PH00343,PH00736,2026-03-16 12:55:00,1608,sms,LOC0038
CDR004169,PH01020,PH00453,2026-05-11 00:56:00,1983,call,LOC0122
CDR004170,PH00906,PH01033,2026-07-05 18:16:00,1597,call,LOC0166
CDR004171,PH00044,PH00549,2026-03-27 06:58:00,1451,app_message,LOC0068
CDR004172,PH00420,PH01176,2026-03-30 15:55:00,1998,app_message,LOC0103
CDR004173,PH01138,PH00346,2026-03-08 12:56:00,1685,app_message,LOC0021
CDR004174,PH00782,PH00951,2026-06-30 08:12:00,980,call,LOC0083
CDR004175,PH00064,PH00245,2026-02-04 20:43:00,1511,app_message,LOC0081
CDR004176,PH00591,PH00694,2026-01-09 16:41:00,649,app_message,LOC0165
CDR004177,PH00778,PH00673,2026-07-24 05:50:00,2298,sms,LOC0004
CDR004178,PH00456,PH01141,2026-06-06 01:01:00,968,call,LOC0115
CDR004179,PH00474,PH00389,2026-04-20 03:47:00,1053,sms,LOC0022
CDR004180,PH00543,PH01060,2026-06-24 22:48:00,1337,app_message,LOC0044
CDR004181,PH00199,PH00309,2026-05-10 14:50:00,1079,app_message,LOC0005
CDR004182,PH00112,PH00976,2026-08-02 15:42:00,1479,app_message,LOC0005
CDR004183,PH00531,PH00376,2026-04-07 11:11:00,832,sms,LOC0111
CDR004184,PH00605,PH00518,2026-04-15 22:00:00,1502,call,LOC0139
CDR004185,PH00681,PH00565,2026-07-20 00:39:00,527,app_message,LOC0084
CDR004186,PH00938,PH00167,2026-04-13 07:00:00,2364,sms,LOC0041
CDR004187,PH00672,PH00910,2026-07-05 07:55:00,2241,sms,LOC0079
CDR004188,PH00569,PH01005,2026-07-19 04:50:00,568,sms,LOC0022
CDR004189,PH00354,PH00010,2026-01-01 09:45:00,1913,app_message,LOC0133
CDR004190,PH00691,PH00178,2026-05-02 18:11:00,619,sms,LOC0056
CDR004191,PH00465,PH00221,2026-03-21 22:15:00,989,call,LOC0107
CDR004192,PH00094,PH00753,2026-01-25 19:40:00,824,call,LOC0094
CDR004193,PH00976,PH00267,2026-03-10 20:16:00,1825,app_message,LOC0112
CDR004194,PH00431,PH01031,2026-01-06 16:44:00,1563,app_message,LOC0108
CDR004195,PH01164,PH00805,2026-08-14 04:07:00,2014,call,LOC0061
CDR004196,PH01152,PH01118,2026-06-08 00:30:00,84,app_message,LOC0062
CDR004197,PH00286,PH01117,2026-02-01 19:01:00,992,call,LOC0106
CDR004198,PH01145,PH00988,2026-08-17 13:57:00,1258,app_message,LOC0109
CDR004199,PH00543,PH01125,2026-05-22 14:09:00,2245,call,LOC0023
CDR004200,PH00642,PH00188,2026-03-05 11:28:00,1202,call,LOC0029
CDR004201,PH00366,PH01115,2026-02-27 10:41:00,1542,call,LOC0036
CDR004202,PH00393,PH01086,2026-02-22 21:00:00,1939,app_message,LOC0137
CDR004203,PH00694,PH00629,2026-05-15 11:45:00,2054,sms,LOC0010
CDR004204,PH01063,PH00192,2026-07-29 17:36:00,2121,call,LOC0018
CDR004205,PH00852,PH00053,2026-06-05 16:58:00,1352,call,LOC0022
CDR004206,PH00050,PH00363,2026-08-29 08:32:00,468,call,LOC0083
CDR004207,PH00993,PH00519,2026-07-11 17:17:00,2023,app_message,LOC0175
CDR004208,PH00440,PH00960,2026-05-31 06:36:00,1928,call,LOC0077
CDR004209,PH00657,PH00989,2026-05-22 05:17:00,2237,app_message,LOC0049
CDR004210,PH00983,PH00789,2026-07-28 16:52:00,2122,sms,LOC0146
CDR004211,PH00931,PH00592,2026-03-27 12:28:00,46,call,LOC0025
CDR004212,PH00883,PH01018,2026-06-23 15:45:00,1059,sms,LOC0149
CDR004213,PH00525,PH00608,2026-02-08 09:57:00,129,app_message,LOC0117
CDR004214,PH01084,PH01151,2026-07-20 04:42:00,201,call,LOC0162
CDR004215,PH00425,PH00672,2026-03-07 10:41:00,1573,app_message,LOC0153
CDR004216,PH00312,PH00449,2026-07-04 15:25:00,2233,app_message,LOC0121
CDR004217,PH01141,PH00760,2026-02-09 20:46:00,842,app_message,LOC0096
CDR004218,PH01173,PH00837,2026-02-17 01:41:00,682,app_message,LOC0169
CDR004219,PH00206,PH00276,2026-08-21 17:18:00,2043,app_message,LOC0103
CDR004220,PH00764,PH00660,2026-01-19 03:28:00,73,call,LOC0015
CDR004221,PH00354,PH01036,2026-07-27 06:09:00,1104,sms,LOC0100
CDR004222,PH00626,PH00508,2026-06-21 06:00:00,2105,call,LOC0038
CDR004223,PH00507,PH00938,2026-06-01 09:37:00,940,app_message,LOC0168
CDR004224,PH00354,PH01158,2026-07-13 09:27:00,2152,call,LOC0060
CDR004225,PH00678,PH00499,2026-07-05 04:26:00,2303,app_message,LOC0075
CDR004226,PH00820,PH00785,2026-08-12 22:35:00,2149,sms,LOC0157
CDR004227,PH00023,PH00392,2026-04-11 22:42:00,1017,app_message,LOC0167
CDR004228,PH00547,PH00920,2026-01-03 02:23:00,1326,sms,LOC0032
CDR004229,PH00518,PH01114,2026-07-22 23:30:00,2217,app_message,LOC0162
CDR004230,PH00285,PH00045,2026-08-13 04:12:00,474,call,LOC0092
CDR004231,PH00301,PH00802,2026-07-06 00:43:00,470,sms,LOC0108
CDR004232,PH00963,PH00654,2026-02-20 04:45:00,509,call,LOC0109
CDR004233,PH00125,PH00815,2026-08-10 08:29:00,2192,call,LOC0064
CDR004234,PH00721,PH00229,2026-05-30 19:55:00,963,call,LOC0080
CDR004235,PH01178,PH00453,2026-07-07 03:15:00,2158,sms,LOC0175
CDR004236,PH01035,PH00967,2026-08-01 21:03:00,1419,sms,LOC0012
CDR004237,PH01013,PH00446,2026-05-27 16:27:00,2309,app_message,LOC0041
CDR004238,PH00169,PH00200,2026-07-28 19:15:00,1911,call,LOC0090
CDR004239,PH01019,PH00872,2026-07-20 06:35:00,1133,app_message,LOC0006
CDR004240,PH00522,PH00255,2026-02-05 20:50:00,671,sms,LOC0026
CDR004241,PH00211,PH00381,2026-02-02 13:40:00,1099,sms,LOC0158
CDR004242,PH00903,PH00332,2026-05-24 07:17:00,1681,call,LOC0152
CDR004243,PH00027,PH01039,2026-04-02 20:37:00,88,call,LOC0133
CDR004244,PH01124,PH00515,2026-04-30 22:41:00,1761,app_message,LOC0020
CDR004245,PH00507,PH00190,2026-06-14 09:12:00,313,call,LOC0151
CDR004246,PH01066,PH00050,2026-06-15 07:33:00,86,sms,LOC0130
CDR004247,PH00380,PH00145,2026-01-27 22:21:00,2366,call,LOC0040
CDR004248,PH00644,PH00751,2026-06-11 11:59:00,23,call,LOC0095
CDR004249,PH00235,PH00223,2026-08-20 21:49:00,421,app_message,LOC0095
CDR004250,PH00093,PH00590,2026-04-23 02:47:00,1150,sms,LOC0098
CDR004251,PH01110,PH00398,2026-02-20 00:43:00,350,sms,LOC0002
CDR004252,PH00239,PH00480,2026-01-26 03:34:00,291,app_message,LOC0017
CDR004253,PH01156,PH00719,2026-05-14 23:59:00,1246,app_message,LOC0127
CDR004254,PH01166,PH01081,2026-01-08 19:27:00,2119,call,LOC0029
CDR004255,PH00799,PH00145,2026-01-17 23:27:00,1364,call,LOC0006
CDR004256,PH00757,PH00882,2026-03-01 12:34:00,594,app_message,LOC0026
CDR004257,PH00479,PH00713,2026-04-09 23:34:00,1985,app_message,LOC0061
CDR004258,PH00678,PH00961,2026-07-30 00:30:00,761,sms,LOC0108
CDR004259,PH00933,PH00163,2026-05-22 21:24:00,2037,app_message,LOC0032
CDR004260,PH00696,PH00565,2026-01-31 07:53:00,1272,call,LOC0053
CDR004261,PH01037,PH00127,2026-03-20 18:24:00,2193,sms,LOC0123
CDR004262,PH00106,PH00782,2026-02-20 17:48:00,17,sms,LOC0023
CDR004263,PH00414,PH01002,2026-08-29 09:45:00,2175,app_message,LOC0121
CDR004264,PH00035,PH00598,2026-08-20 01:49:00,96,app_message,LOC0106
CDR004265,PH00621,PH00471,2026-01-17 12:42:00,89,sms,LOC0038
CDR004266,PH01113,PH00760,2026-02-20 00:49:00,1872,sms,LOC0126
CDR004267,PH01188,PH00104,2026-04-26 01:00:00,1617,sms,LOC0160
CDR004268,PH00099,PH00134,2026-05-18 03:51:00,236,app_message,LOC0168
CDR004269,PH00600,PH00477,2026-02-16 06:02:00,172,app_message,LOC0070
CDR004270,PH00371,PH00866,2026-02-01 22:32:00,1990,call,LOC0088
CDR004271,PH00641,PH00001,2026-04-20 01:32:00,420,sms,LOC0146
CDR004272,PH00260,PH00906,2026-03-12 19:39:00,1754,app_message,LOC0152
CDR004273,PH00609,PH00230,2026-06-29 04:28:00,2396,sms,LOC0105
CDR004274,PH00994,PH00501,2026-01-13 17:26:00,1265,sms,LOC0008
CDR004275,PH01075,PH00949,2026-06-11 11:35:00,588,app_message,LOC0133
CDR004276,PH00319,PH00983,2026-02-15 16:48:00,1601,app_message,LOC0104
CDR004277,PH00992,PH00606,2026-03-11 02:00:00,1938,sms,LOC0138
CDR004278,PH00333,PH00769,2026-06-21 09:16:00,1941,call,LOC0036
CDR004279,PH00102,PH00523,2026-03-29 15:56:00,2115,sms,LOC0109
CDR004280,PH00696,PH00031,2026-07-16 07:41:00,55,call,LOC0056
CDR004281,PH00732,PH00490,2026-06-08 08:14:00,741,sms,LOC0048
CDR004282,PH00363,PH00209,2026-05-21 16:18:00,1071,call,LOC0063
CDR004283,PH00094,PH00152,2026-08-31 11:16:00,2181,sms,LOC0067
CDR004284,PH01114,PH00253,2026-04-06 00:18:00,354,call,LOC0168
CDR004285,PH01037,PH01128,2026-05-05 02:17:00,922,sms,LOC0092
CDR004286,PH00091,PH00632,2026-03-18 22:14:00,1205,sms,LOC0150
CDR004287,PH00394,PH00553,2026-05-14 11:37:00,835,sms,LOC0098
CDR004288,PH00054,PH01019,2026-08-29 20:37:00,1638,call,LOC0175
CDR004289,PH00571,PH00926,2026-05-15 12:22:00,1407,app_message,LOC0031
CDR004290,PH00869,PH00393,2026-01-01 02:23:00,63,call,LOC0144
CDR004291,PH01034,PH01019,2026-01-20 13:43:00,1230,app_message,LOC0051
CDR004292,PH00119,PH01108,2026-01-31 18:24:00,856,app_message,LOC0013
CDR004293,PH00290,PH00743,2026-06-04 05:37:00,1994,sms,LOC0121
CDR004294,PH00948,PH00532,2026-04-26 01:16:00,2188,call,LOC0070
CDR004295,PH00960,PH00479,2026-05-07 06:10:00,1048,sms,LOC0069
CDR004296,PH01090,PH00170,2026-01-15 11:28:00,1913,app_message,LOC0027
CDR004297,PH00193,PH01135,2026-02-23 16:11:00,1646,app_message,LOC0015
CDR004298,PH00770,PH00818,2026-06-23 08:36:00,205,app_message,LOC0101
CDR004299,PH00473,PH00822,2026-06-24 23:23:00,719,sms,LOC0175
CDR004300,PH00486,PH00868,2026-04-25 20:35:00,847,sms,LOC0101
CDR004301,PH00422,PH01064,2026-03-28 09:11:00,1839,app_message,LOC0166
CDR004302,PH00866,PH00726,2026-03-02 23:09:00,1001,app_message,LOC0150
CDR004303,PH00086,PH00723,2026-03-17 06:49:00,1698,sms,LOC0163
CDR004304,PH00916,PH01062,2026-08-04 12:43:00,1162,sms,LOC0178
CDR004305,PH00287,PH00379,2026-08-23 05:15:00,1671,app_message,LOC0139
CDR004306,PH00815,PH00868,2026-06-23 05:53:00,563,sms,LOC0030
CDR004307,PH01123,PH00658,2026-08-01 13:11:00,1002,app_message,LOC0137
CDR004308,PH00856,PH00871,2026-05-31 02:33:00,525,sms,LOC0073
CDR004309,PH00924,PH00202,2026-01-02 03:07:00,563,app_message,LOC0095
CDR004310,PH01084,PH00307,2026-02-10 15:22:00,759,sms,LOC0168
CDR004311,PH00041,PH00152,2026-02-14 16:01:00,1313,call,LOC0157
CDR004312,PH00220,PH01136,2026-01-18 12:15:00,1354,app_message,LOC0171
CDR004313,PH00056,PH00833,2026-06-03 09:29:00,1258,call,LOC0036
CDR004314,PH00946,PH01032,2026-06-19 05:49:00,833,call,LOC0012
CDR004315,PH00291,PH01130,2026-03-08 12:17:00,116,sms,LOC0018
CDR004316,PH00796,PH00533,2026-01-20 12:45:00,644,sms,LOC0091
CDR004317,PH00850,PH00789,2026-07-18 05:18:00,1956,app_message,LOC0149
CDR004318,PH01170,PH00934,2026-02-24 07:36:00,317,call,LOC0082
CDR004319,PH00860,PH00667,2026-07-09 12:15:00,803,sms,LOC0096
CDR004320,PH00616,PH00077,2026-07-12 01:55:00,1963,app_message,LOC0174
CDR004321,PH00907,PH00680,2026-01-11 16:25:00,1922,app_message,LOC0115
CDR004322,PH00254,PH00047,2026-06-21 06:53:00,1983,call,LOC0018
CDR004323,PH01185,PH00340,2026-01-18 04:59:00,587,call,LOC0012
CDR004324,PH00236,PH00694,2026-02-20 12:10:00,1054,sms,LOC0112
CDR004325,PH00811,PH00971,2026-08-02 12:20:00,630,call,LOC0148
CDR004326,PH00533,PH01187,2026-07-08 01:29:00,817,app_message,LOC0080
CDR004327,PH00080,PH00805,2026-07-30 02:30:00,1165,sms,LOC0129
CDR004328,PH00894,PH00876,2026-08-10 03:08:00,164,app_message,LOC0128
CDR004329,PH01113,PH00947,2026-03-24 18:05:00,1866,sms,LOC0021
CDR004330,PH00164,PH00731,2026-01-29 15:25:00,738,call,LOC0112
CDR004331,PH00589,PH00006,2026-04-24 17:21:00,631,sms,LOC0086
CDR004332,PH00988,PH00151,2026-04-11 05:55:00,888,sms,LOC0138
CDR004333,PH00511,PH00266,2026-08-09 23:14:00,1659,sms,LOC0095
CDR004334,PH00602,PH00881,2026-08-10 01:30:00,1095,app_message,LOC0114
CDR004335,PH00004,PH00091,2026-03-07 23:04:00,481,sms,LOC0076
CDR004336,PH00680,PH01197,2026-07-11 09:55:00,702,sms,LOC0049
CDR004337,PH00212,PH00588,2026-06-28 16:31:00,65,sms,LOC0153
CDR004338,PH00067,PH01134,2026-03-01 15:04:00,2105,sms,LOC0067
CDR004339,PH01180,PH00275,2026-04-20 15:21:00,1247,app_message,LOC0060
CDR004340,PH00449,PH00469,2026-05-27 07:46:00,1020,call,LOC0014
CDR004341,PH00490,PH00397,2026-01-24 16:57:00,1913,sms,LOC0022
CDR004342,PH00393,PH00803,2026-01-19 04:51:00,504,call,LOC0029
CDR004343,PH00728,PH00990,2026-05-25 16:19:00,1225,sms,LOC0020
CDR004344,PH00368,PH00255,2026-04-06 06:00:00,2335,sms,LOC0035
CDR004345,PH00983,PH00763,2026-01-17 23:59:00,2379,sms,LOC0066
CDR004346,PH00620,PH00531,2026-03-15 20:38:00,2063,sms,LOC0097
CDR004347,PH00631,PH00917,2026-07-25 22:13:00,397,sms,LOC0002
CDR004348,PH00573,PH00730,2026-06-27 08:02:00,166,call,LOC0178
CDR004349,PH00460,PH01087,2026-07-13 21:11:00,2028,call,LOC0137
CDR004350,PH00119,PH01108,2026-04-08 02:37:00,190,call,LOC0151
CDR004351,PH00424,PH00179,2026-01-06 18:33:00,2020,app_message,LOC0061
CDR004352,PH00850,PH01148,2026-02-28 04:03:00,885,sms,LOC0110
CDR004353,PH00517,PH00012,2026-02-18 17:27:00,1453,sms,LOC0053
CDR004354,PH01088,PH00863,2026-02-14 11:07:00,514,app_message,LOC0090
CDR004355,PH00239,PH00107,2026-05-06 00:56:00,2213,call,LOC0009
CDR004356,PH00233,PH00167,2026-08-17 13:50:00,631,sms,LOC0031
CDR004357,PH00426,PH00318,2026-01-18 06:55:00,1085,sms,LOC0062
CDR004358,PH00567,PH00595,2026-04-14 21:49:00,415,app_message,LOC0078
CDR004359,PH00621,PH01170,2026-08-13 14:08:00,646,call,LOC0058
CDR004360,PH01126,PH00651,2026-07-09 23:43:00,1059,app_message,LOC0130
CDR004361,PH00860,PH00917,2026-08-15 07:39:00,1679,call,LOC0142
CDR004362,PH00424,PH00456,2026-04-21 11:05:00,1875,call,LOC0071
CDR004363,PH00684,PH01158,2026-05-13 18:16:00,22,call,LOC0065
CDR004364,PH01181,PH01132,2026-02-02 08:38:00,1135,call,LOC0108
CDR004365,PH00502,PH00806,2026-05-14 23:18:00,680,sms,LOC0028
CDR004366,PH01082,PH00356,2026-06-01 04:12:00,722,call,LOC0017
CDR004367,PH00968,PH00554,2026-01-02 06:09:00,517,sms,LOC0065
CDR004368,PH00567,PH00677,2026-01-21 05:24:00,1922,app_message,LOC0179
CDR004369,PH00011,PH01013,2026-03-11 01:48:00,2183,sms,LOC0153
CDR004370,PH01189,PH00599,2026-01-01 07:55:00,1034,app_message,LOC0077
CDR004371,PH00410,PH00927,2026-06-19 01:44:00,1431,sms,LOC0099
CDR004372,PH00822,PH00430,2026-08-16 16:18:00,1981,call,LOC0093
CDR004373,PH00415,PH00613,2026-04-13 22:38:00,2348,app_message,LOC0143
CDR004374,PH00875,PH00954,2026-03-14 06:29:00,374,sms,LOC0080
CDR004375,PH00259,PH00173,2026-03-06 05:18:00,40,sms,LOC0131
CDR004376,PH00054,PH00704,2026-05-19 08:55:00,1702,app_message,LOC0066
CDR004377,PH00818,PH00791,2026-06-26 17:43:00,453,app_message,LOC0121
CDR004378,PH00391,PH01030,2026-03-09 22:53:00,450,call,LOC0136
CDR004379,PH00292,PH00672,2026-04-13 23:33:00,2292,app_message,LOC0122
CDR004380,PH00526,PH00628,2026-03-16 06:04:00,1764,app_message,LOC0061
CDR004381,PH01002,PH00053,2026-08-10 22:30:00,1163,app_message,LOC0116
CDR004382,PH00296,PH00521,2026-07-28 22:22:00,631,app_message,LOC0130
CDR004383,PH00309,PH00302,2026-02-18 10:55:00,2273,call,LOC0066
CDR004384,PH00117,PH00468,2026-06-17 17:34:00,1095,call,LOC0062
CDR004385,PH00968,PH01185,2026-06-01 16:14:00,1068,app_message,LOC0133
CDR004386,PH00972,PH00346,2026-06-16 01:04:00,1737,sms,LOC0068
CDR004387,PH00511,PH00472,2026-08-16 14:49:00,906,call,LOC0074
CDR004388,PH00388,PH00703,2026-04-22 22:23:00,2202,call,LOC0152
CDR004389,PH00051,PH00882,2026-02-28 23:07:00,724,call,LOC0172
CDR004390,PH00839,PH00152,2026-03-30 15:58:00,284,call,LOC0117
CDR004391,PH00342,PH00795,2026-08-01 23:15:00,2041,app_message,LOC0029
CDR004392,PH01169,PH00559,2026-03-24 21:08:00,508,app_message,LOC0163
CDR004393,PH00383,PH00146,2026-04-19 01:49:00,383,sms,LOC0040
CDR004394,PH00537,PH01005,2026-07-27 05:34:00,2133,sms,LOC0089
CDR004395,PH00940,PH01007,2026-02-06 11:32:00,391,app_message,LOC0158
CDR004396,PH00472,PH00373,2026-03-12 00:16:00,1134,call,LOC0160
CDR004397,PH00353,PH00825,2026-03-21 14:03:00,2086,call,LOC0040
CDR004398,PH01196,PH00020,2026-04-29 13:43:00,2037,sms,LOC0139
CDR004399,PH00102,PH00862,2026-01-27 19:33:00,553,call,LOC0075
CDR004400,PH00950,PH01016,2026-03-05 04:12:00,1711,sms,LOC0040
CDR004401,PH00972,PH00928,2026-07-29 03:42:00,2143,app_message,LOC0111
CDR004402,PH00366,PH00616,2026-02-04 20:55:00,1132,call,LOC0131
CDR004403,PH00972,PH00303,2026-06-28 05:02:00,755,sms,LOC0095
CDR004404,PH00522,PH01058,2026-07-09 00:59:00,1716,app_message,LOC0096
CDR004405,PH01108,PH00683,2026-06-20 10:43:00,2098,app_message,LOC0002
CDR004406,PH00990,PH00616,2026-03-30 00:34:00,241,app_message,LOC0074
CDR004407,PH00367,PH00546,2026-05-26 04:33:00,1377,call,LOC0064
CDR004408,PH00932,PH01082,2026-04-06 15:24:00,1124,app_message,LOC0047
CDR004409,PH00281,PH01046,2026-08-27 05:13:00,1766,sms,LOC0140
CDR004410,PH00706,PH00279,2026-08-14 01:21:00,1143,sms,LOC0087
CDR004411,PH00958,PH00428,2026-02-09 11:09:00,1516,sms,LOC0117
CDR004412,PH00080,PH00347,2026-06-23 05:43:00,280,call,LOC0172
CDR004413,PH00907,PH00461,2026-05-07 00:48:00,1139,sms,LOC0130
CDR004414,PH00525,PH00656,2026-03-02 19:22:00,590,sms,LOC0061
CDR004415,PH00632,PH00579,2026-07-27 00:54:00,716,app_message,LOC0010
CDR004416,PH01086,PH00574,2026-07-20 18:14:00,833,app_message,LOC0050
CDR004417,PH00742,PH00162,2026-03-30 15:44:00,236,call,LOC0089
CDR004418,PH00745,PH00246,2026-02-19 19:05:00,1087,app_message,LOC0115
CDR004419,PH00895,PH00449,2026-08-30 10:09:00,229,app_message,LOC0024
CDR004420,PH00457,PH00755,2026-05-06 07:58:00,1546,sms,LOC0008
CDR004421,PH00974,PH00024,2026-02-19 14:35:00,1129,sms,LOC0160
CDR004422,PH00679,PH00731,2026-02-03 08:08:00,1597,call,LOC0092
CDR004423,PH00247,PH00722,2026-08-03 13:59:00,367,call,LOC0179
CDR004424,PH00982,PH00925,2026-08-05 20:30:00,113,app_message,LOC0067
CDR004425,PH01161,PH00618,2026-04-10 07:08:00,2136,app_message,LOC0158
CDR004426,PH01038,PH00540,2026-05-29 04:26:00,2079,app_message,LOC0149
CDR004427,PH00785,PH00696,2026-08-05 20:49:00,248,sms,LOC0059
CDR004428,PH00806,PH00123,2026-06-22 14:15:00,1546,app_message,LOC0048
CDR004429,PH01067,PH00756,2026-06-15 13:09:00,1157,app_message,LOC0137
CDR004430,PH00505,PH01000,2026-06-06 05:29:00,1481,call,LOC0103
CDR004431,PH00204,PH00299,2026-05-17 18:16:00,337,sms,LOC0033
CDR004432,PH00456,PH01110,2026-01-23 01:38:00,33,sms,LOC0030
CDR004433,PH00301,PH00312,2026-04-24 11:20:00,1001,app_message,LOC0175
CDR004434,PH01120,PH01139,2026-03-20 14:26:00,182,call,LOC0169
CDR004435,PH00754,PH01123,2026-07-04 07:57:00,2198,call,LOC0096
CDR004436,PH00214,PH01192,2026-04-27 03:06:00,1373,sms,LOC0089
CDR004437,PH00882,PH00256,2026-04-12 05:31:00,1052,sms,LOC0125
CDR004438,PH00171,PH00884,2026-08-27 11:26:00,2230,call,LOC0059
CDR004439,PH00079,PH00233,2026-05-02 09:46:00,2060,app_message,LOC0043
CDR004440,PH01119,PH01065,2026-04-09 00:47:00,1779,call,LOC0031
CDR004441,PH01159,PH00050,2026-01-20 00:40:00,1869,app_message,LOC0027
CDR004442,PH00674,PH00172,2026-06-22 10:13:00,2291,call,LOC0150
CDR004443,PH00388,PH01014,2026-02-17 12:40:00,1195,call,LOC0177
CDR004444,PH00424,PH00808,2026-07-08 21:55:00,2092,sms,LOC0162
CDR004445,PH00904,PH00580,2026-01-03 02:37:00,374,sms,LOC0131
CDR004446,PH00036,PH00655,2026-07-23 15:47:00,1096,app_message,LOC0045
CDR004447,PH00509,PH00387,2026-08-15 05:54:00,188,app_message,LOC0024
CDR004448,PH00721,PH00181,2026-05-18 05:00:00,1891,sms,LOC0003
CDR004449,PH01159,PH00079,2026-08-03 03:58:00,117,app_message,LOC0018
CDR004450,PH00780,PH01099,2026-03-19 00:04:00,93,call,LOC0148
CDR004451,PH00019,PH01134,2026-06-26 21:26:00,1584,app_message,LOC0044
CDR004452,PH00574,PH00630,2026-05-17 00:26:00,333,app_message,LOC0040
CDR004453,PH00909,PH00432,2026-03-07 21:21:00,822,sms,LOC0084
CDR004454,PH00039,PH00831,2026-07-09 18:50:00,2200,call,LOC0141
CDR004455,PH00248,PH00609,2026-03-08 23:45:00,1438,sms,LOC0101
CDR004456,PH00137,PH01095,2026-02-11 02:59:00,655,app_message,LOC0134
CDR004457,PH00935,PH00271,2026-05-04 15:15:00,1738,call,LOC0021
CDR004458,PH01138,PH00964,2026-01-16 16:54:00,481,call,LOC0151
CDR004459,PH00203,PH00576,2026-07-06 15:54:00,540,sms,LOC0064
CDR004460,PH01084,PH00937,2026-04-26 22:01:00,776,call,LOC0136
CDR004461,PH00717,PH00785,2026-04-24 03:27:00,1802,sms,LOC0018
CDR004462,PH00758,PH00557,2026-07-22 06:45:00,397,call,LOC0011
CDR004463,PH00358,PH00110,2026-06-16 06:59:00,784,app_message,LOC0049
CDR004464,PH00653,PH00974,2026-06-21 22:23:00,1847,call,LOC0008
CDR004465,PH01141,PH00331,2026-04-08 18:39:00,329,sms,LOC0116
CDR004466,PH00889,PH00471,2026-05-09 05:40:00,1465,sms,LOC0022
CDR004467,PH00875,PH00640,2026-06-25 04:36:00,2053,call,LOC0104
CDR004468,PH00617,PH00358,2026-03-31 07:29:00,387,app_message,LOC0030
CDR004469,PH00019,PH00745,2026-07-07 15:17:00,2336,sms,LOC0070
CDR004470,PH00917,PH00410,2026-05-08 15:13:00,2351,app_message,LOC0021
CDR004471,PH00984,PH00518,2026-05-08 10:52:00,2175,call,LOC0121
CDR004472,PH00965,PH00135,2026-07-03 00:37:00,1382,app_message,LOC0067
CDR004473,PH00377,PH00901,2026-02-05 18:56:00,1123,sms,LOC0063
CDR004474,PH00554,PH00680,2026-06-16 12:37:00,97,sms,LOC0100
CDR004475,PH00168,PH00751,2026-08-24 22:42:00,310,app_message,LOC0059
CDR004476,PH01074,PH00077,2026-07-11 10:24:00,2361,app_message,LOC0169
CDR004477,PH00579,PH00908,2026-03-25 07:13:00,2295,app_message,LOC0089
CDR004478,PH00560,PH00964,2026-05-13 07:52:00,1635,sms,LOC0073
CDR004479,PH00722,PH00565,2026-02-19 01:13:00,818,sms,LOC0163
CDR004480,PH00389,PH00275,2026-01-02 20:18:00,1056,call,LOC0063
CDR004481,PH00714,PH00984,2026-06-16 17:36:00,1298,app_message,LOC0150
CDR004482,PH00846,PH00814,2026-08-09 02:30:00,836,call,LOC0019
CDR004483,PH00010,PH00130,2026-08-23 12:30:00,1983,app_message,LOC0151
CDR004484,PH01030,PH00367,2026-08-21 15:41:00,2080,call,LOC0105
CDR004485,PH00070,PH01094,2026-02-27 04:13:00,229,call,LOC0069
CDR004486,PH00421,PH00905,2026-03-22 09:33:00,1481,app_message,LOC0019
CDR004487,PH00101,PH00272,2026-03-21 00:38:00,272,app_message,LOC0144
CDR004488,PH00310,PH00492,2026-01-08 23:44:00,1801,call,LOC0141
CDR004489,PH00961,PH00499,2026-04-12 03:58:00,384,sms,LOC0034
CDR004490,PH00240,PH00035,2026-06-22 18:20:00,2055,app_message,LOC0162
CDR004491,PH00397,PH00378,2026-08-03 17:19:00,2228,call,LOC0082
CDR004492,PH01012,PH01042,2026-06-25 10:42:00,2113,app_message,LOC0152
CDR004493,PH00327,PH00933,2026-06-16 16:44:00,2076,sms,LOC0067
CDR004494,PH00678,PH00745,2026-06-06 14:26:00,2071,sms,LOC0061
CDR004495,PH00397,PH00880,2026-06-26 11:12:00,2200,sms,LOC0007
CDR004496,PH01031,PH01089,2026-04-08 06:20:00,2339,app_message,LOC0131
CDR004497,PH00383,PH01197,2026-03-05 01:59:00,2303,sms,LOC0091
CDR004498,PH00653,PH01116,2026-04-10 20:32:00,1169,app_message,LOC0155
CDR004499,PH00181,PH00595,2026-04-27 01:29:00,433,sms,LOC0132
CDR004500,PH00572,PH00749,2026-02-23 12:02:00,459,app_message,LOC0063
CDR004501,PH00752,PH00854,2026-03-08 21:34:00,1524,call,LOC0071
CDR004502,PH01162,PH01147,2026-01-12 18:43:00,815,sms,LOC0086
CDR004503,PH00085,PH00334,2026-03-24 04:11:00,45,sms,LOC0110
CDR004504,PH00374,PH00140,2026-02-14 06:26:00,1218,call,LOC0011
CDR004505,PH00403,PH00927,2026-06-16 06:29:00,1619,app_message,LOC0042
CDR004506,PH01058,PH00743,2026-02-06 15:40:00,2211,call,LOC0078
CDR004507,PH00486,PH00266,2026-01-10 19:46:00,143,sms,LOC0132
CDR004508,PH00073,PH00537,2026-05-15 18:51:00,707,call,LOC0106
CDR004509,PH00361,PH00008,2026-01-08 06:02:00,1643,app_message,LOC0036
CDR004510,PH00893,PH00346,2026-08-08 00:08:00,1095,sms,LOC0150
CDR004511,PH00237,PH00052,2026-03-05 09:20:00,1748,app_message,LOC0077
CDR004512,PH00687,PH00696,2026-04-17 17:31:00,2218,app_message,LOC0172
CDR004513,PH01106,PH00697,2026-08-15 15:43:00,1627,sms,LOC0055
CDR004514,PH00156,PH00429,2026-05-09 21:07:00,571,sms,LOC0103
CDR004515,PH00987,PH00932,2026-06-09 02:07:00,1963,call,LOC0051
CDR004516,PH00133,PH00140,2026-08-05 10:01:00,1217,call,LOC0115
CDR004517,PH00989,PH00360,2026-07-20 09:58:00,1614,app_message,LOC0173
CDR004518,PH01170,PH01048,2026-06-11 17:50:00,2211,call,LOC0127
CDR004519,PH01092,PH01110,2026-07-20 22:36:00,1159,app_message,LOC0046
CDR004520,PH00473,PH00987,2026-02-11 11:02:00,544,call,LOC0027
CDR004521,PH00313,PH00902,2026-05-20 07:42:00,1719,call,LOC0077
CDR004522,PH00567,PH00883,2026-05-13 13:30:00,1276,app_message,LOC0115
CDR004523,PH00514,PH00304,2026-05-26 02:16:00,527,app_message,LOC0107
CDR004524,PH01109,PH00440,2026-05-19 09:17:00,1144,sms,LOC0020
CDR004525,PH01002,PH00053,2026-06-30 17:04:00,790,call,LOC0169
CDR004526,PH00902,PH00756,2026-07-23 18:03:00,640,call,LOC0079
CDR004527,PH00949,PH01006,2026-03-15 03:26:00,1782,sms,LOC0128
CDR004528,PH01112,PH00183,2026-05-21 23:59:00,767,sms,LOC0031
CDR004529,PH01043,PH00889,2026-02-18 06:38:00,1525,sms,LOC0055
CDR004530,PH00802,PH00649,2026-03-04 18:44:00,455,call,LOC0060
CDR004531,PH00178,PH00491,2026-03-11 06:49:00,1821,call,LOC0063
CDR004532,PH01016,PH00920,2026-07-30 00:36:00,2056,app_message,LOC0115
CDR004533,PH01017,PH00276,2026-06-30 19:24:00,284,app_message,LOC0017
CDR004534,PH00696,PH00252,2026-08-11 04:16:00,2004,app_message,LOC0163
CDR004535,PH00730,PH00252,2026-04-14 05:09:00,461,app_message,LOC0117
CDR004536,PH01138,PH00230,2026-05-09 08:11:00,2375,app_message,LOC0107
CDR004537,PH00230,PH00315,2026-08-28 05:34:00,276,app_message,LOC0144
CDR004538,PH00636,PH00983,2026-03-22 20:15:00,2090,sms,LOC0069
CDR004539,PH00927,PH00868,2026-04-25 04:16:00,1690,sms,LOC0109
CDR004540,PH00770,PH00542,2026-07-31 13:46:00,614,call,LOC0097
CDR004541,PH01148,PH00475,2026-01-30 01:55:00,43,sms,LOC0117
CDR004542,PH00754,PH00304,2026-07-25 09:33:00,734,call,LOC0056
CDR004543,PH00778,PH01002,2026-02-06 21:41:00,2041,call,LOC0009
CDR004544,PH00031,PH00295,2026-04-07 22:14:00,1767,sms,LOC0143
CDR004545,PH00914,PH00902,2026-02-17 18:17:00,1632,sms,LOC0025
CDR004546,PH00327,PH00401,2026-05-29 04:03:00,2109,sms,LOC0057
CDR004547,PH00502,PH00475,2026-07-19 10:07:00,584,sms,LOC0104
CDR004548,PH00874,PH01187,2026-03-08 14:38:00,1608,sms,LOC0124
CDR004549,PH01079,PH00485,2026-02-25 21:13:00,404,app_message,LOC0169
CDR004550,PH00211,PH00956,2026-01-06 13:42:00,1723,app_message,LOC0047
CDR004551,PH00746,PH00950,2026-03-29 02:02:00,114,call,LOC0128
CDR004552,PH01175,PH00243,2026-07-12 11:41:00,1005,call,LOC0073
CDR004553,PH00878,PH00181,2026-07-31 07:15:00,1275,app_message,LOC0156
CDR004554,PH00787,PH00230,2026-06-24 08:42:00,854,call,LOC0096
CDR004555,PH00968,PH00207,2026-06-08 01:48:00,1601,app_message,LOC0149
CDR004556,PH00572,PH01172,2026-03-28 22:21:00,460,call,LOC0065
CDR004557,PH01016,PH01186,2026-04-19 16:18:00,1213,app_message,LOC0083
CDR004558,PH00676,PH00957,2026-04-29 06:34:00,1488,sms,LOC0066
CDR004559,PH00497,PH00500,2026-07-12 05:00:00,302,call,LOC0166
CDR004560,PH00956,PH00097,2026-03-10 18:36:00,98,app_message,LOC0089
CDR004561,PH00327,PH00163,2026-04-21 18:15:00,505,sms,LOC0035
CDR004562,PH00597,PH00310,2026-08-07 09:43:00,1723,call,LOC0024
CDR004563,PH00336,PH00205,2026-02-12 09:02:00,2260,call,LOC0171
CDR004564,PH01098,PH00053,2026-01-29 08:57:00,535,app_message,LOC0019
CDR004565,PH00560,PH00363,2026-07-24 13:08:00,1539,call,LOC0153
CDR004566,PH00101,PH00508,2026-03-28 09:16:00,830,sms,LOC0144
CDR004567,PH00126,PH00717,2026-04-08 18:43:00,2324,app_message,LOC0003
CDR004568,PH00170,PH01165,2026-04-24 22:58:00,539,call,LOC0054
CDR004569,PH01047,PH00760,2026-03-17 18:32:00,1070,app_message,LOC0133
CDR004570,PH00112,PH00233,2026-07-03 07:37:00,306,call,LOC0177
CDR004571,PH00160,PH00343,2026-04-13 07:11:00,1557,call,LOC0004
CDR004572,PH00381,PH00183,2026-02-07 12:28:00,2343,app_message,LOC0025
CDR004573,PH00448,PH00159,2026-03-11 15:42:00,1497,sms,LOC0174
CDR004574,PH00074,PH00050,2026-08-26 15:08:00,1752,call,LOC0173
CDR004575,PH00380,PH00353,2026-03-13 05:07:00,1091,sms,LOC0112
CDR004576,PH00291,PH01130,2026-07-08 21:01:00,1808,sms,LOC0003
CDR004577,PH00505,PH00159,2026-01-20 08:29:00,1037,app_message,LOC0056
CDR004578,PH01130,PH00450,2026-03-09 18:36:00,1216,sms,LOC0093
CDR004579,PH00822,PH00287,2026-01-25 06:47:00,262,sms,LOC0176
CDR004580,PH01135,PH00092,2026-05-30 04:59:00,286,call,LOC0131
CDR004581,PH00123,PH00628,2026-08-01 18:22:00,1982,app_message,LOC0055
CDR004582,PH00877,PH00218,2026-08-19 02:33:00,1133,call,LOC0067
CDR004583,PH01198,PH00244,2026-02-04 01:07:00,968,call,LOC0031
CDR004584,PH00173,PH00187,2026-06-15 09:29:00,1430,sms,LOC0174
CDR004585,PH00758,PH00443,2026-01-20 07:42:00,728,sms,LOC0043
CDR004586,PH00402,PH00565,2026-08-14 08:56:00,2279,app_message,LOC0107
CDR004587,PH00283,PH00169,2026-06-10 03:50:00,336,app_message,LOC0036
CDR004588,PH00600,PH00747,2026-02-22 04:33:00,137,sms,LOC0168
CDR004589,PH00763,PH00261,2026-05-13 15:54:00,496,call,LOC0067
CDR004590,PH00377,PH01185,2026-05-05 14:21:00,1197,app_message,LOC0178
CDR004591,PH01081,PH00462,2026-01-21 12:25:00,2366,sms,LOC0032
CDR004592,PH00098,PH00804,2026-07-13 16:34:00,257,sms,LOC0101
CDR004593,PH00854,PH01062,2026-03-19 09:57:00,969,app_message,LOC0016
CDR004594,PH01042,PH00876,2026-04-29 07:29:00,895,call,LOC0083
CDR004595,PH00928,PH01075,2026-07-03 04:31:00,1625,sms,LOC0019
CDR004596,PH00337,PH00832,2026-05-13 20:25:00,2193,sms,LOC0142
CDR004597,PH00988,PH00014,2026-07-06 11:08:00,971,app_message,LOC0147
CDR004598,PH01193,PH00422,2026-04-25 07:43:00,1061,app_message,LOC0150
CDR004599,PH00470,PH00502,2026-04-12 03:32:00,1659,sms,LOC0120
CDR004600,PH00065,PH00634,2026-01-16 19:19:00,1559,app_message,LOC0074
CDR004601,PH01085,PH01007,2026-04-29 13:56:00,192,app_message,LOC0071
CDR004602,PH00474,PH00814,2026-08-21 03:28:00,1415,sms,LOC0123
CDR004603,PH00021,PH01184,2026-05-31 03:09:00,1631,app_message,LOC0065
CDR004604,PH00664,PH01189,2026-07-22 15:33:00,314,call,LOC0083
CDR004605,PH00916,PH00298,2026-03-26 23:33:00,1960,app_message,LOC0091
CDR004606,PH00848,PH00709,2026-05-11 09:54:00,438,sms,LOC0109
CDR004607,PH00801,PH00759,2026-06-14 12:52:00,1002,call,LOC0164
CDR004608,PH00849,PH01105,2026-06-19 21:11:00,1828,sms,LOC0071
CDR004609,PH00373,PH00361,2026-02-07 09:13:00,1087,call,LOC0157
CDR004610,PH00847,PH00920,2026-04-10 11:59:00,1883,sms,LOC0069
CDR004611,PH00701,PH00812,2026-07-14 07:44:00,2043,sms,LOC0054
CDR004612,PH00487,PH01060,2026-07-23 02:33:00,2198,sms,LOC0065
CDR004613,PH00124,PH00147,2026-04-05 00:45:00,1559,sms,LOC0137
CDR004614,PH00557,PH00911,2026-08-22 02:08:00,2299,app_message,LOC0054
CDR004615,PH00097,PH00221,2026-07-23 07:04:00,323,app_message,LOC0142
CDR004616,PH01185,PH01169,2026-06-22 03:27:00,275,sms,LOC0062
CDR004617,PH00065,PH00685,2026-08-25 11:03:00,2161,sms,LOC0072
CDR004618,PH00526,PH00131,2026-01-31 05:00:00,1589,call,LOC0094
CDR004619,PH00147,PH00124,2026-02-08 13:31:00,41,sms,LOC0032
CDR004620,PH01098,PH01164,2026-04-29 06:29:00,437,sms,LOC0115
CDR004621,PH00931,PH01020,2026-02-28 02:30:00,1270,app_message,LOC0016
CDR004622,PH00541,PH00813,2026-05-16 19:28:00,1417,sms,LOC0111
CDR004623,PH01039,PH00252,2026-05-12 19:38:00,1526,call,LOC0103
CDR004624,PH00301,PH00689,2026-01-21 10:57:00,1164,sms,LOC0109
CDR004625,PH01087,PH00885,2026-01-17 20:04:00,1440,sms,LOC0049
CDR004626,PH00074,PH00491,2026-08-14 04:36:00,2240,app_message,LOC0054
CDR004627,PH00940,PH00233,2026-07-04 18:01:00,952,sms,LOC0108
CDR004628,PH00184,PH00226,2026-03-18 18:36:00,1493,app_message,LOC0119
CDR004629,PH01022,PH00302,2026-07-24 00:39:00,720,app_message,LOC0167
CDR004630,PH00323,PH00850,2026-07-07 14:10:00,1122,call,LOC0020
CDR004631,PH00090,PH00881,2026-04-13 15:49:00,6,sms,LOC0045
CDR004632,PH00341,PH00862,2026-03-10 18:43:00,1366,app_message,LOC0148
CDR004633,PH00679,PH00182,2026-01-21 07:45:00,1083,app_message,LOC0085
CDR004634,PH00811,PH00975,2026-03-27 20:58:00,100,app_message,LOC0090
CDR004635,PH00317,PH00647,2026-05-27 13:30:00,416,app_message,LOC0013
CDR004636,PH00115,PH00895,2026-03-08 20:15:00,1149,call,LOC0069
CDR004637,PH00906,PH00582,2026-03-30 01:47:00,2317,app_message,LOC0009
CDR004638,PH00785,PH00600,2026-08-15 01:44:00,1737,app_message,LOC0124
CDR004639,PH01167,PH00917,2026-07-22 12:54:00,478,sms,LOC0162
CDR004640,PH01139,PH00663,2026-06-07 13:46:00,1864,sms,LOC0175
CDR004641,PH00203,PH00090,2026-08-11 07:41:00,2158,app_message,LOC0150
CDR004642,PH00820,PH00402,2026-07-16 22:27:00,787,sms,LOC0125
CDR004643,PH00154,PH00184,2026-02-26 11:15:00,1435,app_message,LOC0088
CDR004644,PH00363,PH00059,2026-07-25 09:39:00,1551,call,LOC0125
CDR004645,PH00186,PH00361,2026-04-05 04:24:00,1874,call,LOC0051
CDR004646,PH00155,PH00525,2026-05-02 00:34:00,1662,sms,LOC0042
CDR004647,PH00411,PH00683,2026-02-08 15:49:00,1315,app_message,LOC0168
CDR004648,PH01020,PH00480,2026-07-19 07:27:00,2379,app_message,LOC0033
CDR004649,PH00410,PH00727,2026-02-21 10:52:00,333,sms,LOC0041
CDR004650,PH00664,PH00190,2026-03-03 23:07:00,1942,call,LOC0039
CDR004651,PH00206,PH01177,2026-05-22 01:00:00,1558,sms,LOC0022
CDR004652,PH01095,PH00706,2026-02-19 05:59:00,504,sms,LOC0133
CDR004653,PH01028,PH00120,2026-05-17 04:10:00,214,call,LOC0153
CDR004654,PH00326,PH00067,2026-03-26 20:27:00,1933,call,LOC0129
CDR004655,PH00095,PH00290,2026-06-15 18:23:00,1275,call,LOC0067
CDR004656,PH00219,PH00434,2026-08-13 04:26:00,1532,call,LOC0171
CDR004657,PH00123,PH00306,2026-04-07 07:41:00,123,app_message,LOC0025
CDR004658,PH00680,PH00573,2026-06-15 07:26:00,436,call,LOC0053
CDR004659,PH00014,PH00690,2026-02-01 22:10:00,1349,sms,LOC0019
CDR004660,PH00003,PH00033,2026-04-29 16:25:00,621,sms,LOC0012
CDR004661,PH00113,PH00860,2026-01-08 11:36:00,160,call,LOC0152
CDR004662,PH00962,PH00792,2026-06-04 22:34:00,511,call,LOC0168
CDR004663,PH00375,PH01139,2026-08-14 01:50:00,2251,call,LOC0015
CDR004664,PH00642,PH00188,2026-08-01 04:38:00,952,call,LOC0018
CDR004665,PH00822,PH00135,2026-04-04 19:34:00,1230,sms,LOC0082
CDR004666,PH00388,PH01014,2026-08-30 09:01:00,2090,app_message,LOC0071
CDR004667,PH00909,PH01055,2026-03-01 20:06:00,1892,sms,LOC0125
CDR004668,PH00354,PH00192,2026-05-07 00:56:00,1141,app_message,LOC0146
CDR004669,PH00828,PH00159,2026-01-11 22:19:00,2244,call,LOC0036
CDR004670,PH00934,PH00508,2026-04-11 03:52:00,1447,call,LOC0100
CDR004671,PH01168,PH00628,2026-06-11 15:46:00,2313,sms,LOC0170
CDR004672,PH00957,PH00568,2026-06-24 15:18:00,1200,call,LOC0098
CDR004673,PH00586,PH00538,2026-03-19 07:13:00,2222,app_message,LOC0076
CDR004674,PH00693,PH01075,2026-07-19 08:30:00,1993,sms,LOC0150
CDR004675,PH00791,PH00369,2026-07-14 17:26:00,2188,app_message,LOC0091
CDR004676,PH00332,PH00702,2026-01-16 04:41:00,1450,sms,LOC0005
CDR004677,PH00592,PH00751,2026-03-06 05:34:00,544,sms,LOC0088
CDR004678,PH00113,PH00295,2026-02-21 03:57:00,1083,sms,LOC0063
CDR004679,PH00868,PH01081,2026-08-25 13:55:00,1203,call,LOC0152
CDR004680,PH00001,PH00363,2026-05-04 04:30:00,1545,call,LOC0161
CDR004681,PH00241,PH00792,2026-06-13 20:31:00,1071,call,LOC0125
CDR004682,PH00151,PH00074,2026-08-31 05:48:00,289,sms,LOC0032
CDR004683,PH00860,PH00099,2026-03-19 05:00:00,2033,sms,LOC0136
CDR004684,PH00067,PH00254,2026-07-03 22:10:00,1593,sms,LOC0147
CDR004685,PH01143,PH00299,2026-02-17 17:40:00,488,call,LOC0045
CDR004686,PH01159,PH00215,2026-02-16 07:09:00,978,call,LOC0004
CDR004687,PH00782,PH00854,2026-06-15 21:18:00,1917,call,LOC0160
CDR004688,PH00315,PH01090,2026-04-21 01:08:00,649,sms,LOC0134
CDR004689,PH00078,PH00021,2026-01-05 20:22:00,1810,sms,LOC0093
CDR004690,PH01063,PH00414,2026-04-16 16:04:00,1531,call,LOC0081
CDR004691,PH00182,PH01151,2026-01-23 21:53:00,16,call,LOC0165
CDR004692,PH00124,PH00070,2026-03-21 11:09:00,520,app_message,LOC0098
CDR004693,PH00119,PH00358,2026-04-06 07:21:00,1406,sms,LOC0144
CDR004694,PH00639,PH00695,2026-03-26 09:44:00,1883,app_message,LOC0021
CDR004695,PH00752,PH00450,2026-07-28 10:19:00,1714,call,LOC0094
CDR004696,PH00379,PH00851,2026-03-02 23:33:00,1475,sms,LOC0166
CDR004697,PH00259,PH00265,2026-08-30 22:46:00,292,sms,LOC0026
CDR004698,PH00933,PH00423,2026-06-18 09:24:00,227,app_message,LOC0084
CDR004699,PH00495,PH01076,2026-01-22 02:23:00,849,sms,LOC0115
CDR004700,PH00583,PH00051,2026-06-03 12:09:00,917,call,LOC0170
CDR004701,PH01159,PH00481,2026-06-26 01:57:00,1291,sms,LOC0047
CDR004702,PH00194,PH00271,2026-03-25 11:42:00,653,sms,LOC0119
CDR004703,PH00789,PH00743,2026-04-02 17:21:00,1777,call,LOC0003
CDR004704,PH00223,PH00930,2026-08-05 00:02:00,1917,call,LOC0050
CDR004705,PH00792,PH00375,2026-07-09 11:48:00,1994,sms,LOC0116
CDR004706,PH00175,PH00294,2026-05-27 21:47:00,1728,sms,LOC0138
CDR004707,PH00104,PH00920,2026-02-17 10:56:00,140,call,LOC0115
CDR004708,PH00272,PH01025,2026-04-03 13:01:00,302,app_message,LOC0041
CDR004709,PH00185,PH00684,2026-07-23 16:09:00,2313,app_message,LOC0056
CDR004710,PH00012,PH00702,2026-08-30 11:30:00,1719,call,LOC0106
CDR004711,PH00526,PH00856,2026-06-23 18:11:00,1252,app_message,LOC0121
CDR004712,PH00490,PH00311,2026-03-08 07:14:00,15,call,LOC0129
CDR004713,PH01002,PH00708,2026-02-21 12:08:00,973,call,LOC0092
CDR004714,PH00510,PH01190,2026-04-26 06:09:00,864,app_message,LOC0070
CDR004715,PH00740,PH00378,2026-04-30 00:53:00,774,app_message,LOC0051
CDR004716,PH00397,PH00073,2026-05-20 23:55:00,1114,call,LOC0145
CDR004717,PH01073,PH01172,2026-04-25 11:14:00,150,app_message,LOC0107
CDR004718,PH01130,PH00715,2026-07-23 22:52:00,166,app_message,LOC0046
CDR004719,PH00774,PH00479,2026-02-03 14:01:00,1778,sms,LOC0086
CDR004720,PH00133,PH00234,2026-01-27 09:58:00,769,sms,LOC0020
CDR004721,PH01180,PH00512,2026-07-20 18:21:00,610,app_message,LOC0072
CDR004722,PH00338,PH00392,2026-05-08 19:51:00,394,sms,LOC0076
CDR004723,PH00233,PH00578,2026-06-15 15:41:00,1637,call,LOC0161
CDR004724,PH00773,PH00922,2026-01-17 18:19:00,145,sms,LOC0112
CDR004725,PH00327,PH00123,2026-04-01 11:06:00,1452,call,LOC0104
CDR004726,PH00879,PH00920,2026-01-03 23:26:00,761,call,LOC0013
CDR004727,PH01070,PH01150,2026-01-23 13:42:00,1585,sms,LOC0151
CDR004728,PH01193,PH00048,2026-07-01 01:53:00,699,app_message,LOC0134
CDR004729,PH00936,PH00103,2026-08-14 15:01:00,173,sms,LOC0077
CDR004730,PH00494,PH01027,2026-05-12 08:59:00,1736,sms,LOC0177
CDR004731,PH00152,PH00927,2026-02-05 07:00:00,411,app_message,LOC0123
CDR004732,PH01004,PH00288,2026-05-25 19:59:00,737,app_message,LOC0018
CDR004733,PH00508,PH01045,2026-03-26 02:33:00,1827,sms,LOC0075
CDR004734,PH01010,PH00804,2026-08-31 08:26:00,1320,app_message,LOC0175
CDR004735,PH00384,PH00599,2026-05-15 09:32:00,103,app_message,LOC0032
CDR004736,PH00046,PH00545,2026-03-03 12:10:00,2353,sms,LOC0050
CDR004737,PH00420,PH00601,2026-04-10 13:45:00,2236,call,LOC0113
CDR004738,PH00939,PH00287,2026-01-15 22:51:00,1654,call,LOC0147
CDR004739,PH00575,PH00476,2026-04-11 04:04:00,2170,sms,LOC0147
CDR004740,PH01024,PH00654,2026-02-20 00:56:00,1274,call,LOC0023
CDR004741,PH00023,PH00508,2026-06-17 08:05:00,1241,sms,LOC0105
CDR004742,PH00701,PH00536,2026-01-27 09:33:00,1636,app_message,LOC0126
CDR004743,PH00625,PH01192,2026-03-28 02:19:00,1058,app_message,LOC0164
CDR004744,PH00850,PH00502,2026-05-19 11:11:00,534,sms,LOC0017
CDR004745,PH00132,PH00904,2026-06-16 01:33:00,1832,call,LOC0031
CDR004746,PH00162,PH00096,2026-06-12 15:39:00,88,call,LOC0064
CDR004747,PH01192,PH00363,2026-03-24 21:17:00,659,call,LOC0180
CDR004748,PH00315,PH00266,2026-04-27 08:09:00,512,sms,LOC0140
CDR004749,PH00768,PH00548,2026-03-20 23:37:00,17,call,LOC0042
CDR004750,PH00497,PH00448,2026-08-10 21:59:00,1191,app_message,LOC0030
CDR004751,PH01148,PH01167,2026-06-06 14:15:00,1341,sms,LOC0109
CDR004752,PH00155,PH01088,2026-01-05 10:05:00,698,app_message,LOC0166
CDR004753,PH01018,PH00560,2026-01-25 21:20:00,394,sms,LOC0148
CDR004754,PH00077,PH00349,2026-02-17 00:28:00,482,sms,LOC0132
CDR004755,PH01105,PH00038,2026-08-23 22:28:00,273,app_message,LOC0111
CDR004756,PH00398,PH00323,2026-06-28 01:36:00,386,app_message,LOC0170
CDR004757,PH00618,PH01156,2026-05-26 18:48:00,756,sms,LOC0122
CDR004758,PH00106,PH00943,2026-03-15 07:31:00,1330,app_message,LOC0162
CDR004759,PH00920,PH00645,2026-05-11 02:13:00,652,call,LOC0004
CDR004760,PH00814,PH00233,2026-04-19 14:53:00,1842,app_message,LOC0020
CDR004761,PH00319,PH00601,2026-05-28 19:05:00,883,app_message,LOC0120
CDR004762,PH00226,PH00798,2026-01-25 09:24:00,1817,sms,LOC0124
CDR004763,PH01023,PH00123,2026-05-04 01:03:00,976,app_message,LOC0067
CDR004764,PH00873,PH00576,2026-01-11 14:25:00,1886,app_message,LOC0041
CDR004765,PH00662,PH00390,2026-07-18 23:54:00,2040,sms,LOC0110
CDR004766,PH00692,PH00900,2026-07-25 07:32:00,105,sms,LOC0071
CDR004767,PH00036,PH00192,2026-04-16 22:25:00,1664,app_message,LOC0157
CDR004768,PH00013,PH00732,2026-06-17 05:26:00,2350,sms,LOC0137
CDR004769,PH00654,PH00631,2026-07-04 04:56:00,1521,call,LOC0145
CDR004770,PH01003,PH00233,2026-07-17 00:29:00,981,sms,LOC0138
CDR004771,PH00043,PH00955,2026-01-23 16:48:00,907,sms,LOC0098
CDR004772,PH00980,PH00172,2026-04-15 13:21:00,1349,app_message,LOC0062
CDR004773,PH01191,PH00533,2026-08-22 04:17:00,840,sms,LOC0113
CDR004774,PH00752,PH00882,2026-03-24 14:01:00,332,app_message,LOC0091
CDR004775,PH01086,PH00371,2026-08-14 01:08:00,1382,call,LOC0145
CDR004776,PH00808,PH01141,2026-06-14 21:56:00,201,call,LOC0028
CDR004777,PH01022,PH01087,2026-05-02 18:31:00,2102,sms,LOC0014
CDR004778,PH00345,PH00079,2026-03-15 00:45:00,1706,sms,LOC0012
CDR004779,PH00411,PH01124,2026-03-04 04:39:00,1267,app_message,LOC0039
CDR004780,PH00964,PH00543,2026-07-13 15:09:00,241,sms,LOC0168
CDR004781,PH00830,PH01159,2026-05-16 09:56:00,2226,call,LOC0017
CDR004782,PH00654,PH00456,2026-03-26 03:10:00,140,sms,LOC0025
CDR004783,PH01180,PH00549,2026-01-15 22:55:00,1531,call,LOC0169
CDR004784,PH01076,PH01100,2026-02-06 10:07:00,838,app_message,LOC0011
CDR004785,PH01168,PH00824,2026-04-12 02:40:00,1046,call,LOC0138
CDR004786,PH00027,PH00774,2026-08-11 02:15:00,1415,app_message,LOC0042
CDR004787,PH00338,PH00700,2026-01-28 18:26:00,2256,sms,LOC0097
CDR004788,PH00605,PH00749,2026-08-21 22:39:00,386,sms,LOC0137
CDR004789,PH00767,PH00045,2026-07-08 01:48:00,337,call,LOC0112
CDR004790,PH00814,PH00150,2026-01-14 13:07:00,1051,sms,LOC0038
CDR004791,PH01072,PH00854,2026-03-13 16:42:00,255,sms,LOC0111
CDR004792,PH00754,PH00996,2026-07-20 01:13:00,1386,call,LOC0039
CDR004793,PH00495,PH00392,2026-07-14 09:23:00,1528,app_message,LOC0175
CDR004794,PH00850,PH00949,2026-04-15 20:15:00,1167,call,LOC0082
CDR004795,PH00960,PH00909,2026-02-16 14:02:00,1763,call,LOC0169
CDR004796,PH00067,PH00537,2026-01-29 21:00:00,2305,call,LOC0162
CDR004797,PH00893,PH01114,2026-02-11 12:20:00,119,call,LOC0002
CDR004798,PH00364,PH00024,2026-01-04 05:44:00,1136,call,LOC0069
CDR004799,PH00499,PH00745,2026-08-26 19:00:00,1579,sms,LOC0067
CDR004800,PH00688,PH00654,2026-01-27 10:56:00,1686,sms,LOC0134
CDR004801,PH01091,PH00968,2026-04-11 18:01:00,737,sms,LOC0081
CDR004802,PH00724,PH01087,2026-08-02 19:15:00,817,app_message,LOC0100
CDR004803,PH00907,PH00702,2026-01-07 15:19:00,852,app_message,LOC0018
CDR004804,PH00143,PH00790,2026-08-21 12:23:00,868,app_message,LOC0158
CDR004805,PH00858,PH00392,2026-04-30 05:26:00,2147,call,LOC0063
CDR004806,PH01076,PH00909,2026-01-10 17:08:00,2116,app_message,LOC0067
CDR004807,PH00606,PH01017,2026-07-10 04:09:00,1243,app_message,LOC0109
CDR004808,PH00985,PH00161,2026-07-29 06:02:00,596,app_message,LOC0132
CDR004809,PH01108,PH00234,2026-04-15 13:41:00,32,app_message,LOC0055
CDR004810,PH01097,PH01190,2026-08-17 11:48:00,896,app_message,LOC0033
CDR004811,PH00069,PH00338,2026-01-26 07:13:00,235,app_message,LOC0157
CDR004812,PH00214,PH00134,2026-04-30 04:30:00,60,call,LOC0114
CDR004813,PH00475,PH00515,2026-06-21 17:02:00,643,app_message,LOC0036
CDR004814,PH01162,PH00101,2026-02-19 01:26:00,956,app_message,LOC0071
CDR004815,PH01010,PH00796,2026-08-27 23:50:00,1867,call,LOC0078
CDR004816,PH00127,PH00959,2026-04-26 16:13:00,1193,call,LOC0180
CDR004817,PH00163,PH00889,2026-02-27 02:57:00,434,app_message,LOC0108
CDR004818,PH01047,PH01007,2026-01-30 17:50:00,668,call,LOC0161
CDR004819,PH01058,PH00821,2026-02-02 02:08:00,401,app_message,LOC0016
CDR004820,PH00578,PH01111,2026-08-25 23:15:00,2036,call,LOC0084
CDR004821,PH00691,PH01135,2026-05-10 05:59:00,512,app_message,LOC0052
CDR004822,PH00139,PH00491,2026-05-23 17:41:00,1264,sms,LOC0047
CDR004823,PH00356,PH00768,2026-02-25 22:59:00,1455,call,LOC0044
CDR004824,PH00062,PH01117,2026-04-21 10:43:00,87,call,LOC0061
CDR004825,PH00141,PH00640,2026-05-21 02:26:00,1284,app_message,LOC0020
CDR004826,PH00054,PH00543,2026-05-28 18:45:00,1580,call,LOC0106
CDR004827,PH00172,PH00908,2026-04-14 20:41:00,1216,sms,LOC0143
CDR004828,PH00117,PH00285,2026-06-02 19:29:00,34,sms,LOC0080
CDR004829,PH00075,PH00490,2026-04-19 04:32:00,417,app_message,LOC0018
CDR004830,PH00895,PH00824,2026-03-09 06:27:00,365,call,LOC0154
CDR004831,PH00785,PH00204,2026-03-30 03:01:00,905,call,LOC0034
CDR004832,PH00879,PH00799,2026-06-23 15:02:00,1077,call,LOC0024
CDR004833,PH01128,PH00318,2026-01-18 09:46:00,1512,app_message,LOC0087
CDR004834,PH00598,PH00500,2026-03-18 17:46:00,975,sms,LOC0171
CDR004835,PH01130,PH00240,2026-05-03 12:22:00,383,sms,LOC0104
CDR004836,PH00108,PH00158,2026-06-05 01:52:00,740,call,LOC0157
CDR004837,PH00288,PH00152,2026-02-20 23:18:00,288,call,LOC0024
CDR004838,PH00504,PH00717,2026-01-18 02:06:00,211,sms,LOC0078
CDR004839,PH00522,PH00971,2026-05-27 05:24:00,1270,app_message,LOC0055
CDR004840,PH00572,PH00620,2026-07-29 09:36:00,1945,sms,LOC0125
CDR004841,PH00832,PH00995,2026-06-27 21:27:00,400,app_message,LOC0062
CDR004842,PH01194,PH00138,2026-02-01 05:44:00,2244,sms,LOC0051
CDR004843,PH00954,PH00852,2026-05-27 20:22:00,1826,call,LOC0012
CDR004844,PH00662,PH00110,2026-08-07 09:55:00,421,app_message,LOC0079
CDR004845,PH00570,PH00623,2026-01-31 00:16:00,1478,call,LOC0033
CDR004846,PH00464,PH00658,2026-05-25 18:02:00,526,app_message,LOC0093
CDR004847,PH00237,PH00767,2026-07-08 16:53:00,24,app_message,LOC0038
CDR004848,PH00638,PH00355,2026-01-10 05:59:00,2077,app_message,LOC0030
CDR004849,PH00241,PH00113,2026-02-13 12:00:00,2187,app_message,LOC0062
CDR004850,PH00030,PH01142,2026-08-31 22:20:00,1651,app_message,LOC0083
CDR004851,PH01139,PH00402,2026-05-25 19:57:00,1199,app_message,LOC0054
CDR004852,PH00057,PH00743,2026-02-25 04:57:00,1704,call,LOC0124
CDR004853,PH00598,PH00574,2026-05-01 20:34:00,234,app_message,LOC0129
CDR004854,PH00874,PH01061,2026-08-23 01:17:00,1085,call,LOC0007
CDR004855,PH00778,PH01009,2026-08-21 09:57:00,2106,call,LOC0004
CDR004856,PH00204,PH00686,2026-07-28 12:26:00,2345,call,LOC0025
CDR004857,PH00938,PH00150,2026-03-26 06:58:00,1863,call,LOC0022
CDR004858,PH00308,PH00340,2026-04-03 03:58:00,504,app_message,LOC0150
CDR004859,PH00036,PH00256,2026-05-15 13:59:00,1457,app_message,LOC0100
CDR004860,PH01033,PH00260,2026-04-09 15:48:00,288,app_message,LOC0098
CDR004861,PH00292,PH01042,2026-04-14 09:23:00,1130,sms,LOC0122
CDR004862,PH00517,PH00307,2026-02-02 12:53:00,2072,app_message,LOC0010
CDR004863,PH00091,PH00933,2026-08-27 17:33:00,877,sms,LOC0148
CDR004864,PH00622,PH00586,2026-04-16 06:32:00,2341,sms,LOC0090
CDR004865,PH00378,PH01056,2026-08-28 01:25:00,958,call,LOC0106
CDR004866,PH00770,PH00469,2026-01-17 08:55:00,648,app_message,LOC0058
CDR004867,PH00229,PH00244,2026-04-17 23:18:00,1994,call,LOC0130
CDR004868,PH00876,PH00737,2026-06-12 18:41:00,651,call,LOC0010
CDR004869,PH00019,PH00347,2026-02-16 23:15:00,209,sms,LOC0164
CDR004870,PH00402,PH00213,2026-04-09 19:59:00,566,sms,LOC0050
CDR004871,PH00607,PH00182,2026-06-24 20:52:00,1108,sms,LOC0003
CDR004872,PH00114,PH00054,2026-07-20 10:18:00,263,sms,LOC0097
CDR004873,PH00713,PH01017,2026-07-24 02:10:00,652,app_message,LOC0006
CDR004874,PH01187,PH01175,2026-01-13 09:43:00,1778,app_message,LOC0004
CDR004875,PH00569,PH01151,2026-04-11 10:22:00,345,sms,LOC0054
CDR004876,PH00812,PH01167,2026-07-04 08:23:00,1920,call,LOC0090
CDR004877,PH00863,PH00652,2026-04-01 00:05:00,45,call,LOC0130
CDR004878,PH00290,PH00848,2026-02-22 07:57:00,1536,app_message,LOC0121
CDR004879,PH01079,PH00520,2026-01-24 02:29:00,1356,app_message,LOC0041
CDR004880,PH00068,PH00742,2026-05-17 16:16:00,953,sms,LOC0040
CDR004881,PH01127,PH00272,2026-01-23 21:02:00,2069,sms,LOC0089
CDR004882,PH00548,PH00977,2026-04-17 11:29:00,2060,call,LOC0009
CDR004883,PH00348,PH00872,2026-02-18 07:59:00,1529,app_message,LOC0086
CDR004884,PH00183,PH00176,2026-07-01 10:48:00,8,call,LOC0031
CDR004885,PH00693,PH00158,2026-01-19 22:27:00,1402,app_message,LOC0059
CDR004886,PH00817,PH00864,2026-06-04 11:50:00,1382,app_message,LOC0099
CDR004887,PH00376,PH01028,2026-06-26 19:12:00,757,sms,LOC0151
CDR004888,PH00302,PH00765,2026-02-22 05:25:00,757,call,LOC0164
CDR004889,PH00335,PH00521,2026-04-14 22:44:00,1861,call,LOC0105
CDR004890,PH00759,PH00333,2026-05-13 12:58:00,1568,app_message,LOC0063
CDR004891,PH00828,PH00712,2026-05-01 13:14:00,947,call,LOC0053
CDR004892,PH00501,PH00752,2026-01-30 10:21:00,1657,app_message,LOC0031
CDR004893,PH00164,PH00744,2026-07-15 01:28:00,1834,app_message,LOC0003
CDR004894,PH00663,PH00116,2026-04-24 18:27:00,389,app_message,LOC0030
CDR004895,PH00103,PH00600,2026-07-05 10:40:00,410,call,LOC0070
CDR004896,PH00971,PH00263,2026-04-26 22:49:00,1246,sms,LOC0062
CDR004897,PH01061,PH01187,2026-08-19 15:05:00,681,call,LOC0024
CDR004898,PH00904,PH00139,2026-01-03 06:35:00,487,sms,LOC0085
CDR004899,PH00634,PH00823,2026-02-25 15:22:00,1663,call,LOC0087
CDR004900,PH01031,PH00345,2026-02-07 10:56:00,1014,sms,LOC0156
CDR004901,PH00116,PH00523,2026-07-04 00:38:00,1870,call,LOC0010
CDR004902,PH00258,PH00847,2026-02-13 13:10:00,367,app_message,LOC0148
CDR004903,PH00700,PH00666,2026-07-15 02:27:00,1252,call,LOC0001
CDR004904,PH00204,PH00604,2026-02-10 12:17:00,1228,sms,LOC0129
CDR004905,PH00420,PH00520,2026-04-11 01:20:00,2141,app_message,LOC0147
CDR004906,PH00947,PH01035,2026-04-08 23:48:00,2130,app_message,LOC0163
CDR004907,PH00351,PH00194,2026-08-14 18:55:00,491,sms,LOC0014
CDR004908,PH00543,PH00006,2026-03-21 21:50:00,1245,app_message,LOC0029
CDR004909,PH00503,PH00568,2026-01-18 03:27:00,1332,call,LOC0009
CDR004910,PH00580,PH00904,2026-08-08 17:06:00,344,app_message,LOC0058
CDR004911,PH00414,PH00318,2026-02-26 07:25:00,35,sms,LOC0143
CDR004912,PH00406,PH01090,2026-06-03 19:49:00,2253,app_message,LOC0112
CDR004913,PH00750,PH00909,2026-04-05 20:04:00,423,sms,LOC0003
CDR004914,PH00033,PH00947,2026-01-01 16:36:00,1606,sms,LOC0085
CDR004915,PH00574,PH00630,2026-01-20 03:36:00,830,app_message,LOC0108
CDR004916,PH00984,PH00898,2026-07-20 14:27:00,2386,call,LOC0116
CDR004917,PH00617,PH00502,2026-08-05 12:31:00,2089,call,LOC0175
CDR004918,PH00135,PH00881,2026-04-03 17:04:00,257,sms,LOC0102
CDR004919,PH01022,PH00741,2026-07-05 04:44:00,955,app_message,LOC0125
CDR004920,PH00372,PH01135,2026-01-11 13:52:00,1182,call,LOC0094
CDR004921,PH00172,PH00332,2026-08-26 13:22:00,1603,app_message,LOC0159
CDR004922,PH00421,PH01130,2026-06-20 11:32:00,2046,sms,LOC0180
CDR004923,PH00203,PH00752,2026-03-28 02:34:00,1237,app_message,LOC0047
CDR004924,PH00008,PH00361,2026-05-05 23:35:00,1814,app_message,LOC0055
CDR004925,PH00629,PH00929,2026-02-21 13:16:00,1000,sms,LOC0024
CDR004926,PH00316,PH00312,2026-06-27 03:26:00,1708,sms,LOC0167
CDR004927,PH01088,PH01108,2026-03-28 00:28:00,1012,app_message,LOC0174
CDR004928,PH00453,PH01017,2026-02-13 12:35:00,869,sms,LOC0044
CDR004929,PH00730,PH00188,2026-01-08 14:51:00,2035,app_message,LOC0158
CDR004930,PH00538,PH00603,2026-07-04 06:22:00,1745,sms,LOC0049
CDR004931,PH00050,PH00196,2026-03-21 22:53:00,619,call,LOC0025
CDR004932,PH00657,PH00804,2026-01-07 07:13:00,1943,sms,LOC0106
CDR004933,PH00983,PH01058,2026-08-18 19:19:00,546,sms,LOC0014
CDR004934,PH00372,PH00562,2026-05-07 09:13:00,929,app_message,LOC0130
CDR004935,PH00334,PH00352,2026-07-04 08:01:00,496,sms,LOC0009
CDR004936,PH01184,PH00140,2026-01-28 18:11:00,874,app_message,LOC0022
CDR004937,PH01017,PH00201,2026-08-14 14:31:00,963,app_message,LOC0066
CDR004938,PH00014,PH00629,2026-03-27 16:54:00,849,app_message,LOC0065
CDR004939,PH00761,PH00097,2026-08-15 10:44:00,1327,call,LOC0035
CDR004940,PH01058,PH00469,2026-04-03 02:47:00,1145,call,LOC0066
CDR004941,PH00986,PH00514,2026-05-09 03:11:00,763,call,LOC0162
CDR004942,PH00464,PH00952,2026-06-07 03:43:00,2291,app_message,LOC0102
CDR004943,PH01045,PH00972,2026-02-27 10:40:00,1921,sms,LOC0109
CDR004944,PH00605,PH00363,2026-02-21 05:20:00,168,app_message,LOC0001
CDR004945,PH00856,PH00689,2026-08-08 05:38:00,1693,call,LOC0097
CDR004946,PH01124,PH00433,2026-08-29 07:38:00,260,app_message,LOC0079
CDR004947,PH00557,PH00600,2026-05-31 15:57:00,1767,sms,LOC0174
CDR004948,PH01074,PH00579,2026-04-23 16:34:00,1924,sms,LOC0015
CDR004949,PH00222,PH01164,2026-05-05 08:56:00,1906,call,LOC0170
CDR004950,PH00927,PH00416,2026-04-09 12:43:00,1694,app_message,LOC0048
CDR004951,PH00586,PH01044,2026-01-07 03:48:00,932,call,LOC0134
CDR004952,PH00286,PH00918,2026-04-25 07:45:00,2077,sms,LOC0074
CDR004953,PH00124,PH00391,2026-07-09 03:58:00,2184,sms,LOC0172
CDR004954,PH00145,PH00129,2026-01-18 06:10:00,732,app_message,LOC0172
CDR004955,PH01131,PH00672,2026-05-02 04:24:00,284,sms,LOC0142
CDR004956,PH00839,PH01156,2026-05-01 13:11:00,225,sms,LOC0064
CDR004957,PH00893,PH00567,2026-04-26 22:02:00,6,sms,LOC0156
CDR004958,PH00744,PH00632,2026-07-11 21:11:00,643,call,LOC0056
CDR004959,PH01139,PH00687,2026-08-31 11:44:00,2212,call,LOC0154
CDR004960,PH00063,PH00804,2026-08-30 05:59:00,391,app_message,LOC0026
CDR004961,PH00398,PH01128,2026-08-13 15:00:00,2385,sms,LOC0070
CDR004962,PH00711,PH00961,2026-08-17 18:49:00,2098,sms,LOC0139
CDR004963,PH00780,PH00066,2026-08-14 01:10:00,2268,sms,LOC0145
CDR004964,PH00742,PH00206,2026-07-14 13:17:00,2149,app_message,LOC0102
CDR004965,PH00431,PH01013,2026-03-18 08:39:00,389,call,LOC0014
CDR004966,PH00778,PH00250,2026-06-10 07:44:00,1098,sms,LOC0010
CDR004967,PH00966,PH00460,2026-03-16 09:26:00,878,call,LOC0033
CDR004968,PH00311,PH01075,2026-07-01 06:55:00,711,sms,LOC0005
CDR004969,PH00159,PH00825,2026-01-26 11:40:00,752,app_message,LOC0022
CDR004970,PH00509,PH00429,2026-05-01 01:32:00,976,sms,LOC0100
CDR004971,PH00146,PH00393,2026-06-14 10:43:00,2248,call,LOC0127
CDR004972,PH00591,PH00380,2026-07-02 08:52:00,1435,sms,LOC0046
CDR004973,PH01081,PH00755,2026-03-27 13:42:00,1891,call,LOC0133
CDR004974,PH00218,PH01003,2026-03-27 20:57:00,1699,app_message,LOC0119
CDR004975,PH00757,PH01119,2026-08-06 16:50:00,1876,call,LOC0086
CDR004976,PH00535,PH00687,2026-03-21 01:05:00,1406,sms,LOC0051
CDR004977,PH00116,PH00681,2026-03-31 19:59:00,127,app_message,LOC0071
CDR004978,PH00755,PH00152,2026-02-13 19:46:00,180,call,LOC0124
CDR004979,PH00472,PH00118,2026-01-04 00:54:00,1497,call,LOC0098
CDR004980,PH00570,PH00506,2026-01-02 08:26:00,714,sms,LOC0063
CDR004981,PH00907,PH00396,2026-01-06 21:56:00,1967,call,LOC0051
CDR004982,PH00016,PH00133,2026-06-05 01:08:00,2365,sms,LOC0053
CDR004983,PH00979,PH00422,2026-03-12 14:05:00,771,sms,LOC0036
CDR004984,PH01080,PH00487,2026-07-07 16:12:00,1845,sms,LOC0094
CDR004985,PH00066,PH00359,2026-02-13 19:37:00,34,sms,LOC0073
CDR004986,PH00023,PH00205,2026-06-29 04:02:00,2396,call,LOC0052
CDR004987,PH00162,PH00397,2026-08-09 05:52:00,1038,call,LOC0114
CDR004988,PH00548,PH00124,2026-04-18 01:39:00,2048,call,LOC0058
CDR004989,PH00959,PH00036,2026-05-06 05:59:00,2098,app_message,LOC0052
CDR004990,PH00479,PH00392,2026-04-09 19:24:00,921,app_message,LOC0031
CDR004991,PH00602,PH01108,2026-06-27 21:36:00,2238,sms,LOC0176
CDR004992,PH00934,PH00429,2026-04-28 05:10:00,98,sms,LOC0014
CDR004993,PH01073,PH00373,2026-07-12 20:32:00,1460,sms,LOC0053
CDR004994,PH00710,PH00811,2026-02-10 11:14:00,1466,sms,LOC0013
CDR004995,PH01100,PH00125,2026-08-08 14:05:00,476,sms,LOC0080
CDR004996,PH01184,PH00758,2026-05-10 21:56:00,1759,call,LOC0135
CDR004997,PH01188,PH00398,2026-02-19 08:08:00,1908,app_message,LOC0109
CDR004998,PH00639,PH00895,2026-08-06 06:57:00,310,app_message,LOC0158
CDR004999,PH00674,PH00345,2026-03-04 05:54:00,94,call,LOC0021
CDR005000,PH00414,PH01001,2026-08-22 05:01:00,1972,sms,LOC0172
CDR005001,PH00215,PH00978,2026-03-29 20:51:00,1780,call,LOC0139
CDR005002,PH01177,PH00252,2026-08-29 01:04:00,189,app_message,LOC0154
CDR005003,PH00929,PH00823,2026-07-03 04:34:00,1239,sms,LOC0178
CDR005004,PH00634,PH00516,2026-01-01 04:44:00,2305,app_message,LOC0118
CDR005005,PH00612,PH00131,2026-02-28 12:09:00,544,call,LOC0047
CDR005006,PH00127,PH01009,2026-08-11 22:37:00,1522,call,LOC0066
CDR005007,PH00361,PH00672,2026-07-26 21:05:00,2050,app_message,LOC0047
CDR005008,PH00337,PH00572,2026-06-13 12:04:00,2303,app_message,LOC0138
CDR005009,PH00780,PH00873,2026-02-13 16:50:00,493,sms,LOC0054
CDR005010,PH01145,PH01062,2026-08-18 23:06:00,1268,app_message,LOC0097
CDR005011,PH00440,PH00270,2026-04-07 16:41:00,1373,app_message,LOC0029
CDR005012,PH00993,PH00946,2026-03-08 01:38:00,545,call,LOC0032
CDR005013,PH00629,PH00464,2026-01-12 20:43:00,1005,app_message,LOC0150
CDR005014,PH00878,PH01040,2026-04-27 22:05:00,2132,sms,LOC0170
CDR005015,PH00667,PH00098,2026-04-13 15:28:00,1231,app_message,LOC0076
CDR005016,PH00562,PH00796,2026-05-22 20:03:00,123,sms,LOC0113
CDR005017,PH00690,PH00243,2026-05-22 19:31:00,118,app_message,LOC0017
CDR005018,PH00475,PH01091,2026-02-06 15:02:00,437,call,LOC0011
CDR005019,PH00490,PH01170,2026-07-05 00:45:00,1455,sms,LOC0086
CDR005020,PH00929,PH00660,2026-07-19 20:30:00,1528,app_message,LOC0104
CDR005021,PH00310,PH00452,2026-03-08 08:44:00,38,sms,LOC0055
CDR005022,PH00148,PH01061,2026-01-29 08:14:00,1319,sms,LOC0131
CDR005023,PH00628,PH00929,2026-04-18 07:34:00,1837,call,LOC0044
CDR005024,PH00564,PH00693,2026-04-17 21:10:00,1500,sms,LOC0064
CDR005025,PH00707,PH00276,2026-08-26 04:49:00,135,sms,LOC0051
CDR005026,PH01139,PH00565,2026-06-16 14:06:00,127,call,LOC0083
CDR005027,PH00069,PH00187,2026-07-20 14:49:00,622,sms,LOC0121
CDR005028,PH00194,PH00672,2026-04-16 21:26:00,872,call,LOC0139
CDR005029,PH00585,PH01051,2026-04-14 14:06:00,453,app_message,LOC0126
CDR005030,PH00778,PH00673,2026-01-18 13:41:00,71,app_message,LOC0063
CDR005031,PH00652,PH00946,2026-04-03 00:10:00,132,call,LOC0081
CDR005032,PH01071,PH00029,2026-08-15 17:14:00,1766,app_message,LOC0178
CDR005033,PH01048,PH00878,2026-05-21 09:31:00,574,app_message,LOC0043
CDR005034,PH01162,PH00626,2026-06-24 22:04:00,2300,call,LOC0122
CDR005035,PH00315,PH00452,2026-07-22 01:24:00,445,app_message,LOC0139
CDR005036,PH01086,PH01051,2026-04-18 03:26:00,1171,call,LOC0025
CDR005037,PH00360,PH01170,2026-02-21 19:57:00,263,app_message,LOC0048
CDR005038,PH00255,PH00730,2026-05-05 14:09:00,37,sms,LOC0120
CDR005039,PH00599,PH00659,2026-07-16 08:27:00,1163,sms,LOC0039
CDR005040,PH00603,PH00878,2026-07-20 23:30:00,982,sms,LOC0014
CDR005041,PH00234,PH00602,2026-08-06 16:46:00,1619,app_message,LOC0159
CDR005042,PH00314,PH00084,2026-07-04 16:06:00,2313,app_message,LOC0044
CDR005043,PH00784,PH00469,2026-08-06 04:21:00,1629,call,LOC0053
CDR005044,PH00237,PH00112,2026-03-15 04:25:00,885,app_message,LOC0120
CDR005045,PH00351,PH00799,2026-05-29 02:42:00,2138,sms,LOC0111
CDR005046,PH00276,PH01022,2026-08-18 14:59:00,550,call,LOC0120
CDR005047,PH00035,PH00195,2026-02-13 01:44:00,1773,call,LOC0116
CDR005048,PH00167,PH00441,2026-08-04 18:10:00,153,app_message,LOC0023
CDR005049,PH01068,PH01121,2026-01-15 14:06:00,1069,call,LOC0098
CDR005050,PH00798,PH00154,2026-01-15 01:17:00,1777,sms,LOC0165
CDR005051,PH00667,PH01157,2026-01-07 02:06:00,743,app_message,LOC0044
CDR005052,PH00461,PH00545,2026-05-12 18:11:00,1956,app_message,LOC0074
CDR005053,PH00691,PH00352,2026-05-29 14:34:00,1314,sms,LOC0120
CDR005054,PH00959,PH01063,2026-03-22 17:58:00,59,call,LOC0046
CDR005055,PH01040,PH00229,2026-05-12 12:18:00,874,app_message,LOC0150
CDR005056,PH01128,PH00099,2026-04-01 10:04:00,1021,sms,LOC0008
CDR005057,PH00953,PH00317,2026-04-15 00:56:00,1375,app_message,LOC0062
CDR005058,PH00220,PH00167,2026-06-11 18:50:00,1390,call,LOC0128
CDR005059,PH00874,PH00736,2026-07-29 03:57:00,242,sms,LOC0087
CDR005060,PH00357,PH00004,2026-04-06 17:26:00,2161,call,LOC0060
CDR005061,PH00852,PH00025,2026-07-22 18:25:00,217,call,LOC0082
CDR005062,PH01172,PH01042,2026-06-20 09:51:00,300,app_message,LOC0155
CDR005063,PH00587,PH01192,2026-08-03 01:32:00,1216,app_message,LOC0067
CDR005064,PH00369,PH00130,2026-03-23 01:12:00,2135,app_message,LOC0087
CDR005065,PH00330,PH00802,2026-04-30 13:12:00,261,sms,LOC0090
CDR005066,PH00425,PH00715,2026-01-04 07:30:00,240,app_message,LOC0122
CDR005067,PH01039,PH00281,2026-01-01 10:04:00,276,sms,LOC0010
CDR005068,PH01180,PH00250,2026-08-08 03:59:00,818,call,LOC0018
CDR005069,PH00101,PH00509,2026-01-31 00:00:00,1959,call,LOC0048
CDR005070,PH00929,PH00108,2026-08-05 21:57:00,458,app_message,LOC0065
CDR005071,PH00290,PH00738,2026-07-07 19:57:00,2354,sms,LOC0044
CDR005072,PH00324,PH00312,2026-06-14 16:13:00,906,app_message,LOC0015
CDR005073,PH00348,PH00753,2026-07-26 13:50:00,1190,app_message,LOC0093
CDR005074,PH00928,PH00784,2026-02-12 05:48:00,1693,call,LOC0100
CDR005075,PH00956,PH00122,2026-03-27 17:59:00,1696,app_message,LOC0104
CDR005076,PH00104,PH00211,2026-05-12 19:26:00,1383,sms,LOC0015
CDR005077,PH00636,PH00584,2026-06-26 00:38:00,967,sms,LOC0088
CDR005078,PH00338,PH00933,2026-06-12 09:17:00,533,sms,LOC0112
CDR005079,PH00487,PH00028,2026-08-05 16:12:00,603,app_message,LOC0059
CDR005080,PH00806,PH00981,2026-03-31 03:47:00,2119,sms,LOC0009
CDR005081,PH00244,PH01174,2026-05-03 19:35:00,807,call,LOC0083
CDR005082,PH00473,PH00338,2026-04-22 22:21:00,1032,app_message,LOC0073
CDR005083,PH00849,PH00707,2026-03-09 22:01:00,260,app_message,LOC0156
CDR005084,PH00906,PH00207,2026-04-19 06:15:00,2343,sms,LOC0081
CDR005085,PH00816,PH00693,2026-02-16 19:02:00,2043,app_message,LOC0119
CDR005086,PH00337,PH00729,2026-03-14 05:28:00,1672,app_message,LOC0146
CDR005087,PH00818,PH01044,2026-07-19 17:40:00,989,sms,LOC0030
CDR005088,PH00206,PH00803,2026-08-11 14:53:00,606,call,LOC0073
CDR005089,PH00585,PH00346,2026-02-06 12:26:00,979,app_message,LOC0133
CDR005090,PH01022,PH00680,2026-03-26 11:41:00,1702,sms,LOC0139
CDR005091,PH00540,PH00114,2026-05-15 18:58:00,931,app_message,LOC0177
CDR005092,PH00100,PH00144,2026-07-18 13:00:00,1475,call,LOC0170
CDR005093,PH00079,PH00602,2026-06-02 07:38:00,1214,app_message,LOC0055
CDR005094,PH00845,PH00168,2026-03-03 22:14:00,593,call,LOC0086
CDR005095,PH00498,PH00406,2026-02-24 09:59:00,1315,app_message,LOC0105
CDR005096,PH00466,PH00928,2026-01-09 15:07:00,648,sms,LOC0052
CDR005097,PH00006,PH01153,2026-03-04 13:47:00,1590,sms,LOC0073
CDR005098,PH00615,PH00355,2026-06-24 03:17:00,1693,call,LOC0078
CDR005099,PH00566,PH00231,2026-05-02 09:13:00,1360,call,LOC0073
CDR005100,PH00518,PH00310,2026-02-10 19:20:00,604,app_message,LOC0061
CDR005101,PH00672,PH00277,2026-02-13 22:40:00,995,call,LOC0156
CDR005102,PH00188,PH00357,2026-06-13 11:31:00,487,sms,LOC0154
CDR005103,PH00515,PH00076,2026-05-29 18:44:00,590,call,LOC0104
CDR005104,PH00856,PH00003,2026-06-15 20:32:00,1836,call,LOC0166
CDR005105,PH00993,PH00521,2026-02-09 11:12:00,543,sms,LOC0052
CDR005106,PH00627,PH00180,2026-02-22 23:01:00,2335,app_message,LOC0076
CDR005107,PH00775,PH00409,2026-06-06 13:13:00,482,call,LOC0073
CDR005108,PH00364,PH00777,2026-03-10 00:17:00,2305,call,LOC0160
CDR005109,PH00031,PH00477,2026-01-10 02:01:00,1589,app_message,LOC0072
CDR005110,PH01182,PH01033,2026-07-25 12:34:00,1319,app_message,LOC0083
CDR005111,PH00843,PH00782,2026-08-28 16:16:00,1458,sms,LOC0116
CDR005112,PH01074,PH00098,2026-02-19 12:03:00,480,sms,LOC0087
CDR005113,PH00495,PH00205,2026-03-11 08:20:00,2067,sms,LOC0082
CDR005114,PH00741,PH00520,2026-01-12 09:23:00,127,sms,LOC0060
CDR005115,PH00348,PH00435,2026-07-03 19:45:00,206,app_message,LOC0125
CDR005116,PH00805,PH00911,2026-02-11 02:51:00,1396,call,LOC0120
CDR005117,PH01082,PH00406,2026-03-29 03:13:00,1150,app_message,LOC0054
CDR005118,PH00681,PH00635,2026-03-21 00:31:00,2294,app_message,LOC0145
CDR005119,PH00089,PH00181,2026-07-01 03:24:00,1222,sms,LOC0018
CDR005120,PH00967,PH01097,2026-04-06 23:56:00,1053,app_message,LOC0057
CDR005121,PH00934,PH01025,2026-08-16 10:39:00,181,call,LOC0062
CDR005122,PH00739,PH00510,2026-02-16 18:01:00,1049,call,LOC0164
CDR005123,PH00972,PH00354,2026-05-19 15:36:00,783,call,LOC0031
CDR005124,PH00375,PH00438,2026-08-15 15:50:00,1986,app_message,LOC0150
CDR005125,PH00294,PH00091,2026-04-15 03:20:00,63,app_message,LOC0066
CDR005126,PH00401,PH01183,2026-07-31 17:41:00,1866,call,LOC0089
CDR005127,PH00405,PH01129,2026-03-27 13:49:00,2370,sms,LOC0088
CDR005128,PH01098,PH00429,2026-02-23 16:07:00,2169,call,LOC0121
CDR005129,PH00553,PH00277,2026-02-20 10:10:00,1833,app_message,LOC0099
CDR005130,PH00296,PH00328,2026-05-18 11:37:00,280,app_message,LOC0078
CDR005131,PH00100,PH00446,2026-01-23 13:12:00,971,app_message,LOC0001
CDR005132,PH00288,PH00279,2026-04-28 10:17:00,2080,app_message,LOC0048
CDR005133,PH00379,PH00466,2026-02-05 08:58:00,2215,call,LOC0075
CDR005134,PH00989,PH00366,2026-05-03 09:07:00,1671,sms,LOC0151
CDR005135,PH00053,PH00662,2026-08-03 15:51:00,1006,sms,LOC0079
CDR005136,PH00546,PH00664,2026-05-22 02:51:00,1153,app_message,LOC0177
CDR005137,PH01015,PH01156,2026-05-26 06:22:00,1566,app_message,LOC0054
CDR005138,PH01089,PH00157,2026-01-22 01:08:00,1379,app_message,LOC0172
CDR005139,PH00046,PH00605,2026-07-07 18:25:00,1648,sms,LOC0016
CDR005140,PH01137,PH00377,2026-02-03 22:04:00,1009,call,LOC0131
CDR005141,PH00758,PH00913,2026-08-13 04:53:00,1628,sms,LOC0126
CDR005142,PH00325,PH00526,2026-05-27 05:52:00,1003,sms,LOC0151
CDR005143,PH00101,PH01039,2026-04-05 16:44:00,587,call,LOC0115
CDR005144,PH00910,PH01012,2026-07-05 14:19:00,1269,call,LOC0122
CDR005145,PH00457,PH00180,2026-03-16 07:51:00,2276,sms,LOC0071
CDR005146,PH00381,PH00864,2026-05-07 11:56:00,1576,call,LOC0161
CDR005147,PH00727,PH00676,2026-01-03 03:23:00,249,call,LOC0145
CDR005148,PH01105,PH00545,2026-07-31 14:21:00,520,call,LOC0081
CDR005149,PH00717,PH01087,2026-05-21 01:00:00,1968,call,LOC0140
CDR005150,PH00895,PH00467,2026-03-18 01:58:00,2072,call,LOC0103
CDR005151,PH00786,PH01053,2026-06-07 16:53:00,979,call,LOC0168
CDR005152,PH01148,PH00802,2026-04-15 06:06:00,1691,sms,LOC0033
CDR005153,PH00157,PH00651,2026-08-17 14:53:00,1915,app_message,LOC0082
CDR005154,PH00627,PH00478,2026-05-11 15:11:00,762,app_message,LOC0082
CDR005155,PH00580,PH00847,2026-07-01 01:48:00,231,call,LOC0057
CDR005156,PH00496,PH01039,2026-06-05 01:07:00,2016,app_message,LOC0052
CDR005157,PH00181,PH00879,2026-01-27 04:28:00,1066,call,LOC0016
CDR005158,PH00376,PH00026,2026-02-03 14:02:00,1821,sms,LOC0134
CDR005159,PH00105,PH00145,2026-02-24 20:38:00,58,app_message,LOC0128
CDR005160,PH00136,PH01138,2026-06-03 14:21:00,848,sms,LOC0012
CDR005161,PH00960,PH00958,2026-05-05 22:24:00,222,app_message,LOC0023
CDR005162,PH00487,PH00444,2026-08-20 10:39:00,512,app_message,LOC0051
CDR005163,PH00639,PH00902,2026-06-25 02:41:00,192,call,LOC0025
CDR005164,PH00719,PH01092,2026-04-16 03:21:00,64,call,LOC0024
CDR005165,PH00333,PH00169,2026-06-10 00:26:00,2142,app_message,LOC0131
CDR005166,PH00892,PH00576,2026-06-28 22:15:00,2204,sms,LOC0143
CDR005167,PH00131,PH00142,2026-06-11 11:44:00,1841,sms,LOC0115
CDR005168,PH00060,PH00851,2026-01-10 10:12:00,2254,call,LOC0108
CDR005169,PH00522,PH00601,2026-06-27 09:21:00,2050,app_message,LOC0013
CDR005170,PH00299,PH00696,2026-08-13 19:13:00,533,call,LOC0157
CDR005171,PH00965,PH00379,2026-01-16 01:32:00,1361,sms,LOC0073
CDR005172,PH01047,PH01137,2026-06-13 21:11:00,2123,app_message,LOC0133
CDR005173,PH00895,PH00131,2026-08-09 22:16:00,640,call,LOC0090
CDR005174,PH00063,PH00468,2026-03-06 17:50:00,486,app_message,LOC0155
CDR005175,PH00459,PH00203,2026-02-09 11:58:00,1096,call,LOC0099
CDR005176,PH00732,PH01066,2026-05-27 11:41:00,291,sms,LOC0024
CDR005177,PH00290,PH01199,2026-04-10 02:29:00,2009,app_message,LOC0076
CDR005178,PH00904,PH00814,2026-04-30 02:09:00,1556,sms,LOC0080
CDR005179,PH00027,PH01055,2026-07-13 23:39:00,2338,call,LOC0158
CDR005180,PH00765,PH00978,2026-02-16 21:30:00,631,call,LOC0034
CDR005181,PH00721,PH00571,2026-06-23 12:49:00,1106,app_message,LOC0033
CDR005182,PH01077,PH00522,2026-04-16 01:26:00,1657,app_message,LOC0135
CDR005183,PH01024,PH00575,2026-07-11 12:04:00,1273,call,LOC0172
CDR005184,PH00539,PH00374,2026-05-07 14:12:00,1821,sms,LOC0005
CDR005185,PH00776,PH00183,2026-08-09 01:41:00,979,app_message,LOC0123
CDR005186,PH00275,PH00578,2026-02-04 06:03:00,412,call,LOC0126
CDR005187,PH00188,PH00782,2026-02-22 15:32:00,1863,sms,LOC0042
CDR005188,PH00118,PH00599,2026-07-22 11:23:00,2337,app_message,LOC0149
CDR005189,PH00784,PH00469,2026-04-18 06:52:00,1693,sms,LOC0007
CDR005190,PH00206,PH00803,2026-08-28 20:03:00,1896,call,LOC0041
CDR005191,PH00647,PH00244,2026-08-26 08:01:00,1556,app_message,LOC0157
CDR005192,PH00569,PH00182,2026-01-06 04:19:00,2072,call,LOC0087
CDR005193,PH00645,PH00587,2026-04-25 15:00:00,1759,sms,LOC0167
CDR005194,PH00277,PH00672,2026-03-18 07:56:00,574,app_message,LOC0077
CDR005195,PH01144,PH00501,2026-06-18 19:05:00,1394,call,LOC0032
CDR005196,PH00560,PH00530,2026-06-16 08:37:00,2196,call,LOC0046
CDR005197,PH00757,PH00333,2026-05-24 02:14:00,2017,call,LOC0086
CDR005198,PH00160,PH00343,2026-04-24 17:53:00,746,app_message,LOC0066
CDR005199,PH00841,PH00139,2026-06-25 12:52:00,849,app_message,LOC0056
CDR005200,PH00067,PH00285,2026-04-16 22:48:00,1707,app_message,LOC0176
CDR005201,PH00688,PH01150,2026-06-26 01:28:00,198,sms,LOC0179
CDR005202,PH00264,PH00956,2026-02-21 15:32:00,985,app_message,LOC0072
CDR005203,PH01129,PH00501,2026-01-26 20:37:00,2163,sms,LOC0041
CDR005204,PH00767,PH00218,2026-05-25 01:20:00,1063,call,LOC0010
CDR005205,PH01141,PH01119,2026-08-04 20:50:00,2296,call,LOC0048
CDR005206,PH00857,PH00753,2026-04-08 02:37:00,894,sms,LOC0053
CDR005207,PH00524,PH01085,2026-02-11 08:17:00,1186,app_message,LOC0047
CDR005208,PH00317,PH00621,2026-04-02 03:23:00,168,sms,LOC0148
CDR005209,PH00361,PH00531,2026-06-17 21:55:00,299,call,LOC0112
CDR005210,PH00929,PH00153,2026-03-14 02:38:00,314,sms,LOC0037
CDR005211,PH00503,PH01078,2026-01-10 21:35:00,774,app_message,LOC0021
CDR005212,PH00094,PH00288,2026-05-02 12:55:00,1406,call,LOC0016
CDR005213,PH00845,PH00976,2026-08-19 10:18:00,1354,sms,LOC0125
CDR005214,PH00807,PH01027,2026-06-13 03:17:00,1725,call,LOC0093
CDR005215,PH01166,PH00416,2026-05-22 15:23:00,1099,app_message,LOC0120
CDR005216,PH00256,PH00540,2026-06-28 22:58:00,2069,call,LOC0059
CDR005217,PH00883,PH00896,2026-04-08 04:43:00,1321,call,LOC0057
CDR005218,PH00781,PH00921,2026-05-20 22:17:00,2184,sms,LOC0165
CDR005219,PH01147,PH01177,2026-07-27 01:41:00,1619,app_message,LOC0083
CDR005220,PH00213,PH01139,2026-03-03 15:13:00,1106,sms,LOC0048
CDR005221,PH00173,PH00285,2026-01-19 07:42:00,1023,call,LOC0105
CDR005222,PH00150,PH00389,2026-03-13 19:46:00,1600,call,LOC0077
CDR005223,PH01190,PH00026,2026-05-29 10:47:00,346,sms,LOC0056
CDR005224,PH00955,PH00589,2026-07-31 00:37:00,2237,sms,LOC0063
CDR005225,PH00938,PH00529,2026-06-22 01:44:00,2041,call,LOC0013
CDR005226,PH01009,PH00577,2026-02-03 09:13:00,354,call,LOC0105
CDR005227,PH00864,PH00033,2026-03-11 01:49:00,1966,call,LOC0159
CDR005228,PH00130,PH00704,2026-08-13 19:58:00,2301,sms,LOC0023
CDR005229,PH00737,PH00616,2026-04-08 07:58:00,1185,app_message,LOC0135
CDR005230,PH00751,PH01040,2026-07-22 09:49:00,1189,sms,LOC0077
CDR005231,PH00996,PH00510,2026-08-31 05:58:00,954,sms,LOC0169
CDR005232,PH00429,PH00909,2026-02-09 23:02:00,540,app_message,LOC0022
CDR005233,PH00522,PH01176,2026-08-21 00:32:00,764,sms,LOC0174
CDR005234,PH00034,PH00215,2026-04-23 18:09:00,749,call,LOC0048
CDR005235,PH01174,PH00258,2026-04-15 16:05:00,2287,sms,LOC0132
CDR005236,PH00877,PH00803,2026-08-28 00:53:00,1931,call,LOC0155
CDR005237,PH00106,PH00943,2026-03-26 17:46:00,1120,sms,LOC0144
CDR005238,PH00794,PH01158,2026-03-28 14:21:00,674,app_message,LOC0175
CDR005239,PH00767,PH00782,2026-08-04 01:24:00,1582,sms,LOC0058
CDR005240,PH00158,PH00383,2026-05-21 04:46:00,1243,app_message,LOC0066
CDR005241,PH00928,PH00805,2026-07-17 08:19:00,2347,app_message,LOC0109
CDR005242,PH00863,PH00456,2026-08-18 13:53:00,138,app_message,LOC0163
CDR005243,PH01057,PH00401,2026-08-31 15:07:00,815,call,LOC0052
CDR005244,PH00850,PH00683,2026-02-13 21:47:00,869,app_message,LOC0079
CDR005245,PH00346,PH00794,2026-03-24 13:24:00,446,call,LOC0151
CDR005246,PH00539,PH00740,2026-05-20 18:55:00,1550,call,LOC0040
CDR005247,PH01166,PH00191,2026-05-19 15:53:00,442,sms,LOC0050
CDR005248,PH00867,PH00797,2026-07-25 00:58:00,1313,app_message,LOC0138
CDR005249,PH00953,PH00141,2026-03-22 04:31:00,648,app_message,LOC0138
CDR005250,PH00463,PH00418,2026-05-28 20:58:00,2059,call,LOC0139
CDR005251,PH00352,PH00095,2026-04-26 16:35:00,1304,sms,LOC0017
CDR005252,PH00056,PH01087,2026-08-17 23:48:00,1893,app_message,LOC0056
CDR005253,PH01069,PH00881,2026-08-03 21:45:00,1315,app_message,LOC0034
CDR005254,PH00391,PH00546,2026-03-15 19:22:00,324,app_message,LOC0018
CDR005255,PH01153,PH00777,2026-08-23 07:44:00,1565,app_message,LOC0130
CDR005256,PH00973,PH00173,2026-04-18 18:50:00,1922,call,LOC0109
CDR005257,PH00716,PH01012,2026-01-25 08:27:00,26,sms,LOC0114
CDR005258,PH00415,PH00405,2026-06-01 19:06:00,695,call,LOC0167
CDR005259,PH00379,PH00695,2026-01-06 06:07:00,1035,app_message,LOC0165
CDR005260,PH00114,PH00641,2026-07-20 13:39:00,154,app_message,LOC0162
CDR005261,PH01176,PH01058,2026-08-17 12:24:00,2353,sms,LOC0155
CDR005262,PH00097,PH01038,2026-04-09 03:45:00,1530,app_message,LOC0024
CDR005263,PH00730,PH00971,2026-07-01 06:57:00,1150,app_message,LOC0010
CDR005264,PH00139,PH00533,2026-04-10 19:06:00,236,sms,LOC0156
CDR005265,PH00309,PH00172,2026-02-17 07:17:00,228,sms,LOC0147
CDR005266,PH01082,PH00214,2026-03-22 05:42:00,1149,sms,LOC0056
CDR005267,PH01076,PH00891,2026-04-27 04:13:00,1752,sms,LOC0137
CDR005268,PH00238,PH01066,2026-02-21 06:21:00,1813,sms,LOC0118
CDR005269,PH01014,PH00834,2026-02-06 07:21:00,513,app_message,LOC0007
CDR005270,PH00220,PH00825,2026-01-02 19:23:00,2333,app_message,LOC0111
CDR005271,PH00333,PH00476,2026-03-07 20:52:00,473,call,LOC0150
CDR005272,PH00988,PH00358,2026-07-18 19:36:00,1133,call,LOC0072
CDR005273,PH00138,PH00354,2026-05-02 04:57:00,486,call,LOC0155
CDR005274,PH00340,PH00259,2026-05-09 12:26:00,443,sms,LOC0053
CDR005275,PH00467,PH00788,2026-03-15 14:22:00,2029,call,LOC0145
CDR005276,PH00416,PH00520,2026-01-01 14:21:00,300,app_message,LOC0146
CDR005277,PH00541,PH00899,2026-06-15 10:22:00,254,sms,LOC0018
CDR005278,PH00438,PH01125,2026-03-31 11:39:00,1114,call,LOC0042
CDR005279,PH00077,PH00586,2026-07-18 10:02:00,945,sms,LOC0143
CDR005280,PH00629,PH00539,2026-03-14 22:11:00,1420,call,LOC0051
CDR005281,PH01071,PH00961,2026-01-02 20:41:00,1350,call,LOC0095
CDR005282,PH00885,PH00936,2026-06-24 07:25:00,1469,sms,LOC0113
CDR005283,PH00377,PH00024,2026-04-05 00:35:00,1365,call,LOC0024
CDR005284,PH01079,PH00054,2026-07-15 18:42:00,748,sms,LOC0107
CDR005285,PH01134,PH00067,2026-03-26 01:15:00,345,call,LOC0144
CDR005286,PH00163,PH00971,2026-01-22 08:35:00,1223,sms,LOC0158
CDR005287,PH01055,PH00156,2026-05-19 05:05:00,657,app_message,LOC0115
CDR005288,PH01183,PH00094,2026-08-17 04:32:00,1723,app_message,LOC0038
CDR005289,PH00153,PH00158,2026-01-13 14:06:00,453,app_message,LOC0123
CDR005290,PH00166,PH01183,2026-08-10 11:02:00,2096,call,LOC0103
CDR005291,PH00705,PH01106,2026-08-09 22:13:00,982,call,LOC0030
CDR005292,PH00720,PH00631,2026-06-01 15:02:00,712,sms,LOC0080
CDR005293,PH00167,PH00517,2026-03-19 12:31:00,2285,call,LOC0118
CDR005294,PH00156,PH00143,2026-08-23 04:14:00,1496,call,LOC0090
CDR005295,PH00793,PH00496,2026-02-18 16:09:00,459,app_message,LOC0065
CDR005296,PH00161,PH00453,2026-07-10 19:08:00,1117,sms,LOC0071
CDR005297,PH00023,PH01160,2026-06-08 20:16:00,473,sms,LOC0169
CDR005298,PH00685,PH00921,2026-01-30 01:20:00,1529,sms,LOC0077
CDR005299,PH01037,PH00430,2026-06-29 12:48:00,859,app_message,LOC0081
CDR005300,PH00987,PH00203,2026-06-04 10:56:00,1184,sms,LOC0123
CDR005301,PH00813,PH00116,2026-07-27 10:51:00,638,app_message,LOC0154
CDR005302,PH00217,PH00106,2026-05-05 13:45:00,356,call,LOC0153
CDR005303,PH00617,PH01108,2026-03-11 07:23:00,382,call,LOC0162
CDR005304,PH00282,PH00016,2026-06-04 07:34:00,346,sms,LOC0024
CDR005305,PH01200,PH01040,2026-02-02 19:44:00,625,app_message,LOC0171
CDR005306,PH00412,PH00986,2026-06-26 21:52:00,2254,sms,LOC0005
CDR005307,PH00451,PH00265,2026-02-08 23:31:00,91,sms,LOC0159
CDR005308,PH00814,PH00261,2026-02-11 02:15:00,1610,call,LOC0059
CDR005309,PH00717,PH00535,2026-07-11 17:20:00,140,app_message,LOC0022
CDR005310,PH00649,PH00940,2026-05-16 07:13:00,1797,sms,LOC0144
CDR005311,PH00797,PH00468,2026-05-29 12:26:00,319,app_message,LOC0014
CDR005312,PH00721,PH00197,2026-01-20 23:15:00,1543,app_message,LOC0030
CDR005313,PH00974,PH00311,2026-07-28 04:45:00,792,call,LOC0056
CDR005314,PH00617,PH00119,2026-06-18 10:49:00,116,call,LOC0102
CDR005315,PH00523,PH00422,2026-01-02 14:43:00,447,call,LOC0048
CDR005316,PH00548,PH01001,2026-01-06 09:40:00,1102,sms,LOC0178
CDR005317,PH00552,PH01048,2026-05-04 19:26:00,794,app_message,LOC0160
CDR005318,PH00569,PH00187,2026-04-22 13:36:00,1831,sms,LOC0047
CDR005319,PH00181,PH00962,2026-02-28 12:51:00,1946,sms,LOC0105
CDR005320,PH00321,PH00223,2026-07-01 10:12:00,1170,call,LOC0149
CDR005321,PH00114,PH00972,2026-03-08 23:05:00,2165,call,LOC0087
CDR005322,PH00605,PH00218,2026-08-04 20:17:00,91,sms,LOC0124
CDR005323,PH00217,PH00114,2026-05-28 11:19:00,1775,call,LOC0050
CDR005324,PH00814,PH00510,2026-01-28 06:58:00,1783,call,LOC0078
CDR005325,PH00759,PH00945,2026-04-08 10:38:00,2084,call,LOC0117
CDR005326,PH00847,PH00097,2026-07-16 07:42:00,1229,sms,LOC0176
CDR005327,PH00152,PH00241,2026-01-08 14:23:00,1442,app_message,LOC0166
CDR005328,PH00990,PH00098,2026-04-26 06:57:00,1659,app_message,LOC0042
CDR005329,PH00665,PH00304,2026-02-05 23:49:00,1554,app_message,LOC0028
CDR005330,PH00323,PH00778,2026-06-26 09:20:00,1899,sms,LOC0076
CDR005331,PH00653,PH00573,2026-07-09 20:26:00,1409,call,LOC0078
CDR005332,PH01089,PH00031,2026-06-25 11:36:00,190,sms,LOC0021
CDR005333,PH00504,PH00446,2026-05-19 09:10:00,1890,app_message,LOC0079
CDR005334,PH00649,PH01015,2026-03-13 22:25:00,606,sms,LOC0155
CDR005335,PH00244,PH01040,2026-02-05 16:26:00,2071,sms,LOC0114
CDR005336,PH00944,PH01114,2026-08-17 02:10:00,2085,call,LOC0166
CDR005337,PH01098,PH00407,2026-05-14 08:49:00,1745,sms,LOC0092
CDR005338,PH00662,PH00989,2026-04-25 14:09:00,1251,app_message,LOC0159
CDR005339,PH00692,PH00491,2026-03-28 18:32:00,252,sms,LOC0013
CDR005340,PH00902,PH00722,2026-05-13 20:47:00,818,app_message,LOC0079
CDR005341,PH00125,PH00107,2026-02-20 08:18:00,267,app_message,LOC0047
CDR005342,PH01066,PH00420,2026-05-28 01:04:00,344,sms,LOC0141
CDR005343,PH01197,PH00302,2026-04-24 04:51:00,720,call,LOC0052
CDR005344,PH00423,PH00733,2026-06-26 21:40:00,2258,app_message,LOC0081
CDR005345,PH01085,PH00114,2026-02-02 17:06:00,1204,app_message,LOC0167
CDR005346,PH00096,PH00162,2026-07-22 17:38:00,1619,sms,LOC0088
CDR005347,PH01001,PH00675,2026-02-11 06:22:00,164,app_message,LOC0062
CDR005348,PH00450,PH00581,2026-02-17 08:38:00,1279,sms,LOC0019
CDR005349,PH01039,PH00909,2026-07-28 17:40:00,1725,sms,LOC0087
CDR005350,PH01143,PH00816,2026-07-02 17:40:00,382,sms,LOC0027
CDR005351,PH00466,PH00851,2026-02-07 00:21:00,325,app_message,LOC0142
CDR005352,PH00658,PH00726,2026-06-12 06:54:00,312,sms,LOC0151
CDR005353,PH00879,PH00887,2026-07-08 09:09:00,1291,sms,LOC0082
CDR005354,PH00460,PH00886,2026-06-21 04:13:00,1700,app_message,LOC0068
CDR005355,PH00471,PH00007,2026-08-09 17:42:00,1716,sms,LOC0169
CDR005356,PH01105,PH00706,2026-06-03 05:21:00,1568,sms,LOC0176
CDR005357,PH00642,PH00698,2026-04-22 06:08:00,1572,app_message,LOC0119
CDR005358,PH00238,PH01058,2026-07-25 13:38:00,1903,sms,LOC0156
CDR005359,PH00692,PH00791,2026-07-09 23:09:00,1715,sms,LOC0054
CDR005360,PH00378,PH01072,2026-06-12 12:00:00,62,call,LOC0111
CDR005361,PH00319,PH00738,2026-08-05 20:26:00,1399,app_message,LOC0135
CDR005362,PH00339,PH01036,2026-03-26 13:09:00,21,call,LOC0029
CDR005363,PH00211,PH00225,2026-01-13 22:25:00,1258,call,LOC0117
CDR005364,PH00057,PH00386,2026-04-03 03:23:00,447,call,LOC0172
CDR005365,PH00037,PH00025,2026-06-28 20:01:00,2138,app_message,LOC0102
CDR005366,PH00260,PH00709,2026-08-22 15:53:00,1017,sms,LOC0147
CDR005367,PH00988,PH01006,2026-02-19 21:31:00,876,call,LOC0019
CDR005368,PH00141,PH00483,2026-08-24 10:29:00,1086,call,LOC0023
CDR005369,PH00171,PH00423,2026-07-19 23:08:00,1204,call,LOC0107
CDR005370,PH00301,PH00692,2026-05-08 18:24:00,815,sms,LOC0017
CDR005371,PH00097,PH00225,2026-06-25 06:53:00,203,app_message,LOC0021
CDR005372,PH00783,PH00299,2026-02-10 03:08:00,1351,sms,LOC0120
CDR005373,PH00420,PH00879,2026-08-22 06:30:00,1101,sms,LOC0115
CDR005374,PH00424,PH00521,2026-02-18 09:12:00,426,sms,LOC0041
CDR005375,PH00382,PH00541,2026-08-18 04:40:00,578,app_message,LOC0016
CDR005376,PH00360,PH00268,2026-04-18 21:36:00,1831,sms,LOC0028
CDR005377,PH00616,PH00229,2026-06-30 06:52:00,23,call,LOC0113
CDR005378,PH00095,PH00743,2026-08-31 17:42:00,1764,call,LOC0122
CDR005379,PH00448,PH00732,2026-01-06 01:59:00,804,app_message,LOC0100
CDR005380,PH00056,PH00973,2026-05-06 23:01:00,1299,sms,LOC0152
CDR005381,PH00921,PH00269,2026-03-06 13:06:00,256,app_message,LOC0016
CDR005382,PH00912,PH00797,2026-06-30 11:35:00,2032,app_message,LOC0039
CDR005383,PH00629,PH00129,2026-02-19 17:37:00,1484,call,LOC0080
CDR005384,PH00002,PH01012,2026-03-03 23:19:00,443,sms,LOC0051
CDR005385,PH00293,PH00418,2026-04-29 15:49:00,886,app_message,LOC0096
CDR005386,PH00977,PH00349,2026-06-29 19:34:00,586,call,LOC0013
CDR005387,PH00460,PH01041,2026-08-15 10:55:00,2187,sms,LOC0048
CDR005388,PH00251,PH00386,2026-03-08 12:08:00,932,app_message,LOC0087
CDR005389,PH01115,PH00164,2026-08-23 16:46:00,1815,app_message,LOC0069
CDR005390,PH00571,PH00840,2026-01-16 14:54:00,1819,call,LOC0113
CDR005391,PH00822,PH00642,2026-03-01 01:51:00,2342,app_message,LOC0170
CDR005392,PH00458,PH00141,2026-08-01 11:26:00,668,sms,LOC0151
CDR005393,PH00828,PH01099,2026-05-14 22:10:00,726,app_message,LOC0098
CDR005394,PH00331,PH01065,2026-04-08 21:55:00,2003,app_message,LOC0036
CDR005395,PH00202,PH00633,2026-02-12 09:36:00,1433,app_message,LOC0090
CDR005396,PH01192,PH00033,2026-08-30 04:41:00,1978,sms,LOC0178
CDR005397,PH00031,PH00696,2026-07-12 00:46:00,2323,app_message,LOC0048
CDR005398,PH00871,PH00688,2026-01-07 06:00:00,403,app_message,LOC0078
CDR005399,PH00888,PH00822,2026-08-14 08:40:00,974,app_message,LOC0059
CDR005400,PH00390,PH00384,2026-05-07 05:26:00,566,sms,LOC0133
CDR005401,PH01010,PH00724,2026-07-31 09:41:00,1423,sms,LOC0041
CDR005402,PH00829,PH00947,2026-08-07 12:31:00,2152,call,LOC0032
CDR005403,PH00421,PH00907,2026-01-05 08:04:00,1422,app_message,LOC0096
CDR005404,PH00605,PH00629,2026-08-20 16:12:00,790,app_message,LOC0058
CDR005405,PH00125,PH00107,2026-04-11 21:26:00,783,app_message,LOC0017
CDR005406,PH00523,PH00213,2026-07-22 01:05:00,1783,sms,LOC0066
CDR005407,PH00960,PH00750,2026-04-14 15:35:00,307,sms,LOC0150
CDR005408,PH00612,PH00982,2026-08-16 09:06:00,1456,call,LOC0066
CDR005409,PH00617,PH00752,2026-07-29 10:12:00,540,sms,LOC0176
CDR005410,PH00926,PH00226,2026-07-01 02:09:00,1566,app_message,LOC0030
CDR005411,PH00884,PH00788,2026-06-22 12:38:00,657,app_message,LOC0058
CDR005412,PH00222,PH00991,2026-08-18 21:17:00,542,app_message,LOC0168
CDR005413,PH01023,PH01064,2026-05-13 05:28:00,959,app_message,LOC0138
CDR005414,PH01046,PH00666,2026-01-25 13:53:00,945,sms,LOC0135
CDR005415,PH00312,PH00118,2026-02-25 13:05:00,721,app_message,LOC0014
CDR005416,PH00431,PH01139,2026-08-28 16:17:00,1448,call,LOC0093
CDR005417,PH00892,PH00814,2026-01-22 17:48:00,2229,app_message,LOC0128
CDR005418,PH00431,PH01087,2026-05-12 20:07:00,817,call,LOC0047
CDR005419,PH00883,PH00044,2026-02-28 01:05:00,1502,app_message,LOC0004
CDR005420,PH00425,PH00194,2026-03-27 20:14:00,447,sms,LOC0157
CDR005421,PH00330,PH00086,2026-01-28 23:26:00,1568,call,LOC0058
CDR005422,PH00633,PH00698,2026-04-02 02:14:00,536,sms,LOC0115
CDR005423,PH00054,PH01060,2026-06-02 06:34:00,1310,call,LOC0130
CDR005424,PH00004,PH00632,2026-07-27 13:36:00,660,app_message,LOC0063
CDR005425,PH00905,PH00098,2026-05-04 21:09:00,856,sms,LOC0043
CDR005426,PH00183,PH00054,2026-06-22 10:46:00,341,call,LOC0062
CDR005427,PH00847,PH00840,2026-06-23 15:30:00,778,sms,LOC0125
CDR005428,PH00908,PH00046,2026-01-25 09:30:00,673,app_message,LOC0075
CDR005429,PH00273,PH01017,2026-04-10 07:30:00,1979,sms,LOC0094
CDR005430,PH00452,PH00299,2026-03-02 20:57:00,1983,call,LOC0094
CDR005431,PH01180,PH00245,2026-03-09 12:10:00,204,sms,LOC0028
CDR005432,PH00048,PH00610,2026-08-24 12:53:00,2200,app_message,LOC0097
CDR005433,PH00713,PH00960,2026-04-30 06:49:00,365,call,LOC0179
CDR005434,PH00492,PH00178,2026-03-03 12:49:00,2105,call,LOC0150
CDR005435,PH00401,PH00844,2026-02-05 18:31:00,171,call,LOC0058
CDR005436,PH00755,PH00113,2026-06-03 23:21:00,2060,sms,LOC0115
CDR005437,PH00603,PH00998,2026-07-21 18:54:00,1005,call,LOC0132
CDR005438,PH00471,PH01090,2026-01-15 09:07:00,366,call,LOC0120
CDR005439,PH01004,PH00963,2026-06-10 23:22:00,904,sms,LOC0099
CDR005440,PH00277,PH00186,2026-01-07 04:48:00,29,sms,LOC0066
CDR005441,PH00723,PH00718,2026-08-19 22:25:00,1631,sms,LOC0048
CDR005442,PH01053,PH00607,2026-06-18 07:33:00,1929,app_message,LOC0014
CDR005443,PH00092,PH00441,2026-07-24 17:35:00,1377,app_message,LOC0148
CDR005444,PH00771,PH00120,2026-06-26 15:15:00,2234,call,LOC0018
CDR005445,PH00143,PH00749,2026-01-23 21:47:00,516,app_message,LOC0140
CDR005446,PH00075,PH00931,2026-02-03 18:53:00,1110,sms,LOC0045
CDR005447,PH01050,PH00545,2026-06-05 19:20:00,392,call,LOC0016
CDR005448,PH00270,PH00958,2026-03-07 02:59:00,23,app_message,LOC0044
CDR005449,PH00523,PH00990,2026-08-30 00:12:00,2337,app_message,LOC0135
CDR005450,PH00918,PH01089,2026-04-06 04:06:00,220,app_message,LOC0114
CDR005451,PH00670,PH00267,2026-02-02 17:39:00,213,call,LOC0008
CDR005452,PH00475,PH00036,2026-06-06 13:58:00,1478,call,LOC0065
CDR005453,PH00356,PH00811,2026-04-17 02:20:00,1948,call,LOC0059
CDR005454,PH00498,PH00676,2026-03-05 14:55:00,524,app_message,LOC0086
CDR005455,PH00574,PH00591,2026-07-01 14:53:00,131,call,LOC0014
CDR005456,PH01177,PH00626,2026-02-02 23:13:00,469,sms,LOC0084
CDR005457,PH01084,PH01156,2026-08-03 03:14:00,71,call,LOC0124
CDR005458,PH00253,PH00645,2026-04-15 02:40:00,1365,app_message,LOC0088
CDR005459,PH00700,PH00495,2026-03-16 00:00:00,1590,call,LOC0053
CDR005460,PH00906,PH01033,2026-04-09 19:53:00,1704,app_message,LOC0161
CDR005461,PH00438,PH00341,2026-03-15 12:22:00,831,sms,LOC0016
CDR005462,PH00795,PH00342,2026-02-08 18:24:00,301,app_message,LOC0146
CDR005463,PH01194,PH00080,2026-02-10 10:21:00,1328,call,LOC0133
CDR005464,PH00077,PH00990,2026-01-08 18:48:00,1264,sms,LOC0005
CDR005465,PH00257,PH00790,2026-05-18 23:27:00,2098,sms,LOC0098
CDR005466,PH00613,PH01036,2026-07-16 14:22:00,564,app_message,LOC0014
CDR005467,PH00890,PH01056,2026-03-26 22:07:00,1972,call,LOC0133
CDR005468,PH01129,PH00088,2026-02-02 14:28:00,1969,call,LOC0178
CDR005469,PH00129,PH00448,2026-06-30 01:01:00,1005,app_message,LOC0143
CDR005470,PH00018,PH00340,2026-06-22 11:37:00,73,sms,LOC0089
CDR005471,PH00718,PH00519,2026-07-12 21:08:00,566,sms,LOC0107
CDR005472,PH00781,PH00524,2026-03-30 07:34:00,1573,call,LOC0139
CDR005473,PH00181,PH00253,2026-01-28 21:52:00,19,sms,LOC0161
CDR005474,PH00024,PH00867,2026-08-07 05:29:00,82,app_message,LOC0030
CDR005475,PH00989,PH01044,2026-03-08 21:02:00,355,app_message,LOC0162
CDR005476,PH00883,PH00701,2026-07-16 00:04:00,1646,call,LOC0039
CDR005477,PH00774,PH01045,2026-04-11 14:47:00,1496,app_message,LOC0084
CDR005478,PH00802,PH00980,2026-04-20 11:41:00,1757,app_message,LOC0173
CDR005479,PH00513,PH01034,2026-07-03 05:09:00,787,sms,LOC0103
CDR005480,PH01192,PH00134,2026-08-24 17:05:00,2064,app_message,LOC0011
CDR005481,PH00698,PH00581,2026-04-30 00:23:00,616,sms,LOC0107
CDR005482,PH00134,PH00214,2026-08-23 02:31:00,60,app_message,LOC0107
CDR005483,PH00802,PH00199,2026-03-01 23:56:00,634,call,LOC0148
CDR005484,PH00317,PH00170,2026-01-21 08:53:00,994,call,LOC0114
CDR005485,PH00294,PH00201,2026-02-12 23:01:00,1346,sms,LOC0157
CDR005486,PH00021,PH00406,2026-04-13 17:38:00,808,sms,LOC0165
CDR005487,PH00260,PH00777,2026-05-04 07:22:00,1263,call,LOC0149
CDR005488,PH00888,PH00052,2026-01-31 04:01:00,2169,sms,LOC0076
CDR005489,PH00853,PH00468,2026-02-11 23:59:00,39,sms,LOC0100
CDR005490,PH00926,PH00246,2026-07-27 22:04:00,111,app_message,LOC0168
CDR005491,PH00241,PH00555,2026-01-22 21:19:00,186,call,LOC0045
CDR005492,PH01022,PH00545,2026-04-09 09:44:00,1809,sms,LOC0069
CDR005493,PH00593,PH00621,2026-05-25 04:35:00,141,call,LOC0050
CDR005494,PH00662,PH00098,2026-05-12 18:47:00,2395,call,LOC0097
CDR005495,PH00771,PH00814,2026-04-08 01:10:00,1194,app_message,LOC0134
CDR005496,PH00021,PH00364,2026-04-16 22:25:00,1613,sms,LOC0113
CDR005497,PH00856,PH00142,2026-02-07 04:44:00,2399,sms,LOC0073
CDR005498,PH00558,PH01102,2026-01-11 11:58:00,2240,call,LOC0177
CDR005499,PH00427,PH00824,2026-03-09 21:15:00,265,sms,LOC0104
CDR005500,PH00669,PH01062,2026-02-28 17:36:00,2202,app_message,LOC0166
CDR005501,PH00094,PH00416,2026-04-22 04:07:00,541,sms,LOC0101
CDR005502,PH00364,PH00985,2026-03-11 08:27:00,700,sms,LOC0073
CDR005503,PH00984,PH00571,2026-08-03 03:32:00,1508,call,LOC0028
CDR005504,PH00726,PH00322,2026-03-29 14:58:00,1488,sms,LOC0044
CDR005505,PH00958,PH00830,2026-04-13 10:23:00,754,call,LOC0026
CDR005506,PH00741,PH01052,2026-04-14 02:58:00,1250,sms,LOC0172
CDR005507,PH00600,PH00204,2026-07-02 16:02:00,1484,call,LOC0120
CDR005508,PH00798,PH00216,2026-08-23 20:25:00,783,call,LOC0044
CDR005509,PH00706,PH00420,2026-03-26 09:03:00,2258,call,LOC0089
CDR005510,PH00180,PH00606,2026-04-04 14:59:00,390,sms,LOC0157
CDR005511,PH00495,PH01172,2026-01-04 14:45:00,1393,sms,LOC0086
CDR005512,PH00713,PH00691,2026-06-09 08:34:00,382,app_message,LOC0164
CDR005513,PH00160,PH00896,2026-08-29 18:34:00,2126,app_message,LOC0158
CDR005514,PH00529,PH00275,2026-07-03 14:21:00,1437,sms,LOC0180
CDR005515,PH00330,PH00012,2026-06-18 22:46:00,317,call,LOC0149
CDR005516,PH00750,PH00180,2026-02-11 20:24:00,1344,app_message,LOC0131
CDR005517,PH00248,PH01157,2026-01-03 01:12:00,1241,app_message,LOC0023
CDR005518,PH01030,PH00431,2026-04-17 01:12:00,473,sms,LOC0007
CDR005519,PH00649,PH00134,2026-01-18 10:53:00,954,call,LOC0042
CDR005520,PH00198,PH01106,2026-08-12 20:09:00,977,sms,LOC0010
CDR005521,PH00323,PH01041,2026-08-29 21:04:00,1339,call,LOC0135
CDR005522,PH00887,PH01073,2026-04-15 07:50:00,1493,sms,LOC0027
CDR005523,PH00537,PH00173,2026-03-20 08:48:00,310,sms,LOC0108
CDR005524,PH00253,PH00984,2026-02-20 07:12:00,2200,app_message,LOC0086
CDR005525,PH00597,PH00592,2026-08-29 14:23:00,2233,app_message,LOC0130
CDR005526,PH00191,PH00462,2026-06-18 17:35:00,1767,sms,LOC0091
CDR005527,PH01160,PH00968,2026-06-21 04:08:00,32,call,LOC0122
CDR005528,PH01016,PH00772,2026-01-29 04:20:00,330,call,LOC0037
CDR005529,PH00896,PH00983,2026-03-30 23:22:00,2034,call,LOC0089
CDR005530,PH00616,PH00623,2026-05-27 20:59:00,1217,sms,LOC0029
CDR005531,PH01021,PH00154,2026-05-28 17:02:00,2259,sms,LOC0106
CDR005532,PH00392,PH00700,2026-01-28 12:36:00,96,app_message,LOC0029
CDR005533,PH00776,PH01153,2026-04-24 18:03:00,1312,call,LOC0037
CDR005534,PH00649,PH00206,2026-08-12 23:12:00,2021,sms,LOC0105
CDR005535,PH00910,PH00572,2026-05-09 12:58:00,2146,sms,LOC0036
CDR005536,PH01034,PH00956,2026-06-23 00:54:00,1479,app_message,LOC0028
CDR005537,PH01139,PH00103,2026-06-17 00:36:00,1114,call,LOC0136
CDR005538,PH01177,PH00751,2026-04-20 20:13:00,2196,call,LOC0104
CDR005539,PH00112,PH00045,2026-04-05 03:09:00,72,app_message,LOC0030
CDR005540,PH00764,PH01066,2026-03-01 08:52:00,1656,call,LOC0090
CDR005541,PH00596,PH01119,2026-01-20 02:31:00,1896,app_message,LOC0021
CDR005542,PH00258,PH00168,2026-02-15 14:29:00,2214,sms,LOC0037
CDR005543,PH00815,PH00125,2026-05-17 02:39:00,2165,sms,LOC0002
CDR005544,PH00011,PH00561,2026-05-20 21:47:00,1399,sms,LOC0064
CDR005545,PH01014,PH01012,2026-05-28 05:27:00,1070,sms,LOC0048
CDR005546,PH00481,PH00299,2026-08-24 11:50:00,2010,call,LOC0032
CDR005547,PH00323,PH00834,2026-06-30 01:02:00,1185,app_message,LOC0165
CDR005548,PH01044,PH00744,2026-05-15 21:58:00,113,app_message,LOC0118
CDR005549,PH01116,PH00207,2026-07-16 21:26:00,1941,call,LOC0162
CDR005550,PH00986,PH00025,2026-03-28 21:19:00,1325,sms,LOC0011
CDR005551,PH00073,PH01074,2026-02-11 19:07:00,1396,sms,LOC0152
CDR005552,PH00833,PH00721,2026-01-29 23:45:00,1460,app_message,LOC0078
CDR005553,PH00325,PH00904,2026-03-08 20:57:00,1392,app_message,LOC0150
CDR005554,PH00003,PH00419,2026-07-23 12:39:00,595,call,LOC0114
CDR005555,PH00938,PH00394,2026-07-07 16:58:00,2323,sms,LOC0158
CDR005556,PH01175,PH00898,2026-07-22 13:04:00,60,call,LOC0126
CDR005557,PH00732,PH00564,2026-05-01 06:19:00,1727,sms,LOC0134
CDR005558,PH00957,PH00757,2026-07-12 19:36:00,1395,sms,LOC0053
CDR005559,PH00108,PH00732,2026-05-25 03:40:00,1083,call,LOC0127
CDR005560,PH00469,PH00171,2026-02-17 01:47:00,1053,sms,LOC0114
CDR005561,PH01081,PH00992,2026-04-26 02:34:00,1108,app_message,LOC0034
CDR005562,PH00512,PH00875,2026-01-11 22:36:00,1621,sms,LOC0069
CDR005563,PH01108,PH01006,2026-08-12 02:58:00,612,call,LOC0025
CDR005564,PH01163,PH00697,2026-07-22 09:14:00,1840,sms,LOC0091
CDR005565,PH00995,PH00641,2026-02-28 01:50:00,795,call,LOC0027
CDR005566,PH00946,PH00945,2026-05-09 04:17:00,244,sms,LOC0052
CDR005567,PH00866,PH01015,2026-04-14 01:01:00,664,app_message,LOC0162
CDR005568,PH00770,PH00088,2026-08-12 04:18:00,2314,call,LOC0058
CDR005569,PH00730,PH00261,2026-02-09 17:50:00,1506,call,LOC0039
CDR005570,PH00042,PH00118,2026-02-02 13:16:00,20,call,LOC0064
CDR005571,PH00695,PH00301,2026-05-29 09:15:00,1352,sms,LOC0083
CDR005572,PH00102,PH00446,2026-01-17 11:39:00,1648,app_message,LOC0177
CDR005573,PH01073,PH00038,2026-04-12 03:18:00,945,call,LOC0092
CDR005574,PH00205,PH00252,2026-07-09 06:29:00,1872,app_message,LOC0014
CDR005575,PH01156,PH00233,2026-04-22 07:45:00,2323,sms,LOC0126
CDR005576,PH00433,PH00502,2026-01-28 02:42:00,582,sms,LOC0169
CDR005577,PH01075,PH00374,2026-08-29 20:26:00,1884,sms,LOC0063
CDR005578,PH01141,PH00030,2026-04-08 09:58:00,2235,sms,LOC0076
CDR005579,PH00131,PH01142,2026-03-02 03:02:00,841,app_message,LOC0086
CDR005580,PH00087,PH00563,2026-01-16 04:39:00,880,sms,LOC0085
CDR005581,PH00854,PH00470,2026-05-15 03:19:00,2118,call,LOC0076
CDR005582,PH00505,PH00929,2026-01-10 01:02:00,1479,call,LOC0109
CDR005583,PH00379,PH00299,2026-08-04 22:04:00,1557,sms,LOC0130
CDR005584,PH01095,PH00768,2026-05-01 16:09:00,1071,sms,LOC0162
CDR005585,PH01038,PH00864,2026-05-10 03:20:00,134,call,LOC0033
CDR005586,PH01126,PH00532,2026-03-13 22:46:00,1527,call,LOC0052
CDR005587,PH00613,PH01126,2026-01-30 01:05:00,2025,sms,LOC0172
CDR005588,PH00789,PH00436,2026-08-13 08:03:00,2379,sms,LOC0165
CDR005589,PH00644,PH00485,2026-05-21 03:23:00,1299,call,LOC0177
CDR005590,PH00726,PH00031,2026-05-16 17:50:00,1483,app_message,LOC0042
CDR005591,PH00756,PH00104,2026-03-20 03:03:00,1236,app_message,LOC0120
CDR005592,PH00479,PH00960,2026-01-22 13:38:00,424,sms,LOC0030
CDR005593,PH00199,PH00865,2026-08-01 13:06:00,1014,app_message,LOC0063
CDR005594,PH00223,PH01011,2026-05-16 16:34:00,1181,app_message,LOC0061
CDR005595,PH00074,PH00617,2026-06-29 10:36:00,1340,app_message,LOC0129
CDR005596,PH00451,PH00078,2026-03-21 21:19:00,1434,call,LOC0068
CDR005597,PH00313,PH00634,2026-08-28 07:06:00,697,call,LOC0078
CDR005598,PH00833,PH00687,2026-05-18 02:28:00,1815,sms,LOC0178
CDR005599,PH01055,PH00626,2026-01-04 17:23:00,1386,sms,LOC0141
CDR005600,PH01125,PH00928,2026-08-28 16:51:00,563,call,LOC0173
CDR005601,PH01112,PH00879,2026-05-15 14:15:00,1913,call,LOC0153
CDR005602,PH00968,PH00709,2026-01-14 07:01:00,347,call,LOC0011
CDR005603,PH00754,PH00874,2026-08-30 10:19:00,2240,call,LOC0143
CDR005604,PH00475,PH00358,2026-03-23 19:00:00,9,sms,LOC0020
CDR005605,PH00768,PH00587,2026-02-15 22:56:00,1813,sms,LOC0033
CDR005606,PH00303,PH00261,2026-06-27 08:32:00,706,sms,LOC0046
CDR005607,PH00522,PH00334,2026-01-27 09:17:00,705,sms,LOC0158
CDR005608,PH00086,PH00396,2026-06-11 04:39:00,1181,sms,LOC0117
CDR005609,PH00874,PH01003,2026-06-21 13:14:00,577,sms,LOC0142
CDR005610,PH01194,PH01070,2026-02-06 09:34:00,537,call,LOC0023
CDR005611,PH00494,PH00073,2026-05-23 09:45:00,2146,app_message,LOC0037
CDR005612,PH00369,PH00003,2026-07-16 10:26:00,213,call,LOC0114
CDR005613,PH01155,PH00003,2026-01-10 23:04:00,2366,call,LOC0015
CDR005614,PH00737,PH00024,2026-08-07 07:28:00,48,app_message,LOC0046
CDR005615,PH01015,PH01179,2026-08-29 10:28:00,20,call,LOC0035
CDR005616,PH00356,PH00318,2026-08-01 17:36:00,1081,sms,LOC0037
CDR005617,PH00286,PH00456,2026-02-12 18:43:00,2251,sms,LOC0038
CDR005618,PH01111,PH00224,2026-08-01 21:53:00,637,sms,LOC0123
CDR005619,PH00368,PH00764,2026-08-27 13:21:00,385,call,LOC0066
CDR005620,PH00672,PH00563,2026-05-16 07:45:00,1194,app_message,LOC0017
CDR005621,PH01116,PH00128,2026-05-31 19:58:00,1482,app_message,LOC0001
CDR005622,PH00220,PH01014,2026-07-14 12:30:00,306,app_message,LOC0015
CDR005623,PH00567,PH01068,2026-05-11 05:22:00,2282,sms,LOC0161
CDR005624,PH00859,PH00772,2026-06-13 12:20:00,1415,call,LOC0055
CDR005625,PH01125,PH00757,2026-01-16 01:38:00,1171,sms,LOC0032
CDR005626,PH00642,PH00466,2026-05-09 05:28:00,1227,sms,LOC0132
CDR005627,PH00533,PH00171,2026-04-11 14:15:00,634,sms,LOC0029
CDR005628,PH00502,PH00014,2026-08-09 04:44:00,157,app_message,LOC0133
CDR005629,PH00500,PH00595,2026-02-05 13:09:00,1860,sms,LOC0028
CDR005630,PH00453,PH00728,2026-06-07 08:44:00,898,app_message,LOC0058
CDR005631,PH00603,PH00335,2026-08-03 16:03:00,2226,app_message,LOC0084
CDR005632,PH00837,PH00260,2026-01-04 20:51:00,674,sms,LOC0021
CDR005633,PH00670,PH00256,2026-08-07 04:45:00,1467,app_message,LOC0055
CDR005634,PH00940,PH00921,2026-02-22 09:40:00,1839,app_message,LOC0151
CDR005635,PH01103,PH00587,2026-07-10 08:05:00,2283,app_message,LOC0084
CDR005636,PH01094,PH00900,2026-01-07 07:52:00,82,app_message,LOC0105
CDR005637,PH00610,PH00280,2026-06-12 10:43:00,37,app_message,LOC0106
CDR005638,PH00540,PH00051,2026-07-22 23:38:00,694,sms,LOC0098
CDR005639,PH01179,PH00589,2026-08-22 17:25:00,2358,app_message,LOC0036
CDR005640,PH00145,PH01053,2026-08-28 17:04:00,984,sms,LOC0084
CDR005641,PH00629,PH00952,2026-07-27 06:01:00,1900,sms,LOC0082
CDR005642,PH00268,PH00163,2026-06-06 15:09:00,528,app_message,LOC0002
CDR005643,PH00059,PH01086,2026-07-07 11:35:00,1981,app_message,LOC0116
CDR005644,PH00607,PH00742,2026-08-19 12:09:00,916,sms,LOC0162
CDR005645,PH01001,PH00489,2026-08-30 13:05:00,1489,sms,LOC0020
CDR005646,PH00211,PH00704,2026-05-26 21:49:00,1394,call,LOC0005
CDR005647,PH01128,PH00800,2026-04-15 19:15:00,1241,app_message,LOC0105
CDR005648,PH00495,PH00509,2026-03-08 04:58:00,144,sms,LOC0163
CDR005649,PH00549,PH01097,2026-01-31 20:28:00,1207,sms,LOC0010
CDR005650,PH00046,PH00172,2026-05-03 14:37:00,339,call,LOC0170
CDR005651,PH00163,PH00889,2026-03-29 06:19:00,2014,call,LOC0061
CDR005652,PH00204,PH00686,2026-05-09 13:41:00,822,sms,LOC0010
CDR005653,PH00379,PH00647,2026-07-01 10:25:00,1537,call,LOC0030
CDR005654,PH00827,PH01118,2026-02-02 06:13:00,153,sms,LOC0135
CDR005655,PH01011,PH00447,2026-01-13 14:09:00,1509,sms,LOC0088
CDR005656,PH01143,PH00732,2026-08-06 16:59:00,1834,call,LOC0122
CDR005657,PH00962,PH00149,2026-06-21 01:13:00,520,call,LOC0128
CDR005658,PH00854,PH00684,2026-04-19 22:27:00,2025,app_message,LOC0035
CDR005659,PH00324,PH00057,2026-03-26 22:53:00,1975,sms,LOC0110
CDR005660,PH00065,PH00525,2026-02-16 13:25:00,896,sms,LOC0141
CDR005661,PH01051,PH00714,2026-02-27 16:47:00,1686,app_message,LOC0014
CDR005662,PH00524,PH01156,2026-03-13 10:14:00,2139,sms,LOC0050
CDR005663,PH01117,PH00417,2026-06-20 11:02:00,2085,app_message,LOC0122
CDR005664,PH00855,PH00859,2026-07-05 21:25:00,1893,sms,LOC0014
CDR005665,PH00683,PH00646,2026-01-20 18:59:00,1886,sms,LOC0068
CDR005666,PH00294,PH01044,2026-05-28 15:58:00,875,sms,LOC0053
CDR005667,PH00100,PH00529,2026-01-15 15:04:00,1967,app_message,LOC0027
CDR005668,PH00461,PH01022,2026-07-23 18:52:00,214,call,LOC0097
CDR005669,PH00739,PH01158,2026-08-29 19:45:00,1065,sms,LOC0161
CDR005670,PH01132,PH00291,2026-02-26 04:25:00,109,sms,LOC0066
CDR005671,PH00193,PH00620,2026-02-03 14:17:00,1680,call,LOC0094
CDR005672,PH00922,PH00690,2026-05-29 22:06:00,1567,sms,LOC0164
CDR005673,PH00188,PH00501,2026-07-29 20:57:00,736,call,LOC0044
CDR005674,PH00397,PH00605,2026-06-03 14:45:00,627,call,LOC0153
CDR005675,PH00642,PH00581,2026-03-07 02:42:00,189,app_message,LOC0176
CDR005676,PH00361,PH01014,2026-08-27 05:58:00,1144,call,LOC0130
CDR005677,PH00566,PH00711,2026-05-08 04:29:00,1096,app_message,LOC0114
CDR005678,PH00298,PH00473,2026-08-30 05:42:00,1070,sms,LOC0119
CDR005679,PH00575,PH00314,2026-07-05 21:27:00,1179,call,LOC0068
CDR005680,PH00276,PH00046,2026-02-24 20:16:00,1481,sms,LOC0134
CDR005681,PH00322,PH00269,2026-06-03 12:10:00,1628,sms,LOC0030
CDR005682,PH00557,PH00011,2026-08-23 18:55:00,1298,sms,LOC0126
CDR005683,PH00059,PH01068,2026-04-30 09:59:00,472,app_message,LOC0030
CDR005684,PH00858,PH00828,2026-01-07 17:20:00,867,call,LOC0071
CDR005685,PH00871,PH00273,2026-08-08 19:10:00,1689,sms,LOC0129
CDR005686,PH00971,PH00691,2026-06-03 01:07:00,1572,app_message,LOC0130
CDR005687,PH00774,PH00958,2026-06-09 09:41:00,1648,sms,LOC0073
CDR005688,PH00431,PH00402,2026-02-23 19:33:00,1321,app_message,LOC0172
CDR005689,PH00757,PH00152,2026-04-07 04:25:00,765,call,LOC0048
CDR005690,PH00394,PH01131,2026-01-31 13:05:00,2254,sms,LOC0021
CDR005691,PH00374,PH00111,2026-01-14 14:29:00,1178,app_message,LOC0164
CDR005692,PH00155,PH00519,2026-04-11 08:06:00,1153,call,LOC0063
CDR005693,PH00860,PH00655,2026-04-07 05:54:00,351,call,LOC0050
CDR005694,PH00818,PH00533,2026-03-27 10:59:00,209,sms,LOC0172
CDR005695,PH00730,PH00095,2026-06-13 06:10:00,692,sms,LOC0150
CDR005696,PH00969,PH00091,2026-05-22 23:26:00,754,app_message,LOC0007
CDR005697,PH00972,PH00054,2026-02-05 05:23:00,135,app_message,LOC0013
CDR005698,PH00314,PH00147,2026-02-18 22:33:00,1862,call,LOC0094
CDR005699,PH00687,PH00228,2026-01-11 19:19:00,1262,sms,LOC0056
CDR005700,PH00373,PH00456,2026-07-31 02:06:00,156,call,LOC0157
CDR005701,PH00022,PH00881,2026-05-23 06:13:00,1052,call,LOC0146
CDR005702,PH00283,PH00064,2026-04-05 17:37:00,1275,call,LOC0130
CDR005703,PH00788,PH00301,2026-06-11 07:48:00,107,call,LOC0092
CDR005704,PH01153,PH00805,2026-05-24 01:38:00,2115,call,LOC0034
CDR005705,PH00119,PH00806,2026-05-09 07:31:00,625,call,LOC0124
CDR005706,PH00095,PH00372,2026-08-19 00:41:00,1683,sms,LOC0040
CDR005707,PH00982,PH01191,2026-01-04 11:22:00,361,app_message,LOC0176
CDR005708,PH00828,PH00435,2026-05-29 22:04:00,442,sms,LOC0173
CDR005709,PH00654,PH00089,2026-04-19 14:41:00,1229,app_message,LOC0057
CDR005710,PH00100,PH01007,2026-06-27 16:49:00,841,app_message,LOC0135
CDR005711,PH01005,PH01029,2026-01-06 21:10:00,2342,sms,LOC0011
CDR005712,PH00144,PH00501,2026-05-17 08:52:00,1893,call,LOC0100
CDR005713,PH00384,PH00514,2026-06-18 16:00:00,1388,app_message,LOC0112
CDR005714,PH01071,PH00745,2026-07-06 17:31:00,1386,sms,LOC0179
CDR005715,PH00482,PH00956,2026-06-29 03:19:00,405,sms,LOC0136
CDR005716,PH00106,PH00915,2026-03-25 17:13:00,2219,app_message,LOC0143
CDR005717,PH00688,PH00113,2026-04-09 01:03:00,2157,sms,LOC0010
CDR005718,PH00203,PH00345,2026-03-20 04:17:00,1261,app_message,LOC0073
CDR005719,PH00754,PH00441,2026-08-23 15:36:00,84,app_message,LOC0104
CDR005720,PH00521,PH00017,2026-06-23 21:34:00,503,sms,LOC0118
CDR005721,PH00966,PH00797,2026-04-28 21:52:00,2215,call,LOC0111
CDR005722,PH00787,PH00736,2026-04-23 11:04:00,1416,sms,LOC0169
CDR005723,PH00159,PH00929,2026-08-04 17:23:00,2265,call,LOC0125
CDR005724,PH01180,PH00571,2026-08-05 18:39:00,201,app_message,LOC0162
CDR005725,PH00107,PH00755,2026-02-13 10:24:00,774,sms,LOC0037
CDR005726,PH00747,PH00395,2026-07-01 23:26:00,1976,app_message,LOC0058
CDR005727,PH00531,PH00723,2026-01-07 06:45:00,51,sms,LOC0005
CDR005728,PH00708,PH01140,2026-04-18 20:46:00,642,sms,LOC0025
CDR005729,PH00328,PH00797,2026-01-12 08:48:00,892,sms,LOC0043
CDR005730,PH00143,PH00508,2026-03-09 03:39:00,781,app_message,LOC0012
CDR005731,PH01198,PH00442,2026-06-22 11:16:00,2167,app_message,LOC0030
CDR005732,PH01045,PH00270,2026-03-05 05:21:00,869,call,LOC0082
CDR005733,PH00790,PH00250,2026-08-10 21:59:00,952,app_message,LOC0021
CDR005734,PH01156,PH00578,2026-07-04 14:51:00,293,sms,LOC0007
CDR005735,PH00635,PH00528,2026-04-15 21:33:00,284,sms,LOC0090
CDR005736,PH00285,PH00935,2026-04-18 15:52:00,1579,call,LOC0104
CDR005737,PH00536,PH00583,2026-01-07 02:00:00,996,app_message,LOC0174
CDR005738,PH00989,PH00778,2026-03-24 06:45:00,1373,call,LOC0038
CDR005739,PH00510,PH01003,2026-08-03 23:38:00,226,app_message,LOC0004
CDR005740,PH00188,PH00358,2026-07-21 02:24:00,2188,call,LOC0114
CDR005741,PH00695,PH00758,2026-06-13 16:04:00,1791,sms,LOC0111
CDR005742,PH00617,PH00538,2026-08-13 01:42:00,1148,call,LOC0123
CDR005743,PH00269,PH01054,2026-06-10 22:26:00,1848,app_message,LOC0033
CDR005744,PH00492,PH00522,2026-07-05 18:47:00,734,sms,LOC0038
CDR005745,PH00522,PH00178,2026-05-20 07:02:00,806,app_message,LOC0126
CDR005746,PH00085,PH01147,2026-01-09 23:42:00,2103,call,LOC0176
CDR005747,PH00672,PH00716,2026-04-12 08:21:00,1089,sms,LOC0165
CDR005748,PH00530,PH00879,2026-03-09 02:48:00,63,call,LOC0045
CDR005749,PH00202,PH00154,2026-04-16 00:47:00,955,sms,LOC0133
CDR005750,PH00717,PH00299,2026-06-01 18:27:00,1645,app_message,LOC0035
CDR005751,PH00881,PH00298,2026-04-29 09:56:00,1609,sms,LOC0053
CDR005752,PH00018,PH00506,2026-06-21 16:46:00,2090,call,LOC0035
CDR005753,PH00375,PH00402,2026-01-09 17:25:00,2193,app_message,LOC0069
CDR005754,PH00981,PH00255,2026-03-16 18:01:00,692,call,LOC0179
CDR005755,PH00531,PH00869,2026-06-13 08:15:00,1627,call,LOC0049
CDR005756,PH00185,PH01177,2026-05-29 16:42:00,1169,app_message,LOC0150
CDR005757,PH00931,PH00758,2026-07-26 23:14:00,1651,call,LOC0097
CDR005758,PH01183,PH00273,2026-05-26 02:18:00,1858,app_message,LOC0176
CDR005759,PH00393,PH00007,2026-02-25 01:40:00,1728,sms,LOC0022
CDR005760,PH00816,PH01027,2026-08-10 09:36:00,2098,app_message,LOC0127
CDR005761,PH00345,PH00302,2026-08-07 13:17:00,1791,sms,LOC0095
CDR005762,PH00592,PH00959,2026-07-09 19:33:00,455,sms,LOC0102
CDR005763,PH01063,PH00359,2026-02-13 13:20:00,618,app_message,LOC0132
CDR005764,PH00256,PH00786,2026-05-01 04:44:00,2181,app_message,LOC0091
CDR005765,PH00185,PH00393,2026-06-18 23:49:00,2070,app_message,LOC0171
CDR005766,PH01016,PH00424,2026-01-29 23:20:00,370,app_message,LOC0126
CDR005767,PH00052,PH00100,2026-08-04 23:32:00,674,call,LOC0135
CDR005768,PH00183,PH00857,2026-08-07 03:14:00,334,sms,LOC0085
CDR005769,PH00587,PH00556,2026-02-26 03:04:00,427,sms,LOC0171
CDR005770,PH00895,PH00824,2026-07-21 17:35:00,1593,app_message,LOC0084
CDR005771,PH00636,PH00372,2026-01-21 20:38:00,465,call,LOC0094
CDR005772,PH00557,PH00116,2026-08-26 12:33:00,2350,app_message,LOC0177
CDR005773,PH00379,PH00501,2026-04-08 06:26:00,1472,sms,LOC0158
CDR005774,PH00605,PH00678,2026-01-17 12:30:00,1441,call,LOC0059
CDR005775,PH00314,PH01140,2026-06-25 10:18:00,1182,app_message,LOC0126
CDR005776,PH00536,PH01088,2026-01-10 15:16:00,981,app_message,LOC0130
CDR005777,PH01162,PH00863,2026-05-22 23:28:00,1253,app_message,LOC0108
CDR005778,PH01131,PH01034,2026-05-09 07:09:00,2378,sms,LOC0146
CDR005779,PH01187,PH00100,2026-05-01 13:31:00,369,sms,LOC0176
CDR005780,PH00451,PH01116,2026-03-24 03:31:00,2395,sms,LOC0126
CDR005781,PH00182,PH00069,2026-04-23 12:54:00,2102,sms,LOC0085
CDR005782,PH00684,PH00079,2026-06-25 13:03:00,1070,call,LOC0005
CDR005783,PH00693,PH00380,2026-05-20 21:44:00,1239,app_message,LOC0009
CDR005784,PH00206,PH00500,2026-03-05 18:34:00,274,sms,LOC0018
CDR005785,PH00580,PH00409,2026-06-09 04:21:00,197,call,LOC0121
CDR005786,PH00024,PH00255,2026-01-02 20:28:00,98,call,LOC0083
CDR005787,PH00680,PH00561,2026-01-16 04:29:00,1240,app_message,LOC0176
CDR005788,PH00616,PH00304,2026-07-22 13:11:00,1955,sms,LOC0142
CDR005789,PH00632,PH00692,2026-03-27 00:43:00,1914,app_message,LOC0180
CDR005790,PH00803,PH00740,2026-03-28 05:50:00,2262,call,LOC0058
CDR005791,PH00327,PH00367,2026-08-18 07:52:00,2261,app_message,LOC0054
CDR005792,PH00735,PH00652,2026-04-08 06:32:00,396,sms,LOC0017
CDR005793,PH00989,PH00349,2026-05-08 17:30:00,1103,sms,LOC0124
CDR005794,PH00902,PH00339,2026-01-18 06:48:00,165,app_message,LOC0175
CDR005795,PH00211,PH00769,2026-01-10 03:28:00,1253,sms,LOC0054
CDR005796,PH00635,PH00504,2026-01-05 06:47:00,742,sms,LOC0038
CDR005797,PH00587,PH00708,2026-04-25 13:09:00,1927,app_message,LOC0127
CDR005798,PH00643,PH00693,2026-02-27 06:52:00,2151,sms,LOC0136
CDR005799,PH00075,PH01033,2026-04-21 22:23:00,887,sms,LOC0123
CDR005800,PH00014,PH00850,2026-06-03 02:41:00,474,app_message,LOC0069
CDR005801,PH00854,PH00822,2026-07-03 05:44:00,714,call,LOC0178
CDR005802,PH00739,PH00618,2026-01-24 08:45:00,1141,sms,LOC0084
CDR005803,PH00691,PH00263,2026-01-27 13:45:00,2332,call,LOC0154
CDR005804,PH00742,PH00465,2026-02-25 15:01:00,139,call,LOC0097
CDR005805,PH00326,PH00914,2026-01-09 16:33:00,841,sms,LOC0113
CDR005806,PH00218,PH00065,2026-01-08 07:44:00,840,sms,LOC0074
CDR005807,PH00213,PH00862,2026-08-12 22:05:00,1152,app_message,LOC0084
CDR005808,PH00994,PH00466,2026-07-27 23:20:00,763,sms,LOC0049
CDR005809,PH01036,PH01019,2026-03-25 02:00:00,1233,sms,LOC0152
CDR005810,PH00332,PH00554,2026-01-11 15:53:00,1317,app_message,LOC0025
CDR005811,PH00108,PH01028,2026-03-19 20:29:00,720,app_message,LOC0154
CDR005812,PH00151,PH00587,2026-05-05 12:25:00,2135,sms,LOC0036
CDR005813,PH00574,PH00530,2026-05-14 02:21:00,2211,call,LOC0136
CDR005814,PH00193,PH00461,2026-01-24 00:38:00,1864,call,LOC0036
CDR005815,PH00054,PH00192,2026-04-27 13:36:00,317,sms,LOC0121
CDR005816,PH00884,PH00252,2026-08-24 18:20:00,927,sms,LOC0156
CDR005817,PH00374,PH00230,2026-01-15 17:51:00,411,call,LOC0024
CDR005818,PH00259,PH00025,2026-08-07 22:32:00,2144,app_message,LOC0069
CDR005819,PH01109,PH00151,2026-06-20 06:42:00,1463,sms,LOC0036
CDR005820,PH00730,PH00983,2026-04-22 02:17:00,441,app_message,LOC0166
CDR005821,PH00540,PH00613,2026-07-06 08:08:00,710,call,LOC0019
CDR005822,PH01070,PH00792,2026-06-16 09:13:00,2205,sms,LOC0138
CDR005823,PH00878,PH00615,2026-07-29 06:29:00,41,app_message,LOC0144
CDR005824,PH00093,PH00015,2026-07-15 17:09:00,59,sms,LOC0021
CDR005825,PH00139,PH00088,2026-07-01 13:22:00,1785,sms,LOC0035
CDR005826,PH00984,PH01069,2026-08-28 22:14:00,2204,sms,LOC0002
CDR005827,PH00400,PH00077,2026-08-20 18:53:00,1746,call,LOC0128
CDR005828,PH00325,PH00982,2026-01-25 12:45:00,829,app_message,LOC0124
CDR005829,PH00123,PH00411,2026-02-13 07:02:00,1248,call,LOC0053
CDR005830,PH00593,PH00409,2026-05-26 04:49:00,1003,app_message,LOC0116
CDR005831,PH00387,PH00744,2026-06-01 04:13:00,353,call,LOC0122
CDR005832,PH00473,PH00203,2026-07-09 14:05:00,1677,sms,LOC0137
CDR005833,PH00779,PH01051,2026-03-09 17:13:00,593,sms,LOC0051
CDR005834,PH00721,PH00255,2026-02-03 00:05:00,2262,call,LOC0163
CDR005835,PH00740,PH00343,2026-02-16 02:22:00,814,sms,LOC0158
CDR005836,PH01098,PH00252,2026-08-29 07:46:00,2277,app_message,LOC0046
CDR005837,PH00932,PH00036,2026-04-12 14:30:00,977,call,LOC0171
CDR005838,PH00339,PH00348,2026-05-10 16:28:00,1521,call,LOC0018
CDR005839,PH00687,PH00862,2026-05-17 08:05:00,477,app_message,LOC0139
CDR005840,PH01014,PH00716,2026-05-01 23:46:00,1420,app_message,LOC0048
CDR005841,PH00150,PH00892,2026-06-16 06:20:00,613,sms,LOC0114
CDR005842,PH00190,PH00793,2026-07-21 13:20:00,827,call,LOC0077
CDR005843,PH00053,PH01009,2026-06-16 01:21:00,594,app_message,LOC0042
CDR005844,PH00911,PH01139,2026-04-23 14:14:00,612,app_message,LOC0139
CDR005845,PH00480,PH00259,2026-08-02 13:30:00,811,app_message,LOC0153
CDR005846,PH00992,PH00041,2026-05-29 15:43:00,415,call,LOC0112
CDR005847,PH00179,PH00456,2026-01-03 11:43:00,1607,call,LOC0137
CDR005848,PH00394,PH01086,2026-08-28 06:10:00,875,sms,LOC0110
CDR005849,PH00579,PH00744,2026-05-30 03:56:00,1612,call,LOC0055
CDR005850,PH00155,PH00424,2026-07-03 22:18:00,1134,app_message,LOC0064
CDR005851,PH00479,PH00281,2026-01-08 16:32:00,1659,app_message,LOC0160
CDR005852,PH00978,PH00144,2026-03-20 21:19:00,122,sms,LOC0058
CDR005853,PH00400,PH00091,2026-06-22 08:12:00,1163,sms,LOC0170
CDR005854,PH00655,PH00489,2026-03-27 10:24:00,588,sms,LOC0043
CDR005855,PH01152,PH00529,2026-02-15 09:15:00,148,call,LOC0024
CDR005856,PH00148,PH00150,2026-05-07 04:01:00,378,call,LOC0024
CDR005857,PH00808,PH00408,2026-08-05 21:41:00,1823,sms,LOC0109
CDR005858,PH01075,PH00722,2026-05-30 08:53:00,1287,app_message,LOC0120
CDR005859,PH00456,PH00923,2026-05-13 18:06:00,825,sms,LOC0068
CDR005860,PH01055,PH01098,2026-05-10 07:32:00,1616,sms,LOC0155
CDR005861,PH00449,PH00996,2026-04-26 08:33:00,444,call,LOC0026
CDR005862,PH01167,PH00456,2026-05-07 13:43:00,1781,sms,LOC0153
CDR005863,PH00168,PH00442,2026-01-17 17:17:00,1837,sms,LOC0074
CDR005864,PH01182,PH00308,2026-05-15 11:54:00,1710,app_message,LOC0172
CDR005865,PH00239,PH00737,2026-03-18 14:16:00,118,call,LOC0054
CDR005866,PH00967,PH00080,2026-01-24 09:45:00,1078,sms,LOC0052
CDR005867,PH01056,PH00763,2026-07-01 00:23:00,1931,call,LOC0027
CDR005868,PH01041,PH00953,2026-07-26 02:33:00,2048,call,LOC0019
CDR005869,PH00670,PH00705,2026-08-02 13:58:00,12,call,LOC0167
CDR005870,PH00509,PH00700,2026-07-10 21:36:00,899,sms,LOC0044
CDR005871,PH00563,PH00824,2026-08-25 05:42:00,176,app_message,LOC0120
CDR005872,PH00226,PH00181,2026-02-07 06:21:00,803,call,LOC0141
CDR005873,PH00480,PH00709,2026-07-22 19:42:00,2078,sms,LOC0174
CDR005874,PH00424,PH00176,2026-07-28 05:40:00,16,sms,LOC0038
CDR005875,PH00687,PH01126,2026-07-15 11:37:00,2229,app_message,LOC0129
CDR005876,PH00645,PH00365,2026-03-12 19:14:00,1364,call,LOC0077
CDR005877,PH00456,PH00842,2026-01-07 03:31:00,909,sms,LOC0044
CDR005878,PH00859,PH00525,2026-03-10 13:04:00,2149,sms,LOC0174
CDR005879,PH00714,PH01093,2026-04-16 03:25:00,409,call,LOC0171
CDR005880,PH00217,PH00864,2026-01-19 21:45:00,2196,app_message,LOC0124
CDR005881,PH00574,PH00120,2026-03-19 19:43:00,1782,call,LOC0109
CDR005882,PH00827,PH00564,2026-04-16 14:58:00,411,sms,LOC0135
CDR005883,PH00197,PH00396,2026-05-14 18:40:00,522,call,LOC0087
CDR005884,PH00034,PH01094,2026-07-23 09:52:00,1163,app_message,LOC0015
CDR005885,PH01122,PH00417,2026-01-23 16:40:00,781,app_message,LOC0032
CDR005886,PH00687,PH00696,2026-06-01 22:52:00,124,call,LOC0058
CDR005887,PH00175,PH00349,2026-03-04 00:29:00,1317,call,LOC0031
CDR005888,PH00041,PH00171,2026-07-30 04:45:00,2057,sms,LOC0166
CDR005889,PH00451,PH00931,2026-02-06 21:58:00,1118,app_message,LOC0012
CDR005890,PH00740,PH00530,2026-01-28 23:50:00,237,sms,LOC0157
CDR005891,PH00687,PH00080,2026-06-15 17:35:00,2145,call,LOC0157
CDR005892,PH01116,PH00931,2026-08-03 03:49:00,541,app_message,LOC0020
CDR005893,PH01198,PH00903,2026-08-16 01:54:00,1210,sms,LOC0153
CDR005894,PH00379,PH01132,2026-02-24 21:21:00,1969,sms,LOC0071
CDR005895,PH00384,PH00289,2026-06-24 12:38:00,1945,sms,LOC0048
CDR005896,PH00980,PH01079,2026-01-18 14:36:00,1658,sms,LOC0148
CDR005897,PH00653,PH01176,2026-05-07 12:56:00,266,call,LOC0157
CDR005898,PH00468,PH00863,2026-01-09 10:09:00,250,call,LOC0077
CDR005899,PH00761,PH00184,2026-01-06 02:43:00,241,sms,LOC0124
CDR005900,PH00278,PH00015,2026-02-09 06:31:00,1949,sms,LOC0121
CDR005901,PH00218,PH00510,2026-01-22 19:10:00,1626,call,LOC0011
CDR005902,PH00302,PH00227,2026-08-27 16:20:00,1343,app_message,LOC0037
CDR005903,PH00403,PH01145,2026-08-21 00:37:00,477,sms,LOC0096
CDR005904,PH00273,PH00191,2026-04-11 05:20:00,830,sms,LOC0012
CDR005905,PH00078,PH01050,2026-05-19 15:10:00,542,app_message,LOC0175
CDR005906,PH01064,PH00020,2026-02-05 23:30:00,1467,sms,LOC0145
CDR005907,PH00322,PH00820,2026-01-10 00:41:00,1283,sms,LOC0047
CDR005908,PH01017,PH00122,2026-01-18 23:47:00,928,sms,LOC0157
CDR005909,PH00859,PH01179,2026-01-27 15:34:00,2198,app_message,LOC0154
CDR005910,PH01147,PH01162,2026-02-10 13:18:00,1039,app_message,LOC0025
CDR005911,PH00329,PH00945,2026-05-22 18:18:00,120,sms,LOC0117
CDR005912,PH00175,PH00194,2026-03-23 04:51:00,1145,call,LOC0062
CDR005913,PH00719,PH01144,2026-03-26 18:03:00,1697,app_message,LOC0066
CDR005914,PH00598,PH00585,2026-06-17 06:07:00,1522,call,LOC0172
CDR005915,PH00138,PH00118,2026-01-26 20:41:00,2019,app_message,LOC0039
CDR005916,PH00278,PH00131,2026-03-19 10:34:00,2059,sms,LOC0171
CDR005917,PH00451,PH00867,2026-07-12 19:28:00,984,call,LOC0174
CDR005918,PH00747,PH00700,2026-05-22 22:11:00,1224,sms,LOC0043
CDR005919,PH00234,PH00683,2026-05-13 19:17:00,1973,app_message,LOC0069
CDR005920,PH01055,PH00496,2026-02-06 19:42:00,662,sms,LOC0100
CDR005921,PH00437,PH00582,2026-08-21 20:41:00,1886,call,LOC0054
CDR005922,PH00240,PH00040,2026-01-27 05:14:00,986,call,LOC0088
CDR005923,PH00480,PH00453,2026-07-09 14:34:00,2348,app_message,LOC0112
CDR005924,PH00832,PH00186,2026-01-06 05:33:00,1573,app_message,LOC0173
CDR005925,PH00285,PH00928,2026-02-20 03:14:00,318,call,LOC0132
CDR005926,PH01110,PH00020,2026-01-09 13:29:00,1146,call,LOC0142
CDR005927,PH00407,PH01132,2026-05-12 23:41:00,1324,app_message,LOC0088
CDR005928,PH00777,PH01182,2026-05-29 10:14:00,58,sms,LOC0163
CDR005929,PH00883,PH00401,2026-01-26 22:23:00,1636,app_message,LOC0146
CDR005930,PH00826,PH00567,2026-05-27 05:06:00,26,call,LOC0109
CDR005931,PH00601,PH00520,2026-01-03 12:16:00,1677,call,LOC0027
CDR005932,PH00806,PH00419,2026-04-01 12:09:00,1438,call,LOC0106
CDR005933,PH00012,PH00447,2026-05-23 22:23:00,644,call,LOC0139
CDR005934,PH00818,PH00723,2026-07-21 16:20:00,1578,sms,LOC0034
CDR005935,PH00067,PH00674,2026-08-27 12:59:00,745,call,LOC0170
CDR005936,PH01139,PH00299,2026-03-29 12:44:00,927,call,LOC0053
CDR005937,PH00144,PH00638,2026-02-21 19:25:00,744,app_message,LOC0104
CDR005938,PH00821,PH00368,2026-06-11 00:34:00,661,app_message,LOC0008
CDR005939,PH00517,PH00256,2026-02-15 11:45:00,2171,app_message,LOC0157
CDR005940,PH00667,PH01092,2026-08-26 08:26:00,899,sms,LOC0157
CDR005941,PH01103,PH00415,2026-02-22 11:09:00,1997,call,LOC0114
CDR005942,PH00371,PH00275,2026-05-25 18:57:00,1508,call,LOC0084
CDR005943,PH00305,PH00524,2026-08-01 07:28:00,1706,app_message,LOC0076
CDR005944,PH00423,PH00039,2026-07-16 04:43:00,1659,sms,LOC0124
CDR005945,PH00359,PH01007,2026-06-24 00:18:00,999,call,LOC0060
CDR005946,PH00979,PH00875,2026-08-24 10:30:00,20,call,LOC0073
CDR005947,PH00802,PH00907,2026-05-15 05:27:00,1147,call,LOC0176
CDR005948,PH00521,PH00652,2026-05-25 02:13:00,2176,sms,LOC0001
CDR005949,PH00816,PH00719,2026-04-27 13:17:00,2056,call,LOC0152
CDR005950,PH00443,PH00265,2026-04-15 08:30:00,35,call,LOC0176
CDR005951,PH00452,PH00981,2026-03-24 22:51:00,544,sms,LOC0002
CDR005952,PH00125,PH00115,2026-08-28 23:11:00,678,call,LOC0052
CDR005953,PH00022,PH01132,2026-01-24 22:39:00,623,call,LOC0025
CDR005954,PH00473,PH00985,2026-05-06 08:16:00,1545,app_message,LOC0034
CDR005955,PH00302,PH00908,2026-07-05 21:40:00,833,app_message,LOC0116
CDR005956,PH00586,PH00289,2026-01-02 20:18:00,753,app_message,LOC0132
CDR005957,PH01132,PH00081,2026-03-23 17:51:00,331,call,LOC0167
CDR005958,PH00586,PH00164,2026-03-13 05:14:00,2378,call,LOC0132
CDR005959,PH00367,PH00727,2026-08-15 19:43:00,497,call,LOC0156
CDR005960,PH00224,PH00693,2026-01-12 08:43:00,663,app_message,LOC0160
CDR005961,PH00223,PH00017,2026-05-16 05:36:00,261,call,LOC0058
CDR005962,PH00074,PH00133,2026-04-07 12:29:00,735,sms,LOC0157
CDR005963,PH00861,PH00415,2026-05-14 15:01:00,903,sms,LOC0149
CDR005964,PH00464,PH00694,2026-01-13 01:39:00,679,call,LOC0065
CDR005965,PH00585,PH00343,2026-01-22 23:18:00,1731,app_message,LOC0037
CDR005966,PH00449,PH00904,2026-06-20 19:35:00,2020,call,LOC0054
CDR005967,PH00217,PH00264,2026-08-19 07:15:00,1434,app_message,LOC0164
CDR005968,PH00015,PH00679,2026-04-02 02:19:00,859,sms,LOC0169
CDR005969,PH00899,PH01136,2026-02-25 08:07:00,2224,app_message,LOC0154
CDR005970,PH01198,PH00615,2026-04-30 17:14:00,2175,call,LOC0018
CDR005971,PH00613,PH01036,2026-02-17 06:53:00,1760,sms,LOC0081
CDR005972,PH00383,PH00146,2026-02-07 16:48:00,1944,app_message,LOC0117
CDR005973,PH00655,PH00995,2026-06-06 06:49:00,884,app_message,LOC0122
CDR005974,PH01139,PH00773,2026-03-16 11:52:00,1838,call,LOC0164
CDR005975,PH00791,PH00526,2026-03-03 12:19:00,2298,call,LOC0085
CDR005976,PH00941,PH00437,2026-03-27 12:51:00,880,sms,LOC0134
CDR005977,PH00173,PH00247,2026-02-08 07:54:00,1493,app_message,LOC0025
CDR005978,PH00014,PH00646,2026-01-25 20:27:00,2295,sms,LOC0140
CDR005979,PH00263,PH01058,2026-02-12 00:34:00,991,call,LOC0069
CDR005980,PH00873,PH00059,2026-01-11 17:48:00,1064,call,LOC0140
CDR005981,PH00485,PH00309,2026-03-24 17:37:00,1337,call,LOC0080
CDR005982,PH01099,PH00417,2026-01-23 05:06:00,619,sms,LOC0122
CDR005983,PH00789,PH00368,2026-07-26 23:35:00,417,call,LOC0075
CDR005984,PH00152,PH01121,2026-06-16 18:14:00,1533,call,LOC0113
CDR005985,PH00264,PH00054,2026-05-04 11:32:00,2342,app_message,LOC0021
CDR005986,PH00294,PH00641,2026-06-22 08:01:00,1005,app_message,LOC0017
CDR005987,PH00780,PH00632,2026-07-12 09:57:00,1857,call,LOC0008
CDR005988,PH01072,PH00711,2026-07-24 21:51:00,1733,sms,LOC0112
CDR005989,PH00465,PH00845,2026-08-31 20:49:00,570,app_message,LOC0173
CDR005990,PH01090,PH00854,2026-05-29 04:12:00,1575,call,LOC0078
CDR005991,PH00728,PH00390,2026-04-04 15:11:00,374,app_message,LOC0108
CDR005992,PH01041,PH00335,2026-03-04 19:25:00,1468,sms,LOC0136
CDR005993,PH00253,PH00229,2026-05-16 18:26:00,2392,sms,LOC0054
CDR005994,PH00634,PH00328,2026-05-16 04:54:00,2188,call,LOC0119
CDR005995,PH00273,PH00462,2026-06-22 14:29:00,1237,sms,LOC0012
CDR005996,PH00218,PH00996,2026-02-19 21:09:00,1003,call,LOC0126
CDR005997,PH00915,PH00192,2026-05-01 08:52:00,2291,call,LOC0066
CDR005998,PH01050,PH00985,2026-06-11 17:14:00,575,app_message,LOC0051
CDR005999,PH00434,PH00804,2026-01-22 14:27:00,2340,call,LOC0134
CDR006000,PH00693,PH00976,2026-02-14 15:57:00,746,call,LOC0069
CDR006001,PH00329,PH00343,2026-04-20 17:49:00,2025,sms,LOC0076
CDR006002,PH00277,PH00833,2026-05-24 22:25:00,1968,app_message,LOC0027
CDR006003,PH00606,PH01055,2026-04-28 01:33:00,1021,sms,LOC0067
CDR006004,PH00624,PH01051,2026-08-02 12:19:00,235,call,LOC0135
CDR006005,PH00797,PH00946,2026-03-22 11:50:00,1049,call,LOC0100
CDR006006,PH01088,PH00800,2026-04-19 02:58:00,2230,sms,LOC0127
CDR006007,PH00725,PH00142,2026-07-02 20:56:00,1961,sms,LOC0116
CDR006008,PH00870,PH00657,2026-07-13 15:37:00,1387,app_message,LOC0064
CDR006009,PH00840,PH01117,2026-08-15 23:19:00,1675,sms,LOC0082
CDR006010,PH00393,PH00136,2026-06-12 09:26:00,241,app_message,LOC0142
CDR006011,PH00793,PH00217,2026-04-22 19:21:00,521,app_message,LOC0165
CDR006012,PH00943,PH00947,2026-02-03 19:23:00,110,sms,LOC0142
CDR006013,PH00726,PH00375,2026-01-31 18:59:00,1064,sms,LOC0089
CDR006014,PH00090,PH00447,2026-07-02 13:01:00,642,sms,LOC0003
CDR006015,PH00204,PH00687,2026-06-02 17:36:00,389,app_message,LOC0019
CDR006016,PH00212,PH00167,2026-04-05 21:30:00,1875,sms,LOC0001
CDR006017,PH00863,PH00718,2026-04-07 05:05:00,1255,app_message,LOC0125
CDR006018,PH01087,PH00102,2026-02-17 10:24:00,1622,app_message,LOC0086
CDR006019,PH00021,PH00443,2026-06-23 21:54:00,2255,sms,LOC0169
CDR006020,PH00003,PH00784,2026-08-25 18:01:00,2335,app_message,LOC0151
CDR006021,PH00851,PH00584,2026-04-02 18:11:00,455,sms,LOC0008
CDR006022,PH00388,PH00239,2026-03-13 04:47:00,1770,sms,LOC0169
CDR006023,PH00913,PH00721,2026-07-27 02:43:00,1991,app_message,LOC0048
CDR006024,PH00779,PH00964,2026-06-20 02:55:00,113,app_message,LOC0108
CDR006025,PH00328,PH00231,2026-01-17 19:28:00,239,app_message,LOC0167
CDR006026,PH00518,PH00893,2026-01-11 16:19:00,67,call,LOC0030
CDR006027,PH00025,PH01040,2026-03-22 02:52:00,1904,app_message,LOC0054
CDR006028,PH00283,PH01068,2026-05-11 11:14:00,518,call,LOC0100
CDR006029,PH00306,PH00631,2026-08-31 12:44:00,513,app_message,LOC0117
CDR006030,PH00482,PH00365,2026-01-14 14:28:00,672,app_message,LOC0062
CDR006031,PH00603,PH01069,2026-02-20 23:21:00,1075,call,LOC0047
CDR006032,PH00907,PH00674,2026-01-14 03:42:00,1770,sms,LOC0093
CDR006033,PH00112,PH00710,2026-01-16 19:31:00,1700,app_message,LOC0042
CDR006034,PH00910,PH00060,2026-04-29 04:53:00,1997,sms,LOC0155
CDR006035,PH00861,PH00793,2026-01-19 16:05:00,694,app_message,LOC0152
CDR006036,PH00470,PH00534,2026-04-15 05:31:00,1894,sms,LOC0108
CDR006037,PH00910,PH00041,2026-06-16 00:11:00,2026,call,LOC0033
CDR006038,PH00566,PH00400,2026-01-09 23:37:00,1863,call,LOC0124
CDR006039,PH00417,PH00622,2026-07-30 00:57:00,754,sms,LOC0158
CDR006040,PH01063,PH00766,2026-03-14 01:40:00,1078,call,LOC0046
CDR006041,PH01000,PH00448,2026-04-04 14:58:00,2386,call,LOC0122
CDR006042,PH00276,PH00853,2026-02-25 08:16:00,383,app_message,LOC0023
CDR006043,PH01154,PH00375,2026-04-12 07:23:00,1409,call,LOC0131
CDR006044,PH00761,PH00924,2026-05-17 09:08:00,26,app_message,LOC0040
CDR006045,PH00345,PH00581,2026-04-22 06:20:00,405,call,LOC0071
CDR006046,PH01183,PH00826,2026-01-13 12:23:00,1746,app_message,LOC0107
CDR006047,PH00783,PH00528,2026-04-19 03:24:00,738,call,LOC0075
CDR006048,PH00227,PH00979,2026-05-19 00:51:00,1312,app_message,LOC0098
CDR006049,PH00601,PH00095,2026-04-07 14:59:00,655,call,LOC0114
CDR006050,PH00155,PH01075,2026-03-22 03:49:00,1931,call,LOC0151
CDR006051,PH00835,PH01174,2026-02-28 00:49:00,1802,call,LOC0012
CDR006052,PH00543,PH00865,2026-08-26 02:55:00,1907,call,LOC0035
CDR006053,PH00382,PH01017,2026-08-14 06:22:00,1067,call,LOC0015
CDR006054,PH00085,PH00290,2026-02-16 18:14:00,1169,call,LOC0071
CDR006055,PH00846,PH00180,2026-03-26 01:28:00,141,app_message,LOC0071
CDR006056,PH00382,PH00804,2026-02-10 23:57:00,1783,call,LOC0002
CDR006057,PH00822,PH01177,2026-07-29 16:02:00,201,app_message,LOC0087
CDR006058,PH00778,PH00997,2026-08-13 09:17:00,502,app_message,LOC0103
CDR006059,PH00205,PH01160,2026-03-07 08:23:00,2206,sms,LOC0112
CDR006060,PH00781,PH01093,2026-04-20 12:33:00,989,app_message,LOC0003
CDR006061,PH01025,PH01147,2026-01-20 08:31:00,603,call,LOC0105
CDR006062,PH00711,PH00880,2026-02-24 16:34:00,1717,call,LOC0163
CDR006063,PH00752,PH00525,2026-05-30 22:24:00,745,sms,LOC0160
CDR006064,PH00444,PH00055,2026-04-03 17:50:00,1268,call,LOC0109
CDR006065,PH00006,PH00886,2026-02-24 00:08:00,2245,app_message,LOC0124
CDR006066,PH00992,PH00241,2026-06-11 11:19:00,1901,sms,LOC0105
CDR006067,PH00176,PH01148,2026-05-02 17:10:00,932,sms,LOC0120
CDR006068,PH00338,PH00392,2026-06-16 05:52:00,1922,call,LOC0007
CDR006069,PH00920,PH00492,2026-01-20 07:46:00,2317,call,LOC0073
CDR006070,PH00146,PH01083,2026-06-29 01:39:00,2006,app_message,LOC0025
CDR006071,PH00506,PH00959,2026-01-27 22:41:00,236,sms,LOC0066
CDR006072,PH00934,PH00690,2026-08-04 23:18:00,1627,sms,LOC0143
CDR006073,PH00412,PH01020,2026-08-20 23:09:00,290,sms,LOC0174
CDR006074,PH00134,PH01188,2026-01-25 01:33:00,620,call,LOC0037
CDR006075,PH00681,PH00204,2026-04-13 02:14:00,1659,app_message,LOC0087
CDR006076,PH00159,PH00929,2026-02-17 11:53:00,501,sms,LOC0147
CDR006077,PH00141,PH00712,2026-03-29 06:19:00,397,sms,LOC0174
CDR006078,PH00023,PH00774,2026-04-04 08:16:00,1948,sms,LOC0157
CDR006079,PH00701,PH00159,2026-03-24 04:05:00,1931,app_message,LOC0013
CDR006080,PH01056,PH00971,2026-04-29 20:06:00,2332,app_message,LOC0075
CDR006081,PH00867,PH01184,2026-05-20 12:32:00,959,call,LOC0014
CDR006082,PH01029,PH00175,2026-03-25 21:48:00,105,app_message,LOC0059
CDR006083,PH01039,PH00205,2026-08-14 22:27:00,1818,sms,LOC0178
CDR006084,PH01072,PH00946,2026-07-01 02:10:00,2111,sms,LOC0109
CDR006085,PH00678,PH00591,2026-05-17 21:18:00,312,app_message,LOC0091
CDR006086,PH00859,PH00147,2026-04-20 09:23:00,1204,call,LOC0054
CDR006087,PH00319,PH00290,2026-01-29 12:09:00,984,sms,LOC0070
CDR006088,PH00320,PH00972,2026-04-16 10:49:00,2196,call,LOC0066
CDR006089,PH00501,PH00851,2026-04-03 18:38:00,1263,call,LOC0086
CDR006090,PH00766,PH01118,2026-06-09 17:25:00,1293,call,LOC0007
CDR006091,PH00765,PH00724,2026-03-30 03:23:00,856,call,LOC0090
CDR006092,PH00209,PH00397,2026-04-14 09:04:00,156,app_message,LOC0004
CDR006093,PH00684,PH01025,2026-01-13 06:03:00,220,sms,LOC0016
CDR006094,PH00819,PH01153,2026-02-02 06:09:00,1951,app_message,LOC0180
CDR006095,PH00059,PH00374,2026-04-01 15:41:00,795,app_message,LOC0101
CDR006096,PH00107,PH00191,2026-01-28 19:51:00,1311,sms,LOC0136
CDR006097,PH00073,PH00762,2026-05-07 21:01:00,1702,call,LOC0079
CDR006098,PH00475,PH00028,2026-07-03 07:12:00,2238,app_message,LOC0047
CDR006099,PH00487,PH01105,2026-01-09 16:13:00,1727,call,LOC0131
CDR006100,PH00617,PH00140,2026-07-06 02:21:00,2309,app_message,LOC0135
CDR006101,PH00602,PH00981,2026-02-07 21:16:00,568,app_message,LOC0166
CDR006102,PH00881,PH00879,2026-04-27 14:52:00,893,app_message,LOC0072
CDR006103,PH00237,PH00371,2026-07-31 08:55:00,2158,sms,LOC0023
CDR006104,PH00426,PH00576,2026-05-06 14:43:00,322,app_message,LOC0098
CDR006105,PH00383,PH00070,2026-01-29 23:52:00,1124,app_message,LOC0021
CDR006106,PH00518,PH00181,2026-01-10 03:48:00,653,app_message,LOC0174
CDR006107,PH00388,PH01137,2026-07-27 18:56:00,640,sms,LOC0172
CDR006108,PH00033,PH00264,2026-07-22 02:02:00,847,sms,LOC0139
CDR006109,PH01002,PH00166,2026-05-19 14:53:00,1788,app_message,LOC0103
CDR006110,PH00798,PH00111,2026-01-21 14:17:00,1040,call,LOC0040
CDR006111,PH00263,PH00356,2026-06-29 03:55:00,1415,call,LOC0131
CDR006112,PH00512,PH00549,2026-08-21 09:55:00,1983,sms,LOC0114
CDR006113,PH00958,PH01098,2026-04-14 18:46:00,2340,call,LOC0007
CDR006114,PH00626,PH00143,2026-02-16 19:40:00,1832,call,LOC0174
CDR006115,PH01063,PH00655,2026-08-07 17:25:00,486,sms,LOC0176
CDR006116,PH00844,PH00170,2026-06-10 06:33:00,1949,app_message,LOC0056
CDR006117,PH00717,PH00630,2026-01-21 04:03:00,661,call,LOC0143
CDR006118,PH01164,PH00943,2026-04-09 02:17:00,139,sms,LOC0148
CDR006119,PH00326,PH00300,2026-04-15 22:05:00,259,sms,LOC0145
CDR006120,PH00632,PH00209,2026-08-20 10:49:00,1264,call,LOC0178
CDR006121,PH01142,PH00211,2026-02-07 10:13:00,839,sms,LOC0034
CDR006122,PH00970,PH00566,2026-06-15 22:24:00,2371,app_message,LOC0027
CDR006123,PH00506,PH01050,2026-01-08 18:04:00,1833,call,LOC0033
CDR006124,PH00390,PH01044,2026-07-14 14:31:00,1334,app_message,LOC0090
CDR006125,PH00863,PH00772,2026-05-10 04:17:00,1524,call,LOC0114
CDR006126,PH00840,PH00732,2026-07-27 11:49:00,922,call,LOC0085
CDR006127,PH00955,PH00014,2026-02-10 17:48:00,1655,app_message,LOC0117
CDR006128,PH01067,PH00984,2026-08-20 04:28:00,173,app_message,LOC0026
CDR006129,PH00304,PH00164,2026-07-29 19:37:00,2220,app_message,LOC0080
CDR006130,PH00100,PH00890,2026-04-10 22:51:00,1328,app_message,LOC0034
CDR006131,PH00104,PH00184,2026-03-25 19:06:00,391,sms,LOC0094
CDR006132,PH00867,PH00025,2026-03-04 04:39:00,136,app_message,LOC0056
CDR006133,PH00025,PH00377,2026-01-02 01:56:00,218,sms,LOC0020
CDR006134,PH00582,PH00784,2026-04-17 13:30:00,107,sms,LOC0017
CDR006135,PH00613,PH00033,2026-06-08 15:29:00,1724,call,LOC0083
CDR006136,PH00742,PH00347,2026-03-18 21:29:00,620,call,LOC0021
CDR006137,PH00535,PH00079,2026-06-05 00:50:00,1436,app_message,LOC0127
CDR006138,PH00099,PH00343,2026-07-29 21:22:00,787,call,LOC0165
CDR006139,PH00859,PH00943,2026-02-17 01:22:00,62,call,LOC0009
CDR006140,PH00779,PH00177,2026-04-15 12:05:00,1330,call,LOC0163
CDR006141,PH01117,PH00098,2026-05-09 23:34:00,1942,sms,LOC0092
CDR006142,PH00561,PH00891,2026-02-18 09:40:00,1286,sms,LOC0161
CDR006143,PH01042,PH00502,2026-04-24 10:43:00,551,sms,LOC0056
CDR006144,PH00358,PH00390,2026-07-29 20:55:00,920,call,LOC0080
CDR006145,PH00749,PH00351,2026-05-19 22:26:00,1927,app_message,LOC0076
CDR006146,PH00245,PH01028,2026-03-30 02:21:00,107,app_message,LOC0084
CDR006147,PH00446,PH00431,2026-04-01 08:13:00,2323,app_message,LOC0001
CDR006148,PH00807,PH00823,2026-03-02 00:17:00,1970,call,LOC0111
CDR006149,PH00452,PH00310,2026-06-12 12:00:00,2311,call,LOC0046
CDR006150,PH00664,PH00048,2026-01-13 20:44:00,999,sms,LOC0100
CDR006151,PH00459,PH00561,2026-05-26 21:58:00,2301,sms,LOC0144
CDR006152,PH01108,PH01124,2026-02-03 23:42:00,1076,app_message,LOC0128
CDR006153,PH01016,PH00398,2026-03-26 22:14:00,1536,sms,LOC0010
CDR006154,PH00593,PH00568,2026-06-14 00:50:00,2373,sms,LOC0154
CDR006155,PH00993,PH00859,2026-07-18 21:09:00,486,call,LOC0029
CDR006156,PH00822,PH00291,2026-07-12 00:22:00,806,app_message,LOC0043
CDR006157,PH00423,PH00504,2026-07-29 03:01:00,422,app_message,LOC0076
CDR006158,PH00138,PH00030,2026-07-25 08:47:00,1416,call,LOC0078
CDR006159,PH00242,PH00085,2026-01-17 22:41:00,2119,app_message,LOC0101
CDR006160,PH01180,PH00085,2026-04-18 23:16:00,183,call,LOC0016
CDR006161,PH00995,PH01116,2026-03-30 04:43:00,1705,app_message,LOC0026
CDR006162,PH00211,PH00866,2026-08-19 16:18:00,276,call,LOC0068
CDR006163,PH00508,PH00347,2026-04-29 07:02:00,685,call,LOC0033
CDR006164,PH00941,PH00562,2026-03-29 09:24:00,1600,app_message,LOC0115
CDR006165,PH01041,PH00005,2026-02-25 08:02:00,735,sms,LOC0101
CDR006166,PH00439,PH00750,2026-04-22 10:13:00,1491,app_message,LOC0145
CDR006167,PH00915,PH00264,2026-05-04 16:38:00,1978,sms,LOC0168
CDR006168,PH00797,PH00536,2026-01-09 13:43:00,1332,app_message,LOC0146
CDR006169,PH00438,PH00528,2026-04-09 03:32:00,2190,sms,LOC0062
CDR006170,PH00291,PH00008,2026-01-10 09:27:00,2262,app_message,LOC0126
CDR006171,PH00638,PH00898,2026-02-16 22:12:00,481,sms,LOC0162
CDR006172,PH00116,PH00885,2026-08-27 03:55:00,1330,app_message,LOC0060
CDR006173,PH00998,PH00284,2026-03-24 12:35:00,284,sms,LOC0061
CDR006174,PH00425,PH00836,2026-06-21 00:19:00,2267,app_message,LOC0063
CDR006175,PH00909,PH00934,2026-05-31 16:38:00,1480,app_message,LOC0165
CDR006176,PH01150,PH00612,2026-08-28 07:46:00,2353,sms,LOC0078
CDR006177,PH01040,PH00737,2026-02-11 23:30:00,2336,call,LOC0177
CDR006178,PH00714,PH00303,2026-06-12 15:40:00,1511,sms,LOC0084
CDR006179,PH00813,PH00359,2026-05-21 18:16:00,191,call,LOC0086
CDR006180,PH00192,PH00165,2026-08-30 11:04:00,878,sms,LOC0095
CDR006181,PH01015,PH00955,2026-08-25 05:02:00,500,call,LOC0062
CDR006182,PH00467,PH00884,2026-04-13 16:41:00,1861,app_message,LOC0136
CDR006183,PH00439,PH00958,2026-02-11 03:29:00,1705,app_message,LOC0105
CDR006184,PH01112,PH00262,2026-04-16 11:22:00,1525,call,LOC0021
CDR006185,PH01051,PH00129,2026-02-21 08:31:00,191,sms,LOC0110
CDR006186,PH01191,PH00259,2026-01-26 23:59:00,369,call,LOC0021
CDR006187,PH00334,PH00664,2026-04-29 21:50:00,1661,call,LOC0102
CDR006188,PH00635,PH00031,2026-01-16 14:39:00,530,app_message,LOC0106
CDR006189,PH00787,PH00973,2026-01-04 21:41:00,773,sms,LOC0048
CDR006190,PH00635,PH00523,2026-08-15 23:50:00,1103,sms,LOC0023
CDR006191,PH00943,PH00080,2026-06-12 09:46:00,1386,sms,LOC0122
CDR006192,PH00132,PH00535,2026-04-25 12:05:00,1282,sms,LOC0106
CDR006193,PH00894,PH00716,2026-07-12 00:30:00,1468,call,LOC0002
CDR006194,PH00333,PH00662,2026-02-15 14:00:00,1563,call,LOC0058
CDR006195,PH00091,PH00562,2026-07-12 07:35:00,892,sms,LOC0169
CDR006196,PH00356,PH00112,2026-06-17 16:50:00,2324,app_message,LOC0009
CDR006197,PH00175,PH00088,2026-05-27 16:22:00,2284,sms,LOC0112
CDR006198,PH00442,PH00149,2026-08-16 06:48:00,334,sms,LOC0034
CDR006199,PH00985,PH01077,2026-05-20 19:54:00,1809,sms,LOC0120
CDR006200,PH00843,PH01100,2026-04-07 20:50:00,2119,app_message,LOC0030
CDR006201,PH00014,PH00502,2026-05-05 01:21:00,860,sms,LOC0083
CDR006202,PH00321,PH00519,2026-07-23 08:45:00,2118,call,LOC0078
CDR006203,PH00449,PH00138,2026-04-22 21:09:00,1941,call,LOC0156
CDR006204,PH00827,PH00257,2026-03-16 06:45:00,2356,sms,LOC0084
CDR006205,PH00187,PH00742,2026-06-08 01:54:00,1260,sms,LOC0138
CDR006206,PH00978,PH00008,2026-02-02 17:37:00,1226,call,LOC0105
CDR006207,PH00599,PH00844,2026-04-10 21:31:00,1520,sms,LOC0047
CDR006208,PH01135,PH00436,2026-03-02 09:16:00,1205,call,LOC0115
CDR006209,PH00362,PH00869,2026-02-11 08:10:00,2370,call,LOC0134
CDR006210,PH01125,PH00006,2026-03-24 18:50:00,94,call,LOC0034
CDR006211,PH00349,PH01115,2026-01-10 07:48:00,647,sms,LOC0147
CDR006212,PH01158,PH00875,2026-04-22 10:46:00,1775,app_message,LOC0076
CDR006213,PH00641,PH00662,2026-01-15 13:17:00,60,call,LOC0084
CDR006214,PH00742,PH00067,2026-06-02 20:29:00,1269,sms,LOC0028
CDR006215,PH01166,PH00860,2026-04-20 03:12:00,736,app_message,LOC0042
CDR006216,PH00603,PH00847,2026-08-08 02:10:00,1672,app_message,LOC0117
CDR006217,PH00806,PH00133,2026-01-03 02:42:00,1599,app_message,LOC0161
CDR006218,PH00158,PH00693,2026-05-17 19:18:00,1784,app_message,LOC0142
CDR006219,PH00714,PH00848,2026-07-24 20:14:00,1306,sms,LOC0050
CDR006220,PH00826,PH00560,2026-04-06 20:30:00,1747,sms,LOC0142
CDR006221,PH00457,PH00266,2026-06-14 12:40:00,2180,call,LOC0078
CDR006222,PH00095,PH00463,2026-04-05 03:14:00,9,call,LOC0043
CDR006223,PH01069,PH00181,2026-04-24 08:36:00,864,call,LOC0100
CDR006224,PH00848,PH00290,2026-02-22 09:41:00,2389,app_message,LOC0006
CDR006225,PH00852,PH00265,2026-05-27 03:29:00,2024,sms,LOC0049
CDR006226,PH00577,PH00860,2026-01-06 18:23:00,316,app_message,LOC0141
CDR006227,PH00833,PH00635,2026-07-04 19:56:00,799,sms,LOC0034
CDR006228,PH00737,PH00506,2026-06-13 08:34:00,1825,call,LOC0068
CDR006229,PH00603,PH00355,2026-05-10 03:11:00,446,call,LOC0151
CDR006230,PH00993,PH01167,2026-06-21 19:14:00,1877,sms,LOC0041
CDR006231,PH00073,PH00941,2026-08-19 10:43:00,957,app_message,LOC0011
CDR006232,PH00782,PH00882,2026-06-08 06:20:00,139,sms,LOC0122
CDR006233,PH00728,PH00514,2026-02-08 00:58:00,2291,call,LOC0105
CDR006234,PH00574,PH00701,2026-05-27 22:28:00,1238,call,LOC0141
CDR006235,PH00539,PH00595,2026-07-27 18:58:00,449,sms,LOC0077
CDR006236,PH00934,PH00713,2026-05-14 21:43:00,1492,app_message,LOC0038
CDR006237,PH00025,PH01184,2026-08-31 15:14:00,1284,sms,LOC0100
CDR006238,PH00270,PH00108,2026-03-25 21:43:00,1758,app_message,LOC0010
CDR006239,PH00587,PH00625,2026-02-03 14:25:00,555,call,LOC0151
CDR006240,PH00932,PH00172,2026-03-28 03:55:00,195,call,LOC0036
CDR006241,PH00231,PH00329,2026-08-15 08:59:00,1346,call,LOC0082
CDR006242,PH01116,PH01137,2026-05-11 03:56:00,854,call,LOC0105
CDR006243,PH00264,PH00722,2026-03-17 01:15:00,537,sms,LOC0058
CDR006244,PH00735,PH00521,2026-01-27 21:09:00,1057,call,LOC0060
CDR006245,PH00648,PH00326,2026-05-01 07:34:00,370,call,LOC0098
CDR006246,PH00667,PH00977,2026-03-15 04:13:00,1176,app_message,LOC0115
CDR006247,PH00397,PH00159,2026-04-07 01:17:00,1668,sms,LOC0049
CDR006248,PH00059,PH00044,2026-03-26 10:11:00,1354,app_message,LOC0052
CDR006249,PH00248,PH01196,2026-02-07 12:28:00,196,call,LOC0155
CDR006250,PH00291,PH00987,2026-06-05 22:00:00,175,app_message,LOC0040
CDR006251,PH00091,PH00990,2026-07-24 05:17:00,175,app_message,LOC0173
CDR006252,PH00327,PH00170,2026-07-12 19:50:00,1050,app_message,LOC0178
CDR006253,PH00686,PH00322,2026-06-02 06:47:00,208,call,LOC0173
CDR006254,PH00732,PH00987,2026-02-23 15:47:00,770,sms,LOC0033
CDR006255,PH01128,PH01103,2026-03-07 09:16:00,1499,sms,LOC0102
CDR006256,PH00470,PH00040,2026-08-28 11:26:00,1546,call,LOC0016
CDR006257,PH00881,PH01011,2026-06-07 10:13:00,874,sms,LOC0058
CDR006258,PH00549,PH00567,2026-03-17 09:30:00,198,sms,LOC0028
CDR006259,PH01019,PH01079,2026-03-15 22:28:00,476,app_message,LOC0043
CDR006260,PH00373,PH00351,2026-04-18 23:10:00,343,app_message,LOC0174
CDR006261,PH01144,PH00842,2026-06-07 10:18:00,613,app_message,LOC0090
CDR006262,PH00136,PH00873,2026-07-29 18:20:00,2001,call,LOC0014
CDR006263,PH00218,PH00112,2026-03-17 21:44:00,724,app_message,LOC0157
CDR006264,PH00445,PH00553,2026-06-21 09:01:00,1287,app_message,LOC0157
CDR006265,PH00692,PH00139,2026-07-26 06:25:00,1810,sms,LOC0093
CDR006266,PH00350,PH00948,2026-04-05 13:48:00,993,call,LOC0134
CDR006267,PH00292,PH00271,2026-02-10 17:35:00,1238,call,LOC0061
CDR006268,PH00570,PH01185,2026-08-10 02:00:00,1754,app_message,LOC0014
CDR006269,PH00324,PH01152,2026-02-18 13:22:00,1989,call,LOC0081
CDR006270,PH00137,PH00708,2026-07-27 23:04:00,36,app_message,LOC0085
CDR006271,PH00251,PH00852,2026-01-14 08:23:00,2364,sms,LOC0054
CDR006272,PH00410,PH00406,2026-06-09 06:05:00,896,app_message,LOC0107
CDR006273,PH00153,PH00678,2026-04-12 05:26:00,126,app_message,LOC0058
CDR006274,PH00687,PH00213,2026-06-21 09:08:00,161,call,LOC0166
CDR006275,PH00892,PH00315,2026-01-29 11:25:00,107,sms,LOC0149
CDR006276,PH00264,PH00114,2026-07-16 23:39:00,317,app_message,LOC0171
CDR006277,PH01005,PH00867,2026-01-31 08:05:00,1913,app_message,LOC0007
CDR006278,PH00047,PH00304,2026-02-04 07:06:00,2064,call,LOC0069
CDR006279,PH01044,PH00989,2026-04-14 22:32:00,1698,call,LOC0143
CDR006280,PH01193,PH01043,2026-08-10 15:18:00,2392,app_message,LOC0117
CDR006281,PH00385,PH00737,2026-07-02 01:36:00,432,sms,LOC0068
CDR006282,PH00839,PH00510,2026-05-30 01:25:00,943,sms,LOC0083
CDR006283,PH00863,PH01119,2026-02-23 05:07:00,1948,call,LOC0088
CDR006284,PH01150,PH00094,2026-06-11 02:15:00,2124,sms,LOC0001
CDR006285,PH00402,PH00116,2026-03-10 12:10:00,20,sms,LOC0046
CDR006286,PH00847,PH00106,2026-04-21 08:06:00,2276,sms,LOC0030
CDR006287,PH00532,PH00265,2026-03-23 20:41:00,2160,call,LOC0174
CDR006288,PH00266,PH00709,2026-01-24 06:15:00,1169,sms,LOC0005
CDR006289,PH01167,PH01032,2026-07-18 10:49:00,2116,app_message,LOC0010
CDR006290,PH00449,PH01155,2026-04-21 08:41:00,1174,call,LOC0141
CDR006291,PH00065,PH01167,2026-08-13 08:50:00,326,app_message,LOC0137
CDR006292,PH00515,PH00119,2026-02-13 22:40:00,1507,call,LOC0104
CDR006293,PH01004,PH00241,2026-08-01 14:47:00,1471,sms,LOC0067
CDR006294,PH00905,PH01054,2026-05-10 05:11:00,1083,call,LOC0009
CDR006295,PH00856,PH00003,2026-02-08 06:40:00,1970,call,LOC0173
CDR006296,PH00294,PH00431,2026-02-16 04:46:00,1852,app_message,LOC0127
CDR006297,PH00602,PH00901,2026-05-07 22:56:00,802,app_message,LOC0096
CDR006298,PH00971,PH01198,2026-03-31 05:50:00,944,app_message,LOC0054
CDR006299,PH00846,PH00971,2026-06-06 20:11:00,523,call,LOC0127
CDR006300,PH00407,PH00341,2026-07-13 07:46:00,1745,sms,LOC0060
CDR006301,PH00444,PH00882,2026-02-02 20:33:00,1972,sms,LOC0082
CDR006302,PH00595,PH00751,2026-05-23 18:29:00,1446,call,LOC0150
CDR006303,PH01100,PH00486,2026-03-14 12:48:00,2341,sms,LOC0094
CDR006304,PH00226,PH00721,2026-02-05 18:51:00,846,sms,LOC0060
CDR006305,PH00507,PH00568,2026-04-21 04:13:00,16,call,LOC0038
CDR006306,PH00396,PH00256,2026-04-17 23:54:00,1914,app_message,LOC0148
CDR006307,PH00454,PH01039,2026-03-16 11:42:00,2167,app_message,LOC0028
CDR006308,PH00458,PH00559,2026-06-17 11:55:00,2283,sms,LOC0143
CDR006309,PH00696,PH01013,2026-01-23 22:34:00,82,app_message,LOC0024
CDR006310,PH01137,PH00308,2026-06-19 08:24:00,1353,sms,LOC0104
CDR006311,PH00064,PH00376,2026-01-26 04:36:00,451,sms,LOC0091
CDR006312,PH01099,PH00780,2026-08-07 21:12:00,2283,app_message,LOC0156
CDR006313,PH00827,PH00380,2026-05-13 13:42:00,480,app_message,LOC0110
CDR006314,PH01130,PH00379,2026-06-30 22:52:00,1200,app_message,LOC0096
CDR006315,PH00692,PH00609,2026-03-21 02:48:00,598,sms,LOC0085
CDR006316,PH00308,PH01185,2026-02-05 23:55:00,1218,call,LOC0008
CDR006317,PH00971,PH00436,2026-01-22 16:46:00,30,app_message,LOC0083
CDR006318,PH01073,PH01108,2026-02-07 17:36:00,866,call,LOC0015
CDR006319,PH00463,PH00453,2026-08-12 22:57:00,955,app_message,LOC0123
CDR006320,PH00612,PH00484,2026-08-31 10:57:00,1605,app_message,LOC0010
CDR006321,PH00776,PH01174,2026-07-02 15:18:00,283,call,LOC0104
CDR006322,PH00244,PH00903,2026-01-07 15:06:00,2227,sms,LOC0150
CDR006323,PH00159,PH00162,2026-03-19 15:46:00,2298,app_message,LOC0169
CDR006324,PH00720,PH00751,2026-03-14 02:18:00,764,call,LOC0113
CDR006325,PH00992,PH00575,2026-05-27 00:55:00,2328,sms,LOC0113
CDR006326,PH00024,PH01185,2026-04-04 03:06:00,159,sms,LOC0025
CDR006327,PH00338,PH01177,2026-05-16 17:31:00,857,app_message,LOC0030
CDR006328,PH00943,PH00613,2026-02-10 01:06:00,771,sms,LOC0151
CDR006329,PH00921,PH00839,2026-05-07 19:52:00,1715,app_message,LOC0065
CDR006330,PH00915,PH00264,2026-04-01 22:02:00,1013,app_message,LOC0083
CDR006331,PH00081,PH00473,2026-06-30 11:00:00,1169,app_message,LOC0175
CDR006332,PH00641,PH00077,2026-02-22 11:24:00,1826,app_message,LOC0155
CDR006333,PH00714,PH01114,2026-01-25 14:17:00,811,app_message,LOC0009
CDR006334,PH00775,PH00507,2026-04-19 12:34:00,943,call,LOC0039
CDR006335,PH00726,PH00438,2026-07-16 22:39:00,2275,call,LOC0169
CDR006336,PH00721,PH00816,2026-01-21 04:01:00,2152,app_message,LOC0057
CDR006337,PH00926,PH00243,2026-05-20 08:36:00,1279,call,LOC0033
CDR006338,PH00844,PH00471,2026-02-26 19:22:00,1572,call,LOC0050
CDR006339,PH00965,PH00245,2026-01-05 01:20:00,266,app_message,LOC0099
CDR006340,PH00821,PH00302,2026-01-06 07:39:00,2201,app_message,LOC0153
CDR006341,PH00596,PH00479,2026-07-05 17:06:00,434,app_message,LOC0013
CDR006342,PH00555,PH01155,2026-05-17 03:39:00,1771,call,LOC0085
CDR006343,PH00971,PH00372,2026-06-12 01:34:00,1956,sms,LOC0008
CDR006344,PH01063,PH00360,2026-02-11 14:17:00,1730,app_message,LOC0172
CDR006345,PH01112,PH00730,2026-07-21 11:39:00,2245,sms,LOC0042
CDR006346,PH00277,PH00391,2026-03-15 17:28:00,2331,call,LOC0024
CDR006347,PH00519,PH00456,2026-03-06 20:38:00,960,sms,LOC0120
CDR006348,PH00163,PH00621,2026-01-17 23:44:00,1683,call,LOC0157
CDR006349,PH00248,PH00625,2026-02-08 14:45:00,1052,app_message,LOC0059
CDR006350,PH01141,PH00089,2026-07-03 03:08:00,817,sms,LOC0149
CDR006351,PH00364,PH00388,2026-03-29 14:27:00,1231,call,LOC0097
CDR006352,PH00533,PH00582,2026-07-31 07:48:00,2015,call,LOC0074
CDR006353,PH00078,PH00480,2026-05-28 14:24:00,275,sms,LOC0006
CDR006354,PH01086,PH00812,2026-01-21 10:04:00,517,app_message,LOC0038
CDR006355,PH01030,PH01193,2026-03-02 08:52:00,1380,app_message,LOC0085
CDR006356,PH01125,PH00902,2026-07-05 14:24:00,2161,call,LOC0134
CDR006357,PH00921,PH00611,2026-03-04 17:34:00,789,call,LOC0125
CDR006358,PH00845,PH01029,2026-03-25 18:27:00,175,sms,LOC0020
CDR006359,PH00795,PH00737,2026-01-21 09:49:00,854,app_message,LOC0088
CDR006360,PH00409,PH00005,2026-07-10 19:42:00,546,call,LOC0069
CDR006361,PH00107,PH00152,2026-03-30 23:14:00,385,call,LOC0150
CDR006362,PH00196,PH01041,2026-06-19 01:38:00,2225,sms,LOC0152
CDR006363,PH00570,PH00915,2026-02-02 00:43:00,1987,sms,LOC0011
CDR006364,PH00449,PH00982,2026-02-17 21:44:00,2315,app_message,LOC0169
CDR006365,PH01070,PH00358,2026-08-07 21:52:00,881,call,LOC0007
CDR006366,PH00406,PH00953,2026-04-30 17:50:00,771,call,LOC0080
CDR006367,PH00024,PH00482,2026-02-19 15:54:00,1457,call,LOC0136
CDR006368,PH01017,PH00995,2026-02-11 04:05:00,1717,app_message,LOC0158
CDR006369,PH00444,PH01022,2026-08-20 03:41:00,483,sms,LOC0045
CDR006370,PH00083,PH01173,2026-04-21 07:41:00,780,sms,LOC0110
CDR006371,PH00570,PH00423,2026-01-08 16:47:00,367,call,LOC0069
CDR006372,PH00987,PH00642,2026-05-20 18:17:00,373,call,LOC0143
CDR006373,PH00770,PH00099,2026-04-23 16:30:00,1382,sms,LOC0175
CDR006374,PH00579,PH01080,2026-05-04 08:40:00,1031,call,LOC0153
CDR006375,PH00325,PH00639,2026-06-20 07:15:00,2002,app_message,LOC0032
CDR006376,PH00016,PH00456,2026-06-19 13:38:00,412,call,LOC0006
CDR006377,PH01145,PH01108,2026-06-12 13:38:00,758,sms,LOC0157
CDR006378,PH00907,PH00707,2026-08-18 14:07:00,1894,call,LOC0026
CDR006379,PH00401,PH00689,2026-02-04 02:05:00,1211,app_message,LOC0100
CDR006380,PH01161,PH00213,2026-03-25 03:30:00,1658,app_message,LOC0059
CDR006381,PH00759,PH00087,2026-08-18 18:00:00,1597,app_message,LOC0035
CDR006382,PH00842,PH00336,2026-02-12 13:48:00,1971,call,LOC0082
CDR006383,PH01129,PH00767,2026-06-19 03:04:00,1555,call,LOC0093
CDR006384,PH00814,PH01148,2026-03-07 20:58:00,1605,sms,LOC0041
CDR006385,PH00438,PH00074,2026-01-16 16:07:00,216,call,LOC0052
CDR006386,PH00924,PH00258,2026-06-01 00:56:00,1983,call,LOC0031
CDR006387,PH00299,PH00694,2026-03-02 12:33:00,460,sms,LOC0172
CDR006388,PH00868,PH00094,2026-06-15 00:05:00,906,call,LOC0151
CDR006389,PH00765,PH01003,2026-02-27 03:39:00,1421,app_message,LOC0122
CDR006390,PH00707,PH00487,2026-07-06 05:52:00,2004,app_message,LOC0078
CDR006391,PH00123,PH00502,2026-03-05 13:56:00,571,app_message,LOC0125
CDR006392,PH01178,PH00315,2026-04-19 04:14:00,984,call,LOC0152
CDR006393,PH01017,PH00382,2026-03-28 12:34:00,1660,call,LOC0040
CDR006394,PH00442,PH00962,2026-08-06 20:31:00,801,app_message,LOC0162
CDR006395,PH01171,PH00555,2026-03-19 05:45:00,713,app_message,LOC0142
CDR006396,PH00487,PH00927,2026-06-10 06:47:00,226,call,LOC0014
CDR006397,PH00090,PH00109,2026-01-25 06:43:00,423,call,LOC0003
CDR006398,PH00755,PH00917,2026-05-17 12:49:00,1418,app_message,LOC0133
CDR006399,PH01123,PH00148,2026-03-03 21:43:00,575,app_message,LOC0157
CDR006400,PH00869,PH00563,2026-02-16 06:01:00,100,sms,LOC0053
CDR006401,PH00605,PH00694,2026-02-17 04:15:00,465,sms,LOC0036
CDR006402,PH00507,PH00953,2026-03-05 18:10:00,1521,app_message,LOC0017
CDR006403,PH00077,PH00091,2026-06-18 01:48:00,867,call,LOC0108
CDR006404,PH00158,PH00591,2026-05-14 21:47:00,1410,sms,LOC0141
CDR006405,PH00552,PH00666,2026-05-28 17:00:00,1056,sms,LOC0045
CDR006406,PH00150,PH00658,2026-06-20 19:59:00,1291,sms,LOC0109
CDR006407,PH00520,PH00452,2026-01-12 20:00:00,1455,sms,LOC0038
CDR006408,PH00993,PH00010,2026-08-01 19:52:00,1383,sms,LOC0060
CDR006409,PH00487,PH00802,2026-07-30 15:05:00,282,sms,LOC0009
CDR006410,PH01159,PH00419,2026-03-06 05:04:00,119,sms,LOC0173
CDR006411,PH00373,PH00749,2026-02-02 04:39:00,2195,call,LOC0054
CDR006412,PH00302,PH00227,2026-08-25 22:05:00,855,sms,LOC0045
CDR006413,PH00007,PH00337,2026-03-08 22:17:00,1262,sms,LOC0179
CDR006414,PH00855,PH00303,2026-05-02 16:41:00,1432,sms,LOC0074
CDR006415,PH01111,PH01050,2026-03-26 00:44:00,1871,app_message,LOC0064
CDR006416,PH00814,PH01003,2026-08-14 11:24:00,19,app_message,LOC0106
CDR006417,PH01120,PH00325,2026-02-20 18:47:00,959,app_message,LOC0177
CDR006418,PH01087,PH00269,2026-03-07 00:16:00,2049,call,LOC0052
CDR006419,PH00609,PH00623,2026-06-19 02:31:00,1136,sms,LOC0050
CDR006420,PH00872,PH00399,2026-01-15 10:29:00,166,app_message,LOC0160
CDR006421,PH00035,PH01132,2026-07-07 05:16:00,2389,sms,LOC0069
CDR006422,PH00915,PH00001,2026-06-27 20:58:00,55,sms,LOC0012
CDR006423,PH00351,PH01073,2026-01-02 23:15:00,2118,app_message,LOC0043
CDR006424,PH00489,PH00134,2026-03-13 16:21:00,728,sms,LOC0059
CDR006425,PH00338,PH00322,2026-06-14 14:14:00,248,sms,LOC0071
CDR006426,PH01074,PH01115,2026-04-14 16:49:00,1336,sms,LOC0138
CDR006427,PH00101,PH00774,2026-03-03 03:20:00,1934,app_message,LOC0096
CDR006428,PH00064,PH00382,2026-07-06 21:58:00,1863,call,LOC0163
CDR006429,PH00224,PH00952,2026-07-19 02:06:00,904,sms,LOC0108
CDR006430,PH00549,PH00873,2026-06-30 23:22:00,984,app_message,LOC0158
CDR006431,PH00386,PH01073,2026-06-26 17:30:00,698,app_message,LOC0042
CDR006432,PH00307,PH01134,2026-01-10 18:06:00,1694,sms,LOC0102
CDR006433,PH00808,PH00063,2026-03-08 14:27:00,783,call,LOC0115
CDR006434,PH00406,PH00556,2026-04-27 16:37:00,111,call,LOC0162
CDR006435,PH00827,PH00499,2026-05-10 03:28:00,985,app_message,LOC0167
CDR006436,PH00154,PH00192,2026-07-27 20:06:00,1087,call,LOC0103
CDR006437,PH01200,PH00751,2026-01-06 06:24:00,2118,app_message,LOC0053
CDR006438,PH01149,PH00007,2026-02-21 03:59:00,2078,sms,LOC0038
CDR006439,PH01117,PH00091,2026-01-03 18:13:00,1739,call,LOC0077
CDR006440,PH00025,PH00506,2026-06-12 11:49:00,98,app_message,LOC0090
CDR006441,PH00841,PH00021,2026-08-03 06:49:00,1427,call,LOC0121
CDR006442,PH01089,PH00948,2026-08-09 13:36:00,1468,sms,LOC0060
CDR006443,PH01065,PH00921,2026-07-27 16:42:00,72,sms,LOC0178
CDR006444,PH00762,PH00490,2026-02-21 19:20:00,1923,call,LOC0131
CDR006445,PH00806,PH00123,2026-04-09 21:37:00,1358,call,LOC0092
CDR006446,PH00006,PH00834,2026-08-09 00:51:00,209,call,LOC0004
CDR006447,PH00606,PH00486,2026-01-17 04:03:00,1520,call,LOC0115
CDR006448,PH00059,PH01075,2026-06-19 16:12:00,300,call,LOC0178
CDR006449,PH00508,PH01076,2026-07-21 03:34:00,2251,call,LOC0058
CDR006450,PH00792,PH00606,2026-08-30 12:48:00,2293,app_message,LOC0095
CDR006451,PH00657,PH00091,2026-04-02 02:28:00,1343,sms,LOC0094
CDR006452,PH00758,PH00559,2026-01-19 04:46:00,609,app_message,LOC0039
CDR006453,PH00610,PH00483,2026-07-10 15:48:00,2034,sms,LOC0017
CDR006454,PH00066,PH00349,2026-05-10 21:18:00,444,sms,LOC0144
CDR006455,PH00619,PH01068,2026-05-08 14:05:00,200,sms,LOC0112
CDR006456,PH00254,PH00831,2026-05-01 09:14:00,1679,app_message,LOC0095
CDR006457,PH00384,PH00530,2026-01-25 00:57:00,1098,app_message,LOC0112
CDR006458,PH01095,PH00398,2026-02-20 04:50:00,7,app_message,LOC0014
CDR006459,PH00918,PH00204,2026-04-13 12:57:00,722,app_message,LOC0179
CDR006460,PH01176,PH00263,2026-05-22 19:09:00,581,call,LOC0105
CDR006461,PH00114,PH00956,2026-02-23 15:04:00,1014,app_message,LOC0007
CDR006462,PH01178,PH00049,2026-04-12 04:46:00,15,sms,LOC0061
CDR006463,PH00092,PH00548,2026-05-29 16:05:00,2233,sms,LOC0133
CDR006464,PH00722,PH00118,2026-04-10 05:08:00,1881,call,LOC0002
CDR006465,PH00714,PH00104,2026-05-05 00:14:00,363,app_message,LOC0103
CDR006466,PH00186,PH00002,2026-04-19 03:13:00,1861,sms,LOC0079
CDR006467,PH00955,PH00212,2026-01-29 03:51:00,354,sms,LOC0151
CDR006468,PH00508,PH00496,2026-03-06 14:46:00,2180,call,LOC0069
CDR006469,PH00159,PH00886,2026-02-07 23:46:00,1841,sms,LOC0102
CDR006470,PH00267,PH00171,2026-01-05 11:23:00,2344,call,LOC0004
CDR006471,PH00378,PH00160,2026-03-24 21:00:00,423,app_message,LOC0143
CDR006472,PH00689,PH00884,2026-08-26 01:16:00,912,sms,LOC0156
CDR006473,PH00377,PH00342,2026-03-19 07:28:00,470,app_message,LOC0132
CDR006474,PH00095,PH00811,2026-03-01 01:36:00,148,call,LOC0047
CDR006475,PH00601,PH00335,2026-07-14 15:37:00,1779,sms,LOC0052
CDR006476,PH01117,PH00999,2026-01-18 09:33:00,1187,app_message,LOC0027
CDR006477,PH01062,PH00471,2026-07-02 19:44:00,2365,sms,LOC0072
CDR006478,PH00446,PH00213,2026-01-13 14:30:00,1512,call,LOC0039
CDR006479,PH00592,PH01157,2026-02-11 06:35:00,329,app_message,LOC0109
CDR006480,PH00223,PH00468,2026-02-21 06:00:00,189,app_message,LOC0017
CDR006481,PH00808,PH00321,2026-04-08 02:32:00,486,call,LOC0109
CDR006482,PH00602,PH00433,2026-04-22 11:21:00,775,sms,LOC0006
CDR006483,PH00113,PH00360,2026-01-05 17:46:00,1342,sms,LOC0015
CDR006484,PH00921,PH00441,2026-06-01 08:46:00,1991,call,LOC0029
CDR006485,PH00996,PH00555,2026-03-02 18:53:00,2366,sms,LOC0102
CDR006486,PH00722,PH00033,2026-01-16 01:21:00,569,app_message,LOC0099
CDR006487,PH01116,PH00753,2026-08-02 03:27:00,907,call,LOC0176
CDR006488,PH01009,PH00398,2026-08-06 19:44:00,2081,app_message,LOC0065
CDR006489,PH00751,PH00840,2026-03-09 03:19:00,773,app_message,LOC0107
CDR006490,PH00804,PH00375,2026-02-06 08:48:00,2167,sms,LOC0059
CDR006491,PH00299,PH00322,2026-08-02 11:25:00,1299,sms,LOC0011
CDR006492,PH00724,PH00060,2026-04-10 04:16:00,850,call,LOC0127
CDR006493,PH00617,PH00140,2026-06-18 13:06:00,685,call,LOC0172
CDR006494,PH00598,PH00812,2026-01-30 17:48:00,1894,sms,LOC0106
CDR006495,PH00400,PH01117,2026-07-01 07:33:00,1273,sms,LOC0072
CDR006496,PH00574,PH00701,2026-04-24 15:23:00,2399,call,LOC0022
CDR006497,PH00872,PH00249,2026-07-07 23:37:00,1300,call,LOC0087
CDR006498,PH00894,PH01014,2026-05-13 00:56:00,2027,sms,LOC0032
CDR006499,PH00971,PH00940,2026-05-12 05:04:00,260,app_message,LOC0012
CDR006500,PH00195,PH00025,2026-01-30 21:21:00,1454,app_message,LOC0012
CDR006501,PH00127,PH00655,2026-02-06 03:21:00,1670,app_message,LOC0048
CDR006502,PH00586,PH00549,2026-04-16 09:39:00,861,sms,LOC0062
CDR006503,PH01074,PH00728,2026-06-25 19:32:00,1946,app_message,LOC0010
CDR006504,PH00536,PH00808,2026-04-06 00:27:00,843,app_message,LOC0045
CDR006505,PH00258,PH00591,2026-01-01 04:12:00,1712,sms,LOC0046
CDR006506,PH00447,PH00916,2026-04-05 16:23:00,1312,app_message,LOC0124
CDR006507,PH00981,PH00670,2026-03-11 23:00:00,1722,sms,LOC0106
CDR006508,PH00822,PH00965,2026-07-04 10:14:00,1722,call,LOC0083
CDR006509,PH00821,PH00983,2026-02-01 14:33:00,702,call,LOC0043
CDR006510,PH00017,PH00634,2026-02-22 09:42:00,1777,app_message,LOC0117
CDR006511,PH00474,PH00371,2026-05-21 17:22:00,895,sms,LOC0118
CDR006512,PH00948,PH00350,2026-06-28 21:50:00,2227,call,LOC0113
CDR006513,PH00213,PH01174,2026-02-02 06:58:00,428,sms,LOC0156
CDR006514,PH00312,PH00028,2026-02-09 03:13:00,2392,app_message,LOC0069
CDR006515,PH00846,PH00380,2026-07-14 18:23:00,1989,sms,LOC0068
CDR006516,PH01138,PH00803,2026-08-16 01:14:00,940,call,LOC0025
CDR006517,PH01179,PH00218,2026-06-15 15:21:00,899,sms,LOC0023
CDR006518,PH00379,PH00240,2026-01-07 00:13:00,2195,sms,LOC0083
CDR006519,PH00446,PH00213,2026-02-20 05:07:00,1587,sms,LOC0172
CDR006520,PH00956,PH00399,2026-02-27 05:03:00,1578,sms,LOC0154
CDR006521,PH00130,PH00915,2026-05-14 19:39:00,1295,sms,LOC0175
CDR006522,PH00827,PH00236,2026-04-10 07:17:00,377,sms,LOC0043
CDR006523,PH01152,PH00529,2026-07-16 23:22:00,464,app_message,LOC0121
CDR006524,PH00215,PH00898,2026-02-19 06:30:00,1167,app_message,LOC0034
CDR006525,PH01073,PH00361,2026-05-02 01:50:00,1178,app_message,LOC0121
CDR006526,PH00396,PH01132,2026-02-11 17:57:00,840,sms,LOC0104
CDR006527,PH00021,PH00895,2026-03-03 19:38:00,2138,call,LOC0087
CDR006528,PH00479,PH00626,2026-04-08 03:12:00,1202,app_message,LOC0134
CDR006529,PH00974,PH00023,2026-08-16 22:41:00,2220,app_message,LOC0150
CDR006530,PH00549,PH00346,2026-07-13 08:16:00,1125,call,LOC0020
CDR006531,PH00112,PH00771,2026-02-01 10:14:00,728,app_message,LOC0111
CDR006532,PH00946,PH00292,2026-02-02 11:03:00,238,app_message,LOC0004
CDR006533,PH00958,PH01177,2026-04-15 23:55:00,1958,app_message,LOC0071
CDR006534,PH00896,PH00624,2026-03-07 08:19:00,714,call,LOC0046
CDR006535,PH00616,PH00641,2026-02-14 05:11:00,1920,sms,LOC0078
CDR006536,PH00224,PH01132,2026-02-14 05:25:00,2068,sms,LOC0134
CDR006537,PH01128,PH00959,2026-08-25 21:40:00,1063,sms,LOC0026
CDR006538,PH00398,PH00134,2026-02-13 22:56:00,1077,app_message,LOC0005
CDR006539,PH00748,PH00162,2026-03-16 01:12:00,168,sms,LOC0096
CDR006540,PH00112,PH00100,2026-07-10 07:07:00,20,call,LOC0144
CDR006541,PH00748,PH00463,2026-02-08 14:09:00,1567,sms,LOC0002
CDR006542,PH00235,PH00302,2026-05-03 10:40:00,260,call,LOC0062
CDR006543,PH00697,PH00128,2026-06-12 10:22:00,1711,call,LOC0114
CDR006544,PH00448,PH00805,2026-08-11 04:54:00,2061,app_message,LOC0152
CDR006545,PH01095,PH00778,2026-01-28 11:27:00,73,sms,LOC0049
CDR006546,PH00716,PH00002,2026-05-30 02:50:00,2078,app_message,LOC0064
CDR006547,PH00031,PH00547,2026-08-14 08:25:00,2085,call,LOC0104
CDR006548,PH00430,PH00932,2026-03-16 02:37:00,1875,app_message,LOC0116
CDR006549,PH00791,PH00526,2026-03-29 15:16:00,1028,sms,LOC0155
CDR006550,PH00796,PH00780,2026-04-09 15:09:00,1895,call,LOC0174
CDR006551,PH00479,PH00591,2026-04-18 20:09:00,2274,call,LOC0006
CDR006552,PH00349,PH00968,2026-01-01 03:47:00,710,sms,LOC0030
CDR006553,PH00996,PH00264,2026-04-18 17:23:00,2337,sms,LOC0015
CDR006554,PH00867,PH00926,2026-03-23 04:14:00,18,app_message,LOC0065
CDR006555,PH00623,PH00824,2026-07-16 08:12:00,727,app_message,LOC0030
CDR006556,PH00824,PH00301,2026-03-22 01:32:00,1380,app_message,LOC0099
CDR006557,PH00109,PH00924,2026-06-12 23:40:00,1956,sms,LOC0141
CDR006558,PH00772,PH00859,2026-07-19 04:58:00,1853,call,LOC0069
CDR006559,PH00442,PH00168,2026-07-04 18:26:00,179,app_message,LOC0095
CDR006560,PH01021,PH00267,2026-08-31 13:30:00,585,app_message,LOC0091
CDR006561,PH00003,PH00788,2026-07-03 05:12:00,796,app_message,LOC0165
CDR006562,PH00452,PH01077,2026-01-03 13:15:00,2146,app_message,LOC0032
CDR006563,PH00041,PH01100,2026-04-10 02:21:00,2272,sms,LOC0168
CDR006564,PH00702,PH00199,2026-06-04 22:14:00,121,sms,LOC0002
CDR006565,PH00596,PH00023,2026-01-13 03:26:00,2378,app_message,LOC0104
CDR006566,PH00835,PH00563,2026-07-24 14:35:00,597,sms,LOC0058
CDR006567,PH00544,PH00098,2026-04-29 21:44:00,1212,sms,LOC0052
CDR006568,PH00617,PH00329,2026-05-29 05:15:00,1767,app_message,LOC0139
CDR006569,PH00935,PH00187,2026-04-29 09:22:00,316,sms,LOC0122
CDR006570,PH01004,PH00917,2026-05-20 22:43:00,1292,call,LOC0166
CDR006571,PH00443,PH00758,2026-04-25 02:28:00,1219,call,LOC0020
CDR006572,PH00989,PH00705,2026-02-17 05:05:00,834,call,LOC0001
CDR006573,PH00503,PH00933,2026-08-12 09:05:00,1665,sms,LOC0117
CDR006574,PH00854,PH00761,2026-03-02 01:39:00,363,app_message,LOC0114
CDR006575,PH00762,PH00952,2026-05-25 11:14:00,1572,sms,LOC0118
CDR006576,PH00871,PH01070,2026-08-04 03:57:00,974,app_message,LOC0036
CDR006577,PH00691,PH00972,2026-01-30 00:25:00,1830,sms,LOC0101
CDR006578,PH00152,PH00927,2026-04-22 02:21:00,1051,call,LOC0167
CDR006579,PH00334,PH01056,2026-05-12 11:23:00,1567,app_message,LOC0056
CDR006580,PH00541,PH00418,2026-07-18 01:10:00,1397,app_message,LOC0032
CDR006581,PH00664,PH00889,2026-08-10 18:07:00,2271,app_message,LOC0018
CDR006582,PH00172,PH00383,2026-05-13 02:32:00,683,sms,LOC0139
CDR006583,PH00165,PH01005,2026-02-02 04:15:00,1275,app_message,LOC0117
CDR006584,PH00293,PH00732,2026-03-22 07:34:00,2382,sms,LOC0034
CDR006585,PH00719,PH01054,2026-03-11 23:02:00,225,call,LOC0104
CDR006586,PH00802,PH01052,2026-03-24 21:17:00,42,sms,LOC0021
CDR006587,PH01017,PH00122,2026-04-25 20:23:00,447,sms,LOC0148
CDR006588,PH00988,PH00028,2026-06-02 06:54:00,2050,app_message,LOC0042
CDR006589,PH00652,PH00178,2026-05-05 04:29:00,662,sms,LOC0083
CDR006590,PH00495,PH00166,2026-08-30 18:08:00,2255,sms,LOC0102
CDR006591,PH00235,PH01032,2026-08-28 16:58:00,2096,app_message,LOC0011
CDR006592,PH00714,PH00657,2026-05-04 09:39:00,143,call,LOC0083
CDR006593,PH00803,PH00812,2026-01-15 23:24:00,549,app_message,LOC0127
CDR006594,PH00774,PH00329,2026-04-30 07:36:00,213,app_message,LOC0062
CDR006595,PH00678,PH00807,2026-01-10 08:02:00,1857,sms,LOC0003
CDR006596,PH01170,PH00909,2026-08-13 19:04:00,773,sms,LOC0008
CDR006597,PH01137,PH00025,2026-07-10 22:22:00,2273,call,LOC0064
CDR006598,PH00196,PH00727,2026-01-26 14:13:00,1859,sms,LOC0173
CDR006599,PH00727,PH00640,2026-08-20 20:40:00,2102,app_message,LOC0114
CDR006600,PH00463,PH00732,2026-08-18 03:43:00,1645,app_message,LOC0045
CDR006601,PH00647,PH00404,2026-08-11 00:40:00,44,sms,LOC0025
CDR006602,PH00778,PH00196,2026-03-11 02:39:00,1580,app_message,LOC0153
CDR006603,PH00044,PH00539,2026-01-27 16:46:00,178,sms,LOC0152
CDR006604,PH00104,PH00645,2026-03-31 13:28:00,2348,sms,LOC0090
CDR006605,PH00848,PH00149,2026-08-15 05:27:00,867,call,LOC0059
CDR006606,PH00723,PH00386,2026-05-09 15:21:00,1605,sms,LOC0059
CDR006607,PH00856,PH00868,2026-03-27 07:02:00,720,app_message,LOC0014
CDR006608,PH00085,PH00492,2026-04-05 09:30:00,2039,app_message,LOC0112
CDR006609,PH01131,PH00144,2026-05-29 02:19:00,1736,app_message,LOC0079
CDR006610,PH00147,PH00036,2026-01-16 12:15:00,1385,app_message,LOC0008
CDR006611,PH00542,PH00310,2026-05-03 00:35:00,234,sms,LOC0036
CDR006612,PH00877,PH00086,2026-06-02 02:44:00,374,app_message,LOC0083
CDR006613,PH00785,PH00213,2026-08-31 22:17:00,1117,sms,LOC0093
CDR006614,PH01135,PH00334,2026-07-15 09:28:00,924,call,LOC0164
CDR006615,PH00629,PH01136,2026-07-16 11:45:00,69,app_message,LOC0034
CDR006616,PH00073,PH00598,2026-02-09 11:09:00,1429,app_message,LOC0093
CDR006617,PH00390,PH01054,2026-05-02 21:44:00,2399,app_message,LOC0169
CDR006618,PH01044,PH00174,2026-02-12 20:51:00,1832,sms,LOC0084
CDR006619,PH00389,PH00218,2026-04-22 07:05:00,1809,sms,LOC0051
CDR006620,PH00920,PH01175,2026-02-20 08:17:00,2103,sms,LOC0026
CDR006621,PH00361,PH00574,2026-01-28 23:21:00,2068,sms,LOC0174
CDR006622,PH01049,PH01100,2026-05-26 23:55:00,521,call,LOC0080
CDR006623,PH00110,PH00077,2026-08-04 08:09:00,2335,call,LOC0097
CDR006624,PH00499,PH00236,2026-03-28 23:16:00,1647,call,LOC0137
CDR006625,PH00003,PH00788,2026-07-30 13:56:00,1409,app_message,LOC0072
CDR006626,PH00818,PH00312,2026-06-01 10:38:00,2111,sms,LOC0054
CDR006627,PH00991,PH00805,2026-08-25 14:34:00,1299,sms,LOC0173
CDR006628,PH00096,PH00123,2026-05-22 04:32:00,1828,app_message,LOC0133
CDR006629,PH00092,PH00932,2026-07-12 08:46:00,1023,call,LOC0165
CDR006630,PH00241,PH00414,2026-05-01 03:14:00,1205,call,LOC0009
CDR006631,PH01091,PH00586,2026-08-10 17:54:00,265,sms,LOC0074
CDR006632,PH00128,PH00968,2026-01-25 17:06:00,465,app_message,LOC0130
CDR006633,PH00708,PH00860,2026-01-17 17:52:00,19,call,LOC0013
CDR006634,PH00078,PH00260,2026-07-23 11:05:00,302,call,LOC0041
CDR006635,PH01151,PH00067,2026-07-11 19:50:00,272,call,LOC0056
CDR006636,PH00508,PH00750,2026-02-25 08:20:00,1071,call,LOC0146
CDR006637,PH00576,PH00774,2026-04-13 09:04:00,621,app_message,LOC0074
CDR006638,PH00075,PH00259,2026-02-26 22:33:00,257,call,LOC0122
CDR006639,PH01113,PH00864,2026-08-05 12:09:00,800,app_message,LOC0177
CDR006640,PH00007,PH00610,2026-08-31 19:09:00,168,app_message,LOC0131
CDR006641,PH00771,PH00671,2026-04-09 09:21:00,1583,app_message,LOC0040
CDR006642,PH00819,PH00973,2026-08-11 11:53:00,1538,call,LOC0156
CDR006643,PH00861,PH00723,2026-01-30 06:41:00,1101,app_message,LOC0081
CDR006644,PH01086,PH00295,2026-05-01 19:23:00,1093,call,LOC0115
CDR006645,PH00142,PH00770,2026-01-30 01:03:00,1488,sms,LOC0065
CDR006646,PH00100,PH00582,2026-08-05 06:52:00,197,sms,LOC0173
CDR006647,PH00486,PH00917,2026-01-05 11:09:00,1078,sms,LOC0130
CDR006648,PH00187,PH00935,2026-06-29 12:07:00,1928,sms,LOC0021
CDR006649,PH00738,PH01026,2026-07-11 06:54:00,730,sms,LOC0139
CDR006650,PH00672,PH00125,2026-05-30 11:20:00,187,call,LOC0012
CDR006651,PH00025,PH00867,2026-01-02 06:27:00,2305,call,LOC0009
CDR006652,PH00690,PH00562,2026-07-08 07:44:00,1823,app_message,LOC0135
CDR006653,PH00361,PH00835,2026-02-23 11:09:00,2065,sms,LOC0130
CDR006654,PH01093,PH00984,2026-04-11 09:28:00,1788,call,LOC0099
CDR006655,PH00984,PH00168,2026-06-13 06:00:00,179,app_message,LOC0079
CDR006656,PH00653,PH00025,2026-04-26 17:34:00,1326,sms,LOC0155
CDR006657,PH00045,PH00167,2026-06-23 17:10:00,177,call,LOC0033
CDR006658,PH00865,PH00001,2026-05-05 12:27:00,1747,call,LOC0142
CDR006659,PH00457,PH00462,2026-04-15 23:56:00,1729,app_message,LOC0101
CDR006660,PH00492,PH01052,2026-04-14 11:01:00,664,sms,LOC0105
CDR006661,PH00529,PH00045,2026-05-16 03:12:00,1032,app_message,LOC0056
CDR006662,PH01026,PH00738,2026-01-03 18:31:00,518,app_message,LOC0005
CDR006663,PH00895,PH00226,2026-08-10 03:48:00,2024,app_message,LOC0097
CDR006664,PH00006,PH00211,2026-06-19 13:54:00,32,app_message,LOC0016
CDR006665,PH00498,PH00141,2026-07-12 13:47:00,129,sms,LOC0171
CDR006666,PH00138,PH00399,2026-08-14 15:34:00,1122,app_message,LOC0103
CDR006667,PH00525,PH00179,2026-07-14 12:51:00,1241,sms,LOC0125
CDR006668,PH01015,PH01003,2026-08-03 22:16:00,1535,sms,LOC0104
CDR006669,PH00794,PH00308,2026-06-10 21:09:00,825,app_message,LOC0063
CDR006670,PH00896,PH01190,2026-04-04 11:35:00,979,app_message,LOC0053
CDR006671,PH00895,PH00626,2026-04-17 18:23:00,2110,sms,LOC0179
CDR006672,PH00614,PH01118,2026-07-21 17:57:00,270,call,LOC0153
CDR006673,PH00285,PH00069,2026-02-22 10:57:00,2094,sms,LOC0041
CDR006674,PH00417,PH00999,2026-06-18 06:10:00,948,app_message,LOC0054
CDR006675,PH00986,PH00189,2026-07-02 07:57:00,33,sms,LOC0096
CDR006676,PH00907,PH00309,2026-04-25 14:05:00,2284,app_message,LOC0129
CDR006677,PH00254,PH00468,2026-07-24 11:53:00,1817,call,LOC0116
CDR006678,PH01111,PH00129,2026-01-22 07:14:00,361,call,LOC0062
CDR006679,PH01138,PH00130,2026-07-03 01:44:00,37,app_message,LOC0137
CDR006680,PH01009,PH00682,2026-05-20 07:22:00,1482,call,LOC0092
CDR006681,PH00261,PH01135,2026-04-27 09:19:00,2093,app_message,LOC0092
CDR006682,PH00193,PH00679,2026-08-28 18:48:00,769,sms,LOC0169
CDR006683,PH00334,PH00238,2026-07-24 01:55:00,2044,call,LOC0081
CDR006684,PH01060,PH00118,2026-06-23 19:14:00,645,sms,LOC0156
CDR006685,PH00138,PH00085,2026-06-17 23:14:00,1583,sms,LOC0071
CDR006686,PH00427,PH00218,2026-04-10 18:37:00,1874,sms,LOC0101
CDR006687,PH00223,PH00835,2026-05-24 19:35:00,2311,app_message,LOC0152
CDR006688,PH00893,PH00751,2026-07-13 21:15:00,1242,sms,LOC0075
CDR006689,PH00166,PH01171,2026-01-12 07:43:00,725,sms,LOC0150
CDR006690,PH00001,PH00307,2026-05-23 08:31:00,2158,call,LOC0057
CDR006691,PH00229,PH00258,2026-08-26 08:29:00,2366,call,LOC0094
CDR006692,PH01165,PH01080,2026-07-02 06:41:00,971,sms,LOC0055
CDR006693,PH00066,PH01010,2026-07-24 01:08:00,1982,app_message,LOC0164
CDR006694,PH01006,PH00502,2026-01-04 13:54:00,793,call,LOC0174
CDR006695,PH00458,PH00659,2026-02-27 03:19:00,698,app_message,LOC0055
CDR006696,PH00477,PH00862,2026-05-19 18:10:00,685,sms,LOC0134
CDR006697,PH00452,PH00821,2026-02-26 11:13:00,1449,call,LOC0085
CDR006698,PH00063,PH00652,2026-01-27 04:31:00,1352,sms,LOC0019
CDR006699,PH01094,PH00252,2026-05-27 19:08:00,1604,app_message,LOC0115
CDR006700,PH00070,PH00441,2026-07-18 14:14:00,577,app_message,LOC0073
CDR006701,PH01181,PH00385,2026-01-30 03:03:00,2233,sms,LOC0096
CDR006702,PH00614,PH01156,2026-04-11 00:36:00,178,call,LOC0122
CDR006703,PH00036,PH00860,2026-04-16 15:04:00,1988,app_message,LOC0143
CDR006704,PH00696,PH00523,2026-06-20 23:22:00,997,sms,LOC0115
CDR006705,PH00378,PH00374,2026-05-21 04:24:00,820,app_message,LOC0025
CDR006706,PH00290,PH00636,2026-03-01 13:39:00,707,call,LOC0036
CDR006707,PH00701,PH01161,2026-03-27 16:30:00,1257,app_message,LOC0127
CDR006708,PH01039,PH01137,2026-04-26 03:20:00,2383,call,LOC0135
CDR006709,PH00005,PH00471,2026-08-15 22:07:00,457,sms,LOC0004
CDR006710,PH00195,PH00470,2026-06-18 17:22:00,405,app_message,LOC0107
CDR006711,PH01130,PH00501,2026-05-21 08:37:00,1023,sms,LOC0078
CDR006712,PH00495,PH00700,2026-01-29 21:57:00,1794,app_message,LOC0117
CDR006713,PH01066,PH01135,2026-04-02 04:18:00,1492,sms,LOC0151
CDR006714,PH00681,PH00213,2026-03-05 15:21:00,920,call,LOC0121
CDR006715,PH01148,PH00055,2026-08-09 08:32:00,790,app_message,LOC0130
CDR006716,PH00776,PH01091,2026-05-25 04:24:00,1244,call,LOC0034
CDR006717,PH00931,PH00985,2026-05-04 08:32:00,385,call,LOC0149
CDR006718,PH00020,PH00588,2026-05-10 10:38:00,1959,app_message,LOC0084
CDR006719,PH00586,PH01044,2026-07-20 04:45:00,2130,call,LOC0060
CDR006720,PH00690,PH00726,2026-08-28 18:07:00,1605,app_message,LOC0095
CDR006721,PH00236,PH00158,2026-07-24 11:53:00,568,app_message,LOC0155
CDR006722,PH00375,PH00686,2026-06-10 22:49:00,379,app_message,LOC0089
CDR006723,PH01108,PH00079,2026-07-12 11:00:00,1807,sms,LOC0093
CDR006724,PH00768,PH00708,2026-03-13 20:29:00,1591,call,LOC0170
CDR006725,PH00644,PH00229,2026-08-17 20:27:00,2047,app_message,LOC0085
CDR006726,PH00988,PH00028,2026-02-22 13:27:00,349,call,LOC0091
CDR006727,PH00311,PH00765,2026-04-08 09:37:00,2359,app_message,LOC0141
CDR006728,PH00098,PH00437,2026-04-25 14:33:00,1517,sms,LOC0091
CDR006729,PH00086,PH00367,2026-07-22 00:24:00,676,app_message,LOC0092
CDR006730,PH00449,PH00517,2026-08-20 07:44:00,218,app_message,LOC0095
CDR006731,PH00013,PH00405,2026-04-25 20:07:00,959,sms,LOC0051
CDR006732,PH01146,PH00874,2026-02-12 01:35:00,1526,call,LOC0147
CDR006733,PH01059,PH00221,2026-03-17 19:17:00,404,sms,LOC0148
CDR006734,PH00449,PH00895,2026-03-10 23:07:00,970,sms,LOC0114
CDR006735,PH00433,PH01137,2026-03-17 15:42:00,768,sms,LOC0015
CDR006736,PH01136,PH00693,2026-08-08 17:49:00,1593,app_message,LOC0082
CDR006737,PH01174,PH00781,2026-07-03 04:51:00,1661,app_message,LOC0057
CDR006738,PH00609,PH00884,2026-07-31 04:17:00,1584,sms,LOC0112
CDR006739,PH00409,PH00196,2026-01-26 05:02:00,130,call,LOC0009
CDR006740,PH00565,PH00438,2026-01-15 19:11:00,1322,sms,LOC0020
CDR006741,PH01177,PH01045,2026-03-29 06:59:00,1921,app_message,LOC0166
CDR006742,PH00862,PH00431,2026-06-24 20:23:00,1045,call,LOC0048
CDR006743,PH01045,PH00428,2026-04-19 03:22:00,1646,call,LOC0018
CDR006744,PH00873,PH00852,2026-01-06 04:45:00,983,sms,LOC0034
CDR006745,PH00290,PH00887,2026-04-02 17:07:00,328,sms,LOC0014
CDR006746,PH00146,PH00309,2026-05-10 20:42:00,63,call,LOC0128
CDR006747,PH00992,PH01049,2026-05-28 05:27:00,1484,call,LOC0064
CDR006748,PH00182,PH00069,2026-08-18 19:43:00,421,call,LOC0003
CDR006749,PH01131,PH00186,2026-07-12 19:20:00,1185,app_message,LOC0127
CDR006750,PH00005,PH00712,2026-04-16 02:18:00,1268,call,LOC0080
CDR006751,PH00771,PH00940,2026-05-15 08:28:00,246,sms,LOC0040
CDR006752,PH00573,PH00456,2026-05-16 02:48:00,2389,sms,LOC0006
CDR006753,PH00865,PH00857,2026-04-21 00:08:00,1388,sms,LOC0100
CDR006754,PH00843,PH00457,2026-03-14 12:31:00,2254,sms,LOC0105
CDR006755,PH00987,PH00579,2026-07-16 08:40:00,1411,app_message,LOC0030
CDR006756,PH00230,PH00954,2026-02-04 09:12:00,1573,app_message,LOC0136
CDR006757,PH00337,PH01172,2026-07-26 02:56:00,1233,sms,LOC0054
CDR006758,PH00835,PH00292,2026-07-21 13:34:00,1879,app_message,LOC0081
CDR006759,PH01125,PH00891,2026-06-24 05:26:00,1512,call,LOC0092
CDR006760,PH01084,PH00517,2026-08-03 09:16:00,1386,app_message,LOC0031
CDR006761,PH01054,PH00804,2026-07-14 07:59:00,1068,call,LOC0142
CDR006762,PH00400,PH00828,2026-04-09 08:36:00,1079,call,LOC0017
CDR006763,PH01098,PH01147,2026-05-10 04:31:00,882,sms,LOC0026
CDR006764,PH00086,PH00756,2026-01-13 05:05:00,1826,sms,LOC0132
CDR006765,PH00805,PH00947,2026-03-17 05:42:00,1372,app_message,LOC0130
CDR006766,PH01065,PH00328,2026-07-16 01:39:00,264,call,LOC0097
CDR006767,PH00071,PH00877,2026-08-06 17:27:00,1590,app_message,LOC0063
CDR006768,PH00380,PH00952,2026-01-05 05:21:00,131,call,LOC0034
CDR006769,PH00515,PH01006,2026-01-13 20:06:00,392,app_message,LOC0094
CDR006770,PH00093,PH00634,2026-04-22 09:29:00,83,app_message,LOC0114
CDR006771,PH00894,PH00835,2026-03-22 23:48:00,1337,sms,LOC0032
CDR006772,PH01038,PH00539,2026-05-12 00:43:00,1017,call,LOC0136
CDR006773,PH01170,PH01177,2026-08-22 14:25:00,806,sms,LOC0056
CDR006774,PH00515,PH00492,2026-08-17 19:19:00,523,call,LOC0026
CDR006775,PH00510,PH00488,2026-02-07 23:12:00,1862,app_message,LOC0138
CDR006776,PH00577,PH00597,2026-02-07 03:59:00,974,app_message,LOC0015
CDR006777,PH00347,PH01151,2026-04-10 23:44:00,1237,sms,LOC0116
CDR006778,PH00901,PH00260,2026-05-26 11:41:00,1177,call,LOC0023
CDR006779,PH00343,PH00059,2026-01-15 23:39:00,1156,sms,LOC0022
CDR006780,PH00146,PH00263,2026-01-19 18:29:00,1720,sms,LOC0067
CDR006781,PH00988,PH01192,2026-04-19 17:01:00,729,sms,LOC0059
CDR006782,PH00707,PH00309,2026-06-11 09:24:00,1576,call,LOC0169
CDR006783,PH00230,PH00241,2026-07-21 07:55:00,1385,sms,LOC0115
CDR006784,PH00984,PH00264,2026-04-17 13:17:00,2111,app_message,LOC0060
CDR006785,PH00370,PH00753,2026-08-24 15:59:00,1160,app_message,LOC0019
CDR006786,PH00281,PH01177,2026-05-09 14:47:00,755,app_message,LOC0038
CDR006787,PH00513,PH00805,2026-08-31 10:25:00,210,sms,LOC0093
CDR006788,PH00275,PH00739,2026-06-09 06:11:00,405,app_message,LOC0030
CDR006789,PH00375,PH00783,2026-06-18 14:45:00,1956,app_message,LOC0006
CDR006790,PH01042,PH00060,2026-02-01 20:00:00,2303,sms,LOC0128
CDR006791,PH00338,PH00713,2026-03-19 10:25:00,1443,sms,LOC0131
CDR006792,PH00525,PH00235,2026-02-21 01:35:00,82,call,LOC0086
CDR006793,PH01072,PH00950,2026-07-08 08:43:00,1371,call,LOC0089
CDR006794,PH00103,PH00299,2026-08-22 13:03:00,2291,app_message,LOC0063
CDR006795,PH01028,PH00136,2026-02-02 12:01:00,1643,call,LOC0005
CDR006796,PH00271,PH00186,2026-04-15 15:27:00,1736,app_message,LOC0074
CDR006797,PH01024,PH01049,2026-07-27 06:50:00,9,sms,LOC0106
CDR006798,PH00515,PH00806,2026-02-17 17:48:00,1837,call,LOC0158
CDR006799,PH00929,PH00541,2026-04-26 05:02:00,1338,app_message,LOC0112
CDR006800,PH00550,PH00090,2026-06-07 10:12:00,1601,sms,LOC0024
CDR006801,PH00995,PH01117,2026-01-14 06:51:00,336,call,LOC0077
CDR006802,PH00951,PH00407,2026-01-30 23:52:00,2375,app_message,LOC0124
CDR006803,PH00758,PH00265,2026-08-27 02:36:00,1655,app_message,LOC0169
CDR006804,PH00245,PH00852,2026-05-22 05:56:00,2328,sms,LOC0053
CDR006805,PH00087,PH01014,2026-04-08 16:06:00,1276,sms,LOC0094
CDR006806,PH00928,PH00114,2026-05-20 12:31:00,862,sms,LOC0144
CDR006807,PH00966,PH00532,2026-07-07 20:30:00,365,sms,LOC0045
CDR006808,PH01160,PH00904,2026-08-03 17:50:00,367,app_message,LOC0078
CDR006809,PH00294,PH00621,2026-04-26 03:11:00,1024,sms,LOC0029
CDR006810,PH00815,PH00631,2026-01-20 12:18:00,1530,sms,LOC0057
CDR006811,PH00340,PH00482,2026-02-22 04:16:00,1642,call,LOC0029
CDR006812,PH01125,PH01198,2026-04-21 23:02:00,1677,sms,LOC0150
CDR006813,PH01177,PH01046,2026-04-14 18:33:00,1202,sms,LOC0070
CDR006814,PH00036,PH00248,2026-04-27 07:58:00,1391,sms,LOC0094
CDR006815,PH00577,PH00430,2026-03-12 01:34:00,672,sms,LOC0043
CDR006816,PH00902,PH00200,2026-06-17 11:18:00,636,sms,LOC0060
CDR006817,PH00393,PH01086,2026-06-22 03:17:00,2386,call,LOC0155
CDR006818,PH00474,PH00529,2026-05-30 07:47:00,2165,sms,LOC0069
CDR006819,PH00371,PH00225,2026-03-21 04:45:00,1689,sms,LOC0083
CDR006820,PH00477,PH00686,2026-07-23 02:52:00,2370,app_message,LOC0108
CDR006821,PH00326,PH00307,2026-02-23 10:56:00,1495,sms,LOC0022
CDR006822,PH00055,PH00119,2026-03-28 12:43:00,1436,call,LOC0162
CDR006823,PH01194,PH00381,2026-03-08 12:26:00,1329,app_message,LOC0170
CDR006824,PH00993,PH00003,2026-03-28 05:43:00,1383,app_message,LOC0062
CDR006825,PH00135,PH00090,2026-03-09 13:27:00,392,app_message,LOC0094
CDR006826,PH01005,PH00228,2026-01-09 05:48:00,960,app_message,LOC0076
CDR006827,PH00501,PH00203,2026-08-08 10:06:00,859,sms,LOC0011
CDR006828,PH00767,PH00739,2026-08-22 14:10:00,1050,app_message,LOC0156
CDR006829,PH00882,PH01016,2026-04-03 07:19:00,1624,call,LOC0015
CDR006830,PH00230,PH00351,2026-06-06 23:37:00,368,sms,LOC0086
CDR006831,PH00932,PH00778,2026-08-24 03:03:00,2397,sms,LOC0144
CDR006832,PH01023,PH00581,2026-03-26 23:22:00,652,call,LOC0130
CDR006833,PH01147,PH00338,2026-04-23 12:29:00,1313,app_message,LOC0169
CDR006834,PH00484,PH00110,2026-01-06 13:55:00,1833,app_message,LOC0140
CDR006835,PH00632,PH00286,2026-06-24 20:56:00,666,app_message,LOC0153
CDR006836,PH00137,PH01128,2026-06-08 05:54:00,718,sms,LOC0156
CDR006837,PH00013,PH00148,2026-04-03 07:41:00,929,app_message,LOC0145
CDR006838,PH00686,PH01031,2026-04-09 12:58:00,1578,app_message,LOC0179
CDR006839,PH00329,PH00730,2026-06-22 07:49:00,1963,call,LOC0012
CDR006840,PH01109,PH01108,2026-02-05 07:24:00,398,call,LOC0074
CDR006841,PH00742,PH00607,2026-08-22 12:54:00,1263,app_message,LOC0037
CDR006842,PH01099,PH00641,2026-07-18 16:47:00,1507,sms,LOC0098
CDR006843,PH00161,PH00265,2026-06-24 20:29:00,294,call,LOC0025
CDR006844,PH01093,PH00145,2026-06-22 04:33:00,1313,app_message,LOC0148
CDR006845,PH00658,PH00214,2026-04-09 23:06:00,1973,sms,LOC0148
CDR006846,PH00230,PH00378,2026-05-22 21:33:00,2081,sms,LOC0054
CDR006847,PH00626,PH00479,2026-03-29 00:40:00,1661,call,LOC0104
CDR006848,PH00236,PH00497,2026-01-24 20:50:00,1286,call,LOC0117
CDR006849,PH00190,PH00546,2026-08-20 03:56:00,194,sms,LOC0006
CDR006850,PH00857,PH00613,2026-01-16 15:22:00,1393,call,LOC0092
CDR006851,PH00207,PH00480,2026-01-08 23:03:00,294,call,LOC0022
CDR006852,PH00573,PH00938,2026-07-29 05:19:00,462,sms,LOC0066
CDR006853,PH01190,PH00373,2026-02-27 14:53:00,2339,call,LOC0048
CDR006854,PH00869,PH00555,2026-01-31 19:36:00,259,app_message,LOC0037
CDR006855,PH00966,PH00948,2026-04-11 02:43:00,1114,app_message,LOC0111
CDR006856,PH00662,PH00651,2026-08-30 03:08:00,607,app_message,LOC0167
CDR006857,PH00590,PH00256,2026-03-24 01:42:00,2063,app_message,LOC0169
CDR006858,PH00359,PH00796,2026-01-23 17:04:00,1495,sms,LOC0109
CDR006859,PH01076,PH00496,2026-08-16 12:47:00,1003,app_message,LOC0068
CDR006860,PH00979,PH00741,2026-02-07 20:56:00,1406,app_message,LOC0057
CDR006861,PH01044,PH00514,2026-05-15 23:11:00,1416,sms,LOC0113
CDR006862,PH00926,PH00025,2026-04-26 12:57:00,613,sms,LOC0022
CDR006863,PH00441,PH00628,2026-04-21 12:29:00,830,app_message,LOC0180
CDR006864,PH01079,PH00802,2026-01-08 16:54:00,1121,call,LOC0138
CDR006865,PH01074,PH00518,2026-06-18 13:06:00,2189,sms,LOC0056
CDR006866,PH01033,PH00075,2026-07-31 10:23:00,67,sms,LOC0123
CDR006867,PH01041,PH00483,2026-05-12 21:35:00,682,call,LOC0100
CDR006868,PH00751,PH00571,2026-04-10 13:05:00,2090,call,LOC0024
CDR006869,PH00358,PH00816,2026-08-07 05:25:00,759,app_message,LOC0152
CDR006870,PH00090,PH00135,2026-03-07 14:23:00,584,sms,LOC0170
CDR006871,PH00916,PH01130,2026-03-13 10:48:00,1791,app_message,LOC0123
CDR006872,PH00754,PH00237,2026-05-13 11:25:00,2047,call,LOC0178
CDR006873,PH00364,PH01116,2026-01-14 13:40:00,1771,call,LOC0079
CDR006874,PH01139,PH00157,2026-03-22 15:12:00,961,app_message,LOC0107
CDR006875,PH00355,PH01110,2026-02-10 19:55:00,1796,sms,LOC0021
CDR006876,PH00648,PH01084,2026-06-01 11:43:00,197,sms,LOC0029
CDR006877,PH00225,PH00967,2026-03-07 04:59:00,930,app_message,LOC0180
CDR006878,PH01006,PH01145,2026-07-09 22:59:00,1162,sms,LOC0079
CDR006879,PH00464,PH00004,2026-07-29 02:12:00,1145,call,LOC0011
CDR006880,PH00324,PH01048,2026-02-20 15:57:00,511,sms,LOC0003
CDR006881,PH00654,PH01024,2026-06-24 20:51:00,399,sms,LOC0080
CDR006882,PH00905,PH00586,2026-05-01 09:55:00,271,call,LOC0070
CDR006883,PH00940,PH00434,2026-07-09 22:40:00,888,call,LOC0002
CDR006884,PH00704,PH00159,2026-07-27 18:01:00,1992,sms,LOC0034
CDR006885,PH01083,PH00827,2026-04-16 21:54:00,1396,call,LOC0114
CDR006886,PH01016,PH00797,2026-02-08 20:02:00,1683,call,LOC0093
CDR006887,PH00830,PH00823,2026-03-28 21:38:00,1904,call,LOC0146
CDR006888,PH00962,PH00147,2026-08-22 09:28:00,776,sms,LOC0027
CDR006889,PH00440,PH00338,2026-07-24 04:58:00,324,call,LOC0064
CDR006890,PH00138,PH00769,2026-08-18 07:18:00,1000,call,LOC0098
CDR006891,PH00300,PH00045,2026-08-18 20:42:00,1125,sms,LOC0176
CDR006892,PH00872,PH01060,2026-07-27 10:54:00,263,app_message,LOC0053
CDR006893,PH00070,PH00586,2026-05-15 02:32:00,2206,app_message,LOC0098
CDR006894,PH00375,PH00350,2026-07-07 00:37:00,2042,sms,LOC0021
CDR006895,PH01160,PH01046,2026-06-15 16:25:00,2075,call,LOC0128
CDR006896,PH01170,PH00960,2026-08-06 12:23:00,243,sms,LOC0038
CDR006897,PH00754,PH01129,2026-01-03 19:36:00,2030,sms,LOC0061
CDR006898,PH00180,PH01018,2026-08-28 09:15:00,139,call,LOC0060
CDR006899,PH01137,PH00466,2026-01-08 02:42:00,219,call,LOC0101
CDR006900,PH00404,PH00595,2026-05-01 17:56:00,2267,sms,LOC0149
CDR006901,PH00263,PH00224,2026-03-05 02:25:00,395,call,LOC0041
CDR006902,PH00504,PH00334,2026-03-28 19:06:00,1387,call,LOC0121
CDR006903,PH01176,PH00947,2026-08-01 23:58:00,1510,call,LOC0074
CDR006904,PH00511,PH00927,2026-07-21 07:47:00,1043,sms,LOC0024
CDR006905,PH00763,PH00395,2026-04-23 01:51:00,1593,sms,LOC0121
CDR006906,PH00332,PH00907,2026-08-05 04:56:00,478,call,LOC0049
CDR006907,PH00535,PH00681,2026-07-08 02:06:00,2310,sms,LOC0092
CDR006908,PH01080,PH00707,2026-04-07 12:05:00,370,sms,LOC0121
CDR006909,PH00104,PH00504,2026-08-24 12:36:00,1523,app_message,LOC0064
CDR006910,PH00977,PH00768,2026-07-06 12:25:00,1903,app_message,LOC0089
CDR006911,PH00361,PH00869,2026-08-25 09:35:00,1292,sms,LOC0157
CDR006912,PH00232,PH00988,2026-03-18 04:59:00,2352,sms,LOC0109
CDR006913,PH01082,PH00616,2026-01-30 04:13:00,910,sms,LOC0024
CDR006914,PH01004,PH00843,2026-02-11 03:40:00,564,sms,LOC0022
CDR006915,PH00054,PH00821,2026-04-05 18:22:00,587,sms,LOC0109
CDR006916,PH00215,PH01042,2026-01-20 22:21:00,1630,sms,LOC0149
CDR006917,PH00619,PH01175,2026-06-02 13:45:00,667,call,LOC0174
CDR006918,PH01095,PH00778,2026-07-29 04:01:00,341,app_message,LOC0106
CDR006919,PH01133,PH01036,2026-04-12 07:46:00,2041,call,LOC0132
CDR006920,PH01031,PH00299,2026-06-08 08:20:00,1012,call,LOC0097
CDR006921,PH00263,PH00368,2026-04-03 19:44:00,2313,sms,LOC0085
CDR006922,PH00260,PH00861,2026-07-30 10:42:00,321,sms,LOC0069
CDR006923,PH00776,PH00769,2026-03-26 22:40:00,932,app_message,LOC0022
CDR006924,PH00575,PH00985,2026-04-01 14:04:00,206,app_message,LOC0066
CDR006925,PH01127,PH00156,2026-06-05 18:21:00,1241,call,LOC0100
CDR006926,PH01133,PH00358,2026-07-10 20:03:00,1230,app_message,LOC0039
CDR006927,PH00197,PH00090,2026-06-30 04:11:00,868,sms,LOC0144
CDR006928,PH01130,PH00109,2026-08-20 21:45:00,1849,call,LOC0085
CDR006929,PH00404,PH00647,2026-02-02 14:37:00,1518,call,LOC0081
CDR006930,PH00132,PH00088,2026-05-19 00:15:00,31,app_message,LOC0121
CDR006931,PH00824,PH01155,2026-04-25 01:15:00,1741,app_message,LOC0062
CDR006932,PH01062,PH00298,2026-05-13 16:51:00,313,call,LOC0180
CDR006933,PH01056,PH00095,2026-08-22 21:54:00,798,sms,LOC0179
CDR006934,PH00258,PH00756,2026-05-31 04:30:00,1256,sms,LOC0054
CDR006935,PH00496,PH00440,2026-06-08 09:13:00,704,app_message,LOC0082
CDR006936,PH00654,PH00815,2026-01-03 11:59:00,1217,app_message,LOC0108
CDR006937,PH00103,PH00074,2026-08-15 09:43:00,1276,call,LOC0019
CDR006938,PH00778,PH00682,2026-01-25 16:36:00,1070,app_message,LOC0082
CDR006939,PH00919,PH00761,2026-07-09 07:34:00,2249,call,LOC0092
CDR006940,PH00104,PH01198,2026-03-03 13:46:00,1462,call,LOC0037
CDR006941,PH00089,PH00656,2026-06-30 15:29:00,1781,sms,LOC0094
CDR006942,PH00437,PH00349,2026-01-01 05:28:00,384,sms,LOC0041
CDR006943,PH00187,PH00228,2026-07-28 03:05:00,533,sms,LOC0154
CDR006944,PH00147,PH01196,2026-08-25 20:48:00,2240,sms,LOC0052
CDR006945,PH01024,PH00693,2026-04-03 17:04:00,257,call,LOC0053
CDR006946,PH01070,PH00154,2026-06-23 14:23:00,1789,sms,LOC0120
CDR006947,PH00840,PH00269,2026-04-23 05:34:00,187,sms,LOC0058
CDR006948,PH00608,PH00468,2026-05-06 17:57:00,751,app_message,LOC0169
CDR006949,PH00403,PH00241,2026-03-12 05:46:00,1763,sms,LOC0111
CDR006950,PH01123,PH00781,2026-03-02 09:52:00,1828,app_message,LOC0046
CDR006951,PH00119,PH00358,2026-06-09 10:11:00,2109,app_message,LOC0128
CDR006952,PH00803,PH00954,2026-07-18 17:54:00,694,sms,LOC0029
CDR006953,PH00449,PH01158,2026-02-08 02:05:00,493,call,LOC0164
CDR006954,PH00943,PH01113,2026-01-01 23:22:00,1443,sms,LOC0050
CDR006955,PH01066,PH01056,2026-03-11 14:16:00,1116,call,LOC0041
CDR006956,PH01170,PH00252,2026-08-27 11:05:00,906,app_message,LOC0128
CDR006957,PH00305,PH00921,2026-08-14 23:12:00,2070,app_message,LOC0002
CDR006958,PH00664,PH00471,2026-08-28 21:21:00,1525,app_message,LOC0042
CDR006959,PH00256,PH00117,2026-05-09 09:15:00,1319,sms,LOC0079
CDR006960,PH00359,PH00941,2026-01-17 14:38:00,1772,app_message,LOC0172
CDR006961,PH00275,PH00811,2026-05-11 15:22:00,2197,call,LOC0041
CDR006962,PH00669,PH00470,2026-04-24 08:51:00,1620,call,LOC0160
CDR006963,PH00151,PH00621,2026-05-09 08:31:00,1500,call,LOC0059
CDR006964,PH01143,PH01136,2026-01-21 01:05:00,1212,app_message,LOC0022
CDR006965,PH01158,PH00230,2026-06-09 04:12:00,2204,sms,LOC0020
CDR006966,PH00978,PH00146,2026-01-27 07:04:00,1974,call,LOC0161
CDR006967,PH01101,PH00383,2026-07-13 06:28:00,207,sms,LOC0009
CDR006968,PH00413,PH01095,2026-06-25 06:58:00,204,sms,LOC0085
CDR006969,PH00074,PH00571,2026-08-10 05:02:00,2248,sms,LOC0017
CDR006970,PH00122,PH00632,2026-02-18 07:09:00,411,call,LOC0180
CDR006971,PH00503,PH00483,2026-02-16 17:05:00,935,app_message,LOC0069
CDR006972,PH00115,PH00963,2026-05-27 03:14:00,185,app_message,LOC0139
CDR006973,PH00749,PH00316,2026-05-06 10:47:00,1042,app_message,LOC0107
CDR006974,PH00078,PH00443,2026-08-17 09:06:00,1071,call,LOC0070
CDR006975,PH00889,PH00640,2026-06-07 19:53:00,1675,sms,LOC0112
CDR006976,PH00639,PH00609,2026-04-06 21:11:00,1354,call,LOC0122
CDR006977,PH01151,PH00056,2026-07-07 12:15:00,2252,call,LOC0015
CDR006978,PH00240,PH00392,2026-07-02 06:13:00,1848,sms,LOC0106
CDR006979,PH00596,PH00716,2026-02-25 08:47:00,1474,sms,LOC0162
CDR006980,PH01094,PH00894,2026-04-23 06:11:00,2076,sms,LOC0120
CDR006981,PH00274,PH00719,2026-05-16 02:05:00,112,app_message,LOC0145
CDR006982,PH00702,PH00706,2026-06-07 20:53:00,1931,call,LOC0099
CDR006983,PH00371,PH00467,2026-07-09 15:05:00,1923,call,LOC0037
CDR006984,PH00658,PH01083,2026-03-13 19:40:00,619,sms,LOC0003
CDR006985,PH00225,PH01038,2026-05-03 07:21:00,1855,call,LOC0057
CDR006986,PH01058,PH00809,2026-08-16 04:29:00,1435,call,LOC0007
CDR006987,PH00495,PH00596,2026-01-11 07:45:00,613,app_message,LOC0142
CDR006988,PH00216,PH00244,2026-04-14 21:25:00,353,app_message,LOC0133
CDR006989,PH00796,PH01111,2026-03-31 09:29:00,846,sms,LOC0068
CDR006990,PH01056,PH00879,2026-03-21 08:50:00,86,app_message,LOC0001
CDR006991,PH00044,PH01180,2026-07-06 10:10:00,849,call,LOC0023
CDR006992,PH01184,PH00356,2026-01-25 05:22:00,1608,call,LOC0001
CDR006993,PH00029,PH00024,2026-06-12 17:56:00,686,call,LOC0175
CDR006994,PH00004,PH00968,2026-01-22 03:27:00,1423,sms,LOC0075
CDR006995,PH00383,PH00654,2026-02-27 05:52:00,350,app_message,LOC0083
CDR006996,PH00556,PH00262,2026-06-27 07:27:00,1944,call,LOC0103
CDR006997,PH00510,PH01085,2026-02-13 21:40:00,997,app_message,LOC0166
CDR006998,PH00850,PH00074,2026-02-19 18:12:00,800,app_message,LOC0004
CDR006999,PH00962,PH00847,2026-05-24 11:14:00,463,sms,LOC0008
CDR007000,PH00555,PH00265,2026-03-03 07:18:00,2025,sms,LOC0156
CDR007001,PH00055,PH00646,2026-08-05 19:26:00,1295,app_message,LOC0016
CDR007002,PH00679,PH00087,2026-02-09 06:10:00,1600,sms,LOC0130
CDR007003,PH00592,PH00318,2026-05-08 05:18:00,772,app_message,LOC0132
CDR007004,PH00549,PH00567,2026-05-25 00:33:00,1268,sms,LOC0115
CDR007005,PH00731,PH01010,2026-08-11 07:47:00,106,app_message,LOC0074
CDR007006,PH00524,PH00649,2026-01-11 09:53:00,729,call,LOC0061
CDR007007,PH00109,PH01181,2026-03-14 11:33:00,163,call,LOC0036
CDR007008,PH00286,PH01074,2026-07-06 01:04:00,1476,call,LOC0015
CDR007009,PH00750,PH01160,2026-02-03 08:58:00,1555,app_message,LOC0141
CDR007010,PH01057,PH00599,2026-06-23 05:58:00,2283,call,LOC0010
CDR007011,PH00060,PH00237,2026-08-08 00:45:00,215,call,LOC0050
CDR007012,PH01024,PH00273,2026-06-11 07:13:00,1208,app_message,LOC0096
CDR007013,PH01038,PH00054,2026-08-31 01:17:00,2189,sms,LOC0089
CDR007014,PH00079,PH00769,2026-08-09 04:00:00,1104,sms,LOC0045
CDR007015,PH01146,PH00814,2026-03-29 12:52:00,2175,sms,LOC0102
CDR007016,PH00742,PH00067,2026-06-04 14:01:00,1023,call,LOC0043
CDR007017,PH00331,PH00313,2026-03-16 22:36:00,1941,sms,LOC0091
CDR007018,PH00770,PH00142,2026-03-06 02:04:00,2157,sms,LOC0052
CDR007019,PH00929,PH00947,2026-08-09 19:22:00,1714,sms,LOC0121
CDR007020,PH00667,PH00314,2026-04-19 20:25:00,2235,sms,LOC0033
CDR007021,PH00829,PH00558,2026-03-25 04:20:00,2367,app_message,LOC0080
CDR007022,PH01188,PH00084,2026-06-16 17:39:00,1951,call,LOC0023
CDR007023,PH00974,PH01178,2026-06-08 17:17:00,312,app_message,LOC0148
CDR007024,PH00894,PH00193,2026-02-07 03:07:00,1059,app_message,LOC0004
CDR007025,PH00621,PH00194,2026-03-12 11:42:00,439,call,LOC0030
CDR007026,PH00567,PH00896,2026-04-12 02:33:00,2284,sms,LOC0167
CDR007027,PH00468,PH00746,2026-04-30 02:28:00,1235,app_message,LOC0081
CDR007028,PH00390,PH01010,2026-01-12 14:31:00,2358,sms,LOC0009
CDR007029,PH00896,PH00321,2026-04-21 10:01:00,2038,app_message,LOC0095
CDR007030,PH01093,PH00041,2026-05-12 07:49:00,1141,sms,LOC0106
CDR007031,PH00426,PH00853,2026-01-16 14:46:00,1244,app_message,LOC0050
CDR007032,PH00756,PH00291,2026-06-08 02:56:00,779,call,LOC0028
CDR007033,PH00226,PH00111,2026-04-11 22:12:00,1737,sms,LOC0031
CDR007034,PH00834,PH00193,2026-07-28 06:12:00,2341,app_message,LOC0030
CDR007035,PH00333,PH00255,2026-08-04 19:40:00,1379,call,LOC0069
CDR007036,PH01187,PH00940,2026-06-21 23:39:00,2256,call,LOC0017
CDR007037,PH00985,PH00943,2026-01-09 14:09:00,139,app_message,LOC0128
CDR007038,PH00598,PH00585,2026-02-04 16:11:00,2375,sms,LOC0123
CDR007039,PH00448,PH00220,2026-02-21 18:08:00,1898,call,LOC0096
CDR007040,PH00458,PH00727,2026-02-15 04:04:00,2367,app_message,LOC0110
CDR007041,PH01110,PH00655,2026-02-07 23:04:00,952,app_message,LOC0081
CDR007042,PH00598,PH01138,2026-05-16 04:14:00,1697,sms,LOC0159
CDR007043,PH00119,PH00419,2026-05-19 11:25:00,894,sms,LOC0082
CDR007044,PH00732,PH00158,2026-01-18 08:52:00,2090,app_message,LOC0093
CDR007045,PH00262,PH01066,2026-06-05 14:31:00,1862,sms,LOC0146
CDR007046,PH00483,PH00458,2026-04-09 13:53:00,23,app_message,LOC0111
CDR007047,PH00581,PH00298,2026-01-06 17:18:00,1739,call,LOC0169
CDR007048,PH00989,PH00382,2026-01-09 07:06:00,806,app_message,LOC0177
CDR007049,PH01016,PH00235,2026-01-15 10:51:00,1522,app_message,LOC0167
CDR007050,PH00033,PH00001,2026-08-12 21:14:00,2325,call,LOC0044
CDR007051,PH00445,PH00679,2026-01-29 20:26:00,1775,sms,LOC0055
CDR007052,PH01176,PH00983,2026-06-18 08:30:00,405,app_message,LOC0139
CDR007053,PH00754,PH00237,2026-08-05 06:56:00,165,sms,LOC0117
CDR007054,PH00104,PH00246,2026-01-31 18:35:00,2266,sms,LOC0089
CDR007055,PH00179,PH00065,2026-01-16 05:16:00,219,call,LOC0098
CDR007056,PH00648,PH00397,2026-03-26 17:00:00,713,call,LOC0091
CDR007057,PH00805,PH00435,2026-06-13 21:50:00,904,call,LOC0073
CDR007058,PH00501,PH00404,2026-04-24 18:16:00,1454,call,LOC0010
CDR007059,PH01056,PH00368,2026-01-15 07:08:00,776,app_message,LOC0154
CDR007060,PH00417,PH01189,2026-01-31 21:55:00,1083,call,LOC0156
CDR007061,PH00394,PH01042,2026-08-13 09:48:00,419,call,LOC0026
CDR007062,PH00628,PH00324,2026-01-04 11:12:00,2328,app_message,LOC0146
CDR007063,PH00127,PH00655,2026-06-15 08:24:00,1333,call,LOC0020
CDR007064,PH00322,PH00431,2026-06-12 03:14:00,76,app_message,LOC0142
CDR007065,PH00292,PH00002,2026-02-16 15:13:00,161,call,LOC0019
CDR007066,PH00530,PH00177,2026-08-25 07:18:00,117,app_message,LOC0123
CDR007067,PH00353,PH00699,2026-03-09 05:05:00,198,app_message,LOC0053
CDR007068,PH00152,PH00912,2026-07-16 10:13:00,261,sms,LOC0117
CDR007069,PH00231,PH01016,2026-04-18 03:06:00,245,app_message,LOC0067
CDR007070,PH00299,PH00532,2026-04-18 01:55:00,2101,app_message,LOC0054
CDR007071,PH00093,PH00065,2026-05-02 23:15:00,2152,call,LOC0125
CDR007072,PH00110,PH00072,2026-06-25 01:18:00,661,call,LOC0114
CDR007073,PH00875,PH00972,2026-05-11 18:07:00,2229,call,LOC0123
CDR007074,PH00136,PH00736,2026-08-24 22:25:00,1238,app_message,LOC0116
CDR007075,PH00670,PH00935,2026-06-23 04:11:00,2382,call,LOC0178
CDR007076,PH00175,PH00098,2026-07-26 01:34:00,615,app_message,LOC0038
CDR007077,PH00179,PH00070,2026-04-26 09:18:00,2148,app_message,LOC0042
CDR007078,PH00273,PH00125,2026-02-20 00:32:00,1004,call,LOC0057
CDR007079,PH00714,PH00720,2026-02-06 21:59:00,2175,sms,LOC0104
CDR007080,PH01044,PH01122,2026-02-20 20:54:00,1242,sms,LOC0171
CDR007081,PH00758,PH00453,2026-08-23 20:22:00,1556,app_message,LOC0107
CDR007082,PH00706,PH00421,2026-08-06 22:28:00,1811,call,LOC0125
CDR007083,PH01184,PH00538,2026-04-11 15:39:00,687,sms,LOC0156
CDR007084,PH01022,PH00768,2026-03-16 19:35:00,1897,sms,LOC0131
CDR007085,PH00109,PH00447,2026-04-27 15:10:00,1782,call,LOC0131
CDR007086,PH00815,PH00486,2026-08-31 06:45:00,1766,app_message,LOC0063
CDR007087,PH00398,PH00932,2026-06-27 11:01:00,517,sms,LOC0157
CDR007088,PH00980,PH00388,2026-05-21 10:47:00,1541,sms,LOC0032
CDR007089,PH00502,PH00411,2026-08-11 02:44:00,2248,sms,LOC0038
CDR007090,PH01066,PH00981,2026-07-24 17:16:00,737,sms,LOC0143
CDR007091,PH00355,PH00239,2026-02-14 06:05:00,942,app_message,LOC0028
CDR007092,PH01164,PH00668,2026-07-19 21:05:00,802,sms,LOC0006
CDR007093,PH00391,PH00415,2026-05-24 19:07:00,1861,sms,LOC0079
CDR007094,PH00808,PH00329,2026-03-03 02:02:00,323,sms,LOC0080
CDR007095,PH00941,PH00657,2026-02-21 21:38:00,758,app_message,LOC0157
CDR007096,PH00765,PH00899,2026-07-17 17:56:00,1749,app_message,LOC0125
CDR007097,PH00308,PH00388,2026-04-08 14:24:00,1432,call,LOC0012
CDR007098,PH00001,PH00432,2026-04-27 04:32:00,18,call,LOC0058
CDR007099,PH00064,PH00346,2026-03-28 08:17:00,812,sms,LOC0113
CDR007100,PH00044,PH00912,2026-05-10 06:39:00,901,app_message,LOC0101
CDR007101,PH00291,PH00647,2026-07-02 21:09:00,194,sms,LOC0006
CDR007102,PH00486,PH00385,2026-03-07 12:08:00,1761,sms,LOC0109
CDR007103,PH00546,PH01041,2026-04-06 08:26:00,836,sms,LOC0061
CDR007104,PH01095,PH01075,2026-03-07 21:28:00,1344,call,LOC0119
CDR007105,PH00919,PH00258,2026-03-08 17:17:00,1725,app_message,LOC0095
CDR007106,PH00859,PH00223,2026-03-25 23:36:00,665,sms,LOC0017
CDR007107,PH00264,PH00200,2026-07-07 22:23:00,364,sms,LOC0177
CDR007108,PH00681,PH00885,2026-04-01 10:27:00,439,call,LOC0011
CDR007109,PH00418,PH00952,2026-04-15 21:06:00,488,app_message,LOC0112
CDR007110,PH00765,PH00497,2026-04-04 20:27:00,1528,sms,LOC0122
CDR007111,PH00840,PH00198,2026-06-02 03:14:00,1454,call,LOC0160
CDR007112,PH00684,PH00873,2026-03-15 22:19:00,1215,sms,LOC0151
CDR007113,PH00098,PH00999,2026-04-05 21:54:00,1479,app_message,LOC0023
CDR007114,PH00432,PH01035,2026-02-18 06:04:00,1726,app_message,LOC0087
CDR007115,PH00110,PH00731,2026-05-27 10:26:00,2032,call,LOC0137
CDR007116,PH00104,PH00645,2026-06-24 20:29:00,14,app_message,LOC0088
CDR007117,PH00920,PH00840,2026-03-04 07:15:00,1702,sms,LOC0033
CDR007118,PH00252,PH00841,2026-06-18 13:26:00,591,call,LOC0125
CDR007119,PH00291,PH00470,2026-01-04 05:25:00,1062,call,LOC0026
CDR007120,PH00074,PH00475,2026-05-06 10:05:00,1258,app_message,LOC0067
CDR007121,PH00027,PH00252,2026-05-10 14:35:00,1943,call,LOC0007
CDR007122,PH00003,PH00484,2026-05-18 00:31:00,383,call,LOC0089
CDR007123,PH00382,PH01074,2026-06-03 04:04:00,1766,sms,LOC0030
CDR007124,PH00524,PH00253,2026-05-05 00:50:00,1414,app_message,LOC0060
CDR007125,PH00640,PH00727,2026-04-08 23:05:00,710,sms,LOC0008
CDR007126,PH00422,PH01105,2026-08-07 17:17:00,2187,app_message,LOC0102
CDR007127,PH00178,PH00255,2026-01-22 14:59:00,1064,call,LOC0072
CDR007128,PH00178,PH00789,2026-07-11 03:14:00,895,sms,LOC0154
CDR007129,PH00900,PH00337,2026-04-21 21:46:00,767,app_message,LOC0171
CDR007130,PH00649,PH00996,2026-08-23 07:28:00,270,call,LOC0119
CDR007131,PH01065,PH01167,2026-01-29 05:38:00,342,sms,LOC0036
CDR007132,PH00894,PH00531,2026-08-28 22:07:00,204,sms,LOC0160
CDR007133,PH01123,PH00614,2026-02-13 16:42:00,690,app_message,LOC0023
CDR007134,PH00424,PH00468,2026-08-04 11:30:00,1183,app_message,LOC0145
CDR007135,PH00217,PH01035,2026-06-28 06:14:00,588,app_message,LOC0084
CDR007136,PH00822,PH00035,2026-01-18 20:50:00,175,sms,LOC0144
CDR007137,PH01044,PH00390,2026-04-18 11:59:00,2069,sms,LOC0090
CDR007138,PH00236,PH00886,2026-08-02 23:11:00,2186,sms,LOC0163
CDR007139,PH00489,PH00975,2026-07-27 17:40:00,21,call,LOC0135
CDR007140,PH00864,PH01034,2026-01-10 19:02:00,808,app_message,LOC0021
CDR007141,PH00921,PH00928,2026-02-15 01:09:00,522,app_message,LOC0070
CDR007142,PH00929,PH01027,2026-01-28 15:00:00,750,sms,LOC0025
CDR007143,PH00233,PH01007,2026-05-20 23:49:00,1046,app_message,LOC0045
CDR007144,PH01155,PH00312,2026-03-26 18:41:00,1378,sms,LOC0128
CDR007145,PH00573,PH01152,2026-05-26 08:24:00,2116,call,LOC0136
CDR007146,PH00770,PH00784,2026-07-03 09:28:00,1422,sms,LOC0100
CDR007147,PH00289,PH00616,2026-08-13 06:14:00,36,app_message,LOC0058
CDR007148,PH00753,PH00872,2026-06-28 16:57:00,1511,sms,LOC0035
CDR007149,PH00181,PH00861,2026-05-03 17:20:00,1084,call,LOC0117
CDR007150,PH00786,PH00061,2026-03-06 13:10:00,254,app_message,LOC0107
CDR007151,PH00504,PH00600,2026-03-27 13:20:00,2254,app_message,LOC0120
CDR007152,PH00966,PH00350,2026-05-22 12:01:00,787,call,LOC0029
CDR007153,PH00486,PH00181,2026-07-22 17:47:00,1238,call,LOC0085
CDR007154,PH00440,PH00292,2026-07-06 13:52:00,851,app_message,LOC0149
CDR007155,PH00629,PH00678,2026-01-06 03:48:00,719,sms,LOC0076
CDR007156,PH00924,PH01174,2026-02-10 19:56:00,1550,app_message,LOC0051
CDR007157,PH00728,PH00622,2026-07-07 17:45:00,2068,app_message,LOC0145
CDR007158,PH00964,PH01121,2026-08-27 17:23:00,386,call,LOC0103
CDR007159,PH00748,PH00490,2026-07-21 12:33:00,1949,call,LOC0044
CDR007160,PH00871,PH00416,2026-08-04 20:04:00,935,call,LOC0147
CDR007161,PH00309,PH00979,2026-03-29 03:14:00,1848,app_message,LOC0066
CDR007162,PH00003,PH00638,2026-08-21 18:03:00,1120,call,LOC0035
CDR007163,PH00051,PH00519,2026-01-29 06:51:00,1821,sms,LOC0100
CDR007164,PH00396,PH00444,2026-02-06 11:17:00,1399,app_message,LOC0082
CDR007165,PH00584,PH00623,2026-07-23 00:41:00,512,app_message,LOC0047
CDR007166,PH00653,PH00986,2026-06-24 12:32:00,2142,call,LOC0179
CDR007167,PH00461,PH00986,2026-04-30 00:05:00,438,sms,LOC0099
CDR007168,PH00269,PH00936,2026-05-23 16:50:00,2029,sms,LOC0168
CDR007169,PH01189,PH00507,2026-08-06 04:40:00,1302,app_message,LOC0090
CDR007170,PH00427,PH01040,2026-05-12 15:15:00,1435,sms,LOC0026
CDR007171,PH00654,PH00575,2026-01-18 06:53:00,426,sms,LOC0014
CDR007172,PH00630,PH01028,2026-04-30 19:34:00,1879,sms,LOC0016
CDR007173,PH00835,PH00026,2026-03-24 21:24:00,2161,app_message,LOC0034
CDR007174,PH00607,PH00173,2026-01-08 16:24:00,1302,app_message,LOC0165
CDR007175,PH01137,PH01184,2026-05-07 05:53:00,1621,app_message,LOC0009
CDR007176,PH00098,PH01017,2026-01-24 21:50:00,2034,app_message,LOC0058
CDR007177,PH00256,PH00019,2026-03-31 13:13:00,124,sms,LOC0129
CDR007178,PH00738,PH00501,2026-01-29 02:01:00,2012,call,LOC0067
CDR007179,PH00310,PH00879,2026-03-06 05:25:00,2212,call,LOC0136
CDR007180,PH00735,PH01016,2026-03-10 18:37:00,1035,app_message,LOC0016
CDR007181,PH01055,PH01010,2026-04-08 12:32:00,1045,sms,LOC0015
CDR007182,PH00292,PH01094,2026-08-05 04:53:00,571,call,LOC0062
CDR007183,PH01005,PH00117,2026-01-09 09:53:00,1900,sms,LOC0119
CDR007184,PH00231,PH00896,2026-07-08 16:57:00,1356,app_message,LOC0127
CDR007185,PH00481,PH00532,2026-06-03 19:18:00,671,app_message,LOC0078
CDR007186,PH00143,PH00509,2026-08-17 10:02:00,1577,app_message,LOC0155
CDR007187,PH01181,PH00840,2026-01-11 21:22:00,1130,sms,LOC0064
CDR007188,PH00127,PH01196,2026-08-03 04:12:00,2000,sms,LOC0155
CDR007189,PH00506,PH00894,2026-02-10 22:38:00,495,sms,LOC0068
CDR007190,PH00541,PH00055,2026-02-20 15:57:00,235,call,LOC0052
CDR007191,PH00837,PH00412,2026-05-03 11:55:00,1477,app_message,LOC0082
CDR007192,PH00201,PH00768,2026-07-31 09:12:00,2217,sms,LOC0001
CDR007193,PH00145,PH00464,2026-04-20 14:51:00,1453,call,LOC0034
CDR007194,PH00090,PH00827,2026-03-15 23:52:00,1981,app_message,LOC0072
CDR007195,PH00007,PH00409,2026-06-13 16:48:00,291,app_message,LOC0070
CDR007196,PH00168,PH00252,2026-06-27 15:46:00,1010,app_message,LOC0042
CDR007197,PH00087,PH00700,2026-02-04 12:28:00,142,sms,LOC0113
CDR007198,PH00356,PH00417,2026-02-22 20:26:00,1046,call,LOC0130
CDR007199,PH00736,PH00245,2026-06-08 00:22:00,1902,call,LOC0042
CDR007200,PH00538,PH00792,2026-05-15 02:59:00,2155,call,LOC0071
CDR007201,PH00947,PH00805,2026-05-22 23:02:00,376,call,LOC0131
CDR007202,PH01023,PH00987,2026-04-09 18:44:00,1757,call,LOC0096
CDR007203,PH00288,PH01081,2026-07-31 10:26:00,1376,sms,LOC0006
CDR007204,PH00224,PH00116,2026-05-23 10:09:00,1898,call,LOC0089
CDR007205,PH00738,PH00846,2026-05-13 16:45:00,316,sms,LOC0072
CDR007206,PH00301,PH01168,2026-01-10 15:44:00,1273,sms,LOC0138
CDR007207,PH00971,PH01135,2026-04-04 11:19:00,1736,app_message,LOC0174
CDR007208,PH00553,PH00439,2026-05-29 20:51:00,76,app_message,LOC0095
CDR007209,PH00473,PH00379,2026-08-05 01:53:00,270,sms,LOC0082
CDR007210,PH00834,PH00337,2026-04-18 08:07:00,410,app_message,LOC0085
CDR007211,PH00616,PH00384,2026-05-22 03:27:00,774,app_message,LOC0093
CDR007212,PH00180,PH00152,2026-07-29 12:25:00,252,call,LOC0111
CDR007213,PH00609,PH00582,2026-06-25 14:44:00,1923,sms,LOC0133
CDR007214,PH00333,PH00310,2026-01-02 09:56:00,235,app_message,LOC0039
CDR007215,PH01187,PH00649,2026-05-22 11:53:00,642,app_message,LOC0170
CDR007216,PH00311,PH01136,2026-03-16 10:46:00,1845,app_message,LOC0033
CDR007217,PH00643,PH00497,2026-02-05 21:05:00,2029,sms,LOC0011
CDR007218,PH00179,PH00065,2026-07-23 11:21:00,408,app_message,LOC0126
CDR007219,PH00437,PH00387,2026-01-07 06:32:00,31,sms,LOC0146
CDR007220,PH00136,PH00619,2026-03-30 12:41:00,1384,call,LOC0126
CDR007221,PH00046,PH00146,2026-06-02 10:12:00,1732,app_message,LOC0059
CDR007222,PH01067,PH00442,2026-08-20 05:22:00,490,call,LOC0049
CDR007223,PH00001,PH00320,2026-05-28 09:52:00,154,call,LOC0087
CDR007224,PH00804,PH01117,2026-04-02 17:40:00,1425,sms,LOC0028
CDR007225,PH00697,PH01020,2026-02-18 04:24:00,351,sms,LOC0155
CDR007226,PH00533,PH00468,2026-01-22 10:10:00,1611,call,LOC0066
CDR007227,PH00356,PH00655,2026-01-03 19:25:00,842,sms,LOC0136
CDR007228,PH00457,PH01004,2026-08-21 14:48:00,1013,app_message,LOC0009
CDR007229,PH00315,PH00658,2026-05-31 04:45:00,2394,sms,LOC0166
CDR007230,PH00777,PH00913,2026-05-12 19:41:00,1777,app_message,LOC0126
CDR007231,PH00084,PH00624,2026-02-21 22:53:00,837,sms,LOC0091
CDR007232,PH00544,PH00658,2026-05-18 03:02:00,1354,app_message,LOC0019
CDR007233,PH00174,PH00384,2026-04-03 06:54:00,50,app_message,LOC0137
CDR007234,PH00894,PH00563,2026-08-22 04:54:00,1066,app_message,LOC0129
CDR007235,PH00962,PH00181,2026-01-18 09:21:00,2025,call,LOC0176
CDR007236,PH00394,PH00978,2026-08-21 12:03:00,1517,call,LOC0031
CDR007237,PH00204,PH00213,2026-08-16 07:02:00,1121,sms,LOC0049
CDR007238,PH00118,PH00354,2026-07-10 21:24:00,2258,call,LOC0022
CDR007239,PH00923,PH00197,2026-07-02 07:59:00,174,app_message,LOC0122
CDR007240,PH00926,PH00144,2026-07-06 04:56:00,2006,app_message,LOC0152
CDR007241,PH00968,PH00189,2026-03-17 20:50:00,26,app_message,LOC0051
CDR007242,PH00316,PH00856,2026-08-22 14:29:00,428,call,LOC0117
CDR007243,PH00245,PH00574,2026-03-30 02:52:00,65,call,LOC0128
CDR007244,PH00374,PH00744,2026-07-22 17:18:00,260,call,LOC0071
CDR007245,PH00477,PH00428,2026-04-24 11:14:00,1220,sms,LOC0157
CDR007246,PH01172,PH00351,2026-06-12 03:29:00,706,sms,LOC0158
CDR007247,PH00908,PH00406,2026-03-01 18:21:00,982,app_message,LOC0037
CDR007248,PH01022,PH00197,2026-07-18 13:45:00,2118,app_message,LOC0125
CDR007249,PH00596,PH00248,2026-03-16 12:34:00,1600,call,LOC0013
CDR007250,PH00087,PH00251,2026-08-30 14:30:00,1963,app_message,LOC0134
CDR007251,PH01111,PH00593,2026-06-24 18:43:00,460,sms,LOC0014
CDR007252,PH00088,PH00689,2026-01-02 09:40:00,534,sms,LOC0072
CDR007253,PH00407,PH01197,2026-01-19 11:07:00,25,app_message,LOC0066
CDR007254,PH00365,PH00737,2026-07-26 15:32:00,175,app_message,LOC0160
CDR007255,PH00509,PH01131,2026-04-16 01:20:00,1899,sms,LOC0052
CDR007256,PH00499,PH00105,2026-01-23 16:53:00,1937,app_message,LOC0138
CDR007257,PH01091,PH01194,2026-07-08 23:19:00,1429,sms,LOC0084
CDR007258,PH01027,PH00193,2026-03-20 01:22:00,374,call,LOC0151
CDR007259,PH00309,PH01185,2026-03-26 21:46:00,2320,call,LOC0089
CDR007260,PH00464,PH00105,2026-02-05 08:29:00,2109,call,LOC0041
CDR007261,PH00030,PH00080,2026-07-09 02:09:00,1277,app_message,LOC0099
CDR007262,PH00030,PH01093,2026-07-27 09:59:00,420,sms,LOC0111
CDR007263,PH00204,PH00341,2026-01-11 02:03:00,1356,sms,LOC0038
CDR007264,PH00477,PH00604,2026-07-03 05:08:00,9,app_message,LOC0130
CDR007265,PH01036,PH00613,2026-03-11 17:52:00,2193,call,LOC0081
CDR007266,PH00667,PH00124,2026-01-20 14:09:00,1637,call,LOC0054
CDR007267,PH01105,PH00197,2026-04-24 21:46:00,2337,app_message,LOC0179
CDR007268,PH00342,PH01137,2026-04-22 18:32:00,1228,sms,LOC0105
CDR007269,PH00520,PH00996,2026-01-25 15:48:00,2180,call,LOC0031
CDR007270,PH00906,PH00697,2026-04-27 07:52:00,2357,app_message,LOC0159
CDR007271,PH00956,PH00472,2026-02-15 05:00:00,857,app_message,LOC0085
CDR007272,PH01136,PH00660,2026-04-24 02:40:00,125,app_message,LOC0028
CDR007273,PH00768,PH00597,2026-08-18 09:39:00,1757,call,LOC0100
CDR007274,PH00581,PH00496,2026-08-13 14:53:00,2089,app_message,LOC0171
CDR007275,PH01091,PH01031,2026-03-23 10:53:00,556,sms,LOC0060
CDR007276,PH00041,PH00868,2026-02-14 20:17:00,1089,call,LOC0168
CDR007277,PH00792,PH00486,2026-08-01 11:11:00,1795,call,LOC0011
CDR007278,PH00079,PH00830,2026-04-13 17:10:00,1329,app_message,LOC0096
CDR007279,PH00791,PH00467,2026-02-06 11:01:00,961,sms,LOC0102
CDR007280,PH01009,PH00036,2026-05-02 00:25:00,1563,sms,LOC0035
CDR007281,PH00559,PH00016,2026-06-02 19:20:00,2369,call,LOC0085
CDR007282,PH00601,PH00860,2026-04-18 04:51:00,969,app_message,LOC0068
CDR007283,PH00597,PH00548,2026-01-05 23:45:00,926,sms,LOC0029
CDR007284,PH00544,PH00434,2026-01-31 06:23:00,1757,sms,LOC0033
CDR007285,PH00032,PH00086,2026-08-10 08:26:00,2077,sms,LOC0169
CDR007286,PH00108,PH01105,2026-03-01 22:01:00,1219,sms,LOC0158
CDR007287,PH00179,PH01119,2026-06-25 03:55:00,1431,sms,LOC0006
CDR007288,PH00003,PH00580,2026-03-21 11:06:00,915,call,LOC0075
CDR007289,PH00375,PH00747,2026-01-13 21:48:00,2040,sms,LOC0079
CDR007290,PH00570,PH01106,2026-06-24 00:00:00,288,sms,LOC0024
CDR007291,PH01062,PH00261,2026-08-18 09:42:00,434,sms,LOC0112
CDR007292,PH00780,PH00796,2026-04-09 03:37:00,566,sms,LOC0128
CDR007293,PH00031,PH00507,2026-08-17 14:57:00,2064,call,LOC0082
CDR007294,PH00010,PH01022,2026-01-14 01:54:00,150,call,LOC0145
CDR007295,PH00771,PH00167,2026-06-20 13:54:00,894,app_message,LOC0069
CDR007296,PH00775,PH00556,2026-08-22 01:32:00,2213,sms,LOC0042
CDR007297,PH00230,PH00301,2026-04-08 00:11:00,15,app_message,LOC0148
CDR007298,PH00284,PH00354,2026-06-25 11:01:00,87,app_message,LOC0132
CDR007299,PH00026,PH01054,2026-04-23 05:07:00,2373,app_message,LOC0029
CDR007300,PH00088,PH01171,2026-07-07 01:05:00,1757,sms,LOC0076
CDR007301,PH00303,PH00456,2026-08-14 12:32:00,741,sms,LOC0009
CDR007302,PH00659,PH01077,2026-01-06 07:04:00,615,app_message,LOC0026
CDR007303,PH00770,PH00003,2026-07-06 15:06:00,1994,call,LOC0074
CDR007304,PH00145,PH01108,2026-08-29 21:55:00,2288,call,LOC0071
CDR007305,PH00147,PH00757,2026-06-04 11:50:00,346,call,LOC0009
CDR007306,PH01170,PH01160,2026-03-08 23:19:00,2358,call,LOC0112
CDR007307,PH01084,PH00831,2026-02-03 20:14:00,932,sms,LOC0001
CDR007308,PH01157,PH00137,2026-02-03 12:00:00,590,app_message,LOC0082
CDR007309,PH00879,PH01056,2026-06-15 23:45:00,493,sms,LOC0099
CDR007310,PH00812,PH00026,2026-07-15 14:01:00,1881,call,LOC0049
CDR007311,PH00662,PH00304,2026-04-22 03:28:00,1478,sms,LOC0094
CDR007312,PH00027,PH00149,2026-08-11 12:45:00,1052,app_message,LOC0037
CDR007313,PH00327,PH00869,2026-02-05 02:39:00,2200,app_message,LOC0005
CDR007314,PH00568,PH00141,2026-08-15 21:33:00,432,sms,LOC0101
CDR007315,PH00363,PH00877,2026-06-18 04:20:00,382,sms,LOC0039
CDR007316,PH00432,PH00470,2026-03-06 07:02:00,1177,app_message,LOC0101
CDR007317,PH00491,PH00057,2026-08-27 13:52:00,1773,app_message,LOC0136
CDR007318,PH00527,PH00735,2026-01-18 12:06:00,1777,app_message,LOC0077
CDR007319,PH00311,PH00605,2026-05-11 06:21:00,664,app_message,LOC0085
CDR007320,PH01143,PH00706,2026-04-06 17:44:00,58,app_message,LOC0152
CDR007321,PH00469,PH00324,2026-05-06 20:41:00,1914,call,LOC0136
CDR007322,PH00279,PH00992,2026-07-12 04:16:00,2166,sms,LOC0056
CDR007323,PH01138,PH00250,2026-04-21 13:01:00,2339,sms,LOC0010
CDR007324,PH00411,PH00419,2026-07-01 15:37:00,95,sms,LOC0042
CDR007325,PH00988,PH01108,2026-02-06 13:55:00,124,app_message,LOC0055
CDR007326,PH00659,PH00406,2026-08-06 10:18:00,753,sms,LOC0116
CDR007327,PH00617,PH00949,2026-06-03 19:56:00,510,app_message,LOC0141
CDR007328,PH00205,PH00143,2026-01-28 06:23:00,2103,app_message,LOC0077
CDR007329,PH00994,PH00135,2026-02-19 00:59:00,1320,app_message,LOC0179
CDR007330,PH00706,PH00707,2026-05-19 04:59:00,792,sms,LOC0022
CDR007331,PH00202,PH00840,2026-08-17 03:32:00,1952,call,LOC0078
CDR007332,PH01169,PH00024,2026-02-16 11:32:00,1238,app_message,LOC0164
CDR007333,PH00902,PH00426,2026-07-29 05:11:00,476,app_message,LOC0032
CDR007334,PH01034,PH00886,2026-05-17 19:11:00,838,call,LOC0010
CDR007335,PH00263,PH00886,2026-08-12 14:45:00,1671,call,LOC0049
CDR007336,PH00955,PH00521,2026-08-31 18:48:00,671,app_message,LOC0176
CDR007337,PH00631,PH00871,2026-03-08 21:59:00,2244,app_message,LOC0169
CDR007338,PH00397,PH00961,2026-03-25 13:22:00,135,call,LOC0062
CDR007339,PH00446,PH00438,2026-04-07 12:03:00,1344,app_message,LOC0013
CDR007340,PH00440,PH00958,2026-07-23 04:30:00,1022,sms,LOC0134
CDR007341,PH01183,PH00698,2026-06-25 09:18:00,1034,sms,LOC0102
CDR007342,PH00468,PH00993,2026-01-03 23:54:00,245,call,LOC0117
CDR007343,PH00053,PH00548,2026-02-02 10:56:00,544,app_message,LOC0107
CDR007344,PH00834,PH00939,2026-04-30 12:13:00,2357,sms,LOC0061
CDR007345,PH00450,PH01092,2026-04-19 20:11:00,958,sms,LOC0068
CDR007346,PH01161,PH00135,2026-04-01 16:09:00,2357,call,LOC0028
CDR007347,PH01178,PH00140,2026-04-23 18:39:00,1513,call,LOC0036
CDR007348,PH00301,PH01190,2026-07-16 19:58:00,1147,sms,LOC0062
CDR007349,PH00003,PH00904,2026-01-27 20:30:00,1987,app_message,LOC0070
CDR007350,PH00204,PH00371,2026-08-30 11:02:00,867,app_message,LOC0074
CDR007351,PH00916,PH01132,2026-04-09 08:32:00,1379,sms,LOC0007
CDR007352,PH00659,PH00507,2026-06-19 16:09:00,1952,call,LOC0052
CDR007353,PH00148,PH00504,2026-03-24 07:28:00,2238,sms,LOC0021
CDR007354,PH00307,PH00764,2026-01-04 00:22:00,1348,app_message,LOC0028
CDR007355,PH00468,PH00179,2026-03-02 01:45:00,1219,app_message,LOC0180
CDR007356,PH00723,PH00251,2026-08-24 14:18:00,141,call,LOC0109
CDR007357,PH00545,PH00444,2026-04-06 08:54:00,847,app_message,LOC0018
CDR007358,PH00714,PH00645,2026-02-12 11:53:00,405,app_message,LOC0138
CDR007359,PH00520,PH00743,2026-05-30 00:29:00,1740,call,LOC0115
CDR007360,PH00066,PH00400,2026-04-05 04:02:00,954,app_message,LOC0100
CDR007361,PH01095,PH00084,2026-02-10 09:42:00,1473,app_message,LOC0075
CDR007362,PH00090,PH00466,2026-08-28 09:15:00,727,call,LOC0023
CDR007363,PH00756,PH00931,2026-01-15 04:49:00,676,call,LOC0176
CDR007364,PH00026,PH01138,2026-07-29 13:41:00,998,app_message,LOC0017
CDR007365,PH00806,PH00358,2026-02-28 01:20:00,1537,call,LOC0016
CDR007366,PH00379,PH00987,2026-06-09 08:11:00,619,call,LOC0055
CDR007367,PH00027,PH00841,2026-03-03 01:08:00,1115,sms,LOC0122
CDR007368,PH00517,PH00465,2026-06-21 06:47:00,775,call,LOC0077
CDR007369,PH00800,PH00065,2026-07-25 17:06:00,355,app_message,LOC0056
CDR007370,PH01095,PH00134,2026-03-23 12:41:00,887,sms,LOC0063
CDR007371,PH00484,PH00689,2026-03-02 02:51:00,2377,call,LOC0130
CDR007372,PH00204,PH00885,2026-07-17 05:45:00,348,sms,LOC0102
CDR007373,PH00950,PH00256,2026-04-27 18:28:00,1646,sms,LOC0120
CDR007374,PH00196,PH00423,2026-03-27 07:14:00,602,app_message,LOC0134
CDR007375,PH01157,PH00707,2026-05-25 10:14:00,1989,app_message,LOC0019
CDR007376,PH00887,PH00799,2026-03-23 07:18:00,2181,sms,LOC0009
CDR007377,PH00763,PH00743,2026-01-03 18:02:00,778,call,LOC0171
CDR007378,PH00448,PH01097,2026-02-04 18:00:00,176,call,LOC0137
CDR007379,PH00454,PH00101,2026-03-15 07:33:00,1949,app_message,LOC0015
CDR007380,PH00560,PH01028,2026-03-24 22:06:00,803,sms,LOC0145
CDR007381,PH00407,PH00881,2026-08-16 04:39:00,1044,call,LOC0172
CDR007382,PH00989,PH00066,2026-07-13 22:39:00,2266,call,LOC0005
CDR007383,PH00080,PH01019,2026-06-05 14:40:00,1460,sms,LOC0124
CDR007384,PH00409,PH00401,2026-07-01 12:34:00,1795,call,LOC0087
CDR007385,PH00200,PH00001,2026-01-15 01:26:00,849,call,LOC0104
CDR007386,PH00972,PH00097,2026-04-18 12:08:00,921,call,LOC0122
CDR007387,PH00285,PH00766,2026-08-01 21:45:00,642,app_message,LOC0062
CDR007388,PH00806,PH00798,2026-04-23 17:58:00,460,call,LOC0120
CDR007389,PH00384,PH01099,2026-08-27 22:39:00,1082,app_message,LOC0043
CDR007390,PH00801,PH00277,2026-02-04 19:50:00,1657,call,LOC0088
CDR007391,PH01100,PH00457,2026-04-04 03:36:00,790,sms,LOC0153
CDR007392,PH00102,PH00663,2026-07-17 04:45:00,830,sms,LOC0049
CDR007393,PH00857,PH00119,2026-02-18 14:11:00,1149,sms,LOC0087
CDR007394,PH00740,PH00044,2026-05-17 23:34:00,1961,sms,LOC0010
CDR007395,PH00584,PH01011,2026-08-04 10:19:00,2054,call,LOC0022
CDR007396,PH01005,PH00590,2026-02-01 06:47:00,1114,call,LOC0108
CDR007397,PH01137,PH00713,2026-03-03 16:09:00,1179,call,LOC0030
CDR007398,PH00009,PH00342,2026-01-14 21:24:00,2082,call,LOC0086
CDR007399,PH00785,PH00651,2026-06-13 04:02:00,2140,app_message,LOC0092
CDR007400,PH00384,PH00731,2026-03-27 13:51:00,2204,app_message,LOC0115
CDR007401,PH00294,PH00028,2026-07-18 23:25:00,230,call,LOC0048
CDR007402,PH00646,PH00459,2026-05-17 14:39:00,130,call,LOC0042
CDR007403,PH00835,PH00271,2026-07-15 12:31:00,2296,call,LOC0149
CDR007404,PH00524,PH01156,2026-06-07 11:17:00,2266,app_message,LOC0152
CDR007405,PH00306,PH00028,2026-02-01 06:40:00,1047,app_message,LOC0078
CDR007406,PH00135,PH00357,2026-04-10 17:12:00,72,call,LOC0082
CDR007407,PH00679,PH00547,2026-04-09 12:22:00,1146,sms,LOC0134
CDR007408,PH00222,PH00722,2026-02-26 22:08:00,480,app_message,LOC0178
CDR007409,PH00187,PH01005,2026-07-27 07:37:00,2154,call,LOC0134
CDR007410,PH01134,PH01062,2026-01-14 02:51:00,694,call,LOC0045
CDR007411,PH00266,PH00462,2026-08-23 01:24:00,1140,call,LOC0117
CDR007412,PH00696,PH01117,2026-04-23 06:23:00,533,call,LOC0021
CDR007413,PH00856,PH00824,2026-03-25 18:26:00,1922,app_message,LOC0064
CDR007414,PH01131,PH00908,2026-01-19 22:57:00,61,call,LOC0019
CDR007415,PH00409,PH00196,2026-04-26 08:36:00,1361,call,LOC0038
CDR007416,PH00260,PH00179,2026-05-03 22:27:00,31,sms,LOC0176
CDR007417,PH00454,PH01046,2026-05-01 19:41:00,1600,sms,LOC0145
CDR007418,PH01009,PH00673,2026-08-11 17:43:00,2001,call,LOC0030
CDR007419,PH01138,PH00891,2026-06-07 08:12:00,1331,sms,LOC0117
CDR007420,PH00751,PH00848,2026-02-28 09:40:00,56,sms,LOC0008
CDR007421,PH00079,PH00055,2026-02-18 16:56:00,814,call,LOC0164
CDR007422,PH00023,PH00596,2026-07-29 00:43:00,1532,app_message,LOC0121
CDR007423,PH00085,PH00178,2026-06-04 11:21:00,81,sms,LOC0066
CDR007424,PH00622,PH00941,2026-08-20 02:05:00,1993,sms,LOC0061
CDR007425,PH00693,PH00678,2026-04-27 09:24:00,1995,call,LOC0007
CDR007426,PH00856,PH00086,2026-05-25 11:17:00,2287,call,LOC0156
CDR007427,PH00020,PH00147,2026-07-10 21:56:00,625,sms,LOC0079
CDR007428,PH00431,PH00226,2026-05-20 03:02:00,952,app_message,LOC0126
CDR007429,PH01194,PH00902,2026-07-26 02:38:00,331,sms,LOC0139
CDR007430,PH00230,PH00806,2026-01-04 20:00:00,46,sms,LOC0105
CDR007431,PH00098,PH00744,2026-01-29 12:10:00,1040,sms,LOC0139
CDR007432,PH00229,PH00181,2026-03-05 01:09:00,1812,app_message,LOC0096
CDR007433,PH00508,PH00571,2026-07-16 11:57:00,1845,sms,LOC0106
CDR007434,PH00617,PH00151,2026-01-18 02:58:00,803,sms,LOC0112
CDR007435,PH00162,PH00591,2026-01-10 02:35:00,512,app_message,LOC0060
CDR007436,PH00721,PH00154,2026-02-23 07:37:00,2395,sms,LOC0165
CDR007437,PH00653,PH00021,2026-08-19 07:46:00,1037,app_message,LOC0141
CDR007438,PH01009,PH00489,2026-07-25 16:34:00,434,app_message,LOC0056
CDR007439,PH01187,PH00754,2026-05-03 16:45:00,34,app_message,LOC0152
CDR007440,PH00899,PH00762,2026-01-06 19:55:00,309,sms,LOC0023
CDR007441,PH00716,PH00487,2026-07-06 20:06:00,1540,app_message,LOC0131
CDR007442,PH00717,PH00724,2026-05-22 04:12:00,1399,app_message,LOC0109
CDR007443,PH00353,PH00573,2026-03-07 16:43:00,2394,call,LOC0079
CDR007444,PH00433,PH00176,2026-08-17 01:08:00,133,app_message,LOC0063
CDR007445,PH00091,PH01095,2026-08-25 01:25:00,95,call,LOC0019
CDR007446,PH01162,PH00345,2026-02-28 22:05:00,592,call,LOC0087
CDR007447,PH00086,PH00907,2026-08-08 14:18:00,335,call,LOC0124
CDR007448,PH00977,PH00932,2026-04-19 03:04:00,2116,call,LOC0127
CDR007449,PH00145,PH00355,2026-01-18 19:54:00,336,app_message,LOC0148
CDR007450,PH01062,PH00683,2026-04-26 05:40:00,2097,app_message,LOC0016
CDR007451,PH00739,PH00649,2026-07-10 21:52:00,1954,app_message,LOC0114
CDR007452,PH00647,PH00987,2026-04-03 01:52:00,1069,app_message,LOC0021
CDR007453,PH00430,PH01001,2026-01-25 09:56:00,2040,app_message,LOC0093
CDR007454,PH00639,PH01188,2026-07-16 00:53:00,2116,call,LOC0034
CDR007455,PH00428,PH00496,2026-08-08 19:50:00,514,call,LOC0004
CDR007456,PH00584,PH00240,2026-03-01 08:31:00,2003,sms,LOC0064
CDR007457,PH01174,PH00645,2026-01-11 16:00:00,2339,app_message,LOC0085
CDR007458,PH00541,PH00693,2026-06-04 10:40:00,2169,call,LOC0088
CDR007459,PH00517,PH01151,2026-03-20 11:31:00,1504,call,LOC0045
CDR007460,PH00858,PH00894,2026-04-17 16:46:00,867,sms,LOC0096
CDR007461,PH00418,PH00050,2026-05-03 07:36:00,730,app_message,LOC0112
CDR007462,PH00085,PH00420,2026-07-16 14:13:00,1352,app_message,LOC0118
CDR007463,PH00665,PH00221,2026-04-14 03:27:00,533,call,LOC0173
CDR007464,PH01095,PH00860,2026-06-27 18:20:00,1779,call,LOC0023
CDR007465,PH00517,PH01084,2026-08-11 05:25:00,2290,app_message,LOC0064
CDR007466,PH00713,PH00841,2026-07-12 01:29:00,2084,app_message,LOC0125
CDR007467,PH01114,PH00893,2026-08-16 00:34:00,1628,app_message,LOC0093
CDR007468,PH00489,PH00548,2026-06-25 12:33:00,2339,app_message,LOC0136
CDR007469,PH00906,PH01182,2026-05-04 01:29:00,2162,call,LOC0156
CDR007470,PH00046,PH00086,2026-07-02 05:56:00,1323,sms,LOC0063
CDR007471,PH00759,PH00869,2026-07-23 18:18:00,454,sms,LOC0088
CDR007472,PH00122,PH00286,2026-05-21 17:26:00,1116,sms,LOC0131
CDR007473,PH00363,PH00245,2026-08-16 20:49:00,498,call,LOC0057
CDR007474,PH00536,PH00449,2026-04-29 03:07:00,1818,app_message,LOC0063
CDR007475,PH00334,PH00436,2026-07-07 01:12:00,200,call,LOC0082
CDR007476,PH00258,PH00518,2026-08-03 18:10:00,92,sms,LOC0136
CDR007477,PH00206,PH00655,2026-01-01 12:23:00,2006,sms,LOC0036
CDR007478,PH00349,PH00077,2026-06-21 15:07:00,2064,sms,LOC0174
CDR007479,PH00559,PH01079,2026-08-30 10:08:00,1186,sms,LOC0039
CDR007480,PH00127,PH00356,2026-05-04 01:10:00,1998,sms,LOC0031
CDR007481,PH00949,PH00602,2026-05-07 21:46:00,2351,call,LOC0021
CDR007482,PH00235,PH00521,2026-08-17 03:05:00,1538,call,LOC0074
CDR007483,PH00987,PH00994,2026-07-06 12:55:00,256,app_message,LOC0051
CDR007484,PH01001,PH00655,2026-01-29 21:03:00,2398,sms,LOC0072
CDR007485,PH00401,PH00712,2026-02-16 03:22:00,406,sms,LOC0157
CDR007486,PH01027,PH01148,2026-01-25 11:24:00,250,sms,LOC0085
CDR007487,PH00977,PH00124,2026-05-13 08:31:00,1165,sms,LOC0167
CDR007488,PH00455,PH00814,2026-06-18 06:58:00,1079,app_message,LOC0172
CDR007489,PH00058,PH00648,2026-06-03 06:53:00,2259,call,LOC0009
CDR007490,PH01087,PH00221,2026-08-14 14:05:00,249,sms,LOC0066
CDR007491,PH00175,PH00201,2026-03-18 01:36:00,1701,sms,LOC0002
CDR007492,PH01146,PH00940,2026-08-20 00:55:00,1806,sms,LOC0066
CDR007493,PH00498,PH00406,2026-01-16 00:20:00,1336,sms,LOC0109
CDR007494,PH00140,PH00830,2026-03-24 08:33:00,777,call,LOC0001
CDR007495,PH00468,PH00718,2026-08-14 05:38:00,1320,app_message,LOC0056
CDR007496,PH00036,PH01063,2026-06-09 22:00:00,1323,app_message,LOC0144
CDR007497,PH00869,PH01172,2026-06-01 06:15:00,160,call,LOC0161
CDR007498,PH00016,PH00050,2026-08-07 02:47:00,595,call,LOC0170
CDR007499,PH00709,PH01137,2026-07-17 07:01:00,1095,call,LOC0122
CDR007500,PH01058,PH00601,2026-01-18 09:05:00,1170,call,LOC0007
CDR007501,PH00458,PH00841,2026-05-15 10:22:00,452,call,LOC0057
CDR007502,PH00370,PH00097,2026-02-09 21:40:00,128,sms,LOC0127
CDR007503,PH00910,PH00576,2026-05-21 13:24:00,734,call,LOC0060
CDR007504,PH00019,PH00845,2026-05-17 09:42:00,230,app_message,LOC0123
CDR007505,PH00706,PH00421,2026-07-24 09:00:00,1005,app_message,LOC0175
CDR007506,PH01162,PH00156,2026-02-05 09:27:00,1451,sms,LOC0110
CDR007507,PH00814,PH00434,2026-03-20 15:56:00,223,call,LOC0129
CDR007508,PH00645,PH00442,2026-08-16 14:11:00,1821,call,LOC0107
CDR007509,PH00408,PH00853,2026-05-28 21:23:00,2353,call,LOC0169
CDR007510,PH00482,PH00119,2026-08-31 16:05:00,563,app_message,LOC0092
CDR007511,PH00238,PH00148,2026-05-18 10:10:00,1699,call,LOC0166
CDR007512,PH00133,PH00544,2026-04-25 05:30:00,1566,app_message,LOC0050
CDR007513,PH00411,PH00766,2026-08-05 02:28:00,861,app_message,LOC0009
CDR007514,PH00427,PH00996,2026-08-12 17:32:00,176,call,LOC0152
CDR007515,PH00937,PH00165,2026-04-30 00:49:00,216,sms,LOC0122
CDR007516,PH00510,PH01118,2026-02-04 06:48:00,906,call,LOC0111
CDR007517,PH00436,PH00743,2026-02-14 05:43:00,2119,app_message,LOC0030
CDR007518,PH00023,PH01147,2026-04-05 09:56:00,1705,call,LOC0112
CDR007519,PH00371,PH01039,2026-02-23 19:17:00,1962,call,LOC0143
CDR007520,PH00440,PH00626,2026-06-08 03:34:00,102,sms,LOC0126
CDR007521,PH01114,PH01067,2026-01-02 21:33:00,607,app_message,LOC0179
CDR007522,PH00540,PH01139,2026-07-13 06:50:00,1773,call,LOC0045
CDR007523,PH00349,PH00641,2026-03-12 21:46:00,829,app_message,LOC0002
CDR007524,PH00834,PH01172,2026-07-24 22:42:00,1018,sms,LOC0051
CDR007525,PH00968,PH01184,2026-01-04 07:17:00,2164,call,LOC0129
CDR007526,PH00113,PH01024,2026-07-09 09:02:00,1590,app_message,LOC0087
CDR007527,PH00384,PH00112,2026-08-15 20:08:00,2076,sms,LOC0046
CDR007528,PH00678,PH00257,2026-04-15 10:07:00,149,call,LOC0095
CDR007529,PH00437,PH00995,2026-02-06 21:22:00,1013,call,LOC0058
CDR007530,PH00067,PH00256,2026-08-16 02:12:00,736,call,LOC0045
CDR007531,PH00339,PH01164,2026-01-29 04:54:00,867,sms,LOC0097
CDR007532,PH00723,PH00373,2026-02-13 09:11:00,1536,app_message,LOC0179
CDR007533,PH00993,PH00274,2026-02-01 08:54:00,578,app_message,LOC0002
CDR007534,PH01079,PH00707,2026-08-27 16:34:00,1698,sms,LOC0131
CDR007535,PH00449,PH00609,2026-04-30 20:16:00,402,call,LOC0048
CDR007536,PH01036,PH01042,2026-08-06 04:53:00,464,app_message,LOC0099
CDR007537,PH00873,PH00136,2026-04-30 08:26:00,1338,app_message,LOC0068
CDR007538,PH00540,PH01113,2026-05-12 07:35:00,868,call,LOC0073
CDR007539,PH00200,PH00558,2026-06-06 00:57:00,393,call,LOC0010
CDR007540,PH01160,PH00479,2026-06-10 07:05:00,1106,app_message,LOC0163
CDR007541,PH01151,PH00334,2026-07-27 09:53:00,2138,app_message,LOC0077
CDR007542,PH01106,PH00347,2026-05-11 19:33:00,2135,call,LOC0155
CDR007543,PH00698,PH00631,2026-07-27 16:53:00,347,app_message,LOC0063
CDR007544,PH01173,PH00104,2026-04-06 04:51:00,1975,sms,LOC0059
CDR007545,PH00561,PH00363,2026-08-15 02:17:00,856,sms,LOC0010
CDR007546,PH00857,PH00753,2026-08-23 17:10:00,2269,sms,LOC0024
CDR007547,PH01012,PH01073,2026-02-10 06:15:00,484,app_message,LOC0145
CDR007548,PH00336,PH00056,2026-04-23 14:08:00,2374,app_message,LOC0103
CDR007549,PH01132,PH00684,2026-03-25 11:39:00,1495,app_message,LOC0177
CDR007550,PH00598,PH01086,2026-04-30 08:49:00,196,sms,LOC0137
CDR007551,PH00225,PH00725,2026-05-15 23:06:00,1656,call,LOC0016
CDR007552,PH01116,PH00018,2026-04-04 22:59:00,1769,call,LOC0061
CDR007553,PH00647,PH00715,2026-04-10 06:48:00,619,call,LOC0056
CDR007554,PH01040,PH00962,2026-03-03 17:16:00,1181,call,LOC0004
CDR007555,PH00941,PH00796,2026-07-06 05:59:00,1530,call,LOC0160
CDR007556,PH00732,PH00311,2026-06-22 00:39:00,908,call,LOC0116
CDR007557,PH00964,PH00883,2026-01-07 23:56:00,1858,sms,LOC0070
CDR007558,PH00849,PH00461,2026-07-18 23:40:00,2045,sms,LOC0151
CDR007559,PH00693,PH00765,2026-06-29 10:00:00,294,sms,LOC0110
CDR007560,PH00721,PH00226,2026-02-05 21:55:00,2001,app_message,LOC0041
CDR007561,PH00333,PH00789,2026-08-06 18:56:00,1362,app_message,LOC0095
CDR007562,PH01094,PH00910,2026-05-19 03:05:00,413,call,LOC0047
CDR007563,PH00493,PH00094,2026-03-15 06:37:00,2380,app_message,LOC0083
CDR007564,PH01098,PH01076,2026-06-27 23:53:00,939,app_message,LOC0122
CDR007565,PH00628,PH00526,2026-01-20 00:45:00,544,app_message,LOC0118
CDR007566,PH01124,PH01109,2026-01-07 01:45:00,505,app_message,LOC0072
CDR007567,PH00559,PH00128,2026-08-19 02:28:00,932,sms,LOC0160
CDR007568,PH00188,PH00686,2026-02-22 20:19:00,1756,call,LOC0144
CDR007569,PH00008,PH00835,2026-04-13 23:46:00,767,sms,LOC0080
CDR007570,PH00917,PH00166,2026-01-07 08:41:00,2399,sms,LOC0069
CDR007571,PH00726,PH00504,2026-05-02 18:03:00,697,call,LOC0095
CDR007572,PH00363,PH00549,2026-05-27 12:00:00,640,call,LOC0165
CDR007573,PH01151,PH01005,2026-01-07 08:45:00,298,app_message,LOC0179
CDR007574,PH00937,PH00326,2026-06-26 14:24:00,284,sms,LOC0143
CDR007575,PH00932,PH01128,2026-06-27 18:37:00,803,sms,LOC0108
CDR007576,PH00987,PH00404,2026-02-16 12:01:00,666,call,LOC0054
CDR007577,PH00721,PH01103,2026-01-15 18:22:00,1305,call,LOC0093
CDR007578,PH00808,PH01121,2026-04-29 10:35:00,1555,call,LOC0068
CDR007579,PH00547,PH00271,2026-04-12 21:25:00,2035,app_message,LOC0123
CDR007580,PH00404,PH00025,2026-03-04 01:53:00,672,call,LOC0104
CDR007581,PH00358,PH00519,2026-01-04 07:10:00,2217,call,LOC0076
CDR007582,PH00565,PH00102,2026-02-25 10:21:00,1046,sms,LOC0097
CDR007583,PH00771,PH00389,2026-08-19 11:38:00,2187,sms,LOC0029
CDR007584,PH00736,PH00810,2026-03-01 10:26:00,1973,sms,LOC0045
CDR007585,PH00091,PH00359,2026-02-06 17:08:00,1878,call,LOC0037
CDR007586,PH00114,PH00399,2026-06-04 23:17:00,1775,app_message,LOC0064
CDR007587,PH00761,PH00756,2026-05-04 01:21:00,106,sms,LOC0097
CDR007588,PH01041,PH00507,2026-06-10 10:15:00,1499,sms,LOC0083
CDR007589,PH00377,PH00024,2026-04-06 23:00:00,1314,call,LOC0037
CDR007590,PH00875,PH00983,2026-08-21 00:21:00,1408,app_message,LOC0141
CDR007591,PH00734,PH01138,2026-03-23 09:01:00,247,call,LOC0101
CDR007592,PH00437,PH00514,2026-03-30 13:21:00,1098,app_message,LOC0072
CDR007593,PH00652,PH00064,2026-01-17 04:40:00,1609,sms,LOC0106
CDR007594,PH00501,PH00881,2026-02-06 11:44:00,1374,sms,LOC0039
CDR007595,PH00090,PH01011,2026-05-31 19:12:00,2228,app_message,LOC0066
CDR007596,PH00878,PH00095,2026-08-06 17:48:00,1375,app_message,LOC0115
CDR007597,PH00372,PH00333,2026-04-27 20:41:00,1106,sms,LOC0046
CDR007598,PH00450,PH01130,2026-06-21 14:19:00,296,sms,LOC0049
CDR007599,PH00804,PH00390,2026-03-20 11:41:00,1832,call,LOC0029
CDR007600,PH01118,PH00233,2026-08-17 00:33:00,1226,app_message,LOC0098
CDR007601,PH01187,PH00052,2026-03-31 23:31:00,289,call,LOC0111
CDR007602,PH00300,PH00637,2026-06-02 11:08:00,2082,app_message,LOC0107
CDR007603,PH00165,PH00039,2026-06-03 01:20:00,1203,call,LOC0119
CDR007604,PH00015,PH01116,2026-08-06 07:12:00,2269,call,LOC0063
CDR007605,PH01095,PH01192,2026-04-23 00:14:00,1713,app_message,LOC0094
CDR007606,PH00019,PH00711,2026-05-27 08:13:00,1964,sms,LOC0157
CDR007607,PH00708,PH00414,2026-06-15 20:50:00,1398,call,LOC0178
CDR007608,PH00252,PH00731,2026-02-23 10:21:00,1131,sms,LOC0044
CDR007609,PH00416,PH00403,2026-07-27 13:12:00,682,sms,LOC0083
CDR007610,PH00646,PH01006,2026-04-08 03:20:00,640,app_message,LOC0070
CDR007611,PH01167,PH00090,2026-02-09 04:32:00,787,app_message,LOC0050
CDR007612,PH00706,PH00693,2026-01-24 14:02:00,737,app_message,LOC0027
CDR007613,PH00288,PH00487,2026-02-04 06:13:00,1706,sms,LOC0028
CDR007614,PH00212,PH00897,2026-03-28 22:33:00,1023,sms,LOC0089
CDR007615,PH00930,PH00235,2026-06-29 14:21:00,530,call,LOC0125
CDR007616,PH00156,PH00369,2026-07-04 19:11:00,358,call,LOC0117
CDR007617,PH00113,PH00917,2026-02-12 04:15:00,168,sms,LOC0108
CDR007618,PH00406,PH00964,2026-08-31 00:18:00,1852,sms,LOC0028
CDR007619,PH00105,PH00397,2026-03-14 11:52:00,1349,sms,LOC0030
CDR007620,PH00101,PH00958,2026-07-01 03:43:00,1309,call,LOC0031
CDR007621,PH00031,PH00696,2026-02-20 15:47:00,1175,app_message,LOC0042
CDR007622,PH00386,PH00679,2026-07-19 15:11:00,2128,call,LOC0059
CDR007623,PH01107,PH00157,2026-04-15 23:50:00,1018,sms,LOC0159
CDR007624,PH00521,PH00032,2026-03-08 11:34:00,418,call,LOC0077
CDR007625,PH00849,PH00396,2026-01-14 21:07:00,1409,app_message,LOC0020
CDR007626,PH00060,PH00875,2026-01-04 13:36:00,2052,app_message,LOC0135
CDR007627,PH00281,PH01012,2026-03-11 18:23:00,1305,sms,LOC0166
CDR007628,PH00573,PH00029,2026-06-21 08:27:00,94,app_message,LOC0073
CDR007629,PH00597,PH00548,2026-01-20 21:46:00,2087,call,LOC0112
CDR007630,PH00234,PH00850,2026-05-24 06:50:00,1332,app_message,LOC0016
CDR007631,PH00227,PH00710,2026-02-11 20:29:00,1720,app_message,LOC0117
CDR007632,PH00830,PH00342,2026-03-03 06:35:00,64,sms,LOC0044
CDR007633,PH00697,PH00365,2026-08-13 09:33:00,1167,call,LOC0124
CDR007634,PH00443,PH00309,2026-08-24 11:08:00,322,call,LOC0124
CDR007635,PH00188,PH00724,2026-03-14 20:12:00,562,call,LOC0003
CDR007636,PH00378,PH01158,2026-02-16 08:59:00,1697,sms,LOC0019
CDR007637,PH00540,PH00033,2026-07-24 01:29:00,844,sms,LOC0120
CDR007638,PH00543,PH00613,2026-03-13 01:48:00,274,app_message,LOC0099
CDR007639,PH01053,PH00648,2026-05-20 01:57:00,876,call,LOC0008
CDR007640,PH00544,PH00649,2026-07-29 17:25:00,245,app_message,LOC0019
CDR007641,PH00759,PH00087,2026-02-02 08:15:00,1630,sms,LOC0147
CDR007642,PH00630,PH00740,2026-05-20 14:55:00,457,sms,LOC0102
CDR007643,PH00654,PH00116,2026-07-01 14:47:00,939,sms,LOC0056
CDR007644,PH00441,PH00710,2026-06-06 08:57:00,624,app_message,LOC0142
CDR007645,PH00815,PH00046,2026-08-18 03:46:00,1099,app_message,LOC0041
CDR007646,PH00377,PH00042,2026-03-17 05:34:00,754,call,LOC0036
CDR007647,PH00660,PH00196,2026-03-10 12:56:00,55,sms,LOC0062
CDR007648,PH00348,PH01102,2026-03-12 06:10:00,121,sms,LOC0101
CDR007649,PH00608,PH00627,2026-02-28 06:47:00,2365,call,LOC0147
CDR007650,PH00141,PH00640,2026-01-30 05:47:00,555,sms,LOC0053
CDR007651,PH00435,PH00001,2026-02-15 13:58:00,728,sms,LOC0035
CDR007652,PH00027,PH00023,2026-02-12 16:21:00,1908,call,LOC0055
CDR007653,PH01080,PH00487,2026-03-14 08:23:00,1697,call,LOC0051
CDR007654,PH00382,PH00999,2026-06-12 18:12:00,46,sms,LOC0071
CDR007655,PH00344,PH00536,2026-04-26 07:16:00,1637,call,LOC0031
CDR007656,PH00904,PH00494,2026-08-11 16:59:00,7,app_message,LOC0152
CDR007657,PH00498,PH01026,2026-08-12 14:52:00,1888,call,LOC0140
CDR007658,PH00585,PH00624,2026-08-11 18:37:00,2274,call,LOC0027
CDR007659,PH00358,PH00140,2026-05-02 05:44:00,906,app_message,LOC0130
CDR007660,PH00411,PH00015,2026-07-04 20:41:00,1701,app_message,LOC0043
CDR007661,PH00698,PH00115,2026-08-11 10:43:00,42,app_message,LOC0062
CDR007662,PH00975,PH00577,2026-06-07 17:29:00,1857,sms,LOC0133
CDR007663,PH01125,PH01035,2026-05-22 12:53:00,1609,call,LOC0165
CDR007664,PH00869,PH00749,2026-06-25 09:59:00,1763,sms,LOC0035
CDR007665,PH00573,PH01066,2026-01-14 05:10:00,1585,call,LOC0080
CDR007666,PH00696,PH00565,2026-08-30 16:57:00,1528,app_message,LOC0149
CDR007667,PH00870,PH00995,2026-08-28 23:15:00,305,call,LOC0103
CDR007668,PH00150,PH00403,2026-05-14 00:35:00,405,app_message,LOC0067
CDR007669,PH00939,PH00533,2026-04-05 07:54:00,2143,call,LOC0125
CDR007670,PH00369,PH00088,2026-04-15 12:29:00,2252,sms,LOC0113
CDR007671,PH00821,PH01027,2026-07-14 19:21:00,167,sms,LOC0063
CDR007672,PH00348,PH00264,2026-03-21 07:35:00,124,call,LOC0092
CDR007673,PH00101,PH01098,2026-02-21 08:40:00,673,app_message,LOC0141
CDR007674,PH00221,PH00966,2026-02-10 01:02:00,730,app_message,LOC0056
CDR007675,PH00544,PH00588,2026-08-03 00:49:00,2236,sms,LOC0054
CDR007676,PH00590,PH00517,2026-05-19 14:10:00,1949,app_message,LOC0089
CDR007677,PH00478,PH00057,2026-05-27 15:11:00,1213,app_message,LOC0164
CDR007678,PH01125,PH00991,2026-04-22 20:49:00,1883,call,LOC0009
CDR007679,PH00099,PH00615,2026-01-04 23:15:00,308,sms,LOC0131
CDR007680,PH01036,PH00054,2026-07-22 19:56:00,989,call,LOC0173
CDR007681,PH00804,PH00511,2026-04-03 12:25:00,2129,sms,LOC0170
CDR007682,PH00325,PH01131,2026-04-09 10:06:00,2179,call,LOC0163
CDR007683,PH00431,PH00056,2026-02-26 08:49:00,931,call,LOC0050
CDR007684,PH01131,PH00193,2026-05-06 10:55:00,2056,app_message,LOC0159
CDR007685,PH00360,PH00288,2026-01-09 09:43:00,1360,sms,LOC0047
CDR007686,PH00758,PH00365,2026-05-03 22:49:00,1829,call,LOC0101
CDR007687,PH00701,PH00301,2026-03-27 19:22:00,2127,sms,LOC0180
CDR007688,PH00603,PH01198,2026-08-21 01:59:00,1382,call,LOC0001
CDR007689,PH01158,PH00010,2026-06-15 06:08:00,2209,app_message,LOC0119
CDR007690,PH00947,PH00956,2026-02-16 21:51:00,2170,sms,LOC0120
CDR007691,PH00039,PH01174,2026-03-04 20:08:00,484,app_message,LOC0103
CDR007692,PH00326,PH01041,2026-01-01 23:05:00,1132,app_message,LOC0142
CDR007693,PH00451,PH00506,2026-06-29 17:59:00,2397,sms,LOC0041
CDR007694,PH01181,PH00449,2026-04-12 06:57:00,2050,app_message,LOC0083
CDR007695,PH00391,PH00169,2026-03-29 13:29:00,776,app_message,LOC0036
CDR007696,PH01104,PH00166,2026-01-14 02:18:00,138,app_message,LOC0030
CDR007697,PH00152,PH00180,2026-03-20 11:35:00,2256,app_message,LOC0013
CDR007698,PH00735,PH00179,2026-03-12 11:58:00,798,app_message,LOC0107
CDR007699,PH00340,PH00900,2026-02-13 10:49:00,47,sms,LOC0013
CDR007700,PH00766,PH00961,2026-03-02 13:15:00,1705,app_message,LOC0123
CDR007701,PH00466,PH00470,2026-01-11 06:11:00,1247,call,LOC0074
CDR007702,PH01171,PH00182,2026-08-05 08:55:00,1950,app_message,LOC0019
CDR007703,PH00667,PH00414,2026-01-11 01:38:00,1246,app_message,LOC0153
CDR007704,PH00498,PH00391,2026-04-06 14:01:00,2092,call,LOC0085
CDR007705,PH00301,PH00057,2026-03-13 22:13:00,99,call,LOC0092
CDR007706,PH00704,PH00829,2026-03-22 11:01:00,744,call,LOC0143
CDR007707,PH00713,PH00338,2026-04-07 11:27:00,598,app_message,LOC0084
CDR007708,PH00098,PH01042,2026-01-30 20:15:00,1280,sms,LOC0105
CDR007709,PH00759,PH01014,2026-03-09 13:52:00,1831,app_message,LOC0157
CDR007710,PH00314,PH00051,2026-02-09 11:29:00,2170,sms,LOC0020
CDR007711,PH01159,PH00496,2026-07-05 03:56:00,1757,sms,LOC0069
CDR007712,PH00374,PH01051,2026-03-26 15:48:00,1212,app_message,LOC0144
CDR007713,PH00356,PH00323,2026-07-21 16:54:00,35,app_message,LOC0088
CDR007714,PH00827,PH00745,2026-01-12 18:27:00,211,app_message,LOC0043
CDR007715,PH00844,PH01030,2026-06-24 15:56:00,1807,call,LOC0058
CDR007716,PH00708,PH01041,2026-04-26 08:34:00,976,app_message,LOC0098
CDR007717,PH01119,PH00521,2026-03-08 13:27:00,1579,call,LOC0028
CDR007718,PH00213,PH00469,2026-05-05 02:40:00,1858,sms,LOC0092
CDR007719,PH00595,PH00378,2026-03-12 23:07:00,2258,call,LOC0120
CDR007720,PH00115,PH00107,2026-08-20 23:06:00,2249,sms,LOC0156
CDR007721,PH00355,PH00603,2026-07-17 04:36:00,1590,app_message,LOC0092
CDR007722,PH00950,PH00290,2026-05-04 01:47:00,586,app_message,LOC0023
CDR007723,PH00080,PH00956,2026-08-12 07:51:00,247,app_message,LOC0088
CDR007724,PH00501,PH00752,2026-02-27 22:29:00,321,call,LOC0157
CDR007725,PH00193,PH00749,2026-05-28 17:33:00,1247,app_message,LOC0083
CDR007726,PH00485,PH00444,2026-03-06 05:47:00,933,call,LOC0039
CDR007727,PH00152,PH00297,2026-03-10 06:25:00,807,app_message,LOC0099
CDR007728,PH00601,PH00255,2026-06-14 22:26:00,946,call,LOC0075
CDR007729,PH00245,PH00877,2026-04-21 19:09:00,1045,call,LOC0068
CDR007730,PH00635,PH00468,2026-03-02 13:43:00,218,app_message,LOC0027
CDR007731,PH00067,PH00742,2026-01-22 18:57:00,725,sms,LOC0071
CDR007732,PH00792,PH01004,2026-05-17 03:06:00,642,app_message,LOC0048
CDR007733,PH00804,PH00037,2026-06-07 12:39:00,1745,sms,LOC0103
CDR007734,PH00402,PH00696,2026-03-26 23:08:00,66,app_message,LOC0085
CDR007735,PH00815,PH01049,2026-03-15 02:16:00,1728,call,LOC0149
CDR007736,PH00148,PH01015,2026-07-24 19:07:00,318,sms,LOC0122
CDR007737,PH00619,PH00393,2026-01-07 10:51:00,1090,call,LOC0059
CDR007738,PH00541,PH00952,2026-04-13 15:50:00,2240,call,LOC0042
CDR007739,PH00275,PH00955,2026-05-28 04:44:00,175,call,LOC0055
CDR007740,PH01159,PH00419,2026-06-27 05:51:00,87,call,LOC0118
CDR007741,PH00141,PH00560,2026-03-14 04:15:00,295,call,LOC0128
CDR007742,PH00927,PH00992,2026-07-23 12:16:00,2060,call,LOC0131
CDR007743,PH00835,PH00180,2026-03-15 05:42:00,2334,call,LOC0110
CDR007744,PH00650,PH00822,2026-05-10 18:38:00,967,sms,LOC0101
CDR007745,PH00092,PH01092,2026-02-17 22:36:00,267,app_message,LOC0090
CDR007746,PH00060,PH00215,2026-08-03 08:21:00,1627,sms,LOC0127
CDR007747,PH01140,PH00414,2026-08-13 13:23:00,1225,call,LOC0092
CDR007748,PH00222,PH00297,2026-03-18 01:15:00,1248,call,LOC0129
CDR007749,PH00895,PH00676,2026-03-21 11:51:00,1066,sms,LOC0068
CDR007750,PH00118,PH00222,2026-08-26 05:58:00,103,sms,LOC0083
CDR007751,PH01187,PH00474,2026-07-10 02:18:00,1417,call,LOC0166
CDR007752,PH00014,PH00260,2026-05-25 15:45:00,1656,sms,LOC0028
CDR007753,PH00308,PH00534,2026-04-08 22:37:00,1667,app_message,LOC0024
CDR007754,PH00999,PH00576,2026-05-10 17:36:00,280,app_message,LOC0005
CDR007755,PH00832,PH00215,2026-07-31 18:45:00,33,app_message,LOC0138
CDR007756,PH00448,PH00732,2026-01-21 15:46:00,2302,call,LOC0094
CDR007757,PH01015,PH00649,2026-06-10 14:14:00,1137,call,LOC0130
CDR007758,PH00645,PH01141,2026-04-11 07:10:00,646,sms,LOC0146
CDR007759,PH00671,PH00515,2026-01-29 00:27:00,2025,app_message,LOC0151
CDR007760,PH00247,PH00048,2026-08-13 05:59:00,1222,app_message,LOC0074
CDR007761,PH00170,PH00471,2026-01-20 15:49:00,134,app_message,LOC0034
CDR007762,PH00999,PH00066,2026-08-18 17:28:00,1478,sms,LOC0177
CDR007763,PH01161,PH00447,2026-06-03 13:36:00,230,call,LOC0118
CDR007764,PH01189,PH00159,2026-08-28 13:23:00,1787,app_message,LOC0123
CDR007765,PH01136,PH00961,2026-06-07 14:30:00,871,sms,LOC0127
CDR007766,PH00983,PH00178,2026-02-04 14:54:00,1914,call,LOC0170
CDR007767,PH00486,PH00815,2026-07-20 12:21:00,1380,call,LOC0170
CDR007768,PH00571,PH01069,2026-02-21 16:37:00,244,sms,LOC0163
CDR007769,PH00307,PH01084,2026-04-16 13:35:00,775,call,LOC0109
CDR007770,PH00635,PH00504,2026-08-20 06:28:00,108,call,LOC0033
CDR007771,PH00115,PH00868,2026-08-06 22:43:00,2020,call,LOC0001
CDR007772,PH00305,PH00273,2026-06-19 16:14:00,49,sms,LOC0012
CDR007773,PH00540,PH01142,2026-08-02 17:28:00,1142,sms,LOC0084
CDR007774,PH00803,PH00172,2026-07-19 03:18:00,1818,sms,LOC0090
CDR007775,PH01083,PH01022,2026-02-18 23:10:00,680,app_message,LOC0079
CDR007776,PH00673,PH01170,2026-05-04 11:58:00,408,sms,LOC0165
CDR007777,PH00057,PH00526,2026-02-04 12:35:00,1318,call,LOC0115
CDR007778,PH01111,PH00490,2026-04-20 17:20:00,2318,app_message,LOC0146
CDR007779,PH00666,PH00439,2026-02-14 22:28:00,2067,sms,LOC0090
CDR007780,PH01084,PH01005,2026-07-22 06:35:00,980,app_message,LOC0022
CDR007781,PH00363,PH00256,2026-07-17 08:55:00,185,call,LOC0030
CDR007782,PH00637,PH00874,2026-07-19 02:15:00,207,sms,LOC0095
CDR007783,PH00019,PH00614,2026-01-29 09:01:00,296,app_message,LOC0128
CDR007784,PH00168,PH00840,2026-02-20 19:32:00,1757,app_message,LOC0051
CDR007785,PH00898,PH00761,2026-01-19 00:18:00,850,sms,LOC0144
CDR007786,PH01190,PH00283,2026-06-17 00:38:00,1802,app_message,LOC0100
CDR007787,PH00234,PH00098,2026-08-05 18:07:00,759,call,LOC0157
CDR007788,PH00348,PH00006,2026-05-11 04:11:00,1445,app_message,LOC0149
CDR007789,PH00346,PH00066,2026-07-23 04:51:00,1978,sms,LOC0083
CDR007790,PH00021,PH00889,2026-03-09 21:09:00,91,sms,LOC0152
CDR007791,PH00050,PH00502,2026-02-24 03:17:00,1570,sms,LOC0037
CDR007792,PH00984,PH00920,2026-03-15 19:24:00,1346,app_message,LOC0168
CDR007793,PH01061,PH00441,2026-08-30 20:02:00,2107,sms,LOC0089
CDR007794,PH00880,PH00622,2026-05-31 07:50:00,1290,sms,LOC0038
CDR007795,PH00728,PH00122,2026-06-30 08:36:00,576,call,LOC0021
CDR007796,PH00258,PH00571,2026-03-04 11:57:00,1472,app_message,LOC0078
CDR007797,PH00402,PH00686,2026-04-09 23:39:00,2194,app_message,LOC0007
CDR007798,PH00605,PH00353,2026-05-21 22:57:00,2171,call,LOC0056
CDR007799,PH00569,PH00173,2026-02-27 07:28:00,216,sms,LOC0077
CDR007800,PH00955,PH00528,2026-04-25 18:27:00,349,app_message,LOC0159
CDR007801,PH00242,PH00244,2026-04-08 05:54:00,1486,call,LOC0051
CDR007802,PH00293,PH00765,2026-04-19 01:05:00,2116,app_message,LOC0009
CDR007803,PH01099,PH01044,2026-02-12 13:03:00,802,sms,LOC0024
CDR007804,PH00592,PH00020,2026-03-25 00:19:00,1668,sms,LOC0074
CDR007805,PH00861,PH00913,2026-03-14 18:41:00,980,app_message,LOC0119
CDR007806,PH01164,PH01036,2026-07-03 12:10:00,695,call,LOC0097
CDR007807,PH00783,PH00336,2026-03-09 21:26:00,2277,call,LOC0051
CDR007808,PH00255,PH01193,2026-08-15 08:12:00,1255,sms,LOC0164
CDR007809,PH00254,PH00517,2026-08-11 16:33:00,2307,app_message,LOC0042
CDR007810,PH01029,PH00062,2026-06-09 15:44:00,1145,app_message,LOC0034
CDR007811,PH01011,PH00939,2026-03-05 12:11:00,551,sms,LOC0130
CDR007812,PH00487,PH00314,2026-02-26 12:06:00,1282,app_message,LOC0022
CDR007813,PH01094,PH00954,2026-07-01 04:49:00,2066,sms,LOC0023
CDR007814,PH00414,PH00036,2026-04-06 18:36:00,1526,app_message,LOC0094
CDR007815,PH00540,PH00284,2026-03-04 23:19:00,901,call,LOC0092
CDR007816,PH00933,PH00621,2026-05-14 14:22:00,134,call,LOC0001
CDR007817,PH00601,PH01135,2026-01-18 16:27:00,2289,sms,LOC0020
CDR007818,PH00509,PH00495,2026-04-07 04:46:00,1321,call,LOC0119
CDR007819,PH01165,PH00422,2026-03-13 06:04:00,2390,app_message,LOC0129
CDR007820,PH00152,PH00917,2026-03-28 07:17:00,609,sms,LOC0067
CDR007821,PH00362,PH00448,2026-02-13 08:30:00,746,call,LOC0120
CDR007822,PH00146,PH00012,2026-07-22 04:13:00,2156,call,LOC0028
CDR007823,PH00382,PH00941,2026-06-17 09:55:00,83,call,LOC0042
CDR007824,PH00298,PH00752,2026-02-03 18:03:00,894,app_message,LOC0026
CDR007825,PH01098,PH00133,2026-01-26 09:40:00,170,app_message,LOC0038
CDR007826,PH00159,PH00541,2026-04-24 20:56:00,2198,sms,LOC0060
CDR007827,PH00539,PH01180,2026-03-23 10:06:00,207,call,LOC0133
CDR007828,PH00418,PH00499,2026-01-18 06:28:00,1934,sms,LOC0043
CDR007829,PH00834,PH01094,2026-07-12 21:57:00,2264,app_message,LOC0137
CDR007830,PH00147,PH00768,2026-08-27 14:05:00,2175,app_message,LOC0039
CDR007831,PH00992,PH00410,2026-04-05 11:54:00,230,call,LOC0082
CDR007832,PH00550,PH01159,2026-01-13 14:46:00,690,app_message,LOC0091
CDR007833,PH00405,PH00410,2026-08-24 12:34:00,1651,call,LOC0095
CDR007834,PH01184,PH00480,2026-08-11 18:31:00,1102,call,LOC0122
CDR007835,PH00121,PH00978,2026-02-24 18:01:00,1373,sms,LOC0165
CDR007836,PH00497,PH00995,2026-07-01 03:56:00,2196,call,LOC0125
CDR007837,PH01035,PH00865,2026-05-24 01:27:00,2392,call,LOC0146
CDR007838,PH01070,PH00295,2026-06-17 12:52:00,2183,call,LOC0098
CDR007839,PH00497,PH00591,2026-03-18 13:46:00,634,sms,LOC0101
CDR007840,PH00713,PH00960,2026-07-25 19:01:00,2302,call,LOC0014
CDR007841,PH01200,PH00756,2026-06-16 08:33:00,672,app_message,LOC0061
CDR007842,PH00863,PH00945,2026-03-11 01:31:00,701,call,LOC0063
CDR007843,PH00521,PH00017,2026-05-06 07:45:00,1259,call,LOC0008
CDR007844,PH00081,PH00462,2026-01-12 10:37:00,1469,app_message,LOC0154
CDR007845,PH00842,PH00329,2026-02-25 13:03:00,1604,app_message,LOC0093
CDR007846,PH00294,PH00098,2026-02-25 21:39:00,1230,sms,LOC0029
CDR007847,PH00654,PH00416,2026-01-21 22:49:00,482,call,LOC0072
CDR007848,PH00082,PH00341,2026-08-09 12:30:00,1337,call,LOC0010
CDR007849,PH00684,PH00913,2026-06-26 16:15:00,1187,sms,LOC0128
CDR007850,PH00488,PH00996,2026-05-16 12:15:00,822,app_message,LOC0001
CDR007851,PH00398,PH01136,2026-06-10 04:18:00,647,sms,LOC0025
CDR007852,PH00770,PH00484,2026-08-28 13:42:00,2383,sms,LOC0154
CDR007853,PH00490,PH00159,2026-07-01 23:59:00,1213,sms,LOC0027
CDR007854,PH00548,PH01128,2026-08-02 04:57:00,212,app_message,LOC0092
CDR007855,PH00008,PH01042,2026-08-26 20:35:00,873,call,LOC0005
CDR007856,PH00259,PH00985,2026-01-30 00:59:00,569,call,LOC0167
CDR007857,PH00041,PH00262,2026-02-11 02:13:00,730,call,LOC0047
CDR007858,PH01085,PH00632,2026-04-02 16:14:00,301,app_message,LOC0076
CDR007859,PH01114,PH00723,2026-05-13 10:54:00,1610,sms,LOC0167
CDR007860,PH00479,PH00079,2026-08-10 14:45:00,1221,sms,LOC0135
CDR007861,PH01052,PH01080,2026-06-08 18:22:00,1795,call,LOC0012
CDR007862,PH00308,PH00241,2026-06-08 06:58:00,1726,sms,LOC0108
CDR007863,PH00964,PH00194,2026-02-08 20:58:00,992,sms,LOC0094
CDR007864,PH00130,PH01142,2026-08-17 22:26:00,329,sms,LOC0045
CDR007865,PH00950,PH01088,2026-02-04 07:07:00,1227,call,LOC0089
CDR007866,PH00736,PH01158,2026-01-21 19:15:00,13,app_message,LOC0162
CDR007867,PH00008,PH00251,2026-03-27 19:12:00,1020,sms,LOC0082
CDR007868,PH01080,PH00320,2026-02-12 18:35:00,397,app_message,LOC0145
CDR007869,PH00874,PH00275,2026-06-19 13:39:00,1608,app_message,LOC0122
CDR007870,PH00818,PH00630,2026-03-02 14:14:00,2334,app_message,LOC0044
CDR007871,PH00502,PH00151,2026-07-09 09:38:00,1534,sms,LOC0031
CDR007872,PH00687,PH00532,2026-08-13 12:02:00,557,app_message,LOC0017
CDR007873,PH00913,PH00835,2026-06-21 01:49:00,967,app_message,LOC0049
CDR007874,PH00640,PH00410,2026-08-24 03:42:00,1933,call,LOC0142
CDR007875,PH00002,PH01012,2026-07-16 23:52:00,2126,call,LOC0156
CDR007876,PH00384,PH00370,2026-06-28 15:43:00,1940,app_message,LOC0079
CDR007877,PH00532,PH00395,2026-05-16 21:53:00,1232,call,LOC0142
CDR007878,PH00662,PH00999,2026-04-12 23:18:00,768,app_message,LOC0127
CDR007879,PH00074,PH00050,2026-05-03 18:43:00,1291,call,LOC0081
CDR007880,PH00440,PH01014,2026-08-11 14:52:00,945,app_message,LOC0136
CDR007881,PH01148,PH00806,2026-05-08 20:03:00,1049,sms,LOC0120
CDR007882,PH00240,PH01130,2026-05-31 21:50:00,1270,app_message,LOC0171
CDR007883,PH00722,PH00080,2026-01-09 18:43:00,1684,app_message,LOC0171
CDR007884,PH00993,PH00466,2026-07-09 12:33:00,329,sms,LOC0085
CDR007885,PH00419,PH00683,2026-01-31 13:02:00,2004,app_message,LOC0040
CDR007886,PH00435,PH00668,2026-08-15 19:23:00,609,app_message,LOC0014
CDR007887,PH00663,PH00726,2026-03-16 13:52:00,499,sms,LOC0131
CDR007888,PH00880,PH00179,2026-08-30 11:52:00,1270,app_message,LOC0172
CDR007889,PH00762,PH01136,2026-04-12 19:53:00,2398,sms,LOC0170
CDR007890,PH00723,PH00361,2026-06-02 12:00:00,680,call,LOC0046
CDR007891,PH01091,PH00991,2026-06-21 05:41:00,1795,app_message,LOC0138
CDR007892,PH00968,PH00861,2026-02-09 21:50:00,191,call,LOC0080
CDR007893,PH00704,PH01021,2026-03-28 22:49:00,1992,sms,LOC0067
CDR007894,PH00658,PH00589,2026-08-09 01:30:00,514,app_message,LOC0127
CDR007895,PH01040,PH01176,2026-03-03 09:43:00,1047,call,LOC0045
CDR007896,PH01007,PH01119,2026-05-23 07:43:00,2097,call,LOC0028
CDR007897,PH00005,PH01041,2026-03-29 09:53:00,987,call,LOC0147
CDR007898,PH00924,PH00847,2026-08-23 06:28:00,1199,sms,LOC0115
CDR007899,PH00081,PH01062,2026-04-22 19:58:00,512,sms,LOC0041
CDR007900,PH00787,PH00160,2026-04-10 18:16:00,1951,sms,LOC0167
CDR007901,PH00659,PH01057,2026-01-10 20:26:00,1658,call,LOC0064
CDR007902,PH01093,PH00919,2026-07-11 16:51:00,194,call,LOC0063
CDR007903,PH01192,PH00036,2026-04-19 04:59:00,1265,call,LOC0022
CDR007904,PH01130,PH00581,2026-05-16 22:40:00,239,sms,LOC0016
CDR007905,PH00078,PH00294,2026-08-18 08:33:00,1849,sms,LOC0004
CDR007906,PH00265,PH00443,2026-03-04 00:45:00,1315,app_message,LOC0157
CDR007907,PH00094,PH01100,2026-03-02 22:30:00,2294,call,LOC0152
CDR007908,PH01093,PH00720,2026-07-19 13:16:00,988,app_message,LOC0018
CDR007909,PH00411,PH00151,2026-06-08 21:45:00,1663,call,LOC0120
CDR007910,PH00511,PH00326,2026-05-21 20:03:00,671,sms,LOC0030
CDR007911,PH01044,PH00937,2026-03-29 22:38:00,828,app_message,LOC0045
CDR007912,PH00147,PH00099,2026-08-11 15:17:00,350,sms,LOC0176
CDR007913,PH00398,PH01192,2026-05-18 09:32:00,2046,sms,LOC0173
CDR007914,PH01151,PH00039,2026-04-18 00:26:00,364,app_message,LOC0125
CDR007915,PH00012,PH00545,2026-01-21 13:44:00,550,sms,LOC0059
CDR007916,PH00592,PH01082,2026-04-25 08:29:00,954,sms,LOC0018
CDR007917,PH00762,PH00955,2026-03-31 16:06:00,835,call,LOC0177
CDR007918,PH00137,PH00997,2026-08-15 15:31:00,1081,call,LOC0025
CDR007919,PH00928,PH00956,2026-01-14 12:50:00,1379,sms,LOC0069
CDR007920,PH00761,PH00556,2026-06-29 21:42:00,1666,app_message,LOC0145
CDR007921,PH00741,PH00680,2026-08-31 21:30:00,1899,app_message,LOC0145
CDR007922,PH01106,PH00956,2026-03-23 05:05:00,1595,app_message,LOC0165
CDR007923,PH00096,PH00667,2026-03-14 06:51:00,1439,sms,LOC0113
CDR007924,PH00551,PH00389,2026-07-15 10:37:00,2205,sms,LOC0158
CDR007925,PH00306,PH00161,2026-01-27 02:25:00,1811,sms,LOC0170
CDR007926,PH00456,PH00859,2026-03-22 12:12:00,767,app_message,LOC0150
CDR007927,PH00224,PH00886,2026-01-17 15:35:00,1519,call,LOC0078
CDR007928,PH00242,PH00961,2026-03-07 11:07:00,1642,call,LOC0143
CDR007929,PH00288,PH00631,2026-02-02 14:26:00,1786,app_message,LOC0105
CDR007930,PH00479,PH01017,2026-02-17 14:41:00,464,sms,LOC0069
CDR007931,PH00721,PH00962,2026-08-04 05:56:00,719,app_message,LOC0018
CDR007932,PH00200,PH00015,2026-04-16 00:05:00,1230,call,LOC0077
CDR007933,PH00156,PH00858,2026-03-18 14:05:00,1324,app_message,LOC0011
CDR007934,PH00957,PH00844,2026-08-13 09:08:00,299,call,LOC0156
CDR007935,PH01038,PH00068,2026-08-17 08:10:00,484,app_message,LOC0058
CDR007936,PH00125,PH00266,2026-04-11 01:21:00,2304,app_message,LOC0025
CDR007937,PH00734,PH00875,2026-01-31 21:51:00,250,call,LOC0037
CDR007938,PH00959,PH00592,2026-07-26 10:42:00,1352,sms,LOC0034
CDR007939,PH00131,PH01095,2026-01-05 00:08:00,796,sms,LOC0004
CDR007940,PH00767,PH00237,2026-03-14 22:47:00,1944,sms,LOC0096
CDR007941,PH00382,PH00301,2026-07-19 11:21:00,2260,call,LOC0126
CDR007942,PH00743,PH00242,2026-06-16 02:44:00,91,app_message,LOC0156
CDR007943,PH00539,PH01086,2026-03-09 16:57:00,261,call,LOC0001
CDR007944,PH00480,PH00365,2026-08-20 05:58:00,2127,sms,LOC0048
CDR007945,PH00903,PH00116,2026-03-26 03:45:00,1294,app_message,LOC0109
CDR007946,PH01062,PH00450,2026-07-21 17:24:00,2145,sms,LOC0044
CDR007947,PH00987,PH00965,2026-06-07 01:21:00,187,call,LOC0139
CDR007948,PH00965,PH00196,2026-06-29 11:30:00,1947,app_message,LOC0160
CDR007949,PH01189,PH00415,2026-01-27 10:02:00,142,call,LOC0082
CDR007950,PH00180,PH00053,2026-08-28 04:20:00,897,app_message,LOC0091
CDR007951,PH00856,PH00449,2026-07-08 23:52:00,1332,call,LOC0164
CDR007952,PH01193,PH01044,2026-05-02 19:20:00,298,app_message,LOC0031
CDR007953,PH00303,PH00583,2026-07-31 02:49:00,577,call,LOC0007
CDR007954,PH01039,PH00691,2026-08-29 11:58:00,1423,call,LOC0123
CDR007955,PH00894,PH00363,2026-05-05 06:28:00,1096,sms,LOC0127
CDR007956,PH01149,PH00007,2026-03-18 03:12:00,1275,app_message,LOC0135
CDR007957,PH01177,PH00027,2026-04-06 15:53:00,412,call,LOC0156
CDR007958,PH00298,PH00447,2026-04-13 23:20:00,795,app_message,LOC0042
CDR007959,PH00740,PH00624,2026-03-19 11:15:00,127,sms,LOC0102
CDR007960,PH01089,PH00221,2026-05-13 06:29:00,10,call,LOC0178
CDR007961,PH00103,PH00696,2026-08-29 06:34:00,1826,sms,LOC0029
CDR007962,PH00476,PH00698,2026-07-04 22:14:00,1529,app_message,LOC0052
CDR007963,PH00002,PH00125,2026-04-12 19:16:00,633,sms,LOC0140
CDR007964,PH00239,PH01027,2026-04-23 14:26:00,1760,call,LOC0009
CDR007965,PH00075,PH00024,2026-02-05 13:05:00,2199,sms,LOC0146
CDR007966,PH00597,PH00147,2026-04-22 15:26:00,1900,sms,LOC0075
CDR007967,PH00640,PH00957,2026-08-22 10:05:00,1566,app_message,LOC0116
CDR007968,PH01147,PH01185,2026-06-10 06:16:00,1273,sms,LOC0158
CDR007969,PH00026,PH01138,2026-06-25 19:13:00,54,sms,LOC0069
CDR007970,PH00428,PH00596,2026-04-03 16:41:00,852,sms,LOC0026
CDR007971,PH00482,PH00603,2026-08-21 01:15:00,273,call,LOC0060
CDR007972,PH01160,PH00285,2026-05-06 10:20:00,375,call,LOC0153
CDR007973,PH00508,PH00156,2026-06-04 08:09:00,1094,sms,LOC0020
CDR007974,PH00261,PH00242,2026-05-01 04:14:00,286,call,LOC0128
CDR007975,PH00785,PH00532,2026-02-11 08:40:00,1685,call,LOC0093
CDR007976,PH00687,PH00504,2026-07-26 14:12:00,2242,app_message,LOC0149
CDR007977,PH01011,PH00470,2026-05-09 05:53:00,614,app_message,LOC0017
CDR007978,PH00830,PH00050,2026-07-17 14:28:00,377,app_message,LOC0050
CDR007979,PH00861,PH00867,2026-03-16 22:24:00,1819,call,LOC0099
CDR007980,PH00392,PH01162,2026-08-17 13:25:00,1102,call,LOC0046
CDR007981,PH00924,PH00355,2026-02-11 08:49:00,1950,app_message,LOC0009
CDR007982,PH00696,PH00336,2026-06-24 10:48:00,1967,call,LOC0010
CDR007983,PH00999,PH00091,2026-02-08 11:39:00,507,sms,LOC0150
CDR007984,PH00778,PH00356,2026-02-28 12:29:00,385,app_message,LOC0160
CDR007985,PH00670,PH01171,2026-03-05 14:03:00,812,sms,LOC0031
CDR007986,PH00782,PH00602,2026-05-12 15:33:00,7,sms,LOC0175
CDR007987,PH00828,PH00072,2026-02-16 23:58:00,611,call,LOC0054
CDR007988,PH01173,PH00720,2026-03-19 19:05:00,423,call,LOC0048
CDR007989,PH00213,PH00747,2026-05-25 11:07:00,663,app_message,LOC0061
CDR007990,PH00629,PH01111,2026-08-15 19:09:00,772,call,LOC0082
CDR007991,PH00178,PH00065,2026-02-10 20:25:00,960,call,LOC0018
CDR007992,PH00697,PH00279,2026-04-09 20:49:00,1627,app_message,LOC0019
CDR007993,PH00796,PH00870,2026-07-18 15:41:00,1321,sms,LOC0155
CDR007994,PH00376,PH00120,2026-02-19 10:13:00,281,call,LOC0147
CDR007995,PH00308,PH00665,2026-06-24 17:07:00,1439,call,LOC0155
CDR007996,PH00362,PH00827,2026-06-15 18:07:00,1866,sms,LOC0108
CDR007997,PH00756,PH00237,2026-01-30 03:02:00,299,sms,LOC0144
CDR007998,PH00117,PH01053,2026-07-17 07:51:00,431,app_message,LOC0153
CDR007999,PH00680,PH00979,2026-08-13 09:44:00,1285,call,LOC0040
CDR008000,PH00635,PH00269,2026-03-06 04:00:00,280,app_message,LOC0067
CDR008001,PH00134,PH00096,2026-01-25 08:04:00,1811,call,LOC0052
CDR008002,PH01131,PH00335,2026-06-23 15:44:00,63,call,LOC0145
CDR008003,PH00138,PH00030,2026-01-07 12:46:00,1675,sms,LOC0055
CDR008004,PH00303,PH00349,2026-07-10 02:48:00,766,call,LOC0173
CDR008005,PH00544,PH00649,2026-08-01 00:27:00,2249,app_message,LOC0168
CDR008006,PH00839,PH00522,2026-08-05 06:49:00,538,call,LOC0048
CDR008007,PH00560,PH00877,2026-04-18 00:35:00,1445,call,LOC0102
CDR008008,PH00731,PH00905,2026-05-16 02:49:00,1338,sms,LOC0152
CDR008009,PH01039,PH01098,2026-08-22 21:28:00,819,call,LOC0097
CDR008010,PH00876,PH00679,2026-07-22 16:41:00,1748,call,LOC0029
CDR008011,PH01041,PH00734,2026-08-13 10:37:00,388,sms,LOC0109
CDR008012,PH00374,PH00624,2026-01-26 12:19:00,2326,sms,LOC0045
CDR008013,PH00965,PH00898,2026-05-06 06:56:00,1097,app_message,LOC0147
CDR008014,PH00596,PH01098,2026-05-01 02:23:00,2325,sms,LOC0161
CDR008015,PH00572,PH00801,2026-04-21 14:14:00,532,app_message,LOC0033
CDR008016,PH00458,PH00712,2026-05-22 23:06:00,926,app_message,LOC0045
CDR008017,PH00033,PH00159,2026-05-18 05:05:00,1794,app_message,LOC0038
CDR008018,PH00838,PH00150,2026-03-27 14:44:00,1848,app_message,LOC0060
CDR008019,PH00992,PH00652,2026-03-26 17:37:00,1005,call,LOC0032
CDR008020,PH00373,PH00008,2026-06-16 07:38:00,132,app_message,LOC0137
CDR008021,PH01111,PH00236,2026-08-25 20:10:00,814,sms,LOC0093
CDR008022,PH00434,PH00892,2026-07-15 23:16:00,1904,call,LOC0116
CDR008023,PH00220,PH00983,2026-01-30 18:48:00,805,app_message,LOC0157
CDR008024,PH00067,PH00357,2026-06-16 16:22:00,1436,call,LOC0061
CDR008025,PH00912,PH01183,2026-03-18 01:52:00,92,sms,LOC0097
CDR008026,PH00437,PH00985,2026-07-06 05:30:00,2383,sms,LOC0047
CDR008027,PH00450,PH00874,2026-07-20 19:33:00,527,call,LOC0090
CDR008028,PH00822,PH01011,2026-03-11 07:46:00,348,sms,LOC0127
CDR008029,PH00037,PH00207,2026-06-11 12:57:00,1706,call,LOC0008
CDR008030,PH00896,PH00185,2026-04-07 01:00:00,336,call,LOC0011
CDR008031,PH00876,PH00656,2026-02-25 07:29:00,1001,call,LOC0004
CDR008032,PH00027,PH00700,2026-06-21 09:47:00,2064,sms,LOC0059
CDR008033,PH01127,PH00700,2026-02-10 07:43:00,364,app_message,LOC0161
CDR008034,PH00567,PH01180,2026-02-02 02:12:00,1592,sms,LOC0012
CDR008035,PH00525,PH00223,2026-05-09 03:58:00,173,call,LOC0152
CDR008036,PH00684,PH00822,2026-03-18 03:12:00,2205,app_message,LOC0146
CDR008037,PH01032,PH00424,2026-07-25 01:57:00,84,app_message,LOC0177
CDR008038,PH00868,PH00568,2026-07-05 06:38:00,1805,call,LOC0020
CDR008039,PH00927,PH01024,2026-05-05 16:15:00,77,call,LOC0001
CDR008040,PH00326,PH00067,2026-08-26 23:37:00,118,call,LOC0147
CDR008041,PH00556,PH01041,2026-07-31 07:02:00,1209,app_message,LOC0009
CDR008042,PH00659,PH00280,2026-03-16 21:08:00,326,sms,LOC0061
CDR008043,PH00556,PH01043,2026-04-30 04:39:00,118,app_message,LOC0156
CDR008044,PH00487,PH00227,2026-03-26 08:57:00,11,sms,LOC0110
CDR008045,PH01045,PH00813,2026-01-16 17:04:00,2310,call,LOC0018
CDR008046,PH00637,PH00529,2026-03-15 16:08:00,998,sms,LOC0087
CDR008047,PH01033,PH00443,2026-02-18 23:42:00,2368,app_message,LOC0158
CDR008048,PH01157,PH00977,2026-03-25 14:31:00,196,app_message,LOC0177
CDR008049,PH00525,PH00152,2026-06-18 10:01:00,2379,call,LOC0125
CDR008050,PH00341,PH00247,2026-02-28 15:03:00,1932,call,LOC0141
CDR008051,PH01055,PH00748,2026-03-22 20:36:00,1304,sms,LOC0066
CDR008052,PH00768,PH00398,2026-06-20 09:18:00,1216,app_message,LOC0125
CDR008053,PH00189,PH00906,2026-04-30 11:45:00,1817,app_message,LOC0108
CDR008054,PH00651,PH00157,2026-05-05 18:31:00,1425,sms,LOC0084
CDR008055,PH00684,PH00044,2026-04-19 18:44:00,1593,sms,LOC0090
CDR008056,PH00756,PH00884,2026-05-29 04:09:00,267,call,LOC0039
CDR008057,PH00650,PH01134,2026-06-26 12:02:00,322,app_message,LOC0087
CDR008058,PH00266,PH00963,2026-07-12 04:10:00,1842,sms,LOC0045
CDR008059,PH00526,PH00236,2026-03-25 11:40:00,2168,sms,LOC0151
CDR008060,PH00055,PH00140,2026-08-07 13:36:00,854,call,LOC0057
CDR008061,PH00156,PH00101,2026-03-16 15:38:00,1244,call,LOC0050
CDR008062,PH00200,PH00594,2026-08-04 14:32:00,1520,app_message,LOC0107
CDR008063,PH01106,PH00284,2026-06-15 22:39:00,948,sms,LOC0178
CDR008064,PH00401,PH00409,2026-05-19 20:08:00,299,app_message,LOC0111
CDR008065,PH00301,PH00752,2026-06-03 05:16:00,1810,sms,LOC0064
CDR008066,PH00505,PH01136,2026-07-19 08:59:00,1980,call,LOC0142
CDR008067,PH00230,PH00964,2026-08-09 12:10:00,1298,sms,LOC0156
CDR008068,PH00221,PH00336,2026-05-03 16:02:00,27,app_message,LOC0179
CDR008069,PH00383,PH00472,2026-07-03 05:21:00,1609,app_message,LOC0062
CDR008070,PH00464,PH00732,2026-05-09 14:19:00,2383,call,LOC0060
CDR008071,PH00683,PH00306,2026-06-01 10:24:00,2212,app_message,LOC0163
CDR008072,PH00468,PH00315,2026-06-22 17:58:00,1682,sms,LOC0171
CDR008073,PH00448,PH01000,2026-08-19 00:47:00,1425,call,LOC0124
CDR008074,PH00628,PH00312,2026-06-21 22:41:00,1128,sms,LOC0080
CDR008075,PH00305,PH00812,2026-08-04 23:46:00,557,app_message,LOC0051
CDR008076,PH00902,PH00633,2026-03-17 04:32:00,588,sms,LOC0152
CDR008077,PH00735,PH00188,2026-07-04 21:59:00,236,app_message,LOC0105
CDR008078,PH00744,PH00731,2026-05-25 00:46:00,1259,call,LOC0155
CDR008079,PH00145,PH00505,2026-08-31 22:37:00,263,call,LOC0069
CDR008080,PH00139,PH00351,2026-06-16 17:40:00,801,call,LOC0108
CDR008081,PH01015,PH00275,2026-01-07 10:04:00,83,sms,LOC0093
CDR008082,PH00847,PH00144,2026-06-04 10:18:00,2226,app_message,LOC0083
CDR008083,PH00591,PH00678,2026-03-23 21:37:00,1496,call,LOC0125
CDR008084,PH00815,PH00688,2026-05-17 06:48:00,607,app_message,LOC0018
CDR008085,PH01100,PH00360,2026-01-13 18:34:00,2377,sms,LOC0074
CDR008086,PH00758,PH00075,2026-01-07 03:22:00,2000,app_message,LOC0055
CDR008087,PH01176,PH00730,2026-02-24 11:10:00,98,app_message,LOC0039
CDR008088,PH00031,PH00221,2026-01-26 08:12:00,1648,app_message,LOC0154
CDR008089,PH01084,PH00326,2026-08-09 16:05:00,249,sms,LOC0177
CDR008090,PH00004,PH00514,2026-04-26 09:24:00,2145,sms,LOC0091
CDR008091,PH00187,PH00019,2026-04-17 10:03:00,719,call,LOC0099
CDR008092,PH00440,PH00673,2026-03-17 04:00:00,1160,sms,LOC0105
CDR008093,PH00763,PH00887,2026-05-31 16:42:00,1797,sms,LOC0076
CDR008094,PH01060,PH00543,2026-08-17 15:47:00,883,app_message,LOC0152
CDR008095,PH00944,PH00442,2026-01-27 02:36:00,2038,call,LOC0056
CDR008096,PH00233,PH00814,2026-05-25 18:59:00,1544,app_message,LOC0103
CDR008097,PH00595,PH00546,2026-08-10 14:47:00,1378,call,LOC0115
CDR008098,PH00954,PH00585,2026-04-30 09:08:00,656,sms,LOC0159
CDR008099,PH00357,PH00447,2026-02-23 09:35:00,2298,call,LOC0085
CDR008100,PH00770,PH00925,2026-08-17 02:59:00,1362,sms,LOC0178
CDR008101,PH01111,PH00311,2026-01-11 19:32:00,109,call,LOC0121
CDR008102,PH00071,PH00609,2026-02-04 23:40:00,2081,sms,LOC0076
CDR008103,PH00093,PH01016,2026-08-03 05:41:00,2094,call,LOC0090
CDR008104,PH01135,PH00691,2026-05-05 19:50:00,1278,app_message,LOC0122
CDR008105,PH00333,PH01065,2026-07-29 11:59:00,977,call,LOC0082
CDR008106,PH01191,PH00692,2026-07-06 08:41:00,906,app_message,LOC0129
CDR008107,PH00037,PH00641,2026-01-12 03:00:00,2165,app_message,LOC0103
CDR008108,PH00385,PH00792,2026-01-04 15:29:00,401,app_message,LOC0157
CDR008109,PH00101,PH01098,2026-08-09 15:24:00,2245,app_message,LOC0107
CDR008110,PH00309,PH00741,2026-08-21 05:07:00,1237,call,LOC0031
CDR008111,PH00243,PH01099,2026-03-15 05:25:00,957,sms,LOC0047
CDR008112,PH00054,PH00432,2026-04-18 04:56:00,1115,call,LOC0043
CDR008113,PH00274,PH00516,2026-07-29 07:29:00,1611,sms,LOC0131
CDR008114,PH01053,PH00914,2026-07-06 19:06:00,1870,call,LOC0173
CDR008115,PH00163,PH00268,2026-03-13 22:51:00,755,sms,LOC0078
CDR008116,PH00263,PH00971,2026-04-20 06:06:00,2397,call,LOC0100
CDR008117,PH01181,PH00031,2026-08-27 00:01:00,2368,call,LOC0091
CDR008118,PH01060,PH01075,2026-07-17 20:45:00,654,app_message,LOC0039
CDR008119,PH01121,PH00169,2026-08-18 18:42:00,1062,call,LOC0180
CDR008120,PH00742,PH00117,2026-03-31 09:56:00,569,sms,LOC0075
CDR008121,PH00851,PH00982,2026-08-19 08:22:00,515,call,LOC0080
CDR008122,PH00487,PH01194,2026-01-30 20:56:00,1571,app_message,LOC0154
CDR008123,PH00759,PH00723,2026-08-17 00:13:00,2084,app_message,LOC0041
CDR008124,PH01083,PH00332,2026-05-27 15:07:00,1625,app_message,LOC0028
CDR008125,PH00890,PH00328,2026-01-17 23:55:00,883,app_message,LOC0008
CDR008126,PH00110,PH00762,2026-08-13 12:53:00,100,app_message,LOC0022
CDR008127,PH00669,PH01132,2026-06-03 06:20:00,1376,call,LOC0092
CDR008128,PH00332,PH00680,2026-02-20 15:13:00,2178,sms,LOC0146
CDR008129,PH00611,PH00925,2026-08-03 12:33:00,603,app_message,LOC0169
CDR008130,PH00103,PH00650,2026-03-27 02:21:00,259,call,LOC0130
CDR008131,PH00576,PH00027,2026-04-01 04:27:00,927,call,LOC0173
CDR008132,PH00489,PH00564,2026-04-21 13:05:00,47,app_message,LOC0029
CDR008133,PH00798,PH00355,2026-07-29 16:57:00,35,call,LOC0161
CDR008134,PH00423,PH00546,2026-08-01 15:34:00,1902,app_message,LOC0163
CDR008135,PH00624,PH00585,2026-06-21 15:48:00,1711,app_message,LOC0063
CDR008136,PH00021,PH00078,2026-05-28 16:57:00,1424,call,LOC0172
CDR008137,PH00042,PH01185,2026-08-16 16:30:00,2338,sms,LOC0169
CDR008138,PH00782,PH00035,2026-07-18 13:48:00,2132,sms,LOC0026
CDR008139,PH00737,PH01167,2026-07-11 21:31:00,1838,sms,LOC0102
CDR008140,PH00084,PH00214,2026-03-19 04:16:00,191,call,LOC0021
CDR008141,PH00962,PH00798,2026-03-25 09:37:00,335,app_message,LOC0143
CDR008142,PH00151,PH00646,2026-03-19 02:01:00,661,app_message,LOC0104
CDR008143,PH00514,PH00384,2026-08-29 07:38:00,1537,app_message,LOC0110
CDR008144,PH00537,PH00187,2026-04-17 17:18:00,812,call,LOC0021
CDR008145,PH00518,PH01175,2026-08-03 22:31:00,1143,sms,LOC0109
CDR008146,PH01006,PH01108,2026-06-29 11:35:00,1019,call,LOC0177
CDR008147,PH00600,PH00056,2026-02-01 19:48:00,1936,sms,LOC0008
CDR008148,PH00003,PH00698,2026-07-10 17:33:00,2232,sms,LOC0040
CDR008149,PH00985,PH00722,2026-01-05 19:37:00,948,sms,LOC0153
CDR008150,PH00178,PH01056,2026-02-12 18:05:00,729,call,LOC0068
CDR008151,PH00846,PH00436,2026-06-06 16:06:00,60,sms,LOC0019
CDR008152,PH00576,PH00357,2026-02-06 13:24:00,1301,call,LOC0088
CDR008153,PH00942,PH00320,2026-03-31 07:16:00,1116,app_message,LOC0125
CDR008154,PH00507,PH00483,2026-05-05 20:00:00,1584,sms,LOC0057
CDR008155,PH00018,PH00867,2026-03-07 00:08:00,2391,app_message,LOC0032
CDR008156,PH00767,PH01152,2026-04-03 02:36:00,20,call,LOC0007
CDR008157,PH01092,PH01002,2026-04-17 01:19:00,1042,call,LOC0163
CDR008158,PH00943,PH00661,2026-03-21 01:10:00,2173,call,LOC0161
CDR008159,PH00372,PH00971,2026-07-11 23:35:00,582,call,LOC0138
CDR008160,PH00239,PH00985,2026-07-08 06:34:00,986,call,LOC0103
CDR008161,PH01101,PH00696,2026-02-11 10:58:00,591,app_message,LOC0002
CDR008162,PH00313,PH00882,2026-07-16 23:15:00,302,app_message,LOC0028
CDR008163,PH00636,PH00743,2026-06-12 04:03:00,297,call,LOC0060
CDR008164,PH00987,PH00501,2026-08-22 00:15:00,145,app_message,LOC0037
CDR008165,PH00387,PH00409,2026-02-26 07:07:00,2043,sms,LOC0129
CDR008166,PH00956,PH00570,2026-05-13 18:54:00,2256,call,LOC0072
CDR008167,PH01200,PH00184,2026-03-07 16:21:00,328,app_message,LOC0035
CDR008168,PH01170,PH00596,2026-03-29 00:30:00,22,call,LOC0172
CDR008169,PH00275,PH00794,2026-06-04 09:08:00,14,call,LOC0012
CDR008170,PH01042,PH00832,2026-01-30 12:51:00,861,sms,LOC0004
CDR008171,PH01181,PH00952,2026-01-05 10:04:00,1592,app_message,LOC0063
CDR008172,PH00880,PH01088,2026-03-10 17:32:00,1195,app_message,LOC0115
CDR008173,PH00075,PH00265,2026-01-13 04:38:00,1454,app_message,LOC0161
CDR008174,PH00798,PH00756,2026-07-29 14:33:00,736,sms,LOC0105
CDR008175,PH00018,PH00453,2026-02-17 15:11:00,682,call,LOC0168
CDR008176,PH00783,PH00532,2026-01-25 23:41:00,898,call,LOC0113
CDR008177,PH00355,PH00627,2026-05-17 02:54:00,144,app_message,LOC0007
CDR008178,PH00572,PH00835,2026-06-01 08:56:00,2047,call,LOC0049
CDR008179,PH00222,PH00054,2026-06-28 11:41:00,249,app_message,LOC0178
CDR008180,PH00762,PH00643,2026-02-16 14:37:00,1308,app_message,LOC0157
CDR008181,PH00188,PH00752,2026-06-28 06:52:00,77,app_message,LOC0095
CDR008182,PH00415,PH00335,2026-03-25 02:54:00,1180,app_message,LOC0057
CDR008183,PH00268,PH00410,2026-02-17 11:00:00,1181,call,LOC0124
CDR008184,PH00560,PH00459,2026-03-25 08:01:00,668,sms,LOC0093
CDR008185,PH00623,PH00904,2026-06-11 06:04:00,1100,app_message,LOC0130
CDR008186,PH00799,PH00124,2026-03-11 20:14:00,1351,call,LOC0019
CDR008187,PH00059,PH01190,2026-06-30 19:24:00,1034,call,LOC0108
CDR008188,PH00895,PH00609,2026-07-27 09:49:00,746,app_message,LOC0028
CDR008189,PH00261,PH00255,2026-02-11 13:48:00,991,call,LOC0076
CDR008190,PH00383,PH00332,2026-04-25 00:23:00,495,call,LOC0179
CDR008191,PH00966,PH00696,2026-04-10 18:27:00,1892,call,LOC0041
CDR008192,PH00003,PH00784,2026-02-25 21:34:00,2007,app_message,LOC0038
CDR008193,PH00515,PH00806,2026-08-03 04:30:00,70,sms,LOC0167
CDR008194,PH00004,PH00728,2026-05-05 02:59:00,617,app_message,LOC0180
CDR008195,PH00006,PH00016,2026-08-08 16:38:00,1322,call,LOC0122
CDR008196,PH00273,PH00766,2026-04-29 17:56:00,1611,call,LOC0141
CDR008197,PH00167,PH00614,2026-05-07 17:08:00,598,app_message,LOC0133
CDR008198,PH00906,PH00861,2026-02-10 00:36:00,2120,app_message,LOC0006
CDR008199,PH00980,PH00907,2026-03-31 13:18:00,1284,call,LOC0011
CDR008200,PH01023,PH00051,2026-05-07 09:47:00,1664,call,LOC0067
CDR008201,PH00580,PH00788,2026-02-08 15:05:00,599,sms,LOC0139
CDR008202,PH00199,PH00196,2026-01-17 16:36:00,1904,app_message,LOC0048
CDR008203,PH00457,PH00963,2026-02-02 18:35:00,876,sms,LOC0011
CDR008204,PH00430,PH00975,2026-03-14 04:25:00,2237,app_message,LOC0031
CDR008205,PH01176,PH00242,2026-01-15 22:37:00,1275,call,LOC0064
CDR008206,PH00993,PH00945,2026-05-17 16:30:00,1259,call,LOC0011
CDR008207,PH01179,PH00618,2026-05-07 02:35:00,1618,call,LOC0039
CDR008208,PH00298,PH00490,2026-01-31 14:51:00,48,call,LOC0165
CDR008209,PH00160,PH00630,2026-03-06 11:53:00,1819,call,LOC0174
CDR008210,PH00511,PH01114,2026-04-13 18:45:00,1631,call,LOC0162
CDR008211,PH00562,PH00122,2026-05-11 16:39:00,2066,sms,LOC0165
CDR008212,PH00492,PH00769,2026-08-06 01:50:00,2207,call,LOC0046
CDR008213,PH01021,PH01148,2026-07-26 19:44:00,2205,sms,LOC0092
CDR008214,PH01027,PH00321,2026-03-23 12:12:00,1223,sms,LOC0041
CDR008215,PH01098,PH00338,2026-06-13 03:53:00,1716,call,LOC0080
CDR008216,PH00053,PH01188,2026-06-28 15:55:00,956,call,LOC0076
CDR008217,PH00078,PH01151,2026-08-19 03:47:00,875,app_message,LOC0120
CDR008218,PH00580,PH00904,2026-05-28 03:58:00,628,sms,LOC0011
CDR008219,PH00439,PH00270,2026-07-17 04:23:00,1965,sms,LOC0086
CDR008220,PH00630,PH00206,2026-05-08 01:50:00,931,sms,LOC0004
CDR008221,PH00986,PH00049,2026-02-28 21:18:00,123,sms,LOC0086
CDR008222,PH00327,PH01134,2026-08-01 05:25:00,1890,sms,LOC0155
CDR008223,PH00887,PH00436,2026-02-05 09:07:00,142,app_message,LOC0012
CDR008224,PH00454,PH01025,2026-07-20 00:24:00,1888,sms,LOC0076
CDR008225,PH00674,PH00802,2026-01-03 11:15:00,1751,sms,LOC0174
CDR008226,PH00473,PH00022,2026-01-27 00:42:00,2384,sms,LOC0027
CDR008227,PH00938,PH00529,2026-04-30 23:22:00,1517,call,LOC0004
CDR008228,PH01040,PH00518,2026-04-29 23:44:00,297,call,LOC0169
CDR008229,PH00989,PH00164,2026-03-19 16:58:00,1400,app_message,LOC0090
CDR008230,PH01005,PH00838,2026-03-26 21:36:00,1626,app_message,LOC0072
CDR008231,PH00608,PH00468,2026-04-20 02:44:00,1229,call,LOC0071
CDR008232,PH00848,PH00720,2026-08-05 06:30:00,1302,app_message,LOC0156
CDR008233,PH00355,PH00083,2026-08-01 00:01:00,1314,call,LOC0080
CDR008234,PH00645,PH00898,2026-04-25 11:24:00,56,call,LOC0061
CDR008235,PH00028,PH00830,2026-05-15 01:52:00,541,app_message,LOC0046
CDR008236,PH00211,PH00472,2026-01-16 06:25:00,1789,sms,LOC0052
CDR008237,PH00986,PH00480,2026-02-25 03:00:00,1262,call,LOC0042
CDR008238,PH01014,PH00060,2026-01-29 03:18:00,1442,sms,LOC0113
CDR008239,PH00371,PH01022,2026-04-24 18:03:00,658,sms,LOC0059
CDR008240,PH00848,PH00784,2026-04-08 17:27:00,672,app_message,LOC0116
CDR008241,PH00789,PH00937,2026-08-08 16:13:00,958,call,LOC0045
CDR008242,PH00187,PH00537,2026-02-03 18:51:00,742,sms,LOC0026
CDR008243,PH01134,PH00517,2026-05-17 10:06:00,1803,app_message,LOC0133
CDR008244,PH00036,PH00248,2026-02-17 02:08:00,2225,app_message,LOC0124
CDR008245,PH00466,PH00715,2026-04-07 05:24:00,98,call,LOC0173
CDR008246,PH01108,PH01159,2026-05-02 20:44:00,785,app_message,LOC0015
CDR008247,PH00745,PH00397,2026-02-16 15:52:00,816,call,LOC0100
CDR008248,PH01074,PH00066,2026-02-11 01:53:00,466,app_message,LOC0113
CDR008249,PH00022,PH00450,2026-05-25 21:27:00,1888,sms,LOC0112
CDR008250,PH00336,PH00674,2026-08-02 03:15:00,423,call,LOC0179
CDR008251,PH00202,PH00829,2026-03-26 16:34:00,1159,sms,LOC0179
CDR008252,PH01153,PH00348,2026-01-18 02:55:00,1910,app_message,LOC0175
CDR008253,PH01087,PH00498,2026-08-13 16:05:00,1765,app_message,LOC0095
CDR008254,PH00694,PH00929,2026-04-16 03:01:00,2269,app_message,LOC0013
CDR008255,PH00188,PH00502,2026-03-27 07:25:00,2175,app_message,LOC0119
CDR008256,PH00453,PH00342,2026-02-22 01:09:00,1770,app_message,LOC0004
CDR008257,PH00821,PH00971,2026-04-05 22:26:00,1223,app_message,LOC0136
CDR008258,PH00524,PH01015,2026-02-25 01:49:00,705,call,LOC0142
CDR008259,PH00797,PH00468,2026-08-04 19:12:00,905,sms,LOC0060
CDR008260,PH00456,PH00525,2026-04-07 21:19:00,1752,sms,LOC0132
CDR008261,PH00093,PH00223,2026-07-07 00:03:00,811,call,LOC0096
CDR008262,PH01125,PH00192,2026-04-09 18:53:00,716,sms,LOC0023
CDR008263,PH00325,PH00526,2026-01-08 02:06:00,1905,sms,LOC0055
CDR008264,PH00070,PH00850,2026-07-27 00:16:00,1883,app_message,LOC0180
CDR008265,PH00348,PH00872,2026-06-16 13:19:00,2265,sms,LOC0101
CDR008266,PH01099,PH00359,2026-03-11 10:21:00,834,sms,LOC0097
CDR008267,PH00291,PH00822,2026-03-19 17:56:00,603,call,LOC0098
CDR008268,PH00464,PH00380,2026-03-03 12:34:00,919,call,LOC0042
CDR008269,PH00089,PH00321,2026-03-15 00:47:00,295,call,LOC0026
CDR008270,PH00924,PH00518,2026-02-06 07:25:00,2334,app_message,LOC0090
CDR008271,PH00943,PH01008,2026-03-15 05:05:00,1628,call,LOC0089
CDR008272,PH00816,PH00293,2026-05-24 00:43:00,1778,call,LOC0079
CDR008273,PH00298,PH00881,2026-06-21 06:41:00,1486,sms,LOC0016
CDR008274,PH00412,PH00777,2026-01-04 12:40:00,1998,app_message,LOC0063
CDR008275,PH01105,PH00849,2026-02-18 11:20:00,2199,call,LOC0062
CDR008276,PH00050,PH00502,2026-03-18 06:53:00,1527,app_message,LOC0085
CDR008277,PH00213,PH00357,2026-01-30 22:21:00,2253,call,LOC0145
CDR008278,PH01156,PH00167,2026-07-06 18:21:00,1577,app_message,LOC0128
CDR008279,PH01186,PH00254,2026-03-09 22:44:00,773,sms,LOC0056
CDR008280,PH00266,PH00248,2026-02-21 04:58:00,2117,sms,LOC0178
CDR008281,PH01046,PH00251,2026-06-12 20:50:00,545,call,LOC0180
CDR008282,PH00853,PH00735,2026-01-18 13:25:00,1376,sms,LOC0101
CDR008283,PH00508,PH00934,2026-01-02 10:47:00,1710,app_message,LOC0062
CDR008284,PH00624,PH00453,2026-01-17 15:18:00,1918,call,LOC0067
CDR008285,PH00146,PH00907,2026-01-21 12:55:00,1190,app_message,LOC0004
CDR008286,PH00241,PH00167,2026-08-11 09:48:00,361,call,LOC0151
CDR008287,PH01080,PH00674,2026-04-01 02:54:00,408,call,LOC0110
CDR008288,PH00934,PH00255,2026-03-27 20:01:00,1078,sms,LOC0083
CDR008289,PH00489,PH01196,2026-08-02 20:52:00,7,sms,LOC0019
CDR008290,PH00529,PH00126,2026-01-11 13:56:00,1616,app_message,LOC0120
CDR008291,PH00765,PH00929,2026-08-14 22:32:00,1513,app_message,LOC0028
CDR008292,PH00559,PH00534,2026-06-13 03:50:00,1241,app_message,LOC0003
CDR008293,PH00727,PH00415,2026-03-19 08:24:00,1431,sms,LOC0043
CDR008294,PH00067,PH00742,2026-03-13 11:53:00,1069,sms,LOC0007
CDR008295,PH00362,PH01136,2026-02-20 08:49:00,1286,call,LOC0084
CDR008296,PH00247,PH00163,2026-05-03 17:43:00,1567,call,LOC0157
CDR008297,PH00651,PH00338,2026-02-24 17:42:00,1432,app_message,LOC0109
CDR008298,PH00041,PH00113,2026-04-02 12:55:00,345,call,LOC0143
CDR008299,PH01157,PH00977,2026-07-09 03:25:00,1857,app_message,LOC0170
CDR008300,PH00541,PH00605,2026-08-03 15:26:00,1111,sms,LOC0054
CDR008301,PH01110,PH01192,2026-03-29 00:19:00,1274,sms,LOC0124
CDR008302,PH00881,PH00440,2026-04-25 01:51:00,883,call,LOC0112
CDR008303,PH00315,PH00996,2026-06-07 03:52:00,320,app_message,LOC0085
CDR008304,PH00254,PH00473,2026-03-06 12:47:00,1984,call,LOC0019
CDR008305,PH00993,PH00456,2026-05-29 23:11:00,332,sms,LOC0019
CDR008306,PH00850,PH00209,2026-07-10 15:41:00,1082,app_message,LOC0130
CDR008307,PH00243,PH00636,2026-02-18 09:25:00,1665,call,LOC0115
CDR008308,PH00594,PH00819,2026-05-23 03:48:00,240,sms,LOC0076
CDR008309,PH00996,PH00410,2026-03-26 11:31:00,665,app_message,LOC0076
CDR008310,PH01134,PH01171,2026-01-11 01:51:00,680,app_message,LOC0013
CDR008311,PH00418,PH00816,2026-08-03 15:03:00,1011,sms,LOC0122
CDR008312,PH01132,PH01130,2026-06-19 01:38:00,1424,call,LOC0170
CDR008313,PH00643,PH00724,2026-07-17 14:21:00,1421,app_message,LOC0030
CDR008314,PH00356,PH00464,2026-02-22 15:33:00,1663,sms,LOC0128
CDR008315,PH00978,PH00835,2026-04-18 08:58:00,671,sms,LOC0007
CDR008316,PH00839,PH00996,2026-02-13 04:37:00,2199,sms,LOC0006
CDR008317,PH01159,PH00411,2026-04-20 05:24:00,121,app_message,LOC0017
CDR008318,PH01164,PH01194,2026-05-16 18:00:00,1622,sms,LOC0074
CDR008319,PH00918,PH00954,2026-06-10 17:28:00,642,sms,LOC0121
CDR008320,PH00347,PH01029,2026-07-10 22:09:00,1995,sms,LOC0154
CDR008321,PH00340,PH00758,2026-08-13 22:51:00,1035,sms,LOC0157
CDR008322,PH00127,PH00084,2026-08-13 06:11:00,494,call,LOC0152
CDR008323,PH00340,PH00259,2026-06-25 18:04:00,1918,call,LOC0072
CDR008324,PH00724,PH00290,2026-01-03 03:14:00,617,sms,LOC0097
CDR008325,PH00134,PH00036,2026-05-30 17:16:00,1861,call,LOC0001
CDR008326,PH00144,PH00898,2026-04-07 12:34:00,166,sms,LOC0006
CDR008327,PH00647,PH00962,2026-08-08 20:04:00,455,call,LOC0069
CDR008328,PH00720,PH00243,2026-01-18 10:41:00,725,sms,LOC0123
CDR008329,PH01016,PH01088,2026-04-24 23:36:00,268,call,LOC0175
CDR008330,PH01051,PH00810,2026-05-11 19:13:00,1532,sms,LOC0070
CDR008331,PH01080,PH00172,2026-04-11 14:39:00,1853,app_message,LOC0135
CDR008332,PH01057,PH00007,2026-06-08 03:47:00,1839,call,LOC0153
CDR008333,PH00501,PH00345,2026-05-25 14:03:00,2008,call,LOC0174
CDR008334,PH00158,PH01071,2026-06-29 23:47:00,1307,app_message,LOC0105
CDR008335,PH00102,PH00741,2026-02-20 02:32:00,148,call,LOC0066
CDR008336,PH00304,PH00622,2026-01-12 18:26:00,1458,app_message,LOC0044
CDR008337,PH01090,PH00327,2026-03-02 11:10:00,189,app_message,LOC0123
CDR008338,PH00181,PH00865,2026-02-17 18:17:00,638,app_message,LOC0018
CDR008339,PH01130,PH01011,2026-04-27 05:00:00,56,app_message,LOC0034
CDR008340,PH00538,PH01175,2026-06-19 18:43:00,590,sms,LOC0063
CDR008341,PH00171,PH00494,2026-07-21 08:39:00,1266,app_message,LOC0016
CDR008342,PH01085,PH00131,2026-07-19 23:13:00,263,call,LOC0043
CDR008343,PH00465,PH00413,2026-01-22 16:36:00,535,app_message,LOC0104
CDR008344,PH00007,PH00196,2026-06-11 20:18:00,1465,app_message,LOC0050
CDR008345,PH00608,PH00521,2026-01-20 09:00:00,1031,sms,LOC0170
CDR008346,PH00373,PH00251,2026-08-14 08:54:00,1736,app_message,LOC0063
CDR008347,PH00869,PH00672,2026-03-11 11:17:00,397,sms,LOC0048
CDR008348,PH01124,PH00629,2026-01-05 10:47:00,117,call,LOC0152
CDR008349,PH00829,PH00348,2026-06-23 09:50:00,214,sms,LOC0088
CDR008350,PH00527,PH00331,2026-01-14 15:53:00,1490,call,LOC0126
CDR008351,PH00350,PH00885,2026-06-25 00:46:00,442,sms,LOC0065
CDR008352,PH00678,PH00591,2026-01-26 01:38:00,1614,app_message,LOC0030
CDR008353,PH00774,PH00205,2026-08-11 08:44:00,576,call,LOC0047
CDR008354,PH01051,PH01086,2026-02-10 18:28:00,1976,sms,LOC0095
CDR008355,PH01115,PH00047,2026-05-13 06:07:00,434,call,LOC0170
CDR008356,PH00241,PH00094,2026-05-21 00:16:00,491,call,LOC0106
CDR008357,PH00218,PH00371,2026-05-19 01:34:00,1257,app_message,LOC0017
CDR008358,PH00161,PH01097,2026-05-22 16:10:00,1186,sms,LOC0048
CDR008359,PH00222,PH00264,2026-01-04 12:31:00,2115,app_message,LOC0090
CDR008360,PH00358,PH00079,2026-07-01 14:33:00,1755,app_message,LOC0090
CDR008361,PH00961,PH00172,2026-05-07 06:14:00,1318,sms,LOC0123
CDR008362,PH01019,PH01173,2026-08-05 05:15:00,884,sms,LOC0143
CDR008363,PH00397,PH01136,2026-05-16 06:50:00,802,app_message,LOC0077
CDR008364,PH00786,PH01171,2026-08-06 00:50:00,196,app_message,LOC0127
CDR008365,PH01108,PH00616,2026-04-28 07:22:00,973,call,LOC0109
CDR008366,PH00895,PH00580,2026-06-02 20:15:00,1627,call,LOC0042
CDR008367,PH00540,PH00146,2026-07-07 18:43:00,145,app_message,LOC0080
CDR008368,PH00570,PH00299,2026-04-26 17:42:00,1016,call,LOC0102
CDR008369,PH00616,PH00870,2026-01-01 14:13:00,195,app_message,LOC0065
CDR008370,PH00842,PH01188,2026-03-15 08:40:00,1152,call,LOC0106
CDR008371,PH00784,PH00324,2026-02-18 16:48:00,428,call,LOC0100
CDR008372,PH00834,PH00445,2026-05-01 04:28:00,1351,sms,LOC0044
CDR008373,PH00357,PH00291,2026-03-22 22:14:00,884,call,LOC0065
CDR008374,PH00535,PH01107,2026-03-25 20:58:00,1588,call,LOC0045
CDR008375,PH01134,PH00117,2026-05-22 15:52:00,1524,call,LOC0100
CDR008376,PH00451,PH01050,2026-03-11 01:29:00,2087,call,LOC0122
CDR008377,PH01004,PH00191,2026-05-08 23:25:00,1944,call,LOC0146
CDR008378,PH00947,PH00543,2026-05-05 13:15:00,1408,call,LOC0155
CDR008379,PH00286,PH00843,2026-08-21 17:19:00,2000,app_message,LOC0100
CDR008380,PH00203,PH00291,2026-04-03 22:26:00,1387,call,LOC0123
CDR008381,PH00358,PH00320,2026-07-12 12:41:00,153,sms,LOC0003
CDR008382,PH00897,PH00070,2026-08-24 08:11:00,1377,sms,LOC0025
CDR008383,PH00616,PH00146,2026-01-20 05:22:00,818,sms,LOC0145
CDR008384,PH00180,PH00606,2026-02-23 19:33:00,1796,call,LOC0010
CDR008385,PH00053,PH01110,2026-07-20 23:59:00,1921,sms,LOC0108
CDR008386,PH00054,PH00540,2026-02-19 06:31:00,2090,sms,LOC0140
CDR008387,PH00234,PH00195,2026-05-10 14:34:00,1420,sms,LOC0124
CDR008388,PH00484,PH00609,2026-02-14 01:35:00,1161,call,LOC0004
CDR008389,PH01066,PH00799,2026-06-10 07:57:00,1303,call,LOC0049
CDR008390,PH00663,PH00030,2026-08-23 01:21:00,1221,sms,LOC0014
CDR008391,PH01168,PH00582,2026-07-14 14:15:00,2035,app_message,LOC0164
CDR008392,PH00472,PH00682,2026-03-11 12:10:00,1425,sms,LOC0104
CDR008393,PH00073,PH00153,2026-06-25 06:49:00,418,app_message,LOC0140
CDR008394,PH00852,PH00891,2026-06-02 04:39:00,1476,sms,LOC0043
CDR008395,PH00850,PH00376,2026-02-09 13:14:00,1625,app_message,LOC0086
CDR008396,PH01188,PH01095,2026-03-13 21:26:00,302,call,LOC0178
CDR008397,PH00435,PH00753,2026-07-22 11:50:00,1994,call,LOC0110
CDR008398,PH00300,PH00996,2026-02-05 17:36:00,1579,sms,LOC0009
CDR008399,PH00987,PH01063,2026-03-25 16:41:00,1243,sms,LOC0024
CDR008400,PH00434,PH01061,2026-04-27 08:49:00,1815,app_message,LOC0054
CDR008401,PH00316,PH00139,2026-07-18 08:01:00,861,call,LOC0066
CDR008402,PH00271,PH00723,2026-08-26 02:31:00,363,call,LOC0026
CDR008403,PH00250,PH00059,2026-01-25 07:46:00,206,app_message,LOC0171
CDR008404,PH01182,PH00654,2026-06-11 18:11:00,1550,call,LOC0071
CDR008405,PH00877,PH00409,2026-08-05 01:11:00,999,call,LOC0166
CDR008406,PH01021,PH01108,2026-08-06 01:32:00,1273,sms,LOC0004
CDR008407,PH00465,PH00570,2026-03-05 12:29:00,1024,sms,LOC0164
CDR008408,PH00168,PH00924,2026-06-04 17:35:00,912,app_message,LOC0036
CDR008409,PH00374,PH00740,2026-04-20 06:31:00,803,sms,LOC0017
CDR008410,PH00670,PH00838,2026-02-19 22:05:00,1588,sms,LOC0015
CDR008411,PH00385,PH01042,2026-02-02 10:04:00,1770,app_message,LOC0135
CDR008412,PH01071,PH00605,2026-08-24 23:01:00,1636,call,LOC0012
CDR008413,PH01020,PH00314,2026-08-16 06:42:00,2037,call,LOC0108
CDR008414,PH00563,PH00271,2026-03-26 17:30:00,2044,app_message,LOC0140
CDR008415,PH00088,PH00784,2026-02-07 11:28:00,188,app_message,LOC0089
CDR008416,PH01108,PH00419,2026-04-22 16:36:00,1441,call,LOC0009
CDR008417,PH00239,PH00931,2026-06-03 11:45:00,1989,sms,LOC0061
CDR008418,PH00732,PH00678,2026-01-25 05:25:00,1796,sms,LOC0136
CDR008419,PH00160,PH00346,2026-02-13 13:52:00,880,sms,LOC0176
CDR008420,PH00044,PH01158,2026-04-11 16:27:00,2001,app_message,LOC0078
CDR008421,PH01151,PH00069,2026-02-26 19:42:00,1065,app_message,LOC0119
CDR008422,PH01066,PH01014,2026-04-20 22:56:00,1560,app_message,LOC0168
CDR008423,PH01108,PH00249,2026-03-16 13:57:00,2124,call,LOC0082
CDR008424,PH00658,PH00474,2026-06-22 12:40:00,937,call,LOC0094
CDR008425,PH00943,PH00184,2026-02-20 13:32:00,427,sms,LOC0041
CDR008426,PH00484,PH00582,2026-05-29 05:53:00,1483,call,LOC0100
CDR008427,PH00977,PH00778,2026-01-24 11:04:00,897,sms,LOC0079
CDR008428,PH00311,PH00224,2026-03-09 02:51:00,303,app_message,LOC0028
CDR008429,PH00988,PH00306,2026-05-29 17:06:00,490,call,LOC0019
CDR008430,PH00050,PH00140,2026-02-20 08:40:00,442,sms,LOC0060
CDR008431,PH00244,PH00798,2026-08-10 15:09:00,2236,app_message,LOC0059
CDR008432,PH00940,PH00644,2026-03-21 22:12:00,63,sms,LOC0090
CDR008433,PH01157,PH00778,2026-01-26 20:15:00,491,sms,LOC0135
CDR008434,PH00050,PH00151,2026-03-24 15:18:00,1930,app_message,LOC0143
CDR008435,PH00606,PH01183,2026-06-28 03:18:00,576,call,LOC0010
CDR008436,PH00359,PH00069,2026-05-27 17:44:00,2106,sms,LOC0063
CDR008437,PH00347,PH01151,2026-07-20 19:10:00,1935,app_message,LOC0016
CDR008438,PH01067,PH00482,2026-08-22 09:04:00,1789,sms,LOC0062
CDR008439,PH00327,PH00556,2026-01-17 03:23:00,1912,app_message,LOC0020
CDR008440,PH01190,PH00630,2026-06-26 20:25:00,236,app_message,LOC0095
CDR008441,PH00504,PH00259,2026-03-15 15:30:00,332,app_message,LOC0036
CDR008442,PH01085,PH00178,2026-08-05 12:31:00,886,call,LOC0034
CDR008443,PH01053,PH00173,2026-02-15 15:05:00,17,app_message,LOC0047
CDR008444,PH00276,PH00875,2026-03-24 08:11:00,254,call,LOC0106
CDR008445,PH00962,PH00184,2026-03-23 18:08:00,2145,call,LOC0072
CDR008446,PH00782,PH00441,2026-08-24 03:02:00,620,sms,LOC0167
CDR008447,PH01103,PH00314,2026-04-30 03:48:00,1412,call,LOC0103
CDR008448,PH00474,PH00618,2026-04-10 15:50:00,1632,call,LOC0011
CDR008449,PH00689,PH00288,2026-01-18 05:51:00,1632,call,LOC0163
CDR008450,PH00932,PH00696,2026-01-03 21:48:00,747,sms,LOC0177
CDR008451,PH00011,PH01031,2026-06-01 20:04:00,628,sms,LOC0115
CDR008452,PH00909,PH00626,2026-05-11 10:54:00,2350,sms,LOC0051
CDR008453,PH00864,PH00902,2026-07-31 20:28:00,1312,call,LOC0132
CDR008454,PH00680,PH01083,2026-03-25 23:18:00,763,call,LOC0178
CDR008455,PH01199,PH00844,2026-07-22 11:54:00,1394,sms,LOC0170
CDR008456,PH00961,PH00345,2026-01-17 23:44:00,1777,app_message,LOC0144
CDR008457,PH00600,PH01167,2026-08-16 07:57:00,44,call,LOC0015
CDR008458,PH01062,PH00752,2026-04-12 12:00:00,208,sms,LOC0173
CDR008459,PH00463,PH00628,2026-02-11 22:38:00,1632,app_message,LOC0028
CDR008460,PH01178,PH00985,2026-07-17 01:51:00,1847,app_message,LOC0016
CDR008461,PH00883,PH00816,2026-03-12 15:46:00,19,app_message,LOC0039
CDR008462,PH00520,PH00730,2026-04-09 17:52:00,297,sms,LOC0008
CDR008463,PH00132,PH00325,2026-02-04 17:12:00,1149,app_message,LOC0095
CDR008464,PH00391,PH00170,2026-08-25 01:19:00,333,call,LOC0056
CDR008465,PH00594,PH00967,2026-05-10 09:24:00,1970,app_message,LOC0174
CDR008466,PH00268,PH00314,2026-07-24 17:59:00,940,app_message,LOC0169
CDR008467,PH00965,PH00270,2026-03-29 06:34:00,1748,call,LOC0044
CDR008468,PH00891,PH01190,2026-03-17 12:42:00,2319,call,LOC0137
CDR008469,PH00983,PH00636,2026-07-20 11:23:00,1384,sms,LOC0147
CDR008470,PH00260,PH00861,2026-02-21 11:31:00,638,sms,LOC0033
CDR008471,PH00938,PH00488,2026-02-03 05:55:00,430,sms,LOC0024
CDR008472,PH00338,PH00274,2026-01-11 13:54:00,1729,app_message,LOC0078
CDR008473,PH00603,PH00615,2026-06-04 06:30:00,1360,sms,LOC0013
CDR008474,PH00134,PH00977,2026-03-31 07:08:00,411,sms,LOC0166
CDR008475,PH00905,PH00632,2026-02-27 19:55:00,2146,call,LOC0053
CDR008476,PH00414,PH01196,2026-04-06 17:57:00,1236,app_message,LOC0062
CDR008477,PH00594,PH00278,2026-02-01 06:59:00,497,call,LOC0101
CDR008478,PH00345,PH00135,2026-03-05 19:33:00,2316,sms,LOC0086
CDR008479,PH00441,PH00637,2026-01-05 01:58:00,117,app_message,LOC0041
CDR008480,PH00671,PH00126,2026-07-29 07:57:00,1151,app_message,LOC0160
CDR008481,PH00081,PH00653,2026-03-13 12:06:00,2177,call,LOC0146
CDR008482,PH00557,PH00525,2026-02-22 04:08:00,1556,sms,LOC0020
CDR008483,PH00288,PH00627,2026-08-18 11:32:00,388,sms,LOC0130
CDR008484,PH00335,PH01100,2026-01-02 10:17:00,1076,sms,LOC0169
CDR008485,PH00799,PH00601,2026-06-03 13:45:00,317,app_message,LOC0057
CDR008486,PH00994,PH01181,2026-06-15 13:43:00,1543,app_message,LOC0099
CDR008487,PH00016,PH00547,2026-07-27 13:12:00,1674,call,LOC0130
CDR008488,PH00964,PH00363,2026-03-04 18:02:00,806,sms,LOC0148
CDR008489,PH00632,PH00349,2026-03-29 19:11:00,1113,call,LOC0080
CDR008490,PH00085,PH00981,2026-08-04 09:42:00,752,call,LOC0058
CDR008491,PH00597,PH01037,2026-01-23 15:03:00,1224,call,LOC0043
CDR008492,PH00328,PH01144,2026-01-18 22:50:00,1299,sms,LOC0125
CDR008493,PH00855,PH00313,2026-02-11 20:41:00,1392,sms,LOC0096
CDR008494,PH00485,PH01064,2026-04-18 20:16:00,83,app_message,LOC0142
CDR008495,PH00126,PH00655,2026-03-11 21:06:00,1012,call,LOC0150
CDR008496,PH01131,PH00832,2026-04-13 02:39:00,516,call,LOC0019
CDR008497,PH00158,PH00096,2026-06-06 10:16:00,2046,call,LOC0143
CDR008498,PH01044,PH00941,2026-07-24 23:48:00,985,app_message,LOC0066
CDR008499,PH00932,PH01037,2026-02-27 05:08:00,1466,call,LOC0142
CDR008500,PH01096,PH00337,2026-02-05 19:06:00,1203,sms,LOC0168
CDR008501,PH00641,PH00731,2026-06-11 12:56:00,1748,call,LOC0046
CDR008502,PH00467,PH00469,2026-04-28 03:08:00,2056,app_message,LOC0048
CDR008503,PH01100,PH00152,2026-03-25 21:34:00,256,call,LOC0043
CDR008504,PH00954,PH00598,2026-04-16 23:02:00,1814,sms,LOC0115
CDR008505,PH00598,PH00529,2026-04-15 15:51:00,2097,sms,LOC0007
CDR008506,PH00733,PH00727,2026-07-20 12:21:00,1013,call,LOC0079
CDR008507,PH00781,PH00512,2026-03-21 05:19:00,1908,sms,LOC0030
CDR008508,PH00485,PH00908,2026-06-05 10:44:00,1792,call,LOC0144
CDR008509,PH00407,PH01017,2026-02-02 20:55:00,937,sms,LOC0028
CDR008510,PH00575,PH00416,2026-02-24 01:52:00,1967,app_message,LOC0148
CDR008511,PH01198,PH00878,2026-02-01 20:57:00,1260,app_message,LOC0129
CDR008512,PH00499,PH00311,2026-03-30 10:12:00,1970,app_message,LOC0129
CDR008513,PH00139,PH00301,2026-02-02 21:01:00,2156,call,LOC0122
CDR008514,PH00095,PH00021,2026-08-10 17:48:00,62,sms,LOC0125
CDR008515,PH00181,PH00202,2026-07-01 09:29:00,1305,app_message,LOC0078
CDR008516,PH00672,PH00121,2026-06-01 20:28:00,471,call,LOC0170
CDR008517,PH00708,PH01110,2026-02-08 12:08:00,1066,call,LOC0044
CDR008518,PH00462,PH00906,2026-04-11 18:28:00,1362,app_message,LOC0105
CDR008519,PH00249,PH00151,2026-07-26 04:57:00,347,sms,LOC0177
CDR008520,PH00229,PH00104,2026-06-27 06:08:00,1304,call,LOC0104
CDR008521,PH00706,PH00279,2026-04-25 11:19:00,1708,sms,LOC0072
CDR008522,PH00590,PH00203,2026-05-13 05:46:00,178,app_message,LOC0057
CDR008523,PH00521,PH00853,2026-07-31 08:16:00,2169,app_message,LOC0048
CDR008524,PH00108,PH01136,2026-02-22 02:32:00,2345,sms,LOC0091
CDR008525,PH00113,PH00932,2026-08-07 07:41:00,2346,app_message,LOC0105
CDR008526,PH00196,PH01189,2026-02-16 21:50:00,662,call,LOC0004
CDR008527,PH00546,PH00427,2026-07-30 21:38:00,1323,sms,LOC0087
CDR008528,PH00670,PH00256,2026-04-19 22:42:00,1648,sms,LOC0106
CDR008529,PH00864,PH00967,2026-08-12 05:32:00,2343,call,LOC0086
CDR008530,PH00979,PH00976,2026-01-20 21:22:00,1363,app_message,LOC0103
CDR008531,PH00164,PH00999,2026-03-03 07:24:00,812,call,LOC0072
CDR008532,PH00416,PH00688,2026-05-26 11:29:00,2346,call,LOC0117
CDR008533,PH00819,PH00348,2026-01-05 02:01:00,704,sms,LOC0009
CDR008534,PH00699,PH00946,2026-01-11 17:43:00,903,sms,LOC0076
CDR008535,PH00523,PH00726,2026-05-23 09:42:00,2008,call,LOC0133
CDR008536,PH01145,PH01021,2026-05-31 08:18:00,581,call,LOC0096
CDR008537,PH00295,PH00815,2026-02-07 22:51:00,591,sms,LOC0074
CDR008538,PH00432,PH00895,2026-04-14 01:21:00,1326,app_message,LOC0115
CDR008539,PH01014,PH01030,2026-03-21 07:11:00,591,sms,LOC0025
CDR008540,PH00180,PH00113,2026-03-21 05:19:00,974,app_message,LOC0098
CDR008541,PH01017,PH01117,2026-03-13 04:11:00,2380,sms,LOC0054
CDR008542,PH01103,PH01088,2026-08-04 21:55:00,855,app_message,LOC0115
CDR008543,PH00705,PH00187,2026-01-06 02:41:00,2297,app_message,LOC0125
CDR008544,PH00455,PH00315,2026-05-30 03:41:00,122,app_message,LOC0045
CDR008545,PH00733,PH00568,2026-06-22 01:52:00,737,sms,LOC0061
CDR008546,PH00105,PH00463,2026-07-11 16:52:00,1318,app_message,LOC0180
CDR008547,PH00371,PH00996,2026-04-15 13:13:00,909,app_message,LOC0173
CDR008548,PH00544,PH00405,2026-05-01 10:29:00,1999,sms,LOC0072
CDR008549,PH00559,PH01185,2026-07-08 05:36:00,974,sms,LOC0034
CDR008550,PH00730,PH01058,2026-08-10 10:41:00,623,app_message,LOC0135
CDR008551,PH00723,PH00759,2026-04-09 05:21:00,501,call,LOC0040
CDR008552,PH00549,PH00120,2026-06-06 17:03:00,223,app_message,LOC0017
CDR008553,PH01098,PH01025,2026-08-30 11:01:00,507,call,LOC0149
CDR008554,PH00125,PH00602,2026-03-30 20:40:00,1788,app_message,LOC0020
CDR008555,PH01145,PH00988,2026-04-11 16:40:00,1774,sms,LOC0178
CDR008556,PH00471,PH00410,2026-07-14 14:59:00,334,sms,LOC0089
CDR008557,PH00635,PH01052,2026-06-21 23:56:00,647,sms,LOC0023
CDR008558,PH00394,PH00425,2026-02-23 06:03:00,395,app_message,LOC0112
CDR008559,PH01039,PH00790,2026-05-17 00:25:00,744,app_message,LOC0115
CDR008560,PH00325,PH00904,2026-07-21 06:42:00,353,call,LOC0163
CDR008561,PH00133,PH00419,2026-07-21 09:22:00,543,app_message,LOC0134
CDR008562,PH00687,PH00446,2026-06-03 03:28:00,191,call,LOC0082
CDR008563,PH00878,PH00920,2026-05-19 09:26:00,2042,app_message,LOC0142
CDR008564,PH00220,PH00145,2026-03-24 04:22:00,2319,app_message,LOC0028
CDR008565,PH00027,PH00272,2026-07-17 17:16:00,182,sms,LOC0070
CDR008566,PH00786,PH00152,2026-08-10 06:47:00,1952,app_message,LOC0098
CDR008567,PH00780,PH00804,2026-03-12 10:11:00,286,sms,LOC0003
CDR008568,PH00549,PH01059,2026-03-14 16:21:00,286,sms,LOC0050
CDR008569,PH00258,PH00006,2026-02-15 14:34:00,535,sms,LOC0088
CDR008570,PH00726,PH01059,2026-01-29 05:30:00,2058,sms,LOC0058
CDR008571,PH00441,PH00315,2026-08-25 22:15:00,1908,app_message,LOC0160
CDR008572,PH00217,PH01060,2026-06-20 14:32:00,922,app_message,LOC0157
CDR008573,PH00112,PH00476,2026-04-16 22:19:00,1768,call,LOC0045
CDR008574,PH00340,PH01033,2026-08-18 11:25:00,2164,sms,LOC0096
CDR008575,PH00276,PH00802,2026-08-04 07:05:00,1897,sms,LOC0030
CDR008576,PH00080,PH00097,2026-06-07 18:39:00,1731,sms,LOC0009
CDR008577,PH00607,PH01134,2026-08-07 00:57:00,1855,call,LOC0039
CDR008578,PH00678,PH00816,2026-06-02 01:35:00,1335,sms,LOC0071
CDR008579,PH00532,PH00717,2026-01-28 20:52:00,694,call,LOC0080
CDR008580,PH00270,PH00440,2026-03-11 08:52:00,619,sms,LOC0030
CDR008581,PH00772,PH00735,2026-01-05 03:47:00,463,app_message,LOC0039
CDR008582,PH00236,PH01136,2026-04-04 02:08:00,2208,app_message,LOC0015
CDR008583,PH00879,PH01056,2026-01-03 13:22:00,1262,call,LOC0004
CDR008584,PH00353,PH00762,2026-03-09 00:09:00,1869,sms,LOC0134
CDR008585,PH00034,PH00741,2026-08-03 04:45:00,1905,call,LOC0173
CDR008586,PH00539,PH01017,2026-04-28 09:19:00,1077,call,LOC0087
CDR008587,PH01036,PH00817,2026-01-12 08:16:00,1449,sms,LOC0009
CDR008588,PH00632,PH00077,2026-03-30 20:34:00,840,app_message,LOC0107
CDR008589,PH00488,PH00520,2026-01-29 08:57:00,2025,app_message,LOC0061
CDR008590,PH00852,PH00624,2026-04-22 06:07:00,681,sms,LOC0058
CDR008591,PH00693,PH00642,2026-06-21 23:49:00,764,call,LOC0141
CDR008592,PH00341,PH01087,2026-08-24 04:39:00,530,call,LOC0160
CDR008593,PH00003,PH00449,2026-07-04 00:20:00,1108,call,LOC0056
CDR008594,PH00628,PH00449,2026-04-11 01:21:00,2244,app_message,LOC0053
CDR008595,PH00757,PH01130,2026-05-19 01:19:00,890,sms,LOC0133
CDR008596,PH00236,PH00961,2026-07-11 09:11:00,869,sms,LOC0113
CDR008597,PH01159,PH00822,2026-01-19 16:35:00,813,call,LOC0152
CDR008598,PH00152,PH00180,2026-04-23 03:59:00,383,call,LOC0076
CDR008599,PH00208,PH00168,2026-06-20 16:07:00,1997,sms,LOC0173
CDR008600,PH01069,PH00721,2026-02-23 01:47:00,425,app_message,LOC0160
CDR008601,PH00504,PH00535,2026-06-28 16:03:00,1834,sms,LOC0015
CDR008602,PH00218,PH00126,2026-02-07 13:54:00,55,call,LOC0088
CDR008603,PH00957,PH01073,2026-03-15 06:44:00,1086,sms,LOC0173
CDR008604,PH00948,PH01013,2026-01-30 17:33:00,1374,call,LOC0040
CDR008605,PH00395,PH01089,2026-07-06 09:15:00,1963,sms,LOC0141
CDR008606,PH00989,PH00796,2026-05-16 15:35:00,1599,app_message,LOC0113
CDR008607,PH00347,PH00705,2026-07-29 18:05:00,249,app_message,LOC0022
CDR008608,PH00465,PH00105,2026-07-11 22:38:00,514,app_message,LOC0060
CDR008609,PH00017,PH00119,2026-02-09 18:19:00,832,app_message,LOC0169
CDR008610,PH00667,PH00137,2026-06-06 12:37:00,100,app_message,LOC0120
CDR008611,PH00833,PH00269,2026-04-05 13:52:00,1963,call,LOC0129
CDR008612,PH00657,PH00437,2026-02-12 12:59:00,2111,sms,LOC0004
CDR008613,PH00391,PH00530,2026-03-22 05:51:00,2283,app_message,LOC0072
CDR008614,PH00274,PH00792,2026-05-03 03:52:00,1132,call,LOC0172
CDR008615,PH00599,PH00953,2026-03-05 02:50:00,1725,call,LOC0026
CDR008616,PH00638,PH00756,2026-08-26 09:24:00,1249,call,LOC0074
CDR008617,PH00552,PH00751,2026-08-12 11:34:00,923,call,LOC0023
CDR008618,PH00327,PH00391,2026-05-23 01:55:00,2278,app_message,LOC0012
CDR008619,PH00930,PH01141,2026-08-02 22:05:00,1912,call,LOC0106
CDR008620,PH00008,PH00553,2026-01-07 13:22:00,1543,app_message,LOC0009
CDR008621,PH00080,PH00740,2026-01-18 01:49:00,572,app_message,LOC0138
CDR008622,PH00923,PH00663,2026-01-12 18:38:00,1544,sms,LOC0169
CDR008623,PH00595,PH00567,2026-07-28 00:20:00,1403,sms,LOC0110
CDR008624,PH00017,PH00827,2026-05-15 21:07:00,793,call,LOC0005
CDR008625,PH00313,PH00265,2026-07-22 12:21:00,565,call,LOC0076
CDR008626,PH00548,PH01188,2026-07-23 16:22:00,1985,sms,LOC0092
CDR008627,PH00146,PH00816,2026-05-08 09:49:00,2067,call,LOC0024
CDR008628,PH00611,PH00542,2026-08-19 15:46:00,1365,app_message,LOC0158
CDR008629,PH00262,PH00720,2026-06-11 10:18:00,1996,sms,LOC0180
CDR008630,PH00966,PH00820,2026-01-28 23:31:00,117,app_message,LOC0153
CDR008631,PH00632,PH00072,2026-03-31 00:49:00,285,app_message,LOC0057
CDR008632,PH00565,PH00532,2026-05-29 16:36:00,2270,call,LOC0098
CDR008633,PH00354,PH00291,2026-03-22 01:45:00,162,sms,LOC0002
CDR008634,PH01135,PH00573,2026-08-24 20:01:00,1187,call,LOC0078
CDR008635,PH00349,PH01056,2026-03-04 10:21:00,26,sms,LOC0026
CDR008636,PH00570,PH00207,2026-07-15 07:09:00,1566,call,LOC0053
CDR008637,PH00730,PH01135,2026-06-19 13:08:00,1305,call,LOC0127
CDR008638,PH00946,PH00859,2026-08-01 20:53:00,248,sms,LOC0032
CDR008639,PH00989,PH00999,2026-05-28 17:04:00,42,sms,LOC0171
CDR008640,PH00158,PH00551,2026-01-18 05:45:00,1373,app_message,LOC0098
CDR008641,PH01092,PH00577,2026-07-01 17:36:00,738,sms,LOC0022
CDR008642,PH01115,PH00728,2026-08-18 03:07:00,708,call,LOC0065
CDR008643,PH00642,PH00404,2026-08-29 07:50:00,2150,sms,LOC0017
CDR008644,PH00545,PH00752,2026-05-01 11:38:00,1905,app_message,LOC0022
CDR008645,PH00274,PH00855,2026-02-09 22:57:00,309,call,LOC0088
CDR008646,PH00939,PH00057,2026-06-30 17:42:00,901,sms,LOC0055
CDR008647,PH00440,PH00909,2026-02-20 17:38:00,2282,call,LOC0133
CDR008648,PH00933,PH01189,2026-06-11 09:06:00,2121,app_message,LOC0094
CDR008649,PH00950,PH00797,2026-01-11 14:54:00,787,sms,LOC0013
CDR008650,PH00013,PH00237,2026-04-07 00:30:00,458,sms,LOC0030
CDR008651,PH00920,PH00445,2026-03-15 23:04:00,2171,call,LOC0173
CDR008652,PH00635,PH00948,2026-02-08 19:23:00,64,app_message,LOC0113
CDR008653,PH00386,PH00834,2026-02-11 07:50:00,1556,app_message,LOC0009
CDR008654,PH00590,PH00517,2026-02-03 17:55:00,66,call,LOC0045
CDR008655,PH00815,PH00792,2026-02-04 03:02:00,1883,sms,LOC0067
CDR008656,PH00386,PH00507,2026-03-24 14:13:00,1277,sms,LOC0023
CDR008657,PH00525,PH00468,2026-02-22 08:48:00,2202,call,LOC0152
CDR008658,PH01144,PH00456,2026-06-30 02:40:00,1266,call,LOC0069
CDR008659,PH00787,PH00071,2026-02-11 08:37:00,2242,app_message,LOC0176
CDR008660,PH00768,PH01190,2026-04-17 04:42:00,1197,call,LOC0049
CDR008661,PH01053,PH00254,2026-01-09 00:56:00,500,app_message,LOC0106
CDR008662,PH00891,PH00877,2026-02-27 18:21:00,716,sms,LOC0059
CDR008663,PH00030,PH00541,2026-01-26 23:38:00,1923,app_message,LOC0100
CDR008664,PH00001,PH00540,2026-02-04 14:14:00,2232,call,LOC0160
CDR008665,PH00941,PH00091,2026-06-05 03:53:00,2255,call,LOC0157
CDR008666,PH01042,PH00869,2026-01-05 22:22:00,424,app_message,LOC0098
CDR008667,PH00438,PH00523,2026-08-18 03:55:00,607,call,LOC0034
CDR008668,PH00874,PH00052,2026-08-26 01:18:00,1868,app_message,LOC0097
CDR008669,PH00381,PH00192,2026-07-23 06:12:00,2368,call,LOC0163
CDR008670,PH00815,PH00622,2026-02-09 11:53:00,2031,app_message,LOC0152
CDR008671,PH00012,PH00276,2026-01-05 00:46:00,75,call,LOC0155
CDR008672,PH00587,PH01188,2026-04-15 03:16:00,164,call,LOC0010
CDR008673,PH00275,PH00019,2026-01-19 12:18:00,514,app_message,LOC0076
CDR008674,PH00907,PH00172,2026-01-16 21:15:00,1726,sms,LOC0001
CDR008675,PH01155,PH00088,2026-04-20 18:43:00,1716,call,LOC0048
CDR008676,PH00680,PH00059,2026-07-28 14:06:00,1741,app_message,LOC0096
CDR008677,PH00558,PH00320,2026-06-30 15:03:00,1137,sms,LOC0065
CDR008678,PH01080,PH00554,2026-02-17 15:52:00,1375,sms,LOC0049
CDR008679,PH00107,PH00288,2026-03-01 20:49:00,1649,app_message,LOC0097
CDR008680,PH00351,PH01042,2026-01-31 20:16:00,1015,sms,LOC0136
CDR008681,PH00378,PH00539,2026-03-10 02:11:00,116,call,LOC0179
CDR008682,PH00016,PH00570,2026-01-12 14:28:00,1777,call,LOC0112
CDR008683,PH00809,PH01034,2026-03-21 04:11:00,524,app_message,LOC0012
CDR008684,PH00895,PH00346,2026-07-09 15:35:00,26,app_message,LOC0127
CDR008685,PH00704,PH00192,2026-01-12 22:18:00,949,app_message,LOC0004
CDR008686,PH00105,PH00236,2026-05-09 01:36:00,457,call,LOC0067
CDR008687,PH00962,PH00711,2026-03-12 04:26:00,551,sms,LOC0007
CDR008688,PH00617,PH01027,2026-08-13 02:31:00,1615,call,LOC0173
CDR008689,PH01179,PH00150,2026-01-04 14:20:00,1399,call,LOC0016
CDR008690,PH01114,PH00104,2026-08-08 20:29:00,1637,app_message,LOC0137
CDR008691,PH00983,PH00290,2026-01-23 20:22:00,2082,call,LOC0149
CDR008692,PH00743,PH00001,2026-02-24 09:48:00,470,sms,LOC0011
CDR008693,PH00276,PH00680,2026-05-01 21:23:00,1738,call,LOC0066
CDR008694,PH00335,PH00363,2026-05-22 07:03:00,181,sms,LOC0038
CDR008695,PH00575,PH00444,2026-08-02 05:41:00,1751,app_message,LOC0088
CDR008696,PH01100,PH00698,2026-03-31 22:47:00,2249,sms,LOC0107
CDR008697,PH00798,PH00847,2026-05-20 19:31:00,1870,app_message,LOC0149
CDR008698,PH00458,PH00889,2026-07-27 11:46:00,385,app_message,LOC0060
CDR008699,PH00394,PH01051,2026-03-19 19:49:00,1602,app_message,LOC0163
CDR008700,PH01103,PH01002,2026-02-14 01:56:00,691,call,LOC0150
CDR008701,PH00701,PH00877,2026-04-28 06:17:00,223,call,LOC0121
CDR008702,PH00657,PH00780,2026-03-27 09:41:00,505,app_message,LOC0142
CDR008703,PH00767,PH00814,2026-08-18 18:55:00,655,call,LOC0093
CDR008704,PH00211,PH00776,2026-05-12 21:47:00,1287,sms,LOC0019
CDR008705,PH00315,PH00389,2026-02-23 20:22:00,987,sms,LOC0122
CDR008706,PH00873,PH00230,2026-04-02 13:22:00,1707,sms,LOC0173
CDR008707,PH01175,PH00924,2026-01-02 07:50:00,1840,app_message,LOC0009
CDR008708,PH00844,PH00891,2026-07-09 06:19:00,1577,app_message,LOC0008
CDR008709,PH00372,PH00527,2026-01-18 12:00:00,1776,call,LOC0010
CDR008710,PH00780,PH00390,2026-03-03 14:51:00,2278,sms,LOC0044
CDR008711,PH00881,PH00450,2026-07-19 04:37:00,571,app_message,LOC0039
CDR008712,PH00160,PH00701,2026-03-31 04:05:00,2109,call,LOC0017
CDR008713,PH00226,PH00111,2026-08-12 12:23:00,164,app_message,LOC0120
CDR008714,PH00671,PH00710,2026-06-07 09:58:00,2115,sms,LOC0098
CDR008715,PH00350,PH00336,2026-04-09 22:25:00,1230,app_message,LOC0094
CDR008716,PH00776,PH00956,2026-07-11 22:20:00,684,call,LOC0175
CDR008717,PH00273,PH00079,2026-03-01 10:33:00,511,call,LOC0123
CDR008718,PH00492,PH00095,2026-03-09 19:51:00,1642,app_message,LOC0146
CDR008719,PH00137,PH00587,2026-02-11 05:55:00,2003,app_message,LOC0107
CDR008720,PH00570,PH00115,2026-06-30 12:21:00,94,sms,LOC0077
CDR008721,PH00358,PH01006,2026-07-02 08:25:00,1848,call,LOC0030
CDR008722,PH00263,PH00573,2026-08-20 13:19:00,1813,app_message,LOC0087
CDR008723,PH00170,PH01149,2026-03-12 20:40:00,488,app_message,LOC0121
CDR008724,PH00993,PH01055,2026-08-20 22:57:00,1848,sms,LOC0089
CDR008725,PH00453,PH00986,2026-07-14 20:56:00,427,sms,LOC0150
CDR008726,PH01190,PH00160,2026-01-07 13:33:00,1728,sms,LOC0170
CDR008727,PH00279,PH00383,2026-08-07 13:12:00,129,sms,LOC0058
CDR008728,PH00506,PH00913,2026-02-05 06:55:00,2043,app_message,LOC0097
CDR008729,PH00351,PH00271,2026-03-13 07:25:00,1959,sms,LOC0084
CDR008730,PH00331,PH01088,2026-06-24 01:16:00,1634,sms,LOC0084
CDR008731,PH00891,PH00813,2026-08-28 16:39:00,1263,app_message,LOC0010
CDR008732,PH00168,PH00518,2026-05-17 19:36:00,563,sms,LOC0150
CDR008733,PH00763,PH00018,2026-08-13 21:57:00,2202,call,LOC0120
CDR008734,PH00974,PH00161,2026-08-31 15:06:00,912,sms,LOC0026
CDR008735,PH00520,PH00743,2026-04-10 11:46:00,1067,call,LOC0111
CDR008736,PH00986,PH00503,2026-08-05 03:28:00,1227,app_message,LOC0101
CDR008737,PH00244,PH01173,2026-02-09 12:18:00,1368,call,LOC0119
CDR008738,PH01156,PH00275,2026-03-06 04:06:00,1211,app_message,LOC0151
CDR008739,PH00431,PH00341,2026-08-13 10:49:00,920,call,LOC0071
CDR008740,PH00797,PH00855,2026-06-21 13:46:00,477,call,LOC0096
CDR008741,PH00590,PH00254,2026-04-17 15:41:00,1875,sms,LOC0114
CDR008742,PH00633,PH00751,2026-05-13 08:44:00,2100,call,LOC0075
CDR008743,PH00117,PH00845,2026-01-01 23:23:00,858,app_message,LOC0019
CDR008744,PH01191,PH00235,2026-04-06 21:22:00,2222,call,LOC0165
CDR008745,PH00182,PH00935,2026-05-26 03:03:00,1885,sms,LOC0160
CDR008746,PH00838,PH01084,2026-05-08 19:20:00,2208,call,LOC0164
CDR008747,PH00146,PH00172,2026-08-24 00:14:00,771,call,LOC0065
CDR008748,PH00638,PH01193,2026-07-11 10:41:00,324,app_message,LOC0110
CDR008749,PH00818,PH00449,2026-04-15 15:28:00,350,call,LOC0043
CDR008750,PH00836,PH00060,2026-01-15 21:53:00,1770,app_message,LOC0099
CDR008751,PH00150,PH00888,2026-08-11 10:10:00,673,app_message,LOC0160
CDR008752,PH01157,PH00843,2026-06-23 22:40:00,2146,call,LOC0070
CDR008753,PH00935,PH00569,2026-01-01 11:48:00,861,app_message,LOC0180
CDR008754,PH00430,PH01056,2026-03-02 03:21:00,1738,call,LOC0017
CDR008755,PH00215,PH00919,2026-04-25 02:30:00,2385,call,LOC0176
CDR008756,PH00424,PH00525,2026-06-22 22:30:00,113,call,LOC0034
CDR008757,PH01130,PH00466,2026-02-18 22:26:00,2319,app_message,LOC0180
CDR008758,PH00562,PH00437,2026-07-15 15:18:00,1179,app_message,LOC0176
CDR008759,PH00055,PH01159,2026-08-11 06:22:00,87,call,LOC0017
CDR008760,PH00523,PH00241,2026-08-20 23:42:00,1035,call,LOC0051
CDR008761,PH00563,PH00337,2026-03-31 14:40:00,1481,app_message,LOC0007
CDR008762,PH01103,PH00975,2026-06-20 05:51:00,942,call,LOC0080
CDR008763,PH00227,PH00012,2026-08-16 01:40:00,555,call,LOC0147
CDR008764,PH00985,PH00974,2026-03-30 17:09:00,2306,sms,LOC0065
CDR008765,PH00730,PH00501,2026-05-26 18:52:00,1651,app_message,LOC0034
CDR008766,PH00866,PH01015,2026-07-08 10:53:00,2004,call,LOC0130
CDR008767,PH00304,PH01017,2026-08-31 03:36:00,1884,call,LOC0151
CDR008768,PH00934,PH00454,2026-02-21 18:59:00,1633,call,LOC0009
CDR008769,PH01040,PH00606,2026-03-20 08:03:00,1968,call,LOC0162
CDR008770,PH00181,PH00111,2026-02-16 17:32:00,1178,app_message,LOC0043
CDR008771,PH00057,PH00301,2026-01-23 00:24:00,1444,app_message,LOC0155
CDR008772,PH00485,PH01002,2026-04-28 06:55:00,1255,call,LOC0053
CDR008773,PH00077,PH00359,2026-08-25 15:45:00,2187,call,LOC0044
CDR008774,PH00080,PH01194,2026-07-16 20:29:00,995,sms,LOC0018
CDR008775,PH00509,PH00666,2026-08-27 00:55:00,541,app_message,LOC0102
CDR008776,PH00947,PH01060,2026-04-14 11:46:00,513,sms,LOC0128
CDR008777,PH00735,PH00990,2026-02-26 05:18:00,830,sms,LOC0156
CDR008778,PH00316,PH00695,2026-05-04 13:17:00,1066,sms,LOC0060
CDR008779,PH00722,PH00948,2026-04-27 04:58:00,91,app_message,LOC0013
CDR008780,PH01144,PH00017,2026-05-10 11:46:00,2029,call,LOC0034
CDR008781,PH01100,PH00107,2026-08-21 02:32:00,80,sms,LOC0151
CDR008782,PH00415,PH00638,2026-06-02 22:21:00,70,sms,LOC0145
CDR008783,PH00190,PH00170,2026-06-17 10:59:00,1574,app_message,LOC0147
CDR008784,PH00699,PH00899,2026-02-02 16:31:00,2096,call,LOC0143
CDR008785,PH00464,PH00993,2026-03-14 16:22:00,2045,app_message,LOC0107
CDR008786,PH00352,PH00372,2026-08-17 04:58:00,867,sms,LOC0095
CDR008787,PH00714,PH01067,2026-03-16 03:56:00,665,sms,LOC0114
CDR008788,PH00437,PH01010,2026-08-20 09:55:00,1997,sms,LOC0146
CDR008789,PH00484,PH00982,2026-02-18 17:40:00,2093,sms,LOC0041
CDR008790,PH00468,PH00065,2026-01-26 09:44:00,831,app_message,LOC0111
CDR008791,PH01030,PH00089,2026-06-28 18:42:00,318,sms,LOC0078
CDR008792,PH00109,PH01161,2026-02-13 00:12:00,837,sms,LOC0149
CDR008793,PH00206,PH00740,2026-03-16 20:54:00,1145,sms,LOC0025
CDR008794,PH01176,PH00452,2026-02-11 13:56:00,1952,call,LOC0040
CDR008795,PH00310,PH00255,2026-08-07 04:11:00,1740,app_message,LOC0119
CDR008796,PH00803,PH00740,2026-08-27 02:55:00,123,sms,LOC0140
CDR008797,PH00325,PH00494,2026-05-02 07:20:00,1830,app_message,LOC0110
CDR008798,PH01172,PH01073,2026-06-20 06:11:00,1292,call,LOC0059
CDR008799,PH00556,PH00610,2026-05-25 11:28:00,2024,call,LOC0096
CDR008800,PH01028,PH00136,2026-05-12 10:15:00,1050,app_message,LOC0088
CDR008801,PH00937,PH01025,2026-01-03 12:40:00,1217,call,LOC0133
CDR008802,PH00922,PH01150,2026-01-11 19:52:00,1546,app_message,LOC0030
CDR008803,PH00504,PH00446,2026-06-10 19:43:00,1469,app_message,LOC0133
CDR008804,PH00331,PH00519,2026-08-01 22:39:00,1298,call,LOC0073
CDR008805,PH01041,PH00610,2026-02-19 20:41:00,1109,app_message,LOC0175
CDR008806,PH00462,PH00207,2026-01-17 21:41:00,1758,call,LOC0116
CDR008807,PH00473,PH00135,2026-05-02 02:05:00,655,app_message,LOC0038
CDR008808,PH00512,PH00873,2026-01-25 07:26:00,1418,call,LOC0155
CDR008809,PH00343,PH00539,2026-01-27 01:19:00,1723,sms,LOC0161
CDR008810,PH00320,PH01038,2026-02-13 11:56:00,1332,sms,LOC0006
CDR008811,PH01030,PH00048,2026-01-26 11:29:00,2241,call,LOC0096
CDR008812,PH00069,PH00569,2026-04-21 22:15:00,920,sms,LOC0046
CDR008813,PH00777,PH00443,2026-03-27 10:18:00,1897,app_message,LOC0029
CDR008814,PH00672,PH01014,2026-04-24 07:40:00,1126,call,LOC0133
CDR008815,PH00459,PH00549,2026-04-21 00:50:00,1343,sms,LOC0108
CDR008816,PH00586,PH01099,2026-05-10 22:13:00,2059,app_message,LOC0139
CDR008817,PH00173,PH00187,2026-05-03 15:50:00,2128,sms,LOC0163
CDR008818,PH00192,PH00756,2026-04-10 20:35:00,1174,sms,LOC0106
CDR008819,PH01143,PH00162,2026-01-05 11:10:00,1149,sms,LOC0108
CDR008820,PH00657,PH00698,2026-01-07 11:24:00,2282,app_message,LOC0054
CDR008821,PH00107,PH01147,2026-05-10 21:37:00,1205,sms,LOC0068
CDR008822,PH00700,PH01045,2026-02-17 11:21:00,789,app_message,LOC0064
CDR008823,PH00803,PH00165,2026-02-21 04:44:00,2269,call,LOC0075
CDR008824,PH00567,PH00877,2026-06-16 20:45:00,2095,app_message,LOC0067
CDR008825,PH00010,PH00972,2026-06-03 00:46:00,2360,sms,LOC0130
CDR008826,PH00323,PH00248,2026-07-22 12:11:00,925,app_message,LOC0021
CDR008827,PH01106,PH00935,2026-03-09 04:34:00,103,call,LOC0151
CDR008828,PH00103,PH00322,2026-01-23 13:15:00,1585,call,LOC0049
CDR008829,PH00309,PH00001,2026-02-26 10:51:00,806,call,LOC0148
CDR008830,PH00154,PH00571,2026-07-20 14:07:00,1714,sms,LOC0109
CDR008831,PH00882,PH00263,2026-04-21 15:29:00,805,call,LOC0086
CDR008832,PH00456,PH00501,2026-04-25 04:11:00,755,sms,LOC0152
CDR008833,PH00443,PH00506,2026-04-02 18:19:00,196,call,LOC0150
CDR008834,PH00533,PH01045,2026-05-12 01:16:00,1031,sms,LOC0005
CDR008835,PH00321,PH00772,2026-08-03 17:55:00,1724,sms,LOC0017
CDR008836,PH00794,PH00658,2026-07-15 03:22:00,1601,app_message,LOC0014
CDR008837,PH00783,PH00402,2026-08-21 10:22:00,679,app_message,LOC0089
CDR008838,PH00096,PH00448,2026-08-02 07:49:00,1347,app_message,LOC0155
CDR008839,PH00515,PH00016,2026-07-22 13:35:00,1337,app_message,LOC0161
CDR008840,PH00497,PH00631,2026-01-02 09:47:00,1248,sms,LOC0143
CDR008841,PH00335,PH00312,2026-02-04 11:13:00,2334,sms,LOC0040
CDR008842,PH00402,PH00600,2026-04-25 07:43:00,1007,app_message,LOC0039
CDR008843,PH00202,PH00295,2026-05-01 17:28:00,1246,app_message,LOC0145
CDR008844,PH00523,PH00600,2026-08-06 23:49:00,229,call,LOC0101
CDR008845,PH00350,PH00541,2026-03-26 23:09:00,2099,call,LOC0120
CDR008846,PH00966,PH00269,2026-06-30 11:47:00,1635,call,LOC0074
CDR008847,PH00592,PH00704,2026-02-27 16:52:00,1413,app_message,LOC0024
CDR008848,PH00150,PH00524,2026-04-05 20:21:00,1129,call,LOC0081
CDR008849,PH00559,PH00758,2026-02-20 21:04:00,1354,call,LOC0133
CDR008850,PH01008,PH00435,2026-03-22 11:57:00,2208,call,LOC0010
CDR008851,PH00112,PH00938,2026-06-22 14:48:00,1425,call,LOC0082
CDR008852,PH00403,PH01024,2026-06-06 10:47:00,1161,call,LOC0161
CDR008853,PH00492,PH00372,2026-06-18 19:30:00,2329,call,LOC0090
CDR008854,PH00050,PH00806,2026-05-17 00:51:00,1216,app_message,LOC0065
CDR008855,PH00568,PH00393,2026-03-01 13:49:00,1237,app_message,LOC0057
CDR008856,PH01181,PH00450,2026-01-30 03:47:00,341,call,LOC0176
CDR008857,PH00148,PH00474,2026-07-08 12:08:00,1222,sms,LOC0055
CDR008858,PH00652,PH00711,2026-05-04 11:13:00,435,sms,LOC0095
CDR008859,PH00697,PH00078,2026-04-24 08:49:00,2174,app_message,LOC0018
CDR008860,PH00433,PH01159,2026-03-09 13:48:00,1719,app_message,LOC0028
CDR008861,PH00060,PH00900,2026-07-09 14:51:00,1858,call,LOC0059
CDR008862,PH00112,PH01051,2026-04-17 12:07:00,824,sms,LOC0030
CDR008863,PH00982,PH00689,2026-03-31 14:30:00,2095,sms,LOC0019
CDR008864,PH00411,PH00151,2026-01-23 19:18:00,1927,app_message,LOC0077
CDR008865,PH00756,PH00226,2026-05-19 05:46:00,2200,call,LOC0141
CDR008866,PH00237,PH00710,2026-04-29 03:34:00,1054,call,LOC0072
CDR008867,PH00515,PH00133,2026-06-23 22:51:00,513,sms,LOC0006
CDR008868,PH00944,PH00798,2026-08-25 19:01:00,627,call,LOC0104
CDR008869,PH01040,PH00840,2026-05-15 03:14:00,1004,app_message,LOC0178
CDR008870,PH00436,PH00846,2026-01-01 18:23:00,2127,call,LOC0132
CDR008871,PH01016,PH00962,2026-01-05 05:36:00,1859,call,LOC0121
CDR008872,PH01185,PH00737,2026-02-21 05:41:00,879,app_message,LOC0149
CDR008873,PH00770,PH00821,2026-06-12 02:17:00,2308,app_message,LOC0099
CDR008874,PH00001,PH00928,2026-04-04 10:07:00,417,app_message,LOC0090
CDR008875,PH00797,PH01065,2026-06-01 17:23:00,71,call,LOC0084
CDR008876,PH01036,PH00829,2026-02-24 17:38:00,2181,call,LOC0142
CDR008877,PH00156,PH00027,2026-08-19 22:55:00,1782,app_message,LOC0146
CDR008878,PH00007,PH01090,2026-02-19 21:27:00,1845,sms,LOC0147
CDR008879,PH00584,PH01132,2026-02-09 18:39:00,65,app_message,LOC0058
CDR008880,PH00243,PH00933,2026-02-15 11:59:00,805,call,LOC0140
CDR008881,PH00012,PH01110,2026-04-28 11:47:00,127,app_message,LOC0107
CDR008882,PH00309,PH00485,2026-01-15 02:08:00,165,app_message,LOC0007
CDR008883,PH00494,PH00784,2026-04-17 19:50:00,413,sms,LOC0161
CDR008884,PH00612,PH01024,2026-06-20 09:29:00,1112,sms,LOC0153
CDR008885,PH00987,PH00581,2026-05-29 07:17:00,1146,sms,LOC0017
CDR008886,PH00380,PH00505,2026-04-26 02:21:00,1978,call,LOC0031
CDR008887,PH00189,PH00342,2026-05-04 23:49:00,2381,call,LOC0024
CDR008888,PH01165,PH00980,2026-01-19 07:41:00,690,sms,LOC0040
CDR008889,PH00645,PH01093,2026-06-14 14:03:00,972,sms,LOC0097
CDR008890,PH01176,PH00334,2026-04-01 02:49:00,76,call,LOC0118
CDR008891,PH00333,PH00941,2026-05-29 11:02:00,661,app_message,LOC0053
CDR008892,PH00069,PH00982,2026-03-02 04:10:00,216,app_message,LOC0145
CDR008893,PH00485,PH00707,2026-02-09 17:25:00,2247,call,LOC0013
CDR008894,PH00522,PH01011,2026-02-26 00:57:00,1615,call,LOC0065
CDR008895,PH00039,PH00974,2026-08-21 20:22:00,909,call,LOC0148
CDR008896,PH00392,PH00272,2026-03-02 20:39:00,479,sms,LOC0149
CDR008897,PH00251,PH00286,2026-04-04 20:19:00,1263,sms,LOC0050
CDR008898,PH00274,PH00468,2026-03-23 17:10:00,968,sms,LOC0172
CDR008899,PH00900,PH00869,2026-06-22 13:19:00,2091,app_message,LOC0101
CDR008900,PH01151,PH01018,2026-02-07 13:01:00,654,app_message,LOC0145
CDR008901,PH00368,PH00436,2026-05-16 18:55:00,22,sms,LOC0148
CDR008902,PH01165,PH00524,2026-07-06 18:15:00,1480,call,LOC0004
CDR008903,PH00448,PH01134,2026-04-03 23:16:00,458,app_message,LOC0127
CDR008904,PH00221,PH01059,2026-08-11 04:42:00,606,call,LOC0107
CDR008905,PH00635,PH00929,2026-07-31 23:44:00,1845,sms,LOC0025
CDR008906,PH00140,PH00806,2026-07-15 06:08:00,443,call,LOC0064
CDR008907,PH00569,PH01171,2026-05-24 20:45:00,1191,app_message,LOC0157
CDR008908,PH00033,PH00613,2026-02-16 15:03:00,1136,call,LOC0025
CDR008909,PH00246,PH00893,2026-06-21 07:54:00,2352,sms,LOC0053
CDR008910,PH00586,PH00813,2026-04-08 01:26:00,1039,app_message,LOC0043
CDR008911,PH00434,PH00126,2026-08-01 15:13:00,1815,call,LOC0173
CDR008912,PH00433,PH00079,2026-07-02 21:00:00,797,app_message,LOC0097
CDR008913,PH00755,PH00555,2026-06-12 07:12:00,1250,call,LOC0019
CDR008914,PH00591,PH00448,2026-01-26 14:52:00,303,call,LOC0026
CDR008915,PH00605,PH00105,2026-07-03 13:32:00,1832,app_message,LOC0020
CDR008916,PH00627,PH01166,2026-05-21 02:53:00,867,sms,LOC0102
CDR008917,PH00822,PH00851,2026-01-23 11:30:00,1820,sms,LOC0153
CDR008918,PH00980,PH01034,2026-08-27 14:40:00,517,app_message,LOC0010
CDR008919,PH00422,PH00674,2026-04-14 19:30:00,1042,app_message,LOC0172
CDR008920,PH00363,PH00160,2026-05-25 18:37:00,583,app_message,LOC0127
CDR008921,PH00032,PH00637,2026-04-19 16:53:00,751,call,LOC0044
CDR008922,PH00994,PH00267,2026-06-08 17:36:00,1685,app_message,LOC0089
CDR008923,PH00210,PH01145,2026-04-23 00:18:00,1588,call,LOC0175
CDR008924,PH01127,PH00386,2026-06-07 07:39:00,2041,app_message,LOC0146
CDR008925,PH00519,PH00647,2026-06-11 03:06:00,1598,app_message,LOC0076
CDR008926,PH00831,PH00569,2026-08-13 18:33:00,131,app_message,LOC0022
CDR008927,PH01193,PH00458,2026-01-22 02:04:00,1257,app_message,LOC0096
CDR008928,PH00603,PH00615,2026-02-05 22:24:00,309,call,LOC0147
CDR008929,PH01085,PH00070,2026-02-12 16:18:00,160,sms,LOC0075
CDR008930,PH00372,PH00573,2026-06-01 10:54:00,673,sms,LOC0058
CDR008931,PH00626,PH00270,2026-08-31 04:18:00,120,app_message,LOC0039
CDR008932,PH00420,PH00261,2026-04-21 17:16:00,619,call,LOC0036
CDR008933,PH00361,PH00193,2026-03-01 22:19:00,1172,app_message,LOC0092
CDR008934,PH00430,PH00113,2026-04-29 04:09:00,808,sms,LOC0086
CDR008935,PH00617,PH00683,2026-03-08 01:31:00,1582,app_message,LOC0085
CDR008936,PH00923,PH00422,2026-04-16 03:44:00,2205,sms,LOC0064
CDR008937,PH00285,PH00742,2026-03-29 01:57:00,887,app_message,LOC0045
CDR008938,PH00323,PH00597,2026-07-19 12:10:00,2285,sms,LOC0092
CDR008939,PH00449,PH00494,2026-04-08 13:02:00,2243,call,LOC0154
CDR008940,PH00178,PH00023,2026-07-26 19:23:00,1142,call,LOC0026
CDR008941,PH00303,PH00656,2026-06-14 04:46:00,624,app_message,LOC0117
CDR008942,PH00961,PH01111,2026-04-15 03:05:00,1486,sms,LOC0106
CDR008943,PH00504,PH00322,2026-08-12 20:15:00,1722,sms,LOC0019
CDR008944,PH00466,PH00782,2026-06-01 13:38:00,1192,sms,LOC0152
CDR008945,PH00532,PH00637,2026-05-06 14:42:00,1510,call,LOC0113
CDR008946,PH00655,PH00545,2026-07-24 11:44:00,1069,app_message,LOC0124
CDR008947,PH00646,PH00172,2026-03-20 11:56:00,501,call,LOC0082
CDR008948,PH00489,PH01063,2026-07-02 23:43:00,1218,sms,LOC0069
CDR008949,PH01004,PH00241,2026-07-12 18:47:00,80,app_message,LOC0141
CDR008950,PH00479,PH00596,2026-01-18 17:06:00,2058,app_message,LOC0179
CDR008951,PH00801,PH00720,2026-03-01 03:48:00,1040,sms,LOC0146
CDR008952,PH00134,PH01009,2026-05-12 07:46:00,1508,call,LOC0106
CDR008953,PH00282,PH00123,2026-01-10 03:18:00,1568,sms,LOC0010
CDR008954,PH00458,PH00727,2026-02-28 14:53:00,1313,call,LOC0075
CDR008955,PH00450,PH01062,2026-06-27 04:07:00,2003,sms,LOC0178
CDR008956,PH00788,PH01155,2026-05-16 00:21:00,1119,app_message,LOC0112
CDR008957,PH00173,PH00413,2026-02-19 02:25:00,2186,call,LOC0083
CDR008958,PH00930,PH00468,2026-08-23 18:58:00,2038,sms,LOC0014
CDR008959,PH00240,PH00700,2026-02-04 13:44:00,1311,sms,LOC0169
CDR008960,PH00437,PH00870,2026-02-25 21:50:00,1738,call,LOC0096
CDR008961,PH00256,PH01084,2026-07-19 23:34:00,1309,app_message,LOC0092
CDR008962,PH00760,PH00006,2026-08-05 14:37:00,722,sms,LOC0017
CDR008963,PH00945,PH01119,2026-08-21 14:34:00,1544,app_message,LOC0074
CDR008964,PH00719,PH00206,2026-06-13 19:53:00,873,app_message,LOC0042
CDR008965,PH00426,PH00482,2026-06-18 05:56:00,1845,app_message,LOC0110
CDR008966,PH00329,PH00432,2026-08-30 08:12:00,1450,call,LOC0021
CDR008967,PH00842,PH00945,2026-07-07 06:10:00,337,app_message,LOC0099
CDR008968,PH00402,PH00269,2026-02-10 03:27:00,184,app_message,LOC0132
CDR008969,PH00899,PH00073,2026-05-20 19:42:00,1325,sms,LOC0046
CDR008970,PH00535,PH00341,2026-06-07 16:50:00,1222,app_message,LOC0113
CDR008971,PH01186,PH01141,2026-03-19 16:08:00,277,app_message,LOC0113
CDR008972,PH00872,PH00915,2026-06-22 14:55:00,1457,sms,LOC0168
CDR008973,PH00440,PH00386,2026-04-29 13:25:00,1774,app_message,LOC0156
CDR008974,PH00161,PH00239,2026-06-20 15:19:00,1043,call,LOC0108
CDR008975,PH00763,PH00811,2026-08-08 00:55:00,1822,call,LOC0169
CDR008976,PH00032,PH01007,2026-01-01 05:52:00,549,app_message,LOC0111
CDR008977,PH00774,PH00626,2026-03-31 05:59:00,818,app_message,LOC0164
CDR008978,PH00099,PH00323,2026-05-21 18:09:00,1040,app_message,LOC0148
CDR008979,PH00601,PH00522,2026-07-06 23:15:00,1004,sms,LOC0117
CDR008980,PH00986,PH00357,2026-03-27 12:43:00,1885,app_message,LOC0161
CDR008981,PH00321,PH00566,2026-04-08 08:21:00,110,call,LOC0043
CDR008982,PH00367,PH00664,2026-01-27 17:23:00,236,sms,LOC0145
CDR008983,PH00904,PH00131,2026-04-17 01:42:00,1734,sms,LOC0009
CDR008984,PH00771,PH00671,2026-01-11 20:19:00,549,call,LOC0046
CDR008985,PH01023,PH00558,2026-08-19 01:16:00,1152,sms,LOC0061
CDR008986,PH00513,PH00106,2026-04-27 17:00:00,2364,sms,LOC0048
CDR008987,PH00399,PH00558,2026-02-13 05:38:00,1633,call,LOC0064
CDR008988,PH00379,PH00291,2026-01-31 11:01:00,2088,sms,LOC0074
CDR008989,PH00496,PH00700,2026-01-22 02:42:00,1000,sms,LOC0146
CDR008990,PH00880,PH00593,2026-02-11 01:10:00,1735,sms,LOC0100
CDR008991,PH00999,PH00736,2026-02-23 06:44:00,800,app_message,LOC0015
CDR008992,PH01164,PH00776,2026-02-03 20:53:00,2331,call,LOC0066
CDR008993,PH00583,PH00859,2026-02-28 22:32:00,2335,call,LOC0048
CDR008994,PH01147,PH00841,2026-03-11 18:13:00,2293,sms,LOC0016
CDR008995,PH00442,PH00690,2026-07-07 10:49:00,513,call,LOC0162
CDR008996,PH00379,PH00035,2026-07-07 15:35:00,2356,app_message,LOC0177
CDR008997,PH01088,PH00179,2026-07-18 22:37:00,2399,sms,LOC0053
CDR008998,PH00169,PH00740,2026-08-17 16:05:00,2162,call,LOC0118
CDR008999,PH00410,PH00889,2026-05-26 16:19:00,543,call,LOC0123
CDR009000,PH00468,PH00950,2026-03-28 20:16:00,297,sms,LOC0064
CDR009001,PH00597,PH00879,2026-08-07 23:33:00,2121,call,LOC0180
CDR009002,PH00905,PH00366,2026-01-23 00:14:00,2248,app_message,LOC0139
CDR009003,PH00080,PH00114,2026-03-09 17:46:00,774,call,LOC0177
CDR009004,PH00293,PH00952,2026-07-11 00:27:00,1085,call,LOC0017
CDR009005,PH01016,PH01003,2026-06-19 10:35:00,1300,app_message,LOC0058
CDR009006,PH00843,PH01028,2026-01-16 02:59:00,43,call,LOC0081
CDR009007,PH00487,PH00674,2026-01-27 20:08:00,849,app_message,LOC0084
CDR009008,PH00405,PH00369,2026-08-13 18:29:00,1345,app_message,LOC0068
CDR009009,PH00778,PH00720,2026-03-20 14:29:00,1959,call,LOC0014
CDR009010,PH00144,PH00244,2026-08-17 22:58:00,67,call,LOC0144
CDR009011,PH00575,PH00166,2026-06-14 18:48:00,980,sms,LOC0062
CDR009012,PH00050,PH00014,2026-06-19 06:58:00,1287,sms,LOC0074
CDR009013,PH00025,PH00451,2026-01-14 02:51:00,653,call,LOC0127
CDR009014,PH00165,PH00187,2026-02-01 13:26:00,1816,sms,LOC0032
CDR009015,PH00804,PH00550,2026-08-03 11:16:00,1920,app_message,LOC0015
CDR009016,PH00483,PH00330,2026-07-04 18:50:00,1549,sms,LOC0002
CDR009017,PH00957,PH00193,2026-08-13 08:10:00,2054,app_message,LOC0114
CDR009018,PH00833,PH00395,2026-03-23 19:48:00,877,call,LOC0099
CDR009019,PH00039,PH00267,2026-08-11 14:07:00,2037,app_message,LOC0170
CDR009020,PH00872,PH00414,2026-04-19 21:26:00,2377,sms,LOC0063
CDR009021,PH00552,PH00538,2026-03-22 17:51:00,1061,sms,LOC0035
CDR009022,PH00401,PH01076,2026-01-28 09:48:00,850,call,LOC0054
CDR009023,PH00679,PH00835,2026-07-04 20:50:00,854,sms,LOC0142
CDR009024,PH00248,PH00625,2026-02-15 05:34:00,1186,call,LOC0088
CDR009025,PH00600,PH00597,2026-04-19 16:35:00,1258,sms,LOC0132
CDR009026,PH00567,PH00530,2026-01-25 05:56:00,817,app_message,LOC0064
CDR009027,PH00533,PH00856,2026-08-09 21:55:00,1805,call,LOC0166
CDR009028,PH00406,PH00166,2026-05-28 09:29:00,28,app_message,LOC0175
CDR009029,PH00726,PH00309,2026-03-07 17:38:00,909,sms,LOC0021
CDR009030,PH00316,PH00533,2026-04-27 20:22:00,716,app_message,LOC0038
CDR009031,PH00495,PH00023,2026-01-29 13:05:00,1315,sms,LOC0056
CDR009032,PH00203,PH00534,2026-08-21 02:01:00,887,call,LOC0091
CDR009033,PH00891,PH00852,2026-07-08 01:54:00,1302,call,LOC0097
CDR009034,PH00373,PH00193,2026-03-22 12:52:00,177,app_message,LOC0135
CDR009035,PH00243,PH00898,2026-04-09 06:42:00,588,app_message,LOC0060
CDR009036,PH00329,PH00303,2026-04-06 03:50:00,509,app_message,LOC0088
CDR009037,PH00485,PH00545,2026-06-23 19:40:00,733,sms,LOC0102
CDR009038,PH00423,PH00933,2026-04-27 01:35:00,2115,app_message,LOC0026
CDR009039,PH00395,PH01046,2026-08-08 16:07:00,155,call,LOC0086
CDR009040,PH00154,PH00924,2026-01-02 16:32:00,1340,sms,LOC0155
CDR009041,PH00151,PH00560,2026-01-13 10:59:00,58,sms,LOC0180
CDR009042,PH01062,PH00581,2026-07-25 20:42:00,1111,sms,LOC0001
CDR009043,PH01027,PH00550,2026-08-27 19:28:00,1214,sms,LOC0082
CDR009044,PH00400,PH00327,2026-08-04 15:41:00,1817,sms,LOC0144
CDR009045,PH00427,PH00090,2026-07-09 00:13:00,2368,call,LOC0129
CDR009046,PH00497,PH00490,2026-04-06 00:32:00,1033,app_message,LOC0129
CDR009047,PH01129,PH00529,2026-08-17 02:43:00,1360,call,LOC0041
CDR009048,PH00010,PH00130,2026-01-29 00:15:00,1293,app_message,LOC0077
CDR009049,PH00655,PH00393,2026-02-07 01:52:00,261,call,LOC0027
CDR009050,PH00135,PH00965,2026-04-12 16:45:00,2212,app_message,LOC0046
CDR009051,PH00735,PH01195,2026-08-22 15:43:00,1023,sms,LOC0060
CDR009052,PH00117,PH00307,2026-01-19 17:26:00,1441,sms,LOC0008
CDR009053,PH00924,PH00552,2026-05-10 20:33:00,26,app_message,LOC0155
CDR009054,PH00486,PH01004,2026-06-20 04:12:00,2272,call,LOC0149
CDR009055,PH00287,PH00934,2026-03-21 12:33:00,951,app_message,LOC0063
CDR009056,PH00229,PH01040,2026-05-08 09:22:00,2029,call,LOC0086
CDR009057,PH00351,PH00716,2026-07-17 05:08:00,2107,call,LOC0031
CDR009058,PH00096,PH00236,2026-03-05 03:18:00,342,call,LOC0105
CDR009059,PH00103,PH00341,2026-07-15 17:11:00,223,sms,LOC0126
CDR009060,PH00578,PH00202,2026-03-13 05:51:00,1191,sms,LOC0071
CDR009061,PH00188,PH00501,2026-03-30 11:07:00,1243,sms,LOC0090
CDR009062,PH00518,PH00144,2026-06-26 17:34:00,704,app_message,LOC0038
CDR009063,PH00768,PH00548,2026-07-20 19:29:00,62,call,LOC0028
CDR009064,PH00575,PH01100,2026-02-19 07:32:00,1572,call,LOC0043
CDR009065,PH00071,PH00376,2026-05-24 07:35:00,1322,app_message,LOC0113
CDR009066,PH01036,PH00217,2026-04-09 17:25:00,2374,app_message,LOC0075
CDR009067,PH00439,PH00392,2026-08-12 08:34:00,443,call,LOC0061
CDR009068,PH01061,PH00315,2026-04-20 07:48:00,251,app_message,LOC0082
CDR009069,PH00225,PH01035,2026-01-30 10:31:00,135,call,LOC0135
CDR009070,PH00371,PH00921,2026-05-21 09:30:00,468,sms,LOC0061
CDR009071,PH00272,PH01160,2026-03-02 05:14:00,726,call,LOC0059
CDR009072,PH00354,PH00753,2026-06-14 12:26:00,2262,call,LOC0070
CDR009073,PH00106,PH00264,2026-02-04 23:56:00,1479,app_message,LOC0168
CDR009074,PH00242,PH00946,2026-03-21 03:14:00,465,call,LOC0036
CDR009075,PH00739,PH00781,2026-07-20 20:50:00,200,call,LOC0149
CDR009076,PH00651,PH00687,2026-08-23 00:49:00,177,app_message,LOC0005
CDR009077,PH00013,PH00739,2026-06-13 12:40:00,1448,sms,LOC0139
CDR009078,PH00304,PH00294,2026-04-15 12:52:00,404,app_message,LOC0123
CDR009079,PH00456,PH01141,2026-08-10 04:59:00,2185,app_message,LOC0036
CDR009080,PH00678,PH00073,2026-05-13 16:45:00,546,sms,LOC0165
CDR009081,PH01143,PH00807,2026-03-11 01:16:00,1532,sms,LOC0092
CDR009082,PH00214,PH00778,2026-02-09 11:19:00,1473,app_message,LOC0025
CDR009083,PH00958,PH00366,2026-04-11 02:51:00,525,app_message,LOC0089
CDR009084,PH00776,PH00558,2026-02-18 09:45:00,1715,sms,LOC0134
CDR009085,PH00060,PH00834,2026-07-31 05:27:00,935,app_message,LOC0108
CDR009086,PH00987,PH00450,2026-03-11 18:59:00,1417,app_message,LOC0101
CDR009087,PH00442,PH00898,2026-04-28 16:32:00,1724,call,LOC0024
CDR009088,PH00662,PH00728,2026-02-18 02:27:00,1764,sms,LOC0151
CDR009089,PH01062,PH01136,2026-07-16 04:27:00,463,call,LOC0079
CDR009090,PH00115,PH00266,2026-08-01 07:42:00,474,call,LOC0028
CDR009091,PH01001,PH00314,2026-05-18 03:05:00,170,sms,LOC0137
CDR009092,PH00330,PH00046,2026-08-07 09:41:00,1360,app_message,LOC0068
CDR009093,PH00636,PH00730,2026-07-31 08:49:00,75,call,LOC0169
CDR009094,PH00293,PH00411,2026-04-14 00:11:00,2337,sms,LOC0089
CDR009095,PH00436,PH00175,2026-02-24 06:32:00,1943,app_message,LOC0077
CDR009096,PH00112,PH00036,2026-04-17 16:30:00,1333,app_message,LOC0142
CDR009097,PH00098,PH00035,2026-06-23 12:57:00,2087,sms,LOC0038
CDR009098,PH00404,PH01011,2026-06-18 22:44:00,398,sms,LOC0016
CDR009099,PH01010,PH01117,2026-08-16 07:27:00,1406,sms,LOC0031
CDR009100,PH00799,PH00420,2026-08-24 23:44:00,1154,app_message,LOC0055
CDR009101,PH00090,PH00577,2026-03-21 12:57:00,466,call,LOC0097
CDR009102,PH01034,PH00211,2026-02-10 19:52:00,238,sms,LOC0064
CDR009103,PH00308,PH00377,2026-04-24 09:40:00,792,app_message,LOC0048
CDR009104,PH00691,PH00178,2026-02-15 00:15:00,443,app_message,LOC0142
CDR009105,PH01076,PH00666,2026-01-11 09:28:00,2298,app_message,LOC0074
CDR009106,PH01026,PH00498,2026-07-07 21:52:00,852,sms,LOC0068
CDR009107,PH00753,PH00192,2026-03-30 03:01:00,1323,sms,LOC0126
CDR009108,PH00260,PH00906,2026-08-04 01:26:00,798,app_message,LOC0019
CDR009109,PH00255,PH00452,2026-01-02 05:22:00,402,sms,LOC0039
CDR009110,PH00197,PH00279,2026-06-04 21:32:00,2177,sms,LOC0125
CDR009111,PH00416,PH00403,2026-04-24 19:50:00,342,call,LOC0066
CDR009112,PH00155,PH00468,2026-05-12 23:32:00,588,call,LOC0146
CDR009113,PH00422,PH00485,2026-08-29 02:58:00,1109,app_message,LOC0071
CDR009114,PH00357,PH00109,2026-07-21 12:45:00,1537,app_message,LOC0103
CDR009115,PH00107,PH01004,2026-05-05 18:00:00,601,sms,LOC0009
CDR009116,PH00431,PH00820,2026-08-02 15:39:00,1388,call,LOC0148
CDR009117,PH00038,PH00193,2026-02-14 01:10:00,1903,call,LOC0094
CDR009118,PH00386,PH00245,2026-04-11 22:26:00,1127,sms,LOC0004
CDR009119,PH00127,PH00051,2026-08-11 05:01:00,1254,sms,LOC0118
CDR009120,PH00744,PH01074,2026-02-11 23:41:00,67,sms,LOC0155
CDR009121,PH00353,PH00678,2026-06-27 20:31:00,1304,call,LOC0053
CDR009122,PH01020,PH00451,2026-06-19 18:45:00,1391,sms,LOC0175
CDR009123,PH00607,PH00326,2026-03-18 09:37:00,2105,sms,LOC0016
CDR009124,PH00759,PH00572,2026-02-19 14:37:00,1873,app_message,LOC0139
CDR009125,PH00548,PH00587,2026-06-16 23:00:00,1409,sms,LOC0080
CDR009126,PH00906,PH01020,2026-07-27 02:33:00,1423,app_message,LOC0082
CDR009127,PH00266,PH00263,2026-07-14 22:36:00,1019,call,LOC0060
CDR009128,PH00104,PH00878,2026-06-27 17:59:00,466,sms,LOC0080
CDR009129,PH00585,PH00289,2026-06-10 07:26:00,1892,call,LOC0020
CDR009130,PH00070,PH00045,2026-03-30 01:29:00,1429,call,LOC0045
CDR009131,PH00100,PH00112,2026-02-08 10:17:00,913,sms,LOC0152
CDR009132,PH00251,PH00337,2026-07-18 07:01:00,679,sms,LOC0170
CDR009133,PH00282,PH00016,2026-06-29 23:15:00,708,app_message,LOC0092
CDR009134,PH00616,PH01198,2026-01-31 14:15:00,1111,app_message,LOC0132
CDR009135,PH00993,PH00286,2026-06-20 01:13:00,2250,app_message,LOC0068
CDR009136,PH00266,PH00956,2026-01-15 11:34:00,1640,app_message,LOC0083
CDR009137,PH00511,PH00702,2026-02-13 06:36:00,2106,call,LOC0087
CDR009138,PH00338,PH01025,2026-05-18 00:10:00,750,sms,LOC0054
CDR009139,PH00079,PH01027,2026-05-09 19:20:00,518,call,LOC0052
CDR009140,PH01001,PH00597,2026-05-11 07:33:00,2153,app_message,LOC0142
CDR009141,PH00303,PH00404,2026-03-13 14:15:00,1745,app_message,LOC0033
CDR009142,PH00972,PH00006,2026-03-17 10:16:00,1745,call,LOC0175
CDR009143,PH00938,PH00275,2026-04-30 08:18:00,1696,call,LOC0108
CDR009144,PH00645,PH00633,2026-07-08 05:34:00,559,sms,LOC0068
CDR009145,PH00164,PH00390,2026-07-01 13:33:00,594,sms,LOC0057
CDR009146,PH00696,PH00717,2026-02-05 03:24:00,1518,app_message,LOC0059
CDR009147,PH00931,PH01178,2026-05-21 16:53:00,1470,call,LOC0007
CDR009148,PH00816,PH01111,2026-08-08 05:37:00,852,sms,LOC0009
CDR009149,PH01170,PH01147,2026-08-04 15:30:00,1864,app_message,LOC0146
CDR009150,PH00002,PH00008,2026-08-08 20:20:00,1877,call,LOC0156
CDR009151,PH01146,PH00937,2026-06-10 20:36:00,2255,sms,LOC0018
CDR009152,PH00594,PH00776,2026-04-24 05:45:00,1576,call,LOC0041
CDR009153,PH01042,PH00425,2026-07-18 16:26:00,1445,call,LOC0037
CDR009154,PH00991,PH00118,2026-01-30 02:16:00,2154,call,LOC0073
CDR009155,PH00111,PH00571,2026-06-16 09:59:00,1964,call,LOC0176
CDR009156,PH00808,PH00810,2026-03-16 00:35:00,994,sms,LOC0139
CDR009157,PH00033,PH00669,2026-04-12 09:43:00,110,sms,LOC0157
CDR009158,PH01148,PH01006,2026-01-20 04:00:00,409,app_message,LOC0089
CDR009159,PH01185,PH00777,2026-04-13 21:26:00,1894,sms,LOC0088
CDR009160,PH01082,PH00227,2026-05-30 09:42:00,2127,app_message,LOC0165
CDR009161,PH01183,PH00152,2026-07-24 11:20:00,1493,sms,LOC0040
CDR009162,PH00181,PH00847,2026-05-02 03:02:00,1446,call,LOC0018
CDR009163,PH00543,PH01008,2026-04-01 19:54:00,1090,call,LOC0074
CDR009164,PH00418,PH00464,2026-02-06 00:46:00,1613,call,LOC0078
CDR009165,PH00051,PH01144,2026-04-15 21:55:00,1868,call,LOC0139
CDR009166,PH00812,PH00598,2026-02-03 21:08:00,198,call,LOC0131
CDR009167,PH00368,PH01066,2026-08-07 18:23:00,7,app_message,LOC0036
CDR009168,PH00677,PH00044,2026-07-29 20:26:00,907,call,LOC0131
CDR009169,PH00429,PH01076,2026-06-02 02:49:00,1736,call,LOC0052
CDR009170,PH00312,PH00285,2026-06-24 23:08:00,865,sms,LOC0079
CDR009171,PH00734,PH00275,2026-08-31 10:03:00,842,app_message,LOC0137
CDR009172,PH00946,PH01141,2026-02-22 22:20:00,1284,sms,LOC0097
CDR009173,PH00136,PH00363,2026-07-04 10:51:00,692,sms,LOC0145
CDR009174,PH01012,PH00390,2026-08-14 03:23:00,802,call,LOC0130
CDR009175,PH00815,PH00511,2026-04-12 01:25:00,1801,sms,LOC0157
CDR009176,PH00819,PH00537,2026-07-06 20:21:00,627,call,LOC0119
CDR009177,PH00991,PH01019,2026-05-10 03:05:00,373,sms,LOC0150
CDR009178,PH00299,PH01089,2026-04-09 16:34:00,788,app_message,LOC0007
CDR009179,PH00132,PH00791,2026-08-03 15:10:00,821,sms,LOC0152
CDR009180,PH01143,PH00894,2026-03-30 14:39:00,1815,app_message,LOC0122
CDR009181,PH00785,PH00438,2026-01-01 14:01:00,2007,call,LOC0066
CDR009182,PH00178,PH00522,2026-06-30 06:57:00,2175,call,LOC0157
CDR009183,PH01171,PH00106,2026-01-11 01:07:00,1416,app_message,LOC0008
CDR009184,PH00303,PH01144,2026-06-03 09:02:00,579,call,LOC0039
CDR009185,PH01083,PH00907,2026-02-11 22:35:00,1511,sms,LOC0177
CDR009186,PH00407,PH00501,2026-03-31 14:12:00,600,call,LOC0055
CDR009187,PH01123,PH00938,2026-07-19 10:14:00,998,app_message,LOC0133
CDR009188,PH01178,PH00094,2026-08-29 16:05:00,184,call,LOC0038
CDR009189,PH00447,PH00721,2026-02-12 18:12:00,198,sms,LOC0015
CDR009190,PH00945,PH00711,2026-02-02 13:54:00,362,call,LOC0019
CDR009191,PH00470,PH00345,2026-08-03 18:16:00,452,sms,LOC0087
CDR009192,PH00070,PH00578,2026-02-03 13:02:00,1914,sms,LOC0060
CDR009193,PH00736,PH01147,2026-01-04 15:40:00,755,sms,LOC0032
CDR009194,PH00250,PH00312,2026-08-21 06:35:00,1740,call,LOC0003
CDR009195,PH01052,PH00422,2026-04-30 21:18:00,1596,call,LOC0007
CDR009196,PH01052,PH00802,2026-05-07 04:55:00,298,sms,LOC0174
CDR009197,PH00463,PH00224,2026-07-01 17:26:00,253,call,LOC0117
CDR009198,PH00509,PH00960,2026-05-02 02:24:00,885,app_message,LOC0067
CDR009199,PH00444,PH00545,2026-06-24 16:11:00,1801,app_message,LOC0105
CDR009200,PH00507,PH00141,2026-01-10 16:02:00,2025,sms,LOC0114
CDR009201,PH00162,PH00463,2026-01-06 16:58:00,1754,call,LOC0016
CDR009202,PH00326,PH01045,2026-01-07 14:20:00,1390,sms,LOC0111
CDR009203,PH00990,PH00744,2026-06-14 18:22:00,1735,sms,LOC0017
CDR009204,PH01041,PH00507,2026-04-19 13:32:00,1510,sms,LOC0158
CDR009205,PH00510,PH00126,2026-05-28 15:08:00,236,call,LOC0052
CDR009206,PH00353,PH00599,2026-07-19 18:54:00,531,call,LOC0015
CDR009207,PH00116,PH00213,2026-06-18 08:07:00,160,app_message,LOC0009
CDR009208,PH00581,PH00534,2026-02-05 17:08:00,1962,app_message,LOC0009
CDR009209,PH00663,PH00565,2026-04-30 00:07:00,1042,call,LOC0154
CDR009210,PH01127,PH00539,2026-01-09 23:53:00,575,call,LOC0095
CDR009211,PH00012,PH00662,2026-05-03 15:21:00,585,call,LOC0127
CDR009212,PH00790,PH00871,2026-02-21 13:08:00,1376,sms,LOC0113
CDR009213,PH00603,PH00924,2026-04-30 09:21:00,696,app_message,LOC0040
CDR009214,PH00440,PH00958,2026-05-13 02:11:00,802,call,LOC0001
CDR009215,PH00985,PH00259,2026-03-25 14:48:00,243,sms,LOC0063
CDR009216,PH00333,PH00027,2026-03-07 01:19:00,108,sms,LOC0081
CDR009217,PH00325,PH01120,2026-02-15 07:51:00,708,sms,LOC0011
CDR009218,PH00123,PH00515,2026-04-21 05:48:00,1891,call,LOC0152
CDR009219,PH01125,PH00284,2026-04-27 19:23:00,1775,app_message,LOC0035
CDR009220,PH00803,PH01138,2026-03-23 11:00:00,1413,sms,LOC0024
CDR009221,PH00084,PH00915,2026-08-09 09:15:00,1813,app_message,LOC0059
CDR009222,PH00694,PH01005,2026-07-09 06:52:00,1489,app_message,LOC0031
CDR009223,PH01069,PH00633,2026-01-26 00:00:00,1822,call,LOC0100
CDR009224,PH00777,PH00075,2026-05-08 21:13:00,1373,call,LOC0145
CDR009225,PH00407,PH00642,2026-04-22 21:21:00,836,sms,LOC0025
CDR009226,PH00820,PH00690,2026-02-15 11:35:00,1806,app_message,LOC0047
CDR009227,PH00019,PH00039,2026-08-03 14:05:00,499,call,LOC0002
CDR009228,PH00233,PH00052,2026-05-29 21:25:00,957,sms,LOC0114
CDR009229,PH00600,PH00133,2026-01-19 20:44:00,1327,sms,LOC0089
CDR009230,PH00032,PH00013,2026-03-23 14:54:00,685,app_message,LOC0061
CDR009231,PH00963,PH00792,2026-06-27 03:33:00,1539,call,LOC0177
CDR009232,PH00491,PH00449,2026-04-17 18:41:00,149,sms,LOC0076
CDR009233,PH00793,PH01030,2026-06-21 09:32:00,2302,call,LOC0022
CDR009234,PH00924,PH00962,2026-02-21 15:12:00,1799,sms,LOC0146
CDR009235,PH00330,PH00276,2026-03-27 16:37:00,305,call,LOC0111
CDR009236,PH00835,PH00337,2026-03-27 10:22:00,1161,app_message,LOC0024
CDR009237,PH00307,PH00705,2026-05-13 15:49:00,816,app_message,LOC0031
CDR009238,PH01096,PH00277,2026-06-15 21:23:00,387,call,LOC0038
CDR009239,PH00972,PH00211,2026-04-05 09:03:00,1285,sms,LOC0101
CDR009240,PH00559,PH00075,2026-05-22 00:51:00,589,call,LOC0030
CDR009241,PH00102,PH00446,2026-03-02 05:28:00,2084,app_message,LOC0021
CDR009242,PH00396,PH00279,2026-03-07 08:56:00,2384,call,LOC0116
CDR009243,PH00678,PH00418,2026-05-10 14:40:00,1290,call,LOC0148
CDR009244,PH00477,PH00430,2026-01-16 15:08:00,297,app_message,LOC0166
CDR009245,PH00334,PH00085,2026-03-25 01:39:00,2068,call,LOC0018
CDR009246,PH01152,PH00524,2026-07-12 01:16:00,2036,sms,LOC0029
CDR009247,PH00906,PH00480,2026-06-02 15:10:00,536,sms,LOC0074
CDR009248,PH00343,PH01028,2026-02-07 19:11:00,119,sms,LOC0097
CDR009249,PH00438,PH00936,2026-01-23 10:47:00,1293,app_message,LOC0107
CDR009250,PH00023,PH00750,2026-05-26 18:25:00,1169,call,LOC0169
CDR009251,PH00006,PH01075,2026-07-19 08:14:00,969,sms,LOC0025
CDR009252,PH01073,PH00194,2026-08-06 20:17:00,1741,app_message,LOC0109
CDR009253,PH00304,PH00382,2026-06-19 04:44:00,2084,sms,LOC0124
CDR009254,PH00847,PH00761,2026-03-17 21:04:00,56,app_message,LOC0007
CDR009255,PH00906,PH00075,2026-04-04 22:15:00,842,app_message,LOC0024
CDR009256,PH00091,PH01044,2026-03-13 15:30:00,1880,sms,LOC0061
CDR009257,PH00649,PH00671,2026-08-22 17:25:00,517,sms,LOC0013
CDR009258,PH00044,PH00376,2026-05-20 11:17:00,94,sms,LOC0098
CDR009259,PH00275,PH00237,2026-07-28 20:58:00,1865,sms,LOC0119
CDR009260,PH00974,PH00211,2026-06-05 06:32:00,651,sms,LOC0005
CDR009261,PH00133,PH00683,2026-08-17 23:01:00,1278,call,LOC0094
CDR009262,PH00848,PH00184,2026-08-19 19:55:00,1231,call,LOC0088
CDR009263,PH01065,PH00114,2026-04-11 22:58:00,280,sms,LOC0046
CDR009264,PH00369,PH00824,2026-04-05 09:54:00,193,call,LOC0068
CDR009265,PH00345,PH01087,2026-07-16 17:41:00,653,sms,LOC0138
CDR009266,PH01017,PH00941,2026-07-08 16:34:00,1021,app_message,LOC0116
CDR009267,PH00699,PH00499,2026-07-21 11:46:00,373,app_message,LOC0133
CDR009268,PH00072,PH00492,2026-07-11 15:00:00,1161,app_message,LOC0058
CDR009269,PH00049,PH00453,2026-03-30 07:13:00,1448,call,LOC0030
CDR009270,PH01160,PH01059,2026-03-09 15:57:00,663,sms,LOC0036
CDR009271,PH00396,PH00461,2026-07-20 07:22:00,1063,call,LOC0047
CDR009272,PH00738,PH00743,2026-03-07 21:39:00,2047,app_message,LOC0048
CDR009273,PH00539,PH00560,2026-01-06 16:43:00,2353,call,LOC0171
CDR009274,PH00079,PH00209,2026-07-29 13:24:00,1984,sms,LOC0084
CDR009275,PH00182,PH00537,2026-01-21 05:26:00,1231,call,LOC0168
CDR009276,PH01184,PH00986,2026-06-25 11:12:00,774,sms,LOC0054
CDR009277,PH00674,PH00444,2026-01-31 15:11:00,1027,call,LOC0051
CDR009278,PH00554,PH00674,2026-04-17 02:33:00,2161,app_message,LOC0167
CDR009279,PH00632,PH00122,2026-01-15 05:09:00,2099,sms,LOC0121
CDR009280,PH00931,PH00451,2026-05-01 07:36:00,1208,call,LOC0165
CDR009281,PH01012,PH00749,2026-05-11 18:47:00,2392,app_message,LOC0038
CDR009282,PH00958,PH00059,2026-01-05 14:14:00,882,sms,LOC0180
CDR009283,PH00913,PH00189,2026-07-16 20:39:00,913,sms,LOC0177
CDR009284,PH00984,PH01093,2026-05-17 19:44:00,837,sms,LOC0021
CDR009285,PH01081,PH01166,2026-04-11 20:21:00,1779,call,LOC0035
CDR009286,PH00424,PH00223,2026-01-12 20:49:00,1910,sms,LOC0140
CDR009287,PH00503,PH00958,2026-08-10 09:53:00,1796,app_message,LOC0138
CDR009288,PH00114,PH00558,2026-04-03 03:01:00,2131,call,LOC0050
CDR009289,PH00540,PH00472,2026-06-11 08:12:00,1493,call,LOC0160
CDR009290,PH00135,PH00357,2026-06-16 20:56:00,1048,call,LOC0048
CDR009291,PH01189,PH00844,2026-06-30 08:54:00,296,sms,LOC0104
CDR009292,PH00369,PH00611,2026-03-07 22:55:00,2369,call,LOC0012
CDR009293,PH00536,PH01160,2026-05-20 18:16:00,1151,sms,LOC0061
CDR009294,PH00627,PH00912,2026-03-25 19:13:00,2123,call,LOC0109
CDR009295,PH00839,PH00117,2026-08-29 19:53:00,538,app_message,LOC0021
CDR009296,PH00272,PH00508,2026-05-24 19:27:00,333,sms,LOC0014
CDR009297,PH00415,PH00196,2026-06-04 20:31:00,1946,app_message,LOC0126
CDR009298,PH01140,PH00084,2026-05-30 00:09:00,1207,call,LOC0129
CDR009299,PH00930,PH00063,2026-04-16 15:15:00,2066,call,LOC0071
CDR009300,PH00338,PH00596,2026-04-20 19:31:00,1872,call,LOC0162
CDR009301,PH01162,PH00509,2026-03-01 19:02:00,548,sms,LOC0039
CDR009302,PH00264,PH01125,2026-01-02 04:42:00,1083,call,LOC0008
CDR009303,PH01111,PH00732,2026-05-29 04:28:00,825,call,LOC0094
CDR009304,PH00933,PH01026,2026-07-28 05:09:00,1619,call,LOC0053
CDR009305,PH00443,PH00265,2026-03-22 23:33:00,510,sms,LOC0038
CDR009306,PH00021,PH00236,2026-07-03 04:10:00,1128,sms,LOC0108
CDR009307,PH00729,PH00894,2026-04-21 13:51:00,118,sms,LOC0018
CDR009308,PH00356,PH00036,2026-06-23 23:05:00,1696,sms,LOC0175
CDR009309,PH01106,PH00465,2026-08-22 12:13:00,2289,app_message,LOC0025
CDR009310,PH00448,PH00899,2026-05-16 23:54:00,1779,app_message,LOC0060
CDR009311,PH00873,PH01028,2026-06-10 16:58:00,1002,app_message,LOC0114
CDR009312,PH00235,PH00093,2026-06-30 14:13:00,782,call,LOC0134
CDR009313,PH00670,PH01106,2026-05-18 09:13:00,1135,app_message,LOC0081
CDR009314,PH01152,PH00921,2026-08-11 03:34:00,1091,sms,LOC0140
CDR009315,PH00741,PH00197,2026-05-17 05:41:00,354,app_message,LOC0058
CDR009316,PH00325,PH00533,2026-05-15 09:41:00,1991,sms,LOC0071
CDR009317,PH01110,PH01092,2026-03-16 14:44:00,2310,sms,LOC0166
CDR009318,PH00312,PH00609,2026-08-13 11:24:00,728,app_message,LOC0171
CDR009319,PH00765,PH00418,2026-06-24 22:04:00,307,sms,LOC0134
CDR009320,PH00977,PH01063,2026-06-25 18:39:00,1573,sms,LOC0156
CDR009321,PH00580,PH00057,2026-06-14 22:15:00,616,sms,LOC0143
CDR009322,PH00585,PH00964,2026-06-01 10:33:00,1002,call,LOC0159
CDR009323,PH01038,PH00001,2026-05-31 07:27:00,2240,app_message,LOC0136
CDR009324,PH00090,PH01062,2026-05-12 11:56:00,2119,sms,LOC0167
CDR009325,PH00085,PH00207,2026-02-28 14:02:00,2312,call,LOC0003
CDR009326,PH00131,PH00394,2026-02-18 14:55:00,187,call,LOC0049
CDR009327,PH00024,PH00186,2026-07-04 23:19:00,1023,sms,LOC0006
CDR009328,PH00980,PH00702,2026-04-26 17:43:00,1207,call,LOC0059
CDR009329,PH00122,PH00390,2026-03-02 04:12:00,2101,call,LOC0009
CDR009330,PH00577,PH01095,2026-01-23 06:24:00,1140,call,LOC0121
CDR009331,PH00086,PH00908,2026-02-10 05:38:00,523,sms,LOC0110
CDR009332,PH01178,PH00861,2026-06-13 23:32:00,92,app_message,LOC0111
CDR009333,PH00845,PH00465,2026-08-04 04:26:00,697,sms,LOC0062
CDR009334,PH01125,PH01050,2026-06-25 08:24:00,88,sms,LOC0024
CDR009335,PH00823,PH00145,2026-03-03 00:34:00,1521,sms,LOC0164
CDR009336,PH00655,PH00548,2026-01-22 22:45:00,495,app_message,LOC0111
CDR009337,PH00059,PH00803,2026-02-09 04:13:00,1447,sms,LOC0056
CDR009338,PH00901,PH01137,2026-03-25 11:32:00,619,sms,LOC0154
CDR009339,PH00266,PH00457,2026-06-24 09:05:00,1577,sms,LOC0017
CDR009340,PH01009,PH00655,2026-04-08 22:13:00,1619,sms,LOC0146
CDR009341,PH00731,PH00641,2026-07-20 20:24:00,5,sms,LOC0064
CDR009342,PH00983,PH00763,2026-06-23 04:07:00,2340,call,LOC0044
CDR009343,PH00340,PH00913,2026-08-24 18:06:00,162,call,LOC0155
CDR009344,PH00014,PH00076,2026-02-03 06:01:00,268,call,LOC0079
CDR009345,PH00243,PH00355,2026-06-24 02:39:00,159,sms,LOC0132
CDR009346,PH00075,PH00265,2026-08-16 11:35:00,470,sms,LOC0179
CDR009347,PH00937,PH00480,2026-06-29 16:05:00,1184,call,LOC0057
CDR009348,PH00729,PH00271,2026-03-22 03:54:00,447,app_message,LOC0110
CDR009349,PH00678,PH00679,2026-03-14 14:05:00,1186,call,LOC0063
CDR009350,PH00355,PH00538,2026-06-02 19:35:00,930,app_message,LOC0176
CDR009351,PH00502,PH00282,2026-05-10 11:05:00,1512,call,LOC0095
CDR009352,PH00902,PH00809,2026-03-18 19:09:00,1271,app_message,LOC0147
CDR009353,PH00745,PH00096,2026-08-13 14:21:00,700,call,LOC0041
CDR009354,PH00586,PH00827,2026-02-03 12:18:00,541,app_message,LOC0096
CDR009355,PH00019,PH00935,2026-08-11 23:08:00,1188,sms,LOC0053
CDR009356,PH01032,PH00930,2026-03-19 13:31:00,577,app_message,LOC0016
CDR009357,PH00956,PH00819,2026-05-09 21:20:00,82,app_message,LOC0058
CDR009358,PH00875,PH01141,2026-05-22 03:37:00,1935,app_message,LOC0071
CDR009359,PH01146,PH00589,2026-04-03 20:13:00,999,sms,LOC0022
CDR009360,PH00963,PH00698,2026-01-31 22:26:00,1314,app_message,LOC0101
CDR009361,PH00188,PH00534,2026-08-13 13:41:00,2311,app_message,LOC0091
CDR009362,PH00414,PH01001,2026-05-30 00:30:00,2358,sms,LOC0030
CDR009363,PH00483,PH00005,2026-01-13 02:01:00,1165,sms,LOC0106
CDR009364,PH01181,PH00404,2026-04-25 15:32:00,807,app_message,LOC0103
CDR009365,PH01134,PH00021,2026-05-17 16:48:00,1997,sms,LOC0046
CDR009366,PH00427,PH00474,2026-04-15 08:29:00,817,app_message,LOC0030
CDR009367,PH00544,PH00488,2026-02-05 02:04:00,904,sms,LOC0128
CDR009368,PH00118,PH01120,2026-01-15 18:13:00,1321,sms,LOC0094
CDR009369,PH00861,PH00259,2026-03-12 15:54:00,146,app_message,LOC0049
CDR009370,PH00474,PH00758,2026-06-20 13:55:00,1320,call,LOC0157
CDR009371,PH00400,PH01099,2026-01-15 20:19:00,888,call,LOC0052
CDR009372,PH00064,PH00044,2026-03-09 05:28:00,2397,app_message,LOC0134
CDR009373,PH00720,PH00487,2026-01-20 14:52:00,768,call,LOC0177
CDR009374,PH00602,PH00683,2026-01-28 21:20:00,1936,call,LOC0110
CDR009375,PH00264,PH00415,2026-01-26 17:25:00,1357,call,LOC0022
CDR009376,PH01053,PH00019,2026-02-20 15:57:00,604,call,LOC0139
CDR009377,PH00233,PH00164,2026-01-09 09:15:00,52,app_message,LOC0021
CDR009378,PH01200,PH00644,2026-04-25 19:39:00,1416,app_message,LOC0052
CDR009379,PH00190,PH00503,2026-06-15 12:12:00,189,sms,LOC0109
CDR009380,PH00738,PH00983,2026-01-24 13:44:00,2025,app_message,LOC0062
CDR009381,PH00637,PH00305,2026-01-19 21:07:00,565,sms,LOC0027
CDR009382,PH00099,PH00655,2026-08-05 17:28:00,1947,app_message,LOC0126
CDR009383,PH00645,PH01152,2026-08-16 10:25:00,635,sms,LOC0071
CDR009384,PH01092,PH00597,2026-07-12 05:54:00,797,app_message,LOC0042
CDR009385,PH00878,PH00926,2026-02-09 07:15:00,1432,call,LOC0158
CDR009386,PH00966,PH00102,2026-08-15 07:34:00,1925,sms,LOC0118
CDR009387,PH00387,PH00164,2026-08-12 02:39:00,349,app_message,LOC0085
CDR009388,PH00350,PH00477,2026-01-07 15:17:00,413,app_message,LOC0132
CDR009389,PH00463,PH00629,2026-02-02 22:55:00,96,app_message,LOC0043
CDR009390,PH00386,PH00351,2026-04-17 13:47:00,2371,sms,LOC0029
CDR009391,PH00962,PH00171,2026-01-02 21:27:00,2077,app_message,LOC0117
CDR009392,PH00771,PH00835,2026-07-02 13:40:00,1785,app_message,LOC0060
CDR009393,PH00248,PH00597,2026-08-01 12:16:00,354,app_message,LOC0059
CDR009394,PH00306,PH00683,2026-06-06 13:28:00,9,call,LOC0167
CDR009395,PH01081,PH00688,2026-03-01 03:04:00,2140,sms,LOC0161
CDR009396,PH01006,PH00708,2026-05-15 21:26:00,2029,sms,LOC0030
CDR009397,PH00858,PH00027,2026-07-04 02:18:00,2060,app_message,LOC0061
CDR009398,PH00095,PH00334,2026-08-10 06:32:00,1057,app_message,LOC0104
CDR009399,PH00352,PH00976,2026-06-25 20:32:00,446,app_message,LOC0093
CDR009400,PH00194,PH00964,2026-05-04 08:01:00,1789,sms,LOC0051
CDR009401,PH00302,PH00172,2026-02-01 02:32:00,1266,sms,LOC0128
CDR009402,PH00328,PH00093,2026-02-28 02:09:00,2111,call,LOC0056
CDR009403,PH01086,PH00549,2026-08-23 12:55:00,2370,app_message,LOC0125
CDR009404,PH00571,PH01011,2026-04-10 19:38:00,1072,sms,LOC0101
CDR009405,PH00368,PH01056,2026-06-29 05:46:00,1531,sms,LOC0089
CDR009406,PH01109,PH00055,2026-08-20 20:51:00,792,app_message,LOC0075
CDR009407,PH00470,PH00951,2026-05-30 14:04:00,2377,app_message,LOC0115
CDR009408,PH00834,PH01012,2026-03-05 07:37:00,1674,call,LOC0153
CDR009409,PH00627,PH00241,2026-03-01 21:37:00,1982,sms,LOC0046
CDR009410,PH00286,PH00164,2026-04-30 14:29:00,1163,call,LOC0031
CDR009411,PH00885,PH01059,2026-02-04 17:59:00,224,call,LOC0006
CDR009412,PH00555,PH00578,2026-01-29 01:50:00,2324,app_message,LOC0093
CDR009413,PH00018,PH00075,2026-05-19 19:00:00,213,sms,LOC0115
CDR009414,PH01058,PH00226,2026-07-23 15:52:00,816,call,LOC0140
CDR009415,PH01025,PH01186,2026-05-16 17:25:00,177,app_message,LOC0073
CDR009416,PH00909,PH00439,2026-01-16 19:54:00,2214,app_message,LOC0148
CDR009417,PH00374,PH00259,2026-07-10 22:39:00,144,sms,LOC0001
CDR009418,PH00580,PH01168,2026-02-21 10:42:00,1366,sms,LOC0162
CDR009419,PH00298,PH01161,2026-06-09 11:58:00,1818,call,LOC0163
CDR009420,PH00929,PH00464,2026-05-23 16:39:00,1497,sms,LOC0131
CDR009421,PH00500,PH00340,2026-01-29 23:47:00,539,sms,LOC0112
CDR009422,PH00805,PH00776,2026-06-27 17:24:00,293,sms,LOC0114
CDR009423,PH00106,PH00795,2026-04-08 13:17:00,1704,app_message,LOC0045
CDR009424,PH00621,PH00957,2026-06-07 14:23:00,2066,sms,LOC0054
CDR009425,PH01175,PH00083,2026-03-06 19:44:00,868,sms,LOC0103
CDR009426,PH00906,PH00078,2026-07-04 09:38:00,658,call,LOC0039
CDR009427,PH00815,PH00868,2026-05-13 08:32:00,868,sms,LOC0081
CDR009428,PH00852,PH00787,2026-06-12 01:35:00,2270,call,LOC0141
CDR009429,PH00817,PH00947,2026-04-10 16:52:00,553,call,LOC0162
CDR009430,PH00344,PH00628,2026-05-17 00:47:00,1889,app_message,LOC0096
CDR009431,PH01142,PH00760,2026-03-30 06:24:00,21,app_message,LOC0005
CDR009432,PH00985,PH01001,2026-08-28 22:12:00,1909,sms,LOC0125
CDR009433,PH00909,PH01162,2026-05-17 07:49:00,125,app_message,LOC0171
CDR009434,PH00932,PH01188,2026-05-11 23:02:00,246,app_message,LOC0141
CDR009435,PH00796,PH00531,2026-03-23 22:31:00,715,sms,LOC0156
CDR009436,PH00775,PH00190,2026-01-12 14:56:00,1089,call,LOC0021
CDR009437,PH00959,PH00577,2026-04-14 17:02:00,2058,sms,LOC0159
CDR009438,PH00077,PH00995,2026-01-23 03:48:00,1563,sms,LOC0081
CDR009439,PH00330,PH00707,2026-04-29 17:04:00,1297,sms,LOC0056
CDR009440,PH00416,PH00080,2026-04-27 02:33:00,2166,sms,LOC0061
CDR009441,PH00530,PH01138,2026-06-14 02:45:00,1555,sms,LOC0168
CDR009442,PH00787,PH00595,2026-07-06 19:47:00,2040,sms,LOC0014
CDR009443,PH01045,PH00727,2026-02-17 12:45:00,1020,sms,LOC0001
CDR009444,PH01050,PH00260,2026-01-18 21:56:00,2196,app_message,LOC0142
CDR009445,PH00489,PH00430,2026-04-05 14:12:00,1098,sms,LOC0140
CDR009446,PH00969,PH00066,2026-06-03 13:35:00,1760,sms,LOC0004
CDR009447,PH00904,PH00611,2026-02-12 20:27:00,1619,app_message,LOC0054
CDR009448,PH00910,PH01158,2026-06-10 00:50:00,2077,call,LOC0091
CDR009449,PH01058,PH00352,2026-05-10 18:08:00,318,sms,LOC0179
CDR009450,PH00159,PH00541,2026-07-14 19:57:00,24,sms,LOC0176
CDR009451,PH00783,PH00862,2026-05-17 09:56:00,2111,app_message,LOC0179
CDR009452,PH01047,PH00054,2026-01-16 23:05:00,1618,sms,LOC0157
CDR009453,PH01166,PH01183,2026-01-13 06:23:00,2010,call,LOC0083
CDR009454,PH00895,PH00369,2026-03-04 01:48:00,1301,app_message,LOC0161
CDR009455,PH01172,PH00801,2026-04-23 11:08:00,1853,app_message,LOC0042
CDR009456,PH00768,PH00394,2026-03-08 12:20:00,2355,app_message,LOC0174
CDR009457,PH00233,PH00606,2026-02-13 09:44:00,2234,sms,LOC0161
CDR009458,PH00016,PH01124,2026-05-13 12:37:00,763,sms,LOC0157
CDR009459,PH00579,PH00616,2026-08-30 02:13:00,142,sms,LOC0132
CDR009460,PH00898,PH00051,2026-05-02 07:54:00,725,sms,LOC0112
CDR009461,PH00585,PH00320,2026-05-27 03:45:00,2157,sms,LOC0078
CDR009462,PH00675,PH00468,2026-04-02 06:03:00,1341,sms,LOC0050
CDR009463,PH00492,PH00882,2026-06-11 10:28:00,1319,call,LOC0051
CDR009464,PH00002,PH00215,2026-01-23 09:57:00,2301,call,LOC0014
CDR009465,PH00805,PH00435,2026-04-13 22:09:00,2358,sms,LOC0119
CDR009466,PH00492,PH00178,2026-02-14 21:43:00,2004,app_message,LOC0039
CDR009467,PH00392,PH00509,2026-02-22 14:14:00,2252,app_message,LOC0175
CDR009468,PH00510,PH00524,2026-08-28 12:28:00,967,call,LOC0007
CDR009469,PH00671,PH00940,2026-02-07 02:28:00,1881,sms,LOC0175
CDR009470,PH00537,PH01084,2026-04-21 08:24:00,1724,sms,LOC0144
CDR009471,PH01114,PH00571,2026-06-28 03:20:00,1866,sms,LOC0098
CDR009472,PH00315,PH01007,2026-07-28 05:10:00,1916,sms,LOC0026
CDR009473,PH00052,PH00233,2026-01-07 13:27:00,1499,app_message,LOC0049
CDR009474,PH00382,PH00989,2026-01-04 12:30:00,1693,app_message,LOC0145
CDR009475,PH00576,PH00752,2026-01-28 22:42:00,1354,app_message,LOC0145
CDR009476,PH01024,PH00166,2026-04-21 04:19:00,1449,sms,LOC0137
CDR009477,PH00891,PH00883,2026-06-08 16:46:00,1533,call,LOC0143
CDR009478,PH00163,PH00483,2026-02-08 01:14:00,573,sms,LOC0142
CDR009479,PH00440,PH00626,2026-04-07 08:01:00,1656,call,LOC0054
CDR009480,PH00848,PH00215,2026-01-09 00:32:00,488,app_message,LOC0109
CDR009481,PH00860,PH00398,2026-05-13 06:26:00,1205,call,LOC0120
CDR009482,PH00018,PH00990,2026-05-05 13:09:00,35,app_message,LOC0076
CDR009483,PH00438,PH01156,2026-04-02 19:29:00,1895,sms,LOC0010
CDR009484,PH00553,PH00351,2026-02-27 21:27:00,1909,call,LOC0069
CDR009485,PH01103,PH00986,2026-02-07 06:32:00,688,app_message,LOC0073
CDR009486,PH00626,PH01170,2026-01-08 21:21:00,303,sms,LOC0144
CDR009487,PH00384,PH00744,2026-06-18 03:33:00,1282,sms,LOC0003
CDR009488,PH00127,PH01192,2026-01-13 12:04:00,37,app_message,LOC0160
CDR009489,PH00790,PH00575,2026-07-12 23:38:00,1399,sms,LOC0014
CDR009490,PH00094,PH00817,2026-08-28 07:04:00,1193,sms,LOC0050
CDR009491,PH00356,PH00548,2026-06-10 08:00:00,1555,sms,LOC0074
CDR009492,PH00453,PH00025,2026-01-14 23:46:00,435,call,LOC0138
CDR009493,PH00977,PH00597,2026-07-10 10:22:00,2076,app_message,LOC0005
CDR009494,PH00177,PH00206,2026-03-14 17:05:00,6,sms,LOC0146
CDR009495,PH00915,PH00857,2026-07-11 00:02:00,673,sms,LOC0163
CDR009496,PH01121,PH00574,2026-05-19 09:05:00,577,sms,LOC0171
CDR009497,PH00592,PH00961,2026-08-08 06:10:00,738,app_message,LOC0115
CDR009498,PH00124,PH00053,2026-06-27 16:34:00,1442,call,LOC0113
CDR009499,PH00669,PH00576,2026-02-28 12:44:00,2022,call,LOC0165
CDR009500,PH00442,PH00571,2026-08-28 10:30:00,1114,call,LOC0146
CDR009501,PH00708,PH00597,2026-02-01 09:03:00,213,call,LOC0030
CDR009502,PH00633,PH00878,2026-08-22 19:46:00,2120,sms,LOC0173
CDR009503,PH00984,PH00226,2026-07-31 17:32:00,214,sms,LOC0107
CDR009504,PH00780,PH00514,2026-05-08 03:33:00,1204,sms,LOC0006
CDR009505,PH00118,PH00486,2026-08-18 18:11:00,835,call,LOC0093
CDR009506,PH00295,PH00755,2026-04-10 07:03:00,220,sms,LOC0060
CDR009507,PH00416,PH00606,2026-07-26 00:17:00,571,sms,LOC0053
CDR009508,PH00750,PH00429,2026-01-21 11:35:00,2352,app_message,LOC0113
CDR009509,PH01114,PH00998,2026-05-31 17:23:00,2352,call,LOC0077
CDR009510,PH00942,PH00432,2026-01-27 05:32:00,389,sms,LOC0010
CDR009511,PH00870,PH00366,2026-08-09 22:00:00,487,sms,LOC0003
CDR009512,PH00236,PH00693,2026-01-25 07:24:00,1858,call,LOC0121
CDR009513,PH00771,PH00685,2026-06-21 11:25:00,543,sms,LOC0151
CDR009514,PH00615,PH00442,2026-01-17 01:22:00,583,call,LOC0150
CDR009515,PH00031,PH00724,2026-04-02 07:19:00,2272,call,LOC0158
CDR009516,PH01158,PH01051,2026-02-01 10:03:00,222,sms,LOC0152
CDR009517,PH00861,PH01186,2026-01-21 13:46:00,2298,call,LOC0137
CDR009518,PH00918,PH00726,2026-08-31 07:07:00,1221,sms,LOC0120
CDR009519,PH00842,PH00388,2026-02-12 03:14:00,2191,sms,LOC0158
CDR009520,PH00868,PH00311,2026-07-11 03:50:00,805,sms,LOC0174
CDR009521,PH00667,PH00382,2026-03-21 12:08:00,1018,app_message,LOC0023
CDR009522,PH00606,PH00416,2026-03-21 01:50:00,1451,call,LOC0110
CDR009523,PH00387,PH00047,2026-02-01 21:54:00,2233,sms,LOC0059
CDR009524,PH00718,PH00313,2026-07-21 14:28:00,1357,app_message,LOC0010
CDR009525,PH00692,PH00925,2026-06-12 03:15:00,1307,call,LOC0120
CDR009526,PH00508,PH00909,2026-03-17 17:34:00,855,app_message,LOC0095
CDR009527,PH00650,PH00367,2026-08-01 15:09:00,2389,sms,LOC0057
CDR009528,PH00736,PH00684,2026-02-25 03:06:00,2140,app_message,LOC0009
CDR009529,PH01119,PH00853,2026-01-12 00:33:00,643,sms,LOC0092
CDR009530,PH01031,PH00717,2026-04-16 22:55:00,2318,app_message,LOC0069
CDR009531,PH00556,PH00599,2026-07-19 19:43:00,785,call,LOC0022
CDR009532,PH00202,PH00244,2026-05-03 05:43:00,1890,app_message,LOC0143
CDR009533,PH00481,PH00358,2026-06-17 01:24:00,1878,app_message,LOC0147
CDR009534,PH01135,PH00372,2026-04-26 04:24:00,901,call,LOC0007
CDR009535,PH00534,PH00081,2026-02-09 06:01:00,1190,app_message,LOC0178
CDR009536,PH00582,PH00312,2026-03-27 07:01:00,1886,app_message,LOC0003
CDR009537,PH00308,PH00737,2026-04-19 18:33:00,343,app_message,LOC0019
CDR009538,PH00474,PH01152,2026-07-05 16:57:00,2238,app_message,LOC0157
CDR009539,PH00822,PH01132,2026-03-20 04:24:00,1992,call,LOC0097
CDR009540,PH00288,PH00275,2026-08-15 11:15:00,1808,sms,LOC0110
CDR009541,PH01119,PH00583,2026-01-23 14:38:00,2182,app_message,LOC0122
CDR009542,PH00269,PH00724,2026-08-07 23:45:00,336,app_message,LOC0104
CDR009543,PH00454,PH00479,2026-08-16 21:54:00,1289,app_message,LOC0170
CDR009544,PH00943,PH00540,2026-04-18 00:38:00,460,sms,LOC0042
CDR009545,PH01126,PH00504,2026-03-03 17:05:00,572,sms,LOC0179
CDR009546,PH00814,PH00955,2026-02-01 03:07:00,924,call,LOC0034
CDR009547,PH01172,PH00186,2026-07-08 13:32:00,800,call,LOC0149
CDR009548,PH00195,PH01062,2026-02-15 17:08:00,1660,sms,LOC0133
CDR009549,PH01184,PH01182,2026-08-24 02:22:00,2172,app_message,LOC0019
CDR009550,PH00885,PH00292,2026-07-02 01:24:00,2040,app_message,LOC0173
CDR009551,PH00624,PH00574,2026-01-26 03:09:00,936,app_message,LOC0131
CDR009552,PH00876,PH00033,2026-06-29 07:47:00,788,app_message,LOC0083
CDR009553,PH01164,PH00256,2026-08-27 18:33:00,758,call,LOC0080
CDR009554,PH00200,PH01128,2026-03-13 18:48:00,573,sms,LOC0164
CDR009555,PH00288,PH00912,2026-04-28 13:04:00,1806,app_message,LOC0021
CDR009556,PH00661,PH00054,2026-08-18 13:11:00,913,call,LOC0073
CDR009557,PH01038,PH01003,2026-02-21 18:51:00,1083,call,LOC0034
CDR009558,PH01197,PH00701,2026-02-16 09:28:00,910,sms,LOC0123
CDR009559,PH00285,PH00835,2026-02-11 01:53:00,363,sms,LOC0063
CDR009560,PH01067,PH00489,2026-01-11 23:41:00,448,app_message,LOC0041
CDR009561,PH00254,PH00267,2026-01-18 07:42:00,956,app_message,LOC0102
CDR009562,PH00324,PH00788,2026-02-26 03:37:00,707,app_message,LOC0179
CDR009563,PH00740,PH00347,2026-06-05 09:53:00,1745,sms,LOC0080
CDR009564,PH00387,PH00657,2026-01-14 04:04:00,1842,app_message,LOC0103
CDR009565,PH00355,PH00952,2026-02-01 20:27:00,1340,call,LOC0145
CDR009566,PH00496,PH00786,2026-07-29 15:11:00,2056,call,LOC0066
CDR009567,PH00794,PH00167,2026-05-05 21:33:00,859,call,LOC0086
CDR009568,PH01126,PH00635,2026-06-17 14:30:00,1004,sms,LOC0175
CDR009569,PH00391,PH00406,2026-06-26 04:27:00,1563,app_message,LOC0010
CDR009570,PH01142,PH00558,2026-01-17 02:56:00,384,app_message,LOC0124
CDR009571,PH00152,PH00462,2026-04-25 03:14:00,1521,call,LOC0098
CDR009572,PH01175,PH00751,2026-03-25 07:10:00,2242,call,LOC0086
CDR009573,PH00233,PH01085,2026-03-06 08:22:00,952,call,LOC0065
CDR009574,PH00269,PH00785,2026-01-02 13:49:00,1299,call,LOC0053
CDR009575,PH00677,PH00619,2026-05-17 17:05:00,265,sms,LOC0160
CDR009576,PH01010,PH00066,2026-05-27 15:48:00,1614,call,LOC0045
CDR009577,PH01009,PH00860,2026-03-25 10:35:00,1932,call,LOC0062
CDR009578,PH01009,PH01196,2026-01-06 22:49:00,1109,call,LOC0178
CDR009579,PH00787,PH00875,2026-05-09 09:56:00,1758,sms,LOC0036
CDR009580,PH00612,PH00611,2026-05-28 03:44:00,2197,sms,LOC0069
CDR009581,PH00354,PH00211,2026-03-18 15:36:00,1264,app_message,LOC0142
CDR009582,PH00122,PH01044,2026-05-20 02:12:00,1738,call,LOC0172
CDR009583,PH00637,PH00474,2026-06-10 14:17:00,192,app_message,LOC0139
CDR009584,PH01025,PH00764,2026-04-05 08:48:00,977,sms,LOC0129
CDR009585,PH00436,PH00783,2026-04-06 07:46:00,1955,app_message,LOC0084
CDR009586,PH00549,PH00964,2026-06-10 07:52:00,583,call,LOC0044
CDR009587,PH00116,PH00948,2026-04-10 16:57:00,2176,call,LOC0083
CDR009588,PH01115,PH00286,2026-03-22 17:40:00,1813,sms,LOC0086
CDR009589,PH00802,PH00172,2026-02-17 02:01:00,5,call,LOC0117
CDR009590,PH01084,PH01134,2026-04-22 19:44:00,2275,app_message,LOC0160
CDR009591,PH00907,PH00979,2026-01-24 22:07:00,257,call,LOC0122
CDR009592,PH00899,PH00762,2026-04-14 11:24:00,1572,sms,LOC0015
CDR009593,PH00444,PH00938,2026-08-01 12:50:00,239,app_message,LOC0071
CDR009594,PH00751,PH00442,2026-04-03 22:33:00,2050,sms,LOC0032
CDR009595,PH00304,PH00514,2026-03-03 03:10:00,1847,app_message,LOC0120
CDR009596,PH00064,PH00561,2026-04-08 15:41:00,1802,sms,LOC0056
CDR009597,PH00213,PH00102,2026-03-03 19:17:00,199,app_message,LOC0146
CDR009598,PH00376,PH00877,2026-04-22 05:44:00,1844,app_message,LOC0064
CDR009599,PH00812,PH00549,2026-03-10 03:59:00,937,app_message,LOC0068
CDR009600,PH00012,PH00680,2026-03-29 11:43:00,1698,call,LOC0160
CDR009601,PH01052,PH00461,2026-03-02 13:41:00,2100,call,LOC0002
CDR009602,PH00984,PH01069,2026-03-20 04:19:00,953,app_message,LOC0033
CDR009603,PH00946,PH00761,2026-05-23 02:03:00,974,sms,LOC0167
CDR009604,PH00854,PH00291,2026-01-01 21:26:00,401,sms,LOC0089
CDR009605,PH00997,PH00561,2026-01-12 14:32:00,1139,call,LOC0156
CDR009606,PH00223,PH00882,2026-07-23 14:41:00,791,call,LOC0057
CDR009607,PH00945,PH00803,2026-05-28 06:34:00,1660,app_message,LOC0057
CDR009608,PH00989,PH00796,2026-01-09 19:48:00,1486,sms,LOC0119
CDR009609,PH00156,PH00183,2026-05-20 08:53:00,491,call,LOC0111
CDR009610,PH01055,PH00326,2026-08-31 21:40:00,2085,sms,LOC0019
CDR009611,PH00915,PH00054,2026-06-21 10:35:00,969,sms,LOC0131
CDR009612,PH01152,PH00767,2026-05-02 01:09:00,480,sms,LOC0102
CDR009613,PH00295,PH00476,2026-02-16 12:16:00,1771,sms,LOC0075
CDR009614,PH00693,PH00135,2026-01-25 14:10:00,1188,call,LOC0084
CDR009615,PH00937,PH00537,2026-04-03 22:06:00,2290,call,LOC0015
CDR009616,PH00883,PH00787,2026-05-08 08:18:00,2287,sms,LOC0048
CDR009617,PH00447,PH00040,2026-04-08 14:19:00,1776,sms,LOC0074
CDR009618,PH01100,PH00094,2026-06-12 06:07:00,2070,call,LOC0166
CDR009619,PH00720,PH00144,2026-03-20 08:29:00,1938,call,LOC0086
CDR009620,PH01144,PH00746,2026-07-29 14:53:00,753,call,LOC0103
CDR009621,PH00511,PH00850,2026-05-18 23:18:00,801,app_message,LOC0062
CDR009622,PH00486,PH00575,2026-02-11 15:49:00,1916,sms,LOC0071
CDR009623,PH00069,PH00453,2026-07-13 21:45:00,924,call,LOC0002
CDR009624,PH00026,PH00787,2026-04-23 11:48:00,1979,sms,LOC0070
CDR009625,PH00186,PH00876,2026-07-02 10:34:00,1157,call,LOC0011
CDR009626,PH00163,PH00946,2026-07-01 01:03:00,292,sms,LOC0065
CDR009627,PH00894,PH00701,2026-05-01 16:38:00,2355,call,LOC0046
CDR009628,PH00285,PH00742,2026-01-08 07:46:00,2195,app_message,LOC0118
CDR009629,PH01119,PH00224,2026-03-03 05:43:00,15,sms,LOC0004
CDR009630,PH01152,PH00429,2026-04-27 17:34:00,1567,app_message,LOC0155
CDR009631,PH00583,PH00772,2026-01-13 13:00:00,1735,call,LOC0092
CDR009632,PH00853,PH00711,2026-01-17 19:44:00,501,sms,LOC0077
CDR009633,PH00481,PH00617,2026-08-19 06:15:00,2202,app_message,LOC0016
CDR009634,PH00384,PH00417,2026-01-20 20:57:00,1399,call,LOC0050
CDR009635,PH00882,PH00382,2026-02-18 20:33:00,914,sms,LOC0139
CDR009636,PH01112,PH00983,2026-02-24 11:52:00,2119,call,LOC0138
CDR009637,PH00230,PH00071,2026-05-08 13:26:00,225,app_message,LOC0124
CDR009638,PH00179,PH01088,2026-04-05 10:54:00,312,sms,LOC0114
CDR009639,PH00349,PH00978,2026-05-02 06:39:00,1752,call,LOC0063
CDR009640,PH00923,PH00217,2026-02-03 19:42:00,1467,call,LOC0109
CDR009641,PH01071,PH00353,2026-03-09 20:45:00,116,app_message,LOC0130
CDR009642,PH00722,PH00569,2026-03-10 14:46:00,119,sms,LOC0077
CDR009643,PH01142,PH01036,2026-04-18 11:22:00,694,call,LOC0015
CDR009644,PH00974,PH00123,2026-07-12 02:50:00,2023,call,LOC0061
CDR009645,PH00729,PH01012,2026-02-06 03:38:00,1640,sms,LOC0093
CDR009646,PH00487,PH01083,2026-06-06 16:50:00,658,app_message,LOC0016
CDR009647,PH00009,PH00480,2026-06-08 17:53:00,1402,app_message,LOC0122
CDR009648,PH00881,PH00081,2026-05-02 00:38:00,661,app_message,LOC0019
CDR009649,PH00286,PH00047,2026-05-06 21:29:00,676,sms,LOC0100
CDR009650,PH00531,PH00251,2026-08-01 22:04:00,1159,sms,LOC0137
CDR009651,PH00173,PH00712,2026-07-24 12:36:00,1451,call,LOC0125
CDR009652,PH00709,PH00156,2026-05-15 19:16:00,969,call,LOC0129
CDR009653,PH00239,PH00425,2026-03-25 20:49:00,552,sms,LOC0108
CDR009654,PH00210,PH00675,2026-04-01 04:48:00,1283,sms,LOC0089
CDR009655,PH00270,PH00479,2026-04-07 12:11:00,1943,call,LOC0069
CDR009656,PH00015,PH00559,2026-08-02 10:11:00,301,sms,LOC0040
CDR009657,PH00599,PH00844,2026-02-13 00:37:00,816,call,LOC0051
CDR009658,PH00756,PH00104,2026-01-20 12:56:00,443,sms,LOC0105
CDR009659,PH00040,PH00860,2026-01-22 20:51:00,327,call,LOC0099
CDR009660,PH00564,PH00886,2026-04-14 20:22:00,749,app_message,LOC0071
CDR009661,PH00400,PH01108,2026-03-11 19:23:00,884,app_message,LOC0024
CDR009662,PH01062,PH00366,2026-05-01 15:58:00,2134,sms,LOC0073
CDR009663,PH00886,PH01152,2026-02-26 14:18:00,138,sms,LOC0010
CDR009664,PH00624,PH00896,2026-04-16 13:26:00,1821,call,LOC0019
CDR009665,PH00182,PH00757,2026-04-18 14:54:00,720,sms,LOC0054
CDR009666,PH00332,PH00227,2026-01-09 03:09:00,499,call,LOC0120
CDR009667,PH01098,PH00101,2026-06-02 13:18:00,841,sms,LOC0017
CDR009668,PH00547,PH00034,2026-07-16 04:21:00,112,app_message,LOC0146
CDR009669,PH00376,PH00619,2026-08-15 02:13:00,1586,app_message,LOC0096
CDR009670,PH00104,PH00903,2026-04-16 02:29:00,1919,sms,LOC0024
CDR009671,PH01084,PH01005,2026-03-24 10:20:00,1915,sms,LOC0047
CDR009672,PH00825,PH00108,2026-06-27 15:25:00,832,sms,LOC0013
CDR009673,PH00657,PH00382,2026-08-12 10:22:00,1375,app_message,LOC0177
CDR009674,PH00617,PH00646,2026-07-27 03:17:00,1139,app_message,LOC0173
CDR009675,PH00214,PH00587,2026-05-13 00:40:00,1712,call,LOC0128
CDR009676,PH00483,PH00691,2026-04-10 05:43:00,373,call,LOC0177
CDR009677,PH00438,PH00116,2026-01-09 19:29:00,1853,sms,LOC0090
CDR009678,PH00361,PH01179,2026-02-27 19:46:00,2106,sms,LOC0032
CDR009679,PH00713,PH00051,2026-05-09 20:51:00,138,call,LOC0162
CDR009680,PH00417,PH00609,2026-06-11 15:16:00,2129,app_message,LOC0163
CDR009681,PH00124,PH00977,2026-08-09 12:57:00,1638,app_message,LOC0124
CDR009682,PH00758,PH00075,2026-02-04 09:13:00,712,call,LOC0126
CDR009683,PH00523,PH00322,2026-03-16 10:08:00,2035,sms,LOC0065
CDR009684,PH00761,PH00431,2026-04-10 18:03:00,1863,sms,LOC0068
CDR009685,PH00148,PH00324,2026-04-23 08:14:00,1016,sms,LOC0086
CDR009686,PH00223,PH00499,2026-02-23 15:44:00,771,app_message,LOC0155
CDR009687,PH01064,PH00086,2026-01-25 19:37:00,581,call,LOC0111
CDR009688,PH01065,PH00902,2026-03-01 10:08:00,2086,call,LOC0144
CDR009689,PH00024,PH00861,2026-04-27 01:43:00,433,app_message,LOC0089
CDR009690,PH01130,PH00647,2026-05-26 08:51:00,64,call,LOC0159
CDR009691,PH00823,PH01071,2026-02-06 22:51:00,1478,call,LOC0046
CDR009692,PH00907,PH01197,2026-01-27 20:12:00,1884,call,LOC0098
CDR009693,PH00902,PH00756,2026-08-11 08:58:00,1406,app_message,LOC0104
CDR009694,PH00425,PH00215,2026-01-24 16:05:00,1600,call,LOC0150
CDR009695,PH00574,PH00549,2026-02-24 14:02:00,791,call,LOC0016
CDR009696,PH00034,PH00894,2026-05-07 12:21:00,1979,app_message,LOC0172
CDR009697,PH01096,PH00444,2026-07-05 20:35:00,306,app_message,LOC0099
CDR009698,PH01156,PH00578,2026-08-15 06:10:00,442,app_message,LOC0043
CDR009699,PH01062,PH01166,2026-05-11 18:26:00,1987,app_message,LOC0001
CDR009700,PH01000,PH00816,2026-08-06 03:51:00,691,call,LOC0008
CDR009701,PH00574,PH00230,2026-06-19 12:17:00,372,app_message,LOC0149
CDR009702,PH00881,PH00398,2026-08-23 14:14:00,493,call,LOC0138
CDR009703,PH00451,PH00036,2026-03-29 03:11:00,1629,sms,LOC0008
CDR009704,PH00722,PH01125,2026-02-15 10:12:00,86,app_message,LOC0021
CDR009705,PH00659,PH00507,2026-05-23 02:18:00,154,sms,LOC0085
CDR009706,PH00962,PH01186,2026-08-30 10:34:00,1009,sms,LOC0111
CDR009707,PH01037,PH00430,2026-05-24 06:26:00,1780,app_message,LOC0147
CDR009708,PH00397,PH00816,2026-04-15 00:49:00,1853,call,LOC0073
CDR009709,PH00569,PH00499,2026-02-14 20:21:00,1364,sms,LOC0121
CDR009710,PH00769,PH01142,2026-06-10 04:52:00,1172,app_message,LOC0100
CDR009711,PH00953,PH00141,2026-01-15 21:51:00,20,app_message,LOC0083
CDR009712,PH00765,PH00732,2026-01-22 07:18:00,1829,sms,LOC0135
CDR009713,PH00538,PH01067,2026-02-24 09:52:00,1097,sms,LOC0120
CDR009714,PH00457,PH00139,2026-04-27 04:47:00,1593,app_message,LOC0100
CDR009715,PH00864,PH01036,2026-06-06 04:19:00,660,sms,LOC0002
CDR009716,PH00099,PH00318,2026-03-02 04:52:00,880,sms,LOC0112
CDR009717,PH01145,PH00949,2026-04-27 22:17:00,2116,app_message,LOC0133
CDR009718,PH01197,PH00138,2026-08-13 21:14:00,793,app_message,LOC0088
CDR009719,PH00276,PH00046,2026-06-24 18:35:00,1584,call,LOC0170
CDR009720,PH01086,PH00881,2026-01-14 12:52:00,744,app_message,LOC0034
CDR009721,PH00193,PH01172,2026-07-28 11:59:00,1858,call,LOC0143
CDR009722,PH00649,PH00996,2026-01-07 01:10:00,559,sms,LOC0095
CDR009723,PH00811,PH00319,2026-03-14 23:34:00,2262,call,LOC0080
CDR009724,PH00368,PH00134,2026-08-10 23:48:00,1070,sms,LOC0075
CDR009725,PH01039,PH00143,2026-06-30 06:26:00,849,call,LOC0127
CDR009726,PH00635,PH01150,2026-06-10 13:51:00,1202,call,LOC0072
CDR009727,PH00771,PH00212,2026-06-05 11:16:00,66,call,LOC0101
CDR009728,PH00580,PH00542,2026-04-09 02:11:00,1757,app_message,LOC0079
CDR009729,PH00734,PH00595,2026-08-15 05:32:00,716,sms,LOC0015
CDR009730,PH01179,PH00649,2026-01-28 04:59:00,1302,app_message,LOC0162
CDR009731,PH00180,PH00295,2026-03-25 11:50:00,338,call,LOC0138
CDR009732,PH00071,PH00964,2026-04-23 14:40:00,208,app_message,LOC0048
CDR009733,PH00047,PH01099,2026-05-18 13:50:00,710,app_message,LOC0062
CDR009734,PH01045,PH00934,2026-03-11 14:40:00,2312,sms,LOC0006
CDR009735,PH00186,PH00373,2026-08-01 23:06:00,1649,sms,LOC0055
CDR009736,PH00841,PH00960,2026-05-16 09:48:00,2374,app_message,LOC0091
CDR009737,PH00844,PH00953,2026-03-21 19:02:00,989,sms,LOC0094
CDR009738,PH01082,PH00430,2026-01-13 19:20:00,685,sms,LOC0099
CDR009739,PH00095,PH00372,2026-05-07 05:37:00,774,call,LOC0008
CDR009740,PH00221,PH00663,2026-01-06 21:43:00,1504,app_message,LOC0037
CDR009741,PH00892,PH00754,2026-03-24 09:24:00,744,app_message,LOC0113
CDR009742,PH00057,PH00784,2026-06-06 03:49:00,2301,app_message,LOC0047
CDR009743,PH00793,PH01065,2026-01-29 15:17:00,932,sms,LOC0009
CDR009744,PH01041,PH01149,2026-02-23 05:35:00,2264,app_message,LOC0015
CDR009745,PH00999,PH00004,2026-04-28 17:43:00,43,call,LOC0133
CDR009746,PH01124,PH00949,2026-05-20 02:31:00,389,app_message,LOC0036
CDR009747,PH00664,PH00938,2026-08-19 16:50:00,2129,sms,LOC0172
CDR009748,PH00288,PH00606,2026-02-04 12:14:00,89,call,LOC0088
CDR009749,PH00964,PH00875,2026-02-16 19:37:00,1387,app_message,LOC0033
CDR009750,PH00430,PH00597,2026-05-19 21:05:00,879,call,LOC0094
CDR009751,PH00771,PH00357,2026-01-08 05:11:00,1037,app_message,LOC0037
CDR009752,PH00096,PH01103,2026-04-14 12:38:00,274,sms,LOC0070
CDR009753,PH00139,PH00324,2026-08-27 23:53:00,1115,call,LOC0092
CDR009754,PH00596,PH01076,2026-04-01 16:16:00,390,sms,LOC0062
CDR009755,PH00315,PH00771,2026-03-05 05:32:00,185,sms,LOC0040
CDR009756,PH00741,PH00782,2026-07-18 00:56:00,1031,call,LOC0118
CDR009757,PH00883,PH00059,2026-06-06 15:11:00,2098,app_message,LOC0010
CDR009758,PH00356,PH00662,2026-08-19 20:08:00,2139,sms,LOC0078
CDR009759,PH00229,PH01174,2026-02-07 02:59:00,823,app_message,LOC0141
CDR009760,PH00709,PH00260,2026-04-15 08:36:00,1679,app_message,LOC0110
CDR009761,PH00865,PH00805,2026-04-21 15:09:00,1311,app_message,LOC0003
CDR009762,PH00424,PH00179,2026-06-14 02:52:00,235,app_message,LOC0103
CDR009763,PH01176,PH00098,2026-06-25 16:25:00,2205,sms,LOC0105
CDR009764,PH00114,PH00006,2026-05-09 00:57:00,2242,sms,LOC0034
CDR009765,PH00566,PH00853,2026-01-22 05:32:00,1477,app_message,LOC0079
CDR009766,PH00804,PH00478,2026-08-18 23:11:00,1637,sms,LOC0170
CDR009767,PH00743,PH01176,2026-01-18 22:16:00,2157,app_message,LOC0164
CDR009768,PH00498,PH00503,2026-05-20 06:22:00,1741,app_message,LOC0151
CDR009769,PH01167,PH00392,2026-06-04 03:26:00,2101,app_message,LOC0115
CDR009770,PH00453,PH00901,2026-01-09 01:48:00,1313,app_message,LOC0119
CDR009771,PH00406,PH00401,2026-08-22 22:21:00,288,app_message,LOC0072
CDR009772,PH01031,PH00213,2026-03-06 17:51:00,302,call,LOC0005
CDR009773,PH00453,PH00259,2026-01-30 21:51:00,2216,call,LOC0159
CDR009774,PH00628,PH00582,2026-08-09 03:07:00,129,sms,LOC0048
CDR009775,PH00280,PH00953,2026-02-01 13:03:00,1719,sms,LOC0045
CDR009776,PH00437,PH00562,2026-02-05 05:46:00,1206,sms,LOC0110
CDR009777,PH00973,PH00771,2026-04-06 14:43:00,2208,sms,LOC0035
CDR009778,PH00720,PH01200,2026-06-21 05:12:00,1136,call,LOC0048
CDR009779,PH01022,PH01079,2026-02-04 15:26:00,1930,call,LOC0145
CDR009780,PH00831,PH00067,2026-03-11 11:16:00,402,app_message,LOC0145
CDR009781,PH00509,PH00528,2026-07-17 16:46:00,330,app_message,LOC0096
CDR009782,PH00489,PH00932,2026-07-02 13:27:00,1609,sms,LOC0126
CDR009783,PH00291,PH01108,2026-04-26 21:31:00,124,sms,LOC0168
CDR009784,PH00435,PH00030,2026-07-11 12:13:00,2173,sms,LOC0144
CDR009785,PH00732,PH00694,2026-06-22 00:00:00,644,call,LOC0133
CDR009786,PH00511,PH00917,2026-02-24 19:13:00,1090,sms,LOC0019
CDR009787,PH00830,PH00750,2026-02-13 03:56:00,943,app_message,LOC0013
CDR009788,PH00235,PH00181,2026-06-23 12:58:00,1784,call,LOC0035
CDR009789,PH00355,PH00840,2026-05-21 16:37:00,640,call,LOC0104
CDR009790,PH00821,PH00517,2026-08-14 00:27:00,2252,app_message,LOC0077
CDR009791,PH00588,PH00262,2026-02-26 23:14:00,1141,app_message,LOC0077
CDR009792,PH00788,PH01091,2026-07-21 01:13:00,1104,call,LOC0004
CDR009793,PH00023,PH00439,2026-01-01 14:41:00,914,call,LOC0066
CDR009794,PH00758,PH00078,2026-02-26 13:05:00,450,app_message,LOC0045
CDR009795,PH00846,PH01058,2026-07-20 11:02:00,1248,sms,LOC0032
CDR009796,PH00770,PH00552,2026-08-27 08:40:00,1634,app_message,LOC0142
CDR009797,PH00440,PH00313,2026-01-16 20:01:00,429,call,LOC0139
CDR009798,PH00007,PH00048,2026-05-13 16:14:00,1490,call,LOC0162
CDR009799,PH01087,PH01013,2026-05-20 04:48:00,1434,call,LOC0036
CDR009800,PH00077,PH00164,2026-02-23 05:05:00,2228,app_message,LOC0068
CDR009801,PH00749,PH01078,2026-03-09 22:09:00,1915,app_message,LOC0072
CDR009802,PH00354,PH00361,2026-06-18 20:48:00,1678,app_message,LOC0092
CDR009803,PH00431,PH00116,2026-06-16 08:15:00,86,call,LOC0043
CDR009804,PH00714,PH00848,2026-06-10 21:19:00,897,call,LOC0090
CDR009805,PH00681,PH00632,2026-04-11 16:30:00,227,sms,LOC0139
CDR009806,PH01082,PH01196,2026-06-25 16:25:00,2000,sms,LOC0018
CDR009807,PH01191,PH00449,2026-06-20 02:40:00,1491,app_message,LOC0112
CDR009808,PH01094,PH00729,2026-04-04 04:43:00,1450,sms,LOC0175
CDR009809,PH00839,PH00070,2026-03-16 03:51:00,1094,call,LOC0020
CDR009810,PH00423,PH00793,2026-07-11 18:29:00,1429,app_message,LOC0163
CDR009811,PH00404,PH00361,2026-04-09 21:58:00,246,call,LOC0098
CDR009812,PH01174,PH00184,2026-06-16 17:45:00,648,app_message,LOC0168
CDR009813,PH00159,PH00025,2026-02-15 12:33:00,654,call,LOC0019
CDR009814,PH00568,PH00116,2026-06-29 22:14:00,600,sms,LOC0051
CDR009815,PH01151,PH01171,2026-01-17 00:05:00,845,app_message,LOC0127
CDR009816,PH01051,PH00852,2026-06-19 08:33:00,114,call,LOC0110
CDR009817,PH00816,PH00827,2026-01-26 14:40:00,629,call,LOC0170
CDR009818,PH00182,PH01106,2026-02-10 20:41:00,1951,call,LOC0063
CDR009819,PH00180,PH00883,2026-06-17 07:21:00,1185,call,LOC0004
CDR009820,PH00350,PH00690,2026-03-11 12:03:00,1805,call,LOC0032
CDR009821,PH00878,PH01185,2026-04-29 16:21:00,860,app_message,LOC0163
CDR009822,PH01129,PH01104,2026-08-29 08:26:00,1409,sms,LOC0036
CDR009823,PH00920,PH00098,2026-03-07 11:08:00,1924,sms,LOC0070
CDR009824,PH01071,PH00490,2026-04-08 18:50:00,1888,sms,LOC0137
CDR009825,PH00602,PH00055,2026-08-08 00:25:00,521,call,LOC0018
CDR009826,PH00329,PH00063,2026-04-02 17:01:00,899,sms,LOC0129
CDR009827,PH00434,PH01007,2026-03-02 15:54:00,434,call,LOC0112
CDR009828,PH01012,PH01065,2026-06-12 14:52:00,715,sms,LOC0074
CDR009829,PH00253,PH00788,2026-06-12 02:28:00,1654,call,LOC0158
CDR009830,PH00448,PH00159,2026-05-27 13:31:00,1004,sms,LOC0027
CDR009831,PH00794,PH01187,2026-01-17 12:17:00,1913,app_message,LOC0072
CDR009832,PH01189,PH00141,2026-05-31 23:52:00,2173,call,LOC0089
CDR009833,PH00294,PH00804,2026-02-08 02:12:00,898,app_message,LOC0105
CDR009834,PH00221,PH01013,2026-06-15 11:48:00,945,app_message,LOC0174
CDR009835,PH00741,PH00545,2026-08-14 06:44:00,1386,app_message,LOC0147
CDR009836,PH00796,PH00286,2026-04-01 12:20:00,1413,sms,LOC0035
CDR009837,PH00578,PH00141,2026-08-09 20:40:00,1557,call,LOC0111
CDR009838,PH00085,PH00396,2026-08-29 13:32:00,2032,call,LOC0083
CDR009839,PH00591,PH00439,2026-06-14 08:09:00,2105,call,LOC0172
CDR009840,PH00287,PH00470,2026-03-09 11:02:00,193,call,LOC0042
CDR009841,PH00345,PH00135,2026-06-26 18:50:00,2269,call,LOC0036
CDR009842,PH01118,PH00211,2026-02-07 18:53:00,953,call,LOC0056
CDR009843,PH00028,PH00133,2026-01-04 07:21:00,2122,sms,LOC0043
CDR009844,PH00119,PH01121,2026-03-27 20:05:00,1412,sms,LOC0029
CDR009845,PH00540,PH00466,2026-01-03 04:14:00,363,sms,LOC0021
CDR009846,PH00470,PH00951,2026-02-24 19:04:00,1896,app_message,LOC0053
CDR009847,PH00955,PH00685,2026-05-31 14:41:00,1974,call,LOC0139
CDR009848,PH00427,PH00052,2026-05-31 10:03:00,1824,sms,LOC0060
CDR009849,PH00065,PH00159,2026-02-13 14:16:00,917,sms,LOC0155
CDR009850,PH01139,PH00431,2026-04-25 06:21:00,966,app_message,LOC0103
CDR009851,PH01038,PH00698,2026-06-10 13:47:00,1225,sms,LOC0133
CDR009852,PH00429,PH00841,2026-02-08 09:23:00,2369,app_message,LOC0143
CDR009853,PH00626,PH00574,2026-04-10 23:21:00,1635,app_message,LOC0034
CDR009854,PH00137,PH01063,2026-07-30 20:26:00,1280,app_message,LOC0071
CDR009855,PH01037,PH00775,2026-07-19 00:44:00,843,app_message,LOC0012
CDR009856,PH00465,PH00569,2026-01-09 03:42:00,346,sms,LOC0136
CDR009857,PH00512,PH00537,2026-04-22 04:14:00,1157,app_message,LOC0040
CDR009858,PH00581,PH00637,2026-04-06 10:19:00,2226,call,LOC0129
CDR009859,PH00653,PH01116,2026-01-21 08:38:00,1625,app_message,LOC0017
CDR009860,PH00845,PH00039,2026-01-28 23:19:00,867,sms,LOC0090
CDR009861,PH00624,PH00585,2026-05-19 18:56:00,1150,sms,LOC0070
CDR009862,PH00811,PH01131,2026-05-01 06:15:00,1249,sms,LOC0078
CDR009863,PH01023,PH00965,2026-07-24 08:23:00,1311,sms,LOC0158
CDR009864,PH00788,PH00884,2026-07-09 22:50:00,114,call,LOC0018
CDR009865,PH00248,PH00977,2026-01-21 18:12:00,224,app_message,LOC0122
CDR009866,PH00444,PH01101,2026-02-05 07:05:00,1665,app_message,LOC0005
CDR009867,PH00731,PH00949,2026-08-30 08:05:00,2140,app_message,LOC0114
CDR009868,PH00221,PH00779,2026-07-12 12:56:00,188,app_message,LOC0072
CDR009869,PH01116,PH00049,2026-07-07 18:20:00,101,app_message,LOC0171
CDR009870,PH00933,PH01026,2026-03-17 17:51:00,1109,call,LOC0106
CDR009871,PH00414,PH01157,2026-03-02 06:41:00,1847,call,LOC0075
CDR009872,PH00694,PH00586,2026-03-29 07:50:00,1654,call,LOC0007
CDR009873,PH00532,PH01089,2026-06-21 13:20:00,918,sms,LOC0115
CDR009874,PH00164,PH00691,2026-04-16 10:57:00,2022,app_message,LOC0055
CDR009875,PH01120,PH01193,2026-07-20 07:55:00,652,app_message,LOC0151
CDR009876,PH00788,PH01191,2026-04-20 16:56:00,365,app_message,LOC0157
CDR009877,PH00466,PH00396,2026-04-30 06:56:00,269,sms,LOC0160
CDR009878,PH00687,PH00322,2026-01-10 20:18:00,908,app_message,LOC0022
CDR009879,PH00849,PH00989,2026-08-27 06:30:00,1493,sms,LOC0082
CDR009880,PH00982,PH00301,2026-06-24 10:49:00,1107,app_message,LOC0010
CDR009881,PH00840,PH00615,2026-07-11 12:49:00,745,app_message,LOC0173
CDR009882,PH00632,PH00731,2026-03-27 18:15:00,208,call,LOC0097
CDR009883,PH00149,PH00202,2026-06-21 19:56:00,2334,call,LOC0027
CDR009884,PH00739,PH00637,2026-04-28 07:13:00,23,sms,LOC0133
CDR009885,PH00146,PH00395,2026-01-02 16:12:00,2251,call,LOC0111
CDR009886,PH00144,PH00243,2026-04-03 05:49:00,2155,app_message,LOC0057
CDR009887,PH00324,PH00818,2026-03-13 01:12:00,520,call,LOC0099
CDR009888,PH00716,PH01073,2026-01-07 18:29:00,597,sms,LOC0020
CDR009889,PH00404,PH01132,2026-05-23 16:45:00,181,sms,LOC0152
CDR009890,PH00857,PH00994,2026-03-07 20:24:00,403,sms,LOC0139
CDR009891,PH01053,PH01119,2026-08-20 00:03:00,643,call,LOC0060
CDR009892,PH00773,PH00031,2026-08-06 22:42:00,1696,sms,LOC0113
CDR009893,PH00753,PH00354,2026-07-18 07:05:00,1286,sms,LOC0096
CDR009894,PH00537,PH00069,2026-07-31 03:55:00,1028,sms,LOC0080
CDR009895,PH00876,PH00425,2026-04-01 15:58:00,21,call,LOC0052
CDR009896,PH00382,PH00744,2026-02-19 18:39:00,797,call,LOC0180
CDR009897,PH00928,PH00243,2026-08-01 05:02:00,1697,app_message,LOC0026
CDR009898,PH00674,PH01064,2026-01-01 03:44:00,663,call,LOC0027
CDR009899,PH01156,PH00754,2026-01-12 15:40:00,758,app_message,LOC0086
CDR009900,PH00689,PH00612,2026-01-10 03:51:00,1467,app_message,LOC0068
CDR009901,PH00258,PH00992,2026-06-18 08:56:00,913,call,LOC0152
CDR009902,PH01135,PH00251,2026-01-30 22:41:00,344,sms,LOC0171
CDR009903,PH01081,PH00798,2026-02-27 11:33:00,265,sms,LOC0070
CDR009904,PH00019,PH00187,2026-01-12 09:31:00,140,app_message,LOC0059
CDR009905,PH00182,PH00648,2026-07-16 07:28:00,887,app_message,LOC0033
CDR009906,PH01046,PH00830,2026-03-23 09:25:00,690,call,LOC0009
CDR009907,PH01002,PH01009,2026-03-11 02:39:00,977,sms,LOC0144
CDR009908,PH00608,PH00629,2026-06-01 07:21:00,8,sms,LOC0100
CDR009909,PH01112,PH00290,2026-04-04 00:37:00,1192,app_message,LOC0149
CDR009910,PH01016,PH00404,2026-01-09 22:12:00,454,app_message,LOC0054
CDR009911,PH01030,PH00099,2026-06-12 19:03:00,677,sms,LOC0035
CDR009912,PH00421,PH00046,2026-08-23 11:51:00,2190,sms,LOC0150
CDR009913,PH00543,PH00138,2026-01-19 22:56:00,2159,app_message,LOC0145
CDR009914,PH00592,PH00932,2026-01-07 09:55:00,2081,app_message,LOC0007
CDR009915,PH01065,PH01072,2026-07-01 21:45:00,1448,call,LOC0036
CDR009916,PH00366,PH00905,2026-03-12 00:41:00,356,app_message,LOC0004
CDR009917,PH00143,PH01055,2026-02-20 15:52:00,231,app_message,LOC0180
CDR009918,PH00737,PH00506,2026-06-17 10:29:00,947,app_message,LOC0126
CDR009919,PH00843,PH00094,2026-04-04 16:24:00,1982,sms,LOC0048
CDR009920,PH00017,PH00721,2026-07-08 10:12:00,277,sms,LOC0108
CDR009921,PH00737,PH00021,2026-02-05 11:24:00,1309,sms,LOC0173
CDR009922,PH00603,PH00962,2026-07-24 06:13:00,1178,call,LOC0174
CDR009923,PH01029,PH01053,2026-03-22 05:16:00,1713,call,LOC0084
CDR009924,PH00995,PH00047,2026-08-16 02:13:00,998,sms,LOC0018
CDR009925,PH00055,PH00683,2026-01-25 03:06:00,1634,app_message,LOC0100
CDR009926,PH00334,PH00522,2026-02-19 17:40:00,1650,call,LOC0047
CDR009927,PH01100,PH00226,2026-02-04 10:42:00,708,call,LOC0099
CDR009928,PH00752,PH00698,2026-06-22 03:14:00,608,call,LOC0105
CDR009929,PH01081,PH00631,2026-02-13 12:22:00,1591,call,LOC0002
CDR009930,PH00253,PH01040,2026-05-16 06:40:00,275,app_message,LOC0025
CDR009931,PH01155,PH01168,2026-07-23 15:26:00,643,app_message,LOC0130
CDR009932,PH00016,PH01006,2026-05-19 05:24:00,1020,app_message,LOC0027
CDR009933,PH00646,PH00123,2026-02-17 00:09:00,2340,call,LOC0110
CDR009934,PH00235,PH00880,2026-02-15 00:19:00,1168,call,LOC0148
CDR009935,PH00836,PH00193,2026-08-25 22:34:00,1631,call,LOC0039
CDR009936,PH00706,PH00702,2026-02-18 02:45:00,330,app_message,LOC0118
CDR009937,PH00037,PH00941,2026-07-14 10:50:00,61,call,LOC0010
CDR009938,PH01027,PH00850,2026-01-22 08:45:00,1294,sms,LOC0163
CDR009939,PH01056,PH00178,2026-06-01 06:23:00,1799,call,LOC0037
CDR009940,PH00687,PH01013,2026-05-31 12:00:00,1179,sms,LOC0113
CDR009941,PH01073,PH00830,2026-04-09 13:46:00,1838,app_message,LOC0179
CDR009942,PH01164,PH00704,2026-07-21 01:26:00,100,sms,LOC0046
CDR009943,PH00512,PH00749,2026-08-14 02:12:00,2211,app_message,LOC0024
CDR009944,PH00027,PH00251,2026-08-27 13:31:00,1107,call,LOC0154
CDR009945,PH00669,PH00404,2026-05-10 04:12:00,594,call,LOC0096
CDR009946,PH00754,PH00578,2026-01-15 23:49:00,355,sms,LOC0114
CDR009947,PH00250,PH00136,2026-05-21 04:25:00,2351,call,LOC0110
CDR009948,PH00026,PH00630,2026-02-14 03:44:00,702,call,LOC0014
CDR009949,PH00051,PH00880,2026-01-20 12:36:00,439,app_message,LOC0134
CDR009950,PH01017,PH00366,2026-03-15 05:39:00,187,call,LOC0082
CDR009951,PH00393,PH01180,2026-07-28 21:41:00,447,app_message,LOC0037
CDR009952,PH00319,PH00971,2026-05-13 10:40:00,575,call,LOC0029
CDR009953,PH01108,PH00683,2026-04-21 22:41:00,238,sms,LOC0097
CDR009954,PH01101,PH00923,2026-06-26 01:13:00,704,call,LOC0027
CDR009955,PH00923,PH00012,2026-07-05 10:40:00,608,app_message,LOC0018
CDR009956,PH01139,PH00341,2026-08-16 20:07:00,1420,app_message,LOC0040
CDR009957,PH00096,PH00762,2026-01-12 20:30:00,1564,call,LOC0107
CDR009958,PH00654,PH00816,2026-02-09 03:23:00,2089,app_message,LOC0095
CDR009959,PH00082,PH00549,2026-04-12 18:04:00,312,sms,LOC0169
CDR009960,PH00895,PH01155,2026-08-03 05:23:00,1731,sms,LOC0104
CDR009961,PH01147,PH00245,2026-04-27 01:27:00,1129,call,LOC0121
CDR009962,PH00979,PH00412,2026-03-11 03:56:00,1690,call,LOC0065
CDR009963,PH00355,PH01105,2026-07-30 06:59:00,1335,app_message,LOC0043
CDR009964,PH00961,PH00105,2026-05-17 09:23:00,2289,sms,LOC0092
CDR009965,PH00035,PH00006,2026-07-10 15:37:00,1661,call,LOC0121
CDR009966,PH00958,PH00291,2026-07-05 20:41:00,402,sms,LOC0117
CDR009967,PH00257,PH00490,2026-06-16 05:41:00,1085,call,LOC0025
CDR009968,PH00973,PH01005,2026-06-19 05:06:00,383,sms,LOC0113
CDR009969,PH00240,PH00658,2026-04-19 20:12:00,484,sms,LOC0034
CDR009970,PH00041,PH00526,2026-05-22 15:22:00,1402,sms,LOC0166
CDR009971,PH01069,PH01114,2026-08-15 07:11:00,381,call,LOC0105
CDR009972,PH00376,PH00826,2026-06-24 10:22:00,1414,app_message,LOC0024
CDR009973,PH00405,PH00897,2026-06-16 04:01:00,553,call,LOC0068
CDR009974,PH00368,PH00492,2026-03-18 20:28:00,578,sms,LOC0105
CDR009975,PH00079,PH00411,2026-01-11 01:19:00,1584,app_message,LOC0029
CDR009976,PH00516,PH00143,2026-05-24 02:21:00,377,sms,LOC0137
CDR009977,PH00014,PH00990,2026-01-09 17:58:00,836,call,LOC0172
CDR009978,PH01066,PH01056,2026-03-26 02:43:00,912,app_message,LOC0030
CDR009979,PH00643,PH01143,2026-07-07 11:27:00,1678,app_message,LOC0112
CDR009980,PH00811,PH00971,2026-02-27 09:04:00,2037,sms,LOC0059
CDR009981,PH00074,PH00411,2026-03-12 20:08:00,2078,sms,LOC0008
CDR009982,PH00450,PH00090,2026-06-30 22:14:00,2392,app_message,LOC0096
CDR009983,PH01063,PH00596,2026-05-30 09:46:00,26,sms,LOC0168
CDR009984,PH00913,PH00388,2026-06-18 17:22:00,703,app_message,LOC0142
CDR009985,PH00658,PH00275,2026-04-28 14:35:00,1939,app_message,LOC0009
CDR009986,PH00386,PH00008,2026-03-25 01:24:00,2121,sms,LOC0059
CDR009987,PH00379,PH00263,2026-07-21 06:02:00,612,sms,LOC0016
CDR009988,PH00377,PH00308,2026-06-22 00:55:00,671,sms,LOC0090
CDR009989,PH00778,PH00787,2026-01-11 18:06:00,2254,call,LOC0113
CDR009990,PH01005,PH00026,2026-06-15 00:50:00,1415,sms,LOC0106
CDR009991,PH00005,PH00573,2026-06-22 04:22:00,1507,sms,LOC0055
CDR009992,PH01188,PH01063,2026-05-08 14:07:00,452,app_message,LOC0159
CDR009993,PH00632,PH00562,2026-06-09 01:52:00,2016,call,LOC0108
CDR009994,PH00460,PH00655,2026-04-05 14:23:00,1575,app_message,LOC0006
CDR009995,PH00152,PH00057,2026-04-04 10:15:00,619,call,LOC0022
CDR009996,PH00338,PH00167,2026-02-09 03:23:00,1530,sms,LOC0138
CDR009997,PH00331,PH00882,2026-01-24 13:49:00,2079,app_message,LOC0154
CDR009998,PH00036,PH00053,2026-01-20 03:32:00,1829,call,LOC0078
CDR009999,PH00818,PH01082,2026-05-23 03:04:00,2243,call,LOC0013
CDR010000,PH00652,PH00839,2026-04-17 20:52:00,674,sms,LOC0131
CDR010001,PH00030,PH00190,2026-04-21 12:06:00,1040,sms,LOC0121
CDR010002,PH00345,PH00379,2026-02-16 21:13:00,900,app_message,LOC0071
CDR010003,PH01055,PH00429,2026-04-18 16:42:00,1857,call,LOC0041
CDR010004,PH00012,PH00907,2026-08-21 14:21:00,772,sms,LOC0096
CDR010005,PH00116,PH00269,2026-06-10 09:15:00,1177,call,LOC0158
CDR010006,PH00269,PH01173,2026-02-08 01:25:00,1510,sms,LOC0142
CDR010007,PH00028,PH01022,2026-03-26 16:24:00,2244,app_message,LOC0080
CDR010008,PH00448,PH00558,2026-05-07 22:05:00,1540,call,LOC0042
CDR010009,PH00256,PH01030,2026-05-10 10:33:00,2104,app_message,LOC0075
CDR010010,PH00463,PH00793,2026-08-09 20:30:00,2316,call,LOC0151
CDR010011,PH00012,PH00422,2026-01-23 21:34:00,2288,sms,LOC0171
CDR010012,PH00344,PH01088,2026-07-22 02:17:00,373,call,LOC0076
CDR010013,PH00016,PH00234,2026-05-18 06:30:00,1593,call,LOC0016
CDR010014,PH00865,PH00454,2026-01-23 12:18:00,1068,call,LOC0056
CDR010015,PH00050,PH00967,2026-06-23 08:04:00,923,call,LOC0173
CDR010016,PH00763,PH00263,2026-05-03 07:58:00,835,sms,LOC0080
CDR010017,PH01161,PH00669,2026-07-27 23:01:00,302,app_message,LOC0099
CDR010018,PH00313,PH00853,2026-03-22 20:17:00,1156,call,LOC0165
CDR010019,PH00781,PH00387,2026-07-24 19:40:00,2157,sms,LOC0120
CDR010020,PH00581,PH00188,2026-06-14 16:13:00,2136,sms,LOC0122
CDR010021,PH00196,PH00409,2026-04-20 15:15:00,751,sms,LOC0028
CDR010022,PH01115,PH00098,2026-04-08 06:54:00,27,app_message,LOC0001
CDR010023,PH01162,PH00156,2026-04-13 11:48:00,620,call,LOC0002
CDR010024,PH00295,PH00086,2026-07-06 02:17:00,228,call,LOC0157
CDR010025,PH00263,PH00436,2026-07-12 13:32:00,1934,sms,LOC0033
CDR010026,PH00239,PH01020,2026-07-02 12:47:00,111,sms,LOC0021
CDR010027,PH00645,PH00226,2026-05-14 21:54:00,443,app_message,LOC0076
CDR010028,PH00721,PH01200,2026-04-28 20:24:00,920,sms,LOC0009
CDR010029,PH00121,PH00869,2026-05-07 04:31:00,425,sms,LOC0091
CDR010030,PH00928,PH01035,2026-04-20 01:43:00,147,sms,LOC0068
CDR010031,PH00196,PH00957,2026-04-21 07:32:00,2018,app_message,LOC0007
CDR010032,PH00938,PH00754,2026-05-07 20:20:00,1573,app_message,LOC0017
CDR010033,PH00211,PH00834,2026-01-11 07:43:00,1959,app_message,LOC0075
CDR010034,PH00460,PH00651,2026-08-09 19:47:00,756,app_message,LOC0145
CDR010035,PH00820,PH01087,2026-01-20 02:36:00,890,app_message,LOC0140
CDR010036,PH00283,PH00736,2026-07-16 10:28:00,649,call,LOC0107
CDR010037,PH00538,PH00525,2026-03-22 22:12:00,1762,sms,LOC0034
CDR010038,PH00082,PH00539,2026-03-02 03:34:00,77,sms,LOC0045
CDR010039,PH00622,PH00999,2026-03-18 03:34:00,991,sms,LOC0084
CDR010040,PH00116,PH00696,2026-08-13 10:23:00,2083,sms,LOC0025
CDR010041,PH01088,PH00735,2026-03-28 11:03:00,1379,app_message,LOC0085
CDR010042,PH00541,PH00825,2026-04-09 14:23:00,964,call,LOC0125
CDR010043,PH00474,PH00547,2026-08-21 21:49:00,538,app_message,LOC0115
CDR010044,PH00178,PH00352,2026-01-23 03:20:00,742,call,LOC0171
CDR010045,PH00667,PH01107,2026-01-29 05:24:00,1052,app_message,LOC0037
CDR010046,PH00960,PH00429,2026-06-16 05:28:00,1928,sms,LOC0180
CDR010047,PH00390,PH01115,2026-03-18 19:56:00,1377,app_message,LOC0028
CDR010048,PH00529,PH00265,2026-06-06 07:36:00,1043,sms,LOC0113
CDR010049,PH00554,PH00545,2026-01-04 03:24:00,1795,app_message,LOC0066
CDR010050,PH01038,PH01164,2026-02-16 10:00:00,2285,sms,LOC0080
CDR010051,PH00192,PH00668,2026-08-12 17:39:00,157,sms,LOC0135
CDR010052,PH00453,PH00986,2026-01-03 16:22:00,895,call,LOC0150
CDR010053,PH00014,PH00502,2026-04-27 15:13:00,297,call,LOC0107
CDR010054,PH00817,PH00805,2026-01-25 15:04:00,612,app_message,LOC0104
CDR010055,PH00725,PH00312,2026-02-09 11:36:00,606,call,LOC0012
CDR010056,PH00019,PH00306,2026-07-23 14:19:00,139,app_message,LOC0135
CDR010057,PH00293,PH00741,2026-07-21 19:25:00,1304,sms,LOC0177
CDR010058,PH00763,PH00636,2026-02-25 12:22:00,1090,call,LOC0132
CDR010059,PH00957,PH00024,2026-05-09 01:33:00,108,app_message,LOC0034
CDR010060,PH00267,PH00326,2026-03-07 10:43:00,291,sms,LOC0066
CDR010061,PH00468,PH00223,2026-07-05 05:19:00,1156,call,LOC0169
CDR010062,PH00477,PH00031,2026-07-25 22:52:00,33,app_message,LOC0026
CDR010063,PH01074,PH00966,2026-02-10 00:30:00,717,app_message,LOC0024
CDR010064,PH00694,PH00827,2026-07-11 20:57:00,149,call,LOC0148
CDR010065,PH01185,PH00694,2026-01-28 02:19:00,1266,app_message,LOC0115
CDR010066,PH00649,PH00976,2026-03-21 22:06:00,118,call,LOC0086
CDR010067,PH00600,PH01013,2026-05-15 12:04:00,280,app_message,LOC0063
CDR010068,PH00255,PH00407,2026-04-06 08:10:00,1487,app_message,LOC0053
CDR010069,PH00142,PH00437,2026-07-28 23:42:00,2024,sms,LOC0176
CDR010070,PH00315,PH00814,2026-06-27 03:59:00,13,sms,LOC0104
CDR010071,PH00512,PH00921,2026-06-21 08:55:00,1231,call,LOC0110
CDR010072,PH00672,PH01172,2026-02-10 04:07:00,1041,call,LOC0022
CDR010073,PH00161,PH00092,2026-07-14 17:01:00,976,call,LOC0086
CDR010074,PH00073,PH00591,2026-08-21 13:19:00,24,sms,LOC0035
CDR010075,PH00537,PH00314,2026-08-15 03:40:00,1743,sms,LOC0125
CDR010076,PH00933,PH00727,2026-07-31 09:44:00,80,sms,LOC0152
CDR010077,PH00993,PH00608,2026-06-09 23:45:00,509,sms,LOC0154
CDR010078,PH00259,PH00709,2026-06-16 06:27:00,2349,app_message,LOC0033
CDR010079,PH01023,PH00576,2026-03-07 01:27:00,1744,sms,LOC0138
CDR010080,PH01095,PH00860,2026-05-24 11:09:00,420,sms,LOC0015
CDR010081,PH00263,PH00763,2026-07-02 16:03:00,66,call,LOC0077
CDR010082,PH00437,PH00489,2026-06-25 06:12:00,648,sms,LOC0005
CDR010083,PH00931,PH00737,2026-08-09 07:25:00,2261,sms,LOC0043
CDR010084,PH00219,PH00045,2026-06-06 21:00:00,786,app_message,LOC0070
CDR010085,PH00232,PH00403,2026-01-11 11:44:00,1007,app_message,LOC0019
CDR010086,PH00058,PH01171,2026-04-13 09:46:00,1052,call,LOC0146
CDR010087,PH00845,PH00712,2026-04-15 10:03:00,2205,app_message,LOC0075
CDR010088,PH00396,PH00741,2026-02-24 20:33:00,1950,call,LOC0131
CDR010089,PH00274,PH00718,2026-02-06 18:15:00,382,call,LOC0150
CDR010090,PH00474,PH00218,2026-05-26 21:21:00,1100,app_message,LOC0081
CDR010091,PH00544,PH00014,2026-01-24 14:03:00,708,call,LOC0032
CDR010092,PH00497,PH01111,2026-04-03 09:20:00,1488,sms,LOC0045
CDR010093,PH00647,PH01130,2026-05-04 03:56:00,2216,app_message,LOC0154
CDR010094,PH00511,PH00688,2026-08-19 06:37:00,2202,call,LOC0148
CDR010095,PH00261,PH00104,2026-01-16 04:36:00,2090,app_message,LOC0068
CDR010096,PH00470,PH00298,2026-06-11 13:35:00,1360,sms,LOC0150
CDR010097,PH00852,PH00619,2026-02-08 17:28:00,94,app_message,LOC0039
CDR010098,PH00403,PH01051,2026-01-07 01:06:00,418,app_message,LOC0115
CDR010099,PH00435,PH00760,2026-02-11 23:35:00,1785,sms,LOC0162
CDR010100,PH00095,PH00932,2026-06-18 10:13:00,684,call,LOC0097
CDR010101,PH01138,PH00818,2026-05-04 06:10:00,1496,app_message,LOC0066
CDR010102,PH00187,PH00831,2026-08-25 12:55:00,1795,sms,LOC0064
CDR010103,PH00517,PH00069,2026-01-12 22:45:00,1975,app_message,LOC0158
CDR010104,PH01135,PH00636,2026-07-10 07:24:00,830,sms,LOC0110
CDR010105,PH00530,PH00245,2026-03-16 06:18:00,1072,sms,LOC0023
CDR010106,PH00948,PH00966,2026-06-19 15:36:00,483,call,LOC0119
CDR010107,PH00711,PH00757,2026-05-12 18:16:00,1123,sms,LOC0165
CDR010108,PH00995,PH00047,2026-05-02 17:18:00,1777,sms,LOC0018
CDR010109,PH00019,PH00465,2026-04-29 05:36:00,2054,call,LOC0027
CDR010110,PH00230,PH00931,2026-01-10 04:29:00,1551,app_message,LOC0097
CDR010111,PH00859,PH00456,2026-05-18 04:34:00,1920,sms,LOC0028
CDR010112,PH00311,PH00162,2026-01-06 18:36:00,2076,app_message,LOC0114
CDR010113,PH00556,PH00483,2026-08-08 15:46:00,1227,call,LOC0106
CDR010114,PH00574,PH00595,2026-03-23 03:44:00,358,call,LOC0101
CDR010115,PH00012,PH01080,2026-02-18 10:25:00,1763,app_message,LOC0088
CDR010116,PH01001,PH01140,2026-05-21 20:17:00,311,call,LOC0160
CDR010117,PH00534,PH00715,2026-05-23 06:50:00,1770,call,LOC0028
CDR010118,PH00204,PH00696,2026-07-21 16:10:00,1197,sms,LOC0128
CDR010119,PH00850,PH00953,2026-06-07 15:22:00,1778,sms,LOC0138
CDR010120,PH00537,PH00738,2026-01-20 22:21:00,1977,sms,LOC0166
CDR010121,PH00040,PH00782,2026-05-12 01:36:00,1885,sms,LOC0089
CDR010122,PH00719,PH00568,2026-01-21 10:28:00,807,sms,LOC0068
CDR010123,PH00437,PH00870,2026-01-05 14:15:00,1025,app_message,LOC0132
CDR010124,PH01132,PH00240,2026-02-23 04:31:00,1973,sms,LOC0050
CDR010125,PH00131,PH00692,2026-04-24 11:24:00,81,call,LOC0130
CDR010126,PH00039,PH00648,2026-03-02 23:47:00,956,sms,LOC0123
CDR010127,PH00252,PH01170,2026-07-09 14:01:00,66,call,LOC0106
CDR010128,PH00208,PH00924,2026-08-16 09:28:00,446,call,LOC0080
CDR010129,PH00705,PH00254,2026-05-14 12:30:00,1905,sms,LOC0141
CDR010130,PH01038,PH00668,2026-06-22 13:59:00,430,call,LOC0179
CDR010131,PH00227,PH00908,2026-03-16 16:57:00,1234,call,LOC0041
CDR010132,PH00647,PH00298,2026-06-04 06:11:00,820,sms,LOC0062
CDR010133,PH00450,PH00109,2026-07-02 16:25:00,1365,sms,LOC0029
CDR010134,PH00279,PH00086,2026-06-19 18:39:00,1775,app_message,LOC0098
CDR010135,PH00079,PH00850,2026-02-15 15:55:00,1694,call,LOC0168
CDR010136,PH00019,PH01094,2026-03-09 20:49:00,1262,app_message,LOC0027
CDR010137,PH00154,PH00253,2026-05-08 12:47:00,1293,sms,LOC0034
CDR010138,PH00753,PH00253,2026-03-11 03:11:00,415,sms,LOC0043
CDR010139,PH00474,PH00300,2026-05-26 04:39:00,1892,sms,LOC0173
CDR010140,PH01186,PH00882,2026-04-30 12:15:00,1070,call,LOC0114
CDR010141,PH00568,PH00640,2026-05-05 13:06:00,464,app_message,LOC0111
CDR010142,PH00086,PH00908,2026-06-25 03:55:00,1476,sms,LOC0008
CDR010143,PH00414,PH01192,2026-06-11 06:10:00,2144,call,LOC0004
CDR010144,PH01173,PH00721,2026-05-09 13:27:00,322,call,LOC0020
CDR010145,PH00966,PH00681,2026-02-18 13:27:00,790,call,LOC0077
CDR010146,PH00356,PH01188,2026-04-12 04:54:00,1452,app_message,LOC0133
CDR010147,PH00637,PH00794,2026-01-01 17:30:00,1530,call,LOC0055
CDR010148,PH00313,PH00855,2026-08-04 03:43:00,1280,sms,LOC0033
CDR010149,PH00995,PH00437,2026-06-12 01:42:00,238,call,LOC0032
CDR010150,PH01011,PH01073,2026-01-28 16:56:00,639,sms,LOC0164
CDR010151,PH01099,PH00562,2026-01-28 20:03:00,1727,app_message,LOC0176
CDR010152,PH00403,PH00706,2026-03-10 02:45:00,2343,app_message,LOC0152
CDR010153,PH00860,PH00540,2026-03-13 07:45:00,729,app_message,LOC0006
CDR010154,PH01194,PH00138,2026-01-03 03:38:00,489,call,LOC0042
CDR010155,PH00814,PH00167,2026-06-18 22:03:00,1514,app_message,LOC0172
CDR010156,PH00506,PH00449,2026-04-13 23:21:00,2194,app_message,LOC0066
CDR010157,PH00609,PH00088,2026-01-19 15:22:00,2399,call,LOC0075
CDR010158,PH00506,PH00837,2026-03-13 03:56:00,2043,call,LOC0147
CDR010159,PH00979,PH00797,2026-04-30 08:28:00,432,call,LOC0084
CDR010160,PH01029,PH01141,2026-05-18 04:54:00,2044,call,LOC0116
CDR010161,PH00129,PH00914,2026-01-16 23:42:00,2087,call,LOC0150
CDR010162,PH00887,PH00310,2026-06-12 08:31:00,1818,call,LOC0145
CDR010163,PH00148,PH00070,2026-05-04 08:57:00,2392,app_message,LOC0118
CDR010164,PH00427,PH01152,2026-05-17 06:29:00,2297,app_message,LOC0173
CDR010165,PH00197,PH00444,2026-07-30 12:13:00,1325,sms,LOC0051
CDR010166,PH00857,PH01200,2026-06-18 14:31:00,2049,sms,LOC0018
CDR010167,PH01173,PH00847,2026-06-01 07:51:00,13,sms,LOC0160
CDR010168,PH01067,PH00249,2026-04-18 18:09:00,597,call,LOC0110
CDR010169,PH00310,PH00290,2026-08-22 19:28:00,1990,sms,LOC0020
CDR010170,PH00658,PH00126,2026-05-24 15:22:00,226,app_message,LOC0040
CDR010171,PH00549,PH00826,2026-02-09 22:29:00,524,sms,LOC0115
CDR010172,PH00219,PH00126,2026-05-09 22:15:00,779,app_message,LOC0061
CDR010173,PH00821,PH00290,2026-04-04 22:24:00,625,call,LOC0145
CDR010174,PH00485,PH00239,2026-04-01 16:33:00,57,app_message,LOC0056
CDR010175,PH00144,PH00633,2026-03-06 10:02:00,76,sms,LOC0172
CDR010176,PH01130,PH00770,2026-01-06 00:27:00,2108,app_message,LOC0155
CDR010177,PH00067,PH00347,2026-02-26 08:50:00,1738,call,LOC0103
CDR010178,PH01031,PH00115,2026-05-27 05:09:00,108,call,LOC0104
CDR010179,PH00006,PH00284,2026-08-20 15:25:00,1301,app_message,LOC0051
CDR010180,PH00275,PH00544,2026-07-11 01:31:00,2016,app_message,LOC0112
CDR010181,PH00450,PH00782,2026-04-19 01:04:00,723,sms,LOC0123
CDR010182,PH00633,PH00037,2026-07-04 22:03:00,1479,sms,LOC0167
CDR010183,PH00654,PH00266,2026-03-12 12:44:00,353,sms,LOC0012
CDR010184,PH00812,PH00346,2026-07-12 16:31:00,295,sms,LOC0119
CDR010185,PH00514,PH00989,2026-06-13 07:45:00,1475,sms,LOC0068
CDR010186,PH00369,PH01000,2026-02-07 06:47:00,1160,sms,LOC0088
CDR010187,PH01182,PH00315,2026-03-24 06:46:00,29,call,LOC0165
CDR010188,PH00560,PH00600,2026-04-27 19:54:00,1034,sms,LOC0051
CDR010189,PH00163,PH00401,2026-05-25 13:18:00,2400,call,LOC0072
CDR010190,PH00738,PH00763,2026-01-04 11:08:00,1817,app_message,LOC0071
CDR010191,PH01118,PH00212,2026-06-13 05:12:00,1396,sms,LOC0023
CDR010192,PH00332,PH00396,2026-07-15 00:09:00,1257,sms,LOC0143
CDR010193,PH00900,PH00271,2026-07-29 13:32:00,2161,sms,LOC0110
CDR010194,PH00681,PH00375,2026-02-22 08:42:00,2052,call,LOC0008
CDR010195,PH00128,PH00974,2026-08-29 13:17:00,1428,call,LOC0050
CDR010196,PH01042,PH00801,2026-08-26 05:31:00,1413,sms,LOC0137
CDR010197,PH00948,PH00681,2026-02-02 10:07:00,2205,sms,LOC0011
CDR010198,PH01066,PH00879,2026-06-17 05:20:00,833,sms,LOC0131
CDR010199,PH00071,PH00549,2026-05-18 04:03:00,344,sms,LOC0072
CDR010200,PH00993,PH00711,2026-01-22 14:25:00,545,call,LOC0037
CDR010201,PH01139,PH00783,2026-01-02 03:21:00,397,sms,LOC0165
CDR010202,PH00641,PH01099,2026-01-23 11:13:00,1826,app_message,LOC0172
CDR010203,PH00777,PH00837,2026-05-16 23:15:00,948,sms,LOC0055
CDR010204,PH01028,PH00877,2026-03-06 20:05:00,1702,sms,LOC0045
CDR010205,PH00379,PH00450,2026-05-10 22:11:00,2123,sms,LOC0016
CDR010206,PH00969,PH00304,2026-05-29 04:13:00,992,sms,LOC0159
CDR010207,PH00110,PH01010,2026-08-30 00:21:00,1018,sms,LOC0094
CDR010208,PH00243,PH01093,2026-05-27 08:23:00,448,call,LOC0095
CDR010209,PH00845,PH00165,2026-08-27 06:56:00,728,call,LOC0056
CDR010210,PH00402,PH00918,2026-08-09 05:13:00,1138,app_message,LOC0011
CDR010211,PH01167,PH00842,2026-02-25 03:11:00,652,sms,LOC0072
CDR010212,PH00086,PH00396,2026-03-02 12:12:00,987,sms,LOC0121
CDR010213,PH00766,PH01053,2026-07-30 04:32:00,1898,sms,LOC0014
CDR010214,PH00034,PH01131,2026-08-27 19:11:00,2227,sms,LOC0014
CDR010215,PH01036,PH00339,2026-02-13 20:08:00,488,call,LOC0075
CDR010216,PH01024,PH00180,2026-06-04 21:41:00,2109,sms,LOC0108
CDR010217,PH00356,PH01192,2026-03-31 15:06:00,641,sms,LOC0013
CDR010218,PH01143,PH00067,2026-07-01 21:09:00,1190,call,LOC0152
CDR010219,PH01139,PH00438,2026-05-04 11:46:00,1711,app_message,LOC0173
CDR010220,PH00562,PH00175,2026-06-01 08:39:00,165,call,LOC0170
CDR010221,PH00884,PH00071,2026-03-24 07:39:00,1791,sms,LOC0133
CDR010222,PH00826,PH00378,2026-07-09 23:18:00,1564,call,LOC0142
CDR010223,PH00195,PH00715,2026-08-02 17:32:00,1384,call,LOC0099
CDR010224,PH00986,PH00837,2026-07-16 13:55:00,146,call,LOC0071
CDR010225,PH00046,PH00276,2026-08-13 03:04:00,1330,sms,LOC0128
CDR010226,PH00966,PH00726,2026-04-17 02:10:00,159,call,LOC0024
CDR010227,PH00638,PH00962,2026-07-19 16:13:00,375,call,LOC0006
CDR010228,PH00615,PH00083,2026-04-16 00:58:00,952,sms,LOC0017
CDR010229,PH00367,PH01016,2026-06-11 19:03:00,2337,sms,LOC0056
CDR010230,PH00149,PH01050,2026-05-30 05:49:00,2305,call,LOC0075
CDR010231,PH00134,PH00932,2026-01-02 00:38:00,921,call,LOC0038
CDR010232,PH00378,PH01086,2026-01-03 01:36:00,1924,sms,LOC0106
CDR010233,PH00314,PH01128,2026-06-03 09:36:00,1263,app_message,LOC0171
CDR010234,PH01073,PH00008,2026-08-04 03:38:00,1751,call,LOC0161
CDR010235,PH00113,PH01150,2026-05-25 23:34:00,1473,sms,LOC0079
CDR010236,PH00827,PH00694,2026-07-14 10:16:00,1407,app_message,LOC0058
CDR010237,PH00218,PH00453,2026-01-03 15:52:00,1359,app_message,LOC0106
CDR010238,PH00608,PH00313,2026-04-16 13:41:00,1996,call,LOC0060
CDR010239,PH00634,PH00946,2026-01-05 00:10:00,595,app_message,LOC0153
CDR010240,PH00107,PH00166,2026-02-04 03:06:00,1973,sms,LOC0110
CDR010241,PH00713,PH00392,2026-03-21 07:26:00,1364,sms,LOC0019
CDR010242,PH01089,PH01105,2026-03-08 23:38:00,565,app_message,LOC0079
CDR010243,PH01077,PH00763,2026-07-30 12:38:00,1734,sms,LOC0123
CDR010244,PH00801,PH00876,2026-01-01 17:27:00,1641,call,LOC0076
CDR010245,PH00052,PH00955,2026-03-10 12:05:00,1031,call,LOC0056
CDR010246,PH00846,PH00075,2026-01-11 23:42:00,1515,sms,LOC0043
CDR010247,PH00951,PH01181,2026-03-18 20:22:00,1737,sms,LOC0070
CDR010248,PH00602,PH00502,2026-06-26 21:25:00,865,call,LOC0028
CDR010249,PH00961,PH00952,2026-07-07 21:16:00,1407,call,LOC0131
CDR010250,PH00648,PH00861,2026-05-12 16:40:00,496,app_message,LOC0099
CDR010251,PH00447,PH00450,2026-07-19 08:17:00,2223,sms,LOC0001
CDR010252,PH00824,PH00884,2026-02-28 23:33:00,1530,call,LOC0012
CDR010253,PH01113,PH00864,2026-03-05 11:00:00,1309,call,LOC0022
CDR010254,PH00736,PH00185,2026-05-10 13:52:00,342,call,LOC0148
CDR010255,PH01003,PH00637,2026-03-10 09:10:00,177,call,LOC0151
CDR010256,PH00651,PH01014,2026-07-07 23:17:00,2179,app_message,LOC0111
CDR010257,PH00264,PH00118,2026-06-05 15:29:00,394,sms,LOC0134
CDR010258,PH00393,PH00964,2026-03-19 13:52:00,435,call,LOC0081
CDR010259,PH00875,PH00582,2026-01-25 16:19:00,1436,sms,LOC0132
CDR010260,PH00056,PH00213,2026-07-13 13:06:00,149,call,LOC0066
CDR010261,PH00424,PH00859,2026-06-12 21:19:00,1682,sms,LOC0027
CDR010262,PH00628,PH01155,2026-04-30 17:04:00,1545,app_message,LOC0102
CDR010263,PH01075,PH01160,2026-04-08 02:03:00,1609,call,LOC0049
CDR010264,PH01064,PH00046,2026-06-02 21:48:00,549,sms,LOC0125
CDR010265,PH00736,PH00701,2026-01-02 02:33:00,517,sms,LOC0096
CDR010266,PH00153,PH00397,2026-05-02 12:03:00,1320,call,LOC0033
CDR010267,PH00632,PH00562,2026-04-12 14:46:00,579,call,LOC0163
CDR010268,PH00503,PH00401,2026-08-18 22:03:00,2018,sms,LOC0156
CDR010269,PH00843,PH00927,2026-06-10 11:40:00,1874,sms,LOC0135
CDR010270,PH00700,PH00946,2026-07-02 02:12:00,1059,app_message,LOC0066
CDR010271,PH01118,PH01007,2026-03-26 22:19:00,365,app_message,LOC0131
CDR010272,PH00115,PH00701,2026-04-13 21:57:00,1296,sms,LOC0120
CDR010273,PH00452,PH01199,2026-06-01 18:48:00,1668,sms,LOC0076
CDR010274,PH01087,PH01091,2026-04-02 22:46:00,2373,call,LOC0016
CDR010275,PH00928,PH00411,2026-02-10 21:13:00,936,app_message,LOC0104
CDR010276,PH00006,PH00033,2026-06-16 15:57:00,1207,app_message,LOC0171
CDR010277,PH00325,PH00725,2026-02-12 19:28:00,1596,app_message,LOC0127
CDR010278,PH00104,PH00615,2026-03-27 08:44:00,1217,sms,LOC0153
CDR010279,PH00901,PH00340,2026-02-10 03:12:00,841,call,LOC0097
CDR010280,PH00872,PH00865,2026-05-24 08:32:00,208,call,LOC0096
CDR010281,PH00808,PH00468,2026-05-26 06:51:00,291,app_message,LOC0157
CDR010282,PH00950,PH01016,2026-03-28 12:21:00,1262,call,LOC0174
CDR010283,PH00993,PH00735,2026-03-12 07:26:00,1366,sms,LOC0148
CDR010284,PH00218,PH00112,2026-01-28 11:32:00,761,call,LOC0039
CDR010285,PH00936,PH00299,2026-02-06 23:29:00,787,sms,LOC0033
CDR010286,PH00144,PH00309,2026-02-17 12:26:00,1027,app_message,LOC0068
CDR010287,PH00915,PH00817,2026-02-23 12:10:00,759,sms,LOC0046
CDR010288,PH00697,PH00861,2026-06-17 01:10:00,1566,call,LOC0008
CDR010289,PH00033,PH00106,2026-05-01 03:32:00,1674,app_message,LOC0016
CDR010290,PH01014,PH00585,2026-07-28 09:45:00,1762,sms,LOC0149
CDR010291,PH00400,PH00164,2026-05-27 20:40:00,1599,call,LOC0082
CDR010292,PH01103,PH01116,2026-08-03 10:26:00,1719,call,LOC0057
CDR010293,PH00049,PH00737,2026-04-29 04:50:00,1095,sms,LOC0090
CDR010294,PH00444,PH00422,2026-01-26 22:48:00,393,app_message,LOC0074
CDR010295,PH00515,PH00361,2026-07-04 09:32:00,883,app_message,LOC0079
CDR010296,PH01022,PH00761,2026-03-06 05:58:00,962,app_message,LOC0153
CDR010297,PH01200,PH00243,2026-02-26 02:03:00,431,app_message,LOC0013
CDR010298,PH00544,PH00864,2026-05-03 21:48:00,1033,app_message,LOC0157
CDR010299,PH00349,PH00002,2026-07-09 12:03:00,2301,call,LOC0116
CDR010300,PH00107,PH00917,2026-02-26 14:30:00,148,sms,LOC0003
CDR010301,PH01011,PH00472,2026-04-16 04:18:00,1242,sms,LOC0153
CDR010302,PH00678,PH01051,2026-07-27 09:47:00,1739,sms,LOC0057
CDR010303,PH00537,PH00838,2026-01-19 08:45:00,118,call,LOC0123
CDR010304,PH00164,PH00804,2026-02-07 16:05:00,2204,app_message,LOC0031
CDR010305,PH00427,PH00673,2026-04-20 07:15:00,1746,sms,LOC0132
CDR010306,PH00476,PH01150,2026-02-19 06:21:00,395,app_message,LOC0046
CDR010307,PH01104,PH01070,2026-06-14 00:32:00,274,call,LOC0025
CDR010308,PH00971,PH01077,2026-07-04 12:29:00,1143,sms,LOC0017
CDR010309,PH01016,PH01180,2026-05-24 14:54:00,267,app_message,LOC0038
CDR010310,PH00099,PH01103,2026-04-14 03:55:00,551,sms,LOC0127
CDR010311,PH00701,PH00378,2026-08-27 09:42:00,444,call,LOC0077
CDR010312,PH00459,PH01071,2026-06-25 05:27:00,1164,call,LOC0151
CDR010313,PH00960,PH01186,2026-02-15 20:50:00,1384,call,LOC0006
CDR010314,PH00145,PH00745,2026-07-30 00:05:00,440,call,LOC0067
CDR010315,PH00898,PH01175,2026-03-01 12:33:00,2139,app_message,LOC0067
CDR010316,PH00343,PH00906,2026-06-13 02:53:00,329,sms,LOC0044
CDR010317,PH00388,PH00736,2026-01-02 07:43:00,1396,app_message,LOC0145
CDR010318,PH00502,PH01148,2026-04-14 18:52:00,1891,call,LOC0101
CDR010319,PH00812,PH00677,2026-01-28 10:02:00,339,sms,LOC0144
CDR010320,PH00681,PH00065,2026-06-28 12:41:00,2034,app_message,LOC0107
CDR010321,PH00650,PH00152,2026-01-19 11:57:00,1760,app_message,LOC0090
CDR010322,PH00776,PH00552,2026-03-31 09:19:00,1438,sms,LOC0082
CDR010323,PH00960,PH00338,2026-03-10 09:44:00,128,app_message,LOC0011
CDR010324,PH00813,PH00201,2026-05-25 05:31:00,436,app_message,LOC0130
CDR010325,PH00403,PH00171,2026-06-06 16:45:00,2137,sms,LOC0075
CDR010326,PH00114,PH00816,2026-02-15 20:15:00,1049,app_message,LOC0117
CDR010327,PH00946,PH00126,2026-04-28 18:38:00,2338,app_message,LOC0041
CDR010328,PH00853,PH00280,2026-06-09 23:28:00,1550,sms,LOC0012
CDR010329,PH00803,PH00549,2026-04-10 07:54:00,186,app_message,LOC0034
CDR010330,PH00577,PH00932,2026-01-20 00:08:00,2222,app_message,LOC0109
CDR010331,PH00473,PH00291,2026-08-30 21:26:00,858,app_message,LOC0135
CDR010332,PH00960,PH00934,2026-04-08 04:23:00,2171,sms,LOC0087
CDR010333,PH00678,PH00929,2026-05-16 10:31:00,375,sms,LOC0102
CDR010334,PH00501,PH00750,2026-02-02 14:38:00,1545,call,LOC0165
CDR010335,PH00764,PH00341,2026-06-28 08:40:00,1359,app_message,LOC0028
CDR010336,PH00826,PH01128,2026-02-09 04:22:00,1139,sms,LOC0082
CDR010337,PH01061,PH00544,2026-03-17 11:49:00,102,call,LOC0002
CDR010338,PH00596,PH00495,2026-08-21 10:38:00,1986,sms,LOC0046
CDR010339,PH00085,PH00908,2026-05-31 00:15:00,2225,app_message,LOC0101
CDR010340,PH00690,PH00600,2026-06-13 22:35:00,137,app_message,LOC0068
CDR010341,PH00206,PH01038,2026-08-17 04:16:00,299,sms,LOC0019
CDR010342,PH01161,PH00965,2026-08-04 22:45:00,173,sms,LOC0180
CDR010343,PH01082,PH00682,2026-07-25 04:15:00,1383,sms,LOC0019
CDR010344,PH00104,PH00229,2026-02-25 05:24:00,1820,app_message,LOC0156
CDR010345,PH00528,PH00580,2026-05-02 18:34:00,404,app_message,LOC0158
CDR010346,PH00313,PH00735,2026-07-06 03:33:00,1238,app_message,LOC0089
CDR010347,PH00923,PH00680,2026-07-12 14:00:00,1705,sms,LOC0085
CDR010348,PH00762,PH00463,2026-07-15 16:27:00,2365,call,LOC0111
CDR010349,PH00815,PH01093,2026-04-15 17:20:00,369,call,LOC0131
CDR010350,PH01162,PH00841,2026-05-12 18:56:00,2009,app_message,LOC0122
CDR010351,PH00250,PH01051,2026-05-08 00:11:00,284,call,LOC0174
CDR010352,PH00629,PH00952,2026-03-02 01:50:00,1937,sms,LOC0013
CDR010353,PH00774,PH00156,2026-05-17 16:54:00,1418,app_message,LOC0044
CDR010354,PH00252,PH00429,2026-02-04 08:51:00,1007,call,LOC0016
CDR010355,PH00326,PH00648,2026-04-14 19:58:00,1706,sms,LOC0138
CDR010356,PH00082,PH00224,2026-02-21 06:57:00,1296,call,LOC0090
CDR010357,PH00856,PH00982,2026-07-21 12:11:00,2005,sms,LOC0093
CDR010358,PH00170,PH00268,2026-01-27 13:56:00,726,app_message,LOC0066
CDR010359,PH00034,PH00193,2026-02-20 10:36:00,1097,sms,LOC0063
CDR010360,PH00381,PH00080,2026-08-21 17:08:00,2383,call,LOC0039
CDR010361,PH00864,PH00865,2026-03-20 16:36:00,2047,call,LOC0008
CDR010362,PH00788,PH00131,2026-02-01 09:55:00,369,app_message,LOC0007
CDR010363,PH00612,PH00580,2026-04-23 03:48:00,1723,call,LOC0115
CDR010364,PH00244,PH00633,2026-05-06 14:04:00,1305,sms,LOC0087
CDR010365,PH00687,PH00322,2026-05-29 12:31:00,1470,sms,LOC0106
CDR010366,PH00574,PH00071,2026-07-08 00:25:00,262,call,LOC0147
CDR010367,PH00928,PH00558,2026-05-20 06:57:00,1761,call,LOC0003
CDR010368,PH00775,PH00268,2026-08-29 04:51:00,786,app_message,LOC0110
CDR010369,PH00215,PH00572,2026-08-08 07:58:00,664,sms,LOC0143
CDR010370,PH00713,PH00101,2026-04-25 16:31:00,1247,call,LOC0133
CDR010371,PH00354,PH00010,2026-02-21 15:40:00,1107,sms,LOC0147
CDR010372,PH01048,PH00721,2026-05-09 00:12:00,1926,sms,LOC0123
CDR010373,PH00882,PH00321,2026-03-02 11:13:00,228,call,LOC0141
CDR010374,PH00732,PH00402,2026-02-06 15:55:00,1283,call,LOC0012
CDR010375,PH00989,PH00366,2026-01-10 14:26:00,1103,call,LOC0108
CDR010376,PH00218,PH00054,2026-08-19 04:18:00,1417,app_message,LOC0012
CDR010377,PH00327,PH00247,2026-02-12 14:20:00,466,sms,LOC0037
CDR010378,PH00560,PH00740,2026-06-25 22:54:00,136,sms,LOC0081
CDR010379,PH00831,PH00307,2026-07-23 05:12:00,1223,sms,LOC0173
CDR010380,PH00234,PH00515,2026-03-12 11:48:00,2044,call,LOC0062
CDR010381,PH00902,PH00354,2026-08-30 19:14:00,2009,app_message,LOC0059
CDR010382,PH00667,PH00314,2026-03-23 18:18:00,1567,call,LOC0161
CDR010383,PH00854,PH00135,2026-05-25 23:47:00,2323,sms,LOC0151
CDR010384,PH00795,PH00388,2026-05-26 13:12:00,257,call,LOC0129
CDR010385,PH00548,PH00524,2026-07-21 03:25:00,450,app_message,LOC0145
CDR010386,PH00980,PH00706,2026-05-22 04:41:00,179,sms,LOC0014
CDR010387,PH00943,PH00080,2026-01-10 01:43:00,208,app_message,LOC0120
CDR010388,PH00662,PH00077,2026-08-28 20:56:00,1836,sms,LOC0112
CDR010389,PH00275,PH00403,2026-06-24 11:28:00,1760,app_message,LOC0037
CDR010390,PH00543,PH00817,2026-08-06 23:36:00,1961,call,LOC0065
CDR010391,PH00060,PH00801,2026-03-30 10:01:00,1122,app_message,LOC0050
CDR010392,PH00770,PH00312,2026-01-07 08:11:00,428,call,LOC0028
CDR010393,PH00630,PH00960,2026-02-27 03:14:00,1629,app_message,LOC0069
CDR010394,PH00276,PH00411,2026-01-06 13:21:00,1371,app_message,LOC0098
CDR010395,PH00832,PH00817,2026-05-07 19:50:00,1817,sms,LOC0074
CDR010396,PH00031,PH00885,2026-05-28 03:08:00,828,sms,LOC0146
CDR010397,PH00647,PH00379,2026-03-10 12:04:00,1598,app_message,LOC0055
CDR010398,PH00887,PH00420,2026-02-01 15:15:00,2394,call,LOC0007
CDR010399,PH00140,PH00306,2026-03-27 01:13:00,1127,call,LOC0134
CDR010400,PH00838,PH01134,2026-01-21 13:43:00,2287,sms,LOC0098
CDR010401,PH00758,PH00443,2026-01-11 06:30:00,545,call,LOC0166
CDR010402,PH00921,PH01051,2026-06-14 03:31:00,1142,sms,LOC0081
CDR010403,PH01155,PH00321,2026-06-08 16:31:00,1672,call,LOC0065
CDR010404,PH00589,PH00618,2026-03-16 00:39:00,1254,call,LOC0066
CDR010405,PH00081,PH00329,2026-02-15 00:20:00,311,app_message,LOC0173
CDR010406,PH00058,PH00039,2026-08-26 04:57:00,120,sms,LOC0178
CDR010407,PH01191,PH00449,2026-01-13 11:02:00,1855,call,LOC0178
CDR010408,PH00585,PH00540,2026-05-18 23:03:00,693,app_message,LOC0057
CDR010409,PH00065,PH00735,2026-06-29 10:22:00,1013,app_message,LOC0170
CDR010410,PH00233,PH00466,2026-05-17 20:39:00,78,call,LOC0009
CDR010411,PH00494,PH00316,2026-05-24 00:42:00,1377,sms,LOC0096
CDR010412,PH00881,PH00888,2026-01-03 22:48:00,2130,sms,LOC0098
CDR010413,PH00779,PH00684,2026-08-04 20:31:00,2296,sms,LOC0144
CDR010414,PH00500,PH00313,2026-05-03 13:28:00,2166,sms,LOC0124
CDR010415,PH00801,PH00445,2026-06-19 02:39:00,517,app_message,LOC0162
CDR010416,PH00032,PH00874,2026-08-23 09:31:00,2177,app_message,LOC0024
CDR010417,PH00730,PH00802,2026-04-15 16:49:00,2216,sms,LOC0099
CDR010418,PH00052,PH00315,2026-04-09 07:06:00,1557,call,LOC0149
CDR010419,PH00690,PH00438,2026-06-13 11:48:00,2082,sms,LOC0139
CDR010420,PH01039,PH00934,2026-04-14 09:47:00,1342,call,LOC0089
CDR010421,PH00931,PH01182,2026-08-01 04:42:00,579,app_message,LOC0027
CDR010422,PH00774,PH00101,2026-06-20 01:12:00,1172,call,LOC0160
CDR010423,PH00834,PH01172,2026-05-23 18:59:00,304,app_message,LOC0074
CDR010424,PH00366,PH00995,2026-02-16 19:14:00,402,app_message,LOC0093
CDR010425,PH00944,PH00007,2026-08-28 19:43:00,1809,app_message,LOC0049
CDR010426,PH00511,PH00713,2026-07-22 23:02:00,931,app_message,LOC0070
CDR010427,PH00682,PH01110,2026-04-04 14:03:00,2238,app_message,LOC0020
CDR010428,PH00540,PH00819,2026-07-08 22:37:00,1028,sms,LOC0148
CDR010429,PH00662,PH00390,2026-05-19 03:24:00,472,sms,LOC0146
CDR010430,PH01114,PH00243,2026-01-27 05:14:00,279,sms,LOC0065
CDR010431,PH00080,PH01125,2026-05-04 08:20:00,1089,sms,LOC0062
CDR010432,PH00425,PH00723,2026-04-05 07:18:00,1809,call,LOC0013
CDR010433,PH00577,PH00356,2026-02-25 10:53:00,477,call,LOC0146
CDR010434,PH00044,PH00803,2026-01-13 09:46:00,2229,app_message,LOC0094
CDR010435,PH00724,PH00600,2026-08-10 14:19:00,231,app_message,LOC0180
CDR010436,PH00860,PH01063,2026-07-30 01:53:00,1944,app_message,LOC0120
CDR010437,PH01138,PH00393,2026-08-13 00:24:00,1537,call,LOC0165
CDR010438,PH00221,PH00240,2026-01-28 23:10:00,1350,app_message,LOC0130
CDR010439,PH01050,PH00239,2026-02-10 21:38:00,692,call,LOC0133
CDR010440,PH00830,PH00123,2026-05-09 00:16:00,2325,sms,LOC0089
CDR010441,PH00625,PH01157,2026-05-15 19:57:00,1380,app_message,LOC0030
CDR010442,PH01121,PH00120,2026-06-05 08:25:00,1919,call,LOC0109
CDR010443,PH01042,PH00266,2026-03-05 03:42:00,1136,sms,LOC0121
CDR010444,PH00697,PH01108,2026-05-02 11:15:00,2309,sms,LOC0108
CDR010445,PH00163,PH00415,2026-03-10 19:40:00,158,sms,LOC0175
CDR010446,PH01037,PH00708,2026-01-15 00:38:00,2118,sms,LOC0122
CDR010447,PH00057,PH00689,2026-03-10 06:31:00,2237,app_message,LOC0039
CDR010448,PH00851,PH01011,2026-06-13 15:03:00,2352,call,LOC0022
CDR010449,PH01126,PH01089,2026-08-21 21:11:00,929,app_message,LOC0033
CDR010450,PH00276,PH00998,2026-04-29 15:57:00,1316,sms,LOC0145
CDR010451,PH00280,PH00768,2026-01-05 09:09:00,194,app_message,LOC0147
CDR010452,PH00028,PH00099,2026-07-31 07:16:00,1742,app_message,LOC0123
CDR010453,PH00567,PH00624,2026-06-08 02:14:00,377,call,LOC0084
CDR010454,PH00894,PH00445,2026-03-31 15:11:00,79,sms,LOC0009
CDR010455,PH01132,PH00407,2026-06-16 19:51:00,687,call,LOC0079
CDR010456,PH00406,PH00664,2026-07-30 16:59:00,1976,sms,LOC0131
CDR010457,PH00295,PH00828,2026-07-02 10:23:00,1998,app_message,LOC0132
CDR010458,PH00256,PH00838,2026-08-31 05:30:00,2309,sms,LOC0014
CDR010459,PH00059,PH00700,2026-05-26 19:47:00,447,app_message,LOC0038
CDR010460,PH00522,PH00352,2026-06-18 19:24:00,195,call,LOC0021
CDR010461,PH00354,PH00192,2026-01-13 10:56:00,331,call,LOC0059
CDR010462,PH01184,PH00837,2026-06-18 19:18:00,2379,call,LOC0039
CDR010463,PH00467,PH00904,2026-07-14 09:55:00,620,call,LOC0149
CDR010464,PH01171,PH01053,2026-01-26 00:06:00,2027,call,LOC0146
CDR010465,PH00614,PH00544,2026-03-29 19:25:00,935,call,LOC0060
CDR010466,PH00414,PH00667,2026-07-23 08:24:00,2176,call,LOC0012
CDR010467,PH00150,PH00767,2026-05-18 15:44:00,730,sms,LOC0079
CDR010468,PH01178,PH01184,2026-03-07 16:15:00,491,app_message,LOC0108
CDR010469,PH00333,PH00436,2026-06-20 12:32:00,1057,sms,LOC0100
CDR010470,PH00921,PH00941,2026-07-03 10:27:00,1376,app_message,LOC0177
CDR010471,PH00397,PH00490,2026-07-08 12:57:00,2133,sms,LOC0081
CDR010472,PH00917,PH00115,2026-07-10 05:14:00,1180,sms,LOC0104
CDR010473,PH00143,PH00421,2026-08-06 17:57:00,1729,call,LOC0118
CDR010474,PH00960,PH00251,2026-02-04 12:35:00,615,call,LOC0078
CDR010475,PH00273,PH00511,2026-08-24 07:11:00,1115,sms,LOC0083
CDR010476,PH00479,PH00841,2026-01-15 16:29:00,2400,call,LOC0060
CDR010477,PH00398,PH01157,2026-02-08 19:29:00,2234,call,LOC0139
CDR010478,PH01045,PH01039,2026-03-17 19:57:00,1951,sms,LOC0095
CDR010479,PH00761,PH00111,2026-02-28 14:42:00,2251,app_message,LOC0132
CDR010480,PH00828,PH00796,2026-04-23 22:51:00,1107,call,LOC0144
CDR010481,PH00802,PH00046,2026-07-17 21:37:00,693,app_message,LOC0021
CDR010482,PH00280,PH00599,2026-06-02 15:29:00,1755,app_message,LOC0161
CDR010483,PH00279,PH00304,2026-08-29 23:40:00,2360,call,LOC0015
CDR010484,PH00687,PH01089,2026-04-22 00:57:00,936,sms,LOC0127
CDR010485,PH01175,PH00796,2026-03-10 11:00:00,1050,sms,LOC0075
CDR010486,PH00741,PH00332,2026-04-20 14:40:00,280,app_message,LOC0080
CDR010487,PH00570,PH00883,2026-06-11 22:26:00,1922,call,LOC0008
CDR010488,PH00452,PH00333,2026-04-06 02:33:00,1531,call,LOC0123
CDR010489,PH00432,PH00819,2026-01-26 02:34:00,840,call,LOC0109
CDR010490,PH00236,PH00961,2026-03-15 20:44:00,1751,sms,LOC0153
CDR010491,PH01024,PH00273,2026-05-10 11:48:00,688,call,LOC0138
CDR010492,PH00510,PH00710,2026-05-01 01:50:00,1928,call,LOC0087
CDR010493,PH00461,PH01080,2026-06-06 22:03:00,446,app_message,LOC0047
CDR010494,PH00616,PH00804,2026-05-04 14:29:00,2285,app_message,LOC0021
CDR010495,PH00874,PH00524,2026-01-22 15:45:00,29,call,LOC0072
CDR010496,PH00941,PH00066,2026-01-17 14:04:00,370,app_message,LOC0060
CDR010497,PH00823,PH00159,2026-07-03 10:00:00,483,call,LOC0091
CDR010498,PH00834,PH00038,2026-02-26 03:22:00,324,call,LOC0167
CDR010499,PH01198,PH00924,2026-03-13 07:15:00,1598,call,LOC0056
CDR010500,PH01114,PH00644,2026-01-13 14:31:00,2313,sms,LOC0154
CDR010501,PH00663,PH01089,2026-01-11 03:21:00,594,call,LOC0101
CDR010502,PH00051,PH00800,2026-08-26 19:35:00,2374,app_message,LOC0095
CDR010503,PH00541,PH00076,2026-02-06 03:26:00,1371,call,LOC0085
CDR010504,PH01165,PH00556,2026-05-04 17:26:00,1579,sms,LOC0030
CDR010505,PH00541,PH00952,2026-01-05 01:33:00,1501,call,LOC0179
CDR010506,PH00812,PH00873,2026-06-28 00:31:00,2323,sms,LOC0102
CDR010507,PH00126,PH00315,2026-02-20 18:25:00,2383,app_message,LOC0019
CDR010508,PH00960,PH01023,2026-03-03 20:05:00,1886,call,LOC0176
CDR010509,PH00962,PH00712,2026-02-26 11:48:00,1361,call,LOC0012
CDR010510,PH00237,PH01123,2026-07-23 08:51:00,1452,call,LOC0043
CDR010511,PH00171,PH00300,2026-08-28 12:10:00,475,sms,LOC0170
CDR010512,PH00760,PH00817,2026-07-11 12:07:00,863,app_message,LOC0159
CDR010513,PH00848,PH01104,2026-01-19 04:18:00,2367,call,LOC0120
CDR010514,PH00131,PH01120,2026-08-02 13:33:00,1419,app_message,LOC0055
CDR010515,PH00649,PH00563,2026-03-29 17:03:00,2321,call,LOC0134
CDR010516,PH00708,PH00827,2026-07-06 12:57:00,2146,call,LOC0019
CDR010517,PH00984,PH00419,2026-04-04 21:20:00,911,app_message,LOC0038
CDR010518,PH00830,PH00123,2026-05-31 12:05:00,1741,call,LOC0132
CDR010519,PH00230,PH00593,2026-07-16 11:05:00,613,sms,LOC0036
CDR010520,PH00065,PH00945,2026-08-28 18:05:00,1800,app_message,LOC0002
CDR010521,PH01153,PH01125,2026-08-16 16:05:00,1248,sms,LOC0017
CDR010522,PH00013,PH00510,2026-06-29 01:18:00,677,app_message,LOC0171
CDR010523,PH00740,PH01180,2026-04-22 15:27:00,484,call,LOC0133
CDR010524,PH00678,PH00463,2026-06-09 08:36:00,2142,app_message,LOC0037
CDR010525,PH00069,PH00256,2026-06-24 07:50:00,2039,app_message,LOC0072
CDR010526,PH00847,PH01198,2026-06-21 11:15:00,899,call,LOC0087
CDR010527,PH00272,PH01130,2026-07-21 03:12:00,1095,call,LOC0017
CDR010528,PH00506,PH01050,2026-07-19 05:33:00,168,sms,LOC0155
CDR010529,PH00185,PH00686,2026-06-03 17:03:00,2124,app_message,LOC0014
CDR010530,PH00533,PH00263,2026-08-23 00:46:00,1641,call,LOC0069
CDR010531,PH00157,PH01089,2026-07-05 14:20:00,2247,call,LOC0005
CDR010532,PH00355,PH00264,2026-04-19 12:52:00,1153,sms,LOC0076
CDR010533,PH00351,PH00337,2026-04-14 05:36:00,81,call,LOC0001
CDR010534,PH00377,PH00082,2026-07-18 19:30:00,1270,sms,LOC0050
CDR010535,PH00332,PH00369,2026-05-20 23:43:00,915,call,LOC0009
CDR010536,PH00224,PH00129,2026-07-20 01:40:00,269,call,LOC0096
CDR010537,PH01196,PH00577,2026-02-04 12:48:00,1111,app_message,LOC0162
CDR010538,PH01017,PH00500,2026-07-02 00:09:00,559,app_message,LOC0066
CDR010539,PH00357,PH01161,2026-02-09 21:47:00,236,sms,LOC0065
CDR010540,PH00168,PH01093,2026-07-10 04:44:00,1780,sms,LOC0030
CDR010541,PH00611,PH00628,2026-01-06 03:27:00,2196,app_message,LOC0048
CDR010542,PH00249,PH01148,2026-06-11 17:13:00,962,call,LOC0072
CDR010543,PH00829,PH01164,2026-07-10 04:25:00,122,sms,LOC0138
CDR010544,PH00880,PH00945,2026-02-16 07:20:00,1859,sms,LOC0087
CDR010545,PH01113,PH00618,2026-01-19 08:16:00,1524,sms,LOC0113
CDR010546,PH00324,PH00982,2026-03-23 11:57:00,500,app_message,LOC0176
CDR010547,PH00676,PH00048,2026-02-22 06:31:00,2288,app_message,LOC0072
CDR010548,PH00355,PH00847,2026-05-09 04:14:00,1062,call,LOC0048
CDR010549,PH00672,PH00978,2026-02-05 03:54:00,74,app_message,LOC0134
CDR010550,PH00498,PH00793,2026-07-27 20:53:00,1359,call,LOC0065
CDR010551,PH00100,PH00150,2026-07-07 08:46:00,2291,sms,LOC0020
CDR010552,PH00423,PH00844,2026-01-16 20:20:00,1724,call,LOC0146
CDR010553,PH00928,PH00972,2026-05-24 12:19:00,2372,sms,LOC0153
CDR010554,PH00198,PH00490,2026-08-12 10:25:00,184,call,LOC0162
CDR010555,PH00666,PH00457,2026-04-11 07:06:00,1728,call,LOC0133
CDR010556,PH00977,PH00348,2026-08-21 08:48:00,2180,sms,LOC0034
CDR010557,PH00973,PH00256,2026-05-04 18:15:00,2016,call,LOC0027
CDR010558,PH00312,PH00386,2026-03-17 16:23:00,1513,app_message,LOC0134
CDR010559,PH00047,PH01151,2026-05-20 12:36:00,1227,call,LOC0061
CDR010560,PH01038,PH01167,2026-05-20 16:39:00,1281,app_message,LOC0005
CDR010561,PH01055,PH00596,2026-01-27 02:05:00,2096,app_message,LOC0112
CDR010562,PH00628,PH00341,2026-08-12 20:03:00,2092,sms,LOC0064
CDR010563,PH00384,PH00796,2026-07-29 05:47:00,259,call,LOC0095
CDR010564,PH00834,PH01042,2026-02-23 09:46:00,1417,call,LOC0046
CDR010565,PH00187,PH00260,2026-01-29 03:27:00,877,sms,LOC0133
CDR010566,PH00377,PH00340,2026-01-07 17:03:00,1631,call,LOC0175
CDR010567,PH00861,PH00778,2026-06-06 19:30:00,2207,call,LOC0106
CDR010568,PH00283,PH00015,2026-01-16 10:46:00,789,sms,LOC0097
CDR010569,PH00039,PH00641,2026-02-23 22:29:00,603,sms,LOC0148
CDR010570,PH00746,PH00231,2026-03-17 14:52:00,2352,app_message,LOC0074
CDR010571,PH01037,PH00597,2026-06-16 18:47:00,1540,call,LOC0062
CDR010572,PH00354,PH00001,2026-08-07 19:19:00,499,call,LOC0125
CDR010573,PH00391,PH00223,2026-07-06 07:37:00,1702,app_message,LOC0125
CDR010574,PH01029,PH01134,2026-08-23 13:29:00,568,sms,LOC0048
CDR010575,PH00022,PH00642,2026-05-18 15:31:00,611,call,LOC0013
CDR010576,PH00824,PH00904,2026-07-09 17:55:00,1336,app_message,LOC0164
CDR010577,PH01028,PH00598,2026-07-22 05:05:00,1890,call,LOC0113
CDR010578,PH00489,PH00592,2026-05-25 23:51:00,2250,call,LOC0102
CDR010579,PH00352,PH00520,2026-06-24 18:40:00,1366,app_message,LOC0041
CDR010580,PH00734,PH00500,2026-07-11 02:16:00,29,call,LOC0151
CDR010581,PH00625,PH00430,2026-03-05 23:47:00,2398,app_message,LOC0064
CDR010582,PH00878,PH00181,2026-04-11 17:47:00,2147,sms,LOC0150
CDR010583,PH01069,PH00244,2026-02-07 17:12:00,480,call,LOC0009
CDR010584,PH00694,PH00220,2026-04-03 05:14:00,2287,app_message,LOC0061
CDR010585,PH00725,PH00136,2026-06-22 21:03:00,2392,call,LOC0070
CDR010586,PH00780,PH00562,2026-08-03 08:33:00,290,sms,LOC0017
CDR010587,PH00203,PH01181,2026-03-30 09:34:00,564,app_message,LOC0180
CDR010588,PH00008,PH00425,2026-07-10 11:21:00,1145,app_message,LOC0154
CDR010589,PH00704,PH00148,2026-04-15 21:03:00,1421,sms,LOC0131
CDR010590,PH00873,PH00082,2026-06-30 17:00:00,1742,call,LOC0042
CDR010591,PH00917,PH00871,2026-03-21 17:26:00,366,sms,LOC0178
CDR010592,PH00543,PH00967,2026-06-18 14:40:00,858,sms,LOC0048
CDR010593,PH00676,PH00733,2026-07-01 12:35:00,2239,call,LOC0045
CDR010594,PH00578,PH00015,2026-03-15 09:34:00,1229,call,LOC0091
CDR010595,PH01035,PH00568,2026-06-07 18:35:00,1327,call,LOC0162
CDR010596,PH01170,PH00636,2026-04-12 11:04:00,833,call,LOC0006
CDR010597,PH00809,PH01142,2026-08-14 06:52:00,385,sms,LOC0052
CDR010598,PH01192,PH01037,2026-03-14 14:20:00,288,app_message,LOC0067
CDR010599,PH00631,PH00575,2026-04-01 05:08:00,294,call,LOC0018
CDR010600,PH00769,PH00857,2026-01-25 12:28:00,990,call,LOC0114
CDR010601,PH00995,PH00047,2026-06-26 18:29:00,2068,sms,LOC0155
CDR010602,PH00996,PH01118,2026-07-15 20:34:00,798,call,LOC0173
CDR010603,PH00255,PH00480,2026-02-27 22:59:00,365,sms,LOC0162
CDR010604,PH00198,PH00644,2026-05-12 05:43:00,1581,call,LOC0127
CDR010605,PH01137,PH01178,2026-07-09 09:59:00,811,app_message,LOC0065
CDR010606,PH00235,PH00521,2026-04-21 11:26:00,2035,app_message,LOC0068
CDR010607,PH01189,PH00933,2026-02-24 08:50:00,1352,app_message,LOC0012
CDR010608,PH01006,PH00756,2026-03-14 07:07:00,1924,app_message,LOC0046
CDR010609,PH00995,PH00990,2026-04-27 12:18:00,1374,app_message,LOC0125
CDR010610,PH01190,PH00026,2026-06-20 21:49:00,2320,app_message,LOC0177
CDR010611,PH00028,PH00988,2026-01-17 14:13:00,2337,sms,LOC0078
CDR010612,PH00808,PH00137,2026-06-14 22:59:00,307,call,LOC0046
CDR010613,PH00324,PH00131,2026-03-07 10:50:00,378,sms,LOC0006
CDR010614,PH00858,PH00272,2026-07-10 19:30:00,2304,sms,LOC0178
CDR010615,PH01070,PH00034,2026-08-06 13:33:00,318,app_message,LOC0086
CDR010616,PH01073,PH00657,2026-02-11 12:34:00,433,app_message,LOC0075
CDR010617,PH00436,PH00238,2026-07-21 23:08:00,1848,call,LOC0041
CDR010618,PH00421,PH00468,2026-03-26 04:45:00,1638,app_message,LOC0058
CDR010619,PH00973,PH00285,2026-03-21 14:41:00,755,sms,LOC0151
CDR010620,PH00174,PH00796,2026-06-20 23:30:00,928,call,LOC0047
CDR010621,PH00763,PH00372,2026-02-14 18:26:00,936,sms,LOC0051
CDR010622,PH01184,PH00962,2026-04-25 21:41:00,21,call,LOC0135
CDR010623,PH00327,PH00415,2026-04-26 15:08:00,105,sms,LOC0129
CDR010624,PH01005,PH00742,2026-03-18 13:15:00,695,sms,LOC0051
CDR010625,PH00179,PH00945,2026-05-10 17:05:00,1752,app_message,LOC0035
CDR010626,PH00059,PH00266,2026-01-22 09:49:00,182,app_message,LOC0167
CDR010627,PH00698,PH00654,2026-08-27 01:46:00,1673,app_message,LOC0075
CDR010628,PH00707,PH00706,2026-08-05 21:32:00,1240,sms,LOC0073
CDR010629,PH00648,PH00187,2026-07-25 13:04:00,1424,call,LOC0114
CDR010630,PH00754,PH00976,2026-07-20 00:51:00,73,app_message,LOC0171
CDR010631,PH00121,PH00894,2026-08-03 03:51:00,1164,call,LOC0161
CDR010632,PH00268,PH00568,2026-06-07 07:44:00,408,app_message,LOC0009
CDR010633,PH00526,PH00895,2026-02-03 08:45:00,1602,call,LOC0174
CDR010634,PH00595,PH01036,2026-05-09 09:37:00,2084,sms,LOC0112
CDR010635,PH00500,PH00374,2026-08-12 11:38:00,688,sms,LOC0095
CDR010636,PH00693,PH00397,2026-04-18 14:15:00,249,call,LOC0117
CDR010637,PH00592,PH01082,2026-03-24 00:54:00,1984,app_message,LOC0177
CDR010638,PH00864,PH00704,2026-01-08 18:50:00,1170,call,LOC0010
CDR010639,PH00485,PH00046,2026-07-22 05:14:00,2379,call,LOC0127
CDR010640,PH00206,PH00530,2026-05-31 02:10:00,990,app_message,LOC0143
CDR010641,PH01062,PH00120,2026-05-18 16:05:00,1972,app_message,LOC0052
CDR010642,PH01185,PH01184,2026-05-08 02:17:00,1398,sms,LOC0002
CDR010643,PH00039,PH00307,2026-08-01 14:15:00,1539,call,LOC0102
CDR010644,PH00567,PH00875,2026-03-17 15:27:00,2347,app_message,LOC0175
CDR010645,PH00259,PH00340,2026-07-26 00:49:00,1893,call,LOC0149
CDR010646,PH00666,PH01098,2026-02-22 20:51:00,1011,sms,LOC0124
CDR010647,PH00441,PH00212,2026-03-27 11:51:00,140,app_message,LOC0158
CDR010648,PH00929,PH00678,2026-02-09 04:34:00,2199,call,LOC0112
CDR010649,PH00757,PH01086,2026-03-02 04:27:00,453,sms,LOC0170
CDR010650,PH00555,PH00575,2026-01-28 04:05:00,1607,sms,LOC0034
CDR010651,PH00980,PH00423,2026-07-09 21:47:00,1144,sms,LOC0145
CDR010652,PH00074,PH00014,2026-04-06 15:25:00,1365,sms,LOC0163
CDR010653,PH00113,PH00273,2026-07-10 13:40:00,1819,sms,LOC0065
CDR010654,PH00857,PH01108,2026-06-05 00:50:00,1593,app_message,LOC0058
CDR010655,PH00014,PH01145,2026-03-10 02:52:00,1350,call,LOC0138
CDR010656,PH00751,PH00903,2026-04-30 13:06:00,1371,app_message,LOC0012
CDR010657,PH00117,PH00955,2026-03-23 12:01:00,388,sms,LOC0165
CDR010658,PH00581,PH00240,2026-01-30 08:00:00,1260,sms,LOC0163
CDR010659,PH01166,PH00070,2026-01-01 05:09:00,2235,call,LOC0023
CDR010660,PH01179,PH00955,2026-02-18 03:17:00,1534,call,LOC0096
CDR010661,PH00996,PH00178,2026-01-04 06:44:00,127,app_message,LOC0057
CDR010662,PH00038,PH00605,2026-05-12 17:41:00,416,app_message,LOC0020
CDR010663,PH00425,PH00884,2026-06-12 11:39:00,985,call,LOC0104
CDR010664,PH00946,PH00571,2026-08-04 13:40:00,972,call,LOC0123
CDR010665,PH00392,PH00479,2026-05-24 04:06:00,1294,call,LOC0031
CDR010666,PH00842,PH01186,2026-08-09 17:05:00,1825,app_message,LOC0072
CDR010667,PH00223,PH00062,2026-02-20 13:41:00,541,sms,LOC0059
CDR010668,PH00003,PH00526,2026-07-23 23:35:00,1552,app_message,LOC0010
CDR010669,PH00356,PH01009,2026-08-01 02:42:00,2224,app_message,LOC0107
CDR010670,PH00186,PH00193,2026-07-31 15:02:00,1699,sms,LOC0027
CDR010671,PH00895,PH01032,2026-01-25 23:01:00,444,call,LOC0108
CDR010672,PH00558,PH00769,2026-01-31 03:00:00,1596,app_message,LOC0020
CDR010673,PH01042,PH01094,2026-01-17 03:29:00,1459,call,LOC0029
CDR010674,PH00599,PH00664,2026-06-29 21:34:00,1476,call,LOC0026
CDR010675,PH00096,PH00879,2026-08-08 00:15:00,1872,app_message,LOC0016
CDR010676,PH00300,PH01175,2026-07-07 05:19:00,464,app_message,LOC0140
CDR010677,PH00741,PH00980,2026-07-20 15:05:00,33,call,LOC0064
CDR010678,PH00269,PH00324,2026-04-25 19:28:00,2116,call,LOC0019
CDR010679,PH00188,PH00881,2026-06-28 06:41:00,1911,app_message,LOC0139
CDR010680,PH00736,PH01097,2026-03-08 11:22:00,518,sms,LOC0180
CDR010681,PH00602,PH00140,2026-08-26 23:34:00,1159,call,LOC0173
CDR010682,PH00778,PH01157,2026-04-26 11:40:00,1948,app_message,LOC0095
CDR010683,PH00680,PH00487,2026-04-12 01:46:00,1325,app_message,LOC0037
CDR010684,PH00424,PH01141,2026-08-31 03:56:00,1762,sms,LOC0011
CDR010685,PH00236,PH00220,2026-07-10 04:03:00,1003,sms,LOC0112
CDR010686,PH00064,PH00238,2026-03-15 16:11:00,160,call,LOC0091
CDR010687,PH00079,PH00411,2026-07-25 01:25:00,2136,sms,LOC0101
CDR010688,PH00443,PH01178,2026-01-10 03:53:00,1369,sms,LOC0116
CDR010689,PH00351,PH00361,2026-01-21 14:45:00,609,app_message,LOC0003
CDR010690,PH00936,PH00696,2026-07-05 19:22:00,1694,sms,LOC0167
CDR010691,PH00896,PH01117,2026-04-12 14:33:00,31,call,LOC0134
CDR010692,PH00371,PH00275,2026-02-04 20:54:00,1129,call,LOC0154
CDR010693,PH00982,PH00449,2026-05-26 23:33:00,1639,app_message,LOC0079
CDR010694,PH00741,PH00046,2026-03-06 06:02:00,58,app_message,LOC0013
CDR010695,PH01027,PH00028,2026-08-16 12:24:00,62,app_message,LOC0154
CDR010696,PH00285,PH00187,2026-06-17 19:24:00,1324,app_message,LOC0025
CDR010697,PH00414,PH00655,2026-02-26 18:22:00,1351,call,LOC0080
CDR010698,PH00922,PH00103,2026-06-21 21:02:00,1324,app_message,LOC0097
CDR010699,PH01071,PH00105,2026-04-21 17:50:00,1921,call,LOC0128
CDR010700,PH00690,PH00172,2026-04-03 08:43:00,765,app_message,LOC0051
CDR010701,PH00842,PH01167,2026-05-19 04:27:00,1966,sms,LOC0022
CDR010702,PH00717,PH00707,2026-07-08 11:04:00,471,call,LOC0096
CDR010703,PH01033,PH00737,2026-06-29 03:45:00,1652,sms,LOC0077
CDR010704,PH00286,PH00384,2026-06-11 05:36:00,1304,app_message,LOC0034
CDR010705,PH00777,PH00653,2026-06-10 02:49:00,596,call,LOC0031
CDR010706,PH00910,PH00103,2026-01-21 00:36:00,939,call,LOC0058
CDR010707,PH00414,PH01063,2026-05-24 02:17:00,175,sms,LOC0019
CDR010708,PH00650,PH00473,2026-06-02 04:30:00,831,call,LOC0075
CDR010709,PH01176,PH01066,2026-08-01 14:40:00,493,sms,LOC0137
CDR010710,PH00096,PH00278,2026-05-09 07:48:00,325,app_message,LOC0146
CDR010711,PH00935,PH01171,2026-08-10 14:43:00,1705,sms,LOC0011
CDR010712,PH00762,PH00311,2026-08-29 00:56:00,2064,call,LOC0130
CDR010713,PH00578,PH00781,2026-07-26 12:03:00,2130,app_message,LOC0098
CDR010714,PH00606,PH00868,2026-06-18 13:17:00,1665,app_message,LOC0028
CDR010715,PH00857,PH00474,2026-02-23 04:10:00,24,call,LOC0114
CDR010716,PH00001,PH00080,2026-08-05 07:14:00,634,app_message,LOC0066
CDR010717,PH00107,PH00927,2026-07-09 00:31:00,583,app_message,LOC0074
CDR010718,PH00324,PH00003,2026-05-16 08:52:00,1471,app_message,LOC0016
CDR010719,PH00361,PH00008,2026-02-22 17:39:00,1310,sms,LOC0118
CDR010720,PH00530,PH00160,2026-04-26 10:09:00,506,call,LOC0115
CDR010721,PH00996,PH00399,2026-03-13 07:41:00,2056,sms,LOC0035
CDR010722,PH00616,PH00175,2026-02-11 03:54:00,2060,call,LOC0033
CDR010723,PH01028,PH00169,2026-05-28 07:34:00,1074,app_message,LOC0070
CDR010724,PH00376,PH00230,2026-06-30 06:28:00,1713,call,LOC0148
CDR010725,PH00303,PH01144,2026-08-27 00:31:00,1392,app_message,LOC0089
CDR010726,PH00760,PH00264,2026-03-13 04:16:00,1133,sms,LOC0024
CDR010727,PH01024,PH00166,2026-06-01 04:13:00,1201,call,LOC0062
CDR010728,PH00126,PH00665,2026-05-15 19:13:00,1517,sms,LOC0130
CDR010729,PH00260,PH00931,2026-05-20 18:50:00,560,app_message,LOC0054
CDR010730,PH00436,PH00966,2026-04-27 19:41:00,680,sms,LOC0036
CDR010731,PH01178,PH00365,2026-05-09 00:18:00,1739,app_message,LOC0089
CDR010732,PH00507,PH01149,2026-07-13 16:45:00,908,sms,LOC0102
CDR010733,PH00726,PH00103,2026-03-01 02:32:00,241,app_message,LOC0032
CDR010734,PH00430,PH00595,2026-07-26 08:12:00,2066,call,LOC0146
CDR010735,PH00378,PH00779,2026-06-26 05:30:00,2137,sms,LOC0019
CDR010736,PH01015,PH00683,2026-05-30 04:47:00,322,sms,LOC0131
CDR010737,PH00617,PH01021,2026-07-25 23:56:00,910,app_message,LOC0142
CDR010738,PH00664,PH00568,2026-04-27 06:54:00,2318,call,LOC0074
CDR010739,PH00113,PH00790,2026-02-02 03:54:00,163,app_message,LOC0144
CDR010740,PH00864,PH00543,2026-06-09 03:46:00,1209,call,LOC0051
CDR010741,PH00690,PH00221,2026-01-22 18:20:00,900,sms,LOC0086
CDR010742,PH00751,PH00052,2026-01-07 00:22:00,244,call,LOC0167
CDR010743,PH00801,PH00678,2026-08-26 15:45:00,360,app_message,LOC0098
CDR010744,PH01102,PH00183,2026-05-30 23:52:00,1651,sms,LOC0098
CDR010745,PH00973,PH00651,2026-06-29 09:40:00,61,call,LOC0062
CDR010746,PH00291,PH00188,2026-04-14 16:27:00,1765,sms,LOC0143
CDR010747,PH00790,PH00768,2026-06-10 01:50:00,1642,sms,LOC0116
CDR010748,PH00968,PH00473,2026-08-15 00:51:00,1747,sms,LOC0052
CDR010749,PH00926,PH00903,2026-03-30 10:30:00,434,sms,LOC0122
CDR010750,PH00065,PH00456,2026-08-03 01:13:00,2219,call,LOC0158
CDR010751,PH01152,PH00544,2026-06-18 21:54:00,92,call,LOC0091
CDR010752,PH00014,PH00710,2026-01-23 07:42:00,2282,app_message,LOC0042
CDR010753,PH00160,PH00875,2026-07-24 15:33:00,1455,sms,LOC0006
CDR010754,PH01036,PH00817,2026-05-17 21:14:00,1495,sms,LOC0048
CDR010755,PH00595,PH00346,2026-05-26 03:46:00,82,sms,LOC0150
CDR010756,PH00844,PH00406,2026-01-28 22:47:00,322,app_message,LOC0049
CDR010757,PH00995,PH00122,2026-08-10 00:33:00,652,sms,LOC0151
CDR010758,PH00750,PH01098,2026-04-03 16:38:00,172,call,LOC0103
CDR010759,PH00343,PH01028,2026-01-01 06:11:00,1403,sms,LOC0008
CDR010760,PH00090,PH00291,2026-08-09 14:45:00,2203,app_message,LOC0106
CDR010761,PH00666,PH00281,2026-05-27 06:50:00,61,call,LOC0129
CDR010762,PH00407,PH00822,2026-07-31 10:20:00,1452,app_message,LOC0121
CDR010763,PH00530,PH00376,2026-03-27 00:40:00,775,app_message,LOC0134
CDR010764,PH00962,PH00198,2026-04-27 15:50:00,496,call,LOC0023
CDR010765,PH00830,PH00411,2026-01-02 06:12:00,2215,sms,LOC0151
CDR010766,PH01084,PH00927,2026-02-02 06:19:00,575,call,LOC0076
CDR010767,PH00952,PH00467,2026-03-15 10:49:00,2011,app_message,LOC0173
CDR010768,PH00841,PH01162,2026-05-17 19:31:00,1451,call,LOC0116
CDR010769,PH00344,PH01168,2026-02-28 04:03:00,1297,call,LOC0004
CDR010770,PH00591,PH00605,2026-03-12 06:41:00,1147,sms,LOC0045
CDR010771,PH00860,PH01192,2026-05-19 11:43:00,9,sms,LOC0039
CDR010772,PH00817,PH00902,2026-01-27 17:12:00,2137,sms,LOC0096
CDR010773,PH00961,PH00158,2026-05-14 09:24:00,1240,call,LOC0074
CDR010774,PH00171,PH00611,2026-07-23 12:48:00,1286,sms,LOC0001
CDR010775,PH00824,PH00692,2026-08-06 11:08:00,1177,sms,LOC0130
CDR010776,PH00973,PH00182,2026-08-20 06:40:00,60,call,LOC0159
CDR010777,PH00401,PH00503,2026-02-04 06:37:00,2052,call,LOC0163
CDR010778,PH00954,PH01028,2026-01-12 03:46:00,52,call,LOC0148
CDR010779,PH00672,PH00060,2026-01-26 08:32:00,94,sms,LOC0002
CDR010780,PH00756,PH00336,2026-04-18 16:09:00,1945,app_message,LOC0137
CDR010781,PH01199,PH00520,2026-01-03 04:20:00,715,sms,LOC0118
CDR010782,PH00370,PH01084,2026-04-13 17:05:00,1117,sms,LOC0035
CDR010783,PH00238,PH00741,2026-04-06 17:42:00,556,sms,LOC0120
CDR010784,PH00518,PH00083,2026-08-30 01:42:00,1252,call,LOC0065
CDR010785,PH00421,PH00302,2026-01-08 13:50:00,630,app_message,LOC0154
CDR010786,PH00359,PH01117,2026-04-04 15:18:00,1373,sms,LOC0030
CDR010787,PH00554,PH01079,2026-08-26 12:58:00,1561,sms,LOC0062
CDR010788,PH00741,PH00680,2026-07-17 08:16:00,1432,app_message,LOC0110
CDR010789,PH01082,PH00053,2026-03-28 23:48:00,923,sms,LOC0042
CDR010790,PH00349,PH00122,2026-05-13 22:44:00,220,sms,LOC0136
CDR010791,PH00125,PH00575,2026-06-06 09:10:00,1552,call,LOC0072
CDR010792,PH01157,PH00592,2026-05-23 19:58:00,866,app_message,LOC0031
CDR010793,PH00754,PH01187,2026-06-13 13:22:00,1290,sms,LOC0024
CDR010794,PH00206,PH00245,2026-03-08 11:53:00,1410,sms,LOC0060
CDR010795,PH00104,PH01062,2026-06-05 11:06:00,2306,app_message,LOC0073
CDR010796,PH00423,PH00458,2026-03-26 22:59:00,780,call,LOC0073
CDR010797,PH00550,PH00014,2026-07-31 22:38:00,1868,app_message,LOC0034
CDR010798,PH00180,PH00107,2026-03-29 00:43:00,370,sms,LOC0163
CDR010799,PH00301,PH00075,2026-01-16 11:00:00,2080,sms,LOC0039
CDR010800,PH01029,PH00456,2026-05-20 05:25:00,2162,call,LOC0101
CDR010801,PH00426,PH01194,2026-05-28 11:33:00,1479,sms,LOC0047
CDR010802,PH00503,PH00034,2026-07-05 00:04:00,36,call,LOC0037
CDR010803,PH00397,PH00129,2026-05-19 03:07:00,649,app_message,LOC0097
CDR010804,PH00874,PH00126,2026-01-21 14:56:00,426,call,LOC0178
CDR010805,PH00260,PH00867,2026-01-28 18:18:00,2334,sms,LOC0104
CDR010806,PH00526,PH00484,2026-03-20 16:56:00,134,call,LOC0030
CDR010807,PH00954,PH00374,2026-01-28 07:53:00,2206,app_message,LOC0122
CDR010808,PH00148,PH01179,2026-02-28 21:44:00,836,call,LOC0169
CDR010809,PH00480,PH00042,2026-02-10 16:37:00,2373,sms,LOC0128
CDR010810,PH00004,PH01010,2026-03-19 16:09:00,29,sms,LOC0074
CDR010811,PH00223,PH00295,2026-06-22 11:50:00,400,sms,LOC0052
CDR010812,PH00826,PH00740,2026-05-10 16:17:00,477,call,LOC0074
CDR010813,PH00931,PH00078,2026-01-15 02:53:00,1699,call,LOC0035
CDR010814,PH00423,PH00638,2026-02-08 14:40:00,909,sms,LOC0093
CDR010815,PH00521,PH00950,2026-08-22 20:25:00,605,call,LOC0093
CDR010816,PH01084,PH00182,2026-04-04 14:43:00,949,app_message,LOC0021
CDR010817,PH00452,PH00890,2026-01-24 03:08:00,20,call,LOC0069
CDR010818,PH01126,PH00221,2026-03-20 13:54:00,285,app_message,LOC0139
CDR010819,PH00397,PH01136,2026-03-21 02:14:00,1140,sms,LOC0093
CDR010820,PH00741,PH00058,2026-05-29 11:47:00,2310,call,LOC0021
CDR010821,PH00860,PH00778,2026-08-15 00:08:00,2244,call,LOC0108
CDR010822,PH00143,PH00960,2026-03-10 11:20:00,192,app_message,LOC0022
CDR010823,PH00050,PH00309,2026-07-09 21:22:00,283,call,LOC0171
CDR010824,PH01167,PH00880,2026-02-14 06:19:00,1651,app_message,LOC0100
CDR010825,PH00658,PH00754,2026-02-04 00:40:00,250,call,LOC0180
CDR010826,PH00041,PH01024,2026-08-20 06:55:00,1166,sms,LOC0075
CDR010827,PH00337,PH00377,2026-08-03 07:41:00,1968,sms,LOC0145
CDR010828,PH00600,PH00528,2026-02-26 14:35:00,2204,sms,LOC0016
CDR010829,PH00403,PH01166,2026-01-12 14:57:00,515,app_message,LOC0170
CDR010830,PH00540,PH00722,2026-07-10 15:13:00,1123,call,LOC0121
CDR010831,PH00329,PH00265,2026-06-09 06:37:00,881,call,LOC0072
CDR010832,PH00365,PH00078,2026-05-20 08:32:00,1670,sms,LOC0027
CDR010833,PH00869,PH00351,2026-03-01 08:42:00,1674,call,LOC0158
CDR010834,PH00025,PH00777,2026-08-05 21:29:00,1272,app_message,LOC0129
CDR010835,PH01016,PH00583,2026-08-13 13:33:00,2225,app_message,LOC0123
CDR010836,PH00233,PH00112,2026-06-01 13:08:00,1874,sms,LOC0147
CDR010837,PH00449,PH00818,2026-07-21 14:42:00,562,sms,LOC0055
CDR010838,PH00938,PH00100,2026-07-24 09:52:00,450,call,LOC0034
CDR010839,PH00714,PH01026,2026-04-09 21:29:00,713,app_message,LOC0166
CDR010840,PH00585,PH00530,2026-03-21 09:03:00,888,call,LOC0083
CDR010841,PH00157,PH00862,2026-05-04 11:57:00,1126,sms,LOC0082
CDR010842,PH01119,PH00525,2026-03-24 03:28:00,1859,call,LOC0037
CDR010843,PH00519,PH00235,2026-03-29 23:54:00,599,sms,LOC0154
CDR010844,PH00681,PH00551,2026-05-25 07:45:00,787,sms,LOC0123
CDR010845,PH00157,PH01031,2026-02-27 03:09:00,2316,app_message,LOC0018
CDR010846,PH00936,PH00183,2026-03-10 22:35:00,2367,app_message,LOC0072
CDR010847,PH00016,PH01027,2026-06-26 01:29:00,956,app_message,LOC0022
CDR010848,PH00063,PH00179,2026-01-28 11:59:00,2093,sms,LOC0127
CDR010849,PH01069,PH00946,2026-07-29 23:54:00,617,sms,LOC0142
CDR010850,PH00938,PH00148,2026-02-24 15:20:00,1897,sms,LOC0087
CDR010851,PH00190,PH00170,2026-08-16 23:52:00,1955,app_message,LOC0088
CDR010852,PH00102,PH00948,2026-04-07 21:45:00,1690,call,LOC0134
CDR010853,PH01064,PH01052,2026-03-24 17:24:00,276,app_message,LOC0141
CDR010854,PH00570,PH00259,2026-07-19 07:33:00,1122,app_message,LOC0155
CDR010855,PH00446,PH00785,2026-03-08 20:42:00,1191,sms,LOC0114
CDR010856,PH00437,PH00941,2026-08-08 03:49:00,2383,sms,LOC0125
CDR010857,PH00018,PH00570,2026-06-29 00:29:00,1139,app_message,LOC0049
CDR010858,PH00439,PH00509,2026-04-14 13:10:00,2310,sms,LOC0032
CDR010859,PH00982,PH01175,2026-07-29 13:40:00,1601,call,LOC0074
CDR010860,PH00298,PH00881,2026-03-11 09:00:00,238,call,LOC0010
CDR010861,PH00046,PH00674,2026-08-12 18:53:00,1629,app_message,LOC0031
CDR010862,PH00202,PH00112,2026-07-12 07:32:00,1745,app_message,LOC0025
CDR010863,PH00851,PH00591,2026-04-13 18:56:00,1749,sms,LOC0180
CDR010864,PH00471,PH00857,2026-07-02 07:44:00,1707,sms,LOC0160
CDR010865,PH00592,PH00868,2026-02-09 18:50:00,1638,app_message,LOC0121
CDR010866,PH00258,PH00878,2026-02-15 10:40:00,2364,call,LOC0020
CDR010867,PH00319,PH00221,2026-03-24 15:11:00,1941,sms,LOC0157
CDR010868,PH00889,PH00048,2026-03-14 09:29:00,1798,app_message,LOC0083
CDR010869,PH01128,PH00977,2026-04-10 17:14:00,317,sms,LOC0123
CDR010870,PH00618,PH00739,2026-03-23 01:41:00,221,call,LOC0167
CDR010871,PH00957,PH00648,2026-07-17 16:04:00,45,app_message,LOC0048
CDR010872,PH00269,PH00635,2026-01-29 22:38:00,463,sms,LOC0168
CDR010873,PH00752,PH00195,2026-08-16 22:04:00,2290,app_message,LOC0035
CDR010874,PH00937,PH00067,2026-07-02 16:41:00,1479,call,LOC0131
CDR010875,PH01033,PH00443,2026-04-26 15:00:00,2302,call,LOC0013
CDR010876,PH01066,PH00242,2026-01-15 03:09:00,838,app_message,LOC0067
CDR010877,PH00924,PH00198,2026-04-14 22:21:00,1939,call,LOC0048
CDR010878,PH00119,PH00016,2026-06-26 08:24:00,2359,call,LOC0119
CDR010879,PH00872,PH00183,2026-03-16 22:06:00,234,app_message,LOC0007
CDR010880,PH00316,PH00939,2026-07-08 15:21:00,995,sms,LOC0027
CDR010881,PH00423,PH01028,2026-05-13 19:08:00,472,sms,LOC0091
CDR010882,PH00220,PH00732,2026-04-08 00:56:00,625,app_message,LOC0124
CDR010883,PH00758,PH00042,2026-02-20 00:19:00,44,app_message,LOC0064
CDR010884,PH00784,PH01168,2026-05-22 10:50:00,1047,app_message,LOC0079
CDR010885,PH00406,PH00170,2026-08-10 16:43:00,1572,sms,LOC0036
CDR010886,PH00606,PH00152,2026-07-25 17:20:00,2022,app_message,LOC0017
CDR010887,PH00013,PH00658,2026-02-13 01:48:00,891,call,LOC0129
CDR010888,PH00104,PH00756,2026-06-06 06:48:00,1245,call,LOC0120
CDR010889,PH01143,PH00694,2026-06-06 02:29:00,663,sms,LOC0099
CDR010890,PH00054,PH00818,2026-08-31 01:45:00,845,sms,LOC0117
CDR010891,PH00662,PH00586,2026-03-02 21:57:00,1958,sms,LOC0014
CDR010892,PH00908,PH00447,2026-08-06 15:27:00,1414,sms,LOC0118
CDR010893,PH00316,PH00975,2026-03-14 10:47:00,1780,app_message,LOC0061
CDR010894,PH01067,PH00798,2026-06-03 18:17:00,1627,app_message,LOC0010
CDR010895,PH00548,PH01157,2026-06-20 13:12:00,452,app_message,LOC0135
CDR010896,PH01114,PH00603,2026-02-24 19:57:00,1244,call,LOC0139
CDR010897,PH01071,PH00816,2026-08-25 19:35:00,466,app_message,LOC0038
CDR010898,PH00531,PH00002,2026-03-01 08:11:00,281,sms,LOC0164
CDR010899,PH00517,PH00633,2026-06-04 03:07:00,1425,sms,LOC0080
CDR010900,PH01195,PH00800,2026-08-04 12:46:00,2314,sms,LOC0146
CDR010901,PH00066,PH01010,2026-01-08 09:13:00,1529,app_message,LOC0143
CDR010902,PH00361,PH00002,2026-03-01 23:45:00,74,call,LOC0146
CDR010903,PH00477,PH00821,2026-08-07 18:28:00,1305,app_message,LOC0156
CDR010904,PH00948,PH00318,2026-08-02 01:28:00,2064,sms,LOC0091
CDR010905,PH01190,PH01116,2026-08-01 12:40:00,1553,call,LOC0180
CDR010906,PH00617,PH01108,2026-06-30 10:21:00,1669,call,LOC0100
CDR010907,PH00579,PH00965,2026-01-28 03:49:00,871,app_message,LOC0038
CDR010908,PH00471,PH01024,2026-06-15 20:51:00,522,app_message,LOC0083
CDR010909,PH00468,PH00711,2026-07-21 17:55:00,322,sms,LOC0138
CDR010910,PH00788,PH00824,2026-06-27 10:16:00,1960,app_message,LOC0018
CDR010911,PH00406,PH00471,2026-08-24 16:31:00,1410,sms,LOC0072
CDR010912,PH00842,PH01144,2026-08-05 11:33:00,659,call,LOC0104
CDR010913,PH00403,PH00079,2026-02-05 16:45:00,282,sms,LOC0021
CDR010914,PH00602,PH00055,2026-06-22 01:20:00,2172,sms,LOC0101
CDR010915,PH01011,PH00314,2026-05-12 10:05:00,5,call,LOC0009
CDR010916,PH00599,PH00556,2026-05-07 08:58:00,277,call,LOC0125
CDR010917,PH00268,PH00129,2026-04-01 18:14:00,1493,app_message,LOC0082
CDR010918,PH00452,PH00334,2026-05-28 15:33:00,1587,sms,LOC0029
CDR010919,PH00501,PH00195,2026-03-03 20:14:00,850,call,LOC0010
CDR010920,PH00320,PH00668,2026-04-20 16:08:00,1034,app_message,LOC0172
CDR010921,PH01092,PH00020,2026-01-21 09:02:00,756,app_message,LOC0170
CDR010922,PH00084,PH01014,2026-05-13 01:28:00,939,sms,LOC0119
CDR010923,PH00575,PH01005,2026-05-23 14:33:00,1378,call,LOC0073
CDR010924,PH00346,PH00561,2026-08-17 03:03:00,1818,app_message,LOC0017
CDR010925,PH00736,PH00160,2026-03-05 13:19:00,1317,sms,LOC0111
CDR010926,PH00560,PH00200,2026-08-06 10:26:00,1038,sms,LOC0065
CDR010927,PH00336,PH00820,2026-03-10 13:32:00,2081,call,LOC0079
CDR010928,PH00902,PH00711,2026-06-05 21:39:00,452,sms,LOC0097
CDR010929,PH00870,PH00072,2026-01-10 14:23:00,1558,app_message,LOC0116
CDR010930,PH00774,PH00626,2026-02-06 07:40:00,733,app_message,LOC0049
CDR010931,PH00887,PH00047,2026-04-11 00:44:00,478,call,LOC0138
CDR010932,PH00995,PH00201,2026-04-08 22:01:00,2133,call,LOC0030
CDR010933,PH00320,PH00001,2026-04-19 21:24:00,2289,app_message,LOC0123
CDR010934,PH00395,PH01013,2026-05-13 07:15:00,2259,call,LOC0102
CDR010935,PH00390,PH00175,2026-08-27 22:00:00,793,app_message,LOC0157
CDR010936,PH01074,PH00494,2026-01-07 07:58:00,2353,sms,LOC0088
CDR010937,PH00995,PH00394,2026-06-09 03:42:00,1359,call,LOC0028
CDR010938,PH01145,PH01124,2026-07-04 08:13:00,970,app_message,LOC0011
CDR010939,PH00465,PH00061,2026-05-03 06:31:00,731,call,LOC0071
CDR010940,PH00018,PH00443,2026-03-13 00:27:00,1750,sms,LOC0039
CDR010941,PH00515,PH00119,2026-05-29 00:57:00,1061,call,LOC0151
CDR010942,PH01041,PH00676,2026-01-26 02:37:00,1279,sms,LOC0158
CDR010943,PH00317,PH00241,2026-03-30 11:28:00,379,call,LOC0109
CDR010944,PH00875,PH00873,2026-01-20 15:43:00,533,sms,LOC0049
CDR010945,PH00380,PH00059,2026-04-17 17:35:00,1402,app_message,LOC0008
CDR010946,PH00543,PH00540,2026-03-26 01:39:00,670,app_message,LOC0080
CDR010947,PH00711,PH00882,2026-02-15 14:06:00,96,app_message,LOC0115
CDR010948,PH00607,PH01134,2026-05-31 03:46:00,1725,call,LOC0160
CDR010949,PH00019,PH01005,2026-03-20 10:16:00,1674,call,LOC0179
CDR010950,PH00197,PH00383,2026-03-03 22:53:00,1721,sms,LOC0092
CDR010951,PH00039,PH00831,2026-08-30 15:39:00,1099,sms,LOC0085
CDR010952,PH00903,PH00216,2026-06-17 13:11:00,138,app_message,LOC0171
CDR010953,PH00952,PH00591,2026-08-18 16:28:00,2224,sms,LOC0109
CDR010954,PH01141,PH00328,2026-03-17 10:25:00,2107,call,LOC0152
CDR010955,PH01174,PH00068,2026-02-20 04:39:00,1300,app_message,LOC0060
CDR010956,PH00568,PH00367,2026-04-03 21:17:00,73,app_message,LOC0064
CDR010957,PH00425,PH00835,2026-05-07 01:59:00,1995,app_message,LOC0010
CDR010958,PH01064,PH00276,2026-06-13 19:52:00,1065,call,LOC0076
CDR010959,PH00613,PH00006,2026-05-26 19:32:00,1520,app_message,LOC0003
CDR010960,PH00018,PH00259,2026-04-22 10:38:00,1640,call,LOC0180
CDR010961,PH00741,PH00545,2026-04-30 15:01:00,1742,app_message,LOC0103
CDR010962,PH00818,PH01155,2026-04-03 23:06:00,2093,call,LOC0052
CDR010963,PH01170,PH00273,2026-03-26 01:15:00,1017,call,LOC0050
CDR010964,PH00284,PH00200,2026-07-26 00:39:00,970,app_message,LOC0011
CDR010965,PH01145,PH00119,2026-07-05 22:53:00,2227,sms,LOC0146
CDR010966,PH00511,PH00094,2026-03-31 14:11:00,1988,app_message,LOC0073
CDR010967,PH00141,PH00335,2026-02-17 12:30:00,2115,app_message,LOC0109
CDR010968,PH01001,PH00127,2026-04-03 19:10:00,2368,call,LOC0163
CDR010969,PH01035,PH00932,2026-01-17 14:06:00,259,sms,LOC0022
CDR010970,PH00292,PH00894,2026-03-16 08:10:00,311,call,LOC0019
CDR010971,PH00047,PH00999,2026-08-16 15:17:00,2249,call,LOC0110
CDR010972,PH00572,PH01073,2026-06-10 16:26:00,1901,app_message,LOC0148
CDR010973,PH00239,PH00867,2026-05-29 15:11:00,1345,sms,LOC0132
CDR010974,PH00126,PH00726,2026-05-01 03:13:00,685,sms,LOC0043
CDR010975,PH00698,PH00917,2026-04-05 09:52:00,1787,app_message,LOC0135
CDR010976,PH00248,PH01022,2026-07-26 20:45:00,1368,sms,LOC0078
CDR010977,PH00480,PH00562,2026-06-17 12:55:00,469,app_message,LOC0099
CDR010978,PH00069,PH00670,2026-07-05 01:55:00,1539,app_message,LOC0095
CDR010979,PH00784,PH00935,2026-03-31 21:51:00,2313,call,LOC0146
CDR010980,PH00117,PH00326,2026-05-08 20:08:00,204,app_message,LOC0164
CDR010981,PH00916,PH00580,2026-03-18 09:04:00,284,app_message,LOC0041
CDR010982,PH00956,PH01153,2026-02-05 21:32:00,512,call,LOC0041
CDR010983,PH00421,PH00562,2026-04-10 19:54:00,1513,sms,LOC0137
CDR010984,PH00522,PH00811,2026-06-27 23:48:00,1816,call,LOC0120
CDR010985,PH00331,PH00859,2026-06-23 09:24:00,1261,call,LOC0134
CDR010986,PH00055,PH01017,2026-02-09 23:23:00,2178,app_message,LOC0090
CDR010987,PH00713,PH00392,2026-03-10 03:57:00,978,call,LOC0141
CDR010988,PH00675,PH00358,2026-07-22 17:37:00,1597,call,LOC0101
CDR010989,PH01137,PH01178,2026-04-14 09:12:00,1116,call,LOC0180
CDR010990,PH00252,PH00495,2026-04-11 19:29:00,1873,sms,LOC0066
CDR010991,PH00597,PH01009,2026-04-01 20:20:00,1709,call,LOC0120
CDR010992,PH00560,PH00803,2026-04-16 02:31:00,766,app_message,LOC0031
CDR010993,PH00905,PH00548,2026-02-12 20:59:00,1360,sms,LOC0158
CDR010994,PH00313,PH00772,2026-07-16 03:38:00,228,call,LOC0093
CDR010995,PH00127,PH00654,2026-06-28 16:10:00,1425,app_message,LOC0099
CDR010996,PH00348,PH00114,2026-07-07 23:42:00,2227,sms,LOC0162
CDR010997,PH00181,PH00962,2026-07-15 13:58:00,520,sms,LOC0171
CDR010998,PH00192,PH00655,2026-07-27 04:58:00,1113,call,LOC0110
CDR010999,PH01002,PH00621,2026-03-09 12:42:00,1288,app_message,LOC0140
CDR011000,PH01064,PH00046,2026-05-09 14:27:00,783,app_message,LOC0087
CDR011001,PH01173,PH00342,2026-07-24 13:22:00,1112,call,LOC0005
CDR011002,PH00161,PH00709,2026-05-16 17:02:00,2299,call,LOC0168
CDR011003,PH00618,PH00510,2026-02-09 05:52:00,1992,call,LOC0093
CDR011004,PH00775,PH00163,2026-02-23 13:52:00,862,sms,LOC0083
CDR011005,PH00856,PH00325,2026-02-24 05:02:00,2258,sms,LOC0053
CDR011006,PH01156,PH00047,2026-03-12 09:22:00,178,app_message,LOC0156
CDR011007,PH00981,PH00087,2026-01-03 10:41:00,221,sms,LOC0064
CDR011008,PH00006,PH00486,2026-03-18 18:22:00,2281,sms,LOC0132
CDR011009,PH01015,PH00974,2026-07-13 12:57:00,283,app_message,LOC0099
CDR011010,PH00411,PH00079,2026-05-29 20:50:00,1231,app_message,LOC0070
CDR011011,PH00816,PH00694,2026-05-06 10:26:00,5,app_message,LOC0083
CDR011012,PH00875,PH00346,2026-01-22 14:59:00,261,call,LOC0092
CDR011013,PH00571,PH00386,2026-05-09 03:16:00,1026,call,LOC0107
CDR011014,PH01123,PH00926,2026-03-25 23:32:00,1075,sms,LOC0084
CDR011015,PH01020,PH00024,2026-01-19 16:52:00,641,call,LOC0006
CDR011016,PH00477,PH00110,2026-06-20 17:35:00,1613,app_message,LOC0142
CDR011017,PH00284,PH00225,2026-06-23 12:49:00,822,call,LOC0009
CDR011018,PH01120,PH00171,2026-08-24 02:26:00,1900,app_message,LOC0042
CDR011019,PH00870,PH00294,2026-01-01 03:35:00,598,call,LOC0158
CDR011020,PH00254,PH00326,2026-02-24 09:29:00,1589,sms,LOC0122
CDR011021,PH00630,PH00954,2026-08-05 08:26:00,336,call,LOC0097
CDR011022,PH00571,PH00036,2026-06-07 07:31:00,570,call,LOC0166
CDR011023,PH00578,PH01179,2026-05-31 23:52:00,1574,sms,LOC0040
CDR011024,PH01045,PH00774,2026-01-17 19:52:00,250,sms,LOC0081
CDR011025,PH00556,PH00733,2026-07-20 18:35:00,140,app_message,LOC0020
CDR011026,PH00928,PH01142,2026-02-21 21:40:00,232,call,LOC0076
CDR011027,PH00167,PH00051,2026-07-25 06:41:00,1290,sms,LOC0106
CDR011028,PH00579,PH01115,2026-06-01 00:43:00,1919,call,LOC0049
CDR011029,PH00530,PH00130,2026-05-01 15:07:00,1012,call,LOC0162
CDR011030,PH00718,PH00859,2026-04-15 10:29:00,1676,call,LOC0145
CDR011031,PH01088,PH00746,2026-08-19 17:10:00,522,call,LOC0048
CDR011032,PH00401,PH00507,2026-04-02 15:47:00,613,sms,LOC0042
CDR011033,PH01151,PH01053,2026-04-13 22:31:00,1598,call,LOC0093
CDR011034,PH00601,PH00738,2026-04-02 05:14:00,1885,sms,LOC0102
CDR011035,PH00390,PH00989,2026-05-05 03:33:00,1403,sms,LOC0140
CDR011036,PH01051,PH00064,2026-04-09 11:16:00,1120,app_message,LOC0130
CDR011037,PH00485,PH01177,2026-08-28 15:59:00,401,app_message,LOC0071
CDR011038,PH01040,PH00703,2026-06-02 07:31:00,1970,call,LOC0061
CDR011039,PH00862,PH00648,2026-02-05 21:02:00,63,sms,LOC0096
CDR011040,PH00572,PH00251,2026-01-21 17:04:00,1514,call,LOC0088
CDR011041,PH00449,PH00856,2026-08-25 06:03:00,2186,call,LOC0006
CDR011042,PH00714,PH00145,2026-02-06 17:41:00,422,sms,LOC0070
CDR011043,PH00871,PH00688,2026-03-21 13:14:00,400,call,LOC0111
CDR011044,PH00658,PH00618,2026-07-08 13:56:00,600,sms,LOC0050
CDR011045,PH00765,PH00463,2026-01-03 03:44:00,663,call,LOC0148
CDR011046,PH00720,PH00721,2026-02-18 04:21:00,370,sms,LOC0027
CDR011047,PH00757,PH01141,2026-05-02 07:57:00,615,sms,LOC0072
CDR011048,PH00057,PH01142,2026-05-23 23:43:00,1256,sms,LOC0134
CDR011049,PH00697,PH00308,2026-05-24 01:15:00,521,call,LOC0017
CDR011050,PH01153,PH00513,2026-04-15 12:21:00,166,call,LOC0023
CDR011051,PH00834,PH00620,2026-04-14 01:21:00,893,sms,LOC0113
CDR011052,PH00695,PH00818,2026-01-27 00:05:00,1060,app_message,LOC0084
CDR011053,PH00623,PH00131,2026-02-17 13:54:00,1116,sms,LOC0079
CDR011054,PH00835,PH00672,2026-01-27 21:53:00,1085,sms,LOC0166
CDR011055,PH00151,PH01148,2026-03-07 01:49:00,840,sms,LOC0002
CDR011056,PH00320,PH01007,2026-04-13 21:59:00,706,call,LOC0161
CDR011057,PH00390,PH01144,2026-07-22 21:44:00,910,sms,LOC0050
CDR011058,PH00364,PH00335,2026-07-14 06:54:00,1176,sms,LOC0176
CDR011059,PH00130,PH00540,2026-01-09 08:15:00,579,call,LOC0024
CDR011060,PH00125,PH00288,2026-01-12 15:29:00,833,app_message,LOC0150
CDR011061,PH00341,PH00133,2026-01-24 12:00:00,1498,call,LOC0159
CDR011062,PH00205,PH00281,2026-08-07 10:06:00,2091,call,LOC0079
CDR011063,PH00474,PH00984,2026-04-29 09:43:00,1338,app_message,LOC0117
CDR011064,PH01080,PH00183,2026-01-18 08:22:00,1134,app_message,LOC0082
CDR011065,PH00170,PH00312,2026-03-01 16:01:00,1842,app_message,LOC0044
CDR011066,PH00615,PH00605,2026-08-26 07:07:00,1493,call,LOC0040
CDR011067,PH00158,PH00293,2026-08-17 04:41:00,1139,call,LOC0120
CDR011068,PH00431,PH00157,2026-05-06 02:05:00,2009,call,LOC0037
CDR011069,PH00634,PH00065,2026-08-01 06:33:00,2202,call,LOC0121
CDR011070,PH00679,PH01012,2026-03-24 19:32:00,2179,sms,LOC0059
CDR011071,PH00055,PH00133,2026-08-11 14:22:00,2100,call,LOC0099
CDR011072,PH00874,PH00219,2026-03-27 02:06:00,252,sms,LOC0118
CDR011073,PH00415,PH00409,2026-02-12 04:55:00,1499,sms,LOC0118
CDR011074,PH01158,PH00630,2026-05-11 06:43:00,1465,call,LOC0111
CDR011075,PH00429,PH01045,2026-03-01 01:06:00,362,sms,LOC0160
CDR011076,PH00521,PH00559,2026-02-22 23:24:00,442,sms,LOC0163
CDR011077,PH00233,PH00510,2026-07-08 20:23:00,13,app_message,LOC0113
CDR011078,PH00784,PH00689,2026-06-28 14:59:00,2121,app_message,LOC0148
CDR011079,PH00050,PH00988,2026-06-08 16:04:00,802,call,LOC0086
CDR011080,PH01130,PH01181,2026-05-04 17:14:00,1262,call,LOC0100
CDR011081,PH00028,PH00249,2026-06-26 07:10:00,942,call,LOC0004
CDR011082,PH00101,PH00626,2026-06-02 11:43:00,1074,app_message,LOC0042
CDR011083,PH00263,PH00352,2026-05-17 14:51:00,2310,sms,LOC0145
CDR011084,PH01190,PH00363,2026-06-19 14:24:00,1316,app_message,LOC0045
CDR011085,PH00964,PH00343,2026-08-17 09:52:00,1937,app_message,LOC0044
CDR011086,PH00304,PH00562,2026-01-05 14:54:00,991,sms,LOC0045
CDR011087,PH00071,PH01028,2026-04-27 20:06:00,1604,call,LOC0006
CDR011088,PH00943,PH00708,2026-01-15 02:41:00,1489,call,LOC0123
CDR011089,PH00740,PH00059,2026-05-03 13:41:00,1976,sms,LOC0119
CDR011090,PH00401,PH00953,2026-01-28 23:28:00,2381,call,LOC0096
CDR011091,PH00316,PH00449,2026-04-14 09:24:00,823,call,LOC0160
CDR011092,PH00703,PH01116,2026-05-29 03:49:00,29,app_message,LOC0031
CDR011093,PH01178,PH00018,2026-06-03 13:20:00,1701,call,LOC0145
CDR011094,PH00379,PH00115,2026-02-09 12:05:00,381,sms,LOC0081
CDR011095,PH00346,PH00891,2026-08-29 11:49:00,729,app_message,LOC0082
CDR011096,PH00198,PH00603,2026-05-08 02:20:00,917,app_message,LOC0151
CDR011097,PH00466,PH00806,2026-05-18 04:03:00,2249,sms,LOC0098
CDR011098,PH00423,PH00957,2026-06-06 20:24:00,908,call,LOC0098
CDR011099,PH00925,PH00609,2026-01-04 03:49:00,2234,call,LOC0063
CDR011100,PH00498,PH00423,2026-04-30 15:13:00,1115,app_message,LOC0017
CDR011101,PH00624,PH00500,2026-03-27 22:16:00,1231,sms,LOC0018
CDR011102,PH01044,PH00066,2026-05-14 13:05:00,502,app_message,LOC0147
CDR011103,PH00529,PH00150,2026-07-15 21:33:00,684,call,LOC0144
CDR011104,PH00649,PH00148,2026-01-04 02:48:00,1243,call,LOC0175
CDR011105,PH01088,PH01065,2026-05-26 16:05:00,1739,call,LOC0042
CDR011106,PH00451,PH00758,2026-08-14 09:25:00,1903,call,LOC0097
CDR011107,PH00605,PH00745,2026-05-20 16:26:00,1448,sms,LOC0037
CDR011108,PH00211,PH00991,2026-03-24 12:52:00,1603,sms,LOC0120
CDR011109,PH01015,PH00950,2026-02-28 20:02:00,1118,app_message,LOC0134
CDR011110,PH00359,PH00622,2026-08-15 13:21:00,2104,sms,LOC0052
CDR011111,PH00569,PH00228,2026-02-26 00:44:00,578,call,LOC0171
CDR011112,PH00151,PH00646,2026-04-23 13:25:00,2273,sms,LOC0160
CDR011113,PH00605,PH00240,2026-06-20 23:50:00,2150,call,LOC0021
CDR011114,PH00047,PH01171,2026-08-10 02:19:00,1322,app_message,LOC0169
CDR011115,PH00615,PH00761,2026-01-19 03:22:00,2113,app_message,LOC0014
CDR011116,PH01191,PH00378,2026-06-24 20:40:00,433,sms,LOC0122
CDR011117,PH00037,PH00417,2026-03-12 00:07:00,221,sms,LOC0050
CDR011118,PH01188,PH00003,2026-07-20 23:11:00,1230,sms,LOC0116
CDR011119,PH00605,PH00591,2026-07-03 21:14:00,527,call,LOC0177
CDR011120,PH00772,PH00521,2026-06-23 06:19:00,1169,call,LOC0151
CDR011121,PH01142,PH00030,2026-05-11 22:39:00,1810,call,LOC0157
CDR011122,PH01196,PH00318,2026-02-27 13:51:00,900,app_message,LOC0138
CDR011123,PH01137,PH00291,2026-01-29 14:26:00,451,call,LOC0036
CDR011124,PH00343,PH00598,2026-02-20 23:24:00,543,sms,LOC0106
CDR011125,PH00050,PH01148,2026-05-31 22:17:00,1454,call,LOC0170
CDR011126,PH00423,PH00170,2026-06-20 08:57:00,777,call,LOC0126
CDR011127,PH00799,PH00425,2026-01-14 09:23:00,1620,call,LOC0175
CDR011128,PH00340,PH00075,2026-08-10 18:13:00,2309,call,LOC0069
CDR011129,PH00964,PH00169,2026-06-10 12:15:00,327,call,LOC0044
CDR011130,PH00441,PH00578,2026-06-08 21:06:00,766,sms,LOC0099
CDR011131,PH00469,PH00818,2026-02-27 11:22:00,1591,app_message,LOC0016
CDR011132,PH01127,PH00392,2026-06-27 21:08:00,2046,sms,LOC0174
CDR011133,PH00556,PH01090,2026-08-15 04:54:00,707,call,LOC0150
CDR011134,PH00740,PH00213,2026-05-19 21:30:00,2215,sms,LOC0008
CDR011135,PH00178,PH00983,2026-05-05 07:03:00,1987,app_message,LOC0122
CDR011136,PH00542,PH00582,2026-04-10 11:31:00,286,app_message,LOC0112
CDR011137,PH00743,PH00573,2026-04-08 16:51:00,460,app_message,LOC0152
CDR011138,PH01197,PH00276,2026-04-20 07:46:00,1480,call,LOC0050
CDR011139,PH00155,PH00908,2026-04-22 08:17:00,1344,call,LOC0040
CDR011140,PH00995,PH01113,2026-08-22 06:58:00,172,sms,LOC0166
CDR011141,PH00968,PH00411,2026-05-23 11:23:00,2104,sms,LOC0153
CDR011142,PH00873,PH01190,2026-08-22 11:19:00,1893,call,LOC0015
CDR011143,PH00573,PH00789,2026-08-07 23:15:00,1605,app_message,LOC0123
CDR011144,PH00476,PH00912,2026-08-26 11:17:00,1412,call,LOC0036
CDR011145,PH00006,PH01194,2026-06-21 23:26:00,420,app_message,LOC0164
CDR011146,PH00527,PH00321,2026-08-03 14:36:00,48,app_message,LOC0022
CDR011147,PH00030,PH00225,2026-04-11 21:26:00,1997,sms,LOC0133
CDR011148,PH00978,PH00660,2026-07-02 02:31:00,775,app_message,LOC0155
CDR011149,PH00791,PH00884,2026-04-07 05:25:00,327,call,LOC0084
CDR011150,PH00670,PH00267,2026-01-14 04:18:00,1806,call,LOC0013
CDR011151,PH00255,PH00879,2026-03-03 17:24:00,1889,call,LOC0063
CDR011152,PH00511,PH01166,2026-07-03 10:36:00,1278,app_message,LOC0045
CDR011153,PH00241,PH00416,2026-04-11 00:31:00,44,app_message,LOC0094
CDR011154,PH00032,PH00809,2026-01-10 02:03:00,1211,app_message,LOC0060
CDR011155,PH00319,PH00085,2026-06-27 19:31:00,602,call,LOC0179
CDR011156,PH00532,PH00747,2026-05-10 10:23:00,2066,app_message,LOC0175
CDR011157,PH00507,PH01043,2026-04-17 20:27:00,413,call,LOC0111
CDR011158,PH00218,PH00474,2026-06-27 09:26:00,28,app_message,LOC0081
CDR011159,PH00879,PH00255,2026-01-07 21:39:00,65,app_message,LOC0092
CDR011160,PH01128,PH01092,2026-03-18 01:17:00,1692,call,LOC0125
CDR011161,PH00074,PH00683,2026-01-26 18:15:00,2322,sms,LOC0017
CDR011162,PH00139,PH00928,2026-08-25 15:31:00,1676,app_message,LOC0113
CDR011163,PH00272,PH00440,2026-03-12 01:07:00,429,call,LOC0061
CDR011164,PH00870,PH01054,2026-08-20 19:05:00,1049,app_message,LOC0073
CDR011165,PH00398,PH00099,2026-07-31 08:06:00,656,app_message,LOC0027
CDR011166,PH00482,PH00901,2026-05-27 09:06:00,365,app_message,LOC0112
CDR011167,PH00870,PH00979,2026-05-24 10:34:00,298,app_message,LOC0065
CDR011168,PH00778,PH00932,2026-07-18 05:03:00,1396,call,LOC0067
CDR011169,PH00811,PH00579,2026-05-21 16:14:00,398,call,LOC0043
CDR011170,PH00723,PH00002,2026-08-16 11:12:00,1654,call,LOC0027
CDR011171,PH00110,PH00286,2026-02-02 00:44:00,238,app_message,LOC0069
CDR011172,PH00162,PH00463,2026-04-10 18:17:00,2280,app_message,LOC0068
CDR011173,PH00870,PH00813,2026-07-02 10:27:00,1402,app_message,LOC0175
CDR011174,PH00266,PH00273,2026-06-23 13:34:00,2225,call,LOC0016
CDR011175,PH00492,PH00310,2026-06-13 06:58:00,360,sms,LOC0149
CDR011176,PH01038,PH00019,2026-01-01 07:04:00,1637,sms,LOC0169
CDR011177,PH00888,PH00100,2026-01-02 19:06:00,1915,call,LOC0053
CDR011178,PH00348,PH01153,2026-03-13 10:56:00,573,app_message,LOC0122
CDR011179,PH00063,PH00015,2026-03-16 01:18:00,1392,app_message,LOC0031
CDR011180,PH00824,PH00638,2026-06-27 06:35:00,219,call,LOC0140
CDR011181,PH00556,PH00415,2026-02-05 18:52:00,179,sms,LOC0168
CDR011182,PH00147,PH00041,2026-02-25 16:55:00,2313,sms,LOC0080
CDR011183,PH00872,PH00354,2026-03-20 05:18:00,1277,call,LOC0136
CDR011184,PH00558,PH01058,2026-08-23 22:34:00,785,app_message,LOC0144
CDR011185,PH00848,PH00847,2026-05-11 23:17:00,672,app_message,LOC0159
CDR011186,PH00934,PH00225,2026-07-08 20:21:00,1386,app_message,LOC0126
CDR011187,PH00204,PH00911,2026-05-11 22:39:00,1846,app_message,LOC0071
CDR011188,PH00099,PH01188,2026-06-29 18:20:00,544,app_message,LOC0149
CDR011189,PH00204,PH00687,2026-05-28 11:41:00,1664,call,LOC0063
CDR011190,PH00497,PH00823,2026-03-14 09:44:00,756,sms,LOC0037
CDR011191,PH00439,PH01164,2026-08-06 18:45:00,1787,app_message,LOC0075
CDR011192,PH00008,PH00351,2026-08-30 00:27:00,1984,app_message,LOC0020
CDR011193,PH00640,PH00007,2026-08-13 22:14:00,571,sms,LOC0050
CDR011194,PH00059,PH00120,2026-03-13 18:26:00,939,call,LOC0152
CDR011195,PH00529,PH00052,2026-01-29 07:56:00,2183,call,LOC0084
CDR011196,PH00329,PH00515,2026-02-06 23:16:00,1177,call,LOC0163
CDR011197,PH00066,PH00804,2026-01-09 17:53:00,1648,call,LOC0034
CDR011198,PH00146,PH00485,2026-06-01 00:28:00,241,app_message,LOC0002
CDR011199,PH00979,PH00680,2026-04-09 18:47:00,2372,sms,LOC0174
CDR011200,PH01076,PH01151,2026-08-07 07:35:00,1733,sms,LOC0078
CDR011201,PH00955,PH00285,2026-05-11 23:51:00,82,app_message,LOC0055
CDR011202,PH00646,PH00608,2026-07-19 04:30:00,1549,app_message,LOC0105
CDR011203,PH00437,PH00490,2026-06-26 01:19:00,1553,sms,LOC0087
CDR011204,PH00147,PH00589,2026-04-03 00:23:00,608,call,LOC0077
CDR011205,PH00894,PH00271,2026-07-23 12:15:00,2138,sms,LOC0029
CDR011206,PH01170,PH00997,2026-04-12 05:40:00,1859,sms,LOC0112
CDR011207,PH00920,PH00798,2026-03-26 19:50:00,1757,call,LOC0075
CDR011208,PH01180,PH01155,2026-07-02 21:50:00,1359,sms,LOC0049
CDR011209,PH00573,PH00372,2026-04-24 06:51:00,1715,sms,LOC0131
CDR011210,PH00834,PH00605,2026-02-16 02:58:00,1556,app_message,LOC0039
CDR011211,PH00742,PH00187,2026-03-08 07:55:00,623,sms,LOC0159
CDR011212,PH00233,PH00434,2026-07-06 05:38:00,1123,app_message,LOC0066
CDR011213,PH00130,PH00030,2026-07-29 03:54:00,1448,sms,LOC0078
CDR011214,PH00225,PH00264,2026-01-20 06:25:00,1990,app_message,LOC0113
CDR011215,PH00376,PH00160,2026-05-12 15:58:00,46,app_message,LOC0069
CDR011216,PH00406,PH00659,2026-03-09 21:34:00,2214,call,LOC0141
CDR011217,PH00634,PH01029,2026-06-27 01:35:00,537,call,LOC0105
CDR011218,PH01040,PH01175,2026-06-22 11:20:00,1110,call,LOC0146
CDR011219,PH00151,PH00282,2026-07-18 07:27:00,1066,app_message,LOC0037
CDR011220,PH00658,PH00827,2026-06-28 14:06:00,1662,sms,LOC0013
CDR011221,PH01186,PH00340,2026-08-25 21:08:00,2293,call,LOC0065
CDR011222,PH00595,PH00120,2026-02-06 23:45:00,942,call,LOC0153
CDR011223,PH00630,PH00044,2026-07-12 05:20:00,1160,sms,LOC0106
CDR011224,PH00508,PH00495,2026-02-17 23:12:00,1316,call,LOC0130
CDR011225,PH00512,PH00873,2026-05-12 11:59:00,1235,app_message,LOC0030
CDR011226,PH00482,PH00876,2026-08-26 22:56:00,636,sms,LOC0141
CDR011227,PH00726,PH00604,2026-01-18 23:48:00,2264,app_message,LOC0148
CDR011228,PH00041,PH00094,2026-06-27 11:07:00,347,app_message,LOC0164
CDR011229,PH00278,PH00974,2026-05-26 19:18:00,545,sms,LOC0174
CDR011230,PH00646,PH00830,2026-04-06 06:17:00,285,sms,LOC0131
CDR011231,PH00917,PH00457,2026-04-18 06:30:00,2285,sms,LOC0122
CDR011232,PH00449,PH00003,2026-07-27 18:45:00,486,call,LOC0143
CDR011233,PH00036,PH01001,2026-01-21 19:29:00,1121,sms,LOC0064
CDR011234,PH00119,PH00163,2026-08-27 15:50:00,734,call,LOC0134
CDR011235,PH00907,PH00487,2026-05-17 10:02:00,2088,app_message,LOC0094
CDR011236,PH01076,PH00841,2026-07-03 14:10:00,1589,sms,LOC0016
CDR011237,PH01141,PH00959,2026-05-26 17:37:00,724,sms,LOC0037
CDR011238,PH01155,PH00316,2026-04-10 13:47:00,756,app_message,LOC0029
CDR011239,PH00924,PH00001,2026-01-18 20:23:00,2147,app_message,LOC0151
CDR011240,PH00532,PH00490,2026-08-11 23:59:00,2006,call,LOC0085
CDR011241,PH00927,PH00765,2026-06-26 20:02:00,660,sms,LOC0062
CDR011242,PH01173,PH01012,2026-01-16 11:29:00,2066,sms,LOC0114
CDR011243,PH00220,PH00732,2026-02-26 12:15:00,999,call,LOC0054
CDR011244,PH00988,PH00119,2026-05-04 20:03:00,153,sms,LOC0013
CDR011245,PH00280,PH00556,2026-06-14 12:23:00,577,sms,LOC0130
CDR011246,PH01153,PH00211,2026-02-21 15:42:00,704,app_message,LOC0016
CDR011247,PH00986,PH00732,2026-02-21 19:37:00,2041,call,LOC0113
CDR011248,PH01184,PH01020,2026-03-03 11:19:00,1654,call,LOC0034
CDR011249,PH00262,PH00983,2026-03-16 21:59:00,1812,sms,LOC0132
CDR011250,PH00439,PH00101,2026-02-20 14:41:00,1252,call,LOC0096
CDR011251,PH00921,PH00001,2026-04-24 20:41:00,1598,app_message,LOC0018
CDR011252,PH00509,PH00798,2026-04-21 13:58:00,705,sms,LOC0019
CDR011253,PH01170,PH00858,2026-08-23 23:51:00,2240,sms,LOC0061
CDR011254,PH00821,PH00520,2026-03-25 08:53:00,1964,sms,LOC0085
CDR011255,PH00523,PH00922,2026-03-14 19:03:00,2343,app_message,LOC0102
CDR011256,PH01055,PH00958,2026-04-02 10:21:00,905,sms,LOC0037
CDR011257,PH00960,PH01170,2026-07-15 01:08:00,1278,sms,LOC0063
CDR011258,PH00844,PH00354,2026-05-26 14:55:00,1312,sms,LOC0141
CDR011259,PH00654,PH00295,2026-04-25 11:11:00,1329,call,LOC0074
CDR011260,PH00853,PH00024,2026-04-11 04:25:00,836,app_message,LOC0056
CDR011261,PH00570,PH00854,2026-05-16 15:23:00,1965,app_message,LOC0027
CDR011262,PH00148,PH00710,2026-03-31 04:20:00,41,call,LOC0115
CDR011263,PH00828,PH00641,2026-08-30 11:40:00,364,sms,LOC0052
CDR011264,PH00313,PH00017,2026-03-05 21:41:00,2216,app_message,LOC0173
CDR011265,PH01120,PH00784,2026-07-01 16:03:00,2016,sms,LOC0146
CDR011266,PH00313,PH00772,2026-06-13 15:05:00,2227,app_message,LOC0113
CDR011267,PH00002,PH00116,2026-03-05 05:04:00,1833,sms,LOC0174
CDR011268,PH00894,PH00373,2026-02-07 15:07:00,2130,call,LOC0082
CDR011269,PH01035,PH00540,2026-08-13 00:22:00,1001,sms,LOC0010
CDR011270,PH00160,PH00475,2026-04-23 19:56:00,489,sms,LOC0169
CDR011271,PH00283,PH00549,2026-08-05 04:17:00,734,app_message,LOC0070
CDR011272,PH00267,PH00173,2026-01-11 05:28:00,1320,app_message,LOC0034
CDR011273,PH01183,PH00698,2026-04-18 17:36:00,2220,app_message,LOC0040
CDR011274,PH00545,PH00849,2026-02-06 01:36:00,1058,call,LOC0024
CDR011275,PH00122,PH01139,2026-05-15 07:53:00,2254,sms,LOC0009
CDR011276,PH00543,PH00033,2026-06-27 21:21:00,1408,call,LOC0176
CDR011277,PH00039,PH00224,2026-04-11 14:15:00,2382,sms,LOC0061
CDR011278,PH00063,PH00093,2026-06-03 12:38:00,284,sms,LOC0146
CDR011279,PH01042,PH00531,2026-02-08 08:21:00,1868,call,LOC0166
CDR011280,PH01137,PH01116,2026-04-22 13:29:00,19,call,LOC0008
CDR011281,PH00316,PH00084,2026-02-20 09:08:00,836,sms,LOC0022
CDR011282,PH00578,PH01014,2026-02-22 07:07:00,797,call,LOC0085
CDR011283,PH00591,PH01136,2026-02-07 05:08:00,421,call,LOC0041
CDR011284,PH01072,PH00456,2026-01-26 03:26:00,1509,sms,LOC0153
CDR011285,PH00834,PH00373,2026-07-18 01:38:00,75,sms,LOC0036
CDR011286,PH00251,PH00910,2026-07-28 20:53:00,893,sms,LOC0061
CDR011287,PH00749,PH00034,2026-07-08 17:35:00,2289,sms,LOC0110
CDR011288,PH00298,PH00622,2026-07-30 20:18:00,292,sms,LOC0175
CDR011289,PH00563,PH00394,2026-08-20 16:18:00,1039,app_message,LOC0038
CDR011290,PH00859,PH00536,2026-08-28 23:05:00,759,app_message,LOC0040
CDR011291,PH01165,PH00332,2026-08-16 08:41:00,2290,sms,LOC0106
CDR011292,PH00979,PH00630,2026-04-24 19:25:00,2100,sms,LOC0062
CDR011293,PH01115,PH00579,2026-03-14 17:55:00,675,sms,LOC0128
CDR011294,PH00091,PH00098,2026-06-25 20:42:00,393,call,LOC0180
CDR011295,PH00380,PH00825,2026-03-18 20:04:00,1195,sms,LOC0002
CDR011296,PH01129,PH00649,2026-08-08 22:02:00,415,app_message,LOC0067
CDR011297,PH00884,PH00725,2026-08-14 17:43:00,1642,call,LOC0078
CDR011298,PH00934,PH00281,2026-01-07 05:59:00,944,app_message,LOC0091
CDR011299,PH01076,PH00272,2026-07-06 22:37:00,943,sms,LOC0157
CDR011300,PH01090,PH01189,2026-04-28 06:15:00,508,app_message,LOC0170
CDR011301,PH00188,PH01008,2026-04-11 15:07:00,700,sms,LOC0163
CDR011302,PH00300,PH00126,2026-07-11 13:44:00,2047,sms,LOC0115
CDR011303,PH00203,PH00379,2026-06-19 09:20:00,1065,sms,LOC0172
CDR011304,PH00679,PH01012,2026-01-16 07:16:00,1138,app_message,LOC0071
CDR011305,PH01043,PH00260,2026-04-18 05:31:00,1137,app_message,LOC0034
CDR011306,PH00248,PH00270,2026-04-27 20:52:00,1581,app_message,LOC0076
CDR011307,PH00524,PH00637,2026-05-22 02:13:00,71,call,LOC0137
CDR011308,PH00606,PH00376,2026-01-16 20:26:00,357,sms,LOC0096
CDR011309,PH00957,PH00775,2026-08-09 20:03:00,1928,app_message,LOC0180
CDR011310,PH01010,PH01044,2026-05-15 13:15:00,1298,sms,LOC0035
CDR011311,PH01187,PH00371,2026-03-28 23:44:00,902,sms,LOC0151
CDR011312,PH01192,PH00234,2026-07-04 05:31:00,1853,app_message,LOC0032
CDR011313,PH01084,PH00069,2026-02-28 15:07:00,2320,sms,LOC0057
CDR011314,PH00932,PH00398,2026-08-27 22:57:00,145,sms,LOC0054
CDR011315,PH00190,PH01041,2026-06-02 06:24:00,2118,app_message,LOC0019
CDR011316,PH00410,PH00141,2026-08-05 06:23:00,1406,call,LOC0059
CDR011317,PH01177,PH01055,2026-07-31 07:14:00,638,call,LOC0075
CDR011318,PH00704,PH01036,2026-01-12 15:01:00,491,call,LOC0085
CDR011319,PH00025,PH00018,2026-05-26 10:38:00,70,app_message,LOC0022
CDR011320,PH00745,PH01071,2026-01-29 15:52:00,263,call,LOC0121
CDR011321,PH00033,PH00091,2026-03-11 21:40:00,1909,app_message,LOC0170
CDR011322,PH00941,PH01074,2026-04-02 10:23:00,2103,call,LOC0148
CDR011323,PH00419,PH00327,2026-04-03 21:09:00,1092,app_message,LOC0115
CDR011324,PH00901,PH00709,2026-02-16 01:31:00,1072,sms,LOC0120
CDR011325,PH00651,PH00948,2026-03-24 17:37:00,29,app_message,LOC0069
CDR011326,PH00954,PH00891,2026-01-27 21:45:00,815,app_message,LOC0143
CDR011327,PH01189,PH00317,2026-04-12 22:40:00,984,app_message,LOC0106
CDR011328,PH00987,PH00450,2026-01-02 07:26:00,1298,sms,LOC0162
CDR011329,PH00462,PH00927,2026-06-06 16:00:00,909,sms,LOC0082
CDR011330,PH00374,PH00567,2026-03-01 07:39:00,1229,sms,LOC0077
CDR011331,PH00080,PH00395,2026-02-15 22:16:00,494,app_message,LOC0143
CDR011332,PH00062,PH00525,2026-07-28 22:50:00,2242,sms,LOC0017
CDR011333,PH00630,PH00250,2026-04-18 01:32:00,68,app_message,LOC0135
CDR011334,PH00092,PH01001,2026-06-17 05:22:00,1331,app_message,LOC0131
CDR011335,PH00638,PH00327,2026-02-19 18:16:00,1003,app_message,LOC0180
CDR011336,PH00005,PH01189,2026-01-25 01:00:00,531,app_message,LOC0163
CDR011337,PH00861,PH00336,2026-02-13 05:12:00,1671,call,LOC0027
CDR011338,PH00751,PH00424,2026-01-18 05:33:00,277,call,LOC0024
CDR011339,PH01112,PH00319,2026-05-08 09:56:00,2038,sms,LOC0089
CDR011340,PH00235,PH01141,2026-06-03 22:38:00,2171,call,LOC0070
CDR011341,PH00425,PH00337,2026-05-04 07:26:00,1147,call,LOC0079
CDR011342,PH01166,PH00847,2026-01-12 21:10:00,920,app_message,LOC0164
CDR011343,PH00881,PH00040,2026-04-25 16:38:00,2362,app_message,LOC0097
CDR011344,PH00610,PH00953,2026-05-28 10:55:00,1047,sms,LOC0085
CDR011345,PH00613,PH00972,2026-07-04 22:23:00,900,call,LOC0059
CDR011346,PH00895,PH00494,2026-01-30 18:41:00,1268,call,LOC0173
CDR011347,PH00125,PH01081,2026-02-06 09:27:00,1801,sms,LOC0069
CDR011348,PH00820,PH00204,2026-07-27 03:39:00,1918,call,LOC0003
CDR011349,PH00469,PH00139,2026-07-30 21:00:00,1055,call,LOC0076
CDR011350,PH01192,PH00764,2026-04-03 13:02:00,778,app_message,LOC0152
CDR011351,PH01061,PH00839,2026-06-15 18:51:00,969,call,LOC0103
CDR011352,PH01147,PH00440,2026-08-07 09:52:00,1068,app_message,LOC0145
CDR011353,PH00423,PH00630,2026-01-15 03:33:00,2199,call,LOC0090
CDR011354,PH01065,PH00065,2026-06-26 11:15:00,1389,sms,LOC0091
CDR011355,PH00988,PH01145,2026-03-05 04:26:00,101,app_message,LOC0150
CDR011356,PH00501,PH00494,2026-04-08 08:20:00,439,app_message,LOC0111
CDR011357,PH00211,PH00348,2026-05-26 20:41:00,968,sms,LOC0038
CDR011358,PH00778,PH00529,2026-07-07 06:40:00,2062,app_message,LOC0061
CDR011359,PH01199,PH00194,2026-08-23 21:20:00,560,app_message,LOC0157
CDR011360,PH00709,PH00647,2026-04-28 13:49:00,1177,app_message,LOC0081
CDR011361,PH00887,PH00743,2026-05-27 13:46:00,1879,sms,LOC0177
CDR011362,PH00650,PH01161,2026-06-12 01:21:00,1708,sms,LOC0014
CDR011363,PH01030,PH00327,2026-05-03 08:31:00,819,call,LOC0057
CDR011364,PH00196,PH00503,2026-08-20 21:11:00,98,call,LOC0131
CDR011365,PH00267,PH01084,2026-04-06 14:35:00,2322,app_message,LOC0109
CDR011366,PH00140,PH00724,2026-01-26 12:57:00,56,app_message,LOC0091
CDR011367,PH01155,PH00856,2026-04-29 04:13:00,1182,sms,LOC0105
CDR011368,PH01171,PH01106,2026-03-19 17:27:00,1048,app_message,LOC0029
CDR011369,PH00637,PH00771,2026-04-18 20:05:00,714,sms,LOC0147
CDR011370,PH00371,PH01007,2026-08-17 08:22:00,724,app_message,LOC0100
CDR011371,PH00152,PH00077,2026-04-17 06:46:00,1045,app_message,LOC0048
CDR011372,PH00035,PH00407,2026-07-19 14:22:00,156,sms,LOC0019
CDR011373,PH00104,PH00229,2026-01-18 15:10:00,1482,call,LOC0165
CDR011374,PH00160,PH00230,2026-05-03 17:24:00,50,app_message,LOC0094
CDR011375,PH00946,PH01027,2026-07-02 18:33:00,1568,call,LOC0043
CDR011376,PH01039,PH00666,2026-04-03 15:42:00,337,sms,LOC0156
CDR011377,PH01014,PH01073,2026-05-11 00:58:00,1380,sms,LOC0043
CDR011378,PH00026,PH00877,2026-07-03 23:30:00,542,app_message,LOC0144
CDR011379,PH00197,PH00674,2026-03-19 02:28:00,55,call,LOC0148
CDR011380,PH01188,PH00092,2026-05-30 22:41:00,686,call,LOC0180
CDR011381,PH00064,PH00969,2026-06-15 23:12:00,1682,call,LOC0128
CDR011382,PH00573,PH00520,2026-01-30 18:07:00,1633,app_message,LOC0108
CDR011383,PH00129,PH00694,2026-06-22 03:17:00,1866,app_message,LOC0051
CDR011384,PH00486,PH01024,2026-08-04 08:22:00,755,call,LOC0045
CDR011385,PH01193,PH00471,2026-05-12 05:43:00,2188,sms,LOC0032
CDR011386,PH00473,PH00669,2026-02-03 06:01:00,1722,call,LOC0064
CDR011387,PH00268,PH00844,2026-05-12 23:56:00,482,call,LOC0016
CDR011388,PH00785,PH00565,2026-02-02 09:41:00,1643,sms,LOC0086
CDR011389,PH00577,PH01082,2026-06-13 07:37:00,346,call,LOC0035
CDR011390,PH01134,PH00590,2026-04-03 04:44:00,2173,app_message,LOC0075
CDR011391,PH00938,PH00185,2026-07-26 02:06:00,1278,call,LOC0172
CDR011392,PH00441,PH00874,2026-03-08 00:46:00,892,sms,LOC0139
CDR011393,PH00867,PH00462,2026-05-20 19:08:00,1103,app_message,LOC0005
CDR011394,PH00850,PH00617,2026-06-26 19:30:00,998,app_message,LOC0014
CDR011395,PH00584,PH00581,2026-05-16 01:37:00,15,call,LOC0147
CDR011396,PH00122,PH01099,2026-08-14 11:20:00,626,app_message,LOC0136
CDR011397,PH01050,PH00015,2026-02-05 05:27:00,956,app_message,LOC0148
CDR011398,PH00544,PH00148,2026-08-02 21:38:00,865,app_message,LOC0136
CDR011399,PH01011,PH00452,2026-04-10 00:35:00,1866,sms,LOC0173
CDR011400,PH00864,PH00130,2026-01-26 00:53:00,2176,call,LOC0170
CDR011401,PH00151,PH00014,2026-08-21 10:42:00,936,call,LOC0131
CDR011402,PH00824,PH00469,2026-07-04 14:41:00,1907,call,LOC0096
CDR011403,PH00436,PH01066,2026-06-13 07:10:00,107,call,LOC0017
CDR011404,PH00304,PH01115,2026-03-31 10:04:00,1666,app_message,LOC0099
CDR011405,PH00251,PH01014,2026-06-29 06:01:00,459,app_message,LOC0107
CDR011406,PH00282,PH00784,2026-08-01 19:04:00,483,call,LOC0145
CDR011407,PH00603,PH00944,2026-01-21 22:30:00,1840,sms,LOC0170
CDR011408,PH01039,PH00047,2026-08-30 12:55:00,271,app_message,LOC0154
CDR011409,PH00628,PH01043,2026-05-07 16:15:00,1364,call,LOC0161
CDR011410,PH00023,PH00526,2026-01-08 14:48:00,238,sms,LOC0056
CDR011411,PH00993,PH00583,2026-03-13 02:29:00,1431,call,LOC0158
CDR011412,PH00467,PH00582,2026-08-31 08:52:00,1965,sms,LOC0053
CDR011413,PH00984,PH00258,2026-01-26 15:55:00,760,sms,LOC0107
CDR011414,PH01085,PH00710,2026-02-28 23:47:00,453,call,LOC0154
CDR011415,PH00935,PH00256,2026-01-25 19:24:00,532,app_message,LOC0150
CDR011416,PH00788,PH00884,2026-05-17 09:15:00,107,app_message,LOC0077
CDR011417,PH00058,PH00838,2026-05-01 05:35:00,333,sms,LOC0047
CDR011418,PH01065,PH00946,2026-08-25 03:08:00,1736,app_message,LOC0135
CDR011419,PH00292,PH00251,2026-07-23 02:33:00,1912,sms,LOC0114
CDR011420,PH01159,PH00578,2026-03-18 11:56:00,570,sms,LOC0173
CDR011421,PH00456,PH00657,2026-05-01 18:51:00,1530,sms,LOC0072
CDR011422,PH00877,PH00376,2026-04-13 23:31:00,632,call,LOC0125
CDR011423,PH01184,PH00150,2026-04-10 11:21:00,1231,sms,LOC0072
CDR011424,PH00743,PH00522,2026-01-28 23:48:00,2332,call,LOC0022
CDR011425,PH00100,PH00996,2026-03-20 21:24:00,2202,sms,LOC0036
CDR011426,PH00217,PH00937,2026-01-27 22:13:00,1601,call,LOC0162
CDR011427,PH00928,PH00382,2026-07-24 06:21:00,687,sms,LOC0014
CDR011428,PH00462,PH00095,2026-06-08 20:37:00,113,call,LOC0141
CDR011429,PH00489,PH01176,2026-05-03 22:21:00,652,app_message,LOC0086
CDR011430,PH01033,PH00867,2026-05-15 22:10:00,1356,app_message,LOC0019
CDR011431,PH00240,PH00158,2026-01-03 04:17:00,1868,sms,LOC0080
CDR011432,PH00764,PH00178,2026-01-14 15:52:00,927,sms,LOC0068
CDR011433,PH00384,PH00349,2026-08-14 23:42:00,2363,sms,LOC0136
CDR011434,PH00469,PH00856,2026-08-14 09:52:00,1268,app_message,LOC0061
CDR011435,PH01180,PH00624,2026-07-24 21:03:00,1763,sms,LOC0093
CDR011436,PH00249,PH00123,2026-02-18 04:16:00,2136,call,LOC0097
CDR011437,PH00821,PH00299,2026-08-16 04:40:00,982,sms,LOC0129
CDR011438,PH00531,PH01014,2026-07-17 10:39:00,815,sms,LOC0096
CDR011439,PH01022,PH00601,2026-08-26 06:29:00,989,call,LOC0063
CDR011440,PH01055,PH00272,2026-05-16 19:21:00,725,app_message,LOC0095
CDR011441,PH00101,PH00774,2026-07-07 08:20:00,1561,call,LOC0159
CDR011442,PH01027,PH00043,2026-05-27 04:45:00,1962,sms,LOC0020
CDR011443,PH00737,PH01184,2026-01-31 19:06:00,1508,call,LOC0139
CDR011444,PH01066,PH00255,2026-04-04 01:18:00,121,call,LOC0100
CDR011445,PH00396,PH00444,2026-08-29 23:04:00,1451,sms,LOC0088
CDR011446,PH00260,PH00102,2026-05-15 21:41:00,2201,sms,LOC0144
CDR011447,PH00640,PH01041,2026-08-05 23:46:00,2165,call,LOC0085
CDR011448,PH01151,PH00307,2026-02-12 08:45:00,2123,call,LOC0129
CDR011449,PH01082,PH01009,2026-04-13 04:38:00,876,call,LOC0073
CDR011450,PH00272,PH00429,2026-05-25 22:14:00,1265,app_message,LOC0148
CDR011451,PH01013,PH01059,2026-05-23 16:04:00,1115,app_message,LOC0008
CDR011452,PH00193,PH00759,2026-06-23 08:27:00,1282,call,LOC0149
CDR011453,PH00692,PH00369,2026-08-03 18:28:00,2000,sms,LOC0121
CDR011454,PH00170,PH01173,2026-07-27 18:43:00,1146,call,LOC0038
CDR011455,PH00420,PH01077,2026-04-02 11:39:00,1041,sms,LOC0099
CDR011456,PH00295,PH01100,2026-02-25 04:22:00,2217,app_message,LOC0039
CDR011457,PH00606,PH01004,2026-02-22 07:06:00,619,call,LOC0113
CDR011458,PH00521,PH00051,2026-01-18 10:28:00,1405,sms,LOC0044
CDR011459,PH00730,PH00085,2026-08-27 21:47:00,1210,sms,LOC0025
CDR011460,PH00215,PH01111,2026-05-07 02:58:00,1300,app_message,LOC0098
CDR011461,PH00143,PH00960,2026-05-05 23:13:00,1863,app_message,LOC0150
CDR011462,PH00647,PH00135,2026-01-15 06:42:00,1226,call,LOC0135
CDR011463,PH00398,PH00977,2026-02-11 12:53:00,870,call,LOC0141
CDR011464,PH00407,PH01130,2026-01-19 09:41:00,1590,app_message,LOC0038
CDR011465,PH00309,PH00893,2026-03-26 08:33:00,550,call,LOC0060
CDR011466,PH00983,PH00636,2026-05-10 02:28:00,769,app_message,LOC0122
CDR011467,PH00288,PH00415,2026-05-21 07:06:00,1781,sms,LOC0089
CDR011468,PH00888,PH00126,2026-07-30 20:25:00,439,call,LOC0071
CDR011469,PH00103,PH01025,2026-01-10 15:09:00,2161,call,LOC0138
CDR011470,PH00484,PH00818,2026-02-01 12:18:00,66,sms,LOC0120
CDR011471,PH00888,PH00630,2026-03-14 08:14:00,1103,sms,LOC0115
CDR011472,PH00124,PH01082,2026-04-14 09:27:00,988,sms,LOC0088
CDR011473,PH00308,PH00665,2026-07-17 04:50:00,954,app_message,LOC0019
CDR011474,PH00256,PH01084,2026-06-13 07:01:00,2208,sms,LOC0075
CDR011475,PH00468,PH01141,2026-02-08 16:02:00,2322,call,LOC0160
CDR011476,PH00346,PH00185,2026-03-07 02:43:00,2240,call,LOC0019
CDR011477,PH01082,PH01192,2026-02-27 08:10:00,443,app_message,LOC0089
CDR011478,PH00029,PH00290,2026-01-28 01:17:00,2101,call,LOC0079
CDR011479,PH01129,PH01152,2026-08-26 12:30:00,1002,sms,LOC0001
CDR011480,PH00904,PH01155,2026-01-30 17:44:00,587,call,LOC0010
CDR011481,PH00611,PH00753,2026-03-05 02:12:00,582,sms,LOC0117
CDR011482,PH01132,PH00501,2026-07-05 21:30:00,1390,sms,LOC0067
CDR011483,PH00947,PH00001,2026-06-28 23:51:00,2145,call,LOC0054
CDR011484,PH00654,PH00486,2026-07-07 09:49:00,1548,sms,LOC0155
CDR011485,PH00810,PH00543,2026-05-12 08:19:00,225,sms,LOC0008
CDR011486,PH00079,PH00502,2026-07-18 14:16:00,1196,app_message,LOC0136
CDR011487,PH00657,PH00622,2026-08-07 06:52:00,431,app_message,LOC0166
CDR011488,PH00453,PH00524,2026-08-02 16:16:00,1555,call,LOC0007
CDR011489,PH00092,PH00997,2026-08-26 19:59:00,1730,app_message,LOC0179
CDR011490,PH00444,PH00046,2026-04-12 19:35:00,2048,sms,LOC0109
CDR011491,PH00401,PH01193,2026-03-22 17:55:00,152,call,LOC0168
CDR011492,PH00869,PH00373,2026-03-05 21:58:00,1315,sms,LOC0010
CDR011493,PH00558,PH00200,2026-02-12 08:11:00,603,sms,LOC0161
CDR011494,PH00579,PH00622,2026-01-31 22:29:00,2376,call,LOC0141
CDR011495,PH00903,PH00258,2026-07-07 10:03:00,539,app_message,LOC0030
CDR011496,PH00024,PH00021,2026-04-23 23:34:00,786,sms,LOC0077
CDR011497,PH00657,PH00047,2026-06-13 04:01:00,2110,call,LOC0070
CDR011498,PH01084,PH00648,2026-07-16 03:07:00,968,sms,LOC0124
CDR011499,PH01135,PH00688,2026-02-17 16:06:00,2296,app_message,LOC0031
CDR011500,PH00653,PH00837,2026-02-07 14:14:00,820,app_message,LOC0016
CDR011501,PH00923,PH00302,2026-07-25 19:31:00,1279,app_message,LOC0167
CDR011502,PH01034,PH00170,2026-05-24 22:54:00,592,sms,LOC0014
CDR011503,PH00094,PH00191,2026-03-31 21:12:00,1855,call,LOC0030
CDR011504,PH00788,PH00343,2026-03-10 16:29:00,1525,app_message,LOC0009
CDR011505,PH00687,PH00729,2026-03-11 08:14:00,379,app_message,LOC0132
CDR011506,PH00564,PH01111,2026-08-18 03:03:00,573,sms,LOC0065
CDR011507,PH00356,PH00577,2026-03-05 22:44:00,1558,app_message,LOC0084
CDR011508,PH00479,PH00508,2026-07-20 15:38:00,437,call,LOC0069
CDR011509,PH01189,PH01035,2026-01-23 14:29:00,1142,call,LOC0090
CDR011510,PH00920,PH00720,2026-02-17 16:45:00,1343,call,LOC0027
CDR011511,PH00410,PH00048,2026-01-13 03:33:00,1357,call,LOC0074
CDR011512,PH00150,PH00496,2026-07-11 12:26:00,895,sms,LOC0176
CDR011513,PH00504,PH00322,2026-05-26 15:37:00,594,sms,LOC0039
CDR011514,PH00958,PH00806,2026-06-20 18:47:00,1996,sms,LOC0164
CDR011515,PH01116,PH00709,2026-01-09 01:09:00,1779,sms,LOC0154
CDR011516,PH01013,PH00783,2026-02-14 21:14:00,2030,app_message,LOC0163
CDR011517,PH00517,PH00142,2026-06-08 11:04:00,787,sms,LOC0022
CDR011518,PH00161,PH00021,2026-05-07 00:29:00,2373,sms,LOC0086
CDR011519,PH00215,PH00886,2026-08-03 05:47:00,646,call,LOC0048
CDR011520,PH01001,PH01140,2026-03-02 00:21:00,935,sms,LOC0125
CDR011521,PH01154,PH00557,2026-04-24 11:42:00,593,call,LOC0111
CDR011522,PH00005,PH00759,2026-04-04 10:07:00,9,sms,LOC0101
CDR011523,PH01015,PH00126,2026-08-04 18:35:00,1875,sms,LOC0104
CDR011524,PH00959,PH00860,2026-06-18 12:35:00,2031,app_message,LOC0019
CDR011525,PH00790,PH00178,2026-06-22 05:22:00,9,app_message,LOC0034
CDR011526,PH00780,PH00796,2026-07-22 09:49:00,718,sms,LOC0027
CDR011527,PH00379,PH00090,2026-07-23 01:02:00,1014,app_message,LOC0165
CDR011528,PH00523,PH01080,2026-01-06 03:33:00,1478,call,LOC0091
CDR011529,PH00453,PH01020,2026-06-04 13:14:00,250,app_message,LOC0069
CDR011530,PH00440,PH00023,2026-06-26 16:16:00,417,call,LOC0137
CDR011531,PH00631,PH01100,2026-05-13 16:16:00,2141,call,LOC0046
CDR011532,PH00123,PH00550,2026-07-26 14:33:00,1729,sms,LOC0060
CDR011533,PH00982,PH00449,2026-03-09 08:18:00,2232,sms,LOC0073
CDR011534,PH00843,PH01024,2026-05-21 09:10:00,1208,sms,LOC0158
CDR011535,PH01162,PH00252,2026-05-15 13:01:00,1752,call,LOC0009
CDR011536,PH00193,PH01172,2026-02-26 16:31:00,518,app_message,LOC0029
CDR011537,PH00353,PH00293,2026-08-28 02:28:00,359,app_message,LOC0124
CDR011538,PH00570,PH00709,2026-08-14 22:42:00,823,call,LOC0160
CDR011539,PH00909,PH00750,2026-01-30 22:03:00,2378,sms,LOC0143
CDR011540,PH00507,PH00844,2026-02-01 20:31:00,1708,sms,LOC0071
CDR011541,PH00593,PH00409,2026-08-28 00:45:00,50,app_message,LOC0037
CDR011542,PH00273,PH00698,2026-03-07 10:12:00,1416,app_message,LOC0154
CDR011543,PH00917,PH01183,2026-05-14 22:29:00,1068,app_message,LOC0038
CDR011544,PH01160,PH01098,2026-06-08 19:16:00,452,call,LOC0141
CDR011545,PH00347,PH00705,2026-08-23 13:33:00,1373,call,LOC0164
CDR011546,PH00929,PH00418,2026-07-25 02:36:00,1242,sms,LOC0072
CDR011547,PH00331,PH01072,2026-03-10 08:36:00,1578,call,LOC0073
CDR011548,PH00100,PH01156,2026-04-05 11:02:00,2380,call,LOC0048
CDR011549,PH00254,PH01134,2026-02-06 03:48:00,1552,call,LOC0110
CDR011550,PH00706,PH01080,2026-07-24 23:34:00,2362,app_message,LOC0049
CDR011551,PH00815,PH00654,2026-05-11 07:55:00,565,app_message,LOC0014
CDR011552,PH00251,PH00008,2026-04-03 18:53:00,2335,app_message,LOC0110
CDR011553,PH01088,PH00515,2026-04-02 23:12:00,2285,call,LOC0057
CDR011554,PH00809,PH00540,2026-02-14 09:38:00,1577,call,LOC0075
CDR011555,PH00136,PH00462,2026-04-17 19:41:00,1811,sms,LOC0105
CDR011556,PH00159,PH00463,2026-08-17 07:28:00,1197,app_message,LOC0081
CDR011557,PH01073,PH00361,2026-01-11 21:52:00,1320,call,LOC0120
CDR011558,PH00341,PH00402,2026-01-18 06:19:00,945,sms,LOC0036
CDR011559,PH00321,PH01013,2026-05-14 18:55:00,1446,sms,LOC0112
CDR011560,PH00871,PH00115,2026-08-27 01:34:00,615,sms,LOC0070
CDR011561,PH00884,PH00449,2026-07-03 19:08:00,1819,sms,LOC0067
CDR011562,PH00622,PH00336,2026-04-23 06:00:00,622,call,LOC0130
CDR011563,PH00197,PH00908,2026-04-21 14:00:00,1532,call,LOC0092
CDR011564,PH00896,PH00283,2026-03-27 17:16:00,2295,sms,LOC0095
CDR011565,PH00029,PH00730,2026-06-10 22:22:00,925,call,LOC0138
CDR011566,PH00108,PH00490,2026-06-22 15:12:00,1890,call,LOC0020
CDR011567,PH01017,PH00259,2026-08-02 08:02:00,307,call,LOC0080
CDR011568,PH00006,PH00704,2026-06-23 09:44:00,10,call,LOC0159
CDR011569,PH00604,PH00102,2026-02-16 18:02:00,157,sms,LOC0099
CDR011570,PH00345,PH00450,2026-03-11 21:16:00,2239,sms,LOC0160
CDR011571,PH00214,PH01192,2026-03-20 06:58:00,1795,call,LOC0124
CDR011572,PH00597,PH00147,2026-08-22 11:48:00,281,app_message,LOC0105
CDR011573,PH01189,PH00842,2026-03-18 11:01:00,416,call,LOC0106
CDR011574,PH01052,PH00960,2026-06-14 19:09:00,1703,call,LOC0163
CDR011575,PH00140,PH00234,2026-06-11 08:14:00,1960,call,LOC0029
CDR011576,PH00806,PH00358,2026-06-22 09:30:00,1904,sms,LOC0114
CDR011577,PH00480,PH00697,2026-06-01 22:26:00,1969,sms,LOC0040
CDR011578,PH00572,PH00361,2026-02-13 22:48:00,723,sms,LOC0010
CDR011579,PH00823,PH00827,2026-01-12 13:06:00,2159,call,LOC0174
CDR011580,PH01186,PH00946,2026-06-29 11:29:00,1683,call,LOC0133
CDR011581,PH01007,PH00524,2026-01-11 09:29:00,809,app_message,LOC0125
CDR011582,PH00448,PH00541,2026-08-02 11:00:00,1446,app_message,LOC0061
CDR011583,PH00707,PH01079,2026-03-28 04:56:00,1458,sms,LOC0100
CDR011584,PH00593,PH00498,2026-07-18 00:43:00,214,app_message,LOC0058
CDR011585,PH01073,PH00962,2026-05-17 04:12:00,510,app_message,LOC0176
CDR011586,PH00159,PH00694,2026-06-20 13:51:00,2213,call,LOC0122
CDR011587,PH00840,PH00645,2026-04-19 11:36:00,301,call,LOC0107
CDR011588,PH00639,PH00611,2026-01-24 12:23:00,1238,call,LOC0167
CDR011589,PH00292,PH00251,2026-03-09 04:35:00,1429,app_message,LOC0016
CDR011590,PH00462,PH00667,2026-05-22 13:58:00,1336,call,LOC0027
CDR011591,PH00138,PH00753,2026-08-17 17:56:00,2208,call,LOC0144
CDR011592,PH00179,PH01088,2026-03-21 15:18:00,1093,app_message,LOC0082
CDR011593,PH00656,PH00313,2026-04-18 05:10:00,745,call,LOC0111
CDR011594,PH00373,PH00215,2026-01-30 18:41:00,929,sms,LOC0079
CDR011595,PH00491,PH00695,2026-03-12 23:26:00,7,call,LOC0018
CDR011596,PH00286,PH00591,2026-05-14 16:01:00,475,app_message,LOC0059
CDR011597,PH00866,PH00492,2026-03-13 16:46:00,2297,sms,LOC0178
CDR011598,PH00020,PH00099,2026-07-19 16:52:00,308,call,LOC0109
CDR011599,PH00215,PH01172,2026-01-20 00:43:00,2227,sms,LOC0140
CDR011600,PH00879,PH00310,2026-01-29 11:02:00,385,app_message,LOC0170
CDR011601,PH00219,PH00649,2026-04-17 02:12:00,446,call,LOC0151
CDR011602,PH00961,PH00662,2026-07-26 14:47:00,1561,sms,LOC0025
CDR011603,PH00401,PH00411,2026-03-02 04:59:00,2291,sms,LOC0006
CDR011604,PH00988,PH01027,2026-02-14 18:46:00,794,call,LOC0017
CDR011605,PH00710,PH00441,2026-07-24 17:23:00,2021,app_message,LOC0021
CDR011606,PH00186,PH00292,2026-06-21 21:21:00,128,app_message,LOC0128
CDR011607,PH01152,PH00659,2026-03-17 15:22:00,1276,call,LOC0176
CDR011608,PH00800,PH00321,2026-01-20 18:41:00,2096,sms,LOC0179
CDR011609,PH00532,PH00221,2026-02-16 01:54:00,2350,app_message,LOC0097
CDR011610,PH00971,PH00804,2026-07-12 13:33:00,604,sms,LOC0136
CDR011611,PH01012,PH00894,2026-04-08 11:30:00,939,call,LOC0104
CDR011612,PH00496,PH01160,2026-06-04 22:28:00,371,call,LOC0126
CDR011613,PH00954,PH00763,2026-03-10 00:53:00,1465,call,LOC0128
CDR011614,PH00253,PH00774,2026-08-07 01:51:00,2125,app_message,LOC0099
CDR011615,PH00943,PH00942,2026-01-20 01:59:00,1054,app_message,LOC0102
CDR011616,PH01026,PH00772,2026-06-21 06:02:00,161,call,LOC0091
CDR011617,PH00908,PH00545,2026-07-11 13:26:00,476,app_message,LOC0169
CDR011618,PH00430,PH00587,2026-01-28 21:47:00,1791,app_message,LOC0014
CDR011619,PH00592,PH01092,2026-01-17 21:47:00,303,sms,LOC0166
CDR011620,PH00307,PH01005,2026-05-06 08:37:00,329,call,LOC0017
CDR011621,PH00637,PH00710,2026-04-27 15:32:00,544,sms,LOC0103
CDR011622,PH00820,PH00359,2026-02-02 15:38:00,226,sms,LOC0168
CDR011623,PH00704,PH00811,2026-07-18 13:34:00,2329,call,LOC0121
CDR011624,PH00925,PH00612,2026-02-19 09:32:00,619,app_message,LOC0039
CDR011625,PH00834,PH00932,2026-06-03 19:25:00,1845,call,LOC0063
CDR011626,PH01087,PH00565,2026-05-04 15:08:00,1524,app_message,LOC0169
CDR011627,PH00380,PH00886,2026-07-25 10:58:00,2168,app_message,LOC0049
CDR011628,PH01176,PH01066,2026-07-11 18:26:00,2004,call,LOC0174
CDR011629,PH00705,PH00267,2026-08-23 09:06:00,1579,call,LOC0174
CDR011630,PH00357,PH00634,2026-07-03 12:18:00,2054,call,LOC0013
CDR011631,PH00838,PH00933,2026-04-22 12:27:00,906,app_message,LOC0114
CDR011632,PH00600,PH00404,2026-06-20 12:21:00,220,sms,LOC0057
CDR011633,PH00785,PH00687,2026-03-23 15:12:00,170,sms,LOC0005
CDR011634,PH00341,PH00565,2026-01-25 16:38:00,290,sms,LOC0120
CDR011635,PH00426,PH01153,2026-07-25 22:13:00,277,sms,LOC0125
CDR011636,PH00403,PH01183,2026-07-23 05:04:00,234,sms,LOC0171
CDR011637,PH00418,PH00203,2026-07-25 05:17:00,1764,call,LOC0048
CDR011638,PH00741,PH00674,2026-07-04 03:55:00,1790,sms,LOC0126
CDR011639,PH00973,PH00058,2026-08-21 15:45:00,328,app_message,LOC0109
CDR011640,PH00365,PH00709,2026-04-24 18:43:00,2253,call,LOC0020
CDR011641,PH00188,PH00407,2026-01-01 06:22:00,472,app_message,LOC0134
CDR011642,PH00829,PH00435,2026-02-27 10:18:00,101,app_message,LOC0150
CDR011643,PH00642,PH00898,2026-03-07 21:35:00,1477,app_message,LOC0003
CDR011644,PH00772,PH00662,2026-07-05 12:58:00,43,call,LOC0023
CDR011645,PH00334,PH00255,2026-03-23 07:51:00,1702,call,LOC0047
CDR011646,PH00648,PH00019,2026-06-23 02:43:00,696,call,LOC0041
CDR011647,PH00007,PH00163,2026-04-07 08:28:00,347,app_message,LOC0057
CDR011648,PH00967,PH01194,2026-08-01 09:26:00,2373,call,LOC0132
CDR011649,PH00180,PH00113,2026-01-04 02:21:00,592,call,LOC0034
CDR011650,PH00207,PH00354,2026-03-08 13:38:00,2399,app_message,LOC0023
CDR011651,PH00598,PH00595,2026-05-01 00:41:00,2359,sms,LOC0024
CDR011652,PH00535,PH00635,2026-05-29 15:25:00,20,app_message,LOC0131
CDR011653,PH00414,PH00216,2026-01-30 10:08:00,2281,call,LOC0152
CDR011654,PH00460,PH00663,2026-08-12 12:15:00,1686,app_message,LOC0054
CDR011655,PH00442,PH01198,2026-05-11 21:05:00,1458,call,LOC0179
CDR011656,PH01010,PH00999,2026-02-21 00:28:00,1152,app_message,LOC0047
CDR011657,PH00525,PH00711,2026-03-22 12:11:00,1682,sms,LOC0166
CDR011658,PH00702,PH00554,2026-08-22 01:10:00,1913,call,LOC0054
CDR011659,PH00373,PH01094,2026-08-05 15:06:00,743,app_message,LOC0111
CDR011660,PH00786,PH01134,2026-08-02 17:05:00,1319,call,LOC0027
CDR011661,PH00363,PH01028,2026-06-16 06:52:00,1441,sms,LOC0007
CDR011662,PH00231,PH01144,2026-05-03 01:27:00,1334,call,LOC0017
CDR011663,PH00007,PH00170,2026-04-08 11:58:00,2123,app_message,LOC0118
CDR011664,PH00394,PH00425,2026-04-01 16:55:00,2311,app_message,LOC0098
CDR011665,PH00714,PH00295,2026-05-15 08:08:00,1375,sms,LOC0147
CDR011666,PH00275,PH00470,2026-01-23 14:14:00,500,app_message,LOC0062
CDR011667,PH00600,PH00213,2026-07-27 12:03:00,179,app_message,LOC0033
CDR011668,PH00158,PH00541,2026-07-19 18:28:00,892,call,LOC0039
CDR011669,PH01045,PH00151,2026-07-19 09:35:00,577,app_message,LOC0153
CDR011670,PH00547,PH00835,2026-01-12 21:15:00,935,sms,LOC0134
CDR011671,PH00696,PH00299,2026-06-18 23:24:00,1792,app_message,LOC0110
CDR011672,PH00839,PH00637,2026-04-24 01:34:00,687,call,LOC0104
CDR011673,PH00259,PH00906,2026-03-11 00:46:00,1432,call,LOC0123
CDR011674,PH01147,PH00934,2026-02-18 04:05:00,201,call,LOC0121
CDR011675,PH00666,PH01127,2026-01-14 23:55:00,1874,app_message,LOC0034
CDR011676,PH00618,PH01003,2026-04-23 05:13:00,802,app_message,LOC0007
CDR011677,PH00999,PH01117,2026-04-20 00:05:00,1479,app_message,LOC0145
CDR011678,PH00351,PH00193,2026-05-22 16:39:00,875,app_message,LOC0121
CDR011679,PH01187,PH00233,2026-01-15 07:53:00,1946,app_message,LOC0102
CDR011680,PH00139,PH00449,2026-03-28 15:43:00,1061,sms,LOC0072
CDR011681,PH00908,PH01093,2026-02-26 02:50:00,1003,app_message,LOC0125
CDR011682,PH00165,PH01053,2026-08-17 08:22:00,294,call,LOC0018
CDR011683,PH00047,PH00091,2026-01-17 04:04:00,465,sms,LOC0086
CDR011684,PH01130,PH00473,2026-04-24 20:53:00,101,app_message,LOC0136
CDR011685,PH00714,PH00226,2026-01-20 17:10:00,1870,sms,LOC0169
CDR011686,PH00840,PH00501,2026-04-26 00:10:00,631,call,LOC0041
CDR011687,PH00259,PH00024,2026-05-16 18:22:00,1858,app_message,LOC0013
CDR011688,PH00290,PH00255,2026-04-21 19:02:00,1149,sms,LOC0172
CDR011689,PH00071,PH00838,2026-01-24 23:52:00,1229,call,LOC0095
CDR011690,PH00059,PH00126,2026-01-05 06:53:00,503,sms,LOC0051
CDR011691,PH00239,PH00179,2026-01-12 05:07:00,2173,app_message,LOC0025
CDR011692,PH00073,PH00162,2026-02-28 01:38:00,880,app_message,LOC0153
CDR011693,PH00844,PH00704,2026-06-25 22:45:00,1709,call,LOC0081
CDR011694,PH00188,PH00240,2026-05-01 03:00:00,253,sms,LOC0034
CDR011695,PH00018,PH00697,2026-06-08 16:36:00,2073,sms,LOC0047
CDR011696,PH00358,PH01145,2026-04-16 22:26:00,1768,call,LOC0152
CDR011697,PH00664,PH00193,2026-02-27 16:15:00,2023,app_message,LOC0071
CDR011698,PH00681,PH00635,2026-02-19 15:32:00,342,call,LOC0162
CDR011699,PH00799,PH00522,2026-02-14 03:41:00,135,app_message,LOC0130
CDR011700,PH00305,PH00275,2026-03-18 18:09:00,1538,app_message,LOC0104
CDR011701,PH00898,PH00639,2026-06-22 17:38:00,532,call,LOC0110
CDR011702,PH01144,PH00711,2026-08-05 13:15:00,1661,app_message,LOC0083
CDR011703,PH01096,PH01140,2026-07-19 15:18:00,693,sms,LOC0176
CDR011704,PH00319,PH00573,2026-03-27 20:30:00,867,sms,LOC0172
CDR011705,PH00210,PH00515,2026-05-27 20:25:00,547,app_message,LOC0117
CDR011706,PH00078,PH00861,2026-03-26 20:50:00,128,app_message,LOC0052
CDR011707,PH00750,PH00858,2026-04-05 13:05:00,1173,call,LOC0098
CDR011708,PH01085,PH01129,2026-02-04 01:22:00,2334,call,LOC0163
CDR011709,PH00987,PH00429,2026-05-22 20:31:00,1489,call,LOC0013
CDR011710,PH00239,PH00847,2026-02-09 04:41:00,1469,app_message,LOC0047
CDR011711,PH00502,PH01116,2026-01-08 19:18:00,906,sms,LOC0003
CDR011712,PH01089,PH00288,2026-06-12 19:00:00,197,app_message,LOC0107
CDR011713,PH00873,PH00360,2026-06-13 04:31:00,23,app_message,LOC0144
CDR011714,PH00428,PH00156,2026-08-21 00:58:00,1373,app_message,LOC0087
CDR011715,PH00256,PH00069,2026-06-30 07:53:00,1262,call,LOC0077
CDR011716,PH00855,PH00424,2026-05-28 00:56:00,261,call,LOC0044
CDR011717,PH00752,PH01152,2026-08-09 23:35:00,968,app_message,LOC0055
CDR011718,PH00041,PH00852,2026-07-22 04:31:00,1716,call,LOC0028
CDR011719,PH00776,PH00054,2026-06-27 21:22:00,2191,sms,LOC0039
CDR011720,PH00088,PH00856,2026-05-04 04:02:00,889,sms,LOC0102
CDR011721,PH01007,PH00096,2026-03-14 02:30:00,1058,call,LOC0093
CDR011722,PH00567,PH01125,2026-01-14 03:04:00,1282,call,LOC0167
CDR011723,PH01130,PH00647,2026-01-22 09:29:00,934,app_message,LOC0132
CDR011724,PH01106,PH00537,2026-05-10 00:05:00,1722,sms,LOC0002
CDR011725,PH00265,PH01163,2026-07-25 03:43:00,367,app_message,LOC0100
CDR011726,PH00548,PH00006,2026-04-14 06:51:00,756,call,LOC0145
CDR011727,PH00895,PH00612,2026-07-07 16:54:00,460,app_message,LOC0119
CDR011728,PH00057,PH00982,2026-01-06 04:01:00,1407,app_message,LOC0007
CDR011729,PH00941,PH01115,2026-04-30 11:55:00,1433,call,LOC0152
CDR011730,PH00044,PH00560,2026-07-09 22:04:00,1450,app_message,LOC0105
CDR011731,PH00718,PH00341,2026-07-13 06:27:00,829,sms,LOC0147
CDR011732,PH00480,PH00709,2026-06-06 14:18:00,2205,sms,LOC0107
CDR011733,PH01117,PH00579,2026-07-30 10:47:00,449,sms,LOC0049
CDR011734,PH00291,PH00534,2026-01-07 06:09:00,2058,app_message,LOC0053
CDR011735,PH00521,PH00155,2026-07-11 13:15:00,1709,sms,LOC0176
CDR011736,PH01012,PH00245,2026-03-20 03:18:00,870,app_message,LOC0112
CDR011737,PH00063,PH00057,2026-08-20 14:56:00,1890,call,LOC0031
CDR011738,PH00190,PH01189,2026-04-10 16:55:00,2355,call,LOC0007
CDR011739,PH00952,PH00745,2026-03-01 01:58:00,542,call,LOC0065
CDR011740,PH01003,PH00402,2026-03-12 20:37:00,1968,sms,LOC0167
CDR011741,PH00444,PH01101,2026-08-11 14:16:00,1512,app_message,LOC0075
CDR011742,PH00073,PH00762,2026-06-25 16:11:00,1934,app_message,LOC0135
CDR011743,PH00579,PH01044,2026-06-24 22:37:00,2059,app_message,LOC0084
CDR011744,PH00744,PH00941,2026-02-21 08:33:00,350,call,LOC0025
CDR011745,PH00240,PH00752,2026-03-10 10:44:00,1129,call,LOC0065
CDR011746,PH00014,PH00119,2026-03-31 11:38:00,1294,call,LOC0170
CDR011747,PH00072,PH00423,2026-03-26 01:47:00,1808,sms,LOC0175
CDR011748,PH00677,PH00873,2026-03-20 14:14:00,1080,app_message,LOC0077
CDR011749,PH00243,PH00644,2026-07-15 03:26:00,1627,call,LOC0100
CDR011750,PH00735,PH00648,2026-01-09 08:40:00,1711,sms,LOC0064
CDR011751,PH00857,PH00722,2026-08-07 14:25:00,1434,sms,LOC0034
CDR011752,PH00993,PH01141,2026-06-12 14:35:00,1162,app_message,LOC0044
CDR011753,PH01179,PH00707,2026-01-19 01:37:00,898,app_message,LOC0144
CDR011754,PH00966,PH00299,2026-06-11 12:53:00,927,call,LOC0085
CDR011755,PH00821,PH01176,2026-03-12 05:25:00,403,app_message,LOC0087
CDR011756,PH00631,PH00156,2026-07-20 19:29:00,2103,sms,LOC0125
CDR011757,PH01024,PH00868,2026-01-08 02:02:00,2307,app_message,LOC0031
CDR011758,PH00814,PH00739,2026-08-13 13:20:00,146,call,LOC0032
CDR011759,PH01010,PH00728,2026-01-11 01:07:00,788,app_message,LOC0124
CDR011760,PH00237,PH00032,2026-01-25 04:30:00,2289,call,LOC0054
CDR011761,PH01144,PH00424,2026-08-03 18:24:00,1650,call,LOC0110
CDR011762,PH00664,PH00844,2026-07-22 03:18:00,2259,app_message,LOC0024
CDR011763,PH00579,PH00474,2026-07-19 20:19:00,240,call,LOC0178
CDR011764,PH01093,PH00355,2026-06-19 01:37:00,234,sms,LOC0167
CDR011765,PH00593,PH00659,2026-03-10 16:53:00,1633,call,LOC0116
CDR011766,PH00377,PH00974,2026-03-10 16:24:00,1211,sms,LOC0162
CDR011767,PH01062,PH00470,2026-05-11 05:32:00,1964,sms,LOC0172
CDR011768,PH00200,PH01153,2026-04-06 13:46:00,455,app_message,LOC0041
CDR011769,PH00577,PH00327,2026-04-25 02:15:00,638,app_message,LOC0066
CDR011770,PH00985,PH00024,2026-03-07 03:50:00,12,app_message,LOC0008
CDR011771,PH00372,PH00492,2026-06-14 00:46:00,1234,app_message,LOC0100
CDR011772,PH01198,PH00638,2026-01-30 14:18:00,927,app_message,LOC0074
CDR011773,PH00631,PH00180,2026-03-07 01:42:00,1584,call,LOC0012
CDR011774,PH00973,PH00537,2026-08-12 16:57:00,2085,call,LOC0178
CDR011775,PH00278,PH01050,2026-07-28 03:17:00,2116,call,LOC0093
CDR011776,PH00473,PH00466,2026-01-29 10:00:00,1993,call,LOC0027
CDR011777,PH00459,PH00376,2026-07-24 01:22:00,5,app_message,LOC0055
CDR011778,PH00223,PH00608,2026-08-29 15:04:00,1173,app_message,LOC0089
CDR011779,PH00487,PH00012,2026-06-22 10:43:00,2164,sms,LOC0139
CDR011780,PH00923,PH00908,2026-04-16 13:01:00,1357,app_message,LOC0157
CDR011781,PH00041,PH00755,2026-04-28 02:41:00,988,app_message,LOC0133
CDR011782,PH00881,PH00081,2026-07-22 07:22:00,1024,call,LOC0090
CDR011783,PH00996,PH00130,2026-08-14 19:13:00,2197,sms,LOC0166
CDR011784,PH01053,PH00100,2026-06-23 01:05:00,1316,app_message,LOC0014
CDR011785,PH01178,PH00093,2026-07-07 11:41:00,1772,app_message,LOC0064
CDR011786,PH00224,PH00362,2026-02-07 16:08:00,1814,call,LOC0147
CDR011787,PH00107,PH00478,2026-06-27 23:11:00,1795,app_message,LOC0038
CDR011788,PH00201,PH01117,2026-05-01 00:16:00,125,app_message,LOC0085
CDR011789,PH00569,PH00058,2026-04-03 05:13:00,1049,sms,LOC0059
CDR011790,PH00260,PH00443,2026-01-14 18:55:00,1547,app_message,LOC0006
CDR011791,PH00321,PH00331,2026-01-05 19:13:00,254,app_message,LOC0054
CDR011792,PH00338,PH00640,2026-01-16 05:09:00,1058,sms,LOC0113
CDR011793,PH00798,PH00996,2026-05-05 02:15:00,758,call,LOC0155
CDR011794,PH00806,PH00014,2026-05-22 05:05:00,294,app_message,LOC0174
CDR011795,PH00470,PH00407,2026-01-19 14:11:00,1609,app_message,LOC0020
CDR011796,PH00649,PH00739,2026-05-24 11:06:00,1825,call,LOC0026
CDR011797,PH01184,PH01004,2026-07-13 06:54:00,617,sms,LOC0072
CDR011798,PH00218,PH00794,2026-07-28 22:28:00,210,sms,LOC0072
CDR011799,PH00227,PH01105,2026-07-15 01:03:00,70,sms,LOC0140
CDR011800,PH00737,PH00365,2026-05-05 03:01:00,1366,sms,LOC0020
CDR011801,PH00406,PH00576,2026-01-19 19:23:00,2345,call,LOC0043
CDR011802,PH01164,PH00010,2026-03-09 00:12:00,211,sms,LOC0111
CDR011803,PH01190,PH00701,2026-04-02 23:05:00,378,sms,LOC0075
CDR011804,PH00126,PH00524,2026-06-27 20:31:00,2017,call,LOC0050
CDR011805,PH01014,PH01094,2026-07-21 03:04:00,385,call,LOC0014
CDR011806,PH00060,PH00595,2026-07-11 17:21:00,951,app_message,LOC0024
CDR011807,PH00837,PH00010,2026-05-09 11:44:00,1931,app_message,LOC0050
CDR011808,PH00544,PH00524,2026-08-02 11:32:00,1826,sms,LOC0138
CDR011809,PH00957,PH00369,2026-05-25 04:33:00,2237,app_message,LOC0038
CDR011810,PH00701,PH01028,2026-02-12 06:02:00,264,call,LOC0087
CDR011811,PH01171,PH00569,2026-07-12 20:47:00,1705,app_message,LOC0146
CDR011812,PH00238,PH00763,2026-07-03 11:26:00,1357,sms,LOC0170
CDR011813,PH00738,PH00263,2026-08-13 08:14:00,1908,sms,LOC0180
CDR011814,PH00308,PH00901,2026-07-16 15:21:00,74,call,LOC0098
CDR011815,PH00532,PH00269,2026-02-20 04:56:00,1443,call,LOC0098
CDR011816,PH00511,PH00927,2026-03-31 06:33:00,1888,app_message,LOC0163
CDR011817,PH00788,PH00862,2026-04-05 14:51:00,1886,app_message,LOC0068
CDR011818,PH01108,PH00123,2026-02-27 00:10:00,2194,call,LOC0093
CDR011819,PH01129,PH00649,2026-01-13 08:18:00,2003,app_message,LOC0004
CDR011820,PH00521,PH00880,2026-01-09 07:16:00,1510,app_message,LOC0093
CDR011821,PH01037,PH00213,2026-03-16 13:38:00,151,call,LOC0158
CDR011822,PH00485,PH00702,2026-05-25 11:08:00,190,sms,LOC0087
CDR011823,PH00234,PH00021,2026-01-09 17:37:00,2240,call,LOC0024
CDR011824,PH00182,PH00117,2026-01-24 20:27:00,1596,app_message,LOC0131
CDR011825,PH00535,PH00726,2026-04-01 05:31:00,32,app_message,LOC0150
CDR011826,PH00860,PH01192,2026-04-13 11:42:00,1155,call,LOC0084
CDR011827,PH00705,PH00742,2026-01-31 16:11:00,1514,call,LOC0036
CDR011828,PH01117,PH00586,2026-04-20 20:58:00,1450,call,LOC0102
CDR011829,PH00714,PH00258,2026-04-26 15:35:00,1131,sms,LOC0063
CDR011830,PH00781,PH00458,2026-01-08 16:18:00,1096,app_message,LOC0046
CDR011831,PH00451,PH00025,2026-02-07 15:22:00,226,sms,LOC0038
CDR011832,PH00134,PH01128,2026-08-25 06:12:00,221,app_message,LOC0144
CDR011833,PH00729,PH00714,2026-07-12 14:53:00,1076,app_message,LOC0124
CDR011834,PH01199,PH00334,2026-08-04 08:39:00,634,sms,LOC0071
CDR011835,PH00380,PH00499,2026-06-07 23:22:00,2179,sms,LOC0013
CDR011836,PH00731,PH00989,2026-02-02 16:12:00,1842,sms,LOC0050
CDR011837,PH00879,PH00763,2026-07-31 16:54:00,507,app_message,LOC0095
CDR011838,PH00835,PH00665,2026-03-15 01:22:00,1690,app_message,LOC0021
CDR011839,PH00211,PH01188,2026-02-27 02:05:00,1822,app_message,LOC0067
CDR011840,PH01187,PH00781,2026-06-16 14:53:00,1693,sms,LOC0058
CDR011841,PH00692,PH00856,2026-03-04 18:16:00,597,call,LOC0162
CDR011842,PH01102,PH00805,2026-07-24 04:44:00,862,call,LOC0138
CDR011843,PH00007,PH01057,2026-04-30 19:24:00,2267,app_message,LOC0036
CDR011844,PH00915,PH00130,2026-01-28 23:02:00,49,call,LOC0142
CDR011845,PH00868,PH00469,2026-06-14 16:14:00,1750,sms,LOC0064
CDR011846,PH00018,PH00025,2026-06-02 05:32:00,423,sms,LOC0049
CDR011847,PH00808,PH00093,2026-05-30 17:55:00,75,app_message,LOC0129
CDR011848,PH00024,PH00119,2026-04-13 18:14:00,905,call,LOC0028
CDR011849,PH00311,PH00748,2026-04-30 02:53:00,540,app_message,LOC0050
CDR011850,PH00669,PH00357,2026-04-05 19:07:00,1179,app_message,LOC0133
CDR011851,PH00980,PH00064,2026-01-11 18:12:00,2395,app_message,LOC0067
CDR011852,PH00860,PH00275,2026-02-22 17:27:00,1026,app_message,LOC0093
CDR011853,PH00465,PH00845,2026-08-13 01:09:00,1009,call,LOC0079
CDR011854,PH00218,PH00578,2026-07-20 10:47:00,1842,call,LOC0137
CDR011855,PH00452,PH00372,2026-05-19 19:56:00,1984,call,LOC0101
CDR011856,PH00320,PH00178,2026-02-26 18:18:00,1624,sms,LOC0047
CDR011857,PH00847,PH01093,2026-08-28 00:51:00,1682,sms,LOC0035
CDR011858,PH00548,PH01157,2026-08-23 01:15:00,1836,app_message,LOC0135
CDR011859,PH00354,PH00393,2026-07-01 06:11:00,2076,sms,LOC0024
CDR011860,PH00545,PH00146,2026-06-17 11:18:00,1607,sms,LOC0084
CDR011861,PH01001,PH00655,2026-01-18 04:50:00,834,sms,LOC0153
CDR011862,PH01039,PH01157,2026-07-20 11:43:00,720,call,LOC0154
CDR011863,PH00889,PH00953,2026-01-12 13:53:00,867,sms,LOC0115
CDR011864,PH00282,PH00830,2026-02-20 01:59:00,861,sms,LOC0012
CDR011865,PH00579,PH00349,2026-08-03 22:47:00,1883,call,LOC0030
CDR011866,PH00153,PH00236,2026-05-19 08:11:00,1361,call,LOC0063
CDR011867,PH00051,PH00863,2026-02-25 22:08:00,123,sms,LOC0035
CDR011868,PH00932,PH00655,2026-01-29 07:01:00,98,call,LOC0178
CDR011869,PH00793,PH00599,2026-06-11 11:15:00,989,sms,LOC0084
CDR011870,PH00783,PH01087,2026-05-24 11:30:00,2115,sms,LOC0020
CDR011871,PH00974,PH00570,2026-05-07 07:46:00,2082,sms,LOC0152
CDR011872,PH00408,PH00346,2026-07-23 08:54:00,1081,call,LOC0104
CDR011873,PH00964,PH00408,2026-03-13 19:01:00,412,app_message,LOC0124
CDR011874,PH00973,PH00923,2026-02-02 04:01:00,1600,call,LOC0053
CDR011875,PH00029,PH01135,2026-03-06 05:58:00,1524,app_message,LOC0065
CDR011876,PH00432,PH00339,2026-05-01 14:31:00,95,sms,LOC0032
CDR011877,PH00540,PH01060,2026-06-15 03:31:00,2047,call,LOC0023
CDR011878,PH00941,PH00326,2026-03-31 03:20:00,2014,call,LOC0069
CDR011879,PH00485,PH00741,2026-02-08 16:55:00,626,sms,LOC0152
CDR011880,PH00396,PH00545,2026-02-06 01:36:00,488,sms,LOC0023
CDR011881,PH01015,PH00982,2026-03-29 12:58:00,65,call,LOC0074
CDR011882,PH00992,PH00403,2026-04-08 18:25:00,1868,app_message,LOC0097
CDR011883,PH01064,PH00188,2026-08-12 19:37:00,1981,call,LOC0008
CDR011884,PH00078,PH00947,2026-08-18 05:20:00,1122,call,LOC0074
CDR011885,PH01129,PH00739,2026-08-28 22:31:00,1301,app_message,LOC0132
CDR011886,PH01129,PH00233,2026-02-05 13:37:00,2177,sms,LOC0121
CDR011887,PH01152,PH00157,2026-02-03 15:27:00,1715,sms,LOC0102
CDR011888,PH00847,PH00638,2026-06-18 09:44:00,2063,call,LOC0078
CDR011889,PH00565,PH01013,2026-05-02 12:55:00,1877,app_message,LOC0145
CDR011890,PH00744,PH00047,2026-02-16 04:32:00,2184,call,LOC0131
CDR011891,PH01055,PH01038,2026-02-17 03:43:00,1228,app_message,LOC0099
CDR011892,PH00144,PH00351,2026-05-05 06:52:00,722,app_message,LOC0016
CDR011893,PH00332,PH00980,2026-02-03 00:00:00,705,app_message,LOC0041
CDR011894,PH00214,PH00330,2026-05-23 13:20:00,1548,app_message,LOC0116
CDR011895,PH01154,PH00438,2026-07-26 14:10:00,1400,app_message,LOC0137
CDR011896,PH01014,PH00445,2026-01-20 13:44:00,2208,app_message,LOC0147
CDR011897,PH00706,PH00681,2026-03-16 11:38:00,1856,sms,LOC0101
CDR011898,PH00952,PH00418,2026-08-23 11:28:00,1203,app_message,LOC0152
CDR011899,PH00509,PH00023,2026-02-18 22:54:00,2370,call,LOC0085
CDR011900,PH00568,PH00160,2026-08-24 18:31:00,78,app_message,LOC0002
CDR011901,PH00917,PH00266,2026-01-27 02:19:00,84,app_message,LOC0136
CDR011902,PH00006,PH00446,2026-03-26 15:26:00,507,app_message,LOC0032
CDR011903,PH00386,PH00008,2026-01-13 23:29:00,517,app_message,LOC0115
CDR011904,PH00933,PH00280,2026-08-16 06:38:00,1799,sms,LOC0137
CDR011905,PH00225,PH00200,2026-08-04 06:32:00,1476,sms,LOC0149
CDR011906,PH00802,PH00422,2026-04-23 16:52:00,151,call,LOC0169
CDR011907,PH00605,PH00499,2026-02-04 15:35:00,586,app_message,LOC0052
CDR011908,PH00172,PH01022,2026-08-25 23:15:00,509,call,LOC0027
CDR011909,PH01194,PH00829,2026-08-24 00:14:00,208,call,LOC0137
CDR011910,PH00227,PH01022,2026-08-15 01:39:00,1012,app_message,LOC0069
CDR011911,PH00375,PH00797,2026-02-20 02:57:00,1235,app_message,LOC0170
CDR011912,PH00127,PH00655,2026-03-04 13:28:00,175,sms,LOC0172
CDR011913,PH00122,PH00077,2026-05-17 16:36:00,1833,sms,LOC0094
CDR011914,PH00030,PH00443,2026-02-06 20:57:00,283,app_message,LOC0164
CDR011915,PH00541,PH00827,2026-03-09 17:40:00,1612,app_message,LOC0005
CDR011916,PH00768,PH01095,2026-08-08 03:06:00,690,call,LOC0119
CDR011917,PH00763,PH01087,2026-01-14 02:13:00,386,app_message,LOC0064
CDR011918,PH00570,PH00867,2026-02-11 01:27:00,278,sms,LOC0082
CDR011919,PH00652,PH00746,2026-05-23 08:14:00,1881,call,LOC0089
CDR011920,PH00856,PH00904,2026-02-18 05:44:00,2165,call,LOC0033
CDR011921,PH00246,PH00013,2026-08-25 19:48:00,1332,call,LOC0124
CDR011922,PH00748,PH01046,2026-07-31 11:45:00,1278,app_message,LOC0006
CDR011923,PH00580,PH00609,2026-02-28 08:37:00,713,app_message,LOC0066
CDR011924,PH00778,PH00137,2026-03-17 04:27:00,386,sms,LOC0047
CDR011925,PH00468,PH01141,2026-07-05 16:23:00,1647,call,LOC0007
CDR011926,PH00528,PH00762,2026-02-28 23:48:00,1701,sms,LOC0024
CDR011927,PH00763,PH00282,2026-05-02 17:30:00,2037,sms,LOC0130
CDR011928,PH00234,PH00209,2026-06-14 06:47:00,1368,call,LOC0145
CDR011929,PH00293,PH00738,2026-05-09 00:53:00,1988,app_message,LOC0131
CDR011930,PH00378,PH00736,2026-02-17 11:26:00,1622,sms,LOC0024
CDR011931,PH00041,PH00999,2026-01-05 15:39:00,1431,app_message,LOC0110
CDR011932,PH01065,PH00321,2026-07-05 08:24:00,1429,call,LOC0176
CDR011933,PH00299,PH00726,2026-01-25 07:37:00,2199,app_message,LOC0178
CDR011934,PH00100,PH00649,2026-08-17 06:09:00,1263,call,LOC0144
CDR011935,PH00058,PH00465,2026-03-01 02:50:00,562,app_message,LOC0111
CDR011936,PH00981,PH00458,2026-05-06 02:33:00,1497,call,LOC0153
CDR011937,PH00387,PH00616,2026-05-29 08:36:00,1468,sms,LOC0141
CDR011938,PH01133,PH00054,2026-02-24 10:12:00,2236,call,LOC0104
CDR011939,PH00789,PH01112,2026-01-07 01:46:00,1343,sms,LOC0095
CDR011940,PH00441,PH00045,2026-08-29 05:00:00,598,call,LOC0109
CDR011941,PH00741,PH00086,2026-08-21 04:37:00,1108,sms,LOC0022
CDR011942,PH00978,PH00373,2026-01-08 20:34:00,56,sms,LOC0068
CDR011943,PH00687,PH00337,2026-01-12 09:38:00,691,call,LOC0149
CDR011944,PH00571,PH01198,2026-01-24 23:38:00,253,call,LOC0112
CDR011945,PH00631,PH00643,2026-02-09 07:01:00,583,call,LOC0048
CDR011946,PH00356,PH00127,2026-02-14 19:12:00,912,call,LOC0057
CDR011947,PH00048,PH00163,2026-02-14 16:29:00,2279,sms,LOC0040
CDR011948,PH00717,PH00528,2026-02-06 20:51:00,278,sms,LOC0118
CDR011949,PH00531,PH00721,2026-06-03 04:10:00,1477,app_message,LOC0149
CDR011950,PH00345,PH00188,2026-07-16 01:32:00,1130,sms,LOC0137
CDR011951,PH00303,PH00017,2026-04-07 03:44:00,497,app_message,LOC0009
CDR011952,PH00783,PH00013,2026-03-11 10:18:00,2288,call,LOC0044
CDR011953,PH00731,PH00234,2026-06-14 03:04:00,2370,app_message,LOC0006
CDR011954,PH01059,PH00948,2026-08-24 09:59:00,1094,app_message,LOC0103
CDR011955,PH00993,PH00063,2026-07-30 08:48:00,673,sms,LOC0007
CDR011956,PH00833,PH00696,2026-04-11 04:20:00,615,sms,LOC0061
CDR011957,PH00703,PH01050,2026-02-19 04:09:00,1858,call,LOC0008
CDR011958,PH00498,PH00483,2026-03-16 21:02:00,314,app_message,LOC0047
CDR011959,PH00235,PH01119,2026-07-05 17:33:00,345,call,LOC0115
CDR011960,PH00781,PH00543,2026-02-02 14:32:00,588,call,LOC0015
CDR011961,PH00530,PH01171,2026-07-25 06:48:00,1701,sms,LOC0053
CDR011962,PH00646,PH00151,2026-02-02 18:35:00,1490,sms,LOC0060
CDR011963,PH00632,PH00662,2026-03-03 18:16:00,1124,app_message,LOC0071
CDR011964,PH01133,PH00007,2026-02-10 22:08:00,2252,sms,LOC0019
CDR011965,PH00540,PH00735,2026-05-23 21:29:00,855,sms,LOC0066
CDR011966,PH00050,PH00248,2026-07-15 19:41:00,2292,call,LOC0166
CDR011967,PH00921,PH00237,2026-07-15 03:18:00,883,sms,LOC0074
CDR011968,PH00824,PH00171,2026-02-06 08:58:00,1122,call,LOC0119
CDR011969,PH01076,PH00031,2026-07-16 00:12:00,2375,app_message,LOC0054
CDR011970,PH00945,PH00952,2026-01-18 04:24:00,977,sms,LOC0062
CDR011971,PH00123,PH00232,2026-02-16 14:59:00,1886,sms,LOC0167
CDR011972,PH00463,PH00816,2026-04-03 01:13:00,490,sms,LOC0149
CDR011973,PH00255,PH00615,2026-07-31 01:08:00,586,app_message,LOC0099
CDR011974,PH00145,PH00397,2026-02-03 11:40:00,1845,call,LOC0160
CDR011975,PH00942,PH00558,2026-07-23 04:55:00,899,app_message,LOC0151
CDR011976,PH00814,PH00794,2026-06-19 10:49:00,1386,sms,LOC0146
CDR011977,PH00396,PH00480,2026-04-15 21:27:00,192,app_message,LOC0169
CDR011978,PH00707,PH00086,2026-02-17 20:51:00,492,call,LOC0115
CDR011979,PH00025,PH00861,2026-05-07 19:01:00,1076,app_message,LOC0075
CDR011980,PH00118,PH00865,2026-05-29 12:34:00,122,call,LOC0104
CDR011981,PH00979,PH00574,2026-06-09 07:21:00,1690,call,LOC0041
CDR011982,PH00600,PH00535,2026-01-20 01:21:00,1683,app_message,LOC0125
CDR011983,PH01181,PH00028,2026-02-12 11:20:00,67,call,LOC0152
CDR011984,PH01190,PH00363,2026-07-08 18:03:00,950,call,LOC0077
CDR011985,PH00916,PH00584,2026-07-15 01:30:00,945,app_message,LOC0074
CDR011986,PH00891,PH00787,2026-04-26 09:20:00,754,sms,LOC0096
CDR011987,PH00988,PH00043,2026-07-22 03:32:00,1619,app_message,LOC0133
CDR011988,PH01020,PH00637,2026-06-17 11:31:00,850,sms,LOC0152
CDR011989,PH00648,PH00670,2026-08-08 18:01:00,962,sms,LOC0096
CDR011990,PH00016,PH00988,2026-04-24 17:27:00,122,sms,LOC0091
CDR011991,PH00444,PH00805,2026-04-29 22:09:00,117,call,LOC0019
CDR011992,PH00259,PH00480,2026-06-30 07:38:00,2158,call,LOC0094
CDR011993,PH00207,PH00974,2026-05-23 00:10:00,1648,sms,LOC0138
CDR011994,PH00522,PH00983,2026-02-22 22:18:00,1414,app_message,LOC0083
CDR011995,PH00149,PH00603,2026-01-27 15:01:00,2226,call,LOC0073
CDR011996,PH00549,PH00500,2026-06-16 15:07:00,1653,sms,LOC0167
CDR011997,PH00502,PH00234,2026-06-25 00:58:00,1997,call,LOC0080
CDR011998,PH00023,PH00791,2026-03-08 21:27:00,1345,app_message,LOC0101
CDR011999,PH01157,PH00548,2026-04-03 03:04:00,1249,app_message,LOC0046
CDR012000,PH00730,PH00334,2026-05-31 08:06:00,473,sms,LOC0089
