digital_id,timestamp,language,text,person1_id,person2_id,location_id
DIG000001,2026-05-13 11:54:00,en,"PERSON_00577 called PERSON_00940 near Zone_0093, Jabalpur. Record time 2026-05-13 11:54:00.",P00577,P00940,LOC0093
DIG000002,2026-04-05 11:39:00,hi,"PERSON_00151 और PERSON_00985 ने मिला, Zone_0178, Gwalior के पास। समय 2026-04-05 11:39:00.",P00151,P00985,LOC0178
DIG000003,2026-05-18 05:51:00,ta,"PERSON_00659 और PERSON_00287 ने தொடர்பு கொண்டார், Zone_0110, Indore के पास। समय 2026-05-18 05:51:00.",P00659,P00287,LOC0110
DIG000004,2026-02-25 11:01:00,en,"PERSON_00255 visited PERSON_00925 near Zone_0156, Bhopal. Record time 2026-02-25 11:01:00.",P00255,P00925,LOC0156
DIG000005,2026-01-01 18:18:00,te,"PERSON_00030 और PERSON_00610 ने స్థానం పంచుకున్నారు, Zone_0037, Indore के पास। समय 2026-01-01 18:18:00.",P00030,P00610,LOC0037
DIG000006,2026-03-04 13:30:00,bn,"PERSON_00233 और PERSON_00323 ने স্থান ভাগ করেছে, Zone_0052, Nagpur के पास। समय 2026-03-04 13:30:00.",P00233,P00323,LOC0052
DIG000007,2026-07-19 17:32:00,te,"PERSON_00977 और PERSON_00434 ने సందేశం పంపారు, Zone_0048, Indore के पास। समय 2026-07-19 17:32:00.",P00977,P00434,LOC0048
DIG000008,2026-08-30 11:56:00,ur,"PERSON_00811 और PERSON_00637 ने رابطہ کیا, Zone_0051, Bhopal के पास। समय 2026-08-30 11:56:00.",P00811,P00637,LOC0051
DIG000009,2026-06-23 23:51:00,te,"PERSON_00963 और PERSON_00054 ने స్థానం పంచుకున్నారు, Zone_0085, Gwalior के पास। समय 2026-06-23 23:51:00.",P00963,P00054,LOC0085
DIG000010,2026-01-07 00:15:00,ml,"PERSON_00099 और PERSON_00538 ने സന്ദേശം അയച്ചു, Zone_0034, Jabalpur के पास। समय 2026-01-07 00:15:00.",P00099,P00538,LOC0034
DIG000011,2026-04-02 19:57:00,bn,"PERSON_00042 और PERSON_00435 ने দেখা করেছে, Zone_0109, Bhopal के पास। समय 2026-04-02 19:57:00.",P00042,P00435,LOC0109
DIG000012,2026-03-18 12:21:00,pa,"PERSON_00968 और PERSON_00731 ने ਸੰਪਰਕ ਕੀਤਾ, Zone_0033, Jabalpur के पास। समय 2026-03-18 12:21:00.",P00968,P00731,LOC0033
DIG000013,2026-08-24 13:51:00,ml,"PERSON_00863 और PERSON_00653 ने സന്ദേശം അയച്ചു, Zone_0082, Nagpur के पास। समय 2026-08-24 13:51:00.",P00863,P00653,LOC0082
DIG000014,2026-07-30 00:21:00,en,"PERSON_00538 contacted PERSON_00930 near Zone_0134, Indore. Record time 2026-07-30 00:21:00.",P00538,P00930,LOC0134
DIG000015,2026-02-02 03:05:00,ur,"PERSON_00119 और PERSON_00740 ने فون کیا, Zone_0124, Bhopal के पास। समय 2026-02-02 03:05:00.",P00119,P00740,LOC0124
DIG000016,2026-08-30 21:16:00,kn,"PERSON_00292 और PERSON_00751 ने ಕರೆ ಮಾಡಿದರು, Zone_0162, Nagpur के पास। समय 2026-08-30 21:16:00.",P00292,P00751,LOC0162
DIG000017,2026-01-16 21:45:00,en,"PERSON_00701 sent a message to PERSON_00781 near Zone_0046, Bhopal. Record time 2026-01-16 21:45:00.",P00701,P00781,LOC0046
DIG000018,2026-03-26 03:09:00,en,"PERSON_00761 called PERSON_00189 near Zone_0094, Gwalior. Record time 2026-03-26 03:09:00.",P00761,P00189,LOC0094
DIG000019,2026-04-01 06:41:00,ml,"PERSON_00367 और PERSON_00285 ने പണം അയച്ചു, Zone_0072, Indore के पास। समय 2026-04-01 06:41:00.",P00367,P00285,LOC0072
DIG000020,2026-04-19 17:41:00,en,"PERSON_00770 visited PERSON_00594 near Zone_0028, Bhopal. Record time 2026-04-19 17:41:00.",P00770,P00594,LOC0028
DIG000021,2026-01-05 15:24:00,te,"PERSON_00509 और PERSON_00892 ने స్థానం పంచుకున్నారు, Zone_0073, Jabalpur के पास। समय 2026-01-05 15:24:00.",P00509,P00892,LOC0073
DIG000022,2026-03-31 07:19:00,ml,"PERSON_00755 और PERSON_00247 ने വിളിച്ചു, Zone_0118, Ujjain के पास। समय 2026-03-31 07:19:00.",P00755,P00247,LOC0118
DIG000023,2026-01-01 23:14:00,ta,"PERSON_00018 और PERSON_00403 ने அழைத்தார், Zone_0056, Jabalpur के पास। समय 2026-01-01 23:14:00.",P00018,P00403,LOC0056
DIG000024,2026-05-06 09:34:00,kn,"PERSON_00048 और PERSON_00511 ने ಭೇಟಿಯಾದರು, Zone_0145, Jabalpur के पास। समय 2026-05-06 09:34:00.",P00048,P00511,LOC0145
DIG000025,2026-01-16 12:06:00,bn,"PERSON_00893 और PERSON_00133 ने পরিদর্শন করেছে, Zone_0028, Bhopal के पास। समय 2026-01-16 12:06:00.",P00893,P00133,LOC0028
DIG000026,2026-05-27 15:58:00,gu,"PERSON_00379 और PERSON_00762 ने સંદેશ મોકલ્યો, Zone_0076, Indore के पास। समय 2026-05-27 15:58:00.",P00379,P00762,LOC0076
DIG000027,2026-08-04 01:57:00,gu,"PERSON_00679 और PERSON_00216 ने સંદેશ મોકલ્યો, Zone_0004, Indore के पास। समय 2026-08-04 01:57:00.",P00679,P00216,LOC0004
DIG000028,2026-08-24 20:25:00,gu,"PERSON_00951 और PERSON_00415 ने સ્થાન શેર કર્યું, Zone_0150, Ujjain के पास। समय 2026-08-24 20:25:00.",P00951,P00415,LOC0150
DIG000029,2026-07-23 23:04:00,ml,"PERSON_00922 और PERSON_00429 ने പണം അയച്ചു, Zone_0175, Jabalpur के पास। समय 2026-07-23 23:04:00.",P00922,P00429,LOC0175
DIG000030,2026-01-06 01:45:00,pa,"PERSON_00133 और PERSON_00841 ने ਸਥਾਨ ਸਾਂਝਾ ਕੀਤਾ, Zone_0178, Gwalior के पास। समय 2026-01-06 01:45:00.",P00133,P00841,LOC0178
DIG000031,2026-03-29 14:12:00,bn,"PERSON_00826 और PERSON_00097 ने পরিদর্শন করেছে, Zone_0120, Ujjain के पास। समय 2026-03-29 14:12:00.",P00826,P00097,LOC0120
DIG000032,2026-05-14 00:49:00,en,"PERSON_00995 called PERSON_00724 near Zone_0036, Ujjain. Record time 2026-05-14 00:49:00.",P00995,P00724,LOC0036
DIG000033,2026-02-28 05:34:00,kn,"PERSON_00460 और PERSON_00455 ने ಹಣ ಕಳುಹಿಸಿದರು, Zone_0139, Jabalpur के पास। समय 2026-02-28 05:34:00.",P00460,P00455,LOC0139
DIG000034,2026-02-17 02:48:00,en,"PERSON_00126 met PERSON_00370 near Zone_0054, Jabalpur. Record time 2026-02-17 02:48:00.",P00126,P00370,LOC0054
DIG000035,2026-01-22 17:21:00,en,"PERSON_00400 visited PERSON_00894 near Zone_0108, Bhopal. Record time 2026-01-22 17:21:00.",P00400,P00894,LOC0108
DIG000036,2026-08-16 17:00:00,gu,"PERSON_00654 और PERSON_00976 ने સંદેશ મોકલ્યો, Zone_0160, Ujjain के पास। समय 2026-08-16 17:00:00.",P00654,P00976,LOC0160
DIG000037,2026-08-07 23:18:00,en,"PERSON_00329 sent a message to PERSON_00174 near Zone_0084, Gwalior. Record time 2026-08-07 23:18:00.",P00329,P00174,LOC0084
DIG000038,2026-05-11 12:31:00,ml,"PERSON_00441 और PERSON_00920 ने വിളിച്ചു, Zone_0128, Bhopal के पास। समय 2026-05-11 12:31:00.",P00441,P00920,LOC0128
DIG000039,2026-01-14 04:09:00,pa,"PERSON_00562 और PERSON_00046 ने ਮਿਲਿਆ, Zone_0013, Gwalior के पास। समय 2026-01-14 04:09:00.",P00562,P00046,LOC0013
DIG000040,2026-04-08 08:43:00,hi,"PERSON_00353 और PERSON_00754 ने फोन किया, Zone_0037, Indore के पास। समय 2026-04-08 08:43:00.",P00353,P00754,LOC0037
DIG000041,2026-03-31 17:03:00,gu,"PERSON_00350 और PERSON_00187 ने મળ્યા, Zone_0077, Bhopal के पास। समय 2026-03-31 17:03:00.",P00350,P00187,LOC0077
DIG000042,2026-07-23 01:52:00,ur,"PERSON_00928 और PERSON_00893 ने پیغام بھیجا, Zone_0047, Ujjain के पास। समय 2026-07-23 01:52:00.",P00928,P00893,LOC0047
DIG000043,2026-06-05 00:48:00,ml,"PERSON_00215 और PERSON_00878 ने വിളിച്ചു, Zone_0149, Ujjain के पास। समय 2026-06-05 00:48:00.",P00215,P00878,LOC0149
DIG000044,2026-04-23 10:26:00,te,"PERSON_00560 और PERSON_00278 ने ఫోన్ చేశారు, Zone_0133, Indore के पास। समय 2026-04-23 10:26:00.",P00560,P00278,LOC0133
DIG000045,2026-02-03 06:45:00,gu,"PERSON_00150 और PERSON_00410 ने ફોન કર્યો, Zone_0083, Ujjain के पास। समय 2026-02-03 06:45:00.",P00150,P00410,LOC0083
DIG000046,2026-03-04 14:53:00,ta,"PERSON_00788 और PERSON_00510 ने பணம் அனுப்பினார், Zone_0110, Indore के पास। समय 2026-03-04 14:53:00.",P00788,P00510,LOC0110
DIG000047,2026-06-28 03:38:00,ml,"PERSON_00040 और PERSON_00606 ने സന്ദർശിച്ചു, Zone_0046, Bhopal के पास। समय 2026-06-28 03:38:00.",P00040,P00606,LOC0046
DIG000048,2026-02-23 01:37:00,te,"PERSON_00949 और PERSON_00465 ने కలిశారు, Zone_0134, Indore के पास। समय 2026-02-23 01:37:00.",P00949,P00465,LOC0134
DIG000049,2026-02-14 14:36:00,ur,"PERSON_00636 और PERSON_00472 ने پیغام بھیجا, Zone_0044, Bhopal के पास। समय 2026-02-14 14:36:00.",P00636,P00472,LOC0044
DIG000050,2026-06-17 21:37:00,mr,"PERSON_00074 और PERSON_00672 ने संपर्क केला, Zone_0009, Jabalpur के पास। समय 2026-06-17 21:37:00.",P00074,P00672,LOC0009
DIG000051,2026-08-10 21:02:00,te,"PERSON_00503 और PERSON_00585 ने ఫోన్ చేశారు, Zone_0180, Indore के पास। समय 2026-08-10 21:02:00.",P00503,P00585,LOC0180
DIG000052,2026-05-01 06:47:00,ml,"PERSON_00788 और PERSON_00824 ने ബന്ധപ്പെട്ടു, Zone_0046, Bhopal के पास। समय 2026-05-01 06:47:00.",P00788,P00824,LOC0046
DIG000053,2026-04-16 07:35:00,ur,"PERSON_00890 और PERSON_00683 ने ملاقات کی, Zone_0135, Nagpur के पास। समय 2026-04-16 07:35:00.",P00890,P00683,LOC0135
DIG000054,2026-04-24 09:05:00,te,"PERSON_00137 और PERSON_00997 ने డబ్బు పంపారు, Zone_0039, Gwalior के पास। समय 2026-04-24 09:05:00.",P00137,P00997,LOC0039
DIG000055,2026-04-13 18:39:00,hi,"PERSON_00785 और PERSON_00808 ने मिला, Zone_0007, Ujjain के पास। समय 2026-04-13 18:39:00.",P00785,P00808,LOC0007
DIG000056,2026-08-07 16:04:00,mr,"PERSON_00788 और PERSON_00244 ने भेट दिली, Zone_0070, Ujjain के पास। समय 2026-08-07 16:04:00.",P00788,P00244,LOC0070
DIG000057,2026-08-13 08:23:00,gu,"PERSON_00737 और PERSON_00048 ने મળ્યા, Zone_0167, Nagpur के पास। समय 2026-08-13 08:23:00.",P00737,P00048,LOC0167
DIG000058,2026-08-30 15:38:00,en,"PERSON_00073 visited PERSON_00364 near Zone_0011, Gwalior. Record time 2026-08-30 15:38:00.",P00073,P00364,LOC0011
DIG000059,2026-07-29 16:52:00,ta,"PERSON_00104 और PERSON_00171 ने செய்தி அனுப்பினார், Zone_0002, Ujjain के पास। समय 2026-07-29 16:52:00.",P00104,P00171,LOC0002
DIG000060,2026-03-30 12:37:00,ur,"PERSON_00444 और PERSON_00523 ने پیغام بھیجا, Zone_0131, Gwalior के पास। समय 2026-03-30 12:37:00.",P00444,P00523,LOC0131
DIG000061,2026-08-23 15:55:00,mr,"PERSON_00262 और PERSON_00906 ने भेट दिली, Zone_0135, Nagpur के पास। समय 2026-08-23 15:55:00.",P00262,P00906,LOC0135
DIG000062,2026-01-18 00:47:00,kn,"PERSON_00238 और PERSON_00326 ने ಭೇಟಿಯಾದರು, Zone_0032, Jabalpur के पास। समय 2026-01-18 00:47:00.",P00238,P00326,LOC0032
DIG000063,2026-08-19 12:35:00,ta,"PERSON_00849 और PERSON_00567 ने சென்றார், Zone_0045, Gwalior के पास। समय 2026-08-19 12:35:00.",P00849,P00567,LOC0045
DIG000064,2026-08-26 06:50:00,mr,"PERSON_00401 और PERSON_00148 ने संदेश पाठवला, Zone_0014, Bhopal के पास। समय 2026-08-26 06:50:00.",P00401,P00148,LOC0014
DIG000065,2026-07-26 02:08:00,en,"PERSON_00710 used a vehicle PERSON_00825 near Zone_0092, Ujjain. Record time 2026-07-26 02:08:00.",P00710,P00825,LOC0092
DIG000066,2026-03-31 11:08:00,gu,"PERSON_00796 और PERSON_00674 ने મળ્યા, Zone_0120, Ujjain के पास। समय 2026-03-31 11:08:00.",P00796,P00674,LOC0120
DIG000067,2026-07-23 11:30:00,bn,"PERSON_00456 और PERSON_00949 ने পরিদর্শন করেছে, Zone_0097, Ujjain के पास। समय 2026-07-23 11:30:00.",P00456,P00949,LOC0097
DIG000068,2026-03-08 04:46:00,pa,"PERSON_00479 और PERSON_00546 ने ਸਥਾਨ ਸਾਂਝਾ ਕੀਤਾ, Zone_0049, Nagpur के पास। समय 2026-03-08 04:46:00.",P00479,P00546,LOC0049
DIG000069,2026-03-23 09:51:00,pa,"PERSON_00780 और PERSON_00387 ने ਸੁਨੇਹਾ ਭੇਜਿਆ, Zone_0178, Gwalior के पास। समय 2026-03-23 09:51:00.",P00780,P00387,LOC0178
DIG000070,2026-01-12 11:19:00,ur,"PERSON_00725 और PERSON_00299 ने رقم منتقل کی, Zone_0019, Gwalior के पास। समय 2026-01-12 11:19:00.",P00725,P00299,LOC0019
DIG000071,2026-04-30 10:26:00,kn,"PERSON_00428 और PERSON_00413 ने ಭೇಟಿಯಾದರು, Zone_0018, Bhopal के पास। समय 2026-04-30 10:26:00.",P00428,P00413,LOC0018
DIG000072,2026-01-15 04:50:00,te,"PERSON_00706 और PERSON_00460 ने స్థానం పంచుకున్నారు, Zone_0130, Gwalior के पास। समय 2026-01-15 04:50:00.",P00706,P00460,LOC0130
DIG000073,2026-04-13 23:24:00,ta,"PERSON_00143 और PERSON_00723 ने சந்தித்தார், Zone_0095, Indore के पास। समय 2026-04-13 23:24:00.",P00143,P00723,LOC0095
DIG000074,2026-08-03 05:40:00,bn,"PERSON_00650 और PERSON_00488 ने পরিদর্শন করেছে, Zone_0122, Nagpur के पास। समय 2026-08-03 05:40:00.",P00650,P00488,LOC0122
DIG000075,2026-07-30 09:11:00,mr,"PERSON_00933 और PERSON_00801 ने संपर्क केला, Zone_0092, Ujjain के पास। समय 2026-07-30 09:11:00.",P00933,P00801,LOC0092
DIG000076,2026-01-08 10:53:00,bn,"PERSON_00178 और PERSON_00055 ने বার্তা পাঠিয়েছে, Zone_0011, Gwalior के पास। समय 2026-01-08 10:53:00.",P00178,P00055,LOC0011
DIG000077,2026-01-09 00:20:00,pa,"PERSON_00875 और PERSON_00852 ने ਸਥਾਨ ਸਾਂਝਾ ਕੀਤਾ, Zone_0072, Indore के पास। समय 2026-01-09 00:20:00.",P00875,P00852,LOC0072
DIG000078,2026-05-14 23:13:00,hi,"PERSON_00625 और PERSON_00225 ने संदेश भेजा, Zone_0060, Ujjain के पास। समय 2026-05-14 23:13:00.",P00625,P00225,LOC0060
DIG000079,2026-05-20 10:34:00,mr,"PERSON_00541 और PERSON_00559 ने ठिकाण शेअर केले, Zone_0162, Nagpur के पास। समय 2026-05-20 10:34:00.",P00541,P00559,LOC0162
DIG000080,2026-06-13 22:45:00,ta,"PERSON_00984 और PERSON_00986 ने தொடர்பு கொண்டார், Zone_0016, Ujjain के पास। समय 2026-06-13 22:45:00.",P00984,P00986,LOC0016
DIG000081,2026-03-16 06:13:00,hi,"PERSON_00802 और PERSON_00062 ने मिला, Zone_0170, Ujjain के पास। समय 2026-03-16 06:13:00.",P00802,P00062,LOC0170
DIG000082,2026-07-03 09:35:00,en,"PERSON_00759 met PERSON_00461 near Zone_0089, Jabalpur. Record time 2026-07-03 09:35:00.",P00759,P00461,LOC0089
DIG000083,2026-07-13 22:11:00,en,"PERSON_00909 contacted PERSON_00813 near Zone_0142, Jabalpur. Record time 2026-07-13 22:11:00.",P00909,P00813,LOC0142
DIG000084,2026-06-10 23:59:00,bn,"PERSON_00218 और PERSON_00192 ने বার্তা পাঠিয়েছে, Zone_0121, Nagpur के पास। समय 2026-06-10 23:59:00.",P00218,P00192,LOC0121
DIG000085,2026-07-14 00:33:00,ta,"PERSON_00653 और PERSON_00547 ने பணம் அனுப்பினார், Zone_0113, Indore के पास। समय 2026-07-14 00:33:00.",P00653,P00547,LOC0113
DIG000086,2026-01-03 05:58:00,en,"PERSON_00645 called PERSON_00119 near Zone_0107, Indore. Record time 2026-01-03 05:58:00.",P00645,P00119,LOC0107
DIG000087,2026-05-24 00:57:00,ta,"PERSON_00086 और PERSON_00223 ने பணம் அனுப்பினார், Zone_0097, Ujjain के पास। समय 2026-05-24 00:57:00.",P00086,P00223,LOC0097
DIG000088,2026-04-05 12:16:00,te,"PERSON_00757 और PERSON_00875 ने సందేశం పంపారు, Zone_0154, Ujjain के पास। समय 2026-04-05 12:16:00.",P00757,P00875,LOC0154
DIG000089,2026-03-29 03:40:00,ur,"PERSON_00715 और PERSON_00358 ने دورہ کیا, Zone_0056, Jabalpur के पास। समय 2026-03-29 03:40:00.",P00715,P00358,LOC0056
DIG000090,2026-05-10 15:33:00,pa,"PERSON_00614 और PERSON_00826 ने ਸਥਾਨ ਸਾਂਝਾ ਕੀਤਾ, Zone_0001, Gwalior के पास। समय 2026-05-10 15:33:00.",P00614,P00826,LOC0001
DIG000091,2026-05-29 18:10:00,en,"PERSON_00886 met PERSON_00558 near Zone_0120, Ujjain. Record time 2026-05-29 18:10:00.",P00886,P00558,LOC0120
DIG000092,2026-08-19 16:30:00,ta,"PERSON_00746 और PERSON_00247 ने பணம் அனுப்பினார், Zone_0116, Bhopal के पास। समय 2026-08-19 16:30:00.",P00746,P00247,LOC0116
DIG000093,2026-07-26 10:31:00,te,"PERSON_00321 और PERSON_00668 ने స్థానం పంచుకున్నారు, Zone_0143, Nagpur के पास। समय 2026-07-26 10:31:00.",P00321,P00668,LOC0143
DIG000094,2026-03-31 02:00:00,ml,"PERSON_00231 और PERSON_00436 ने സന്ദർശിച്ചു, Zone_0083, Ujjain के पास। समय 2026-03-31 02:00:00.",P00231,P00436,LOC0083
DIG000095,2026-01-30 02:19:00,en,"PERSON_00480 visited PERSON_00170 near Zone_0100, Jabalpur. Record time 2026-01-30 02:19:00.",P00480,P00170,LOC0100
DIG000096,2026-01-31 04:16:00,ta,"PERSON_00122 और PERSON_00465 ने சந்தித்தார், Zone_0029, Nagpur के पास। समय 2026-01-31 04:16:00.",P00122,P00465,LOC0029
DIG000097,2026-02-11 23:48:00,ur,"PERSON_00266 और PERSON_00205 ने فون کیا, Zone_0028, Bhopal के पास। समय 2026-02-11 23:48:00.",P00266,P00205,LOC0028
DIG000098,2026-08-02 09:09:00,ta,"PERSON_00070 और PERSON_00606 ने பணம் அனுப்பினார், Zone_0031, Bhopal के पास। समय 2026-08-02 09:09:00.",P00070,P00606,LOC0031
DIG000099,2026-06-09 20:23:00,ta,"PERSON_00101 और PERSON_00376 ने இடத்தை பகிர்ந்தார், Zone_0152, Nagpur के पास। समय 2026-06-09 20:23:00.",P00101,P00376,LOC0152
DIG000100,2026-06-27 11:16:00,en,"PERSON_00434 transferred funds to PERSON_00791 near Zone_0087, Ujjain. Record time 2026-06-27 11:16:00.",P00434,P00791,LOC0087
DIG000101,2026-03-27 08:41:00,hi,"PERSON_00650 और PERSON_00762 ने संदेश भेजा, Zone_0118, Ujjain के पास। समय 2026-03-27 08:41:00.",P00650,P00762,LOC0118
DIG000102,2026-03-20 12:39:00,te,"PERSON_00616 और PERSON_00195 ने డబ్బు పంపారు, Zone_0033, Jabalpur के पास। समय 2026-03-20 12:39:00.",P00616,P00195,LOC0033
DIG000103,2026-05-24 15:52:00,ur,"PERSON_00987 और PERSON_00271 ने پیغام بھیجا, Zone_0109, Bhopal के पास। समय 2026-05-24 15:52:00.",P00987,P00271,LOC0109
DIG000104,2026-07-29 11:06:00,gu,"PERSON_00439 और PERSON_00216 ने મુલાકાત લીધી, Zone_0118, Ujjain के पास। समय 2026-07-29 11:06:00.",P00439,P00216,LOC0118
DIG000105,2026-05-09 03:25:00,bn,"PERSON_00686 और PERSON_00544 ने পরিদর্শন করেছে, Zone_0116, Bhopal के पास। समय 2026-05-09 03:25:00.",P00686,P00544,LOC0116
DIG000106,2026-01-04 11:30:00,pa,"PERSON_00469 और PERSON_00198 ने ਸੰਪਰਕ ਕੀਤਾ, Zone_0068, Bhopal के पास। समय 2026-01-04 11:30:00.",P00469,P00198,LOC0068
DIG000107,2026-03-13 03:19:00,bn,"PERSON_00032 और PERSON_00824 ने বার্তা পাঠিয়েছে, Zone_0141, Jabalpur के पास। समय 2026-03-13 03:19:00.",P00032,P00824,LOC0141
DIG000108,2026-05-10 19:47:00,ta,"PERSON_00622 और PERSON_00996 ने சென்றார், Zone_0063, Gwalior के पास। समय 2026-05-10 19:47:00.",P00622,P00996,LOC0063
DIG000109,2026-04-23 10:26:00,en,"PERSON_00053 used a vehicle PERSON_00767 near Zone_0026, Nagpur. Record time 2026-04-23 10:26:00.",P00053,P00767,LOC0026
DIG000110,2026-07-10 13:52:00,mr,"PERSON_00291 और PERSON_00239 ने पैसे पाठवले, Zone_0002, Ujjain के पास। समय 2026-07-10 13:52:00.",P00291,P00239,LOC0002
DIG000111,2026-01-10 08:59:00,bn,"PERSON_00331 और PERSON_00789 ने পরিদর্শন করেছে, Zone_0167, Nagpur के पास। समय 2026-01-10 08:59:00.",P00331,P00789,LOC0167
DIG000112,2026-07-27 01:47:00,gu,"PERSON_00009 और PERSON_00903 ने સંદેશ મોકલ્યો, Zone_0127, Bhopal के पास। समय 2026-07-27 01:47:00.",P00009,P00903,LOC0127
DIG000113,2026-07-07 09:16:00,gu,"PERSON_00063 और PERSON_00954 ने ફોન કર્યો, Zone_0151, Indore के पास। समय 2026-07-07 09:16:00.",P00063,P00954,LOC0151
DIG000114,2026-03-15 21:32:00,mr,"PERSON_00544 और PERSON_00269 ने संदेश पाठवला, Zone_0058, Bhopal के पास। समय 2026-03-15 21:32:00.",P00544,P00269,LOC0058
DIG000115,2026-04-17 16:15:00,hi,"PERSON_00476 और PERSON_00651 ने संदेश भेजा, Zone_0033, Jabalpur के पास। समय 2026-04-17 16:15:00.",P00476,P00651,LOC0033
DIG000116,2026-03-24 22:31:00,gu,"PERSON_00913 और PERSON_00883 ने મુલાકાત લીધી, Zone_0130, Gwalior के पास। समय 2026-03-24 22:31:00.",P00913,P00883,LOC0130
DIG000117,2026-01-05 19:30:00,mr,"PERSON_00388 और PERSON_00250 ने फोन केला, Zone_0146, Bhopal के पास। समय 2026-01-05 19:30:00.",P00388,P00250,LOC0146
DIG000118,2026-05-19 00:20:00,en,"PERSON_00424 met PERSON_00290 near Zone_0076, Indore. Record time 2026-05-19 00:20:00.",P00424,P00290,LOC0076
DIG000119,2026-03-08 04:49:00,bn,"PERSON_00045 और PERSON_00048 ने পরিদর্শন করেছে, Zone_0134, Indore के पास। समय 2026-03-08 04:49:00.",P00045,P00048,LOC0134
DIG000120,2026-01-20 12:23:00,ml,"PERSON_00430 और PERSON_00890 ने സന്ദർശിച്ചു, Zone_0083, Ujjain के पास। समय 2026-01-20 12:23:00.",P00430,P00890,LOC0083
DIG000121,2026-05-27 23:00:00,hi,"PERSON_00508 और PERSON_00170 ने फोन किया, Zone_0044, Bhopal के पास। समय 2026-05-27 23:00:00.",P00508,P00170,LOC0044
DIG000122,2026-03-20 02:54:00,gu,"PERSON_00038 और PERSON_00853 ने સંદેશ મોકલ્યો, Zone_0094, Gwalior के पास। समय 2026-03-20 02:54:00.",P00038,P00853,LOC0094
DIG000123,2026-03-28 01:12:00,ml,"PERSON_00110 और PERSON_00826 ने പണം അയച്ചു, Zone_0066, Jabalpur के पास। समय 2026-03-28 01:12:00.",P00110,P00826,LOC0066
DIG000124,2026-07-10 17:19:00,ur,"PERSON_00277 और PERSON_00248 ने رابطہ کیا, Zone_0125, Indore के पास। समय 2026-07-10 17:19:00.",P00277,P00248,LOC0125
DIG000125,2026-05-25 13:29:00,bn,"PERSON_00655 और PERSON_00324 ने টাকা পাঠিয়েছে, Zone_0081, Gwalior के पास। समय 2026-05-25 13:29:00.",P00655,P00324,LOC0081
DIG000126,2026-01-08 18:17:00,ta,"PERSON_00371 और PERSON_00921 ने சென்றார், Zone_0060, Ujjain के पास। समय 2026-01-08 18:17:00.",P00371,P00921,LOC0060
DIG000127,2026-05-28 12:33:00,ml,"PERSON_00816 और PERSON_00206 ने കണ്ടുമുട്ടി, Zone_0060, Ujjain के पास। समय 2026-05-28 12:33:00.",P00816,P00206,LOC0060
DIG000128,2026-07-25 06:53:00,te,"PERSON_00189 और PERSON_00374 ने వెళ్లారు, Zone_0167, Nagpur के पास। समय 2026-07-25 06:53:00.",P00189,P00374,LOC0167
DIG000129,2026-06-21 01:56:00,hi,"PERSON_00894 और PERSON_00305 ने फोन किया, Zone_0002, Ujjain के पास। समय 2026-06-21 01:56:00.",P00894,P00305,LOC0002
DIG000130,2026-05-25 04:34:00,mr,"PERSON_00358 और PERSON_00120 ने पैसे पाठवले, Zone_0064, Ujjain के पास। समय 2026-05-25 04:34:00.",P00358,P00120,LOC0064
DIG000131,2026-06-07 12:21:00,pa,"PERSON_00064 और PERSON_00750 ने ਸੁਨੇਹਾ ਭੇਜਿਆ, Zone_0062, Ujjain के पास। समय 2026-06-07 12:21:00.",P00064,P00750,LOC0062
DIG000132,2026-02-23 13:08:00,pa,"PERSON_00662 और PERSON_00219 ने ਪੈਸੇ ਭੇਜੇ, Zone_0011, Gwalior के पास। समय 2026-02-23 13:08:00.",P00662,P00219,LOC0011
DIG000133,2026-08-29 18:28:00,mr,"PERSON_00116 और PERSON_00346 ने फोन केला, Zone_0159, Nagpur के पास। समय 2026-08-29 18:28:00.",P00116,P00346,LOC0159
DIG000134,2026-04-21 12:20:00,mr,"PERSON_00174 और PERSON_00152 ने संपर्क केला, Zone_0088, Indore के पास। समय 2026-04-21 12:20:00.",P00174,P00152,LOC0088
DIG000135,2026-08-22 16:31:00,bn,"PERSON_00028 और PERSON_00326 ने ফোন করেছে, Zone_0011, Gwalior के पास। समय 2026-08-22 16:31:00.",P00028,P00326,LOC0011
DIG000136,2026-06-05 00:28:00,mr,"PERSON_00356 और PERSON_00679 ने भेटला, Zone_0166, Bhopal के पास। समय 2026-06-05 00:28:00.",P00356,P00679,LOC0166
DIG000137,2026-01-06 04:12:00,te,"PERSON_00779 और PERSON_00071 ने సందేశం పంపారు, Zone_0115, Jabalpur के पास। समय 2026-01-06 04:12:00.",P00779,P00071,LOC0115
DIG000138,2026-03-27 05:34:00,te,"PERSON_00062 और PERSON_00738 ने కలిశారు, Zone_0103, Indore के पास। समय 2026-03-27 05:34:00.",P00062,P00738,LOC0103
DIG000139,2026-04-09 15:54:00,te,"PERSON_00336 और PERSON_00896 ने కలిశారు, Zone_0047, Ujjain के पास। समय 2026-04-09 15:54:00.",P00336,P00896,LOC0047
DIG000140,2026-07-15 13:25:00,pa,"PERSON_00875 और PERSON_00524 ने ਫੋਨ ਕੀਤਾ, Zone_0021, Ujjain के पास। समय 2026-07-15 13:25:00.",P00875,P00524,LOC0021
DIG000141,2026-07-11 19:41:00,te,"PERSON_00083 और PERSON_00758 ने డబ్బు పంపారు, Zone_0106, Ujjain के पास। समय 2026-07-11 19:41:00.",P00083,P00758,LOC0106
DIG000142,2026-01-04 14:52:00,pa,"PERSON_00960 और PERSON_00395 ने ਸੰਪਰਕ ਕੀਤਾ, Zone_0079, Nagpur के पास। समय 2026-01-04 14:52:00.",P00960,P00395,LOC0079
DIG000143,2026-08-19 12:40:00,kn,"PERSON_00850 और PERSON_00322 ने ಕರೆ ಮಾಡಿದರು, Zone_0011, Gwalior के पास। समय 2026-08-19 12:40:00.",P00850,P00322,LOC0011
DIG000144,2026-08-18 13:44:00,pa,"PERSON_00104 और PERSON_00494 ने ਫੋਨ ਕੀਤਾ, Zone_0087, Ujjain के पास। समय 2026-08-18 13:44:00.",P00104,P00494,LOC0087
DIG000145,2026-08-27 02:37:00,ml,"PERSON_00348 और PERSON_00555 ने ബന്ധപ്പെട്ടു, Zone_0122, Nagpur के पास। समय 2026-08-27 02:37:00.",P00348,P00555,LOC0122
DIG000146,2026-03-09 22:05:00,ta,"PERSON_00758 और PERSON_00960 ने தொடர்பு கொண்டார், Zone_0100, Jabalpur के पास। समय 2026-03-09 22:05:00.",P00758,P00960,LOC0100
DIG000147,2026-03-22 18:47:00,kn,"PERSON_00026 और PERSON_00626 ने ಹಣ ಕಳುಹಿಸಿದರು, Zone_0023, Jabalpur के पास। समय 2026-03-22 18:47:00.",P00026,P00626,LOC0023
DIG000148,2026-08-12 05:37:00,pa,"PERSON_00650 और PERSON_00883 ने ਸਥਾਨ ਸਾਂਝਾ ਕੀਤਾ, Zone_0014, Bhopal के पास। समय 2026-08-12 05:37:00.",P00650,P00883,LOC0014
DIG000149,2026-01-22 05:21:00,ur,"PERSON_00254 और PERSON_00052 ने دورہ کیا, Zone_0023, Jabalpur के पास। समय 2026-01-22 05:21:00.",P00254,P00052,LOC0023
DIG000150,2026-05-09 08:44:00,ur,"PERSON_00240 और PERSON_00849 ने مقام شیئر کیا, Zone_0053, Nagpur के पास। समय 2026-05-09 08:44:00.",P00240,P00849,LOC0053
DIG000151,2026-06-25 08:12:00,ta,"PERSON_00436 और PERSON_00276 ने சந்தித்தார், Zone_0040, Bhopal के पास। समय 2026-06-25 08:12:00.",P00436,P00276,LOC0040
DIG000152,2026-05-08 03:49:00,bn,"PERSON_00494 और PERSON_00428 ने পরিদর্শন করেছে, Zone_0038, Ujjain के पास। समय 2026-05-08 03:49:00.",P00494,P00428,LOC0038
DIG000153,2026-02-21 16:08:00,hi,"PERSON_00794 और PERSON_00795 ने धन भेजा, Zone_0120, Ujjain के पास। समय 2026-02-21 16:08:00.",P00794,P00795,LOC0120
DIG000154,2026-04-27 06:43:00,mr,"PERSON_00470 और PERSON_00642 ने फोन केला, Zone_0088, Indore के पास। समय 2026-04-27 06:43:00.",P00470,P00642,LOC0088
DIG000155,2026-07-03 08:46:00,pa,"PERSON_00454 और PERSON_00642 ने ਮੁਲਾਕਾਤ ਕੀਤੀ, Zone_0096, Indore के पास। समय 2026-07-03 08:46:00.",P00454,P00642,LOC0096
DIG000156,2026-07-03 07:15:00,en,"PERSON_00413 called PERSON_00686 near Zone_0180, Indore. Record time 2026-07-03 07:15:00.",P00413,P00686,LOC0180
DIG000157,2026-07-07 12:19:00,gu,"PERSON_00020 और PERSON_00571 ने નાણાં મોકલ્યાં, Zone_0065, Jabalpur के पास। समय 2026-07-07 12:19:00.",P00020,P00571,LOC0065
DIG000158,2026-02-06 14:41:00,gu,"PERSON_00014 और PERSON_00245 ने સંપર્ક કર્યો, Zone_0023, Jabalpur के पास। समय 2026-02-06 14:41:00.",P00014,P00245,LOC0023
DIG000159,2026-03-14 08:28:00,mr,"PERSON_00985 और PERSON_00928 ने संदेश पाठवला, Zone_0078, Ujjain के पास। समय 2026-03-14 08:28:00.",P00985,P00928,LOC0078
DIG000160,2026-08-08 23:27:00,pa,"PERSON_00834 और PERSON_00229 ने ਮਿਲਿਆ, Zone_0116, Bhopal के पास। समय 2026-08-08 23:27:00.",P00834,P00229,LOC0116
DIG000161,2026-07-18 19:52:00,ur,"PERSON_00598 और PERSON_00687 ने مقام شیئر کیا, Zone_0138, Bhopal के पास। समय 2026-07-18 19:52:00.",P00598,P00687,LOC0138
DIG000162,2026-07-06 06:36:00,hi,"PERSON_00115 और PERSON_00190 ने मिला, Zone_0079, Nagpur के पास। समय 2026-07-06 06:36:00.",P00115,P00190,LOC0079
DIG000163,2026-02-27 15:53:00,ur,"PERSON_00730 और PERSON_00714 ने رابطہ کیا, Zone_0100, Jabalpur के पास। समय 2026-02-27 15:53:00.",P00730,P00714,LOC0100
DIG000164,2026-06-05 00:50:00,ml,"PERSON_00636 और PERSON_00974 ने സ്ഥലം പങ്കിട്ടു, Zone_0069, Jabalpur के पास। समय 2026-06-05 00:50:00.",P00636,P00974,LOC0069
DIG000165,2026-01-10 17:57:00,ur,"PERSON_00378 और PERSON_00299 ने پیغام بھیجا, Zone_0063, Gwalior के पास। समय 2026-01-10 17:57:00.",P00378,P00299,LOC0063
DIG000166,2026-02-15 01:30:00,ml,"PERSON_00931 और PERSON_00117 ने സന്ദർശിച്ചു, Zone_0064, Ujjain के पास। समय 2026-02-15 01:30:00.",P00931,P00117,LOC0064
DIG000167,2026-06-20 00:24:00,pa,"PERSON_00037 और PERSON_00333 ने ਸੁਨੇਹਾ ਭੇਜਿਆ, Zone_0052, Nagpur के पास। समय 2026-06-20 00:24:00.",P00037,P00333,LOC0052
DIG000168,2026-04-10 21:53:00,en,"PERSON_00109 contacted PERSON_00228 near Zone_0177, Gwalior. Record time 2026-04-10 21:53:00.",P00109,P00228,LOC0177
DIG000169,2026-01-07 00:27:00,kn,"PERSON_00935 और PERSON_00298 ने ಭೇಟಿಯಾದರು, Zone_0036, Ujjain के पास। समय 2026-01-07 00:27:00.",P00935,P00298,LOC0036
DIG000170,2026-05-05 06:59:00,ur,"PERSON_00821 और PERSON_00717 ने پیغام بھیجا, Zone_0004, Indore के पास। समय 2026-05-05 06:59:00.",P00821,P00717,LOC0004
DIG000171,2026-05-14 16:02:00,en,"PERSON_00388 met PERSON_00492 near Zone_0064, Ujjain. Record time 2026-05-14 16:02:00.",P00388,P00492,LOC0064
DIG000172,2026-06-15 06:57:00,ml,"PERSON_00615 और PERSON_00688 ने പണം അയച്ചു, Zone_0002, Ujjain के पास। समय 2026-06-15 06:57:00.",P00615,P00688,LOC0002
DIG000173,2026-04-22 22:39:00,en,"PERSON_00986 met PERSON_00323 near Zone_0058, Bhopal. Record time 2026-04-22 22:39:00.",P00986,P00323,LOC0058
DIG000174,2026-02-15 19:04:00,te,"PERSON_00528 और PERSON_00386 ने వెళ్లారు, Zone_0101, Jabalpur के पास। समय 2026-02-15 19:04:00.",P00528,P00386,LOC0101
DIG000175,2026-05-26 20:00:00,ml,"PERSON_00931 और PERSON_00233 ने സ്ഥലം പങ്കിട്ടു, Zone_0114, Bhopal के पास। समय 2026-05-26 20:00:00.",P00931,P00233,LOC0114
DIG000176,2026-07-29 07:27:00,gu,"PERSON_00205 और PERSON_00843 ने સ્થાન શેર કર્યું, Zone_0155, Nagpur के पास। समय 2026-07-29 07:27:00.",P00205,P00843,LOC0155
DIG000177,2026-06-11 03:56:00,pa,"PERSON_00507 और PERSON_00161 ने ਸੰਪਰਕ ਕੀਤਾ, Zone_0124, Bhopal के पास। समय 2026-06-11 03:56:00.",P00507,P00161,LOC0124
DIG000178,2026-06-18 12:47:00,mr,"PERSON_00609 और PERSON_00533 ने संपर्क केला, Zone_0164, Bhopal के पास। समय 2026-06-18 12:47:00.",P00609,P00533,LOC0164
DIG000179,2026-08-04 20:45:00,ur,"PERSON_00241 और PERSON_00615 ने پیغام بھیجا, Zone_0070, Ujjain के पास। समय 2026-08-04 20:45:00.",P00241,P00615,LOC0070
DIG000180,2026-04-15 07:35:00,ur,"PERSON_00379 और PERSON_00202 ने رابطہ کیا, Zone_0121, Nagpur के पास। समय 2026-04-15 07:35:00.",P00379,P00202,LOC0121
DIG000181,2026-04-23 21:59:00,en,"PERSON_00708 met PERSON_00041 near Zone_0096, Indore. Record time 2026-04-23 21:59:00.",P00708,P00041,LOC0096
DIG000182,2026-01-26 21:13:00,hi,"PERSON_00363 और PERSON_00201 ने स्थान साझा किया, Zone_0109, Bhopal के पास। समय 2026-01-26 21:13:00.",P00363,P00201,LOC0109
DIG000183,2026-04-20 20:21:00,te,"PERSON_00276 और PERSON_00165 ने కలిశారు, Zone_0061, Gwalior के पास। समय 2026-04-20 20:21:00.",P00276,P00165,LOC0061
DIG000184,2026-02-16 21:40:00,en,"PERSON_00136 called PERSON_00448 near Zone_0066, Jabalpur. Record time 2026-02-16 21:40:00.",P00136,P00448,LOC0066
DIG000185,2026-03-27 03:49:00,te,"PERSON_00098 और PERSON_00552 ने వెళ్లారు, Zone_0140, Jabalpur के पास। समय 2026-03-27 03:49:00.",P00098,P00552,LOC0140
DIG000186,2026-08-18 04:56:00,bn,"PERSON_00560 और PERSON_00610 ने পরিদর্শন করেছে, Zone_0041, Ujjain के पास। समय 2026-08-18 04:56:00.",P00560,P00610,LOC0041
DIG000187,2026-04-07 09:09:00,hi,"PERSON_00375 और PERSON_00546 ने स्थान साझा किया, Zone_0154, Ujjain के पास। समय 2026-04-07 09:09:00.",P00375,P00546,LOC0154
DIG000188,2026-04-05 15:28:00,te,"PERSON_00921 और PERSON_00197 ने సందేశం పంపారు, Zone_0179, Gwalior के पास। समय 2026-04-05 15:28:00.",P00921,P00197,LOC0179
DIG000189,2026-06-12 17:23:00,bn,"PERSON_00163 और PERSON_00104 ने দেখা করেছে, Zone_0044, Bhopal के पास। समय 2026-06-12 17:23:00.",P00163,P00104,LOC0044
DIG000190,2026-01-18 14:42:00,hi,"PERSON_00777 और PERSON_00101 ने फोन किया, Zone_0147, Ujjain के पास। समय 2026-01-18 14:42:00.",P00777,P00101,LOC0147
DIG000191,2026-03-04 15:51:00,en,"PERSON_00706 met PERSON_00386 near Zone_0175, Jabalpur. Record time 2026-03-04 15:51:00.",P00706,P00386,LOC0175
DIG000192,2026-02-04 11:07:00,bn,"PERSON_00927 और PERSON_00776 ने বার্তা পাঠিয়েছে, Zone_0027, Gwalior के पास। समय 2026-02-04 11:07:00.",P00927,P00776,LOC0027
DIG000193,2026-07-19 01:31:00,gu,"PERSON_00249 और PERSON_00958 ने મળ્યા, Zone_0007, Ujjain के पास। समय 2026-07-19 01:31:00.",P00249,P00958,LOC0007
DIG000194,2026-01-09 20:08:00,bn,"PERSON_00188 और PERSON_00172 ने বার্তা পাঠিয়েছে, Zone_0145, Jabalpur के पास। समय 2026-01-09 20:08:00.",P00188,P00172,LOC0145
DIG000195,2026-02-24 11:16:00,hi,"PERSON_00484 और PERSON_00306 ने संपर्क किया, Zone_0164, Bhopal के पास। समय 2026-02-24 11:16:00.",P00484,P00306,LOC0164
DIG000196,2026-03-13 10:09:00,bn,"PERSON_00252 और PERSON_00259 ने যোগাযোগ করেছে, Zone_0094, Gwalior के पास। समय 2026-03-13 10:09:00.",P00252,P00259,LOC0094
DIG000197,2026-01-30 22:44:00,hi,"PERSON_00173 और PERSON_00729 ने संदेश भेजा, Zone_0092, Ujjain के पास। समय 2026-01-30 22:44:00.",P00173,P00729,LOC0092
DIG000198,2026-02-05 04:14:00,te,"PERSON_00066 और PERSON_00694 ने సందేశం పంపారు, Zone_0065, Jabalpur के पास। समय 2026-02-05 04:14:00.",P00066,P00694,LOC0065
DIG000199,2026-04-07 20:39:00,en,"PERSON_00751 transferred funds to PERSON_00607 near Zone_0096, Indore. Record time 2026-04-07 20:39:00.",P00751,P00607,LOC0096
DIG000200,2026-06-20 02:23:00,gu,"PERSON_00893 और PERSON_00921 ने ફોન કર્યો, Zone_0122, Nagpur के पास। समय 2026-06-20 02:23:00.",P00893,P00921,LOC0122
DIG000201,2026-08-20 23:19:00,te,"PERSON_00761 और PERSON_00884 ने వెళ్లారు, Zone_0020, Bhopal के पास। समय 2026-08-20 23:19:00.",P00761,P00884,LOC0020
DIG000202,2026-08-28 08:29:00,gu,"PERSON_00962 और PERSON_00032 ने સંદેશ મોકલ્યો, Zone_0071, Indore के पास। समय 2026-08-28 08:29:00.",P00962,P00032,LOC0071
DIG000203,2026-01-09 15:36:00,mr,"PERSON_00698 और PERSON_00074 ने भेटला, Zone_0171, Bhopal के पास। समय 2026-01-09 15:36:00.",P00698,P00074,LOC0171
DIG000204,2026-05-17 13:25:00,ta,"PERSON_00640 और PERSON_00671 ने பணம் அனுப்பினார், Zone_0008, Nagpur के पास। समय 2026-05-17 13:25:00.",P00640,P00671,LOC0008
DIG000205,2026-04-22 23:08:00,hi,"PERSON_00382 और PERSON_00323 ने संदेश भेजा, Zone_0081, Gwalior के पास। समय 2026-04-22 23:08:00.",P00382,P00323,LOC0081
DIG000206,2026-03-24 03:25:00,pa,"PERSON_00347 और PERSON_00892 ने ਮੁਲਾਕਾਤ ਕੀਤੀ, Zone_0123, Ujjain के पास। समय 2026-03-24 03:25:00.",P00347,P00892,LOC0123
DIG000207,2026-02-09 16:28:00,gu,"PERSON_00822 और PERSON_00647 ने સંપર્ક કર્યો, Zone_0179, Gwalior के पास। समय 2026-02-09 16:28:00.",P00822,P00647,LOC0179
DIG000208,2026-05-21 22:45:00,kn,"PERSON_00698 और PERSON_00487 ने ಸಂದೇಶ ಕಳುಹಿಸಿದರು, Zone_0115, Jabalpur के पास। समय 2026-05-21 22:45:00.",P00698,P00487,LOC0115
DIG000209,2026-02-08 02:14:00,ml,"PERSON_00558 और PERSON_00025 ने സന്ദർശിച്ചു, Zone_0033, Jabalpur के पास। समय 2026-02-08 02:14:00.",P00558,P00025,LOC0033
DIG000210,2026-06-23 17:44:00,mr,"PERSON_00706 और PERSON_00364 ने पैसे पाठवले, Zone_0080, Indore के पास। समय 2026-06-23 17:44:00.",P00706,P00364,LOC0080
DIG000211,2026-02-09 07:30:00,kn,"PERSON_00051 और PERSON_00889 ने ಸಂದೇಶ ಕಳುಹಿಸಿದರು, Zone_0059, Indore के पास। समय 2026-02-09 07:30:00.",P00051,P00889,LOC0059
DIG000212,2026-08-14 18:38:00,ur,"PERSON_00517 और PERSON_00613 ने فون کیا, Zone_0141, Jabalpur के पास। समय 2026-08-14 18:38:00.",P00517,P00613,LOC0141
DIG000213,2026-01-27 17:28:00,mr,"PERSON_00039 और PERSON_00898 ने संदेश पाठवला, Zone_0107, Indore के पास। समय 2026-01-27 17:28:00.",P00039,P00898,LOC0107
DIG000214,2026-01-03 10:27:00,ml,"PERSON_00668 और PERSON_00115 ने സന്ദർശിച്ചു, Zone_0073, Jabalpur के पास। समय 2026-01-03 10:27:00.",P00668,P00115,LOC0073
DIG000215,2026-08-29 04:46:00,kn,"PERSON_00511 और PERSON_00637 ने ಸಂದೇಶ ಕಳುಹಿಸಿದರು, Zone_0132, Indore के पास। समय 2026-08-29 04:46:00.",P00511,P00637,LOC0132
DIG000216,2026-01-19 17:24:00,hi,"PERSON_00729 और PERSON_00801 ने संदेश भेजा, Zone_0074, Ujjain के पास। समय 2026-01-19 17:24:00.",P00729,P00801,LOC0074
DIG000217,2026-01-28 21:58:00,kn,"PERSON_00034 और PERSON_00577 ने ಸಂದೇಶ ಕಳುಹಿಸಿದರು, Zone_0131, Gwalior के पास। समय 2026-01-28 21:58:00.",P00034,P00577,LOC0131
DIG000218,2026-03-26 19:55:00,mr,"PERSON_00288 और PERSON_00004 ने संदेश पाठवला, Zone_0010, Indore के पास। समय 2026-03-26 19:55:00.",P00288,P00004,LOC0010
DIG000219,2026-03-07 21:08:00,ta,"PERSON_00427 और PERSON_00798 ने சந்தித்தார், Zone_0177, Gwalior के पास। समय 2026-03-07 21:08:00.",P00427,P00798,LOC0177
DIG000220,2026-08-01 14:31:00,ur,"PERSON_00690 और PERSON_00876 ने پیغام بھیجا, Zone_0118, Ujjain के पास। समय 2026-08-01 14:31:00.",P00690,P00876,LOC0118
DIG000221,2026-01-07 13:35:00,mr,"PERSON_00385 और PERSON_00133 ने पैसे पाठवले, Zone_0102, Ujjain के पास। समय 2026-01-07 13:35:00.",P00385,P00133,LOC0102
DIG000222,2026-07-20 07:13:00,ur,"PERSON_00390 और PERSON_00023 ने مقام شیئر کیا, Zone_0031, Bhopal के पास। समय 2026-07-20 07:13:00.",P00390,P00023,LOC0031
DIG000223,2026-08-22 11:00:00,ta,"PERSON_00155 और PERSON_00283 ने இடத்தை பகிர்ந்தார், Zone_0043, Gwalior के पास। समय 2026-08-22 11:00:00.",P00155,P00283,LOC0043
DIG000224,2026-05-16 21:41:00,ta,"PERSON_00434 और PERSON_00815 ने செய்தி அனுப்பினார், Zone_0149, Ujjain के पास। समय 2026-05-16 21:41:00.",P00434,P00815,LOC0149
DIG000225,2026-07-01 22:58:00,ml,"PERSON_00384 और PERSON_00707 ने കണ്ടുമുട്ടി, Zone_0167, Nagpur के पास। समय 2026-07-01 22:58:00.",P00384,P00707,LOC0167
DIG000226,2026-03-10 16:33:00,ur,"PERSON_00420 और PERSON_00149 ने دورہ کیا, Zone_0157, Nagpur के पास। समय 2026-03-10 16:33:00.",P00420,P00149,LOC0157
DIG000227,2026-05-07 00:33:00,pa,"PERSON_00230 और PERSON_00318 ने ਸੁਨੇਹਾ ਭੇਜਿਆ, Zone_0128, Bhopal के पास। समय 2026-05-07 00:33:00.",P00230,P00318,LOC0128
DIG000228,2026-08-24 08:18:00,hi,"PERSON_00167 और PERSON_00845 ने संपर्क किया, Zone_0116, Bhopal के पास। समय 2026-08-24 08:18:00.",P00167,P00845,LOC0116
DIG000229,2026-04-21 07:59:00,ur,"PERSON_00557 और PERSON_00634 ने دورہ کیا, Zone_0179, Gwalior के पास। समय 2026-04-21 07:59:00.",P00557,P00634,LOC0179
DIG000230,2026-01-17 05:16:00,te,"PERSON_00181 और PERSON_00519 ने స్థానం పంచుకున్నారు, Zone_0006, Bhopal के पास। समय 2026-01-17 05:16:00.",P00181,P00519,LOC0006
DIG000231,2026-07-10 02:06:00,pa,"PERSON_00070 और PERSON_00751 ने ਪੈਸੇ ਭੇਜੇ, Zone_0080, Indore के पास। समय 2026-07-10 02:06:00.",P00070,P00751,LOC0080
DIG000232,2026-06-04 22:39:00,mr,"PERSON_00777 और PERSON_00174 ने भेटला, Zone_0010, Indore के पास। समय 2026-06-04 22:39:00.",P00777,P00174,LOC0010
DIG000233,2026-05-05 05:47:00,bn,"PERSON_00414 और PERSON_00953 ने যোগাযোগ করেছে, Zone_0093, Jabalpur के पास। समय 2026-05-05 05:47:00.",P00414,P00953,LOC0093
DIG000234,2026-06-05 02:46:00,bn,"PERSON_00691 और PERSON_00482 ने স্থান ভাগ করেছে, Zone_0067, Indore के पास। समय 2026-06-05 02:46:00.",P00691,P00482,LOC0067
DIG000235,2026-08-28 02:51:00,ur,"PERSON_00790 और PERSON_00543 ने پیغام بھیجا, Zone_0080, Indore के पास। समय 2026-08-28 02:51:00.",P00790,P00543,LOC0080
DIG000236,2026-08-05 21:08:00,en,"PERSON_00712 contacted PERSON_00544 near Zone_0089, Jabalpur. Record time 2026-08-05 21:08:00.",P00712,P00544,LOC0089
DIG000237,2026-08-06 18:46:00,bn,"PERSON_00480 और PERSON_00659 ने স্থান ভাগ করেছে, Zone_0041, Ujjain के पास। समय 2026-08-06 18:46:00.",P00480,P00659,LOC0041
DIG000238,2026-06-20 22:57:00,ta,"PERSON_00746 और PERSON_00731 ने இடத்தை பகிர்ந்தார், Zone_0032, Jabalpur के पास। समय 2026-06-20 22:57:00.",P00746,P00731,LOC0032
DIG000239,2026-01-15 14:27:00,kn,"PERSON_00998 और PERSON_00136 ने ಸ್ಥಳ ಹಂಚಿಕೊಂಡರು, Zone_0167, Nagpur के पास। समय 2026-01-15 14:27:00.",P00998,P00136,LOC0167
DIG000240,2026-02-18 10:34:00,en,"PERSON_00653 shared a location with PERSON_00806 near Zone_0104, Bhopal. Record time 2026-02-18 10:34:00.",P00653,P00806,LOC0104
DIG000241,2026-07-23 23:06:00,gu,"PERSON_00256 और PERSON_00494 ने મુલાકાત લીધી, Zone_0004, Indore के पास। समय 2026-07-23 23:06:00.",P00256,P00494,LOC0004
DIG000242,2026-05-21 08:57:00,en,"PERSON_00575 transferred funds to PERSON_00499 near Zone_0122, Nagpur. Record time 2026-05-21 08:57:00.",P00575,P00499,LOC0122
DIG000243,2026-03-23 04:33:00,te,"PERSON_00927 और PERSON_00536 ने కలిశారు, Zone_0129, Nagpur के पास। समय 2026-03-23 04:33:00.",P00927,P00536,LOC0129
DIG000244,2026-02-10 07:08:00,hi,"PERSON_00112 और PERSON_00461 ने फोन किया, Zone_0134, Indore के पास। समय 2026-02-10 07:08:00.",P00112,P00461,LOC0134
DIG000245,2026-07-02 22:17:00,ur,"PERSON_00523 और PERSON_00261 ने فون کیا, Zone_0173, Jabalpur के पास। समय 2026-07-02 22:17:00.",P00523,P00261,LOC0173
DIG000246,2026-07-02 13:22:00,ta,"PERSON_00459 और PERSON_00048 ने தொடர்பு கொண்டார், Zone_0083, Ujjain के पास। समय 2026-07-02 13:22:00.",P00459,P00048,LOC0083
DIG000247,2026-04-04 03:31:00,ur,"PERSON_00997 और PERSON_00806 ने رقم منتقل کی, Zone_0145, Jabalpur के पास। समय 2026-04-04 03:31:00.",P00997,P00806,LOC0145
DIG000248,2026-03-19 15:04:00,bn,"PERSON_00377 और PERSON_00313 ने যোগাযোগ করেছে, Zone_0080, Indore के पास। समय 2026-03-19 15:04:00.",P00377,P00313,LOC0080
DIG000249,2026-04-17 23:25:00,ta,"PERSON_00375 और PERSON_00539 ने சென்றார், Zone_0090, Gwalior के पास। समय 2026-04-17 23:25:00.",P00375,P00539,LOC0090
DIG000250,2026-05-17 19:27:00,en,"PERSON_00254 used a vehicle PERSON_00685 near Zone_0021, Ujjain. Record time 2026-05-17 19:27:00.",P00254,P00685,LOC0021
DIG000251,2026-04-01 11:53:00,te,"PERSON_00032 और PERSON_00905 ने డబ్బు పంపారు, Zone_0177, Gwalior के पास। समय 2026-04-01 11:53:00.",P00032,P00905,LOC0177
DIG000252,2026-06-29 06:10:00,bn,"PERSON_00919 और PERSON_00746 ने ফোন করেছে, Zone_0106, Ujjain के पास। समय 2026-06-29 06:10:00.",P00919,P00746,LOC0106
DIG000253,2026-07-26 18:36:00,bn,"PERSON_00370 और PERSON_00172 ने ফোন করেছে, Zone_0137, Nagpur के पास। समय 2026-07-26 18:36:00.",P00370,P00172,LOC0137
DIG000254,2026-06-05 03:18:00,kn,"PERSON_00614 और PERSON_00783 ने ಸಂಪರ್ಕಿಸಿದರು, Zone_0031, Bhopal के पास। समय 2026-06-05 03:18:00.",P00614,P00783,LOC0031
DIG000255,2026-08-17 07:57:00,gu,"PERSON_01000 और PERSON_00793 ने નાણાં મોકલ્યાં, Zone_0002, Ujjain के पास। समय 2026-08-17 07:57:00.",P01000,P00793,LOC0002
DIG000256,2026-07-01 12:35:00,bn,"PERSON_00841 और PERSON_00045 ने যোগাযোগ করেছে, Zone_0150, Ujjain के पास। समय 2026-07-01 12:35:00.",P00841,P00045,LOC0150
DIG000257,2026-08-08 06:59:00,mr,"PERSON_00766 और PERSON_00905 ने ठिकाण शेअर केले, Zone_0133, Indore के पास। समय 2026-08-08 06:59:00.",P00766,P00905,LOC0133
DIG000258,2026-03-09 16:11:00,hi,"PERSON_00333 और PERSON_00347 ने धन भेजा, Zone_0054, Jabalpur के पास। समय 2026-03-09 16:11:00.",P00333,P00347,LOC0054
DIG000259,2026-02-08 20:38:00,ta,"PERSON_00333 और PERSON_00995 ने சென்றார், Zone_0111, Jabalpur के पास। समय 2026-02-08 20:38:00.",P00333,P00995,LOC0111
DIG000260,2026-06-11 04:50:00,hi,"PERSON_00354 और PERSON_00478 ने संदेश भेजा, Zone_0051, Bhopal के पास। समय 2026-06-11 04:50:00.",P00354,P00478,LOC0051
DIG000261,2026-01-15 22:54:00,ta,"PERSON_00925 और PERSON_00359 ने இடத்தை பகிர்ந்தார், Zone_0006, Bhopal के पास। समय 2026-01-15 22:54:00.",P00925,P00359,LOC0006
DIG000262,2026-02-06 16:16:00,mr,"PERSON_00302 और PERSON_00534 ने फोन केला, Zone_0069, Jabalpur के पास। समय 2026-02-06 16:16:00.",P00302,P00534,LOC0069
DIG000263,2026-07-17 22:57:00,kn,"PERSON_00591 और PERSON_00513 ने ಸಂಪರ್ಕಿಸಿದರು, Zone_0169, Nagpur के पास। समय 2026-07-17 22:57:00.",P00591,P00513,LOC0169
DIG000264,2026-07-02 21:35:00,bn,"PERSON_00404 और PERSON_00296 ने দেখা করেছে, Zone_0029, Nagpur के पास। समय 2026-07-02 21:35:00.",P00404,P00296,LOC0029
DIG000265,2026-08-28 03:26:00,kn,"PERSON_00069 और PERSON_00863 ने ಕರೆ ಮಾಡಿದರು, Zone_0158, Jabalpur के पास। समय 2026-08-28 03:26:00.",P00069,P00863,LOC0158
DIG000266,2026-02-07 12:31:00,hi,"PERSON_00318 और PERSON_00215 ने फोन किया, Zone_0039, Gwalior के पास। समय 2026-02-07 12:31:00.",P00318,P00215,LOC0039
DIG000267,2026-03-08 16:18:00,te,"PERSON_00981 और PERSON_00828 ने సందేశం పంపారు, Zone_0113, Indore के पास। समय 2026-03-08 16:18:00.",P00981,P00828,LOC0113
DIG000268,2026-07-02 15:12:00,bn,"PERSON_00307 और PERSON_00505 ने ফোন করেছে, Zone_0026, Nagpur के पास। समय 2026-07-02 15:12:00.",P00307,P00505,LOC0026
DIG000269,2026-05-03 02:51:00,pa,"PERSON_00759 और PERSON_00361 ने ਫੋਨ ਕੀਤਾ, Zone_0134, Indore के पास। समय 2026-05-03 02:51:00.",P00759,P00361,LOC0134
DIG000270,2026-02-27 06:05:00,ur,"PERSON_00543 और PERSON_00176 ने رابطہ کیا, Zone_0126, Nagpur के पास। समय 2026-02-27 06:05:00.",P00543,P00176,LOC0126
DIG000271,2026-04-22 14:08:00,hi,"PERSON_00098 और PERSON_00095 ने संदेश भेजा, Zone_0061, Gwalior के पास। समय 2026-04-22 14:08:00.",P00098,P00095,LOC0061
DIG000272,2026-03-31 14:32:00,te,"PERSON_00632 और PERSON_00403 ने కలిశారు, Zone_0087, Ujjain के पास। समय 2026-03-31 14:32:00.",P00632,P00403,LOC0087
DIG000273,2026-08-12 17:21:00,bn,"PERSON_00947 और PERSON_00465 ने যোগাযোগ করেছে, Zone_0148, Indore के पास। समय 2026-08-12 17:21:00.",P00947,P00465,LOC0148
DIG000274,2026-02-23 00:41:00,ur,"PERSON_00681 और PERSON_00641 ने فون کیا, Zone_0026, Nagpur के पास। समय 2026-02-23 00:41:00.",P00681,P00641,LOC0026
DIG000275,2026-04-10 21:12:00,te,"PERSON_00505 और PERSON_00455 ने స్థానం పంచుకున్నారు, Zone_0116, Bhopal के पास। समय 2026-04-10 21:12:00.",P00505,P00455,LOC0116
DIG000276,2026-03-16 20:08:00,pa,"PERSON_00698 और PERSON_00455 ने ਪੈਸੇ ਭੇਜੇ, Zone_0166, Bhopal के पास। समय 2026-03-16 20:08:00.",P00698,P00455,LOC0166
DIG000277,2026-06-30 21:58:00,gu,"PERSON_00023 और PERSON_00129 ने ફોન કર્યો, Zone_0074, Ujjain के पास। समय 2026-06-30 21:58:00.",P00023,P00129,LOC0074
DIG000278,2026-02-23 07:22:00,ta,"PERSON_00633 और PERSON_00178 ने செய்தி அனுப்பினார், Zone_0078, Ujjain के पास। समय 2026-02-23 07:22:00.",P00633,P00178,LOC0078
DIG000279,2026-05-19 05:37:00,gu,"PERSON_00091 और PERSON_00140 ने ફોન કર્યો, Zone_0011, Gwalior के पास। समय 2026-05-19 05:37:00.",P00091,P00140,LOC0011
DIG000280,2026-07-31 22:12:00,gu,"PERSON_00187 और PERSON_00200 ने ફોન કર્યો, Zone_0117, Gwalior के पास। समय 2026-07-31 22:12:00.",P00187,P00200,LOC0117
DIG000281,2026-02-14 14:12:00,gu,"PERSON_00381 और PERSON_00326 ने મુલાકાત લીધી, Zone_0157, Nagpur के पास। समय 2026-02-14 14:12:00.",P00381,P00326,LOC0157
DIG000282,2026-07-22 21:19:00,hi,"PERSON_00746 और PERSON_00316 ने स्थान साझा किया, Zone_0099, Bhopal के पास। समय 2026-07-22 21:19:00.",P00746,P00316,LOC0099
DIG000283,2026-08-02 05:38:00,ta,"PERSON_00199 और PERSON_00187 ने சந்தித்தார், Zone_0084, Gwalior के पास। समय 2026-08-02 05:38:00.",P00199,P00187,LOC0084
DIG000284,2026-07-23 14:27:00,kn,"PERSON_00319 और PERSON_00399 ने ಭೇಟಿಯಾದರು, Zone_0053, Nagpur के पास। समय 2026-07-23 14:27:00.",P00319,P00399,LOC0053
DIG000285,2026-06-27 22:59:00,gu,"PERSON_00037 और PERSON_00702 ने મળ્યા, Zone_0079, Nagpur के पास। समय 2026-06-27 22:59:00.",P00037,P00702,LOC0079
DIG000286,2026-02-19 08:31:00,mr,"PERSON_00765 और PERSON_00892 ने भेटला, Zone_0118, Ujjain के पास। समय 2026-02-19 08:31:00.",P00765,P00892,LOC0118
DIG000287,2026-05-06 03:01:00,bn,"PERSON_00530 और PERSON_00259 ने যোগাযোগ করেছে, Zone_0045, Gwalior के पास। समय 2026-05-06 03:01:00.",P00530,P00259,LOC0045
DIG000288,2026-04-05 14:14:00,te,"PERSON_00252 और PERSON_00017 ने సందేశం పంపారు, Zone_0148, Indore के पास। समय 2026-04-05 14:14:00.",P00252,P00017,LOC0148
DIG000289,2026-07-24 15:51:00,ta,"PERSON_00788 और PERSON_00664 ने சென்றார், Zone_0132, Indore के पास। समय 2026-07-24 15:51:00.",P00788,P00664,LOC0132
DIG000290,2026-02-21 21:08:00,ml,"PERSON_00809 और PERSON_00333 ने പണം അയച്ചു, Zone_0011, Gwalior के पास। समय 2026-02-21 21:08:00.",P00809,P00333,LOC0011
DIG000291,2026-07-27 14:17:00,en,"PERSON_00069 called PERSON_00772 near Zone_0177, Gwalior. Record time 2026-07-27 14:17:00.",P00069,P00772,LOC0177
DIG000292,2026-01-14 21:18:00,te,"PERSON_00554 और PERSON_00215 ने కలిశారు, Zone_0045, Gwalior के पास। समय 2026-01-14 21:18:00.",P00554,P00215,LOC0045
DIG000293,2026-02-27 16:44:00,ml,"PERSON_00546 और PERSON_00795 ने സന്ദർശിച്ചു, Zone_0116, Bhopal के पास। समय 2026-02-27 16:44:00.",P00546,P00795,LOC0116
DIG000294,2026-01-18 15:37:00,kn,"PERSON_00283 और PERSON_00858 ने ಹಣ ಕಳುಹಿಸಿದರು, Zone_0025, Jabalpur के पास। समय 2026-01-18 15:37:00.",P00283,P00858,LOC0025
DIG000295,2026-05-29 02:32:00,pa,"PERSON_00309 और PERSON_00223 ने ਪੈਸੇ ਭੇਜੇ, Zone_0021, Ujjain के पास। समय 2026-05-29 02:32:00.",P00309,P00223,LOC0021
DIG000296,2026-06-21 21:00:00,mr,"PERSON_00057 और PERSON_00943 ने भेट दिली, Zone_0061, Gwalior के पास। समय 2026-06-21 21:00:00.",P00057,P00943,LOC0061
DIG000297,2026-03-13 06:44:00,ml,"PERSON_00919 और PERSON_00878 ने ബന്ധപ്പെട്ടു, Zone_0169, Nagpur के पास। समय 2026-03-13 06:44:00.",P00919,P00878,LOC0169
DIG000298,2026-01-01 13:26:00,gu,"PERSON_00924 और PERSON_00673 ने સ્થાન શેર કર્યું, Zone_0007, Ujjain के पास। समय 2026-01-01 13:26:00.",P00924,P00673,LOC0007
DIG000299,2026-07-01 23:03:00,mr,"PERSON_00423 और PERSON_00318 ने भेटला, Zone_0003, Indore के पास। समय 2026-07-01 23:03:00.",P00423,P00318,LOC0003
DIG000300,2026-02-01 16:13:00,kn,"PERSON_00729 और PERSON_00977 ने ಸಂದೇಶ ಕಳುಹಿಸಿದರು, Zone_0154, Ujjain के पास। समय 2026-02-01 16:13:00.",P00729,P00977,LOC0154
DIG000301,2026-03-25 18:22:00,gu,"PERSON_00801 और PERSON_00160 ने મુલાકાત લીધી, Zone_0075, Gwalior के पास। समय 2026-03-25 18:22:00.",P00801,P00160,LOC0075
DIG000302,2026-08-18 00:48:00,ur,"PERSON_00408 और PERSON_00079 ने رابطہ کیا, Zone_0177, Gwalior के पास। समय 2026-08-18 00:48:00.",P00408,P00079,LOC0177
DIG000303,2026-01-14 21:56:00,mr,"PERSON_00896 और PERSON_00550 ने ठिकाण शेअर केले, Zone_0126, Nagpur के पास। समय 2026-01-14 21:56:00.",P00896,P00550,LOC0126
DIG000304,2026-06-12 13:01:00,ta,"PERSON_00652 और PERSON_00189 ने செய்தி அனுப்பினார், Zone_0173, Jabalpur के पास। समय 2026-06-12 13:01:00.",P00652,P00189,LOC0173
DIG000305,2026-04-24 23:37:00,gu,"PERSON_00265 और PERSON_00652 ने સંદેશ મોકલ્યો, Zone_0179, Gwalior के पास। समय 2026-04-24 23:37:00.",P00265,P00652,LOC0179
DIG000306,2026-05-02 05:19:00,en,"PERSON_00452 met PERSON_00044 near Zone_0135, Nagpur. Record time 2026-05-02 05:19:00.",P00452,P00044,LOC0135
DIG000307,2026-06-09 16:31:00,en,"PERSON_00042 transferred funds to PERSON_00704 near Zone_0140, Jabalpur. Record time 2026-06-09 16:31:00.",P00042,P00704,LOC0140
DIG000308,2026-01-22 08:25:00,mr,"PERSON_00980 और PERSON_00936 ने भेट दिली, Zone_0104, Bhopal के पास। समय 2026-01-22 08:25:00.",P00980,P00936,LOC0104
DIG000309,2026-03-12 22:38:00,mr,"PERSON_00089 और PERSON_00603 ने ठिकाण शेअर केले, Zone_0096, Indore के पास। समय 2026-03-12 22:38:00.",P00089,P00603,LOC0096
DIG000310,2026-03-19 23:12:00,bn,"PERSON_00609 और PERSON_00058 ने স্থান ভাগ করেছে, Zone_0134, Indore के पास। समय 2026-03-19 23:12:00.",P00609,P00058,LOC0134
DIG000311,2026-02-25 09:19:00,mr,"PERSON_00440 और PERSON_00314 ने ठिकाण शेअर केले, Zone_0018, Bhopal के पास। समय 2026-02-25 09:19:00.",P00440,P00314,LOC0018
DIG000312,2026-08-18 17:05:00,ml,"PERSON_00874 और PERSON_00762 ने വിളിച്ചു, Zone_0082, Nagpur के पास। समय 2026-08-18 17:05:00.",P00874,P00762,LOC0082
DIG000313,2026-02-12 07:46:00,en,"PERSON_00584 sent a message to PERSON_00784 near Zone_0106, Ujjain. Record time 2026-02-12 07:46:00.",P00584,P00784,LOC0106
DIG000314,2026-01-14 19:24:00,en,"PERSON_00998 shared a location with PERSON_00841 near Zone_0091, Jabalpur. Record time 2026-01-14 19:24:00.",P00998,P00841,LOC0091
DIG000315,2026-03-22 01:29:00,ml,"PERSON_00528 और PERSON_00586 ने സന്ദർശിച്ചു, Zone_0093, Jabalpur के पास। समय 2026-03-22 01:29:00.",P00528,P00586,LOC0093
DIG000316,2026-02-28 17:35:00,ur,"PERSON_00797 और PERSON_00447 ने رابطہ کیا, Zone_0167, Nagpur के पास। समय 2026-02-28 17:35:00.",P00797,P00447,LOC0167
DIG000317,2026-02-11 07:24:00,ta,"PERSON_00459 और PERSON_00403 ने இடத்தை பகிர்ந்தார், Zone_0089, Jabalpur के पास। समय 2026-02-11 07:24:00.",P00459,P00403,LOC0089
DIG000318,2026-03-07 04:28:00,ur,"PERSON_00363 और PERSON_00749 ने پیغام بھیجا, Zone_0026, Nagpur के पास। समय 2026-03-07 04:28:00.",P00363,P00749,LOC0026
DIG000319,2026-01-26 09:53:00,ml,"PERSON_00368 और PERSON_00263 ने സന്ദേശം അയച്ചു, Zone_0129, Nagpur के पास। समय 2026-01-26 09:53:00.",P00368,P00263,LOC0129
DIG000320,2026-08-14 10:13:00,ur,"PERSON_00714 और PERSON_00252 ने دورہ کیا, Zone_0078, Ujjain के पास। समय 2026-08-14 10:13:00.",P00714,P00252,LOC0078
DIG000321,2026-06-18 10:53:00,ta,"PERSON_00738 और PERSON_00923 ने சந்தித்தார், Zone_0095, Indore के पास। समय 2026-06-18 10:53:00.",P00738,P00923,LOC0095
DIG000322,2026-07-23 17:24:00,pa,"PERSON_00689 और PERSON_00007 ने ਮੁਲਾਕਾਤ ਕੀਤੀ, Zone_0084, Gwalior के पास। समय 2026-07-23 17:24:00.",P00689,P00007,LOC0084
DIG000323,2026-01-08 12:10:00,ta,"PERSON_00804 और PERSON_00557 ने இடத்தை பகிர்ந்தார், Zone_0013, Gwalior के पास। समय 2026-01-08 12:10:00.",P00804,P00557,LOC0013
DIG000324,2026-03-27 16:50:00,te,"PERSON_00060 और PERSON_00278 ने స్థానం పంచుకున్నారు, Zone_0106, Ujjain के पास। समय 2026-03-27 16:50:00.",P00060,P00278,LOC0106
DIG000325,2026-08-28 03:34:00,mr,"PERSON_00388 और PERSON_00339 ने भेट दिली, Zone_0175, Jabalpur के पास। समय 2026-08-28 03:34:00.",P00388,P00339,LOC0175
DIG000326,2026-08-18 17:28:00,pa,"PERSON_00038 और PERSON_00420 ने ਮੁਲਾਕਾਤ ਕੀਤੀ, Zone_0178, Gwalior के पास। समय 2026-08-18 17:28:00.",P00038,P00420,LOC0178
DIG000327,2026-03-11 18:53:00,mr,"PERSON_00656 और PERSON_00018 ने ठिकाण शेअर केले, Zone_0151, Indore के पास। समय 2026-03-11 18:53:00.",P00656,P00018,LOC0151
DIG000328,2026-01-11 13:52:00,ta,"PERSON_00061 और PERSON_00028 ने பணம் அனுப்பினார், Zone_0002, Ujjain के पास। समय 2026-01-11 13:52:00.",P00061,P00028,LOC0002
DIG000329,2026-05-07 19:53:00,kn,"PERSON_00374 और PERSON_00412 ने ಸ್ಥಳ ಹಂಚಿಕೊಂಡರು, Zone_0132, Indore के पास। समय 2026-05-07 19:53:00.",P00374,P00412,LOC0132
DIG000330,2026-07-28 12:11:00,en,"PERSON_00241 called PERSON_00177 near Zone_0013, Gwalior. Record time 2026-07-28 12:11:00.",P00241,P00177,LOC0013
DIG000331,2026-03-13 07:23:00,en,"PERSON_00836 shared a location with PERSON_00769 near Zone_0083, Ujjain. Record time 2026-03-13 07:23:00.",P00836,P00769,LOC0083
DIG000332,2026-04-28 15:19:00,gu,"PERSON_00676 और PERSON_00052 ने સંદેશ મોકલ્યો, Zone_0001, Gwalior के पास। समय 2026-04-28 15:19:00.",P00676,P00052,LOC0001
DIG000333,2026-05-17 12:43:00,mr,"PERSON_00202 और PERSON_00336 ने संदेश पाठवला, Zone_0015, Gwalior के पास। समय 2026-05-17 12:43:00.",P00202,P00336,LOC0015
DIG000334,2026-01-30 02:27:00,ta,"PERSON_00338 और PERSON_00004 ने அழைத்தார், Zone_0031, Bhopal के पास। समय 2026-01-30 02:27:00.",P00338,P00004,LOC0031
DIG000335,2026-04-09 14:16:00,hi,"PERSON_00251 और PERSON_00515 ने दौरा किया, Zone_0030, Nagpur के पास। समय 2026-04-09 14:16:00.",P00251,P00515,LOC0030
DIG000336,2026-07-06 13:27:00,gu,"PERSON_00852 और PERSON_00233 ने મળ્યા, Zone_0059, Indore के पास। समय 2026-07-06 13:27:00.",P00852,P00233,LOC0059
DIG000337,2026-07-25 09:29:00,pa,"PERSON_00846 और PERSON_00135 ने ਮੁਲਾਕਾਤ ਕੀਤੀ, Zone_0070, Ujjain के पास। समय 2026-07-25 09:29:00.",P00846,P00135,LOC0070
DIG000338,2026-08-29 07:09:00,gu,"PERSON_00359 और PERSON_00236 ने મળ્યા, Zone_0003, Indore के पास। समय 2026-08-29 07:09:00.",P00359,P00236,LOC0003
DIG000339,2026-08-11 21:12:00,hi,"PERSON_00257 और PERSON_00779 ने धन भेजा, Zone_0034, Jabalpur के पास। समय 2026-08-11 21:12:00.",P00257,P00779,LOC0034
DIG000340,2026-07-26 01:42:00,ta,"PERSON_00952 और PERSON_00391 ने சந்தித்தார், Zone_0044, Bhopal के पास। समय 2026-07-26 01:42:00.",P00952,P00391,LOC0044
DIG000341,2026-05-21 06:25:00,mr,"PERSON_00512 और PERSON_00022 ने संपर्क केला, Zone_0031, Bhopal के पास। समय 2026-05-21 06:25:00.",P00512,P00022,LOC0031
DIG000342,2026-08-19 04:03:00,bn,"PERSON_00017 और PERSON_00924 ने দেখা করেছে, Zone_0144, Nagpur के पास। समय 2026-08-19 04:03:00.",P00017,P00924,LOC0144
DIG000343,2026-05-06 21:42:00,ml,"PERSON_00476 और PERSON_00761 ने ബന്ധപ്പെട്ടു, Zone_0116, Bhopal के पास। समय 2026-05-06 21:42:00.",P00476,P00761,LOC0116
DIG000344,2026-05-19 17:09:00,gu,"PERSON_00578 और PERSON_00584 ने સંદેશ મોકલ્યો, Zone_0050, Jabalpur के पास। समय 2026-05-19 17:09:00.",P00578,P00584,LOC0050
DIG000345,2026-08-01 11:02:00,bn,"PERSON_00561 और PERSON_00982 ने পরিদর্শন করেছে, Zone_0062, Ujjain के पास। समय 2026-08-01 11:02:00.",P00561,P00982,LOC0062
DIG000346,2026-04-18 06:40:00,bn,"PERSON_00061 और PERSON_00205 ने পরিদর্শন করেছে, Zone_0049, Nagpur के पास। समय 2026-04-18 06:40:00.",P00061,P00205,LOC0049
DIG000347,2026-07-15 05:26:00,kn,"PERSON_00662 और PERSON_00481 ने ಸಂದೇಶ ಕಳುಹಿಸಿದರು, Zone_0142, Jabalpur के पास। समय 2026-07-15 05:26:00.",P00662,P00481,LOC0142
DIG000348,2026-02-10 05:09:00,ta,"PERSON_00453 और PERSON_00555 ने சந்தித்தார், Zone_0015, Gwalior के पास। समय 2026-02-10 05:09:00.",P00453,P00555,LOC0015
DIG000349,2026-06-28 13:16:00,kn,"PERSON_00886 और PERSON_00092 ने ಹಣ ಕಳುಹಿಸಿದರು, Zone_0035, Jabalpur के पास। समय 2026-06-28 13:16:00.",P00886,P00092,LOC0035
DIG000350,2026-06-21 20:35:00,gu,"PERSON_00200 और PERSON_00657 ने મુલાકાત લીધી, Zone_0023, Jabalpur के पास। समय 2026-06-21 20:35:00.",P00200,P00657,LOC0023
DIG000351,2026-03-09 08:20:00,bn,"PERSON_00650 और PERSON_00997 ने টাকা পাঠিয়েছে, Zone_0046, Bhopal के पास। समय 2026-03-09 08:20:00.",P00650,P00997,LOC0046
DIG000352,2026-01-30 01:54:00,pa,"PERSON_00356 और PERSON_00671 ने ਮੁਲਾਕਾਤ ਕੀਤੀ, Zone_0103, Indore के पास। समय 2026-01-30 01:54:00.",P00356,P00671,LOC0103
DIG000353,2026-06-08 06:46:00,kn,"PERSON_00937 और PERSON_00023 ने ಭೇಟಿ ನೀಡಿದರು, Zone_0164, Bhopal के पास। समय 2026-06-08 06:46:00.",P00937,P00023,LOC0164
DIG000354,2026-04-18 20:13:00,bn,"PERSON_00141 और PERSON_00878 ने ফোন করেছে, Zone_0070, Ujjain के पास। समय 2026-04-18 20:13:00.",P00141,P00878,LOC0070
DIG000355,2026-02-28 17:59:00,te,"PERSON_00525 और PERSON_00749 ने సందేశం పంపారు, Zone_0129, Nagpur के पास। समय 2026-02-28 17:59:00.",P00525,P00749,LOC0129
DIG000356,2026-05-01 15:28:00,kn,"PERSON_00356 और PERSON_00366 ने ಸಂದೇಶ ಕಳುಹಿಸಿದರು, Zone_0167, Nagpur के पास। समय 2026-05-01 15:28:00.",P00356,P00366,LOC0167
DIG000357,2026-03-22 01:43:00,ta,"PERSON_00522 और PERSON_00730 ने தொடர்பு கொண்டார், Zone_0034, Jabalpur के पास। समय 2026-03-22 01:43:00.",P00522,P00730,LOC0034
DIG000358,2026-06-10 19:42:00,hi,"PERSON_00814 और PERSON_00499 ने संपर्क किया, Zone_0129, Nagpur के पास। समय 2026-06-10 19:42:00.",P00814,P00499,LOC0129
DIG000359,2026-04-26 02:39:00,ml,"PERSON_00767 और PERSON_00401 ने സന്ദേശം അയച്ചു, Zone_0022, Gwalior के पास। समय 2026-04-26 02:39:00.",P00767,P00401,LOC0022
DIG000360,2026-03-13 09:14:00,gu,"PERSON_00742 और PERSON_00431 ने ફોન કર્યો, Zone_0062, Ujjain के पास। समय 2026-03-13 09:14:00.",P00742,P00431,LOC0062
DIG000361,2026-03-30 16:54:00,kn,"PERSON_00542 और PERSON_00573 ने ಸ್ಥಳ ಹಂಚಿಕೊಂಡರು, Zone_0042, Ujjain के पास। समय 2026-03-30 16:54:00.",P00542,P00573,LOC0042
DIG000362,2026-04-18 13:18:00,kn,"PERSON_00493 और PERSON_00212 ने ಸಂದೇಶ ಕಳುಹಿಸಿದರು, Zone_0114, Bhopal के पास। समय 2026-04-18 13:18:00.",P00493,P00212,LOC0114
DIG000363,2026-03-17 23:28:00,ur,"PERSON_00242 और PERSON_00179 ने مقام شیئر کیا, Zone_0160, Ujjain के पास। समय 2026-03-17 23:28:00.",P00242,P00179,LOC0160
DIG000364,2026-01-31 21:00:00,ml,"PERSON_00215 और PERSON_00439 ने വിളിച്ചു, Zone_0175, Jabalpur के पास। समय 2026-01-31 21:00:00.",P00215,P00439,LOC0175
DIG000365,2026-05-31 10:53:00,gu,"PERSON_00366 और PERSON_00083 ने મુલાકાત લીધી, Zone_0093, Jabalpur के पास। समय 2026-05-31 10:53:00.",P00366,P00083,LOC0093
DIG000366,2026-01-10 18:14:00,ur,"PERSON_00050 और PERSON_00982 ने فون کیا, Zone_0060, Ujjain के पास। समय 2026-01-10 18:14:00.",P00050,P00982,LOC0060
DIG000367,2026-03-10 06:31:00,mr,"PERSON_00006 और PERSON_00866 ने भेटला, Zone_0086, Gwalior के पास। समय 2026-03-10 06:31:00.",P00006,P00866,LOC0086
DIG000368,2026-02-19 01:15:00,ur,"PERSON_00581 और PERSON_00452 ने مقام شیئر کیا, Zone_0086, Gwalior के पास। समय 2026-02-19 01:15:00.",P00581,P00452,LOC0086
DIG000369,2026-08-29 16:12:00,ur,"PERSON_00426 और PERSON_00346 ने رابطہ کیا, Zone_0047, Ujjain के पास। समय 2026-08-29 16:12:00.",P00426,P00346,LOC0047
DIG000370,2026-02-18 21:25:00,pa,"PERSON_00298 और PERSON_00778 ने ਫੋਨ ਕੀਤਾ, Zone_0002, Ujjain के पास। समय 2026-02-18 21:25:00.",P00298,P00778,LOC0002
DIG000371,2026-06-24 06:25:00,hi,"PERSON_00990 और PERSON_00897 ने धन भेजा, Zone_0159, Nagpur के पास। समय 2026-06-24 06:25:00.",P00990,P00897,LOC0159
DIG000372,2026-03-31 01:45:00,mr,"PERSON_00688 और PERSON_00055 ने पैसे पाठवले, Zone_0066, Jabalpur के पास। समय 2026-03-31 01:45:00.",P00688,P00055,LOC0066
DIG000373,2026-04-23 20:01:00,hi,"PERSON_00862 और PERSON_00843 ने दौरा किया, Zone_0072, Indore के पास। समय 2026-04-23 20:01:00.",P00862,P00843,LOC0072
DIG000374,2026-06-29 16:35:00,gu,"PERSON_00156 और PERSON_00189 ने મુલાકાત લીધી, Zone_0031, Bhopal के पास। समय 2026-06-29 16:35:00.",P00156,P00189,LOC0031
DIG000375,2026-05-04 09:07:00,bn,"PERSON_00208 और PERSON_00734 ने বার্তা পাঠিয়েছে, Zone_0056, Jabalpur के पास। समय 2026-05-04 09:07:00.",P00208,P00734,LOC0056
DIG000376,2026-01-31 15:16:00,pa,"PERSON_00248 और PERSON_00506 ने ਪੈਸੇ ਭੇਜੇ, Zone_0001, Gwalior के पास। समय 2026-01-31 15:16:00.",P00248,P00506,LOC0001
DIG000377,2026-01-10 06:19:00,ur,"PERSON_00724 और PERSON_00204 ने دورہ کیا, Zone_0039, Gwalior के पास। समय 2026-01-10 06:19:00.",P00724,P00204,LOC0039
DIG000378,2026-01-07 16:55:00,ta,"PERSON_00705 और PERSON_00797 ने அழைத்தார், Zone_0068, Bhopal के पास। समय 2026-01-07 16:55:00.",P00705,P00797,LOC0068
DIG000379,2026-06-14 14:57:00,ml,"PERSON_00213 और PERSON_00200 ने ബന്ധപ്പെട്ടു, Zone_0050, Jabalpur के पास। समय 2026-06-14 14:57:00.",P00213,P00200,LOC0050
DIG000380,2026-02-27 20:35:00,ur,"PERSON_00916 और PERSON_00892 ने فون کیا, Zone_0167, Nagpur के पास। समय 2026-02-27 20:35:00.",P00916,P00892,LOC0167
DIG000381,2026-06-20 21:40:00,ml,"PERSON_00611 और PERSON_00764 ने പണം അയച്ചു, Zone_0006, Bhopal के पास। समय 2026-06-20 21:40:00.",P00611,P00764,LOC0006
DIG000382,2026-02-22 01:43:00,hi,"PERSON_00281 और PERSON_00925 ने संपर्क किया, Zone_0161, Jabalpur के पास। समय 2026-02-22 01:43:00.",P00281,P00925,LOC0161
DIG000383,2026-06-18 12:10:00,bn,"PERSON_00845 और PERSON_00722 ने বার্তা পাঠিয়েছে, Zone_0048, Indore के पास। समय 2026-06-18 12:10:00.",P00845,P00722,LOC0048
DIG000384,2026-07-15 13:05:00,hi,"PERSON_00014 और PERSON_00089 ने स्थान साझा किया, Zone_0113, Indore के पास। समय 2026-07-15 13:05:00.",P00014,P00089,LOC0113
DIG000385,2026-05-26 07:36:00,te,"PERSON_00354 और PERSON_00480 ने కలిశారు, Zone_0021, Ujjain के पास। समय 2026-05-26 07:36:00.",P00354,P00480,LOC0021
DIG000386,2026-06-20 13:04:00,gu,"PERSON_00042 और PERSON_00787 ने સ્થાન શેર કર્યું, Zone_0140, Jabalpur के पास। समय 2026-06-20 13:04:00.",P00042,P00787,LOC0140
DIG000387,2026-03-31 00:05:00,mr,"PERSON_00729 और PERSON_00908 ने पैसे पाठवले, Zone_0019, Gwalior के पास। समय 2026-03-31 00:05:00.",P00729,P00908,LOC0019
DIG000388,2026-05-30 23:51:00,pa,"PERSON_00796 और PERSON_00326 ने ਪੈਸੇ ਭੇਜੇ, Zone_0165, Gwalior के पास। समय 2026-05-30 23:51:00.",P00796,P00326,LOC0165
DIG000389,2026-03-18 12:27:00,ml,"PERSON_00498 और PERSON_00402 ने സ്ഥലം പങ്കിട്ടു, Zone_0096, Indore के पास। समय 2026-03-18 12:27:00.",P00498,P00402,LOC0096
DIG000390,2026-05-18 10:32:00,bn,"PERSON_00134 और PERSON_00893 ने দেখা করেছে, Zone_0109, Bhopal के पास। समय 2026-05-18 10:32:00.",P00134,P00893,LOC0109
DIG000391,2026-04-17 19:50:00,te,"PERSON_00430 और PERSON_00460 ने వెళ్లారు, Zone_0114, Bhopal के पास। समय 2026-04-17 19:50:00.",P00430,P00460,LOC0114
DIG000392,2026-02-26 02:16:00,en,"PERSON_00959 visited PERSON_00195 near Zone_0119, Indore. Record time 2026-02-26 02:16:00.",P00959,P00195,LOC0119
DIG000393,2026-01-07 20:23:00,ur,"PERSON_00747 और PERSON_00017 ने دورہ کیا, Zone_0143, Nagpur के पास। समय 2026-01-07 20:23:00.",P00747,P00017,LOC0143
DIG000394,2026-05-25 19:21:00,gu,"PERSON_00083 और PERSON_00528 ने સંદેશ મોકલ્યો, Zone_0006, Bhopal के पास। समय 2026-05-25 19:21:00.",P00083,P00528,LOC0006
DIG000395,2026-01-27 00:14:00,kn,"PERSON_00323 और PERSON_00015 ने ಹಣ ಕಳುಹಿಸಿದರು, Zone_0071, Indore के पास। समय 2026-01-27 00:14:00.",P00323,P00015,LOC0071
DIG000396,2026-05-16 15:50:00,gu,"PERSON_00511 और PERSON_00480 ने સંપર્ક કર્યો, Zone_0143, Nagpur के पास। समय 2026-05-16 15:50:00.",P00511,P00480,LOC0143
DIG000397,2026-08-06 04:43:00,en,"PERSON_00071 shared a location with PERSON_00563 near Zone_0173, Jabalpur. Record time 2026-08-06 04:43:00.",P00071,P00563,LOC0173
DIG000398,2026-03-03 11:19:00,bn,"PERSON_00272 और PERSON_00862 ने ফোন করেছে, Zone_0010, Indore के पास। समय 2026-03-03 11:19:00.",P00272,P00862,LOC0010
DIG000399,2026-04-26 17:36:00,pa,"PERSON_00523 और PERSON_00919 ने ਮੁਲਾਕਾਤ ਕੀਤੀ, Zone_0054, Jabalpur के पास। समय 2026-04-26 17:36:00.",P00523,P00919,LOC0054
DIG000400,2026-05-19 03:34:00,gu,"PERSON_00627 और PERSON_00314 ने નાણાં મોકલ્યાં, Zone_0162, Nagpur के पास। समय 2026-05-19 03:34:00.",P00627,P00314,LOC0162
DIG000401,2026-08-08 01:03:00,ur,"PERSON_00506 और PERSON_00539 ने دورہ کیا, Zone_0158, Jabalpur के पास। समय 2026-08-08 01:03:00.",P00506,P00539,LOC0158
DIG000402,2026-02-16 12:09:00,ur,"PERSON_00421 और PERSON_00295 ने مقام شیئر کیا, Zone_0096, Indore के पास। समय 2026-02-16 12:09:00.",P00421,P00295,LOC0096
DIG000403,2026-04-11 21:02:00,gu,"PERSON_00396 और PERSON_00190 ने સંપર્ક કર્યો, Zone_0173, Jabalpur के पास। समय 2026-04-11 21:02:00.",P00396,P00190,LOC0173
DIG000404,2026-05-29 01:38:00,en,"PERSON_00845 used a vehicle PERSON_00044 near Zone_0154, Ujjain. Record time 2026-05-29 01:38:00.",P00845,P00044,LOC0154
DIG000405,2026-01-12 16:59:00,ml,"PERSON_00614 और PERSON_00255 ने സന്ദേശം അയച്ചു, Zone_0155, Nagpur के पास। समय 2026-01-12 16:59:00.",P00614,P00255,LOC0155
DIG000406,2026-08-15 19:31:00,ta,"PERSON_00662 और PERSON_00629 ने இடத்தை பகிர்ந்தார், Zone_0175, Jabalpur के पास। समय 2026-08-15 19:31:00.",P00662,P00629,LOC0175
DIG000407,2026-02-16 06:02:00,te,"PERSON_00174 और PERSON_00941 ने ఫోన్ చేశారు, Zone_0091, Jabalpur के पास। समय 2026-02-16 06:02:00.",P00174,P00941,LOC0091
DIG000408,2026-03-06 10:05:00,ml,"PERSON_00885 और PERSON_00030 ने വിളിച്ചു, Zone_0017, Gwalior के पास। समय 2026-03-06 10:05:00.",P00885,P00030,LOC0017
DIG000409,2026-06-02 17:22:00,ur,"PERSON_00253 और PERSON_00720 ने پیغام بھیجا, Zone_0012, Nagpur के पास। समय 2026-06-02 17:22:00.",P00253,P00720,LOC0012
DIG000410,2026-04-07 06:29:00,bn,"PERSON_00103 और PERSON_00396 ने বার্তা পাঠিয়েছে, Zone_0162, Nagpur के पास। समय 2026-04-07 06:29:00.",P00103,P00396,LOC0162
DIG000411,2026-04-20 17:14:00,ta,"PERSON_00304 और PERSON_00697 ने பணம் அனுப்பினார், Zone_0064, Ujjain के पास। समय 2026-04-20 17:14:00.",P00304,P00697,LOC0064
DIG000412,2026-04-14 01:41:00,gu,"PERSON_00832 और PERSON_00497 ने નાણાં મોકલ્યાં, Zone_0179, Gwalior के पास। समय 2026-04-14 01:41:00.",P00832,P00497,LOC0179
DIG000413,2026-06-19 11:15:00,pa,"PERSON_00265 और PERSON_00921 ने ਫੋਨ ਕੀਤਾ, Zone_0010, Indore के पास। समय 2026-06-19 11:15:00.",P00265,P00921,LOC0010
DIG000414,2026-02-02 14:54:00,ml,"PERSON_00396 और PERSON_00826 ने സന്ദേശം അയച്ചു, Zone_0036, Ujjain के पास। समय 2026-02-02 14:54:00.",P00396,P00826,LOC0036
DIG000415,2026-05-26 16:14:00,ml,"PERSON_00786 और PERSON_00395 ने കണ്ടുമുട്ടി, Zone_0135, Nagpur के पास। समय 2026-05-26 16:14:00.",P00786,P00395,LOC0135
DIG000416,2026-05-23 15:59:00,ta,"PERSON_00618 और PERSON_00736 ने இடத்தை பகிர்ந்தார், Zone_0117, Gwalior के पास। समय 2026-05-23 15:59:00.",P00618,P00736,LOC0117
DIG000417,2026-01-26 00:53:00,gu,"PERSON_00251 और PERSON_00026 ने સ્થાન શેર કર્યું, Zone_0057, Ujjain के पास। समय 2026-01-26 00:53:00.",P00251,P00026,LOC0057
DIG000418,2026-03-21 22:29:00,te,"PERSON_00987 और PERSON_00442 ने ఫోన్ చేశారు, Zone_0111, Jabalpur के पास। समय 2026-03-21 22:29:00.",P00987,P00442,LOC0111
DIG000419,2026-01-21 09:42:00,pa,"PERSON_00876 और PERSON_00277 ने ਪੈਸੇ ਭੇਜੇ, Zone_0012, Nagpur के पास। समय 2026-01-21 09:42:00.",P00876,P00277,LOC0012
DIG000420,2026-02-02 21:57:00,kn,"PERSON_00610 और PERSON_00329 ने ಸ್ಥಳ ಹಂಚಿಕೊಂಡರು, Zone_0109, Bhopal के पास। समय 2026-02-02 21:57:00.",P00610,P00329,LOC0109
DIG000421,2026-05-30 00:24:00,ta,"PERSON_00300 और PERSON_00970 ने செய்தி அனுப்பினார், Zone_0010, Indore के पास। समय 2026-05-30 00:24:00.",P00300,P00970,LOC0010
DIG000422,2026-04-25 13:47:00,pa,"PERSON_00538 और PERSON_00114 ने ਸੁਨੇਹਾ ਭੇਜਿਆ, Zone_0076, Indore के पास। समय 2026-04-25 13:47:00.",P00538,P00114,LOC0076
DIG000423,2026-05-09 02:59:00,te,"PERSON_00911 और PERSON_00381 ने స్థానం పంచుకున్నారు, Zone_0061, Gwalior के पास। समय 2026-05-09 02:59:00.",P00911,P00381,LOC0061
DIG000424,2026-04-17 15:13:00,bn,"PERSON_00739 और PERSON_00211 ने পরিদর্শন করেছে, Zone_0047, Ujjain के पास। समय 2026-04-17 15:13:00.",P00739,P00211,LOC0047
DIG000425,2026-05-22 09:56:00,ur,"PERSON_00971 और PERSON_00861 ने مقام شیئر کیا, Zone_0010, Indore के पास। समय 2026-05-22 09:56:00.",P00971,P00861,LOC0010
DIG000426,2026-01-28 13:03:00,kn,"PERSON_00071 और PERSON_00599 ने ಭೇಟಿ ನೀಡಿದರು, Zone_0103, Indore के पास। समय 2026-01-28 13:03:00.",P00071,P00599,LOC0103
DIG000427,2026-07-12 17:47:00,mr,"PERSON_00220 और PERSON_00386 ने संदेश पाठवला, Zone_0166, Bhopal के पास। समय 2026-07-12 17:47:00.",P00220,P00386,LOC0166
DIG000428,2026-03-20 03:27:00,en,"PERSON_00115 met PERSON_00156 near Zone_0157, Nagpur. Record time 2026-03-20 03:27:00.",P00115,P00156,LOC0157
DIG000429,2026-08-16 13:45:00,hi,"PERSON_00371 और PERSON_00496 ने संदेश भेजा, Zone_0114, Bhopal के पास। समय 2026-08-16 13:45:00.",P00371,P00496,LOC0114
DIG000430,2026-06-18 08:07:00,en,"PERSON_00840 transferred funds to PERSON_00177 near Zone_0069, Jabalpur. Record time 2026-06-18 08:07:00.",P00840,P00177,LOC0069
DIG000431,2026-08-11 23:38:00,te,"PERSON_00162 और PERSON_00001 ने ఫోన్ చేశారు, Zone_0134, Indore के पास। समय 2026-08-11 23:38:00.",P00162,P00001,LOC0134
DIG000432,2026-07-29 21:43:00,ta,"PERSON_00139 और PERSON_00023 ने சென்றார், Zone_0179, Gwalior के पास। समय 2026-07-29 21:43:00.",P00139,P00023,LOC0179
DIG000433,2026-03-06 21:44:00,gu,"PERSON_00976 और PERSON_00848 ने મળ્યા, Zone_0136, Jabalpur के पास। समय 2026-03-06 21:44:00.",P00976,P00848,LOC0136
DIG000434,2026-05-22 14:10:00,bn,"PERSON_00908 और PERSON_00303 ने বার্তা পাঠিয়েছে, Zone_0052, Nagpur के पास। समय 2026-05-22 14:10:00.",P00908,P00303,LOC0052
DIG000435,2026-06-01 22:33:00,gu,"PERSON_00680 और PERSON_00792 ने નાણાં મોકલ્યાં, Zone_0039, Gwalior के पास। समय 2026-06-01 22:33:00.",P00680,P00792,LOC0039
DIG000436,2026-08-25 20:14:00,ur,"PERSON_00448 और PERSON_00907 ने ملاقات کی, Zone_0006, Bhopal के पास। समय 2026-08-25 20:14:00.",P00448,P00907,LOC0006
DIG000437,2026-05-03 04:55:00,te,"PERSON_00704 और PERSON_00621 ने స్థానం పంచుకున్నారు, Zone_0048, Indore के पास। समय 2026-05-03 04:55:00.",P00704,P00621,LOC0048
DIG000438,2026-03-14 11:53:00,ta,"PERSON_00666 और PERSON_00464 ने செய்தி அனுப்பினார், Zone_0059, Indore के पास। समय 2026-03-14 11:53:00.",P00666,P00464,LOC0059
DIG000439,2026-08-10 04:08:00,ta,"PERSON_00898 और PERSON_00279 ने பணம் அனுப்பினார், Zone_0105, Bhopal के पास। समय 2026-08-10 04:08:00.",P00898,P00279,LOC0105
DIG000440,2026-06-23 05:51:00,te,"PERSON_00772 और PERSON_00087 ने వెళ్లారు, Zone_0062, Ujjain के पास। समय 2026-06-23 05:51:00.",P00772,P00087,LOC0062
DIG000441,2026-08-28 13:01:00,hi,"PERSON_00686 और PERSON_00838 ने संपर्क किया, Zone_0053, Nagpur के पास। समय 2026-08-28 13:01:00.",P00686,P00838,LOC0053
DIG000442,2026-05-31 12:42:00,kn,"PERSON_00677 और PERSON_00615 ने ಸಂದೇಶ ಕಳುಹಿಸಿದರು, Zone_0114, Bhopal के पास। समय 2026-05-31 12:42:00.",P00677,P00615,LOC0114
DIG000443,2026-06-14 16:13:00,en,"PERSON_00020 visited PERSON_00204 near Zone_0049, Nagpur. Record time 2026-06-14 16:13:00.",P00020,P00204,LOC0049
DIG000444,2026-07-09 06:32:00,hi,"PERSON_00355 और PERSON_00393 ने स्थान साझा किया, Zone_0040, Bhopal के पास। समय 2026-07-09 06:32:00.",P00355,P00393,LOC0040
DIG000445,2026-06-25 03:05:00,ur,"PERSON_00083 और PERSON_00718 ने فون کیا, Zone_0141, Jabalpur के पास। समय 2026-06-25 03:05:00.",P00083,P00718,LOC0141
DIG000446,2026-05-04 11:02:00,en,"PERSON_00555 used a vehicle PERSON_00116 near Zone_0037, Indore. Record time 2026-05-04 11:02:00.",P00555,P00116,LOC0037
DIG000447,2026-03-26 16:59:00,ml,"PERSON_00858 और PERSON_00852 ने കണ്ടുമുട്ടി, Zone_0137, Nagpur के पास। समय 2026-03-26 16:59:00.",P00858,P00852,LOC0137
DIG000448,2026-08-23 17:09:00,pa,"PERSON_00015 और PERSON_00437 ने ਸੰਪਰਕ ਕੀਤਾ, Zone_0091, Jabalpur के पास। समय 2026-08-23 17:09:00.",P00015,P00437,LOC0091
DIG000449,2026-02-03 06:00:00,kn,"PERSON_00557 और PERSON_00198 ने ಭೇಟಿಯಾದರು, Zone_0103, Indore के पास। समय 2026-02-03 06:00:00.",P00557,P00198,LOC0103
DIG000450,2026-04-01 09:03:00,gu,"PERSON_00240 और PERSON_00969 ने સ્થાન શેર કર્યું, Zone_0122, Nagpur के पास। समय 2026-04-01 09:03:00.",P00240,P00969,LOC0122
DIG000451,2026-06-11 00:51:00,pa,"PERSON_00411 और PERSON_00927 ने ਪੈਸੇ ਭੇਜੇ, Zone_0177, Gwalior के पास। समय 2026-06-11 00:51:00.",P00411,P00927,LOC0177
DIG000452,2026-03-06 07:01:00,en,"PERSON_00894 contacted PERSON_00751 near Zone_0035, Jabalpur. Record time 2026-03-06 07:01:00.",P00894,P00751,LOC0035
DIG000453,2026-04-18 02:33:00,mr,"PERSON_00878 और PERSON_00886 ने भेट दिली, Zone_0061, Gwalior के पास। समय 2026-04-18 02:33:00.",P00878,P00886,LOC0061
DIG000454,2026-03-10 02:01:00,kn,"PERSON_00534 और PERSON_00976 ने ಸ್ಥಳ ಹಂಚಿಕೊಂಡರು, Zone_0081, Gwalior के पास। समय 2026-03-10 02:01:00.",P00534,P00976,LOC0081
DIG000455,2026-07-21 14:14:00,te,"PERSON_00358 और PERSON_00112 ने కలిశారు, Zone_0045, Gwalior के पास। समय 2026-07-21 14:14:00.",P00358,P00112,LOC0045
DIG000456,2026-03-27 14:47:00,en,"PERSON_00093 sent a message to PERSON_00280 near Zone_0004, Indore. Record time 2026-03-27 14:47:00.",P00093,P00280,LOC0004
DIG000457,2026-05-11 04:47:00,mr,"PERSON_00365 और PERSON_00634 ने भेटला, Zone_0045, Gwalior के पास। समय 2026-05-11 04:47:00.",P00365,P00634,LOC0045
DIG000458,2026-01-06 01:50:00,pa,"PERSON_00741 और PERSON_00910 ने ਸੁਨੇਹਾ ਭੇਜਿਆ, Zone_0132, Indore के पास। समय 2026-01-06 01:50:00.",P00741,P00910,LOC0132
DIG000459,2026-05-26 23:14:00,en,"PERSON_00786 visited PERSON_00365 near Zone_0028, Bhopal. Record time 2026-05-26 23:14:00.",P00786,P00365,LOC0028
DIG000460,2026-05-09 14:48:00,bn,"PERSON_00238 और PERSON_00471 ने পরিদর্শন করেছে, Zone_0103, Indore के पास। समय 2026-05-09 14:48:00.",P00238,P00471,LOC0103
DIG000461,2026-07-26 15:29:00,pa,"PERSON_00444 और PERSON_00007 ने ਪੈਸੇ ਭੇਜੇ, Zone_0009, Jabalpur के पास। समय 2026-07-26 15:29:00.",P00444,P00007,LOC0009
DIG000462,2026-06-24 16:43:00,ml,"PERSON_00979 और PERSON_00672 ने പണം അയച്ചു, Zone_0116, Bhopal के पास। समय 2026-06-24 16:43:00.",P00979,P00672,LOC0116
DIG000463,2026-03-17 02:17:00,bn,"PERSON_00944 और PERSON_00292 ने বার্তা পাঠিয়েছে, Zone_0141, Jabalpur के पास। समय 2026-03-17 02:17:00.",P00944,P00292,LOC0141
DIG000464,2026-06-02 00:32:00,ml,"PERSON_00147 और PERSON_00532 ने പണം അയച്ചു, Zone_0064, Ujjain के पास। समय 2026-06-02 00:32:00.",P00147,P00532,LOC0064
DIG000465,2026-04-30 09:08:00,gu,"PERSON_00732 और PERSON_00143 ने સ્થાન શેર કર્યું, Zone_0098, Nagpur के पास। समय 2026-04-30 09:08:00.",P00732,P00143,LOC0098
DIG000466,2026-02-17 06:14:00,mr,"PERSON_00661 और PERSON_00830 ने संपर्क केला, Zone_0046, Bhopal के पास। समय 2026-02-17 06:14:00.",P00661,P00830,LOC0046
DIG000467,2026-06-05 01:37:00,ml,"PERSON_00814 और PERSON_00373 ने കണ്ടുമുട്ടി, Zone_0108, Bhopal के पास। समय 2026-06-05 01:37:00.",P00814,P00373,LOC0108
DIG000468,2026-07-11 23:52:00,hi,"PERSON_00550 और PERSON_00175 ने स्थान साझा किया, Zone_0083, Ujjain के पास। समय 2026-07-11 23:52:00.",P00550,P00175,LOC0083
DIG000469,2026-05-20 10:17:00,ml,"PERSON_00864 और PERSON_00528 ने സ്ഥലം പങ്കിട്ടു, Zone_0074, Ujjain के पास। समय 2026-05-20 10:17:00.",P00864,P00528,LOC0074
DIG000470,2026-05-15 07:17:00,ta,"PERSON_00259 और PERSON_00063 ने சென்றார், Zone_0141, Jabalpur के पास। समय 2026-05-15 07:17:00.",P00259,P00063,LOC0141
DIG000471,2026-02-13 01:04:00,hi,"PERSON_00736 और PERSON_00778 ने दौरा किया, Zone_0061, Gwalior के पास। समय 2026-02-13 01:04:00.",P00736,P00778,LOC0061
DIG000472,2026-03-14 20:16:00,gu,"PERSON_00409 और PERSON_00538 ने ફોન કર્યો, Zone_0039, Gwalior के पास। समय 2026-03-14 20:16:00.",P00409,P00538,LOC0039
DIG000473,2026-05-09 08:58:00,en,"PERSON_00506 transferred funds to PERSON_00967 near Zone_0041, Ujjain. Record time 2026-05-09 08:58:00.",P00506,P00967,LOC0041
DIG000474,2026-01-29 11:50:00,pa,"PERSON_00300 और PERSON_00030 ने ਮੁਲਾਕਾਤ ਕੀਤੀ, Zone_0096, Indore के पास। समय 2026-01-29 11:50:00.",P00300,P00030,LOC0096
DIG000475,2026-02-09 10:35:00,en,"PERSON_00568 used a vehicle PERSON_00623 near Zone_0039, Gwalior. Record time 2026-02-09 10:35:00.",P00568,P00623,LOC0039
DIG000476,2026-02-13 13:02:00,mr,"PERSON_00595 और PERSON_00372 ने पैसे पाठवले, Zone_0028, Bhopal के पास। समय 2026-02-13 13:02:00.",P00595,P00372,LOC0028
DIG000477,2026-06-08 08:29:00,gu,"PERSON_00053 और PERSON_00779 ने સંપર્ક કર્યો, Zone_0051, Bhopal के पास। समय 2026-06-08 08:29:00.",P00053,P00779,LOC0051
DIG000478,2026-08-12 15:59:00,ta,"PERSON_00948 और PERSON_00341 ने சந்தித்தார், Zone_0033, Jabalpur के पास। समय 2026-08-12 15:59:00.",P00948,P00341,LOC0033
DIG000479,2026-02-10 12:28:00,te,"PERSON_00845 और PERSON_00448 ने డబ్బు పంపారు, Zone_0179, Gwalior के पास। समय 2026-02-10 12:28:00.",P00845,P00448,LOC0179
DIG000480,2026-08-02 00:57:00,ta,"PERSON_00314 और PERSON_00480 ने தொடர்பு கொண்டார், Zone_0085, Gwalior के पास। समय 2026-08-02 00:57:00.",P00314,P00480,LOC0085
DIG000481,2026-02-08 15:46:00,kn,"PERSON_00940 और PERSON_00421 ने ಭೇಟಿ ನೀಡಿದರು, Zone_0047, Ujjain के पास। समय 2026-02-08 15:46:00.",P00940,P00421,LOC0047
DIG000482,2026-01-28 05:41:00,te,"PERSON_00918 और PERSON_00534 ने సంప్రదించారు, Zone_0154, Ujjain के पास। समय 2026-01-28 05:41:00.",P00918,P00534,LOC0154
DIG000483,2026-07-15 20:33:00,ml,"PERSON_00501 और PERSON_00248 ने കണ്ടുമുട്ടി, Zone_0041, Ujjain के पास। समय 2026-07-15 20:33:00.",P00501,P00248,LOC0041
DIG000484,2026-01-29 14:22:00,kn,"PERSON_00002 और PERSON_00708 ने ಸಂದೇಶ ಕಳುಹಿಸಿದರು, Zone_0085, Gwalior के पास। समय 2026-01-29 14:22:00.",P00002,P00708,LOC0085
DIG000485,2026-02-02 19:01:00,bn,"PERSON_00152 और PERSON_00903 ने টাকা পাঠিয়েছে, Zone_0081, Gwalior के पास। समय 2026-02-02 19:01:00.",P00152,P00903,LOC0081
DIG000486,2026-08-16 03:27:00,te,"PERSON_00933 और PERSON_00393 ने కలిశారు, Zone_0157, Nagpur के पास। समय 2026-08-16 03:27:00.",P00933,P00393,LOC0157
DIG000487,2026-04-20 19:38:00,mr,"PERSON_00053 और PERSON_00011 ने भेट दिली, Zone_0072, Indore के पास। समय 2026-04-20 19:38:00.",P00053,P00011,LOC0072
DIG000488,2026-05-03 01:31:00,gu,"PERSON_00384 और PERSON_00345 ने નાણાં મોકલ્યાં, Zone_0067, Indore के पास। समय 2026-05-03 01:31:00.",P00384,P00345,LOC0067
DIG000489,2026-04-05 11:24:00,te,"PERSON_00075 और PERSON_00935 ने ఫోన్ చేశారు, Zone_0030, Nagpur के पास। समय 2026-04-05 11:24:00.",P00075,P00935,LOC0030
DIG000490,2026-07-28 04:35:00,gu,"PERSON_00361 और PERSON_00571 ने સંદેશ મોકલ્યો, Zone_0001, Gwalior के पास। समय 2026-07-28 04:35:00.",P00361,P00571,LOC0001
DIG000491,2026-04-25 14:06:00,pa,"PERSON_00769 और PERSON_00172 ने ਪੈਸੇ ਭੇਜੇ, Zone_0047, Ujjain के पास। समय 2026-04-25 14:06:00.",P00769,P00172,LOC0047
DIG000492,2026-03-15 20:49:00,te,"PERSON_00399 और PERSON_00162 ने కలిశారు, Zone_0083, Ujjain के पास। समय 2026-03-15 20:49:00.",P00399,P00162,LOC0083
DIG000493,2026-04-04 17:49:00,mr,"PERSON_00675 और PERSON_00483 ने भेट दिली, Zone_0040, Bhopal के पास। समय 2026-04-04 17:49:00.",P00675,P00483,LOC0040
DIG000494,2026-02-20 04:31:00,pa,"PERSON_00129 और PERSON_00549 ने ਮੁਲਾਕਾਤ ਕੀਤੀ, Zone_0016, Ujjain के पास। समय 2026-02-20 04:31:00.",P00129,P00549,LOC0016
DIG000495,2026-04-12 08:13:00,ml,"PERSON_00312 और PERSON_00183 ने കണ്ടുമുട്ടി, Zone_0109, Bhopal के पास। समय 2026-04-12 08:13:00.",P00312,P00183,LOC0109
DIG000496,2026-07-11 11:13:00,ta,"PERSON_00967 और PERSON_00422 ने தொடர்பு கொண்டார், Zone_0024, Jabalpur के पास। समय 2026-07-11 11:13:00.",P00967,P00422,LOC0024
DIG000497,2026-04-28 07:18:00,hi,"PERSON_00132 और PERSON_00456 ने मिला, Zone_0029, Nagpur के पास। समय 2026-04-28 07:18:00.",P00132,P00456,LOC0029
DIG000498,2026-01-06 10:28:00,gu,"PERSON_00657 और PERSON_00359 ने મળ્યા, Zone_0089, Jabalpur के पास। समय 2026-01-06 10:28:00.",P00657,P00359,LOC0089
DIG000499,2026-01-13 21:05:00,pa,"PERSON_00969 और PERSON_00041 ने ਮਿਲਿਆ, Zone_0019, Gwalior के पास। समय 2026-01-13 21:05:00.",P00969,P00041,LOC0019
DIG000500,2026-05-29 15:14:00,gu,"PERSON_00535 और PERSON_00201 ने સ્થાન શેર કર્યું, Zone_0067, Indore के पास। समय 2026-05-29 15:14:00.",P00535,P00201,LOC0067
DIG000501,2026-02-02 09:51:00,te,"PERSON_00968 और PERSON_00830 ने ఫోన్ చేశారు, Zone_0040, Bhopal के पास। समय 2026-02-02 09:51:00.",P00968,P00830,LOC0040
DIG000502,2026-07-28 08:39:00,ur,"PERSON_00365 और PERSON_00328 ने رابطہ کیا, Zone_0035, Jabalpur के पास। समय 2026-07-28 08:39:00.",P00365,P00328,LOC0035
DIG000503,2026-07-20 11:29:00,en,"PERSON_00158 used a vehicle PERSON_00171 near Zone_0081, Gwalior. Record time 2026-07-20 11:29:00.",P00158,P00171,LOC0081
DIG000504,2026-04-17 02:11:00,pa,"PERSON_00693 और PERSON_00456 ने ਪੈਸੇ ਭੇਜੇ, Zone_0171, Bhopal के पास। समय 2026-04-17 02:11:00.",P00693,P00456,LOC0171
DIG000505,2026-01-08 13:02:00,te,"PERSON_00053 और PERSON_00623 ने డబ్బు పంపారు, Zone_0009, Jabalpur के पास। समय 2026-01-08 13:02:00.",P00053,P00623,LOC0009
DIG000506,2026-02-15 00:10:00,kn,"PERSON_00150 और PERSON_00539 ने ಭೇಟಿ ನೀಡಿದರು, Zone_0180, Indore के पास। समय 2026-02-15 00:10:00.",P00150,P00539,LOC0180
DIG000507,2026-06-26 21:32:00,en,"PERSON_00432 contacted PERSON_00136 near Zone_0050, Jabalpur. Record time 2026-06-26 21:32:00.",P00432,P00136,LOC0050
DIG000508,2026-04-19 10:35:00,kn,"PERSON_00967 और PERSON_00694 ने ಹಣ ಕಳುಹಿಸಿದರು, Zone_0156, Bhopal के पास। समय 2026-04-19 10:35:00.",P00967,P00694,LOC0156
DIG000509,2026-01-22 22:46:00,hi,"PERSON_00795 और PERSON_00110 ने वाहन का उपयोग किया, Zone_0119, Indore के पास। समय 2026-01-22 22:46:00.",P00795,P00110,LOC0119
DIG000510,2026-02-20 10:52:00,ml,"PERSON_00566 और PERSON_00229 ने സന്ദേശം അയച്ചു, Zone_0094, Gwalior के पास। समय 2026-02-20 10:52:00.",P00566,P00229,LOC0094
DIG000511,2026-04-19 12:52:00,en,"PERSON_00580 shared a location with PERSON_00845 near Zone_0005, Jabalpur. Record time 2026-04-19 12:52:00.",P00580,P00845,LOC0005
DIG000512,2026-04-07 17:51:00,bn,"PERSON_00748 और PERSON_00714 ने পরিদর্শন করেছে, Zone_0162, Nagpur के पास। समय 2026-04-07 17:51:00.",P00748,P00714,LOC0162
DIG000513,2026-07-31 03:12:00,te,"PERSON_00564 और PERSON_00525 ने వెళ్లారు, Zone_0088, Indore के पास। समय 2026-07-31 03:12:00.",P00564,P00525,LOC0088
DIG000514,2026-05-24 23:57:00,ta,"PERSON_00393 और PERSON_00778 ने செய்தி அனுப்பினார், Zone_0051, Bhopal के पास। समय 2026-05-24 23:57:00.",P00393,P00778,LOC0051
DIG000515,2026-08-12 06:55:00,bn,"PERSON_00706 और PERSON_00785 ने দেখা করেছে, Zone_0163, Nagpur के पास। समय 2026-08-12 06:55:00.",P00706,P00785,LOC0163
DIG000516,2026-06-08 12:15:00,ta,"PERSON_00299 और PERSON_00106 ने இடத்தை பகிர்ந்தார், Zone_0071, Indore के पास। समय 2026-06-08 12:15:00.",P00299,P00106,LOC0071
DIG000517,2026-05-21 08:37:00,en,"PERSON_00283 used a vehicle PERSON_00181 near Zone_0167, Nagpur. Record time 2026-05-21 08:37:00.",P00283,P00181,LOC0167
DIG000518,2026-05-29 23:14:00,mr,"PERSON_00505 और PERSON_00740 ने भेट दिली, Zone_0154, Ujjain के पास। समय 2026-05-29 23:14:00.",P00505,P00740,LOC0154
DIG000519,2026-08-03 13:05:00,ur,"PERSON_00781 और PERSON_00235 ने دورہ کیا, Zone_0130, Gwalior के पास। समय 2026-08-03 13:05:00.",P00781,P00235,LOC0130
DIG000520,2026-05-10 10:03:00,bn,"PERSON_00781 और PERSON_00110 ने টাকা পাঠিয়েছে, Zone_0050, Jabalpur के पास। समय 2026-05-10 10:03:00.",P00781,P00110,LOC0050
DIG000521,2026-04-09 17:02:00,ta,"PERSON_00869 और PERSON_00954 ने சென்றார், Zone_0058, Bhopal के पास। समय 2026-04-09 17:02:00.",P00869,P00954,LOC0058
DIG000522,2026-01-27 05:13:00,ta,"PERSON_00521 और PERSON_00344 ने இடத்தை பகிர்ந்தார், Zone_0144, Nagpur के पास। समय 2026-01-27 05:13:00.",P00521,P00344,LOC0144
DIG000523,2026-08-23 02:29:00,ta,"PERSON_00241 और PERSON_00936 ने சென்றார், Zone_0014, Bhopal के पास। समय 2026-08-23 02:29:00.",P00241,P00936,LOC0014
DIG000524,2026-04-15 21:36:00,pa,"PERSON_00213 और PERSON_00359 ने ਫੋਨ ਕੀਤਾ, Zone_0050, Jabalpur के पास। समय 2026-04-15 21:36:00.",P00213,P00359,LOC0050
DIG000525,2026-08-28 18:41:00,ml,"PERSON_00782 और PERSON_00956 ने സ്ഥലം പങ്കിട്ടു, Zone_0067, Indore के पास। समय 2026-08-28 18:41:00.",P00782,P00956,LOC0067
DIG000526,2026-02-17 17:31:00,mr,"PERSON_00529 और PERSON_00535 ने भेट दिली, Zone_0059, Indore के पास। समय 2026-02-17 17:31:00.",P00529,P00535,LOC0059
DIG000527,2026-08-06 03:00:00,kn,"PERSON_00149 और PERSON_00889 ने ಸಂದೇಶ ಕಳುಹಿಸಿದರು, Zone_0023, Jabalpur के पास। समय 2026-08-06 03:00:00.",P00149,P00889,LOC0023
DIG000528,2026-05-13 21:55:00,ta,"PERSON_00300 और PERSON_00486 ने சந்தித்தார், Zone_0030, Nagpur के पास। समय 2026-05-13 21:55:00.",P00300,P00486,LOC0030
DIG000529,2026-03-02 06:18:00,hi,"PERSON_00342 और PERSON_00666 ने संपर्क किया, Zone_0105, Bhopal के पास। समय 2026-03-02 06:18:00.",P00342,P00666,LOC0105
DIG000530,2026-01-09 11:48:00,ta,"PERSON_00224 और PERSON_00335 ने சென்றார், Zone_0044, Bhopal के पास। समय 2026-01-09 11:48:00.",P00224,P00335,LOC0044
DIG000531,2026-04-16 11:16:00,hi,"PERSON_00662 और PERSON_00369 ने संपर्क किया, Zone_0131, Gwalior के पास। समय 2026-04-16 11:16:00.",P00662,P00369,LOC0131
DIG000532,2026-07-27 14:20:00,bn,"PERSON_00455 और PERSON_00184 ने টাকা পাঠিয়েছে, Zone_0039, Gwalior के पास। समय 2026-07-27 14:20:00.",P00455,P00184,LOC0039
DIG000533,2026-05-30 17:56:00,en,"PERSON_00731 called PERSON_00739 near Zone_0046, Bhopal. Record time 2026-05-30 17:56:00.",P00731,P00739,LOC0046
DIG000534,2026-02-21 01:32:00,ta,"PERSON_00376 और PERSON_00914 ने அழைத்தார், Zone_0114, Bhopal के पास। समय 2026-02-21 01:32:00.",P00376,P00914,LOC0114
DIG000535,2026-08-02 14:32:00,ml,"PERSON_00155 और PERSON_00520 ने പണം അയച്ചു, Zone_0149, Ujjain के पास। समय 2026-08-02 14:32:00.",P00155,P00520,LOC0149
DIG000536,2026-02-03 22:08:00,en,"PERSON_00808 contacted PERSON_00960 near Zone_0119, Indore. Record time 2026-02-03 22:08:00.",P00808,P00960,LOC0119
DIG000537,2026-02-04 02:28:00,ur,"PERSON_00933 और PERSON_00478 ने مقام شیئر کیا, Zone_0172, Gwalior के पास। समय 2026-02-04 02:28:00.",P00933,P00478,LOC0172
DIG000538,2026-08-07 06:30:00,pa,"PERSON_00710 और PERSON_00457 ने ਸਥਾਨ ਸਾਂਝਾ ਕੀਤਾ, Zone_0051, Bhopal के पास। समय 2026-08-07 06:30:00.",P00710,P00457,LOC0051
DIG000539,2026-03-22 00:47:00,ml,"PERSON_00255 और PERSON_00474 ने പണം അയച്ചു, Zone_0122, Nagpur के पास। समय 2026-03-22 00:47:00.",P00255,P00474,LOC0122
DIG000540,2026-06-25 15:14:00,hi,"PERSON_00057 और PERSON_00582 ने धन भेजा, Zone_0002, Ujjain के पास। समय 2026-06-25 15:14:00.",P00057,P00582,LOC0002
DIG000541,2026-01-30 13:16:00,gu,"PERSON_00060 और PERSON_00883 ने સંપર્ક કર્યો, Zone_0139, Jabalpur के पास। समय 2026-01-30 13:16:00.",P00060,P00883,LOC0139
DIG000542,2026-04-13 01:49:00,kn,"PERSON_00186 और PERSON_00321 ने ಸಂಪರ್ಕಿಸಿದರು, Zone_0074, Ujjain के पास। समय 2026-04-13 01:49:00.",P00186,P00321,LOC0074
DIG000543,2026-06-10 23:14:00,pa,"PERSON_01000 और PERSON_00410 ने ਫੋਨ ਕੀਤਾ, Zone_0052, Nagpur के पास। समय 2026-06-10 23:14:00.",P01000,P00410,LOC0052
DIG000544,2026-07-25 22:36:00,mr,"PERSON_00739 और PERSON_00036 ने फोन केला, Zone_0141, Jabalpur के पास। समय 2026-07-25 22:36:00.",P00739,P00036,LOC0141
DIG000545,2026-04-05 12:01:00,hi,"PERSON_00459 और PERSON_00081 ने मिला, Zone_0098, Nagpur के पास। समय 2026-04-05 12:01:00.",P00459,P00081,LOC0098
DIG000546,2026-06-13 19:42:00,ta,"PERSON_00288 और PERSON_00276 ने சென்றார், Zone_0065, Jabalpur के पास। समय 2026-06-13 19:42:00.",P00288,P00276,LOC0065
DIG000547,2026-04-11 08:39:00,ta,"PERSON_00793 और PERSON_00597 ने பணம் அனுப்பினார், Zone_0130, Gwalior के पास। समय 2026-04-11 08:39:00.",P00793,P00597,LOC0130
DIG000548,2026-03-20 13:25:00,ur,"PERSON_00014 और PERSON_00501 ने ملاقات کی, Zone_0111, Jabalpur के पास। समय 2026-03-20 13:25:00.",P00014,P00501,LOC0111
DIG000549,2026-06-06 12:09:00,bn,"PERSON_00643 और PERSON_00942 ने ফোন করেছে, Zone_0020, Bhopal के पास। समय 2026-06-06 12:09:00.",P00643,P00942,LOC0020
DIG000550,2026-08-09 09:04:00,bn,"PERSON_00910 और PERSON_00117 ने যোগাযোগ করেছে, Zone_0024, Jabalpur के पास। समय 2026-08-09 09:04:00.",P00910,P00117,LOC0024
DIG000551,2026-02-11 04:43:00,bn,"PERSON_00480 और PERSON_00666 ने বার্তা পাঠিয়েছে, Zone_0143, Nagpur के पास। समय 2026-02-11 04:43:00.",P00480,P00666,LOC0143
DIG000552,2026-07-11 21:28:00,ta,"PERSON_00153 और PERSON_00075 ने செய்தி அனுப்பினார், Zone_0003, Indore के पास। समय 2026-07-11 21:28:00.",P00153,P00075,LOC0003
DIG000553,2026-04-15 19:43:00,ml,"PERSON_00961 और PERSON_00996 ने ബന്ധപ്പെട്ടു, Zone_0168, Nagpur के पास। समय 2026-04-15 19:43:00.",P00961,P00996,LOC0168
DIG000554,2026-01-11 12:48:00,bn,"PERSON_00785 और PERSON_00021 ने যোগাযোগ করেছে, Zone_0001, Gwalior के पास। समय 2026-01-11 12:48:00.",P00785,P00021,LOC0001
DIG000555,2026-04-14 07:02:00,mr,"PERSON_00861 और PERSON_00622 ने पैसे पाठवले, Zone_0095, Indore के पास। समय 2026-04-14 07:02:00.",P00861,P00622,LOC0095
DIG000556,2026-02-02 03:54:00,gu,"PERSON_00403 और PERSON_00881 ने મુલાકાત લીધી, Zone_0020, Bhopal के पास। समय 2026-02-02 03:54:00.",P00403,P00881,LOC0020
DIG000557,2026-03-04 00:48:00,kn,"PERSON_00054 और PERSON_00398 ने ಸಂದೇಶ ಕಳುಹಿಸಿದರು, Zone_0177, Gwalior के पास। समय 2026-03-04 00:48:00.",P00054,P00398,LOC0177
DIG000558,2026-02-02 21:25:00,te,"PERSON_00912 और PERSON_00094 ने సంప్రదించారు, Zone_0076, Indore के पास। समय 2026-02-02 21:25:00.",P00912,P00094,LOC0076
DIG000559,2026-07-11 18:42:00,bn,"PERSON_00004 और PERSON_00281 ने বার্তা পাঠিয়েছে, Zone_0052, Nagpur के पास। समय 2026-07-11 18:42:00.",P00004,P00281,LOC0052
DIG000560,2026-01-29 19:14:00,hi,"PERSON_00482 और PERSON_00344 ने फोन किया, Zone_0154, Ujjain के पास। समय 2026-01-29 19:14:00.",P00482,P00344,LOC0154
DIG000561,2026-02-09 02:05:00,ta,"PERSON_00875 और PERSON_00847 ने சந்தித்தார், Zone_0142, Jabalpur के पास। समय 2026-02-09 02:05:00.",P00875,P00847,LOC0142
DIG000562,2026-07-29 03:03:00,pa,"PERSON_00653 और PERSON_00405 ने ਮੁਲਾਕਾਤ ਕੀਤੀ, Zone_0041, Ujjain के पास। समय 2026-07-29 03:03:00.",P00653,P00405,LOC0041
DIG000563,2026-06-10 08:01:00,bn,"PERSON_00021 और PERSON_00826 ने ফোন করেছে, Zone_0106, Ujjain के पास। समय 2026-06-10 08:01:00.",P00021,P00826,LOC0106
DIG000564,2026-01-16 10:51:00,en,"PERSON_00195 used a vehicle PERSON_00467 near Zone_0046, Bhopal. Record time 2026-01-16 10:51:00.",P00195,P00467,LOC0046
DIG000565,2026-05-19 19:25:00,gu,"PERSON_00838 और PERSON_00538 ने મુલાકાત લીધી, Zone_0180, Indore के पास। समय 2026-05-19 19:25:00.",P00838,P00538,LOC0180
DIG000566,2026-05-20 22:23:00,gu,"PERSON_00238 और PERSON_00020 ने સંદેશ મોકલ્યો, Zone_0014, Bhopal के पास। समय 2026-05-20 22:23:00.",P00238,P00020,LOC0014
DIG000567,2026-02-26 10:10:00,ta,"PERSON_00253 और PERSON_00571 ने சந்தித்தார், Zone_0116, Bhopal के पास। समय 2026-02-26 10:10:00.",P00253,P00571,LOC0116
DIG000568,2026-02-06 22:55:00,kn,"PERSON_00125 और PERSON_00153 ने ಸಂಪರ್ಕಿಸಿದರು, Zone_0145, Jabalpur के पास। समय 2026-02-06 22:55:00.",P00125,P00153,LOC0145
DIG000569,2026-02-07 08:59:00,pa,"PERSON_00353 और PERSON_00480 ने ਫੋਨ ਕੀਤਾ, Zone_0085, Gwalior के पास। समय 2026-02-07 08:59:00.",P00353,P00480,LOC0085
DIG000570,2026-03-23 23:59:00,kn,"PERSON_00269 और PERSON_00851 ने ಕರೆ ಮಾಡಿದರು, Zone_0136, Jabalpur के पास। समय 2026-03-23 23:59:00.",P00269,P00851,LOC0136
DIG000571,2026-03-03 07:29:00,en,"PERSON_00170 shared a location with PERSON_00558 near Zone_0122, Nagpur. Record time 2026-03-03 07:29:00.",P00170,P00558,LOC0122
DIG000572,2026-01-23 08:42:00,gu,"PERSON_00628 और PERSON_00165 ने ફોન કર્યો, Zone_0007, Ujjain के पास। समय 2026-01-23 08:42:00.",P00628,P00165,LOC0007
DIG000573,2026-04-10 22:31:00,pa,"PERSON_00676 और PERSON_00804 ने ਸੁਨੇਹਾ ਭੇਜਿਆ, Zone_0143, Nagpur के पास। समय 2026-04-10 22:31:00.",P00676,P00804,LOC0143
DIG000574,2026-07-06 13:37:00,gu,"PERSON_00708 और PERSON_00534 ने મુલાકાત લીધી, Zone_0145, Jabalpur के पास। समय 2026-07-06 13:37:00.",P00708,P00534,LOC0145
DIG000575,2026-04-19 11:55:00,ta,"PERSON_00059 और PERSON_00230 ने செய்தி அனுப்பினார், Zone_0148, Indore के पास। समय 2026-04-19 11:55:00.",P00059,P00230,LOC0148
DIG000576,2026-07-02 05:46:00,bn,"PERSON_00915 और PERSON_00860 ने ফোন করেছে, Zone_0011, Gwalior के पास। समय 2026-07-02 05:46:00.",P00915,P00860,LOC0011
DIG000577,2026-08-17 02:15:00,pa,"PERSON_00825 और PERSON_00627 ने ਸੰਪਰਕ ਕੀਤਾ, Zone_0004, Indore के पास। समय 2026-08-17 02:15:00.",P00825,P00627,LOC0004
DIG000578,2026-03-28 12:18:00,hi,"PERSON_00424 और PERSON_00855 ने संदेश भेजा, Zone_0136, Jabalpur के पास। समय 2026-03-28 12:18:00.",P00424,P00855,LOC0136
DIG000579,2026-07-22 22:09:00,te,"PERSON_00575 और PERSON_00880 ने వెళ్లారు, Zone_0147, Ujjain के पास। समय 2026-07-22 22:09:00.",P00575,P00880,LOC0147
DIG000580,2026-08-17 12:51:00,pa,"PERSON_00691 और PERSON_00044 ने ਸੰਪਰਕ ਕੀਤਾ, Zone_0030, Nagpur के पास। समय 2026-08-17 12:51:00.",P00691,P00044,LOC0030
DIG000581,2026-07-19 14:25:00,pa,"PERSON_00236 और PERSON_00682 ने ਪੈਸੇ ਭੇਜੇ, Zone_0005, Jabalpur के पास। समय 2026-07-19 14:25:00.",P00236,P00682,LOC0005
DIG000582,2026-01-02 21:58:00,ta,"PERSON_00803 और PERSON_00875 ने சென்றார், Zone_0047, Ujjain के पास। समय 2026-01-02 21:58:00.",P00803,P00875,LOC0047
DIG000583,2026-01-21 14:05:00,en,"PERSON_00159 shared a location with PERSON_00804 near Zone_0079, Nagpur. Record time 2026-01-21 14:05:00.",P00159,P00804,LOC0079
DIG000584,2026-05-04 08:01:00,mr,"PERSON_00698 और PERSON_00853 ने पैसे पाठवले, Zone_0158, Jabalpur के पास। समय 2026-05-04 08:01:00.",P00698,P00853,LOC0158
DIG000585,2026-08-29 10:39:00,gu,"PERSON_00540 और PERSON_00712 ने સ્થાન શેર કર્યું, Zone_0104, Bhopal के पास। समय 2026-08-29 10:39:00.",P00540,P00712,LOC0104
DIG000586,2026-04-02 06:24:00,ta,"PERSON_00840 और PERSON_00647 ने செய்தி அனுப்பினார், Zone_0045, Gwalior के पास। समय 2026-04-02 06:24:00.",P00840,P00647,LOC0045
DIG000587,2026-01-06 04:46:00,bn,"PERSON_00535 और PERSON_00832 ने ফোন করেছে, Zone_0027, Gwalior के पास। समय 2026-01-06 04:46:00.",P00535,P00832,LOC0027
DIG000588,2026-06-20 04:16:00,hi,"PERSON_00911 और PERSON_00316 ने स्थान साझा किया, Zone_0157, Nagpur के पास। समय 2026-06-20 04:16:00.",P00911,P00316,LOC0157
DIG000589,2026-08-22 05:09:00,ta,"PERSON_00485 और PERSON_00877 ने பணம் அனுப்பினார், Zone_0179, Gwalior के पास। समय 2026-08-22 05:09:00.",P00485,P00877,LOC0179
DIG000590,2026-04-23 14:06:00,ml,"PERSON_00619 और PERSON_00184 ने സന്ദർശിച്ചു, Zone_0103, Indore के पास। समय 2026-04-23 14:06:00.",P00619,P00184,LOC0103
DIG000591,2026-01-21 08:27:00,gu,"PERSON_00972 और PERSON_00414 ने સંદેશ મોકલ્યો, Zone_0062, Ujjain के पास। समय 2026-01-21 08:27:00.",P00972,P00414,LOC0062
DIG000592,2026-07-27 23:47:00,bn,"PERSON_00040 और PERSON_00640 ने টাকা পাঠিয়েছে, Zone_0013, Gwalior के पास। समय 2026-07-27 23:47:00.",P00040,P00640,LOC0013
DIG000593,2026-07-25 05:44:00,mr,"PERSON_00356 और PERSON_00360 ने ठिकाण शेअर केले, Zone_0063, Gwalior के पास। समय 2026-07-25 05:44:00.",P00356,P00360,LOC0063
DIG000594,2026-04-30 11:48:00,ur,"PERSON_00565 और PERSON_00557 ने پیغام بھیجا, Zone_0025, Jabalpur के पास। समय 2026-04-30 11:48:00.",P00565,P00557,LOC0025
DIG000595,2026-07-25 08:53:00,ml,"PERSON_00650 और PERSON_00911 ने വിളിച്ചു, Zone_0150, Ujjain के पास। समय 2026-07-25 08:53:00.",P00650,P00911,LOC0150
DIG000596,2026-05-16 02:37:00,mr,"PERSON_00446 और PERSON_00730 ने पैसे पाठवले, Zone_0019, Gwalior के पास। समय 2026-05-16 02:37:00.",P00446,P00730,LOC0019
DIG000597,2026-06-28 16:27:00,ur,"PERSON_00093 और PERSON_00155 ने فون کیا, Zone_0093, Jabalpur के पास। समय 2026-06-28 16:27:00.",P00093,P00155,LOC0093
DIG000598,2026-04-27 07:57:00,ml,"PERSON_00843 और PERSON_00886 ने വിളിച്ചു, Zone_0055, Bhopal के पास। समय 2026-04-27 07:57:00.",P00843,P00886,LOC0055
DIG000599,2026-02-24 16:00:00,te,"PERSON_00090 और PERSON_00804 ने వెళ్లారు, Zone_0091, Jabalpur के पास। समय 2026-02-24 16:00:00.",P00090,P00804,LOC0091
DIG000600,2026-04-13 07:37:00,en,"PERSON_00248 contacted PERSON_00131 near Zone_0077, Bhopal. Record time 2026-04-13 07:37:00.",P00248,P00131,LOC0077
DIG000601,2026-08-17 08:10:00,pa,"PERSON_00667 और PERSON_00094 ने ਮਿਲਿਆ, Zone_0123, Ujjain के पास। समय 2026-08-17 08:10:00.",P00667,P00094,LOC0123
DIG000602,2026-03-29 20:34:00,gu,"PERSON_00307 और PERSON_00993 ने ફોન કર્યો, Zone_0054, Jabalpur के पास। समय 2026-03-29 20:34:00.",P00307,P00993,LOC0054
DIG000603,2026-06-09 17:03:00,te,"PERSON_00356 और PERSON_00999 ने స్థానం పంచుకున్నారు, Zone_0078, Ujjain के पास। समय 2026-06-09 17:03:00.",P00356,P00999,LOC0078
DIG000604,2026-05-20 18:30:00,bn,"PERSON_00668 और PERSON_00266 ने দেখা করেছে, Zone_0052, Nagpur के पास। समय 2026-05-20 18:30:00.",P00668,P00266,LOC0052
DIG000605,2026-08-09 03:12:00,ta,"PERSON_00143 और PERSON_00767 ने செய்தி அனுப்பினார், Zone_0140, Jabalpur के पास। समय 2026-08-09 03:12:00.",P00143,P00767,LOC0140
DIG000606,2026-06-23 00:16:00,en,"PERSON_00226 visited PERSON_00335 near Zone_0105, Bhopal. Record time 2026-06-23 00:16:00.",P00226,P00335,LOC0105
DIG000607,2026-02-23 22:38:00,ur,"PERSON_00478 और PERSON_00447 ने پیغام بھیجا, Zone_0156, Bhopal के पास। समय 2026-02-23 22:38:00.",P00478,P00447,LOC0156
DIG000608,2026-08-10 06:01:00,en,"PERSON_00029 met PERSON_00413 near Zone_0093, Jabalpur. Record time 2026-08-10 06:01:00.",P00029,P00413,LOC0093
DIG000609,2026-02-23 00:17:00,kn,"PERSON_00762 और PERSON_00790 ने ಸ್ಥಳ ಹಂಚಿಕೊಂಡರು, Zone_0096, Indore के पास। समय 2026-02-23 00:17:00.",P00762,P00790,LOC0096
DIG000610,2026-03-08 09:40:00,mr,"PERSON_00924 और PERSON_00033 ने पैसे पाठवले, Zone_0111, Jabalpur के पास। समय 2026-03-08 09:40:00.",P00924,P00033,LOC0111
DIG000611,2026-03-19 05:51:00,bn,"PERSON_00974 और PERSON_00764 ने পরিদর্শন করেছে, Zone_0143, Nagpur के पास। समय 2026-03-19 05:51:00.",P00974,P00764,LOC0143
DIG000612,2026-07-03 07:41:00,kn,"PERSON_00703 और PERSON_00079 ने ಸಂದೇಶ ಕಳುಹಿಸಿದರು, Zone_0166, Bhopal के पास। समय 2026-07-03 07:41:00.",P00703,P00079,LOC0166
DIG000613,2026-03-03 12:07:00,ta,"PERSON_00469 और PERSON_00460 ने செய்தி அனுப்பினார், Zone_0070, Ujjain के पास। समय 2026-03-03 12:07:00.",P00469,P00460,LOC0070
DIG000614,2026-03-28 00:50:00,gu,"PERSON_00155 और PERSON_00592 ने સંદેશ મોકલ્યો, Zone_0141, Jabalpur के पास। समय 2026-03-28 00:50:00.",P00155,P00592,LOC0141
DIG000615,2026-06-17 08:34:00,hi,"PERSON_00645 और PERSON_00874 ने संपर्क किया, Zone_0086, Gwalior के पास। समय 2026-06-17 08:34:00.",P00645,P00874,LOC0086
DIG000616,2026-03-14 21:48:00,ur,"PERSON_00468 और PERSON_00742 ने ملاقات کی, Zone_0139, Jabalpur के पास। समय 2026-03-14 21:48:00.",P00468,P00742,LOC0139
DIG000617,2026-05-24 19:32:00,hi,"PERSON_00833 और PERSON_00570 ने वाहन का उपयोग किया, Zone_0136, Jabalpur के पास। समय 2026-05-24 19:32:00.",P00833,P00570,LOC0136
DIG000618,2026-05-27 20:35:00,gu,"PERSON_00022 और PERSON_00610 ने ફોન કર્યો, Zone_0102, Ujjain के पास। समय 2026-05-27 20:35:00.",P00022,P00610,LOC0102
DIG000619,2026-05-07 21:36:00,mr,"PERSON_00675 और PERSON_00061 ने संपर्क केला, Zone_0091, Jabalpur के पास। समय 2026-05-07 21:36:00.",P00675,P00061,LOC0091
DIG000620,2026-03-31 09:26:00,bn,"PERSON_00855 और PERSON_00907 ने যোগাযোগ করেছে, Zone_0178, Gwalior के पास। समय 2026-03-31 09:26:00.",P00855,P00907,LOC0178
DIG000621,2026-05-14 22:40:00,gu,"PERSON_00578 और PERSON_00113 ने ફોન કર્યો, Zone_0143, Nagpur के पास। समय 2026-05-14 22:40:00.",P00578,P00113,LOC0143
DIG000622,2026-03-30 19:00:00,mr,"PERSON_00033 और PERSON_00766 ने ठिकाण शेअर केले, Zone_0033, Jabalpur के पास। समय 2026-03-30 19:00:00.",P00033,P00766,LOC0033
DIG000623,2026-06-18 23:52:00,kn,"PERSON_00608 और PERSON_00286 ने ಸ್ಥಳ ಹಂಚಿಕೊಂಡರು, Zone_0151, Indore के पास। समय 2026-06-18 23:52:00.",P00608,P00286,LOC0151
DIG000624,2026-06-24 08:08:00,hi,"PERSON_00884 और PERSON_00151 ने धन भेजा, Zone_0070, Ujjain के पास। समय 2026-06-24 08:08:00.",P00884,P00151,LOC0070
DIG000625,2026-07-31 09:58:00,en,"PERSON_00546 visited PERSON_00710 near Zone_0160, Ujjain. Record time 2026-07-31 09:58:00.",P00546,P00710,LOC0160
DIG000626,2026-03-18 01:34:00,pa,"PERSON_00117 और PERSON_00086 ने ਸਥਾਨ ਸਾਂਝਾ ਕੀਤਾ, Zone_0141, Jabalpur के पास। समय 2026-03-18 01:34:00.",P00117,P00086,LOC0141
DIG000627,2026-05-11 14:39:00,ml,"PERSON_00053 और PERSON_00481 ने വിളിച്ചു, Zone_0002, Ujjain के पास। समय 2026-05-11 14:39:00.",P00053,P00481,LOC0002
DIG000628,2026-03-14 17:53:00,bn,"PERSON_00777 और PERSON_00917 ने টাকা পাঠিয়েছে, Zone_0003, Indore के पास। समय 2026-03-14 17:53:00.",P00777,P00917,LOC0003
DIG000629,2026-05-13 03:52:00,kn,"PERSON_00928 और PERSON_00407 ने ಸ್ಥಳ ಹಂಚಿಕೊಂಡರು, Zone_0006, Bhopal के पास। समय 2026-05-13 03:52:00.",P00928,P00407,LOC0006
DIG000630,2026-02-01 10:24:00,te,"PERSON_00668 और PERSON_00051 ने సందేశం పంపారు, Zone_0070, Ujjain के पास। समय 2026-02-01 10:24:00.",P00668,P00051,LOC0070
DIG000631,2026-04-01 11:05:00,gu,"PERSON_00065 और PERSON_00461 ने સંદેશ મોકલ્યો, Zone_0127, Bhopal के पास। समय 2026-04-01 11:05:00.",P00065,P00461,LOC0127
DIG000632,2026-03-05 05:30:00,ur,"PERSON_00418 और PERSON_00366 ने ملاقات کی, Zone_0012, Nagpur के पास। समय 2026-03-05 05:30:00.",P00418,P00366,LOC0012
DIG000633,2026-06-02 12:44:00,mr,"PERSON_00496 और PERSON_00426 ने संपर्क केला, Zone_0133, Indore के पास। समय 2026-06-02 12:44:00.",P00496,P00426,LOC0133
DIG000634,2026-04-08 08:15:00,ur,"PERSON_00157 और PERSON_00099 ने مقام شیئر کیا, Zone_0170, Ujjain के पास। समय 2026-04-08 08:15:00.",P00157,P00099,LOC0170
DIG000635,2026-05-13 03:08:00,ta,"PERSON_00045 और PERSON_00726 ने சந்தித்தார், Zone_0175, Jabalpur के पास। समय 2026-05-13 03:08:00.",P00045,P00726,LOC0175
DIG000636,2026-04-02 14:32:00,bn,"PERSON_00286 और PERSON_00707 ने পরিদর্শন করেছে, Zone_0129, Nagpur के पास। समय 2026-04-02 14:32:00.",P00286,P00707,LOC0129
DIG000637,2026-05-29 16:13:00,ml,"PERSON_00986 और PERSON_00938 ने കണ്ടുമുട്ടി, Zone_0060, Ujjain के पास। समय 2026-05-29 16:13:00.",P00986,P00938,LOC0060
DIG000638,2026-07-06 22:30:00,gu,"PERSON_00143 और PERSON_00654 ने મળ્યા, Zone_0091, Jabalpur के पास। समय 2026-07-06 22:30:00.",P00143,P00654,LOC0091
DIG000639,2026-02-26 23:54:00,gu,"PERSON_00807 और PERSON_00216 ने સ્થાન શેર કર્યું, Zone_0015, Gwalior के पास। समय 2026-02-26 23:54:00.",P00807,P00216,LOC0015
DIG000640,2026-03-26 03:02:00,ml,"PERSON_00837 और PERSON_00535 ने ബന്ധപ്പെട്ടു, Zone_0033, Jabalpur के पास। समय 2026-03-26 03:02:00.",P00837,P00535,LOC0033
DIG000641,2026-01-18 18:15:00,ml,"PERSON_00814 और PERSON_00067 ने പണം അയച്ചു, Zone_0096, Indore के पास। समय 2026-01-18 18:15:00.",P00814,P00067,LOC0096
DIG000642,2026-05-09 21:28:00,gu,"PERSON_00390 और PERSON_00082 ने સ્થાન શેર કર્યું, Zone_0035, Jabalpur के पास। समय 2026-05-09 21:28:00.",P00390,P00082,LOC0035
DIG000643,2026-07-26 19:00:00,pa,"PERSON_00774 और PERSON_00736 ने ਮੁਲਾਕਾਤ ਕੀਤੀ, Zone_0173, Jabalpur के पास। समय 2026-07-26 19:00:00.",P00774,P00736,LOC0173
DIG000644,2026-06-19 08:35:00,mr,"PERSON_00941 और PERSON_00366 ने फोन केला, Zone_0007, Ujjain के पास। समय 2026-06-19 08:35:00.",P00941,P00366,LOC0007
DIG000645,2026-06-07 00:54:00,ur,"PERSON_00863 और PERSON_00717 ने رقم منتقل کی, Zone_0016, Ujjain के पास। समय 2026-06-07 00:54:00.",P00863,P00717,LOC0016
DIG000646,2026-01-05 22:23:00,hi,"PERSON_00094 और PERSON_00731 ने धन भेजा, Zone_0058, Bhopal के पास। समय 2026-01-05 22:23:00.",P00094,P00731,LOC0058
DIG000647,2026-03-31 11:57:00,pa,"PERSON_00992 और PERSON_00623 ने ਪੈਸੇ ਭੇਜੇ, Zone_0179, Gwalior के पास। समय 2026-03-31 11:57:00.",P00992,P00623,LOC0179
DIG000648,2026-03-13 16:24:00,pa,"PERSON_00620 और PERSON_00323 ने ਸੰਪਰਕ ਕੀਤਾ, Zone_0050, Jabalpur के पास। समय 2026-03-13 16:24:00.",P00620,P00323,LOC0050
DIG000649,2026-03-04 13:01:00,ta,"PERSON_00106 और PERSON_00063 ने செய்தி அனுப்பினார், Zone_0046, Bhopal के पास। समय 2026-03-04 13:01:00.",P00106,P00063,LOC0046
DIG000650,2026-03-08 22:04:00,ml,"PERSON_00995 और PERSON_00997 ने കണ്ടുമുട്ടി, Zone_0157, Nagpur के पास। समय 2026-03-08 22:04:00.",P00995,P00997,LOC0157
DIG000651,2026-08-09 17:02:00,te,"PERSON_00067 और PERSON_00357 ने స్థానం పంచుకున్నారు, Zone_0041, Ujjain के पास। समय 2026-08-09 17:02:00.",P00067,P00357,LOC0041
DIG000652,2026-01-23 10:40:00,mr,"PERSON_00185 और PERSON_00381 ने भेटला, Zone_0162, Nagpur के पास। समय 2026-01-23 10:40:00.",P00185,P00381,LOC0162
DIG000653,2026-08-06 12:23:00,en,"PERSON_00014 contacted PERSON_00196 near Zone_0003, Indore. Record time 2026-08-06 12:23:00.",P00014,P00196,LOC0003
DIG000654,2026-02-09 12:37:00,ml,"PERSON_00858 और PERSON_00716 ने വിളിച്ചു, Zone_0135, Nagpur के पास। समय 2026-02-09 12:37:00.",P00858,P00716,LOC0135
DIG000655,2026-08-24 18:55:00,ur,"PERSON_00752 और PERSON_00505 ने پیغام بھیجا, Zone_0039, Gwalior के पास। समय 2026-08-24 18:55:00.",P00752,P00505,LOC0039
DIG000656,2026-01-30 16:37:00,mr,"PERSON_00559 और PERSON_00450 ने संपर्क केला, Zone_0075, Gwalior के पास। समय 2026-01-30 16:37:00.",P00559,P00450,LOC0075
DIG000657,2026-02-19 10:51:00,en,"PERSON_00513 sent a message to PERSON_00891 near Zone_0018, Bhopal. Record time 2026-02-19 10:51:00.",P00513,P00891,LOC0018
DIG000658,2026-08-01 19:17:00,kn,"PERSON_00308 और PERSON_00520 ने ಭೇಟಿ ನೀಡಿದರು, Zone_0124, Bhopal के पास। समय 2026-08-01 19:17:00.",P00308,P00520,LOC0124
DIG000659,2026-04-18 08:21:00,mr,"PERSON_00933 और PERSON_00403 ने ठिकाण शेअर केले, Zone_0163, Nagpur के पास। समय 2026-04-18 08:21:00.",P00933,P00403,LOC0163
DIG000660,2026-04-13 05:31:00,bn,"PERSON_00019 और PERSON_00978 ने স্থান ভাগ করেছে, Zone_0068, Bhopal के पास। समय 2026-04-13 05:31:00.",P00019,P00978,LOC0068
DIG000661,2026-06-18 06:14:00,pa,"PERSON_00296 और PERSON_00977 ने ਸੰਪਰਕ ਕੀਤਾ, Zone_0027, Gwalior के पास। समय 2026-06-18 06:14:00.",P00296,P00977,LOC0027
DIG000662,2026-07-05 12:14:00,ur,"PERSON_00480 और PERSON_00004 ने فون کیا, Zone_0067, Indore के पास। समय 2026-07-05 12:14:00.",P00480,P00004,LOC0067
DIG000663,2026-01-18 08:22:00,te,"PERSON_00898 और PERSON_00160 ने సంప్రదించారు, Zone_0093, Jabalpur के पास। समय 2026-01-18 08:22:00.",P00898,P00160,LOC0093
DIG000664,2026-04-28 11:53:00,kn,"PERSON_00385 और PERSON_00031 ने ಕರೆ ಮಾಡಿದರು, Zone_0175, Jabalpur के पास। समय 2026-04-28 11:53:00.",P00385,P00031,LOC0175
DIG000665,2026-08-15 11:10:00,pa,"PERSON_00625 और PERSON_00185 ने ਪੈਸੇ ਭੇਜੇ, Zone_0015, Gwalior के पास। समय 2026-08-15 11:10:00.",P00625,P00185,LOC0015
DIG000666,2026-03-04 01:15:00,mr,"PERSON_00293 और PERSON_00861 ने पैसे पाठवले, Zone_0180, Indore के पास। समय 2026-03-04 01:15:00.",P00293,P00861,LOC0180
DIG000667,2026-03-20 08:08:00,ml,"PERSON_00338 और PERSON_00664 ने സ്ഥലം പങ്കിട്ടു, Zone_0025, Jabalpur के पास। समय 2026-03-20 08:08:00.",P00338,P00664,LOC0025
DIG000668,2026-02-13 13:22:00,bn,"PERSON_00864 और PERSON_00831 ने স্থান ভাগ করেছে, Zone_0014, Bhopal के पास। समय 2026-02-13 13:22:00.",P00864,P00831,LOC0014
DIG000669,2026-03-28 05:49:00,mr,"PERSON_00532 और PERSON_00891 ने भेटला, Zone_0058, Bhopal के पास। समय 2026-03-28 05:49:00.",P00532,P00891,LOC0058
DIG000670,2026-08-10 16:55:00,ml,"PERSON_00653 और PERSON_00771 ने കണ്ടുമുട്ടി, Zone_0152, Nagpur के पास। समय 2026-08-10 16:55:00.",P00653,P00771,LOC0152
DIG000671,2026-07-12 20:15:00,ur,"PERSON_00688 और PERSON_00931 ने فون کیا, Zone_0111, Jabalpur के पास। समय 2026-07-12 20:15:00.",P00688,P00931,LOC0111
DIG000672,2026-01-23 09:12:00,hi,"PERSON_00538 और PERSON_00393 ने संपर्क किया, Zone_0058, Bhopal के पास। समय 2026-01-23 09:12:00.",P00538,P00393,LOC0058
DIG000673,2026-05-17 10:57:00,hi,"PERSON_00780 और PERSON_00505 ने फोन किया, Zone_0030, Nagpur के पास। समय 2026-05-17 10:57:00.",P00780,P00505,LOC0030
DIG000674,2026-02-10 03:26:00,ur,"PERSON_00006 और PERSON_00930 ने مقام شیئر کیا, Zone_0070, Ujjain के पास। समय 2026-02-10 03:26:00.",P00006,P00930,LOC0070
DIG000675,2026-07-03 18:12:00,ml,"PERSON_00012 और PERSON_00176 ने സ്ഥലം പങ്കിട്ടു, Zone_0057, Ujjain के पास। समय 2026-07-03 18:12:00.",P00012,P00176,LOC0057
DIG000676,2026-04-21 05:28:00,ml,"PERSON_00735 और PERSON_00827 ने പണം അയച്ചു, Zone_0136, Jabalpur के पास। समय 2026-04-21 05:28:00.",P00735,P00827,LOC0136
DIG000677,2026-03-13 17:56:00,hi,"PERSON_00770 और PERSON_00183 ने संपर्क किया, Zone_0040, Bhopal के पास। समय 2026-03-13 17:56:00.",P00770,P00183,LOC0040
DIG000678,2026-04-04 03:47:00,ta,"PERSON_00463 और PERSON_00161 ने சந்தித்தார், Zone_0077, Bhopal के पास। समय 2026-04-04 03:47:00.",P00463,P00161,LOC0077
DIG000679,2026-08-12 21:48:00,kn,"PERSON_00522 और PERSON_00644 ने ಸಂಪರ್ಕಿಸಿದರು, Zone_0128, Bhopal के पास। समय 2026-08-12 21:48:00.",P00522,P00644,LOC0128
DIG000680,2026-06-05 01:53:00,en,"PERSON_00031 transferred funds to PERSON_00849 near Zone_0180, Indore. Record time 2026-06-05 01:53:00.",P00031,P00849,LOC0180
DIG000681,2026-02-07 15:36:00,gu,"PERSON_00273 और PERSON_00518 ने નાણાં મોકલ્યાં, Zone_0078, Ujjain के पास। समय 2026-02-07 15:36:00.",P00273,P00518,LOC0078
DIG000682,2026-02-02 07:56:00,gu,"PERSON_00447 और PERSON_00468 ने સ્થાન શેર કર્યું, Zone_0026, Nagpur के पास। समय 2026-02-02 07:56:00.",P00447,P00468,LOC0026
DIG000683,2026-06-12 15:24:00,te,"PERSON_00098 और PERSON_00424 ने వెళ్లారు, Zone_0047, Ujjain के पास। समय 2026-06-12 15:24:00.",P00098,P00424,LOC0047
DIG000684,2026-03-17 19:38:00,mr,"PERSON_00339 और PERSON_00832 ने संपर्क केला, Zone_0051, Bhopal के पास। समय 2026-03-17 19:38:00.",P00339,P00832,LOC0051
DIG000685,2026-05-27 16:26:00,mr,"PERSON_00148 और PERSON_00444 ने संदेश पाठवला, Zone_0174, Gwalior के पास। समय 2026-05-27 16:26:00.",P00148,P00444,LOC0174
DIG000686,2026-01-08 15:17:00,ur,"PERSON_00541 और PERSON_00004 ने دورہ کیا, Zone_0068, Bhopal के पास। समय 2026-01-08 15:17:00.",P00541,P00004,LOC0068
DIG000687,2026-03-16 08:18:00,kn,"PERSON_00039 और PERSON_00435 ने ಭೇಟಿಯಾದರು, Zone_0006, Bhopal के पास। समय 2026-03-16 08:18:00.",P00039,P00435,LOC0006
DIG000688,2026-05-11 02:26:00,mr,"PERSON_00954 और PERSON_00176 ने संपर्क केला, Zone_0034, Jabalpur के पास। समय 2026-05-11 02:26:00.",P00954,P00176,LOC0034
DIG000689,2026-02-18 11:06:00,te,"PERSON_00682 और PERSON_00554 ने సందేశం పంపారు, Zone_0014, Bhopal के पास। समय 2026-02-18 11:06:00.",P00682,P00554,LOC0014
DIG000690,2026-04-12 06:24:00,ta,"PERSON_00234 और PERSON_00751 ने சென்றார், Zone_0093, Jabalpur के पास। समय 2026-04-12 06:24:00.",P00234,P00751,LOC0093
DIG000691,2026-01-17 01:30:00,te,"PERSON_00748 और PERSON_00038 ने స్థానం పంచుకున్నారు, Zone_0017, Gwalior के पास। समय 2026-01-17 01:30:00.",P00748,P00038,LOC0017
DIG000692,2026-06-27 19:03:00,en,"PERSON_00590 met PERSON_00347 near Zone_0086, Gwalior. Record time 2026-06-27 19:03:00.",P00590,P00347,LOC0086
DIG000693,2026-08-12 20:21:00,kn,"PERSON_00033 और PERSON_00244 ने ಭೇಟಿಯಾದರು, Zone_0041, Ujjain के पास। समय 2026-08-12 20:21:00.",P00033,P00244,LOC0041
DIG000694,2026-04-21 19:40:00,ur,"PERSON_00926 और PERSON_00040 ने دورہ کیا, Zone_0090, Gwalior के पास। समय 2026-04-21 19:40:00.",P00926,P00040,LOC0090
DIG000695,2026-05-14 05:13:00,bn,"PERSON_00207 और PERSON_00829 ने স্থান ভাগ করেছে, Zone_0149, Ujjain के पास। समय 2026-05-14 05:13:00.",P00207,P00829,LOC0149
DIG000696,2026-02-26 00:10:00,en,"PERSON_00720 used a vehicle PERSON_00264 near Zone_0035, Jabalpur. Record time 2026-02-26 00:10:00.",P00720,P00264,LOC0035
DIG000697,2026-07-24 20:19:00,kn,"PERSON_00133 और PERSON_00613 ने ಸಂದೇಶ ಕಳುಹಿಸಿದರು, Zone_0074, Ujjain के पास। समय 2026-07-24 20:19:00.",P00133,P00613,LOC0074
DIG000698,2026-07-02 08:11:00,mr,"PERSON_00379 और PERSON_00783 ने फोन केला, Zone_0136, Jabalpur के पास। समय 2026-07-02 08:11:00.",P00379,P00783,LOC0136
DIG000699,2026-05-02 20:59:00,mr,"PERSON_00858 और PERSON_00089 ने ठिकाण शेअर केले, Zone_0144, Nagpur के पास। समय 2026-05-02 20:59:00.",P00858,P00089,LOC0144
DIG000700,2026-02-13 13:12:00,ta,"PERSON_00731 और PERSON_00707 ने சந்தித்தார், Zone_0068, Bhopal के पास। समय 2026-02-13 13:12:00.",P00731,P00707,LOC0068
DIG000701,2026-05-16 10:07:00,hi,"PERSON_00663 और PERSON_00243 ने धन भेजा, Zone_0092, Ujjain के पास। समय 2026-05-16 10:07:00.",P00663,P00243,LOC0092
DIG000702,2026-04-09 12:48:00,en,"PERSON_00451 sent a message to PERSON_00705 near Zone_0105, Bhopal. Record time 2026-04-09 12:48:00.",P00451,P00705,LOC0105
DIG000703,2026-02-19 08:22:00,ta,"PERSON_00539 और PERSON_00187 ने தொடர்பு கொண்டார், Zone_0034, Jabalpur के पास। समय 2026-02-19 08:22:00.",P00539,P00187,LOC0034
DIG000704,2026-05-25 10:31:00,kn,"PERSON_00645 और PERSON_00755 ने ಕರೆ ಮಾಡಿದರು, Zone_0055, Bhopal के पास। समय 2026-05-25 10:31:00.",P00645,P00755,LOC0055
DIG000705,2026-06-01 10:15:00,te,"PERSON_00431 और PERSON_00272 ने స్థానం పంచుకున్నారు, Zone_0081, Gwalior के पास। समय 2026-06-01 10:15:00.",P00431,P00272,LOC0081
DIG000706,2026-07-13 19:32:00,bn,"PERSON_00317 और PERSON_00476 ने টাকা পাঠিয়েছে, Zone_0022, Gwalior के पास। समय 2026-07-13 19:32:00.",P00317,P00476,LOC0022
DIG000707,2026-06-06 16:05:00,kn,"PERSON_00383 और PERSON_00594 ने ಸಂದೇಶ ಕಳುಹಿಸಿದರು, Zone_0064, Ujjain के पास। समय 2026-06-06 16:05:00.",P00383,P00594,LOC0064
DIG000708,2026-08-04 19:37:00,gu,"PERSON_00926 और PERSON_00517 ने નાણાં મોકલ્યાં, Zone_0022, Gwalior के पास। समय 2026-08-04 19:37:00.",P00926,P00517,LOC0022
DIG000709,2026-07-06 01:28:00,en,"PERSON_00262 contacted PERSON_00501 near Zone_0109, Bhopal. Record time 2026-07-06 01:28:00.",P00262,P00501,LOC0109
DIG000710,2026-02-13 21:15:00,ta,"PERSON_00061 और PERSON_00866 ने இடத்தை பகிர்ந்தார், Zone_0121, Nagpur के पास। समय 2026-02-13 21:15:00.",P00061,P00866,LOC0121
DIG000711,2026-07-05 02:20:00,ml,"PERSON_00421 और PERSON_00161 ने സ്ഥലം പങ്കിട്ടു, Zone_0141, Jabalpur के पास। समय 2026-07-05 02:20:00.",P00421,P00161,LOC0141
DIG000712,2026-03-05 10:16:00,hi,"PERSON_00427 और PERSON_00242 ने संपर्क किया, Zone_0100, Jabalpur के पास। समय 2026-03-05 10:16:00.",P00427,P00242,LOC0100
DIG000713,2026-01-17 02:14:00,en,"PERSON_00184 used a vehicle PERSON_00498 near Zone_0160, Ujjain. Record time 2026-01-17 02:14:00.",P00184,P00498,LOC0160
DIG000714,2026-07-23 09:58:00,kn,"PERSON_00171 और PERSON_00203 ने ಭೇಟಿ ನೀಡಿದರು, Zone_0093, Jabalpur के पास। समय 2026-07-23 09:58:00.",P00171,P00203,LOC0093
DIG000715,2026-04-24 19:45:00,ml,"PERSON_00663 और PERSON_00448 ने വിളിച്ചു, Zone_0148, Indore के पास। समय 2026-04-24 19:45:00.",P00663,P00448,LOC0148
DIG000716,2026-02-15 07:06:00,mr,"PERSON_00421 और PERSON_00990 ने भेटला, Zone_0179, Gwalior के पास। समय 2026-02-15 07:06:00.",P00421,P00990,LOC0179
DIG000717,2026-07-30 14:49:00,ml,"PERSON_00627 और PERSON_00038 ने സ്ഥലം പങ്കിട്ടു, Zone_0015, Gwalior के पास। समय 2026-07-30 14:49:00.",P00627,P00038,LOC0015
DIG000718,2026-05-18 20:45:00,en,"PERSON_00255 used a vehicle PERSON_00464 near Zone_0172, Gwalior. Record time 2026-05-18 20:45:00.",P00255,P00464,LOC0172
DIG000719,2026-01-20 13:00:00,ml,"PERSON_00656 और PERSON_00776 ने വിളിച്ചു, Zone_0170, Ujjain के पास। समय 2026-01-20 13:00:00.",P00656,P00776,LOC0170
DIG000720,2026-06-24 08:12:00,gu,"PERSON_00823 और PERSON_00208 ने મળ્યા, Zone_0019, Gwalior के पास। समय 2026-06-24 08:12:00.",P00823,P00208,LOC0019
DIG000721,2026-06-27 12:09:00,te,"PERSON_00848 और PERSON_00726 ने సందేశం పంపారు, Zone_0108, Bhopal के पास। समय 2026-06-27 12:09:00.",P00848,P00726,LOC0108
DIG000722,2026-03-31 02:10:00,te,"PERSON_00841 और PERSON_00797 ने వెళ్లారు, Zone_0128, Bhopal के पास। समय 2026-03-31 02:10:00.",P00841,P00797,LOC0128
DIG000723,2026-06-17 09:45:00,gu,"PERSON_00431 और PERSON_00676 ने સ્થાન શેર કર્યું, Zone_0089, Jabalpur के पास। समय 2026-06-17 09:45:00.",P00431,P00676,LOC0089
DIG000724,2026-05-26 13:55:00,ta,"PERSON_00257 और PERSON_00687 ने இடத்தை பகிர்ந்தார், Zone_0081, Gwalior के पास। समय 2026-05-26 13:55:00.",P00257,P00687,LOC0081
DIG000725,2026-02-16 01:29:00,hi,"PERSON_00755 और PERSON_00290 ने दौरा किया, Zone_0043, Gwalior के पास। समय 2026-02-16 01:29:00.",P00755,P00290,LOC0043
DIG000726,2026-03-16 16:08:00,pa,"PERSON_00782 और PERSON_00253 ने ਫੋਨ ਕੀਤਾ, Zone_0008, Nagpur के पास। समय 2026-03-16 16:08:00.",P00782,P00253,LOC0008
DIG000727,2026-04-11 03:09:00,gu,"PERSON_00497 और PERSON_00520 ने સંપર્ક કર્યો, Zone_0144, Nagpur के पास। समय 2026-04-11 03:09:00.",P00497,P00520,LOC0144
DIG000728,2026-03-06 06:56:00,bn,"PERSON_00644 और PERSON_00665 ने পরিদর্শন করেছে, Zone_0143, Nagpur के पास। समय 2026-03-06 06:56:00.",P00644,P00665,LOC0143
DIG000729,2026-07-23 10:07:00,ur,"PERSON_00995 और PERSON_00939 ने فون کیا, Zone_0123, Ujjain के पास। समय 2026-07-23 10:07:00.",P00995,P00939,LOC0123
DIG000730,2026-05-15 05:45:00,hi,"PERSON_00228 और PERSON_00821 ने मिला, Zone_0068, Bhopal के पास। समय 2026-05-15 05:45:00.",P00228,P00821,LOC0068
DIG000731,2026-06-13 20:26:00,mr,"PERSON_00507 और PERSON_00714 ने फोन केला, Zone_0073, Jabalpur के पास। समय 2026-06-13 20:26:00.",P00507,P00714,LOC0073
DIG000732,2026-04-18 10:21:00,ml,"PERSON_00793 और PERSON_00178 ने സന്ദർശിച്ചു, Zone_0058, Bhopal के पास। समय 2026-04-18 10:21:00.",P00793,P00178,LOC0058
DIG000733,2026-04-05 10:07:00,ur,"PERSON_00514 और PERSON_00749 ने مقام شیئر کیا, Zone_0065, Jabalpur के पास। समय 2026-04-05 10:07:00.",P00514,P00749,LOC0065
DIG000734,2026-07-16 17:43:00,ml,"PERSON_00068 और PERSON_00221 ने ബന്ധപ്പെട്ടു, Zone_0012, Nagpur के पास। समय 2026-07-16 17:43:00.",P00068,P00221,LOC0012
DIG000735,2026-04-28 10:10:00,ur,"PERSON_00878 और PERSON_00269 ने پیغام بھیجا, Zone_0108, Bhopal के पास। समय 2026-04-28 10:10:00.",P00878,P00269,LOC0108
DIG000736,2026-07-07 01:53:00,bn,"PERSON_00045 और PERSON_00790 ने পরিদর্শন করেছে, Zone_0075, Gwalior के पास। समय 2026-07-07 01:53:00.",P00045,P00790,LOC0075
DIG000737,2026-06-12 03:53:00,te,"PERSON_00607 और PERSON_00077 ने సంప్రదించారు, Zone_0166, Bhopal के पास। समय 2026-06-12 03:53:00.",P00607,P00077,LOC0166
DIG000738,2026-01-12 12:45:00,ta,"PERSON_00372 और PERSON_00322 ने இடத்தை பகிர்ந்தார், Zone_0029, Nagpur के पास। समय 2026-01-12 12:45:00.",P00372,P00322,LOC0029
DIG000739,2026-04-25 14:33:00,bn,"PERSON_00265 और PERSON_00888 ने টাকা পাঠিয়েছে, Zone_0128, Bhopal के पास। समय 2026-04-25 14:33:00.",P00265,P00888,LOC0128
DIG000740,2026-05-17 07:45:00,mr,"PERSON_00356 और PERSON_00262 ने फोन केला, Zone_0139, Jabalpur के पास। समय 2026-05-17 07:45:00.",P00356,P00262,LOC0139
DIG000741,2026-05-08 02:22:00,mr,"PERSON_00338 और PERSON_00114 ने ठिकाण शेअर केले, Zone_0137, Nagpur के पास। समय 2026-05-08 02:22:00.",P00338,P00114,LOC0137
DIG000742,2026-01-02 18:44:00,en,"PERSON_00838 visited PERSON_00289 near Zone_0024, Jabalpur. Record time 2026-01-02 18:44:00.",P00838,P00289,LOC0024
DIG000743,2026-04-05 12:18:00,hi,"PERSON_00505 और PERSON_00461 ने मिला, Zone_0133, Indore के पास। समय 2026-04-05 12:18:00.",P00505,P00461,LOC0133
DIG000744,2026-08-18 03:24:00,pa,"PERSON_00265 और PERSON_00544 ने ਸੁਨੇਹਾ ਭੇਜਿਆ, Zone_0002, Ujjain के पास। समय 2026-08-18 03:24:00.",P00265,P00544,LOC0002
DIG000745,2026-07-17 01:06:00,te,"PERSON_00797 और PERSON_00479 ने కలిశారు, Zone_0009, Jabalpur के पास। समय 2026-07-17 01:06:00.",P00797,P00479,LOC0009
DIG000746,2026-06-23 17:54:00,en,"PERSON_00825 contacted PERSON_00394 near Zone_0085, Gwalior. Record time 2026-06-23 17:54:00.",P00825,P00394,LOC0085
DIG000747,2026-02-11 13:06:00,ur,"PERSON_00250 और PERSON_00791 ने دورہ کیا, Zone_0044, Bhopal के पास। समय 2026-02-11 13:06:00.",P00250,P00791,LOC0044
DIG000748,2026-04-17 18:17:00,en,"PERSON_00810 used a vehicle PERSON_00965 near Zone_0160, Ujjain. Record time 2026-04-17 18:17:00.",P00810,P00965,LOC0160
DIG000749,2026-05-02 19:14:00,pa,"PERSON_00280 और PERSON_00150 ने ਮਿਲਿਆ, Zone_0165, Gwalior के पास। समय 2026-05-02 19:14:00.",P00280,P00150,LOC0165
DIG000750,2026-07-03 11:20:00,pa,"PERSON_00119 और PERSON_00230 ने ਮੁਲਾਕਾਤ ਕੀਤੀ, Zone_0056, Jabalpur के पास। समय 2026-07-03 11:20:00.",P00119,P00230,LOC0056
DIG000751,2026-01-15 09:48:00,en,"PERSON_00475 met PERSON_00964 near Zone_0052, Nagpur. Record time 2026-01-15 09:48:00.",P00475,P00964,LOC0052
DIG000752,2026-02-08 11:14:00,en,"PERSON_00065 transferred funds to PERSON_00397 near Zone_0078, Ujjain. Record time 2026-02-08 11:14:00.",P00065,P00397,LOC0078
DIG000753,2026-08-03 14:41:00,hi,"PERSON_00584 और PERSON_00805 ने संपर्क किया, Zone_0003, Indore के पास। समय 2026-08-03 14:41:00.",P00584,P00805,LOC0003
DIG000754,2026-04-07 09:32:00,hi,"PERSON_00695 और PERSON_00294 ने संदेश भेजा, Zone_0173, Jabalpur के पास। समय 2026-04-07 09:32:00.",P00695,P00294,LOC0173
DIG000755,2026-07-02 15:45:00,en,"PERSON_00594 called PERSON_00194 near Zone_0134, Indore. Record time 2026-07-02 15:45:00.",P00594,P00194,LOC0134
DIG000756,2026-04-21 03:05:00,hi,"PERSON_00529 और PERSON_00042 ने संदेश भेजा, Zone_0048, Indore के पास। समय 2026-04-21 03:05:00.",P00529,P00042,LOC0048
DIG000757,2026-06-03 13:10:00,mr,"PERSON_00831 और PERSON_00424 ने संपर्क केला, Zone_0102, Ujjain के पास। समय 2026-06-03 13:10:00.",P00831,P00424,LOC0102
DIG000758,2026-05-09 23:33:00,te,"PERSON_00345 और PERSON_00763 ने డబ్బు పంపారు, Zone_0136, Jabalpur के पास। समय 2026-05-09 23:33:00.",P00345,P00763,LOC0136
DIG000759,2026-02-26 18:53:00,te,"PERSON_00522 और PERSON_00782 ने సందేశం పంపారు, Zone_0035, Jabalpur के पास। समय 2026-02-26 18:53:00.",P00522,P00782,LOC0035
DIG000760,2026-01-01 11:10:00,ta,"PERSON_00773 और PERSON_00642 ने அழைத்தார், Zone_0095, Indore के पास। समय 2026-01-01 11:10:00.",P00773,P00642,LOC0095
DIG000761,2026-05-26 04:34:00,gu,"PERSON_00137 और PERSON_00939 ने નાણાં મોકલ્યાં, Zone_0069, Jabalpur के पास। समय 2026-05-26 04:34:00.",P00137,P00939,LOC0069
DIG000762,2026-07-24 01:29:00,en,"PERSON_00778 met PERSON_00286 near Zone_0121, Nagpur. Record time 2026-07-24 01:29:00.",P00778,P00286,LOC0121
DIG000763,2026-02-20 23:01:00,ml,"PERSON_00771 और PERSON_00148 ने ബന്ധപ്പെട്ടു, Zone_0012, Nagpur के पास। समय 2026-02-20 23:01:00.",P00771,P00148,LOC0012
DIG000764,2026-02-03 16:20:00,ta,"PERSON_00130 और PERSON_00133 ने சந்தித்தார், Zone_0070, Ujjain के पास। समय 2026-02-03 16:20:00.",P00130,P00133,LOC0070
DIG000765,2026-06-03 14:10:00,kn,"PERSON_00985 और PERSON_00182 ने ಸಂಪರ್ಕಿಸಿದರು, Zone_0127, Bhopal के पास। समय 2026-06-03 14:10:00.",P00985,P00182,LOC0127
DIG000766,2026-08-09 02:34:00,kn,"PERSON_00753 और PERSON_00924 ने ಸ್ಥಳ ಹಂಚಿಕೊಂಡರು, Zone_0002, Ujjain के पास। समय 2026-08-09 02:34:00.",P00753,P00924,LOC0002
DIG000767,2026-07-05 12:58:00,ml,"PERSON_00891 और PERSON_00961 ने സന്ദർശിച്ചു, Zone_0166, Bhopal के पास। समय 2026-07-05 12:58:00.",P00891,P00961,LOC0166
DIG000768,2026-01-05 21:12:00,ta,"PERSON_00823 और PERSON_00040 ने அழைத்தார், Zone_0109, Bhopal के पास। समय 2026-01-05 21:12:00.",P00823,P00040,LOC0109
DIG000769,2026-03-23 04:45:00,te,"PERSON_00920 और PERSON_00302 ने డబ్బు పంపారు, Zone_0003, Indore के पास। समय 2026-03-23 04:45:00.",P00920,P00302,LOC0003
DIG000770,2026-05-08 23:40:00,bn,"PERSON_00646 और PERSON_00114 ने ফোন করেছে, Zone_0114, Bhopal के पास। समय 2026-05-08 23:40:00.",P00646,P00114,LOC0114
DIG000771,2026-05-25 14:58:00,hi,"PERSON_00600 और PERSON_00659 ने फोन किया, Zone_0143, Nagpur के पास। समय 2026-05-25 14:58:00.",P00600,P00659,LOC0143
DIG000772,2026-08-04 20:51:00,bn,"PERSON_00598 और PERSON_00575 ने ফোন করেছে, Zone_0097, Ujjain के पास। समय 2026-08-04 20:51:00.",P00598,P00575,LOC0097
DIG000773,2026-01-17 09:08:00,hi,"PERSON_00047 और PERSON_00304 ने संदेश भेजा, Zone_0164, Bhopal के पास। समय 2026-01-17 09:08:00.",P00047,P00304,LOC0164
DIG000774,2026-02-05 08:21:00,te,"PERSON_00447 और PERSON_00441 ने స్థానం పంచుకున్నారు, Zone_0116, Bhopal के पास। समय 2026-02-05 08:21:00.",P00447,P00441,LOC0116
DIG000775,2026-05-22 21:35:00,pa,"PERSON_00663 और PERSON_00563 ने ਸੁਨੇਹਾ ਭੇਜਿਆ, Zone_0047, Ujjain के पास। समय 2026-05-22 21:35:00.",P00663,P00563,LOC0047
DIG000776,2026-08-17 09:04:00,en,"PERSON_00630 visited PERSON_00207 near Zone_0130, Gwalior. Record time 2026-08-17 09:04:00.",P00630,P00207,LOC0130
DIG000777,2026-06-07 13:51:00,hi,"PERSON_00431 और PERSON_00012 ने वाहन का उपयोग किया, Zone_0116, Bhopal के पास। समय 2026-06-07 13:51:00.",P00431,P00012,LOC0116
DIG000778,2026-02-16 22:44:00,hi,"PERSON_00166 और PERSON_00976 ने धन भेजा, Zone_0062, Ujjain के पास। समय 2026-02-16 22:44:00.",P00166,P00976,LOC0062
DIG000779,2026-01-21 19:02:00,te,"PERSON_00260 और PERSON_00804 ने ఫోన్ చేశారు, Zone_0026, Nagpur के पास। समय 2026-01-21 19:02:00.",P00260,P00804,LOC0026
DIG000780,2026-05-04 19:36:00,kn,"PERSON_00870 और PERSON_00975 ने ಸ್ಥಳ ಹಂಚಿಕೊಂಡರು, Zone_0137, Nagpur के पास। समय 2026-05-04 19:36:00.",P00870,P00975,LOC0137
DIG000781,2026-08-03 18:28:00,gu,"PERSON_00052 और PERSON_00369 ने મળ્યા, Zone_0152, Nagpur के पास। समय 2026-08-03 18:28:00.",P00052,P00369,LOC0152
DIG000782,2026-01-19 15:26:00,hi,"PERSON_00888 और PERSON_00125 ने धन भेजा, Zone_0006, Bhopal के पास। समय 2026-01-19 15:26:00.",P00888,P00125,LOC0006
DIG000783,2026-04-24 07:34:00,ta,"PERSON_00782 और PERSON_00417 ने அழைத்தார், Zone_0036, Ujjain के पास। समय 2026-04-24 07:34:00.",P00782,P00417,LOC0036
DIG000784,2026-04-27 14:32:00,te,"PERSON_00010 और PERSON_00631 ने కలిశారు, Zone_0057, Ujjain के पास। समय 2026-04-27 14:32:00.",P00010,P00631,LOC0057
DIG000785,2026-08-28 17:24:00,ml,"PERSON_00181 और PERSON_00924 ने ബന്ധപ്പെട്ടു, Zone_0154, Ujjain के पास। समय 2026-08-28 17:24:00.",P00181,P00924,LOC0154
DIG000786,2026-05-01 02:25:00,en,"PERSON_00597 visited PERSON_00942 near Zone_0023, Jabalpur. Record time 2026-05-01 02:25:00.",P00597,P00942,LOC0023
DIG000787,2026-05-22 06:33:00,gu,"PERSON_00122 और PERSON_00612 ने નાણાં મોકલ્યાં, Zone_0095, Indore के पास। समय 2026-05-22 06:33:00.",P00122,P00612,LOC0095
DIG000788,2026-02-25 11:36:00,gu,"PERSON_00645 और PERSON_00979 ने મુલાકાત લીધી, Zone_0166, Bhopal के पास। समय 2026-02-25 11:36:00.",P00645,P00979,LOC0166
DIG000789,2026-06-01 23:16:00,bn,"PERSON_00046 और PERSON_00328 ने ফোন করেছে, Zone_0044, Bhopal के पास। समय 2026-06-01 23:16:00.",P00046,P00328,LOC0044
DIG000790,2026-04-22 15:06:00,pa,"PERSON_00659 और PERSON_00134 ने ਫੋਨ ਕੀਤਾ, Zone_0036, Ujjain के पास। समय 2026-04-22 15:06:00.",P00659,P00134,LOC0036
DIG000791,2026-08-03 01:17:00,te,"PERSON_00571 और PERSON_00599 ने డబ్బు పంపారు, Zone_0126, Nagpur के पास। समय 2026-08-03 01:17:00.",P00571,P00599,LOC0126
DIG000792,2026-08-20 19:23:00,mr,"PERSON_00010 और PERSON_00300 ने संदेश पाठवला, Zone_0108, Bhopal के पास। समय 2026-08-20 19:23:00.",P00010,P00300,LOC0108
DIG000793,2026-03-12 14:12:00,gu,"PERSON_00132 और PERSON_00593 ने નાણાં મોકલ્યાં, Zone_0065, Jabalpur के पास। समय 2026-03-12 14:12:00.",P00132,P00593,LOC0065
DIG000794,2026-04-22 11:17:00,hi,"PERSON_00468 और PERSON_00126 ने स्थान साझा किया, Zone_0142, Jabalpur के पास। समय 2026-04-22 11:17:00.",P00468,P00126,LOC0142
DIG000795,2026-04-01 17:03:00,ur,"PERSON_00439 और PERSON_00317 ने دورہ کیا, Zone_0152, Nagpur के पास। समय 2026-04-01 17:03:00.",P00439,P00317,LOC0152
DIG000796,2026-08-02 01:55:00,en,"PERSON_00666 contacted PERSON_00356 near Zone_0046, Bhopal. Record time 2026-08-02 01:55:00.",P00666,P00356,LOC0046
DIG000797,2026-07-15 06:05:00,ml,"PERSON_00456 और PERSON_00042 ने സന്ദേശം അയച്ചു, Zone_0031, Bhopal के पास। समय 2026-07-15 06:05:00.",P00456,P00042,LOC0031
DIG000798,2026-07-10 17:55:00,hi,"PERSON_00755 और PERSON_00710 ने वाहन का उपयोग किया, Zone_0108, Bhopal के पास। समय 2026-07-10 17:55:00.",P00755,P00710,LOC0108
DIG000799,2026-06-06 11:24:00,mr,"PERSON_00797 और PERSON_00418 ने ठिकाण शेअर केले, Zone_0034, Jabalpur के पास। समय 2026-06-06 11:24:00.",P00797,P00418,LOC0034
DIG000800,2026-02-11 00:18:00,ur,"PERSON_00179 और PERSON_00125 ने ملاقات کی, Zone_0054, Jabalpur के पास। समय 2026-02-11 00:18:00.",P00179,P00125,LOC0054
DIG000801,2026-05-14 00:08:00,ml,"PERSON_00086 और PERSON_00146 ने ബന്ധപ്പെട്ടു, Zone_0135, Nagpur के पास। समय 2026-05-14 00:08:00.",P00086,P00146,LOC0135
DIG000802,2026-02-06 21:57:00,te,"PERSON_00850 और PERSON_00979 ने స్థానం పంచుకున్నారు, Zone_0070, Ujjain के पास। समय 2026-02-06 21:57:00.",P00850,P00979,LOC0070
DIG000803,2026-02-16 11:37:00,ml,"PERSON_00257 और PERSON_00367 ने കണ്ടുമുട്ടി, Zone_0009, Jabalpur के पास। समय 2026-02-16 11:37:00.",P00257,P00367,LOC0009
DIG000804,2026-08-26 05:54:00,ta,"PERSON_00541 और PERSON_00345 ने பணம் அனுப்பினார், Zone_0111, Jabalpur के पास। समय 2026-08-26 05:54:00.",P00541,P00345,LOC0111
DIG000805,2026-06-07 03:18:00,hi,"PERSON_00336 और PERSON_00753 ने संदेश भेजा, Zone_0087, Ujjain के पास। समय 2026-06-07 03:18:00.",P00336,P00753,LOC0087
DIG000806,2026-08-08 04:25:00,ta,"PERSON_00959 और PERSON_00303 ने பணம் அனுப்பினார், Zone_0111, Jabalpur के पास। समय 2026-08-08 04:25:00.",P00959,P00303,LOC0111
DIG000807,2026-04-14 04:57:00,ml,"PERSON_00981 और PERSON_00374 ने സ്ഥലം പങ്കിട്ടു, Zone_0046, Bhopal के पास। समय 2026-04-14 04:57:00.",P00981,P00374,LOC0046
DIG000808,2026-07-28 10:24:00,bn,"PERSON_00654 और PERSON_00366 ने টাকা পাঠিয়েছে, Zone_0005, Jabalpur के पास। समय 2026-07-28 10:24:00.",P00654,P00366,LOC0005
DIG000809,2026-01-06 19:48:00,ml,"PERSON_00417 और PERSON_00107 ने സന്ദേശം അയച്ചു, Zone_0021, Ujjain के पास। समय 2026-01-06 19:48:00.",P00417,P00107,LOC0021
DIG000810,2026-01-29 04:06:00,en,"PERSON_00573 contacted PERSON_00084 near Zone_0073, Jabalpur. Record time 2026-01-29 04:06:00.",P00573,P00084,LOC0073
DIG000811,2026-04-27 23:07:00,te,"PERSON_00732 और PERSON_00036 ने డబ్బు పంపారు, Zone_0101, Jabalpur के पास। समय 2026-04-27 23:07:00.",P00732,P00036,LOC0101
DIG000812,2026-03-22 08:53:00,mr,"PERSON_00230 और PERSON_00848 ने पैसे पाठवले, Zone_0046, Bhopal के पास। समय 2026-03-22 08:53:00.",P00230,P00848,LOC0046
DIG000813,2026-04-11 19:56:00,gu,"PERSON_00551 और PERSON_00836 ने સંદેશ મોકલ્યો, Zone_0076, Indore के पास। समय 2026-04-11 19:56:00.",P00551,P00836,LOC0076
DIG000814,2026-03-21 02:53:00,gu,"PERSON_00631 और PERSON_00509 ने સંપર્ક કર્યો, Zone_0148, Indore के पास। समय 2026-03-21 02:53:00.",P00631,P00509,LOC0148
DIG000815,2026-01-09 07:20:00,kn,"PERSON_00302 और PERSON_00428 ने ಕರೆ ಮಾಡಿದರು, Zone_0066, Jabalpur के पास। समय 2026-01-09 07:20:00.",P00302,P00428,LOC0066
DIG000816,2026-04-30 06:41:00,mr,"PERSON_00896 और PERSON_00450 ने संपर्क केला, Zone_0026, Nagpur के पास। समय 2026-04-30 06:41:00.",P00896,P00450,LOC0026
DIG000817,2026-03-23 10:47:00,mr,"PERSON_00921 और PERSON_00645 ने भेटला, Zone_0014, Bhopal के पास। समय 2026-03-23 10:47:00.",P00921,P00645,LOC0014
DIG000818,2026-06-29 08:36:00,te,"PERSON_00562 और PERSON_00586 ने సందేశం పంపారు, Zone_0059, Indore के पास। समय 2026-06-29 08:36:00.",P00562,P00586,LOC0059
DIG000819,2026-04-04 03:22:00,hi,"PERSON_00093 और PERSON_00574 ने वाहन का उपयोग किया, Zone_0006, Bhopal के पास। समय 2026-04-04 03:22:00.",P00093,P00574,LOC0006
DIG000820,2026-02-02 23:06:00,en,"PERSON_00365 visited PERSON_00748 near Zone_0080, Indore. Record time 2026-02-02 23:06:00.",P00365,P00748,LOC0080
DIG000821,2026-07-06 20:00:00,ta,"PERSON_00974 और PERSON_00938 ने அழைத்தார், Zone_0145, Jabalpur के पास। समय 2026-07-06 20:00:00.",P00974,P00938,LOC0145
DIG000822,2026-02-22 17:52:00,en,"PERSON_00645 used a vehicle PERSON_00466 near Zone_0075, Gwalior. Record time 2026-02-22 17:52:00.",P00645,P00466,LOC0075
DIG000823,2026-05-02 16:18:00,gu,"PERSON_00985 और PERSON_00471 ने સંપર્ક કર્યો, Zone_0144, Nagpur के पास। समय 2026-05-02 16:18:00.",P00985,P00471,LOC0144
DIG000824,2026-05-27 11:42:00,hi,"PERSON_00751 और PERSON_00826 ने संपर्क किया, Zone_0090, Gwalior के पास। समय 2026-05-27 11:42:00.",P00751,P00826,LOC0090
DIG000825,2026-05-12 00:59:00,ml,"PERSON_00607 और PERSON_00074 ने ബന്ധപ്പെട്ടു, Zone_0021, Ujjain के पास। समय 2026-05-12 00:59:00.",P00607,P00074,LOC0021
DIG000826,2026-01-30 07:31:00,kn,"PERSON_00665 और PERSON_00257 ने ಭೇಟಿ ನೀಡಿದರು, Zone_0146, Bhopal के पास। समय 2026-01-30 07:31:00.",P00665,P00257,LOC0146
DIG000827,2026-08-12 18:17:00,bn,"PERSON_00756 और PERSON_00337 ने টাকা পাঠিয়েছে, Zone_0020, Bhopal के पास। समय 2026-08-12 18:17:00.",P00756,P00337,LOC0020
DIG000828,2026-03-25 19:20:00,pa,"PERSON_00062 और PERSON_00322 ने ਫੋਨ ਕੀਤਾ, Zone_0141, Jabalpur के पास। समय 2026-03-25 19:20:00.",P00062,P00322,LOC0141
DIG000829,2026-06-14 06:39:00,ur,"PERSON_00048 और PERSON_00594 ने ملاقات کی, Zone_0127, Bhopal के पास। समय 2026-06-14 06:39:00.",P00048,P00594,LOC0127
DIG000830,2026-05-08 08:37:00,kn,"PERSON_00369 और PERSON_00567 ने ಭೇಟಿಯಾದರು, Zone_0149, Ujjain के पास। समय 2026-05-08 08:37:00.",P00369,P00567,LOC0149
DIG000831,2026-03-08 21:57:00,mr,"PERSON_00798 और PERSON_00758 ने पैसे पाठवले, Zone_0062, Ujjain के पास। समय 2026-03-08 21:57:00.",P00798,P00758,LOC0062
DIG000832,2026-01-05 11:58:00,ml,"PERSON_00872 और PERSON_00680 ने സ്ഥലം പങ്കിട്ടു, Zone_0062, Ujjain के पास। समय 2026-01-05 11:58:00.",P00872,P00680,LOC0062
DIG000833,2026-08-08 22:54:00,bn,"PERSON_00947 और PERSON_00176 ने বার্তা পাঠিয়েছে, Zone_0172, Gwalior के पास। समय 2026-08-08 22:54:00.",P00947,P00176,LOC0172
DIG000834,2026-08-20 04:08:00,en,"PERSON_00042 called PERSON_00079 near Zone_0038, Ujjain. Record time 2026-08-20 04:08:00.",P00042,P00079,LOC0038
DIG000835,2026-05-30 16:23:00,ml,"PERSON_00966 और PERSON_00041 ने സ്ഥലം പങ്കിട്ടു, Zone_0065, Jabalpur के पास। समय 2026-05-30 16:23:00.",P00966,P00041,LOC0065
DIG000836,2026-04-28 00:18:00,bn,"PERSON_00304 और PERSON_00621 ने স্থান ভাগ করেছে, Zone_0026, Nagpur के पास। समय 2026-04-28 00:18:00.",P00304,P00621,LOC0026
DIG000837,2026-05-04 10:40:00,ml,"PERSON_00736 और PERSON_00096 ने സന്ദേശം അയച്ചു, Zone_0119, Indore के पास। समय 2026-05-04 10:40:00.",P00736,P00096,LOC0119
DIG000838,2026-08-24 22:14:00,ta,"PERSON_00425 और PERSON_00687 ने அழைத்தார், Zone_0179, Gwalior के पास। समय 2026-08-24 22:14:00.",P00425,P00687,LOC0179
DIG000839,2026-08-11 00:40:00,bn,"PERSON_00788 और PERSON_00096 ने স্থান ভাগ করেছে, Zone_0165, Gwalior के पास। समय 2026-08-11 00:40:00.",P00788,P00096,LOC0165
DIG000840,2026-04-19 17:18:00,pa,"PERSON_00126 और PERSON_00980 ने ਮੁਲਾਕਾਤ ਕੀਤੀ, Zone_0021, Ujjain के पास। समय 2026-04-19 17:18:00.",P00126,P00980,LOC0021
DIG000841,2026-06-07 01:58:00,mr,"PERSON_00804 और PERSON_00696 ने संपर्क केला, Zone_0105, Bhopal के पास। समय 2026-06-07 01:58:00.",P00804,P00696,LOC0105
DIG000842,2026-07-03 17:39:00,en,"PERSON_00873 shared a location with PERSON_00392 near Zone_0079, Nagpur. Record time 2026-07-03 17:39:00.",P00873,P00392,LOC0079
DIG000843,2026-03-09 00:30:00,ta,"PERSON_00067 और PERSON_00479 ने செய்தி அனுப்பினார், Zone_0104, Bhopal के पास। समय 2026-03-09 00:30:00.",P00067,P00479,LOC0104
DIG000844,2026-08-13 12:25:00,ur,"PERSON_00390 और PERSON_00132 ने فون کیا, Zone_0033, Jabalpur के पास। समय 2026-08-13 12:25:00.",P00390,P00132,LOC0033
DIG000845,2026-08-28 20:21:00,te,"PERSON_00181 और PERSON_00171 ने డబ్బు పంపారు, Zone_0075, Gwalior के पास। समय 2026-08-28 20:21:00.",P00181,P00171,LOC0075
DIG000846,2026-07-02 20:20:00,kn,"PERSON_00033 और PERSON_00248 ने ಭೇಟಿಯಾದರು, Zone_0046, Bhopal के पास। समय 2026-07-02 20:20:00.",P00033,P00248,LOC0046
DIG000847,2026-02-26 05:43:00,ml,"PERSON_00079 और PERSON_00908 ने സന്ദേശം അയച്ചു, Zone_0030, Nagpur के पास। समय 2026-02-26 05:43:00.",P00079,P00908,LOC0030
DIG000848,2026-05-12 07:01:00,gu,"PERSON_00034 और PERSON_00644 ने ફોન કર્યો, Zone_0129, Nagpur के पास। समय 2026-05-12 07:01:00.",P00034,P00644,LOC0129
DIG000849,2026-05-20 11:48:00,bn,"PERSON_00967 और PERSON_00384 ने দেখা করেছে, Zone_0082, Nagpur के पास। समय 2026-05-20 11:48:00.",P00967,P00384,LOC0082
DIG000850,2026-02-14 02:28:00,gu,"PERSON_00457 और PERSON_00722 ने સંદેશ મોકલ્યો, Zone_0032, Jabalpur के पास। समय 2026-02-14 02:28:00.",P00457,P00722,LOC0032
DIG000851,2026-04-20 11:02:00,bn,"PERSON_00629 और PERSON_00261 ने টাকা পাঠিয়েছে, Zone_0142, Jabalpur के पास। समय 2026-04-20 11:02:00.",P00629,P00261,LOC0142
DIG000852,2026-07-06 18:31:00,hi,"PERSON_00470 और PERSON_00063 ने वाहन का उपयोग किया, Zone_0012, Nagpur के पास। समय 2026-07-06 18:31:00.",P00470,P00063,LOC0012
DIG000853,2026-01-19 12:03:00,ur,"PERSON_00700 और PERSON_00887 ने رابطہ کیا, Zone_0118, Ujjain के पास। समय 2026-01-19 12:03:00.",P00700,P00887,LOC0118
DIG000854,2026-05-05 14:11:00,hi,"PERSON_00031 और PERSON_00770 ने वाहन का उपयोग किया, Zone_0100, Jabalpur के पास। समय 2026-05-05 14:11:00.",P00031,P00770,LOC0100
DIG000855,2026-08-28 20:33:00,pa,"PERSON_00575 और PERSON_00418 ने ਮੁਲਾਕਾਤ ਕੀਤੀ, Zone_0056, Jabalpur के पास। समय 2026-08-28 20:33:00.",P00575,P00418,LOC0056
DIG000856,2026-03-23 04:43:00,ml,"PERSON_00178 और PERSON_00435 ने സന്ദർശിച്ചു, Zone_0105, Bhopal के पास। समय 2026-03-23 04:43:00.",P00178,P00435,LOC0105
DIG000857,2026-02-09 19:08:00,pa,"PERSON_00825 और PERSON_00841 ने ਫੋਨ ਕੀਤਾ, Zone_0044, Bhopal के पास। समय 2026-02-09 19:08:00.",P00825,P00841,LOC0044
DIG000858,2026-01-23 06:40:00,ta,"PERSON_00582 और PERSON_00712 ने சென்றார், Zone_0022, Gwalior के पास। समय 2026-01-23 06:40:00.",P00582,P00712,LOC0022
DIG000859,2026-08-15 12:47:00,pa,"PERSON_00915 और PERSON_00419 ने ਸੰਪਰਕ ਕੀਤਾ, Zone_0010, Indore के पास। समय 2026-08-15 12:47:00.",P00915,P00419,LOC0010
DIG000860,2026-02-06 10:12:00,gu,"PERSON_00028 और PERSON_00840 ने મળ્યા, Zone_0056, Jabalpur के पास। समय 2026-02-06 10:12:00.",P00028,P00840,LOC0056
DIG000861,2026-07-31 11:45:00,pa,"PERSON_00665 और PERSON_00189 ने ਸੰਪਰਕ ਕੀਤਾ, Zone_0092, Ujjain के पास। समय 2026-07-31 11:45:00.",P00665,P00189,LOC0092
DIG000862,2026-01-22 03:07:00,te,"PERSON_00385 और PERSON_00587 ने వెళ్లారు, Zone_0077, Bhopal के पास। समय 2026-01-22 03:07:00.",P00385,P00587,LOC0077
DIG000863,2026-02-22 21:19:00,te,"PERSON_00621 और PERSON_00897 ने స్థానం పంచుకున్నారు, Zone_0176, Gwalior के पास। समय 2026-02-22 21:19:00.",P00621,P00897,LOC0176
DIG000864,2026-04-30 16:24:00,gu,"PERSON_00477 और PERSON_00124 ने ફોન કર્યો, Zone_0157, Nagpur के पास। समय 2026-04-30 16:24:00.",P00477,P00124,LOC0157
DIG000865,2026-08-03 21:23:00,ml,"PERSON_00755 और PERSON_00212 ने സന്ദർശിച്ചു, Zone_0158, Jabalpur के पास। समय 2026-08-03 21:23:00.",P00755,P00212,LOC0158
DIG000866,2026-03-27 11:08:00,ta,"PERSON_00723 और PERSON_00624 ने செய்தி அனுப்பினார், Zone_0088, Indore के पास। समय 2026-03-27 11:08:00.",P00723,P00624,LOC0088
DIG000867,2026-06-24 11:14:00,pa,"PERSON_00782 और PERSON_00621 ने ਫੋਨ ਕੀਤਾ, Zone_0079, Nagpur के पास। समय 2026-06-24 11:14:00.",P00782,P00621,LOC0079
DIG000868,2026-01-23 03:53:00,en,"PERSON_00681 transferred funds to PERSON_00389 near Zone_0053, Nagpur. Record time 2026-01-23 03:53:00.",P00681,P00389,LOC0053
DIG000869,2026-08-02 14:02:00,te,"PERSON_00176 और PERSON_00256 ने కలిశారు, Zone_0116, Bhopal के पास। समय 2026-08-02 14:02:00.",P00176,P00256,LOC0116
DIG000870,2026-04-18 01:17:00,hi,"PERSON_00138 और PERSON_00001 ने संदेश भेजा, Zone_0001, Gwalior के पास। समय 2026-04-18 01:17:00.",P00138,P00001,LOC0001
DIG000871,2026-03-14 09:49:00,ur,"PERSON_00653 और PERSON_00604 ने رابطہ کیا, Zone_0009, Jabalpur के पास। समय 2026-03-14 09:49:00.",P00653,P00604,LOC0009
DIG000872,2026-03-23 11:06:00,pa,"PERSON_00015 और PERSON_00683 ने ਪੈਸੇ ਭੇਜੇ, Zone_0141, Jabalpur के पास। समय 2026-03-23 11:06:00.",P00015,P00683,LOC0141
DIG000873,2026-02-07 22:31:00,kn,"PERSON_00725 और PERSON_00966 ने ಭೇಟಿ ನೀಡಿದರು, Zone_0015, Gwalior के पास। समय 2026-02-07 22:31:00.",P00725,P00966,LOC0015
DIG000874,2026-08-07 03:56:00,ml,"PERSON_00999 और PERSON_00389 ने പണം അയച്ചു, Zone_0012, Nagpur के पास। समय 2026-08-07 03:56:00.",P00999,P00389,LOC0012
DIG000875,2026-03-01 18:07:00,gu,"PERSON_00121 और PERSON_00628 ने નાણાં મોકલ્યાં, Zone_0179, Gwalior के पास। समय 2026-03-01 18:07:00.",P00121,P00628,LOC0179
DIG000876,2026-02-17 13:06:00,hi,"PERSON_00234 और PERSON_00815 ने दौरा किया, Zone_0017, Gwalior के पास। समय 2026-02-17 13:06:00.",P00234,P00815,LOC0017
DIG000877,2026-02-19 10:20:00,pa,"PERSON_00582 और PERSON_00349 ने ਸੁਨੇਹਾ ਭੇਜਿਆ, Zone_0065, Jabalpur के पास। समय 2026-02-19 10:20:00.",P00582,P00349,LOC0065
DIG000878,2026-05-12 17:15:00,ml,"PERSON_00459 और PERSON_00149 ने സന്ദർശിച്ചു, Zone_0080, Indore के पास। समय 2026-05-12 17:15:00.",P00459,P00149,LOC0080
DIG000879,2026-05-01 09:54:00,ta,"PERSON_00951 और PERSON_00762 ने செய்தி அனுப்பினார், Zone_0049, Nagpur के पास। समय 2026-05-01 09:54:00.",P00951,P00762,LOC0049
DIG000880,2026-01-14 02:30:00,ta,"PERSON_00204 और PERSON_00339 ने அழைத்தார், Zone_0158, Jabalpur के पास। समय 2026-01-14 02:30:00.",P00204,P00339,LOC0158
DIG000881,2026-01-13 17:01:00,ml,"PERSON_00417 और PERSON_00897 ने വിളിച്ചു, Zone_0039, Gwalior के पास। समय 2026-01-13 17:01:00.",P00417,P00897,LOC0039
DIG000882,2026-05-31 15:31:00,te,"PERSON_00452 और PERSON_00278 ने వెళ్లారు, Zone_0078, Ujjain के पास। समय 2026-05-31 15:31:00.",P00452,P00278,LOC0078
DIG000883,2026-08-03 19:34:00,pa,"PERSON_00526 और PERSON_00997 ने ਸੁਨੇਹਾ ਭੇਜਿਆ, Zone_0156, Bhopal के पास। समय 2026-08-03 19:34:00.",P00526,P00997,LOC0156
DIG000884,2026-03-05 18:57:00,hi,"PERSON_00354 और PERSON_00486 ने संदेश भेजा, Zone_0055, Bhopal के पास। समय 2026-03-05 18:57:00.",P00354,P00486,LOC0055
DIG000885,2026-06-06 21:25:00,en,"PERSON_00772 shared a location with PERSON_00983 near Zone_0078, Ujjain. Record time 2026-06-06 21:25:00.",P00772,P00983,LOC0078
DIG000886,2026-01-12 04:58:00,te,"PERSON_00032 और PERSON_00885 ने వెళ్లారు, Zone_0116, Bhopal के पास। समय 2026-01-12 04:58:00.",P00032,P00885,LOC0116
DIG000887,2026-06-20 20:03:00,gu,"PERSON_00188 और PERSON_00701 ने મુલાકાત લીધી, Zone_0003, Indore के पास। समय 2026-06-20 20:03:00.",P00188,P00701,LOC0003
DIG000888,2026-04-27 12:48:00,hi,"PERSON_00131 और PERSON_00820 ने संपर्क किया, Zone_0069, Jabalpur के पास। समय 2026-04-27 12:48:00.",P00131,P00820,LOC0069
DIG000889,2026-01-15 17:41:00,te,"PERSON_00051 और PERSON_00542 ने సందేశం పంపారు, Zone_0085, Gwalior के पास। समय 2026-01-15 17:41:00.",P00051,P00542,LOC0085
DIG000890,2026-01-02 23:33:00,pa,"PERSON_00411 और PERSON_00658 ने ਸਥਾਨ ਸਾਂਝਾ ਕੀਤਾ, Zone_0110, Indore के पास। समय 2026-01-02 23:33:00.",P00411,P00658,LOC0110
DIG000891,2026-07-03 13:25:00,kn,"PERSON_00693 और PERSON_00468 ने ಸ್ಥಳ ಹಂಚಿಕೊಂಡರು, Zone_0005, Jabalpur के पास। समय 2026-07-03 13:25:00.",P00693,P00468,LOC0005
DIG000892,2026-01-28 01:50:00,mr,"PERSON_00755 और PERSON_00544 ने पैसे पाठवले, Zone_0109, Bhopal के पास। समय 2026-01-28 01:50:00.",P00755,P00544,LOC0109
DIG000893,2026-01-20 21:28:00,en,"PERSON_00830 called PERSON_00529 near Zone_0035, Jabalpur. Record time 2026-01-20 21:28:00.",P00830,P00529,LOC0035
DIG000894,2026-01-20 00:33:00,ta,"PERSON_00811 और PERSON_00425 ने அழைத்தார், Zone_0032, Jabalpur के पास। समय 2026-01-20 00:33:00.",P00811,P00425,LOC0032
DIG000895,2026-07-23 00:48:00,mr,"PERSON_00916 और PERSON_00364 ने फोन केला, Zone_0149, Ujjain के पास। समय 2026-07-23 00:48:00.",P00916,P00364,LOC0149
DIG000896,2026-01-20 16:32:00,bn,"PERSON_00378 और PERSON_00463 ने পরিদর্শন করেছে, Zone_0110, Indore के पास। समय 2026-01-20 16:32:00.",P00378,P00463,LOC0110
DIG000897,2026-03-16 00:30:00,gu,"PERSON_00412 और PERSON_00668 ने સંપર્ક કર્યો, Zone_0036, Ujjain के पास। समय 2026-03-16 00:30:00.",P00412,P00668,LOC0036
DIG000898,2026-04-23 16:21:00,kn,"PERSON_00916 और PERSON_00363 ने ಸಂದೇಶ ಕಳುಹಿಸಿದರು, Zone_0128, Bhopal के पास। समय 2026-04-23 16:21:00.",P00916,P00363,LOC0128
DIG000899,2026-08-03 09:46:00,ml,"PERSON_00287 और PERSON_00654 ने സന്ദേശം അയച്ചു, Zone_0055, Bhopal के पास। समय 2026-08-03 09:46:00.",P00287,P00654,LOC0055
DIG000900,2026-08-24 23:43:00,ml,"PERSON_00407 और PERSON_00379 ने പണം അയച്ചു, Zone_0083, Ujjain के पास। समय 2026-08-24 23:43:00.",P00407,P00379,LOC0083
DIG000901,2026-01-08 19:52:00,ml,"PERSON_00942 और PERSON_00113 ने സ്ഥലം പങ്കിട്ടു, Zone_0069, Jabalpur के पास। समय 2026-01-08 19:52:00.",P00942,P00113,LOC0069
DIG000902,2026-06-23 22:43:00,pa,"PERSON_00334 और PERSON_00069 ने ਫੋਨ ਕੀਤਾ, Zone_0048, Indore के पास। समय 2026-06-23 22:43:00.",P00334,P00069,LOC0048
DIG000903,2026-06-04 12:52:00,kn,"PERSON_00346 और PERSON_00692 ने ಭೇಟಿಯಾದರು, Zone_0137, Nagpur के पास। समय 2026-06-04 12:52:00.",P00346,P00692,LOC0137
DIG000904,2026-06-11 03:51:00,ml,"PERSON_00812 और PERSON_00162 ने സന്ദർശിച്ചു, Zone_0138, Bhopal के पास। समय 2026-06-11 03:51:00.",P00812,P00162,LOC0138
DIG000905,2026-07-17 23:36:00,mr,"PERSON_00482 और PERSON_00849 ने संपर्क केला, Zone_0111, Jabalpur के पास। समय 2026-07-17 23:36:00.",P00482,P00849,LOC0111
DIG000906,2026-06-26 16:12:00,pa,"PERSON_00443 और PERSON_00923 ने ਪੈਸੇ ਭੇਜੇ, Zone_0014, Bhopal के पास। समय 2026-06-26 16:12:00.",P00443,P00923,LOC0014
DIG000907,2026-07-04 10:00:00,en,"PERSON_00706 met PERSON_00929 near Zone_0110, Indore. Record time 2026-07-04 10:00:00.",P00706,P00929,LOC0110
DIG000908,2026-01-07 11:59:00,en,"PERSON_00342 used a vehicle PERSON_00586 near Zone_0105, Bhopal. Record time 2026-01-07 11:59:00.",P00342,P00586,LOC0105
DIG000909,2026-04-19 05:15:00,ml,"PERSON_00506 और PERSON_00686 ने ബന്ധപ്പെട്ടു, Zone_0116, Bhopal के पास। समय 2026-04-19 05:15:00.",P00506,P00686,LOC0116
DIG000910,2026-05-29 16:39:00,kn,"PERSON_00407 और PERSON_00866 ने ಹಣ ಕಳುಹಿಸಿದರು, Zone_0030, Nagpur के पास। समय 2026-05-29 16:39:00.",P00407,P00866,LOC0030
DIG000911,2026-04-17 04:49:00,mr,"PERSON_00249 और PERSON_00623 ने भेटला, Zone_0091, Jabalpur के पास। समय 2026-04-17 04:49:00.",P00249,P00623,LOC0091
DIG000912,2026-03-23 11:49:00,en,"PERSON_00861 met PERSON_00211 near Zone_0147, Ujjain. Record time 2026-03-23 11:49:00.",P00861,P00211,LOC0147
DIG000913,2026-02-19 09:33:00,ur,"PERSON_00395 और PERSON_00253 ने ملاقات کی, Zone_0009, Jabalpur के पास। समय 2026-02-19 09:33:00.",P00395,P00253,LOC0009
DIG000914,2026-04-07 23:54:00,kn,"PERSON_00488 और PERSON_00443 ने ಸ್ಥಳ ಹಂಚಿಕೊಂಡರು, Zone_0121, Nagpur के पास। समय 2026-04-07 23:54:00.",P00488,P00443,LOC0121
DIG000915,2026-05-29 21:51:00,ta,"PERSON_00009 और PERSON_00919 ने செய்தி அனுப்பினார், Zone_0113, Indore के पास। समय 2026-05-29 21:51:00.",P00009,P00919,LOC0113
DIG000916,2026-06-23 00:20:00,ml,"PERSON_00511 और PERSON_00656 ने സന്ദർശിച്ചു, Zone_0016, Ujjain के पास। समय 2026-06-23 00:20:00.",P00511,P00656,LOC0016
DIG000917,2026-05-20 06:48:00,ta,"PERSON_00614 और PERSON_00710 ने சந்தித்தார், Zone_0062, Ujjain के पास। समय 2026-05-20 06:48:00.",P00614,P00710,LOC0062
DIG000918,2026-01-15 06:34:00,en,"PERSON_00735 used a vehicle PERSON_00846 near Zone_0164, Bhopal. Record time 2026-01-15 06:34:00.",P00735,P00846,LOC0164
DIG000919,2026-06-11 21:05:00,hi,"PERSON_00473 और PERSON_00164 ने मिला, Zone_0177, Gwalior के पास। समय 2026-06-11 21:05:00.",P00473,P00164,LOC0177
DIG000920,2026-02-23 19:45:00,te,"PERSON_00250 और PERSON_00354 ने సంప్రదించారు, Zone_0070, Ujjain के पास। समय 2026-02-23 19:45:00.",P00250,P00354,LOC0070
DIG000921,2026-06-02 00:54:00,mr,"PERSON_00988 और PERSON_00826 ने भेटला, Zone_0177, Gwalior के पास। समय 2026-06-02 00:54:00.",P00988,P00826,LOC0177
DIG000922,2026-05-22 03:51:00,hi,"PERSON_00391 और PERSON_00584 ने वाहन का उपयोग किया, Zone_0010, Indore के पास। समय 2026-05-22 03:51:00.",P00391,P00584,LOC0010
DIG000923,2026-06-06 04:01:00,ml,"PERSON_00191 और PERSON_00309 ने വിളിച്ചു, Zone_0009, Jabalpur के पास। समय 2026-06-06 04:01:00.",P00191,P00309,LOC0009
DIG000924,2026-03-03 10:54:00,gu,"PERSON_00825 और PERSON_00282 ने સંદેશ મોકલ્યો, Zone_0069, Jabalpur के पास। समय 2026-03-03 10:54:00.",P00825,P00282,LOC0069
DIG000925,2026-05-31 20:25:00,ta,"PERSON_00804 और PERSON_00631 ने சந்தித்தார், Zone_0167, Nagpur के पास। समय 2026-05-31 20:25:00.",P00804,P00631,LOC0167
DIG000926,2026-08-12 16:40:00,mr,"PERSON_00039 और PERSON_00996 ने संपर्क केला, Zone_0067, Indore के पास। समय 2026-08-12 16:40:00.",P00039,P00996,LOC0067
DIG000927,2026-02-10 19:16:00,gu,"PERSON_00636 और PERSON_00530 ने મળ્યા, Zone_0118, Ujjain के पास। समय 2026-02-10 19:16:00.",P00636,P00530,LOC0118
DIG000928,2026-02-23 06:52:00,kn,"PERSON_00241 और PERSON_00864 ने ಭೇಟಿಯಾದರು, Zone_0154, Ujjain के पास। समय 2026-02-23 06:52:00.",P00241,P00864,LOC0154
DIG000929,2026-08-24 19:16:00,ur,"PERSON_00382 और PERSON_00666 ने مقام شیئر کیا, Zone_0118, Ujjain के पास। समय 2026-08-24 19:16:00.",P00382,P00666,LOC0118
DIG000930,2026-05-29 09:46:00,hi,"PERSON_00977 और PERSON_00130 ने स्थान साझा किया, Zone_0020, Bhopal के पास। समय 2026-05-29 09:46:00.",P00977,P00130,LOC0020
DIG000931,2026-07-21 01:45:00,bn,"PERSON_00446 और PERSON_00026 ने বার্তা পাঠিয়েছে, Zone_0164, Bhopal के पास। समय 2026-07-21 01:45:00.",P00446,P00026,LOC0164
DIG000932,2026-02-28 01:35:00,te,"PERSON_00897 और PERSON_00567 ने సందేశం పంపారు, Zone_0041, Ujjain के पास। समय 2026-02-28 01:35:00.",P00897,P00567,LOC0041
DIG000933,2026-08-15 12:26:00,kn,"PERSON_00873 और PERSON_00935 ने ಸ್ಥಳ ಹಂಚಿಕೊಂಡರು, Zone_0027, Gwalior के पास। समय 2026-08-15 12:26:00.",P00873,P00935,LOC0027
DIG000934,2026-07-22 21:15:00,en,"PERSON_00417 contacted PERSON_00410 near Zone_0097, Ujjain. Record time 2026-07-22 21:15:00.",P00417,P00410,LOC0097
DIG000935,2026-02-27 01:09:00,ta,"PERSON_00733 और PERSON_00422 ने சந்தித்தார், Zone_0007, Ujjain के पास। समय 2026-02-27 01:09:00.",P00733,P00422,LOC0007
DIG000936,2026-04-01 07:28:00,ml,"PERSON_00716 और PERSON_00368 ने സന്ദേശം അയച്ചു, Zone_0163, Nagpur के पास। समय 2026-04-01 07:28:00.",P00716,P00368,LOC0163
DIG000937,2026-02-07 20:34:00,kn,"PERSON_00375 और PERSON_00996 ने ಹಣ ಕಳುಹಿಸಿದರು, Zone_0117, Gwalior के पास। समय 2026-02-07 20:34:00.",P00375,P00996,LOC0117
DIG000938,2026-07-02 18:42:00,kn,"PERSON_00491 और PERSON_00937 ने ಹಣ ಕಳುಹಿಸಿದರು, Zone_0065, Jabalpur के पास। समय 2026-07-02 18:42:00.",P00491,P00937,LOC0065
DIG000939,2026-03-31 17:51:00,en,"PERSON_00622 sent a message to PERSON_00354 near Zone_0133, Indore. Record time 2026-03-31 17:51:00.",P00622,P00354,LOC0133
DIG000940,2026-01-18 09:16:00,ml,"PERSON_00607 और PERSON_00580 ने പണം അയച്ചു, Zone_0092, Ujjain के पास। समय 2026-01-18 09:16:00.",P00607,P00580,LOC0092
DIG000941,2026-02-16 10:52:00,te,"PERSON_00814 और PERSON_00611 ने డబ్బు పంపారు, Zone_0133, Indore के पास। समय 2026-02-16 10:52:00.",P00814,P00611,LOC0133
DIG000942,2026-05-31 14:06:00,ta,"PERSON_00828 और PERSON_00264 ने இடத்தை பகிர்ந்தார், Zone_0050, Jabalpur के पास। समय 2026-05-31 14:06:00.",P00828,P00264,LOC0050
DIG000943,2026-08-15 04:46:00,mr,"PERSON_00618 और PERSON_00698 ने संदेश पाठवला, Zone_0026, Nagpur के पास। समय 2026-08-15 04:46:00.",P00618,P00698,LOC0026
DIG000944,2026-07-15 22:35:00,te,"PERSON_00051 और PERSON_00632 ने సంప్రదించారు, Zone_0171, Bhopal के पास। समय 2026-07-15 22:35:00.",P00051,P00632,LOC0171
DIG000945,2026-06-02 09:54:00,te,"PERSON_00041 और PERSON_00490 ने డబ్బు పంపారు, Zone_0091, Jabalpur के पास। समय 2026-06-02 09:54:00.",P00041,P00490,LOC0091
DIG000946,2026-08-24 15:45:00,bn,"PERSON_00482 और PERSON_00065 ने পরিদর্শন করেছে, Zone_0112, Ujjain के पास। समय 2026-08-24 15:45:00.",P00482,P00065,LOC0112
DIG000947,2026-07-26 13:02:00,ur,"PERSON_00113 और PERSON_00296 ने رقم منتقل کی, Zone_0113, Indore के पास। समय 2026-07-26 13:02:00.",P00113,P00296,LOC0113
DIG000948,2026-02-08 11:03:00,kn,"PERSON_00513 और PERSON_00946 ने ಸಂದೇಶ ಕಳುಹಿಸಿದರು, Zone_0055, Bhopal के पास। समय 2026-02-08 11:03:00.",P00513,P00946,LOC0055
DIG000949,2026-01-20 07:40:00,kn,"PERSON_00269 और PERSON_00055 ने ಕರೆ ಮಾಡಿದರು, Zone_0161, Jabalpur के पास। समय 2026-01-20 07:40:00.",P00269,P00055,LOC0161
DIG000950,2026-04-19 22:54:00,pa,"PERSON_00633 और PERSON_00838 ने ਮਿਲਿਆ, Zone_0163, Nagpur के पास। समय 2026-04-19 22:54:00.",P00633,P00838,LOC0163
DIG000951,2026-01-12 13:21:00,ta,"PERSON_00019 और PERSON_00106 ने பணம் அனுப்பினார், Zone_0014, Bhopal के पास। समय 2026-01-12 13:21:00.",P00019,P00106,LOC0014
DIG000952,2026-07-12 01:45:00,ml,"PERSON_00686 और PERSON_00078 ने പണം അയച്ചു, Zone_0112, Ujjain के पास। समय 2026-07-12 01:45:00.",P00686,P00078,LOC0112
DIG000953,2026-08-07 08:57:00,ur,"PERSON_00598 और PERSON_00879 ने فون کیا, Zone_0044, Bhopal के पास। समय 2026-08-07 08:57:00.",P00598,P00879,LOC0044
DIG000954,2026-05-03 14:20:00,pa,"PERSON_00529 और PERSON_00447 ने ਮੁਲਾਕਾਤ ਕੀਤੀ, Zone_0112, Ujjain के पास। समय 2026-05-03 14:20:00.",P00529,P00447,LOC0112
DIG000955,2026-08-30 20:08:00,pa,"PERSON_00870 और PERSON_00366 ने ਸੁਨੇਹਾ ਭੇਜਿਆ, Zone_0174, Gwalior के पास। समय 2026-08-30 20:08:00.",P00870,P00366,LOC0174
DIG000956,2026-05-18 04:39:00,mr,"PERSON_00728 और PERSON_00238 ने संदेश पाठवला, Zone_0147, Ujjain के पास। समय 2026-05-18 04:39:00.",P00728,P00238,LOC0147
DIG000957,2026-04-14 22:25:00,ur,"PERSON_00518 और PERSON_00752 ने فون کیا, Zone_0036, Ujjain के पास। समय 2026-04-14 22:25:00.",P00518,P00752,LOC0036
DIG000958,2026-01-21 02:48:00,ta,"PERSON_00955 और PERSON_00297 ने சந்தித்தார், Zone_0049, Nagpur के पास। समय 2026-01-21 02:48:00.",P00955,P00297,LOC0049
DIG000959,2026-01-09 13:43:00,hi,"PERSON_00046 और PERSON_00894 ने संपर्क किया, Zone_0156, Bhopal के पास। समय 2026-01-09 13:43:00.",P00046,P00894,LOC0156
DIG000960,2026-02-17 03:56:00,te,"PERSON_00159 और PERSON_00225 ने ఫోన్ చేశారు, Zone_0030, Nagpur के पास। समय 2026-02-17 03:56:00.",P00159,P00225,LOC0030
DIG000961,2026-08-24 08:36:00,en,"PERSON_00977 called PERSON_00746 near Zone_0036, Ujjain. Record time 2026-08-24 08:36:00.",P00977,P00746,LOC0036
DIG000962,2026-03-09 17:15:00,bn,"PERSON_00771 और PERSON_00996 ने পরিদর্শন করেছে, Zone_0180, Indore के पास। समय 2026-03-09 17:15:00.",P00771,P00996,LOC0180
DIG000963,2026-07-05 04:56:00,pa,"PERSON_00572 और PERSON_00944 ने ਸੰਪਰਕ ਕੀਤਾ, Zone_0051, Bhopal के पास। समय 2026-07-05 04:56:00.",P00572,P00944,LOC0051
DIG000964,2026-05-30 03:37:00,en,"PERSON_00257 contacted PERSON_00860 near Zone_0023, Jabalpur. Record time 2026-05-30 03:37:00.",P00257,P00860,LOC0023
DIG000965,2026-08-27 11:59:00,ur,"PERSON_00018 और PERSON_00453 ने پیغام بھیجا, Zone_0089, Jabalpur के पास। समय 2026-08-27 11:59:00.",P00018,P00453,LOC0089
DIG000966,2026-02-19 22:32:00,ta,"PERSON_00772 और PERSON_00628 ने இடத்தை பகிர்ந்தார், Zone_0071, Indore के पास। समय 2026-02-19 22:32:00.",P00772,P00628,LOC0071
DIG000967,2026-01-08 01:00:00,ta,"PERSON_00024 और PERSON_00025 ने செய்தி அனுப்பினார், Zone_0078, Ujjain के पास। समय 2026-01-08 01:00:00.",P00024,P00025,LOC0078
DIG000968,2026-06-22 23:08:00,gu,"PERSON_00675 और PERSON_00546 ने નાણાં મોકલ્યાં, Zone_0079, Nagpur के पास। समय 2026-06-22 23:08:00.",P00675,P00546,LOC0079
DIG000969,2026-06-03 04:28:00,mr,"PERSON_00548 और PERSON_00508 ने फोन केला, Zone_0044, Bhopal के पास। समय 2026-06-03 04:28:00.",P00548,P00508,LOC0044
DIG000970,2026-08-05 15:04:00,bn,"PERSON_00428 और PERSON_00094 ने ফোন করেছে, Zone_0005, Jabalpur के पास। समय 2026-08-05 15:04:00.",P00428,P00094,LOC0005
DIG000971,2026-01-29 10:20:00,hi,"PERSON_00139 और PERSON_00129 ने धन भेजा, Zone_0127, Bhopal के पास। समय 2026-01-29 10:20:00.",P00139,P00129,LOC0127
DIG000972,2026-01-12 02:55:00,ml,"PERSON_00152 और PERSON_00289 ने വിളിച്ചു, Zone_0173, Jabalpur के पास। समय 2026-01-12 02:55:00.",P00152,P00289,LOC0173
DIG000973,2026-08-17 05:52:00,pa,"PERSON_00348 और PERSON_00457 ने ਮੁਲਾਕਾਤ ਕੀਤੀ, Zone_0110, Indore के पास। समय 2026-08-17 05:52:00.",P00348,P00457,LOC0110
DIG000974,2026-01-16 03:42:00,te,"PERSON_00489 और PERSON_00808 ने సందేశం పంపారు, Zone_0057, Ujjain के पास। समय 2026-01-16 03:42:00.",P00489,P00808,LOC0057
DIG000975,2026-02-26 01:20:00,kn,"PERSON_00304 और PERSON_00718 ने ಸಂಪರ್ಕಿಸಿದರು, Zone_0175, Jabalpur के पास। समय 2026-02-26 01:20:00.",P00304,P00718,LOC0175
DIG000976,2026-03-23 23:18:00,hi,"PERSON_00315 और PERSON_00199 ने फोन किया, Zone_0180, Indore के पास। समय 2026-03-23 23:18:00.",P00315,P00199,LOC0180
DIG000977,2026-02-26 04:20:00,kn,"PERSON_00684 और PERSON_00071 ने ಕರೆ ಮಾಡಿದರು, Zone_0090, Gwalior के पास। समय 2026-02-26 04:20:00.",P00684,P00071,LOC0090
DIG000978,2026-01-02 11:43:00,kn,"PERSON_00001 और PERSON_00157 ने ಭೇಟಿಯಾದರು, Zone_0167, Nagpur के पास। समय 2026-01-02 11:43:00.",P00001,P00157,LOC0167
DIG000979,2026-05-18 22:49:00,ta,"PERSON_00427 और PERSON_00748 ने தொடர்பு கொண்டார், Zone_0169, Nagpur के पास। समय 2026-05-18 22:49:00.",P00427,P00748,LOC0169
DIG000980,2026-01-18 20:15:00,pa,"PERSON_00520 और PERSON_00475 ने ਮੁਲਾਕਾਤ ਕੀਤੀ, Zone_0099, Bhopal के पास। समय 2026-01-18 20:15:00.",P00520,P00475,LOC0099
DIG000981,2026-03-13 11:10:00,en,"PERSON_00760 sent a message to PERSON_00464 near Zone_0176, Gwalior. Record time 2026-03-13 11:10:00.",P00760,P00464,LOC0176
DIG000982,2026-06-01 11:16:00,gu,"PERSON_00435 और PERSON_00531 ने મળ્યા, Zone_0055, Bhopal के पास। समय 2026-06-01 11:16:00.",P00435,P00531,LOC0055
DIG000983,2026-02-10 07:29:00,ta,"PERSON_00362 और PERSON_00286 ने சந்தித்தார், Zone_0167, Nagpur के पास। समय 2026-02-10 07:29:00.",P00362,P00286,LOC0167
DIG000984,2026-02-16 10:41:00,hi,"PERSON_00647 और PERSON_00516 ने मिला, Zone_0040, Bhopal के पास। समय 2026-02-16 10:41:00.",P00647,P00516,LOC0040
DIG000985,2026-02-08 17:36:00,ml,"PERSON_00364 और PERSON_00896 ने സ്ഥലം പങ്കിട്ടു, Zone_0148, Indore के पास। समय 2026-02-08 17:36:00.",P00364,P00896,LOC0148
DIG000986,2026-02-06 08:36:00,ur,"PERSON_00744 और PERSON_00138 ने ملاقات کی, Zone_0021, Ujjain के पास। समय 2026-02-06 08:36:00.",P00744,P00138,LOC0021
DIG000987,2026-08-06 16:24:00,pa,"PERSON_00114 और PERSON_00187 ने ਸੰਪਰਕ ਕੀਤਾ, Zone_0158, Jabalpur के पास। समय 2026-08-06 16:24:00.",P00114,P00187,LOC0158
DIG000988,2026-02-27 09:01:00,kn,"PERSON_00535 और PERSON_00256 ने ಸಂಪರ್ಕಿಸಿದರು, Zone_0141, Jabalpur के पास। समय 2026-02-27 09:01:00.",P00535,P00256,LOC0141
DIG000989,2026-04-30 12:00:00,pa,"PERSON_00239 और PERSON_00945 ने ਸੁਨੇਹਾ ਭੇਜਿਆ, Zone_0142, Jabalpur के पास। समय 2026-04-30 12:00:00.",P00239,P00945,LOC0142
DIG000990,2026-01-17 02:02:00,pa,"PERSON_00832 और PERSON_00901 ने ਫੋਨ ਕੀਤਾ, Zone_0124, Bhopal के पास। समय 2026-01-17 02:02:00.",P00832,P00901,LOC0124
DIG000991,2026-03-04 13:27:00,hi,"PERSON_00268 और PERSON_00461 ने मिला, Zone_0121, Nagpur के पास। समय 2026-03-04 13:27:00.",P00268,P00461,LOC0121
DIG000992,2026-05-28 01:11:00,gu,"PERSON_00443 और PERSON_00344 ने મળ્યા, Zone_0066, Jabalpur के पास। समय 2026-05-28 01:11:00.",P00443,P00344,LOC0066
DIG000993,2026-05-25 19:29:00,kn,"PERSON_00024 और PERSON_00189 ने ಸಂದೇಶ ಕಳುಹಿಸಿದರು, Zone_0045, Gwalior के पास। समय 2026-05-25 19:29:00.",P00024,P00189,LOC0045
DIG000994,2026-01-11 20:07:00,pa,"PERSON_00320 और PERSON_00538 ने ਸੁਨੇਹਾ ਭੇਜਿਆ, Zone_0058, Bhopal के पास। समय 2026-01-11 20:07:00.",P00320,P00538,LOC0058
DIG000995,2026-08-16 01:27:00,te,"PERSON_00407 और PERSON_00624 ने వెళ్లారు, Zone_0069, Jabalpur के पास। समय 2026-08-16 01:27:00.",P00407,P00624,LOC0069
DIG000996,2026-01-05 04:03:00,en,"PERSON_00842 visited PERSON_00777 near Zone_0137, Nagpur. Record time 2026-01-05 04:03:00.",P00842,P00777,LOC0137
DIG000997,2026-07-25 11:37:00,pa,"PERSON_00341 और PERSON_00358 ने ਫੋਨ ਕੀਤਾ, Zone_0113, Indore के पास। समय 2026-07-25 11:37:00.",P00341,P00358,LOC0113
DIG000998,2026-03-11 11:57:00,bn,"PERSON_00752 और PERSON_00969 ने যোগাযোগ করেছে, Zone_0040, Bhopal के पास। समय 2026-03-11 11:57:00.",P00752,P00969,LOC0040
DIG000999,2026-01-06 18:35:00,te,"PERSON_00904 और PERSON_00068 ने సందేశం పంపారు, Zone_0002, Ujjain के पास। समय 2026-01-06 18:35:00.",P00904,P00068,LOC0002
DIG001000,2026-06-13 10:44:00,mr,"PERSON_00315 और PERSON_00471 ने फोन केला, Zone_0114, Bhopal के पास। समय 2026-06-13 10:44:00.",P00315,P00471,LOC0114
DIG001001,2026-03-18 10:05:00,pa,"PERSON_00276 और PERSON_00811 ने ਮੁਲਾਕਾਤ ਕੀਤੀ, Zone_0125, Indore के पास। समय 2026-03-18 10:05:00.",P00276,P00811,LOC0125
DIG001002,2026-05-15 13:18:00,mr,"PERSON_00480 और PERSON_00367 ने पैसे पाठवले, Zone_0147, Ujjain के पास। समय 2026-05-15 13:18:00.",P00480,P00367,LOC0147
DIG001003,2026-01-08 20:22:00,te,"PERSON_00867 और PERSON_00819 ने సంప్రదించారు, Zone_0045, Gwalior के पास। समय 2026-01-08 20:22:00.",P00867,P00819,LOC0045
DIG001004,2026-06-23 05:52:00,en,"PERSON_00363 transferred funds to PERSON_00995 near Zone_0035, Jabalpur. Record time 2026-06-23 05:52:00.",P00363,P00995,LOC0035
DIG001005,2026-01-16 22:50:00,en,"PERSON_00447 visited PERSON_00346 near Zone_0078, Ujjain. Record time 2026-01-16 22:50:00.",P00447,P00346,LOC0078
DIG001006,2026-02-18 12:37:00,mr,"PERSON_00802 और PERSON_00946 ने संदेश पाठवला, Zone_0040, Bhopal के पास। समय 2026-02-18 12:37:00.",P00802,P00946,LOC0040
DIG001007,2026-07-15 12:04:00,ml,"PERSON_00196 और PERSON_00952 ने സന്ദർശിച്ചു, Zone_0155, Nagpur के पास। समय 2026-07-15 12:04:00.",P00196,P00952,LOC0155
DIG001008,2026-07-29 04:09:00,gu,"PERSON_00606 और PERSON_00220 ने મુલાકાત લીધી, Zone_0019, Gwalior के पास। समय 2026-07-29 04:09:00.",P00606,P00220,LOC0019
DIG001009,2026-02-24 03:52:00,pa,"PERSON_00190 और PERSON_00269 ने ਪੈਸੇ ਭੇਜੇ, Zone_0048, Indore के पास। समय 2026-02-24 03:52:00.",P00190,P00269,LOC0048
DIG001010,2026-08-25 01:29:00,kn,"PERSON_00228 और PERSON_00384 ने ಕರೆ ಮಾಡಿದರು, Zone_0139, Jabalpur के पास। समय 2026-08-25 01:29:00.",P00228,P00384,LOC0139
DIG001011,2026-04-04 19:21:00,gu,"PERSON_00478 और PERSON_00247 ने નાણાં મોકલ્યાં, Zone_0068, Bhopal के पास। समय 2026-04-04 19:21:00.",P00478,P00247,LOC0068
DIG001012,2026-07-18 14:18:00,bn,"PERSON_00468 और PERSON_00796 ने দেখা করেছে, Zone_0178, Gwalior के पास। समय 2026-07-18 14:18:00.",P00468,P00796,LOC0178
DIG001013,2026-05-06 09:07:00,ta,"PERSON_00727 और PERSON_00916 ने தொடர்பு கொண்டார், Zone_0050, Jabalpur के पास। समय 2026-05-06 09:07:00.",P00727,P00916,LOC0050
DIG001014,2026-07-26 02:58:00,bn,"PERSON_00566 और PERSON_00044 ने যোগাযোগ করেছে, Zone_0099, Bhopal के पास। समय 2026-07-26 02:58:00.",P00566,P00044,LOC0099
DIG001015,2026-04-02 02:11:00,ml,"PERSON_00064 और PERSON_00719 ने ബന്ധപ്പെട്ടു, Zone_0127, Bhopal के पास। समय 2026-04-02 02:11:00.",P00064,P00719,LOC0127
DIG001016,2026-02-09 11:03:00,ta,"PERSON_00549 और PERSON_00383 ने இடத்தை பகிர்ந்தார், Zone_0125, Indore के पास। समय 2026-02-09 11:03:00.",P00549,P00383,LOC0125
DIG001017,2026-03-04 16:58:00,kn,"PERSON_00725 और PERSON_00085 ने ಸಂದೇಶ ಕಳುಹಿಸಿದರು, Zone_0180, Indore के पास। समय 2026-03-04 16:58:00.",P00725,P00085,LOC0180
DIG001018,2026-05-17 03:16:00,en,"PERSON_00857 shared a location with PERSON_00863 near Zone_0085, Gwalior. Record time 2026-05-17 03:16:00.",P00857,P00863,LOC0085
DIG001019,2026-04-19 06:08:00,ml,"PERSON_00205 और PERSON_00772 ने സന്ദേശം അയച്ചു, Zone_0047, Ujjain के पास। समय 2026-04-19 06:08:00.",P00205,P00772,LOC0047
DIG001020,2026-01-25 04:27:00,ml,"PERSON_00722 और PERSON_00455 ने കണ്ടുമുട്ടി, Zone_0084, Gwalior के पास। समय 2026-01-25 04:27:00.",P00722,P00455,LOC0084
DIG001021,2026-08-31 01:55:00,gu,"PERSON_00006 और PERSON_00478 ने મુલાકાત લીધી, Zone_0176, Gwalior के पास। समय 2026-08-31 01:55:00.",P00006,P00478,LOC0176
DIG001022,2026-05-25 12:29:00,hi,"PERSON_00735 और PERSON_00197 ने धन भेजा, Zone_0171, Bhopal के पास। समय 2026-05-25 12:29:00.",P00735,P00197,LOC0171
DIG001023,2026-07-14 14:46:00,kn,"PERSON_00717 और PERSON_00207 ने ಕರೆ ಮಾಡಿದರು, Zone_0073, Jabalpur के पास। समय 2026-07-14 14:46:00.",P00717,P00207,LOC0073
DIG001024,2026-01-19 01:36:00,ur,"PERSON_00062 और PERSON_00483 ने رابطہ کیا, Zone_0097, Ujjain के पास। समय 2026-01-19 01:36:00.",P00062,P00483,LOC0097
DIG001025,2026-06-18 12:08:00,ml,"PERSON_00854 और PERSON_00458 ने സന്ദേശം അയച്ചു, Zone_0069, Jabalpur के पास। समय 2026-06-18 12:08:00.",P00854,P00458,LOC0069
DIG001026,2026-02-12 10:41:00,ml,"PERSON_00726 और PERSON_00403 ने കണ്ടുമുട്ടി, Zone_0136, Jabalpur के पास। समय 2026-02-12 10:41:00.",P00726,P00403,LOC0136
DIG001027,2026-03-24 10:11:00,kn,"PERSON_00581 और PERSON_00905 ने ಸಂಪರ್ಕಿಸಿದರು, Zone_0067, Indore के पास। समय 2026-03-24 10:11:00.",P00581,P00905,LOC0067
DIG001028,2026-01-13 05:14:00,ta,"PERSON_00591 और PERSON_00049 ने செய்தி அனுப்பினார், Zone_0066, Jabalpur के पास। समय 2026-01-13 05:14:00.",P00591,P00049,LOC0066
DIG001029,2026-05-03 09:40:00,gu,"PERSON_00634 और PERSON_00655 ने સ્થાન શેર કર્યું, Zone_0022, Gwalior के पास। समय 2026-05-03 09:40:00.",P00634,P00655,LOC0022
DIG001030,2026-08-10 18:21:00,kn,"PERSON_00286 और PERSON_00380 ने ಹಣ ಕಳುಹಿಸಿದರು, Zone_0051, Bhopal के पास। समय 2026-08-10 18:21:00.",P00286,P00380,LOC0051
DIG001031,2026-06-11 09:34:00,pa,"PERSON_00595 और PERSON_00593 ने ਸੰਪਰਕ ਕੀਤਾ, Zone_0011, Gwalior के पास। समय 2026-06-11 09:34:00.",P00595,P00593,LOC0011
DIG001032,2026-06-03 05:21:00,kn,"PERSON_00467 और PERSON_00943 ने ಸಂಪರ್ಕಿಸಿದರು, Zone_0002, Ujjain के पास। समय 2026-06-03 05:21:00.",P00467,P00943,LOC0002
DIG001033,2026-08-04 03:59:00,hi,"PERSON_00517 और PERSON_00848 ने धन भेजा, Zone_0027, Gwalior के पास। समय 2026-08-04 03:59:00.",P00517,P00848,LOC0027
DIG001034,2026-06-29 23:44:00,ta,"PERSON_00992 और PERSON_00668 ने பணம் அனுப்பினார், Zone_0164, Bhopal के पास। समय 2026-06-29 23:44:00.",P00992,P00668,LOC0164
DIG001035,2026-08-25 05:36:00,ur,"PERSON_00357 और PERSON_00185 ने دورہ کیا, Zone_0063, Gwalior के पास। समय 2026-08-25 05:36:00.",P00357,P00185,LOC0063
DIG001036,2026-08-06 23:45:00,ml,"PERSON_00525 और PERSON_00270 ने കണ്ടുമുട്ടി, Zone_0088, Indore के पास। समय 2026-08-06 23:45:00.",P00525,P00270,LOC0088
DIG001037,2026-06-17 20:47:00,mr,"PERSON_00601 और PERSON_00970 ने फोन केला, Zone_0146, Bhopal के पास। समय 2026-06-17 20:47:00.",P00601,P00970,LOC0146
DIG001038,2026-07-09 19:56:00,mr,"PERSON_00051 और PERSON_00605 ने संपर्क केला, Zone_0073, Jabalpur के पास। समय 2026-07-09 19:56:00.",P00051,P00605,LOC0073
DIG001039,2026-03-20 00:15:00,gu,"PERSON_00725 और PERSON_00569 ने ફોન કર્યો, Zone_0002, Ujjain के पास। समय 2026-03-20 00:15:00.",P00725,P00569,LOC0002
DIG001040,2026-06-05 07:57:00,te,"PERSON_00238 और PERSON_00072 ने సంప్రదించారు, Zone_0002, Ujjain के पास। समय 2026-06-05 07:57:00.",P00238,P00072,LOC0002
DIG001041,2026-08-16 13:28:00,hi,"PERSON_00258 और PERSON_00805 ने वाहन का उपयोग किया, Zone_0169, Nagpur के पास। समय 2026-08-16 13:28:00.",P00258,P00805,LOC0169
DIG001042,2026-05-03 14:54:00,ml,"PERSON_00551 और PERSON_00797 ने കണ്ടുമുട്ടി, Zone_0091, Jabalpur के पास। समय 2026-05-03 14:54:00.",P00551,P00797,LOC0091
DIG001043,2026-01-05 17:36:00,kn,"PERSON_00007 और PERSON_00748 ने ಭೇಟಿಯಾದರು, Zone_0023, Jabalpur के पास। समय 2026-01-05 17:36:00.",P00007,P00748,LOC0023
DIG001044,2026-01-31 07:00:00,en,"PERSON_00241 visited PERSON_00268 near Zone_0096, Indore. Record time 2026-01-31 07:00:00.",P00241,P00268,LOC0096
DIG001045,2026-08-25 13:13:00,pa,"PERSON_00146 और PERSON_00534 ने ਮਿਲਿਆ, Zone_0119, Indore के पास। समय 2026-08-25 13:13:00.",P00146,P00534,LOC0119
DIG001046,2026-02-10 07:24:00,hi,"PERSON_00560 और PERSON_00368 ने धन भेजा, Zone_0147, Ujjain के पास। समय 2026-02-10 07:24:00.",P00560,P00368,LOC0147
DIG001047,2026-03-12 02:35:00,hi,"PERSON_00496 और PERSON_00798 ने दौरा किया, Zone_0085, Gwalior के पास। समय 2026-03-12 02:35:00.",P00496,P00798,LOC0085
DIG001048,2026-04-09 19:05:00,ur,"PERSON_00627 और PERSON_00629 ने فون کیا, Zone_0019, Gwalior के पास। समय 2026-04-09 19:05:00.",P00627,P00629,LOC0019
DIG001049,2026-05-01 17:19:00,ta,"PERSON_00660 और PERSON_00468 ने சந்தித்தார், Zone_0178, Gwalior के पास। समय 2026-05-01 17:19:00.",P00660,P00468,LOC0178
DIG001050,2026-05-31 13:04:00,pa,"PERSON_00229 और PERSON_00480 ने ਸੁਨੇਹਾ ਭੇਜਿਆ, Zone_0037, Indore के पास। समय 2026-05-31 13:04:00.",P00229,P00480,LOC0037
DIG001051,2026-01-04 00:12:00,gu,"PERSON_00818 और PERSON_00810 ने નાણાં મોકલ્યાં, Zone_0058, Bhopal के पास। समय 2026-01-04 00:12:00.",P00818,P00810,LOC0058
DIG001052,2026-05-17 12:07:00,ml,"PERSON_00704 और PERSON_00027 ने സന്ദർശിച്ചു, Zone_0028, Bhopal के पास। समय 2026-05-17 12:07:00.",P00704,P00027,LOC0028
DIG001053,2026-08-04 00:26:00,ta,"PERSON_00136 और PERSON_00674 ने இடத்தை பகிர்ந்தார், Zone_0115, Jabalpur के पास। समय 2026-08-04 00:26:00.",P00136,P00674,LOC0115
DIG001054,2026-07-09 22:12:00,ta,"PERSON_00663 और PERSON_00308 ने சந்தித்தார், Zone_0103, Indore के पास। समय 2026-07-09 22:12:00.",P00663,P00308,LOC0103
DIG001055,2026-05-27 06:00:00,hi,"PERSON_00567 और PERSON_00568 ने वाहन का उपयोग किया, Zone_0154, Ujjain के पास। समय 2026-05-27 06:00:00.",P00567,P00568,LOC0154
DIG001056,2026-04-17 05:01:00,ml,"PERSON_00268 और PERSON_00414 ने കണ്ടുമുട്ടി, Zone_0048, Indore के पास। समय 2026-04-17 05:01:00.",P00268,P00414,LOC0048
DIG001057,2026-01-09 17:05:00,hi,"PERSON_00835 और PERSON_00586 ने दौरा किया, Zone_0129, Nagpur के पास। समय 2026-01-09 17:05:00.",P00835,P00586,LOC0129
DIG001058,2026-06-20 22:31:00,ta,"PERSON_00508 और PERSON_00933 ने பணம் அனுப்பினார், Zone_0043, Gwalior के पास। समय 2026-06-20 22:31:00.",P00508,P00933,LOC0043
DIG001059,2026-05-07 14:35:00,ur,"PERSON_00275 और PERSON_00715 ने ملاقات کی, Zone_0166, Bhopal के पास। समय 2026-05-07 14:35:00.",P00275,P00715,LOC0166
DIG001060,2026-04-19 23:59:00,en,"PERSON_00961 sent a message to PERSON_00835 near Zone_0020, Bhopal. Record time 2026-04-19 23:59:00.",P00961,P00835,LOC0020
DIG001061,2026-05-14 12:47:00,hi,"PERSON_00653 और PERSON_00329 ने वाहन का उपयोग किया, Zone_0022, Gwalior के पास। समय 2026-05-14 12:47:00.",P00653,P00329,LOC0022
DIG001062,2026-01-16 08:34:00,hi,"PERSON_00843 और PERSON_00165 ने फोन किया, Zone_0095, Indore के पास। समय 2026-01-16 08:34:00.",P00843,P00165,LOC0095
DIG001063,2026-01-18 18:15:00,kn,"PERSON_00476 और PERSON_00369 ने ಭೇಟಿಯಾದರು, Zone_0077, Bhopal के पास। समय 2026-01-18 18:15:00.",P00476,P00369,LOC0077
DIG001064,2026-05-05 02:18:00,bn,"PERSON_00985 और PERSON_00093 ने পরিদর্শন করেছে, Zone_0091, Jabalpur के पास। समय 2026-05-05 02:18:00.",P00985,P00093,LOC0091
DIG001065,2026-02-03 05:04:00,ta,"PERSON_00595 और PERSON_00751 ने பணம் அனுப்பினார், Zone_0018, Bhopal के पास। समय 2026-02-03 05:04:00.",P00595,P00751,LOC0018
DIG001066,2026-04-08 08:05:00,mr,"PERSON_00733 और PERSON_00343 ने पैसे पाठवले, Zone_0016, Ujjain के पास। समय 2026-04-08 08:05:00.",P00733,P00343,LOC0016
DIG001067,2026-03-28 16:12:00,bn,"PERSON_00696 और PERSON_00829 ने স্থান ভাগ করেছে, Zone_0058, Bhopal के पास। समय 2026-03-28 16:12:00.",P00696,P00829,LOC0058
DIG001068,2026-07-03 23:11:00,hi,"PERSON_00364 और PERSON_00203 ने धन भेजा, Zone_0008, Nagpur के पास। समय 2026-07-03 23:11:00.",P00364,P00203,LOC0008
DIG001069,2026-06-24 11:36:00,hi,"PERSON_00207 और PERSON_00650 ने संदेश भेजा, Zone_0014, Bhopal के पास। समय 2026-06-24 11:36:00.",P00207,P00650,LOC0014
DIG001070,2026-07-27 08:32:00,bn,"PERSON_00310 और PERSON_00457 ने পরিদর্শন করেছে, Zone_0046, Bhopal के पास। समय 2026-07-27 08:32:00.",P00310,P00457,LOC0046
DIG001071,2026-04-20 06:35:00,ur,"PERSON_00055 और PERSON_00551 ने رقم منتقل کی, Zone_0179, Gwalior के पास। समय 2026-04-20 06:35:00.",P00055,P00551,LOC0179
DIG001072,2026-04-27 06:17:00,pa,"PERSON_00041 और PERSON_00971 ने ਮਿਲਿਆ, Zone_0065, Jabalpur के पास। समय 2026-04-27 06:17:00.",P00041,P00971,LOC0065
DIG001073,2026-07-07 05:58:00,gu,"PERSON_00668 और PERSON_00283 ने નાણાં મોકલ્યાં, Zone_0121, Nagpur के पास। समय 2026-07-07 05:58:00.",P00668,P00283,LOC0121
DIG001074,2026-07-18 02:30:00,kn,"PERSON_00510 और PERSON_00117 ने ಸ್ಥಳ ಹಂಚಿಕೊಂಡರು, Zone_0133, Indore के पास। समय 2026-07-18 02:30:00.",P00510,P00117,LOC0133
DIG001075,2026-01-14 17:04:00,mr,"PERSON_00426 और PERSON_00683 ने भेटला, Zone_0064, Ujjain के पास। समय 2026-01-14 17:04:00.",P00426,P00683,LOC0064
DIG001076,2026-07-11 01:30:00,mr,"PERSON_00698 और PERSON_00125 ने संदेश पाठवला, Zone_0172, Gwalior के पास। समय 2026-07-11 01:30:00.",P00698,P00125,LOC0172
DIG001077,2026-03-24 17:13:00,ur,"PERSON_00779 और PERSON_00335 ने ملاقات کی, Zone_0030, Nagpur के पास। समय 2026-03-24 17:13:00.",P00779,P00335,LOC0030
DIG001078,2026-02-05 00:33:00,mr,"PERSON_00882 और PERSON_00663 ने फोन केला, Zone_0011, Gwalior के पास। समय 2026-02-05 00:33:00.",P00882,P00663,LOC0011
DIG001079,2026-05-07 09:36:00,mr,"PERSON_00564 और PERSON_00212 ने फोन केला, Zone_0022, Gwalior के पास। समय 2026-05-07 09:36:00.",P00564,P00212,LOC0022
DIG001080,2026-02-11 08:10:00,ml,"PERSON_00315 और PERSON_00710 ने സ്ഥലം പങ്കിട്ടു, Zone_0108, Bhopal के पास। समय 2026-02-11 08:10:00.",P00315,P00710,LOC0108
DIG001081,2026-03-15 02:28:00,ur,"PERSON_00633 और PERSON_00285 ने فون کیا, Zone_0116, Bhopal के पास। समय 2026-03-15 02:28:00.",P00633,P00285,LOC0116
DIG001082,2026-06-22 23:21:00,ur,"PERSON_00113 और PERSON_00791 ने مقام شیئر کیا, Zone_0115, Jabalpur के पास। समय 2026-06-22 23:21:00.",P00113,P00791,LOC0115
DIG001083,2026-08-28 06:09:00,bn,"PERSON_00649 और PERSON_00990 ने টাকা পাঠিয়েছে, Zone_0081, Gwalior के पास। समय 2026-08-28 06:09:00.",P00649,P00990,LOC0081
DIG001084,2026-03-31 20:29:00,hi,"PERSON_00576 और PERSON_00448 ने संदेश भेजा, Zone_0156, Bhopal के पास। समय 2026-03-31 20:29:00.",P00576,P00448,LOC0156
DIG001085,2026-02-23 02:57:00,ta,"PERSON_00234 और PERSON_00312 ने இடத்தை பகிர்ந்தார், Zone_0164, Bhopal के पास। समय 2026-02-23 02:57:00.",P00234,P00312,LOC0164
DIG001086,2026-04-10 08:34:00,te,"PERSON_00843 और PERSON_00866 ने వెళ్లారు, Zone_0066, Jabalpur के पास। समय 2026-04-10 08:34:00.",P00843,P00866,LOC0066
DIG001087,2026-04-27 04:04:00,hi,"PERSON_00344 और PERSON_00946 ने संपर्क किया, Zone_0029, Nagpur के पास। समय 2026-04-27 04:04:00.",P00344,P00946,LOC0029
DIG001088,2026-06-20 05:29:00,ml,"PERSON_00891 और PERSON_00713 ने കണ്ടുമുട്ടി, Zone_0030, Nagpur के पास। समय 2026-06-20 05:29:00.",P00891,P00713,LOC0030
DIG001089,2026-08-03 15:48:00,pa,"PERSON_00575 और PERSON_00772 ने ਮਿਲਿਆ, Zone_0059, Indore के पास। समय 2026-08-03 15:48:00.",P00575,P00772,LOC0059
DIG001090,2026-03-16 08:31:00,kn,"PERSON_00685 और PERSON_00146 ने ಭೇಟಿಯಾದರು, Zone_0118, Ujjain के पास। समय 2026-03-16 08:31:00.",P00685,P00146,LOC0118
DIG001091,2026-04-26 03:46:00,te,"PERSON_00687 और PERSON_00146 ने స్థానం పంచుకున్నారు, Zone_0075, Gwalior के पास। समय 2026-04-26 03:46:00.",P00687,P00146,LOC0075
DIG001092,2026-07-19 13:31:00,pa,"PERSON_00795 और PERSON_00828 ने ਸਥਾਨ ਸਾਂਝਾ ਕੀਤਾ, Zone_0027, Gwalior के पास। समय 2026-07-19 13:31:00.",P00795,P00828,LOC0027
DIG001093,2026-06-18 23:49:00,hi,"PERSON_00250 और PERSON_00228 ने दौरा किया, Zone_0041, Ujjain के पास। समय 2026-06-18 23:49:00.",P00250,P00228,LOC0041
DIG001094,2026-06-06 20:20:00,bn,"PERSON_00615 और PERSON_00123 ने যোগাযোগ করেছে, Zone_0150, Ujjain के पास। समय 2026-06-06 20:20:00.",P00615,P00123,LOC0150
DIG001095,2026-05-06 16:03:00,en,"PERSON_00030 visited PERSON_00073 near Zone_0048, Indore. Record time 2026-05-06 16:03:00.",P00030,P00073,LOC0048
DIG001096,2026-08-09 04:20:00,pa,"PERSON_00418 और PERSON_00342 ने ਸਥਾਨ ਸਾਂਝਾ ਕੀਤਾ, Zone_0142, Jabalpur के पास। समय 2026-08-09 04:20:00.",P00418,P00342,LOC0142
DIG001097,2026-06-30 00:25:00,gu,"PERSON_00192 और PERSON_00807 ने નાણાં મોકલ્યાં, Zone_0141, Jabalpur के पास। समय 2026-06-30 00:25:00.",P00192,P00807,LOC0141
DIG001098,2026-08-25 19:29:00,mr,"PERSON_00908 और PERSON_00208 ने भेटला, Zone_0054, Jabalpur के पास। समय 2026-08-25 19:29:00.",P00908,P00208,LOC0054
DIG001099,2026-07-24 17:42:00,pa,"PERSON_00543 और PERSON_00706 ने ਮਿਲਿਆ, Zone_0005, Jabalpur के पास। समय 2026-07-24 17:42:00.",P00543,P00706,LOC0005
DIG001100,2026-02-07 22:38:00,en,"PERSON_00881 shared a location with PERSON_00797 near Zone_0083, Ujjain. Record time 2026-02-07 22:38:00.",P00881,P00797,LOC0083
DIG001101,2026-08-30 07:02:00,kn,"PERSON_00700 और PERSON_00280 ने ಹಣ ಕಳುಹಿಸಿದರು, Zone_0064, Ujjain के पास। समय 2026-08-30 07:02:00.",P00700,P00280,LOC0064
DIG001102,2026-07-10 07:38:00,hi,"PERSON_00218 और PERSON_00461 ने धन भेजा, Zone_0119, Indore के पास। समय 2026-07-10 07:38:00.",P00218,P00461,LOC0119
DIG001103,2026-02-15 18:56:00,ml,"PERSON_00847 और PERSON_00014 ने സന്ദർശിച്ചു, Zone_0014, Bhopal के पास। समय 2026-02-15 18:56:00.",P00847,P00014,LOC0014
DIG001104,2026-06-14 11:13:00,en,"PERSON_00127 used a vehicle PERSON_00700 near Zone_0058, Bhopal. Record time 2026-06-14 11:13:00.",P00127,P00700,LOC0058
DIG001105,2026-04-10 22:38:00,kn,"PERSON_00158 और PERSON_00554 ने ಸಂದೇಶ ಕಳುಹಿಸಿದರು, Zone_0008, Nagpur के पास। समय 2026-04-10 22:38:00.",P00158,P00554,LOC0008
DIG001106,2026-07-15 01:40:00,gu,"PERSON_00174 और PERSON_00369 ने નાણાં મોકલ્યાં, Zone_0006, Bhopal के पास। समय 2026-07-15 01:40:00.",P00174,P00369,LOC0006
DIG001107,2026-02-07 19:44:00,en,"PERSON_00232 used a vehicle PERSON_00869 near Zone_0134, Indore. Record time 2026-02-07 19:44:00.",P00232,P00869,LOC0134
DIG001108,2026-05-13 06:00:00,ur,"PERSON_00035 और PERSON_00505 ने ملاقات کی, Zone_0011, Gwalior के पास। समय 2026-05-13 06:00:00.",P00035,P00505,LOC0011
DIG001109,2026-07-23 11:26:00,ta,"PERSON_00835 और PERSON_00616 ने செய்தி அனுப்பினார், Zone_0176, Gwalior के पास। समय 2026-07-23 11:26:00.",P00835,P00616,LOC0176
DIG001110,2026-06-01 00:39:00,bn,"PERSON_00148 और PERSON_00590 ने টাকা পাঠিয়েছে, Zone_0131, Gwalior के पास। समय 2026-06-01 00:39:00.",P00148,P00590,LOC0131
DIG001111,2026-02-03 17:34:00,bn,"PERSON_00219 और PERSON_00838 ने টাকা পাঠিয়েছে, Zone_0009, Jabalpur के पास। समय 2026-02-03 17:34:00.",P00219,P00838,LOC0009
DIG001112,2026-05-30 07:16:00,ta,"PERSON_00305 और PERSON_00105 ने இடத்தை பகிர்ந்தார், Zone_0042, Ujjain के पास। समय 2026-05-30 07:16:00.",P00305,P00105,LOC0042
DIG001113,2026-06-18 04:32:00,pa,"PERSON_00635 और PERSON_00827 ने ਮੁਲਾਕਾਤ ਕੀਤੀ, Zone_0058, Bhopal के पास। समय 2026-06-18 04:32:00.",P00635,P00827,LOC0058
DIG001114,2026-02-13 14:09:00,hi,"PERSON_00130 और PERSON_00531 ने दौरा किया, Zone_0126, Nagpur के पास। समय 2026-02-13 14:09:00.",P00130,P00531,LOC0126
DIG001115,2026-01-08 09:45:00,hi,"PERSON_00340 और PERSON_00840 ने फोन किया, Zone_0024, Jabalpur के पास। समय 2026-01-08 09:45:00.",P00340,P00840,LOC0024
DIG001116,2026-08-22 17:30:00,en,"PERSON_00670 called PERSON_00454 near Zone_0009, Jabalpur. Record time 2026-08-22 17:30:00.",P00670,P00454,LOC0009
DIG001117,2026-03-10 03:28:00,bn,"PERSON_00437 और PERSON_00871 ने যোগাযোগ করেছে, Zone_0053, Nagpur के पास। समय 2026-03-10 03:28:00.",P00437,P00871,LOC0053
DIG001118,2026-05-12 14:24:00,ta,"PERSON_00550 और PERSON_00437 ने சந்தித்தார், Zone_0145, Jabalpur के पास। समय 2026-05-12 14:24:00.",P00550,P00437,LOC0145
DIG001119,2026-06-23 23:12:00,bn,"PERSON_00178 और PERSON_00448 ने দেখা করেছে, Zone_0150, Ujjain के पास। समय 2026-06-23 23:12:00.",P00178,P00448,LOC0150
DIG001120,2026-01-27 19:12:00,ml,"PERSON_00493 और PERSON_00992 ने സന്ദേശം അയച്ചു, Zone_0064, Ujjain के पास। समय 2026-01-27 19:12:00.",P00493,P00992,LOC0064
DIG001121,2026-08-11 13:47:00,ta,"PERSON_00901 और PERSON_00620 ने பணம் அனுப்பினார், Zone_0130, Gwalior के पास। समय 2026-08-11 13:47:00.",P00901,P00620,LOC0130
DIG001122,2026-06-18 18:09:00,ml,"PERSON_00632 और PERSON_00405 ने സന്ദേശം അയച്ചു, Zone_0062, Ujjain के पास। समय 2026-06-18 18:09:00.",P00632,P00405,LOC0062
DIG001123,2026-04-26 21:15:00,bn,"PERSON_00136 और PERSON_00711 ने দেখা করেছে, Zone_0148, Indore के पास। समय 2026-04-26 21:15:00.",P00136,P00711,LOC0148
DIG001124,2026-02-03 15:47:00,hi,"PERSON_00999 और PERSON_00234 ने स्थान साझा किया, Zone_0061, Gwalior के पास। समय 2026-02-03 15:47:00.",P00999,P00234,LOC0061
DIG001125,2026-05-23 01:05:00,mr,"PERSON_00859 और PERSON_00329 ने फोन केला, Zone_0025, Jabalpur के पास। समय 2026-05-23 01:05:00.",P00859,P00329,LOC0025
DIG001126,2026-06-15 13:38:00,mr,"PERSON_00194 और PERSON_00712 ने पैसे पाठवले, Zone_0086, Gwalior के पास। समय 2026-06-15 13:38:00.",P00194,P00712,LOC0086
DIG001127,2026-01-17 17:08:00,bn,"PERSON_00284 और PERSON_00083 ने বার্তা পাঠিয়েছে, Zone_0166, Bhopal के पास। समय 2026-01-17 17:08:00.",P00284,P00083,LOC0166
DIG001128,2026-04-21 03:35:00,ur,"PERSON_00421 और PERSON_00587 ने فون کیا, Zone_0129, Nagpur के पास। समय 2026-04-21 03:35:00.",P00421,P00587,LOC0129
DIG001129,2026-07-30 02:48:00,bn,"PERSON_00616 और PERSON_00146 ने দেখা করেছে, Zone_0008, Nagpur के पास। समय 2026-07-30 02:48:00.",P00616,P00146,LOC0008
DIG001130,2026-07-20 14:03:00,ta,"PERSON_00366 और PERSON_00274 ने சந்தித்தார், Zone_0097, Ujjain के पास। समय 2026-07-20 14:03:00.",P00366,P00274,LOC0097
DIG001131,2026-07-05 04:20:00,ml,"PERSON_00167 और PERSON_00078 ने കണ്ടുമുട്ടി, Zone_0106, Ujjain के पास। समय 2026-07-05 04:20:00.",P00167,P00078,LOC0106
DIG001132,2026-08-22 21:39:00,kn,"PERSON_00269 और PERSON_00308 ने ಭೇಟಿ ನೀಡಿದರು, Zone_0154, Ujjain के पास। समय 2026-08-22 21:39:00.",P00269,P00308,LOC0154
DIG001133,2026-02-22 20:34:00,ml,"PERSON_00526 और PERSON_00537 ने സ്ഥലം പങ്കിട്ടു, Zone_0047, Ujjain के पास। समय 2026-02-22 20:34:00.",P00526,P00537,LOC0047
DIG001134,2026-02-22 01:59:00,en,"PERSON_00068 shared a location with PERSON_00384 near Zone_0050, Jabalpur. Record time 2026-02-22 01:59:00.",P00068,P00384,LOC0050
DIG001135,2026-05-14 13:28:00,en,"PERSON_00287 shared a location with PERSON_00081 near Zone_0090, Gwalior. Record time 2026-05-14 13:28:00.",P00287,P00081,LOC0090
DIG001136,2026-03-06 23:24:00,ur,"PERSON_00391 और PERSON_00712 ने رابطہ کیا, Zone_0019, Gwalior के पास। समय 2026-03-06 23:24:00.",P00391,P00712,LOC0019
DIG001137,2026-08-03 20:07:00,kn,"PERSON_00229 और PERSON_00402 ने ಸ್ಥಳ ಹಂಚಿಕೊಂಡರು, Zone_0023, Jabalpur के पास। समय 2026-08-03 20:07:00.",P00229,P00402,LOC0023
DIG001138,2026-01-21 09:23:00,kn,"PERSON_00996 और PERSON_00255 ने ಕರೆ ಮಾಡಿದರು, Zone_0023, Jabalpur के पास। समय 2026-01-21 09:23:00.",P00996,P00255,LOC0023
DIG001139,2026-07-20 10:03:00,en,"PERSON_00753 used a vehicle PERSON_00548 near Zone_0080, Indore. Record time 2026-07-20 10:03:00.",P00753,P00548,LOC0080
DIG001140,2026-04-28 06:18:00,ur,"PERSON_00419 और PERSON_00109 ने مقام شیئر کیا, Zone_0162, Nagpur के पास। समय 2026-04-28 06:18:00.",P00419,P00109,LOC0162
DIG001141,2026-08-06 21:20:00,kn,"PERSON_00431 और PERSON_00226 ने ಸಂದೇಶ ಕಳುಹಿಸಿದರು, Zone_0057, Ujjain के पास। समय 2026-08-06 21:20:00.",P00431,P00226,LOC0057
DIG001142,2026-08-29 22:17:00,ta,"PERSON_00837 और PERSON_00868 ने இடத்தை பகிர்ந்தார், Zone_0169, Nagpur के पास। समय 2026-08-29 22:17:00.",P00837,P00868,LOC0169
DIG001143,2026-05-21 13:40:00,hi,"PERSON_00606 और PERSON_00108 ने फोन किया, Zone_0053, Nagpur के पास। समय 2026-05-21 13:40:00.",P00606,P00108,LOC0053
DIG001144,2026-01-29 08:17:00,te,"PERSON_00842 और PERSON_00284 ने సంప్రదించారు, Zone_0046, Bhopal के पास। समय 2026-01-29 08:17:00.",P00842,P00284,LOC0046
DIG001145,2026-06-05 10:40:00,kn,"PERSON_00256 और PERSON_00616 ने ಕರೆ ಮಾಡಿದರು, Zone_0092, Ujjain के पास। समय 2026-06-05 10:40:00.",P00256,P00616,LOC0092
DIG001146,2026-02-28 03:41:00,kn,"PERSON_00231 और PERSON_00517 ने ಸಂಪರ್ಕಿಸಿದರು, Zone_0077, Bhopal के पास। समय 2026-02-28 03:41:00.",P00231,P00517,LOC0077
DIG001147,2026-08-24 20:05:00,en,"PERSON_00830 used a vehicle PERSON_00339 near Zone_0111, Jabalpur. Record time 2026-08-24 20:05:00.",P00830,P00339,LOC0111
DIG001148,2026-01-10 11:47:00,en,"PERSON_00048 sent a message to PERSON_00004 near Zone_0041, Ujjain. Record time 2026-01-10 11:47:00.",P00048,P00004,LOC0041
DIG001149,2026-04-01 07:58:00,mr,"PERSON_00175 और PERSON_00558 ने संपर्क केला, Zone_0082, Nagpur के पास। समय 2026-04-01 07:58:00.",P00175,P00558,LOC0082
DIG001150,2026-04-05 12:09:00,pa,"PERSON_00381 और PERSON_00144 ने ਸੰਪਰਕ ਕੀਤਾ, Zone_0080, Indore के पास। समय 2026-04-05 12:09:00.",P00381,P00144,LOC0080
DIG001151,2026-06-19 08:05:00,ml,"PERSON_00183 और PERSON_00516 ने സന്ദർശിച്ചു, Zone_0080, Indore के पास। समय 2026-06-19 08:05:00.",P00183,P00516,LOC0080
DIG001152,2026-02-21 20:41:00,gu,"PERSON_00673 और PERSON_00381 ने સ્થાન શેર કર્યું, Zone_0009, Jabalpur के पास। समय 2026-02-21 20:41:00.",P00673,P00381,LOC0009
DIG001153,2026-01-24 08:05:00,en,"PERSON_00929 contacted PERSON_00721 near Zone_0118, Ujjain. Record time 2026-01-24 08:05:00.",P00929,P00721,LOC0118
DIG001154,2026-07-12 19:59:00,te,"PERSON_00892 और PERSON_00994 ने కలిశారు, Zone_0160, Ujjain के पास। समय 2026-07-12 19:59:00.",P00892,P00994,LOC0160
DIG001155,2026-06-09 13:08:00,bn,"PERSON_00508 और PERSON_00634 ने বার্তা পাঠিয়েছে, Zone_0031, Bhopal के पास। समय 2026-06-09 13:08:00.",P00508,P00634,LOC0031
DIG001156,2026-06-30 16:37:00,mr,"PERSON_00279 और PERSON_00535 ने पैसे पाठवले, Zone_0127, Bhopal के पास। समय 2026-06-30 16:37:00.",P00279,P00535,LOC0127
DIG001157,2026-06-08 06:10:00,ta,"PERSON_00566 और PERSON_00945 ने தொடர்பு கொண்டார், Zone_0097, Ujjain के पास। समय 2026-06-08 06:10:00.",P00566,P00945,LOC0097
DIG001158,2026-03-27 11:05:00,gu,"PERSON_00383 और PERSON_00128 ने સ્થાન શેર કર્યું, Zone_0040, Bhopal के पास। समय 2026-03-27 11:05:00.",P00383,P00128,LOC0040
DIG001159,2026-04-08 10:59:00,ml,"PERSON_00491 और PERSON_00050 ने വിളിച്ചു, Zone_0163, Nagpur के पास। समय 2026-04-08 10:59:00.",P00491,P00050,LOC0163
DIG001160,2026-06-18 08:19:00,en,"PERSON_00856 shared a location with PERSON_00688 near Zone_0148, Indore. Record time 2026-06-18 08:19:00.",P00856,P00688,LOC0148
DIG001161,2026-07-13 20:15:00,bn,"PERSON_00539 और PERSON_00545 ने পরিদর্শন করেছে, Zone_0127, Bhopal के पास। समय 2026-07-13 20:15:00.",P00539,P00545,LOC0127
DIG001162,2026-07-11 06:47:00,hi,"PERSON_00584 और PERSON_00644 ने धन भेजा, Zone_0138, Bhopal के पास। समय 2026-07-11 06:47:00.",P00584,P00644,LOC0138
DIG001163,2026-08-13 06:13:00,hi,"PERSON_00533 और PERSON_00819 ने स्थान साझा किया, Zone_0101, Jabalpur के पास। समय 2026-08-13 06:13:00.",P00533,P00819,LOC0101
DIG001164,2026-05-29 13:30:00,ta,"PERSON_00803 और PERSON_00355 ने தொடர்பு கொண்டார், Zone_0065, Jabalpur के पास। समय 2026-05-29 13:30:00.",P00803,P00355,LOC0065
DIG001165,2026-01-01 21:43:00,kn,"PERSON_00604 और PERSON_00452 ने ಭೇಟಿ ನೀಡಿದರು, Zone_0043, Gwalior के पास। समय 2026-01-01 21:43:00.",P00604,P00452,LOC0043
DIG001166,2026-05-15 17:44:00,kn,"PERSON_00226 और PERSON_00667 ने ಹಣ ಕಳುಹಿಸಿದರು, Zone_0101, Jabalpur के पास। समय 2026-05-15 17:44:00.",P00226,P00667,LOC0101
DIG001167,2026-06-05 20:29:00,pa,"PERSON_00295 और PERSON_00106 ने ਸੰਪਰਕ ਕੀਤਾ, Zone_0126, Nagpur के पास। समय 2026-06-05 20:29:00.",P00295,P00106,LOC0126
DIG001168,2026-02-14 00:55:00,pa,"PERSON_00366 और PERSON_00637 ने ਸਥਾਨ ਸਾਂਝਾ ਕੀਤਾ, Zone_0081, Gwalior के पास। समय 2026-02-14 00:55:00.",P00366,P00637,LOC0081
DIG001169,2026-04-21 06:54:00,hi,"PERSON_00479 और PERSON_00264 ने वाहन का उपयोग किया, Zone_0030, Nagpur के पास। समय 2026-04-21 06:54:00.",P00479,P00264,LOC0030
DIG001170,2026-03-04 06:54:00,te,"PERSON_00963 और PERSON_00328 ने వెళ్లారు, Zone_0073, Jabalpur के पास। समय 2026-03-04 06:54:00.",P00963,P00328,LOC0073
DIG001171,2026-06-10 11:10:00,gu,"PERSON_00225 और PERSON_00721 ने સંદેશ મોકલ્યો, Zone_0150, Ujjain के पास। समय 2026-06-10 11:10:00.",P00225,P00721,LOC0150
DIG001172,2026-08-21 06:44:00,ta,"PERSON_00357 और PERSON_00689 ने பணம் அனுப்பினார், Zone_0066, Jabalpur के पास। समय 2026-08-21 06:44:00.",P00357,P00689,LOC0066
DIG001173,2026-01-06 08:34:00,en,"PERSON_00251 transferred funds to PERSON_00512 near Zone_0116, Bhopal. Record time 2026-01-06 08:34:00.",P00251,P00512,LOC0116
DIG001174,2026-06-04 01:27:00,hi,"PERSON_00237 और PERSON_00956 ने मिला, Zone_0070, Ujjain के पास। समय 2026-06-04 01:27:00.",P00237,P00956,LOC0070
DIG001175,2026-04-01 16:09:00,ur,"PERSON_00258 और PERSON_00326 ने مقام شیئر کیا, Zone_0092, Ujjain के पास। समय 2026-04-01 16:09:00.",P00258,P00326,LOC0092
DIG001176,2026-02-07 01:34:00,te,"PERSON_00397 और PERSON_00587 ने కలిశారు, Zone_0036, Ujjain के पास। समय 2026-02-07 01:34:00.",P00397,P00587,LOC0036
DIG001177,2026-08-16 18:45:00,pa,"PERSON_00496 और PERSON_00474 ने ਸਥਾਨ ਸਾਂਝਾ ਕੀਤਾ, Zone_0083, Ujjain के पास। समय 2026-08-16 18:45:00.",P00496,P00474,LOC0083
DIG001178,2026-05-19 12:17:00,mr,"PERSON_00551 और PERSON_00120 ने संदेश पाठवला, Zone_0043, Gwalior के पास। समय 2026-05-19 12:17:00.",P00551,P00120,LOC0043
DIG001179,2026-01-10 13:33:00,pa,"PERSON_00368 और PERSON_00242 ने ਮਿਲਿਆ, Zone_0082, Nagpur के पास। समय 2026-01-10 13:33:00.",P00368,P00242,LOC0082
DIG001180,2026-08-19 20:49:00,en,"PERSON_00914 met PERSON_00467 near Zone_0130, Gwalior. Record time 2026-08-19 20:49:00.",P00914,P00467,LOC0130
DIG001181,2026-03-22 14:25:00,ta,"PERSON_00653 और PERSON_00074 ने சந்தித்தார், Zone_0063, Gwalior के पास। समय 2026-03-22 14:25:00.",P00653,P00074,LOC0063
DIG001182,2026-07-13 06:17:00,ml,"PERSON_00893 और PERSON_00605 ने ബന്ധപ്പെട്ടു, Zone_0056, Jabalpur के पास। समय 2026-07-13 06:17:00.",P00893,P00605,LOC0056
DIG001183,2026-07-25 10:10:00,pa,"PERSON_00993 और PERSON_00399 ने ਸਥਾਨ ਸਾਂਝਾ ਕੀਤਾ, Zone_0050, Jabalpur के पास। समय 2026-07-25 10:10:00.",P00993,P00399,LOC0050
DIG001184,2026-06-22 20:52:00,ur,"PERSON_00333 और PERSON_00347 ने دورہ کیا, Zone_0096, Indore के पास। समय 2026-06-22 20:52:00.",P00333,P00347,LOC0096
DIG001185,2026-03-27 04:46:00,te,"PERSON_00531 और PERSON_00437 ने డబ్బు పంపారు, Zone_0135, Nagpur के पास। समय 2026-03-27 04:46:00.",P00531,P00437,LOC0135
DIG001186,2026-05-14 16:51:00,mr,"PERSON_00301 और PERSON_00125 ने संपर्क केला, Zone_0150, Ujjain के पास। समय 2026-05-14 16:51:00.",P00301,P00125,LOC0150
DIG001187,2026-03-28 19:10:00,te,"PERSON_00599 और PERSON_00055 ने సందేశం పంపారు, Zone_0159, Nagpur के पास। समय 2026-03-28 19:10:00.",P00599,P00055,LOC0159
DIG001188,2026-03-15 07:42:00,mr,"PERSON_00368 और PERSON_00004 ने भेट दिली, Zone_0006, Bhopal के पास। समय 2026-03-15 07:42:00.",P00368,P00004,LOC0006
DIG001189,2026-01-05 01:46:00,hi,"PERSON_00618 और PERSON_00254 ने वाहन का उपयोग किया, Zone_0035, Jabalpur के पास। समय 2026-01-05 01:46:00.",P00618,P00254,LOC0035
DIG001190,2026-07-23 06:03:00,ml,"PERSON_00537 और PERSON_00450 ने കണ്ടുമുട്ടി, Zone_0087, Ujjain के पास। समय 2026-07-23 06:03:00.",P00537,P00450,LOC0087
DIG001191,2026-01-19 12:25:00,kn,"PERSON_00058 और PERSON_00126 ने ಹಣ ಕಳುಹಿಸಿದರು, Zone_0041, Ujjain के पास। समय 2026-01-19 12:25:00.",P00058,P00126,LOC0041
DIG001192,2026-05-20 09:46:00,ml,"PERSON_00920 और PERSON_00736 ने സന്ദർശിച്ചു, Zone_0148, Indore के पास। समय 2026-05-20 09:46:00.",P00920,P00736,LOC0148
DIG001193,2026-05-17 12:02:00,kn,"PERSON_00373 और PERSON_00780 ने ಸಂಪರ್ಕಿಸಿದರು, Zone_0067, Indore के पास। समय 2026-05-17 12:02:00.",P00373,P00780,LOC0067
DIG001194,2026-05-04 08:54:00,gu,"PERSON_00813 और PERSON_00274 ने સ્થાન શેર કર્યું, Zone_0010, Indore के पास। समय 2026-05-04 08:54:00.",P00813,P00274,LOC0010
DIG001195,2026-02-02 16:41:00,ml,"PERSON_00238 और PERSON_00483 ने വിളിച്ചു, Zone_0140, Jabalpur के पास। समय 2026-02-02 16:41:00.",P00238,P00483,LOC0140
DIG001196,2026-03-15 18:03:00,pa,"PERSON_00803 और PERSON_00403 ने ਪੈਸੇ ਭੇਜੇ, Zone_0145, Jabalpur के पास। समय 2026-03-15 18:03:00.",P00803,P00403,LOC0145
DIG001197,2026-04-13 10:38:00,pa,"PERSON_00872 और PERSON_00254 ने ਸਥਾਨ ਸਾਂਝਾ ਕੀਤਾ, Zone_0081, Gwalior के पास। समय 2026-04-13 10:38:00.",P00872,P00254,LOC0081
DIG001198,2026-07-27 02:57:00,ur,"PERSON_00057 और PERSON_00365 ने فون کیا, Zone_0133, Indore के पास। समय 2026-07-27 02:57:00.",P00057,P00365,LOC0133
DIG001199,2026-03-12 14:45:00,en,"PERSON_00102 called PERSON_00125 near Zone_0171, Bhopal. Record time 2026-03-12 14:45:00.",P00102,P00125,LOC0171
DIG001200,2026-02-26 04:51:00,mr,"PERSON_00004 और PERSON_00299 ने फोन केला, Zone_0162, Nagpur के पास। समय 2026-02-26 04:51:00.",P00004,P00299,LOC0162
DIG001201,2026-07-12 10:56:00,kn,"PERSON_00661 और PERSON_00398 ने ಸಂದೇಶ ಕಳುಹಿಸಿದರು, Zone_0037, Indore के पास। समय 2026-07-12 10:56:00.",P00661,P00398,LOC0037
DIG001202,2026-04-15 13:26:00,ur,"PERSON_00906 और PERSON_00957 ने رابطہ کیا, Zone_0101, Jabalpur के पास। समय 2026-04-15 13:26:00.",P00906,P00957,LOC0101
DIG001203,2026-01-22 23:49:00,ta,"PERSON_00153 और PERSON_00681 ने அழைத்தார், Zone_0107, Indore के पास। समय 2026-01-22 23:49:00.",P00153,P00681,LOC0107
DIG001204,2026-06-05 08:57:00,hi,"PERSON_00339 और PERSON_00859 ने धन भेजा, Zone_0173, Jabalpur के पास। समय 2026-06-05 08:57:00.",P00339,P00859,LOC0173
DIG001205,2026-04-17 00:14:00,ur,"PERSON_00886 और PERSON_00045 ने دورہ کیا, Zone_0049, Nagpur के पास। समय 2026-04-17 00:14:00.",P00886,P00045,LOC0049
DIG001206,2026-02-26 13:10:00,kn,"PERSON_00988 और PERSON_00708 ने ಕರೆ ಮಾಡಿದರು, Zone_0026, Nagpur के पास। समय 2026-02-26 13:10:00.",P00988,P00708,LOC0026
DIG001207,2026-04-29 04:13:00,te,"PERSON_00235 और PERSON_00103 ने స్థానం పంచుకున్నారు, Zone_0025, Jabalpur के पास। समय 2026-04-29 04:13:00.",P00235,P00103,LOC0025
DIG001208,2026-07-21 12:57:00,ml,"PERSON_00857 और PERSON_00656 ने കണ്ടുമുട്ടി, Zone_0095, Indore के पास। समय 2026-07-21 12:57:00.",P00857,P00656,LOC0095
DIG001209,2026-02-08 12:38:00,kn,"PERSON_00524 और PERSON_00769 ने ಭೇಟಿಯಾದರು, Zone_0010, Indore के पास। समय 2026-02-08 12:38:00.",P00524,P00769,LOC0010
DIG001210,2026-06-26 03:47:00,hi,"PERSON_00359 और PERSON_00483 ने संपर्क किया, Zone_0125, Indore के पास। समय 2026-06-26 03:47:00.",P00359,P00483,LOC0125
DIG001211,2026-01-10 15:15:00,kn,"PERSON_00049 और PERSON_00868 ने ಭೇಟಿ ನೀಡಿದರು, Zone_0065, Jabalpur के पास। समय 2026-01-10 15:15:00.",P00049,P00868,LOC0065
DIG001212,2026-04-15 22:14:00,en,"PERSON_00214 sent a message to PERSON_00881 near Zone_0006, Bhopal. Record time 2026-04-15 22:14:00.",P00214,P00881,LOC0006
DIG001213,2026-04-27 10:39:00,ml,"PERSON_00217 और PERSON_00474 ने കണ്ടുമുട്ടി, Zone_0110, Indore के पास। समय 2026-04-27 10:39:00.",P00217,P00474,LOC0110
DIG001214,2026-03-13 18:53:00,ur,"PERSON_00082 और PERSON_00736 ने رقم منتقل کی, Zone_0138, Bhopal के पास। समय 2026-03-13 18:53:00.",P00082,P00736,LOC0138
DIG001215,2026-02-27 23:41:00,te,"PERSON_00427 और PERSON_00734 ने సందేశం పంపారు, Zone_0088, Indore के पास। समय 2026-02-27 23:41:00.",P00427,P00734,LOC0088
DIG001216,2026-05-07 02:41:00,gu,"PERSON_00758 और PERSON_00995 ने મુલાકાત લીધી, Zone_0008, Nagpur के पास। समय 2026-05-07 02:41:00.",P00758,P00995,LOC0008
DIG001217,2026-08-11 15:39:00,te,"PERSON_00946 और PERSON_00697 ने స్థానం పంచుకున్నారు, Zone_0003, Indore के पास। समय 2026-08-11 15:39:00.",P00946,P00697,LOC0003
DIG001218,2026-05-30 01:07:00,en,"PERSON_00305 visited PERSON_00487 near Zone_0149, Ujjain. Record time 2026-05-30 01:07:00.",P00305,P00487,LOC0149
DIG001219,2026-04-27 21:35:00,bn,"PERSON_00084 और PERSON_00251 ने পরিদর্শন করেছে, Zone_0124, Bhopal के पास। समय 2026-04-27 21:35:00.",P00084,P00251,LOC0124
DIG001220,2026-03-16 14:41:00,bn,"PERSON_00540 और PERSON_00454 ने পরিদর্শন করেছে, Zone_0047, Ujjain के पास। समय 2026-03-16 14:41:00.",P00540,P00454,LOC0047
DIG001221,2026-07-23 21:09:00,pa,"PERSON_00333 और PERSON_00004 ने ਸੰਪਰਕ ਕੀਤਾ, Zone_0150, Ujjain के पास। समय 2026-07-23 21:09:00.",P00333,P00004,LOC0150
DIG001222,2026-08-23 08:52:00,ml,"PERSON_00620 और PERSON_00145 ने സ്ഥലം പങ്കിട്ടു, Zone_0014, Bhopal के पास। समय 2026-08-23 08:52:00.",P00620,P00145,LOC0014
DIG001223,2026-04-23 04:50:00,kn,"PERSON_00476 और PERSON_00322 ने ಭೇಟಿ ನೀಡಿದರು, Zone_0145, Jabalpur के पास। समय 2026-04-23 04:50:00.",P00476,P00322,LOC0145
DIG001224,2026-03-22 02:49:00,mr,"PERSON_00235 और PERSON_00420 ने संदेश पाठवला, Zone_0175, Jabalpur के पास। समय 2026-03-22 02:49:00.",P00235,P00420,LOC0175
DIG001225,2026-08-16 23:33:00,bn,"PERSON_00949 और PERSON_00619 ने স্থান ভাগ করেছে, Zone_0094, Gwalior के पास। समय 2026-08-16 23:33:00.",P00949,P00619,LOC0094
DIG001226,2026-08-02 11:25:00,ml,"PERSON_00409 और PERSON_00505 ने സന്ദർശിച്ചു, Zone_0085, Gwalior के पास। समय 2026-08-02 11:25:00.",P00409,P00505,LOC0085
DIG001227,2026-03-18 19:54:00,hi,"PERSON_00559 और PERSON_00672 ने स्थान साझा किया, Zone_0157, Nagpur के पास। समय 2026-03-18 19:54:00.",P00559,P00672,LOC0157
DIG001228,2026-01-03 15:06:00,kn,"PERSON_00234 और PERSON_00252 ने ಕರೆ ಮಾಡಿದರು, Zone_0152, Nagpur के पास। समय 2026-01-03 15:06:00.",P00234,P00252,LOC0152
DIG001229,2026-07-28 07:24:00,ur,"PERSON_00922 और PERSON_00241 ने فون کیا, Zone_0054, Jabalpur के पास। समय 2026-07-28 07:24:00.",P00922,P00241,LOC0054
DIG001230,2026-06-04 18:37:00,mr,"PERSON_00140 और PERSON_00801 ने भेट दिली, Zone_0051, Bhopal के पास। समय 2026-06-04 18:37:00.",P00140,P00801,LOC0051
DIG001231,2026-06-25 19:19:00,gu,"PERSON_00777 और PERSON_00988 ने મુલાકાત લીધી, Zone_0081, Gwalior के पास। समय 2026-06-25 19:19:00.",P00777,P00988,LOC0081
DIG001232,2026-08-30 08:32:00,gu,"PERSON_00599 और PERSON_00168 ने સંદેશ મોકલ્યો, Zone_0049, Nagpur के पास। समय 2026-08-30 08:32:00.",P00599,P00168,LOC0049
DIG001233,2026-07-16 22:40:00,kn,"PERSON_00027 और PERSON_00038 ने ಭೇಟಿ ನೀಡಿದರು, Zone_0150, Ujjain के पास। समय 2026-07-16 22:40:00.",P00027,P00038,LOC0150
DIG001234,2026-04-29 08:00:00,gu,"PERSON_00992 और PERSON_00923 ने ફોન કર્યો, Zone_0120, Ujjain के पास। समय 2026-04-29 08:00:00.",P00992,P00923,LOC0120
DIG001235,2026-03-30 12:27:00,mr,"PERSON_00774 और PERSON_00727 ने संदेश पाठवला, Zone_0131, Gwalior के पास। समय 2026-03-30 12:27:00.",P00774,P00727,LOC0131
DIG001236,2026-02-12 11:35:00,kn,"PERSON_00611 और PERSON_00822 ने ಕರೆ ಮಾಡಿದರು, Zone_0109, Bhopal के पास। समय 2026-02-12 11:35:00.",P00611,P00822,LOC0109
DIG001237,2026-06-14 22:48:00,kn,"PERSON_00601 और PERSON_00041 ने ಸ್ಥಳ ಹಂಚಿಕೊಂಡರು, Zone_0088, Indore के पास। समय 2026-06-14 22:48:00.",P00601,P00041,LOC0088
DIG001238,2026-03-09 12:56:00,bn,"PERSON_00791 और PERSON_00386 ने যোগাযোগ করেছে, Zone_0049, Nagpur के पास। समय 2026-03-09 12:56:00.",P00791,P00386,LOC0049
DIG001239,2026-06-11 14:31:00,pa,"PERSON_00690 और PERSON_00402 ने ਪੈਸੇ ਭੇਜੇ, Zone_0136, Jabalpur के पास। समय 2026-06-11 14:31:00.",P00690,P00402,LOC0136
DIG001240,2026-06-01 10:02:00,gu,"PERSON_00857 और PERSON_00259 ने મુલાકાત લીધી, Zone_0171, Bhopal के पास। समय 2026-06-01 10:02:00.",P00857,P00259,LOC0171
DIG001241,2026-05-01 14:03:00,te,"PERSON_00045 और PERSON_00954 ने స్థానం పంచుకున్నారు, Zone_0062, Ujjain के पास। समय 2026-05-01 14:03:00.",P00045,P00954,LOC0062
DIG001242,2026-02-27 01:15:00,en,"PERSON_00724 transferred funds to PERSON_00943 near Zone_0091, Jabalpur. Record time 2026-02-27 01:15:00.",P00724,P00943,LOC0091
DIG001243,2026-05-16 06:11:00,gu,"PERSON_00974 और PERSON_00047 ने સંપર્ક કર્યો, Zone_0140, Jabalpur के पास। समय 2026-05-16 06:11:00.",P00974,P00047,LOC0140
DIG001244,2026-05-10 19:44:00,gu,"PERSON_00041 और PERSON_00474 ने મળ્યા, Zone_0094, Gwalior के पास। समय 2026-05-10 19:44:00.",P00041,P00474,LOC0094
DIG001245,2026-08-10 17:45:00,mr,"PERSON_00875 और PERSON_00376 ने फोन केला, Zone_0009, Jabalpur के पास। समय 2026-08-10 17:45:00.",P00875,P00376,LOC0009
DIG001246,2026-03-31 01:14:00,gu,"PERSON_00481 और PERSON_00765 ने સ્થાન શેર કર્યું, Zone_0066, Jabalpur के पास। समय 2026-03-31 01:14:00.",P00481,P00765,LOC0066
DIG001247,2026-03-17 09:24:00,bn,"PERSON_00125 और PERSON_00717 ने পরিদর্শন করেছে, Zone_0028, Bhopal के पास। समय 2026-03-17 09:24:00.",P00125,P00717,LOC0028
DIG001248,2026-03-01 10:11:00,gu,"PERSON_00376 और PERSON_00445 ने મુલાકાત લીધી, Zone_0017, Gwalior के पास। समय 2026-03-01 10:11:00.",P00376,P00445,LOC0017
DIG001249,2026-06-27 10:18:00,en,"PERSON_00220 shared a location with PERSON_00661 near Zone_0088, Indore. Record time 2026-06-27 10:18:00.",P00220,P00661,LOC0088
DIG001250,2026-01-25 03:37:00,mr,"PERSON_00513 और PERSON_00614 ने संपर्क केला, Zone_0021, Ujjain के पास। समय 2026-01-25 03:37:00.",P00513,P00614,LOC0021
DIG001251,2026-07-10 03:57:00,en,"PERSON_00010 met PERSON_00223 near Zone_0107, Indore. Record time 2026-07-10 03:57:00.",P00010,P00223,LOC0107
DIG001252,2026-07-17 18:54:00,gu,"PERSON_00845 और PERSON_00923 ने મળ્યા, Zone_0101, Jabalpur के पास। समय 2026-07-17 18:54:00.",P00845,P00923,LOC0101
DIG001253,2026-03-29 22:36:00,ur,"PERSON_00417 और PERSON_00043 ने فون کیا, Zone_0150, Ujjain के पास। समय 2026-03-29 22:36:00.",P00417,P00043,LOC0150
DIG001254,2026-08-30 00:01:00,hi,"PERSON_00484 और PERSON_00541 ने दौरा किया, Zone_0073, Jabalpur के पास। समय 2026-08-30 00:01:00.",P00484,P00541,LOC0073
DIG001255,2026-07-01 22:47:00,ta,"PERSON_00765 और PERSON_00061 ने செய்தி அனுப்பினார், Zone_0017, Gwalior के पास। समय 2026-07-01 22:47:00.",P00765,P00061,LOC0017
DIG001256,2026-04-09 12:01:00,bn,"PERSON_00491 और PERSON_00427 ने ফোন করেছে, Zone_0118, Ujjain के पास। समय 2026-04-09 12:01:00.",P00491,P00427,LOC0118
DIG001257,2026-07-16 03:15:00,mr,"PERSON_00865 और PERSON_00731 ने फोन केला, Zone_0162, Nagpur के पास। समय 2026-07-16 03:15:00.",P00865,P00731,LOC0162
DIG001258,2026-07-23 00:22:00,ta,"PERSON_00504 और PERSON_00689 ने சென்றார், Zone_0094, Gwalior के पास। समय 2026-07-23 00:22:00.",P00504,P00689,LOC0094
DIG001259,2026-08-11 08:20:00,gu,"PERSON_00665 और PERSON_00626 ने સંપર્ક કર્યો, Zone_0132, Indore के पास। समय 2026-08-11 08:20:00.",P00665,P00626,LOC0132
DIG001260,2026-04-13 08:14:00,ur,"PERSON_00559 और PERSON_00915 ने فون کیا, Zone_0103, Indore के पास। समय 2026-04-13 08:14:00.",P00559,P00915,LOC0103
DIG001261,2026-08-26 15:43:00,hi,"PERSON_00537 और PERSON_00800 ने दौरा किया, Zone_0152, Nagpur के पास। समय 2026-08-26 15:43:00.",P00537,P00800,LOC0152
DIG001262,2026-07-16 13:54:00,ta,"PERSON_00060 और PERSON_00568 ने இடத்தை பகிர்ந்தார், Zone_0010, Indore के पास। समय 2026-07-16 13:54:00.",P00060,P00568,LOC0010
DIG001263,2026-01-12 18:09:00,pa,"PERSON_00553 और PERSON_00194 ने ਮੁਲਾਕਾਤ ਕੀਤੀ, Zone_0022, Gwalior के पास। समय 2026-01-12 18:09:00.",P00553,P00194,LOC0022
DIG001264,2026-04-04 06:56:00,gu,"PERSON_00049 और PERSON_00059 ने મળ્યા, Zone_0024, Jabalpur के पास। समय 2026-04-04 06:56:00.",P00049,P00059,LOC0024
DIG001265,2026-07-05 01:07:00,kn,"PERSON_00168 और PERSON_00795 ने ಸಂದೇಶ ಕಳುಹಿಸಿದರು, Zone_0083, Ujjain के पास। समय 2026-07-05 01:07:00.",P00168,P00795,LOC0083
DIG001266,2026-05-27 14:11:00,kn,"PERSON_00291 और PERSON_00072 ने ಸಂಪರ್ಕಿಸಿದರು, Zone_0069, Jabalpur के पास। समय 2026-05-27 14:11:00.",P00291,P00072,LOC0069
DIG001267,2026-02-05 23:31:00,hi,"PERSON_00442 और PERSON_00836 ने स्थान साझा किया, Zone_0094, Gwalior के पास। समय 2026-02-05 23:31:00.",P00442,P00836,LOC0094
DIG001268,2026-07-13 20:30:00,kn,"PERSON_00073 और PERSON_00340 ने ಕರೆ ಮಾಡಿದರು, Zone_0158, Jabalpur के पास। समय 2026-07-13 20:30:00.",P00073,P00340,LOC0158
DIG001269,2026-08-11 06:56:00,en,"PERSON_00012 called PERSON_00318 near Zone_0128, Bhopal. Record time 2026-08-11 06:56:00.",P00012,P00318,LOC0128
DIG001270,2026-04-08 04:35:00,gu,"PERSON_00705 और PERSON_00148 ने સ્થાન શેર કર્યું, Zone_0114, Bhopal के पास। समय 2026-04-08 04:35:00.",P00705,P00148,LOC0114
DIG001271,2026-05-16 23:48:00,bn,"PERSON_00573 और PERSON_00538 ने দেখা করেছে, Zone_0099, Bhopal के पास। समय 2026-05-16 23:48:00.",P00573,P00538,LOC0099
DIG001272,2026-08-13 19:19:00,te,"PERSON_00955 और PERSON_00334 ने సంప్రదించారు, Zone_0066, Jabalpur के पास। समय 2026-08-13 19:19:00.",P00955,P00334,LOC0066
DIG001273,2026-08-13 22:00:00,ur,"PERSON_00915 और PERSON_00321 ने فون کیا, Zone_0162, Nagpur के पास। समय 2026-08-13 22:00:00.",P00915,P00321,LOC0162
DIG001274,2026-03-29 17:36:00,ml,"PERSON_00108 और PERSON_00337 ने പണം അയച്ചു, Zone_0091, Jabalpur के पास। समय 2026-03-29 17:36:00.",P00108,P00337,LOC0091
DIG001275,2026-04-03 04:07:00,ur,"PERSON_00557 और PERSON_00010 ने فون کیا, Zone_0172, Gwalior के पास। समय 2026-04-03 04:07:00.",P00557,P00010,LOC0172
DIG001276,2026-06-01 21:24:00,kn,"PERSON_00059 और PERSON_00094 ने ಸ್ಥಳ ಹಂಚಿಕೊಂಡರು, Zone_0020, Bhopal के पास। समय 2026-06-01 21:24:00.",P00059,P00094,LOC0020
DIG001277,2026-06-29 04:40:00,hi,"PERSON_00813 और PERSON_00994 ने संदेश भेजा, Zone_0084, Gwalior के पास। समय 2026-06-29 04:40:00.",P00813,P00994,LOC0084
DIG001278,2026-05-04 03:08:00,bn,"PERSON_00545 और PERSON_00639 ने বার্তা পাঠিয়েছে, Zone_0080, Indore के पास। समय 2026-05-04 03:08:00.",P00545,P00639,LOC0080
DIG001279,2026-07-23 11:53:00,ta,"PERSON_00529 और PERSON_00067 ने அழைத்தார், Zone_0082, Nagpur के पास। समय 2026-07-23 11:53:00.",P00529,P00067,LOC0082
DIG001280,2026-07-10 01:28:00,ml,"PERSON_00979 और PERSON_00508 ने ബന്ധപ്പെട്ടു, Zone_0117, Gwalior के पास। समय 2026-07-10 01:28:00.",P00979,P00508,LOC0117
DIG001281,2026-03-21 00:58:00,ta,"PERSON_00961 और PERSON_00208 ने அழைத்தார், Zone_0156, Bhopal के पास। समय 2026-03-21 00:58:00.",P00961,P00208,LOC0156
DIG001282,2026-03-06 12:58:00,en,"PERSON_00367 called PERSON_00894 near Zone_0045, Gwalior. Record time 2026-03-06 12:58:00.",P00367,P00894,LOC0045
DIG001283,2026-04-20 19:22:00,pa,"PERSON_00483 और PERSON_00231 ने ਸਥਾਨ ਸਾਂਝਾ ਕੀਤਾ, Zone_0122, Nagpur के पास। समय 2026-04-20 19:22:00.",P00483,P00231,LOC0122
DIG001284,2026-05-23 00:20:00,bn,"PERSON_00497 और PERSON_00588 ने পরিদর্শন করেছে, Zone_0098, Nagpur के पास। समय 2026-05-23 00:20:00.",P00497,P00588,LOC0098
DIG001285,2026-03-31 11:17:00,ur,"PERSON_00168 और PERSON_00034 ने پیغام بھیجا, Zone_0079, Nagpur के पास। समय 2026-03-31 11:17:00.",P00168,P00034,LOC0079
DIG001286,2026-08-31 09:31:00,hi,"PERSON_00112 और PERSON_00050 ने संपर्क किया, Zone_0044, Bhopal के पास। समय 2026-08-31 09:31:00.",P00112,P00050,LOC0044
DIG001287,2026-04-21 11:53:00,pa,"PERSON_00508 और PERSON_00131 ने ਸਥਾਨ ਸਾਂਝਾ ਕੀਤਾ, Zone_0083, Ujjain के पास। समय 2026-04-21 11:53:00.",P00508,P00131,LOC0083
DIG001288,2026-01-07 11:14:00,pa,"PERSON_00556 और PERSON_00282 ने ਸੰਪਰਕ ਕੀਤਾ, Zone_0004, Indore के पास। समय 2026-01-07 11:14:00.",P00556,P00282,LOC0004
DIG001289,2026-06-30 06:27:00,mr,"PERSON_00093 और PERSON_00575 ने संदेश पाठवला, Zone_0146, Bhopal के पास। समय 2026-06-30 06:27:00.",P00093,P00575,LOC0146
DIG001290,2026-01-09 07:15:00,ur,"PERSON_00065 और PERSON_00191 ने فون کیا, Zone_0054, Jabalpur के पास। समय 2026-01-09 07:15:00.",P00065,P00191,LOC0054
DIG001291,2026-05-03 01:38:00,hi,"PERSON_00891 और PERSON_00942 ने फोन किया, Zone_0038, Ujjain के पास। समय 2026-05-03 01:38:00.",P00891,P00942,LOC0038
DIG001292,2026-04-15 21:04:00,gu,"PERSON_00569 और PERSON_00965 ने સંપર્ક કર્યો, Zone_0008, Nagpur के पास। समय 2026-04-15 21:04:00.",P00569,P00965,LOC0008
DIG001293,2026-06-04 00:41:00,te,"PERSON_00092 और PERSON_00320 ने ఫోన్ చేశారు, Zone_0146, Bhopal के पास। समय 2026-06-04 00:41:00.",P00092,P00320,LOC0146
DIG001294,2026-04-04 15:01:00,te,"PERSON_00030 और PERSON_00391 ने కలిశారు, Zone_0031, Bhopal के पास। समय 2026-04-04 15:01:00.",P00030,P00391,LOC0031
DIG001295,2026-07-28 13:11:00,ml,"PERSON_00206 और PERSON_00788 ने സന്ദേശം അയച്ചു, Zone_0098, Nagpur के पास। समय 2026-07-28 13:11:00.",P00206,P00788,LOC0098
DIG001296,2026-06-04 07:09:00,te,"PERSON_00519 और PERSON_00223 ने సందేశం పంపారు, Zone_0081, Gwalior के पास। समय 2026-06-04 07:09:00.",P00519,P00223,LOC0081
DIG001297,2026-03-09 18:55:00,bn,"PERSON_00697 और PERSON_00710 ने টাকা পাঠিয়েছে, Zone_0175, Jabalpur के पास। समय 2026-03-09 18:55:00.",P00697,P00710,LOC0175
DIG001298,2026-05-06 08:24:00,gu,"PERSON_00911 और PERSON_00097 ने સંદેશ મોકલ્યો, Zone_0135, Nagpur के पास। समय 2026-05-06 08:24:00.",P00911,P00097,LOC0135
DIG001299,2026-08-18 02:10:00,hi,"PERSON_00101 और PERSON_00010 ने संदेश भेजा, Zone_0015, Gwalior के पास। समय 2026-08-18 02:10:00.",P00101,P00010,LOC0015
DIG001300,2026-02-16 07:41:00,bn,"PERSON_00434 और PERSON_00029 ने যোগাযোগ করেছে, Zone_0176, Gwalior के पास। समय 2026-02-16 07:41:00.",P00434,P00029,LOC0176
DIG001301,2026-04-13 23:55:00,ta,"PERSON_00540 और PERSON_00789 ने சந்தித்தார், Zone_0108, Bhopal के पास। समय 2026-04-13 23:55:00.",P00540,P00789,LOC0108
DIG001302,2026-01-27 19:51:00,bn,"PERSON_00035 और PERSON_00437 ने যোগাযোগ করেছে, Zone_0002, Ujjain के पास। समय 2026-01-27 19:51:00.",P00035,P00437,LOC0002
DIG001303,2026-04-09 07:10:00,pa,"PERSON_00269 और PERSON_00100 ने ਮੁਲਾਕਾਤ ਕੀਤੀ, Zone_0138, Bhopal के पास। समय 2026-04-09 07:10:00.",P00269,P00100,LOC0138
DIG001304,2026-03-23 21:13:00,ml,"PERSON_00284 और PERSON_00891 ने ബന്ധപ്പെട്ടു, Zone_0006, Bhopal के पास। समय 2026-03-23 21:13:00.",P00284,P00891,LOC0006
DIG001305,2026-05-11 15:02:00,ta,"PERSON_00335 और PERSON_00768 ने சந்தித்தார், Zone_0140, Jabalpur के पास। समय 2026-05-11 15:02:00.",P00335,P00768,LOC0140
DIG001306,2026-04-18 10:12:00,ta,"PERSON_00930 और PERSON_00519 ने அழைத்தார், Zone_0041, Ujjain के पास। समय 2026-04-18 10:12:00.",P00930,P00519,LOC0041
DIG001307,2026-03-03 03:25:00,ml,"PERSON_00368 और PERSON_00250 ने കണ്ടുമുട്ടി, Zone_0177, Gwalior के पास। समय 2026-03-03 03:25:00.",P00368,P00250,LOC0177
DIG001308,2026-06-06 22:04:00,ml,"PERSON_00084 और PERSON_00046 ने സ്ഥലം പങ്കിട്ടു, Zone_0042, Ujjain के पास। समय 2026-06-06 22:04:00.",P00084,P00046,LOC0042
DIG001309,2026-07-28 19:53:00,ur,"PERSON_00275 और PERSON_00956 ने رقم منتقل کی, Zone_0014, Bhopal के पास। समय 2026-07-28 19:53:00.",P00275,P00956,LOC0014
DIG001310,2026-08-22 20:48:00,mr,"PERSON_00946 और PERSON_00760 ने फोन केला, Zone_0167, Nagpur के पास। समय 2026-08-22 20:48:00.",P00946,P00760,LOC0167
DIG001311,2026-04-24 19:53:00,mr,"PERSON_00604 और PERSON_00826 ने भेटला, Zone_0078, Ujjain के पास। समय 2026-04-24 19:53:00.",P00604,P00826,LOC0078
DIG001312,2026-03-19 07:14:00,en,"PERSON_00146 transferred funds to PERSON_00392 near Zone_0138, Bhopal. Record time 2026-03-19 07:14:00.",P00146,P00392,LOC0138
DIG001313,2026-08-01 20:50:00,ml,"PERSON_00091 और PERSON_00870 ने വിളിച്ചു, Zone_0132, Indore के पास। समय 2026-08-01 20:50:00.",P00091,P00870,LOC0132
DIG001314,2026-02-09 17:41:00,bn,"PERSON_00856 और PERSON_00855 ने পরিদর্শন করেছে, Zone_0160, Ujjain के पास। समय 2026-02-09 17:41:00.",P00856,P00855,LOC0160
DIG001315,2026-01-03 12:10:00,gu,"PERSON_00492 और PERSON_00742 ने ફોન કર્યો, Zone_0021, Ujjain के पास। समय 2026-01-03 12:10:00.",P00492,P00742,LOC0021
DIG001316,2026-01-17 03:11:00,mr,"PERSON_00159 और PERSON_00360 ने संपर्क केला, Zone_0016, Ujjain के पास। समय 2026-01-17 03:11:00.",P00159,P00360,LOC0016
DIG001317,2026-07-13 02:15:00,hi,"PERSON_00200 और PERSON_00169 ने संपर्क किया, Zone_0120, Ujjain के पास। समय 2026-07-13 02:15:00.",P00200,P00169,LOC0120
DIG001318,2026-06-28 06:05:00,ta,"PERSON_00186 और PERSON_00793 ने சந்தித்தார், Zone_0084, Gwalior के पास। समय 2026-06-28 06:05:00.",P00186,P00793,LOC0084
DIG001319,2026-02-19 23:27:00,ur,"PERSON_00926 और PERSON_00318 ने دورہ کیا, Zone_0030, Nagpur के पास। समय 2026-02-19 23:27:00.",P00926,P00318,LOC0030
DIG001320,2026-01-13 21:31:00,hi,"PERSON_00835 और PERSON_00913 ने मिला, Zone_0150, Ujjain के पास। समय 2026-01-13 21:31:00.",P00835,P00913,LOC0150
DIG001321,2026-06-14 07:22:00,kn,"PERSON_00641 और PERSON_00643 ने ಸ್ಥಳ ಹಂಚಿಕೊಂಡರು, Zone_0021, Ujjain के पास। समय 2026-06-14 07:22:00.",P00641,P00643,LOC0021
DIG001322,2026-08-30 05:58:00,gu,"PERSON_00241 और PERSON_00374 ने સંદેશ મોકલ્યો, Zone_0114, Bhopal के पास। समय 2026-08-30 05:58:00.",P00241,P00374,LOC0114
DIG001323,2026-06-26 02:21:00,en,"PERSON_00289 transferred funds to PERSON_00867 near Zone_0095, Indore. Record time 2026-06-26 02:21:00.",P00289,P00867,LOC0095
DIG001324,2026-07-03 22:42:00,bn,"PERSON_00911 और PERSON_00129 ने যোগাযোগ করেছে, Zone_0168, Nagpur के पास। समय 2026-07-03 22:42:00.",P00911,P00129,LOC0168
DIG001325,2026-04-14 13:06:00,en,"PERSON_00794 visited PERSON_00643 near Zone_0053, Nagpur. Record time 2026-04-14 13:06:00.",P00794,P00643,LOC0053
DIG001326,2026-06-04 14:26:00,en,"PERSON_00451 used a vehicle PERSON_00443 near Zone_0102, Ujjain. Record time 2026-06-04 14:26:00.",P00451,P00443,LOC0102
DIG001327,2026-03-13 10:55:00,ur,"PERSON_00204 और PERSON_00062 ने رقم منتقل کی, Zone_0030, Nagpur के पास। समय 2026-03-13 10:55:00.",P00204,P00062,LOC0030
DIG001328,2026-08-18 14:21:00,ta,"PERSON_00510 और PERSON_00793 ने பணம் அனுப்பினார், Zone_0020, Bhopal के पास। समय 2026-08-18 14:21:00.",P00510,P00793,LOC0020
DIG001329,2026-06-21 16:39:00,hi,"PERSON_00453 और PERSON_00544 ने संदेश भेजा, Zone_0148, Indore के पास। समय 2026-06-21 16:39:00.",P00453,P00544,LOC0148
DIG001330,2026-01-09 21:04:00,ml,"PERSON_00648 और PERSON_00634 ने കണ്ടുമുട്ടി, Zone_0088, Indore के पास। समय 2026-01-09 21:04:00.",P00648,P00634,LOC0088
DIG001331,2026-05-12 23:15:00,te,"PERSON_00580 और PERSON_00009 ने సంప్రదించారు, Zone_0081, Gwalior के पास। समय 2026-05-12 23:15:00.",P00580,P00009,LOC0081
DIG001332,2026-03-03 12:33:00,te,"PERSON_00501 और PERSON_00034 ने స్థానం పంచుకున్నారు, Zone_0164, Bhopal के पास। समय 2026-03-03 12:33:00.",P00501,P00034,LOC0164
DIG001333,2026-07-07 23:58:00,ml,"PERSON_00929 और PERSON_00266 ने പണം അയച്ചു, Zone_0159, Nagpur के पास। समय 2026-07-07 23:58:00.",P00929,P00266,LOC0159
DIG001334,2026-04-22 05:44:00,bn,"PERSON_00487 और PERSON_00680 ने যোগাযোগ করেছে, Zone_0144, Nagpur के पास। समय 2026-04-22 05:44:00.",P00487,P00680,LOC0144
DIG001335,2026-02-17 02:09:00,mr,"PERSON_00621 और PERSON_00732 ने पैसे पाठवले, Zone_0087, Ujjain के पास। समय 2026-02-17 02:09:00.",P00621,P00732,LOC0087
DIG001336,2026-04-09 08:37:00,mr,"PERSON_00921 और PERSON_00268 ने भेट दिली, Zone_0165, Gwalior के पास। समय 2026-04-09 08:37:00.",P00921,P00268,LOC0165
DIG001337,2026-07-28 05:22:00,gu,"PERSON_00469 और PERSON_00486 ने સ્થાન શેર કર્યું, Zone_0037, Indore के पास। समय 2026-07-28 05:22:00.",P00469,P00486,LOC0037
DIG001338,2026-02-18 03:26:00,ur,"PERSON_00378 और PERSON_00176 ने رابطہ کیا, Zone_0071, Indore के पास। समय 2026-02-18 03:26:00.",P00378,P00176,LOC0071
DIG001339,2026-08-17 20:46:00,ta,"PERSON_00569 और PERSON_00474 ने சந்தித்தார், Zone_0115, Jabalpur के पास। समय 2026-08-17 20:46:00.",P00569,P00474,LOC0115
DIG001340,2026-02-03 12:53:00,gu,"PERSON_00705 और PERSON_00515 ने ફોન કર્યો, Zone_0117, Gwalior के पास। समय 2026-02-03 12:53:00.",P00705,P00515,LOC0117
DIG001341,2026-03-30 02:29:00,ml,"PERSON_00959 और PERSON_00778 ने വിളിച്ചു, Zone_0119, Indore के पास। समय 2026-03-30 02:29:00.",P00959,P00778,LOC0119
DIG001342,2026-06-27 03:28:00,en,"PERSON_00203 used a vehicle PERSON_00545 near Zone_0049, Nagpur. Record time 2026-06-27 03:28:00.",P00203,P00545,LOC0049
DIG001343,2026-02-08 23:14:00,ta,"PERSON_00023 और PERSON_00824 ने பணம் அனுப்பினார், Zone_0045, Gwalior के पास। समय 2026-02-08 23:14:00.",P00023,P00824,LOC0045
DIG001344,2026-01-15 13:11:00,ur,"PERSON_00040 और PERSON_00785 ने ملاقات کی, Zone_0080, Indore के पास। समय 2026-01-15 13:11:00.",P00040,P00785,LOC0080
DIG001345,2026-01-15 01:57:00,pa,"PERSON_00893 और PERSON_00570 ने ਮੁਲਾਕਾਤ ਕੀਤੀ, Zone_0066, Jabalpur के पास। समय 2026-01-15 01:57:00.",P00893,P00570,LOC0066
DIG001346,2026-05-25 14:16:00,kn,"PERSON_00168 और PERSON_00487 ने ಹಣ ಕಳುಹಿಸಿದರು, Zone_0145, Jabalpur के पास। समय 2026-05-25 14:16:00.",P00168,P00487,LOC0145
DIG001347,2026-05-27 20:33:00,gu,"PERSON_00433 और PERSON_00147 ने સંદેશ મોકલ્યો, Zone_0072, Indore के पास। समय 2026-05-27 20:33:00.",P00433,P00147,LOC0072
DIG001348,2026-08-01 04:39:00,ur,"PERSON_00715 और PERSON_00999 ने رابطہ کیا, Zone_0138, Bhopal के पास। समय 2026-08-01 04:39:00.",P00715,P00999,LOC0138
DIG001349,2026-06-03 20:37:00,mr,"PERSON_00933 और PERSON_00327 ने संदेश पाठवला, Zone_0171, Bhopal के पास। समय 2026-06-03 20:37:00.",P00933,P00327,LOC0171
DIG001350,2026-08-30 15:50:00,kn,"PERSON_00564 और PERSON_00214 ने ಕರೆ ಮಾಡಿದರು, Zone_0046, Bhopal के पास। समय 2026-08-30 15:50:00.",P00564,P00214,LOC0046
DIG001351,2026-06-03 19:03:00,te,"PERSON_00258 और PERSON_00540 ने స్థానం పంచుకున్నారు, Zone_0145, Jabalpur के पास। समय 2026-06-03 19:03:00.",P00258,P00540,LOC0145
DIG001352,2026-06-16 21:59:00,bn,"PERSON_00322 और PERSON_00542 ने টাকা পাঠিয়েছে, Zone_0098, Nagpur के पास। समय 2026-06-16 21:59:00.",P00322,P00542,LOC0098
DIG001353,2026-04-08 06:57:00,bn,"PERSON_00628 और PERSON_00562 ने স্থান ভাগ করেছে, Zone_0120, Ujjain के पास। समय 2026-04-08 06:57:00.",P00628,P00562,LOC0120
DIG001354,2026-04-18 13:03:00,ml,"PERSON_00849 और PERSON_00981 ने ബന്ധപ്പെട്ടു, Zone_0126, Nagpur के पास। समय 2026-04-18 13:03:00.",P00849,P00981,LOC0126
DIG001355,2026-07-09 00:23:00,bn,"PERSON_00453 और PERSON_00558 ने ফোন করেছে, Zone_0056, Jabalpur के पास। समय 2026-07-09 00:23:00.",P00453,P00558,LOC0056
DIG001356,2026-03-09 11:13:00,pa,"PERSON_00063 और PERSON_00773 ने ਪੈਸੇ ਭੇਜੇ, Zone_0049, Nagpur के पास। समय 2026-03-09 11:13:00.",P00063,P00773,LOC0049
DIG001357,2026-04-11 23:16:00,ur,"PERSON_00629 और PERSON_00140 ने رقم منتقل کی, Zone_0174, Gwalior के पास। समय 2026-04-11 23:16:00.",P00629,P00140,LOC0174
DIG001358,2026-07-24 06:31:00,mr,"PERSON_00495 और PERSON_00466 ने संपर्क केला, Zone_0144, Nagpur के पास। समय 2026-07-24 06:31:00.",P00495,P00466,LOC0144
DIG001359,2026-06-04 03:08:00,ta,"PERSON_00124 और PERSON_00287 ने சந்தித்தார், Zone_0173, Jabalpur के पास। समय 2026-06-04 03:08:00.",P00124,P00287,LOC0173
DIG001360,2026-06-09 11:27:00,kn,"PERSON_00902 और PERSON_00804 ने ಹಣ ಕಳುಹಿಸಿದರು, Zone_0063, Gwalior के पास। समय 2026-06-09 11:27:00.",P00902,P00804,LOC0063
DIG001361,2026-02-03 17:38:00,te,"PERSON_00808 और PERSON_00539 ने సందేశం పంపారు, Zone_0051, Bhopal के पास। समय 2026-02-03 17:38:00.",P00808,P00539,LOC0051
DIG001362,2026-04-15 18:29:00,kn,"PERSON_00770 और PERSON_00368 ने ಹಣ ಕಳುಹಿಸಿದರು, Zone_0158, Jabalpur के पास। समय 2026-04-15 18:29:00.",P00770,P00368,LOC0158
DIG001363,2026-07-21 22:47:00,kn,"PERSON_00804 और PERSON_00935 ने ಭೇಟಿ ನೀಡಿದರು, Zone_0161, Jabalpur के पास। समय 2026-07-21 22:47:00.",P00804,P00935,LOC0161
DIG001364,2026-01-17 02:43:00,bn,"PERSON_00295 और PERSON_00494 ने স্থান ভাগ করেছে, Zone_0105, Bhopal के पास। समय 2026-01-17 02:43:00.",P00295,P00494,LOC0105
DIG001365,2026-03-25 15:22:00,bn,"PERSON_00845 और PERSON_00703 ने পরিদর্শন করেছে, Zone_0025, Jabalpur के पास। समय 2026-03-25 15:22:00.",P00845,P00703,LOC0025
DIG001366,2026-07-14 19:54:00,te,"PERSON_00482 और PERSON_00302 ने ఫోన్ చేశారు, Zone_0024, Jabalpur के पास। समय 2026-07-14 19:54:00.",P00482,P00302,LOC0024
DIG001367,2026-08-20 12:41:00,ur,"PERSON_00660 और PERSON_00320 ने فون کیا, Zone_0154, Ujjain के पास। समय 2026-08-20 12:41:00.",P00660,P00320,LOC0154
DIG001368,2026-01-05 19:28:00,gu,"PERSON_00704 और PERSON_00720 ने સ્થાન શેર કર્યું, Zone_0056, Jabalpur के पास। समय 2026-01-05 19:28:00.",P00704,P00720,LOC0056
DIG001369,2026-02-17 18:18:00,te,"PERSON_00673 और PERSON_00151 ने డబ్బు పంపారు, Zone_0171, Bhopal के पास। समय 2026-02-17 18:18:00.",P00673,P00151,LOC0171
DIG001370,2026-06-19 18:39:00,pa,"PERSON_00777 और PERSON_00344 ने ਪੈਸੇ ਭੇਜੇ, Zone_0086, Gwalior के पास। समय 2026-06-19 18:39:00.",P00777,P00344,LOC0086
DIG001371,2026-05-09 10:46:00,pa,"PERSON_00261 और PERSON_00709 ने ਪੈਸੇ ਭੇਜੇ, Zone_0175, Jabalpur के पास। समय 2026-05-09 10:46:00.",P00261,P00709,LOC0175
DIG001372,2026-04-29 04:39:00,ml,"PERSON_00571 और PERSON_00936 ने ബന്ധപ്പെട്ടു, Zone_0133, Indore के पास। समय 2026-04-29 04:39:00.",P00571,P00936,LOC0133
DIG001373,2026-08-03 03:18:00,en,"PERSON_00164 met PERSON_00677 near Zone_0036, Ujjain. Record time 2026-08-03 03:18:00.",P00164,P00677,LOC0036
DIG001374,2026-06-16 05:00:00,ur,"PERSON_00662 और PERSON_00796 ने ملاقات کی, Zone_0033, Jabalpur के पास। समय 2026-06-16 05:00:00.",P00662,P00796,LOC0033
DIG001375,2026-07-14 16:47:00,bn,"PERSON_00447 और PERSON_00933 ने ফোন করেছে, Zone_0097, Ujjain के पास। समय 2026-07-14 16:47:00.",P00447,P00933,LOC0097
DIG001376,2026-02-09 16:57:00,ta,"PERSON_00319 और PERSON_00679 ने பணம் அனுப்பினார், Zone_0092, Ujjain के पास। समय 2026-02-09 16:57:00.",P00319,P00679,LOC0092
DIG001377,2026-07-29 15:54:00,ta,"PERSON_00780 और PERSON_00879 ने பணம் அனுப்பினார், Zone_0057, Ujjain के पास। समय 2026-07-29 15:54:00.",P00780,P00879,LOC0057
DIG001378,2026-06-08 00:34:00,en,"PERSON_00955 sent a message to PERSON_00804 near Zone_0062, Ujjain. Record time 2026-06-08 00:34:00.",P00955,P00804,LOC0062
DIG001379,2026-05-29 15:45:00,ur,"PERSON_00788 और PERSON_00903 ने مقام شیئر کیا, Zone_0007, Ujjain के पास। समय 2026-05-29 15:45:00.",P00788,P00903,LOC0007
DIG001380,2026-01-30 08:27:00,kn,"PERSON_00226 और PERSON_00636 ने ಭೇಟಿ ನೀಡಿದರು, Zone_0174, Gwalior के पास। समय 2026-01-30 08:27:00.",P00226,P00636,LOC0174
DIG001381,2026-06-09 01:18:00,pa,"PERSON_00722 और PERSON_00309 ने ਪੈਸੇ ਭੇਜੇ, Zone_0155, Nagpur के पास। समय 2026-06-09 01:18:00.",P00722,P00309,LOC0155
DIG001382,2026-02-27 01:20:00,ml,"PERSON_00910 और PERSON_00195 ने ബന്ധപ്പെട്ടു, Zone_0100, Jabalpur के पास। समय 2026-02-27 01:20:00.",P00910,P00195,LOC0100
DIG001383,2026-07-30 20:41:00,kn,"PERSON_00860 और PERSON_00574 ने ಭೇಟಿಯಾದರು, Zone_0062, Ujjain के पास। समय 2026-07-30 20:41:00.",P00860,P00574,LOC0062
DIG001384,2026-03-27 19:24:00,mr,"PERSON_00205 और PERSON_00237 ने संदेश पाठवला, Zone_0087, Ujjain के पास। समय 2026-03-27 19:24:00.",P00205,P00237,LOC0087
DIG001385,2026-05-11 19:56:00,ta,"PERSON_00849 और PERSON_00154 ने இடத்தை பகிர்ந்தார், Zone_0117, Gwalior के पास। समय 2026-05-11 19:56:00.",P00849,P00154,LOC0117
DIG001386,2026-01-01 13:55:00,ta,"PERSON_00977 और PERSON_00468 ने இடத்தை பகிர்ந்தார், Zone_0123, Ujjain के पास। समय 2026-01-01 13:55:00.",P00977,P00468,LOC0123
DIG001387,2026-01-11 16:33:00,ur,"PERSON_00355 और PERSON_00640 ने رابطہ کیا, Zone_0041, Ujjain के पास। समय 2026-01-11 16:33:00.",P00355,P00640,LOC0041
DIG001388,2026-01-25 02:16:00,en,"PERSON_00476 met PERSON_00921 near Zone_0022, Gwalior. Record time 2026-01-25 02:16:00.",P00476,P00921,LOC0022
DIG001389,2026-04-11 21:04:00,ur,"PERSON_00431 और PERSON_00866 ने دورہ کیا, Zone_0085, Gwalior के पास। समय 2026-04-11 21:04:00.",P00431,P00866,LOC0085
DIG001390,2026-01-24 18:07:00,pa,"PERSON_00924 और PERSON_00045 ने ਮਿਲਿਆ, Zone_0170, Ujjain के पास। समय 2026-01-24 18:07:00.",P00924,P00045,LOC0170
DIG001391,2026-05-02 01:38:00,ur,"PERSON_00959 और PERSON_00259 ने ملاقات کی, Zone_0137, Nagpur के पास। समय 2026-05-02 01:38:00.",P00959,P00259,LOC0137
DIG001392,2026-06-18 06:57:00,bn,"PERSON_00568 और PERSON_00286 ने ফোন করেছে, Zone_0041, Ujjain के पास। समय 2026-06-18 06:57:00.",P00568,P00286,LOC0041
DIG001393,2026-05-03 15:33:00,bn,"PERSON_00802 और PERSON_00929 ने দেখা করেছে, Zone_0051, Bhopal के पास। समय 2026-05-03 15:33:00.",P00802,P00929,LOC0051
DIG001394,2026-08-21 01:42:00,ml,"PERSON_00201 और PERSON_00741 ने സന്ദേശം അയച്ചു, Zone_0030, Nagpur के पास। समय 2026-08-21 01:42:00.",P00201,P00741,LOC0030
DIG001395,2026-01-02 20:00:00,te,"PERSON_00644 और PERSON_00162 ने సందేశం పంపారు, Zone_0150, Ujjain के पास। समय 2026-01-02 20:00:00.",P00644,P00162,LOC0150
DIG001396,2026-03-10 15:09:00,bn,"PERSON_00903 और PERSON_00545 ने দেখা করেছে, Zone_0011, Gwalior के पास। समय 2026-03-10 15:09:00.",P00903,P00545,LOC0011
DIG001397,2026-08-10 11:48:00,en,"PERSON_00954 called PERSON_00638 near Zone_0003, Indore. Record time 2026-08-10 11:48:00.",P00954,P00638,LOC0003
DIG001398,2026-03-20 14:27:00,pa,"PERSON_00854 और PERSON_00083 ने ਫੋਨ ਕੀਤਾ, Zone_0042, Ujjain के पास। समय 2026-03-20 14:27:00.",P00854,P00083,LOC0042
DIG001399,2026-01-25 04:09:00,mr,"PERSON_00684 और PERSON_00963 ने पैसे पाठवले, Zone_0167, Nagpur के पास। समय 2026-01-25 04:09:00.",P00684,P00963,LOC0167
DIG001400,2026-07-26 09:51:00,en,"PERSON_00197 contacted PERSON_00404 near Zone_0085, Gwalior. Record time 2026-07-26 09:51:00.",P00197,P00404,LOC0085
DIG001401,2026-06-16 23:41:00,mr,"PERSON_00850 और PERSON_00793 ने ठिकाण शेअर केले, Zone_0067, Indore के पास। समय 2026-06-16 23:41:00.",P00850,P00793,LOC0067
DIG001402,2026-07-29 23:50:00,bn,"PERSON_00991 और PERSON_00074 ने ফোন করেছে, Zone_0082, Nagpur के पास। समय 2026-07-29 23:50:00.",P00991,P00074,LOC0082
DIG001403,2026-07-28 00:27:00,ml,"PERSON_00705 और PERSON_00713 ने കണ്ടുമുട്ടി, Zone_0108, Bhopal के पास। समय 2026-07-28 00:27:00.",P00705,P00713,LOC0108
DIG001404,2026-04-15 00:25:00,ur,"PERSON_00471 और PERSON_00461 ने فون کیا, Zone_0046, Bhopal के पास। समय 2026-04-15 00:25:00.",P00471,P00461,LOC0046
DIG001405,2026-05-30 13:16:00,mr,"PERSON_00067 और PERSON_00074 ने ठिकाण शेअर केले, Zone_0085, Gwalior के पास। समय 2026-05-30 13:16:00.",P00067,P00074,LOC0085
DIG001406,2026-04-19 22:29:00,pa,"PERSON_00523 और PERSON_00877 ने ਮੁਲਾਕਾਤ ਕੀਤੀ, Zone_0052, Nagpur के पास। समय 2026-04-19 22:29:00.",P00523,P00877,LOC0052
DIG001407,2026-01-27 19:50:00,hi,"PERSON_00851 और PERSON_00782 ने संपर्क किया, Zone_0168, Nagpur के पास। समय 2026-01-27 19:50:00.",P00851,P00782,LOC0168
DIG001408,2026-02-28 18:03:00,ur,"PERSON_00101 और PERSON_00792 ने رابطہ کیا, Zone_0001, Gwalior के पास। समय 2026-02-28 18:03:00.",P00101,P00792,LOC0001
DIG001409,2026-03-20 04:47:00,kn,"PERSON_00728 और PERSON_00133 ने ಸ್ಥಳ ಹಂಚಿಕೊಂಡರು, Zone_0102, Ujjain के पास। समय 2026-03-20 04:47:00.",P00728,P00133,LOC0102
DIG001410,2026-08-24 01:17:00,pa,"PERSON_00510 और PERSON_00531 ने ਮੁਲਾਕਾਤ ਕੀਤੀ, Zone_0105, Bhopal के पास। समय 2026-08-24 01:17:00.",P00510,P00531,LOC0105
DIG001411,2026-04-01 19:19:00,mr,"PERSON_00546 और PERSON_00701 ने संदेश पाठवला, Zone_0119, Indore के पास। समय 2026-04-01 19:19:00.",P00546,P00701,LOC0119
DIG001412,2026-08-14 19:44:00,kn,"PERSON_00444 और PERSON_00441 ने ಭೇಟಿಯಾದರು, Zone_0171, Bhopal के पास। समय 2026-08-14 19:44:00.",P00444,P00441,LOC0171
DIG001413,2026-07-09 18:01:00,pa,"PERSON_00111 और PERSON_00164 ने ਮੁਲਾਕਾਤ ਕੀਤੀ, Zone_0067, Indore के पास। समय 2026-07-09 18:01:00.",P00111,P00164,LOC0067
DIG001414,2026-07-25 08:25:00,en,"PERSON_00228 sent a message to PERSON_00320 near Zone_0015, Gwalior. Record time 2026-07-25 08:25:00.",P00228,P00320,LOC0015
DIG001415,2026-02-06 06:20:00,ur,"PERSON_00478 और PERSON_00869 ने پیغام بھیجا, Zone_0027, Gwalior के पास। समय 2026-02-06 06:20:00.",P00478,P00869,LOC0027
DIG001416,2026-04-24 14:21:00,ta,"PERSON_00189 और PERSON_00175 ने இடத்தை பகிர்ந்தார், Zone_0052, Nagpur के पास। समय 2026-04-24 14:21:00.",P00189,P00175,LOC0052
DIG001417,2026-08-16 04:24:00,te,"PERSON_00108 और PERSON_00065 ने సందేశం పంపారు, Zone_0169, Nagpur के पास। समय 2026-08-16 04:24:00.",P00108,P00065,LOC0169
DIG001418,2026-01-24 09:37:00,en,"PERSON_00760 transferred funds to PERSON_00271 near Zone_0099, Bhopal. Record time 2026-01-24 09:37:00.",P00760,P00271,LOC0099
DIG001419,2026-07-16 04:19:00,ur,"PERSON_00873 और PERSON_00406 ने دورہ کیا, Zone_0035, Jabalpur के पास। समय 2026-07-16 04:19:00.",P00873,P00406,LOC0035
DIG001420,2026-07-29 01:44:00,te,"PERSON_00300 और PERSON_00908 ने స్థానం పంచుకున్నారు, Zone_0135, Nagpur के पास। समय 2026-07-29 01:44:00.",P00300,P00908,LOC0135
DIG001421,2026-02-08 02:39:00,ur,"PERSON_00190 और PERSON_00462 ने دورہ کیا, Zone_0174, Gwalior के पास। समय 2026-02-08 02:39:00.",P00190,P00462,LOC0174
DIG001422,2026-07-04 10:08:00,gu,"PERSON_00161 और PERSON_00022 ने સંદેશ મોકલ્યો, Zone_0141, Jabalpur के पास। समय 2026-07-04 10:08:00.",P00161,P00022,LOC0141
DIG001423,2026-01-20 21:13:00,en,"PERSON_00153 contacted PERSON_00846 near Zone_0134, Indore. Record time 2026-01-20 21:13:00.",P00153,P00846,LOC0134
DIG001424,2026-04-23 19:40:00,mr,"PERSON_00140 और PERSON_00465 ने ठिकाण शेअर केले, Zone_0130, Gwalior के पास। समय 2026-04-23 19:40:00.",P00140,P00465,LOC0130
DIG001425,2026-05-23 07:49:00,te,"PERSON_00250 और PERSON_00979 ने సందేశం పంపారు, Zone_0049, Nagpur के पास। समय 2026-05-23 07:49:00.",P00250,P00979,LOC0049
DIG001426,2026-02-14 22:53:00,gu,"PERSON_00600 और PERSON_00648 ने મળ્યા, Zone_0059, Indore के पास। समय 2026-02-14 22:53:00.",P00600,P00648,LOC0059
DIG001427,2026-04-04 23:45:00,te,"PERSON_00059 और PERSON_00024 ने వెళ్లారు, Zone_0008, Nagpur के पास। समय 2026-04-04 23:45:00.",P00059,P00024,LOC0008
DIG001428,2026-04-08 20:56:00,en,"PERSON_00158 sent a message to PERSON_00877 near Zone_0092, Ujjain. Record time 2026-04-08 20:56:00.",P00158,P00877,LOC0092
DIG001429,2026-07-29 01:26:00,en,"PERSON_00966 met PERSON_00307 near Zone_0069, Jabalpur. Record time 2026-07-29 01:26:00.",P00966,P00307,LOC0069
DIG001430,2026-06-04 01:35:00,ml,"PERSON_00220 और PERSON_00406 ने സന്ദർശിച്ചു, Zone_0171, Bhopal के पास। समय 2026-06-04 01:35:00.",P00220,P00406,LOC0171
DIG001431,2026-03-03 19:51:00,te,"PERSON_00830 और PERSON_00865 ने సంప్రదించారు, Zone_0070, Ujjain के पास। समय 2026-03-03 19:51:00.",P00830,P00865,LOC0070
DIG001432,2026-01-17 16:35:00,en,"PERSON_00064 contacted PERSON_00458 near Zone_0102, Ujjain. Record time 2026-01-17 16:35:00.",P00064,P00458,LOC0102
DIG001433,2026-06-20 19:12:00,te,"PERSON_00572 और PERSON_00278 ने వెళ్లారు, Zone_0046, Bhopal के पास। समय 2026-06-20 19:12:00.",P00572,P00278,LOC0046
DIG001434,2026-01-24 03:11:00,kn,"PERSON_00453 और PERSON_00610 ने ಭೇಟಿಯಾದರು, Zone_0008, Nagpur के पास। समय 2026-01-24 03:11:00.",P00453,P00610,LOC0008
DIG001435,2026-06-10 21:47:00,ur,"PERSON_00223 और PERSON_00478 ने رقم منتقل کی, Zone_0007, Ujjain के पास। समय 2026-06-10 21:47:00.",P00223,P00478,LOC0007
DIG001436,2026-05-05 02:44:00,gu,"PERSON_00799 और PERSON_00570 ने ફોન કર્યો, Zone_0051, Bhopal के पास। समय 2026-05-05 02:44:00.",P00799,P00570,LOC0051
DIG001437,2026-01-19 01:19:00,ta,"PERSON_00166 और PERSON_00907 ने பணம் அனுப்பினார், Zone_0137, Nagpur के पास। समय 2026-01-19 01:19:00.",P00166,P00907,LOC0137
DIG001438,2026-01-13 09:24:00,ml,"PERSON_00595 और PERSON_00357 ने പണം അയച്ചു, Zone_0020, Bhopal के पास। समय 2026-01-13 09:24:00.",P00595,P00357,LOC0020
DIG001439,2026-06-01 08:09:00,pa,"PERSON_00023 और PERSON_00783 ने ਸਥਾਨ ਸਾਂਝਾ ਕੀਤਾ, Zone_0014, Bhopal के पास। समय 2026-06-01 08:09:00.",P00023,P00783,LOC0014
DIG001440,2026-04-03 01:21:00,ta,"PERSON_00435 और PERSON_00772 ने தொடர்பு கொண்டார், Zone_0067, Indore के पास। समय 2026-04-03 01:21:00.",P00435,P00772,LOC0067
DIG001441,2026-08-05 05:00:00,pa,"PERSON_00891 और PERSON_00162 ने ਸਥਾਨ ਸਾਂਝਾ ਕੀਤਾ, Zone_0136, Jabalpur के पास। समय 2026-08-05 05:00:00.",P00891,P00162,LOC0136
DIG001442,2026-05-06 14:23:00,ur,"PERSON_00430 और PERSON_00794 ने دورہ کیا, Zone_0156, Bhopal के पास। समय 2026-05-06 14:23:00.",P00430,P00794,LOC0156
DIG001443,2026-02-24 07:20:00,pa,"PERSON_00973 और PERSON_00525 ने ਸੰਪਰਕ ਕੀਤਾ, Zone_0164, Bhopal के पास। समय 2026-02-24 07:20:00.",P00973,P00525,LOC0164
DIG001444,2026-06-16 01:41:00,hi,"PERSON_00594 और PERSON_00909 ने दौरा किया, Zone_0017, Gwalior के पास। समय 2026-06-16 01:41:00.",P00594,P00909,LOC0017
DIG001445,2026-08-31 04:42:00,ml,"PERSON_00336 और PERSON_00825 ने കണ്ടുമുട്ടി, Zone_0009, Jabalpur के पास। समय 2026-08-31 04:42:00.",P00336,P00825,LOC0009
DIG001446,2026-01-07 07:58:00,mr,"PERSON_00968 और PERSON_00209 ने फोन केला, Zone_0034, Jabalpur के पास। समय 2026-01-07 07:58:00.",P00968,P00209,LOC0034
DIG001447,2026-01-11 21:45:00,ta,"PERSON_00098 और PERSON_00447 ने சென்றார், Zone_0003, Indore के पास। समय 2026-01-11 21:45:00.",P00098,P00447,LOC0003
DIG001448,2026-08-11 10:47:00,gu,"PERSON_00746 और PERSON_00695 ने સંપર્ક કર્યો, Zone_0145, Jabalpur के पास। समय 2026-08-11 10:47:00.",P00746,P00695,LOC0145
DIG001449,2026-08-26 09:34:00,en,"PERSON_00657 visited PERSON_00734 near Zone_0053, Nagpur. Record time 2026-08-26 09:34:00.",P00657,P00734,LOC0053
DIG001450,2026-08-11 23:45:00,ur,"PERSON_00117 और PERSON_00613 ने رقم منتقل کی, Zone_0019, Gwalior के पास। समय 2026-08-11 23:45:00.",P00117,P00613,LOC0019
DIG001451,2026-07-28 02:36:00,gu,"PERSON_00416 और PERSON_00344 ने મુલાકાત લીધી, Zone_0058, Bhopal के पास। समय 2026-07-28 02:36:00.",P00416,P00344,LOC0058
DIG001452,2026-06-01 20:06:00,hi,"PERSON_00074 और PERSON_00965 ने मिला, Zone_0133, Indore के पास। समय 2026-06-01 20:06:00.",P00074,P00965,LOC0133
DIG001453,2026-01-19 05:41:00,ur,"PERSON_00768 और PERSON_00130 ने دورہ کیا, Zone_0138, Bhopal के पास। समय 2026-01-19 05:41:00.",P00768,P00130,LOC0138
DIG001454,2026-07-28 11:27:00,ur,"PERSON_00879 और PERSON_00970 ने پیغام بھیجا, Zone_0042, Ujjain के पास। समय 2026-07-28 11:27:00.",P00879,P00970,LOC0042
DIG001455,2026-03-10 13:18:00,mr,"PERSON_00211 और PERSON_00575 ने फोन केला, Zone_0070, Ujjain के पास। समय 2026-03-10 13:18:00.",P00211,P00575,LOC0070
DIG001456,2026-06-13 03:27:00,ml,"PERSON_00461 और PERSON_00210 ने സന്ദേശം അയച്ചു, Zone_0169, Nagpur के पास। समय 2026-06-13 03:27:00.",P00461,P00210,LOC0169
DIG001457,2026-02-17 04:22:00,en,"PERSON_00035 shared a location with PERSON_00737 near Zone_0151, Indore. Record time 2026-02-17 04:22:00.",P00035,P00737,LOC0151
DIG001458,2026-08-06 17:56:00,en,"PERSON_00734 sent a message to PERSON_00951 near Zone_0068, Bhopal. Record time 2026-08-06 17:56:00.",P00734,P00951,LOC0068
DIG001459,2026-04-06 23:32:00,bn,"PERSON_00316 और PERSON_00798 ने দেখা করেছে, Zone_0081, Gwalior के पास। समय 2026-04-06 23:32:00.",P00316,P00798,LOC0081
DIG001460,2026-07-10 09:31:00,ta,"PERSON_00966 और PERSON_00823 ने இடத்தை பகிர்ந்தார், Zone_0027, Gwalior के पास। समय 2026-07-10 09:31:00.",P00966,P00823,LOC0027
DIG001461,2026-03-26 07:27:00,gu,"PERSON_00025 और PERSON_00546 ने સ્થાન શેર કર્યું, Zone_0033, Jabalpur के पास। समय 2026-03-26 07:27:00.",P00025,P00546,LOC0033
DIG001462,2026-06-20 18:54:00,ml,"PERSON_00287 और PERSON_00115 ने സ്ഥലം പങ്കിട്ടു, Zone_0136, Jabalpur के पास। समय 2026-06-20 18:54:00.",P00287,P00115,LOC0136
DIG001463,2026-02-02 19:52:00,mr,"PERSON_00986 और PERSON_00180 ने संदेश पाठवला, Zone_0120, Ujjain के पास। समय 2026-02-02 19:52:00.",P00986,P00180,LOC0120
DIG001464,2026-03-10 17:39:00,gu,"PERSON_00468 और PERSON_00222 ने મુલાકાત લીધી, Zone_0019, Gwalior के पास। समय 2026-03-10 17:39:00.",P00468,P00222,LOC0019
DIG001465,2026-04-06 17:33:00,te,"PERSON_00438 और PERSON_00233 ने కలిశారు, Zone_0057, Ujjain के पास। समय 2026-04-06 17:33:00.",P00438,P00233,LOC0057
DIG001466,2026-01-05 20:22:00,ta,"PERSON_00813 और PERSON_00978 ने பணம் அனுப்பினார், Zone_0105, Bhopal के पास। समय 2026-01-05 20:22:00.",P00813,P00978,LOC0105
DIG001467,2026-03-16 14:29:00,pa,"PERSON_00908 और PERSON_00496 ने ਸਥਾਨ ਸਾਂਝਾ ਕੀਤਾ, Zone_0077, Bhopal के पास। समय 2026-03-16 14:29:00.",P00908,P00496,LOC0077
DIG001468,2026-07-03 22:34:00,mr,"PERSON_00651 और PERSON_00805 ने संदेश पाठवला, Zone_0019, Gwalior के पास। समय 2026-07-03 22:34:00.",P00651,P00805,LOC0019
DIG001469,2026-06-28 04:27:00,hi,"PERSON_00395 और PERSON_00694 ने स्थान साझा किया, Zone_0025, Jabalpur के पास। समय 2026-06-28 04:27:00.",P00395,P00694,LOC0025
DIG001470,2026-04-08 18:06:00,ml,"PERSON_00164 और PERSON_00809 ने സ്ഥലം പങ്കിട്ടു, Zone_0071, Indore के पास। समय 2026-04-08 18:06:00.",P00164,P00809,LOC0071
DIG001471,2026-07-21 13:38:00,hi,"PERSON_00797 और PERSON_00850 ने फोन किया, Zone_0120, Ujjain के पास। समय 2026-07-21 13:38:00.",P00797,P00850,LOC0120
DIG001472,2026-04-03 13:45:00,mr,"PERSON_00454 और PERSON_00541 ने फोन केला, Zone_0072, Indore के पास। समय 2026-04-03 13:45:00.",P00454,P00541,LOC0072
DIG001473,2026-08-25 10:19:00,ta,"PERSON_00518 और PERSON_00646 ने சந்தித்தார், Zone_0033, Jabalpur के पास। समय 2026-08-25 10:19:00.",P00518,P00646,LOC0033
DIG001474,2026-01-13 01:24:00,hi,"PERSON_00307 और PERSON_00331 ने संपर्क किया, Zone_0166, Bhopal के पास। समय 2026-01-13 01:24:00.",P00307,P00331,LOC0166
DIG001475,2026-01-11 22:52:00,ta,"PERSON_00324 और PERSON_00878 ने சந்தித்தார், Zone_0020, Bhopal के पास। समय 2026-01-11 22:52:00.",P00324,P00878,LOC0020
DIG001476,2026-08-19 08:15:00,ta,"PERSON_00707 और PERSON_00219 ने அழைத்தார், Zone_0109, Bhopal के पास। समय 2026-08-19 08:15:00.",P00707,P00219,LOC0109
DIG001477,2026-01-25 16:31:00,ml,"PERSON_00220 और PERSON_00722 ने കണ്ടുമുട്ടി, Zone_0150, Ujjain के पास। समय 2026-01-25 16:31:00.",P00220,P00722,LOC0150
DIG001478,2026-02-15 07:46:00,ml,"PERSON_00466 और PERSON_00036 ने വിളിച്ചു, Zone_0001, Gwalior के पास। समय 2026-02-15 07:46:00.",P00466,P00036,LOC0001
DIG001479,2026-05-26 23:36:00,en,"PERSON_00279 called PERSON_00719 near Zone_0034, Jabalpur. Record time 2026-05-26 23:36:00.",P00279,P00719,LOC0034
DIG001480,2026-08-11 03:11:00,gu,"PERSON_00757 और PERSON_00023 ने સ્થાન શેર કર્યું, Zone_0132, Indore के पास। समय 2026-08-11 03:11:00.",P00757,P00023,LOC0132
DIG001481,2026-06-16 07:53:00,pa,"PERSON_00669 और PERSON_00802 ने ਸੁਨੇਹਾ ਭੇਜਿਆ, Zone_0176, Gwalior के पास। समय 2026-06-16 07:53:00.",P00669,P00802,LOC0176
DIG001482,2026-06-08 16:50:00,mr,"PERSON_00583 और PERSON_00102 ने भेटला, Zone_0112, Ujjain के पास। समय 2026-06-08 16:50:00.",P00583,P00102,LOC0112
DIG001483,2026-07-24 05:05:00,ur,"PERSON_00167 और PERSON_00242 ने ملاقات کی, Zone_0023, Jabalpur के पास। समय 2026-07-24 05:05:00.",P00167,P00242,LOC0023
DIG001484,2026-02-07 19:34:00,mr,"PERSON_00711 और PERSON_00843 ने फोन केला, Zone_0013, Gwalior के पास। समय 2026-02-07 19:34:00.",P00711,P00843,LOC0013
DIG001485,2026-04-13 09:26:00,bn,"PERSON_00181 और PERSON_00375 ने বার্তা পাঠিয়েছে, Zone_0123, Ujjain के पास। समय 2026-04-13 09:26:00.",P00181,P00375,LOC0123
DIG001486,2026-05-04 18:32:00,ur,"PERSON_00797 और PERSON_00335 ने دورہ کیا, Zone_0179, Gwalior के पास। समय 2026-05-04 18:32:00.",P00797,P00335,LOC0179
DIG001487,2026-08-09 14:57:00,gu,"PERSON_00269 और PERSON_00146 ने નાણાં મોકલ્યાં, Zone_0089, Jabalpur के पास। समय 2026-08-09 14:57:00.",P00269,P00146,LOC0089
DIG001488,2026-01-03 12:19:00,bn,"PERSON_00652 और PERSON_00331 ने যোগাযোগ করেছে, Zone_0065, Jabalpur के पास। समय 2026-01-03 12:19:00.",P00652,P00331,LOC0065
DIG001489,2026-05-15 13:02:00,gu,"PERSON_00561 और PERSON_00608 ने મળ્યા, Zone_0180, Indore के पास। समय 2026-05-15 13:02:00.",P00561,P00608,LOC0180
DIG001490,2026-04-25 21:01:00,gu,"PERSON_00926 और PERSON_00048 ने સંપર્ક કર્યો, Zone_0008, Nagpur के पास। समय 2026-04-25 21:01:00.",P00926,P00048,LOC0008
DIG001491,2026-04-07 15:02:00,en,"PERSON_00932 sent a message to PERSON_00950 near Zone_0095, Indore. Record time 2026-04-07 15:02:00.",P00932,P00950,LOC0095
DIG001492,2026-08-17 11:29:00,te,"PERSON_00132 और PERSON_00311 ने సంప్రదించారు, Zone_0115, Jabalpur के पास। समय 2026-08-17 11:29:00.",P00132,P00311,LOC0115
DIG001493,2026-01-22 23:13:00,hi,"PERSON_00932 और PERSON_00407 ने स्थान साझा किया, Zone_0037, Indore के पास। समय 2026-01-22 23:13:00.",P00932,P00407,LOC0037
DIG001494,2026-01-14 22:17:00,ml,"PERSON_00353 और PERSON_00833 ने സ്ഥലം പങ്കിട്ടു, Zone_0090, Gwalior के पास। समय 2026-01-14 22:17:00.",P00353,P00833,LOC0090
DIG001495,2026-08-30 07:02:00,hi,"PERSON_00833 और PERSON_00869 ने वाहन का उपयोग किया, Zone_0017, Gwalior के पास। समय 2026-08-30 07:02:00.",P00833,P00869,LOC0017
DIG001496,2026-05-02 16:12:00,pa,"PERSON_00865 और PERSON_00135 ने ਫੋਨ ਕੀਤਾ, Zone_0063, Gwalior के पास। समय 2026-05-02 16:12:00.",P00865,P00135,LOC0063
DIG001497,2026-04-02 04:56:00,pa,"PERSON_00713 और PERSON_00707 ने ਫੋਨ ਕੀਤਾ, Zone_0129, Nagpur के पास। समय 2026-04-02 04:56:00.",P00713,P00707,LOC0129
DIG001498,2026-04-02 17:48:00,hi,"PERSON_00468 और PERSON_00452 ने मिला, Zone_0037, Indore के पास। समय 2026-04-02 17:48:00.",P00468,P00452,LOC0037
DIG001499,2026-05-18 02:00:00,ur,"PERSON_00942 और PERSON_00899 ने رقم منتقل کی, Zone_0079, Nagpur के पास। समय 2026-05-18 02:00:00.",P00942,P00899,LOC0079
DIG001500,2026-06-29 16:08:00,gu,"PERSON_00638 और PERSON_00812 ने સંદેશ મોકલ્યો, Zone_0171, Bhopal के पास। समय 2026-06-29 16:08:00.",P00638,P00812,LOC0171
DIG001501,2026-06-09 04:00:00,ml,"PERSON_00948 और PERSON_00593 ने കണ്ടുമുട്ടി, Zone_0002, Ujjain के पास। समय 2026-06-09 04:00:00.",P00948,P00593,LOC0002
DIG001502,2026-04-14 10:21:00,te,"PERSON_00191 और PERSON_00914 ने ఫోన్ చేశారు, Zone_0031, Bhopal के पास। समय 2026-04-14 10:21:00.",P00191,P00914,LOC0031
DIG001503,2026-05-03 02:28:00,te,"PERSON_00883 और PERSON_00779 ने సంప్రదించారు, Zone_0030, Nagpur के पास। समय 2026-05-03 02:28:00.",P00883,P00779,LOC0030
DIG001504,2026-08-30 04:26:00,te,"PERSON_00149 और PERSON_00820 ने డబ్బు పంపారు, Zone_0091, Jabalpur के पास। समय 2026-08-30 04:26:00.",P00149,P00820,LOC0091
DIG001505,2026-06-04 21:21:00,pa,"PERSON_00954 और PERSON_00015 ने ਪੈਸੇ ਭੇਜੇ, Zone_0125, Indore के पास। समय 2026-06-04 21:21:00.",P00954,P00015,LOC0125
DIG001506,2026-05-20 11:16:00,ta,"PERSON_00946 और PERSON_00891 ने இடத்தை பகிர்ந்தார், Zone_0080, Indore के पास। समय 2026-05-20 11:16:00.",P00946,P00891,LOC0080
DIG001507,2026-02-16 06:16:00,ur,"PERSON_00452 और PERSON_00908 ने دورہ کیا, Zone_0134, Indore के पास। समय 2026-02-16 06:16:00.",P00452,P00908,LOC0134
DIG001508,2026-02-16 18:44:00,gu,"PERSON_00868 और PERSON_00705 ने મુલાકાત લીધી, Zone_0114, Bhopal के पास। समय 2026-02-16 18:44:00.",P00868,P00705,LOC0114
DIG001509,2026-05-13 18:02:00,pa,"PERSON_00760 और PERSON_00596 ने ਸੰਪਰਕ ਕੀਤਾ, Zone_0087, Ujjain के पास। समय 2026-05-13 18:02:00.",P00760,P00596,LOC0087
DIG001510,2026-07-01 05:01:00,bn,"PERSON_00487 और PERSON_00166 ने পরিদর্শন করেছে, Zone_0122, Nagpur के पास। समय 2026-07-01 05:01:00.",P00487,P00166,LOC0122
DIG001511,2026-01-01 14:09:00,pa,"PERSON_00911 और PERSON_00598 ने ਮਿਲਿਆ, Zone_0011, Gwalior के पास। समय 2026-01-01 14:09:00.",P00911,P00598,LOC0011
DIG001512,2026-04-04 10:03:00,ml,"PERSON_00961 और PERSON_00932 ने ബന്ധപ്പെട്ടു, Zone_0106, Ujjain के पास। समय 2026-04-04 10:03:00.",P00961,P00932,LOC0106
DIG001513,2026-01-18 23:26:00,ml,"PERSON_00801 और PERSON_00073 ने സന്ദേശം അയച്ചു, Zone_0180, Indore के पास। समय 2026-01-18 23:26:00.",P00801,P00073,LOC0180
DIG001514,2026-01-24 21:28:00,gu,"PERSON_00813 और PERSON_00441 ने સંપર્ક કર્યો, Zone_0151, Indore के पास। समय 2026-01-24 21:28:00.",P00813,P00441,LOC0151
DIG001515,2026-08-04 21:16:00,kn,"PERSON_00766 और PERSON_00844 ने ಭೇಟಿಯಾದರು, Zone_0172, Gwalior के पास। समय 2026-08-04 21:16:00.",P00766,P00844,LOC0172
DIG001516,2026-05-11 04:44:00,mr,"PERSON_00770 और PERSON_00327 ने फोन केला, Zone_0129, Nagpur के पास। समय 2026-05-11 04:44:00.",P00770,P00327,LOC0129
DIG001517,2026-07-11 16:43:00,kn,"PERSON_00615 और PERSON_00290 ने ಸಂದೇಶ ಕಳುಹಿಸಿದರು, Zone_0147, Ujjain के पास। समय 2026-07-11 16:43:00.",P00615,P00290,LOC0147
DIG001518,2026-08-23 13:21:00,pa,"PERSON_00364 और PERSON_00097 ने ਮੁਲਾਕਾਤ ਕੀਤੀ, Zone_0067, Indore के पास। समय 2026-08-23 13:21:00.",P00364,P00097,LOC0067
DIG001519,2026-02-10 04:58:00,pa,"PERSON_00132 और PERSON_00755 ने ਫੋਨ ਕੀਤਾ, Zone_0097, Ujjain के पास। समय 2026-02-10 04:58:00.",P00132,P00755,LOC0097
DIG001520,2026-03-05 04:09:00,en,"PERSON_00144 contacted PERSON_00918 near Zone_0051, Bhopal. Record time 2026-03-05 04:09:00.",P00144,P00918,LOC0051
DIG001521,2026-08-20 04:32:00,ta,"PERSON_00906 और PERSON_00306 ने பணம் அனுப்பினார், Zone_0097, Ujjain के पास। समय 2026-08-20 04:32:00.",P00906,P00306,LOC0097
DIG001522,2026-06-06 03:37:00,ml,"PERSON_00290 और PERSON_00306 ने സന്ദേശം അയച്ചു, Zone_0094, Gwalior के पास। समय 2026-06-06 03:37:00.",P00290,P00306,LOC0094
DIG001523,2026-05-21 03:03:00,mr,"PERSON_00027 और PERSON_00374 ने ठिकाण शेअर केले, Zone_0153, Jabalpur के पास। समय 2026-05-21 03:03:00.",P00027,P00374,LOC0153
DIG001524,2026-02-05 12:47:00,kn,"PERSON_00857 और PERSON_00243 ने ಸಂದೇಶ ಕಳುಹಿಸಿದರು, Zone_0015, Gwalior के पास। समय 2026-02-05 12:47:00.",P00857,P00243,LOC0015
DIG001525,2026-02-04 17:04:00,mr,"PERSON_00554 और PERSON_00817 ने संदेश पाठवला, Zone_0085, Gwalior के पास। समय 2026-02-04 17:04:00.",P00554,P00817,LOC0085
DIG001526,2026-06-28 21:13:00,pa,"PERSON_00043 और PERSON_00106 ने ਮੁਲਾਕਾਤ ਕੀਤੀ, Zone_0007, Ujjain के पास। समय 2026-06-28 21:13:00.",P00043,P00106,LOC0007
DIG001527,2026-07-01 11:54:00,bn,"PERSON_00254 और PERSON_00368 ने যোগাযোগ করেছে, Zone_0012, Nagpur के पास। समय 2026-07-01 11:54:00.",P00254,P00368,LOC0012
DIG001528,2026-07-18 11:59:00,ur,"PERSON_00242 और PERSON_00268 ने مقام شیئر کیا, Zone_0143, Nagpur के पास। समय 2026-07-18 11:59:00.",P00242,P00268,LOC0143
DIG001529,2026-05-27 19:12:00,te,"PERSON_00137 और PERSON_00419 ने సందేశం పంపారు, Zone_0030, Nagpur के पास। समय 2026-05-27 19:12:00.",P00137,P00419,LOC0030
DIG001530,2026-07-26 01:42:00,ta,"PERSON_00138 और PERSON_00979 ने இடத்தை பகிர்ந்தார், Zone_0078, Ujjain के पास। समय 2026-07-26 01:42:00.",P00138,P00979,LOC0078
DIG001531,2026-06-11 20:23:00,bn,"PERSON_00720 और PERSON_00166 ने বার্তা পাঠিয়েছে, Zone_0044, Bhopal के पास। समय 2026-06-11 20:23:00.",P00720,P00166,LOC0044
DIG001532,2026-07-16 01:52:00,kn,"PERSON_00755 और PERSON_00125 ने ಸಂದೇಶ ಕಳುಹಿಸಿದರು, Zone_0135, Nagpur के पास। समय 2026-07-16 01:52:00.",P00755,P00125,LOC0135
DIG001533,2026-07-17 08:43:00,gu,"PERSON_00196 और PERSON_00541 ने મળ્યા, Zone_0148, Indore के पास। समय 2026-07-17 08:43:00.",P00196,P00541,LOC0148
DIG001534,2026-02-22 04:38:00,bn,"PERSON_00037 और PERSON_00486 ने যোগাযোগ করেছে, Zone_0172, Gwalior के पास। समय 2026-02-22 04:38:00.",P00037,P00486,LOC0172
DIG001535,2026-07-01 08:54:00,pa,"PERSON_00209 और PERSON_00387 ने ਮਿਲਿਆ, Zone_0033, Jabalpur के पास। समय 2026-07-01 08:54:00.",P00209,P00387,LOC0033
DIG001536,2026-02-19 07:57:00,ur,"PERSON_00831 और PERSON_00003 ने ملاقات کی, Zone_0054, Jabalpur के पास। समय 2026-02-19 07:57:00.",P00831,P00003,LOC0054
DIG001537,2026-08-20 16:55:00,hi,"PERSON_00514 और PERSON_00236 ने संपर्क किया, Zone_0106, Ujjain के पास। समय 2026-08-20 16:55:00.",P00514,P00236,LOC0106
DIG001538,2026-01-26 05:08:00,en,"PERSON_00514 transferred funds to PERSON_00186 near Zone_0114, Bhopal. Record time 2026-01-26 05:08:00.",P00514,P00186,LOC0114
DIG001539,2026-07-29 23:38:00,en,"PERSON_00411 called PERSON_00403 near Zone_0058, Bhopal. Record time 2026-07-29 23:38:00.",P00411,P00403,LOC0058
DIG001540,2026-08-09 11:22:00,ur,"PERSON_00061 और PERSON_00351 ने ملاقات کی, Zone_0031, Bhopal के पास। समय 2026-08-09 11:22:00.",P00061,P00351,LOC0031
DIG001541,2026-01-22 08:57:00,gu,"PERSON_00517 और PERSON_00939 ने નાણાં મોકલ્યાં, Zone_0108, Bhopal के पास। समय 2026-01-22 08:57:00.",P00517,P00939,LOC0108
DIG001542,2026-02-26 15:33:00,te,"PERSON_00749 और PERSON_00095 ने కలిశారు, Zone_0045, Gwalior के पास। समय 2026-02-26 15:33:00.",P00749,P00095,LOC0045
DIG001543,2026-06-09 10:40:00,kn,"PERSON_00760 और PERSON_00156 ने ಕರೆ ಮಾಡಿದರು, Zone_0029, Nagpur के पास। समय 2026-06-09 10:40:00.",P00760,P00156,LOC0029
DIG001544,2026-02-06 03:32:00,ml,"PERSON_00042 और PERSON_00707 ने കണ്ടുമുട്ടി, Zone_0156, Bhopal के पास। समय 2026-02-06 03:32:00.",P00042,P00707,LOC0156
DIG001545,2026-07-05 00:31:00,bn,"PERSON_00235 और PERSON_00355 ने ফোন করেছে, Zone_0127, Bhopal के पास। समय 2026-07-05 00:31:00.",P00235,P00355,LOC0127
DIG001546,2026-02-06 09:07:00,te,"PERSON_00376 और PERSON_00048 ने సందేశం పంపారు, Zone_0144, Nagpur के पास। समय 2026-02-06 09:07:00.",P00376,P00048,LOC0144
DIG001547,2026-08-04 02:51:00,ml,"PERSON_00665 और PERSON_00504 ने ബന്ധപ്പെട്ടു, Zone_0123, Ujjain के पास। समय 2026-08-04 02:51:00.",P00665,P00504,LOC0123
DIG001548,2026-06-07 00:12:00,hi,"PERSON_00336 और PERSON_00411 ने संदेश भेजा, Zone_0001, Gwalior के पास। समय 2026-06-07 00:12:00.",P00336,P00411,LOC0001
DIG001549,2026-04-05 14:57:00,ur,"PERSON_00758 और PERSON_00816 ने پیغام بھیجا, Zone_0154, Ujjain के पास। समय 2026-04-05 14:57:00.",P00758,P00816,LOC0154
DIG001550,2026-01-07 21:26:00,mr,"PERSON_00828 और PERSON_00639 ने पैसे पाठवले, Zone_0071, Indore के पास। समय 2026-01-07 21:26:00.",P00828,P00639,LOC0071
DIG001551,2026-03-16 08:32:00,gu,"PERSON_00954 और PERSON_00847 ने સંપર્ક કર્યો, Zone_0148, Indore के पास। समय 2026-03-16 08:32:00.",P00954,P00847,LOC0148
DIG001552,2026-01-30 12:38:00,pa,"PERSON_00962 और PERSON_00063 ने ਸੰਪਰਕ ਕੀਤਾ, Zone_0053, Nagpur के पास। समय 2026-01-30 12:38:00.",P00962,P00063,LOC0053
DIG001553,2026-04-13 22:19:00,pa,"PERSON_00575 और PERSON_00279 ने ਸੁਨੇਹਾ ਭੇਜਿਆ, Zone_0136, Jabalpur के पास। समय 2026-04-13 22:19:00.",P00575,P00279,LOC0136
DIG001554,2026-03-14 01:20:00,pa,"PERSON_00657 और PERSON_00276 ने ਮਿਲਿਆ, Zone_0044, Bhopal के पास। समय 2026-03-14 01:20:00.",P00657,P00276,LOC0044
DIG001555,2026-04-21 20:04:00,ur,"PERSON_00398 और PERSON_00112 ने مقام شیئر کیا, Zone_0169, Nagpur के पास। समय 2026-04-21 20:04:00.",P00398,P00112,LOC0169
DIG001556,2026-01-04 15:24:00,ml,"PERSON_00901 और PERSON_00712 ने കണ്ടുമുട്ടി, Zone_0116, Bhopal के पास। समय 2026-01-04 15:24:00.",P00901,P00712,LOC0116
DIG001557,2026-05-07 13:13:00,mr,"PERSON_00989 और PERSON_00987 ने संदेश पाठवला, Zone_0112, Ujjain के पास। समय 2026-05-07 13:13:00.",P00989,P00987,LOC0112
DIG001558,2026-03-23 10:02:00,en,"PERSON_00886 used a vehicle PERSON_00073 near Zone_0110, Indore. Record time 2026-03-23 10:02:00.",P00886,P00073,LOC0110
DIG001559,2026-06-25 12:47:00,mr,"PERSON_00556 और PERSON_00568 ने ठिकाण शेअर केले, Zone_0141, Jabalpur के पास। समय 2026-06-25 12:47:00.",P00556,P00568,LOC0141
DIG001560,2026-07-25 22:18:00,te,"PERSON_00532 और PERSON_00151 ने సంప్రదించారు, Zone_0122, Nagpur के पास। समय 2026-07-25 22:18:00.",P00532,P00151,LOC0122
DIG001561,2026-05-25 13:10:00,pa,"PERSON_00576 और PERSON_00394 ने ਮਿਲਿਆ, Zone_0050, Jabalpur के पास। समय 2026-05-25 13:10:00.",P00576,P00394,LOC0050
DIG001562,2026-04-10 15:28:00,hi,"PERSON_00127 और PERSON_00313 ने दौरा किया, Zone_0108, Bhopal के पास। समय 2026-04-10 15:28:00.",P00127,P00313,LOC0108
DIG001563,2026-01-22 22:45:00,hi,"PERSON_00186 और PERSON_00179 ने स्थान साझा किया, Zone_0007, Ujjain के पास। समय 2026-01-22 22:45:00.",P00186,P00179,LOC0007
DIG001564,2026-04-21 06:12:00,bn,"PERSON_00226 और PERSON_00194 ने যোগাযোগ করেছে, Zone_0148, Indore के पास। समय 2026-04-21 06:12:00.",P00226,P00194,LOC0148
DIG001565,2026-03-19 00:09:00,kn,"PERSON_00267 और PERSON_00607 ने ಭೇಟಿ ನೀಡಿದರು, Zone_0044, Bhopal के पास। समय 2026-03-19 00:09:00.",P00267,P00607,LOC0044
DIG001566,2026-06-29 20:52:00,bn,"PERSON_00192 और PERSON_00701 ने যোগাযোগ করেছে, Zone_0034, Jabalpur के पास। समय 2026-06-29 20:52:00.",P00192,P00701,LOC0034
DIG001567,2026-08-20 20:15:00,hi,"PERSON_00688 और PERSON_00164 ने वाहन का उपयोग किया, Zone_0061, Gwalior के पास। समय 2026-08-20 20:15:00.",P00688,P00164,LOC0061
DIG001568,2026-03-08 08:37:00,kn,"PERSON_00647 और PERSON_00641 ने ಕರೆ ಮಾಡಿದರು, Zone_0126, Nagpur के पास। समय 2026-03-08 08:37:00.",P00647,P00641,LOC0126
DIG001569,2026-03-16 21:36:00,bn,"PERSON_00947 और PERSON_00671 ने ফোন করেছে, Zone_0088, Indore के पास। समय 2026-03-16 21:36:00.",P00947,P00671,LOC0088
DIG001570,2026-05-09 17:03:00,gu,"PERSON_00568 और PERSON_00320 ने ફોન કર્યો, Zone_0161, Jabalpur के पास। समय 2026-05-09 17:03:00.",P00568,P00320,LOC0161
DIG001571,2026-05-29 17:27:00,te,"PERSON_00517 और PERSON_00020 ने స్థానం పంచుకున్నారు, Zone_0152, Nagpur के पास। समय 2026-05-29 17:27:00.",P00517,P00020,LOC0152
DIG001572,2026-07-19 05:02:00,ml,"PERSON_00121 और PERSON_00533 ने പണം അയച്ചു, Zone_0075, Gwalior के पास। समय 2026-07-19 05:02:00.",P00121,P00533,LOC0075
DIG001573,2026-07-26 18:03:00,mr,"PERSON_00809 और PERSON_00691 ने पैसे पाठवले, Zone_0080, Indore के पास। समय 2026-07-26 18:03:00.",P00809,P00691,LOC0080
DIG001574,2026-03-06 14:06:00,ml,"PERSON_00110 और PERSON_00558 ने ബന്ധപ്പെട്ടു, Zone_0100, Jabalpur के पास। समय 2026-03-06 14:06:00.",P00110,P00558,LOC0100
DIG001575,2026-03-30 07:17:00,kn,"PERSON_00284 और PERSON_00416 ने ಸ್ಥಳ ಹಂಚಿಕೊಂಡರು, Zone_0126, Nagpur के पास। समय 2026-03-30 07:17:00.",P00284,P00416,LOC0126
DIG001576,2026-08-10 00:14:00,hi,"PERSON_00824 और PERSON_00982 ने फोन किया, Zone_0155, Nagpur के पास। समय 2026-08-10 00:14:00.",P00824,P00982,LOC0155
DIG001577,2026-03-08 09:52:00,ur,"PERSON_00929 और PERSON_00667 ने پیغام بھیجا, Zone_0158, Jabalpur के पास। समय 2026-03-08 09:52:00.",P00929,P00667,LOC0158
DIG001578,2026-05-02 10:05:00,en,"PERSON_00270 used a vehicle PERSON_00906 near Zone_0014, Bhopal. Record time 2026-05-02 10:05:00.",P00270,P00906,LOC0014
DIG001579,2026-06-18 02:47:00,te,"PERSON_00837 और PERSON_00788 ने డబ్బు పంపారు, Zone_0142, Jabalpur के पास। समय 2026-06-18 02:47:00.",P00837,P00788,LOC0142
DIG001580,2026-08-29 03:27:00,ur,"PERSON_00951 और PERSON_00120 ने پیغام بھیجا, Zone_0099, Bhopal के पास। समय 2026-08-29 03:27:00.",P00951,P00120,LOC0099
DIG001581,2026-01-07 08:18:00,ta,"PERSON_00593 और PERSON_00881 ने சென்றார், Zone_0135, Nagpur के पास। समय 2026-01-07 08:18:00.",P00593,P00881,LOC0135
DIG001582,2026-01-11 19:42:00,hi,"PERSON_00993 और PERSON_00980 ने स्थान साझा किया, Zone_0077, Bhopal के पास। समय 2026-01-11 19:42:00.",P00993,P00980,LOC0077
DIG001583,2026-07-24 08:19:00,kn,"PERSON_00378 और PERSON_00005 ने ಸಂದೇಶ ಕಳುಹಿಸಿದರು, Zone_0019, Gwalior के पास। समय 2026-07-24 08:19:00.",P00378,P00005,LOC0019
DIG001584,2026-06-21 11:16:00,ml,"PERSON_00210 और PERSON_00528 ने വിളിച്ചു, Zone_0108, Bhopal के पास। समय 2026-06-21 11:16:00.",P00210,P00528,LOC0108
DIG001585,2026-05-26 20:53:00,bn,"PERSON_00431 और PERSON_00340 ने ফোন করেছে, Zone_0029, Nagpur के पास। समय 2026-05-26 20:53:00.",P00431,P00340,LOC0029
DIG001586,2026-04-07 18:35:00,bn,"PERSON_00593 और PERSON_00693 ने ফোন করেছে, Zone_0102, Ujjain के पास। समय 2026-04-07 18:35:00.",P00593,P00693,LOC0102
DIG001587,2026-02-19 21:51:00,ta,"PERSON_00783 और PERSON_00442 ने தொடர்பு கொண்டார், Zone_0097, Ujjain के पास। समय 2026-02-19 21:51:00.",P00783,P00442,LOC0097
DIG001588,2026-05-31 13:02:00,pa,"PERSON_00465 और PERSON_00493 ने ਸਥਾਨ ਸਾਂਝਾ ਕੀਤਾ, Zone_0097, Ujjain के पास। समय 2026-05-31 13:02:00.",P00465,P00493,LOC0097
DIG001589,2026-04-24 02:44:00,gu,"PERSON_00256 और PERSON_00162 ने સંપર્ક કર્યો, Zone_0046, Bhopal के पास। समय 2026-04-24 02:44:00.",P00256,P00162,LOC0046
DIG001590,2026-06-09 12:29:00,en,"PERSON_00493 met PERSON_00542 near Zone_0133, Indore. Record time 2026-06-09 12:29:00.",P00493,P00542,LOC0133
DIG001591,2026-04-01 13:09:00,mr,"PERSON_00476 और PERSON_00159 ने संपर्क केला, Zone_0108, Bhopal के पास। समय 2026-04-01 13:09:00.",P00476,P00159,LOC0108
DIG001592,2026-01-31 17:28:00,ml,"PERSON_00867 और PERSON_00444 ने വിളിച്ചു, Zone_0117, Gwalior के पास। समय 2026-01-31 17:28:00.",P00867,P00444,LOC0117
DIG001593,2026-03-02 16:54:00,hi,"PERSON_00065 और PERSON_00910 ने धन भेजा, Zone_0140, Jabalpur के पास। समय 2026-03-02 16:54:00.",P00065,P00910,LOC0140
DIG001594,2026-05-24 07:24:00,kn,"PERSON_00016 और PERSON_00319 ने ಸಂಪರ್ಕಿಸಿದರು, Zone_0149, Ujjain के पास। समय 2026-05-24 07:24:00.",P00016,P00319,LOC0149
DIG001595,2026-06-03 22:33:00,en,"PERSON_00423 visited PERSON_00356 near Zone_0159, Nagpur. Record time 2026-06-03 22:33:00.",P00423,P00356,LOC0159
DIG001596,2026-08-08 17:40:00,ur,"PERSON_00835 और PERSON_00282 ने دورہ کیا, Zone_0007, Ujjain के पास। समय 2026-08-08 17:40:00.",P00835,P00282,LOC0007
DIG001597,2026-08-31 15:08:00,te,"PERSON_00071 और PERSON_00344 ने సంప్రదించారు, Zone_0088, Indore के पास। समय 2026-08-31 15:08:00.",P00071,P00344,LOC0088
DIG001598,2026-07-13 03:06:00,ur,"PERSON_00157 और PERSON_00076 ने رقم منتقل کی, Zone_0080, Indore के पास। समय 2026-07-13 03:06:00.",P00157,P00076,LOC0080
DIG001599,2026-04-30 11:36:00,en,"PERSON_00457 called PERSON_00990 near Zone_0144, Nagpur. Record time 2026-04-30 11:36:00.",P00457,P00990,LOC0144
DIG001600,2026-07-16 13:24:00,te,"PERSON_00031 और PERSON_00248 ने స్థానం పంచుకున్నారు, Zone_0158, Jabalpur के पास। समय 2026-07-16 13:24:00.",P00031,P00248,LOC0158
DIG001601,2026-05-12 12:07:00,ta,"PERSON_00624 और PERSON_00092 ने சந்தித்தார், Zone_0003, Indore के पास। समय 2026-05-12 12:07:00.",P00624,P00092,LOC0003
DIG001602,2026-03-13 04:12:00,gu,"PERSON_00147 और PERSON_00363 ने સંદેશ મોકલ્યો, Zone_0137, Nagpur के पास। समय 2026-03-13 04:12:00.",P00147,P00363,LOC0137
DIG001603,2026-05-18 16:48:00,pa,"PERSON_00888 और PERSON_00982 ने ਮਿਲਿਆ, Zone_0148, Indore के पास। समय 2026-05-18 16:48:00.",P00888,P00982,LOC0148
DIG001604,2026-04-10 18:00:00,ml,"PERSON_00899 और PERSON_00385 ने കണ്ടുമുട്ടി, Zone_0073, Jabalpur के पास। समय 2026-04-10 18:00:00.",P00899,P00385,LOC0073
DIG001605,2026-02-24 05:23:00,hi,"PERSON_00050 और PERSON_00108 ने धन भेजा, Zone_0175, Jabalpur के पास। समय 2026-02-24 05:23:00.",P00050,P00108,LOC0175
DIG001606,2026-04-08 20:42:00,kn,"PERSON_00532 और PERSON_00172 ने ಭೇಟಿ ನೀಡಿದರು, Zone_0154, Ujjain के पास। समय 2026-04-08 20:42:00.",P00532,P00172,LOC0154
DIG001607,2026-07-25 11:03:00,ta,"PERSON_00767 और PERSON_00786 ने தொடர்பு கொண்டார், Zone_0039, Gwalior के पास। समय 2026-07-25 11:03:00.",P00767,P00786,LOC0039
DIG001608,2026-07-15 17:19:00,ta,"PERSON_00245 और PERSON_00892 ने சென்றார், Zone_0070, Ujjain के पास। समय 2026-07-15 17:19:00.",P00245,P00892,LOC0070
DIG001609,2026-08-10 07:29:00,ml,"PERSON_00779 और PERSON_00141 ने സന്ദേശം അയച്ചു, Zone_0066, Jabalpur के पास। समय 2026-08-10 07:29:00.",P00779,P00141,LOC0066
DIG001610,2026-07-02 23:37:00,pa,"PERSON_00079 और PERSON_00552 ने ਮਿਲਿਆ, Zone_0080, Indore के पास। समय 2026-07-02 23:37:00.",P00079,P00552,LOC0080
DIG001611,2026-02-05 13:54:00,mr,"PERSON_00169 और PERSON_00555 ने फोन केला, Zone_0034, Jabalpur के पास। समय 2026-02-05 13:54:00.",P00169,P00555,LOC0034
DIG001612,2026-07-07 13:55:00,kn,"PERSON_00570 और PERSON_00602 ने ಹಣ ಕಳುಹಿಸಿದರು, Zone_0136, Jabalpur के पास। समय 2026-07-07 13:55:00.",P00570,P00602,LOC0136
DIG001613,2026-06-04 20:19:00,gu,"PERSON_00603 और PERSON_00076 ने સંપર્ક કર્યો, Zone_0006, Bhopal के पास। समय 2026-06-04 20:19:00.",P00603,P00076,LOC0006
DIG001614,2026-01-04 18:32:00,ml,"PERSON_00528 और PERSON_00735 ने ബന്ധപ്പെട്ടു, Zone_0094, Gwalior के पास। समय 2026-01-04 18:32:00.",P00528,P00735,LOC0094
DIG001615,2026-06-10 02:04:00,pa,"PERSON_00416 और PERSON_00763 ने ਪੈਸੇ ਭੇਜੇ, Zone_0104, Bhopal के पास। समय 2026-06-10 02:04:00.",P00416,P00763,LOC0104
DIG001616,2026-02-23 08:13:00,te,"PERSON_00514 और PERSON_00532 ने ఫోన్ చేశారు, Zone_0003, Indore के पास। समय 2026-02-23 08:13:00.",P00514,P00532,LOC0003
DIG001617,2026-06-27 18:27:00,ur,"PERSON_00673 और PERSON_00229 ने رقم منتقل کی, Zone_0054, Jabalpur के पास। समय 2026-06-27 18:27:00.",P00673,P00229,LOC0054
DIG001618,2026-02-23 19:01:00,te,"PERSON_00524 और PERSON_00654 ने ఫోన్ చేశారు, Zone_0054, Jabalpur के पास। समय 2026-02-23 19:01:00.",P00524,P00654,LOC0054
DIG001619,2026-01-26 15:13:00,ur,"PERSON_00951 और PERSON_00787 ने رقم منتقل کی, Zone_0058, Bhopal के पास। समय 2026-01-26 15:13:00.",P00951,P00787,LOC0058
DIG001620,2026-06-22 15:08:00,en,"PERSON_00675 called PERSON_00303 near Zone_0034, Jabalpur. Record time 2026-06-22 15:08:00.",P00675,P00303,LOC0034
DIG001621,2026-04-20 21:53:00,pa,"PERSON_00906 और PERSON_00962 ने ਮੁਲਾਕਾਤ ਕੀਤੀ, Zone_0054, Jabalpur के पास। समय 2026-04-20 21:53:00.",P00906,P00962,LOC0054
DIG001622,2026-04-11 12:56:00,bn,"PERSON_00653 और PERSON_00532 ने ফোন করেছে, Zone_0074, Ujjain के पास। समय 2026-04-11 12:56:00.",P00653,P00532,LOC0074
DIG001623,2026-01-20 13:36:00,ta,"PERSON_00703 और PERSON_00133 ने அழைத்தார், Zone_0176, Gwalior के पास। समय 2026-01-20 13:36:00.",P00703,P00133,LOC0176
DIG001624,2026-04-16 20:20:00,bn,"PERSON_00127 और PERSON_00750 ने দেখা করেছে, Zone_0032, Jabalpur के पास। समय 2026-04-16 20:20:00.",P00127,P00750,LOC0032
DIG001625,2026-06-27 02:21:00,ur,"PERSON_00557 और PERSON_00472 ने پیغام بھیجا, Zone_0071, Indore के पास। समय 2026-06-27 02:21:00.",P00557,P00472,LOC0071
DIG001626,2026-03-26 22:53:00,kn,"PERSON_00905 और PERSON_00571 ने ಹಣ ಕಳುಹಿಸಿದರು, Zone_0066, Jabalpur के पास। समय 2026-03-26 22:53:00.",P00905,P00571,LOC0066
DIG001627,2026-08-05 19:46:00,ur,"PERSON_00994 और PERSON_00812 ने مقام شیئر کیا, Zone_0077, Bhopal के पास। समय 2026-08-05 19:46:00.",P00994,P00812,LOC0077
DIG001628,2026-06-10 01:04:00,ml,"PERSON_00210 और PERSON_00075 ने കണ്ടുമുട്ടി, Zone_0153, Jabalpur के पास। समय 2026-06-10 01:04:00.",P00210,P00075,LOC0153
DIG001629,2026-06-06 09:18:00,kn,"PERSON_00105 और PERSON_00247 ने ಸಂಪರ್ಕಿಸಿದರು, Zone_0107, Indore के पास। समय 2026-06-06 09:18:00.",P00105,P00247,LOC0107
DIG001630,2026-05-05 00:28:00,hi,"PERSON_00755 और PERSON_00727 ने फोन किया, Zone_0099, Bhopal के पास। समय 2026-05-05 00:28:00.",P00755,P00727,LOC0099
DIG001631,2026-02-21 10:02:00,ml,"PERSON_00069 और PERSON_00889 ने പണം അയച്ചു, Zone_0127, Bhopal के पास। समय 2026-02-21 10:02:00.",P00069,P00889,LOC0127
DIG001632,2026-04-20 23:26:00,te,"PERSON_00379 और PERSON_00355 ने సంప్రదించారు, Zone_0116, Bhopal के पास। समय 2026-04-20 23:26:00.",P00379,P00355,LOC0116
DIG001633,2026-03-26 14:47:00,gu,"PERSON_00516 और PERSON_00169 ने મળ્યા, Zone_0009, Jabalpur के पास। समय 2026-03-26 14:47:00.",P00516,P00169,LOC0009
DIG001634,2026-07-30 12:12:00,hi,"PERSON_00466 और PERSON_00563 ने दौरा किया, Zone_0114, Bhopal के पास। समय 2026-07-30 12:12:00.",P00466,P00563,LOC0114
DIG001635,2026-02-04 18:25:00,gu,"PERSON_00087 और PERSON_00930 ने સંદેશ મોકલ્યો, Zone_0112, Ujjain के पास। समय 2026-02-04 18:25:00.",P00087,P00930,LOC0112
DIG001636,2026-05-24 16:34:00,en,"PERSON_00016 met PERSON_00324 near Zone_0129, Nagpur. Record time 2026-05-24 16:34:00.",P00016,P00324,LOC0129
DIG001637,2026-04-28 00:28:00,bn,"PERSON_00365 और PERSON_00334 ने দেখা করেছে, Zone_0078, Ujjain के पास। समय 2026-04-28 00:28:00.",P00365,P00334,LOC0078
DIG001638,2026-04-21 22:43:00,bn,"PERSON_00327 और PERSON_00089 ने যোগাযোগ করেছে, Zone_0064, Ujjain के पास। समय 2026-04-21 22:43:00.",P00327,P00089,LOC0064
DIG001639,2026-05-29 12:35:00,gu,"PERSON_00014 और PERSON_00213 ने નાણાં મોકલ્યાં, Zone_0102, Ujjain के पास। समय 2026-05-29 12:35:00.",P00014,P00213,LOC0102
DIG001640,2026-05-18 01:35:00,kn,"PERSON_00798 और PERSON_00262 ने ಸಂದೇಶ ಕಳುಹಿಸಿದರು, Zone_0071, Indore के पास। समय 2026-05-18 01:35:00.",P00798,P00262,LOC0071
DIG001641,2026-02-16 08:46:00,mr,"PERSON_00207 और PERSON_00418 ने भेटला, Zone_0076, Indore के पास। समय 2026-02-16 08:46:00.",P00207,P00418,LOC0076
DIG001642,2026-01-14 03:50:00,bn,"PERSON_00324 और PERSON_00177 ने দেখা করেছে, Zone_0124, Bhopal के पास। समय 2026-01-14 03:50:00.",P00324,P00177,LOC0124
DIG001643,2026-01-07 11:43:00,ml,"PERSON_00493 और PERSON_00047 ने ബന്ധപ്പെട്ടു, Zone_0091, Jabalpur के पास। समय 2026-01-07 11:43:00.",P00493,P00047,LOC0091
DIG001644,2026-08-22 21:15:00,ur,"PERSON_00579 और PERSON_00352 ने فون کیا, Zone_0076, Indore के पास। समय 2026-08-22 21:15:00.",P00579,P00352,LOC0076
DIG001645,2026-06-17 07:40:00,kn,"PERSON_00627 और PERSON_00360 ने ಭೇಟಿಯಾದರು, Zone_0144, Nagpur के पास। समय 2026-06-17 07:40:00.",P00627,P00360,LOC0144
DIG001646,2026-06-24 21:49:00,kn,"PERSON_00102 और PERSON_00190 ने ಸಂದೇಶ ಕಳುಹಿಸಿದರು, Zone_0147, Ujjain के पास। समय 2026-06-24 21:49:00.",P00102,P00190,LOC0147
DIG001647,2026-07-01 17:00:00,gu,"PERSON_00596 और PERSON_00370 ने મળ્યા, Zone_0053, Nagpur के पास। समय 2026-07-01 17:00:00.",P00596,P00370,LOC0053
DIG001648,2026-01-02 11:33:00,ta,"PERSON_00100 और PERSON_00130 ने பணம் அனுப்பினார், Zone_0147, Ujjain के पास। समय 2026-01-02 11:33:00.",P00100,P00130,LOC0147
DIG001649,2026-06-12 03:05:00,ta,"PERSON_00865 और PERSON_00404 ने தொடர்பு கொண்டார், Zone_0092, Ujjain के पास। समय 2026-06-12 03:05:00.",P00865,P00404,LOC0092
DIG001650,2026-04-25 22:06:00,ta,"PERSON_00754 और PERSON_00915 ने இடத்தை பகிர்ந்தார், Zone_0121, Nagpur के पास। समय 2026-04-25 22:06:00.",P00754,P00915,LOC0121
DIG001651,2026-03-23 13:06:00,te,"PERSON_00145 और PERSON_00658 ने సంప్రదించారు, Zone_0010, Indore के पास। समय 2026-03-23 13:06:00.",P00145,P00658,LOC0010
DIG001652,2026-05-26 14:42:00,te,"PERSON_00332 और PERSON_00243 ने సందేశం పంపారు, Zone_0089, Jabalpur के पास। समय 2026-05-26 14:42:00.",P00332,P00243,LOC0089
DIG001653,2026-07-22 04:05:00,bn,"PERSON_00023 और PERSON_00203 ने যোগাযোগ করেছে, Zone_0105, Bhopal के पास। समय 2026-07-22 04:05:00.",P00023,P00203,LOC0105
DIG001654,2026-07-15 10:13:00,gu,"PERSON_00779 और PERSON_00905 ने ફોન કર્યો, Zone_0015, Gwalior के पास। समय 2026-07-15 10:13:00.",P00779,P00905,LOC0015
DIG001655,2026-02-13 18:01:00,gu,"PERSON_00918 और PERSON_00169 ने નાણાં મોકલ્યાં, Zone_0093, Jabalpur के पास। समय 2026-02-13 18:01:00.",P00918,P00169,LOC0093
DIG001656,2026-06-17 22:18:00,ta,"PERSON_00426 और PERSON_00855 ने பணம் அனுப்பினார், Zone_0118, Ujjain के पास। समय 2026-06-17 22:18:00.",P00426,P00855,LOC0118
DIG001657,2026-07-27 11:35:00,ur,"PERSON_00581 और PERSON_00052 ने مقام شیئر کیا, Zone_0064, Ujjain के पास। समय 2026-07-27 11:35:00.",P00581,P00052,LOC0064
DIG001658,2026-04-15 05:35:00,bn,"PERSON_00980 और PERSON_00057 ने টাকা পাঠিয়েছে, Zone_0111, Jabalpur के पास। समय 2026-04-15 05:35:00.",P00980,P00057,LOC0111
DIG001659,2026-03-23 16:53:00,mr,"PERSON_00628 और PERSON_00079 ने संपर्क केला, Zone_0081, Gwalior के पास। समय 2026-03-23 16:53:00.",P00628,P00079,LOC0081
DIG001660,2026-06-30 17:07:00,gu,"PERSON_00538 और PERSON_00754 ने ફોન કર્યો, Zone_0070, Ujjain के पास। समय 2026-06-30 17:07:00.",P00538,P00754,LOC0070
DIG001661,2026-04-30 23:27:00,en,"PERSON_00646 shared a location with PERSON_00559 near Zone_0001, Gwalior. Record time 2026-04-30 23:27:00.",P00646,P00559,LOC0001
DIG001662,2026-05-26 01:43:00,pa,"PERSON_00430 और PERSON_00458 ने ਸੰਪਰਕ ਕੀਤਾ, Zone_0117, Gwalior के पास। समय 2026-05-26 01:43:00.",P00430,P00458,LOC0117
DIG001663,2026-02-05 09:54:00,en,"PERSON_00016 visited PERSON_00308 near Zone_0033, Jabalpur. Record time 2026-02-05 09:54:00.",P00016,P00308,LOC0033
DIG001664,2026-02-12 03:17:00,en,"PERSON_00915 sent a message to PERSON_00764 near Zone_0038, Ujjain. Record time 2026-02-12 03:17:00.",P00915,P00764,LOC0038
DIG001665,2026-06-28 19:01:00,gu,"PERSON_00107 और PERSON_00930 ने મળ્યા, Zone_0018, Bhopal के पास। समय 2026-06-28 19:01:00.",P00107,P00930,LOC0018
DIG001666,2026-03-04 06:00:00,ml,"PERSON_00207 और PERSON_00725 ने സ്ഥലം പങ്കിട്ടു, Zone_0062, Ujjain के पास। समय 2026-03-04 06:00:00.",P00207,P00725,LOC0062
DIG001667,2026-06-03 04:34:00,ur,"PERSON_00144 और PERSON_00781 ने ملاقات کی, Zone_0043, Gwalior के पास। समय 2026-06-03 04:34:00.",P00144,P00781,LOC0043
DIG001668,2026-01-21 17:58:00,ur,"PERSON_00872 और PERSON_00176 ने ملاقات کی, Zone_0063, Gwalior के पास। समय 2026-01-21 17:58:00.",P00872,P00176,LOC0063
DIG001669,2026-01-30 07:08:00,kn,"PERSON_00464 और PERSON_00970 ने ಹಣ ಕಳುಹಿಸಿದರು, Zone_0001, Gwalior के पास। समय 2026-01-30 07:08:00.",P00464,P00970,LOC0001
DIG001670,2026-04-25 22:44:00,kn,"PERSON_00895 और PERSON_00892 ने ಕರೆ ಮಾಡಿದರು, Zone_0033, Jabalpur के पास। समय 2026-04-25 22:44:00.",P00895,P00892,LOC0033
DIG001671,2026-02-04 23:55:00,te,"PERSON_00667 और PERSON_00540 ने వెళ్లారు, Zone_0139, Jabalpur के पास। समय 2026-02-04 23:55:00.",P00667,P00540,LOC0139
DIG001672,2026-02-25 15:22:00,ur,"PERSON_00706 और PERSON_00443 ने فون کیا, Zone_0081, Gwalior के पास। समय 2026-02-25 15:22:00.",P00706,P00443,LOC0081
DIG001673,2026-01-18 06:39:00,kn,"PERSON_00695 और PERSON_00601 ने ಸ್ಥಳ ಹಂಚಿಕೊಂಡರು, Zone_0007, Ujjain के पास। समय 2026-01-18 06:39:00.",P00695,P00601,LOC0007
DIG001674,2026-04-19 18:52:00,ta,"PERSON_00546 और PERSON_00425 ने செய்தி அனுப்பினார், Zone_0089, Jabalpur के पास। समय 2026-04-19 18:52:00.",P00546,P00425,LOC0089
DIG001675,2026-05-30 05:34:00,ur,"PERSON_00784 और PERSON_00496 ने ملاقات کی, Zone_0083, Ujjain के पास। समय 2026-05-30 05:34:00.",P00784,P00496,LOC0083
DIG001676,2026-01-16 13:54:00,kn,"PERSON_00238 और PERSON_00801 ने ಭೇಟಿ ನೀಡಿದರು, Zone_0083, Ujjain के पास। समय 2026-01-16 13:54:00.",P00238,P00801,LOC0083
DIG001677,2026-08-18 09:41:00,en,"PERSON_00121 met PERSON_00128 near Zone_0132, Indore. Record time 2026-08-18 09:41:00.",P00121,P00128,LOC0132
DIG001678,2026-03-19 01:51:00,gu,"PERSON_00640 और PERSON_00850 ने સંદેશ મોકલ્યો, Zone_0026, Nagpur के पास। समय 2026-03-19 01:51:00.",P00640,P00850,LOC0026
DIG001679,2026-04-08 20:52:00,te,"PERSON_00340 और PERSON_00980 ने కలిశారు, Zone_0061, Gwalior के पास। समय 2026-04-08 20:52:00.",P00340,P00980,LOC0061
DIG001680,2026-06-24 03:49:00,hi,"PERSON_00925 और PERSON_00735 ने संदेश भेजा, Zone_0056, Jabalpur के पास। समय 2026-06-24 03:49:00.",P00925,P00735,LOC0056
DIG001681,2026-03-24 23:01:00,ta,"PERSON_00194 और PERSON_00033 ने சென்றார், Zone_0135, Nagpur के पास। समय 2026-03-24 23:01:00.",P00194,P00033,LOC0135
DIG001682,2026-04-18 07:29:00,te,"PERSON_00282 और PERSON_00904 ने సందేశం పంపారు, Zone_0019, Gwalior के पास। समय 2026-04-18 07:29:00.",P00282,P00904,LOC0019
DIG001683,2026-01-27 00:47:00,en,"PERSON_00352 visited PERSON_00786 near Zone_0034, Jabalpur. Record time 2026-01-27 00:47:00.",P00352,P00786,LOC0034
DIG001684,2026-08-16 13:15:00,kn,"PERSON_00838 और PERSON_00033 ने ಹಣ ಕಳುಹಿಸಿದರು, Zone_0039, Gwalior के पास। समय 2026-08-16 13:15:00.",P00838,P00033,LOC0039
DIG001685,2026-05-24 12:52:00,ml,"PERSON_00857 और PERSON_00434 ने പണം അയച്ചു, Zone_0026, Nagpur के पास। समय 2026-05-24 12:52:00.",P00857,P00434,LOC0026
DIG001686,2026-01-03 22:38:00,bn,"PERSON_00416 और PERSON_00765 ने যোগাযোগ করেছে, Zone_0006, Bhopal के पास। समय 2026-01-03 22:38:00.",P00416,P00765,LOC0006
DIG001687,2026-06-21 00:22:00,te,"PERSON_00961 और PERSON_00709 ने డబ్బు పంపారు, Zone_0057, Ujjain के पास। समय 2026-06-21 00:22:00.",P00961,P00709,LOC0057
DIG001688,2026-03-31 11:24:00,ml,"PERSON_00998 और PERSON_00908 ने ബന്ധപ്പെട്ടു, Zone_0111, Jabalpur के पास। समय 2026-03-31 11:24:00.",P00998,P00908,LOC0111
DIG001689,2026-01-11 19:37:00,ur,"PERSON_00301 और PERSON_00448 ने فون کیا, Zone_0109, Bhopal के पास। समय 2026-01-11 19:37:00.",P00301,P00448,LOC0109
DIG001690,2026-02-17 07:02:00,kn,"PERSON_00838 और PERSON_00926 ने ಭೇಟಿಯಾದರು, Zone_0107, Indore के पास। समय 2026-02-17 07:02:00.",P00838,P00926,LOC0107
DIG001691,2026-07-21 00:43:00,hi,"PERSON_00388 और PERSON_00720 ने धन भेजा, Zone_0077, Bhopal के पास। समय 2026-07-21 00:43:00.",P00388,P00720,LOC0077
DIG001692,2026-03-13 01:16:00,bn,"PERSON_00310 और PERSON_00968 ने ফোন করেছে, Zone_0044, Bhopal के पास। समय 2026-03-13 01:16:00.",P00310,P00968,LOC0044
DIG001693,2026-07-07 17:14:00,mr,"PERSON_00526 और PERSON_00070 ने ठिकाण शेअर केले, Zone_0135, Nagpur के पास। समय 2026-07-07 17:14:00.",P00526,P00070,LOC0135
DIG001694,2026-03-04 07:13:00,gu,"PERSON_00271 और PERSON_00646 ने નાણાં મોકલ્યાં, Zone_0087, Ujjain के पास। समय 2026-03-04 07:13:00.",P00271,P00646,LOC0087
DIG001695,2026-08-31 14:36:00,hi,"PERSON_00318 और PERSON_00335 ने वाहन का उपयोग किया, Zone_0060, Ujjain के पास। समय 2026-08-31 14:36:00.",P00318,P00335,LOC0060
DIG001696,2026-08-22 12:48:00,mr,"PERSON_00481 और PERSON_00534 ने फोन केला, Zone_0008, Nagpur के पास। समय 2026-08-22 12:48:00.",P00481,P00534,LOC0008
DIG001697,2026-03-29 00:33:00,ta,"PERSON_00258 और PERSON_00738 ने செய்தி அனுப்பினார், Zone_0022, Gwalior के पास। समय 2026-03-29 00:33:00.",P00258,P00738,LOC0022
DIG001698,2026-03-30 23:29:00,kn,"PERSON_00476 और PERSON_00007 ने ಕರೆ ಮಾಡಿದರು, Zone_0110, Indore के पास। समय 2026-03-30 23:29:00.",P00476,P00007,LOC0110
DIG001699,2026-06-27 21:58:00,kn,"PERSON_00139 और PERSON_00976 ने ಸಂದೇಶ ಕಳುಹಿಸಿದರು, Zone_0010, Indore के पास। समय 2026-06-27 21:58:00.",P00139,P00976,LOC0010
DIG001700,2026-04-14 23:40:00,ml,"PERSON_00048 और PERSON_00552 ने പണം അയച്ചു, Zone_0024, Jabalpur के पास। समय 2026-04-14 23:40:00.",P00048,P00552,LOC0024
DIG001701,2026-05-21 11:49:00,hi,"PERSON_00588 और PERSON_00616 ने स्थान साझा किया, Zone_0096, Indore के पास। समय 2026-05-21 11:49:00.",P00588,P00616,LOC0096
DIG001702,2026-06-14 00:16:00,ta,"PERSON_00406 और PERSON_00290 ने அழைத்தார், Zone_0135, Nagpur के पास। समय 2026-06-14 00:16:00.",P00406,P00290,LOC0135
DIG001703,2026-07-13 10:45:00,te,"PERSON_00300 और PERSON_00432 ने సంప్రదించారు, Zone_0008, Nagpur के पास। समय 2026-07-13 10:45:00.",P00300,P00432,LOC0008
DIG001704,2026-04-03 14:50:00,pa,"PERSON_00191 और PERSON_00891 ने ਮਿਲਿਆ, Zone_0121, Nagpur के पास। समय 2026-04-03 14:50:00.",P00191,P00891,LOC0121
DIG001705,2026-04-03 03:10:00,hi,"PERSON_00339 और PERSON_00438 ने स्थान साझा किया, Zone_0109, Bhopal के पास। समय 2026-04-03 03:10:00.",P00339,P00438,LOC0109
DIG001706,2026-05-23 08:24:00,kn,"PERSON_00644 और PERSON_00004 ने ಸಂದೇಶ ಕಳುಹಿಸಿದರು, Zone_0088, Indore के पास। समय 2026-05-23 08:24:00.",P00644,P00004,LOC0088
DIG001707,2026-04-20 09:54:00,gu,"PERSON_00618 और PERSON_00272 ने ફોન કર્યો, Zone_0013, Gwalior के पास। समय 2026-04-20 09:54:00.",P00618,P00272,LOC0013
DIG001708,2026-02-19 04:11:00,ur,"PERSON_00500 और PERSON_00310 ने رابطہ کیا, Zone_0126, Nagpur के पास। समय 2026-02-19 04:11:00.",P00500,P00310,LOC0126
DIG001709,2026-05-08 07:47:00,mr,"PERSON_00912 और PERSON_00524 ने संदेश पाठवला, Zone_0155, Nagpur के पास। समय 2026-05-08 07:47:00.",P00912,P00524,LOC0155
DIG001710,2026-04-24 16:31:00,hi,"PERSON_00379 और PERSON_00107 ने वाहन का उपयोग किया, Zone_0094, Gwalior के पास। समय 2026-04-24 16:31:00.",P00379,P00107,LOC0094
DIG001711,2026-04-21 00:18:00,gu,"PERSON_00055 और PERSON_00870 ने ફોન કર્યો, Zone_0140, Jabalpur के पास। समय 2026-04-21 00:18:00.",P00055,P00870,LOC0140
DIG001712,2026-06-21 20:28:00,ta,"PERSON_00030 और PERSON_00606 ने சென்றார், Zone_0015, Gwalior के पास। समय 2026-06-21 20:28:00.",P00030,P00606,LOC0015
DIG001713,2026-07-23 09:17:00,bn,"PERSON_00513 और PERSON_00722 ने যোগাযোগ করেছে, Zone_0083, Ujjain के पास। समय 2026-07-23 09:17:00.",P00513,P00722,LOC0083
DIG001714,2026-05-26 22:58:00,ml,"PERSON_00246 और PERSON_00439 ने സ്ഥലം പങ്കിട്ടു, Zone_0164, Bhopal के पास। समय 2026-05-26 22:58:00.",P00246,P00439,LOC0164
DIG001715,2026-03-18 13:02:00,te,"PERSON_00321 और PERSON_00060 ने వెళ్లారు, Zone_0084, Gwalior के पास। समय 2026-03-18 13:02:00.",P00321,P00060,LOC0084
DIG001716,2026-07-29 12:13:00,hi,"PERSON_00734 और PERSON_00807 ने स्थान साझा किया, Zone_0085, Gwalior के पास। समय 2026-07-29 12:13:00.",P00734,P00807,LOC0085
DIG001717,2026-03-07 08:22:00,en,"PERSON_00870 sent a message to PERSON_00700 near Zone_0003, Indore. Record time 2026-03-07 08:22:00.",P00870,P00700,LOC0003
DIG001718,2026-08-17 18:14:00,en,"PERSON_00305 sent a message to PERSON_00906 near Zone_0050, Jabalpur. Record time 2026-08-17 18:14:00.",P00305,P00906,LOC0050
DIG001719,2026-04-17 21:02:00,hi,"PERSON_00499 और PERSON_00602 ने फोन किया, Zone_0034, Jabalpur के पास। समय 2026-04-17 21:02:00.",P00499,P00602,LOC0034
DIG001720,2026-02-20 19:42:00,pa,"PERSON_00395 और PERSON_00147 ने ਪੈਸੇ ਭੇਜੇ, Zone_0118, Ujjain के पास। समय 2026-02-20 19:42:00.",P00395,P00147,LOC0118
DIG001721,2026-01-19 20:56:00,kn,"PERSON_00546 और PERSON_00538 ने ಸಂದೇಶ ಕಳುಹಿಸಿದರು, Zone_0098, Nagpur के पास। समय 2026-01-19 20:56:00.",P00546,P00538,LOC0098
DIG001722,2026-02-20 18:11:00,gu,"PERSON_00216 और PERSON_00341 ने નાણાં મોકલ્યાં, Zone_0081, Gwalior के पास। समय 2026-02-20 18:11:00.",P00216,P00341,LOC0081
DIG001723,2026-01-20 02:26:00,pa,"PERSON_00677 और PERSON_00978 ने ਮਿਲਿਆ, Zone_0065, Jabalpur के पास। समय 2026-01-20 02:26:00.",P00677,P00978,LOC0065
DIG001724,2026-01-17 12:41:00,hi,"PERSON_00890 और PERSON_00563 ने स्थान साझा किया, Zone_0066, Jabalpur के पास। समय 2026-01-17 12:41:00.",P00890,P00563,LOC0066
DIG001725,2026-05-18 22:18:00,bn,"PERSON_00233 और PERSON_00571 ने পরিদর্শন করেছে, Zone_0109, Bhopal के पास। समय 2026-05-18 22:18:00.",P00233,P00571,LOC0109
DIG001726,2026-07-26 16:23:00,ta,"PERSON_00418 और PERSON_00712 ने பணம் அனுப்பினார், Zone_0151, Indore के पास। समय 2026-07-26 16:23:00.",P00418,P00712,LOC0151
DIG001727,2026-07-13 03:26:00,ml,"PERSON_00196 और PERSON_00123 ने പണം അയച്ചു, Zone_0170, Ujjain के पास। समय 2026-07-13 03:26:00.",P00196,P00123,LOC0170
DIG001728,2026-06-11 13:28:00,mr,"PERSON_00919 और PERSON_00673 ने पैसे पाठवले, Zone_0025, Jabalpur के पास। समय 2026-06-11 13:28:00.",P00919,P00673,LOC0025
DIG001729,2026-03-25 13:24:00,ur,"PERSON_00982 और PERSON_00950 ने مقام شیئر کیا, Zone_0058, Bhopal के पास। समय 2026-03-25 13:24:00.",P00982,P00950,LOC0058
DIG001730,2026-03-03 17:14:00,ml,"PERSON_00632 और PERSON_00372 ने സ്ഥലം പങ്കിട്ടു, Zone_0096, Indore के पास। समय 2026-03-03 17:14:00.",P00632,P00372,LOC0096
DIG001731,2026-06-10 03:01:00,ta,"PERSON_00863 और PERSON_00056 ने தொடர்பு கொண்டார், Zone_0133, Indore के पास। समय 2026-06-10 03:01:00.",P00863,P00056,LOC0133
DIG001732,2026-02-26 23:59:00,kn,"PERSON_00039 और PERSON_00889 ने ಸಂಪರ್ಕಿಸಿದರು, Zone_0066, Jabalpur के पास। समय 2026-02-26 23:59:00.",P00039,P00889,LOC0066
DIG001733,2026-04-12 06:17:00,te,"PERSON_00629 और PERSON_00999 ने సంప్రదించారు, Zone_0062, Ujjain के पास। समय 2026-04-12 06:17:00.",P00629,P00999,LOC0062
DIG001734,2026-06-21 05:38:00,ur,"PERSON_00673 और PERSON_00991 ने رابطہ کیا, Zone_0153, Jabalpur के पास। समय 2026-06-21 05:38:00.",P00673,P00991,LOC0153
DIG001735,2026-08-04 11:58:00,pa,"PERSON_00859 और PERSON_00165 ने ਮੁਲਾਕਾਤ ਕੀਤੀ, Zone_0023, Jabalpur के पास। समय 2026-08-04 11:58:00.",P00859,P00165,LOC0023
DIG001736,2026-01-20 05:10:00,ta,"PERSON_00989 और PERSON_00647 ने தொடர்பு கொண்டார், Zone_0129, Nagpur के पास। समय 2026-01-20 05:10:00.",P00989,P00647,LOC0129
DIG001737,2026-04-27 12:57:00,ta,"PERSON_00646 और PERSON_00900 ने பணம் அனுப்பினார், Zone_0157, Nagpur के पास। समय 2026-04-27 12:57:00.",P00646,P00900,LOC0157
DIG001738,2026-05-22 12:59:00,hi,"PERSON_00929 और PERSON_00495 ने दौरा किया, Zone_0013, Gwalior के पास। समय 2026-05-22 12:59:00.",P00929,P00495,LOC0013
DIG001739,2026-06-27 06:44:00,ta,"PERSON_00290 और PERSON_00992 ने தொடர்பு கொண்டார், Zone_0180, Indore के पास। समय 2026-06-27 06:44:00.",P00290,P00992,LOC0180
DIG001740,2026-05-20 08:06:00,pa,"PERSON_00628 और PERSON_00819 ने ਫੋਨ ਕੀਤਾ, Zone_0015, Gwalior के पास। समय 2026-05-20 08:06:00.",P00628,P00819,LOC0015
DIG001741,2026-02-05 14:00:00,kn,"PERSON_00831 और PERSON_00020 ने ಭೇಟಿ ನೀಡಿದರು, Zone_0045, Gwalior के पास। समय 2026-02-05 14:00:00.",P00831,P00020,LOC0045
DIG001742,2026-08-05 09:32:00,ur,"PERSON_00672 और PERSON_00769 ने دورہ کیا, Zone_0170, Ujjain के पास। समय 2026-08-05 09:32:00.",P00672,P00769,LOC0170
DIG001743,2026-04-19 02:47:00,ta,"PERSON_00362 और PERSON_00354 ने செய்தி அனுப்பினார், Zone_0168, Nagpur के पास। समय 2026-04-19 02:47:00.",P00362,P00354,LOC0168
DIG001744,2026-08-28 21:48:00,bn,"PERSON_00572 और PERSON_00123 ने যোগাযোগ করেছে, Zone_0072, Indore के पास। समय 2026-08-28 21:48:00.",P00572,P00123,LOC0072
DIG001745,2026-03-19 23:36:00,ur,"PERSON_00320 और PERSON_00684 ने رابطہ کیا, Zone_0150, Ujjain के पास। समय 2026-03-19 23:36:00.",P00320,P00684,LOC0150
DIG001746,2026-02-01 11:06:00,kn,"PERSON_00574 और PERSON_00853 ने ಭೇಟಿಯಾದರು, Zone_0092, Ujjain के पास। समय 2026-02-01 11:06:00.",P00574,P00853,LOC0092
DIG001747,2026-07-14 23:34:00,kn,"PERSON_00725 और PERSON_00414 ने ಭೇಟಿ ನೀಡಿದರು, Zone_0026, Nagpur के पास। समय 2026-07-14 23:34:00.",P00725,P00414,LOC0026
DIG001748,2026-07-18 08:59:00,kn,"PERSON_00664 और PERSON_00954 ने ಭೇಟಿಯಾದರು, Zone_0050, Jabalpur के पास। समय 2026-07-18 08:59:00.",P00664,P00954,LOC0050
DIG001749,2026-03-08 08:46:00,hi,"PERSON_00888 और PERSON_00113 ने मिला, Zone_0048, Indore के पास। समय 2026-03-08 08:46:00.",P00888,P00113,LOC0048
DIG001750,2026-01-02 03:15:00,hi,"PERSON_00716 और PERSON_00448 ने स्थान साझा किया, Zone_0170, Ujjain के पास। समय 2026-01-02 03:15:00.",P00716,P00448,LOC0170
DIG001751,2026-04-02 20:56:00,ml,"PERSON_00008 और PERSON_00249 ने ബന്ധപ്പെട്ടു, Zone_0081, Gwalior के पास। समय 2026-04-02 20:56:00.",P00008,P00249,LOC0081
DIG001752,2026-05-02 18:02:00,ur,"PERSON_00482 और PERSON_00463 ने فون کیا, Zone_0048, Indore के पास। समय 2026-05-02 18:02:00.",P00482,P00463,LOC0048
DIG001753,2026-08-19 20:01:00,gu,"PERSON_00921 और PERSON_00709 ने ફોન કર્યો, Zone_0002, Ujjain के पास। समय 2026-08-19 20:01:00.",P00921,P00709,LOC0002
DIG001754,2026-07-16 05:10:00,bn,"PERSON_00766 और PERSON_00752 ने বার্তা পাঠিয়েছে, Zone_0127, Bhopal के पास। समय 2026-07-16 05:10:00.",P00766,P00752,LOC0127
DIG001755,2026-06-01 20:11:00,mr,"PERSON_00277 और PERSON_00373 ने संदेश पाठवला, Zone_0038, Ujjain के पास। समय 2026-06-01 20:11:00.",P00277,P00373,LOC0038
DIG001756,2026-02-10 12:35:00,kn,"PERSON_00711 और PERSON_00143 ने ಭೇಟಿಯಾದರು, Zone_0034, Jabalpur के पास। समय 2026-02-10 12:35:00.",P00711,P00143,LOC0034
DIG001757,2026-06-15 06:11:00,pa,"PERSON_00940 और PERSON_00051 ने ਮਿਲਿਆ, Zone_0118, Ujjain के पास। समय 2026-06-15 06:11:00.",P00940,P00051,LOC0118
DIG001758,2026-02-12 22:12:00,pa,"PERSON_00430 और PERSON_00970 ने ਸੁਨੇਹਾ ਭੇਜਿਆ, Zone_0132, Indore के पास। समय 2026-02-12 22:12:00.",P00430,P00970,LOC0132
DIG001759,2026-07-19 08:11:00,hi,"PERSON_00641 और PERSON_00065 ने फोन किया, Zone_0023, Jabalpur के पास। समय 2026-07-19 08:11:00.",P00641,P00065,LOC0023
DIG001760,2026-08-08 12:51:00,ur,"PERSON_00724 और PERSON_00685 ने مقام شیئر کیا, Zone_0163, Nagpur के पास। समय 2026-08-08 12:51:00.",P00724,P00685,LOC0163
DIG001761,2026-02-08 12:38:00,ur,"PERSON_00027 और PERSON_00929 ने پیغام بھیجا, Zone_0166, Bhopal के पास। समय 2026-02-08 12:38:00.",P00027,P00929,LOC0166
DIG001762,2026-07-15 08:32:00,bn,"PERSON_00306 और PERSON_00107 ने দেখা করেছে, Zone_0176, Gwalior के पास। समय 2026-07-15 08:32:00.",P00306,P00107,LOC0176
DIG001763,2026-07-16 15:14:00,ur,"PERSON_00148 और PERSON_00758 ने پیغام بھیجا, Zone_0069, Jabalpur के पास। समय 2026-07-16 15:14:00.",P00148,P00758,LOC0069
DIG001764,2026-06-02 10:35:00,te,"PERSON_00961 और PERSON_00339 ने సంప్రదించారు, Zone_0027, Gwalior के पास। समय 2026-06-02 10:35:00.",P00961,P00339,LOC0027
DIG001765,2026-04-21 18:30:00,kn,"PERSON_00892 और PERSON_00011 ने ಭೇಟಿ ನೀಡಿದರು, Zone_0155, Nagpur के पास। समय 2026-04-21 18:30:00.",P00892,P00011,LOC0155
DIG001766,2026-03-18 07:08:00,en,"PERSON_00603 sent a message to PERSON_00385 near Zone_0162, Nagpur. Record time 2026-03-18 07:08:00.",P00603,P00385,LOC0162
DIG001767,2026-06-06 13:37:00,te,"PERSON_00652 और PERSON_00395 ने ఫోన్ చేశారు, Zone_0067, Indore के पास। समय 2026-06-06 13:37:00.",P00652,P00395,LOC0067
DIG001768,2026-08-13 21:55:00,gu,"PERSON_00789 और PERSON_00172 ने સ્થાન શેર કર્યું, Zone_0023, Jabalpur के पास। समय 2026-08-13 21:55:00.",P00789,P00172,LOC0023
DIG001769,2026-06-17 04:47:00,te,"PERSON_00773 और PERSON_00883 ने స్థానం పంచుకున్నారు, Zone_0062, Ujjain के पास। समय 2026-06-17 04:47:00.",P00773,P00883,LOC0062
DIG001770,2026-08-05 06:13:00,ur,"PERSON_00635 और PERSON_00656 ने فون کیا, Zone_0075, Gwalior के पास। समय 2026-08-05 06:13:00.",P00635,P00656,LOC0075
DIG001771,2026-01-02 00:57:00,ml,"PERSON_00233 और PERSON_00681 ने സന്ദർശിച്ചു, Zone_0177, Gwalior के पास। समय 2026-01-02 00:57:00.",P00233,P00681,LOC0177
DIG001772,2026-04-02 19:36:00,te,"PERSON_00802 और PERSON_00144 ने డబ్బు పంపారు, Zone_0105, Bhopal के पास। समय 2026-04-02 19:36:00.",P00802,P00144,LOC0105
DIG001773,2026-08-25 04:07:00,mr,"PERSON_00893 और PERSON_00093 ने ठिकाण शेअर केले, Zone_0180, Indore के पास। समय 2026-08-25 04:07:00.",P00893,P00093,LOC0180
DIG001774,2026-03-28 01:59:00,hi,"PERSON_00521 और PERSON_00098 ने वाहन का उपयोग किया, Zone_0098, Nagpur के पास। समय 2026-03-28 01:59:00.",P00521,P00098,LOC0098
DIG001775,2026-07-16 18:07:00,ta,"PERSON_00285 और PERSON_00465 ने இடத்தை பகிர்ந்தார், Zone_0149, Ujjain के पास। समय 2026-07-16 18:07:00.",P00285,P00465,LOC0149
DIG001776,2026-06-17 19:39:00,te,"PERSON_00870 और PERSON_00522 ने స్థానం పంచుకున్నారు, Zone_0127, Bhopal के पास। समय 2026-06-17 19:39:00.",P00870,P00522,LOC0127
DIG001777,2026-03-07 01:45:00,en,"PERSON_00856 met PERSON_00329 near Zone_0180, Indore. Record time 2026-03-07 01:45:00.",P00856,P00329,LOC0180
DIG001778,2026-07-12 13:36:00,kn,"PERSON_00065 और PERSON_00337 ने ಸಂದೇಶ ಕಳುಹಿಸಿದರು, Zone_0018, Bhopal के पास। समय 2026-07-12 13:36:00.",P00065,P00337,LOC0018
DIG001779,2026-06-04 12:02:00,mr,"PERSON_00353 और PERSON_00369 ने भेट दिली, Zone_0033, Jabalpur के पास। समय 2026-06-04 12:02:00.",P00353,P00369,LOC0033
DIG001780,2026-01-22 00:34:00,hi,"PERSON_00519 और PERSON_00031 ने मिला, Zone_0131, Gwalior के पास। समय 2026-01-22 00:34:00.",P00519,P00031,LOC0131
DIG001781,2026-08-29 20:28:00,kn,"PERSON_00411 और PERSON_00162 ने ಸಂದೇಶ ಕಳುಹಿಸಿದರು, Zone_0031, Bhopal के पास। समय 2026-08-29 20:28:00.",P00411,P00162,LOC0031
DIG001782,2026-06-21 09:52:00,hi,"PERSON_00679 और PERSON_00908 ने मिला, Zone_0112, Ujjain के पास। समय 2026-06-21 09:52:00.",P00679,P00908,LOC0112
DIG001783,2026-02-15 22:52:00,kn,"PERSON_00246 और PERSON_00306 ने ಭೇಟಿ ನೀಡಿದರು, Zone_0179, Gwalior के पास। समय 2026-02-15 22:52:00.",P00246,P00306,LOC0179
DIG001784,2026-07-06 08:31:00,bn,"PERSON_00681 और PERSON_00092 ने বার্তা পাঠিয়েছে, Zone_0095, Indore के पास। समय 2026-07-06 08:31:00.",P00681,P00092,LOC0095
DIG001785,2026-03-23 09:09:00,kn,"PERSON_00321 और PERSON_00176 ने ಭೇಟಿಯಾದರು, Zone_0114, Bhopal के पास। समय 2026-03-23 09:09:00.",P00321,P00176,LOC0114
DIG001786,2026-03-01 05:08:00,en,"PERSON_00759 shared a location with PERSON_00255 near Zone_0052, Nagpur. Record time 2026-03-01 05:08:00.",P00759,P00255,LOC0052
DIG001787,2026-01-28 15:42:00,ur,"PERSON_00462 और PERSON_00179 ने پیغام بھیجا, Zone_0080, Indore के पास। समय 2026-01-28 15:42:00.",P00462,P00179,LOC0080
DIG001788,2026-06-14 00:45:00,te,"PERSON_00667 और PERSON_00114 ने స్థానం పంచుకున్నారు, Zone_0029, Nagpur के पास। समय 2026-06-14 00:45:00.",P00667,P00114,LOC0029
DIG001789,2026-07-31 00:48:00,bn,"PERSON_00959 और PERSON_00810 ने দেখা করেছে, Zone_0166, Bhopal के पास। समय 2026-07-31 00:48:00.",P00959,P00810,LOC0166
DIG001790,2026-06-22 16:21:00,mr,"PERSON_00844 और PERSON_00082 ने संदेश पाठवला, Zone_0059, Indore के पास। समय 2026-06-22 16:21:00.",P00844,P00082,LOC0059
DIG001791,2026-06-28 16:34:00,bn,"PERSON_00507 और PERSON_00381 ने ফোন করেছে, Zone_0101, Jabalpur के पास। समय 2026-06-28 16:34:00.",P00507,P00381,LOC0101
DIG001792,2026-04-09 01:22:00,ur,"PERSON_00643 और PERSON_00164 ने ملاقات کی, Zone_0027, Gwalior के पास। समय 2026-04-09 01:22:00.",P00643,P00164,LOC0027
DIG001793,2026-05-05 15:30:00,ml,"PERSON_00359 और PERSON_00224 ने സ്ഥലം പങ്കിട്ടു, Zone_0101, Jabalpur के पास। समय 2026-05-05 15:30:00.",P00359,P00224,LOC0101
DIG001794,2026-05-29 01:15:00,gu,"PERSON_00839 और PERSON_00629 ने સંદેશ મોકલ્યો, Zone_0008, Nagpur के पास। समय 2026-05-29 01:15:00.",P00839,P00629,LOC0008
DIG001795,2026-03-05 02:38:00,bn,"PERSON_00612 और PERSON_00397 ने টাকা পাঠিয়েছে, Zone_0111, Jabalpur के पास। समय 2026-03-05 02:38:00.",P00612,P00397,LOC0111
DIG001796,2026-08-27 04:30:00,te,"PERSON_00237 और PERSON_00468 ने వెళ్లారు, Zone_0140, Jabalpur के पास। समय 2026-08-27 04:30:00.",P00237,P00468,LOC0140
DIG001797,2026-05-10 12:22:00,mr,"PERSON_00189 और PERSON_00640 ने संपर्क केला, Zone_0088, Indore के पास। समय 2026-05-10 12:22:00.",P00189,P00640,LOC0088
DIG001798,2026-05-26 03:30:00,mr,"PERSON_00744 और PERSON_00074 ने फोन केला, Zone_0132, Indore के पास। समय 2026-05-26 03:30:00.",P00744,P00074,LOC0132
DIG001799,2026-02-03 18:44:00,ur,"PERSON_00278 और PERSON_00541 ने دورہ کیا, Zone_0027, Gwalior के पास। समय 2026-02-03 18:44:00.",P00278,P00541,LOC0027
DIG001800,2026-04-07 14:31:00,kn,"PERSON_00088 और PERSON_00248 ने ಭೇಟಿ ನೀಡಿದರು, Zone_0142, Jabalpur के पास। समय 2026-04-07 14:31:00.",P00088,P00248,LOC0142
DIG001801,2026-06-12 05:14:00,ur,"PERSON_00731 और PERSON_00573 ने دورہ کیا, Zone_0094, Gwalior के पास। समय 2026-06-12 05:14:00.",P00731,P00573,LOC0094
DIG001802,2026-05-17 18:06:00,mr,"PERSON_00532 और PERSON_00888 ने ठिकाण शेअर केले, Zone_0180, Indore के पास। समय 2026-05-17 18:06:00.",P00532,P00888,LOC0180
DIG001803,2026-08-25 20:13:00,pa,"PERSON_00596 और PERSON_00234 ने ਪੈਸੇ ਭੇਜੇ, Zone_0068, Bhopal के पास। समय 2026-08-25 20:13:00.",P00596,P00234,LOC0068
DIG001804,2026-01-05 00:11:00,ur,"PERSON_00738 और PERSON_00449 ने فون کیا, Zone_0065, Jabalpur के पास। समय 2026-01-05 00:11:00.",P00738,P00449,LOC0065
DIG001805,2026-03-28 20:00:00,hi,"PERSON_00902 और PERSON_00176 ने दौरा किया, Zone_0120, Ujjain के पास। समय 2026-03-28 20:00:00.",P00902,P00176,LOC0120
DIG001806,2026-01-14 03:42:00,en,"PERSON_00637 contacted PERSON_00562 near Zone_0090, Gwalior. Record time 2026-01-14 03:42:00.",P00637,P00562,LOC0090
DIG001807,2026-01-25 17:44:00,te,"PERSON_00663 और PERSON_00116 ने డబ్బు పంపారు, Zone_0058, Bhopal के पास। समय 2026-01-25 17:44:00.",P00663,P00116,LOC0058
DIG001808,2026-05-03 14:45:00,gu,"PERSON_00529 और PERSON_00442 ने સંપર્ક કર્યો, Zone_0119, Indore के पास। समय 2026-05-03 14:45:00.",P00529,P00442,LOC0119
DIG001809,2026-01-20 23:26:00,en,"PERSON_00522 called PERSON_00102 near Zone_0154, Ujjain. Record time 2026-01-20 23:26:00.",P00522,P00102,LOC0154
DIG001810,2026-01-05 09:34:00,kn,"PERSON_00666 और PERSON_00894 ने ಸಂದೇಶ ಕಳುಹಿಸಿದರು, Zone_0118, Ujjain के पास। समय 2026-01-05 09:34:00.",P00666,P00894,LOC0118
DIG001811,2026-04-10 15:40:00,kn,"PERSON_00047 और PERSON_00947 ने ಸಂದೇಶ ಕಳುಹಿಸಿದರು, Zone_0098, Nagpur के पास। समय 2026-04-10 15:40:00.",P00047,P00947,LOC0098
DIG001812,2026-08-01 19:36:00,ur,"PERSON_00988 और PERSON_00717 ने ملاقات کی, Zone_0099, Bhopal के पास। समय 2026-08-01 19:36:00.",P00988,P00717,LOC0099
DIG001813,2026-08-09 15:37:00,bn,"PERSON_00413 और PERSON_00081 ने ফোন করেছে, Zone_0174, Gwalior के पास। समय 2026-08-09 15:37:00.",P00413,P00081,LOC0174
DIG001814,2026-05-15 16:15:00,kn,"PERSON_00907 और PERSON_00284 ने ಭೇಟಿಯಾದರು, Zone_0100, Jabalpur के पास। समय 2026-05-15 16:15:00.",P00907,P00284,LOC0100
DIG001815,2026-08-30 04:04:00,ta,"PERSON_00312 और PERSON_00983 ने சென்றார், Zone_0122, Nagpur के पास। समय 2026-08-30 04:04:00.",P00312,P00983,LOC0122
DIG001816,2026-02-17 17:30:00,ml,"PERSON_00703 और PERSON_00748 ने പണം അയച്ചു, Zone_0160, Ujjain के पास। समय 2026-02-17 17:30:00.",P00703,P00748,LOC0160
DIG001817,2026-01-14 03:58:00,gu,"PERSON_00581 और PERSON_00186 ने સંપર્ક કર્યો, Zone_0120, Ujjain के पास। समय 2026-01-14 03:58:00.",P00581,P00186,LOC0120
DIG001818,2026-06-13 20:47:00,pa,"PERSON_00980 और PERSON_00914 ने ਪੈਸੇ ਭੇਜੇ, Zone_0140, Jabalpur के पास। समय 2026-06-13 20:47:00.",P00980,P00914,LOC0140
DIG001819,2026-06-26 00:20:00,pa,"PERSON_00851 और PERSON_00083 ने ਪੈਸੇ ਭੇਜੇ, Zone_0051, Bhopal के पास। समय 2026-06-26 00:20:00.",P00851,P00083,LOC0051
DIG001820,2026-01-26 17:22:00,bn,"PERSON_00283 और PERSON_00550 ने টাকা পাঠিয়েছে, Zone_0162, Nagpur के पास। समय 2026-01-26 17:22:00.",P00283,P00550,LOC0162
DIG001821,2026-02-16 05:58:00,ta,"PERSON_00553 और PERSON_00423 ने தொடர்பு கொண்டார், Zone_0080, Indore के पास। समय 2026-02-16 05:58:00.",P00553,P00423,LOC0080
DIG001822,2026-05-19 02:39:00,te,"PERSON_00398 और PERSON_00633 ने ఫోన్ చేశారు, Zone_0121, Nagpur के पास। समय 2026-05-19 02:39:00.",P00398,P00633,LOC0121
DIG001823,2026-04-10 03:32:00,bn,"PERSON_00107 और PERSON_00844 ने পরিদর্শন করেছে, Zone_0159, Nagpur के पास। समय 2026-04-10 03:32:00.",P00107,P00844,LOC0159
DIG001824,2026-08-14 23:32:00,ml,"PERSON_00496 और PERSON_00614 ने വിളിച്ചു, Zone_0159, Nagpur के पास। समय 2026-08-14 23:32:00.",P00496,P00614,LOC0159
DIG001825,2026-01-25 00:33:00,ur,"PERSON_00033 और PERSON_00540 ने ملاقات کی, Zone_0168, Nagpur के पास। समय 2026-01-25 00:33:00.",P00033,P00540,LOC0168
DIG001826,2026-07-05 01:29:00,en,"PERSON_00028 contacted PERSON_00565 near Zone_0169, Nagpur. Record time 2026-07-05 01:29:00.",P00028,P00565,LOC0169
DIG001827,2026-02-21 06:57:00,mr,"PERSON_00152 और PERSON_00949 ने संपर्क केला, Zone_0011, Gwalior के पास। समय 2026-02-21 06:57:00.",P00152,P00949,LOC0011
DIG001828,2026-01-28 06:44:00,en,"PERSON_00713 called PERSON_00596 near Zone_0149, Ujjain. Record time 2026-01-28 06:44:00.",P00713,P00596,LOC0149
DIG001829,2026-04-20 07:53:00,mr,"PERSON_00483 और PERSON_00769 ने फोन केला, Zone_0166, Bhopal के पास। समय 2026-04-20 07:53:00.",P00483,P00769,LOC0166
DIG001830,2026-08-31 11:53:00,bn,"PERSON_00347 और PERSON_00138 ने যোগাযোগ করেছে, Zone_0065, Jabalpur के पास। समय 2026-08-31 11:53:00.",P00347,P00138,LOC0065
DIG001831,2026-05-09 02:51:00,en,"PERSON_00702 used a vehicle PERSON_00462 near Zone_0094, Gwalior. Record time 2026-05-09 02:51:00.",P00702,P00462,LOC0094
DIG001832,2026-05-13 01:16:00,ml,"PERSON_00678 और PERSON_00202 ने വിളിച്ചു, Zone_0134, Indore के पास। समय 2026-05-13 01:16:00.",P00678,P00202,LOC0134
DIG001833,2026-03-17 18:32:00,kn,"PERSON_00342 और PERSON_00598 ने ಹಣ ಕಳುಹಿಸಿದರು, Zone_0065, Jabalpur के पास। समय 2026-03-17 18:32:00.",P00342,P00598,LOC0065
DIG001834,2026-06-13 16:45:00,te,"PERSON_00630 और PERSON_00956 ने డబ్బు పంపారు, Zone_0172, Gwalior के पास। समय 2026-06-13 16:45:00.",P00630,P00956,LOC0172
DIG001835,2026-01-03 22:01:00,ta,"PERSON_00625 और PERSON_00189 ने தொடர்பு கொண்டார், Zone_0035, Jabalpur के पास। समय 2026-01-03 22:01:00.",P00625,P00189,LOC0035
DIG001836,2026-06-26 17:05:00,ur,"PERSON_00734 और PERSON_00817 ने مقام شیئر کیا, Zone_0071, Indore के पास। समय 2026-06-26 17:05:00.",P00734,P00817,LOC0071
DIG001837,2026-02-02 09:01:00,mr,"PERSON_00691 और PERSON_00806 ने पैसे पाठवले, Zone_0146, Bhopal के पास। समय 2026-02-02 09:01:00.",P00691,P00806,LOC0146
DIG001838,2026-08-21 22:09:00,hi,"PERSON_00331 और PERSON_00377 ने संपर्क किया, Zone_0104, Bhopal के पास। समय 2026-08-21 22:09:00.",P00331,P00377,LOC0104
DIG001839,2026-05-29 20:08:00,ta,"PERSON_00260 और PERSON_00880 ने இடத்தை பகிர்ந்தார், Zone_0116, Bhopal के पास। समय 2026-05-29 20:08:00.",P00260,P00880,LOC0116
DIG001840,2026-03-07 13:22:00,hi,"PERSON_00880 और PERSON_00395 ने मिला, Zone_0081, Gwalior के पास। समय 2026-03-07 13:22:00.",P00880,P00395,LOC0081
DIG001841,2026-04-12 17:49:00,ur,"PERSON_00834 और PERSON_00040 ने پیغام بھیجا, Zone_0023, Jabalpur के पास। समय 2026-04-12 17:49:00.",P00834,P00040,LOC0023
DIG001842,2026-02-14 13:22:00,te,"PERSON_00349 और PERSON_00607 ने సందేశం పంపారు, Zone_0137, Nagpur के पास। समय 2026-02-14 13:22:00.",P00349,P00607,LOC0137
DIG001843,2026-07-24 15:33:00,gu,"PERSON_00497 और PERSON_00521 ने ફોન કર્યો, Zone_0087, Ujjain के पास। समय 2026-07-24 15:33:00.",P00497,P00521,LOC0087
DIG001844,2026-05-20 17:14:00,gu,"PERSON_00691 और PERSON_00928 ने નાણાં મોકલ્યાં, Zone_0168, Nagpur के पास। समय 2026-05-20 17:14:00.",P00691,P00928,LOC0168
DIG001845,2026-08-06 07:26:00,ur,"PERSON_00493 और PERSON_00116 ने رابطہ کیا, Zone_0154, Ujjain के पास। समय 2026-08-06 07:26:00.",P00493,P00116,LOC0154
DIG001846,2026-03-14 09:58:00,pa,"PERSON_00865 और PERSON_00728 ने ਸੁਨੇਹਾ ਭੇਜਿਆ, Zone_0007, Ujjain के पास। समय 2026-03-14 09:58:00.",P00865,P00728,LOC0007
DIG001847,2026-07-21 14:41:00,bn,"PERSON_00718 और PERSON_00666 ने দেখা করেছে, Zone_0038, Ujjain के पास। समय 2026-07-21 14:41:00.",P00718,P00666,LOC0038
DIG001848,2026-03-24 23:21:00,hi,"PERSON_00627 और PERSON_00399 ने संपर्क किया, Zone_0083, Ujjain के पास। समय 2026-03-24 23:21:00.",P00627,P00399,LOC0083
DIG001849,2026-03-25 22:19:00,ta,"PERSON_00602 और PERSON_00460 ने பணம் அனுப்பினார், Zone_0137, Nagpur के पास। समय 2026-03-25 22:19:00.",P00602,P00460,LOC0137
DIG001850,2026-06-25 01:05:00,kn,"PERSON_00781 और PERSON_00736 ने ಭೇಟಿ ನೀಡಿದರು, Zone_0066, Jabalpur के पास। समय 2026-06-25 01:05:00.",P00781,P00736,LOC0066
DIG001851,2026-07-09 19:40:00,mr,"PERSON_00313 और PERSON_00551 ने संदेश पाठवला, Zone_0061, Gwalior के पास। समय 2026-07-09 19:40:00.",P00313,P00551,LOC0061
DIG001852,2026-01-24 09:11:00,en,"PERSON_00721 met PERSON_00001 near Zone_0022, Gwalior. Record time 2026-01-24 09:11:00.",P00721,P00001,LOC0022
DIG001853,2026-06-09 02:35:00,bn,"PERSON_00659 और PERSON_00241 ने যোগাযোগ করেছে, Zone_0033, Jabalpur के पास। समय 2026-06-09 02:35:00.",P00659,P00241,LOC0033
DIG001854,2026-07-17 10:46:00,ml,"PERSON_00812 और PERSON_00570 ने ബന്ധപ്പെട്ടു, Zone_0155, Nagpur के पास। समय 2026-07-17 10:46:00.",P00812,P00570,LOC0155
DIG001855,2026-06-07 07:58:00,en,"PERSON_00440 transferred funds to PERSON_00006 near Zone_0104, Bhopal. Record time 2026-06-07 07:58:00.",P00440,P00006,LOC0104
DIG001856,2026-05-13 06:45:00,ur,"PERSON_00798 और PERSON_00541 ने مقام شیئر کیا, Zone_0165, Gwalior के पास। समय 2026-05-13 06:45:00.",P00798,P00541,LOC0165
DIG001857,2026-01-27 04:29:00,ml,"PERSON_00248 और PERSON_00474 ने സന്ദേശം അയച്ചു, Zone_0098, Nagpur के पास। समय 2026-01-27 04:29:00.",P00248,P00474,LOC0098
DIG001858,2026-07-11 10:46:00,pa,"PERSON_00294 और PERSON_00425 ने ਸਥਾਨ ਸਾਂਝਾ ਕੀਤਾ, Zone_0110, Indore के पास। समय 2026-07-11 10:46:00.",P00294,P00425,LOC0110
DIG001859,2026-07-08 08:58:00,ml,"PERSON_00840 और PERSON_00181 ने സന്ദർശിച്ചു, Zone_0092, Ujjain के पास। समय 2026-07-08 08:58:00.",P00840,P00181,LOC0092
DIG001860,2026-06-06 23:31:00,pa,"PERSON_00310 और PERSON_00749 ने ਮਿਲਿਆ, Zone_0067, Indore के पास। समय 2026-06-06 23:31:00.",P00310,P00749,LOC0067
DIG001861,2026-05-03 03:28:00,mr,"PERSON_00450 और PERSON_00034 ने भेटला, Zone_0047, Ujjain के पास। समय 2026-05-03 03:28:00.",P00450,P00034,LOC0047
DIG001862,2026-08-04 22:38:00,hi,"PERSON_00634 और PERSON_00256 ने फोन किया, Zone_0072, Indore के पास। समय 2026-08-04 22:38:00.",P00634,P00256,LOC0072
DIG001863,2026-04-23 08:58:00,hi,"PERSON_00738 और PERSON_00029 ने फोन किया, Zone_0162, Nagpur के पास। समय 2026-04-23 08:58:00.",P00738,P00029,LOC0162
DIG001864,2026-01-10 10:12:00,pa,"PERSON_00457 और PERSON_00974 ने ਮੁਲਾਕਾਤ ਕੀਤੀ, Zone_0110, Indore के पास। समय 2026-01-10 10:12:00.",P00457,P00974,LOC0110
DIG001865,2026-03-22 11:18:00,ur,"PERSON_00886 और PERSON_00180 ने رابطہ کیا, Zone_0127, Bhopal के पास। समय 2026-03-22 11:18:00.",P00886,P00180,LOC0127
DIG001866,2026-06-12 00:49:00,pa,"PERSON_00887 और PERSON_00111 ने ਮੁਲਾਕਾਤ ਕੀਤੀ, Zone_0070, Ujjain के पास। समय 2026-06-12 00:49:00.",P00887,P00111,LOC0070
DIG001867,2026-08-16 12:29:00,te,"PERSON_00248 और PERSON_00378 ने ఫోన్ చేశారు, Zone_0118, Ujjain के पास। समय 2026-08-16 12:29:00.",P00248,P00378,LOC0118
DIG001868,2026-01-19 23:26:00,ta,"PERSON_00399 और PERSON_00502 ने சந்தித்தார், Zone_0074, Ujjain के पास। समय 2026-01-19 23:26:00.",P00399,P00502,LOC0074
DIG001869,2026-07-23 06:04:00,mr,"PERSON_00914 और PERSON_00796 ने भेटला, Zone_0104, Bhopal के पास। समय 2026-07-23 06:04:00.",P00914,P00796,LOC0104
DIG001870,2026-04-22 05:18:00,en,"PERSON_00681 shared a location with PERSON_00355 near Zone_0106, Ujjain. Record time 2026-04-22 05:18:00.",P00681,P00355,LOC0106
DIG001871,2026-06-03 06:37:00,hi,"PERSON_00309 और PERSON_00144 ने संदेश भेजा, Zone_0166, Bhopal के पास। समय 2026-06-03 06:37:00.",P00309,P00144,LOC0166
DIG001872,2026-03-04 00:46:00,ml,"PERSON_00234 और PERSON_00415 ने സന്ദർശിച്ചു, Zone_0011, Gwalior के पास। समय 2026-03-04 00:46:00.",P00234,P00415,LOC0011
DIG001873,2026-08-31 06:16:00,ml,"PERSON_00880 और PERSON_00242 ने വിളിച്ചു, Zone_0156, Bhopal के पास। समय 2026-08-31 06:16:00.",P00880,P00242,LOC0156
DIG001874,2026-02-14 21:19:00,kn,"PERSON_00574 और PERSON_00459 ने ಸಂಪರ್ಕಿಸಿದರು, Zone_0140, Jabalpur के पास। समय 2026-02-14 21:19:00.",P00574,P00459,LOC0140
DIG001875,2026-07-05 01:02:00,ml,"PERSON_00011 और PERSON_00065 ने പണം അയച്ചു, Zone_0120, Ujjain के पास। समय 2026-07-05 01:02:00.",P00011,P00065,LOC0120
DIG001876,2026-04-28 02:38:00,te,"PERSON_00573 और PERSON_00540 ने సందేశం పంపారు, Zone_0048, Indore के पास। समय 2026-04-28 02:38:00.",P00573,P00540,LOC0048
DIG001877,2026-03-19 15:13:00,te,"PERSON_00188 और PERSON_00525 ने సందేశం పంపారు, Zone_0110, Indore के पास। समय 2026-03-19 15:13:00.",P00188,P00525,LOC0110
DIG001878,2026-04-12 23:01:00,gu,"PERSON_00872 और PERSON_00358 ने સંપર્ક કર્યો, Zone_0110, Indore के पास। समय 2026-04-12 23:01:00.",P00872,P00358,LOC0110
DIG001879,2026-02-22 13:50:00,en,"PERSON_00392 shared a location with PERSON_00257 near Zone_0003, Indore. Record time 2026-02-22 13:50:00.",P00392,P00257,LOC0003
DIG001880,2026-08-21 15:09:00,bn,"PERSON_00679 और PERSON_00026 ने দেখা করেছে, Zone_0113, Indore के पास। समय 2026-08-21 15:09:00.",P00679,P00026,LOC0113
DIG001881,2026-07-05 18:40:00,ur,"PERSON_00402 और PERSON_00666 ने دورہ کیا, Zone_0126, Nagpur के पास। समय 2026-07-05 18:40:00.",P00402,P00666,LOC0126
DIG001882,2026-03-27 12:17:00,kn,"PERSON_00033 और PERSON_00027 ने ಹಣ ಕಳುಹಿಸಿದರು, Zone_0140, Jabalpur के पास। समय 2026-03-27 12:17:00.",P00033,P00027,LOC0140
DIG001883,2026-07-28 12:47:00,ur,"PERSON_00306 और PERSON_00846 ने مقام شیئر کیا, Zone_0128, Bhopal के पास। समय 2026-07-28 12:47:00.",P00306,P00846,LOC0128
DIG001884,2026-02-28 13:55:00,ta,"PERSON_00595 और PERSON_00565 ने சந்தித்தார், Zone_0141, Jabalpur के पास। समय 2026-02-28 13:55:00.",P00595,P00565,LOC0141
DIG001885,2026-07-02 00:34:00,bn,"PERSON_00122 और PERSON_00723 ने স্থান ভাগ করেছে, Zone_0017, Gwalior के पास। समय 2026-07-02 00:34:00.",P00122,P00723,LOC0017
DIG001886,2026-01-17 05:33:00,en,"PERSON_00797 transferred funds to PERSON_00729 near Zone_0116, Bhopal. Record time 2026-01-17 05:33:00.",P00797,P00729,LOC0116
DIG001887,2026-02-25 20:06:00,en,"PERSON_00824 visited PERSON_00820 near Zone_0007, Ujjain. Record time 2026-02-25 20:06:00.",P00824,P00820,LOC0007
DIG001888,2026-04-09 13:20:00,ml,"PERSON_00169 और PERSON_00830 ने സന്ദേശം അയച്ചു, Zone_0024, Jabalpur के पास। समय 2026-04-09 13:20:00.",P00169,P00830,LOC0024
DIG001889,2026-05-19 17:03:00,pa,"PERSON_00798 और PERSON_00053 ने ਸੁਨੇਹਾ ਭੇਜਿਆ, Zone_0076, Indore के पास। समय 2026-05-19 17:03:00.",P00798,P00053,LOC0076
DIG001890,2026-08-18 03:48:00,kn,"PERSON_00976 और PERSON_00254 ने ಸಂದೇಶ ಕಳುಹಿಸಿದರು, Zone_0138, Bhopal के पास। समय 2026-08-18 03:48:00.",P00976,P00254,LOC0138
DIG001891,2026-03-26 07:34:00,te,"PERSON_00070 और PERSON_00425 ने ఫోన్ చేశారు, Zone_0138, Bhopal के पास। समय 2026-03-26 07:34:00.",P00070,P00425,LOC0138
DIG001892,2026-05-27 16:41:00,ur,"PERSON_00894 और PERSON_00539 ने فون کیا, Zone_0124, Bhopal के पास। समय 2026-05-27 16:41:00.",P00894,P00539,LOC0124
DIG001893,2026-03-16 17:13:00,ur,"PERSON_00472 और PERSON_00870 ने مقام شیئر کیا, Zone_0006, Bhopal के पास। समय 2026-03-16 17:13:00.",P00472,P00870,LOC0006
DIG001894,2026-04-20 10:45:00,ml,"PERSON_00692 और PERSON_00994 ने സന്ദർശിച്ചു, Zone_0030, Nagpur के पास। समय 2026-04-20 10:45:00.",P00692,P00994,LOC0030
DIG001895,2026-08-13 15:07:00,kn,"PERSON_00822 और PERSON_00074 ने ಸಂಪರ್ಕಿಸಿದರು, Zone_0050, Jabalpur के पास। समय 2026-08-13 15:07:00.",P00822,P00074,LOC0050
DIG001896,2026-07-05 12:41:00,hi,"PERSON_00750 और PERSON_00592 ने संदेश भेजा, Zone_0046, Bhopal के पास। समय 2026-07-05 12:41:00.",P00750,P00592,LOC0046
DIG001897,2026-08-05 15:09:00,ur,"PERSON_00038 और PERSON_00889 ने ملاقات کی, Zone_0140, Jabalpur के पास। समय 2026-08-05 15:09:00.",P00038,P00889,LOC0140
DIG001898,2026-02-28 15:14:00,pa,"PERSON_00526 और PERSON_00897 ने ਮੁਲਾਕਾਤ ਕੀਤੀ, Zone_0037, Indore के पास। समय 2026-02-28 15:14:00.",P00526,P00897,LOC0037
DIG001899,2026-03-24 19:02:00,ur,"PERSON_00914 और PERSON_00909 ने رقم منتقل کی, Zone_0099, Bhopal के पास। समय 2026-03-24 19:02:00.",P00914,P00909,LOC0099
DIG001900,2026-02-04 06:30:00,ml,"PERSON_00967 और PERSON_00854 ने ബന്ധപ്പെട്ടു, Zone_0040, Bhopal के पास। समय 2026-02-04 06:30:00.",P00967,P00854,LOC0040
DIG001901,2026-06-02 13:18:00,bn,"PERSON_00454 और PERSON_00189 ने পরিদর্শন করেছে, Zone_0180, Indore के पास। समय 2026-06-02 13:18:00.",P00454,P00189,LOC0180
DIG001902,2026-04-07 10:37:00,mr,"PERSON_00970 और PERSON_00431 ने ठिकाण शेअर केले, Zone_0051, Bhopal के पास। समय 2026-04-07 10:37:00.",P00970,P00431,LOC0051
DIG001903,2026-02-15 16:13:00,ta,"PERSON_00670 और PERSON_00442 ने தொடர்பு கொண்டார், Zone_0032, Jabalpur के पास। समय 2026-02-15 16:13:00.",P00670,P00442,LOC0032
DIG001904,2026-01-21 06:46:00,mr,"PERSON_00713 और PERSON_00694 ने फोन केला, Zone_0071, Indore के पास। समय 2026-01-21 06:46:00.",P00713,P00694,LOC0071
DIG001905,2026-04-07 19:12:00,te,"PERSON_00366 और PERSON_00139 ने వెళ్లారు, Zone_0036, Ujjain के पास। समय 2026-04-07 19:12:00.",P00366,P00139,LOC0036
DIG001906,2026-08-07 13:49:00,pa,"PERSON_00980 और PERSON_00656 ने ਮੁਲਾਕਾਤ ਕੀਤੀ, Zone_0163, Nagpur के पास। समय 2026-08-07 13:49:00.",P00980,P00656,LOC0163
DIG001907,2026-03-06 12:34:00,pa,"PERSON_00862 और PERSON_00423 ने ਸੁਨੇਹਾ ਭੇਜਿਆ, Zone_0065, Jabalpur के पास। समय 2026-03-06 12:34:00.",P00862,P00423,LOC0065
DIG001908,2026-01-14 06:08:00,bn,"PERSON_00614 और PERSON_00628 ने যোগাযোগ করেছে, Zone_0173, Jabalpur के पास। समय 2026-01-14 06:08:00.",P00614,P00628,LOC0173
DIG001909,2026-05-15 15:25:00,kn,"PERSON_00361 और PERSON_00150 ने ಸ್ಥಳ ಹಂಚಿಕೊಂಡರು, Zone_0146, Bhopal के पास। समय 2026-05-15 15:25:00.",P00361,P00150,LOC0146
DIG001910,2026-06-12 13:01:00,kn,"PERSON_00275 और PERSON_00794 ने ಕರೆ ಮಾಡಿದರು, Zone_0012, Nagpur के पास। समय 2026-06-12 13:01:00.",P00275,P00794,LOC0012
DIG001911,2026-08-17 14:33:00,ta,"PERSON_00294 और PERSON_00213 ने அழைத்தார், Zone_0132, Indore के पास। समय 2026-08-17 14:33:00.",P00294,P00213,LOC0132
DIG001912,2026-06-26 02:27:00,ur,"PERSON_00733 और PERSON_00198 ने مقام شیئر کیا, Zone_0011, Gwalior के पास। समय 2026-06-26 02:27:00.",P00733,P00198,LOC0011
DIG001913,2026-08-28 03:50:00,ta,"PERSON_00922 और PERSON_00109 ने செய்தி அனுப்பினார், Zone_0114, Bhopal के पास। समय 2026-08-28 03:50:00.",P00922,P00109,LOC0114
DIG001914,2026-01-03 10:24:00,ur,"PERSON_00832 और PERSON_00646 ने رقم منتقل کی, Zone_0177, Gwalior के पास। समय 2026-01-03 10:24:00.",P00832,P00646,LOC0177
DIG001915,2026-02-14 16:22:00,pa,"PERSON_00702 और PERSON_00202 ने ਸੁਨੇਹਾ ਭੇਜਿਆ, Zone_0160, Ujjain के पास। समय 2026-02-14 16:22:00.",P00702,P00202,LOC0160
DIG001916,2026-07-05 22:13:00,ta,"PERSON_00452 और PERSON_00628 ने செய்தி அனுப்பினார், Zone_0061, Gwalior के पास। समय 2026-07-05 22:13:00.",P00452,P00628,LOC0061
DIG001917,2026-06-27 12:43:00,bn,"PERSON_00937 और PERSON_00822 ने পরিদর্শন করেছে, Zone_0085, Gwalior के पास। समय 2026-06-27 12:43:00.",P00937,P00822,LOC0085
DIG001918,2026-04-10 01:40:00,bn,"PERSON_00018 और PERSON_00871 ने যোগাযোগ করেছে, Zone_0166, Bhopal के पास। समय 2026-04-10 01:40:00.",P00018,P00871,LOC0166
DIG001919,2026-03-28 04:17:00,mr,"PERSON_00896 और PERSON_00206 ने भेटला, Zone_0139, Jabalpur के पास। समय 2026-03-28 04:17:00.",P00896,P00206,LOC0139
DIG001920,2026-03-29 14:11:00,pa,"PERSON_00868 और PERSON_00723 ने ਪੈਸੇ ਭੇਜੇ, Zone_0066, Jabalpur के पास। समय 2026-03-29 14:11:00.",P00868,P00723,LOC0066
DIG001921,2026-08-14 18:52:00,mr,"PERSON_00286 और PERSON_00525 ने फोन केला, Zone_0086, Gwalior के पास। समय 2026-08-14 18:52:00.",P00286,P00525,LOC0086
DIG001922,2026-06-08 12:51:00,bn,"PERSON_00974 और PERSON_00238 ने দেখা করেছে, Zone_0068, Bhopal के पास। समय 2026-06-08 12:51:00.",P00974,P00238,LOC0068
DIG001923,2026-07-06 21:40:00,mr,"PERSON_00907 और PERSON_00885 ने ठिकाण शेअर केले, Zone_0145, Jabalpur के पास। समय 2026-07-06 21:40:00.",P00907,P00885,LOC0145
DIG001924,2026-04-25 07:59:00,te,"PERSON_00865 और PERSON_00807 ने కలిశారు, Zone_0021, Ujjain के पास। समय 2026-04-25 07:59:00.",P00865,P00807,LOC0021
DIG001925,2026-08-24 10:00:00,gu,"PERSON_00374 और PERSON_00223 ने મળ્યા, Zone_0050, Jabalpur के पास। समय 2026-08-24 10:00:00.",P00374,P00223,LOC0050
DIG001926,2026-03-20 07:35:00,ta,"PERSON_00003 और PERSON_00442 ने பணம் அனுப்பினார், Zone_0091, Jabalpur के पास। समय 2026-03-20 07:35:00.",P00003,P00442,LOC0091
DIG001927,2026-08-22 01:34:00,bn,"PERSON_00621 और PERSON_00421 ने টাকা পাঠিয়েছে, Zone_0075, Gwalior के पास। समय 2026-08-22 01:34:00.",P00621,P00421,LOC0075
DIG001928,2026-04-05 01:44:00,te,"PERSON_00106 और PERSON_00143 ने సందేశం పంపారు, Zone_0114, Bhopal के पास। समय 2026-04-05 01:44:00.",P00106,P00143,LOC0114
DIG001929,2026-03-19 03:08:00,hi,"PERSON_00665 और PERSON_00743 ने स्थान साझा किया, Zone_0004, Indore के पास। समय 2026-03-19 03:08:00.",P00665,P00743,LOC0004
DIG001930,2026-04-19 07:45:00,pa,"PERSON_00630 और PERSON_00981 ने ਸੁਨੇਹਾ ਭੇਜਿਆ, Zone_0079, Nagpur के पास। समय 2026-04-19 07:45:00.",P00630,P00981,LOC0079
DIG001931,2026-06-14 09:29:00,te,"PERSON_00165 और PERSON_00804 ने వెళ్లారు, Zone_0076, Indore के पास। समय 2026-06-14 09:29:00.",P00165,P00804,LOC0076
DIG001932,2026-07-02 09:50:00,bn,"PERSON_00692 और PERSON_00486 ने ফোন করেছে, Zone_0079, Nagpur के पास। समय 2026-07-02 09:50:00.",P00692,P00486,LOC0079
DIG001933,2026-03-01 16:50:00,hi,"PERSON_00724 और PERSON_00151 ने फोन किया, Zone_0170, Ujjain के पास। समय 2026-03-01 16:50:00.",P00724,P00151,LOC0170
DIG001934,2026-04-29 20:32:00,pa,"PERSON_00033 और PERSON_00840 ने ਸੁਨੇਹਾ ਭੇਜਿਆ, Zone_0141, Jabalpur के पास। समय 2026-04-29 20:32:00.",P00033,P00840,LOC0141
DIG001935,2026-07-05 15:22:00,pa,"PERSON_00864 और PERSON_00397 ने ਮਿਲਿਆ, Zone_0094, Gwalior के पास। समय 2026-07-05 15:22:00.",P00864,P00397,LOC0094
DIG001936,2026-08-30 00:56:00,ml,"PERSON_00239 और PERSON_00767 ने വിളിച്ചു, Zone_0143, Nagpur के पास। समय 2026-08-30 00:56:00.",P00239,P00767,LOC0143
DIG001937,2026-01-28 05:36:00,mr,"PERSON_00555 और PERSON_00641 ने पैसे पाठवले, Zone_0021, Ujjain के पास। समय 2026-01-28 05:36:00.",P00555,P00641,LOC0021
DIG001938,2026-08-09 11:05:00,te,"PERSON_00132 और PERSON_00730 ने ఫోన్ చేశారు, Zone_0123, Ujjain के पास। समय 2026-08-09 11:05:00.",P00132,P00730,LOC0123
DIG001939,2026-08-31 05:07:00,hi,"PERSON_00287 और PERSON_00035 ने धन भेजा, Zone_0032, Jabalpur के पास। समय 2026-08-31 05:07:00.",P00287,P00035,LOC0032
DIG001940,2026-07-18 23:16:00,mr,"PERSON_00722 और PERSON_00541 ने भेटला, Zone_0035, Jabalpur के पास। समय 2026-07-18 23:16:00.",P00722,P00541,LOC0035
DIG001941,2026-07-01 09:53:00,pa,"PERSON_00030 और PERSON_00425 ने ਮਿਲਿਆ, Zone_0124, Bhopal के पास। समय 2026-07-01 09:53:00.",P00030,P00425,LOC0124
DIG001942,2026-01-25 22:03:00,pa,"PERSON_00608 और PERSON_00319 ने ਸੁਨੇਹਾ ਭੇਜਿਆ, Zone_0147, Ujjain के पास। समय 2026-01-25 22:03:00.",P00608,P00319,LOC0147
DIG001943,2026-01-23 12:48:00,bn,"PERSON_00047 और PERSON_00648 ने টাকা পাঠিয়েছে, Zone_0094, Gwalior के पास। समय 2026-01-23 12:48:00.",P00047,P00648,LOC0094
DIG001944,2026-02-07 13:23:00,te,"PERSON_00380 और PERSON_00533 ने వెళ్లారు, Zone_0125, Indore के पास। समय 2026-02-07 13:23:00.",P00380,P00533,LOC0125
DIG001945,2026-06-01 16:30:00,en,"PERSON_00533 used a vehicle PERSON_00497 near Zone_0018, Bhopal. Record time 2026-06-01 16:30:00.",P00533,P00497,LOC0018
DIG001946,2026-01-19 03:37:00,en,"PERSON_00857 met PERSON_00631 near Zone_0061, Gwalior. Record time 2026-01-19 03:37:00.",P00857,P00631,LOC0061
DIG001947,2026-07-16 01:52:00,hi,"PERSON_00952 और PERSON_00459 ने मिला, Zone_0079, Nagpur के पास। समय 2026-07-16 01:52:00.",P00952,P00459,LOC0079
DIG001948,2026-02-10 15:03:00,kn,"PERSON_00731 और PERSON_00111 ने ಭೇಟಿ ನೀಡಿದರು, Zone_0106, Ujjain के पास। समय 2026-02-10 15:03:00.",P00731,P00111,LOC0106
DIG001949,2026-02-15 05:19:00,bn,"PERSON_00653 और PERSON_00237 ने স্থান ভাগ করেছে, Zone_0171, Bhopal के पास। समय 2026-02-15 05:19:00.",P00653,P00237,LOC0171
DIG001950,2026-07-22 07:07:00,ta,"PERSON_00303 और PERSON_00963 ने இடத்தை பகிர்ந்தார், Zone_0052, Nagpur के पास। समय 2026-07-22 07:07:00.",P00303,P00963,LOC0052
DIG001951,2026-04-27 09:28:00,gu,"PERSON_00233 और PERSON_00204 ने મળ્યા, Zone_0036, Ujjain के पास। समय 2026-04-27 09:28:00.",P00233,P00204,LOC0036
DIG001952,2026-02-25 07:33:00,ta,"PERSON_00819 और PERSON_00894 ने தொடர்பு கொண்டார், Zone_0032, Jabalpur के पास। समय 2026-02-25 07:33:00.",P00819,P00894,LOC0032
DIG001953,2026-07-13 07:39:00,ur,"PERSON_00381 और PERSON_00354 ने فون کیا, Zone_0105, Bhopal के पास। समय 2026-07-13 07:39:00.",P00381,P00354,LOC0105
DIG001954,2026-06-22 21:58:00,ur,"PERSON_00810 और PERSON_00610 ने پیغام بھیجا, Zone_0162, Nagpur के पास। समय 2026-06-22 21:58:00.",P00810,P00610,LOC0162
DIG001955,2026-04-07 17:56:00,hi,"PERSON_00388 और PERSON_00032 ने संदेश भेजा, Zone_0012, Nagpur के पास। समय 2026-04-07 17:56:00.",P00388,P00032,LOC0012
DIG001956,2026-05-15 08:41:00,ml,"PERSON_00796 और PERSON_00034 ने വിളിച്ചു, Zone_0161, Jabalpur के पास। समय 2026-05-15 08:41:00.",P00796,P00034,LOC0161
DIG001957,2026-02-01 21:48:00,bn,"PERSON_00286 और PERSON_00676 ने দেখা করেছে, Zone_0112, Ujjain के पास। समय 2026-02-01 21:48:00.",P00286,P00676,LOC0112
DIG001958,2026-03-23 15:25:00,pa,"PERSON_00756 और PERSON_00745 ने ਫੋਨ ਕੀਤਾ, Zone_0164, Bhopal के पास। समय 2026-03-23 15:25:00.",P00756,P00745,LOC0164
DIG001959,2026-05-31 14:25:00,te,"PERSON_00465 और PERSON_00024 ने వెళ్లారు, Zone_0062, Ujjain के पास। समय 2026-05-31 14:25:00.",P00465,P00024,LOC0062
DIG001960,2026-02-14 00:25:00,mr,"PERSON_00661 और PERSON_00492 ने फोन केला, Zone_0029, Nagpur के पास। समय 2026-02-14 00:25:00.",P00661,P00492,LOC0029
DIG001961,2026-08-28 12:24:00,bn,"PERSON_00853 और PERSON_00475 ने টাকা পাঠিয়েছে, Zone_0145, Jabalpur के पास। समय 2026-08-28 12:24:00.",P00853,P00475,LOC0145
DIG001962,2026-07-17 03:43:00,ur,"PERSON_00758 और PERSON_00805 ने رقم منتقل کی, Zone_0069, Jabalpur के पास। समय 2026-07-17 03:43:00.",P00758,P00805,LOC0069
DIG001963,2026-08-27 00:36:00,hi,"PERSON_00364 और PERSON_00362 ने संदेश भेजा, Zone_0058, Bhopal के पास। समय 2026-08-27 00:36:00.",P00364,P00362,LOC0058
DIG001964,2026-02-01 02:32:00,hi,"PERSON_00243 और PERSON_00960 ने स्थान साझा किया, Zone_0107, Indore के पास। समय 2026-02-01 02:32:00.",P00243,P00960,LOC0107
DIG001965,2026-03-30 21:51:00,ur,"PERSON_00829 और PERSON_00615 ने ملاقات کی, Zone_0110, Indore के पास। समय 2026-03-30 21:51:00.",P00829,P00615,LOC0110
DIG001966,2026-02-07 18:41:00,hi,"PERSON_00690 और PERSON_00303 ने फोन किया, Zone_0010, Indore के पास। समय 2026-02-07 18:41:00.",P00690,P00303,LOC0010
DIG001967,2026-02-01 00:59:00,ta,"PERSON_00046 और PERSON_00080 ने அழைத்தார், Zone_0162, Nagpur के पास। समय 2026-02-01 00:59:00.",P00046,P00080,LOC0162
DIG001968,2026-04-04 18:38:00,ml,"PERSON_00379 और PERSON_00521 ने സന്ദേശം അയച്ചു, Zone_0167, Nagpur के पास। समय 2026-04-04 18:38:00.",P00379,P00521,LOC0167
DIG001969,2026-07-27 21:49:00,pa,"PERSON_00697 और PERSON_00188 ने ਪੈਸੇ ਭੇਜੇ, Zone_0139, Jabalpur के पास। समय 2026-07-27 21:49:00.",P00697,P00188,LOC0139
DIG001970,2026-07-22 19:30:00,ur,"PERSON_00881 और PERSON_00558 ने مقام شیئر کیا, Zone_0125, Indore के पास। समय 2026-07-22 19:30:00.",P00881,P00558,LOC0125
DIG001971,2026-05-22 07:10:00,te,"PERSON_00986 और PERSON_00830 ने స్థానం పంచుకున్నారు, Zone_0101, Jabalpur के पास। समय 2026-05-22 07:10:00.",P00986,P00830,LOC0101
DIG001972,2026-07-10 05:37:00,ml,"PERSON_00843 और PERSON_00561 ने സ്ഥലം പങ്കിട്ടു, Zone_0096, Indore के पास। समय 2026-07-10 05:37:00.",P00843,P00561,LOC0096
DIG001973,2026-02-14 16:03:00,ml,"PERSON_00280 और PERSON_00272 ने വിളിച്ചു, Zone_0112, Ujjain के पास। समय 2026-02-14 16:03:00.",P00280,P00272,LOC0112
DIG001974,2026-02-12 23:55:00,ta,"PERSON_00921 और PERSON_00687 ने செய்தி அனுப்பினார், Zone_0120, Ujjain के पास। समय 2026-02-12 23:55:00.",P00921,P00687,LOC0120
DIG001975,2026-03-13 13:04:00,ta,"PERSON_00454 और PERSON_00100 ने சந்தித்தார், Zone_0154, Ujjain के पास। समय 2026-03-13 13:04:00.",P00454,P00100,LOC0154
DIG001976,2026-04-24 01:25:00,bn,"PERSON_00548 और PERSON_00532 ने ফোন করেছে, Zone_0033, Jabalpur के पास। समय 2026-04-24 01:25:00.",P00548,P00532,LOC0033
DIG001977,2026-03-28 06:49:00,mr,"PERSON_00071 और PERSON_00506 ने भेटला, Zone_0089, Jabalpur के पास। समय 2026-03-28 06:49:00.",P00071,P00506,LOC0089
DIG001978,2026-03-25 14:54:00,bn,"PERSON_00272 और PERSON_00471 ने টাকা পাঠিয়েছে, Zone_0111, Jabalpur के पास। समय 2026-03-25 14:54:00.",P00272,P00471,LOC0111
DIG001979,2026-03-31 03:32:00,ta,"PERSON_00724 और PERSON_00607 ने இடத்தை பகிர்ந்தார், Zone_0137, Nagpur के पास। समय 2026-03-31 03:32:00.",P00724,P00607,LOC0137
DIG001980,2026-02-05 04:57:00,te,"PERSON_00154 और PERSON_00614 ने సంప్రదించారు, Zone_0118, Ujjain के पास। समय 2026-02-05 04:57:00.",P00154,P00614,LOC0118
DIG001981,2026-07-15 21:29:00,ur,"PERSON_00568 और PERSON_00952 ने پیغام بھیجا, Zone_0090, Gwalior के पास। समय 2026-07-15 21:29:00.",P00568,P00952,LOC0090
DIG001982,2026-04-22 19:19:00,en,"PERSON_00758 used a vehicle PERSON_00837 near Zone_0125, Indore. Record time 2026-04-22 19:19:00.",P00758,P00837,LOC0125
DIG001983,2026-07-13 06:51:00,en,"PERSON_00194 visited PERSON_00368 near Zone_0070, Ujjain. Record time 2026-07-13 06:51:00.",P00194,P00368,LOC0070
DIG001984,2026-01-01 14:24:00,bn,"PERSON_00609 और PERSON_00351 ने টাকা পাঠিয়েছে, Zone_0080, Indore के पास। समय 2026-01-01 14:24:00.",P00609,P00351,LOC0080
DIG001985,2026-05-05 14:13:00,mr,"PERSON_00504 और PERSON_00866 ने संपर्क केला, Zone_0119, Indore के पास। समय 2026-05-05 14:13:00.",P00504,P00866,LOC0119
DIG001986,2026-07-13 15:47:00,ur,"PERSON_00963 और PERSON_00128 ने ملاقات کی, Zone_0038, Ujjain के पास। समय 2026-07-13 15:47:00.",P00963,P00128,LOC0038
DIG001987,2026-06-07 00:12:00,ur,"PERSON_00378 और PERSON_00064 ने رابطہ کیا, Zone_0070, Ujjain के पास। समय 2026-06-07 00:12:00.",P00378,P00064,LOC0070
DIG001988,2026-06-11 22:57:00,gu,"PERSON_00111 और PERSON_00899 ने મળ્યા, Zone_0048, Indore के पास। समय 2026-06-11 22:57:00.",P00111,P00899,LOC0048
DIG001989,2026-05-01 03:09:00,ml,"PERSON_00048 और PERSON_00531 ने സ്ഥലം പങ്കിട്ടു, Zone_0034, Jabalpur के पास। समय 2026-05-01 03:09:00.",P00048,P00531,LOC0034
DIG001990,2026-01-22 23:35:00,en,"PERSON_00309 met PERSON_00882 near Zone_0029, Nagpur. Record time 2026-01-22 23:35:00.",P00309,P00882,LOC0029
DIG001991,2026-04-15 09:29:00,kn,"PERSON_00241 और PERSON_00369 ने ಕರೆ ಮಾಡಿದರು, Zone_0058, Bhopal के पास। समय 2026-04-15 09:29:00.",P00241,P00369,LOC0058
DIG001992,2026-07-29 23:46:00,gu,"PERSON_00099 और PERSON_00013 ने સંદેશ મોકલ્યો, Zone_0136, Jabalpur के पास। समय 2026-07-29 23:46:00.",P00099,P00013,LOC0136
DIG001993,2026-07-08 04:18:00,pa,"PERSON_00740 और PERSON_00851 ने ਮਿਲਿਆ, Zone_0156, Bhopal के पास। समय 2026-07-08 04:18:00.",P00740,P00851,LOC0156
DIG001994,2026-05-27 16:08:00,bn,"PERSON_00769 और PERSON_00125 ने ফোন করেছে, Zone_0040, Bhopal के पास। समय 2026-05-27 16:08:00.",P00769,P00125,LOC0040
DIG001995,2026-05-19 17:33:00,mr,"PERSON_00615 और PERSON_00491 ने ठिकाण शेअर केले, Zone_0099, Bhopal के पास। समय 2026-05-19 17:33:00.",P00615,P00491,LOC0099
DIG001996,2026-07-18 17:03:00,ur,"PERSON_00236 और PERSON_00841 ने ملاقات کی, Zone_0012, Nagpur के पास। समय 2026-07-18 17:03:00.",P00236,P00841,LOC0012
DIG001997,2026-04-23 00:42:00,bn,"PERSON_00807 और PERSON_00355 ने দেখা করেছে, Zone_0177, Gwalior के पास। समय 2026-04-23 00:42:00.",P00807,P00355,LOC0177
DIG001998,2026-03-16 02:16:00,ta,"PERSON_00590 और PERSON_00264 ने இடத்தை பகிர்ந்தார், Zone_0047, Ujjain के पास। समय 2026-03-16 02:16:00.",P00590,P00264,LOC0047
DIG001999,2026-05-10 19:11:00,ta,"PERSON_00426 और PERSON_00010 ने இடத்தை பகிர்ந்தார், Zone_0134, Indore के पास। समय 2026-05-10 19:11:00.",P00426,P00010,LOC0134
DIG002000,2026-05-15 08:25:00,mr,"PERSON_00797 और PERSON_00807 ने संपर्क केला, Zone_0008, Nagpur के पास। समय 2026-05-15 08:25:00.",P00797,P00807,LOC0008
DIG002001,2026-07-03 07:25:00,mr,"PERSON_00429 और PERSON_00516 ने संपर्क केला, Zone_0104, Bhopal के पास। समय 2026-07-03 07:25:00.",P00429,P00516,LOC0104
DIG002002,2026-02-10 13:20:00,te,"PERSON_00182 और PERSON_00561 ने వెళ్లారు, Zone_0033, Jabalpur के पास। समय 2026-02-10 13:20:00.",P00182,P00561,LOC0033
DIG002003,2026-01-23 06:16:00,ur,"PERSON_00700 और PERSON_00300 ने رابطہ کیا, Zone_0031, Bhopal के पास। समय 2026-01-23 06:16:00.",P00700,P00300,LOC0031
DIG002004,2026-07-21 03:49:00,mr,"PERSON_00876 और PERSON_00763 ने भेट दिली, Zone_0068, Bhopal के पास। समय 2026-07-21 03:49:00.",P00876,P00763,LOC0068
DIG002005,2026-05-12 07:11:00,te,"PERSON_00306 और PERSON_00189 ने సంప్రదించారు, Zone_0174, Gwalior के पास। समय 2026-05-12 07:11:00.",P00306,P00189,LOC0174
DIG002006,2026-03-22 02:32:00,en,"PERSON_00308 used a vehicle PERSON_00540 near Zone_0049, Nagpur. Record time 2026-03-22 02:32:00.",P00308,P00540,LOC0049
DIG002007,2026-03-19 05:22:00,en,"PERSON_00311 met PERSON_00613 near Zone_0152, Nagpur. Record time 2026-03-19 05:22:00.",P00311,P00613,LOC0152
DIG002008,2026-07-16 21:45:00,en,"PERSON_00539 used a vehicle PERSON_00180 near Zone_0091, Jabalpur. Record time 2026-07-16 21:45:00.",P00539,P00180,LOC0091
DIG002009,2026-06-03 21:07:00,bn,"PERSON_00905 और PERSON_00940 ने বার্তা পাঠিয়েছে, Zone_0063, Gwalior के पास। समय 2026-06-03 21:07:00.",P00905,P00940,LOC0063
DIG002010,2026-01-29 11:05:00,ta,"PERSON_00937 और PERSON_00249 ने அழைத்தார், Zone_0125, Indore के पास। समय 2026-01-29 11:05:00.",P00937,P00249,LOC0125
DIG002011,2026-07-20 19:58:00,ur,"PERSON_00576 और PERSON_00454 ने پیغام بھیجا, Zone_0151, Indore के पास। समय 2026-07-20 19:58:00.",P00576,P00454,LOC0151
DIG002012,2026-06-12 07:46:00,te,"PERSON_00799 और PERSON_00484 ने స్థానం పంచుకున్నారు, Zone_0180, Indore के पास। समय 2026-06-12 07:46:00.",P00799,P00484,LOC0180
DIG002013,2026-03-18 08:58:00,gu,"PERSON_00641 और PERSON_00183 ने સંપર્ક કર્યો, Zone_0041, Ujjain के पास। समय 2026-03-18 08:58:00.",P00641,P00183,LOC0041
DIG002014,2026-07-11 13:57:00,gu,"PERSON_00641 और PERSON_00408 ने ફોન કર્યો, Zone_0129, Nagpur के पास। समय 2026-07-11 13:57:00.",P00641,P00408,LOC0129
DIG002015,2026-04-28 04:51:00,kn,"PERSON_00348 और PERSON_00440 ने ಸಂದೇಶ ಕಳುಹಿಸಿದರು, Zone_0048, Indore के पास। समय 2026-04-28 04:51:00.",P00348,P00440,LOC0048
DIG002016,2026-03-06 13:02:00,kn,"PERSON_00919 और PERSON_00238 ने ಭೇಟಿ ನೀಡಿದರು, Zone_0158, Jabalpur के पास। समय 2026-03-06 13:02:00.",P00919,P00238,LOC0158
DIG002017,2026-04-16 10:27:00,hi,"PERSON_00129 और PERSON_00258 ने संदेश भेजा, Zone_0003, Indore के पास। समय 2026-04-16 10:27:00.",P00129,P00258,LOC0003
DIG002018,2026-06-06 14:51:00,gu,"PERSON_00034 और PERSON_00808 ने મુલાકાત લીધી, Zone_0164, Bhopal के पास। समय 2026-06-06 14:51:00.",P00034,P00808,LOC0164
DIG002019,2026-01-22 19:29:00,ur,"PERSON_00307 और PERSON_00492 ने مقام شیئر کیا, Zone_0112, Ujjain के पास। समय 2026-01-22 19:29:00.",P00307,P00492,LOC0112
DIG002020,2026-03-15 03:33:00,te,"PERSON_00826 और PERSON_00758 ने ఫోన్ చేశారు, Zone_0177, Gwalior के पास। समय 2026-03-15 03:33:00.",P00826,P00758,LOC0177
DIG002021,2026-01-05 20:25:00,pa,"PERSON_00937 और PERSON_00943 ने ਸੰਪਰਕ ਕੀਤਾ, Zone_0165, Gwalior के पास। समय 2026-01-05 20:25:00.",P00937,P00943,LOC0165
DIG002022,2026-06-19 03:02:00,pa,"PERSON_00117 और PERSON_00489 ने ਸੰਪਰਕ ਕੀਤਾ, Zone_0150, Ujjain के पास। समय 2026-06-19 03:02:00.",P00117,P00489,LOC0150
DIG002023,2026-07-09 13:45:00,ta,"PERSON_00498 और PERSON_00650 ने தொடர்பு கொண்டார், Zone_0014, Bhopal के पास। समय 2026-07-09 13:45:00.",P00498,P00650,LOC0014
DIG002024,2026-04-02 09:39:00,gu,"PERSON_00650 और PERSON_00088 ने સ્થાન શેર કર્યું, Zone_0068, Bhopal के पास। समय 2026-04-02 09:39:00.",P00650,P00088,LOC0068
DIG002025,2026-07-08 20:58:00,kn,"PERSON_00908 और PERSON_00898 ने ಸ್ಥಳ ಹಂಚಿಕೊಂಡರು, Zone_0112, Ujjain के पास। समय 2026-07-08 20:58:00.",P00908,P00898,LOC0112
DIG002026,2026-02-09 15:11:00,kn,"PERSON_00845 और PERSON_00184 ने ಸ್ಥಳ ಹಂಚಿಕೊಂಡರು, Zone_0090, Gwalior के पास। समय 2026-02-09 15:11:00.",P00845,P00184,LOC0090
DIG002027,2026-01-29 03:33:00,ur,"PERSON_00683 और PERSON_00060 ने مقام شیئر کیا, Zone_0125, Indore के पास। समय 2026-01-29 03:33:00.",P00683,P00060,LOC0125
DIG002028,2026-07-28 20:07:00,en,"PERSON_00569 used a vehicle PERSON_00320 near Zone_0155, Nagpur. Record time 2026-07-28 20:07:00.",P00569,P00320,LOC0155
DIG002029,2026-01-08 21:29:00,kn,"PERSON_00934 और PERSON_00587 ने ಕರೆ ಮಾಡಿದರು, Zone_0084, Gwalior के पास। समय 2026-01-08 21:29:00.",P00934,P00587,LOC0084
DIG002030,2026-02-09 20:59:00,te,"PERSON_00740 और PERSON_00799 ने స్థానం పంచుకున్నారు, Zone_0009, Jabalpur के पास। समय 2026-02-09 20:59:00.",P00740,P00799,LOC0009
DIG002031,2026-03-16 05:58:00,en,"PERSON_00068 sent a message to PERSON_00987 near Zone_0039, Gwalior. Record time 2026-03-16 05:58:00.",P00068,P00987,LOC0039
DIG002032,2026-01-12 11:46:00,mr,"PERSON_00650 और PERSON_00301 ने भेटला, Zone_0131, Gwalior के पास। समय 2026-01-12 11:46:00.",P00650,P00301,LOC0131
DIG002033,2026-04-29 20:00:00,hi,"PERSON_00352 और PERSON_00896 ने स्थान साझा किया, Zone_0099, Bhopal के पास। समय 2026-04-29 20:00:00.",P00352,P00896,LOC0099
DIG002034,2026-06-09 18:17:00,gu,"PERSON_00286 और PERSON_00795 ने નાણાં મોકલ્યાં, Zone_0035, Jabalpur के पास। समय 2026-06-09 18:17:00.",P00286,P00795,LOC0035
DIG002035,2026-07-18 10:59:00,te,"PERSON_00176 और PERSON_00982 ने డబ్బు పంపారు, Zone_0065, Jabalpur के पास। समय 2026-07-18 10:59:00.",P00176,P00982,LOC0065
DIG002036,2026-01-10 16:11:00,en,"PERSON_00090 transferred funds to PERSON_00541 near Zone_0037, Indore. Record time 2026-01-10 16:11:00.",P00090,P00541,LOC0037
DIG002037,2026-04-04 02:58:00,ml,"PERSON_00301 और PERSON_00793 ने കണ്ടുമുട്ടി, Zone_0109, Bhopal के पास। समय 2026-04-04 02:58:00.",P00301,P00793,LOC0109
DIG002038,2026-03-13 20:32:00,kn,"PERSON_00132 और PERSON_00888 ने ಹಣ ಕಳುಹಿಸಿದರು, Zone_0108, Bhopal के पास। समय 2026-03-13 20:32:00.",P00132,P00888,LOC0108
DIG002039,2026-04-02 04:23:00,te,"PERSON_00733 और PERSON_00025 ने స్థానం పంచుకున్నారు, Zone_0035, Jabalpur के पास। समय 2026-04-02 04:23:00.",P00733,P00025,LOC0035
DIG002040,2026-07-16 03:01:00,ta,"PERSON_00354 और PERSON_00821 ने இடத்தை பகிர்ந்தார், Zone_0058, Bhopal के पास। समय 2026-07-16 03:01:00.",P00354,P00821,LOC0058
DIG002041,2026-04-27 14:22:00,hi,"PERSON_00714 और PERSON_00512 ने मिला, Zone_0017, Gwalior के पास। समय 2026-04-27 14:22:00.",P00714,P00512,LOC0017
DIG002042,2026-03-08 10:21:00,ta,"PERSON_00799 और PERSON_00434 ने இடத்தை பகிர்ந்தார், Zone_0078, Ujjain के पास। समय 2026-03-08 10:21:00.",P00799,P00434,LOC0078
DIG002043,2026-06-06 03:13:00,hi,"PERSON_00674 और PERSON_00270 ने संदेश भेजा, Zone_0137, Nagpur के पास। समय 2026-06-06 03:13:00.",P00674,P00270,LOC0137
DIG002044,2026-06-22 11:47:00,ml,"PERSON_00369 और PERSON_00747 ने കണ്ടുമുട്ടി, Zone_0067, Indore के पास। समय 2026-06-22 11:47:00.",P00369,P00747,LOC0067
DIG002045,2026-06-21 20:39:00,hi,"PERSON_00673 और PERSON_00030 ने संपर्क किया, Zone_0174, Gwalior के पास। समय 2026-06-21 20:39:00.",P00673,P00030,LOC0174
DIG002046,2026-02-11 22:03:00,ml,"PERSON_00498 और PERSON_00504 ने സ്ഥലം പങ്കിട്ടു, Zone_0179, Gwalior के पास। समय 2026-02-11 22:03:00.",P00498,P00504,LOC0179
DIG002047,2026-01-18 04:36:00,gu,"PERSON_00428 और PERSON_00264 ने મુલાકાત લીધી, Zone_0090, Gwalior के पास। समय 2026-01-18 04:36:00.",P00428,P00264,LOC0090
DIG002048,2026-08-24 10:25:00,ur,"PERSON_00408 और PERSON_00521 ने رقم منتقل کی, Zone_0165, Gwalior के पास। समय 2026-08-24 10:25:00.",P00408,P00521,LOC0165
DIG002049,2026-08-30 16:26:00,gu,"PERSON_00581 और PERSON_00905 ने સંપર્ક કર્યો, Zone_0104, Bhopal के पास। समय 2026-08-30 16:26:00.",P00581,P00905,LOC0104
DIG002050,2026-03-28 22:33:00,mr,"PERSON_00654 और PERSON_00433 ने पैसे पाठवले, Zone_0090, Gwalior के पास। समय 2026-03-28 22:33:00.",P00654,P00433,LOC0090
DIG002051,2026-05-27 18:43:00,hi,"PERSON_00364 और PERSON_00346 ने दौरा किया, Zone_0073, Jabalpur के पास। समय 2026-05-27 18:43:00.",P00364,P00346,LOC0073
DIG002052,2026-08-10 02:07:00,te,"PERSON_00448 और PERSON_00272 ने స్థానం పంచుకున్నారు, Zone_0025, Jabalpur के पास। समय 2026-08-10 02:07:00.",P00448,P00272,LOC0025
DIG002053,2026-01-28 19:09:00,en,"PERSON_00478 used a vehicle PERSON_00306 near Zone_0041, Ujjain. Record time 2026-01-28 19:09:00.",P00478,P00306,LOC0041
DIG002054,2026-07-27 15:33:00,pa,"PERSON_00859 और PERSON_00832 ने ਮਿਲਿਆ, Zone_0099, Bhopal के पास। समय 2026-07-27 15:33:00.",P00859,P00832,LOC0099
DIG002055,2026-02-09 17:09:00,mr,"PERSON_00220 और PERSON_00827 ने संदेश पाठवला, Zone_0123, Ujjain के पास। समय 2026-02-09 17:09:00.",P00220,P00827,LOC0123
DIG002056,2026-05-20 17:02:00,ta,"PERSON_00036 और PERSON_00955 ने சந்தித்தார், Zone_0134, Indore के पास। समय 2026-05-20 17:02:00.",P00036,P00955,LOC0134
DIG002057,2026-03-14 09:59:00,mr,"PERSON_00623 और PERSON_00139 ने फोन केला, Zone_0132, Indore के पास। समय 2026-03-14 09:59:00.",P00623,P00139,LOC0132
DIG002058,2026-08-10 04:59:00,mr,"PERSON_00033 और PERSON_00729 ने भेट दिली, Zone_0071, Indore के पास। समय 2026-08-10 04:59:00.",P00033,P00729,LOC0071
DIG002059,2026-05-23 10:56:00,mr,"PERSON_00208 और PERSON_00908 ने ठिकाण शेअर केले, Zone_0077, Bhopal के पास। समय 2026-05-23 10:56:00.",P00208,P00908,LOC0077
DIG002060,2026-08-29 22:29:00,mr,"PERSON_00173 और PERSON_00924 ने भेटला, Zone_0016, Ujjain के पास। समय 2026-08-29 22:29:00.",P00173,P00924,LOC0016
DIG002061,2026-02-01 13:12:00,ml,"PERSON_00818 और PERSON_00606 ने സന്ദേശം അയച്ചു, Zone_0154, Ujjain के पास। समय 2026-02-01 13:12:00.",P00818,P00606,LOC0154
DIG002062,2026-01-10 03:34:00,en,"PERSON_00623 contacted PERSON_00392 near Zone_0012, Nagpur. Record time 2026-01-10 03:34:00.",P00623,P00392,LOC0012
DIG002063,2026-08-22 07:58:00,kn,"PERSON_00196 और PERSON_00649 ने ಸ್ಥಳ ಹಂಚಿಕೊಂಡರು, Zone_0057, Ujjain के पास। समय 2026-08-22 07:58:00.",P00196,P00649,LOC0057
DIG002064,2026-01-14 18:04:00,ml,"PERSON_00007 और PERSON_00878 ने സന്ദേശം അയച്ചു, Zone_0178, Gwalior के पास। समय 2026-01-14 18:04:00.",P00007,P00878,LOC0178
DIG002065,2026-06-18 19:42:00,pa,"PERSON_00385 और PERSON_00595 ने ਸੰਪਰਕ ਕੀਤਾ, Zone_0023, Jabalpur के पास। समय 2026-06-18 19:42:00.",P00385,P00595,LOC0023
DIG002066,2026-01-08 02:26:00,te,"PERSON_00837 और PERSON_00010 ने స్థానం పంచుకున్నారు, Zone_0062, Ujjain के पास। समय 2026-01-08 02:26:00.",P00837,P00010,LOC0062
DIG002067,2026-03-02 03:30:00,ml,"PERSON_00478 और PERSON_00943 ने സന്ദർശിച്ചു, Zone_0121, Nagpur के पास। समय 2026-03-02 03:30:00.",P00478,P00943,LOC0121
DIG002068,2026-03-19 19:04:00,ur,"PERSON_00192 और PERSON_00638 ने دورہ کیا, Zone_0034, Jabalpur के पास। समय 2026-03-19 19:04:00.",P00192,P00638,LOC0034
DIG002069,2026-08-01 18:42:00,te,"PERSON_00344 और PERSON_00160 ने డబ్బు పంపారు, Zone_0044, Bhopal के पास। समय 2026-08-01 18:42:00.",P00344,P00160,LOC0044
DIG002070,2026-02-11 00:55:00,ur,"PERSON_00775 और PERSON_00063 ने رقم منتقل کی, Zone_0100, Jabalpur के पास। समय 2026-02-11 00:55:00.",P00775,P00063,LOC0100
DIG002071,2026-06-27 19:02:00,ml,"PERSON_00658 और PERSON_00353 ने സന്ദർശിച്ചു, Zone_0159, Nagpur के पास। समय 2026-06-27 19:02:00.",P00658,P00353,LOC0159
DIG002072,2026-08-07 03:21:00,kn,"PERSON_00132 और PERSON_00080 ने ಭೇಟಿಯಾದರು, Zone_0112, Ujjain के पास। समय 2026-08-07 03:21:00.",P00132,P00080,LOC0112
DIG002073,2026-02-14 08:04:00,en,"PERSON_00139 used a vehicle PERSON_00314 near Zone_0071, Indore. Record time 2026-02-14 08:04:00.",P00139,P00314,LOC0071
DIG002074,2026-01-22 12:35:00,te,"PERSON_00523 और PERSON_00267 ने సంప్రదించారు, Zone_0103, Indore के पास। समय 2026-01-22 12:35:00.",P00523,P00267,LOC0103
DIG002075,2026-07-02 21:21:00,ta,"PERSON_00413 और PERSON_00539 ने இடத்தை பகிர்ந்தார், Zone_0015, Gwalior के पास। समय 2026-07-02 21:21:00.",P00413,P00539,LOC0015
DIG002076,2026-05-26 18:02:00,ml,"PERSON_00875 और PERSON_00208 ने സന്ദർശിച്ചു, Zone_0042, Ujjain के पास। समय 2026-05-26 18:02:00.",P00875,P00208,LOC0042
DIG002077,2026-07-15 04:25:00,bn,"PERSON_00590 और PERSON_00765 ने পরিদর্শন করেছে, Zone_0123, Ujjain के पास। समय 2026-07-15 04:25:00.",P00590,P00765,LOC0123
DIG002078,2026-01-17 09:43:00,te,"PERSON_00163 और PERSON_00096 ने డబ్బు పంపారు, Zone_0034, Jabalpur के पास। समय 2026-01-17 09:43:00.",P00163,P00096,LOC0034
DIG002079,2026-08-19 20:49:00,ur,"PERSON_00223 और PERSON_00937 ने پیغام بھیجا, Zone_0048, Indore के पास। समय 2026-08-19 20:49:00.",P00223,P00937,LOC0048
DIG002080,2026-07-06 20:57:00,en,"PERSON_00030 used a vehicle PERSON_00476 near Zone_0028, Bhopal. Record time 2026-07-06 20:57:00.",P00030,P00476,LOC0028
DIG002081,2026-02-28 20:13:00,en,"PERSON_00576 visited PERSON_00362 near Zone_0103, Indore. Record time 2026-02-28 20:13:00.",P00576,P00362,LOC0103
DIG002082,2026-01-29 13:18:00,hi,"PERSON_00666 और PERSON_00031 ने स्थान साझा किया, Zone_0031, Bhopal के पास। समय 2026-01-29 13:18:00.",P00666,P00031,LOC0031
DIG002083,2026-04-04 14:06:00,gu,"PERSON_00236 और PERSON_00247 ने મળ્યા, Zone_0149, Ujjain के पास। समय 2026-04-04 14:06:00.",P00236,P00247,LOC0149
DIG002084,2026-01-31 12:52:00,ta,"PERSON_00269 और PERSON_00118 ने இடத்தை பகிர்ந்தார், Zone_0129, Nagpur के पास। समय 2026-01-31 12:52:00.",P00269,P00118,LOC0129
DIG002085,2026-03-11 04:14:00,gu,"PERSON_00779 और PERSON_00486 ने ફોન કર્યો, Zone_0028, Bhopal के पास। समय 2026-03-11 04:14:00.",P00779,P00486,LOC0028
DIG002086,2026-03-17 14:04:00,hi,"PERSON_00573 और PERSON_00332 ने वाहन का उपयोग किया, Zone_0009, Jabalpur के पास। समय 2026-03-17 14:04:00.",P00573,P00332,LOC0009
DIG002087,2026-01-31 16:27:00,gu,"PERSON_00679 और PERSON_00198 ने ફોન કર્યો, Zone_0046, Bhopal के पास। समय 2026-01-31 16:27:00.",P00679,P00198,LOC0046
DIG002088,2026-01-15 02:01:00,en,"PERSON_00326 visited PERSON_00234 near Zone_0178, Gwalior. Record time 2026-01-15 02:01:00.",P00326,P00234,LOC0178
DIG002089,2026-06-04 08:45:00,mr,"PERSON_00090 और PERSON_00229 ने भेटला, Zone_0150, Ujjain के पास। समय 2026-06-04 08:45:00.",P00090,P00229,LOC0150
DIG002090,2026-08-10 00:56:00,hi,"PERSON_00043 और PERSON_00288 ने फोन किया, Zone_0059, Indore के पास। समय 2026-08-10 00:56:00.",P00043,P00288,LOC0059
DIG002091,2026-04-03 18:25:00,ur,"PERSON_00870 और PERSON_00776 ने رابطہ کیا, Zone_0079, Nagpur के पास। समय 2026-04-03 18:25:00.",P00870,P00776,LOC0079
DIG002092,2026-04-01 06:48:00,kn,"PERSON_00738 और PERSON_00350 ने ಭೇಟಿಯಾದರು, Zone_0089, Jabalpur के पास। समय 2026-04-01 06:48:00.",P00738,P00350,LOC0089
DIG002093,2026-07-31 18:30:00,en,"PERSON_00846 transferred funds to PERSON_00725 near Zone_0020, Bhopal. Record time 2026-07-31 18:30:00.",P00846,P00725,LOC0020
DIG002094,2026-04-01 23:39:00,ur,"PERSON_00542 और PERSON_00624 ने فون کیا, Zone_0059, Indore के पास। समय 2026-04-01 23:39:00.",P00542,P00624,LOC0059
DIG002095,2026-04-16 02:50:00,te,"PERSON_00237 और PERSON_00315 ने వెళ్లారు, Zone_0140, Jabalpur के पास। समय 2026-04-16 02:50:00.",P00237,P00315,LOC0140
DIG002096,2026-07-03 12:31:00,gu,"PERSON_00338 और PERSON_00753 ने ફોન કર્યો, Zone_0146, Bhopal के पास। समय 2026-07-03 12:31:00.",P00338,P00753,LOC0146
DIG002097,2026-07-14 02:54:00,ml,"PERSON_00764 और PERSON_00754 ने ബന്ധപ്പെട്ടു, Zone_0056, Jabalpur के पास। समय 2026-07-14 02:54:00.",P00764,P00754,LOC0056
DIG002098,2026-03-01 18:17:00,gu,"PERSON_00884 और PERSON_00315 ने નાણાં મોકલ્યાં, Zone_0154, Ujjain के पास। समय 2026-03-01 18:17:00.",P00884,P00315,LOC0154
DIG002099,2026-05-19 13:23:00,kn,"PERSON_00693 और PERSON_00488 ने ಭೇಟಿ ನೀಡಿದರು, Zone_0001, Gwalior के पास। समय 2026-05-19 13:23:00.",P00693,P00488,LOC0001
DIG002100,2026-06-12 04:17:00,gu,"PERSON_00658 और PERSON_00543 ने સંપર્ક કર્યો, Zone_0020, Bhopal के पास। समय 2026-06-12 04:17:00.",P00658,P00543,LOC0020
DIG002101,2026-06-01 19:47:00,ml,"PERSON_00605 और PERSON_00164 ने വിളിച്ചു, Zone_0102, Ujjain के पास। समय 2026-06-01 19:47:00.",P00605,P00164,LOC0102
DIG002102,2026-04-16 20:28:00,mr,"PERSON_00890 और PERSON_00730 ने संपर्क केला, Zone_0139, Jabalpur के पास। समय 2026-04-16 20:28:00.",P00890,P00730,LOC0139
DIG002103,2026-04-12 10:48:00,pa,"PERSON_00035 और PERSON_00358 ने ਸੁਨੇਹਾ ਭੇਜਿਆ, Zone_0139, Jabalpur के पास। समय 2026-04-12 10:48:00.",P00035,P00358,LOC0139
DIG002104,2026-02-24 17:20:00,ta,"PERSON_00819 और PERSON_00754 ने பணம் அனுப்பினார், Zone_0140, Jabalpur के पास। समय 2026-02-24 17:20:00.",P00819,P00754,LOC0140
DIG002105,2026-05-14 10:34:00,pa,"PERSON_00486 और PERSON_00907 ने ਸਥਾਨ ਸਾਂਝਾ ਕੀਤਾ, Zone_0180, Indore के पास। समय 2026-05-14 10:34:00.",P00486,P00907,LOC0180
DIG002106,2026-07-21 10:38:00,hi,"PERSON_00174 और PERSON_00282 ने स्थान साझा किया, Zone_0112, Ujjain के पास। समय 2026-07-21 10:38:00.",P00174,P00282,LOC0112
DIG002107,2026-08-19 01:50:00,mr,"PERSON_00577 और PERSON_00188 ने संदेश पाठवला, Zone_0029, Nagpur के पास। समय 2026-08-19 01:50:00.",P00577,P00188,LOC0029
DIG002108,2026-05-06 15:23:00,ur,"PERSON_00637 और PERSON_00470 ने پیغام بھیجا, Zone_0008, Nagpur के पास। समय 2026-05-06 15:23:00.",P00637,P00470,LOC0008
DIG002109,2026-02-10 07:56:00,bn,"PERSON_00084 और PERSON_00550 ने যোগাযোগ করেছে, Zone_0092, Ujjain के पास। समय 2026-02-10 07:56:00.",P00084,P00550,LOC0092
DIG002110,2026-07-06 18:45:00,mr,"PERSON_00895 और PERSON_00616 ने भेट दिली, Zone_0003, Indore के पास। समय 2026-07-06 18:45:00.",P00895,P00616,LOC0003
DIG002111,2026-01-13 03:54:00,mr,"PERSON_00387 और PERSON_00423 ने संदेश पाठवला, Zone_0173, Jabalpur के पास। समय 2026-01-13 03:54:00.",P00387,P00423,LOC0173
DIG002112,2026-05-23 06:55:00,en,"PERSON_00502 contacted PERSON_00536 near Zone_0134, Indore. Record time 2026-05-23 06:55:00.",P00502,P00536,LOC0134
DIG002113,2026-06-23 16:32:00,ml,"PERSON_00481 और PERSON_00055 ने ബന്ധപ്പെട്ടു, Zone_0168, Nagpur के पास। समय 2026-06-23 16:32:00.",P00481,P00055,LOC0168
DIG002114,2026-06-11 04:20:00,en,"PERSON_00600 met PERSON_00097 near Zone_0103, Indore. Record time 2026-06-11 04:20:00.",P00600,P00097,LOC0103
DIG002115,2026-02-18 23:33:00,hi,"PERSON_00082 और PERSON_00472 ने संदेश भेजा, Zone_0067, Indore के पास। समय 2026-02-18 23:33:00.",P00082,P00472,LOC0067
DIG002116,2026-05-26 20:08:00,mr,"PERSON_00029 और PERSON_00337 ने भेटला, Zone_0053, Nagpur के पास। समय 2026-05-26 20:08:00.",P00029,P00337,LOC0053
DIG002117,2026-04-17 08:34:00,gu,"PERSON_00755 और PERSON_00553 ने સંદેશ મોકલ્યો, Zone_0077, Bhopal के पास। समय 2026-04-17 08:34:00.",P00755,P00553,LOC0077
DIG002118,2026-03-16 21:07:00,pa,"PERSON_00707 और PERSON_00643 ने ਸਥਾਨ ਸਾਂਝਾ ਕੀਤਾ, Zone_0042, Ujjain के पास। समय 2026-03-16 21:07:00.",P00707,P00643,LOC0042
DIG002119,2026-03-15 07:26:00,gu,"PERSON_00519 और PERSON_00233 ने મુલાકાત લીધી, Zone_0021, Ujjain के पास। समय 2026-03-15 07:26:00.",P00519,P00233,LOC0021
DIG002120,2026-04-08 15:46:00,bn,"PERSON_00561 और PERSON_00018 ने স্থান ভাগ করেছে, Zone_0083, Ujjain के पास। समय 2026-04-08 15:46:00.",P00561,P00018,LOC0083
DIG002121,2026-08-07 17:13:00,kn,"PERSON_00647 और PERSON_00314 ने ಕರೆ ಮಾಡಿದರು, Zone_0031, Bhopal के पास। समय 2026-08-07 17:13:00.",P00647,P00314,LOC0031
DIG002122,2026-04-19 02:46:00,ta,"PERSON_00637 और PERSON_00008 ने இடத்தை பகிர்ந்தார், Zone_0025, Jabalpur के पास। समय 2026-04-19 02:46:00.",P00637,P00008,LOC0025
DIG002123,2026-05-22 13:51:00,gu,"PERSON_00673 और PERSON_00757 ने મળ્યા, Zone_0027, Gwalior के पास। समय 2026-05-22 13:51:00.",P00673,P00757,LOC0027
DIG002124,2026-03-03 21:39:00,te,"PERSON_00086 और PERSON_00039 ने వెళ్లారు, Zone_0158, Jabalpur के पास। समय 2026-03-03 21:39:00.",P00086,P00039,LOC0158
DIG002125,2026-06-20 12:45:00,pa,"PERSON_00189 और PERSON_00700 ने ਸੰਪਰਕ ਕੀਤਾ, Zone_0061, Gwalior के पास। समय 2026-06-20 12:45:00.",P00189,P00700,LOC0061
DIG002126,2026-06-18 22:51:00,ta,"PERSON_00453 और PERSON_00835 ने இடத்தை பகிர்ந்தார், Zone_0125, Indore के पास। समय 2026-06-18 22:51:00.",P00453,P00835,LOC0125
DIG002127,2026-08-06 23:38:00,kn,"PERSON_00910 और PERSON_00620 ने ಭೇಟಿಯಾದರು, Zone_0124, Bhopal के पास। समय 2026-08-06 23:38:00.",P00910,P00620,LOC0124
DIG002128,2026-03-03 12:07:00,kn,"PERSON_00207 और PERSON_00339 ने ಸಂದೇಶ ಕಳುಹಿಸಿದರು, Zone_0165, Gwalior के पास। समय 2026-03-03 12:07:00.",P00207,P00339,LOC0165
DIG002129,2026-08-02 02:24:00,pa,"PERSON_00707 और PERSON_00785 ने ਸੰਪਰਕ ਕੀਤਾ, Zone_0165, Gwalior के पास। समय 2026-08-02 02:24:00.",P00707,P00785,LOC0165
DIG002130,2026-06-18 23:13:00,kn,"PERSON_00396 और PERSON_00505 ने ಸ್ಥಳ ಹಂಚಿಕೊಂಡರು, Zone_0049, Nagpur के पास। समय 2026-06-18 23:13:00.",P00396,P00505,LOC0049
DIG002131,2026-02-09 08:01:00,ml,"PERSON_00797 और PERSON_00645 ने ബന്ധപ്പെട്ടു, Zone_0137, Nagpur के पास। समय 2026-02-09 08:01:00.",P00797,P00645,LOC0137
DIG002132,2026-03-05 13:39:00,ur,"PERSON_00018 और PERSON_00634 ने ملاقات کی, Zone_0180, Indore के पास। समय 2026-03-05 13:39:00.",P00018,P00634,LOC0180
DIG002133,2026-02-01 02:03:00,ml,"PERSON_00987 और PERSON_00991 ने സന്ദർശിച്ചു, Zone_0076, Indore के पास। समय 2026-02-01 02:03:00.",P00987,P00991,LOC0076
DIG002134,2026-05-07 12:41:00,kn,"PERSON_00172 और PERSON_00987 ने ಸ್ಥಳ ಹಂಚಿಕೊಂಡರು, Zone_0126, Nagpur के पास। समय 2026-05-07 12:41:00.",P00172,P00987,LOC0126
DIG002135,2026-01-21 23:17:00,ur,"PERSON_00011 और PERSON_00148 ने ملاقات کی, Zone_0026, Nagpur के पास। समय 2026-01-21 23:17:00.",P00011,P00148,LOC0026
DIG002136,2026-03-25 09:33:00,te,"PERSON_00153 और PERSON_00084 ने సంప్రదించారు, Zone_0054, Jabalpur के पास। समय 2026-03-25 09:33:00.",P00153,P00084,LOC0054
DIG002137,2026-05-17 18:54:00,mr,"PERSON_00074 और PERSON_00965 ने ठिकाण शेअर केले, Zone_0143, Nagpur के पास। समय 2026-05-17 18:54:00.",P00074,P00965,LOC0143
DIG002138,2026-08-01 21:49:00,hi,"PERSON_00699 और PERSON_00119 ने स्थान साझा किया, Zone_0151, Indore के पास। समय 2026-08-01 21:49:00.",P00699,P00119,LOC0151
DIG002139,2026-06-05 12:52:00,mr,"PERSON_00017 और PERSON_00909 ने भेट दिली, Zone_0060, Ujjain के पास। समय 2026-06-05 12:52:00.",P00017,P00909,LOC0060
DIG002140,2026-05-19 05:14:00,te,"PERSON_00242 और PERSON_00565 ने డబ్బు పంపారు, Zone_0091, Jabalpur के पास। समय 2026-05-19 05:14:00.",P00242,P00565,LOC0091
DIG002141,2026-07-08 05:39:00,ur,"PERSON_00353 और PERSON_00119 ने فون کیا, Zone_0003, Indore के पास। समय 2026-07-08 05:39:00.",P00353,P00119,LOC0003
DIG002142,2026-08-09 06:49:00,ur,"PERSON_00312 और PERSON_00295 ने مقام شیئر کیا, Zone_0034, Jabalpur के पास। समय 2026-08-09 06:49:00.",P00312,P00295,LOC0034
DIG002143,2026-02-05 16:11:00,ta,"PERSON_00098 और PERSON_00220 ने இடத்தை பகிர்ந்தார், Zone_0059, Indore के पास। समय 2026-02-05 16:11:00.",P00098,P00220,LOC0059
DIG002144,2026-07-20 00:46:00,mr,"PERSON_00879 और PERSON_00264 ने भेटला, Zone_0046, Bhopal के पास। समय 2026-07-20 00:46:00.",P00879,P00264,LOC0046
DIG002145,2026-05-23 15:00:00,en,"PERSON_00357 visited PERSON_00814 near Zone_0030, Nagpur. Record time 2026-05-23 15:00:00.",P00357,P00814,LOC0030
DIG002146,2026-05-20 08:18:00,bn,"PERSON_00529 और PERSON_00880 ने টাকা পাঠিয়েছে, Zone_0062, Ujjain के पास। समय 2026-05-20 08:18:00.",P00529,P00880,LOC0062
DIG002147,2026-01-15 14:34:00,pa,"PERSON_00666 और PERSON_00788 ने ਸਥਾਨ ਸਾਂਝਾ ਕੀਤਾ, Zone_0165, Gwalior के पास। समय 2026-01-15 14:34:00.",P00666,P00788,LOC0165
DIG002148,2026-02-21 09:38:00,hi,"PERSON_00317 और PERSON_00377 ने संदेश भेजा, Zone_0031, Bhopal के पास। समय 2026-02-21 09:38:00.",P00317,P00377,LOC0031
DIG002149,2026-01-12 18:24:00,en,"PERSON_00523 called PERSON_00115 near Zone_0139, Jabalpur. Record time 2026-01-12 18:24:00.",P00523,P00115,LOC0139
DIG002150,2026-06-02 15:21:00,hi,"PERSON_00612 और PERSON_00454 ने धन भेजा, Zone_0139, Jabalpur के पास। समय 2026-06-02 15:21:00.",P00612,P00454,LOC0139
DIG002151,2026-01-29 13:56:00,gu,"PERSON_00608 और PERSON_00195 ने સ્થાન શેર કર્યું, Zone_0157, Nagpur के पास। समय 2026-01-29 13:56:00.",P00608,P00195,LOC0157
DIG002152,2026-02-10 02:41:00,gu,"PERSON_00235 और PERSON_00587 ने મુલાકાત લીધી, Zone_0011, Gwalior के पास। समय 2026-02-10 02:41:00.",P00235,P00587,LOC0011
DIG002153,2026-07-20 19:16:00,gu,"PERSON_00654 और PERSON_00253 ने સ્થાન શેર કર્યું, Zone_0047, Ujjain के पास। समय 2026-07-20 19:16:00.",P00654,P00253,LOC0047
DIG002154,2026-04-26 18:22:00,ml,"PERSON_00384 और PERSON_00639 ने സ്ഥലം പങ്കിട്ടു, Zone_0064, Ujjain के पास। समय 2026-04-26 18:22:00.",P00384,P00639,LOC0064
DIG002155,2026-04-22 06:14:00,gu,"PERSON_00191 और PERSON_00763 ने સંદેશ મોકલ્યો, Zone_0106, Ujjain के पास। समय 2026-04-22 06:14:00.",P00191,P00763,LOC0106
DIG002156,2026-08-27 12:41:00,en,"PERSON_00487 transferred funds to PERSON_00668 near Zone_0134, Indore. Record time 2026-08-27 12:41:00.",P00487,P00668,LOC0134
DIG002157,2026-02-17 16:41:00,mr,"PERSON_00208 और PERSON_00680 ने पैसे पाठवले, Zone_0115, Jabalpur के पास। समय 2026-02-17 16:41:00.",P00208,P00680,LOC0115
DIG002158,2026-03-17 05:02:00,en,"PERSON_00532 met PERSON_00128 near Zone_0045, Gwalior. Record time 2026-03-17 05:02:00.",P00532,P00128,LOC0045
DIG002159,2026-01-06 15:43:00,kn,"PERSON_00363 और PERSON_00480 ने ಭೇಟಿ ನೀಡಿದರು, Zone_0024, Jabalpur के पास। समय 2026-01-06 15:43:00.",P00363,P00480,LOC0024
DIG002160,2026-05-10 07:36:00,ur,"PERSON_00374 और PERSON_00626 ने رابطہ کیا, Zone_0104, Bhopal के पास। समय 2026-05-10 07:36:00.",P00374,P00626,LOC0104
DIG002161,2026-07-31 01:56:00,bn,"PERSON_00595 और PERSON_00161 ने পরিদর্শন করেছে, Zone_0124, Bhopal के पास। समय 2026-07-31 01:56:00.",P00595,P00161,LOC0124
DIG002162,2026-06-07 01:30:00,kn,"PERSON_00802 और PERSON_00016 ने ಸಂದೇಶ ಕಳುಹಿಸಿದರು, Zone_0074, Ujjain के पास। समय 2026-06-07 01:30:00.",P00802,P00016,LOC0074
DIG002163,2026-04-12 15:26:00,hi,"PERSON_00154 और PERSON_00140 ने संपर्क किया, Zone_0018, Bhopal के पास। समय 2026-04-12 15:26:00.",P00154,P00140,LOC0018
DIG002164,2026-06-07 12:15:00,bn,"PERSON_00947 और PERSON_00395 ने স্থান ভাগ করেছে, Zone_0149, Ujjain के पास। समय 2026-06-07 12:15:00.",P00947,P00395,LOC0149
DIG002165,2026-06-15 11:19:00,ml,"PERSON_00179 और PERSON_00089 ने സന്ദേശം അയച്ചു, Zone_0006, Bhopal के पास। समय 2026-06-15 11:19:00.",P00179,P00089,LOC0006
DIG002166,2026-03-21 15:22:00,ta,"PERSON_00690 और PERSON_00785 ने சென்றார், Zone_0093, Jabalpur के पास। समय 2026-03-21 15:22:00.",P00690,P00785,LOC0093
DIG002167,2026-08-28 07:17:00,gu,"PERSON_00447 और PERSON_00513 ने મળ્યા, Zone_0127, Bhopal के पास। समय 2026-08-28 07:17:00.",P00447,P00513,LOC0127
DIG002168,2026-05-05 01:43:00,pa,"PERSON_00582 और PERSON_00902 ने ਸਥਾਨ ਸਾਂਝਾ ਕੀਤਾ, Zone_0066, Jabalpur के पास। समय 2026-05-05 01:43:00.",P00582,P00902,LOC0066
DIG002169,2026-03-16 06:24:00,hi,"PERSON_00049 और PERSON_00091 ने दौरा किया, Zone_0046, Bhopal के पास। समय 2026-03-16 06:24:00.",P00049,P00091,LOC0046
DIG002170,2026-03-31 09:06:00,en,"PERSON_00812 visited PERSON_00713 near Zone_0056, Jabalpur. Record time 2026-03-31 09:06:00.",P00812,P00713,LOC0056
DIG002171,2026-02-14 18:19:00,bn,"PERSON_00206 और PERSON_00621 ने দেখা করেছে, Zone_0005, Jabalpur के पास। समय 2026-02-14 18:19:00.",P00206,P00621,LOC0005
DIG002172,2026-04-20 13:40:00,hi,"PERSON_00393 और PERSON_00276 ने संपर्क किया, Zone_0129, Nagpur के पास। समय 2026-04-20 13:40:00.",P00393,P00276,LOC0129
DIG002173,2026-04-06 00:10:00,kn,"PERSON_00167 और PERSON_00038 ने ಸಂಪರ್ಕಿಸಿದರು, Zone_0064, Ujjain के पास। समय 2026-04-06 00:10:00.",P00167,P00038,LOC0064
DIG002174,2026-05-05 18:57:00,te,"PERSON_00116 और PERSON_00806 ने ఫోన్ చేశారు, Zone_0026, Nagpur के पास। समय 2026-05-05 18:57:00.",P00116,P00806,LOC0026
DIG002175,2026-05-09 04:06:00,ml,"PERSON_00429 और PERSON_00868 ने ബന്ധപ്പെട്ടു, Zone_0045, Gwalior के पास। समय 2026-05-09 04:06:00.",P00429,P00868,LOC0045
DIG002176,2026-01-13 15:24:00,gu,"PERSON_00049 और PERSON_00531 ने મુલાકાત લીધી, Zone_0008, Nagpur के पास। समय 2026-01-13 15:24:00.",P00049,P00531,LOC0008
DIG002177,2026-08-30 13:50:00,bn,"PERSON_00551 और PERSON_00905 ने টাকা পাঠিয়েছে, Zone_0041, Ujjain के पास। समय 2026-08-30 13:50:00.",P00551,P00905,LOC0041
DIG002178,2026-05-14 05:33:00,kn,"PERSON_00669 और PERSON_00066 ने ಭೇಟಿಯಾದರು, Zone_0138, Bhopal के पास। समय 2026-05-14 05:33:00.",P00669,P00066,LOC0138
DIG002179,2026-01-29 14:02:00,pa,"PERSON_00944 और PERSON_00315 ने ਸਥਾਨ ਸਾਂਝਾ ਕੀਤਾ, Zone_0050, Jabalpur के पास। समय 2026-01-29 14:02:00.",P00944,P00315,LOC0050
DIG002180,2026-02-05 00:12:00,ur,"PERSON_00230 और PERSON_00989 ने رابطہ کیا, Zone_0123, Ujjain के पास। समय 2026-02-05 00:12:00.",P00230,P00989,LOC0123
DIG002181,2026-01-13 09:25:00,pa,"PERSON_00574 और PERSON_00149 ने ਮਿਲਿਆ, Zone_0154, Ujjain के पास। समय 2026-01-13 09:25:00.",P00574,P00149,LOC0154
DIG002182,2026-06-06 01:45:00,en,"PERSON_00265 visited PERSON_00241 near Zone_0098, Nagpur. Record time 2026-06-06 01:45:00.",P00265,P00241,LOC0098
DIG002183,2026-05-30 02:13:00,pa,"PERSON_00850 और PERSON_00357 ने ਸਥਾਨ ਸਾਂਝਾ ਕੀਤਾ, Zone_0015, Gwalior के पास। समय 2026-05-30 02:13:00.",P00850,P00357,LOC0015
DIG002184,2026-08-11 19:32:00,en,"PERSON_00754 used a vehicle PERSON_00957 near Zone_0137, Nagpur. Record time 2026-08-11 19:32:00.",P00754,P00957,LOC0137
DIG002185,2026-07-29 05:51:00,pa,"PERSON_00052 और PERSON_00516 ने ਸੰਪਰਕ ਕੀਤਾ, Zone_0122, Nagpur के पास। समय 2026-07-29 05:51:00.",P00052,P00516,LOC0122
DIG002186,2026-08-11 03:51:00,pa,"PERSON_00210 और PERSON_00061 ने ਮੁਲਾਕਾਤ ਕੀਤੀ, Zone_0082, Nagpur के पास। समय 2026-08-11 03:51:00.",P00210,P00061,LOC0082
DIG002187,2026-03-01 22:14:00,ta,"PERSON_00248 और PERSON_00172 ने சந்தித்தார், Zone_0060, Ujjain के पास। समय 2026-03-01 22:14:00.",P00248,P00172,LOC0060
DIG002188,2026-01-16 23:49:00,en,"PERSON_00083 contacted PERSON_00909 near Zone_0013, Gwalior. Record time 2026-01-16 23:49:00.",P00083,P00909,LOC0013
DIG002189,2026-04-11 08:30:00,kn,"PERSON_00720 और PERSON_00059 ने ಸಂಪರ್ಕಿಸಿದರು, Zone_0067, Indore के पास। समय 2026-04-11 08:30:00.",P00720,P00059,LOC0067
DIG002190,2026-01-24 02:00:00,en,"PERSON_00065 transferred funds to PERSON_00763 near Zone_0013, Gwalior. Record time 2026-01-24 02:00:00.",P00065,P00763,LOC0013
DIG002191,2026-05-18 18:25:00,kn,"PERSON_00099 और PERSON_00933 ने ಸ್ಥಳ ಹಂಚಿಕೊಂಡರು, Zone_0110, Indore के पास। समय 2026-05-18 18:25:00.",P00099,P00933,LOC0110
DIG002192,2026-08-12 18:34:00,gu,"PERSON_00739 और PERSON_00560 ने સંપર્ક કર્યો, Zone_0084, Gwalior के पास। समय 2026-08-12 18:34:00.",P00739,P00560,LOC0084
DIG002193,2026-03-02 19:46:00,mr,"PERSON_00140 और PERSON_00912 ने भेटला, Zone_0080, Indore के पास। समय 2026-03-02 19:46:00.",P00140,P00912,LOC0080
DIG002194,2026-04-22 14:53:00,kn,"PERSON_00961 और PERSON_00797 ने ಸಂಪರ್ಕಿಸಿದರು, Zone_0091, Jabalpur के पास। समय 2026-04-22 14:53:00.",P00961,P00797,LOC0091
DIG002195,2026-06-22 12:21:00,pa,"PERSON_00713 और PERSON_00523 ने ਪੈਸੇ ਭੇਜੇ, Zone_0133, Indore के पास। समय 2026-06-22 12:21:00.",P00713,P00523,LOC0133
DIG002196,2026-07-16 04:25:00,pa,"PERSON_00473 और PERSON_00589 ने ਸੁਨੇਹਾ ਭੇਜਿਆ, Zone_0030, Nagpur के पास। समय 2026-07-16 04:25:00.",P00473,P00589,LOC0030
DIG002197,2026-04-10 10:35:00,gu,"PERSON_00644 और PERSON_00768 ने મુલાકાત લીધી, Zone_0103, Indore के पास। समय 2026-04-10 10:35:00.",P00644,P00768,LOC0103
DIG002198,2026-07-11 07:38:00,te,"PERSON_00129 और PERSON_00708 ने వెళ్లారు, Zone_0030, Nagpur के पास। समय 2026-07-11 07:38:00.",P00129,P00708,LOC0030
DIG002199,2026-07-30 16:51:00,pa,"PERSON_00783 और PERSON_00517 ने ਮਿਲਿਆ, Zone_0064, Ujjain के पास। समय 2026-07-30 16:51:00.",P00783,P00517,LOC0064
DIG002200,2026-03-30 00:43:00,kn,"PERSON_00378 और PERSON_00601 ने ಕರೆ ಮಾಡಿದರು, Zone_0021, Ujjain के पास। समय 2026-03-30 00:43:00.",P00378,P00601,LOC0021
DIG002201,2026-05-24 08:42:00,ml,"PERSON_00920 और PERSON_00101 ने സന്ദർശിച്ചു, Zone_0033, Jabalpur के पास। समय 2026-05-24 08:42:00.",P00920,P00101,LOC0033
DIG002202,2026-07-19 10:31:00,bn,"PERSON_00287 और PERSON_00996 ने যোগাযোগ করেছে, Zone_0104, Bhopal के पास। समय 2026-07-19 10:31:00.",P00287,P00996,LOC0104
DIG002203,2026-04-15 15:51:00,en,"PERSON_00732 contacted PERSON_00979 near Zone_0038, Ujjain. Record time 2026-04-15 15:51:00.",P00732,P00979,LOC0038
DIG002204,2026-03-01 18:11:00,te,"PERSON_00393 और PERSON_00881 ने ఫోన్ చేశారు, Zone_0127, Bhopal के पास। समय 2026-03-01 18:11:00.",P00393,P00881,LOC0127
DIG002205,2026-02-15 20:19:00,te,"PERSON_00921 और PERSON_00401 ने డబ్బు పంపారు, Zone_0052, Nagpur के पास। समय 2026-02-15 20:19:00.",P00921,P00401,LOC0052
DIG002206,2026-04-22 11:24:00,gu,"PERSON_00016 और PERSON_00426 ने સંદેશ મોકલ્યો, Zone_0096, Indore के पास। समय 2026-04-22 11:24:00.",P00016,P00426,LOC0096
DIG002207,2026-02-28 22:03:00,pa,"PERSON_00982 और PERSON_00969 ने ਸਥਾਨ ਸਾਂਝਾ ਕੀਤਾ, Zone_0095, Indore के पास। समय 2026-02-28 22:03:00.",P00982,P00969,LOC0095
DIG002208,2026-02-21 06:11:00,mr,"PERSON_00729 और PERSON_00970 ने भेटला, Zone_0050, Jabalpur के पास। समय 2026-02-21 06:11:00.",P00729,P00970,LOC0050
DIG002209,2026-04-28 00:03:00,ur,"PERSON_00898 और PERSON_00797 ने رابطہ کیا, Zone_0010, Indore के पास। समय 2026-04-28 00:03:00.",P00898,P00797,LOC0010
DIG002210,2026-08-15 15:14:00,pa,"PERSON_00702 और PERSON_00395 ने ਪੈਸੇ ਭੇਜੇ, Zone_0045, Gwalior के पास। समय 2026-08-15 15:14:00.",P00702,P00395,LOC0045
DIG002211,2026-07-16 12:34:00,ur,"PERSON_00936 और PERSON_00921 ने فون کیا, Zone_0121, Nagpur के पास। समय 2026-07-16 12:34:00.",P00936,P00921,LOC0121
DIG002212,2026-06-24 17:36:00,en,"PERSON_00742 met PERSON_00752 near Zone_0126, Nagpur. Record time 2026-06-24 17:36:00.",P00742,P00752,LOC0126
DIG002213,2026-07-02 09:10:00,en,"PERSON_00721 used a vehicle PERSON_00121 near Zone_0179, Gwalior. Record time 2026-07-02 09:10:00.",P00721,P00121,LOC0179
DIG002214,2026-05-08 16:10:00,bn,"PERSON_00779 और PERSON_00846 ने বার্তা পাঠিয়েছে, Zone_0153, Jabalpur के पास। समय 2026-05-08 16:10:00.",P00779,P00846,LOC0153
DIG002215,2026-01-17 02:59:00,bn,"PERSON_00559 और PERSON_00544 ने স্থান ভাগ করেছে, Zone_0005, Jabalpur के पास। समय 2026-01-17 02:59:00.",P00559,P00544,LOC0005
DIG002216,2026-08-04 03:04:00,ta,"PERSON_00241 और PERSON_00472 ने தொடர்பு கொண்டார், Zone_0031, Bhopal के पास। समय 2026-08-04 03:04:00.",P00241,P00472,LOC0031
DIG002217,2026-06-16 15:32:00,gu,"PERSON_00363 और PERSON_00733 ने સંદેશ મોકલ્યો, Zone_0167, Nagpur के पास। समय 2026-06-16 15:32:00.",P00363,P00733,LOC0167
DIG002218,2026-01-18 02:55:00,hi,"PERSON_00674 और PERSON_00781 ने मिला, Zone_0035, Jabalpur के पास। समय 2026-01-18 02:55:00.",P00674,P00781,LOC0035
DIG002219,2026-03-22 14:28:00,en,"PERSON_00944 used a vehicle PERSON_00308 near Zone_0119, Indore. Record time 2026-03-22 14:28:00.",P00944,P00308,LOC0119
DIG002220,2026-01-16 08:38:00,ta,"PERSON_00067 और PERSON_00160 ने பணம் அனுப்பினார், Zone_0141, Jabalpur के पास। समय 2026-01-16 08:38:00.",P00067,P00160,LOC0141
DIG002221,2026-01-18 02:32:00,gu,"PERSON_00631 और PERSON_00096 ने સંપર્ક કર્યો, Zone_0155, Nagpur के पास। समय 2026-01-18 02:32:00.",P00631,P00096,LOC0155
DIG002222,2026-02-20 08:23:00,kn,"PERSON_00404 और PERSON_00901 ने ಹಣ ಕಳುಹಿಸಿದರು, Zone_0169, Nagpur के पास। समय 2026-02-20 08:23:00.",P00404,P00901,LOC0169
DIG002223,2026-08-06 19:36:00,kn,"PERSON_00536 और PERSON_00136 ने ಸ್ಥಳ ಹಂಚಿಕೊಂಡರು, Zone_0140, Jabalpur के पास। समय 2026-08-06 19:36:00.",P00536,P00136,LOC0140
DIG002224,2026-02-09 20:46:00,pa,"PERSON_00505 और PERSON_00098 ने ਸੰਪਰਕ ਕੀਤਾ, Zone_0180, Indore के पास। समय 2026-02-09 20:46:00.",P00505,P00098,LOC0180
DIG002225,2026-05-11 04:06:00,ta,"PERSON_00676 और PERSON_00267 ने அழைத்தார், Zone_0144, Nagpur के पास। समय 2026-05-11 04:06:00.",P00676,P00267,LOC0144
DIG002226,2026-08-17 06:29:00,bn,"PERSON_00811 और PERSON_00263 ने পরিদর্শন করেছে, Zone_0152, Nagpur के पास। समय 2026-08-17 06:29:00.",P00811,P00263,LOC0152
DIG002227,2026-07-25 03:43:00,gu,"PERSON_00798 और PERSON_00825 ने ફોન કર્યો, Zone_0165, Gwalior के पास। समय 2026-07-25 03:43:00.",P00798,P00825,LOC0165
DIG002228,2026-05-18 04:15:00,ur,"PERSON_00853 और PERSON_00758 ने فون کیا, Zone_0038, Ujjain के पास। समय 2026-05-18 04:15:00.",P00853,P00758,LOC0038
DIG002229,2026-05-13 13:35:00,pa,"PERSON_00194 और PERSON_00445 ने ਪੈਸੇ ਭੇਜੇ, Zone_0052, Nagpur के पास। समय 2026-05-13 13:35:00.",P00194,P00445,LOC0052
DIG002230,2026-06-27 14:24:00,ml,"PERSON_00624 और PERSON_00227 ने സ്ഥലം പങ്കിട്ടു, Zone_0133, Indore के पास। समय 2026-06-27 14:24:00.",P00624,P00227,LOC0133
DIG002231,2026-08-18 13:54:00,ta,"PERSON_00208 और PERSON_00527 ने பணம் அனுப்பினார், Zone_0164, Bhopal के पास। समय 2026-08-18 13:54:00.",P00208,P00527,LOC0164
DIG002232,2026-05-29 12:11:00,ta,"PERSON_00869 और PERSON_00843 ने சென்றார், Zone_0115, Jabalpur के पास। समय 2026-05-29 12:11:00.",P00869,P00843,LOC0115
DIG002233,2026-07-31 21:26:00,kn,"PERSON_00924 और PERSON_00649 ने ಕರೆ ಮಾಡಿದರು, Zone_0032, Jabalpur के पास। समय 2026-07-31 21:26:00.",P00924,P00649,LOC0032
DIG002234,2026-06-08 10:23:00,hi,"PERSON_00577 और PERSON_00405 ने धन भेजा, Zone_0056, Jabalpur के पास। समय 2026-06-08 10:23:00.",P00577,P00405,LOC0056
DIG002235,2026-01-02 05:51:00,pa,"PERSON_00838 और PERSON_00667 ने ਸੁਨੇਹਾ ਭੇਜਿਆ, Zone_0074, Ujjain के पास। समय 2026-01-02 05:51:00.",P00838,P00667,LOC0074
DIG002236,2026-03-23 03:49:00,mr,"PERSON_00199 और PERSON_00969 ने भेटला, Zone_0008, Nagpur के पास। समय 2026-03-23 03:49:00.",P00199,P00969,LOC0008
DIG002237,2026-05-26 21:19:00,bn,"PERSON_00376 और PERSON_00242 ने টাকা পাঠিয়েছে, Zone_0118, Ujjain के पास। समय 2026-05-26 21:19:00.",P00376,P00242,LOC0118
DIG002238,2026-02-21 17:37:00,kn,"PERSON_00659 और PERSON_00013 ने ಭೇಟಿಯಾದರು, Zone_0179, Gwalior के पास। समय 2026-02-21 17:37:00.",P00659,P00013,LOC0179
DIG002239,2026-03-12 08:38:00,gu,"PERSON_00840 और PERSON_00769 ने સંદેશ મોકલ્યો, Zone_0061, Gwalior के पास। समय 2026-03-12 08:38:00.",P00840,P00769,LOC0061
DIG002240,2026-03-29 13:31:00,kn,"PERSON_00529 और PERSON_00842 ने ಸ್ಥಳ ಹಂಚಿಕೊಂಡರು, Zone_0029, Nagpur के पास। समय 2026-03-29 13:31:00.",P00529,P00842,LOC0029
DIG002241,2026-07-13 15:39:00,pa,"PERSON_00357 और PERSON_00167 ने ਪੈਸੇ ਭੇਜੇ, Zone_0092, Ujjain के पास। समय 2026-07-13 15:39:00.",P00357,P00167,LOC0092
DIG002242,2026-05-24 10:38:00,hi,"PERSON_00789 और PERSON_00181 ने फोन किया, Zone_0175, Jabalpur के पास। समय 2026-05-24 10:38:00.",P00789,P00181,LOC0175
DIG002243,2026-02-22 21:47:00,ta,"PERSON_00069 और PERSON_00879 ने சென்றார், Zone_0153, Jabalpur के पास। समय 2026-02-22 21:47:00.",P00069,P00879,LOC0153
DIG002244,2026-02-06 09:42:00,ur,"PERSON_00826 और PERSON_00552 ने فون کیا, Zone_0178, Gwalior के पास। समय 2026-02-06 09:42:00.",P00826,P00552,LOC0178
DIG002245,2026-08-22 11:21:00,gu,"PERSON_00075 और PERSON_00436 ने મુલાકાત લીધી, Zone_0078, Ujjain के पास। समय 2026-08-22 11:21:00.",P00075,P00436,LOC0078
DIG002246,2026-03-15 00:55:00,ur,"PERSON_00680 और PERSON_00719 ने رقم منتقل کی, Zone_0169, Nagpur के पास। समय 2026-03-15 00:55:00.",P00680,P00719,LOC0169
DIG002247,2026-03-01 04:32:00,en,"PERSON_00531 transferred funds to PERSON_00245 near Zone_0124, Bhopal. Record time 2026-03-01 04:32:00.",P00531,P00245,LOC0124
DIG002248,2026-02-25 15:31:00,mr,"PERSON_00151 और PERSON_00947 ने संदेश पाठवला, Zone_0086, Gwalior के पास। समय 2026-02-25 15:31:00.",P00151,P00947,LOC0086
DIG002249,2026-06-23 02:43:00,hi,"PERSON_00284 और PERSON_00351 ने संदेश भेजा, Zone_0088, Indore के पास। समय 2026-06-23 02:43:00.",P00284,P00351,LOC0088
DIG002250,2026-07-25 18:51:00,hi,"PERSON_00618 और PERSON_00332 ने स्थान साझा किया, Zone_0147, Ujjain के पास। समय 2026-07-25 18:51:00.",P00618,P00332,LOC0147
DIG002251,2026-02-26 02:44:00,en,"PERSON_00492 visited PERSON_00254 near Zone_0124, Bhopal. Record time 2026-02-26 02:44:00.",P00492,P00254,LOC0124
DIG002252,2026-02-20 15:12:00,gu,"PERSON_00870 और PERSON_00108 ने સંદેશ મોકલ્યો, Zone_0141, Jabalpur के पास। समय 2026-02-20 15:12:00.",P00870,P00108,LOC0141
DIG002253,2026-08-13 18:39:00,hi,"PERSON_00733 और PERSON_00355 ने धन भेजा, Zone_0031, Bhopal के पास। समय 2026-08-13 18:39:00.",P00733,P00355,LOC0031
DIG002254,2026-06-30 13:17:00,ur,"PERSON_00515 और PERSON_00316 ने رابطہ کیا, Zone_0080, Indore के पास। समय 2026-06-30 13:17:00.",P00515,P00316,LOC0080
DIG002255,2026-08-15 16:21:00,hi,"PERSON_00739 और PERSON_00258 ने दौरा किया, Zone_0093, Jabalpur के पास। समय 2026-08-15 16:21:00.",P00739,P00258,LOC0093
DIG002256,2026-02-24 22:37:00,pa,"PERSON_00740 और PERSON_00226 ने ਮਿਲਿਆ, Zone_0118, Ujjain के पास। समय 2026-02-24 22:37:00.",P00740,P00226,LOC0118
DIG002257,2026-03-28 20:58:00,gu,"PERSON_00640 और PERSON_00435 ने નાણાં મોકલ્યાં, Zone_0149, Ujjain के पास। समय 2026-03-28 20:58:00.",P00640,P00435,LOC0149
DIG002258,2026-02-08 15:14:00,hi,"PERSON_00656 और PERSON_00057 ने स्थान साझा किया, Zone_0160, Ujjain के पास। समय 2026-02-08 15:14:00.",P00656,P00057,LOC0160
DIG002259,2026-04-23 23:51:00,mr,"PERSON_00266 और PERSON_00856 ने संपर्क केला, Zone_0116, Bhopal के पास। समय 2026-04-23 23:51:00.",P00266,P00856,LOC0116
DIG002260,2026-07-01 15:38:00,te,"PERSON_00977 और PERSON_00159 ने సందేశం పంపారు, Zone_0056, Jabalpur के पास। समय 2026-07-01 15:38:00.",P00977,P00159,LOC0056
DIG002261,2026-07-10 11:35:00,te,"PERSON_00757 और PERSON_00740 ने సంప్రదించారు, Zone_0153, Jabalpur के पास। समय 2026-07-10 11:35:00.",P00757,P00740,LOC0153
DIG002262,2026-07-12 05:32:00,hi,"PERSON_00113 और PERSON_00050 ने संपर्क किया, Zone_0077, Bhopal के पास। समय 2026-07-12 05:32:00.",P00113,P00050,LOC0077
DIG002263,2026-02-04 17:58:00,kn,"PERSON_00002 और PERSON_00556 ने ಭೇಟಿಯಾದರು, Zone_0177, Gwalior के पास। समय 2026-02-04 17:58:00.",P00002,P00556,LOC0177
DIG002264,2026-07-17 00:51:00,hi,"PERSON_00406 और PERSON_00919 ने फोन किया, Zone_0153, Jabalpur के पास। समय 2026-07-17 00:51:00.",P00406,P00919,LOC0153
DIG002265,2026-05-14 08:48:00,mr,"PERSON_00012 और PERSON_00439 ने संदेश पाठवला, Zone_0151, Indore के पास। समय 2026-05-14 08:48:00.",P00012,P00439,LOC0151
DIG002266,2026-08-27 06:29:00,en,"PERSON_00651 met PERSON_00450 near Zone_0002, Ujjain. Record time 2026-08-27 06:29:00.",P00651,P00450,LOC0002
DIG002267,2026-08-31 12:56:00,kn,"PERSON_00869 और PERSON_00027 ने ಸಂದೇಶ ಕಳುಹಿಸಿದರು, Zone_0151, Indore के पास। समय 2026-08-31 12:56:00.",P00869,P00027,LOC0151
DIG002268,2026-07-04 11:04:00,ur,"PERSON_00936 और PERSON_00734 ने پیغام بھیجا, Zone_0174, Gwalior के पास। समय 2026-07-04 11:04:00.",P00936,P00734,LOC0174
DIG002269,2026-02-25 10:09:00,hi,"PERSON_00576 और PERSON_00067 ने धन भेजा, Zone_0050, Jabalpur के पास। समय 2026-02-25 10:09:00.",P00576,P00067,LOC0050
DIG002270,2026-04-22 05:04:00,en,"PERSON_00881 sent a message to PERSON_00497 near Zone_0049, Nagpur. Record time 2026-04-22 05:04:00.",P00881,P00497,LOC0049
DIG002271,2026-03-12 17:09:00,ml,"PERSON_00721 और PERSON_00578 ने കണ്ടുമുട്ടി, Zone_0022, Gwalior के पास। समय 2026-03-12 17:09:00.",P00721,P00578,LOC0022
DIG002272,2026-06-20 14:25:00,ta,"PERSON_00425 और PERSON_00160 ने இடத்தை பகிர்ந்தார், Zone_0099, Bhopal के पास। समय 2026-06-20 14:25:00.",P00425,P00160,LOC0099
DIG002273,2026-06-25 19:15:00,te,"PERSON_00516 और PERSON_00763 ने కలిశారు, Zone_0065, Jabalpur के पास। समय 2026-06-25 19:15:00.",P00516,P00763,LOC0065
DIG002274,2026-05-14 14:44:00,hi,"PERSON_00845 और PERSON_00094 ने दौरा किया, Zone_0010, Indore के पास। समय 2026-05-14 14:44:00.",P00845,P00094,LOC0010
DIG002275,2026-03-11 22:58:00,hi,"PERSON_00952 और PERSON_00692 ने स्थान साझा किया, Zone_0016, Ujjain के पास। समय 2026-03-11 22:58:00.",P00952,P00692,LOC0016
DIG002276,2026-05-29 06:57:00,mr,"PERSON_00106 और PERSON_00609 ने भेटला, Zone_0081, Gwalior के पास। समय 2026-05-29 06:57:00.",P00106,P00609,LOC0081
DIG002277,2026-07-31 09:25:00,mr,"PERSON_00937 और PERSON_00571 ने संदेश पाठवला, Zone_0054, Jabalpur के पास। समय 2026-07-31 09:25:00.",P00937,P00571,LOC0054
DIG002278,2026-07-25 03:03:00,kn,"PERSON_00964 और PERSON_00711 ने ಭೇಟಿ ನೀಡಿದರು, Zone_0081, Gwalior के पास। समय 2026-07-25 03:03:00.",P00964,P00711,LOC0081
DIG002279,2026-02-15 09:34:00,ml,"PERSON_00815 और PERSON_00483 ने വിളിച്ചു, Zone_0038, Ujjain के पास। समय 2026-02-15 09:34:00.",P00815,P00483,LOC0038
DIG002280,2026-03-16 01:21:00,en,"PERSON_00054 called PERSON_00654 near Zone_0151, Indore. Record time 2026-03-16 01:21:00.",P00054,P00654,LOC0151
DIG002281,2026-07-31 09:11:00,bn,"PERSON_00639 और PERSON_00217 ने দেখা করেছে, Zone_0137, Nagpur के पास। समय 2026-07-31 09:11:00.",P00639,P00217,LOC0137
DIG002282,2026-08-08 11:11:00,en,"PERSON_00248 called PERSON_00949 near Zone_0136, Jabalpur. Record time 2026-08-08 11:11:00.",P00248,P00949,LOC0136
DIG002283,2026-07-15 20:32:00,mr,"PERSON_00030 और PERSON_00038 ने संदेश पाठवला, Zone_0103, Indore के पास। समय 2026-07-15 20:32:00.",P00030,P00038,LOC0103
DIG002284,2026-02-24 21:05:00,bn,"PERSON_00349 और PERSON_00557 ने যোগাযোগ করেছে, Zone_0136, Jabalpur के पास। समय 2026-02-24 21:05:00.",P00349,P00557,LOC0136
DIG002285,2026-06-03 19:13:00,gu,"PERSON_00743 और PERSON_00043 ने ફોન કર્યો, Zone_0044, Bhopal के पास। समय 2026-06-03 19:13:00.",P00743,P00043,LOC0044
DIG002286,2026-01-30 02:19:00,te,"PERSON_00489 और PERSON_00255 ने కలిశారు, Zone_0168, Nagpur के पास। समय 2026-01-30 02:19:00.",P00489,P00255,LOC0168
DIG002287,2026-06-08 00:34:00,kn,"PERSON_00432 और PERSON_00713 ने ಭೇಟಿ ನೀಡಿದರು, Zone_0171, Bhopal के पास। समय 2026-06-08 00:34:00.",P00432,P00713,LOC0171
DIG002288,2026-02-22 05:08:00,en,"PERSON_00981 called PERSON_00683 near Zone_0154, Ujjain. Record time 2026-02-22 05:08:00.",P00981,P00683,LOC0154
DIG002289,2026-07-21 05:01:00,kn,"PERSON_00838 और PERSON_00489 ने ಭೇಟಿಯಾದರು, Zone_0055, Bhopal के पास। समय 2026-07-21 05:01:00.",P00838,P00489,LOC0055
DIG002290,2026-02-02 19:15:00,ur,"PERSON_00919 और PERSON_00906 ने فون کیا, Zone_0180, Indore के पास। समय 2026-02-02 19:15:00.",P00919,P00906,LOC0180
DIG002291,2026-04-06 19:01:00,te,"PERSON_00816 और PERSON_00347 ने సందేశం పంపారు, Zone_0110, Indore के पास। समय 2026-04-06 19:01:00.",P00816,P00347,LOC0110
DIG002292,2026-02-09 21:41:00,bn,"PERSON_00239 और PERSON_00355 ने স্থান ভাগ করেছে, Zone_0171, Bhopal के पास। समय 2026-02-09 21:41:00.",P00239,P00355,LOC0171
DIG002293,2026-04-07 14:44:00,bn,"PERSON_00219 और PERSON_00687 ने পরিদর্শন করেছে, Zone_0126, Nagpur के पास। समय 2026-04-07 14:44:00.",P00219,P00687,LOC0126
DIG002294,2026-08-16 11:59:00,pa,"PERSON_00031 और PERSON_00762 ने ਮੁਲਾਕਾਤ ਕੀਤੀ, Zone_0038, Ujjain के पास। समय 2026-08-16 11:59:00.",P00031,P00762,LOC0038
DIG002295,2026-06-17 23:04:00,en,"PERSON_00841 sent a message to PERSON_00840 near Zone_0058, Bhopal. Record time 2026-06-17 23:04:00.",P00841,P00840,LOC0058
DIG002296,2026-05-19 11:55:00,ur,"PERSON_00329 और PERSON_00596 ने ملاقات کی, Zone_0006, Bhopal के पास। समय 2026-05-19 11:55:00.",P00329,P00596,LOC0006
DIG002297,2026-05-08 21:05:00,ml,"PERSON_00646 और PERSON_00077 ने സ്ഥലം പങ്കിട്ടു, Zone_0160, Ujjain के पास। समय 2026-05-08 21:05:00.",P00646,P00077,LOC0160
DIG002298,2026-02-17 16:01:00,bn,"PERSON_00824 और PERSON_00499 ने স্থান ভাগ করেছে, Zone_0155, Nagpur के पास। समय 2026-02-17 16:01:00.",P00824,P00499,LOC0155
DIG002299,2026-02-10 04:23:00,te,"PERSON_00236 और PERSON_00157 ने స్థానం పంచుకున్నారు, Zone_0170, Ujjain के पास। समय 2026-02-10 04:23:00.",P00236,P00157,LOC0170
DIG002300,2026-03-03 11:33:00,kn,"PERSON_00334 और PERSON_00309 ने ಹಣ ಕಳುಹಿಸಿದರು, Zone_0103, Indore के पास। समय 2026-03-03 11:33:00.",P00334,P00309,LOC0103
DIG002301,2026-03-06 22:48:00,mr,"PERSON_00110 और PERSON_00633 ने ठिकाण शेअर केले, Zone_0023, Jabalpur के पास। समय 2026-03-06 22:48:00.",P00110,P00633,LOC0023
DIG002302,2026-05-26 00:26:00,gu,"PERSON_00851 और PERSON_00238 ने મળ્યા, Zone_0166, Bhopal के पास। समय 2026-05-26 00:26:00.",P00851,P00238,LOC0166
DIG002303,2026-01-15 08:47:00,ur,"PERSON_00644 और PERSON_00873 ने فون کیا, Zone_0108, Bhopal के पास। समय 2026-01-15 08:47:00.",P00644,P00873,LOC0108
DIG002304,2026-02-28 13:58:00,ml,"PERSON_00793 और PERSON_00535 ने സ്ഥലം പങ്കിട്ടു, Zone_0023, Jabalpur के पास। समय 2026-02-28 13:58:00.",P00793,P00535,LOC0023
DIG002305,2026-07-30 15:13:00,mr,"PERSON_00999 और PERSON_00882 ने फोन केला, Zone_0083, Ujjain के पास। समय 2026-07-30 15:13:00.",P00999,P00882,LOC0083
DIG002306,2026-01-31 00:41:00,bn,"PERSON_00266 और PERSON_00720 ने পরিদর্শন করেছে, Zone_0025, Jabalpur के पास। समय 2026-01-31 00:41:00.",P00266,P00720,LOC0025
DIG002307,2026-03-26 09:58:00,kn,"PERSON_00027 और PERSON_00547 ने ಭೇಟಿ ನೀಡಿದರು, Zone_0070, Ujjain के पास। समय 2026-03-26 09:58:00.",P00027,P00547,LOC0070
DIG002308,2026-04-13 06:34:00,te,"PERSON_00282 और PERSON_00271 ने సంప్రదించారు, Zone_0140, Jabalpur के पास। समय 2026-04-13 06:34:00.",P00282,P00271,LOC0140
DIG002309,2026-07-11 08:07:00,ml,"PERSON_00546 और PERSON_00504 ने പണം അയച്ചു, Zone_0173, Jabalpur के पास। समय 2026-07-11 08:07:00.",P00546,P00504,LOC0173
DIG002310,2026-01-13 15:16:00,ur,"PERSON_00498 और PERSON_00023 ने رابطہ کیا, Zone_0070, Ujjain के पास। समय 2026-01-13 15:16:00.",P00498,P00023,LOC0070
DIG002311,2026-07-10 07:08:00,en,"PERSON_00048 shared a location with PERSON_00120 near Zone_0130, Gwalior. Record time 2026-07-10 07:08:00.",P00048,P00120,LOC0130
DIG002312,2026-06-05 22:50:00,gu,"PERSON_00768 और PERSON_00489 ने સ્થાન શેર કર્યું, Zone_0034, Jabalpur के पास। समय 2026-06-05 22:50:00.",P00768,P00489,LOC0034
DIG002313,2026-06-15 11:56:00,kn,"PERSON_00292 और PERSON_00166 ने ಭೇಟಿ ನೀಡಿದರು, Zone_0076, Indore के पास। समय 2026-06-15 11:56:00.",P00292,P00166,LOC0076
DIG002314,2026-06-10 09:36:00,bn,"PERSON_00318 और PERSON_00349 ने বার্তা পাঠিয়েছে, Zone_0041, Ujjain के पास। समय 2026-06-10 09:36:00.",P00318,P00349,LOC0041
DIG002315,2026-03-01 22:30:00,ur,"PERSON_00975 और PERSON_00414 ने رقم منتقل کی, Zone_0014, Bhopal के पास। समय 2026-03-01 22:30:00.",P00975,P00414,LOC0014
DIG002316,2026-06-21 17:18:00,gu,"PERSON_00257 और PERSON_00416 ने ફોન કર્યો, Zone_0163, Nagpur के पास। समय 2026-06-21 17:18:00.",P00257,P00416,LOC0163
DIG002317,2026-01-12 07:18:00,kn,"PERSON_00358 और PERSON_00480 ने ಸ್ಥಳ ಹಂಚಿಕೊಂಡರು, Zone_0156, Bhopal के पास। समय 2026-01-12 07:18:00.",P00358,P00480,LOC0156
DIG002318,2026-03-12 05:53:00,ml,"PERSON_00070 और PERSON_00600 ने സന്ദേശം അയച്ചു, Zone_0069, Jabalpur के पास। समय 2026-03-12 05:53:00.",P00070,P00600,LOC0069
DIG002319,2026-06-20 12:43:00,pa,"PERSON_00834 और PERSON_00064 ने ਮਿਲਿਆ, Zone_0135, Nagpur के पास। समय 2026-06-20 12:43:00.",P00834,P00064,LOC0135
DIG002320,2026-04-04 10:01:00,mr,"PERSON_00116 और PERSON_00242 ने पैसे पाठवले, Zone_0055, Bhopal के पास। समय 2026-04-04 10:01:00.",P00116,P00242,LOC0055
DIG002321,2026-03-31 14:37:00,bn,"PERSON_00268 और PERSON_00212 ने পরিদর্শন করেছে, Zone_0140, Jabalpur के पास। समय 2026-03-31 14:37:00.",P00268,P00212,LOC0140
DIG002322,2026-01-06 16:02:00,mr,"PERSON_00287 और PERSON_00239 ने संपर्क केला, Zone_0062, Ujjain के पास। समय 2026-01-06 16:02:00.",P00287,P00239,LOC0062
DIG002323,2026-08-24 11:29:00,te,"PERSON_00346 और PERSON_00397 ने కలిశారు, Zone_0101, Jabalpur के पास। समय 2026-08-24 11:29:00.",P00346,P00397,LOC0101
DIG002324,2026-06-08 16:19:00,ml,"PERSON_00931 और PERSON_00043 ने കണ്ടുമുട്ടി, Zone_0072, Indore के पास। समय 2026-06-08 16:19:00.",P00931,P00043,LOC0072
DIG002325,2026-01-31 23:49:00,en,"PERSON_00341 met PERSON_00014 near Zone_0104, Bhopal. Record time 2026-01-31 23:49:00.",P00341,P00014,LOC0104
DIG002326,2026-08-18 00:45:00,en,"PERSON_00378 met PERSON_00983 near Zone_0166, Bhopal. Record time 2026-08-18 00:45:00.",P00378,P00983,LOC0166
DIG002327,2026-04-20 17:37:00,ur,"PERSON_00878 और PERSON_00879 ने فون کیا, Zone_0105, Bhopal के पास। समय 2026-04-20 17:37:00.",P00878,P00879,LOC0105
DIG002328,2026-01-31 02:17:00,kn,"PERSON_00380 और PERSON_00337 ने ಭೇಟಿ ನೀಡಿದರು, Zone_0150, Ujjain के पास। समय 2026-01-31 02:17:00.",P00380,P00337,LOC0150
DIG002329,2026-03-09 10:19:00,te,"PERSON_00957 और PERSON_00383 ने ఫోన్ చేశారు, Zone_0033, Jabalpur के पास। समय 2026-03-09 10:19:00.",P00957,P00383,LOC0033
DIG002330,2026-03-26 11:34:00,mr,"PERSON_00138 और PERSON_00269 ने फोन केला, Zone_0093, Jabalpur के पास। समय 2026-03-26 11:34:00.",P00138,P00269,LOC0093
DIG002331,2026-01-02 07:35:00,mr,"PERSON_00492 और PERSON_00388 ने संपर्क केला, Zone_0055, Bhopal के पास। समय 2026-01-02 07:35:00.",P00492,P00388,LOC0055
DIG002332,2026-07-05 02:09:00,ur,"PERSON_00911 और PERSON_00130 ने رقم منتقل کی, Zone_0127, Bhopal के पास। समय 2026-07-05 02:09:00.",P00911,P00130,LOC0127
DIG002333,2026-05-10 05:29:00,bn,"PERSON_00411 और PERSON_00992 ने ফোন করেছে, Zone_0068, Bhopal के पास। समय 2026-05-10 05:29:00.",P00411,P00992,LOC0068
DIG002334,2026-01-30 13:47:00,ur,"PERSON_00768 और PERSON_00127 ने فون کیا, Zone_0010, Indore के पास। समय 2026-01-30 13:47:00.",P00768,P00127,LOC0010
DIG002335,2026-06-14 16:10:00,mr,"PERSON_00089 और PERSON_00712 ने ठिकाण शेअर केले, Zone_0175, Jabalpur के पास। समय 2026-06-14 16:10:00.",P00089,P00712,LOC0175
DIG002336,2026-01-15 06:15:00,gu,"PERSON_00577 और PERSON_00019 ने સ્થાન શેર કર્યું, Zone_0028, Bhopal के पास। समय 2026-01-15 06:15:00.",P00577,P00019,LOC0028
DIG002337,2026-01-20 19:42:00,bn,"PERSON_00889 और PERSON_00655 ने যোগাযোগ করেছে, Zone_0079, Nagpur के पास। समय 2026-01-20 19:42:00.",P00889,P00655,LOC0079
DIG002338,2026-01-12 12:08:00,mr,"PERSON_00269 और PERSON_00252 ने पैसे पाठवले, Zone_0135, Nagpur के पास। समय 2026-01-12 12:08:00.",P00269,P00252,LOC0135
DIG002339,2026-03-04 18:49:00,bn,"PERSON_00586 और PERSON_00749 ने দেখা করেছে, Zone_0038, Ujjain के पास। समय 2026-03-04 18:49:00.",P00586,P00749,LOC0038
DIG002340,2026-05-19 03:56:00,ml,"PERSON_00332 और PERSON_00175 ने സ്ഥലം പങ്കിട്ടു, Zone_0037, Indore के पास। समय 2026-05-19 03:56:00.",P00332,P00175,LOC0037
DIG002341,2026-03-24 12:46:00,en,"PERSON_00809 met PERSON_00623 near Zone_0028, Bhopal. Record time 2026-03-24 12:46:00.",P00809,P00623,LOC0028
DIG002342,2026-06-01 09:05:00,kn,"PERSON_00070 और PERSON_00926 ने ಭೇಟಿ ನೀಡಿದರು, Zone_0007, Ujjain के पास। समय 2026-06-01 09:05:00.",P00070,P00926,LOC0007
DIG002343,2026-02-21 08:57:00,te,"PERSON_00743 और PERSON_00634 ने సందేశం పంపారు, Zone_0027, Gwalior के पास। समय 2026-02-21 08:57:00.",P00743,P00634,LOC0027
DIG002344,2026-07-24 10:02:00,bn,"PERSON_00273 और PERSON_00554 ने ফোন করেছে, Zone_0103, Indore के पास। समय 2026-07-24 10:02:00.",P00273,P00554,LOC0103
DIG002345,2026-08-17 04:41:00,ur,"PERSON_00107 और PERSON_00825 ने رابطہ کیا, Zone_0015, Gwalior के पास। समय 2026-08-17 04:41:00.",P00107,P00825,LOC0015
DIG002346,2026-02-24 10:04:00,gu,"PERSON_00093 और PERSON_00036 ने ફોન કર્યો, Zone_0140, Jabalpur के पास। समय 2026-02-24 10:04:00.",P00093,P00036,LOC0140
DIG002347,2026-02-11 13:57:00,ur,"PERSON_00640 और PERSON_00842 ने دورہ کیا, Zone_0081, Gwalior के पास। समय 2026-02-11 13:57:00.",P00640,P00842,LOC0081
DIG002348,2026-04-19 09:35:00,mr,"PERSON_00823 और PERSON_00964 ने भेटला, Zone_0166, Bhopal के पास। समय 2026-04-19 09:35:00.",P00823,P00964,LOC0166
DIG002349,2026-04-01 16:15:00,bn,"PERSON_00167 और PERSON_00891 ने ফোন করেছে, Zone_0063, Gwalior के पास। समय 2026-04-01 16:15:00.",P00167,P00891,LOC0063
DIG002350,2026-05-08 03:04:00,ur,"PERSON_00975 और PERSON_00837 ने مقام شیئر کیا, Zone_0006, Bhopal के पास। समय 2026-05-08 03:04:00.",P00975,P00837,LOC0006
DIG002351,2026-04-05 11:45:00,te,"PERSON_00873 और PERSON_00478 ने స్థానం పంచుకున్నారు, Zone_0125, Indore के पास। समय 2026-04-05 11:45:00.",P00873,P00478,LOC0125
DIG002352,2026-04-05 15:19:00,ml,"PERSON_00170 और PERSON_00460 ने സ്ഥലം പങ്കിട്ടു, Zone_0037, Indore के पास। समय 2026-04-05 15:19:00.",P00170,P00460,LOC0037
DIG002353,2026-04-26 11:08:00,en,"PERSON_00729 sent a message to PERSON_00488 near Zone_0075, Gwalior. Record time 2026-04-26 11:08:00.",P00729,P00488,LOC0075
DIG002354,2026-02-08 08:31:00,ml,"PERSON_00590 और PERSON_00110 ने ബന്ധപ്പെട്ടു, Zone_0096, Indore के पास। समय 2026-02-08 08:31:00.",P00590,P00110,LOC0096
DIG002355,2026-05-07 16:52:00,ur,"PERSON_00158 और PERSON_00424 ने رقم منتقل کی, Zone_0083, Ujjain के पास। समय 2026-05-07 16:52:00.",P00158,P00424,LOC0083
DIG002356,2026-01-19 14:41:00,gu,"PERSON_00039 और PERSON_00457 ने સંદેશ મોકલ્યો, Zone_0095, Indore के पास। समय 2026-01-19 14:41:00.",P00039,P00457,LOC0095
DIG002357,2026-05-25 13:30:00,bn,"PERSON_00472 और PERSON_00764 ने যোগাযোগ করেছে, Zone_0016, Ujjain के पास। समय 2026-05-25 13:30:00.",P00472,P00764,LOC0016
DIG002358,2026-03-31 21:11:00,gu,"PERSON_00104 और PERSON_00127 ने નાણાં મોકલ્યાં, Zone_0116, Bhopal के पास। समय 2026-03-31 21:11:00.",P00104,P00127,LOC0116
DIG002359,2026-08-16 23:07:00,pa,"PERSON_00689 और PERSON_00213 ने ਪੈਸੇ ਭੇਜੇ, Zone_0174, Gwalior के पास। समय 2026-08-16 23:07:00.",P00689,P00213,LOC0174
DIG002360,2026-01-13 21:40:00,ta,"PERSON_00300 और PERSON_00948 ने செய்தி அனுப்பினார், Zone_0029, Nagpur के पास। समय 2026-01-13 21:40:00.",P00300,P00948,LOC0029
DIG002361,2026-05-02 04:50:00,ml,"PERSON_00342 और PERSON_00918 ने സന്ദേശം അയച്ചു, Zone_0022, Gwalior के पास। समय 2026-05-02 04:50:00.",P00342,P00918,LOC0022
DIG002362,2026-04-14 01:52:00,hi,"PERSON_00566 और PERSON_00965 ने संदेश भेजा, Zone_0087, Ujjain के पास। समय 2026-04-14 01:52:00.",P00566,P00965,LOC0087
DIG002363,2026-07-07 22:25:00,te,"PERSON_00192 और PERSON_00747 ने సంప్రదించారు, Zone_0022, Gwalior के पास। समय 2026-07-07 22:25:00.",P00192,P00747,LOC0022
DIG002364,2026-07-03 00:21:00,te,"PERSON_00887 और PERSON_00451 ने డబ్బు పంపారు, Zone_0024, Jabalpur के पास। समय 2026-07-03 00:21:00.",P00887,P00451,LOC0024
DIG002365,2026-07-29 22:16:00,gu,"PERSON_00146 और PERSON_00861 ने ફોન કર્યો, Zone_0175, Jabalpur के पास। समय 2026-07-29 22:16:00.",P00146,P00861,LOC0175
DIG002366,2026-04-05 17:51:00,bn,"PERSON_00959 और PERSON_00453 ने পরিদর্শন করেছে, Zone_0161, Jabalpur के पास। समय 2026-04-05 17:51:00.",P00959,P00453,LOC0161
DIG002367,2026-08-22 05:11:00,ur,"PERSON_00139 और PERSON_00578 ने رابطہ کیا, Zone_0064, Ujjain के पास। समय 2026-08-22 05:11:00.",P00139,P00578,LOC0064
DIG002368,2026-02-24 19:56:00,te,"PERSON_00778 और PERSON_00745 ने ఫోన్ చేశారు, Zone_0071, Indore के पास। समय 2026-02-24 19:56:00.",P00778,P00745,LOC0071
DIG002369,2026-03-09 10:53:00,kn,"PERSON_00973 और PERSON_00821 ने ಭೇಟಿಯಾದರು, Zone_0101, Jabalpur के पास। समय 2026-03-09 10:53:00.",P00973,P00821,LOC0101
DIG002370,2026-06-26 19:06:00,hi,"PERSON_00920 और PERSON_00225 ने मिला, Zone_0032, Jabalpur के पास। समय 2026-06-26 19:06:00.",P00920,P00225,LOC0032
DIG002371,2026-06-04 22:28:00,mr,"PERSON_00168 और PERSON_00576 ने भेटला, Zone_0102, Ujjain के पास। समय 2026-06-04 22:28:00.",P00168,P00576,LOC0102
DIG002372,2026-07-18 05:44:00,ta,"PERSON_00029 और PERSON_00632 ने செய்தி அனுப்பினார், Zone_0160, Ujjain के पास। समय 2026-07-18 05:44:00.",P00029,P00632,LOC0160
DIG002373,2026-08-24 06:10:00,kn,"PERSON_00567 और PERSON_00011 ने ಭೇಟಿ ನೀಡಿದರು, Zone_0108, Bhopal के पास। समय 2026-08-24 06:10:00.",P00567,P00011,LOC0108
DIG002374,2026-08-23 23:37:00,ta,"PERSON_00277 और PERSON_00806 ने பணம் அனுப்பினார், Zone_0115, Jabalpur के पास। समय 2026-08-23 23:37:00.",P00277,P00806,LOC0115
DIG002375,2026-05-14 04:41:00,pa,"PERSON_00969 और PERSON_00973 ने ਮੁਲਾਕਾਤ ਕੀਤੀ, Zone_0011, Gwalior के पास। समय 2026-05-14 04:41:00.",P00969,P00973,LOC0011
DIG002376,2026-08-25 16:29:00,kn,"PERSON_00609 और PERSON_00709 ने ಸಂಪರ್ಕಿಸಿದರು, Zone_0145, Jabalpur के पास। समय 2026-08-25 16:29:00.",P00609,P00709,LOC0145
DIG002377,2026-02-15 17:14:00,te,"PERSON_00840 और PERSON_00958 ने ఫోన్ చేశారు, Zone_0096, Indore के पास। समय 2026-02-15 17:14:00.",P00840,P00958,LOC0096
DIG002378,2026-04-27 16:40:00,pa,"PERSON_00016 और PERSON_00048 ने ਪੈਸੇ ਭੇਜੇ, Zone_0153, Jabalpur के पास। समय 2026-04-27 16:40:00.",P00016,P00048,LOC0153
DIG002379,2026-05-06 08:27:00,hi,"PERSON_00955 और PERSON_00001 ने मिला, Zone_0055, Bhopal के पास। समय 2026-05-06 08:27:00.",P00955,P00001,LOC0055
DIG002380,2026-05-31 04:27:00,en,"PERSON_00384 shared a location with PERSON_00972 near Zone_0168, Nagpur. Record time 2026-05-31 04:27:00.",P00384,P00972,LOC0168
DIG002381,2026-02-20 04:36:00,bn,"PERSON_00840 और PERSON_00139 ने পরিদর্শন করেছে, Zone_0066, Jabalpur के पास। समय 2026-02-20 04:36:00.",P00840,P00139,LOC0066
DIG002382,2026-02-02 14:26:00,ml,"PERSON_00497 और PERSON_00261 ने കണ്ടുമുട്ടി, Zone_0020, Bhopal के पास। समय 2026-02-02 14:26:00.",P00497,P00261,LOC0020
DIG002383,2026-02-09 18:29:00,pa,"PERSON_00981 और PERSON_00021 ने ਸੁਨੇਹਾ ਭੇਜਿਆ, Zone_0136, Jabalpur के पास। समय 2026-02-09 18:29:00.",P00981,P00021,LOC0136
DIG002384,2026-07-16 11:09:00,ta,"PERSON_00488 और PERSON_00527 ने அழைத்தார், Zone_0152, Nagpur के पास। समय 2026-07-16 11:09:00.",P00488,P00527,LOC0152
DIG002385,2026-01-09 07:04:00,gu,"PERSON_00099 और PERSON_00027 ने મળ્યા, Zone_0146, Bhopal के पास। समय 2026-01-09 07:04:00.",P00099,P00027,LOC0146
DIG002386,2026-08-19 19:55:00,ur,"PERSON_00007 और PERSON_00559 ने رقم منتقل کی, Zone_0135, Nagpur के पास। समय 2026-08-19 19:55:00.",P00007,P00559,LOC0135
DIG002387,2026-06-10 01:18:00,en,"PERSON_00459 shared a location with PERSON_00319 near Zone_0163, Nagpur. Record time 2026-06-10 01:18:00.",P00459,P00319,LOC0163
DIG002388,2026-06-17 23:26:00,kn,"PERSON_00005 और PERSON_00890 ने ಸಂಪರ್ಕಿಸಿದರು, Zone_0066, Jabalpur के पास। समय 2026-06-17 23:26:00.",P00005,P00890,LOC0066
DIG002389,2026-02-09 03:21:00,gu,"PERSON_00228 और PERSON_00876 ने સ્થાન શેર કર્યું, Zone_0020, Bhopal के पास। समय 2026-02-09 03:21:00.",P00228,P00876,LOC0020
DIG002390,2026-04-29 20:51:00,en,"PERSON_00213 called PERSON_00477 near Zone_0046, Bhopal. Record time 2026-04-29 20:51:00.",P00213,P00477,LOC0046
DIG002391,2026-07-13 12:06:00,gu,"PERSON_00804 और PERSON_00357 ने ફોન કર્યો, Zone_0061, Gwalior के पास। समय 2026-07-13 12:06:00.",P00804,P00357,LOC0061
DIG002392,2026-07-09 22:29:00,ur,"PERSON_00449 और PERSON_00608 ने مقام شیئر کیا, Zone_0159, Nagpur के पास। समय 2026-07-09 22:29:00.",P00449,P00608,LOC0159
DIG002393,2026-01-22 13:45:00,mr,"PERSON_00252 और PERSON_00536 ने भेटला, Zone_0134, Indore के पास। समय 2026-01-22 13:45:00.",P00252,P00536,LOC0134
DIG002394,2026-08-31 09:34:00,ta,"PERSON_00756 और PERSON_00006 ने சென்றார், Zone_0134, Indore के पास। समय 2026-08-31 09:34:00.",P00756,P00006,LOC0134
DIG002395,2026-08-16 16:05:00,ur,"PERSON_00380 और PERSON_00943 ने رابطہ کیا, Zone_0026, Nagpur के पास। समय 2026-08-16 16:05:00.",P00380,P00943,LOC0026
DIG002396,2026-04-16 12:02:00,mr,"PERSON_00731 और PERSON_00058 ने पैसे पाठवले, Zone_0134, Indore के पास। समय 2026-04-16 12:02:00.",P00731,P00058,LOC0134
DIG002397,2026-07-18 11:25:00,pa,"PERSON_00444 और PERSON_00462 ने ਸੰਪਰਕ ਕੀਤਾ, Zone_0019, Gwalior के पास। समय 2026-07-18 11:25:00.",P00444,P00462,LOC0019
DIG002398,2026-08-24 16:28:00,mr,"PERSON_00658 और PERSON_00761 ने भेट दिली, Zone_0155, Nagpur के पास। समय 2026-08-24 16:28:00.",P00658,P00761,LOC0155
DIG002399,2026-07-08 05:20:00,ml,"PERSON_00340 और PERSON_00169 ने സ്ഥലം പങ്കിട്ടു, Zone_0013, Gwalior के पास। समय 2026-07-08 05:20:00.",P00340,P00169,LOC0013
DIG002400,2026-01-08 11:14:00,hi,"PERSON_00894 और PERSON_00968 ने संदेश भेजा, Zone_0156, Bhopal के पास। समय 2026-01-08 11:14:00.",P00894,P00968,LOC0156
DIG002401,2026-08-04 16:02:00,ml,"PERSON_00722 और PERSON_00831 ने വിളിച്ചു, Zone_0037, Indore के पास। समय 2026-08-04 16:02:00.",P00722,P00831,LOC0037
DIG002402,2026-08-22 15:04:00,gu,"PERSON_00156 और PERSON_00323 ने નાણાં મોકલ્યાં, Zone_0086, Gwalior के पास। समय 2026-08-22 15:04:00.",P00156,P00323,LOC0086
DIG002403,2026-07-18 07:37:00,hi,"PERSON_00423 और PERSON_00522 ने संदेश भेजा, Zone_0005, Jabalpur के पास। समय 2026-07-18 07:37:00.",P00423,P00522,LOC0005
DIG002404,2026-07-08 14:33:00,te,"PERSON_00147 और PERSON_00775 ने సందేశం పంపారు, Zone_0148, Indore के पास। समय 2026-07-08 14:33:00.",P00147,P00775,LOC0148
DIG002405,2026-06-24 11:36:00,ml,"PERSON_00273 और PERSON_00668 ने ബന്ധപ്പെട്ടു, Zone_0017, Gwalior के पास। समय 2026-06-24 11:36:00.",P00273,P00668,LOC0017
DIG002406,2026-06-24 06:44:00,ur,"PERSON_00375 और PERSON_00860 ने پیغام بھیجا, Zone_0078, Ujjain के पास। समय 2026-06-24 06:44:00.",P00375,P00860,LOC0078
DIG002407,2026-07-23 05:33:00,bn,"PERSON_00530 और PERSON_00860 ने স্থান ভাগ করেছে, Zone_0120, Ujjain के पास। समय 2026-07-23 05:33:00.",P00530,P00860,LOC0120
DIG002408,2026-05-25 17:31:00,bn,"PERSON_00584 और PERSON_00340 ने পরিদর্শন করেছে, Zone_0057, Ujjain के पास। समय 2026-05-25 17:31:00.",P00584,P00340,LOC0057
DIG002409,2026-02-04 13:22:00,ta,"PERSON_00047 और PERSON_00615 ने சந்தித்தார், Zone_0106, Ujjain के पास। समय 2026-02-04 13:22:00.",P00047,P00615,LOC0106
DIG002410,2026-07-31 19:57:00,bn,"PERSON_00197 और PERSON_00774 ने যোগাযোগ করেছে, Zone_0161, Jabalpur के पास। समय 2026-07-31 19:57:00.",P00197,P00774,LOC0161
DIG002411,2026-08-07 11:45:00,gu,"PERSON_00003 और PERSON_00360 ने ફોન કર્યો, Zone_0149, Ujjain के पास। समय 2026-08-07 11:45:00.",P00003,P00360,LOC0149
DIG002412,2026-06-06 23:11:00,gu,"PERSON_00093 और PERSON_00808 ने સંદેશ મોકલ્યો, Zone_0047, Ujjain के पास। समय 2026-06-06 23:11:00.",P00093,P00808,LOC0047
DIG002413,2026-08-24 22:54:00,hi,"PERSON_00593 और PERSON_00527 ने धन भेजा, Zone_0022, Gwalior के पास। समय 2026-08-24 22:54:00.",P00593,P00527,LOC0022
DIG002414,2026-08-04 14:06:00,mr,"PERSON_00513 और PERSON_00890 ने फोन केला, Zone_0032, Jabalpur के पास। समय 2026-08-04 14:06:00.",P00513,P00890,LOC0032
DIG002415,2026-04-15 07:16:00,en,"PERSON_00804 met PERSON_00199 near Zone_0092, Ujjain. Record time 2026-04-15 07:16:00.",P00804,P00199,LOC0092
DIG002416,2026-05-20 19:13:00,mr,"PERSON_00445 और PERSON_00269 ने भेट दिली, Zone_0168, Nagpur के पास। समय 2026-05-20 19:13:00.",P00445,P00269,LOC0168
DIG002417,2026-08-27 00:29:00,bn,"PERSON_00704 और PERSON_00244 ने টাকা পাঠিয়েছে, Zone_0001, Gwalior के पास। समय 2026-08-27 00:29:00.",P00704,P00244,LOC0001
DIG002418,2026-04-24 10:44:00,gu,"PERSON_00032 और PERSON_00818 ने મુલાકાત લીધી, Zone_0122, Nagpur के पास। समय 2026-04-24 10:44:00.",P00032,P00818,LOC0122
DIG002419,2026-05-31 01:29:00,ur,"PERSON_00640 और PERSON_00437 ने مقام شیئر کیا, Zone_0085, Gwalior के पास। समय 2026-05-31 01:29:00.",P00640,P00437,LOC0085
DIG002420,2026-04-21 13:57:00,pa,"PERSON_00474 और PERSON_00272 ने ਸੰਪਰਕ ਕੀਤਾ, Zone_0162, Nagpur के पास। समय 2026-04-21 13:57:00.",P00474,P00272,LOC0162
DIG002421,2026-06-08 05:01:00,gu,"PERSON_00406 और PERSON_00434 ने મળ્યા, Zone_0094, Gwalior के पास। समय 2026-06-08 05:01:00.",P00406,P00434,LOC0094
DIG002422,2026-01-17 03:03:00,mr,"PERSON_00054 और PERSON_00455 ने संदेश पाठवला, Zone_0027, Gwalior के पास। समय 2026-01-17 03:03:00.",P00054,P00455,LOC0027
DIG002423,2026-02-25 22:39:00,en,"PERSON_00548 sent a message to PERSON_00204 near Zone_0022, Gwalior. Record time 2026-02-25 22:39:00.",P00548,P00204,LOC0022
DIG002424,2026-05-07 15:26:00,kn,"PERSON_00413 और PERSON_00084 ने ಕರೆ ಮಾಡಿದರು, Zone_0050, Jabalpur के पास। समय 2026-05-07 15:26:00.",P00413,P00084,LOC0050
DIG002425,2026-01-20 23:07:00,bn,"PERSON_00932 और PERSON_00554 ने দেখা করেছে, Zone_0131, Gwalior के पास। समय 2026-01-20 23:07:00.",P00932,P00554,LOC0131
DIG002426,2026-02-27 09:40:00,bn,"PERSON_00783 और PERSON_00793 ने দেখা করেছে, Zone_0166, Bhopal के पास। समय 2026-02-27 09:40:00.",P00783,P00793,LOC0166
DIG002427,2026-01-17 19:43:00,ur,"PERSON_00153 और PERSON_00808 ने مقام شیئر کیا, Zone_0164, Bhopal के पास। समय 2026-01-17 19:43:00.",P00153,P00808,LOC0164
DIG002428,2026-06-17 09:44:00,bn,"PERSON_00213 और PERSON_00189 ने যোগাযোগ করেছে, Zone_0128, Bhopal के पास। समय 2026-06-17 09:44:00.",P00213,P00189,LOC0128
DIG002429,2026-04-03 02:19:00,kn,"PERSON_00054 और PERSON_00943 ने ಹಣ ಕಳುಹಿಸಿದರು, Zone_0176, Gwalior के पास। समय 2026-04-03 02:19:00.",P00054,P00943,LOC0176
DIG002430,2026-03-08 11:33:00,gu,"PERSON_00126 और PERSON_00904 ने સ્થાન શેર કર્યું, Zone_0127, Bhopal के पास। समय 2026-03-08 11:33:00.",P00126,P00904,LOC0127
DIG002431,2026-03-11 08:15:00,ur,"PERSON_00814 और PERSON_00629 ने پیغام بھیجا, Zone_0057, Ujjain के पास। समय 2026-03-11 08:15:00.",P00814,P00629,LOC0057
DIG002432,2026-02-10 16:57:00,bn,"PERSON_00721 और PERSON_00075 ने পরিদর্শন করেছে, Zone_0159, Nagpur के पास। समय 2026-02-10 16:57:00.",P00721,P00075,LOC0159
DIG002433,2026-01-01 00:29:00,kn,"PERSON_00249 और PERSON_00395 ने ಭೇಟಿ ನೀಡಿದರು, Zone_0014, Bhopal के पास। समय 2026-01-01 00:29:00.",P00249,P00395,LOC0014
DIG002434,2026-01-24 09:03:00,gu,"PERSON_00735 और PERSON_00253 ने સંદેશ મોકલ્યો, Zone_0096, Indore के पास। समय 2026-01-24 09:03:00.",P00735,P00253,LOC0096
DIG002435,2026-06-23 19:47:00,ta,"PERSON_00808 और PERSON_00085 ने இடத்தை பகிர்ந்தார், Zone_0037, Indore के पास। समय 2026-06-23 19:47:00.",P00808,P00085,LOC0037
DIG002436,2026-06-11 20:43:00,pa,"PERSON_00160 और PERSON_00421 ने ਮੁਲਾਕਾਤ ਕੀਤੀ, Zone_0015, Gwalior के पास। समय 2026-06-11 20:43:00.",P00160,P00421,LOC0015
DIG002437,2026-03-27 07:17:00,en,"PERSON_00851 used a vehicle PERSON_00394 near Zone_0047, Ujjain. Record time 2026-03-27 07:17:00.",P00851,P00394,LOC0047
DIG002438,2026-03-13 00:53:00,en,"PERSON_00341 contacted PERSON_00518 near Zone_0071, Indore. Record time 2026-03-13 00:53:00.",P00341,P00518,LOC0071
DIG002439,2026-01-08 00:50:00,ur,"PERSON_00141 और PERSON_00791 ने پیغام بھیجا, Zone_0061, Gwalior के पास। समय 2026-01-08 00:50:00.",P00141,P00791,LOC0061
DIG002440,2026-04-27 15:50:00,ur,"PERSON_00182 और PERSON_00558 ने دورہ کیا, Zone_0007, Ujjain के पास। समय 2026-04-27 15:50:00.",P00182,P00558,LOC0007
DIG002441,2026-02-03 19:18:00,kn,"PERSON_00163 और PERSON_00677 ने ಭೇಟಿಯಾದರು, Zone_0135, Nagpur के पास। समय 2026-02-03 19:18:00.",P00163,P00677,LOC0135
DIG002442,2026-02-07 15:46:00,ml,"PERSON_00128 और PERSON_00709 ने വിളിച്ചു, Zone_0064, Ujjain के पास। समय 2026-02-07 15:46:00.",P00128,P00709,LOC0064
DIG002443,2026-08-30 06:50:00,kn,"PERSON_00611 और PERSON_00523 ने ಕರೆ ಮಾಡಿದರು, Zone_0130, Gwalior के पास। समय 2026-08-30 06:50:00.",P00611,P00523,LOC0130
DIG002444,2026-01-07 20:53:00,en,"PERSON_00147 shared a location with PERSON_00730 near Zone_0155, Nagpur. Record time 2026-01-07 20:53:00.",P00147,P00730,LOC0155
DIG002445,2026-06-20 16:21:00,hi,"PERSON_00070 और PERSON_00850 ने संपर्क किया, Zone_0034, Jabalpur के पास। समय 2026-06-20 16:21:00.",P00070,P00850,LOC0034
DIG002446,2026-08-09 21:55:00,mr,"PERSON_00717 और PERSON_00580 ने फोन केला, Zone_0178, Gwalior के पास। समय 2026-08-09 21:55:00.",P00717,P00580,LOC0178
DIG002447,2026-04-18 03:24:00,pa,"PERSON_00075 और PERSON_00528 ने ਫੋਨ ਕੀਤਾ, Zone_0065, Jabalpur के पास। समय 2026-04-18 03:24:00.",P00075,P00528,LOC0065
DIG002448,2026-04-11 20:46:00,hi,"PERSON_00763 और PERSON_00311 ने स्थान साझा किया, Zone_0024, Jabalpur के पास। समय 2026-04-11 20:46:00.",P00763,P00311,LOC0024
DIG002449,2026-03-03 04:49:00,bn,"PERSON_00021 और PERSON_00290 ने বার্তা পাঠিয়েছে, Zone_0054, Jabalpur के पास। समय 2026-03-03 04:49:00.",P00021,P00290,LOC0054
DIG002450,2026-03-17 19:57:00,te,"PERSON_00539 और PERSON_00330 ने ఫోన్ చేశారు, Zone_0147, Ujjain के पास। समय 2026-03-17 19:57:00.",P00539,P00330,LOC0147
DIG002451,2026-08-21 17:04:00,mr,"PERSON_00483 और PERSON_00632 ने संपर्क केला, Zone_0071, Indore के पास। समय 2026-08-21 17:04:00.",P00483,P00632,LOC0071
DIG002452,2026-06-26 12:32:00,en,"PERSON_00182 contacted PERSON_00635 near Zone_0061, Gwalior. Record time 2026-06-26 12:32:00.",P00182,P00635,LOC0061
DIG002453,2026-01-14 00:51:00,pa,"PERSON_00859 और PERSON_00418 ने ਪੈਸੇ ਭੇਜੇ, Zone_0089, Jabalpur के पास। समय 2026-01-14 00:51:00.",P00859,P00418,LOC0089
DIG002454,2026-06-24 04:38:00,bn,"PERSON_00614 और PERSON_00131 ने ফোন করেছে, Zone_0167, Nagpur के पास। समय 2026-06-24 04:38:00.",P00614,P00131,LOC0167
DIG002455,2026-01-06 17:16:00,bn,"PERSON_00288 और PERSON_00774 ने টাকা পাঠিয়েছে, Zone_0004, Indore के पास। समय 2026-01-06 17:16:00.",P00288,P00774,LOC0004
DIG002456,2026-02-24 17:53:00,te,"PERSON_00839 और PERSON_00401 ने ఫోన్ చేశారు, Zone_0053, Nagpur के पास। समय 2026-02-24 17:53:00.",P00839,P00401,LOC0053
DIG002457,2026-06-02 19:10:00,ta,"PERSON_00463 और PERSON_00141 ने செய்தி அனுப்பினார், Zone_0118, Ujjain के पास। समय 2026-06-02 19:10:00.",P00463,P00141,LOC0118
DIG002458,2026-02-13 03:57:00,hi,"PERSON_00324 और PERSON_00692 ने संदेश भेजा, Zone_0004, Indore के पास। समय 2026-02-13 03:57:00.",P00324,P00692,LOC0004
DIG002459,2026-01-11 10:06:00,pa,"PERSON_00010 और PERSON_00649 ने ਸੰਪਰਕ ਕੀਤਾ, Zone_0002, Ujjain के पास। समय 2026-01-11 10:06:00.",P00010,P00649,LOC0002
DIG002460,2026-04-09 19:41:00,bn,"PERSON_00766 और PERSON_00165 ने বার্তা পাঠিয়েছে, Zone_0168, Nagpur के पास। समय 2026-04-09 19:41:00.",P00766,P00165,LOC0168
DIG002461,2026-06-30 15:23:00,en,"PERSON_00396 used a vehicle PERSON_00594 near Zone_0135, Nagpur. Record time 2026-06-30 15:23:00.",P00396,P00594,LOC0135
DIG002462,2026-03-13 11:23:00,ur,"PERSON_00676 और PERSON_00705 ने مقام شیئر کیا, Zone_0080, Indore के पास। समय 2026-03-13 11:23:00.",P00676,P00705,LOC0080
DIG002463,2026-06-03 22:02:00,bn,"PERSON_00458 और PERSON_00305 ने টাকা পাঠিয়েছে, Zone_0006, Bhopal के पास। समय 2026-06-03 22:02:00.",P00458,P00305,LOC0006
DIG002464,2026-08-02 14:18:00,te,"PERSON_00923 और PERSON_00035 ने సంప్రదించారు, Zone_0153, Jabalpur के पास। समय 2026-08-02 14:18:00.",P00923,P00035,LOC0153
DIG002465,2026-03-12 16:03:00,ur,"PERSON_00829 और PERSON_00888 ने دورہ کیا, Zone_0059, Indore के पास। समय 2026-03-12 16:03:00.",P00829,P00888,LOC0059
DIG002466,2026-07-22 17:56:00,pa,"PERSON_00202 और PERSON_00844 ने ਫੋਨ ਕੀਤਾ, Zone_0164, Bhopal के पास। समय 2026-07-22 17:56:00.",P00202,P00844,LOC0164
DIG002467,2026-01-08 19:53:00,bn,"PERSON_00169 और PERSON_00534 ने পরিদর্শন করেছে, Zone_0008, Nagpur के पास। समय 2026-01-08 19:53:00.",P00169,P00534,LOC0008
DIG002468,2026-03-18 03:01:00,te,"PERSON_00057 और PERSON_00207 ने డబ్బు పంపారు, Zone_0121, Nagpur के पास। समय 2026-03-18 03:01:00.",P00057,P00207,LOC0121
DIG002469,2026-05-23 10:12:00,hi,"PERSON_00342 और PERSON_00385 ने संपर्क किया, Zone_0013, Gwalior के पास। समय 2026-05-23 10:12:00.",P00342,P00385,LOC0013
DIG002470,2026-02-16 16:23:00,kn,"PERSON_00360 और PERSON_00957 ने ಸಂದೇಶ ಕಳುಹಿಸಿದರು, Zone_0110, Indore के पास। समय 2026-02-16 16:23:00.",P00360,P00957,LOC0110
DIG002471,2026-07-20 19:51:00,ml,"PERSON_00457 और PERSON_00562 ने കണ്ടുമുട്ടി, Zone_0060, Ujjain के पास। समय 2026-07-20 19:51:00.",P00457,P00562,LOC0060
DIG002472,2026-08-09 04:57:00,gu,"PERSON_00282 और PERSON_00762 ने મળ્યા, Zone_0016, Ujjain के पास। समय 2026-08-09 04:57:00.",P00282,P00762,LOC0016
DIG002473,2026-05-05 17:55:00,mr,"PERSON_00963 और PERSON_00253 ने संपर्क केला, Zone_0081, Gwalior के पास। समय 2026-05-05 17:55:00.",P00963,P00253,LOC0081
DIG002474,2026-06-08 18:01:00,mr,"PERSON_00257 और PERSON_00390 ने ठिकाण शेअर केले, Zone_0017, Gwalior के पास। समय 2026-06-08 18:01:00.",P00257,P00390,LOC0017
DIG002475,2026-08-05 01:36:00,mr,"PERSON_00753 और PERSON_00547 ने फोन केला, Zone_0069, Jabalpur के पास। समय 2026-08-05 01:36:00.",P00753,P00547,LOC0069
DIG002476,2026-04-24 08:15:00,pa,"PERSON_00113 और PERSON_00363 ने ਫੋਨ ਕੀਤਾ, Zone_0097, Ujjain के पास। समय 2026-04-24 08:15:00.",P00113,P00363,LOC0097
DIG002477,2026-02-25 18:50:00,hi,"PERSON_00369 और PERSON_00608 ने दौरा किया, Zone_0050, Jabalpur के पास। समय 2026-02-25 18:50:00.",P00369,P00608,LOC0050
DIG002478,2026-06-07 16:10:00,en,"PERSON_00763 called PERSON_00820 near Zone_0093, Jabalpur. Record time 2026-06-07 16:10:00.",P00763,P00820,LOC0093
DIG002479,2026-01-12 06:22:00,kn,"PERSON_00463 और PERSON_00954 ने ಕರೆ ಮಾಡಿದರು, Zone_0041, Ujjain के पास। समय 2026-01-12 06:22:00.",P00463,P00954,LOC0041
DIG002480,2026-01-07 11:30:00,hi,"PERSON_00243 और PERSON_00146 ने स्थान साझा किया, Zone_0152, Nagpur के पास। समय 2026-01-07 11:30:00.",P00243,P00146,LOC0152
DIG002481,2026-07-07 23:51:00,hi,"PERSON_00739 और PERSON_00203 ने धन भेजा, Zone_0079, Nagpur के पास। समय 2026-07-07 23:51:00.",P00739,P00203,LOC0079
DIG002482,2026-03-29 02:40:00,te,"PERSON_00686 और PERSON_00649 ने కలిశారు, Zone_0005, Jabalpur के पास। समय 2026-03-29 02:40:00.",P00686,P00649,LOC0005
DIG002483,2026-05-16 08:17:00,en,"PERSON_00341 shared a location with PERSON_00968 near Zone_0037, Indore. Record time 2026-05-16 08:17:00.",P00341,P00968,LOC0037
DIG002484,2026-06-29 21:52:00,mr,"PERSON_00083 और PERSON_00653 ने पैसे पाठवले, Zone_0118, Ujjain के पास। समय 2026-06-29 21:52:00.",P00083,P00653,LOC0118
DIG002485,2026-07-05 10:41:00,kn,"PERSON_00670 और PERSON_00766 ने ಭೇಟಿ ನೀಡಿದರು, Zone_0070, Ujjain के पास। समय 2026-07-05 10:41:00.",P00670,P00766,LOC0070
DIG002486,2026-08-14 14:03:00,hi,"PERSON_00249 और PERSON_00280 ने वाहन का उपयोग किया, Zone_0172, Gwalior के पास। समय 2026-08-14 14:03:00.",P00249,P00280,LOC0172
DIG002487,2026-01-31 18:37:00,gu,"PERSON_00152 और PERSON_00732 ने ફોન કર્યો, Zone_0082, Nagpur के पास। समय 2026-01-31 18:37:00.",P00152,P00732,LOC0082
DIG002488,2026-02-23 11:37:00,mr,"PERSON_00567 और PERSON_00021 ने संपर्क केला, Zone_0120, Ujjain के पास। समय 2026-02-23 11:37:00.",P00567,P00021,LOC0120
DIG002489,2026-01-09 19:14:00,pa,"PERSON_00964 और PERSON_00547 ने ਮੁਲਾਕਾਤ ਕੀਤੀ, Zone_0132, Indore के पास। समय 2026-01-09 19:14:00.",P00964,P00547,LOC0132
DIG002490,2026-07-13 23:19:00,gu,"PERSON_00892 और PERSON_00484 ने નાણાં મોકલ્યાં, Zone_0023, Jabalpur के पास। समय 2026-07-13 23:19:00.",P00892,P00484,LOC0023
DIG002491,2026-03-07 05:35:00,bn,"PERSON_00439 और PERSON_00561 ने স্থান ভাগ করেছে, Zone_0048, Indore के पास। समय 2026-03-07 05:35:00.",P00439,P00561,LOC0048
DIG002492,2026-04-02 17:19:00,ml,"PERSON_00483 और PERSON_00673 ने കണ്ടുമുട്ടി, Zone_0138, Bhopal के पास। समय 2026-04-02 17:19:00.",P00483,P00673,LOC0138
DIG002493,2026-03-14 01:10:00,kn,"PERSON_00911 और PERSON_00348 ने ಸ್ಥಳ ಹಂಚಿಕೊಂಡರು, Zone_0101, Jabalpur के पास। समय 2026-03-14 01:10:00.",P00911,P00348,LOC0101
DIG002494,2026-06-30 18:06:00,hi,"PERSON_00593 और PERSON_00923 ने फोन किया, Zone_0093, Jabalpur के पास। समय 2026-06-30 18:06:00.",P00593,P00923,LOC0093
DIG002495,2026-01-25 15:31:00,mr,"PERSON_00709 और PERSON_00577 ने संदेश पाठवला, Zone_0010, Indore के पास। समय 2026-01-25 15:31:00.",P00709,P00577,LOC0010
DIG002496,2026-04-24 09:37:00,mr,"PERSON_00561 और PERSON_00143 ने संदेश पाठवला, Zone_0092, Ujjain के पास। समय 2026-04-24 09:37:00.",P00561,P00143,LOC0092
DIG002497,2026-02-04 07:14:00,te,"PERSON_00716 और PERSON_00973 ने వెళ్లారు, Zone_0027, Gwalior के पास। समय 2026-02-04 07:14:00.",P00716,P00973,LOC0027
DIG002498,2026-01-13 00:21:00,kn,"PERSON_00830 और PERSON_00937 ने ಭೇಟಿ ನೀಡಿದರು, Zone_0028, Bhopal के पास। समय 2026-01-13 00:21:00.",P00830,P00937,LOC0028
DIG002499,2026-07-06 09:17:00,pa,"PERSON_00782 और PERSON_00219 ने ਸਥਾਨ ਸਾਂਝਾ ਕੀਤਾ, Zone_0018, Bhopal के पास। समय 2026-07-06 09:17:00.",P00782,P00219,LOC0018
DIG002500,2026-06-27 02:21:00,kn,"PERSON_00949 और PERSON_00406 ने ಸ್ಥಳ ಹಂಚಿಕೊಂಡರು, Zone_0167, Nagpur के पास। समय 2026-06-27 02:21:00.",P00949,P00406,LOC0167
DIG002501,2026-05-12 11:25:00,en,"PERSON_00052 contacted PERSON_00921 near Zone_0120, Ujjain. Record time 2026-05-12 11:25:00.",P00052,P00921,LOC0120
DIG002502,2026-07-06 04:45:00,te,"PERSON_00429 और PERSON_00583 ने సంప్రదించారు, Zone_0001, Gwalior के पास। समय 2026-07-06 04:45:00.",P00429,P00583,LOC0001
DIG002503,2026-08-08 06:24:00,hi,"PERSON_00408 और PERSON_00736 ने वाहन का उपयोग किया, Zone_0066, Jabalpur के पास। समय 2026-08-08 06:24:00.",P00408,P00736,LOC0066
DIG002504,2026-07-31 00:07:00,ur,"PERSON_00211 और PERSON_00501 ने ملاقات کی, Zone_0134, Indore के पास। समय 2026-07-31 00:07:00.",P00211,P00501,LOC0134
DIG002505,2026-02-19 23:52:00,gu,"PERSON_00530 और PERSON_00347 ने સંપર્ક કર્યો, Zone_0117, Gwalior के पास। समय 2026-02-19 23:52:00.",P00530,P00347,LOC0117
DIG002506,2026-07-26 19:40:00,ta,"PERSON_00067 और PERSON_00846 ने இடத்தை பகிர்ந்தார், Zone_0035, Jabalpur के पास। समय 2026-07-26 19:40:00.",P00067,P00846,LOC0035
DIG002507,2026-01-15 22:18:00,ta,"PERSON_00330 और PERSON_00432 ने அழைத்தார், Zone_0050, Jabalpur के पास। समय 2026-01-15 22:18:00.",P00330,P00432,LOC0050
DIG002508,2026-07-13 02:19:00,hi,"PERSON_00299 और PERSON_00473 ने संपर्क किया, Zone_0099, Bhopal के पास। समय 2026-07-13 02:19:00.",P00299,P00473,LOC0099
DIG002509,2026-01-10 00:43:00,ta,"PERSON_00563 और PERSON_00420 ने சென்றார், Zone_0001, Gwalior के पास। समय 2026-01-10 00:43:00.",P00563,P00420,LOC0001
DIG002510,2026-06-22 04:14:00,hi,"PERSON_00416 और PERSON_00089 ने फोन किया, Zone_0047, Ujjain के पास। समय 2026-06-22 04:14:00.",P00416,P00089,LOC0047
DIG002511,2026-03-19 06:11:00,hi,"PERSON_00485 और PERSON_00527 ने फोन किया, Zone_0104, Bhopal के पास। समय 2026-03-19 06:11:00.",P00485,P00527,LOC0104
DIG002512,2026-03-14 06:32:00,pa,"PERSON_00714 और PERSON_00062 ने ਸੰਪਰਕ ਕੀਤਾ, Zone_0071, Indore के पास। समय 2026-03-14 06:32:00.",P00714,P00062,LOC0071
DIG002513,2026-01-10 03:32:00,en,"PERSON_00412 met PERSON_00505 near Zone_0097, Ujjain. Record time 2026-01-10 03:32:00.",P00412,P00505,LOC0097
DIG002514,2026-06-12 05:51:00,ur,"PERSON_00583 और PERSON_00053 ने مقام شیئر کیا, Zone_0086, Gwalior के पास। समय 2026-06-12 05:51:00.",P00583,P00053,LOC0086
DIG002515,2026-08-19 06:42:00,mr,"PERSON_00308 और PERSON_00598 ने संदेश पाठवला, Zone_0119, Indore के पास। समय 2026-08-19 06:42:00.",P00308,P00598,LOC0119
DIG002516,2026-08-07 21:45:00,en,"PERSON_00934 shared a location with PERSON_00996 near Zone_0125, Indore. Record time 2026-08-07 21:45:00.",P00934,P00996,LOC0125
DIG002517,2026-01-13 02:55:00,mr,"PERSON_00767 और PERSON_00970 ने भेट दिली, Zone_0086, Gwalior के पास। समय 2026-01-13 02:55:00.",P00767,P00970,LOC0086
DIG002518,2026-06-25 11:34:00,hi,"PERSON_00725 और PERSON_00152 ने धन भेजा, Zone_0049, Nagpur के पास। समय 2026-06-25 11:34:00.",P00725,P00152,LOC0049
DIG002519,2026-01-17 12:08:00,hi,"PERSON_00259 और PERSON_00526 ने स्थान साझा किया, Zone_0141, Jabalpur के पास। समय 2026-01-17 12:08:00.",P00259,P00526,LOC0141
DIG002520,2026-08-14 01:04:00,gu,"PERSON_00735 और PERSON_00033 ने સ્થાન શેર કર્યું, Zone_0075, Gwalior के पास। समय 2026-08-14 01:04:00.",P00735,P00033,LOC0075
DIG002521,2026-05-18 06:00:00,ta,"PERSON_00193 और PERSON_00833 ने சந்தித்தார், Zone_0111, Jabalpur के पास। समय 2026-05-18 06:00:00.",P00193,P00833,LOC0111
DIG002522,2026-08-14 20:53:00,bn,"PERSON_00888 और PERSON_00509 ने দেখা করেছে, Zone_0111, Jabalpur के पास। समय 2026-08-14 20:53:00.",P00888,P00509,LOC0111
DIG002523,2026-03-14 09:00:00,pa,"PERSON_00293 और PERSON_00289 ने ਮੁਲਾਕਾਤ ਕੀਤੀ, Zone_0161, Jabalpur के पास। समय 2026-03-14 09:00:00.",P00293,P00289,LOC0161
DIG002524,2026-04-05 02:56:00,bn,"PERSON_00557 और PERSON_00299 ने স্থান ভাগ করেছে, Zone_0145, Jabalpur के पास। समय 2026-04-05 02:56:00.",P00557,P00299,LOC0145
DIG002525,2026-05-03 07:53:00,ml,"PERSON_00906 और PERSON_00616 ने സ്ഥലം പങ്കിട്ടു, Zone_0103, Indore के पास। समय 2026-05-03 07:53:00.",P00906,P00616,LOC0103
DIG002526,2026-01-20 02:18:00,hi,"PERSON_00653 और PERSON_00251 ने संपर्क किया, Zone_0021, Ujjain के पास। समय 2026-01-20 02:18:00.",P00653,P00251,LOC0021
DIG002527,2026-06-23 16:42:00,te,"PERSON_00539 और PERSON_00048 ने సంప్రదించారు, Zone_0110, Indore के पास। समय 2026-06-23 16:42:00.",P00539,P00048,LOC0110
DIG002528,2026-04-12 17:05:00,gu,"PERSON_00154 और PERSON_00229 ने સ્થાન શેર કર્યું, Zone_0076, Indore के पास। समय 2026-04-12 17:05:00.",P00154,P00229,LOC0076
DIG002529,2026-03-24 23:36:00,gu,"PERSON_00327 और PERSON_00964 ने મુલાકાત લીધી, Zone_0081, Gwalior के पास। समय 2026-03-24 23:36:00.",P00327,P00964,LOC0081
DIG002530,2026-03-08 21:29:00,ml,"PERSON_00822 और PERSON_00488 ने കണ്ടുമുട്ടി, Zone_0064, Ujjain के पास। समय 2026-03-08 21:29:00.",P00822,P00488,LOC0064
DIG002531,2026-02-14 16:22:00,mr,"PERSON_00832 और PERSON_00435 ने ठिकाण शेअर केले, Zone_0006, Bhopal के पास। समय 2026-02-14 16:22:00.",P00832,P00435,LOC0006
DIG002532,2026-08-25 15:49:00,pa,"PERSON_00737 और PERSON_00710 ने ਸੁਨੇਹਾ ਭੇਜਿਆ, Zone_0140, Jabalpur के पास। समय 2026-08-25 15:49:00.",P00737,P00710,LOC0140
DIG002533,2026-07-13 04:05:00,mr,"PERSON_00074 और PERSON_00770 ने ठिकाण शेअर केले, Zone_0009, Jabalpur के पास। समय 2026-07-13 04:05:00.",P00074,P00770,LOC0009
DIG002534,2026-06-25 10:41:00,ta,"PERSON_00410 और PERSON_00752 ने தொடர்பு கொண்டார், Zone_0027, Gwalior के पास। समय 2026-06-25 10:41:00.",P00410,P00752,LOC0027
DIG002535,2026-07-01 03:04:00,hi,"PERSON_00246 और PERSON_00989 ने फोन किया, Zone_0145, Jabalpur के पास। समय 2026-07-01 03:04:00.",P00246,P00989,LOC0145
DIG002536,2026-01-14 15:46:00,pa,"PERSON_00909 और PERSON_00024 ने ਸੁਨੇਹਾ ਭੇਜਿਆ, Zone_0160, Ujjain के पास। समय 2026-01-14 15:46:00.",P00909,P00024,LOC0160
DIG002537,2026-03-12 19:30:00,bn,"PERSON_00296 और PERSON_00663 ने ফোন করেছে, Zone_0010, Indore के पास। समय 2026-03-12 19:30:00.",P00296,P00663,LOC0010
DIG002538,2026-03-28 10:32:00,en,"PERSON_00233 sent a message to PERSON_00242 near Zone_0167, Nagpur. Record time 2026-03-28 10:32:00.",P00233,P00242,LOC0167
DIG002539,2026-05-20 05:57:00,gu,"PERSON_00978 और PERSON_00340 ने મુલાકાત લીધી, Zone_0134, Indore के पास। समय 2026-05-20 05:57:00.",P00978,P00340,LOC0134
DIG002540,2026-08-28 20:51:00,te,"PERSON_00077 और PERSON_00765 ने డబ్బు పంపారు, Zone_0081, Gwalior के पास। समय 2026-08-28 20:51:00.",P00077,P00765,LOC0081
DIG002541,2026-07-02 15:58:00,hi,"PERSON_00173 और PERSON_00268 ने संदेश भेजा, Zone_0106, Ujjain के पास। समय 2026-07-02 15:58:00.",P00173,P00268,LOC0106
DIG002542,2026-03-25 05:27:00,mr,"PERSON_00477 और PERSON_00348 ने फोन केला, Zone_0025, Jabalpur के पास। समय 2026-03-25 05:27:00.",P00477,P00348,LOC0025
DIG002543,2026-08-01 07:01:00,kn,"PERSON_00805 और PERSON_00822 ने ಹಣ ಕಳುಹಿಸಿದರು, Zone_0107, Indore के पास। समय 2026-08-01 07:01:00.",P00805,P00822,LOC0107
DIG002544,2026-05-03 08:07:00,gu,"PERSON_00688 और PERSON_00463 ने સ્થાન શેર કર્યું, Zone_0083, Ujjain के पास। समय 2026-05-03 08:07:00.",P00688,P00463,LOC0083
DIG002545,2026-01-27 19:16:00,ml,"PERSON_00133 और PERSON_00522 ने വിളിച്ചു, Zone_0027, Gwalior के पास। समय 2026-01-27 19:16:00.",P00133,P00522,LOC0027
DIG002546,2026-06-27 20:44:00,ta,"PERSON_00962 और PERSON_00777 ने சந்தித்தார், Zone_0048, Indore के पास। समय 2026-06-27 20:44:00.",P00962,P00777,LOC0048
DIG002547,2026-08-03 13:57:00,kn,"PERSON_00035 और PERSON_00087 ने ಭೇಟಿಯಾದರು, Zone_0176, Gwalior के पास। समय 2026-08-03 13:57:00.",P00035,P00087,LOC0176
DIG002548,2026-02-14 00:54:00,ta,"PERSON_00769 और PERSON_00381 ने பணம் அனுப்பினார், Zone_0094, Gwalior के पास। समय 2026-02-14 00:54:00.",P00769,P00381,LOC0094
DIG002549,2026-04-12 17:57:00,ur,"PERSON_00492 और PERSON_00535 ने پیغام بھیجا, Zone_0069, Jabalpur के पास। समय 2026-04-12 17:57:00.",P00492,P00535,LOC0069
DIG002550,2026-08-03 19:27:00,en,"PERSON_00528 shared a location with PERSON_00344 near Zone_0068, Bhopal. Record time 2026-08-03 19:27:00.",P00528,P00344,LOC0068
DIG002551,2026-06-28 20:10:00,gu,"PERSON_00095 और PERSON_00805 ने મળ્યા, Zone_0018, Bhopal के पास। समय 2026-06-28 20:10:00.",P00095,P00805,LOC0018
DIG002552,2026-04-08 12:55:00,bn,"PERSON_00081 और PERSON_00477 ने স্থান ভাগ করেছে, Zone_0064, Ujjain के पास। समय 2026-04-08 12:55:00.",P00081,P00477,LOC0064
DIG002553,2026-01-19 19:37:00,ta,"PERSON_00840 और PERSON_00224 ने சந்தித்தார், Zone_0124, Bhopal के पास। समय 2026-01-19 19:37:00.",P00840,P00224,LOC0124
DIG002554,2026-08-24 16:16:00,hi,"PERSON_00697 और PERSON_00110 ने वाहन का उपयोग किया, Zone_0138, Bhopal के पास। समय 2026-08-24 16:16:00.",P00697,P00110,LOC0138
DIG002555,2026-06-10 04:50:00,ml,"PERSON_00568 और PERSON_00375 ने വിളിച്ചു, Zone_0062, Ujjain के पास। समय 2026-06-10 04:50:00.",P00568,P00375,LOC0062
DIG002556,2026-02-18 14:28:00,gu,"PERSON_00370 और PERSON_00527 ने મળ્યા, Zone_0150, Ujjain के पास। समय 2026-02-18 14:28:00.",P00370,P00527,LOC0150
DIG002557,2026-03-22 00:58:00,hi,"PERSON_00077 और PERSON_00045 ने संदेश भेजा, Zone_0063, Gwalior के पास। समय 2026-03-22 00:58:00.",P00077,P00045,LOC0063
DIG002558,2026-04-23 10:01:00,ur,"PERSON_00318 और PERSON_00453 ने دورہ کیا, Zone_0096, Indore के पास। समय 2026-04-23 10:01:00.",P00318,P00453,LOC0096
DIG002559,2026-08-08 11:14:00,kn,"PERSON_00897 और PERSON_00206 ने ಸ್ಥಳ ಹಂಚಿಕೊಂಡರು, Zone_0006, Bhopal के पास। समय 2026-08-08 11:14:00.",P00897,P00206,LOC0006
DIG002560,2026-07-21 05:28:00,en,"PERSON_00560 used a vehicle PERSON_00581 near Zone_0085, Gwalior. Record time 2026-07-21 05:28:00.",P00560,P00581,LOC0085
DIG002561,2026-01-15 11:08:00,ml,"PERSON_00727 और PERSON_00166 ने വിളിച്ചു, Zone_0048, Indore के पास। समय 2026-01-15 11:08:00.",P00727,P00166,LOC0048
DIG002562,2026-04-04 23:54:00,bn,"PERSON_00213 और PERSON_00630 ने পরিদর্শন করেছে, Zone_0005, Jabalpur के पास। समय 2026-04-04 23:54:00.",P00213,P00630,LOC0005
DIG002563,2026-04-04 19:01:00,ml,"PERSON_00015 और PERSON_00349 ने സന്ദർശിച്ചു, Zone_0094, Gwalior के पास। समय 2026-04-04 19:01:00.",P00015,P00349,LOC0094
DIG002564,2026-03-05 04:42:00,ta,"PERSON_00647 और PERSON_00442 ने சந்தித்தார், Zone_0044, Bhopal के पास। समय 2026-03-05 04:42:00.",P00647,P00442,LOC0044
DIG002565,2026-02-09 01:01:00,en,"PERSON_00507 called PERSON_00686 near Zone_0071, Indore. Record time 2026-02-09 01:01:00.",P00507,P00686,LOC0071
DIG002566,2026-03-28 05:15:00,ml,"PERSON_00187 और PERSON_00641 ने കണ്ടുമുട്ടി, Zone_0142, Jabalpur के पास। समय 2026-03-28 05:15:00.",P00187,P00641,LOC0142
DIG002567,2026-06-29 16:22:00,kn,"PERSON_00352 और PERSON_00202 ने ಹಣ ಕಳುಹಿಸಿದರು, Zone_0116, Bhopal के पास। समय 2026-06-29 16:22:00.",P00352,P00202,LOC0116
DIG002568,2026-03-29 02:33:00,pa,"PERSON_00809 और PERSON_00090 ने ਸਥਾਨ ਸਾਂਝਾ ਕੀਤਾ, Zone_0038, Ujjain के पास। समय 2026-03-29 02:33:00.",P00809,P00090,LOC0038
DIG002569,2026-03-01 06:06:00,gu,"PERSON_00116 और PERSON_00349 ने નાણાં મોકલ્યાં, Zone_0079, Nagpur के पास। समय 2026-03-01 06:06:00.",P00116,P00349,LOC0079
DIG002570,2026-05-20 14:42:00,gu,"PERSON_00107 और PERSON_00257 ने સ્થાન શેર કર્યું, Zone_0066, Jabalpur के पास। समय 2026-05-20 14:42:00.",P00107,P00257,LOC0066
DIG002571,2026-05-30 09:57:00,en,"PERSON_00495 used a vehicle PERSON_00368 near Zone_0075, Gwalior. Record time 2026-05-30 09:57:00.",P00495,P00368,LOC0075
DIG002572,2026-06-10 00:27:00,te,"PERSON_00943 और PERSON_00632 ने స్థానం పంచుకున్నారు, Zone_0149, Ujjain के पास। समय 2026-06-10 00:27:00.",P00943,P00632,LOC0149
DIG002573,2026-05-27 16:45:00,hi,"PERSON_00502 और PERSON_00825 ने मिला, Zone_0124, Bhopal के पास। समय 2026-05-27 16:45:00.",P00502,P00825,LOC0124
DIG002574,2026-01-03 14:41:00,en,"PERSON_00180 shared a location with PERSON_00827 near Zone_0170, Ujjain. Record time 2026-01-03 14:41:00.",P00180,P00827,LOC0170
DIG002575,2026-08-28 22:30:00,pa,"PERSON_00768 और PERSON_00266 ने ਸੰਪਰਕ ਕੀਤਾ, Zone_0043, Gwalior के पास। समय 2026-08-28 22:30:00.",P00768,P00266,LOC0043
DIG002576,2026-04-30 16:19:00,ml,"PERSON_00418 और PERSON_00744 ने പണം അയച്ചു, Zone_0029, Nagpur के पास। समय 2026-04-30 16:19:00.",P00418,P00744,LOC0029
DIG002577,2026-06-06 00:24:00,mr,"PERSON_00313 और PERSON_00759 ने भेटला, Zone_0151, Indore के पास। समय 2026-06-06 00:24:00.",P00313,P00759,LOC0151
DIG002578,2026-01-12 10:32:00,en,"PERSON_00142 called PERSON_00666 near Zone_0062, Ujjain. Record time 2026-01-12 10:32:00.",P00142,P00666,LOC0062
DIG002579,2026-05-15 04:02:00,ta,"PERSON_00241 और PERSON_00155 ने அழைத்தார், Zone_0075, Gwalior के पास। समय 2026-05-15 04:02:00.",P00241,P00155,LOC0075
DIG002580,2026-08-20 11:34:00,en,"PERSON_00025 contacted PERSON_00231 near Zone_0157, Nagpur. Record time 2026-08-20 11:34:00.",P00025,P00231,LOC0157
DIG002581,2026-03-28 03:51:00,en,"PERSON_00135 visited PERSON_00561 near Zone_0074, Ujjain. Record time 2026-03-28 03:51:00.",P00135,P00561,LOC0074
DIG002582,2026-07-23 03:35:00,ur,"PERSON_00628 और PERSON_00022 ने مقام شیئر کیا, Zone_0140, Jabalpur के पास। समय 2026-07-23 03:35:00.",P00628,P00022,LOC0140
DIG002583,2026-06-23 09:14:00,gu,"PERSON_00110 और PERSON_00209 ने સંદેશ મોકલ્યો, Zone_0102, Ujjain के पास। समय 2026-06-23 09:14:00.",P00110,P00209,LOC0102
DIG002584,2026-04-04 00:23:00,pa,"PERSON_00395 और PERSON_00863 ने ਫੋਨ ਕੀਤਾ, Zone_0130, Gwalior के पास। समय 2026-04-04 00:23:00.",P00395,P00863,LOC0130
DIG002585,2026-05-02 08:33:00,ml,"PERSON_00555 और PERSON_00603 ने വിളിച്ചു, Zone_0175, Jabalpur के पास। समय 2026-05-02 08:33:00.",P00555,P00603,LOC0175
DIG002586,2026-01-18 07:54:00,gu,"PERSON_00480 और PERSON_00424 ने નાણાં મોકલ્યાં, Zone_0010, Indore के पास। समय 2026-01-18 07:54:00.",P00480,P00424,LOC0010
DIG002587,2026-08-15 18:21:00,kn,"PERSON_00237 और PERSON_00292 ने ಸಂಪರ್ಕಿಸಿದರು, Zone_0035, Jabalpur के पास। समय 2026-08-15 18:21:00.",P00237,P00292,LOC0035
DIG002588,2026-03-01 20:54:00,bn,"PERSON_00465 और PERSON_00270 ने ফোন করেছে, Zone_0070, Ujjain के पास। समय 2026-03-01 20:54:00.",P00465,P00270,LOC0070
DIG002589,2026-05-07 00:28:00,ml,"PERSON_00183 और PERSON_00844 ने സ്ഥലം പങ്കിട്ടു, Zone_0049, Nagpur के पास। समय 2026-05-07 00:28:00.",P00183,P00844,LOC0049
DIG002590,2026-01-08 18:49:00,ml,"PERSON_00723 और PERSON_00887 ने ബന്ധപ്പെട്ടു, Zone_0018, Bhopal के पास। समय 2026-01-08 18:49:00.",P00723,P00887,LOC0018
DIG002591,2026-01-31 22:01:00,ta,"PERSON_00714 और PERSON_00105 ने அழைத்தார், Zone_0075, Gwalior के पास। समय 2026-01-31 22:01:00.",P00714,P00105,LOC0075
DIG002592,2026-08-31 06:08:00,hi,"PERSON_00449 और PERSON_00911 ने दौरा किया, Zone_0081, Gwalior के पास। समय 2026-08-31 06:08:00.",P00449,P00911,LOC0081
DIG002593,2026-01-05 12:32:00,en,"PERSON_00855 visited PERSON_00181 near Zone_0080, Indore. Record time 2026-01-05 12:32:00.",P00855,P00181,LOC0080
DIG002594,2026-03-09 16:17:00,ml,"PERSON_00722 और PERSON_00149 ने സന്ദേശം അയച്ചു, Zone_0155, Nagpur के पास। समय 2026-03-09 16:17:00.",P00722,P00149,LOC0155
DIG002595,2026-02-06 02:13:00,ml,"PERSON_00250 और PERSON_00266 ने സന്ദേശം അയച്ചു, Zone_0005, Jabalpur के पास। समय 2026-02-06 02:13:00.",P00250,P00266,LOC0005
DIG002596,2026-01-19 20:51:00,en,"PERSON_00191 contacted PERSON_00678 near Zone_0114, Bhopal. Record time 2026-01-19 20:51:00.",P00191,P00678,LOC0114
DIG002597,2026-01-20 11:55:00,gu,"PERSON_00381 और PERSON_00217 ने સંપર્ક કર્યો, Zone_0180, Indore के पास। समय 2026-01-20 11:55:00.",P00381,P00217,LOC0180
DIG002598,2026-05-16 12:21:00,mr,"PERSON_00179 और PERSON_00615 ने भेटला, Zone_0149, Ujjain के पास। समय 2026-05-16 12:21:00.",P00179,P00615,LOC0149
DIG002599,2026-06-25 01:16:00,pa,"PERSON_00247 और PERSON_00417 ने ਫੋਨ ਕੀਤਾ, Zone_0164, Bhopal के पास। समय 2026-06-25 01:16:00.",P00247,P00417,LOC0164
DIG002600,2026-01-30 18:00:00,kn,"PERSON_00534 और PERSON_00421 ने ಸಂದೇಶ ಕಳುಹಿಸಿದರು, Zone_0099, Bhopal के पास। समय 2026-01-30 18:00:00.",P00534,P00421,LOC0099
DIG002601,2026-04-14 16:50:00,gu,"PERSON_00639 और PERSON_00406 ने ફોન કર્યો, Zone_0040, Bhopal के पास। समय 2026-04-14 16:50:00.",P00639,P00406,LOC0040
DIG002602,2026-07-27 13:30:00,pa,"PERSON_00732 और PERSON_00923 ने ਮੁਲਾਕਾਤ ਕੀਤੀ, Zone_0047, Ujjain के पास। समय 2026-07-27 13:30:00.",P00732,P00923,LOC0047
DIG002603,2026-05-19 03:27:00,en,"PERSON_00811 called PERSON_00209 near Zone_0131, Gwalior. Record time 2026-05-19 03:27:00.",P00811,P00209,LOC0131
DIG002604,2026-01-28 12:11:00,ur,"PERSON_00638 और PERSON_00650 ने مقام شیئر کیا, Zone_0080, Indore के पास। समय 2026-01-28 12:11:00.",P00638,P00650,LOC0080
DIG002605,2026-05-28 00:18:00,te,"PERSON_00044 और PERSON_00852 ने డబ్బు పంపారు, Zone_0120, Ujjain के पास। समय 2026-05-28 00:18:00.",P00044,P00852,LOC0120
DIG002606,2026-04-12 03:31:00,ta,"PERSON_00323 और PERSON_00826 ने செய்தி அனுப்பினார், Zone_0075, Gwalior के पास। समय 2026-04-12 03:31:00.",P00323,P00826,LOC0075
DIG002607,2026-06-06 05:54:00,ta,"PERSON_00145 और PERSON_00900 ने செய்தி அனுப்பினார், Zone_0005, Jabalpur के पास। समय 2026-06-06 05:54:00.",P00145,P00900,LOC0005
DIG002608,2026-05-12 04:56:00,ta,"PERSON_00997 और PERSON_00087 ने சந்தித்தார், Zone_0068, Bhopal के पास। समय 2026-05-12 04:56:00.",P00997,P00087,LOC0068
DIG002609,2026-05-07 10:27:00,ta,"PERSON_00507 और PERSON_00772 ने சென்றார், Zone_0138, Bhopal के पास। समय 2026-05-07 10:27:00.",P00507,P00772,LOC0138
DIG002610,2026-01-22 17:49:00,gu,"PERSON_00763 और PERSON_00382 ने મુલાકાત લીધી, Zone_0082, Nagpur के पास। समय 2026-01-22 17:49:00.",P00763,P00382,LOC0082
DIG002611,2026-08-29 03:12:00,te,"PERSON_00262 और PERSON_00442 ने సంప్రదించారు, Zone_0063, Gwalior के पास। समय 2026-08-29 03:12:00.",P00262,P00442,LOC0063
DIG002612,2026-01-31 03:26:00,pa,"PERSON_00291 और PERSON_00645 ने ਫੋਨ ਕੀਤਾ, Zone_0071, Indore के पास। समय 2026-01-31 03:26:00.",P00291,P00645,LOC0071
DIG002613,2026-05-27 08:14:00,kn,"PERSON_00992 और PERSON_00070 ने ಸಂದೇಶ ಕಳುಹಿಸಿದರು, Zone_0136, Jabalpur के पास। समय 2026-05-27 08:14:00.",P00992,P00070,LOC0136
DIG002614,2026-06-09 05:22:00,gu,"PERSON_00665 और PERSON_00293 ने સંદેશ મોકલ્યો, Zone_0119, Indore के पास। समय 2026-06-09 05:22:00.",P00665,P00293,LOC0119
DIG002615,2026-08-14 16:42:00,gu,"PERSON_00640 और PERSON_00641 ने સંદેશ મોકલ્યો, Zone_0099, Bhopal के पास। समय 2026-08-14 16:42:00.",P00640,P00641,LOC0099
DIG002616,2026-06-09 17:59:00,en,"PERSON_00394 used a vehicle PERSON_00015 near Zone_0074, Ujjain. Record time 2026-06-09 17:59:00.",P00394,P00015,LOC0074
DIG002617,2026-03-20 15:48:00,bn,"PERSON_00320 और PERSON_00495 ने স্থান ভাগ করেছে, Zone_0063, Gwalior के पास। समय 2026-03-20 15:48:00.",P00320,P00495,LOC0063
DIG002618,2026-07-21 22:52:00,en,"PERSON_00710 transferred funds to PERSON_00150 near Zone_0076, Indore. Record time 2026-07-21 22:52:00.",P00710,P00150,LOC0076
DIG002619,2026-06-18 02:48:00,mr,"PERSON_00039 और PERSON_00428 ने संपर्क केला, Zone_0025, Jabalpur के पास। समय 2026-06-18 02:48:00.",P00039,P00428,LOC0025
DIG002620,2026-02-08 17:11:00,te,"PERSON_00370 और PERSON_00455 ने ఫోన్ చేశారు, Zone_0128, Bhopal के पास। समय 2026-02-08 17:11:00.",P00370,P00455,LOC0128
DIG002621,2026-05-16 14:12:00,pa,"PERSON_00433 और PERSON_00093 ने ਮਿਲਿਆ, Zone_0046, Bhopal के पास। समय 2026-05-16 14:12:00.",P00433,P00093,LOC0046
DIG002622,2026-01-27 01:37:00,en,"PERSON_00767 sent a message to PERSON_00304 near Zone_0160, Ujjain. Record time 2026-01-27 01:37:00.",P00767,P00304,LOC0160
DIG002623,2026-03-23 18:08:00,en,"PERSON_00144 shared a location with PERSON_00581 near Zone_0048, Indore. Record time 2026-03-23 18:08:00.",P00144,P00581,LOC0048
DIG002624,2026-01-12 15:07:00,hi,"PERSON_00290 और PERSON_00933 ने दौरा किया, Zone_0072, Indore के पास। समय 2026-01-12 15:07:00.",P00290,P00933,LOC0072
DIG002625,2026-01-06 06:52:00,ur,"PERSON_00080 और PERSON_00028 ने مقام شیئر کیا, Zone_0008, Nagpur के पास। समय 2026-01-06 06:52:00.",P00080,P00028,LOC0008
DIG002626,2026-06-05 04:31:00,gu,"PERSON_00729 और PERSON_00595 ने મુલાકાત લીધી, Zone_0082, Nagpur के पास। समय 2026-06-05 04:31:00.",P00729,P00595,LOC0082
DIG002627,2026-04-02 12:02:00,ml,"PERSON_00086 और PERSON_00888 ने സന്ദർശിച്ചു, Zone_0023, Jabalpur के पास। समय 2026-04-02 12:02:00.",P00086,P00888,LOC0023
DIG002628,2026-01-23 07:26:00,hi,"PERSON_00216 और PERSON_00880 ने धन भेजा, Zone_0138, Bhopal के पास। समय 2026-01-23 07:26:00.",P00216,P00880,LOC0138
DIG002629,2026-01-24 21:52:00,ml,"PERSON_00576 और PERSON_00619 ने പണം അയച്ചു, Zone_0179, Gwalior के पास। समय 2026-01-24 21:52:00.",P00576,P00619,LOC0179
DIG002630,2026-05-28 13:36:00,en,"PERSON_00110 met PERSON_00600 near Zone_0021, Ujjain. Record time 2026-05-28 13:36:00.",P00110,P00600,LOC0021
DIG002631,2026-05-27 06:30:00,ta,"PERSON_00942 और PERSON_00344 ने அழைத்தார், Zone_0032, Jabalpur के पास। समय 2026-05-27 06:30:00.",P00942,P00344,LOC0032
DIG002632,2026-07-28 10:39:00,hi,"PERSON_00358 और PERSON_00029 ने वाहन का उपयोग किया, Zone_0124, Bhopal के पास। समय 2026-07-28 10:39:00.",P00358,P00029,LOC0124
DIG002633,2026-02-07 16:38:00,en,"PERSON_00118 contacted PERSON_00487 near Zone_0060, Ujjain. Record time 2026-02-07 16:38:00.",P00118,P00487,LOC0060
DIG002634,2026-08-06 08:26:00,hi,"PERSON_00256 और PERSON_00345 ने स्थान साझा किया, Zone_0081, Gwalior के पास। समय 2026-08-06 08:26:00.",P00256,P00345,LOC0081
DIG002635,2026-06-08 18:28:00,ml,"PERSON_00606 और PERSON_00005 ने സ്ഥലം പങ്കിട്ടു, Zone_0074, Ujjain के पास। समय 2026-06-08 18:28:00.",P00606,P00005,LOC0074
DIG002636,2026-02-05 00:59:00,te,"PERSON_00507 और PERSON_00685 ने డబ్బు పంపారు, Zone_0096, Indore के पास। समय 2026-02-05 00:59:00.",P00507,P00685,LOC0096
DIG002637,2026-08-13 14:36:00,ta,"PERSON_00042 और PERSON_00420 ने செய்தி அனுப்பினார், Zone_0085, Gwalior के पास। समय 2026-08-13 14:36:00.",P00042,P00420,LOC0085
DIG002638,2026-03-19 11:31:00,gu,"PERSON_00760 और PERSON_00506 ने સ્થાન શેર કર્યું, Zone_0023, Jabalpur के पास। समय 2026-03-19 11:31:00.",P00760,P00506,LOC0023
DIG002639,2026-04-06 00:16:00,te,"PERSON_00460 और PERSON_00122 ने వెళ్లారు, Zone_0118, Ujjain के पास। समय 2026-04-06 00:16:00.",P00460,P00122,LOC0118
DIG002640,2026-03-10 17:57:00,ta,"PERSON_00280 और PERSON_00709 ने பணம் அனுப்பினார், Zone_0143, Nagpur के पास। समय 2026-03-10 17:57:00.",P00280,P00709,LOC0143
DIG002641,2026-04-17 03:00:00,te,"PERSON_00503 और PERSON_00196 ने కలిశారు, Zone_0090, Gwalior के पास। समय 2026-04-17 03:00:00.",P00503,P00196,LOC0090
DIG002642,2026-07-03 19:16:00,te,"PERSON_00660 और PERSON_00438 ने స్థానం పంచుకున్నారు, Zone_0106, Ujjain के पास। समय 2026-07-03 19:16:00.",P00660,P00438,LOC0106
DIG002643,2026-06-03 01:57:00,hi,"PERSON_00981 और PERSON_00130 ने मिला, Zone_0042, Ujjain के पास। समय 2026-06-03 01:57:00.",P00981,P00130,LOC0042
DIG002644,2026-08-08 20:49:00,ur,"PERSON_00297 और PERSON_00621 ने رابطہ کیا, Zone_0062, Ujjain के पास। समय 2026-08-08 20:49:00.",P00297,P00621,LOC0062
DIG002645,2026-07-27 07:59:00,kn,"PERSON_00501 और PERSON_00523 ने ಭೇಟಿಯಾದರು, Zone_0161, Jabalpur के पास। समय 2026-07-27 07:59:00.",P00501,P00523,LOC0161
DIG002646,2026-05-24 10:36:00,te,"PERSON_00428 और PERSON_00959 ने ఫోన్ చేశారు, Zone_0027, Gwalior के पास। समय 2026-05-24 10:36:00.",P00428,P00959,LOC0027
DIG002647,2026-03-21 11:01:00,mr,"PERSON_00076 और PERSON_00247 ने ठिकाण शेअर केले, Zone_0009, Jabalpur के पास। समय 2026-03-21 11:01:00.",P00076,P00247,LOC0009
DIG002648,2026-03-06 14:12:00,ta,"PERSON_00952 और PERSON_00576 ने சந்தித்தார், Zone_0021, Ujjain के पास। समय 2026-03-06 14:12:00.",P00952,P00576,LOC0021
DIG002649,2026-01-08 07:07:00,ml,"PERSON_00684 और PERSON_00266 ने സന്ദർശിച്ചു, Zone_0055, Bhopal के पास। समय 2026-01-08 07:07:00.",P00684,P00266,LOC0055
DIG002650,2026-06-21 09:41:00,pa,"PERSON_00917 और PERSON_00028 ने ਸੰਪਰਕ ਕੀਤਾ, Zone_0120, Ujjain के पास। समय 2026-06-21 09:41:00.",P00917,P00028,LOC0120
DIG002651,2026-03-04 10:42:00,ml,"PERSON_00894 और PERSON_00385 ने കണ്ടുമുട്ടി, Zone_0015, Gwalior के पास। समय 2026-03-04 10:42:00.",P00894,P00385,LOC0015
DIG002652,2026-08-07 15:12:00,bn,"PERSON_00534 और PERSON_00918 ने পরিদর্শন করেছে, Zone_0070, Ujjain के पास। समय 2026-08-07 15:12:00.",P00534,P00918,LOC0070
DIG002653,2026-05-08 16:19:00,bn,"PERSON_00919 और PERSON_00211 ने বার্তা পাঠিয়েছে, Zone_0006, Bhopal के पास। समय 2026-05-08 16:19:00.",P00919,P00211,LOC0006
DIG002654,2026-08-01 14:39:00,mr,"PERSON_00507 और PERSON_00992 ने पैसे पाठवले, Zone_0166, Bhopal के पास। समय 2026-08-01 14:39:00.",P00507,P00992,LOC0166
DIG002655,2026-04-06 01:17:00,bn,"PERSON_00592 और PERSON_00771 ने স্থান ভাগ করেছে, Zone_0059, Indore के पास। समय 2026-04-06 01:17:00.",P00592,P00771,LOC0059
DIG002656,2026-01-02 16:28:00,hi,"PERSON_00618 और PERSON_00839 ने वाहन का उपयोग किया, Zone_0169, Nagpur के पास। समय 2026-01-02 16:28:00.",P00618,P00839,LOC0169
DIG002657,2026-06-28 11:16:00,te,"PERSON_00420 और PERSON_00062 ने స్థానం పంచుకున్నారు, Zone_0036, Ujjain के पास। समय 2026-06-28 11:16:00.",P00420,P00062,LOC0036
DIG002658,2026-08-14 23:10:00,pa,"PERSON_00755 और PERSON_00369 ने ਸੁਨੇਹਾ ਭੇਜਿਆ, Zone_0119, Indore के पास। समय 2026-08-14 23:10:00.",P00755,P00369,LOC0119
DIG002659,2026-06-05 21:15:00,mr,"PERSON_00349 और PERSON_00327 ने संदेश पाठवला, Zone_0161, Jabalpur के पास। समय 2026-06-05 21:15:00.",P00349,P00327,LOC0161
DIG002660,2026-08-05 21:29:00,te,"PERSON_00466 और PERSON_00919 ने స్థానం పంచుకున్నారు, Zone_0092, Ujjain के पास। समय 2026-08-05 21:29:00.",P00466,P00919,LOC0092
DIG002661,2026-02-03 17:23:00,gu,"PERSON_00593 और PERSON_00694 ने સંદેશ મોકલ્યો, Zone_0167, Nagpur के पास। समय 2026-02-03 17:23:00.",P00593,P00694,LOC0167
DIG002662,2026-03-13 12:51:00,mr,"PERSON_00288 और PERSON_00712 ने भेट दिली, Zone_0052, Nagpur के पास। समय 2026-03-13 12:51:00.",P00288,P00712,LOC0052
DIG002663,2026-01-23 15:02:00,ur,"PERSON_00565 और PERSON_00083 ने رقم منتقل کی, Zone_0140, Jabalpur के पास। समय 2026-01-23 15:02:00.",P00565,P00083,LOC0140
DIG002664,2026-02-02 08:48:00,mr,"PERSON_00383 और PERSON_00151 ने पैसे पाठवले, Zone_0128, Bhopal के पास। समय 2026-02-02 08:48:00.",P00383,P00151,LOC0128
DIG002665,2026-03-16 09:36:00,hi,"PERSON_00795 और PERSON_00831 ने संदेश भेजा, Zone_0077, Bhopal के पास। समय 2026-03-16 09:36:00.",P00795,P00831,LOC0077
DIG002666,2026-05-12 22:20:00,te,"PERSON_00293 और PERSON_00940 ने ఫోన్ చేశారు, Zone_0058, Bhopal के पास। समय 2026-05-12 22:20:00.",P00293,P00940,LOC0058
DIG002667,2026-05-16 22:34:00,bn,"PERSON_00344 और PERSON_00133 ने টাকা পাঠিয়েছে, Zone_0013, Gwalior के पास। समय 2026-05-16 22:34:00.",P00344,P00133,LOC0013
DIG002668,2026-04-30 07:34:00,ur,"PERSON_00390 और PERSON_00215 ने دورہ کیا, Zone_0005, Jabalpur के पास। समय 2026-04-30 07:34:00.",P00390,P00215,LOC0005
DIG002669,2026-03-16 11:27:00,bn,"PERSON_00048 और PERSON_00305 ने দেখা করেছে, Zone_0152, Nagpur के पास। समय 2026-03-16 11:27:00.",P00048,P00305,LOC0152
DIG002670,2026-08-17 18:14:00,ur,"PERSON_00169 और PERSON_00502 ने دورہ کیا, Zone_0135, Nagpur के पास। समय 2026-08-17 18:14:00.",P00169,P00502,LOC0135
DIG002671,2026-05-15 08:00:00,ur,"PERSON_00777 और PERSON_00353 ने مقام شیئر کیا, Zone_0169, Nagpur के पास। समय 2026-05-15 08:00:00.",P00777,P00353,LOC0169
DIG002672,2026-07-06 06:54:00,pa,"PERSON_00320 और PERSON_00312 ने ਸਥਾਨ ਸਾਂਝਾ ਕੀਤਾ, Zone_0150, Ujjain के पास। समय 2026-07-06 06:54:00.",P00320,P00312,LOC0150
DIG002673,2026-07-09 20:23:00,kn,"PERSON_00121 और PERSON_00547 ने ಸ್ಥಳ ಹಂಚಿಕೊಂಡರು, Zone_0102, Ujjain के पास। समय 2026-07-09 20:23:00.",P00121,P00547,LOC0102
DIG002674,2026-03-27 19:44:00,kn,"PERSON_00553 और PERSON_00468 ने ಭೇಟಿ ನೀಡಿದರು, Zone_0032, Jabalpur के पास। समय 2026-03-27 19:44:00.",P00553,P00468,LOC0032
DIG002675,2026-07-29 13:15:00,en,"PERSON_00966 used a vehicle PERSON_00221 near Zone_0104, Bhopal. Record time 2026-07-29 13:15:00.",P00966,P00221,LOC0104
DIG002676,2026-05-20 10:59:00,te,"PERSON_00565 और PERSON_00570 ने డబ్బు పంపారు, Zone_0075, Gwalior के पास। समय 2026-05-20 10:59:00.",P00565,P00570,LOC0075
DIG002677,2026-04-29 17:15:00,kn,"PERSON_00101 और PERSON_00319 ने ಸಂದೇಶ ಕಳುಹಿಸಿದರು, Zone_0109, Bhopal के पास। समय 2026-04-29 17:15:00.",P00101,P00319,LOC0109
DIG002678,2026-07-25 14:14:00,ml,"PERSON_00618 और PERSON_00895 ने വിളിച്ചു, Zone_0118, Ujjain के पास। समय 2026-07-25 14:14:00.",P00618,P00895,LOC0118
DIG002679,2026-08-14 07:52:00,ta,"PERSON_00441 और PERSON_00305 ने பணம் அனுப்பினார், Zone_0013, Gwalior के पास। समय 2026-08-14 07:52:00.",P00441,P00305,LOC0013
DIG002680,2026-07-09 10:25:00,ml,"PERSON_00251 और PERSON_00333 ने ബന്ധപ്പെട്ടു, Zone_0047, Ujjain के पास। समय 2026-07-09 10:25:00.",P00251,P00333,LOC0047
DIG002681,2026-06-09 02:26:00,ta,"PERSON_00625 और PERSON_00612 ने சந்தித்தார், Zone_0135, Nagpur के पास। समय 2026-06-09 02:26:00.",P00625,P00612,LOC0135
DIG002682,2026-07-28 12:18:00,bn,"PERSON_00161 और PERSON_00398 ने দেখা করেছে, Zone_0033, Jabalpur के पास। समय 2026-07-28 12:18:00.",P00161,P00398,LOC0033
DIG002683,2026-06-29 17:45:00,ta,"PERSON_00943 और PERSON_00040 ने பணம் அனுப்பினார், Zone_0163, Nagpur के पास। समय 2026-06-29 17:45:00.",P00943,P00040,LOC0163
DIG002684,2026-02-18 01:29:00,mr,"PERSON_00433 और PERSON_00662 ने संपर्क केला, Zone_0110, Indore के पास। समय 2026-02-18 01:29:00.",P00433,P00662,LOC0110
DIG002685,2026-05-31 23:05:00,en,"PERSON_00822 called PERSON_00610 near Zone_0006, Bhopal. Record time 2026-05-31 23:05:00.",P00822,P00610,LOC0006
DIG002686,2026-08-22 11:19:00,te,"PERSON_00542 और PERSON_00183 ने వెళ్లారు, Zone_0108, Bhopal के पास। समय 2026-08-22 11:19:00.",P00542,P00183,LOC0108
DIG002687,2026-08-10 17:14:00,kn,"PERSON_00317 और PERSON_00406 ने ಭೇಟಿಯಾದರು, Zone_0147, Ujjain के पास। समय 2026-08-10 17:14:00.",P00317,P00406,LOC0147
DIG002688,2026-03-28 02:14:00,pa,"PERSON_00573 और PERSON_00685 ने ਸੰਪਰਕ ਕੀਤਾ, Zone_0128, Bhopal के पास। समय 2026-03-28 02:14:00.",P00573,P00685,LOC0128
DIG002689,2026-05-18 11:21:00,kn,"PERSON_00010 और PERSON_00314 ने ಕರೆ ಮಾಡಿದರು, Zone_0009, Jabalpur के पास। समय 2026-05-18 11:21:00.",P00010,P00314,LOC0009
DIG002690,2026-06-18 13:20:00,ta,"PERSON_00804 और PERSON_00024 ने தொடர்பு கொண்டார், Zone_0024, Jabalpur के पास। समय 2026-06-18 13:20:00.",P00804,P00024,LOC0024
DIG002691,2026-02-17 07:09:00,ta,"PERSON_00350 और PERSON_00964 ने அழைத்தார், Zone_0147, Ujjain के पास। समय 2026-02-17 07:09:00.",P00350,P00964,LOC0147
DIG002692,2026-08-29 10:53:00,ml,"PERSON_00315 और PERSON_00975 ने സന്ദേശം അയച്ചു, Zone_0057, Ujjain के पास। समय 2026-08-29 10:53:00.",P00315,P00975,LOC0057
DIG002693,2026-06-03 23:11:00,te,"PERSON_00322 और PERSON_00185 ने సందేశం పంపారు, Zone_0025, Jabalpur के पास। समय 2026-06-03 23:11:00.",P00322,P00185,LOC0025
DIG002694,2026-08-27 20:33:00,pa,"PERSON_00179 और PERSON_00478 ने ਮੁਲਾਕਾਤ ਕੀਤੀ, Zone_0094, Gwalior के पास। समय 2026-08-27 20:33:00.",P00179,P00478,LOC0094
DIG002695,2026-01-13 17:18:00,te,"PERSON_00659 और PERSON_00648 ने వెళ్లారు, Zone_0068, Bhopal के पास। समय 2026-01-13 17:18:00.",P00659,P00648,LOC0068
DIG002696,2026-01-05 10:01:00,mr,"PERSON_00024 और PERSON_00475 ने संदेश पाठवला, Zone_0064, Ujjain के पास। समय 2026-01-05 10:01:00.",P00024,P00475,LOC0064
DIG002697,2026-04-17 04:09:00,ta,"PERSON_00987 और PERSON_00020 ने சென்றார், Zone_0100, Jabalpur के पास। समय 2026-04-17 04:09:00.",P00987,P00020,LOC0100
DIG002698,2026-04-14 22:14:00,pa,"PERSON_00721 और PERSON_00247 ने ਸੰਪਰਕ ਕੀਤਾ, Zone_0068, Bhopal के पास। समय 2026-04-14 22:14:00.",P00721,P00247,LOC0068
DIG002699,2026-04-03 13:08:00,gu,"PERSON_00961 और PERSON_00245 ने નાણાં મોકલ્યાં, Zone_0146, Bhopal के पास। समय 2026-04-03 13:08:00.",P00961,P00245,LOC0146
DIG002700,2026-03-23 05:35:00,te,"PERSON_00509 और PERSON_00525 ने ఫోన్ చేశారు, Zone_0025, Jabalpur के पास। समय 2026-03-23 05:35:00.",P00509,P00525,LOC0025
DIG002701,2026-03-21 08:50:00,kn,"PERSON_00741 और PERSON_00051 ने ಭೇಟಿಯಾದರು, Zone_0049, Nagpur के पास। समय 2026-03-21 08:50:00.",P00741,P00051,LOC0049
DIG002702,2026-08-13 22:58:00,pa,"PERSON_00812 और PERSON_00510 ने ਸਥਾਨ ਸਾਂਝਾ ਕੀਤਾ, Zone_0124, Bhopal के पास। समय 2026-08-13 22:58:00.",P00812,P00510,LOC0124
DIG002703,2026-08-17 22:50:00,gu,"PERSON_00587 और PERSON_00042 ने નાણાં મોકલ્યાં, Zone_0127, Bhopal के पास। समय 2026-08-17 22:50:00.",P00587,P00042,LOC0127
DIG002704,2026-06-10 10:15:00,ur,"PERSON_00507 और PERSON_00263 ने ملاقات کی, Zone_0057, Ujjain के पास। समय 2026-06-10 10:15:00.",P00507,P00263,LOC0057
DIG002705,2026-06-27 15:47:00,ur,"PERSON_00609 और PERSON_00963 ने ملاقات کی, Zone_0080, Indore के पास। समय 2026-06-27 15:47:00.",P00609,P00963,LOC0080
DIG002706,2026-08-03 18:32:00,hi,"PERSON_00297 और PERSON_00061 ने संदेश भेजा, Zone_0180, Indore के पास। समय 2026-08-03 18:32:00.",P00297,P00061,LOC0180
DIG002707,2026-04-15 15:09:00,kn,"PERSON_00156 और PERSON_00908 ने ಹಣ ಕಳುಹಿಸಿದರು, Zone_0002, Ujjain के पास। समय 2026-04-15 15:09:00.",P00156,P00908,LOC0002
DIG002708,2026-07-21 23:20:00,hi,"PERSON_00606 और PERSON_00774 ने वाहन का उपयोग किया, Zone_0045, Gwalior के पास। समय 2026-07-21 23:20:00.",P00606,P00774,LOC0045
DIG002709,2026-05-08 17:36:00,te,"PERSON_00690 और PERSON_00408 ने సందేశం పంపారు, Zone_0019, Gwalior के पास। समय 2026-05-08 17:36:00.",P00690,P00408,LOC0019
DIG002710,2026-02-15 06:59:00,kn,"PERSON_00903 और PERSON_00581 ने ಹಣ ಕಳುಹಿಸಿದರು, Zone_0051, Bhopal के पास। समय 2026-02-15 06:59:00.",P00903,P00581,LOC0051
DIG002711,2026-01-16 05:18:00,bn,"PERSON_00649 और PERSON_00347 ने স্থান ভাগ করেছে, Zone_0085, Gwalior के पास। समय 2026-01-16 05:18:00.",P00649,P00347,LOC0085
DIG002712,2026-05-30 06:20:00,ur,"PERSON_00938 और PERSON_00896 ने رقم منتقل کی, Zone_0029, Nagpur के पास। समय 2026-05-30 06:20:00.",P00938,P00896,LOC0029
DIG002713,2026-04-30 01:29:00,pa,"PERSON_00615 और PERSON_00979 ने ਫੋਨ ਕੀਤਾ, Zone_0114, Bhopal के पास। समय 2026-04-30 01:29:00.",P00615,P00979,LOC0114
DIG002714,2026-07-21 15:06:00,hi,"PERSON_00120 और PERSON_00780 ने धन भेजा, Zone_0113, Indore के पास। समय 2026-07-21 15:06:00.",P00120,P00780,LOC0113
DIG002715,2026-02-25 18:50:00,bn,"PERSON_00858 और PERSON_00405 ने পরিদর্শন করেছে, Zone_0085, Gwalior के पास। समय 2026-02-25 18:50:00.",P00858,P00405,LOC0085
DIG002716,2026-02-14 18:33:00,ta,"PERSON_00924 और PERSON_00396 ने சந்தித்தார், Zone_0132, Indore के पास। समय 2026-02-14 18:33:00.",P00924,P00396,LOC0132
DIG002717,2026-06-27 07:29:00,mr,"PERSON_00589 और PERSON_00001 ने फोन केला, Zone_0052, Nagpur के पास। समय 2026-06-27 07:29:00.",P00589,P00001,LOC0052
DIG002718,2026-08-08 18:29:00,te,"PERSON_00506 और PERSON_00725 ने స్థానం పంచుకున్నారు, Zone_0154, Ujjain के पास। समय 2026-08-08 18:29:00.",P00506,P00725,LOC0154
DIG002719,2026-03-11 07:53:00,ta,"PERSON_00708 और PERSON_00011 ने சந்தித்தார், Zone_0095, Indore के पास। समय 2026-03-11 07:53:00.",P00708,P00011,LOC0095
DIG002720,2026-03-18 00:40:00,pa,"PERSON_00871 और PERSON_00290 ने ਫੋਨ ਕੀਤਾ, Zone_0043, Gwalior के पास। समय 2026-03-18 00:40:00.",P00871,P00290,LOC0043
DIG002721,2026-01-17 20:13:00,pa,"PERSON_00807 और PERSON_00449 ने ਫੋਨ ਕੀਤਾ, Zone_0071, Indore के पास। समय 2026-01-17 20:13:00.",P00807,P00449,LOC0071
DIG002722,2026-02-25 16:52:00,kn,"PERSON_00407 और PERSON_00897 ने ಕರೆ ಮಾಡಿದರು, Zone_0159, Nagpur के पास। समय 2026-02-25 16:52:00.",P00407,P00897,LOC0159
DIG002723,2026-05-21 02:29:00,kn,"PERSON_00353 और PERSON_00698 ने ಸ್ಥಳ ಹಂಚಿಕೊಂಡರು, Zone_0101, Jabalpur के पास। समय 2026-05-21 02:29:00.",P00353,P00698,LOC0101
DIG002724,2026-03-11 01:10:00,gu,"PERSON_00272 और PERSON_00904 ने સંપર્ક કર્યો, Zone_0100, Jabalpur के पास। समय 2026-03-11 01:10:00.",P00272,P00904,LOC0100
DIG002725,2026-07-27 10:16:00,kn,"PERSON_00996 और PERSON_00081 ने ಸಂದೇಶ ಕಳುಹಿಸಿದರು, Zone_0176, Gwalior के पास। समय 2026-07-27 10:16:00.",P00996,P00081,LOC0176
DIG002726,2026-02-06 21:57:00,mr,"PERSON_00679 और PERSON_00755 ने पैसे पाठवले, Zone_0109, Bhopal के पास। समय 2026-02-06 21:57:00.",P00679,P00755,LOC0109
DIG002727,2026-08-16 09:57:00,en,"PERSON_00667 used a vehicle PERSON_00913 near Zone_0109, Bhopal. Record time 2026-08-16 09:57:00.",P00667,P00913,LOC0109
DIG002728,2026-01-30 03:39:00,ml,"PERSON_00084 और PERSON_00529 ने സന്ദേശം അയച്ചു, Zone_0068, Bhopal के पास। समय 2026-01-30 03:39:00.",P00084,P00529,LOC0068
DIG002729,2026-05-21 11:19:00,pa,"PERSON_00682 और PERSON_00417 ने ਸੰਪਰਕ ਕੀਤਾ, Zone_0094, Gwalior के पास। समय 2026-05-21 11:19:00.",P00682,P00417,LOC0094
DIG002730,2026-06-29 07:11:00,ta,"PERSON_00566 और PERSON_00246 ने தொடர்பு கொண்டார், Zone_0084, Gwalior के पास। समय 2026-06-29 07:11:00.",P00566,P00246,LOC0084
DIG002731,2026-02-28 00:49:00,te,"PERSON_00220 और PERSON_00768 ने కలిశారు, Zone_0171, Bhopal के पास। समय 2026-02-28 00:49:00.",P00220,P00768,LOC0171
DIG002732,2026-04-29 08:25:00,kn,"PERSON_00927 और PERSON_00817 ने ಸಂಪರ್ಕಿಸಿದರು, Zone_0134, Indore के पास। समय 2026-04-29 08:25:00.",P00927,P00817,LOC0134
DIG002733,2026-08-05 03:07:00,ml,"PERSON_00682 और PERSON_00710 ने സന്ദർശിച്ചു, Zone_0135, Nagpur के पास। समय 2026-08-05 03:07:00.",P00682,P00710,LOC0135
DIG002734,2026-02-26 04:03:00,ta,"PERSON_00134 और PERSON_00187 ने சந்தித்தார், Zone_0009, Jabalpur के पास। समय 2026-02-26 04:03:00.",P00134,P00187,LOC0009
DIG002735,2026-02-23 03:38:00,ta,"PERSON_00445 और PERSON_00479 ने பணம் அனுப்பினார், Zone_0097, Ujjain के पास। समय 2026-02-23 03:38:00.",P00445,P00479,LOC0097
DIG002736,2026-05-21 22:04:00,kn,"PERSON_00920 और PERSON_00228 ने ಸಂಪರ್ಕಿಸಿದರು, Zone_0066, Jabalpur के पास। समय 2026-05-21 22:04:00.",P00920,P00228,LOC0066
DIG002737,2026-03-04 18:58:00,pa,"PERSON_00196 और PERSON_00242 ने ਸੁਨੇਹਾ ਭੇਜਿਆ, Zone_0062, Ujjain के पास। समय 2026-03-04 18:58:00.",P00196,P00242,LOC0062
DIG002738,2026-04-20 04:40:00,en,"PERSON_00435 met PERSON_00726 near Zone_0002, Ujjain. Record time 2026-04-20 04:40:00.",P00435,P00726,LOC0002
DIG002739,2026-05-28 14:05:00,gu,"PERSON_00577 और PERSON_00895 ने સંદેશ મોકલ્યો, Zone_0051, Bhopal के पास। समय 2026-05-28 14:05:00.",P00577,P00895,LOC0051
DIG002740,2026-06-11 19:32:00,kn,"PERSON_00125 और PERSON_00682 ने ಸಂದೇಶ ಕಳುಹಿಸಿದರು, Zone_0024, Jabalpur के पास। समय 2026-06-11 19:32:00.",P00125,P00682,LOC0024
DIG002741,2026-06-24 19:34:00,mr,"PERSON_00387 और PERSON_00441 ने संपर्क केला, Zone_0155, Nagpur के पास। समय 2026-06-24 19:34:00.",P00387,P00441,LOC0155
DIG002742,2026-04-02 02:32:00,pa,"PERSON_00824 और PERSON_00111 ने ਸੁਨੇਹਾ ਭੇਜਿਆ, Zone_0066, Jabalpur के पास। समय 2026-04-02 02:32:00.",P00824,P00111,LOC0066
DIG002743,2026-05-29 03:54:00,ur,"PERSON_00688 और PERSON_00681 ने رقم منتقل کی, Zone_0135, Nagpur के पास। समय 2026-05-29 03:54:00.",P00688,P00681,LOC0135
DIG002744,2026-01-09 16:57:00,bn,"PERSON_00771 और PERSON_00259 ने টাকা পাঠিয়েছে, Zone_0105, Bhopal के पास। समय 2026-01-09 16:57:00.",P00771,P00259,LOC0105
DIG002745,2026-07-08 16:53:00,ta,"PERSON_00782 और PERSON_00842 ने செய்தி அனுப்பினார், Zone_0031, Bhopal के पास। समय 2026-07-08 16:53:00.",P00782,P00842,LOC0031
DIG002746,2026-08-25 13:40:00,te,"PERSON_00711 और PERSON_00227 ने ఫోన్ చేశారు, Zone_0107, Indore के पास। समय 2026-08-25 13:40:00.",P00711,P00227,LOC0107
DIG002747,2026-06-13 13:48:00,te,"PERSON_00743 और PERSON_00340 ने ఫోన్ చేశారు, Zone_0027, Gwalior के पास। समय 2026-06-13 13:48:00.",P00743,P00340,LOC0027
DIG002748,2026-02-02 16:11:00,ur,"PERSON_00039 और PERSON_00185 ने فون کیا, Zone_0012, Nagpur के पास। समय 2026-02-02 16:11:00.",P00039,P00185,LOC0012
DIG002749,2026-07-01 20:25:00,ur,"PERSON_00400 और PERSON_00470 ने ملاقات کی, Zone_0152, Nagpur के पास। समय 2026-07-01 20:25:00.",P00400,P00470,LOC0152
DIG002750,2026-05-23 04:11:00,te,"PERSON_00240 और PERSON_00779 ने వెళ్లారు, Zone_0136, Jabalpur के पास। समय 2026-05-23 04:11:00.",P00240,P00779,LOC0136
DIG002751,2026-04-08 04:12:00,en,"PERSON_00767 used a vehicle PERSON_00172 near Zone_0002, Ujjain. Record time 2026-04-08 04:12:00.",P00767,P00172,LOC0002
DIG002752,2026-06-23 05:27:00,ur,"PERSON_00164 और PERSON_00483 ने رابطہ کیا, Zone_0060, Ujjain के पास। समय 2026-06-23 05:27:00.",P00164,P00483,LOC0060
DIG002753,2026-02-19 07:56:00,pa,"PERSON_00895 और PERSON_00485 ने ਸੰਪਰਕ ਕੀਤਾ, Zone_0007, Ujjain के पास। समय 2026-02-19 07:56:00.",P00895,P00485,LOC0007
DIG002754,2026-03-04 21:43:00,pa,"PERSON_00340 और PERSON_00947 ने ਮੁਲਾਕਾਤ ਕੀਤੀ, Zone_0179, Gwalior के पास। समय 2026-03-04 21:43:00.",P00340,P00947,LOC0179
DIG002755,2026-02-22 04:36:00,en,"PERSON_00950 called PERSON_00001 near Zone_0076, Indore. Record time 2026-02-22 04:36:00.",P00950,P00001,LOC0076
DIG002756,2026-08-16 01:21:00,ta,"PERSON_00642 और PERSON_00916 ने இடத்தை பகிர்ந்தார், Zone_0007, Ujjain के पास। समय 2026-08-16 01:21:00.",P00642,P00916,LOC0007
DIG002757,2026-03-18 06:59:00,te,"PERSON_00007 और PERSON_00971 ने డబ్బు పంపారు, Zone_0094, Gwalior के पास। समय 2026-03-18 06:59:00.",P00007,P00971,LOC0094
DIG002758,2026-04-29 02:33:00,ur,"PERSON_00889 और PERSON_00929 ने فون کیا, Zone_0001, Gwalior के पास। समय 2026-04-29 02:33:00.",P00889,P00929,LOC0001
DIG002759,2026-04-08 20:50:00,pa,"PERSON_00205 और PERSON_00626 ने ਸਥਾਨ ਸਾਂਝਾ ਕੀਤਾ, Zone_0098, Nagpur के पास। समय 2026-04-08 20:50:00.",P00205,P00626,LOC0098
DIG002760,2026-07-04 23:32:00,gu,"PERSON_00910 और PERSON_00363 ने ફોન કર્યો, Zone_0049, Nagpur के पास। समय 2026-07-04 23:32:00.",P00910,P00363,LOC0049
DIG002761,2026-04-04 18:56:00,bn,"PERSON_00158 और PERSON_00535 ने স্থান ভাগ করেছে, Zone_0029, Nagpur के पास। समय 2026-04-04 18:56:00.",P00158,P00535,LOC0029
DIG002762,2026-03-11 14:56:00,hi,"PERSON_00194 और PERSON_00883 ने धन भेजा, Zone_0149, Ujjain के पास। समय 2026-03-11 14:56:00.",P00194,P00883,LOC0149
DIG002763,2026-05-29 16:09:00,kn,"PERSON_00457 और PERSON_00361 ने ಹಣ ಕಳುಹಿಸಿದರು, Zone_0047, Ujjain के पास। समय 2026-05-29 16:09:00.",P00457,P00361,LOC0047
DIG002764,2026-03-14 13:12:00,mr,"PERSON_00945 और PERSON_00706 ने संदेश पाठवला, Zone_0108, Bhopal के पास। समय 2026-03-14 13:12:00.",P00945,P00706,LOC0108
DIG002765,2026-08-25 11:08:00,en,"PERSON_00635 met PERSON_00528 near Zone_0116, Bhopal. Record time 2026-08-25 11:08:00.",P00635,P00528,LOC0116
DIG002766,2026-06-18 04:03:00,bn,"PERSON_00480 और PERSON_00667 ने দেখা করেছে, Zone_0047, Ujjain के पास। समय 2026-06-18 04:03:00.",P00480,P00667,LOC0047
DIG002767,2026-07-24 14:08:00,mr,"PERSON_00731 और PERSON_00391 ने ठिकाण शेअर केले, Zone_0139, Jabalpur के पास। समय 2026-07-24 14:08:00.",P00731,P00391,LOC0139
DIG002768,2026-02-18 10:26:00,hi,"PERSON_00528 और PERSON_00026 ने स्थान साझा किया, Zone_0056, Jabalpur के पास। समय 2026-02-18 10:26:00.",P00528,P00026,LOC0056
DIG002769,2026-04-17 03:01:00,gu,"PERSON_00399 और PERSON_00040 ने મુલાકાત લીધી, Zone_0088, Indore के पास। समय 2026-04-17 03:01:00.",P00399,P00040,LOC0088
DIG002770,2026-01-28 01:57:00,en,"PERSON_00044 used a vehicle PERSON_00138 near Zone_0136, Jabalpur. Record time 2026-01-28 01:57:00.",P00044,P00138,LOC0136
DIG002771,2026-02-09 22:19:00,hi,"PERSON_00280 और PERSON_00941 ने संपर्क किया, Zone_0020, Bhopal के पास। समय 2026-02-09 22:19:00.",P00280,P00941,LOC0020
DIG002772,2026-02-10 12:26:00,kn,"PERSON_00806 और PERSON_00089 ने ಸ್ಥಳ ಹಂಚಿಕೊಂಡರು, Zone_0133, Indore के पास। समय 2026-02-10 12:26:00.",P00806,P00089,LOC0133
DIG002773,2026-06-02 18:08:00,te,"PERSON_00934 और PERSON_00023 ने ఫోన్ చేశారు, Zone_0166, Bhopal के पास। समय 2026-06-02 18:08:00.",P00934,P00023,LOC0166
DIG002774,2026-03-19 23:32:00,pa,"PERSON_00402 और PERSON_00343 ने ਸੰਪਰਕ ਕੀਤਾ, Zone_0160, Ujjain के पास। समय 2026-03-19 23:32:00.",P00402,P00343,LOC0160
DIG002775,2026-01-01 06:23:00,en,"PERSON_00060 used a vehicle PERSON_00734 near Zone_0094, Gwalior. Record time 2026-01-01 06:23:00.",P00060,P00734,LOC0094
DIG002776,2026-07-15 11:08:00,pa,"PERSON_00577 और PERSON_00212 ने ਫੋਨ ਕੀਤਾ, Zone_0158, Jabalpur के पास। समय 2026-07-15 11:08:00.",P00577,P00212,LOC0158
DIG002777,2026-06-02 11:24:00,kn,"PERSON_00357 और PERSON_00766 ने ಸಂದೇಶ ಕಳುಹಿಸಿದರು, Zone_0088, Indore के पास। समय 2026-06-02 11:24:00.",P00357,P00766,LOC0088
DIG002778,2026-02-08 02:53:00,kn,"PERSON_00585 और PERSON_00889 ने ಹಣ ಕಳುಹಿಸಿದರು, Zone_0049, Nagpur के पास। समय 2026-02-08 02:53:00.",P00585,P00889,LOC0049
DIG002779,2026-08-25 01:10:00,gu,"PERSON_00692 और PERSON_00660 ने સ્થાન શેર કર્યું, Zone_0174, Gwalior के पास। समय 2026-08-25 01:10:00.",P00692,P00660,LOC0174
DIG002780,2026-06-21 19:26:00,hi,"PERSON_00362 और PERSON_00565 ने मिला, Zone_0068, Bhopal के पास। समय 2026-06-21 19:26:00.",P00362,P00565,LOC0068
DIG002781,2026-05-20 22:16:00,te,"PERSON_00240 और PERSON_00154 ने ఫోన్ చేశారు, Zone_0117, Gwalior के पास। समय 2026-05-20 22:16:00.",P00240,P00154,LOC0117
DIG002782,2026-08-15 18:54:00,ml,"PERSON_00041 और PERSON_00916 ने സന്ദർശിച്ചു, Zone_0110, Indore के पास। समय 2026-08-15 18:54:00.",P00041,P00916,LOC0110
DIG002783,2026-03-02 01:55:00,bn,"PERSON_00099 और PERSON_00348 ने স্থান ভাগ করেছে, Zone_0099, Bhopal के पास। समय 2026-03-02 01:55:00.",P00099,P00348,LOC0099
DIG002784,2026-03-27 03:04:00,pa,"PERSON_00126 और PERSON_00747 ने ਸਥਾਨ ਸਾਂਝਾ ਕੀਤਾ, Zone_0027, Gwalior के पास। समय 2026-03-27 03:04:00.",P00126,P00747,LOC0027
DIG002785,2026-03-07 15:30:00,ta,"PERSON_00904 और PERSON_00661 ने பணம் அனுப்பினார், Zone_0126, Nagpur के पास। समय 2026-03-07 15:30:00.",P00904,P00661,LOC0126
DIG002786,2026-06-03 07:07:00,en,"PERSON_00868 transferred funds to PERSON_00268 near Zone_0147, Ujjain. Record time 2026-06-03 07:07:00.",P00868,P00268,LOC0147
DIG002787,2026-07-08 15:45:00,gu,"PERSON_00886 और PERSON_00536 ने નાણાં મોકલ્યાં, Zone_0155, Nagpur के पास। समय 2026-07-08 15:45:00.",P00886,P00536,LOC0155
DIG002788,2026-02-10 16:40:00,te,"PERSON_00368 और PERSON_00446 ने సంప్రదించారు, Zone_0036, Ujjain के पास। समय 2026-02-10 16:40:00.",P00368,P00446,LOC0036
DIG002789,2026-01-20 21:54:00,bn,"PERSON_00378 और PERSON_00091 ने যোগাযোগ করেছে, Zone_0003, Indore के पास। समय 2026-01-20 21:54:00.",P00378,P00091,LOC0003
DIG002790,2026-07-02 23:23:00,ta,"PERSON_00274 और PERSON_00771 ने சந்தித்தார், Zone_0045, Gwalior के पास। समय 2026-07-02 23:23:00.",P00274,P00771,LOC0045
DIG002791,2026-02-09 11:28:00,hi,"PERSON_00455 और PERSON_00399 ने मिला, Zone_0055, Bhopal के पास। समय 2026-02-09 11:28:00.",P00455,P00399,LOC0055
DIG002792,2026-08-04 19:08:00,en,"PERSON_00271 visited PERSON_00601 near Zone_0029, Nagpur. Record time 2026-08-04 19:08:00.",P00271,P00601,LOC0029
DIG002793,2026-05-18 02:15:00,en,"PERSON_00603 contacted PERSON_00482 near Zone_0131, Gwalior. Record time 2026-05-18 02:15:00.",P00603,P00482,LOC0131
DIG002794,2026-06-27 09:57:00,gu,"PERSON_00053 और PERSON_00882 ने સંપર્ક કર્યો, Zone_0011, Gwalior के पास। समय 2026-06-27 09:57:00.",P00053,P00882,LOC0011
DIG002795,2026-01-02 17:57:00,hi,"PERSON_00948 और PERSON_00276 ने फोन किया, Zone_0067, Indore के पास। समय 2026-01-02 17:57:00.",P00948,P00276,LOC0067
DIG002796,2026-04-01 12:18:00,kn,"PERSON_00037 और PERSON_00166 ने ಸಂಪರ್ಕಿಸಿದರು, Zone_0121, Nagpur के पास। समय 2026-04-01 12:18:00.",P00037,P00166,LOC0121
DIG002797,2026-05-14 02:59:00,hi,"PERSON_00543 और PERSON_00089 ने संदेश भेजा, Zone_0008, Nagpur के पास। समय 2026-05-14 02:59:00.",P00543,P00089,LOC0008
DIG002798,2026-05-09 09:55:00,en,"PERSON_00234 visited PERSON_00845 near Zone_0067, Indore. Record time 2026-05-09 09:55:00.",P00234,P00845,LOC0067
DIG002799,2026-07-08 11:38:00,mr,"PERSON_00509 और PERSON_00995 ने भेटला, Zone_0130, Gwalior के पास। समय 2026-07-08 11:38:00.",P00509,P00995,LOC0130
DIG002800,2026-04-17 16:08:00,kn,"PERSON_00061 और PERSON_00087 ने ಸ್ಥಳ ಹಂಚಿಕೊಂಡರು, Zone_0066, Jabalpur के पास। समय 2026-04-17 16:08:00.",P00061,P00087,LOC0066
DIG002801,2026-05-24 14:16:00,kn,"PERSON_00019 और PERSON_00153 ने ಸಂದೇಶ ಕಳುಹಿಸಿದರು, Zone_0038, Ujjain के पास। समय 2026-05-24 14:16:00.",P00019,P00153,LOC0038
DIG002802,2026-02-12 01:53:00,ur,"PERSON_00600 और PERSON_00983 ने دورہ کیا, Zone_0104, Bhopal के पास। समय 2026-02-12 01:53:00.",P00600,P00983,LOC0104
DIG002803,2026-01-06 03:30:00,ur,"PERSON_00800 और PERSON_00056 ने دورہ کیا, Zone_0066, Jabalpur के पास। समय 2026-01-06 03:30:00.",P00800,P00056,LOC0066
DIG002804,2026-05-09 20:18:00,gu,"PERSON_00960 और PERSON_00457 ने મળ્યા, Zone_0180, Indore के पास। समय 2026-05-09 20:18:00.",P00960,P00457,LOC0180
DIG002805,2026-04-11 00:10:00,ur,"PERSON_00346 और PERSON_00324 ने دورہ کیا, Zone_0023, Jabalpur के पास। समय 2026-04-11 00:10:00.",P00346,P00324,LOC0023
DIG002806,2026-07-08 14:51:00,pa,"PERSON_00910 और PERSON_00896 ने ਪੈਸੇ ਭੇਜੇ, Zone_0131, Gwalior के पास। समय 2026-07-08 14:51:00.",P00910,P00896,LOC0131
DIG002807,2026-08-26 16:39:00,te,"PERSON_00528 और PERSON_00847 ने సంప్రదించారు, Zone_0087, Ujjain के पास। समय 2026-08-26 16:39:00.",P00528,P00847,LOC0087
DIG002808,2026-02-02 22:31:00,pa,"PERSON_00665 और PERSON_00314 ने ਸੰਪਰਕ ਕੀਤਾ, Zone_0017, Gwalior के पास। समय 2026-02-02 22:31:00.",P00665,P00314,LOC0017
DIG002809,2026-01-31 12:16:00,mr,"PERSON_00280 और PERSON_00395 ने पैसे पाठवले, Zone_0068, Bhopal के पास। समय 2026-01-31 12:16:00.",P00280,P00395,LOC0068
DIG002810,2026-08-09 20:13:00,ur,"PERSON_00510 और PERSON_00233 ने رابطہ کیا, Zone_0057, Ujjain के पास। समय 2026-08-09 20:13:00.",P00510,P00233,LOC0057
DIG002811,2026-08-13 23:54:00,pa,"PERSON_00221 और PERSON_00090 ने ਸਥਾਨ ਸਾਂਝਾ ਕੀਤਾ, Zone_0058, Bhopal के पास। समय 2026-08-13 23:54:00.",P00221,P00090,LOC0058
DIG002812,2026-05-07 15:31:00,ml,"PERSON_00764 और PERSON_00657 ने സന്ദർശിച്ചു, Zone_0176, Gwalior के पास। समय 2026-05-07 15:31:00.",P00764,P00657,LOC0176
DIG002813,2026-01-14 17:25:00,bn,"PERSON_00561 और PERSON_00791 ने টাকা পাঠিয়েছে, Zone_0006, Bhopal के पास। समय 2026-01-14 17:25:00.",P00561,P00791,LOC0006
DIG002814,2026-07-31 19:00:00,en,"PERSON_00056 called PERSON_00442 near Zone_0055, Bhopal. Record time 2026-07-31 19:00:00.",P00056,P00442,LOC0055
DIG002815,2026-08-10 01:55:00,te,"PERSON_00262 और PERSON_00415 ने స్థానం పంచుకున్నారు, Zone_0035, Jabalpur के पास। समय 2026-08-10 01:55:00.",P00262,P00415,LOC0035
DIG002816,2026-08-05 00:46:00,ta,"PERSON_00295 और PERSON_00606 ने இடத்தை பகிர்ந்தார், Zone_0143, Nagpur के पास। समय 2026-08-05 00:46:00.",P00295,P00606,LOC0143
DIG002817,2026-05-19 23:53:00,ta,"PERSON_00577 और PERSON_00020 ने சென்றார், Zone_0066, Jabalpur के पास। समय 2026-05-19 23:53:00.",P00577,P00020,LOC0066
DIG002818,2026-04-26 09:31:00,te,"PERSON_00796 और PERSON_00793 ने సంప్రదించారు, Zone_0148, Indore के पास। समय 2026-04-26 09:31:00.",P00796,P00793,LOC0148
DIG002819,2026-03-23 14:26:00,ml,"PERSON_00346 और PERSON_00656 ने കണ്ടുമുട്ടി, Zone_0143, Nagpur के पास। समय 2026-03-23 14:26:00.",P00346,P00656,LOC0143
DIG002820,2026-02-23 17:37:00,hi,"PERSON_00770 और PERSON_00860 ने धन भेजा, Zone_0066, Jabalpur के पास। समय 2026-02-23 17:37:00.",P00770,P00860,LOC0066
DIG002821,2026-02-27 21:50:00,hi,"PERSON_00378 और PERSON_00295 ने धन भेजा, Zone_0105, Bhopal के पास। समय 2026-02-27 21:50:00.",P00378,P00295,LOC0105
DIG002822,2026-03-14 08:51:00,mr,"PERSON_00929 और PERSON_00202 ने संदेश पाठवला, Zone_0030, Nagpur के पास। समय 2026-03-14 08:51:00.",P00929,P00202,LOC0030
DIG002823,2026-08-11 17:51:00,te,"PERSON_00737 और PERSON_00462 ने సంప్రదించారు, Zone_0014, Bhopal के पास। समय 2026-08-11 17:51:00.",P00737,P00462,LOC0014
DIG002824,2026-01-29 11:44:00,mr,"PERSON_00036 और PERSON_00007 ने संपर्क केला, Zone_0083, Ujjain के पास। समय 2026-01-29 11:44:00.",P00036,P00007,LOC0083
DIG002825,2026-06-05 19:58:00,mr,"PERSON_00829 और PERSON_00307 ने पैसे पाठवले, Zone_0072, Indore के पास। समय 2026-06-05 19:58:00.",P00829,P00307,LOC0072
DIG002826,2026-06-06 07:50:00,hi,"PERSON_00078 और PERSON_00353 ने फोन किया, Zone_0075, Gwalior के पास। समय 2026-06-06 07:50:00.",P00078,P00353,LOC0075
DIG002827,2026-05-20 21:33:00,kn,"PERSON_00071 और PERSON_00132 ने ಭೇಟಿ ನೀಡಿದರು, Zone_0171, Bhopal के पास। समय 2026-05-20 21:33:00.",P00071,P00132,LOC0171
DIG002828,2026-05-01 09:00:00,ta,"PERSON_00051 और PERSON_00338 ने இடத்தை பகிர்ந்தார், Zone_0168, Nagpur के पास। समय 2026-05-01 09:00:00.",P00051,P00338,LOC0168
DIG002829,2026-08-26 10:25:00,mr,"PERSON_00287 और PERSON_00202 ने संदेश पाठवला, Zone_0040, Bhopal के पास। समय 2026-08-26 10:25:00.",P00287,P00202,LOC0040
DIG002830,2026-05-21 11:47:00,bn,"PERSON_00538 और PERSON_00218 ने যোগাযোগ করেছে, Zone_0100, Jabalpur के पास। समय 2026-05-21 11:47:00.",P00538,P00218,LOC0100
DIG002831,2026-05-06 06:17:00,gu,"PERSON_00954 और PERSON_00125 ने સંદેશ મોકલ્યો, Zone_0179, Gwalior के पास। समय 2026-05-06 06:17:00.",P00954,P00125,LOC0179
DIG002832,2026-08-07 07:06:00,hi,"PERSON_00620 और PERSON_00210 ने मिला, Zone_0102, Ujjain के पास। समय 2026-08-07 07:06:00.",P00620,P00210,LOC0102
DIG002833,2026-07-08 00:09:00,en,"PERSON_00960 transferred funds to PERSON_00986 near Zone_0154, Ujjain. Record time 2026-07-08 00:09:00.",P00960,P00986,LOC0154
DIG002834,2026-03-12 04:59:00,mr,"PERSON_00586 और PERSON_00163 ने संदेश पाठवला, Zone_0021, Ujjain के पास। समय 2026-03-12 04:59:00.",P00586,P00163,LOC0021
DIG002835,2026-04-07 12:36:00,pa,"PERSON_00483 और PERSON_00341 ने ਸੰਪਰਕ ਕੀਤਾ, Zone_0009, Jabalpur के पास। समय 2026-04-07 12:36:00.",P00483,P00341,LOC0009
DIG002836,2026-07-21 19:22:00,gu,"PERSON_00664 और PERSON_00721 ने મળ્યા, Zone_0047, Ujjain के पास। समय 2026-07-21 19:22:00.",P00664,P00721,LOC0047
DIG002837,2026-01-15 17:40:00,ml,"PERSON_00927 और PERSON_00092 ने സന്ദേശം അയച്ചു, Zone_0007, Ujjain के पास। समय 2026-01-15 17:40:00.",P00927,P00092,LOC0007
DIG002838,2026-08-26 11:19:00,pa,"PERSON_00374 और PERSON_00373 ने ਸੁਨੇਹਾ ਭੇਜਿਆ, Zone_0164, Bhopal के पास। समय 2026-08-26 11:19:00.",P00374,P00373,LOC0164
DIG002839,2026-07-10 15:51:00,ml,"PERSON_00836 और PERSON_00176 ने സന്ദർശിച്ചു, Zone_0121, Nagpur के पास। समय 2026-07-10 15:51:00.",P00836,P00176,LOC0121
DIG002840,2026-01-10 02:20:00,gu,"PERSON_00180 और PERSON_00456 ने ફોન કર્યો, Zone_0040, Bhopal के पास। समय 2026-01-10 02:20:00.",P00180,P00456,LOC0040
DIG002841,2026-02-17 13:52:00,ml,"PERSON_00833 और PERSON_00378 ने വിളിച്ചു, Zone_0083, Ujjain के पास। समय 2026-02-17 13:52:00.",P00833,P00378,LOC0083
DIG002842,2026-06-28 23:27:00,gu,"PERSON_00625 और PERSON_00037 ने સંપર્ક કર્યો, Zone_0010, Indore के पास। समय 2026-06-28 23:27:00.",P00625,P00037,LOC0010
DIG002843,2026-05-19 00:20:00,pa,"PERSON_00998 और PERSON_00937 ने ਮਿਲਿਆ, Zone_0044, Bhopal के पास। समय 2026-05-19 00:20:00.",P00998,P00937,LOC0044
DIG002844,2026-04-09 05:44:00,ml,"PERSON_00945 और PERSON_00808 ने സന്ദർശിച്ചു, Zone_0107, Indore के पास। समय 2026-04-09 05:44:00.",P00945,P00808,LOC0107
DIG002845,2026-03-18 01:54:00,te,"PERSON_00824 और PERSON_00812 ने సంప్రదించారు, Zone_0006, Bhopal के पास। समय 2026-03-18 01:54:00.",P00824,P00812,LOC0006
DIG002846,2026-01-26 13:22:00,en,"PERSON_00329 transferred funds to PERSON_00593 near Zone_0163, Nagpur. Record time 2026-01-26 13:22:00.",P00329,P00593,LOC0163
DIG002847,2026-04-29 14:18:00,ml,"PERSON_00165 और PERSON_00926 ने പണം അയച്ചു, Zone_0168, Nagpur के पास। समय 2026-04-29 14:18:00.",P00165,P00926,LOC0168
DIG002848,2026-03-31 22:45:00,bn,"PERSON_00573 और PERSON_00040 ने পরিদর্শন করেছে, Zone_0102, Ujjain के पास। समय 2026-03-31 22:45:00.",P00573,P00040,LOC0102
DIG002849,2026-03-06 10:44:00,pa,"PERSON_00091 और PERSON_00366 ने ਸੁਨੇਹਾ ਭੇਜਿਆ, Zone_0099, Bhopal के पास। समय 2026-03-06 10:44:00.",P00091,P00366,LOC0099
DIG002850,2026-06-11 04:54:00,bn,"PERSON_00562 और PERSON_00484 ने টাকা পাঠিয়েছে, Zone_0138, Bhopal के पास। समय 2026-06-11 04:54:00.",P00562,P00484,LOC0138
DIG002851,2026-01-13 14:50:00,kn,"PERSON_00773 और PERSON_00682 ने ಸಂದೇಶ ಕಳುಹಿಸಿದರು, Zone_0033, Jabalpur के पास। समय 2026-01-13 14:50:00.",P00773,P00682,LOC0033
DIG002852,2026-03-28 08:24:00,kn,"PERSON_00129 और PERSON_00738 ने ಹಣ ಕಳುಹಿಸಿದರು, Zone_0118, Ujjain के पास। समय 2026-03-28 08:24:00.",P00129,P00738,LOC0118
DIG002853,2026-03-07 02:42:00,hi,"PERSON_00011 और PERSON_00457 ने संपर्क किया, Zone_0011, Gwalior के पास। समय 2026-03-07 02:42:00.",P00011,P00457,LOC0011
DIG002854,2026-08-21 23:31:00,ml,"PERSON_00642 और PERSON_00689 ने വിളിച്ചു, Zone_0007, Ujjain के पास। समय 2026-08-21 23:31:00.",P00642,P00689,LOC0007
DIG002855,2026-08-25 19:39:00,pa,"PERSON_00588 और PERSON_00601 ने ਫੋਨ ਕੀਤਾ, Zone_0137, Nagpur के पास। समय 2026-08-25 19:39:00.",P00588,P00601,LOC0137
DIG002856,2026-07-22 15:11:00,te,"PERSON_00272 और PERSON_00708 ने సంప్రదించారు, Zone_0144, Nagpur के पास। समय 2026-07-22 15:11:00.",P00272,P00708,LOC0144
DIG002857,2026-05-11 22:47:00,te,"PERSON_00633 और PERSON_00482 ने డబ్బు పంపారు, Zone_0102, Ujjain के पास। समय 2026-05-11 22:47:00.",P00633,P00482,LOC0102
DIG002858,2026-01-17 13:23:00,mr,"PERSON_00634 और PERSON_00427 ने भेटला, Zone_0056, Jabalpur के पास। समय 2026-01-17 13:23:00.",P00634,P00427,LOC0056
DIG002859,2026-06-02 02:02:00,en,"PERSON_00096 met PERSON_00275 near Zone_0155, Nagpur. Record time 2026-06-02 02:02:00.",P00096,P00275,LOC0155
DIG002860,2026-03-02 02:50:00,hi,"PERSON_00398 और PERSON_00820 ने स्थान साझा किया, Zone_0072, Indore के पास। समय 2026-03-02 02:50:00.",P00398,P00820,LOC0072
DIG002861,2026-02-07 15:58:00,pa,"PERSON_00742 और PERSON_00691 ने ਸੰਪਰਕ ਕੀਤਾ, Zone_0170, Ujjain के पास। समय 2026-02-07 15:58:00.",P00742,P00691,LOC0170
DIG002862,2026-01-19 21:49:00,kn,"PERSON_00271 और PERSON_00756 ने ಸ್ಥಳ ಹಂಚಿಕೊಂಡರು, Zone_0127, Bhopal के पास। समय 2026-01-19 21:49:00.",P00271,P00756,LOC0127
DIG002863,2026-01-14 13:30:00,gu,"PERSON_00081 और PERSON_00639 ने સંદેશ મોકલ્યો, Zone_0024, Jabalpur के पास। समय 2026-01-14 13:30:00.",P00081,P00639,LOC0024
DIG002864,2026-01-15 14:28:00,en,"PERSON_00488 transferred funds to PERSON_00380 near Zone_0077, Bhopal. Record time 2026-01-15 14:28:00.",P00488,P00380,LOC0077
DIG002865,2026-02-08 14:22:00,kn,"PERSON_00013 और PERSON_00065 ने ಹಣ ಕಳುಹಿಸಿದರು, Zone_0131, Gwalior के पास। समय 2026-02-08 14:22:00.",P00013,P00065,LOC0131
DIG002866,2026-06-16 06:29:00,en,"PERSON_00589 met PERSON_00622 near Zone_0133, Indore. Record time 2026-06-16 06:29:00.",P00589,P00622,LOC0133
DIG002867,2026-02-23 04:26:00,te,"PERSON_00005 और PERSON_00692 ने వెళ్లారు, Zone_0153, Jabalpur के पास। समय 2026-02-23 04:26:00.",P00005,P00692,LOC0153
DIG002868,2026-02-02 18:24:00,ur,"PERSON_00778 और PERSON_00752 ने رابطہ کیا, Zone_0175, Jabalpur के पास। समय 2026-02-02 18:24:00.",P00778,P00752,LOC0175
DIG002869,2026-06-17 08:06:00,kn,"PERSON_00018 और PERSON_00954 ने ಭೇಟಿಯಾದರು, Zone_0007, Ujjain के पास। समय 2026-06-17 08:06:00.",P00018,P00954,LOC0007
DIG002870,2026-03-24 09:30:00,te,"PERSON_00848 और PERSON_00296 ने కలిశారు, Zone_0041, Ujjain के पास। समय 2026-03-24 09:30:00.",P00848,P00296,LOC0041
DIG002871,2026-01-19 05:51:00,pa,"PERSON_00978 और PERSON_00602 ने ਸਥਾਨ ਸਾਂਝਾ ਕੀਤਾ, Zone_0143, Nagpur के पास। समय 2026-01-19 05:51:00.",P00978,P00602,LOC0143
DIG002872,2026-08-16 01:52:00,ur,"PERSON_00074 और PERSON_00762 ने مقام شیئر کیا, Zone_0123, Ujjain के पास। समय 2026-08-16 01:52:00.",P00074,P00762,LOC0123
DIG002873,2026-03-22 00:53:00,en,"PERSON_00211 visited PERSON_00679 near Zone_0166, Bhopal. Record time 2026-03-22 00:53:00.",P00211,P00679,LOC0166
DIG002874,2026-02-11 04:28:00,ur,"PERSON_00702 और PERSON_00044 ने رابطہ کیا, Zone_0056, Jabalpur के पास। समय 2026-02-11 04:28:00.",P00702,P00044,LOC0056
DIG002875,2026-01-02 13:46:00,en,"PERSON_00562 sent a message to PERSON_00908 near Zone_0084, Gwalior. Record time 2026-01-02 13:46:00.",P00562,P00908,LOC0084
DIG002876,2026-02-02 15:46:00,pa,"PERSON_00974 और PERSON_00267 ने ਸੁਨੇਹਾ ਭੇਜਿਆ, Zone_0003, Indore के पास। समय 2026-02-02 15:46:00.",P00974,P00267,LOC0003
DIG002877,2026-01-05 23:20:00,gu,"PERSON_00572 और PERSON_00010 ने મળ્યા, Zone_0081, Gwalior के पास। समय 2026-01-05 23:20:00.",P00572,P00010,LOC0081
DIG002878,2026-05-21 08:48:00,ta,"PERSON_00868 और PERSON_00994 ने சென்றார், Zone_0060, Ujjain के पास। समय 2026-05-21 08:48:00.",P00868,P00994,LOC0060
DIG002879,2026-04-14 23:13:00,bn,"PERSON_00197 और PERSON_00493 ने বার্তা পাঠিয়েছে, Zone_0110, Indore के पास। समय 2026-04-14 23:13:00.",P00197,P00493,LOC0110
DIG002880,2026-04-18 11:22:00,ml,"PERSON_00178 और PERSON_00264 ने വിളിച്ചു, Zone_0052, Nagpur के पास। समय 2026-04-18 11:22:00.",P00178,P00264,LOC0052
DIG002881,2026-05-09 11:29:00,kn,"PERSON_00259 और PERSON_00925 ने ಹಣ ಕಳುಹಿಸಿದರು, Zone_0099, Bhopal के पास। समय 2026-05-09 11:29:00.",P00259,P00925,LOC0099
DIG002882,2026-01-11 21:05:00,gu,"PERSON_00232 और PERSON_00680 ने સંપર્ક કર્યો, Zone_0023, Jabalpur के पास। समय 2026-01-11 21:05:00.",P00232,P00680,LOC0023
DIG002883,2026-05-30 02:00:00,kn,"PERSON_00410 और PERSON_00657 ने ಹಣ ಕಳುಹಿಸಿದರು, Zone_0087, Ujjain के पास। समय 2026-05-30 02:00:00.",P00410,P00657,LOC0087
DIG002884,2026-08-06 06:26:00,hi,"PERSON_00062 और PERSON_00710 ने वाहन का उपयोग किया, Zone_0063, Gwalior के पास। समय 2026-08-06 06:26:00.",P00062,P00710,LOC0063
DIG002885,2026-07-04 07:10:00,en,"PERSON_00695 met PERSON_00291 near Zone_0054, Jabalpur. Record time 2026-07-04 07:10:00.",P00695,P00291,LOC0054
DIG002886,2026-07-17 06:02:00,kn,"PERSON_00295 और PERSON_00136 ने ಸಂಪರ್ಕಿಸಿದರು, Zone_0020, Bhopal के पास। समय 2026-07-17 06:02:00.",P00295,P00136,LOC0020
DIG002887,2026-08-12 16:08:00,ta,"PERSON_00182 और PERSON_00752 ने சந்தித்தார், Zone_0056, Jabalpur के पास। समय 2026-08-12 16:08:00.",P00182,P00752,LOC0056
DIG002888,2026-05-02 07:47:00,ur,"PERSON_00957 और PERSON_00992 ने فون کیا, Zone_0054, Jabalpur के पास। समय 2026-05-02 07:47:00.",P00957,P00992,LOC0054
DIG002889,2026-05-22 21:05:00,ta,"PERSON_00702 और PERSON_00738 ने இடத்தை பகிர்ந்தார், Zone_0093, Jabalpur के पास। समय 2026-05-22 21:05:00.",P00702,P00738,LOC0093
DIG002890,2026-04-29 07:25:00,gu,"PERSON_00731 और PERSON_00009 ने સંપર્ક કર્યો, Zone_0067, Indore के पास। समय 2026-04-29 07:25:00.",P00731,P00009,LOC0067
DIG002891,2026-06-16 05:47:00,te,"PERSON_00136 और PERSON_00492 ने వెళ్లారు, Zone_0019, Gwalior के पास। समय 2026-06-16 05:47:00.",P00136,P00492,LOC0019
DIG002892,2026-05-13 07:03:00,ml,"PERSON_00841 और PERSON_00623 ने സന്ദർശിച്ചു, Zone_0164, Bhopal के पास। समय 2026-05-13 07:03:00.",P00841,P00623,LOC0164
DIG002893,2026-02-26 04:48:00,bn,"PERSON_00466 और PERSON_00272 ने স্থান ভাগ করেছে, Zone_0123, Ujjain के पास। समय 2026-02-26 04:48:00.",P00466,P00272,LOC0123
DIG002894,2026-01-04 14:33:00,kn,"PERSON_00957 और PERSON_00571 ने ಸ್ಥಳ ಹಂಚಿಕೊಂಡರು, Zone_0119, Indore के पास। समय 2026-01-04 14:33:00.",P00957,P00571,LOC0119
DIG002895,2026-07-25 19:43:00,ur,"PERSON_00311 और PERSON_00112 ने دورہ کیا, Zone_0017, Gwalior के पास। समय 2026-07-25 19:43:00.",P00311,P00112,LOC0017
DIG002896,2026-04-03 21:41:00,ml,"PERSON_00018 और PERSON_00636 ने കണ്ടുമുട്ടി, Zone_0068, Bhopal के पास। समय 2026-04-03 21:41:00.",P00018,P00636,LOC0068
DIG002897,2026-06-07 20:27:00,gu,"PERSON_00756 और PERSON_00668 ने સ્થાન શેર કર્યું, Zone_0022, Gwalior के पास। समय 2026-06-07 20:27:00.",P00756,P00668,LOC0022
DIG002898,2026-06-01 09:38:00,bn,"PERSON_00289 और PERSON_00745 ने ফোন করেছে, Zone_0112, Ujjain के पास। समय 2026-06-01 09:38:00.",P00289,P00745,LOC0112
DIG002899,2026-03-27 14:39:00,ml,"PERSON_00344 और PERSON_00828 ने സന്ദേശം അയച്ചു, Zone_0058, Bhopal के पास। समय 2026-03-27 14:39:00.",P00344,P00828,LOC0058
DIG002900,2026-04-15 15:12:00,hi,"PERSON_00122 और PERSON_00972 ने धन भेजा, Zone_0179, Gwalior के पास। समय 2026-04-15 15:12:00.",P00122,P00972,LOC0179
DIG002901,2026-08-08 05:23:00,bn,"PERSON_00279 और PERSON_00413 ने স্থান ভাগ করেছে, Zone_0060, Ujjain के पास। समय 2026-08-08 05:23:00.",P00279,P00413,LOC0060
DIG002902,2026-02-22 17:37:00,bn,"PERSON_00323 और PERSON_00768 ने পরিদর্শন করেছে, Zone_0077, Bhopal के पास। समय 2026-02-22 17:37:00.",P00323,P00768,LOC0077
DIG002903,2026-04-21 01:58:00,kn,"PERSON_00057 और PERSON_00614 ने ಸಂಪರ್ಕಿಸಿದರು, Zone_0003, Indore के पास। समय 2026-04-21 01:58:00.",P00057,P00614,LOC0003
DIG002904,2026-07-06 00:03:00,ml,"PERSON_00578 और PERSON_00442 ने സ്ഥലം പങ്കിട്ടു, Zone_0058, Bhopal के पास। समय 2026-07-06 00:03:00.",P00578,P00442,LOC0058
DIG002905,2026-06-06 02:11:00,ur,"PERSON_00069 और PERSON_00477 ने رقم منتقل کی, Zone_0149, Ujjain के पास। समय 2026-06-06 02:11:00.",P00069,P00477,LOC0149
DIG002906,2026-03-03 12:14:00,ml,"PERSON_00641 और PERSON_00167 ने സ്ഥലം പങ്കിട്ടു, Zone_0056, Jabalpur के पास। समय 2026-03-03 12:14:00.",P00641,P00167,LOC0056
DIG002907,2026-04-24 01:28:00,te,"PERSON_00128 और PERSON_00895 ने సందేశం పంపారు, Zone_0047, Ujjain के पास। समय 2026-04-24 01:28:00.",P00128,P00895,LOC0047
DIG002908,2026-05-27 12:19:00,ur,"PERSON_00892 और PERSON_00168 ने مقام شیئر کیا, Zone_0038, Ujjain के पास। समय 2026-05-27 12:19:00.",P00892,P00168,LOC0038
DIG002909,2026-05-18 04:43:00,ur,"PERSON_00496 और PERSON_00222 ने رابطہ کیا, Zone_0091, Jabalpur के पास। समय 2026-05-18 04:43:00.",P00496,P00222,LOC0091
DIG002910,2026-05-09 04:02:00,hi,"PERSON_00548 और PERSON_00302 ने वाहन का उपयोग किया, Zone_0038, Ujjain के पास। समय 2026-05-09 04:02:00.",P00548,P00302,LOC0038
DIG002911,2026-03-28 04:58:00,pa,"PERSON_00378 और PERSON_00099 ने ਪੈਸੇ ਭੇਜੇ, Zone_0131, Gwalior के पास। समय 2026-03-28 04:58:00.",P00378,P00099,LOC0131
DIG002912,2026-07-21 22:17:00,te,"PERSON_00977 और PERSON_00412 ने స్థానం పంచుకున్నారు, Zone_0045, Gwalior के पास। समय 2026-07-21 22:17:00.",P00977,P00412,LOC0045
DIG002913,2026-01-28 07:15:00,bn,"PERSON_00992 और PERSON_00613 ने টাকা পাঠিয়েছে, Zone_0008, Nagpur के पास। समय 2026-01-28 07:15:00.",P00992,P00613,LOC0008
DIG002914,2026-05-09 16:23:00,ta,"PERSON_00333 और PERSON_00407 ने தொடர்பு கொண்டார், Zone_0143, Nagpur के पास। समय 2026-05-09 16:23:00.",P00333,P00407,LOC0143
DIG002915,2026-02-28 11:56:00,en,"PERSON_00611 shared a location with PERSON_00788 near Zone_0007, Ujjain. Record time 2026-02-28 11:56:00.",P00611,P00788,LOC0007
DIG002916,2026-02-16 16:42:00,mr,"PERSON_00613 और PERSON_00984 ने भेटला, Zone_0092, Ujjain के पास। समय 2026-02-16 16:42:00.",P00613,P00984,LOC0092
DIG002917,2026-07-18 15:08:00,mr,"PERSON_00465 और PERSON_00171 ने संपर्क केला, Zone_0096, Indore के पास। समय 2026-07-18 15:08:00.",P00465,P00171,LOC0096
DIG002918,2026-05-09 06:50:00,te,"PERSON_00248 और PERSON_00547 ने వెళ్లారు, Zone_0158, Jabalpur के पास। समय 2026-05-09 06:50:00.",P00248,P00547,LOC0158
DIG002919,2026-03-20 17:28:00,mr,"PERSON_00279 और PERSON_00373 ने भेटला, Zone_0153, Jabalpur के पास। समय 2026-03-20 17:28:00.",P00279,P00373,LOC0153
DIG002920,2026-05-24 01:21:00,hi,"PERSON_00206 और PERSON_00905 ने धन भेजा, Zone_0055, Bhopal के पास। समय 2026-05-24 01:21:00.",P00206,P00905,LOC0055
DIG002921,2026-07-11 00:21:00,te,"PERSON_00474 और PERSON_00795 ने సంప్రదించారు, Zone_0052, Nagpur के पास। समय 2026-07-11 00:21:00.",P00474,P00795,LOC0052
DIG002922,2026-03-14 14:17:00,ur,"PERSON_00200 और PERSON_00901 ने پیغام بھیجا, Zone_0036, Ujjain के पास। समय 2026-03-14 14:17:00.",P00200,P00901,LOC0036
DIG002923,2026-05-24 01:23:00,te,"PERSON_00742 और PERSON_00523 ने కలిశారు, Zone_0049, Nagpur के पास। समय 2026-05-24 01:23:00.",P00742,P00523,LOC0049
DIG002924,2026-08-25 12:41:00,kn,"PERSON_00284 और PERSON_00071 ने ಹಣ ಕಳುಹಿಸಿದರು, Zone_0060, Ujjain के पास। समय 2026-08-25 12:41:00.",P00284,P00071,LOC0060
DIG002925,2026-06-28 22:39:00,ta,"PERSON_00483 और PERSON_00244 ने அழைத்தார், Zone_0108, Bhopal के पास। समय 2026-06-28 22:39:00.",P00483,P00244,LOC0108
DIG002926,2026-08-16 06:21:00,kn,"PERSON_00434 और PERSON_00070 ने ಸಂಪರ್ಕಿಸಿದರು, Zone_0047, Ujjain के पास। समय 2026-08-16 06:21:00.",P00434,P00070,LOC0047
DIG002927,2026-05-19 21:07:00,ur,"PERSON_00278 और PERSON_00544 ने رقم منتقل کی, Zone_0047, Ujjain के पास। समय 2026-05-19 21:07:00.",P00278,P00544,LOC0047
DIG002928,2026-08-28 03:48:00,bn,"PERSON_00905 और PERSON_00611 ने টাকা পাঠিয়েছে, Zone_0012, Nagpur के पास। समय 2026-08-28 03:48:00.",P00905,P00611,LOC0012
DIG002929,2026-08-16 05:38:00,te,"PERSON_00652 और PERSON_00146 ने డబ్బు పంపారు, Zone_0113, Indore के पास। समय 2026-08-16 05:38:00.",P00652,P00146,LOC0113
DIG002930,2026-01-22 07:25:00,hi,"PERSON_00160 और PERSON_00642 ने फोन किया, Zone_0068, Bhopal के पास। समय 2026-01-22 07:25:00.",P00160,P00642,LOC0068
DIG002931,2026-08-20 03:31:00,kn,"PERSON_00165 और PERSON_00623 ने ಸಂಪರ್ಕಿಸಿದರು, Zone_0119, Indore के पास। समय 2026-08-20 03:31:00.",P00165,P00623,LOC0119
DIG002932,2026-03-24 13:30:00,pa,"PERSON_00520 और PERSON_00566 ने ਸਥਾਨ ਸਾਂਝਾ ਕੀਤਾ, Zone_0099, Bhopal के पास। समय 2026-03-24 13:30:00.",P00520,P00566,LOC0099
DIG002933,2026-08-22 16:50:00,mr,"PERSON_00294 और PERSON_00396 ने भेटला, Zone_0104, Bhopal के पास। समय 2026-08-22 16:50:00.",P00294,P00396,LOC0104
DIG002934,2026-05-09 18:36:00,kn,"PERSON_00758 और PERSON_00717 ने ಸಂದೇಶ ಕಳುಹಿಸಿದರು, Zone_0118, Ujjain के पास। समय 2026-05-09 18:36:00.",P00758,P00717,LOC0118
DIG002935,2026-08-17 23:30:00,pa,"PERSON_00107 और PERSON_00323 ने ਮਿਲਿਆ, Zone_0036, Ujjain के पास। समय 2026-08-17 23:30:00.",P00107,P00323,LOC0036
DIG002936,2026-08-04 07:49:00,bn,"PERSON_00077 और PERSON_00563 ने স্থান ভাগ করেছে, Zone_0172, Gwalior के पास। समय 2026-08-04 07:49:00.",P00077,P00563,LOC0172
DIG002937,2026-01-25 18:57:00,te,"PERSON_00520 और PERSON_00918 ने సంప్రదించారు, Zone_0068, Bhopal के पास। समय 2026-01-25 18:57:00.",P00520,P00918,LOC0068
DIG002938,2026-01-08 15:54:00,gu,"PERSON_00063 और PERSON_00002 ने સંદેશ મોકલ્યો, Zone_0070, Ujjain के पास। समय 2026-01-08 15:54:00.",P00063,P00002,LOC0070
DIG002939,2026-04-04 08:15:00,ur,"PERSON_00189 और PERSON_00341 ने پیغام بھیجا, Zone_0025, Jabalpur के पास। समय 2026-04-04 08:15:00.",P00189,P00341,LOC0025
DIG002940,2026-02-09 11:02:00,gu,"PERSON_00656 और PERSON_00234 ने સંદેશ મોકલ્યો, Zone_0099, Bhopal के पास। समय 2026-02-09 11:02:00.",P00656,P00234,LOC0099
DIG002941,2026-04-21 18:25:00,kn,"PERSON_00672 और PERSON_00686 ने ಹಣ ಕಳುಹಿಸಿದರು, Zone_0052, Nagpur के पास। समय 2026-04-21 18:25:00.",P00672,P00686,LOC0052
DIG002942,2026-08-21 07:37:00,bn,"PERSON_00020 और PERSON_00866 ने দেখা করেছে, Zone_0120, Ujjain के पास। समय 2026-08-21 07:37:00.",P00020,P00866,LOC0120
DIG002943,2026-02-24 12:51:00,te,"PERSON_00476 और PERSON_00002 ने డబ్బు పంపారు, Zone_0174, Gwalior के पास। समय 2026-02-24 12:51:00.",P00476,P00002,LOC0174
DIG002944,2026-06-26 01:44:00,hi,"PERSON_00270 और PERSON_00610 ने संपर्क किया, Zone_0057, Ujjain के पास। समय 2026-06-26 01:44:00.",P00270,P00610,LOC0057
DIG002945,2026-06-15 19:47:00,ur,"PERSON_00502 और PERSON_00593 ने ملاقات کی, Zone_0071, Indore के पास। समय 2026-06-15 19:47:00.",P00502,P00593,LOC0071
DIG002946,2026-08-12 06:15:00,gu,"PERSON_00884 और PERSON_00883 ने ફોન કર્યો, Zone_0100, Jabalpur के पास। समय 2026-08-12 06:15:00.",P00884,P00883,LOC0100
DIG002947,2026-05-07 21:37:00,gu,"PERSON_00125 और PERSON_00777 ने મુલાકાત લીધી, Zone_0019, Gwalior के पास। समय 2026-05-07 21:37:00.",P00125,P00777,LOC0019
DIG002948,2026-05-09 08:35:00,ta,"PERSON_00367 और PERSON_00443 ने இடத்தை பகிர்ந்தார், Zone_0038, Ujjain के पास। समय 2026-05-09 08:35:00.",P00367,P00443,LOC0038
DIG002949,2026-03-22 16:39:00,ml,"PERSON_00430 और PERSON_00998 ने ബന്ധപ്പെട്ടു, Zone_0147, Ujjain के पास। समय 2026-03-22 16:39:00.",P00430,P00998,LOC0147
DIG002950,2026-05-31 23:00:00,mr,"PERSON_00845 और PERSON_00680 ने भेट दिली, Zone_0119, Indore के पास। समय 2026-05-31 23:00:00.",P00845,P00680,LOC0119
DIG002951,2026-03-26 15:10:00,ml,"PERSON_00961 और PERSON_00505 ने സന്ദേശം അയച്ചു, Zone_0102, Ujjain के पास। समय 2026-03-26 15:10:00.",P00961,P00505,LOC0102
DIG002952,2026-05-14 10:09:00,ur,"PERSON_00516 और PERSON_00761 ने ملاقات کی, Zone_0135, Nagpur के पास। समय 2026-05-14 10:09:00.",P00516,P00761,LOC0135
DIG002953,2026-07-27 15:45:00,ta,"PERSON_00329 और PERSON_00547 ने இடத்தை பகிர்ந்தார், Zone_0074, Ujjain के पास। समय 2026-07-27 15:45:00.",P00329,P00547,LOC0074
DIG002954,2026-05-18 05:00:00,te,"PERSON_00517 और PERSON_00024 ने సంప్రదించారు, Zone_0137, Nagpur के पास। समय 2026-05-18 05:00:00.",P00517,P00024,LOC0137
DIG002955,2026-04-07 07:25:00,hi,"PERSON_00810 और PERSON_00813 ने संपर्क किया, Zone_0022, Gwalior के पास। समय 2026-04-07 07:25:00.",P00810,P00813,LOC0022
DIG002956,2026-04-30 09:32:00,te,"PERSON_00253 और PERSON_00367 ने వెళ్లారు, Zone_0155, Nagpur के पास। समय 2026-04-30 09:32:00.",P00253,P00367,LOC0155
DIG002957,2026-08-21 13:45:00,mr,"PERSON_00935 और PERSON_00712 ने फोन केला, Zone_0171, Bhopal के पास। समय 2026-08-21 13:45:00.",P00935,P00712,LOC0171
DIG002958,2026-01-19 01:17:00,kn,"PERSON_00909 और PERSON_00446 ने ಹಣ ಕಳುಹಿಸಿದರು, Zone_0004, Indore के पास। समय 2026-01-19 01:17:00.",P00909,P00446,LOC0004
DIG002959,2026-05-27 15:27:00,ml,"PERSON_00513 और PERSON_00780 ने വിളിച്ചു, Zone_0050, Jabalpur के पास। समय 2026-05-27 15:27:00.",P00513,P00780,LOC0050
DIG002960,2026-06-26 21:16:00,ml,"PERSON_00648 और PERSON_00156 ने സന്ദേശം അയച്ചു, Zone_0171, Bhopal के पास। समय 2026-06-26 21:16:00.",P00648,P00156,LOC0171
DIG002961,2026-07-28 22:24:00,pa,"PERSON_00247 और PERSON_00117 ने ਸਥਾਨ ਸਾਂਝਾ ਕੀਤਾ, Zone_0080, Indore के पास। समय 2026-07-28 22:24:00.",P00247,P00117,LOC0080
DIG002962,2026-02-28 08:57:00,gu,"PERSON_00940 और PERSON_00482 ने સંદેશ મોકલ્યો, Zone_0031, Bhopal के पास। समय 2026-02-28 08:57:00.",P00940,P00482,LOC0031
DIG002963,2026-01-06 06:25:00,te,"PERSON_00256 और PERSON_00439 ने స్థానం పంచుకున్నారు, Zone_0028, Bhopal के पास। समय 2026-01-06 06:25:00.",P00256,P00439,LOC0028
DIG002964,2026-05-19 13:49:00,en,"PERSON_00237 called PERSON_00654 near Zone_0103, Indore. Record time 2026-05-19 13:49:00.",P00237,P00654,LOC0103
DIG002965,2026-06-13 13:07:00,en,"PERSON_00192 transferred funds to PERSON_00460 near Zone_0010, Indore. Record time 2026-06-13 13:07:00.",P00192,P00460,LOC0010
DIG002966,2026-04-04 20:28:00,bn,"PERSON_00640 और PERSON_00644 ने টাকা পাঠিয়েছে, Zone_0174, Gwalior के पास। समय 2026-04-04 20:28:00.",P00640,P00644,LOC0174
DIG002967,2026-06-26 17:48:00,ur,"PERSON_00057 और PERSON_00595 ने رقم منتقل کی, Zone_0150, Ujjain के पास। समय 2026-06-26 17:48:00.",P00057,P00595,LOC0150
DIG002968,2026-07-04 09:18:00,ta,"PERSON_00390 और PERSON_00143 ने சென்றார், Zone_0042, Ujjain के पास। समय 2026-07-04 09:18:00.",P00390,P00143,LOC0042
DIG002969,2026-02-22 18:39:00,pa,"PERSON_00219 और PERSON_00889 ने ਫੋਨ ਕੀਤਾ, Zone_0078, Ujjain के पास। समय 2026-02-22 18:39:00.",P00219,P00889,LOC0078
DIG002970,2026-04-03 14:36:00,te,"PERSON_00235 और PERSON_00765 ने సంప్రదించారు, Zone_0179, Gwalior के पास। समय 2026-04-03 14:36:00.",P00235,P00765,LOC0179
DIG002971,2026-01-03 09:18:00,ml,"PERSON_00230 और PERSON_00313 ने സ്ഥലം പങ്കിട്ടു, Zone_0016, Ujjain के पास। समय 2026-01-03 09:18:00.",P00230,P00313,LOC0016
DIG002972,2026-08-12 00:15:00,en,"PERSON_00858 visited PERSON_00579 near Zone_0158, Jabalpur. Record time 2026-08-12 00:15:00.",P00858,P00579,LOC0158
DIG002973,2026-03-26 20:09:00,ur,"PERSON_00287 और PERSON_00040 ने فون کیا, Zone_0158, Jabalpur के पास। समय 2026-03-26 20:09:00.",P00287,P00040,LOC0158
DIG002974,2026-06-01 02:50:00,gu,"PERSON_00699 और PERSON_00942 ने નાણાં મોકલ્યાં, Zone_0021, Ujjain के पास। समय 2026-06-01 02:50:00.",P00699,P00942,LOC0021
DIG002975,2026-05-09 03:08:00,pa,"PERSON_00707 और PERSON_00173 ने ਪੈਸੇ ਭੇਜੇ, Zone_0063, Gwalior के पास। समय 2026-05-09 03:08:00.",P00707,P00173,LOC0063
DIG002976,2026-04-10 22:52:00,te,"PERSON_00581 और PERSON_00634 ने వెళ్లారు, Zone_0163, Nagpur के पास। समय 2026-04-10 22:52:00.",P00581,P00634,LOC0163
DIG002977,2026-02-04 10:35:00,gu,"PERSON_00315 और PERSON_00631 ने મળ્યા, Zone_0017, Gwalior के पास। समय 2026-02-04 10:35:00.",P00315,P00631,LOC0017
DIG002978,2026-07-06 01:15:00,te,"PERSON_00847 और PERSON_00692 ने ఫోన్ చేశారు, Zone_0003, Indore के पास। समय 2026-07-06 01:15:00.",P00847,P00692,LOC0003
DIG002979,2026-08-05 08:16:00,kn,"PERSON_00696 और PERSON_00037 ने ಸಂದೇಶ ಕಳುಹಿಸಿದರು, Zone_0134, Indore के पास। समय 2026-08-05 08:16:00.",P00696,P00037,LOC0134
DIG002980,2026-02-07 21:06:00,en,"PERSON_00538 transferred funds to PERSON_00482 near Zone_0038, Ujjain. Record time 2026-02-07 21:06:00.",P00538,P00482,LOC0038
DIG002981,2026-06-08 01:32:00,hi,"PERSON_00850 और PERSON_00459 ने स्थान साझा किया, Zone_0074, Ujjain के पास। समय 2026-06-08 01:32:00.",P00850,P00459,LOC0074
DIG002982,2026-03-23 05:24:00,bn,"PERSON_00424 और PERSON_00606 ने বার্তা পাঠিয়েছে, Zone_0093, Jabalpur के पास। समय 2026-03-23 05:24:00.",P00424,P00606,LOC0093
DIG002983,2026-08-13 12:16:00,te,"PERSON_00718 और PERSON_00054 ने డబ్బు పంపారు, Zone_0135, Nagpur के पास। समय 2026-08-13 12:16:00.",P00718,P00054,LOC0135
DIG002984,2026-06-17 08:20:00,te,"PERSON_00773 और PERSON_00816 ने వెళ్లారు, Zone_0155, Nagpur के पास। समय 2026-06-17 08:20:00.",P00773,P00816,LOC0155
DIG002985,2026-05-13 07:03:00,bn,"PERSON_00995 और PERSON_00536 ने ফোন করেছে, Zone_0160, Ujjain के पास। समय 2026-05-13 07:03:00.",P00995,P00536,LOC0160
DIG002986,2026-07-10 17:36:00,en,"PERSON_00855 met PERSON_00707 near Zone_0164, Bhopal. Record time 2026-07-10 17:36:00.",P00855,P00707,LOC0164
DIG002987,2026-05-25 13:36:00,bn,"PERSON_00843 और PERSON_00369 ने স্থান ভাগ করেছে, Zone_0023, Jabalpur के पास। समय 2026-05-25 13:36:00.",P00843,P00369,LOC0023
DIG002988,2026-08-20 13:17:00,ta,"PERSON_00059 और PERSON_00545 ने தொடர்பு கொண்டார், Zone_0081, Gwalior के पास। समय 2026-08-20 13:17:00.",P00059,P00545,LOC0081
DIG002989,2026-05-22 05:37:00,gu,"PERSON_00562 और PERSON_00228 ने સ્થાન શેર કર્યું, Zone_0103, Indore के पास। समय 2026-05-22 05:37:00.",P00562,P00228,LOC0103
DIG002990,2026-08-08 23:23:00,bn,"PERSON_00319 और PERSON_00032 ने দেখা করেছে, Zone_0040, Bhopal के पास। समय 2026-08-08 23:23:00.",P00319,P00032,LOC0040
DIG002991,2026-03-13 23:40:00,mr,"PERSON_00766 और PERSON_00180 ने भेटला, Zone_0115, Jabalpur के पास। समय 2026-03-13 23:40:00.",P00766,P00180,LOC0115
DIG002992,2026-05-22 15:43:00,ml,"PERSON_00685 और PERSON_00093 ने സ്ഥലം പങ്കിട്ടു, Zone_0078, Ujjain के पास। समय 2026-05-22 15:43:00.",P00685,P00093,LOC0078
DIG002993,2026-03-23 18:37:00,ur,"PERSON_00963 और PERSON_00887 ने پیغام بھیجا, Zone_0147, Ujjain के पास। समय 2026-03-23 18:37:00.",P00963,P00887,LOC0147
DIG002994,2026-02-25 17:45:00,ta,"PERSON_00498 और PERSON_00370 ने செய்தி அனுப்பினார், Zone_0115, Jabalpur के पास। समय 2026-02-25 17:45:00.",P00498,P00370,LOC0115
DIG002995,2026-08-19 12:17:00,pa,"PERSON_00665 और PERSON_00281 ने ਮੁਲਾਕਾਤ ਕੀਤੀ, Zone_0138, Bhopal के पास। समय 2026-08-19 12:17:00.",P00665,P00281,LOC0138
DIG002996,2026-07-07 21:35:00,ta,"PERSON_00432 और PERSON_00893 ने சந்தித்தார், Zone_0104, Bhopal के पास। समय 2026-07-07 21:35:00.",P00432,P00893,LOC0104
DIG002997,2026-07-19 20:05:00,ta,"PERSON_00438 और PERSON_00095 ने இடத்தை பகிர்ந்தார், Zone_0142, Jabalpur के पास। समय 2026-07-19 20:05:00.",P00438,P00095,LOC0142
DIG002998,2026-08-20 19:14:00,gu,"PERSON_00354 और PERSON_00989 ने મળ્યા, Zone_0013, Gwalior के पास। समय 2026-08-20 19:14:00.",P00354,P00989,LOC0013
DIG002999,2026-01-17 13:53:00,kn,"PERSON_00853 और PERSON_00871 ने ಸಂಪರ್ಕಿಸಿದರು, Zone_0033, Jabalpur के पास। समय 2026-01-17 13:53:00.",P00853,P00871,LOC0033
DIG003000,2026-06-11 06:50:00,mr,"PERSON_00707 और PERSON_00643 ने संदेश पाठवला, Zone_0143, Nagpur के पास। समय 2026-06-11 06:50:00.",P00707,P00643,LOC0143
DIG003001,2026-03-14 02:00:00,ml,"PERSON_00811 और PERSON_00757 ने സന്ദർശിച്ചു, Zone_0163, Nagpur के पास। समय 2026-03-14 02:00:00.",P00811,P00757,LOC0163
DIG003002,2026-01-03 18:28:00,pa,"PERSON_00130 और PERSON_00572 ने ਮਿਲਿਆ, Zone_0081, Gwalior के पास। समय 2026-01-03 18:28:00.",P00130,P00572,LOC0081
DIG003003,2026-08-10 19:30:00,gu,"PERSON_00463 और PERSON_00489 ने સંપર્ક કર્યો, Zone_0093, Jabalpur के पास। समय 2026-08-10 19:30:00.",P00463,P00489,LOC0093
DIG003004,2026-01-18 18:18:00,mr,"PERSON_00463 और PERSON_00611 ने ठिकाण शेअर केले, Zone_0027, Gwalior के पास। समय 2026-01-18 18:18:00.",P00463,P00611,LOC0027
DIG003005,2026-08-09 10:52:00,mr,"PERSON_00027 और PERSON_00074 ने संदेश पाठवला, Zone_0144, Nagpur के पास। समय 2026-08-09 10:52:00.",P00027,P00074,LOC0144
DIG003006,2026-02-10 11:09:00,ml,"PERSON_00626 और PERSON_00560 ने സ്ഥലം പങ്കിട്ടു, Zone_0005, Jabalpur के पास। समय 2026-02-10 11:09:00.",P00626,P00560,LOC0005
DIG003007,2026-03-31 10:49:00,gu,"PERSON_00709 और PERSON_00036 ने નાણાં મોકલ્યાં, Zone_0012, Nagpur के पास। समय 2026-03-31 10:49:00.",P00709,P00036,LOC0012
DIG003008,2026-08-01 16:27:00,ml,"PERSON_00110 और PERSON_00685 ने ബന്ധപ്പെട്ടു, Zone_0088, Indore के पास। समय 2026-08-01 16:27:00.",P00110,P00685,LOC0088
DIG003009,2026-02-05 14:45:00,ur,"PERSON_00296 और PERSON_00947 ने مقام شیئر کیا, Zone_0137, Nagpur के पास। समय 2026-02-05 14:45:00.",P00296,P00947,LOC0137
DIG003010,2026-02-24 21:05:00,ur,"PERSON_00085 और PERSON_00664 ने ملاقات کی, Zone_0030, Nagpur के पास। समय 2026-02-24 21:05:00.",P00085,P00664,LOC0030
DIG003011,2026-04-20 10:34:00,en,"PERSON_00446 contacted PERSON_00136 near Zone_0017, Gwalior. Record time 2026-04-20 10:34:00.",P00446,P00136,LOC0017
DIG003012,2026-02-28 11:26:00,ur,"PERSON_00908 और PERSON_00399 ने ملاقات کی, Zone_0018, Bhopal के पास। समय 2026-02-28 11:26:00.",P00908,P00399,LOC0018
DIG003013,2026-03-18 06:45:00,kn,"PERSON_00294 और PERSON_00718 ने ಹಣ ಕಳುಹಿಸಿದರು, Zone_0100, Jabalpur के पास। समय 2026-03-18 06:45:00.",P00294,P00718,LOC0100
DIG003014,2026-01-22 05:40:00,bn,"PERSON_00738 और PERSON_00184 ने দেখা করেছে, Zone_0178, Gwalior के पास। समय 2026-01-22 05:40:00.",P00738,P00184,LOC0178
DIG003015,2026-03-28 14:11:00,pa,"PERSON_00321 और PERSON_00636 ने ਮੁਲਾਕਾਤ ਕੀਤੀ, Zone_0093, Jabalpur के पास। समय 2026-03-28 14:11:00.",P00321,P00636,LOC0093
DIG003016,2026-08-29 09:43:00,en,"PERSON_00353 called PERSON_00654 near Zone_0158, Jabalpur. Record time 2026-08-29 09:43:00.",P00353,P00654,LOC0158
DIG003017,2026-01-15 13:59:00,bn,"PERSON_00177 और PERSON_00205 ने বার্তা পাঠিয়েছে, Zone_0025, Jabalpur के पास। समय 2026-01-15 13:59:00.",P00177,P00205,LOC0025
DIG003018,2026-05-05 01:19:00,en,"PERSON_00081 called PERSON_00585 near Zone_0023, Jabalpur. Record time 2026-05-05 01:19:00.",P00081,P00585,LOC0023
DIG003019,2026-07-09 00:35:00,kn,"PERSON_00523 और PERSON_00677 ने ಹಣ ಕಳುಹಿಸಿದರು, Zone_0040, Bhopal के पास। समय 2026-07-09 00:35:00.",P00523,P00677,LOC0040
DIG003020,2026-07-17 13:24:00,en,"PERSON_00307 shared a location with PERSON_00589 near Zone_0105, Bhopal. Record time 2026-07-17 13:24:00.",P00307,P00589,LOC0105
DIG003021,2026-05-15 04:19:00,bn,"PERSON_00577 और PERSON_00212 ने টাকা পাঠিয়েছে, Zone_0129, Nagpur के पास। समय 2026-05-15 04:19:00.",P00577,P00212,LOC0129
DIG003022,2026-04-05 05:12:00,en,"PERSON_00015 visited PERSON_00359 near Zone_0140, Jabalpur. Record time 2026-04-05 05:12:00.",P00015,P00359,LOC0140
DIG003023,2026-01-31 15:59:00,en,"PERSON_00451 sent a message to PERSON_00073 near Zone_0026, Nagpur. Record time 2026-01-31 15:59:00.",P00451,P00073,LOC0026
DIG003024,2026-01-16 22:11:00,pa,"PERSON_00075 और PERSON_00524 ने ਸਥਾਨ ਸਾਂਝਾ ਕੀਤਾ, Zone_0064, Ujjain के पास। समय 2026-01-16 22:11:00.",P00075,P00524,LOC0064
DIG003025,2026-08-17 10:32:00,ur,"PERSON_00395 और PERSON_00632 ने ملاقات کی, Zone_0008, Nagpur के पास। समय 2026-08-17 10:32:00.",P00395,P00632,LOC0008
DIG003026,2026-07-15 22:10:00,pa,"PERSON_00435 और PERSON_00617 ने ਮਿਲਿਆ, Zone_0045, Gwalior के पास। समय 2026-07-15 22:10:00.",P00435,P00617,LOC0045
DIG003027,2026-08-23 02:51:00,en,"PERSON_00960 shared a location with PERSON_00622 near Zone_0071, Indore. Record time 2026-08-23 02:51:00.",P00960,P00622,LOC0071
DIG003028,2026-04-09 10:49:00,kn,"PERSON_00752 और PERSON_00264 ने ಭೇಟಿಯಾದರು, Zone_0085, Gwalior के पास। समय 2026-04-09 10:49:00.",P00752,P00264,LOC0085
DIG003029,2026-04-23 02:29:00,ta,"PERSON_00184 और PERSON_00573 ने பணம் அனுப்பினார், Zone_0113, Indore के पास। समय 2026-04-23 02:29:00.",P00184,P00573,LOC0113
DIG003030,2026-04-11 22:40:00,gu,"PERSON_00414 और PERSON_00985 ने મળ્યા, Zone_0075, Gwalior के पास। समय 2026-04-11 22:40:00.",P00414,P00985,LOC0075
DIG003031,2026-01-13 02:30:00,pa,"PERSON_00488 और PERSON_00757 ने ਪੈਸੇ ਭੇਜੇ, Zone_0109, Bhopal के पास। समय 2026-01-13 02:30:00.",P00488,P00757,LOC0109
DIG003032,2026-04-08 12:28:00,en,"PERSON_00391 called PERSON_00166 near Zone_0111, Jabalpur. Record time 2026-04-08 12:28:00.",P00391,P00166,LOC0111
DIG003033,2026-05-02 02:28:00,ml,"PERSON_00022 और PERSON_00529 ने സന്ദേശം അയച്ചു, Zone_0017, Gwalior के पास। समय 2026-05-02 02:28:00.",P00022,P00529,LOC0017
DIG003034,2026-05-10 15:19:00,hi,"PERSON_00193 और PERSON_00599 ने संपर्क किया, Zone_0001, Gwalior के पास। समय 2026-05-10 15:19:00.",P00193,P00599,LOC0001
DIG003035,2026-01-10 00:23:00,gu,"PERSON_00933 और PERSON_00279 ने ફોન કર્યો, Zone_0049, Nagpur के पास। समय 2026-01-10 00:23:00.",P00933,P00279,LOC0049
DIG003036,2026-08-20 06:03:00,en,"PERSON_00909 met PERSON_00926 near Zone_0115, Jabalpur. Record time 2026-08-20 06:03:00.",P00909,P00926,LOC0115
DIG003037,2026-04-10 09:52:00,mr,"PERSON_00765 और PERSON_00756 ने भेट दिली, Zone_0020, Bhopal के पास। समय 2026-04-10 09:52:00.",P00765,P00756,LOC0020
DIG003038,2026-03-28 04:37:00,ur,"PERSON_00471 और PERSON_00920 ने رقم منتقل کی, Zone_0099, Bhopal के पास। समय 2026-03-28 04:37:00.",P00471,P00920,LOC0099
DIG003039,2026-01-12 12:48:00,te,"PERSON_00086 और PERSON_00650 ने స్థానం పంచుకున్నారు, Zone_0071, Indore के पास। समय 2026-01-12 12:48:00.",P00086,P00650,LOC0071
DIG003040,2026-03-15 16:00:00,ur,"PERSON_00013 और PERSON_00781 ने رابطہ کیا, Zone_0083, Ujjain के पास। समय 2026-03-15 16:00:00.",P00013,P00781,LOC0083
DIG003041,2026-01-14 17:20:00,gu,"PERSON_00689 और PERSON_00426 ने સ્થાન શેર કર્યું, Zone_0171, Bhopal के पास। समय 2026-01-14 17:20:00.",P00689,P00426,LOC0171
DIG003042,2026-05-03 03:02:00,bn,"PERSON_00622 और PERSON_00781 ने যোগাযোগ করেছে, Zone_0039, Gwalior के पास। समय 2026-05-03 03:02:00.",P00622,P00781,LOC0039
DIG003043,2026-01-27 04:22:00,ur,"PERSON_00269 और PERSON_00004 ने ملاقات کی, Zone_0006, Bhopal के पास। समय 2026-01-27 04:22:00.",P00269,P00004,LOC0006
DIG003044,2026-03-24 16:51:00,bn,"PERSON_00210 और PERSON_00015 ने পরিদর্শন করেছে, Zone_0091, Jabalpur के पास। समय 2026-03-24 16:51:00.",P00210,P00015,LOC0091
DIG003045,2026-04-08 11:21:00,ta,"PERSON_00231 और PERSON_00096 ने சந்தித்தார், Zone_0011, Gwalior के पास। समय 2026-04-08 11:21:00.",P00231,P00096,LOC0011
DIG003046,2026-01-05 00:57:00,hi,"PERSON_00824 और PERSON_00448 ने स्थान साझा किया, Zone_0121, Nagpur के पास। समय 2026-01-05 00:57:00.",P00824,P00448,LOC0121
DIG003047,2026-02-02 13:31:00,hi,"PERSON_00452 और PERSON_00571 ने संदेश भेजा, Zone_0034, Jabalpur के पास। समय 2026-02-02 13:31:00.",P00452,P00571,LOC0034
DIG003048,2026-08-26 10:40:00,kn,"PERSON_00683 और PERSON_00292 ने ಸ್ಥಳ ಹಂಚಿಕೊಂಡರು, Zone_0098, Nagpur के पास। समय 2026-08-26 10:40:00.",P00683,P00292,LOC0098
DIG003049,2026-08-23 18:16:00,gu,"PERSON_00129 और PERSON_00839 ने સ્થાન શેર કર્યું, Zone_0120, Ujjain के पास। समय 2026-08-23 18:16:00.",P00129,P00839,LOC0120
DIG003050,2026-05-20 06:44:00,bn,"PERSON_00801 और PERSON_00513 ने টাকা পাঠিয়েছে, Zone_0155, Nagpur के पास। समय 2026-05-20 06:44:00.",P00801,P00513,LOC0155
DIG003051,2026-05-18 21:28:00,kn,"PERSON_00855 और PERSON_00444 ने ಸ್ಥಳ ಹಂಚಿಕೊಂಡರು, Zone_0090, Gwalior के पास। समय 2026-05-18 21:28:00.",P00855,P00444,LOC0090
DIG003052,2026-06-30 15:11:00,kn,"PERSON_00579 और PERSON_00259 ने ಕರೆ ಮಾಡಿದರು, Zone_0094, Gwalior के पास। समय 2026-06-30 15:11:00.",P00579,P00259,LOC0094
DIG003053,2026-02-28 20:38:00,ur,"PERSON_00985 और PERSON_00403 ने رقم منتقل کی, Zone_0075, Gwalior के पास। समय 2026-02-28 20:38:00.",P00985,P00403,LOC0075
DIG003054,2026-05-10 00:57:00,ur,"PERSON_00177 और PERSON_00266 ने رقم منتقل کی, Zone_0127, Bhopal के पास। समय 2026-05-10 00:57:00.",P00177,P00266,LOC0127
DIG003055,2026-06-08 14:37:00,bn,"PERSON_00785 और PERSON_00943 ने ফোন করেছে, Zone_0147, Ujjain के पास। समय 2026-06-08 14:37:00.",P00785,P00943,LOC0147
DIG003056,2026-07-17 21:15:00,mr,"PERSON_00549 और PERSON_00477 ने संपर्क केला, Zone_0150, Ujjain के पास। समय 2026-07-17 21:15:00.",P00549,P00477,LOC0150
DIG003057,2026-02-22 16:22:00,bn,"PERSON_00830 और PERSON_00762 ने যোগাযোগ করেছে, Zone_0018, Bhopal के पास। समय 2026-02-22 16:22:00.",P00830,P00762,LOC0018
DIG003058,2026-05-22 08:05:00,gu,"PERSON_00323 और PERSON_00099 ने સંદેશ મોકલ્યો, Zone_0114, Bhopal के पास। समय 2026-05-22 08:05:00.",P00323,P00099,LOC0114
DIG003059,2026-07-12 08:43:00,ur,"PERSON_00574 और PERSON_00091 ने دورہ کیا, Zone_0152, Nagpur के पास। समय 2026-07-12 08:43:00.",P00574,P00091,LOC0152
DIG003060,2026-02-02 04:41:00,hi,"PERSON_00892 और PERSON_00040 ने संदेश भेजा, Zone_0081, Gwalior के पास। समय 2026-02-02 04:41:00.",P00892,P00040,LOC0081
DIG003061,2026-07-25 16:19:00,ur,"PERSON_00459 और PERSON_00854 ने فون کیا, Zone_0070, Ujjain के पास। समय 2026-07-25 16:19:00.",P00459,P00854,LOC0070
DIG003062,2026-03-21 19:01:00,bn,"PERSON_00451 और PERSON_00622 ने স্থান ভাগ করেছে, Zone_0173, Jabalpur के पास। समय 2026-03-21 19:01:00.",P00451,P00622,LOC0173
DIG003063,2026-08-15 17:41:00,mr,"PERSON_00673 और PERSON_00140 ने फोन केला, Zone_0039, Gwalior के पास। समय 2026-08-15 17:41:00.",P00673,P00140,LOC0039
DIG003064,2026-02-02 13:57:00,bn,"PERSON_00487 और PERSON_00781 ने টাকা পাঠিয়েছে, Zone_0054, Jabalpur के पास। समय 2026-02-02 13:57:00.",P00487,P00781,LOC0054
DIG003065,2026-01-22 23:19:00,hi,"PERSON_00644 और PERSON_00341 ने वाहन का उपयोग किया, Zone_0114, Bhopal के पास। समय 2026-01-22 23:19:00.",P00644,P00341,LOC0114
DIG003066,2026-08-23 13:41:00,hi,"PERSON_00348 और PERSON_00061 ने मिला, Zone_0171, Bhopal के पास। समय 2026-08-23 13:41:00.",P00348,P00061,LOC0171
DIG003067,2026-07-15 10:55:00,gu,"PERSON_00455 और PERSON_00995 ने સંદેશ મોકલ્યો, Zone_0065, Jabalpur के पास। समय 2026-07-15 10:55:00.",P00455,P00995,LOC0065
DIG003068,2026-01-30 23:13:00,ta,"PERSON_00835 और PERSON_00514 ने செய்தி அனுப்பினார், Zone_0150, Ujjain के पास। समय 2026-01-30 23:13:00.",P00835,P00514,LOC0150
DIG003069,2026-01-08 19:24:00,kn,"PERSON_00879 और PERSON_00978 ने ಹಣ ಕಳುಹಿಸಿದರು, Zone_0009, Jabalpur के पास। समय 2026-01-08 19:24:00.",P00879,P00978,LOC0009
DIG003070,2026-06-27 11:20:00,en,"PERSON_00769 met PERSON_00582 near Zone_0100, Jabalpur. Record time 2026-06-27 11:20:00.",P00769,P00582,LOC0100
DIG003071,2026-04-05 21:27:00,mr,"PERSON_00491 और PERSON_00325 ने संपर्क केला, Zone_0168, Nagpur के पास। समय 2026-04-05 21:27:00.",P00491,P00325,LOC0168
DIG003072,2026-04-16 09:10:00,ml,"PERSON_00499 और PERSON_00903 ने സന്ദർശിച്ചു, Zone_0026, Nagpur के पास। समय 2026-04-16 09:10:00.",P00499,P00903,LOC0026
DIG003073,2026-05-26 01:15:00,ml,"PERSON_00530 और PERSON_00756 ने വിളിച്ചു, Zone_0113, Indore के पास। समय 2026-05-26 01:15:00.",P00530,P00756,LOC0113
DIG003074,2026-08-04 12:11:00,en,"PERSON_00740 shared a location with PERSON_00865 near Zone_0042, Ujjain. Record time 2026-08-04 12:11:00.",P00740,P00865,LOC0042
DIG003075,2026-06-27 00:33:00,ta,"PERSON_00441 और PERSON_00996 ने செய்தி அனுப்பினார், Zone_0114, Bhopal के पास। समय 2026-06-27 00:33:00.",P00441,P00996,LOC0114
DIG003076,2026-05-22 15:52:00,ml,"PERSON_00571 और PERSON_00539 ने പണം അയച്ചു, Zone_0073, Jabalpur के पास। समय 2026-05-22 15:52:00.",P00571,P00539,LOC0073
DIG003077,2026-07-02 09:17:00,bn,"PERSON_00517 और PERSON_00353 ने ফোন করেছে, Zone_0061, Gwalior के पास। समय 2026-07-02 09:17:00.",P00517,P00353,LOC0061
DIG003078,2026-03-26 21:10:00,en,"PERSON_00296 met PERSON_00486 near Zone_0176, Gwalior. Record time 2026-03-26 21:10:00.",P00296,P00486,LOC0176
DIG003079,2026-04-23 19:16:00,gu,"PERSON_00868 और PERSON_00166 ने સ્થાન શેર કર્યું, Zone_0065, Jabalpur के पास। समय 2026-04-23 19:16:00.",P00868,P00166,LOC0065
DIG003080,2026-05-12 16:57:00,ur,"PERSON_00086 और PERSON_00236 ने فون کیا, Zone_0050, Jabalpur के पास। समय 2026-05-12 16:57:00.",P00086,P00236,LOC0050
DIG003081,2026-08-17 23:07:00,te,"PERSON_00062 और PERSON_00172 ने స్థానం పంచుకున్నారు, Zone_0005, Jabalpur के पास। समय 2026-08-17 23:07:00.",P00062,P00172,LOC0005
DIG003082,2026-07-10 01:34:00,ur,"PERSON_00372 और PERSON_00393 ने رقم منتقل کی, Zone_0153, Jabalpur के पास। समय 2026-07-10 01:34:00.",P00372,P00393,LOC0153
DIG003083,2026-07-19 09:34:00,ur,"PERSON_00062 और PERSON_00793 ने فون کیا, Zone_0093, Jabalpur के पास। समय 2026-07-19 09:34:00.",P00062,P00793,LOC0093
DIG003084,2026-04-12 00:53:00,kn,"PERSON_00532 और PERSON_00961 ने ಕರೆ ಮಾಡಿದರು, Zone_0080, Indore के पास। समय 2026-04-12 00:53:00.",P00532,P00961,LOC0080
DIG003085,2026-05-14 11:17:00,hi,"PERSON_00054 और PERSON_00091 ने वाहन का उपयोग किया, Zone_0013, Gwalior के पास। समय 2026-05-14 11:17:00.",P00054,P00091,LOC0013
DIG003086,2026-05-30 01:26:00,en,"PERSON_00987 contacted PERSON_00822 near Zone_0054, Jabalpur. Record time 2026-05-30 01:26:00.",P00987,P00822,LOC0054
DIG003087,2026-01-10 14:58:00,en,"PERSON_00903 used a vehicle PERSON_00034 near Zone_0038, Ujjain. Record time 2026-01-10 14:58:00.",P00903,P00034,LOC0038
DIG003088,2026-06-25 18:45:00,hi,"PERSON_00910 और PERSON_00561 ने स्थान साझा किया, Zone_0038, Ujjain के पास। समय 2026-06-25 18:45:00.",P00910,P00561,LOC0038
DIG003089,2026-04-09 22:10:00,kn,"PERSON_00962 और PERSON_00483 ने ಹಣ ಕಳುಹಿಸಿದರು, Zone_0032, Jabalpur के पास। समय 2026-04-09 22:10:00.",P00962,P00483,LOC0032
DIG003090,2026-05-21 00:13:00,hi,"PERSON_00025 और PERSON_00185 ने फोन किया, Zone_0152, Nagpur के पास। समय 2026-05-21 00:13:00.",P00025,P00185,LOC0152
DIG003091,2026-08-12 17:22:00,bn,"PERSON_00950 और PERSON_00149 ने পরিদর্শন করেছে, Zone_0168, Nagpur के पास। समय 2026-08-12 17:22:00.",P00950,P00149,LOC0168
DIG003092,2026-08-30 11:47:00,ml,"PERSON_00857 और PERSON_00179 ने വിളിച്ചു, Zone_0099, Bhopal के पास। समय 2026-08-30 11:47:00.",P00857,P00179,LOC0099
DIG003093,2026-01-19 19:47:00,en,"PERSON_00649 called PERSON_00087 near Zone_0141, Jabalpur. Record time 2026-01-19 19:47:00.",P00649,P00087,LOC0141
DIG003094,2026-07-31 15:42:00,ml,"PERSON_00870 और PERSON_00828 ने സന്ദേശം അയച്ചു, Zone_0096, Indore के पास। समय 2026-07-31 15:42:00.",P00870,P00828,LOC0096
DIG003095,2026-05-30 03:01:00,kn,"PERSON_00059 और PERSON_00316 ने ಸಂದೇಶ ಕಳುಹಿಸಿದರು, Zone_0176, Gwalior के पास। समय 2026-05-30 03:01:00.",P00059,P00316,LOC0176
DIG003096,2026-08-30 15:29:00,te,"PERSON_00121 और PERSON_00937 ने సందేశం పంపారు, Zone_0018, Bhopal के पास। समय 2026-08-30 15:29:00.",P00121,P00937,LOC0018
DIG003097,2026-08-24 04:27:00,ta,"PERSON_00820 और PERSON_00652 ने பணம் அனுப்பினார், Zone_0031, Bhopal के पास। समय 2026-08-24 04:27:00.",P00820,P00652,LOC0031
DIG003098,2026-02-21 16:27:00,gu,"PERSON_00519 और PERSON_00268 ने મુલાકાત લીધી, Zone_0163, Nagpur के पास। समय 2026-02-21 16:27:00.",P00519,P00268,LOC0163
DIG003099,2026-05-19 19:18:00,gu,"PERSON_00728 और PERSON_00818 ने નાણાં મોકલ્યાં, Zone_0047, Ujjain के पास। समय 2026-05-19 19:18:00.",P00728,P00818,LOC0047
DIG003100,2026-07-15 21:27:00,hi,"PERSON_00958 और PERSON_00277 ने वाहन का उपयोग किया, Zone_0025, Jabalpur के पास। समय 2026-07-15 21:27:00.",P00958,P00277,LOC0025
DIG003101,2026-07-06 14:38:00,te,"PERSON_00481 और PERSON_00180 ने కలిశారు, Zone_0149, Ujjain के पास। समय 2026-07-06 14:38:00.",P00481,P00180,LOC0149
DIG003102,2026-05-29 11:04:00,bn,"PERSON_00306 और PERSON_00025 ने পরিদর্শন করেছে, Zone_0005, Jabalpur के पास। समय 2026-05-29 11:04:00.",P00306,P00025,LOC0005
DIG003103,2026-04-14 01:13:00,kn,"PERSON_00273 और PERSON_00680 ने ಭೇಟಿ ನೀಡಿದರು, Zone_0033, Jabalpur के पास। समय 2026-04-14 01:13:00.",P00273,P00680,LOC0033
DIG003104,2026-05-16 11:43:00,mr,"PERSON_00413 और PERSON_00931 ने ठिकाण शेअर केले, Zone_0126, Nagpur के पास। समय 2026-05-16 11:43:00.",P00413,P00931,LOC0126
DIG003105,2026-08-16 01:43:00,te,"PERSON_00425 और PERSON_00189 ने డబ్బు పంపారు, Zone_0009, Jabalpur के पास। समय 2026-08-16 01:43:00.",P00425,P00189,LOC0009
DIG003106,2026-05-30 06:18:00,mr,"PERSON_00706 और PERSON_00135 ने भेट दिली, Zone_0004, Indore के पास। समय 2026-05-30 06:18:00.",P00706,P00135,LOC0004
DIG003107,2026-05-07 12:45:00,pa,"PERSON_00567 और PERSON_00102 ने ਮੁਲਾਕਾਤ ਕੀਤੀ, Zone_0071, Indore के पास। समय 2026-05-07 12:45:00.",P00567,P00102,LOC0071
DIG003108,2026-06-20 09:17:00,te,"PERSON_00808 और PERSON_00389 ने వెళ్లారు, Zone_0013, Gwalior के पास। समय 2026-06-20 09:17:00.",P00808,P00389,LOC0013
DIG003109,2026-07-17 09:20:00,ta,"PERSON_00296 और PERSON_00845 ने இடத்தை பகிர்ந்தார், Zone_0125, Indore के पास। समय 2026-07-17 09:20:00.",P00296,P00845,LOC0125
DIG003110,2026-08-12 18:59:00,bn,"PERSON_00335 और PERSON_00899 ने টাকা পাঠিয়েছে, Zone_0002, Ujjain के पास। समय 2026-08-12 18:59:00.",P00335,P00899,LOC0002
DIG003111,2026-07-27 05:59:00,en,"PERSON_00640 used a vehicle PERSON_00791 near Zone_0152, Nagpur. Record time 2026-07-27 05:59:00.",P00640,P00791,LOC0152
DIG003112,2026-02-19 21:38:00,hi,"PERSON_00083 और PERSON_00864 ने धन भेजा, Zone_0063, Gwalior के पास। समय 2026-02-19 21:38:00.",P00083,P00864,LOC0063
DIG003113,2026-04-20 06:43:00,pa,"PERSON_00751 और PERSON_00976 ने ਸੰਪਰਕ ਕੀਤਾ, Zone_0173, Jabalpur के पास। समय 2026-04-20 06:43:00.",P00751,P00976,LOC0173
DIG003114,2026-05-29 16:55:00,te,"PERSON_00672 और PERSON_00144 ने వెళ్లారు, Zone_0143, Nagpur के पास। समय 2026-05-29 16:55:00.",P00672,P00144,LOC0143
DIG003115,2026-08-21 15:54:00,ml,"PERSON_00176 और PERSON_00669 ने സ്ഥലം പങ്കിട്ടു, Zone_0102, Ujjain के पास। समय 2026-08-21 15:54:00.",P00176,P00669,LOC0102
DIG003116,2026-05-30 15:31:00,te,"PERSON_00040 और PERSON_00770 ने సంప్రదించారు, Zone_0070, Ujjain के पास। समय 2026-05-30 15:31:00.",P00040,P00770,LOC0070
DIG003117,2026-01-24 11:41:00,ta,"PERSON_00075 और PERSON_00699 ने பணம் அனுப்பினார், Zone_0121, Nagpur के पास। समय 2026-01-24 11:41:00.",P00075,P00699,LOC0121
DIG003118,2026-01-05 16:02:00,kn,"PERSON_00175 और PERSON_00414 ने ಸಂದೇಶ ಕಳುಹಿಸಿದರು, Zone_0150, Ujjain के पास। समय 2026-01-05 16:02:00.",P00175,P00414,LOC0150
DIG003119,2026-03-25 06:40:00,ur,"PERSON_00703 और PERSON_00313 ने دورہ کیا, Zone_0076, Indore के पास। समय 2026-03-25 06:40:00.",P00703,P00313,LOC0076
DIG003120,2026-01-17 12:06:00,kn,"PERSON_00820 और PERSON_00166 ने ಭೇಟಿ ನೀಡಿದರು, Zone_0138, Bhopal के पास। समय 2026-01-17 12:06:00.",P00820,P00166,LOC0138
DIG003121,2026-04-21 13:22:00,ta,"PERSON_00677 और PERSON_00136 ने சென்றார், Zone_0111, Jabalpur के पास। समय 2026-04-21 13:22:00.",P00677,P00136,LOC0111
DIG003122,2026-08-29 13:05:00,kn,"PERSON_00057 और PERSON_00502 ने ಹಣ ಕಳುಹಿಸಿದರು, Zone_0049, Nagpur के पास। समय 2026-08-29 13:05:00.",P00057,P00502,LOC0049
DIG003123,2026-07-13 04:26:00,ur,"PERSON_00542 और PERSON_00311 ने پیغام بھیجا, Zone_0156, Bhopal के पास। समय 2026-07-13 04:26:00.",P00542,P00311,LOC0156
DIG003124,2026-05-19 23:37:00,gu,"PERSON_00842 और PERSON_00820 ने સંદેશ મોકલ્યો, Zone_0010, Indore के पास। समय 2026-05-19 23:37:00.",P00842,P00820,LOC0010
DIG003125,2026-04-15 16:24:00,kn,"PERSON_00239 और PERSON_00886 ने ಕರೆ ಮಾಡಿದರು, Zone_0064, Ujjain के पास। समय 2026-04-15 16:24:00.",P00239,P00886,LOC0064
DIG003126,2026-03-18 01:49:00,ur,"PERSON_00925 और PERSON_00067 ने رقم منتقل کی, Zone_0099, Bhopal के पास। समय 2026-03-18 01:49:00.",P00925,P00067,LOC0099
DIG003127,2026-04-14 08:13:00,te,"PERSON_00631 और PERSON_00475 ने డబ్బు పంపారు, Zone_0140, Jabalpur के पास। समय 2026-04-14 08:13:00.",P00631,P00475,LOC0140
DIG003128,2026-04-27 10:43:00,pa,"PERSON_00302 और PERSON_00563 ने ਸੁਨੇਹਾ ਭੇਜਿਆ, Zone_0063, Gwalior के पास। समय 2026-04-27 10:43:00.",P00302,P00563,LOC0063
DIG003129,2026-05-01 13:44:00,ur,"PERSON_00476 और PERSON_00372 ने فون کیا, Zone_0178, Gwalior के पास। समय 2026-05-01 13:44:00.",P00476,P00372,LOC0178
DIG003130,2026-01-26 16:21:00,ml,"PERSON_00935 और PERSON_00764 ने പണം അയച്ചു, Zone_0058, Bhopal के पास। समय 2026-01-26 16:21:00.",P00935,P00764,LOC0058
DIG003131,2026-07-10 00:13:00,ta,"PERSON_00294 और PERSON_00676 ने அழைத்தார், Zone_0043, Gwalior के पास। समय 2026-07-10 00:13:00.",P00294,P00676,LOC0043
DIG003132,2026-07-25 16:29:00,ur,"PERSON_00965 और PERSON_00887 ने رابطہ کیا, Zone_0110, Indore के पास। समय 2026-07-25 16:29:00.",P00965,P00887,LOC0110
DIG003133,2026-04-28 12:44:00,pa,"PERSON_00376 और PERSON_00124 ने ਮੁਲਾਕਾਤ ਕੀਤੀ, Zone_0145, Jabalpur के पास। समय 2026-04-28 12:44:00.",P00376,P00124,LOC0145
DIG003134,2026-06-09 07:14:00,ur,"PERSON_00641 और PERSON_00548 ने رقم منتقل کی, Zone_0156, Bhopal के पास। समय 2026-06-09 07:14:00.",P00641,P00548,LOC0156
DIG003135,2026-03-12 13:21:00,ta,"PERSON_00645 और PERSON_00508 ने அழைத்தார், Zone_0093, Jabalpur के पास। समय 2026-03-12 13:21:00.",P00645,P00508,LOC0093
DIG003136,2026-02-16 15:04:00,ml,"PERSON_00432 और PERSON_00685 ने സന്ദർശിച്ചു, Zone_0118, Ujjain के पास। समय 2026-02-16 15:04:00.",P00432,P00685,LOC0118
DIG003137,2026-04-08 09:04:00,en,"PERSON_00983 called PERSON_00849 near Zone_0076, Indore. Record time 2026-04-08 09:04:00.",P00983,P00849,LOC0076
DIG003138,2026-07-11 19:22:00,ml,"PERSON_00424 और PERSON_00384 ने സന്ദേശം അയച്ചു, Zone_0163, Nagpur के पास। समय 2026-07-11 19:22:00.",P00424,P00384,LOC0163
DIG003139,2026-04-21 21:27:00,ml,"PERSON_00311 और PERSON_00355 ने കണ്ടുമുട്ടി, Zone_0116, Bhopal के पास। समय 2026-04-21 21:27:00.",P00311,P00355,LOC0116
DIG003140,2026-05-15 03:37:00,mr,"PERSON_00447 और PERSON_00082 ने ठिकाण शेअर केले, Zone_0086, Gwalior के पास। समय 2026-05-15 03:37:00.",P00447,P00082,LOC0086
DIG003141,2026-04-10 10:36:00,mr,"PERSON_00366 और PERSON_00019 ने भेटला, Zone_0081, Gwalior के पास। समय 2026-04-10 10:36:00.",P00366,P00019,LOC0081
DIG003142,2026-01-13 20:32:00,pa,"PERSON_00846 और PERSON_00970 ने ਸਥਾਨ ਸਾਂਝਾ ਕੀਤਾ, Zone_0070, Ujjain के पास। समय 2026-01-13 20:32:00.",P00846,P00970,LOC0070
DIG003143,2026-05-24 17:36:00,pa,"PERSON_00744 और PERSON_00069 ने ਸੰਪਰਕ ਕੀਤਾ, Zone_0035, Jabalpur के पास। समय 2026-05-24 17:36:00.",P00744,P00069,LOC0035
DIG003144,2026-01-26 02:32:00,en,"PERSON_00085 visited PERSON_00758 near Zone_0091, Jabalpur. Record time 2026-01-26 02:32:00.",P00085,P00758,LOC0091
DIG003145,2026-05-28 18:03:00,gu,"PERSON_00659 और PERSON_00642 ने ફોન કર્યો, Zone_0154, Ujjain के पास। समय 2026-05-28 18:03:00.",P00659,P00642,LOC0154
DIG003146,2026-06-17 16:14:00,ur,"PERSON_00051 और PERSON_00683 ने رابطہ کیا, Zone_0152, Nagpur के पास। समय 2026-06-17 16:14:00.",P00051,P00683,LOC0152
DIG003147,2026-06-19 02:04:00,en,"PERSON_00257 shared a location with PERSON_00774 near Zone_0115, Jabalpur. Record time 2026-06-19 02:04:00.",P00257,P00774,LOC0115
DIG003148,2026-02-04 22:32:00,mr,"PERSON_00794 और PERSON_00576 ने भेटला, Zone_0138, Bhopal के पास। समय 2026-02-04 22:32:00.",P00794,P00576,LOC0138
DIG003149,2026-01-03 02:56:00,bn,"PERSON_00661 और PERSON_00482 ने স্থান ভাগ করেছে, Zone_0124, Bhopal के पास। समय 2026-01-03 02:56:00.",P00661,P00482,LOC0124
DIG003150,2026-06-07 23:04:00,hi,"PERSON_00022 और PERSON_00790 ने स्थान साझा किया, Zone_0116, Bhopal के पास। समय 2026-06-07 23:04:00.",P00022,P00790,LOC0116
DIG003151,2026-03-07 10:33:00,en,"PERSON_00028 met PERSON_00300 near Zone_0012, Nagpur. Record time 2026-03-07 10:33:00.",P00028,P00300,LOC0012
DIG003152,2026-02-19 01:22:00,pa,"PERSON_00051 और PERSON_00636 ने ਫੋਨ ਕੀਤਾ, Zone_0076, Indore के पास। समय 2026-02-19 01:22:00.",P00051,P00636,LOC0076
DIG003153,2026-06-08 14:00:00,bn,"PERSON_00195 और PERSON_00506 ने যোগাযোগ করেছে, Zone_0158, Jabalpur के पास। समय 2026-06-08 14:00:00.",P00195,P00506,LOC0158
DIG003154,2026-05-09 16:11:00,ur,"PERSON_00424 और PERSON_00814 ने مقام شیئر کیا, Zone_0110, Indore के पास। समय 2026-05-09 16:11:00.",P00424,P00814,LOC0110
DIG003155,2026-06-30 15:06:00,te,"PERSON_00017 और PERSON_00055 ने స్థానం పంచుకున్నారు, Zone_0179, Gwalior के पास। समय 2026-06-30 15:06:00.",P00017,P00055,LOC0179
DIG003156,2026-04-24 12:19:00,gu,"PERSON_00757 और PERSON_00814 ने સંપર્ક કર્યો, Zone_0156, Bhopal के पास। समय 2026-04-24 12:19:00.",P00757,P00814,LOC0156
DIG003157,2026-04-28 13:46:00,ur,"PERSON_00655 और PERSON_00610 ने رابطہ کیا, Zone_0049, Nagpur के पास। समय 2026-04-28 13:46:00.",P00655,P00610,LOC0049
DIG003158,2026-03-06 08:23:00,ta,"PERSON_00610 और PERSON_00381 ने சென்றார், Zone_0011, Gwalior के पास। समय 2026-03-06 08:23:00.",P00610,P00381,LOC0011
DIG003159,2026-04-21 19:00:00,ml,"PERSON_00867 और PERSON_00381 ने പണം അയച്ചു, Zone_0130, Gwalior के पास। समय 2026-04-21 19:00:00.",P00867,P00381,LOC0130
DIG003160,2026-07-13 19:09:00,bn,"PERSON_00023 और PERSON_00936 ने ফোন করেছে, Zone_0084, Gwalior के पास। समय 2026-07-13 19:09:00.",P00023,P00936,LOC0084
DIG003161,2026-04-14 10:15:00,ur,"PERSON_00216 और PERSON_00549 ने رقم منتقل کی, Zone_0015, Gwalior के पास। समय 2026-04-14 10:15:00.",P00216,P00549,LOC0015
DIG003162,2026-02-11 11:35:00,ur,"PERSON_00298 और PERSON_00433 ने مقام شیئر کیا, Zone_0046, Bhopal के पास। समय 2026-02-11 11:35:00.",P00298,P00433,LOC0046
DIG003163,2026-01-08 16:03:00,kn,"PERSON_00712 और PERSON_00318 ने ಕರೆ ಮಾಡಿದರು, Zone_0117, Gwalior के पास। समय 2026-01-08 16:03:00.",P00712,P00318,LOC0117
DIG003164,2026-07-13 19:05:00,ta,"PERSON_00235 और PERSON_00053 ने செய்தி அனுப்பினார், Zone_0063, Gwalior के पास। समय 2026-07-13 19:05:00.",P00235,P00053,LOC0063
DIG003165,2026-05-27 11:33:00,ta,"PERSON_00234 और PERSON_00739 ने அழைத்தார், Zone_0046, Bhopal के पास। समय 2026-05-27 11:33:00.",P00234,P00739,LOC0046
DIG003166,2026-07-13 14:13:00,kn,"PERSON_00780 और PERSON_00546 ने ಸಂಪರ್ಕಿಸಿದರು, Zone_0131, Gwalior के पास। समय 2026-07-13 14:13:00.",P00780,P00546,LOC0131
DIG003167,2026-01-10 15:46:00,kn,"PERSON_00500 और PERSON_00101 ने ಸ್ಥಳ ಹಂಚಿಕೊಂಡರು, Zone_0142, Jabalpur के पास। समय 2026-01-10 15:46:00.",P00500,P00101,LOC0142
DIG003168,2026-02-17 22:31:00,ta,"PERSON_00864 और PERSON_00503 ने இடத்தை பகிர்ந்தார், Zone_0103, Indore के पास। समय 2026-02-17 22:31:00.",P00864,P00503,LOC0103
DIG003169,2026-06-19 18:26:00,ur,"PERSON_00715 और PERSON_00926 ने فون کیا, Zone_0126, Nagpur के पास। समय 2026-06-19 18:26:00.",P00715,P00926,LOC0126
DIG003170,2026-08-11 03:20:00,en,"PERSON_00922 met PERSON_00266 near Zone_0074, Ujjain. Record time 2026-08-11 03:20:00.",P00922,P00266,LOC0074
DIG003171,2026-05-09 14:09:00,te,"PERSON_00218 और PERSON_00692 ने సంప్రదించారు, Zone_0038, Ujjain के पास। समय 2026-05-09 14:09:00.",P00218,P00692,LOC0038
DIG003172,2026-01-26 20:04:00,gu,"PERSON_00837 और PERSON_00021 ने સંદેશ મોકલ્યો, Zone_0036, Ujjain के पास। समय 2026-01-26 20:04:00.",P00837,P00021,LOC0036
DIG003173,2026-01-04 16:44:00,bn,"PERSON_00241 और PERSON_00186 ने দেখা করেছে, Zone_0067, Indore के पास। समय 2026-01-04 16:44:00.",P00241,P00186,LOC0067
DIG003174,2026-07-26 13:27:00,gu,"PERSON_00474 और PERSON_00722 ने મુલાકાત લીધી, Zone_0158, Jabalpur के पास। समय 2026-07-26 13:27:00.",P00474,P00722,LOC0158
DIG003175,2026-02-24 14:39:00,te,"PERSON_00991 और PERSON_00241 ने సందేశం పంపారు, Zone_0081, Gwalior के पास। समय 2026-02-24 14:39:00.",P00991,P00241,LOC0081
DIG003176,2026-08-08 11:03:00,bn,"PERSON_00719 और PERSON_00794 ने বার্তা পাঠিয়েছে, Zone_0037, Indore के पास। समय 2026-08-08 11:03:00.",P00719,P00794,LOC0037
DIG003177,2026-02-17 17:07:00,ta,"PERSON_00497 और PERSON_00777 ने பணம் அனுப்பினார், Zone_0106, Ujjain के पास। समय 2026-02-17 17:07:00.",P00497,P00777,LOC0106
DIG003178,2026-03-04 02:53:00,pa,"PERSON_00913 और PERSON_00548 ने ਮਿਲਿਆ, Zone_0133, Indore के पास। समय 2026-03-04 02:53:00.",P00913,P00548,LOC0133
DIG003179,2026-08-30 11:55:00,bn,"PERSON_00542 और PERSON_00966 ने টাকা পাঠিয়েছে, Zone_0140, Jabalpur के पास। समय 2026-08-30 11:55:00.",P00542,P00966,LOC0140
DIG003180,2026-06-09 22:42:00,gu,"PERSON_00990 और PERSON_00059 ने ફોન કર્યો, Zone_0073, Jabalpur के पास। समय 2026-06-09 22:42:00.",P00990,P00059,LOC0073
DIG003181,2026-03-27 01:39:00,pa,"PERSON_00704 और PERSON_00017 ने ਫੋਨ ਕੀਤਾ, Zone_0127, Bhopal के पास। समय 2026-03-27 01:39:00.",P00704,P00017,LOC0127
DIG003182,2026-07-19 09:35:00,ta,"PERSON_00054 और PERSON_00084 ने இடத்தை பகிர்ந்தார், Zone_0177, Gwalior के पास। समय 2026-07-19 09:35:00.",P00054,P00084,LOC0177
DIG003183,2026-02-06 07:45:00,mr,"PERSON_00312 और PERSON_00906 ने भेट दिली, Zone_0089, Jabalpur के पास। समय 2026-02-06 07:45:00.",P00312,P00906,LOC0089
DIG003184,2026-07-19 12:53:00,bn,"PERSON_00591 और PERSON_00849 ने ফোন করেছে, Zone_0154, Ujjain के पास। समय 2026-07-19 12:53:00.",P00591,P00849,LOC0154
DIG003185,2026-07-04 22:14:00,bn,"PERSON_00259 और PERSON_00028 ने বার্তা পাঠিয়েছে, Zone_0117, Gwalior के पास। समय 2026-07-04 22:14:00.",P00259,P00028,LOC0117
DIG003186,2026-08-27 22:39:00,mr,"PERSON_00757 और PERSON_00903 ने भेट दिली, Zone_0039, Gwalior के पास। समय 2026-08-27 22:39:00.",P00757,P00903,LOC0039
DIG003187,2026-08-07 15:06:00,pa,"PERSON_00524 और PERSON_00172 ने ਮੁਲਾਕਾਤ ਕੀਤੀ, Zone_0085, Gwalior के पास। समय 2026-08-07 15:06:00.",P00524,P00172,LOC0085
DIG003188,2026-07-05 06:32:00,ml,"PERSON_00653 और PERSON_00840 ने കണ്ടുമുട്ടി, Zone_0018, Bhopal के पास। समय 2026-07-05 06:32:00.",P00653,P00840,LOC0018
DIG003189,2026-02-24 21:51:00,ta,"PERSON_00486 और PERSON_00712 ने சென்றார், Zone_0054, Jabalpur के पास। समय 2026-02-24 21:51:00.",P00486,P00712,LOC0054
DIG003190,2026-05-24 08:34:00,ur,"PERSON_00690 और PERSON_00965 ने رابطہ کیا, Zone_0027, Gwalior के पास। समय 2026-05-24 08:34:00.",P00690,P00965,LOC0027
DIG003191,2026-07-08 16:04:00,bn,"PERSON_00122 और PERSON_00650 ने যোগাযোগ করেছে, Zone_0080, Indore के पास। समय 2026-07-08 16:04:00.",P00122,P00650,LOC0080
DIG003192,2026-05-10 04:56:00,ur,"PERSON_00625 और PERSON_00444 ने مقام شیئر کیا, Zone_0168, Nagpur के पास। समय 2026-05-10 04:56:00.",P00625,P00444,LOC0168
DIG003193,2026-08-08 21:00:00,gu,"PERSON_00264 और PERSON_00471 ने ફોન કર્યો, Zone_0119, Indore के पास। समय 2026-08-08 21:00:00.",P00264,P00471,LOC0119
DIG003194,2026-04-21 22:16:00,hi,"PERSON_00572 और PERSON_00006 ने धन भेजा, Zone_0053, Nagpur के पास। समय 2026-04-21 22:16:00.",P00572,P00006,LOC0053
DIG003195,2026-06-05 03:13:00,pa,"PERSON_00856 और PERSON_00411 ने ਫੋਨ ਕੀਤਾ, Zone_0033, Jabalpur के पास। समय 2026-06-05 03:13:00.",P00856,P00411,LOC0033
DIG003196,2026-06-03 04:43:00,gu,"PERSON_00646 और PERSON_00179 ने સ્થાન શેર કર્યું, Zone_0074, Ujjain के पास। समय 2026-06-03 04:43:00.",P00646,P00179,LOC0074
DIG003197,2026-04-29 23:00:00,bn,"PERSON_00647 और PERSON_00728 ने টাকা পাঠিয়েছে, Zone_0044, Bhopal के पास। समय 2026-04-29 23:00:00.",P00647,P00728,LOC0044
DIG003198,2026-04-27 05:55:00,ur,"PERSON_00399 और PERSON_00571 ने رقم منتقل کی, Zone_0026, Nagpur के पास। समय 2026-04-27 05:55:00.",P00399,P00571,LOC0026
DIG003199,2026-05-16 03:37:00,bn,"PERSON_00190 और PERSON_00251 ने স্থান ভাগ করেছে, Zone_0065, Jabalpur के पास। समय 2026-05-16 03:37:00.",P00190,P00251,LOC0065
DIG003200,2026-03-10 01:31:00,te,"PERSON_00052 और PERSON_00747 ने కలిశారు, Zone_0096, Indore के पास। समय 2026-03-10 01:31:00.",P00052,P00747,LOC0096
DIG003201,2026-02-17 08:20:00,te,"PERSON_00837 और PERSON_00016 ने డబ్బు పంపారు, Zone_0109, Bhopal के पास। समय 2026-02-17 08:20:00.",P00837,P00016,LOC0109
DIG003202,2026-05-10 04:09:00,kn,"PERSON_00263 और PERSON_00407 ने ಸಂಪರ್ಕಿಸಿದರು, Zone_0047, Ujjain के पास। समय 2026-05-10 04:09:00.",P00263,P00407,LOC0047
DIG003203,2026-06-08 21:56:00,pa,"PERSON_00389 और PERSON_00159 ने ਪੈਸੇ ਭੇਜੇ, Zone_0003, Indore के पास। समय 2026-06-08 21:56:00.",P00389,P00159,LOC0003
DIG003204,2026-04-09 10:58:00,ta,"PERSON_00853 और PERSON_00498 ने இடத்தை பகிர்ந்தார், Zone_0091, Jabalpur के पास। समय 2026-04-09 10:58:00.",P00853,P00498,LOC0091
DIG003205,2026-06-24 01:12:00,mr,"PERSON_00549 और PERSON_00137 ने भेट दिली, Zone_0011, Gwalior के पास। समय 2026-06-24 01:12:00.",P00549,P00137,LOC0011
DIG003206,2026-05-17 08:02:00,ta,"PERSON_00690 और PERSON_00322 ने சென்றார், Zone_0043, Gwalior के पास। समय 2026-05-17 08:02:00.",P00690,P00322,LOC0043
DIG003207,2026-08-29 03:26:00,pa,"PERSON_00795 और PERSON_00474 ने ਫੋਨ ਕੀਤਾ, Zone_0057, Ujjain के पास। समय 2026-08-29 03:26:00.",P00795,P00474,LOC0057
DIG003208,2026-08-15 00:24:00,en,"PERSON_00140 called PERSON_00112 near Zone_0022, Gwalior. Record time 2026-08-15 00:24:00.",P00140,P00112,LOC0022
DIG003209,2026-05-12 02:07:00,mr,"PERSON_00687 और PERSON_00552 ने संपर्क केला, Zone_0047, Ujjain के पास। समय 2026-05-12 02:07:00.",P00687,P00552,LOC0047
DIG003210,2026-06-06 10:16:00,hi,"PERSON_00741 और PERSON_00320 ने मिला, Zone_0090, Gwalior के पास। समय 2026-06-06 10:16:00.",P00741,P00320,LOC0090
DIG003211,2026-05-02 16:57:00,kn,"PERSON_00618 और PERSON_00199 ने ಸಂದೇಶ ಕಳುಹಿಸಿದರು, Zone_0175, Jabalpur के पास। समय 2026-05-02 16:57:00.",P00618,P00199,LOC0175
DIG003212,2026-06-27 22:46:00,pa,"PERSON_00977 और PERSON_00153 ने ਸੁਨੇਹਾ ਭੇਜਿਆ, Zone_0048, Indore के पास। समय 2026-06-27 22:46:00.",P00977,P00153,LOC0048
DIG003213,2026-05-10 00:00:00,ta,"PERSON_00393 और PERSON_00377 ने சென்றார், Zone_0082, Nagpur के पास। समय 2026-05-10 00:00:00.",P00393,P00377,LOC0082
DIG003214,2026-08-21 04:01:00,ta,"PERSON_00376 और PERSON_00228 ने சென்றார், Zone_0058, Bhopal के पास। समय 2026-08-21 04:01:00.",P00376,P00228,LOC0058
DIG003215,2026-08-11 08:37:00,ta,"PERSON_00160 और PERSON_00891 ने சந்தித்தார், Zone_0083, Ujjain के पास। समय 2026-08-11 08:37:00.",P00160,P00891,LOC0083
DIG003216,2026-04-30 11:33:00,ta,"PERSON_00871 और PERSON_00092 ने தொடர்பு கொண்டார், Zone_0150, Ujjain के पास। समय 2026-04-30 11:33:00.",P00871,P00092,LOC0150
DIG003217,2026-02-22 16:55:00,mr,"PERSON_00643 और PERSON_00836 ने पैसे पाठवले, Zone_0032, Jabalpur के पास। समय 2026-02-22 16:55:00.",P00643,P00836,LOC0032
DIG003218,2026-02-06 01:17:00,kn,"PERSON_00337 और PERSON_00566 ने ಭೇಟಿಯಾದರು, Zone_0172, Gwalior के पास। समय 2026-02-06 01:17:00.",P00337,P00566,LOC0172
DIG003219,2026-04-03 19:56:00,ur,"PERSON_00793 और PERSON_00186 ने پیغام بھیجا, Zone_0082, Nagpur के पास। समय 2026-04-03 19:56:00.",P00793,P00186,LOC0082
DIG003220,2026-08-08 19:51:00,en,"PERSON_00558 shared a location with PERSON_00448 near Zone_0096, Indore. Record time 2026-08-08 19:51:00.",P00558,P00448,LOC0096
DIG003221,2026-07-25 06:12:00,ur,"PERSON_00508 और PERSON_00759 ने پیغام بھیجا, Zone_0111, Jabalpur के पास। समय 2026-07-25 06:12:00.",P00508,P00759,LOC0111
DIG003222,2026-06-18 10:24:00,kn,"PERSON_00914 और PERSON_00747 ने ಸಂದೇಶ ಕಳುಹಿಸಿದರು, Zone_0032, Jabalpur के पास। समय 2026-06-18 10:24:00.",P00914,P00747,LOC0032
DIG003223,2026-05-10 11:52:00,bn,"PERSON_00690 और PERSON_00881 ने স্থান ভাগ করেছে, Zone_0014, Bhopal के पास। समय 2026-05-10 11:52:00.",P00690,P00881,LOC0014
DIG003224,2026-08-08 08:30:00,gu,"PERSON_00922 और PERSON_00380 ने સંદેશ મોકલ્યો, Zone_0021, Ujjain के पास। समय 2026-08-08 08:30:00.",P00922,P00380,LOC0021
DIG003225,2026-04-17 17:38:00,hi,"PERSON_00095 और PERSON_00211 ने फोन किया, Zone_0098, Nagpur के पास। समय 2026-04-17 17:38:00.",P00095,P00211,LOC0098
DIG003226,2026-02-10 11:43:00,en,"PERSON_00137 used a vehicle PERSON_00077 near Zone_0012, Nagpur. Record time 2026-02-10 11:43:00.",P00137,P00077,LOC0012
DIG003227,2026-05-02 09:28:00,ur,"PERSON_00358 और PERSON_00835 ने دورہ کیا, Zone_0031, Bhopal के पास। समय 2026-05-02 09:28:00.",P00358,P00835,LOC0031
DIG003228,2026-06-15 19:11:00,ta,"PERSON_00783 और PERSON_00589 ने சந்தித்தார், Zone_0142, Jabalpur के पास। समय 2026-06-15 19:11:00.",P00783,P00589,LOC0142
DIG003229,2026-04-27 08:23:00,kn,"PERSON_00413 और PERSON_00897 ने ಭೇಟಿಯಾದರು, Zone_0085, Gwalior के पास। समय 2026-04-27 08:23:00.",P00413,P00897,LOC0085
DIG003230,2026-01-15 16:19:00,kn,"PERSON_00905 और PERSON_00199 ने ಹಣ ಕಳುಹಿಸಿದರು, Zone_0097, Ujjain के पास। समय 2026-01-15 16:19:00.",P00905,P00199,LOC0097
DIG003231,2026-06-27 13:12:00,en,"PERSON_00741 shared a location with PERSON_00612 near Zone_0111, Jabalpur. Record time 2026-06-27 13:12:00.",P00741,P00612,LOC0111
DIG003232,2026-05-20 19:10:00,te,"PERSON_00139 और PERSON_00140 ने సందేశం పంపారు, Zone_0151, Indore के पास। समय 2026-05-20 19:10:00.",P00139,P00140,LOC0151
DIG003233,2026-07-14 09:30:00,ur,"PERSON_00785 और PERSON_00738 ने پیغام بھیجا, Zone_0169, Nagpur के पास। समय 2026-07-14 09:30:00.",P00785,P00738,LOC0169
DIG003234,2026-02-07 03:24:00,kn,"PERSON_00386 और PERSON_00588 ने ಕರೆ ಮಾಡಿದರು, Zone_0172, Gwalior के पास। समय 2026-02-07 03:24:00.",P00386,P00588,LOC0172
DIG003235,2026-03-31 18:02:00,ur,"PERSON_00350 और PERSON_00608 ने رابطہ کیا, Zone_0021, Ujjain के पास। समय 2026-03-31 18:02:00.",P00350,P00608,LOC0021
DIG003236,2026-01-14 09:49:00,en,"PERSON_00309 contacted PERSON_00478 near Zone_0121, Nagpur. Record time 2026-01-14 09:49:00.",P00309,P00478,LOC0121
DIG003237,2026-03-19 12:52:00,mr,"PERSON_00130 और PERSON_00937 ने ठिकाण शेअर केले, Zone_0081, Gwalior के पास। समय 2026-03-19 12:52:00.",P00130,P00937,LOC0081
DIG003238,2026-05-27 01:23:00,hi,"PERSON_00823 और PERSON_00639 ने दौरा किया, Zone_0085, Gwalior के पास। समय 2026-05-27 01:23:00.",P00823,P00639,LOC0085
DIG003239,2026-05-27 21:33:00,gu,"PERSON_00600 और PERSON_00835 ने સંપર્ક કર્યો, Zone_0145, Jabalpur के पास। समय 2026-05-27 21:33:00.",P00600,P00835,LOC0145
DIG003240,2026-06-24 12:31:00,ta,"PERSON_00075 और PERSON_00496 ने சென்றார், Zone_0052, Nagpur के पास। समय 2026-06-24 12:31:00.",P00075,P00496,LOC0052
DIG003241,2026-01-08 03:02:00,bn,"PERSON_00087 और PERSON_00970 ने স্থান ভাগ করেছে, Zone_0015, Gwalior के पास। समय 2026-01-08 03:02:00.",P00087,P00970,LOC0015
DIG003242,2026-08-11 07:04:00,gu,"PERSON_00264 और PERSON_00631 ने નાણાં મોકલ્યાં, Zone_0151, Indore के पास। समय 2026-08-11 07:04:00.",P00264,P00631,LOC0151
DIG003243,2026-06-07 23:06:00,gu,"PERSON_00058 और PERSON_00553 ने મળ્યા, Zone_0109, Bhopal के पास। समय 2026-06-07 23:06:00.",P00058,P00553,LOC0109
DIG003244,2026-03-15 08:36:00,bn,"PERSON_00921 और PERSON_00128 ने দেখা করেছে, Zone_0007, Ujjain के पास। समय 2026-03-15 08:36:00.",P00921,P00128,LOC0007
DIG003245,2026-07-03 10:11:00,pa,"PERSON_00531 और PERSON_00036 ने ਮਿਲਿਆ, Zone_0106, Ujjain के पास। समय 2026-07-03 10:11:00.",P00531,P00036,LOC0106
DIG003246,2026-05-04 06:41:00,ta,"PERSON_00259 और PERSON_00973 ने பணம் அனுப்பினார், Zone_0100, Jabalpur के पास। समय 2026-05-04 06:41:00.",P00259,P00973,LOC0100
DIG003247,2026-03-03 08:34:00,en,"PERSON_00453 shared a location with PERSON_00949 near Zone_0037, Indore. Record time 2026-03-03 08:34:00.",P00453,P00949,LOC0037
DIG003248,2026-08-03 11:49:00,bn,"PERSON_00626 और PERSON_00428 ने টাকা পাঠিয়েছে, Zone_0140, Jabalpur के पास। समय 2026-08-03 11:49:00.",P00626,P00428,LOC0140
DIG003249,2026-02-20 15:27:00,hi,"PERSON_00387 और PERSON_00918 ने धन भेजा, Zone_0099, Bhopal के पास। समय 2026-02-20 15:27:00.",P00387,P00918,LOC0099
DIG003250,2026-05-31 11:01:00,ta,"PERSON_00256 और PERSON_00352 ने அழைத்தார், Zone_0133, Indore के पास। समय 2026-05-31 11:01:00.",P00256,P00352,LOC0133
DIG003251,2026-06-30 00:28:00,mr,"PERSON_00868 और PERSON_00370 ने संपर्क केला, Zone_0100, Jabalpur के पास। समय 2026-06-30 00:28:00.",P00868,P00370,LOC0100
DIG003252,2026-07-25 02:30:00,ta,"PERSON_00390 और PERSON_00764 ने சந்தித்தார், Zone_0159, Nagpur के पास। समय 2026-07-25 02:30:00.",P00390,P00764,LOC0159
DIG003253,2026-07-04 10:47:00,ta,"PERSON_00174 और PERSON_00559 ने செய்தி அனுப்பினார், Zone_0115, Jabalpur के पास। समय 2026-07-04 10:47:00.",P00174,P00559,LOC0115
DIG003254,2026-08-06 05:20:00,gu,"PERSON_00244 और PERSON_00563 ने નાણાં મોકલ્યાં, Zone_0006, Bhopal के पास। समय 2026-08-06 05:20:00.",P00244,P00563,LOC0006
DIG003255,2026-05-30 07:22:00,mr,"PERSON_00507 और PERSON_00571 ने फोन केला, Zone_0052, Nagpur के पास। समय 2026-05-30 07:22:00.",P00507,P00571,LOC0052
DIG003256,2026-01-11 14:48:00,te,"PERSON_00944 और PERSON_00414 ने స్థానం పంచుకున్నారు, Zone_0107, Indore के पास। समय 2026-01-11 14:48:00.",P00944,P00414,LOC0107
DIG003257,2026-05-10 11:13:00,te,"PERSON_00603 और PERSON_00876 ने ఫోన్ చేశారు, Zone_0018, Bhopal के पास। समय 2026-05-10 11:13:00.",P00603,P00876,LOC0018
DIG003258,2026-01-24 21:53:00,gu,"PERSON_00539 और PERSON_00652 ने ફોન કર્યો, Zone_0070, Ujjain के पास। समय 2026-01-24 21:53:00.",P00539,P00652,LOC0070
DIG003259,2026-05-30 21:49:00,hi,"PERSON_00428 और PERSON_00497 ने वाहन का उपयोग किया, Zone_0116, Bhopal के पास। समय 2026-05-30 21:49:00.",P00428,P00497,LOC0116
DIG003260,2026-07-08 10:05:00,kn,"PERSON_00710 और PERSON_00063 ने ಸಂದೇಶ ಕಳುಹಿಸಿದರು, Zone_0043, Gwalior के पास। समय 2026-07-08 10:05:00.",P00710,P00063,LOC0043
DIG003261,2026-05-23 05:10:00,en,"PERSON_00753 shared a location with PERSON_00810 near Zone_0140, Jabalpur. Record time 2026-05-23 05:10:00.",P00753,P00810,LOC0140
DIG003262,2026-03-30 12:40:00,gu,"PERSON_00780 और PERSON_00703 ने સંદેશ મોકલ્યો, Zone_0030, Nagpur के पास। समय 2026-03-30 12:40:00.",P00780,P00703,LOC0030
DIG003263,2026-04-14 18:38:00,pa,"PERSON_00289 और PERSON_00030 ने ਸੁਨੇਹਾ ਭੇਜਿਆ, Zone_0101, Jabalpur के पास। समय 2026-04-14 18:38:00.",P00289,P00030,LOC0101
DIG003264,2026-07-12 05:06:00,bn,"PERSON_00371 और PERSON_00246 ने বার্তা পাঠিয়েছে, Zone_0031, Bhopal के पास। समय 2026-07-12 05:06:00.",P00371,P00246,LOC0031
DIG003265,2026-06-28 07:03:00,kn,"PERSON_00782 और PERSON_00286 ने ಹಣ ಕಳುಹಿಸಿದರು, Zone_0132, Indore के पास। समय 2026-06-28 07:03:00.",P00782,P00286,LOC0132
DIG003266,2026-05-01 18:17:00,gu,"PERSON_00484 और PERSON_00256 ने સંદેશ મોકલ્યો, Zone_0071, Indore के पास। समय 2026-05-01 18:17:00.",P00484,P00256,LOC0071
DIG003267,2026-01-15 01:17:00,bn,"PERSON_00886 और PERSON_00450 ने স্থান ভাগ করেছে, Zone_0058, Bhopal के पास। समय 2026-01-15 01:17:00.",P00886,P00450,LOC0058
DIG003268,2026-08-03 21:55:00,pa,"PERSON_00264 और PERSON_00611 ने ਸਥਾਨ ਸਾਂਝਾ ਕੀਤਾ, Zone_0041, Ujjain के पास। समय 2026-08-03 21:55:00.",P00264,P00611,LOC0041
DIG003269,2026-07-20 13:16:00,ml,"PERSON_00499 और PERSON_00577 ने സ്ഥലം പങ്കിട്ടു, Zone_0166, Bhopal के पास। समय 2026-07-20 13:16:00.",P00499,P00577,LOC0166
DIG003270,2026-01-08 02:22:00,pa,"PERSON_00583 और PERSON_00243 ने ਮੁਲਾਕਾਤ ਕੀਤੀ, Zone_0139, Jabalpur के पास। समय 2026-01-08 02:22:00.",P00583,P00243,LOC0139
DIG003271,2026-06-06 23:23:00,pa,"PERSON_00675 और PERSON_00698 ने ਸਥਾਨ ਸਾਂਝਾ ਕੀਤਾ, Zone_0160, Ujjain के पास। समय 2026-06-06 23:23:00.",P00675,P00698,LOC0160
DIG003272,2026-07-12 00:17:00,mr,"PERSON_00990 और PERSON_00571 ने संदेश पाठवला, Zone_0025, Jabalpur के पास। समय 2026-07-12 00:17:00.",P00990,P00571,LOC0025
DIG003273,2026-07-08 01:04:00,ta,"PERSON_00578 और PERSON_00053 ने இடத்தை பகிர்ந்தார், Zone_0037, Indore के पास। समय 2026-07-08 01:04:00.",P00578,P00053,LOC0037
DIG003274,2026-03-13 03:12:00,gu,"PERSON_00440 और PERSON_00143 ने મુલાકાત લીધી, Zone_0103, Indore के पास। समय 2026-03-13 03:12:00.",P00440,P00143,LOC0103
DIG003275,2026-01-07 13:44:00,gu,"PERSON_00058 और PERSON_00924 ने સ્થાન શેર કર્યું, Zone_0178, Gwalior के पास। समय 2026-01-07 13:44:00.",P00058,P00924,LOC0178
DIG003276,2026-08-01 06:49:00,hi,"PERSON_00396 और PERSON_00458 ने संपर्क किया, Zone_0172, Gwalior के पास। समय 2026-08-01 06:49:00.",P00396,P00458,LOC0172
DIG003277,2026-06-01 09:06:00,mr,"PERSON_00804 और PERSON_00454 ने भेटला, Zone_0141, Jabalpur के पास। समय 2026-06-01 09:06:00.",P00804,P00454,LOC0141
DIG003278,2026-05-26 08:06:00,gu,"PERSON_00761 और PERSON_00091 ने સ્થાન શેર કર્યું, Zone_0005, Jabalpur के पास। समय 2026-05-26 08:06:00.",P00761,P00091,LOC0005
DIG003279,2026-07-13 10:11:00,en,"PERSON_00149 met PERSON_00258 near Zone_0116, Bhopal. Record time 2026-07-13 10:11:00.",P00149,P00258,LOC0116
DIG003280,2026-04-26 12:34:00,kn,"PERSON_00886 और PERSON_00930 ने ಕರೆ ಮಾಡಿದರು, Zone_0010, Indore के पास। समय 2026-04-26 12:34:00.",P00886,P00930,LOC0010
DIG003281,2026-01-09 18:33:00,pa,"PERSON_00949 और PERSON_00825 ने ਪੈਸੇ ਭੇਜੇ, Zone_0047, Ujjain के पास। समय 2026-01-09 18:33:00.",P00949,P00825,LOC0047
DIG003282,2026-02-10 13:04:00,te,"PERSON_00161 और PERSON_00722 ने సందేశం పంపారు, Zone_0157, Nagpur के पास। समय 2026-02-10 13:04:00.",P00161,P00722,LOC0157
DIG003283,2026-03-17 05:40:00,ur,"PERSON_00977 और PERSON_00067 ने رقم منتقل کی, Zone_0030, Nagpur के पास। समय 2026-03-17 05:40:00.",P00977,P00067,LOC0030
DIG003284,2026-05-26 07:00:00,en,"PERSON_00834 contacted PERSON_00974 near Zone_0059, Indore. Record time 2026-05-26 07:00:00.",P00834,P00974,LOC0059
DIG003285,2026-08-06 03:59:00,hi,"PERSON_00388 और PERSON_00548 ने फोन किया, Zone_0017, Gwalior के पास। समय 2026-08-06 03:59:00.",P00388,P00548,LOC0017
DIG003286,2026-04-24 08:56:00,mr,"PERSON_00822 और PERSON_00770 ने पैसे पाठवले, Zone_0167, Nagpur के पास। समय 2026-04-24 08:56:00.",P00822,P00770,LOC0167
DIG003287,2026-05-14 00:59:00,ta,"PERSON_00772 और PERSON_00538 ने பணம் அனுப்பினார், Zone_0044, Bhopal के पास। समय 2026-05-14 00:59:00.",P00772,P00538,LOC0044
DIG003288,2026-05-30 06:40:00,hi,"PERSON_00083 और PERSON_00021 ने फोन किया, Zone_0066, Jabalpur के पास। समय 2026-05-30 06:40:00.",P00083,P00021,LOC0066
DIG003289,2026-07-07 11:42:00,ta,"PERSON_00901 और PERSON_00655 ने அழைத்தார், Zone_0043, Gwalior के पास। समय 2026-07-07 11:42:00.",P00901,P00655,LOC0043
DIG003290,2026-07-17 22:05:00,gu,"PERSON_00654 और PERSON_00328 ने સંપર્ક કર્યો, Zone_0131, Gwalior के पास। समय 2026-07-17 22:05:00.",P00654,P00328,LOC0131
DIG003291,2026-03-08 13:55:00,en,"PERSON_00763 shared a location with PERSON_00507 near Zone_0161, Jabalpur. Record time 2026-03-08 13:55:00.",P00763,P00507,LOC0161
DIG003292,2026-01-08 15:23:00,mr,"PERSON_00728 और PERSON_00694 ने पैसे पाठवले, Zone_0076, Indore के पास। समय 2026-01-08 15:23:00.",P00728,P00694,LOC0076
DIG003293,2026-03-14 03:39:00,mr,"PERSON_00850 और PERSON_00668 ने संदेश पाठवला, Zone_0035, Jabalpur के पास। समय 2026-03-14 03:39:00.",P00850,P00668,LOC0035
DIG003294,2026-03-05 10:57:00,bn,"PERSON_00347 और PERSON_00571 ने টাকা পাঠিয়েছে, Zone_0147, Ujjain के पास। समय 2026-03-05 10:57:00.",P00347,P00571,LOC0147
DIG003295,2026-08-08 05:12:00,ml,"PERSON_00669 और PERSON_00200 ने പണം അയച്ചു, Zone_0111, Jabalpur के पास। समय 2026-08-08 05:12:00.",P00669,P00200,LOC0111
DIG003296,2026-01-14 14:19:00,mr,"PERSON_00444 और PERSON_00047 ने भेटला, Zone_0049, Nagpur के पास। समय 2026-01-14 14:19:00.",P00444,P00047,LOC0049
DIG003297,2026-04-19 00:02:00,pa,"PERSON_00098 और PERSON_00922 ने ਸਥਾਨ ਸਾਂਝਾ ਕੀਤਾ, Zone_0159, Nagpur के पास। समय 2026-04-19 00:02:00.",P00098,P00922,LOC0159
DIG003298,2026-03-23 08:03:00,mr,"PERSON_00387 और PERSON_00973 ने फोन केला, Zone_0015, Gwalior के पास। समय 2026-03-23 08:03:00.",P00387,P00973,LOC0015
DIG003299,2026-03-09 20:51:00,en,"PERSON_00385 contacted PERSON_00924 near Zone_0022, Gwalior. Record time 2026-03-09 20:51:00.",P00385,P00924,LOC0022
DIG003300,2026-07-24 20:35:00,gu,"PERSON_00626 और PERSON_00426 ने ફોન કર્યો, Zone_0087, Ujjain के पास। समय 2026-07-24 20:35:00.",P00626,P00426,LOC0087
DIG003301,2026-04-24 18:08:00,bn,"PERSON_00193 और PERSON_00372 ने স্থান ভাগ করেছে, Zone_0070, Ujjain के पास। समय 2026-04-24 18:08:00.",P00193,P00372,LOC0070
DIG003302,2026-04-06 23:35:00,ur,"PERSON_00884 और PERSON_00425 ने دورہ کیا, Zone_0163, Nagpur के पास। समय 2026-04-06 23:35:00.",P00884,P00425,LOC0163
DIG003303,2026-07-27 02:14:00,ta,"PERSON_00798 और PERSON_00008 ने தொடர்பு கொண்டார், Zone_0056, Jabalpur के पास। समय 2026-07-27 02:14:00.",P00798,P00008,LOC0056
DIG003304,2026-03-02 13:32:00,te,"PERSON_00949 और PERSON_00073 ने కలిశారు, Zone_0010, Indore के पास। समय 2026-03-02 13:32:00.",P00949,P00073,LOC0010
DIG003305,2026-06-25 16:20:00,kn,"PERSON_00194 और PERSON_00130 ने ಭೇಟಿ ನೀಡಿದರು, Zone_0129, Nagpur के पास। समय 2026-06-25 16:20:00.",P00194,P00130,LOC0129
DIG003306,2026-05-12 00:10:00,bn,"PERSON_00150 और PERSON_00742 ने যোগাযোগ করেছে, Zone_0042, Ujjain के पास। समय 2026-05-12 00:10:00.",P00150,P00742,LOC0042
DIG003307,2026-07-01 04:24:00,ur,"PERSON_00332 और PERSON_00723 ने ملاقات کی, Zone_0170, Ujjain के पास। समय 2026-07-01 04:24:00.",P00332,P00723,LOC0170
DIG003308,2026-02-21 05:11:00,mr,"PERSON_00748 और PERSON_00570 ने ठिकाण शेअर केले, Zone_0011, Gwalior के पास। समय 2026-02-21 05:11:00.",P00748,P00570,LOC0011
DIG003309,2026-08-25 14:33:00,kn,"PERSON_00214 और PERSON_00663 ने ಹಣ ಕಳುಹಿಸಿದರು, Zone_0035, Jabalpur के पास। समय 2026-08-25 14:33:00.",P00214,P00663,LOC0035
DIG003310,2026-07-20 15:08:00,kn,"PERSON_00076 और PERSON_00618 ने ಕರೆ ಮಾಡಿದರು, Zone_0108, Bhopal के पास। समय 2026-07-20 15:08:00.",P00076,P00618,LOC0108
DIG003311,2026-04-02 17:59:00,ta,"PERSON_00818 और PERSON_00757 ने சென்றார், Zone_0016, Ujjain के पास। समय 2026-04-02 17:59:00.",P00818,P00757,LOC0016
DIG003312,2026-06-19 05:25:00,en,"PERSON_00496 called PERSON_00005 near Zone_0015, Gwalior. Record time 2026-06-19 05:25:00.",P00496,P00005,LOC0015
DIG003313,2026-01-08 20:04:00,gu,"PERSON_00005 और PERSON_00359 ने નાણાં મોકલ્યાં, Zone_0132, Indore के पास। समय 2026-01-08 20:04:00.",P00005,P00359,LOC0132
DIG003314,2026-08-17 16:32:00,gu,"PERSON_00553 और PERSON_00397 ने મુલાકાત લીધી, Zone_0069, Jabalpur के पास। समय 2026-08-17 16:32:00.",P00553,P00397,LOC0069
DIG003315,2026-04-06 19:19:00,kn,"PERSON_00396 और PERSON_00799 ने ಭೇಟಿ ನೀಡಿದರು, Zone_0147, Ujjain के पास। समय 2026-04-06 19:19:00.",P00396,P00799,LOC0147
DIG003316,2026-07-06 02:26:00,pa,"PERSON_00617 और PERSON_00113 ने ਮਿਲਿਆ, Zone_0074, Ujjain के पास। समय 2026-07-06 02:26:00.",P00617,P00113,LOC0074
DIG003317,2026-07-26 23:54:00,ur,"PERSON_00071 और PERSON_00331 ने رقم منتقل کی, Zone_0125, Indore के पास। समय 2026-07-26 23:54:00.",P00071,P00331,LOC0125
DIG003318,2026-08-09 13:24:00,pa,"PERSON_00245 और PERSON_00015 ने ਸੰਪਰਕ ਕੀਤਾ, Zone_0122, Nagpur के पास। समय 2026-08-09 13:24:00.",P00245,P00015,LOC0122
DIG003319,2026-04-28 22:33:00,bn,"PERSON_00711 और PERSON_00852 ने দেখা করেছে, Zone_0173, Jabalpur के पास। समय 2026-04-28 22:33:00.",P00711,P00852,LOC0173
DIG003320,2026-05-28 16:12:00,bn,"PERSON_00381 और PERSON_00853 ने ফোন করেছে, Zone_0118, Ujjain के पास। समय 2026-05-28 16:12:00.",P00381,P00853,LOC0118
DIG003321,2026-05-07 22:56:00,kn,"PERSON_00999 और PERSON_00903 ने ಸಂದೇಶ ಕಳುಹಿಸಿದರು, Zone_0164, Bhopal के पास। समय 2026-05-07 22:56:00.",P00999,P00903,LOC0164
DIG003322,2026-02-23 08:22:00,ml,"PERSON_00842 और PERSON_00035 ने വിളിച്ചു, Zone_0109, Bhopal के पास। समय 2026-02-23 08:22:00.",P00842,P00035,LOC0109
DIG003323,2026-07-05 14:09:00,bn,"PERSON_00616 और PERSON_00431 ने বার্তা পাঠিয়েছে, Zone_0091, Jabalpur के पास। समय 2026-07-05 14:09:00.",P00616,P00431,LOC0091
DIG003324,2026-07-21 14:34:00,kn,"PERSON_00279 और PERSON_00229 ने ಸಂದೇಶ ಕಳುಹಿಸಿದರು, Zone_0111, Jabalpur के पास। समय 2026-07-21 14:34:00.",P00279,P00229,LOC0111
DIG003325,2026-01-19 19:36:00,hi,"PERSON_00289 और PERSON_00222 ने वाहन का उपयोग किया, Zone_0152, Nagpur के पास। समय 2026-01-19 19:36:00.",P00289,P00222,LOC0152
DIG003326,2026-08-23 10:33:00,gu,"PERSON_00848 और PERSON_00778 ने નાણાં મોકલ્યાં, Zone_0117, Gwalior के पास। समय 2026-08-23 10:33:00.",P00848,P00778,LOC0117
DIG003327,2026-05-19 05:36:00,ml,"PERSON_00741 और PERSON_00617 ने ബന്ധപ്പെട്ടു, Zone_0099, Bhopal के पास। समय 2026-05-19 05:36:00.",P00741,P00617,LOC0099
DIG003328,2026-02-08 01:39:00,te,"PERSON_00314 और PERSON_00326 ने డబ్బు పంపారు, Zone_0059, Indore के पास। समय 2026-02-08 01:39:00.",P00314,P00326,LOC0059
DIG003329,2026-07-24 13:48:00,hi,"PERSON_00288 और PERSON_00256 ने संपर्क किया, Zone_0176, Gwalior के पास। समय 2026-07-24 13:48:00.",P00288,P00256,LOC0176
DIG003330,2026-04-22 22:42:00,te,"PERSON_00866 और PERSON_00242 ने సంప్రదించారు, Zone_0020, Bhopal के पास। समय 2026-04-22 22:42:00.",P00866,P00242,LOC0020
DIG003331,2026-05-29 06:08:00,ml,"PERSON_00629 और PERSON_00933 ने ബന്ധപ്പെട്ടു, Zone_0064, Ujjain के पास। समय 2026-05-29 06:08:00.",P00629,P00933,LOC0064
DIG003332,2026-06-11 10:37:00,mr,"PERSON_00523 और PERSON_00113 ने भेटला, Zone_0170, Ujjain के पास। समय 2026-06-11 10:37:00.",P00523,P00113,LOC0170
DIG003333,2026-01-08 18:22:00,gu,"PERSON_00999 और PERSON_00784 ने સંપર્ક કર્યો, Zone_0034, Jabalpur के पास। समय 2026-01-08 18:22:00.",P00999,P00784,LOC0034
DIG003334,2026-07-18 02:56:00,ta,"PERSON_00942 और PERSON_00203 ने அழைத்தார், Zone_0017, Gwalior के पास। समय 2026-07-18 02:56:00.",P00942,P00203,LOC0017
DIG003335,2026-07-03 12:29:00,ur,"PERSON_00484 और PERSON_00730 ने دورہ کیا, Zone_0023, Jabalpur के पास। समय 2026-07-03 12:29:00.",P00484,P00730,LOC0023
DIG003336,2026-07-10 02:31:00,ml,"PERSON_00411 और PERSON_00101 ने പണം അയച്ചു, Zone_0037, Indore के पास। समय 2026-07-10 02:31:00.",P00411,P00101,LOC0037
DIG003337,2026-02-22 12:54:00,mr,"PERSON_00254 और PERSON_00255 ने भेटला, Zone_0081, Gwalior के पास। समय 2026-02-22 12:54:00.",P00254,P00255,LOC0081
DIG003338,2026-02-12 06:05:00,pa,"PERSON_00580 और PERSON_00202 ने ਸੰਪਰਕ ਕੀਤਾ, Zone_0168, Nagpur के पास। समय 2026-02-12 06:05:00.",P00580,P00202,LOC0168
DIG003339,2026-07-10 02:12:00,ur,"PERSON_00561 और PERSON_00207 ने مقام شیئر کیا, Zone_0133, Indore के पास। समय 2026-07-10 02:12:00.",P00561,P00207,LOC0133
DIG003340,2026-06-19 10:02:00,pa,"PERSON_00441 और PERSON_00509 ने ਪੈਸੇ ਭੇਜੇ, Zone_0157, Nagpur के पास। समय 2026-06-19 10:02:00.",P00441,P00509,LOC0157
DIG003341,2026-06-05 02:41:00,kn,"PERSON_00300 और PERSON_00192 ने ಹಣ ಕಳುಹಿಸಿದರು, Zone_0032, Jabalpur के पास। समय 2026-06-05 02:41:00.",P00300,P00192,LOC0032
DIG003342,2026-03-20 09:49:00,pa,"PERSON_00814 और PERSON_00968 ने ਮਿਲਿਆ, Zone_0148, Indore के पास। समय 2026-03-20 09:49:00.",P00814,P00968,LOC0148
DIG003343,2026-05-07 00:34:00,te,"PERSON_00596 और PERSON_00943 ने సంప్రదించారు, Zone_0046, Bhopal के पास। समय 2026-05-07 00:34:00.",P00596,P00943,LOC0046
DIG003344,2026-03-09 02:56:00,gu,"PERSON_00357 और PERSON_00448 ने સ્થાન શેર કર્યું, Zone_0169, Nagpur के पास। समय 2026-03-09 02:56:00.",P00357,P00448,LOC0169
DIG003345,2026-08-02 01:27:00,bn,"PERSON_00113 और PERSON_00426 ने পরিদর্শন করেছে, Zone_0104, Bhopal के पास। समय 2026-08-02 01:27:00.",P00113,P00426,LOC0104
DIG003346,2026-07-31 06:48:00,bn,"PERSON_00136 और PERSON_00164 ने টাকা পাঠিয়েছে, Zone_0137, Nagpur के पास। समय 2026-07-31 06:48:00.",P00136,P00164,LOC0137
DIG003347,2026-03-26 17:41:00,kn,"PERSON_00638 और PERSON_00245 ने ಕರೆ ಮಾಡಿದರು, Zone_0134, Indore के पास। समय 2026-03-26 17:41:00.",P00638,P00245,LOC0134
DIG003348,2026-01-21 06:31:00,mr,"PERSON_00564 और PERSON_00756 ने भेटला, Zone_0164, Bhopal के पास। समय 2026-01-21 06:31:00.",P00564,P00756,LOC0164
DIG003349,2026-01-30 06:33:00,pa,"PERSON_00261 और PERSON_00774 ने ਫੋਨ ਕੀਤਾ, Zone_0058, Bhopal के पास। समय 2026-01-30 06:33:00.",P00261,P00774,LOC0058
DIG003350,2026-02-14 06:09:00,en,"PERSON_00492 used a vehicle PERSON_00899 near Zone_0002, Ujjain. Record time 2026-02-14 06:09:00.",P00492,P00899,LOC0002
DIG003351,2026-06-30 00:27:00,bn,"PERSON_00276 और PERSON_00885 ने ফোন করেছে, Zone_0134, Indore के पास। समय 2026-06-30 00:27:00.",P00276,P00885,LOC0134
DIG003352,2026-05-30 13:25:00,gu,"PERSON_00337 और PERSON_00112 ने સ્થાન શેર કર્યું, Zone_0126, Nagpur के पास। समय 2026-05-30 13:25:00.",P00337,P00112,LOC0126
DIG003353,2026-02-01 14:13:00,te,"PERSON_00602 और PERSON_00615 ने కలిశారు, Zone_0066, Jabalpur के पास। समय 2026-02-01 14:13:00.",P00602,P00615,LOC0066
DIG003354,2026-03-26 04:38:00,ml,"PERSON_00238 और PERSON_00925 ने കണ്ടുമുട്ടി, Zone_0115, Jabalpur के पास। समय 2026-03-26 04:38:00.",P00238,P00925,LOC0115
DIG003355,2026-08-30 04:59:00,en,"PERSON_00297 shared a location with PERSON_00522 near Zone_0158, Jabalpur. Record time 2026-08-30 04:59:00.",P00297,P00522,LOC0158
DIG003356,2026-08-19 03:43:00,mr,"PERSON_00480 और PERSON_00713 ने पैसे पाठवले, Zone_0166, Bhopal के पास। समय 2026-08-19 03:43:00.",P00480,P00713,LOC0166
DIG003357,2026-03-29 08:47:00,pa,"PERSON_00708 और PERSON_00142 ने ਮਿਲਿਆ, Zone_0179, Gwalior के पास। समय 2026-03-29 08:47:00.",P00708,P00142,LOC0179
DIG003358,2026-08-26 03:26:00,ur,"PERSON_00977 और PERSON_00570 ने پیغام بھیجا, Zone_0162, Nagpur के पास। समय 2026-08-26 03:26:00.",P00977,P00570,LOC0162
DIG003359,2026-01-11 13:54:00,ta,"PERSON_00489 और PERSON_00672 ने சந்தித்தார், Zone_0105, Bhopal के पास। समय 2026-01-11 13:54:00.",P00489,P00672,LOC0105
DIG003360,2026-02-26 20:31:00,ml,"PERSON_00372 और PERSON_00917 ने കണ്ടുമുട്ടി, Zone_0179, Gwalior के पास। समय 2026-02-26 20:31:00.",P00372,P00917,LOC0179
DIG003361,2026-03-21 05:09:00,ta,"PERSON_00389 और PERSON_00489 ने அழைத்தார், Zone_0065, Jabalpur के पास। समय 2026-03-21 05:09:00.",P00389,P00489,LOC0065
DIG003362,2026-07-29 21:51:00,ta,"PERSON_00462 और PERSON_00654 ने செய்தி அனுப்பினார், Zone_0147, Ujjain के पास। समय 2026-07-29 21:51:00.",P00462,P00654,LOC0147
DIG003363,2026-08-10 15:29:00,pa,"PERSON_00949 और PERSON_00181 ने ਸੰਪਰਕ ਕੀਤਾ, Zone_0101, Jabalpur के पास। समय 2026-08-10 15:29:00.",P00949,P00181,LOC0101
DIG003364,2026-05-25 12:36:00,hi,"PERSON_00013 और PERSON_00569 ने वाहन का उपयोग किया, Zone_0179, Gwalior के पास। समय 2026-05-25 12:36:00.",P00013,P00569,LOC0179
DIG003365,2026-04-01 15:17:00,bn,"PERSON_00798 और PERSON_00091 ने টাকা পাঠিয়েছে, Zone_0148, Indore के पास। समय 2026-04-01 15:17:00.",P00798,P00091,LOC0148
DIG003366,2026-08-24 00:44:00,gu,"PERSON_00555 और PERSON_00134 ने સંદેશ મોકલ્યો, Zone_0156, Bhopal के पास। समय 2026-08-24 00:44:00.",P00555,P00134,LOC0156
DIG003367,2026-08-21 20:06:00,ur,"PERSON_00651 और PERSON_00881 ने مقام شیئر کیا, Zone_0115, Jabalpur के पास। समय 2026-08-21 20:06:00.",P00651,P00881,LOC0115
DIG003368,2026-01-08 08:18:00,gu,"PERSON_00785 और PERSON_00906 ने સંદેશ મોકલ્યો, Zone_0084, Gwalior के पास। समय 2026-01-08 08:18:00.",P00785,P00906,LOC0084
DIG003369,2026-07-14 15:55:00,pa,"PERSON_00306 और PERSON_00614 ने ਪੈਸੇ ਭੇਜੇ, Zone_0056, Jabalpur के पास। समय 2026-07-14 15:55:00.",P00306,P00614,LOC0056
DIG003370,2026-06-28 20:53:00,en,"PERSON_00354 contacted PERSON_00904 near Zone_0024, Jabalpur. Record time 2026-06-28 20:53:00.",P00354,P00904,LOC0024
DIG003371,2026-08-21 19:39:00,hi,"PERSON_00030 और PERSON_00651 ने वाहन का उपयोग किया, Zone_0018, Bhopal के पास। समय 2026-08-21 19:39:00.",P00030,P00651,LOC0018
DIG003372,2026-08-14 14:56:00,gu,"PERSON_00752 और PERSON_00813 ने ફોન કર્યો, Zone_0108, Bhopal के पास। समय 2026-08-14 14:56:00.",P00752,P00813,LOC0108
DIG003373,2026-03-26 02:30:00,ta,"PERSON_00159 और PERSON_00031 ने பணம் அனுப்பினார், Zone_0055, Bhopal के पास। समय 2026-03-26 02:30:00.",P00159,P00031,LOC0055
DIG003374,2026-03-09 07:24:00,ml,"PERSON_00099 और PERSON_00512 ने സന്ദർശിച്ചു, Zone_0133, Indore के पास। समय 2026-03-09 07:24:00.",P00099,P00512,LOC0133
DIG003375,2026-03-16 11:37:00,en,"PERSON_00510 sent a message to PERSON_00114 near Zone_0119, Indore. Record time 2026-03-16 11:37:00.",P00510,P00114,LOC0119
DIG003376,2026-05-18 14:48:00,hi,"PERSON_00395 और PERSON_00802 ने संपर्क किया, Zone_0107, Indore के पास। समय 2026-05-18 14:48:00.",P00395,P00802,LOC0107
DIG003377,2026-08-22 16:40:00,kn,"PERSON_00574 और PERSON_00421 ने ಸಂದೇಶ ಕಳುಹಿಸಿದರು, Zone_0109, Bhopal के पास। समय 2026-08-22 16:40:00.",P00574,P00421,LOC0109
DIG003378,2026-01-31 20:21:00,pa,"PERSON_00354 और PERSON_00415 ने ਪੈਸੇ ਭੇਜੇ, Zone_0045, Gwalior के पास। समय 2026-01-31 20:21:00.",P00354,P00415,LOC0045
DIG003379,2026-04-25 12:14:00,te,"PERSON_00894 और PERSON_00784 ने సంప్రదించారు, Zone_0165, Gwalior के पास। समय 2026-04-25 12:14:00.",P00894,P00784,LOC0165
DIG003380,2026-06-28 09:28:00,ml,"PERSON_00097 और PERSON_00213 ने ബന്ധപ്പെട്ടു, Zone_0010, Indore के पास। समय 2026-06-28 09:28:00.",P00097,P00213,LOC0010
DIG003381,2026-06-13 10:48:00,gu,"PERSON_00975 और PERSON_00553 ने મળ્યા, Zone_0121, Nagpur के पास। समय 2026-06-13 10:48:00.",P00975,P00553,LOC0121
DIG003382,2026-06-28 02:48:00,gu,"PERSON_00032 और PERSON_00009 ने સ્થાન શેર કર્યું, Zone_0080, Indore के पास। समय 2026-06-28 02:48:00.",P00032,P00009,LOC0080
DIG003383,2026-08-26 21:50:00,hi,"PERSON_00419 और PERSON_00022 ने संदेश भेजा, Zone_0116, Bhopal के पास। समय 2026-08-26 21:50:00.",P00419,P00022,LOC0116
DIG003384,2026-03-27 14:35:00,bn,"PERSON_00929 और PERSON_00284 ने দেখা করেছে, Zone_0024, Jabalpur के पास। समय 2026-03-27 14:35:00.",P00929,P00284,LOC0024
DIG003385,2026-04-27 17:19:00,mr,"PERSON_00448 और PERSON_00495 ने फोन केला, Zone_0146, Bhopal के पास। समय 2026-04-27 17:19:00.",P00448,P00495,LOC0146
DIG003386,2026-04-01 04:49:00,ta,"PERSON_00701 और PERSON_00981 ने சந்தித்தார், Zone_0116, Bhopal के पास। समय 2026-04-01 04:49:00.",P00701,P00981,LOC0116
DIG003387,2026-04-13 19:15:00,hi,"PERSON_00688 और PERSON_00815 ने फोन किया, Zone_0001, Gwalior के पास। समय 2026-04-13 19:15:00.",P00688,P00815,LOC0001
DIG003388,2026-02-18 00:39:00,te,"PERSON_00317 और PERSON_00471 ने సంప్రదించారు, Zone_0119, Indore के पास। समय 2026-02-18 00:39:00.",P00317,P00471,LOC0119
DIG003389,2026-01-27 08:03:00,ml,"PERSON_00933 और PERSON_00778 ने പണം അയച്ചു, Zone_0133, Indore के पास। समय 2026-01-27 08:03:00.",P00933,P00778,LOC0133
DIG003390,2026-07-03 01:50:00,pa,"PERSON_00987 और PERSON_00049 ने ਪੈਸੇ ਭੇਜੇ, Zone_0096, Indore के पास। समय 2026-07-03 01:50:00.",P00987,P00049,LOC0096
DIG003391,2026-03-31 16:07:00,mr,"PERSON_00658 और PERSON_00205 ने पैसे पाठवले, Zone_0097, Ujjain के पास। समय 2026-03-31 16:07:00.",P00658,P00205,LOC0097
DIG003392,2026-01-25 18:06:00,en,"PERSON_00752 contacted PERSON_00740 near Zone_0007, Ujjain. Record time 2026-01-25 18:06:00.",P00752,P00740,LOC0007
DIG003393,2026-06-28 15:24:00,te,"PERSON_00249 और PERSON_00316 ने కలిశారు, Zone_0016, Ujjain के पास। समय 2026-06-28 15:24:00.",P00249,P00316,LOC0016
DIG003394,2026-02-25 15:53:00,bn,"PERSON_00351 और PERSON_00550 ने যোগাযোগ করেছে, Zone_0087, Ujjain के पास। समय 2026-02-25 15:53:00.",P00351,P00550,LOC0087
DIG003395,2026-04-14 01:14:00,pa,"PERSON_00675 और PERSON_00623 ने ਮੁਲਾਕਾਤ ਕੀਤੀ, Zone_0116, Bhopal के पास। समय 2026-04-14 01:14:00.",P00675,P00623,LOC0116
DIG003396,2026-02-28 22:55:00,pa,"PERSON_00082 और PERSON_00742 ने ਸੰਪਰਕ ਕੀਤਾ, Zone_0038, Ujjain के पास। समय 2026-02-28 22:55:00.",P00082,P00742,LOC0038
DIG003397,2026-03-25 18:31:00,ml,"PERSON_00826 और PERSON_00454 ने സന്ദർശിച്ചു, Zone_0073, Jabalpur के पास। समय 2026-03-25 18:31:00.",P00826,P00454,LOC0073
DIG003398,2026-08-31 02:09:00,mr,"PERSON_00246 और PERSON_00612 ने ठिकाण शेअर केले, Zone_0160, Ujjain के पास। समय 2026-08-31 02:09:00.",P00246,P00612,LOC0160
DIG003399,2026-05-11 12:37:00,gu,"PERSON_00395 और PERSON_00996 ने સંદેશ મોકલ્યો, Zone_0008, Nagpur के पास। समय 2026-05-11 12:37:00.",P00395,P00996,LOC0008
DIG003400,2026-07-10 18:29:00,te,"PERSON_00382 और PERSON_00426 ने వెళ్లారు, Zone_0087, Ujjain के पास। समय 2026-07-10 18:29:00.",P00382,P00426,LOC0087
DIG003401,2026-08-30 21:32:00,ml,"PERSON_00618 और PERSON_00180 ने ബന്ധപ്പെട്ടു, Zone_0176, Gwalior के पास। समय 2026-08-30 21:32:00.",P00618,P00180,LOC0176
DIG003402,2026-01-09 08:12:00,pa,"PERSON_00984 और PERSON_00698 ने ਫੋਨ ਕੀਤਾ, Zone_0154, Ujjain के पास। समय 2026-01-09 08:12:00.",P00984,P00698,LOC0154
DIG003403,2026-03-13 23:46:00,en,"PERSON_00014 called PERSON_00807 near Zone_0150, Ujjain. Record time 2026-03-13 23:46:00.",P00014,P00807,LOC0150
DIG003404,2026-04-28 16:06:00,ta,"PERSON_00698 और PERSON_00976 ने செய்தி அனுப்பினார், Zone_0080, Indore के पास। समय 2026-04-28 16:06:00.",P00698,P00976,LOC0080
DIG003405,2026-03-06 13:13:00,en,"PERSON_00361 met PERSON_00154 near Zone_0028, Bhopal. Record time 2026-03-06 13:13:00.",P00361,P00154,LOC0028
DIG003406,2026-05-27 21:22:00,ta,"PERSON_00091 और PERSON_00846 ने சந்தித்தார், Zone_0157, Nagpur के पास। समय 2026-05-27 21:22:00.",P00091,P00846,LOC0157
DIG003407,2026-07-22 04:01:00,kn,"PERSON_00711 और PERSON_00415 ने ಭೇಟಿ ನೀಡಿದರು, Zone_0149, Ujjain के पास। समय 2026-07-22 04:01:00.",P00711,P00415,LOC0149
DIG003408,2026-07-07 04:55:00,kn,"PERSON_00150 और PERSON_00708 ने ಭೇಟಿಯಾದರು, Zone_0018, Bhopal के पास। समय 2026-07-07 04:55:00.",P00150,P00708,LOC0018
DIG003409,2026-01-01 18:36:00,ur,"PERSON_00070 और PERSON_00466 ने ملاقات کی, Zone_0105, Bhopal के पास। समय 2026-01-01 18:36:00.",P00070,P00466,LOC0105
DIG003410,2026-08-09 13:02:00,ta,"PERSON_00272 और PERSON_00845 ने சென்றார், Zone_0099, Bhopal के पास। समय 2026-08-09 13:02:00.",P00272,P00845,LOC0099
DIG003411,2026-03-27 08:58:00,gu,"PERSON_00600 और PERSON_00341 ने નાણાં મોકલ્યાં, Zone_0104, Bhopal के पास। समय 2026-03-27 08:58:00.",P00600,P00341,LOC0104
DIG003412,2026-05-12 01:47:00,hi,"PERSON_00016 और PERSON_00359 ने स्थान साझा किया, Zone_0017, Gwalior के पास। समय 2026-05-12 01:47:00.",P00016,P00359,LOC0017
DIG003413,2026-03-15 00:56:00,mr,"PERSON_00649 और PERSON_00132 ने भेट दिली, Zone_0155, Nagpur के पास। समय 2026-03-15 00:56:00.",P00649,P00132,LOC0155
DIG003414,2026-03-23 04:01:00,hi,"PERSON_00905 और PERSON_00007 ने दौरा किया, Zone_0098, Nagpur के पास। समय 2026-03-23 04:01:00.",P00905,P00007,LOC0098
DIG003415,2026-01-31 00:29:00,ta,"PERSON_00511 और PERSON_00267 ने இடத்தை பகிர்ந்தார், Zone_0157, Nagpur के पास। समय 2026-01-31 00:29:00.",P00511,P00267,LOC0157
DIG003416,2026-07-05 15:14:00,mr,"PERSON_00576 और PERSON_00168 ने संदेश पाठवला, Zone_0100, Jabalpur के पास। समय 2026-07-05 15:14:00.",P00576,P00168,LOC0100
DIG003417,2026-06-27 08:46:00,te,"PERSON_00077 और PERSON_00186 ने సందేశం పంపారు, Zone_0026, Nagpur के पास। समय 2026-06-27 08:46:00.",P00077,P00186,LOC0026
DIG003418,2026-03-01 11:27:00,hi,"PERSON_00612 और PERSON_00227 ने फोन किया, Zone_0066, Jabalpur के पास। समय 2026-03-01 11:27:00.",P00612,P00227,LOC0066
DIG003419,2026-03-04 07:06:00,ta,"PERSON_00320 और PERSON_00580 ने இடத்தை பகிர்ந்தார், Zone_0144, Nagpur के पास। समय 2026-03-04 07:06:00.",P00320,P00580,LOC0144
DIG003420,2026-02-19 13:42:00,hi,"PERSON_00556 और PERSON_00565 ने संदेश भेजा, Zone_0076, Indore के पास। समय 2026-02-19 13:42:00.",P00556,P00565,LOC0076
DIG003421,2026-05-25 08:38:00,hi,"PERSON_00816 और PERSON_00616 ने मिला, Zone_0010, Indore के पास। समय 2026-05-25 08:38:00.",P00816,P00616,LOC0010
DIG003422,2026-03-29 14:18:00,ur,"PERSON_00875 और PERSON_00938 ने پیغام بھیجا, Zone_0154, Ujjain के पास। समय 2026-03-29 14:18:00.",P00875,P00938,LOC0154
DIG003423,2026-03-09 01:56:00,mr,"PERSON_00349 और PERSON_00271 ने पैसे पाठवले, Zone_0117, Gwalior के पास। समय 2026-03-09 01:56:00.",P00349,P00271,LOC0117
DIG003424,2026-01-26 08:03:00,ur,"PERSON_00830 और PERSON_00906 ने رقم منتقل کی, Zone_0075, Gwalior के पास। समय 2026-01-26 08:03:00.",P00830,P00906,LOC0075
DIG003425,2026-04-03 01:51:00,bn,"PERSON_00761 और PERSON_00923 ने বার্তা পাঠিয়েছে, Zone_0067, Indore के पास। समय 2026-04-03 01:51:00.",P00761,P00923,LOC0067
DIG003426,2026-05-17 12:08:00,en,"PERSON_00317 contacted PERSON_00393 near Zone_0169, Nagpur. Record time 2026-05-17 12:08:00.",P00317,P00393,LOC0169
DIG003427,2026-06-05 16:58:00,kn,"PERSON_00567 और PERSON_00775 ने ಸ್ಥಳ ಹಂಚಿಕೊಂಡರು, Zone_0079, Nagpur के पास। समय 2026-06-05 16:58:00.",P00567,P00775,LOC0079
DIG003428,2026-07-24 21:39:00,hi,"PERSON_00382 और PERSON_00268 ने स्थान साझा किया, Zone_0025, Jabalpur के पास। समय 2026-07-24 21:39:00.",P00382,P00268,LOC0025
DIG003429,2026-04-03 21:20:00,te,"PERSON_00091 और PERSON_00224 ने సందేశం పంపారు, Zone_0095, Indore के पास। समय 2026-04-03 21:20:00.",P00091,P00224,LOC0095
DIG003430,2026-03-31 21:26:00,pa,"PERSON_00431 और PERSON_00171 ने ਪੈਸੇ ਭੇਜੇ, Zone_0007, Ujjain के पास। समय 2026-03-31 21:26:00.",P00431,P00171,LOC0007
DIG003431,2026-08-11 08:48:00,ur,"PERSON_00222 और PERSON_00864 ने پیغام بھیجا, Zone_0056, Jabalpur के पास। समय 2026-08-11 08:48:00.",P00222,P00864,LOC0056
DIG003432,2026-08-24 13:50:00,pa,"PERSON_00797 और PERSON_00177 ने ਮਿਲਿਆ, Zone_0112, Ujjain के पास। समय 2026-08-24 13:50:00.",P00797,P00177,LOC0112
DIG003433,2026-06-16 22:07:00,mr,"PERSON_00999 और PERSON_00166 ने संपर्क केला, Zone_0042, Ujjain के पास। समय 2026-06-16 22:07:00.",P00999,P00166,LOC0042
DIG003434,2026-07-10 05:06:00,hi,"PERSON_00177 और PERSON_00733 ने दौरा किया, Zone_0003, Indore के पास। समय 2026-07-10 05:06:00.",P00177,P00733,LOC0003
DIG003435,2026-01-02 05:36:00,kn,"PERSON_00336 और PERSON_00661 ने ಸಂದೇಶ ಕಳುಹಿಸಿದರು, Zone_0032, Jabalpur के पास। समय 2026-01-02 05:36:00.",P00336,P00661,LOC0032
DIG003436,2026-06-21 17:54:00,ta,"PERSON_00565 और PERSON_00237 ने சந்தித்தார், Zone_0075, Gwalior के पास। समय 2026-06-21 17:54:00.",P00565,P00237,LOC0075
DIG003437,2026-08-16 17:05:00,gu,"PERSON_00944 और PERSON_00554 ने સંપર્ક કર્યો, Zone_0012, Nagpur के पास। समय 2026-08-16 17:05:00.",P00944,P00554,LOC0012
DIG003438,2026-06-19 12:53:00,ur,"PERSON_00369 और PERSON_00601 ने پیغام بھیجا, Zone_0059, Indore के पास। समय 2026-06-19 12:53:00.",P00369,P00601,LOC0059
DIG003439,2026-07-24 18:20:00,bn,"PERSON_00325 और PERSON_00340 ने বার্তা পাঠিয়েছে, Zone_0058, Bhopal के पास। समय 2026-07-24 18:20:00.",P00325,P00340,LOC0058
DIG003440,2026-07-31 06:27:00,ur,"PERSON_00219 और PERSON_00075 ने ملاقات کی, Zone_0156, Bhopal के पास। समय 2026-07-31 06:27:00.",P00219,P00075,LOC0156
DIG003441,2026-07-11 20:40:00,ml,"PERSON_00732 और PERSON_00607 ने കണ്ടുമുട്ടി, Zone_0147, Ujjain के पास। समय 2026-07-11 20:40:00.",P00732,P00607,LOC0147
DIG003442,2026-01-19 20:47:00,mr,"PERSON_00482 और PERSON_00401 ने भेट दिली, Zone_0169, Nagpur के पास। समय 2026-01-19 20:47:00.",P00482,P00401,LOC0169
DIG003443,2026-08-29 00:55:00,bn,"PERSON_00754 और PERSON_00898 ने যোগাযোগ করেছে, Zone_0124, Bhopal के पास। समय 2026-08-29 00:55:00.",P00754,P00898,LOC0124
DIG003444,2026-03-02 21:01:00,ur,"PERSON_00876 और PERSON_00496 ने دورہ کیا, Zone_0100, Jabalpur के पास। समय 2026-03-02 21:01:00.",P00876,P00496,LOC0100
DIG003445,2026-06-03 04:22:00,mr,"PERSON_00747 और PERSON_00927 ने भेट दिली, Zone_0068, Bhopal के पास। समय 2026-06-03 04:22:00.",P00747,P00927,LOC0068
DIG003446,2026-05-05 23:13:00,en,"PERSON_00271 shared a location with PERSON_00788 near Zone_0098, Nagpur. Record time 2026-05-05 23:13:00.",P00271,P00788,LOC0098
DIG003447,2026-08-28 11:09:00,gu,"PERSON_00037 और PERSON_00706 ने નાણાં મોકલ્યાં, Zone_0098, Nagpur के पास। समय 2026-08-28 11:09:00.",P00037,P00706,LOC0098
DIG003448,2026-06-07 00:43:00,bn,"PERSON_00184 और PERSON_00613 ने দেখা করেছে, Zone_0157, Nagpur के पास। समय 2026-06-07 00:43:00.",P00184,P00613,LOC0157
DIG003449,2026-05-28 00:11:00,ur,"PERSON_00358 और PERSON_00798 ने مقام شیئر کیا, Zone_0079, Nagpur के पास। समय 2026-05-28 00:11:00.",P00358,P00798,LOC0079
DIG003450,2026-06-22 14:41:00,hi,"PERSON_00687 और PERSON_00651 ने संदेश भेजा, Zone_0152, Nagpur के पास। समय 2026-06-22 14:41:00.",P00687,P00651,LOC0152
DIG003451,2026-07-22 08:24:00,en,"PERSON_00645 contacted PERSON_00888 near Zone_0117, Gwalior. Record time 2026-07-22 08:24:00.",P00645,P00888,LOC0117
DIG003452,2026-05-27 01:29:00,en,"PERSON_00963 called PERSON_00590 near Zone_0007, Ujjain. Record time 2026-05-27 01:29:00.",P00963,P00590,LOC0007
DIG003453,2026-03-11 11:45:00,ur,"PERSON_00689 और PERSON_00352 ने دورہ کیا, Zone_0122, Nagpur के पास। समय 2026-03-11 11:45:00.",P00689,P00352,LOC0122
DIG003454,2026-04-26 06:45:00,hi,"PERSON_00085 और PERSON_00845 ने दौरा किया, Zone_0027, Gwalior के पास। समय 2026-04-26 06:45:00.",P00085,P00845,LOC0027
DIG003455,2026-01-07 21:43:00,mr,"PERSON_00290 और PERSON_00579 ने संपर्क केला, Zone_0159, Nagpur के पास। समय 2026-01-07 21:43:00.",P00290,P00579,LOC0159
DIG003456,2026-07-02 05:04:00,bn,"PERSON_00683 और PERSON_00146 ने টাকা পাঠিয়েছে, Zone_0040, Bhopal के पास। समय 2026-07-02 05:04:00.",P00683,P00146,LOC0040
DIG003457,2026-02-13 10:55:00,ur,"PERSON_00699 और PERSON_00735 ने رابطہ کیا, Zone_0077, Bhopal के पास। समय 2026-02-13 10:55:00.",P00699,P00735,LOC0077
DIG003458,2026-07-28 02:58:00,ml,"PERSON_00795 और PERSON_00943 ने കണ്ടുമുട്ടി, Zone_0075, Gwalior के पास। समय 2026-07-28 02:58:00.",P00795,P00943,LOC0075
DIG003459,2026-02-25 23:59:00,ml,"PERSON_00436 और PERSON_00541 ने പണം അയച്ചു, Zone_0150, Ujjain के पास। समय 2026-02-25 23:59:00.",P00436,P00541,LOC0150
DIG003460,2026-02-12 21:53:00,pa,"PERSON_00391 और PERSON_00756 ने ਸੰਪਰਕ ਕੀਤਾ, Zone_0165, Gwalior के पास। समय 2026-02-12 21:53:00.",P00391,P00756,LOC0165
DIG003461,2026-04-24 05:10:00,gu,"PERSON_00179 और PERSON_00303 ने સ્થાન શેર કર્યું, Zone_0066, Jabalpur के पास। समय 2026-04-24 05:10:00.",P00179,P00303,LOC0066
DIG003462,2026-01-06 17:10:00,mr,"PERSON_00529 और PERSON_00536 ने संपर्क केला, Zone_0097, Ujjain के पास। समय 2026-01-06 17:10:00.",P00529,P00536,LOC0097
DIG003463,2026-07-01 13:09:00,ta,"PERSON_00487 और PERSON_00285 ने சென்றார், Zone_0070, Ujjain के पास। समय 2026-07-01 13:09:00.",P00487,P00285,LOC0070
DIG003464,2026-05-27 08:11:00,bn,"PERSON_00574 और PERSON_00660 ने দেখা করেছে, Zone_0122, Nagpur के पास। समय 2026-05-27 08:11:00.",P00574,P00660,LOC0122
DIG003465,2026-07-02 18:56:00,gu,"PERSON_00858 और PERSON_00153 ने સંપર્ક કર્યો, Zone_0153, Jabalpur के पास। समय 2026-07-02 18:56:00.",P00858,P00153,LOC0153
DIG003466,2026-05-13 23:36:00,ml,"PERSON_00737 और PERSON_00779 ने പണം അയച്ചു, Zone_0039, Gwalior के पास। समय 2026-05-13 23:36:00.",P00737,P00779,LOC0039
DIG003467,2026-04-20 20:16:00,gu,"PERSON_00108 और PERSON_00666 ने ફોન કર્યો, Zone_0180, Indore के पास। समय 2026-04-20 20:16:00.",P00108,P00666,LOC0180
DIG003468,2026-06-18 12:56:00,ml,"PERSON_00210 और PERSON_00142 ने ബന്ധപ്പെട്ടു, Zone_0071, Indore के पास। समय 2026-06-18 12:56:00.",P00210,P00142,LOC0071
DIG003469,2026-03-25 20:29:00,kn,"PERSON_00949 और PERSON_00022 ने ಭೇಟಿಯಾದರು, Zone_0059, Indore के पास। समय 2026-03-25 20:29:00.",P00949,P00022,LOC0059
DIG003470,2026-06-02 19:19:00,ml,"PERSON_00027 और PERSON_00304 ने സന്ദർശിച്ചു, Zone_0046, Bhopal के पास। समय 2026-06-02 19:19:00.",P00027,P00304,LOC0046
DIG003471,2026-01-21 17:08:00,kn,"PERSON_00293 और PERSON_00361 ने ಕರೆ ಮಾಡಿದರು, Zone_0167, Nagpur के पास। समय 2026-01-21 17:08:00.",P00293,P00361,LOC0167
DIG003472,2026-04-10 07:00:00,ta,"PERSON_00648 और PERSON_00257 ने பணம் அனுப்பினார், Zone_0126, Nagpur के पास। समय 2026-04-10 07:00:00.",P00648,P00257,LOC0126
DIG003473,2026-01-24 20:27:00,ta,"PERSON_00451 और PERSON_00365 ने பணம் அனுப்பினார், Zone_0144, Nagpur के पास। समय 2026-01-24 20:27:00.",P00451,P00365,LOC0144
DIG003474,2026-01-25 14:13:00,en,"PERSON_00948 met PERSON_00363 near Zone_0088, Indore. Record time 2026-01-25 14:13:00.",P00948,P00363,LOC0088
DIG003475,2026-05-19 21:12:00,ml,"PERSON_00109 और PERSON_00006 ने കണ്ടുമുട്ടി, Zone_0080, Indore के पास। समय 2026-05-19 21:12:00.",P00109,P00006,LOC0080
DIG003476,2026-08-25 13:01:00,pa,"PERSON_00566 और PERSON_00351 ने ਮਿਲਿਆ, Zone_0050, Jabalpur के पास। समय 2026-08-25 13:01:00.",P00566,P00351,LOC0050
DIG003477,2026-08-22 03:11:00,ml,"PERSON_00874 और PERSON_00983 ने പണം അയച്ചു, Zone_0010, Indore के पास। समय 2026-08-22 03:11:00.",P00874,P00983,LOC0010
DIG003478,2026-03-01 18:20:00,te,"PERSON_00640 और PERSON_00682 ने డబ్బు పంపారు, Zone_0024, Jabalpur के पास। समय 2026-03-01 18:20:00.",P00640,P00682,LOC0024
DIG003479,2026-03-14 06:58:00,kn,"PERSON_00657 और PERSON_00277 ने ಸಂಪರ್ಕಿಸಿದರು, Zone_0066, Jabalpur के पास। समय 2026-03-14 06:58:00.",P00657,P00277,LOC0066
DIG003480,2026-06-10 05:09:00,gu,"PERSON_00554 और PERSON_00749 ने ફોન કર્યો, Zone_0121, Nagpur के पास। समय 2026-06-10 05:09:00.",P00554,P00749,LOC0121
DIG003481,2026-02-05 13:37:00,ta,"PERSON_00771 और PERSON_00051 ने தொடர்பு கொண்டார், Zone_0063, Gwalior के पास। समय 2026-02-05 13:37:00.",P00771,P00051,LOC0063
DIG003482,2026-07-24 22:03:00,pa,"PERSON_00637 और PERSON_00208 ने ਸੰਪਰਕ ਕੀਤਾ, Zone_0144, Nagpur के पास। समय 2026-07-24 22:03:00.",P00637,P00208,LOC0144
DIG003483,2026-08-11 09:01:00,mr,"PERSON_00469 और PERSON_00713 ने संदेश पाठवला, Zone_0172, Gwalior के पास। समय 2026-08-11 09:01:00.",P00469,P00713,LOC0172
DIG003484,2026-08-12 11:08:00,te,"PERSON_00572 और PERSON_00194 ने వెళ్లారు, Zone_0030, Nagpur के पास। समय 2026-08-12 11:08:00.",P00572,P00194,LOC0030
DIG003485,2026-04-24 14:56:00,ur,"PERSON_00831 और PERSON_00746 ने فون کیا, Zone_0107, Indore के पास। समय 2026-04-24 14:56:00.",P00831,P00746,LOC0107
DIG003486,2026-06-02 12:32:00,ur,"PERSON_00032 और PERSON_00128 ने مقام شیئر کیا, Zone_0011, Gwalior के पास। समय 2026-06-02 12:32:00.",P00032,P00128,LOC0011
DIG003487,2026-06-02 10:21:00,bn,"PERSON_00476 और PERSON_00883 ने যোগাযোগ করেছে, Zone_0114, Bhopal के पास। समय 2026-06-02 10:21:00.",P00476,P00883,LOC0114
DIG003488,2026-03-18 16:30:00,ur,"PERSON_00632 और PERSON_00825 ने رابطہ کیا, Zone_0031, Bhopal के पास। समय 2026-03-18 16:30:00.",P00632,P00825,LOC0031
DIG003489,2026-04-04 13:31:00,ml,"PERSON_00392 और PERSON_00249 ने പണം അയച്ചു, Zone_0154, Ujjain के पास। समय 2026-04-04 13:31:00.",P00392,P00249,LOC0154
DIG003490,2026-05-23 18:20:00,gu,"PERSON_00275 और PERSON_00491 ने સંપર્ક કર્યો, Zone_0095, Indore के पास। समय 2026-05-23 18:20:00.",P00275,P00491,LOC0095
DIG003491,2026-02-05 02:09:00,hi,"PERSON_00973 और PERSON_00827 ने संदेश भेजा, Zone_0076, Indore के पास। समय 2026-02-05 02:09:00.",P00973,P00827,LOC0076
DIG003492,2026-06-24 22:42:00,bn,"PERSON_00631 और PERSON_00117 ने টাকা পাঠিয়েছে, Zone_0140, Jabalpur के पास। समय 2026-06-24 22:42:00.",P00631,P00117,LOC0140
DIG003493,2026-02-20 12:56:00,kn,"PERSON_00430 और PERSON_00422 ने ಕರೆ ಮಾಡಿದರು, Zone_0163, Nagpur के पास। समय 2026-02-20 12:56:00.",P00430,P00422,LOC0163
DIG003494,2026-01-18 05:12:00,te,"PERSON_00009 और PERSON_00832 ने కలిశారు, Zone_0083, Ujjain के पास। समय 2026-01-18 05:12:00.",P00009,P00832,LOC0083
DIG003495,2026-03-11 17:34:00,bn,"PERSON_00748 और PERSON_00631 ने পরিদর্শন করেছে, Zone_0006, Bhopal के पास। समय 2026-03-11 17:34:00.",P00748,P00631,LOC0006
DIG003496,2026-02-26 00:51:00,te,"PERSON_00143 और PERSON_00827 ने వెళ్లారు, Zone_0100, Jabalpur के पास। समय 2026-02-26 00:51:00.",P00143,P00827,LOC0100
DIG003497,2026-08-19 18:51:00,ur,"PERSON_00438 और PERSON_00463 ने ملاقات کی, Zone_0079, Nagpur के पास। समय 2026-08-19 18:51:00.",P00438,P00463,LOC0079
DIG003498,2026-03-10 06:32:00,gu,"PERSON_00840 और PERSON_00951 ने સ્થાન શેર કર્યું, Zone_0108, Bhopal के पास। समय 2026-03-10 06:32:00.",P00840,P00951,LOC0108
DIG003499,2026-06-26 02:07:00,mr,"PERSON_00433 और PERSON_00487 ने ठिकाण शेअर केले, Zone_0136, Jabalpur के पास। समय 2026-06-26 02:07:00.",P00433,P00487,LOC0136
DIG003500,2026-05-02 05:48:00,pa,"PERSON_00274 और PERSON_00162 ने ਸੁਨੇਹਾ ਭੇਜਿਆ, Zone_0111, Jabalpur के पास। समय 2026-05-02 05:48:00.",P00274,P00162,LOC0111
DIG003501,2026-02-08 22:21:00,en,"PERSON_00906 called PERSON_00071 near Zone_0168, Nagpur. Record time 2026-02-08 22:21:00.",P00906,P00071,LOC0168
DIG003502,2026-05-05 14:16:00,ta,"PERSON_00815 और PERSON_00495 ने செய்தி அனுப்பினார், Zone_0074, Ujjain के पास। समय 2026-05-05 14:16:00.",P00815,P00495,LOC0074
DIG003503,2026-07-23 18:18:00,ta,"PERSON_00901 और PERSON_00295 ने பணம் அனுப்பினார், Zone_0166, Bhopal के पास। समय 2026-07-23 18:18:00.",P00901,P00295,LOC0166
DIG003504,2026-03-16 07:50:00,ta,"PERSON_00260 और PERSON_00200 ने தொடர்பு கொண்டார், Zone_0166, Bhopal के पास। समय 2026-03-16 07:50:00.",P00260,P00200,LOC0166
DIG003505,2026-06-17 21:59:00,kn,"PERSON_00367 और PERSON_00196 ने ಸ್ಥಳ ಹಂಚಿಕೊಂಡರು, Zone_0102, Ujjain के पास। समय 2026-06-17 21:59:00.",P00367,P00196,LOC0102
DIG003506,2026-05-27 04:25:00,hi,"PERSON_00768 और PERSON_00267 ने संपर्क किया, Zone_0034, Jabalpur के पास। समय 2026-05-27 04:25:00.",P00768,P00267,LOC0034
DIG003507,2026-06-12 14:05:00,en,"PERSON_00168 used a vehicle PERSON_00187 near Zone_0072, Indore. Record time 2026-06-12 14:05:00.",P00168,P00187,LOC0072
DIG003508,2026-06-25 14:41:00,mr,"PERSON_00597 और PERSON_00053 ने संदेश पाठवला, Zone_0174, Gwalior के पास। समय 2026-06-25 14:41:00.",P00597,P00053,LOC0174
DIG003509,2026-06-20 12:27:00,ur,"PERSON_00859 और PERSON_00020 ने فون کیا, Zone_0012, Nagpur के पास। समय 2026-06-20 12:27:00.",P00859,P00020,LOC0012
DIG003510,2026-04-07 01:40:00,ml,"PERSON_00354 और PERSON_00831 ने വിളിച്ചു, Zone_0062, Ujjain के पास। समय 2026-04-07 01:40:00.",P00354,P00831,LOC0062
DIG003511,2026-04-26 10:08:00,ta,"PERSON_00073 और PERSON_00782 ने சந்தித்தார், Zone_0162, Nagpur के पास। समय 2026-04-26 10:08:00.",P00073,P00782,LOC0162
DIG003512,2026-04-13 08:16:00,mr,"PERSON_00094 और PERSON_00410 ने ठिकाण शेअर केले, Zone_0027, Gwalior के पास। समय 2026-04-13 08:16:00.",P00094,P00410,LOC0027
DIG003513,2026-06-16 21:18:00,gu,"PERSON_00962 और PERSON_00899 ने ફોન કર્યો, Zone_0025, Jabalpur के पास। समय 2026-06-16 21:18:00.",P00962,P00899,LOC0025
DIG003514,2026-03-24 10:50:00,hi,"PERSON_00291 और PERSON_00341 ने दौरा किया, Zone_0118, Ujjain के पास। समय 2026-03-24 10:50:00.",P00291,P00341,LOC0118
DIG003515,2026-04-19 01:34:00,gu,"PERSON_00313 और PERSON_00836 ने મુલાકાત લીધી, Zone_0175, Jabalpur के पास। समय 2026-04-19 01:34:00.",P00313,P00836,LOC0175
DIG003516,2026-01-01 16:18:00,gu,"PERSON_00113 और PERSON_00138 ने સ્થાન શેર કર્યું, Zone_0008, Nagpur के पास। समय 2026-01-01 16:18:00.",P00113,P00138,LOC0008
DIG003517,2026-04-22 17:58:00,mr,"PERSON_00132 और PERSON_00481 ने संदेश पाठवला, Zone_0087, Ujjain के पास। समय 2026-04-22 17:58:00.",P00132,P00481,LOC0087
DIG003518,2026-05-03 09:37:00,ur,"PERSON_00832 और PERSON_00963 ने رقم منتقل کی, Zone_0163, Nagpur के पास। समय 2026-05-03 09:37:00.",P00832,P00963,LOC0163
DIG003519,2026-02-23 06:18:00,ur,"PERSON_00168 और PERSON_00954 ने پیغام بھیجا, Zone_0095, Indore के पास। समय 2026-02-23 06:18:00.",P00168,P00954,LOC0095
DIG003520,2026-01-28 21:45:00,gu,"PERSON_00953 और PERSON_00986 ने મુલાકાત લીધી, Zone_0006, Bhopal के पास। समय 2026-01-28 21:45:00.",P00953,P00986,LOC0006
DIG003521,2026-05-14 00:25:00,bn,"PERSON_00243 और PERSON_00392 ने বার্তা পাঠিয়েছে, Zone_0064, Ujjain के पास। समय 2026-05-14 00:25:00.",P00243,P00392,LOC0064
DIG003522,2026-04-25 07:29:00,gu,"PERSON_00404 और PERSON_00213 ने સંદેશ મોકલ્યો, Zone_0069, Jabalpur के पास। समय 2026-04-25 07:29:00.",P00404,P00213,LOC0069
DIG003523,2026-01-09 23:15:00,en,"PERSON_00825 transferred funds to PERSON_00142 near Zone_0176, Gwalior. Record time 2026-01-09 23:15:00.",P00825,P00142,LOC0176
DIG003524,2026-06-10 21:27:00,mr,"PERSON_00156 और PERSON_00611 ने पैसे पाठवले, Zone_0061, Gwalior के पास। समय 2026-06-10 21:27:00.",P00156,P00611,LOC0061
DIG003525,2026-03-13 07:30:00,bn,"PERSON_00182 और PERSON_00999 ने দেখা করেছে, Zone_0163, Nagpur के पास। समय 2026-03-13 07:30:00.",P00182,P00999,LOC0163
DIG003526,2026-07-09 11:53:00,te,"PERSON_00767 और PERSON_00182 ने కలిశారు, Zone_0131, Gwalior के पास। समय 2026-07-09 11:53:00.",P00767,P00182,LOC0131
DIG003527,2026-03-12 19:55:00,hi,"PERSON_00779 और PERSON_00082 ने फोन किया, Zone_0175, Jabalpur के पास। समय 2026-03-12 19:55:00.",P00779,P00082,LOC0175
DIG003528,2026-06-08 06:40:00,mr,"PERSON_00448 और PERSON_00508 ने संपर्क केला, Zone_0061, Gwalior के पास। समय 2026-06-08 06:40:00.",P00448,P00508,LOC0061
DIG003529,2026-01-12 22:34:00,bn,"PERSON_00041 और PERSON_00465 ने টাকা পাঠিয়েছে, Zone_0077, Bhopal के पास। समय 2026-01-12 22:34:00.",P00041,P00465,LOC0077
DIG003530,2026-02-04 02:45:00,en,"PERSON_00127 contacted PERSON_00709 near Zone_0073, Jabalpur. Record time 2026-02-04 02:45:00.",P00127,P00709,LOC0073
DIG003531,2026-05-10 03:01:00,bn,"PERSON_00310 और PERSON_00519 ने দেখা করেছে, Zone_0053, Nagpur के पास। समय 2026-05-10 03:01:00.",P00310,P00519,LOC0053
DIG003532,2026-05-01 08:38:00,gu,"PERSON_00811 और PERSON_00926 ने ફોન કર્યો, Zone_0035, Jabalpur के पास। समय 2026-05-01 08:38:00.",P00811,P00926,LOC0035
DIG003533,2026-08-13 01:36:00,en,"PERSON_00777 sent a message to PERSON_00181 near Zone_0153, Jabalpur. Record time 2026-08-13 01:36:00.",P00777,P00181,LOC0153
DIG003534,2026-01-01 10:48:00,hi,"PERSON_00160 और PERSON_00649 ने मिला, Zone_0011, Gwalior के पास। समय 2026-01-01 10:48:00.",P00160,P00649,LOC0011
DIG003535,2026-07-17 09:50:00,en,"PERSON_00110 contacted PERSON_00448 near Zone_0167, Nagpur. Record time 2026-07-17 09:50:00.",P00110,P00448,LOC0167
DIG003536,2026-06-03 09:40:00,ml,"PERSON_00557 और PERSON_00056 ने പണം അയച്ചു, Zone_0098, Nagpur के पास। समय 2026-06-03 09:40:00.",P00557,P00056,LOC0098
DIG003537,2026-08-31 10:48:00,kn,"PERSON_00605 और PERSON_00602 ने ಹಣ ಕಳುಹಿಸಿದರು, Zone_0068, Bhopal के पास। समय 2026-08-31 10:48:00.",P00605,P00602,LOC0068
DIG003538,2026-06-02 14:40:00,en,"PERSON_00386 used a vehicle PERSON_00068 near Zone_0031, Bhopal. Record time 2026-06-02 14:40:00.",P00386,P00068,LOC0031
DIG003539,2026-07-28 18:11:00,gu,"PERSON_00977 और PERSON_00565 ने નાણાં મોકલ્યાં, Zone_0025, Jabalpur के पास। समय 2026-07-28 18:11:00.",P00977,P00565,LOC0025
DIG003540,2026-04-27 21:00:00,gu,"PERSON_00708 और PERSON_00813 ने સંદેશ મોકલ્યો, Zone_0078, Ujjain के पास। समय 2026-04-27 21:00:00.",P00708,P00813,LOC0078
DIG003541,2026-06-06 20:03:00,ur,"PERSON_00051 और PERSON_00360 ने دورہ کیا, Zone_0081, Gwalior के पास। समय 2026-06-06 20:03:00.",P00051,P00360,LOC0081
DIG003542,2026-08-02 20:23:00,kn,"PERSON_00288 और PERSON_00168 ने ಸ್ಥಳ ಹಂಚಿಕೊಂಡರು, Zone_0006, Bhopal के पास। समय 2026-08-02 20:23:00.",P00288,P00168,LOC0006
DIG003543,2026-06-17 19:44:00,ur,"PERSON_00593 और PERSON_00449 ने فون کیا, Zone_0130, Gwalior के पास। समय 2026-06-17 19:44:00.",P00593,P00449,LOC0130
DIG003544,2026-01-31 16:24:00,pa,"PERSON_00108 और PERSON_00393 ने ਸੁਨੇਹਾ ਭੇਜਿਆ, Zone_0061, Gwalior के पास। समय 2026-01-31 16:24:00.",P00108,P00393,LOC0061
DIG003545,2026-05-14 19:26:00,bn,"PERSON_00917 और PERSON_00311 ने টাকা পাঠিয়েছে, Zone_0001, Gwalior के पास। समय 2026-05-14 19:26:00.",P00917,P00311,LOC0001
DIG003546,2026-04-25 09:33:00,ta,"PERSON_00693 और PERSON_00478 ने பணம் அனுப்பினார், Zone_0071, Indore के पास। समय 2026-04-25 09:33:00.",P00693,P00478,LOC0071
DIG003547,2026-07-26 06:36:00,bn,"PERSON_00043 और PERSON_00111 ने স্থান ভাগ করেছে, Zone_0106, Ujjain के पास। समय 2026-07-26 06:36:00.",P00043,P00111,LOC0106
DIG003548,2026-03-18 14:29:00,mr,"PERSON_00495 और PERSON_00272 ने फोन केला, Zone_0073, Jabalpur के पास। समय 2026-03-18 14:29:00.",P00495,P00272,LOC0073
DIG003549,2026-04-16 06:02:00,ur,"PERSON_00528 और PERSON_00714 ने رابطہ کیا, Zone_0100, Jabalpur के पास। समय 2026-04-16 06:02:00.",P00528,P00714,LOC0100
DIG003550,2026-08-14 21:13:00,gu,"PERSON_00780 और PERSON_00404 ने નાણાં મોકલ્યાં, Zone_0101, Jabalpur के पास। समय 2026-08-14 21:13:00.",P00780,P00404,LOC0101
DIG003551,2026-02-15 01:12:00,pa,"PERSON_00945 और PERSON_00156 ने ਸੁਨੇਹਾ ਭੇਜਿਆ, Zone_0086, Gwalior के पास। समय 2026-02-15 01:12:00.",P00945,P00156,LOC0086
DIG003552,2026-02-19 17:29:00,ml,"PERSON_00673 और PERSON_00390 ने സ്ഥലം പങ്കിട്ടു, Zone_0020, Bhopal के पास। समय 2026-02-19 17:29:00.",P00673,P00390,LOC0020
DIG003553,2026-03-19 13:54:00,pa,"PERSON_00498 और PERSON_00619 ने ਸਥਾਨ ਸਾਂਝਾ ਕੀਤਾ, Zone_0021, Ujjain के पास। समय 2026-03-19 13:54:00.",P00498,P00619,LOC0021
DIG003554,2026-08-01 10:41:00,hi,"PERSON_00414 और PERSON_00776 ने फोन किया, Zone_0061, Gwalior के पास। समय 2026-08-01 10:41:00.",P00414,P00776,LOC0061
DIG003555,2026-06-30 18:00:00,pa,"PERSON_00564 और PERSON_00160 ने ਫੋਨ ਕੀਤਾ, Zone_0040, Bhopal के पास। समय 2026-06-30 18:00:00.",P00564,P00160,LOC0040
DIG003556,2026-03-26 21:01:00,hi,"PERSON_00188 और PERSON_00168 ने मिला, Zone_0036, Ujjain के पास। समय 2026-03-26 21:01:00.",P00188,P00168,LOC0036
DIG003557,2026-03-25 06:20:00,mr,"PERSON_00723 और PERSON_00925 ने भेट दिली, Zone_0002, Ujjain के पास। समय 2026-03-25 06:20:00.",P00723,P00925,LOC0002
DIG003558,2026-03-01 11:31:00,ml,"PERSON_00807 और PERSON_00503 ने സ്ഥലം പങ്കിട്ടു, Zone_0009, Jabalpur के पास। समय 2026-03-01 11:31:00.",P00807,P00503,LOC0009
DIG003559,2026-04-19 23:26:00,ml,"PERSON_00368 और PERSON_00828 ने പണം അയച്ചു, Zone_0015, Gwalior के पास। समय 2026-04-19 23:26:00.",P00368,P00828,LOC0015
DIG003560,2026-02-18 05:12:00,ml,"PERSON_00187 और PERSON_00553 ने പണം അയച്ചു, Zone_0039, Gwalior के पास। समय 2026-02-18 05:12:00.",P00187,P00553,LOC0039
DIG003561,2026-08-26 07:39:00,mr,"PERSON_00855 और PERSON_00027 ने भेटला, Zone_0088, Indore के पास। समय 2026-08-26 07:39:00.",P00855,P00027,LOC0088
DIG003562,2026-07-17 23:32:00,hi,"PERSON_00187 और PERSON_00824 ने फोन किया, Zone_0124, Bhopal के पास। समय 2026-07-17 23:32:00.",P00187,P00824,LOC0124
DIG003563,2026-03-17 11:25:00,pa,"PERSON_00311 और PERSON_00113 ने ਮੁਲਾਕਾਤ ਕੀਤੀ, Zone_0053, Nagpur के पास। समय 2026-03-17 11:25:00.",P00311,P00113,LOC0053
DIG003564,2026-04-24 23:48:00,en,"PERSON_00688 met PERSON_00597 near Zone_0022, Gwalior. Record time 2026-04-24 23:48:00.",P00688,P00597,LOC0022
DIG003565,2026-04-30 05:23:00,hi,"PERSON_00842 और PERSON_00749 ने धन भेजा, Zone_0019, Gwalior के पास। समय 2026-04-30 05:23:00.",P00842,P00749,LOC0019
DIG003566,2026-08-01 11:06:00,kn,"PERSON_00848 और PERSON_00320 ने ಸ್ಥಳ ಹಂಚಿಕೊಂಡರು, Zone_0068, Bhopal के पास। समय 2026-08-01 11:06:00.",P00848,P00320,LOC0068
DIG003567,2026-05-09 17:26:00,te,"PERSON_00571 और PERSON_00940 ने ఫోన్ చేశారు, Zone_0062, Ujjain के पास। समय 2026-05-09 17:26:00.",P00571,P00940,LOC0062
DIG003568,2026-08-17 12:37:00,mr,"PERSON_00801 और PERSON_00719 ने भेट दिली, Zone_0016, Ujjain के पास। समय 2026-08-17 12:37:00.",P00801,P00719,LOC0016
DIG003569,2026-05-08 15:47:00,mr,"PERSON_00131 और PERSON_00053 ने भेटला, Zone_0004, Indore के पास। समय 2026-05-08 15:47:00.",P00131,P00053,LOC0004
DIG003570,2026-06-30 10:32:00,ta,"PERSON_00859 और PERSON_00752 ने தொடர்பு கொண்டார், Zone_0040, Bhopal के पास। समय 2026-06-30 10:32:00.",P00859,P00752,LOC0040
DIG003571,2026-08-29 10:22:00,ur,"PERSON_00981 और PERSON_00625 ने فون کیا, Zone_0154, Ujjain के पास। समय 2026-08-29 10:22:00.",P00981,P00625,LOC0154
DIG003572,2026-04-08 09:33:00,te,"PERSON_00747 और PERSON_00354 ने వెళ్లారు, Zone_0102, Ujjain के पास। समय 2026-04-08 09:33:00.",P00747,P00354,LOC0102
DIG003573,2026-06-11 19:18:00,pa,"PERSON_00406 और PERSON_00786 ने ਸੰਪਰਕ ਕੀਤਾ, Zone_0155, Nagpur के पास। समय 2026-06-11 19:18:00.",P00406,P00786,LOC0155
DIG003574,2026-03-08 12:25:00,ur,"PERSON_00743 और PERSON_00134 ने رابطہ کیا, Zone_0067, Indore के पास। समय 2026-03-08 12:25:00.",P00743,P00134,LOC0067
DIG003575,2026-05-24 11:13:00,bn,"PERSON_00500 और PERSON_00593 ने ফোন করেছে, Zone_0062, Ujjain के पास। समय 2026-05-24 11:13:00.",P00500,P00593,LOC0062
DIG003576,2026-02-05 18:58:00,mr,"PERSON_00182 और PERSON_00912 ने फोन केला, Zone_0162, Nagpur के पास। समय 2026-02-05 18:58:00.",P00182,P00912,LOC0162
DIG003577,2026-08-21 21:58:00,mr,"PERSON_00442 और PERSON_00679 ने ठिकाण शेअर केले, Zone_0015, Gwalior के पास। समय 2026-08-21 21:58:00.",P00442,P00679,LOC0015
DIG003578,2026-02-27 16:53:00,hi,"PERSON_00541 और PERSON_00928 ने धन भेजा, Zone_0152, Nagpur के पास। समय 2026-02-27 16:53:00.",P00541,P00928,LOC0152
DIG003579,2026-02-11 20:23:00,te,"PERSON_00519 और PERSON_00311 ने కలిశారు, Zone_0088, Indore के पास। समय 2026-02-11 20:23:00.",P00519,P00311,LOC0088
DIG003580,2026-07-30 04:43:00,en,"PERSON_00507 used a vehicle PERSON_00140 near Zone_0139, Jabalpur. Record time 2026-07-30 04:43:00.",P00507,P00140,LOC0139
DIG003581,2026-04-12 00:21:00,te,"PERSON_00398 और PERSON_00459 ने స్థానం పంచుకున్నారు, Zone_0030, Nagpur के पास। समय 2026-04-12 00:21:00.",P00398,P00459,LOC0030
DIG003582,2026-08-10 14:03:00,gu,"PERSON_00217 और PERSON_00353 ने સ્થાન શેર કર્યું, Zone_0082, Nagpur के पास। समय 2026-08-10 14:03:00.",P00217,P00353,LOC0082
DIG003583,2026-01-31 17:47:00,ta,"PERSON_00600 और PERSON_00650 ने அழைத்தார், Zone_0043, Gwalior के पास। समय 2026-01-31 17:47:00.",P00600,P00650,LOC0043
DIG003584,2026-01-27 13:40:00,pa,"PERSON_00401 और PERSON_00314 ने ਸੁਨੇਹਾ ਭੇਜਿਆ, Zone_0114, Bhopal के पास। समय 2026-01-27 13:40:00.",P00401,P00314,LOC0114
DIG003585,2026-05-16 06:18:00,pa,"PERSON_00631 और PERSON_00873 ने ਸਥਾਨ ਸਾਂਝਾ ਕੀਤਾ, Zone_0089, Jabalpur के पास। समय 2026-05-16 06:18:00.",P00631,P00873,LOC0089
DIG003586,2026-02-07 08:30:00,te,"PERSON_00993 और PERSON_00278 ने కలిశారు, Zone_0081, Gwalior के पास। समय 2026-02-07 08:30:00.",P00993,P00278,LOC0081
DIG003587,2026-01-14 22:41:00,ur,"PERSON_00998 और PERSON_00592 ने دورہ کیا, Zone_0072, Indore के पास। समय 2026-01-14 22:41:00.",P00998,P00592,LOC0072
DIG003588,2026-01-03 20:33:00,ml,"PERSON_00615 और PERSON_00314 ने വിളിച്ചു, Zone_0024, Jabalpur के पास। समय 2026-01-03 20:33:00.",P00615,P00314,LOC0024
DIG003589,2026-08-13 09:29:00,ta,"PERSON_00982 और PERSON_00808 ने சந்தித்தார், Zone_0100, Jabalpur के पास। समय 2026-08-13 09:29:00.",P00982,P00808,LOC0100
DIG003590,2026-04-12 05:38:00,en,"PERSON_00443 shared a location with PERSON_00938 near Zone_0109, Bhopal. Record time 2026-04-12 05:38:00.",P00443,P00938,LOC0109
DIG003591,2026-07-21 15:15:00,ml,"PERSON_00888 और PERSON_00930 ने പണം അയച്ചു, Zone_0086, Gwalior के पास। समय 2026-07-21 15:15:00.",P00888,P00930,LOC0086
DIG003592,2026-05-26 17:40:00,mr,"PERSON_00282 और PERSON_00789 ने संपर्क केला, Zone_0107, Indore के पास। समय 2026-05-26 17:40:00.",P00282,P00789,LOC0107
DIG003593,2026-04-01 17:45:00,gu,"PERSON_00163 और PERSON_00270 ने ફોન કર્યો, Zone_0056, Jabalpur के पास। समय 2026-04-01 17:45:00.",P00163,P00270,LOC0056
DIG003594,2026-08-21 22:16:00,bn,"PERSON_00153 और PERSON_00542 ने পরিদর্শন করেছে, Zone_0127, Bhopal के पास। समय 2026-08-21 22:16:00.",P00153,P00542,LOC0127
DIG003595,2026-04-01 21:56:00,mr,"PERSON_00790 और PERSON_00621 ने संदेश पाठवला, Zone_0179, Gwalior के पास। समय 2026-04-01 21:56:00.",P00790,P00621,LOC0179
DIG003596,2026-08-30 18:28:00,hi,"PERSON_00307 और PERSON_00410 ने मिला, Zone_0151, Indore के पास। समय 2026-08-30 18:28:00.",P00307,P00410,LOC0151
DIG003597,2026-01-18 14:48:00,ta,"PERSON_00702 और PERSON_00324 ने செய்தி அனுப்பினார், Zone_0105, Bhopal के पास। समय 2026-01-18 14:48:00.",P00702,P00324,LOC0105
DIG003598,2026-07-16 22:55:00,en,"PERSON_00380 used a vehicle PERSON_00317 near Zone_0179, Gwalior. Record time 2026-07-16 22:55:00.",P00380,P00317,LOC0179
DIG003599,2026-06-14 13:41:00,ml,"PERSON_00590 और PERSON_00307 ने പണം അയച്ചു, Zone_0087, Ujjain के पास। समय 2026-06-14 13:41:00.",P00590,P00307,LOC0087
DIG003600,2026-03-09 15:49:00,hi,"PERSON_00224 और PERSON_00627 ने संदेश भेजा, Zone_0155, Nagpur के पास। समय 2026-03-09 15:49:00.",P00224,P00627,LOC0155
DIG003601,2026-08-24 13:57:00,ml,"PERSON_00104 और PERSON_00449 ने കണ്ടുമുട്ടി, Zone_0113, Indore के पास। समय 2026-08-24 13:57:00.",P00104,P00449,LOC0113
DIG003602,2026-04-06 05:38:00,bn,"PERSON_00328 और PERSON_00680 ने দেখা করেছে, Zone_0172, Gwalior के पास। समय 2026-04-06 05:38:00.",P00328,P00680,LOC0172
DIG003603,2026-03-06 09:53:00,ml,"PERSON_00753 और PERSON_00871 ने ബന്ധപ്പെട്ടു, Zone_0167, Nagpur के पास। समय 2026-03-06 09:53:00.",P00753,P00871,LOC0167
DIG003604,2026-08-01 11:32:00,bn,"PERSON_00781 और PERSON_00356 ने ফোন করেছে, Zone_0051, Bhopal के पास। समय 2026-08-01 11:32:00.",P00781,P00356,LOC0051
DIG003605,2026-02-04 04:11:00,ta,"PERSON_00723 और PERSON_00532 ने தொடர்பு கொண்டார், Zone_0022, Gwalior के पास। समय 2026-02-04 04:11:00.",P00723,P00532,LOC0022
DIG003606,2026-02-25 12:27:00,ta,"PERSON_00834 और PERSON_00124 ने இடத்தை பகிர்ந்தார், Zone_0069, Jabalpur के पास। समय 2026-02-25 12:27:00.",P00834,P00124,LOC0069
DIG003607,2026-04-25 13:19:00,gu,"PERSON_00793 और PERSON_00081 ने સ્થાન શેર કર્યું, Zone_0016, Ujjain के पास। समय 2026-04-25 13:19:00.",P00793,P00081,LOC0016
DIG003608,2026-07-08 08:17:00,mr,"PERSON_00321 और PERSON_00211 ने ठिकाण शेअर केले, Zone_0160, Ujjain के पास। समय 2026-07-08 08:17:00.",P00321,P00211,LOC0160
DIG003609,2026-07-03 12:18:00,ur,"PERSON_00174 और PERSON_00884 ने فون کیا, Zone_0075, Gwalior के पास। समय 2026-07-03 12:18:00.",P00174,P00884,LOC0075
DIG003610,2026-03-13 02:25:00,ml,"PERSON_00602 और PERSON_00330 ने ബന്ധപ്പെട്ടു, Zone_0104, Bhopal के पास। समय 2026-03-13 02:25:00.",P00602,P00330,LOC0104
DIG003611,2026-01-25 09:20:00,pa,"PERSON_00647 और PERSON_00167 ने ਮੁਲਾਕਾਤ ਕੀਤੀ, Zone_0132, Indore के पास। समय 2026-01-25 09:20:00.",P00647,P00167,LOC0132
DIG003612,2026-02-06 10:35:00,hi,"PERSON_00128 और PERSON_00722 ने फोन किया, Zone_0059, Indore के पास। समय 2026-02-06 10:35:00.",P00128,P00722,LOC0059
DIG003613,2026-03-16 22:54:00,gu,"PERSON_00368 और PERSON_00488 ने સંદેશ મોકલ્યો, Zone_0129, Nagpur के पास। समय 2026-03-16 22:54:00.",P00368,P00488,LOC0129
DIG003614,2026-02-10 00:22:00,bn,"PERSON_00876 और PERSON_00330 ने যোগাযোগ করেছে, Zone_0055, Bhopal के पास। समय 2026-02-10 00:22:00.",P00876,P00330,LOC0055
DIG003615,2026-03-19 15:31:00,pa,"PERSON_00544 और PERSON_00042 ने ਫੋਨ ਕੀਤਾ, Zone_0034, Jabalpur के पास। समय 2026-03-19 15:31:00.",P00544,P00042,LOC0034
DIG003616,2026-03-31 20:27:00,en,"PERSON_00953 contacted PERSON_00246 near Zone_0008, Nagpur. Record time 2026-03-31 20:27:00.",P00953,P00246,LOC0008
DIG003617,2026-01-23 13:10:00,en,"PERSON_00105 contacted PERSON_00313 near Zone_0065, Jabalpur. Record time 2026-01-23 13:10:00.",P00105,P00313,LOC0065
DIG003618,2026-05-26 01:18:00,ml,"PERSON_00223 और PERSON_00861 ने കണ്ടുമുട്ടി, Zone_0164, Bhopal के पास। समय 2026-05-26 01:18:00.",P00223,P00861,LOC0164
DIG003619,2026-01-16 14:06:00,ml,"PERSON_00385 और PERSON_00726 ने സ്ഥലം പങ്കിട്ടു, Zone_0151, Indore के पास। समय 2026-01-16 14:06:00.",P00385,P00726,LOC0151
DIG003620,2026-06-24 20:57:00,bn,"PERSON_00901 और PERSON_00507 ने ফোন করেছে, Zone_0178, Gwalior के पास। समय 2026-06-24 20:57:00.",P00901,P00507,LOC0178
DIG003621,2026-06-02 16:34:00,pa,"PERSON_00753 और PERSON_00461 ने ਮੁਲਾਕਾਤ ਕੀਤੀ, Zone_0099, Bhopal के पास। समय 2026-06-02 16:34:00.",P00753,P00461,LOC0099
DIG003622,2026-02-10 07:36:00,mr,"PERSON_00415 और PERSON_00800 ने संपर्क केला, Zone_0174, Gwalior के पास। समय 2026-02-10 07:36:00.",P00415,P00800,LOC0174
DIG003623,2026-01-03 15:27:00,bn,"PERSON_00498 और PERSON_00771 ने দেখা করেছে, Zone_0004, Indore के पास। समय 2026-01-03 15:27:00.",P00498,P00771,LOC0004
DIG003624,2026-02-05 09:59:00,ur,"PERSON_00811 और PERSON_00205 ने ملاقات کی, Zone_0161, Jabalpur के पास। समय 2026-02-05 09:59:00.",P00811,P00205,LOC0161
DIG003625,2026-06-09 13:32:00,bn,"PERSON_00052 और PERSON_00186 ने স্থান ভাগ করেছে, Zone_0137, Nagpur के पास। समय 2026-06-09 13:32:00.",P00052,P00186,LOC0137
DIG003626,2026-08-18 03:07:00,ta,"PERSON_00259 और PERSON_00309 ने சந்தித்தார், Zone_0163, Nagpur के पास। समय 2026-08-18 03:07:00.",P00259,P00309,LOC0163
DIG003627,2026-08-12 04:17:00,gu,"PERSON_00529 और PERSON_00240 ने મુલાકાત લીધી, Zone_0021, Ujjain के पास। समय 2026-08-12 04:17:00.",P00529,P00240,LOC0021
DIG003628,2026-04-02 23:14:00,pa,"PERSON_00191 और PERSON_00007 ने ਪੈਸੇ ਭੇਜੇ, Zone_0047, Ujjain के पास। समय 2026-04-02 23:14:00.",P00191,P00007,LOC0047
DIG003629,2026-07-16 03:10:00,ml,"PERSON_00968 और PERSON_00717 ने സന്ദേശം അയച്ചു, Zone_0159, Nagpur के पास। समय 2026-07-16 03:10:00.",P00968,P00717,LOC0159
DIG003630,2026-06-21 02:38:00,en,"PERSON_00373 met PERSON_00487 near Zone_0117, Gwalior. Record time 2026-06-21 02:38:00.",P00373,P00487,LOC0117
DIG003631,2026-08-28 01:26:00,ml,"PERSON_00341 और PERSON_00666 ने പണം അയച്ചു, Zone_0098, Nagpur के पास। समय 2026-08-28 01:26:00.",P00341,P00666,LOC0098
DIG003632,2026-05-20 21:23:00,hi,"PERSON_00281 और PERSON_00496 ने धन भेजा, Zone_0145, Jabalpur के पास। समय 2026-05-20 21:23:00.",P00281,P00496,LOC0145
DIG003633,2026-06-22 20:11:00,ta,"PERSON_00553 और PERSON_00905 ने தொடர்பு கொண்டார், Zone_0077, Bhopal के पास। समय 2026-06-22 20:11:00.",P00553,P00905,LOC0077
DIG003634,2026-03-05 11:00:00,te,"PERSON_00319 और PERSON_00437 ने సంప్రదించారు, Zone_0054, Jabalpur के पास। समय 2026-03-05 11:00:00.",P00319,P00437,LOC0054
DIG003635,2026-05-04 21:33:00,pa,"PERSON_00565 और PERSON_00505 ने ਮੁਲਾਕਾਤ ਕੀਤੀ, Zone_0129, Nagpur के पास। समय 2026-05-04 21:33:00.",P00565,P00505,LOC0129
DIG003636,2026-07-29 16:24:00,ml,"PERSON_00916 और PERSON_00092 ने ബന്ധപ്പെട്ടു, Zone_0134, Indore के पास। समय 2026-07-29 16:24:00.",P00916,P00092,LOC0134
DIG003637,2026-03-17 09:22:00,bn,"PERSON_00490 और PERSON_00276 ने দেখা করেছে, Zone_0073, Jabalpur के पास। समय 2026-03-17 09:22:00.",P00490,P00276,LOC0073
DIG003638,2026-06-01 16:29:00,gu,"PERSON_00824 और PERSON_00016 ने સ્થાન શેર કર્યું, Zone_0109, Bhopal के पास। समय 2026-06-01 16:29:00.",P00824,P00016,LOC0109
DIG003639,2026-07-11 11:39:00,hi,"PERSON_00139 और PERSON_00534 ने धन भेजा, Zone_0003, Indore के पास। समय 2026-07-11 11:39:00.",P00139,P00534,LOC0003
DIG003640,2026-01-13 21:13:00,ta,"PERSON_00535 और PERSON_00081 ने சென்றார், Zone_0137, Nagpur के पास। समय 2026-01-13 21:13:00.",P00535,P00081,LOC0137
DIG003641,2026-01-29 02:58:00,en,"PERSON_00501 called PERSON_00753 near Zone_0058, Bhopal. Record time 2026-01-29 02:58:00.",P00501,P00753,LOC0058
DIG003642,2026-01-05 21:06:00,mr,"PERSON_00820 और PERSON_00122 ने भेटला, Zone_0006, Bhopal के पास। समय 2026-01-05 21:06:00.",P00820,P00122,LOC0006
DIG003643,2026-06-22 14:08:00,hi,"PERSON_00960 और PERSON_00857 ने दौरा किया, Zone_0072, Indore के पास। समय 2026-06-22 14:08:00.",P00960,P00857,LOC0072
DIG003644,2026-02-26 01:43:00,en,"PERSON_00861 contacted PERSON_00019 near Zone_0174, Gwalior. Record time 2026-02-26 01:43:00.",P00861,P00019,LOC0174
DIG003645,2026-02-10 13:36:00,hi,"PERSON_00646 और PERSON_00775 ने संपर्क किया, Zone_0054, Jabalpur के पास। समय 2026-02-10 13:36:00.",P00646,P00775,LOC0054
DIG003646,2026-02-22 06:12:00,gu,"PERSON_00590 और PERSON_00643 ने સ્થાન શેર કર્યું, Zone_0041, Ujjain के पास। समय 2026-02-22 06:12:00.",P00590,P00643,LOC0041
DIG003647,2026-08-06 04:02:00,pa,"PERSON_00603 और PERSON_00830 ने ਸੰਪਰਕ ਕੀਤਾ, Zone_0155, Nagpur के पास। समय 2026-08-06 04:02:00.",P00603,P00830,LOC0155
DIG003648,2026-07-09 03:12:00,bn,"PERSON_00323 और PERSON_00217 ने দেখা করেছে, Zone_0159, Nagpur के पास। समय 2026-07-09 03:12:00.",P00323,P00217,LOC0159
DIG003649,2026-07-20 21:00:00,ml,"PERSON_00115 और PERSON_00794 ने സന്ദർശിച്ചു, Zone_0010, Indore के पास। समय 2026-07-20 21:00:00.",P00115,P00794,LOC0010
DIG003650,2026-07-31 00:02:00,ur,"PERSON_00898 और PERSON_00650 ने مقام شیئر کیا, Zone_0162, Nagpur के पास। समय 2026-07-31 00:02:00.",P00898,P00650,LOC0162
DIG003651,2026-03-28 13:16:00,te,"PERSON_00480 और PERSON_00005 ने డబ్బు పంపారు, Zone_0174, Gwalior के पास। समय 2026-03-28 13:16:00.",P00480,P00005,LOC0174
DIG003652,2026-01-03 19:21:00,ml,"PERSON_00110 और PERSON_00221 ने പണം അയച്ചു, Zone_0113, Indore के पास। समय 2026-01-03 19:21:00.",P00110,P00221,LOC0113
DIG003653,2026-03-28 02:18:00,gu,"PERSON_00280 और PERSON_00016 ने મળ્યા, Zone_0141, Jabalpur के पास। समय 2026-03-28 02:18:00.",P00280,P00016,LOC0141
DIG003654,2026-06-30 11:08:00,bn,"PERSON_00637 और PERSON_00650 ने বার্তা পাঠিয়েছে, Zone_0043, Gwalior के पास। समय 2026-06-30 11:08:00.",P00637,P00650,LOC0043
DIG003655,2026-03-24 19:56:00,kn,"PERSON_00848 और PERSON_00776 ने ಭೇಟಿಯಾದರು, Zone_0169, Nagpur के पास। समय 2026-03-24 19:56:00.",P00848,P00776,LOC0169
DIG003656,2026-02-13 14:07:00,mr,"PERSON_00367 और PERSON_00066 ने संपर्क केला, Zone_0063, Gwalior के पास। समय 2026-02-13 14:07:00.",P00367,P00066,LOC0063
DIG003657,2026-03-26 14:25:00,ur,"PERSON_00655 और PERSON_00418 ने مقام شیئر کیا, Zone_0163, Nagpur के पास। समय 2026-03-26 14:25:00.",P00655,P00418,LOC0163
DIG003658,2026-07-23 17:03:00,te,"PERSON_00661 और PERSON_00912 ने ఫోన్ చేశారు, Zone_0006, Bhopal के पास। समय 2026-07-23 17:03:00.",P00661,P00912,LOC0006
DIG003659,2026-07-06 16:23:00,gu,"PERSON_00025 और PERSON_00186 ने સ્થાન શેર કર્યું, Zone_0134, Indore के पास। समय 2026-07-06 16:23:00.",P00025,P00186,LOC0134
DIG003660,2026-01-29 14:56:00,kn,"PERSON_00259 और PERSON_00175 ने ಸಂದೇಶ ಕಳುಹಿಸಿದರು, Zone_0021, Ujjain के पास। समय 2026-01-29 14:56:00.",P00259,P00175,LOC0021
DIG003661,2026-01-10 10:31:00,bn,"PERSON_00531 और PERSON_00716 ने দেখা করেছে, Zone_0065, Jabalpur के पास। समय 2026-01-10 10:31:00.",P00531,P00716,LOC0065
DIG003662,2026-04-15 23:13:00,pa,"PERSON_00494 और PERSON_00287 ने ਪੈਸੇ ਭੇਜੇ, Zone_0115, Jabalpur के पास। समय 2026-04-15 23:13:00.",P00494,P00287,LOC0115
DIG003663,2026-05-20 03:10:00,te,"PERSON_00164 और PERSON_00929 ने వెళ్లారు, Zone_0002, Ujjain के पास। समय 2026-05-20 03:10:00.",P00164,P00929,LOC0002
DIG003664,2026-08-05 06:24:00,hi,"PERSON_00986 और PERSON_00338 ने धन भेजा, Zone_0109, Bhopal के पास। समय 2026-08-05 06:24:00.",P00986,P00338,LOC0109
DIG003665,2026-04-19 01:24:00,kn,"PERSON_00818 और PERSON_00573 ने ಭೇಟಿಯಾದರು, Zone_0138, Bhopal के पास। समय 2026-04-19 01:24:00.",P00818,P00573,LOC0138
DIG003666,2026-02-14 08:59:00,en,"PERSON_00388 met PERSON_00263 near Zone_0072, Indore. Record time 2026-02-14 08:59:00.",P00388,P00263,LOC0072
DIG003667,2026-04-25 12:03:00,te,"PERSON_00893 और PERSON_00770 ने డబ్బు పంపారు, Zone_0094, Gwalior के पास। समय 2026-04-25 12:03:00.",P00893,P00770,LOC0094
DIG003668,2026-06-20 10:04:00,te,"PERSON_00293 और PERSON_00825 ने స్థానం పంచుకున్నారు, Zone_0015, Gwalior के पास। समय 2026-06-20 10:04:00.",P00293,P00825,LOC0015
DIG003669,2026-07-08 23:06:00,pa,"PERSON_00985 और PERSON_00582 ने ਮਿਲਿਆ, Zone_0025, Jabalpur के पास। समय 2026-07-08 23:06:00.",P00985,P00582,LOC0025
DIG003670,2026-05-14 11:03:00,bn,"PERSON_00440 और PERSON_00882 ने দেখা করেছে, Zone_0151, Indore के पास। समय 2026-05-14 11:03:00.",P00440,P00882,LOC0151
DIG003671,2026-08-27 22:52:00,te,"PERSON_00706 और PERSON_00473 ने వెళ్లారు, Zone_0148, Indore के पास। समय 2026-08-27 22:52:00.",P00706,P00473,LOC0148
DIG003672,2026-08-22 18:07:00,en,"PERSON_00554 transferred funds to PERSON_00579 near Zone_0089, Jabalpur. Record time 2026-08-22 18:07:00.",P00554,P00579,LOC0089
DIG003673,2026-07-25 22:36:00,ta,"PERSON_00875 और PERSON_00690 ने சென்றார், Zone_0085, Gwalior के पास। समय 2026-07-25 22:36:00.",P00875,P00690,LOC0085
DIG003674,2026-03-31 15:23:00,kn,"PERSON_00661 और PERSON_00518 ने ಭೇಟಿ ನೀಡಿದರು, Zone_0060, Ujjain के पास। समय 2026-03-31 15:23:00.",P00661,P00518,LOC0060
DIG003675,2026-03-20 14:01:00,mr,"PERSON_00558 और PERSON_00126 ने फोन केला, Zone_0013, Gwalior के पास। समय 2026-03-20 14:01:00.",P00558,P00126,LOC0013
DIG003676,2026-07-04 08:37:00,en,"PERSON_00221 contacted PERSON_00572 near Zone_0018, Bhopal. Record time 2026-07-04 08:37:00.",P00221,P00572,LOC0018
DIG003677,2026-03-20 04:36:00,mr,"PERSON_00969 और PERSON_00857 ने भेटला, Zone_0162, Nagpur के पास। समय 2026-03-20 04:36:00.",P00969,P00857,LOC0162
DIG003678,2026-06-09 00:26:00,ta,"PERSON_00879 और PERSON_00585 ने இடத்தை பகிர்ந்தார், Zone_0105, Bhopal के पास। समय 2026-06-09 00:26:00.",P00879,P00585,LOC0105
DIG003679,2026-01-12 10:10:00,ml,"PERSON_00591 और PERSON_00844 ने സന്ദർശിച്ചു, Zone_0122, Nagpur के पास। समय 2026-01-12 10:10:00.",P00591,P00844,LOC0122
DIG003680,2026-07-09 17:53:00,hi,"PERSON_00504 और PERSON_00215 ने धन भेजा, Zone_0144, Nagpur के पास। समय 2026-07-09 17:53:00.",P00504,P00215,LOC0144
DIG003681,2026-03-06 22:07:00,ml,"PERSON_00760 और PERSON_00450 ने പണം അയച്ചു, Zone_0170, Ujjain के पास। समय 2026-03-06 22:07:00.",P00760,P00450,LOC0170
DIG003682,2026-03-06 21:52:00,ml,"PERSON_00320 और PERSON_00452 ने സന്ദർശിച്ചു, Zone_0123, Ujjain के पास। समय 2026-03-06 21:52:00.",P00320,P00452,LOC0123
DIG003683,2026-04-11 12:44:00,ml,"PERSON_00405 और PERSON_00211 ने സ്ഥലം പങ്കിട്ടു, Zone_0103, Indore के पास। समय 2026-04-11 12:44:00.",P00405,P00211,LOC0103
DIG003684,2026-08-21 19:21:00,ta,"PERSON_00959 और PERSON_00840 ने செய்தி அனுப்பினார், Zone_0051, Bhopal के पास। समय 2026-08-21 19:21:00.",P00959,P00840,LOC0051
DIG003685,2026-06-14 04:27:00,mr,"PERSON_00309 और PERSON_00210 ने संदेश पाठवला, Zone_0146, Bhopal के पास। समय 2026-06-14 04:27:00.",P00309,P00210,LOC0146
DIG003686,2026-04-05 02:12:00,mr,"PERSON_00285 और PERSON_00265 ने संपर्क केला, Zone_0111, Jabalpur के पास। समय 2026-04-05 02:12:00.",P00285,P00265,LOC0111
DIG003687,2026-06-09 16:55:00,pa,"PERSON_00667 और PERSON_00268 ने ਫੋਨ ਕੀਤਾ, Zone_0066, Jabalpur के पास। समय 2026-06-09 16:55:00.",P00667,P00268,LOC0066
DIG003688,2026-01-12 09:01:00,en,"PERSON_00742 used a vehicle PERSON_00511 near Zone_0084, Gwalior. Record time 2026-01-12 09:01:00.",P00742,P00511,LOC0084
DIG003689,2026-03-10 20:14:00,pa,"PERSON_00263 और PERSON_00948 ने ਮਿਲਿਆ, Zone_0015, Gwalior के पास। समय 2026-03-10 20:14:00.",P00263,P00948,LOC0015
DIG003690,2026-01-04 08:35:00,ta,"PERSON_00617 और PERSON_00142 ने இடத்தை பகிர்ந்தார், Zone_0094, Gwalior के पास। समय 2026-01-04 08:35:00.",P00617,P00142,LOC0094
DIG003691,2026-02-24 08:57:00,ur,"PERSON_00036 और PERSON_00324 ने مقام شیئر کیا, Zone_0169, Nagpur के पास। समय 2026-02-24 08:57:00.",P00036,P00324,LOC0169
DIG003692,2026-05-04 02:51:00,ta,"PERSON_00648 और PERSON_00967 ने செய்தி அனுப்பினார், Zone_0054, Jabalpur के पास। समय 2026-05-04 02:51:00.",P00648,P00967,LOC0054
DIG003693,2026-04-26 17:39:00,hi,"PERSON_00202 और PERSON_00811 ने मिला, Zone_0098, Nagpur के पास। समय 2026-04-26 17:39:00.",P00202,P00811,LOC0098
DIG003694,2026-02-06 13:58:00,mr,"PERSON_00768 और PERSON_00375 ने भेटला, Zone_0049, Nagpur के पास। समय 2026-02-06 13:58:00.",P00768,P00375,LOC0049
DIG003695,2026-01-09 09:31:00,ml,"PERSON_00732 और PERSON_00095 ने സന്ദർശിച്ചു, Zone_0089, Jabalpur के पास। समय 2026-01-09 09:31:00.",P00732,P00095,LOC0089
DIG003696,2026-07-10 17:18:00,ml,"PERSON_00602 और PERSON_00897 ने സ്ഥലം പങ്കിട്ടു, Zone_0045, Gwalior के पास। समय 2026-07-10 17:18:00.",P00602,P00897,LOC0045
DIG003697,2026-08-29 07:23:00,ta,"PERSON_00178 और PERSON_00160 ने சந்தித்தார், Zone_0052, Nagpur के पास। समय 2026-08-29 07:23:00.",P00178,P00160,LOC0052
DIG003698,2026-04-21 14:54:00,pa,"PERSON_00693 और PERSON_00600 ने ਮੁਲਾਕਾਤ ਕੀਤੀ, Zone_0171, Bhopal के पास। समय 2026-04-21 14:54:00.",P00693,P00600,LOC0171
DIG003699,2026-04-28 21:28:00,mr,"PERSON_00321 और PERSON_00127 ने भेट दिली, Zone_0009, Jabalpur के पास। समय 2026-04-28 21:28:00.",P00321,P00127,LOC0009
DIG003700,2026-02-25 16:58:00,hi,"PERSON_00041 और PERSON_00226 ने संदेश भेजा, Zone_0103, Indore के पास। समय 2026-02-25 16:58:00.",P00041,P00226,LOC0103
DIG003701,2026-01-02 05:50:00,te,"PERSON_00359 और PERSON_00465 ने కలిశారు, Zone_0055, Bhopal के पास। समय 2026-01-02 05:50:00.",P00359,P00465,LOC0055
DIG003702,2026-01-18 12:08:00,ta,"PERSON_00879 और PERSON_00747 ने பணம் அனுப்பினார், Zone_0060, Ujjain के पास। समय 2026-01-18 12:08:00.",P00879,P00747,LOC0060
DIG003703,2026-03-14 02:27:00,hi,"PERSON_00564 और PERSON_00566 ने संपर्क किया, Zone_0087, Ujjain के पास। समय 2026-03-14 02:27:00.",P00564,P00566,LOC0087
DIG003704,2026-04-02 12:45:00,ml,"PERSON_00928 और PERSON_00373 ने സന്ദർശിച്ചു, Zone_0179, Gwalior के पास। समय 2026-04-02 12:45:00.",P00928,P00373,LOC0179
DIG003705,2026-04-02 09:31:00,ml,"PERSON_00932 और PERSON_00278 ने പണം അയച്ചു, Zone_0112, Ujjain के पास। समय 2026-04-02 09:31:00.",P00932,P00278,LOC0112
DIG003706,2026-06-13 14:21:00,ta,"PERSON_00749 और PERSON_00155 ने பணம் அனுப்பினார், Zone_0002, Ujjain के पास। समय 2026-06-13 14:21:00.",P00749,P00155,LOC0002
DIG003707,2026-03-05 18:01:00,bn,"PERSON_00047 और PERSON_00576 ने ফোন করেছে, Zone_0085, Gwalior के पास। समय 2026-03-05 18:01:00.",P00047,P00576,LOC0085
DIG003708,2026-02-02 07:11:00,ml,"PERSON_00517 और PERSON_00507 ने കണ്ടുമുട്ടി, Zone_0132, Indore के पास। समय 2026-02-02 07:11:00.",P00517,P00507,LOC0132
DIG003709,2026-03-14 15:30:00,gu,"PERSON_00491 और PERSON_00364 ने નાણાં મોકલ્યાં, Zone_0048, Indore के पास। समय 2026-03-14 15:30:00.",P00491,P00364,LOC0048
DIG003710,2026-06-13 22:20:00,pa,"PERSON_00260 और PERSON_00919 ने ਫੋਨ ਕੀਤਾ, Zone_0090, Gwalior के पास। समय 2026-06-13 22:20:00.",P00260,P00919,LOC0090
DIG003711,2026-06-25 04:51:00,ur,"PERSON_00169 और PERSON_00712 ने رقم منتقل کی, Zone_0142, Jabalpur के पास। समय 2026-06-25 04:51:00.",P00169,P00712,LOC0142
DIG003712,2026-05-16 01:09:00,hi,"PERSON_00373 और PERSON_00054 ने दौरा किया, Zone_0083, Ujjain के पास। समय 2026-05-16 01:09:00.",P00373,P00054,LOC0083
DIG003713,2026-04-03 14:09:00,en,"PERSON_00716 shared a location with PERSON_00166 near Zone_0116, Bhopal. Record time 2026-04-03 14:09:00.",P00716,P00166,LOC0116
DIG003714,2026-07-06 02:17:00,ml,"PERSON_00025 और PERSON_00527 ने സന്ദേശം അയച്ചു, Zone_0064, Ujjain के पास। समय 2026-07-06 02:17:00.",P00025,P00527,LOC0064
DIG003715,2026-01-16 04:52:00,ml,"PERSON_00079 और PERSON_00325 ने സന്ദേശം അയച്ചു, Zone_0082, Nagpur के पास। समय 2026-01-16 04:52:00.",P00079,P00325,LOC0082
DIG003716,2026-01-13 02:32:00,ur,"PERSON_00479 और PERSON_00511 ने مقام شیئر کیا, Zone_0068, Bhopal के पास। समय 2026-01-13 02:32:00.",P00479,P00511,LOC0068
DIG003717,2026-07-02 01:43:00,bn,"PERSON_00252 और PERSON_00095 ने টাকা পাঠিয়েছে, Zone_0133, Indore के पास। समय 2026-07-02 01:43:00.",P00252,P00095,LOC0133
DIG003718,2026-08-09 19:10:00,ml,"PERSON_00846 और PERSON_00853 ने വിളിച്ചു, Zone_0174, Gwalior के पास। समय 2026-08-09 19:10:00.",P00846,P00853,LOC0174
DIG003719,2026-03-12 13:29:00,ur,"PERSON_00601 और PERSON_00239 ने فون کیا, Zone_0086, Gwalior के पास। समय 2026-03-12 13:29:00.",P00601,P00239,LOC0086
DIG003720,2026-08-23 16:33:00,pa,"PERSON_00298 और PERSON_00163 ने ਮਿਲਿਆ, Zone_0152, Nagpur के पास। समय 2026-08-23 16:33:00.",P00298,P00163,LOC0152
DIG003721,2026-03-13 06:07:00,ml,"PERSON_00770 और PERSON_00328 ने സന്ദർശിച്ചു, Zone_0176, Gwalior के पास। समय 2026-03-13 06:07:00.",P00770,P00328,LOC0176
DIG003722,2026-03-02 01:25:00,mr,"PERSON_00110 और PERSON_00791 ने भेटला, Zone_0034, Jabalpur के पास। समय 2026-03-02 01:25:00.",P00110,P00791,LOC0034
DIG003723,2026-01-22 22:27:00,mr,"PERSON_00847 और PERSON_00064 ने पैसे पाठवले, Zone_0055, Bhopal के पास। समय 2026-01-22 22:27:00.",P00847,P00064,LOC0055
DIG003724,2026-04-28 02:06:00,hi,"PERSON_00811 और PERSON_00902 ने वाहन का उपयोग किया, Zone_0130, Gwalior के पास। समय 2026-04-28 02:06:00.",P00811,P00902,LOC0130
DIG003725,2026-06-22 03:00:00,gu,"PERSON_00502 और PERSON_00426 ने ફોન કર્યો, Zone_0158, Jabalpur के पास। समय 2026-06-22 03:00:00.",P00502,P00426,LOC0158
DIG003726,2026-07-07 17:53:00,kn,"PERSON_00271 और PERSON_00560 ने ಸ್ಥಳ ಹಂಚಿಕೊಂಡರು, Zone_0116, Bhopal के पास। समय 2026-07-07 17:53:00.",P00271,P00560,LOC0116
DIG003727,2026-06-24 19:12:00,bn,"PERSON_00826 और PERSON_00347 ने স্থান ভাগ করেছে, Zone_0053, Nagpur के पास। समय 2026-06-24 19:12:00.",P00826,P00347,LOC0053
DIG003728,2026-04-02 08:36:00,hi,"PERSON_00410 और PERSON_00263 ने दौरा किया, Zone_0117, Gwalior के पास। समय 2026-04-02 08:36:00.",P00410,P00263,LOC0117
DIG003729,2026-01-06 11:55:00,bn,"PERSON_00544 और PERSON_00792 ने টাকা পাঠিয়েছে, Zone_0006, Bhopal के पास। समय 2026-01-06 11:55:00.",P00544,P00792,LOC0006
DIG003730,2026-06-23 12:13:00,ml,"PERSON_00601 और PERSON_00463 ने സന്ദേശം അയച്ചു, Zone_0160, Ujjain के पास। समय 2026-06-23 12:13:00.",P00601,P00463,LOC0160
DIG003731,2026-05-30 11:36:00,ta,"PERSON_00687 और PERSON_00768 ने செய்தி அனுப்பினார், Zone_0089, Jabalpur के पास। समय 2026-05-30 11:36:00.",P00687,P00768,LOC0089
DIG003732,2026-04-17 05:36:00,pa,"PERSON_00286 और PERSON_00901 ने ਸਥਾਨ ਸਾਂਝਾ ਕੀਤਾ, Zone_0054, Jabalpur के पास। समय 2026-04-17 05:36:00.",P00286,P00901,LOC0054
DIG003733,2026-04-17 01:30:00,en,"PERSON_00740 called PERSON_00772 near Zone_0013, Gwalior. Record time 2026-04-17 01:30:00.",P00740,P00772,LOC0013
DIG003734,2026-06-04 18:07:00,en,"PERSON_00530 sent a message to PERSON_00403 near Zone_0014, Bhopal. Record time 2026-06-04 18:07:00.",P00530,P00403,LOC0014
DIG003735,2026-04-17 05:50:00,ur,"PERSON_00556 और PERSON_00083 ने پیغام بھیجا, Zone_0096, Indore के पास। समय 2026-04-17 05:50:00.",P00556,P00083,LOC0096
DIG003736,2026-04-29 20:36:00,te,"PERSON_00720 और PERSON_00425 ने సందేశం పంపారు, Zone_0164, Bhopal के पास। समय 2026-04-29 20:36:00.",P00720,P00425,LOC0164
DIG003737,2026-04-16 12:07:00,mr,"PERSON_00507 और PERSON_00333 ने भेट दिली, Zone_0002, Ujjain के पास। समय 2026-04-16 12:07:00.",P00507,P00333,LOC0002
DIG003738,2026-06-17 18:11:00,en,"PERSON_00466 contacted PERSON_00281 near Zone_0008, Nagpur. Record time 2026-06-17 18:11:00.",P00466,P00281,LOC0008
DIG003739,2026-07-06 12:05:00,hi,"PERSON_00376 और PERSON_00216 ने संपर्क किया, Zone_0143, Nagpur के पास। समय 2026-07-06 12:05:00.",P00376,P00216,LOC0143
DIG003740,2026-07-16 16:32:00,mr,"PERSON_00178 और PERSON_00770 ने फोन केला, Zone_0146, Bhopal के पास। समय 2026-07-16 16:32:00.",P00178,P00770,LOC0146
DIG003741,2026-07-23 19:52:00,hi,"PERSON_00267 और PERSON_00360 ने धन भेजा, Zone_0106, Ujjain के पास। समय 2026-07-23 19:52:00.",P00267,P00360,LOC0106
DIG003742,2026-06-12 03:27:00,pa,"PERSON_00574 और PERSON_00435 ने ਸਥਾਨ ਸਾਂਝਾ ਕੀਤਾ, Zone_0161, Jabalpur के पास। समय 2026-06-12 03:27:00.",P00574,P00435,LOC0161
DIG003743,2026-02-10 01:40:00,en,"PERSON_00552 contacted PERSON_00248 near Zone_0165, Gwalior. Record time 2026-02-10 01:40:00.",P00552,P00248,LOC0165
DIG003744,2026-05-14 17:34:00,ur,"PERSON_00206 और PERSON_00283 ने دورہ کیا, Zone_0098, Nagpur के पास। समय 2026-05-14 17:34:00.",P00206,P00283,LOC0098
DIG003745,2026-05-24 22:37:00,hi,"PERSON_00209 और PERSON_00550 ने धन भेजा, Zone_0094, Gwalior के पास। समय 2026-05-24 22:37:00.",P00209,P00550,LOC0094
DIG003746,2026-03-27 08:28:00,kn,"PERSON_00435 और PERSON_00522 ने ಭೇಟಿ ನೀಡಿದರು, Zone_0029, Nagpur के पास। समय 2026-03-27 08:28:00.",P00435,P00522,LOC0029
DIG003747,2026-04-22 09:50:00,pa,"PERSON_00673 और PERSON_00662 ने ਪੈਸੇ ਭੇਜੇ, Zone_0157, Nagpur के पास। समय 2026-04-22 09:50:00.",P00673,P00662,LOC0157
DIG003748,2026-06-21 02:36:00,hi,"PERSON_00206 और PERSON_00663 ने संपर्क किया, Zone_0166, Bhopal के पास। समय 2026-06-21 02:36:00.",P00206,P00663,LOC0166
DIG003749,2026-02-17 10:48:00,te,"PERSON_00796 और PERSON_00964 ने కలిశారు, Zone_0100, Jabalpur के पास। समय 2026-02-17 10:48:00.",P00796,P00964,LOC0100
DIG003750,2026-01-16 00:50:00,pa,"PERSON_00163 और PERSON_00406 ने ਮਿਲਿਆ, Zone_0097, Ujjain के पास। समय 2026-01-16 00:50:00.",P00163,P00406,LOC0097
DIG003751,2026-07-30 14:36:00,pa,"PERSON_00696 और PERSON_00272 ने ਫੋਨ ਕੀਤਾ, Zone_0172, Gwalior के पास। समय 2026-07-30 14:36:00.",P00696,P00272,LOC0172
DIG003752,2026-04-16 03:49:00,ml,"PERSON_00144 और PERSON_00712 ने സ്ഥലം പങ്കിട്ടു, Zone_0106, Ujjain के पास। समय 2026-04-16 03:49:00.",P00144,P00712,LOC0106
DIG003753,2026-08-18 21:54:00,hi,"PERSON_00153 और PERSON_00102 ने फोन किया, Zone_0091, Jabalpur के पास। समय 2026-08-18 21:54:00.",P00153,P00102,LOC0091
DIG003754,2026-06-18 14:53:00,te,"PERSON_00892 और PERSON_00111 ने స్థానం పంచుకున్నారు, Zone_0102, Ujjain के पास। समय 2026-06-18 14:53:00.",P00892,P00111,LOC0102
DIG003755,2026-07-02 12:05:00,gu,"PERSON_00004 और PERSON_00384 ने સંદેશ મોકલ્યો, Zone_0141, Jabalpur के पास। समय 2026-07-02 12:05:00.",P00004,P00384,LOC0141
DIG003756,2026-05-21 19:02:00,ml,"PERSON_00036 और PERSON_00094 ने പണം അയച്ചു, Zone_0044, Bhopal के पास। समय 2026-05-21 19:02:00.",P00036,P00094,LOC0044
DIG003757,2026-08-31 01:03:00,bn,"PERSON_00880 और PERSON_00350 ने টাকা পাঠিয়েছে, Zone_0012, Nagpur के पास। समय 2026-08-31 01:03:00.",P00880,P00350,LOC0012
DIG003758,2026-05-14 13:01:00,te,"PERSON_00576 और PERSON_00531 ने ఫోన్ చేశారు, Zone_0145, Jabalpur के पास। समय 2026-05-14 13:01:00.",P00576,P00531,LOC0145
DIG003759,2026-01-21 15:00:00,hi,"PERSON_00101 और PERSON_00705 ने स्थान साझा किया, Zone_0060, Ujjain के पास। समय 2026-01-21 15:00:00.",P00101,P00705,LOC0060
DIG003760,2026-03-14 20:33:00,te,"PERSON_00317 और PERSON_00315 ने సంప్రదించారు, Zone_0001, Gwalior के पास। समय 2026-03-14 20:33:00.",P00317,P00315,LOC0001
DIG003761,2026-04-29 07:38:00,en,"PERSON_00300 shared a location with PERSON_00590 near Zone_0003, Indore. Record time 2026-04-29 07:38:00.",P00300,P00590,LOC0003
DIG003762,2026-04-26 00:27:00,bn,"PERSON_00392 और PERSON_00030 ने ফোন করেছে, Zone_0140, Jabalpur के पास। समय 2026-04-26 00:27:00.",P00392,P00030,LOC0140
DIG003763,2026-03-31 17:46:00,pa,"PERSON_00215 और PERSON_00850 ने ਪੈਸੇ ਭੇਜੇ, Zone_0057, Ujjain के पास। समय 2026-03-31 17:46:00.",P00215,P00850,LOC0057
DIG003764,2026-05-26 14:02:00,en,"PERSON_00287 called PERSON_00225 near Zone_0041, Ujjain. Record time 2026-05-26 14:02:00.",P00287,P00225,LOC0041
DIG003765,2026-08-03 00:23:00,ur,"PERSON_00057 और PERSON_00109 ने ملاقات کی, Zone_0040, Bhopal के पास। समय 2026-08-03 00:23:00.",P00057,P00109,LOC0040
DIG003766,2026-06-20 00:07:00,kn,"PERSON_00810 और PERSON_00010 ने ಸ್ಥಳ ಹಂಚಿಕೊಂಡರು, Zone_0107, Indore के पास। समय 2026-06-20 00:07:00.",P00810,P00010,LOC0107
DIG003767,2026-06-14 01:21:00,ur,"PERSON_00261 और PERSON_00817 ने فون کیا, Zone_0023, Jabalpur के पास। समय 2026-06-14 01:21:00.",P00261,P00817,LOC0023
DIG003768,2026-04-12 07:29:00,bn,"PERSON_00757 और PERSON_00196 ने ফোন করেছে, Zone_0146, Bhopal के पास। समय 2026-04-12 07:29:00.",P00757,P00196,LOC0146
DIG003769,2026-02-26 08:22:00,ml,"PERSON_00266 और PERSON_00327 ने സന്ദേശം അയച്ചു, Zone_0053, Nagpur के पास। समय 2026-02-26 08:22:00.",P00266,P00327,LOC0053
DIG003770,2026-02-22 07:27:00,hi,"PERSON_00016 और PERSON_00711 ने मिला, Zone_0120, Ujjain के पास। समय 2026-02-22 07:27:00.",P00016,P00711,LOC0120
DIG003771,2026-08-19 20:11:00,ur,"PERSON_00358 और PERSON_00139 ने رابطہ کیا, Zone_0102, Ujjain के पास। समय 2026-08-19 20:11:00.",P00358,P00139,LOC0102
DIG003772,2026-05-20 06:22:00,te,"PERSON_00775 और PERSON_00240 ने సంప్రదించారు, Zone_0076, Indore के पास। समय 2026-05-20 06:22:00.",P00775,P00240,LOC0076
DIG003773,2026-01-07 03:37:00,gu,"PERSON_00837 और PERSON_00653 ने મળ્યા, Zone_0084, Gwalior के पास। समय 2026-01-07 03:37:00.",P00837,P00653,LOC0084
DIG003774,2026-08-25 12:41:00,ta,"PERSON_00695 और PERSON_00688 ने தொடர்பு கொண்டார், Zone_0176, Gwalior के पास। समय 2026-08-25 12:41:00.",P00695,P00688,LOC0176
DIG003775,2026-05-20 09:16:00,hi,"PERSON_00715 और PERSON_00306 ने फोन किया, Zone_0127, Bhopal के पास। समय 2026-05-20 09:16:00.",P00715,P00306,LOC0127
DIG003776,2026-04-30 06:58:00,bn,"PERSON_00752 और PERSON_00978 ने ফোন করেছে, Zone_0010, Indore के पास। समय 2026-04-30 06:58:00.",P00752,P00978,LOC0010
DIG003777,2026-05-15 23:17:00,te,"PERSON_00931 और PERSON_00207 ने స్థానం పంచుకున్నారు, Zone_0098, Nagpur के पास। समय 2026-05-15 23:17:00.",P00931,P00207,LOC0098
DIG003778,2026-07-08 11:29:00,mr,"PERSON_00590 और PERSON_00722 ने पैसे पाठवले, Zone_0155, Nagpur के पास। समय 2026-07-08 11:29:00.",P00590,P00722,LOC0155
DIG003779,2026-06-20 00:58:00,ur,"PERSON_00347 और PERSON_00675 ने مقام شیئر کیا, Zone_0155, Nagpur के पास। समय 2026-06-20 00:58:00.",P00347,P00675,LOC0155
DIG003780,2026-03-25 01:06:00,hi,"PERSON_00920 और PERSON_00842 ने वाहन का उपयोग किया, Zone_0071, Indore के पास। समय 2026-03-25 01:06:00.",P00920,P00842,LOC0071
DIG003781,2026-03-27 10:13:00,te,"PERSON_00507 और PERSON_00595 ने డబ్బు పంపారు, Zone_0138, Bhopal के पास। समय 2026-03-27 10:13:00.",P00507,P00595,LOC0138
DIG003782,2026-01-15 20:51:00,en,"PERSON_00605 met PERSON_00927 near Zone_0003, Indore. Record time 2026-01-15 20:51:00.",P00605,P00927,LOC0003
DIG003783,2026-02-12 22:50:00,bn,"PERSON_00399 और PERSON_00078 ने যোগাযোগ করেছে, Zone_0156, Bhopal के पास। समय 2026-02-12 22:50:00.",P00399,P00078,LOC0156
DIG003784,2026-04-11 22:42:00,pa,"PERSON_00280 और PERSON_00780 ने ਮੁਲਾਕਾਤ ਕੀਤੀ, Zone_0012, Nagpur के पास। समय 2026-04-11 22:42:00.",P00280,P00780,LOC0012
DIG003785,2026-04-17 13:05:00,hi,"PERSON_00990 और PERSON_00049 ने संपर्क किया, Zone_0068, Bhopal के पास। समय 2026-04-17 13:05:00.",P00990,P00049,LOC0068
DIG003786,2026-01-01 15:05:00,ml,"PERSON_00541 और PERSON_00999 ने വിളിച്ചു, Zone_0055, Bhopal के पास। समय 2026-01-01 15:05:00.",P00541,P00999,LOC0055
DIG003787,2026-05-21 13:25:00,hi,"PERSON_00227 और PERSON_00882 ने स्थान साझा किया, Zone_0166, Bhopal के पास। समय 2026-05-21 13:25:00.",P00227,P00882,LOC0166
DIG003788,2026-01-13 13:23:00,ur,"PERSON_00624 और PERSON_00694 ने رقم منتقل کی, Zone_0071, Indore के पास। समय 2026-01-13 13:23:00.",P00624,P00694,LOC0071
DIG003789,2026-04-13 15:12:00,mr,"PERSON_00897 और PERSON_00388 ने ठिकाण शेअर केले, Zone_0059, Indore के पास। समय 2026-04-13 15:12:00.",P00897,P00388,LOC0059
DIG003790,2026-01-13 14:36:00,pa,"PERSON_00496 और PERSON_00802 ने ਸੁਨੇਹਾ ਭੇਜਿਆ, Zone_0039, Gwalior के पास। समय 2026-01-13 14:36:00.",P00496,P00802,LOC0039
DIG003791,2026-07-03 02:51:00,bn,"PERSON_00386 और PERSON_00409 ने বার্তা পাঠিয়েছে, Zone_0136, Jabalpur के पास। समय 2026-07-03 02:51:00.",P00386,P00409,LOC0136
DIG003792,2026-06-19 01:42:00,kn,"PERSON_00002 और PERSON_00306 ने ಸ್ಥಳ ಹಂಚಿಕೊಂಡರು, Zone_0104, Bhopal के पास। समय 2026-06-19 01:42:00.",P00002,P00306,LOC0104
DIG003793,2026-04-12 20:29:00,kn,"PERSON_00852 और PERSON_00149 ने ಸಂದೇಶ ಕಳುಹಿಸಿದರು, Zone_0068, Bhopal के पास। समय 2026-04-12 20:29:00.",P00852,P00149,LOC0068
DIG003794,2026-03-24 12:13:00,ml,"PERSON_00787 और PERSON_00569 ने സന്ദേശം അയച്ചു, Zone_0128, Bhopal के पास। समय 2026-03-24 12:13:00.",P00787,P00569,LOC0128
DIG003795,2026-03-28 03:09:00,kn,"PERSON_00670 और PERSON_00502 ने ಸಂದೇಶ ಕಳುಹಿಸಿದರು, Zone_0082, Nagpur के पास। समय 2026-03-28 03:09:00.",P00670,P00502,LOC0082
DIG003796,2026-08-23 16:26:00,kn,"PERSON_00797 और PERSON_00545 ने ಭೇಟಿಯಾದರು, Zone_0116, Bhopal के पास। समय 2026-08-23 16:26:00.",P00797,P00545,LOC0116
DIG003797,2026-08-04 07:05:00,ur,"PERSON_00852 और PERSON_00536 ने ملاقات کی, Zone_0109, Bhopal के पास। समय 2026-08-04 07:05:00.",P00852,P00536,LOC0109
DIG003798,2026-07-09 11:50:00,ml,"PERSON_00836 और PERSON_00337 ने സ്ഥലം പങ്കിട്ടു, Zone_0034, Jabalpur के पास। समय 2026-07-09 11:50:00.",P00836,P00337,LOC0034
DIG003799,2026-01-20 00:04:00,kn,"PERSON_00328 और PERSON_00467 ने ಭೇಟಿಯಾದರು, Zone_0088, Indore के पास। समय 2026-01-20 00:04:00.",P00328,P00467,LOC0088
DIG003800,2026-08-18 17:10:00,mr,"PERSON_00176 और PERSON_00013 ने संपर्क केला, Zone_0128, Bhopal के पास। समय 2026-08-18 17:10:00.",P00176,P00013,LOC0128
DIG003801,2026-03-27 10:05:00,kn,"PERSON_00409 और PERSON_00350 ने ಹಣ ಕಳುಹಿಸಿದರು, Zone_0070, Ujjain के पास। समय 2026-03-27 10:05:00.",P00409,P00350,LOC0070
DIG003802,2026-07-12 09:20:00,gu,"PERSON_00265 और PERSON_00409 ने ફોન કર્યો, Zone_0027, Gwalior के पास। समय 2026-07-12 09:20:00.",P00265,P00409,LOC0027
DIG003803,2026-07-23 15:07:00,ta,"PERSON_00261 और PERSON_00100 ने தொடர்பு கொண்டார், Zone_0001, Gwalior के पास। समय 2026-07-23 15:07:00.",P00261,P00100,LOC0001
DIG003804,2026-06-03 18:18:00,ta,"PERSON_00027 और PERSON_00185 ने சந்தித்தார், Zone_0111, Jabalpur के पास। समय 2026-06-03 18:18:00.",P00027,P00185,LOC0111
DIG003805,2026-04-25 22:49:00,pa,"PERSON_00453 और PERSON_00557 ने ਸੁਨੇਹਾ ਭੇਜਿਆ, Zone_0120, Ujjain के पास। समय 2026-04-25 22:49:00.",P00453,P00557,LOC0120
DIG003806,2026-07-18 15:37:00,ur,"PERSON_00012 और PERSON_00892 ने ملاقات کی, Zone_0132, Indore के पास। समय 2026-07-18 15:37:00.",P00012,P00892,LOC0132
DIG003807,2026-02-07 16:58:00,ml,"PERSON_00768 और PERSON_00623 ने വിളിച്ചു, Zone_0122, Nagpur के पास। समय 2026-02-07 16:58:00.",P00768,P00623,LOC0122
DIG003808,2026-07-21 07:09:00,ur,"PERSON_00138 और PERSON_00724 ने دورہ کیا, Zone_0069, Jabalpur के पास। समय 2026-07-21 07:09:00.",P00138,P00724,LOC0069
DIG003809,2026-07-29 06:46:00,kn,"PERSON_00023 और PERSON_00240 ने ಹಣ ಕಳುಹಿಸಿದರು, Zone_0069, Jabalpur के पास। समय 2026-07-29 06:46:00.",P00023,P00240,LOC0069
DIG003810,2026-07-29 23:14:00,pa,"PERSON_00020 और PERSON_00544 ने ਪੈਸੇ ਭੇਜੇ, Zone_0090, Gwalior के पास। समय 2026-07-29 23:14:00.",P00020,P00544,LOC0090
DIG003811,2026-08-06 05:26:00,gu,"PERSON_00909 और PERSON_00374 ने નાણાં મોકલ્યાં, Zone_0125, Indore के पास। समय 2026-08-06 05:26:00.",P00909,P00374,LOC0125
DIG003812,2026-01-05 10:53:00,ur,"PERSON_00659 और PERSON_00352 ने ملاقات کی, Zone_0097, Ujjain के पास। समय 2026-01-05 10:53:00.",P00659,P00352,LOC0097
DIG003813,2026-04-02 03:21:00,ur,"PERSON_00241 और PERSON_00483 ने رابطہ کیا, Zone_0094, Gwalior के पास। समय 2026-04-02 03:21:00.",P00241,P00483,LOC0094
DIG003814,2026-06-14 09:58:00,pa,"PERSON_00261 और PERSON_00994 ने ਸੰਪਰਕ ਕੀਤਾ, Zone_0120, Ujjain के पास। समय 2026-06-14 09:58:00.",P00261,P00994,LOC0120
DIG003815,2026-08-15 20:40:00,pa,"PERSON_00254 और PERSON_00040 ने ਸੁਨੇਹਾ ਭੇਜਿਆ, Zone_0144, Nagpur के पास। समय 2026-08-15 20:40:00.",P00254,P00040,LOC0144
DIG003816,2026-06-15 07:51:00,en,"PERSON_00289 sent a message to PERSON_00508 near Zone_0073, Jabalpur. Record time 2026-06-15 07:51:00.",P00289,P00508,LOC0073
DIG003817,2026-04-06 15:56:00,ur,"PERSON_00253 और PERSON_00027 ने پیغام بھیجا, Zone_0026, Nagpur के पास। समय 2026-04-06 15:56:00.",P00253,P00027,LOC0026
DIG003818,2026-01-14 04:02:00,te,"PERSON_00584 और PERSON_00963 ने స్థానం పంచుకున్నారు, Zone_0149, Ujjain के पास। समय 2026-01-14 04:02:00.",P00584,P00963,LOC0149
DIG003819,2026-01-13 02:26:00,bn,"PERSON_00808 और PERSON_00414 ने টাকা পাঠিয়েছে, Zone_0006, Bhopal के पास। समय 2026-01-13 02:26:00.",P00808,P00414,LOC0006
DIG003820,2026-03-30 07:07:00,ur,"PERSON_00816 और PERSON_00331 ने ملاقات کی, Zone_0007, Ujjain के पास। समय 2026-03-30 07:07:00.",P00816,P00331,LOC0007
DIG003821,2026-02-05 20:35:00,en,"PERSON_00911 met PERSON_00255 near Zone_0120, Ujjain. Record time 2026-02-05 20:35:00.",P00911,P00255,LOC0120
DIG003822,2026-03-03 13:48:00,kn,"PERSON_00730 और PERSON_00995 ने ಸ್ಥಳ ಹಂಚಿಕೊಂಡರು, Zone_0113, Indore के पास। समय 2026-03-03 13:48:00.",P00730,P00995,LOC0113
DIG003823,2026-02-03 07:01:00,ur,"PERSON_00827 और PERSON_00215 ने ملاقات کی, Zone_0025, Jabalpur के पास। समय 2026-02-03 07:01:00.",P00827,P00215,LOC0025
DIG003824,2026-02-20 10:05:00,ta,"PERSON_00623 और PERSON_00652 ने அழைத்தார், Zone_0123, Ujjain के पास। समय 2026-02-20 10:05:00.",P00623,P00652,LOC0123
DIG003825,2026-01-17 12:02:00,te,"PERSON_00554 और PERSON_00775 ने ఫోన్ చేశారు, Zone_0089, Jabalpur के पास। समय 2026-01-17 12:02:00.",P00554,P00775,LOC0089
DIG003826,2026-06-22 05:44:00,kn,"PERSON_00604 और PERSON_00701 ने ಸಂಪರ್ಕಿಸಿದರು, Zone_0084, Gwalior के पास। समय 2026-06-22 05:44:00.",P00604,P00701,LOC0084
DIG003827,2026-05-17 17:09:00,pa,"PERSON_00819 और PERSON_00201 ने ਸੰਪਰਕ ਕੀਤਾ, Zone_0077, Bhopal के पास। समय 2026-05-17 17:09:00.",P00819,P00201,LOC0077
DIG003828,2026-08-30 20:41:00,bn,"PERSON_00768 और PERSON_00351 ने যোগাযোগ করেছে, Zone_0135, Nagpur के पास। समय 2026-08-30 20:41:00.",P00768,P00351,LOC0135
DIG003829,2026-08-23 15:53:00,pa,"PERSON_00575 और PERSON_00413 ने ਮੁਲਾਕਾਤ ਕੀਤੀ, Zone_0002, Ujjain के पास। समय 2026-08-23 15:53:00.",P00575,P00413,LOC0002
DIG003830,2026-02-19 16:56:00,bn,"PERSON_00851 और PERSON_00348 ने টাকা পাঠিয়েছে, Zone_0122, Nagpur के पास। समय 2026-02-19 16:56:00.",P00851,P00348,LOC0122
DIG003831,2026-07-25 22:42:00,hi,"PERSON_00393 और PERSON_00577 ने वाहन का उपयोग किया, Zone_0017, Gwalior के पास। समय 2026-07-25 22:42:00.",P00393,P00577,LOC0017
DIG003832,2026-01-15 17:00:00,ta,"PERSON_00117 और PERSON_00345 ने செய்தி அனுப்பினார், Zone_0034, Jabalpur के पास। समय 2026-01-15 17:00:00.",P00117,P00345,LOC0034
DIG003833,2026-01-12 20:38:00,pa,"PERSON_00886 और PERSON_00012 ने ਮੁਲਾਕਾਤ ਕੀਤੀ, Zone_0006, Bhopal के पास। समय 2026-01-12 20:38:00.",P00886,P00012,LOC0006
DIG003834,2026-07-09 19:49:00,ta,"PERSON_00643 और PERSON_00953 ने சென்றார், Zone_0159, Nagpur के पास। समय 2026-07-09 19:49:00.",P00643,P00953,LOC0159
DIG003835,2026-08-21 21:19:00,te,"PERSON_00116 और PERSON_00992 ने ఫోన్ చేశారు, Zone_0091, Jabalpur के पास। समय 2026-08-21 21:19:00.",P00116,P00992,LOC0091
DIG003836,2026-06-23 10:13:00,kn,"PERSON_00764 और PERSON_00908 ने ಕರೆ ಮಾಡಿದರು, Zone_0148, Indore के पास। समय 2026-06-23 10:13:00.",P00764,P00908,LOC0148
DIG003837,2026-05-09 19:41:00,en,"PERSON_00375 contacted PERSON_00288 near Zone_0077, Bhopal. Record time 2026-05-09 19:41:00.",P00375,P00288,LOC0077
DIG003838,2026-03-02 14:14:00,ta,"PERSON_00364 और PERSON_00043 ने தொடர்பு கொண்டார், Zone_0073, Jabalpur के पास। समय 2026-03-02 14:14:00.",P00364,P00043,LOC0073
DIG003839,2026-02-07 07:23:00,en,"PERSON_00244 sent a message to PERSON_00819 near Zone_0159, Nagpur. Record time 2026-02-07 07:23:00.",P00244,P00819,LOC0159
DIG003840,2026-01-20 21:39:00,bn,"PERSON_00400 और PERSON_00154 ने ফোন করেছে, Zone_0083, Ujjain के पास। समय 2026-01-20 21:39:00.",P00400,P00154,LOC0083
DIG003841,2026-06-30 13:38:00,ta,"PERSON_00738 और PERSON_00517 ने சந்தித்தார், Zone_0084, Gwalior के पास। समय 2026-06-30 13:38:00.",P00738,P00517,LOC0084
DIG003842,2026-02-02 09:17:00,kn,"PERSON_00241 और PERSON_00642 ने ಸಂಪರ್ಕಿಸಿದರು, Zone_0143, Nagpur के पास। समय 2026-02-02 09:17:00.",P00241,P00642,LOC0143
DIG003843,2026-05-02 18:19:00,ml,"PERSON_00533 और PERSON_00524 ने വിളിച്ചു, Zone_0077, Bhopal के पास। समय 2026-05-02 18:19:00.",P00533,P00524,LOC0077
DIG003844,2026-01-10 00:23:00,ml,"PERSON_00519 और PERSON_00182 ने വിളിച്ചു, Zone_0047, Ujjain के पास। समय 2026-01-10 00:23:00.",P00519,P00182,LOC0047
DIG003845,2026-08-12 22:45:00,ta,"PERSON_00063 और PERSON_00132 ने தொடர்பு கொண்டார், Zone_0066, Jabalpur के पास। समय 2026-08-12 22:45:00.",P00063,P00132,LOC0066
DIG003846,2026-02-21 17:44:00,en,"PERSON_00469 called PERSON_00024 near Zone_0063, Gwalior. Record time 2026-02-21 17:44:00.",P00469,P00024,LOC0063
DIG003847,2026-07-22 13:02:00,hi,"PERSON_00882 और PERSON_00261 ने वाहन का उपयोग किया, Zone_0142, Jabalpur के पास। समय 2026-07-22 13:02:00.",P00882,P00261,LOC0142
DIG003848,2026-05-06 03:28:00,bn,"PERSON_00670 और PERSON_00141 ने টাকা পাঠিয়েছে, Zone_0103, Indore के पास। समय 2026-05-06 03:28:00.",P00670,P00141,LOC0103
DIG003849,2026-08-13 07:51:00,hi,"PERSON_00085 और PERSON_00582 ने फोन किया, Zone_0120, Ujjain के पास। समय 2026-08-13 07:51:00.",P00085,P00582,LOC0120
DIG003850,2026-04-22 21:41:00,te,"PERSON_00004 और PERSON_00114 ने సందేశం పంపారు, Zone_0094, Gwalior के पास। समय 2026-04-22 21:41:00.",P00004,P00114,LOC0094
DIG003851,2026-04-03 23:38:00,ml,"PERSON_00218 और PERSON_00881 ने സന്ദേശം അയച്ചു, Zone_0069, Jabalpur के पास। समय 2026-04-03 23:38:00.",P00218,P00881,LOC0069
DIG003852,2026-03-05 14:24:00,kn,"PERSON_00699 और PERSON_00426 ने ಸ್ಥಳ ಹಂಚಿಕೊಂಡರು, Zone_0152, Nagpur के पास। समय 2026-03-05 14:24:00.",P00699,P00426,LOC0152
DIG003853,2026-02-18 03:14:00,pa,"PERSON_00581 और PERSON_00988 ने ਸੁਨੇਹਾ ਭੇਜਿਆ, Zone_0137, Nagpur के पास। समय 2026-02-18 03:14:00.",P00581,P00988,LOC0137
DIG003854,2026-04-05 21:48:00,bn,"PERSON_00480 और PERSON_00945 ने পরিদর্শন করেছে, Zone_0031, Bhopal के पास। समय 2026-04-05 21:48:00.",P00480,P00945,LOC0031
DIG003855,2026-06-25 23:21:00,gu,"PERSON_00450 और PERSON_00063 ने સ્થાન શેર કર્યું, Zone_0130, Gwalior के पास। समय 2026-06-25 23:21:00.",P00450,P00063,LOC0130
DIG003856,2026-04-06 16:50:00,kn,"PERSON_00873 और PERSON_00014 ने ಸಂಪರ್ಕಿಸಿದರು, Zone_0058, Bhopal के पास। समय 2026-04-06 16:50:00.",P00873,P00014,LOC0058
DIG003857,2026-07-07 02:06:00,bn,"PERSON_00727 और PERSON_00970 ने স্থান ভাগ করেছে, Zone_0176, Gwalior के पास। समय 2026-07-07 02:06:00.",P00727,P00970,LOC0176
DIG003858,2026-07-27 20:19:00,en,"PERSON_00053 used a vehicle PERSON_00853 near Zone_0160, Ujjain. Record time 2026-07-27 20:19:00.",P00053,P00853,LOC0160
DIG003859,2026-07-15 12:07:00,te,"PERSON_00296 और PERSON_00846 ने డబ్బు పంపారు, Zone_0152, Nagpur के पास। समय 2026-07-15 12:07:00.",P00296,P00846,LOC0152
DIG003860,2026-05-16 09:36:00,ta,"PERSON_00021 और PERSON_00906 ने அழைத்தார், Zone_0142, Jabalpur के पास। समय 2026-05-16 09:36:00.",P00021,P00906,LOC0142
DIG003861,2026-01-09 06:26:00,mr,"PERSON_00188 और PERSON_00388 ने संदेश पाठवला, Zone_0075, Gwalior के पास। समय 2026-01-09 06:26:00.",P00188,P00388,LOC0075
DIG003862,2026-06-11 13:27:00,kn,"PERSON_00218 और PERSON_00537 ने ಭೇಟಿ ನೀಡಿದರು, Zone_0160, Ujjain के पास। समय 2026-06-11 13:27:00.",P00218,P00537,LOC0160
DIG003863,2026-08-26 21:39:00,hi,"PERSON_00877 और PERSON_00518 ने दौरा किया, Zone_0070, Ujjain के पास। समय 2026-08-26 21:39:00.",P00877,P00518,LOC0070
DIG003864,2026-07-15 05:04:00,ta,"PERSON_00017 और PERSON_00094 ने சென்றார், Zone_0044, Bhopal के पास। समय 2026-07-15 05:04:00.",P00017,P00094,LOC0044
DIG003865,2026-01-25 14:54:00,ur,"PERSON_00521 और PERSON_00686 ने رقم منتقل کی, Zone_0062, Ujjain के पास। समय 2026-01-25 14:54:00.",P00521,P00686,LOC0062
DIG003866,2026-07-16 11:48:00,kn,"PERSON_00504 और PERSON_00610 ने ಕರೆ ಮಾಡಿದರು, Zone_0178, Gwalior के पास। समय 2026-07-16 11:48:00.",P00504,P00610,LOC0178
DIG003867,2026-03-20 19:57:00,pa,"PERSON_00295 और PERSON_00798 ने ਸੰਪਰਕ ਕੀਤਾ, Zone_0130, Gwalior के पास। समय 2026-03-20 19:57:00.",P00295,P00798,LOC0130
DIG003868,2026-02-26 21:45:00,gu,"PERSON_00515 और PERSON_00822 ने મુલાકાત લીધી, Zone_0028, Bhopal के पास। समय 2026-02-26 21:45:00.",P00515,P00822,LOC0028
DIG003869,2026-06-24 00:28:00,hi,"PERSON_00986 और PERSON_00824 ने वाहन का उपयोग किया, Zone_0063, Gwalior के पास। समय 2026-06-24 00:28:00.",P00986,P00824,LOC0063
DIG003870,2026-07-22 02:19:00,ur,"PERSON_00702 और PERSON_00432 ने مقام شیئر کیا, Zone_0119, Indore के पास। समय 2026-07-22 02:19:00.",P00702,P00432,LOC0119
DIG003871,2026-08-02 19:54:00,pa,"PERSON_00475 और PERSON_00457 ने ਪੈਸੇ ਭੇਜੇ, Zone_0085, Gwalior के पास। समय 2026-08-02 19:54:00.",P00475,P00457,LOC0085
DIG003872,2026-08-10 18:21:00,gu,"PERSON_00213 और PERSON_00285 ने સ્થાન શેર કર્યું, Zone_0150, Ujjain के पास। समय 2026-08-10 18:21:00.",P00213,P00285,LOC0150
DIG003873,2026-05-05 13:59:00,en,"PERSON_00628 visited PERSON_00701 near Zone_0113, Indore. Record time 2026-05-05 13:59:00.",P00628,P00701,LOC0113
DIG003874,2026-02-18 21:43:00,ta,"PERSON_00048 और PERSON_00777 ने தொடர்பு கொண்டார், Zone_0054, Jabalpur के पास। समय 2026-02-18 21:43:00.",P00048,P00777,LOC0054
DIG003875,2026-07-12 10:43:00,ta,"PERSON_00347 और PERSON_00934 ने பணம் அனுப்பினார், Zone_0136, Jabalpur के पास। समय 2026-07-12 10:43:00.",P00347,P00934,LOC0136
DIG003876,2026-07-20 20:43:00,bn,"PERSON_00010 और PERSON_00020 ने বার্তা পাঠিয়েছে, Zone_0178, Gwalior के पास। समय 2026-07-20 20:43:00.",P00010,P00020,LOC0178
DIG003877,2026-06-01 01:40:00,gu,"PERSON_00354 और PERSON_00777 ने સંપર્ક કર્યો, Zone_0066, Jabalpur के पास। समय 2026-06-01 01:40:00.",P00354,P00777,LOC0066
DIG003878,2026-07-28 12:27:00,gu,"PERSON_00355 और PERSON_00559 ने મળ્યા, Zone_0178, Gwalior के पास। समय 2026-07-28 12:27:00.",P00355,P00559,LOC0178
DIG003879,2026-02-07 19:58:00,te,"PERSON_00308 और PERSON_00358 ने స్థానం పంచుకున్నారు, Zone_0046, Bhopal के पास। समय 2026-02-07 19:58:00.",P00308,P00358,LOC0046
DIG003880,2026-04-05 06:58:00,bn,"PERSON_00809 और PERSON_00244 ने পরিদর্শন করেছে, Zone_0025, Jabalpur के पास। समय 2026-04-05 06:58:00.",P00809,P00244,LOC0025
DIG003881,2026-02-01 02:45:00,ta,"PERSON_00360 और PERSON_00650 ने தொடர்பு கொண்டார், Zone_0025, Jabalpur के पास। समय 2026-02-01 02:45:00.",P00360,P00650,LOC0025
DIG003882,2026-04-10 07:19:00,gu,"PERSON_00853 और PERSON_00185 ने ફોન કર્યો, Zone_0037, Indore के पास। समय 2026-04-10 07:19:00.",P00853,P00185,LOC0037
DIG003883,2026-02-05 09:48:00,pa,"PERSON_00519 और PERSON_00350 ने ਸੁਨੇਹਾ ਭੇਜਿਆ, Zone_0072, Indore के पास। समय 2026-02-05 09:48:00.",P00519,P00350,LOC0072
DIG003884,2026-08-20 07:39:00,kn,"PERSON_00710 और PERSON_00264 ने ಭೇಟಿಯಾದರು, Zone_0114, Bhopal के पास। समय 2026-08-20 07:39:00.",P00710,P00264,LOC0114
DIG003885,2026-08-25 09:45:00,kn,"PERSON_00532 और PERSON_00609 ने ಸ್ಥಳ ಹಂಚಿಕೊಂಡರು, Zone_0041, Ujjain के पास। समय 2026-08-25 09:45:00.",P00532,P00609,LOC0041
DIG003886,2026-06-21 20:08:00,te,"PERSON_00865 और PERSON_00275 ने సంప్రదించారు, Zone_0156, Bhopal के पास। समय 2026-06-21 20:08:00.",P00865,P00275,LOC0156
DIG003887,2026-08-24 03:21:00,ur,"PERSON_00765 और PERSON_00555 ने رقم منتقل کی, Zone_0092, Ujjain के पास। समय 2026-08-24 03:21:00.",P00765,P00555,LOC0092
DIG003888,2026-02-23 03:37:00,ur,"PERSON_00885 और PERSON_00937 ने مقام شیئر کیا, Zone_0137, Nagpur के पास। समय 2026-02-23 03:37:00.",P00885,P00937,LOC0137
DIG003889,2026-04-05 18:21:00,en,"PERSON_00330 contacted PERSON_00453 near Zone_0058, Bhopal. Record time 2026-04-05 18:21:00.",P00330,P00453,LOC0058
DIG003890,2026-08-22 19:12:00,mr,"PERSON_00952 और PERSON_00917 ने पैसे पाठवले, Zone_0027, Gwalior के पास। समय 2026-08-22 19:12:00.",P00952,P00917,LOC0027
DIG003891,2026-04-27 13:43:00,ml,"PERSON_00262 और PERSON_00506 ने സ്ഥലം പങ്കിട്ടു, Zone_0064, Ujjain के पास। समय 2026-04-27 13:43:00.",P00262,P00506,LOC0064
DIG003892,2026-02-05 10:43:00,pa,"PERSON_00342 और PERSON_00329 ने ਸਥਾਨ ਸਾਂਝਾ ਕੀਤਾ, Zone_0144, Nagpur के पास। समय 2026-02-05 10:43:00.",P00342,P00329,LOC0144
DIG003893,2026-02-07 02:56:00,en,"PERSON_00257 met PERSON_00361 near Zone_0071, Indore. Record time 2026-02-07 02:56:00.",P00257,P00361,LOC0071
DIG003894,2026-04-01 23:23:00,mr,"PERSON_00869 और PERSON_00410 ने भेट दिली, Zone_0009, Jabalpur के पास। समय 2026-04-01 23:23:00.",P00869,P00410,LOC0009
DIG003895,2026-07-23 12:02:00,kn,"PERSON_00105 और PERSON_00391 ने ಸಂಪರ್ಕಿಸಿದರು, Zone_0022, Gwalior के पास। समय 2026-07-23 12:02:00.",P00105,P00391,LOC0022
DIG003896,2026-02-05 09:00:00,en,"PERSON_00201 called PERSON_00611 near Zone_0084, Gwalior. Record time 2026-02-05 09:00:00.",P00201,P00611,LOC0084
DIG003897,2026-03-10 23:57:00,pa,"PERSON_00596 और PERSON_00445 ने ਪੈਸੇ ਭੇਜੇ, Zone_0029, Nagpur के पास। समय 2026-03-10 23:57:00.",P00596,P00445,LOC0029
DIG003898,2026-08-27 09:57:00,ml,"PERSON_00435 और PERSON_00949 ने ബന്ധപ്പെട്ടു, Zone_0091, Jabalpur के पास। समय 2026-08-27 09:57:00.",P00435,P00949,LOC0091
DIG003899,2026-05-13 12:56:00,ta,"PERSON_00067 और PERSON_00315 ने பணம் அனுப்பினார், Zone_0159, Nagpur के पास। समय 2026-05-13 12:56:00.",P00067,P00315,LOC0159
DIG003900,2026-07-04 07:26:00,ta,"PERSON_00495 और PERSON_00843 ने பணம் அனுப்பினார், Zone_0169, Nagpur के पास। समय 2026-07-04 07:26:00.",P00495,P00843,LOC0169
DIG003901,2026-07-08 16:10:00,gu,"PERSON_00421 और PERSON_00874 ने ફોન કર્યો, Zone_0117, Gwalior के पास। समय 2026-07-08 16:10:00.",P00421,P00874,LOC0117
DIG003902,2026-03-06 23:46:00,pa,"PERSON_00017 और PERSON_00645 ने ਸੁਨੇਹਾ ਭੇਜਿਆ, Zone_0129, Nagpur के पास। समय 2026-03-06 23:46:00.",P00017,P00645,LOC0129
DIG003903,2026-05-31 12:33:00,en,"PERSON_00212 contacted PERSON_00397 near Zone_0014, Bhopal. Record time 2026-05-31 12:33:00.",P00212,P00397,LOC0014
DIG003904,2026-04-08 03:09:00,en,"PERSON_00716 visited PERSON_00678 near Zone_0177, Gwalior. Record time 2026-04-08 03:09:00.",P00716,P00678,LOC0177
DIG003905,2026-04-04 12:18:00,ta,"PERSON_00061 और PERSON_00208 ने சந்தித்தார், Zone_0138, Bhopal के पास। समय 2026-04-04 12:18:00.",P00061,P00208,LOC0138
DIG003906,2026-03-16 20:55:00,bn,"PERSON_00302 और PERSON_00394 ने ফোন করেছে, Zone_0147, Ujjain के पास। समय 2026-03-16 20:55:00.",P00302,P00394,LOC0147
DIG003907,2026-01-12 15:37:00,ml,"PERSON_00526 और PERSON_00447 ने പണം അയച്ചു, Zone_0139, Jabalpur के पास। समय 2026-01-12 15:37:00.",P00526,P00447,LOC0139
DIG003908,2026-03-04 11:09:00,pa,"PERSON_00583 और PERSON_00724 ने ਸੁਨੇਹਾ ਭੇਜਿਆ, Zone_0108, Bhopal के पास। समय 2026-03-04 11:09:00.",P00583,P00724,LOC0108
DIG003909,2026-08-18 06:27:00,te,"PERSON_00310 और PERSON_00050 ने సందేశం పంపారు, Zone_0049, Nagpur के पास। समय 2026-08-18 06:27:00.",P00310,P00050,LOC0049
DIG003910,2026-06-09 03:29:00,gu,"PERSON_00351 और PERSON_00963 ने સ્થાન શેર કર્યું, Zone_0179, Gwalior के पास। समय 2026-06-09 03:29:00.",P00351,P00963,LOC0179
DIG003911,2026-05-19 16:51:00,mr,"PERSON_00138 और PERSON_00005 ने भेटला, Zone_0110, Indore के पास। समय 2026-05-19 16:51:00.",P00138,P00005,LOC0110
DIG003912,2026-07-12 13:30:00,pa,"PERSON_00975 और PERSON_00523 ने ਮਿਲਿਆ, Zone_0034, Jabalpur के पास। समय 2026-07-12 13:30:00.",P00975,P00523,LOC0034
DIG003913,2026-08-17 03:31:00,gu,"PERSON_00341 और PERSON_00942 ने ફોન કર્યો, Zone_0067, Indore के पास। समय 2026-08-17 03:31:00.",P00341,P00942,LOC0067
DIG003914,2026-06-09 11:34:00,ur,"PERSON_00013 और PERSON_00341 ने فون کیا, Zone_0031, Bhopal के पास। समय 2026-06-09 11:34:00.",P00013,P00341,LOC0031
DIG003915,2026-02-19 14:25:00,hi,"PERSON_00438 और PERSON_00568 ने फोन किया, Zone_0091, Jabalpur के पास। समय 2026-02-19 14:25:00.",P00438,P00568,LOC0091
DIG003916,2026-01-14 15:04:00,gu,"PERSON_00863 और PERSON_00263 ने સ્થાન શેર કર્યું, Zone_0123, Ujjain के पास। समय 2026-01-14 15:04:00.",P00863,P00263,LOC0123
DIG003917,2026-02-15 02:05:00,ml,"PERSON_00558 और PERSON_00599 ने ബന്ധപ്പെട്ടു, Zone_0022, Gwalior के पास। समय 2026-02-15 02:05:00.",P00558,P00599,LOC0022
DIG003918,2026-08-06 16:32:00,ta,"PERSON_00004 और PERSON_00730 ने இடத்தை பகிர்ந்தார், Zone_0142, Jabalpur के पास। समय 2026-08-06 16:32:00.",P00004,P00730,LOC0142
DIG003919,2026-01-19 21:57:00,bn,"PERSON_00815 और PERSON_00701 ने দেখা করেছে, Zone_0110, Indore के पास। समय 2026-01-19 21:57:00.",P00815,P00701,LOC0110
DIG003920,2026-04-02 01:06:00,kn,"PERSON_00651 और PERSON_00682 ने ಸಂಪರ್ಕಿಸಿದರು, Zone_0100, Jabalpur के पास। समय 2026-04-02 01:06:00.",P00651,P00682,LOC0100
DIG003921,2026-05-28 20:38:00,gu,"PERSON_00511 और PERSON_00055 ने ફોન કર્યો, Zone_0047, Ujjain के पास। समय 2026-05-28 20:38:00.",P00511,P00055,LOC0047
DIG003922,2026-03-23 21:14:00,ur,"PERSON_00706 और PERSON_00439 ने دورہ کیا, Zone_0156, Bhopal के पास। समय 2026-03-23 21:14:00.",P00706,P00439,LOC0156
DIG003923,2026-07-27 20:21:00,gu,"PERSON_00397 और PERSON_00588 ने સંપર્ક કર્યો, Zone_0112, Ujjain के पास। समय 2026-07-27 20:21:00.",P00397,P00588,LOC0112
DIG003924,2026-06-23 23:28:00,pa,"PERSON_00951 और PERSON_00605 ने ਸੁਨੇਹਾ ਭੇਜਿਆ, Zone_0100, Jabalpur के पास। समय 2026-06-23 23:28:00.",P00951,P00605,LOC0100
DIG003925,2026-06-23 07:10:00,en,"PERSON_00695 transferred funds to PERSON_00370 near Zone_0084, Gwalior. Record time 2026-06-23 07:10:00.",P00695,P00370,LOC0084
DIG003926,2026-05-20 09:53:00,te,"PERSON_00688 और PERSON_00582 ने వెళ్లారు, Zone_0075, Gwalior के पास। समय 2026-05-20 09:53:00.",P00688,P00582,LOC0075
DIG003927,2026-01-28 07:55:00,bn,"PERSON_00244 और PERSON_00997 ने ফোন করেছে, Zone_0025, Jabalpur के पास। समय 2026-01-28 07:55:00.",P00244,P00997,LOC0025
DIG003928,2026-05-02 21:38:00,gu,"PERSON_00553 और PERSON_00956 ने ફોન કર્યો, Zone_0119, Indore के पास। समय 2026-05-02 21:38:00.",P00553,P00956,LOC0119
DIG003929,2026-02-16 06:21:00,ml,"PERSON_00249 और PERSON_00279 ने പണം അയച്ചു, Zone_0076, Indore के पास। समय 2026-02-16 06:21:00.",P00249,P00279,LOC0076
DIG003930,2026-01-09 16:28:00,ta,"PERSON_00892 और PERSON_00836 ने சென்றார், Zone_0088, Indore के पास। समय 2026-01-09 16:28:00.",P00892,P00836,LOC0088
DIG003931,2026-05-13 00:34:00,en,"PERSON_00846 used a vehicle PERSON_00504 near Zone_0168, Nagpur. Record time 2026-05-13 00:34:00.",P00846,P00504,LOC0168
DIG003932,2026-07-02 13:24:00,pa,"PERSON_00027 और PERSON_00815 ने ਫੋਨ ਕੀਤਾ, Zone_0087, Ujjain के पास। समय 2026-07-02 13:24:00.",P00027,P00815,LOC0087
DIG003933,2026-06-26 00:27:00,ml,"PERSON_00426 और PERSON_00139 ने സ്ഥലം പങ്കിട്ടു, Zone_0042, Ujjain के पास। समय 2026-06-26 00:27:00.",P00426,P00139,LOC0042
DIG003934,2026-08-04 19:13:00,te,"PERSON_00184 और PERSON_00302 ने డబ్బు పంపారు, Zone_0161, Jabalpur के पास। समय 2026-08-04 19:13:00.",P00184,P00302,LOC0161
DIG003935,2026-04-15 09:29:00,en,"PERSON_00036 called PERSON_00702 near Zone_0079, Nagpur. Record time 2026-04-15 09:29:00.",P00036,P00702,LOC0079
DIG003936,2026-02-19 05:53:00,kn,"PERSON_00938 और PERSON_00885 ने ಸ್ಥಳ ಹಂಚಿಕೊಂಡರು, Zone_0102, Ujjain के पास। समय 2026-02-19 05:53:00.",P00938,P00885,LOC0102
DIG003937,2026-02-04 12:52:00,te,"PERSON_00048 और PERSON_00854 ने డబ్బు పంపారు, Zone_0133, Indore के पास। समय 2026-02-04 12:52:00.",P00048,P00854,LOC0133
DIG003938,2026-03-31 12:27:00,ta,"PERSON_00293 और PERSON_00386 ने அழைத்தார், Zone_0135, Nagpur के पास। समय 2026-03-31 12:27:00.",P00293,P00386,LOC0135
DIG003939,2026-08-14 05:28:00,hi,"PERSON_00933 और PERSON_00700 ने दौरा किया, Zone_0064, Ujjain के पास। समय 2026-08-14 05:28:00.",P00933,P00700,LOC0064
DIG003940,2026-02-04 05:40:00,en,"PERSON_00198 sent a message to PERSON_00938 near Zone_0011, Gwalior. Record time 2026-02-04 05:40:00.",P00198,P00938,LOC0011
DIG003941,2026-01-22 04:04:00,en,"PERSON_00465 visited PERSON_00639 near Zone_0018, Bhopal. Record time 2026-01-22 04:04:00.",P00465,P00639,LOC0018
DIG003942,2026-03-05 18:07:00,en,"PERSON_00614 used a vehicle PERSON_00981 near Zone_0119, Indore. Record time 2026-03-05 18:07:00.",P00614,P00981,LOC0119
DIG003943,2026-08-10 02:13:00,ml,"PERSON_00608 और PERSON_00057 ने സന്ദേശം അയച്ചു, Zone_0061, Gwalior के पास। समय 2026-08-10 02:13:00.",P00608,P00057,LOC0061
DIG003944,2026-01-29 19:18:00,gu,"PERSON_00071 और PERSON_00175 ने નાણાં મોકલ્યાં, Zone_0068, Bhopal के पास। समय 2026-01-29 19:18:00.",P00071,P00175,LOC0068
DIG003945,2026-02-18 04:12:00,kn,"PERSON_00179 और PERSON_00556 ने ಸ್ಥಳ ಹಂಚಿಕೊಂಡರು, Zone_0127, Bhopal के पास। समय 2026-02-18 04:12:00.",P00179,P00556,LOC0127
DIG003946,2026-02-10 07:25:00,ta,"PERSON_00060 और PERSON_00957 ने இடத்தை பகிர்ந்தார், Zone_0034, Jabalpur के पास। समय 2026-02-10 07:25:00.",P00060,P00957,LOC0034
DIG003947,2026-06-12 23:34:00,pa,"PERSON_00840 और PERSON_00669 ने ਮੁਲਾਕਾਤ ਕੀਤੀ, Zone_0054, Jabalpur के पास। समय 2026-06-12 23:34:00.",P00840,P00669,LOC0054
DIG003948,2026-03-03 15:26:00,pa,"PERSON_00123 और PERSON_00329 ने ਮੁਲਾਕਾਤ ਕੀਤੀ, Zone_0031, Bhopal के पास। समय 2026-03-03 15:26:00.",P00123,P00329,LOC0031
DIG003949,2026-05-23 03:35:00,hi,"PERSON_00254 और PERSON_00940 ने संदेश भेजा, Zone_0179, Gwalior के पास। समय 2026-05-23 03:35:00.",P00254,P00940,LOC0179
DIG003950,2026-02-17 18:08:00,mr,"PERSON_00628 और PERSON_00223 ने फोन केला, Zone_0085, Gwalior के पास। समय 2026-02-17 18:08:00.",P00628,P00223,LOC0085
DIG003951,2026-03-12 05:41:00,ta,"PERSON_00967 और PERSON_00654 ने இடத்தை பகிர்ந்தார், Zone_0126, Nagpur के पास। समय 2026-03-12 05:41:00.",P00967,P00654,LOC0126
DIG003952,2026-03-28 18:07:00,kn,"PERSON_00301 और PERSON_00687 ने ಸಂದೇಶ ಕಳುಹಿಸಿದರು, Zone_0013, Gwalior के पास। समय 2026-03-28 18:07:00.",P00301,P00687,LOC0013
DIG003953,2026-03-31 14:13:00,ur,"PERSON_00704 और PERSON_00493 ने دورہ کیا, Zone_0017, Gwalior के पास। समय 2026-03-31 14:13:00.",P00704,P00493,LOC0017
DIG003954,2026-01-25 02:46:00,hi,"PERSON_00094 और PERSON_00515 ने वाहन का उपयोग किया, Zone_0014, Bhopal के पास। समय 2026-01-25 02:46:00.",P00094,P00515,LOC0014
DIG003955,2026-04-05 09:06:00,en,"PERSON_00592 transferred funds to PERSON_00189 near Zone_0002, Ujjain. Record time 2026-04-05 09:06:00.",P00592,P00189,LOC0002
DIG003956,2026-04-29 16:09:00,pa,"PERSON_00455 और PERSON_00773 ने ਮਿਲਿਆ, Zone_0123, Ujjain के पास। समय 2026-04-29 16:09:00.",P00455,P00773,LOC0123
DIG003957,2026-06-18 20:54:00,pa,"PERSON_00464 और PERSON_00003 ने ਫੋਨ ਕੀਤਾ, Zone_0065, Jabalpur के पास। समय 2026-06-18 20:54:00.",P00464,P00003,LOC0065
DIG003958,2026-03-24 09:11:00,ml,"PERSON_00677 और PERSON_00389 ने കണ്ടുമുട്ടി, Zone_0163, Nagpur के पास। समय 2026-03-24 09:11:00.",P00677,P00389,LOC0163
DIG003959,2026-06-14 18:19:00,kn,"PERSON_00728 और PERSON_00004 ने ಹಣ ಕಳುಹಿಸಿದರು, Zone_0083, Ujjain के पास। समय 2026-06-14 18:19:00.",P00728,P00004,LOC0083
DIG003960,2026-02-22 21:13:00,hi,"PERSON_00553 और PERSON_00852 ने स्थान साझा किया, Zone_0135, Nagpur के पास। समय 2026-02-22 21:13:00.",P00553,P00852,LOC0135
DIG003961,2026-03-08 07:02:00,ur,"PERSON_00918 और PERSON_00786 ने دورہ کیا, Zone_0066, Jabalpur के पास। समय 2026-03-08 07:02:00.",P00918,P00786,LOC0066
DIG003962,2026-01-17 11:54:00,ml,"PERSON_00384 और PERSON_00703 ने കണ്ടുമുട്ടി, Zone_0067, Indore के पास। समय 2026-01-17 11:54:00.",P00384,P00703,LOC0067
DIG003963,2026-03-04 10:12:00,ml,"PERSON_00158 और PERSON_00225 ने കണ്ടുമുട്ടി, Zone_0063, Gwalior के पास। समय 2026-03-04 10:12:00.",P00158,P00225,LOC0063
DIG003964,2026-02-20 13:20:00,ta,"PERSON_00828 और PERSON_00589 ने செய்தி அனுப்பினார், Zone_0046, Bhopal के पास। समय 2026-02-20 13:20:00.",P00828,P00589,LOC0046
DIG003965,2026-03-20 04:57:00,ml,"PERSON_00853 और PERSON_00327 ने സന്ദർശിച്ചു, Zone_0008, Nagpur के पास। समय 2026-03-20 04:57:00.",P00853,P00327,LOC0008
DIG003966,2026-02-21 07:02:00,mr,"PERSON_00960 और PERSON_00002 ने भेट दिली, Zone_0050, Jabalpur के पास। समय 2026-02-21 07:02:00.",P00960,P00002,LOC0050
DIG003967,2026-08-21 09:55:00,gu,"PERSON_00047 और PERSON_00886 ने ફોન કર્યો, Zone_0144, Nagpur के पास। समय 2026-08-21 09:55:00.",P00047,P00886,LOC0144
DIG003968,2026-01-06 01:37:00,hi,"PERSON_00962 और PERSON_00974 ने संपर्क किया, Zone_0021, Ujjain के पास। समय 2026-01-06 01:37:00.",P00962,P00974,LOC0021
DIG003969,2026-06-17 13:57:00,kn,"PERSON_00707 और PERSON_00349 ने ಸಂಪರ್ಕಿಸಿದರು, Zone_0062, Ujjain के पास। समय 2026-06-17 13:57:00.",P00707,P00349,LOC0062
DIG003970,2026-07-24 18:09:00,hi,"PERSON_00527 और PERSON_00927 ने वाहन का उपयोग किया, Zone_0070, Ujjain के पास। समय 2026-07-24 18:09:00.",P00527,P00927,LOC0070
DIG003971,2026-01-25 13:43:00,te,"PERSON_00861 और PERSON_00400 ने సందేశం పంపారు, Zone_0025, Jabalpur के पास। समय 2026-01-25 13:43:00.",P00861,P00400,LOC0025
DIG003972,2026-05-10 22:20:00,te,"PERSON_00850 और PERSON_00368 ने వెళ్లారు, Zone_0055, Bhopal के पास। समय 2026-05-10 22:20:00.",P00850,P00368,LOC0055
DIG003973,2026-05-02 14:33:00,en,"PERSON_00379 used a vehicle PERSON_00062 near Zone_0042, Ujjain. Record time 2026-05-02 14:33:00.",P00379,P00062,LOC0042
DIG003974,2026-04-20 17:21:00,te,"PERSON_00278 और PERSON_00159 ने వెళ్లారు, Zone_0159, Nagpur के पास। समय 2026-04-20 17:21:00.",P00278,P00159,LOC0159
DIG003975,2026-01-30 11:10:00,hi,"PERSON_00271 और PERSON_00547 ने संपर्क किया, Zone_0087, Ujjain के पास। समय 2026-01-30 11:10:00.",P00271,P00547,LOC0087
DIG003976,2026-05-30 08:26:00,kn,"PERSON_00839 और PERSON_00512 ने ಭೇಟಿಯಾದರು, Zone_0024, Jabalpur के पास। समय 2026-05-30 08:26:00.",P00839,P00512,LOC0024
DIG003977,2026-07-30 12:17:00,gu,"PERSON_00295 और PERSON_00440 ने નાણાં મોકલ્યાં, Zone_0110, Indore के पास। समय 2026-07-30 12:17:00.",P00295,P00440,LOC0110
DIG003978,2026-05-24 19:46:00,ta,"PERSON_00156 और PERSON_00338 ने இடத்தை பகிர்ந்தார், Zone_0045, Gwalior के पास। समय 2026-05-24 19:46:00.",P00156,P00338,LOC0045
DIG003979,2026-01-09 09:32:00,hi,"PERSON_00428 और PERSON_00474 ने फोन किया, Zone_0020, Bhopal के पास। समय 2026-01-09 09:32:00.",P00428,P00474,LOC0020
DIG003980,2026-05-23 22:54:00,pa,"PERSON_00624 और PERSON_00444 ने ਫੋਨ ਕੀਤਾ, Zone_0163, Nagpur के पास। समय 2026-05-23 22:54:00.",P00624,P00444,LOC0163
DIG003981,2026-01-09 09:15:00,bn,"PERSON_00422 और PERSON_00676 ने দেখা করেছে, Zone_0022, Gwalior के पास। समय 2026-01-09 09:15:00.",P00422,P00676,LOC0022
DIG003982,2026-08-25 10:54:00,ml,"PERSON_00089 और PERSON_00582 ने സ്ഥലം പങ്കിട്ടു, Zone_0078, Ujjain के पास। समय 2026-08-25 10:54:00.",P00089,P00582,LOC0078
DIG003983,2026-03-09 23:04:00,ml,"PERSON_00766 और PERSON_00840 ने സന്ദർശിച്ചു, Zone_0008, Nagpur के पास। समय 2026-03-09 23:04:00.",P00766,P00840,LOC0008
DIG003984,2026-01-17 13:23:00,ur,"PERSON_00169 और PERSON_00171 ने ملاقات کی, Zone_0060, Ujjain के पास। समय 2026-01-17 13:23:00.",P00169,P00171,LOC0060
DIG003985,2026-03-07 07:42:00,ta,"PERSON_00237 और PERSON_00967 ने அழைத்தார், Zone_0163, Nagpur के पास। समय 2026-03-07 07:42:00.",P00237,P00967,LOC0163
DIG003986,2026-06-02 12:08:00,te,"PERSON_00701 और PERSON_00443 ने ఫోన్ చేశారు, Zone_0082, Nagpur के पास। समय 2026-06-02 12:08:00.",P00701,P00443,LOC0082
DIG003987,2026-07-03 18:23:00,mr,"PERSON_00128 और PERSON_00306 ने पैसे पाठवले, Zone_0180, Indore के पास। समय 2026-07-03 18:23:00.",P00128,P00306,LOC0180
DIG003988,2026-08-26 18:36:00,ur,"PERSON_00691 और PERSON_00301 ने دورہ کیا, Zone_0006, Bhopal के पास। समय 2026-08-26 18:36:00.",P00691,P00301,LOC0006
DIG003989,2026-03-27 09:39:00,bn,"PERSON_00779 और PERSON_00895 ने ফোন করেছে, Zone_0095, Indore के पास। समय 2026-03-27 09:39:00.",P00779,P00895,LOC0095
DIG003990,2026-04-09 09:28:00,kn,"PERSON_00826 और PERSON_00301 ने ಸಂದೇಶ ಕಳುಹಿಸಿದರು, Zone_0147, Ujjain के पास। समय 2026-04-09 09:28:00.",P00826,P00301,LOC0147
DIG003991,2026-04-13 04:00:00,gu,"PERSON_00616 और PERSON_00486 ने સંદેશ મોકલ્યો, Zone_0045, Gwalior के पास। समय 2026-04-13 04:00:00.",P00616,P00486,LOC0045
DIG003992,2026-06-25 16:02:00,en,"PERSON_00824 sent a message to PERSON_00729 near Zone_0177, Gwalior. Record time 2026-06-25 16:02:00.",P00824,P00729,LOC0177
DIG003993,2026-01-14 07:52:00,en,"PERSON_00741 sent a message to PERSON_00213 near Zone_0025, Jabalpur. Record time 2026-01-14 07:52:00.",P00741,P00213,LOC0025
DIG003994,2026-04-21 07:53:00,bn,"PERSON_00222 और PERSON_00759 ने যোগাযোগ করেছে, Zone_0167, Nagpur के पास। समय 2026-04-21 07:53:00.",P00222,P00759,LOC0167
DIG003995,2026-07-06 03:02:00,te,"PERSON_00037 और PERSON_00526 ने ఫోన్ చేశారు, Zone_0060, Ujjain के पास। समय 2026-07-06 03:02:00.",P00037,P00526,LOC0060
DIG003996,2026-04-06 18:07:00,gu,"PERSON_00476 और PERSON_00879 ने સ્થાન શેર કર્યું, Zone_0151, Indore के पास। समय 2026-04-06 18:07:00.",P00476,P00879,LOC0151
DIG003997,2026-04-14 11:57:00,ur,"PERSON_00960 और PERSON_00799 ने رقم منتقل کی, Zone_0039, Gwalior के पास। समय 2026-04-14 11:57:00.",P00960,P00799,LOC0039
DIG003998,2026-02-15 13:16:00,mr,"PERSON_00999 और PERSON_00006 ने संदेश पाठवला, Zone_0116, Bhopal के पास। समय 2026-02-15 13:16:00.",P00999,P00006,LOC0116
DIG003999,2026-05-21 05:52:00,ur,"PERSON_00720 और PERSON_00423 ने رابطہ کیا, Zone_0109, Bhopal के पास। समय 2026-05-21 05:52:00.",P00720,P00423,LOC0109
DIG004000,2026-04-17 19:24:00,kn,"PERSON_00164 और PERSON_00890 ने ಸ್ಥಳ ಹಂಚಿಕೊಂಡರು, Zone_0002, Ujjain के पास। समय 2026-04-17 19:24:00.",P00164,P00890,LOC0002
DIG004001,2026-03-11 12:16:00,hi,"PERSON_00552 और PERSON_00785 ने धन भेजा, Zone_0127, Bhopal के पास। समय 2026-03-11 12:16:00.",P00552,P00785,LOC0127
DIG004002,2026-03-03 21:38:00,te,"PERSON_00459 और PERSON_00019 ने వెళ్లారు, Zone_0103, Indore के पास। समय 2026-03-03 21:38:00.",P00459,P00019,LOC0103
DIG004003,2026-07-25 12:13:00,te,"PERSON_00668 और PERSON_00430 ने సంప్రదించారు, Zone_0115, Jabalpur के पास। समय 2026-07-25 12:13:00.",P00668,P00430,LOC0115
DIG004004,2026-03-08 21:52:00,mr,"PERSON_00027 और PERSON_00939 ने पैसे पाठवले, Zone_0154, Ujjain के पास। समय 2026-03-08 21:52:00.",P00027,P00939,LOC0154
DIG004005,2026-03-26 00:18:00,mr,"PERSON_00151 और PERSON_00411 ने भेट दिली, Zone_0165, Gwalior के पास। समय 2026-03-26 00:18:00.",P00151,P00411,LOC0165
DIG004006,2026-06-26 02:59:00,te,"PERSON_00087 और PERSON_00508 ने కలిశారు, Zone_0155, Nagpur के पास। समय 2026-06-26 02:59:00.",P00087,P00508,LOC0155
DIG004007,2026-07-14 20:56:00,hi,"PERSON_00794 और PERSON_00795 ने फोन किया, Zone_0122, Nagpur के पास। समय 2026-07-14 20:56:00.",P00794,P00795,LOC0122
DIG004008,2026-08-02 16:24:00,ur,"PERSON_00011 और PERSON_00527 ने فون کیا, Zone_0143, Nagpur के पास। समय 2026-08-02 16:24:00.",P00011,P00527,LOC0143
DIG004009,2026-08-01 15:16:00,mr,"PERSON_00310 और PERSON_00182 ने भेट दिली, Zone_0110, Indore के पास। समय 2026-08-01 15:16:00.",P00310,P00182,LOC0110
DIG004010,2026-07-14 22:14:00,hi,"PERSON_00239 और PERSON_00113 ने दौरा किया, Zone_0015, Gwalior के पास। समय 2026-07-14 22:14:00.",P00239,P00113,LOC0015
DIG004011,2026-07-10 18:50:00,ml,"PERSON_00552 और PERSON_00953 ने വിളിച്ചു, Zone_0153, Jabalpur के पास। समय 2026-07-10 18:50:00.",P00552,P00953,LOC0153
DIG004012,2026-03-05 11:38:00,hi,"PERSON_00622 और PERSON_00523 ने मिला, Zone_0173, Jabalpur के पास। समय 2026-03-05 11:38:00.",P00622,P00523,LOC0173
DIG004013,2026-02-07 13:29:00,hi,"PERSON_00200 और PERSON_00578 ने स्थान साझा किया, Zone_0049, Nagpur के पास। समय 2026-02-07 13:29:00.",P00200,P00578,LOC0049
DIG004014,2026-02-10 01:41:00,kn,"PERSON_00087 और PERSON_00431 ने ಸಂಪರ್ಕಿಸಿದರು, Zone_0118, Ujjain के पास। समय 2026-02-10 01:41:00.",P00087,P00431,LOC0118
DIG004015,2026-05-04 00:47:00,ur,"PERSON_00204 और PERSON_00884 ने مقام شیئر کیا, Zone_0176, Gwalior के पास। समय 2026-05-04 00:47:00.",P00204,P00884,LOC0176
DIG004016,2026-08-23 17:44:00,gu,"PERSON_00466 और PERSON_00842 ने સ્થાન શેર કર્યું, Zone_0050, Jabalpur के पास। समय 2026-08-23 17:44:00.",P00466,P00842,LOC0050
DIG004017,2026-05-27 19:31:00,kn,"PERSON_00212 और PERSON_00104 ने ಸಂದೇಶ ಕಳುಹಿಸಿದರು, Zone_0066, Jabalpur के पास। समय 2026-05-27 19:31:00.",P00212,P00104,LOC0066
DIG004018,2026-04-21 07:56:00,kn,"PERSON_00761 और PERSON_00293 ने ಸಂದೇಶ ಕಳುಹಿಸಿದರು, Zone_0043, Gwalior के पास। समय 2026-04-21 07:56:00.",P00761,P00293,LOC0043
DIG004019,2026-01-08 07:27:00,ur,"PERSON_00272 और PERSON_00909 ने دورہ کیا, Zone_0161, Jabalpur के पास। समय 2026-01-08 07:27:00.",P00272,P00909,LOC0161
DIG004020,2026-08-06 17:16:00,ta,"PERSON_00101 और PERSON_00104 ने அழைத்தார், Zone_0116, Bhopal के पास। समय 2026-08-06 17:16:00.",P00101,P00104,LOC0116
DIG004021,2026-06-18 10:35:00,pa,"PERSON_00009 और PERSON_00302 ने ਸੁਨੇਹਾ ਭੇਜਿਆ, Zone_0108, Bhopal के पास। समय 2026-06-18 10:35:00.",P00009,P00302,LOC0108
DIG004022,2026-07-18 07:52:00,kn,"PERSON_00941 और PERSON_00302 ने ಭೇಟಿಯಾದರು, Zone_0157, Nagpur के पास। समय 2026-07-18 07:52:00.",P00941,P00302,LOC0157
DIG004023,2026-03-15 15:36:00,bn,"PERSON_00795 और PERSON_00198 ने ফোন করেছে, Zone_0082, Nagpur के पास। समय 2026-03-15 15:36:00.",P00795,P00198,LOC0082
DIG004024,2026-08-21 13:08:00,ta,"PERSON_00883 और PERSON_00247 ने பணம் அனுப்பினார், Zone_0037, Indore के पास। समय 2026-08-21 13:08:00.",P00883,P00247,LOC0037
DIG004025,2026-08-31 00:11:00,pa,"PERSON_00009 और PERSON_00113 ने ਮਿਲਿਆ, Zone_0157, Nagpur के पास। समय 2026-08-31 00:11:00.",P00009,P00113,LOC0157
DIG004026,2026-02-25 19:55:00,te,"PERSON_00502 और PERSON_00310 ने సందేశం పంపారు, Zone_0107, Indore के पास। समय 2026-02-25 19:55:00.",P00502,P00310,LOC0107
DIG004027,2026-05-20 18:46:00,bn,"PERSON_00671 और PERSON_00084 ने ফোন করেছে, Zone_0097, Ujjain के पास। समय 2026-05-20 18:46:00.",P00671,P00084,LOC0097
DIG004028,2026-06-20 23:12:00,mr,"PERSON_00558 और PERSON_00796 ने भेट दिली, Zone_0120, Ujjain के पास। समय 2026-06-20 23:12:00.",P00558,P00796,LOC0120
DIG004029,2026-05-05 09:52:00,ml,"PERSON_00946 और PERSON_00487 ने സന്ദേശം അയച്ചു, Zone_0151, Indore के पास। समय 2026-05-05 09:52:00.",P00946,P00487,LOC0151
DIG004030,2026-06-01 00:29:00,kn,"PERSON_00691 और PERSON_00705 ने ಭೇಟಿ ನೀಡಿದರು, Zone_0025, Jabalpur के पास। समय 2026-06-01 00:29:00.",P00691,P00705,LOC0025
DIG004031,2026-02-24 21:37:00,te,"PERSON_00359 और PERSON_00830 ने ఫోన్ చేశారు, Zone_0057, Ujjain के पास। समय 2026-02-24 21:37:00.",P00359,P00830,LOC0057
DIG004032,2026-04-04 23:38:00,hi,"PERSON_00564 और PERSON_00620 ने दौरा किया, Zone_0091, Jabalpur के पास। समय 2026-04-04 23:38:00.",P00564,P00620,LOC0091
DIG004033,2026-05-30 20:47:00,hi,"PERSON_00064 और PERSON_00387 ने धन भेजा, Zone_0137, Nagpur के पास। समय 2026-05-30 20:47:00.",P00064,P00387,LOC0137
DIG004034,2026-01-08 13:50:00,gu,"PERSON_00397 और PERSON_00517 ने ફોન કર્યો, Zone_0156, Bhopal के पास। समय 2026-01-08 13:50:00.",P00397,P00517,LOC0156
DIG004035,2026-06-14 02:36:00,ml,"PERSON_00837 और PERSON_00854 ने സന്ദേശം അയച്ചു, Zone_0068, Bhopal के पास। समय 2026-06-14 02:36:00.",P00837,P00854,LOC0068
DIG004036,2026-04-03 13:16:00,en,"PERSON_00333 contacted PERSON_00280 near Zone_0023, Jabalpur. Record time 2026-04-03 13:16:00.",P00333,P00280,LOC0023
DIG004037,2026-08-21 07:59:00,hi,"PERSON_00266 और PERSON_00983 ने दौरा किया, Zone_0163, Nagpur के पास। समय 2026-08-21 07:59:00.",P00266,P00983,LOC0163
DIG004038,2026-01-27 16:34:00,ur,"PERSON_00095 और PERSON_00506 ने فون کیا, Zone_0013, Gwalior के पास। समय 2026-01-27 16:34:00.",P00095,P00506,LOC0013
DIG004039,2026-07-12 21:26:00,gu,"PERSON_00696 और PERSON_00403 ने નાણાં મોકલ્યાં, Zone_0009, Jabalpur के पास। समय 2026-07-12 21:26:00.",P00696,P00403,LOC0009
DIG004040,2026-02-11 22:11:00,bn,"PERSON_00048 और PERSON_00891 ने স্থান ভাগ করেছে, Zone_0004, Indore के पास। समय 2026-02-11 22:11:00.",P00048,P00891,LOC0004
DIG004041,2026-02-03 08:28:00,te,"PERSON_00134 और PERSON_00809 ने డబ్బు పంపారు, Zone_0120, Ujjain के पास। समय 2026-02-03 08:28:00.",P00134,P00809,LOC0120
DIG004042,2026-01-21 09:40:00,ur,"PERSON_00631 और PERSON_00402 ने مقام شیئر کیا, Zone_0170, Ujjain के पास। समय 2026-01-21 09:40:00.",P00631,P00402,LOC0170
DIG004043,2026-01-25 12:11:00,ur,"PERSON_00418 और PERSON_00082 ने رقم منتقل کی, Zone_0063, Gwalior के पास। समय 2026-01-25 12:11:00.",P00418,P00082,LOC0063
DIG004044,2026-08-11 00:50:00,en,"PERSON_00974 transferred funds to PERSON_00140 near Zone_0178, Gwalior. Record time 2026-08-11 00:50:00.",P00974,P00140,LOC0178
DIG004045,2026-07-18 15:10:00,bn,"PERSON_00277 और PERSON_00550 ने স্থান ভাগ করেছে, Zone_0056, Jabalpur के पास। समय 2026-07-18 15:10:00.",P00277,P00550,LOC0056
DIG004046,2026-06-30 13:45:00,ml,"PERSON_00589 और PERSON_00614 ने പണം അയച്ചു, Zone_0081, Gwalior के पास। समय 2026-06-30 13:45:00.",P00589,P00614,LOC0081
DIG004047,2026-07-21 07:42:00,te,"PERSON_00503 और PERSON_00118 ने డబ్బు పంపారు, Zone_0121, Nagpur के पास। समय 2026-07-21 07:42:00.",P00503,P00118,LOC0121
DIG004048,2026-07-25 23:51:00,hi,"PERSON_00650 और PERSON_00160 ने संपर्क किया, Zone_0080, Indore के पास। समय 2026-07-25 23:51:00.",P00650,P00160,LOC0080
DIG004049,2026-07-10 09:57:00,bn,"PERSON_00745 और PERSON_00160 ने পরিদর্শন করেছে, Zone_0011, Gwalior के पास। समय 2026-07-10 09:57:00.",P00745,P00160,LOC0011
DIG004050,2026-03-05 10:15:00,en,"PERSON_00294 visited PERSON_00811 near Zone_0026, Nagpur. Record time 2026-03-05 10:15:00.",P00294,P00811,LOC0026
DIG004051,2026-08-27 22:30:00,ml,"PERSON_00363 और PERSON_00533 ने സന്ദേശം അയച്ചു, Zone_0108, Bhopal के पास। समय 2026-08-27 22:30:00.",P00363,P00533,LOC0108
DIG004052,2026-05-14 23:09:00,kn,"PERSON_00491 और PERSON_00724 ने ಸ್ಥಳ ಹಂಚಿಕೊಂಡರು, Zone_0105, Bhopal के पास। समय 2026-05-14 23:09:00.",P00491,P00724,LOC0105
DIG004053,2026-08-14 05:16:00,pa,"PERSON_00015 और PERSON_00286 ने ਸੁਨੇਹਾ ਭੇਜਿਆ, Zone_0157, Nagpur के पास। समय 2026-08-14 05:16:00.",P00015,P00286,LOC0157
DIG004054,2026-05-21 08:54:00,gu,"PERSON_00123 और PERSON_00654 ने સંપર્ક કર્યો, Zone_0105, Bhopal के पास। समय 2026-05-21 08:54:00.",P00123,P00654,LOC0105
DIG004055,2026-03-28 15:18:00,ur,"PERSON_00873 और PERSON_00717 ने فون کیا, Zone_0143, Nagpur के पास। समय 2026-03-28 15:18:00.",P00873,P00717,LOC0143
DIG004056,2026-05-25 01:56:00,kn,"PERSON_00118 और PERSON_00471 ने ಸಂಪರ್ಕಿಸಿದರು, Zone_0155, Nagpur के पास। समय 2026-05-25 01:56:00.",P00118,P00471,LOC0155
DIG004057,2026-03-25 21:22:00,ur,"PERSON_00781 और PERSON_00469 ने رابطہ کیا, Zone_0020, Bhopal के पास। समय 2026-03-25 21:22:00.",P00781,P00469,LOC0020
DIG004058,2026-05-29 13:24:00,hi,"PERSON_00113 और PERSON_00609 ने फोन किया, Zone_0011, Gwalior के पास। समय 2026-05-29 13:24:00.",P00113,P00609,LOC0011
DIG004059,2026-03-01 03:12:00,ta,"PERSON_00074 और PERSON_00615 ने சென்றார், Zone_0023, Jabalpur के पास। समय 2026-03-01 03:12:00.",P00074,P00615,LOC0023
DIG004060,2026-04-12 04:31:00,ml,"PERSON_00511 और PERSON_00884 ने സ്ഥലം പങ്കിട്ടു, Zone_0161, Jabalpur के पास। समय 2026-04-12 04:31:00.",P00511,P00884,LOC0161
DIG004061,2026-04-02 00:57:00,en,"PERSON_00041 sent a message to PERSON_00231 near Zone_0042, Ujjain. Record time 2026-04-02 00:57:00.",P00041,P00231,LOC0042
DIG004062,2026-05-29 02:00:00,gu,"PERSON_00523 और PERSON_00439 ने સ્થાન શેર કર્યું, Zone_0160, Ujjain के पास। समय 2026-05-29 02:00:00.",P00523,P00439,LOC0160
DIG004063,2026-06-10 09:02:00,bn,"PERSON_00560 और PERSON_00241 ने বার্তা পাঠিয়েছে, Zone_0127, Bhopal के पास। समय 2026-06-10 09:02:00.",P00560,P00241,LOC0127
DIG004064,2026-02-08 00:01:00,ur,"PERSON_00306 और PERSON_00839 ने مقام شیئر کیا, Zone_0059, Indore के पास। समय 2026-02-08 00:01:00.",P00306,P00839,LOC0059
DIG004065,2026-01-30 17:10:00,hi,"PERSON_00906 और PERSON_00117 ने संदेश भेजा, Zone_0058, Bhopal के पास। समय 2026-01-30 17:10:00.",P00906,P00117,LOC0058
DIG004066,2026-07-03 07:10:00,ml,"PERSON_00768 और PERSON_00703 ने സന്ദർശിച്ചു, Zone_0132, Indore के पास। समय 2026-07-03 07:10:00.",P00768,P00703,LOC0132
DIG004067,2026-08-24 06:19:00,pa,"PERSON_00938 और PERSON_00656 ने ਪੈਸੇ ਭੇਜੇ, Zone_0118, Ujjain के पास। समय 2026-08-24 06:19:00.",P00938,P00656,LOC0118
DIG004068,2026-08-09 17:34:00,ta,"PERSON_00966 और PERSON_00523 ने பணம் அனுப்பினார், Zone_0134, Indore के पास। समय 2026-08-09 17:34:00.",P00966,P00523,LOC0134
DIG004069,2026-05-17 10:09:00,ur,"PERSON_00444 और PERSON_00282 ने ملاقات کی, Zone_0023, Jabalpur के पास। समय 2026-05-17 10:09:00.",P00444,P00282,LOC0023
DIG004070,2026-03-30 01:26:00,gu,"PERSON_00357 और PERSON_00583 ने સંપર્ક કર્યો, Zone_0128, Bhopal के पास। समय 2026-03-30 01:26:00.",P00357,P00583,LOC0128
DIG004071,2026-07-31 06:19:00,ur,"PERSON_00221 और PERSON_00737 ने پیغام بھیجا, Zone_0085, Gwalior के पास। समय 2026-07-31 06:19:00.",P00221,P00737,LOC0085
DIG004072,2026-01-10 13:05:00,hi,"PERSON_00519 और PERSON_00331 ने दौरा किया, Zone_0100, Jabalpur के पास। समय 2026-01-10 13:05:00.",P00519,P00331,LOC0100
DIG004073,2026-06-15 08:50:00,ur,"PERSON_00369 और PERSON_00706 ने ملاقات کی, Zone_0156, Bhopal के पास। समय 2026-06-15 08:50:00.",P00369,P00706,LOC0156
DIG004074,2026-06-02 21:26:00,mr,"PERSON_00962 और PERSON_00953 ने भेट दिली, Zone_0124, Bhopal के पास। समय 2026-06-02 21:26:00.",P00962,P00953,LOC0124
DIG004075,2026-01-21 08:44:00,bn,"PERSON_00535 और PERSON_00025 ने স্থান ভাগ করেছে, Zone_0036, Ujjain के पास। समय 2026-01-21 08:44:00.",P00535,P00025,LOC0036
DIG004076,2026-01-24 01:47:00,gu,"PERSON_00109 और PERSON_00309 ने ફોન કર્યો, Zone_0106, Ujjain के पास। समय 2026-01-24 01:47:00.",P00109,P00309,LOC0106
DIG004077,2026-05-06 19:57:00,hi,"PERSON_00941 और PERSON_00291 ने दौरा किया, Zone_0088, Indore के पास। समय 2026-05-06 19:57:00.",P00941,P00291,LOC0088
DIG004078,2026-04-18 06:34:00,hi,"PERSON_00611 और PERSON_00460 ने स्थान साझा किया, Zone_0055, Bhopal के पास। समय 2026-04-18 06:34:00.",P00611,P00460,LOC0055
DIG004079,2026-08-15 00:19:00,kn,"PERSON_00983 और PERSON_00332 ने ಸಂದೇಶ ಕಳುಹಿಸಿದರು, Zone_0090, Gwalior के पास। समय 2026-08-15 00:19:00.",P00983,P00332,LOC0090
DIG004080,2026-08-18 03:01:00,pa,"PERSON_00250 और PERSON_00462 ने ਸੰਪਰਕ ਕੀਤਾ, Zone_0021, Ujjain के पास। समय 2026-08-18 03:01:00.",P00250,P00462,LOC0021
DIG004081,2026-07-14 12:22:00,kn,"PERSON_00923 और PERSON_00349 ने ಹಣ ಕಳುಹಿಸಿದರು, Zone_0015, Gwalior के पास। समय 2026-07-14 12:22:00.",P00923,P00349,LOC0015
DIG004082,2026-01-06 11:10:00,en,"PERSON_00870 visited PERSON_00186 near Zone_0116, Bhopal. Record time 2026-01-06 11:10:00.",P00870,P00186,LOC0116
DIG004083,2026-08-23 15:48:00,kn,"PERSON_00439 और PERSON_00108 ने ಸಂದೇಶ ಕಳುಹಿಸಿದರು, Zone_0109, Bhopal के पास। समय 2026-08-23 15:48:00.",P00439,P00108,LOC0109
DIG004084,2026-07-29 16:08:00,ta,"PERSON_00713 और PERSON_00967 ने அழைத்தார், Zone_0150, Ujjain के पास। समय 2026-07-29 16:08:00.",P00713,P00967,LOC0150
DIG004085,2026-03-22 22:34:00,pa,"PERSON_00541 और PERSON_00736 ने ਪੈਸੇ ਭੇਜੇ, Zone_0073, Jabalpur के पास। समय 2026-03-22 22:34:00.",P00541,P00736,LOC0073
DIG004086,2026-01-06 13:06:00,ml,"PERSON_00217 और PERSON_00801 ने പണം അയച്ചു, Zone_0161, Jabalpur के पास। समय 2026-01-06 13:06:00.",P00217,P00801,LOC0161
DIG004087,2026-03-22 12:03:00,te,"PERSON_00601 और PERSON_00248 ने సందేశం పంపారు, Zone_0134, Indore के पास। समय 2026-03-22 12:03:00.",P00601,P00248,LOC0134
DIG004088,2026-08-12 14:59:00,en,"PERSON_00388 contacted PERSON_00443 near Zone_0166, Bhopal. Record time 2026-08-12 14:59:00.",P00388,P00443,LOC0166
DIG004089,2026-06-19 03:38:00,ur,"PERSON_00647 और PERSON_00856 ने رقم منتقل کی, Zone_0048, Indore के पास। समय 2026-06-19 03:38:00.",P00647,P00856,LOC0048
DIG004090,2026-04-06 06:10:00,ta,"PERSON_00245 और PERSON_00979 ने பணம் அனுப்பினார், Zone_0019, Gwalior के पास। समय 2026-04-06 06:10:00.",P00245,P00979,LOC0019
DIG004091,2026-01-21 14:40:00,hi,"PERSON_00287 और PERSON_00460 ने संपर्क किया, Zone_0169, Nagpur के पास। समय 2026-01-21 14:40:00.",P00287,P00460,LOC0169
DIG004092,2026-07-05 20:46:00,te,"PERSON_00843 और PERSON_00798 ने ఫోన్ చేశారు, Zone_0147, Ujjain के पास। समय 2026-07-05 20:46:00.",P00843,P00798,LOC0147
DIG004093,2026-08-04 18:09:00,te,"PERSON_00603 और PERSON_00076 ने సందేశం పంపారు, Zone_0033, Jabalpur के पास। समय 2026-08-04 18:09:00.",P00603,P00076,LOC0033
DIG004094,2026-04-03 00:03:00,te,"PERSON_00048 और PERSON_00996 ने డబ్బు పంపారు, Zone_0147, Ujjain के पास। समय 2026-04-03 00:03:00.",P00048,P00996,LOC0147
DIG004095,2026-08-17 18:42:00,bn,"PERSON_00051 और PERSON_00512 ने বার্তা পাঠিয়েছে, Zone_0158, Jabalpur के पास। समय 2026-08-17 18:42:00.",P00051,P00512,LOC0158
DIG004096,2026-03-09 01:28:00,bn,"PERSON_00842 और PERSON_00065 ने স্থান ভাগ করেছে, Zone_0032, Jabalpur के पास। समय 2026-03-09 01:28:00.",P00842,P00065,LOC0032
DIG004097,2026-06-15 00:52:00,mr,"PERSON_00191 और PERSON_00475 ने संदेश पाठवला, Zone_0045, Gwalior के पास। समय 2026-06-15 00:52:00.",P00191,P00475,LOC0045
DIG004098,2026-04-10 02:36:00,kn,"PERSON_00975 और PERSON_00976 ने ಕರೆ ಮಾಡಿದರು, Zone_0027, Gwalior के पास। समय 2026-04-10 02:36:00.",P00975,P00976,LOC0027
DIG004099,2026-02-02 19:32:00,ta,"PERSON_00993 और PERSON_00280 ने சென்றார், Zone_0043, Gwalior के पास। समय 2026-02-02 19:32:00.",P00993,P00280,LOC0043
DIG004100,2026-07-06 17:47:00,mr,"PERSON_00451 और PERSON_00286 ने ठिकाण शेअर केले, Zone_0169, Nagpur के पास। समय 2026-07-06 17:47:00.",P00451,P00286,LOC0169
DIG004101,2026-06-28 14:07:00,te,"PERSON_00214 और PERSON_00236 ने స్థానం పంచుకున్నారు, Zone_0174, Gwalior के पास। समय 2026-06-28 14:07:00.",P00214,P00236,LOC0174
DIG004102,2026-06-18 13:12:00,ur,"PERSON_00491 और PERSON_00592 ने رقم منتقل کی, Zone_0149, Ujjain के पास। समय 2026-06-18 13:12:00.",P00491,P00592,LOC0149
DIG004103,2026-05-21 19:29:00,kn,"PERSON_00782 और PERSON_00588 ने ಭೇಟಿಯಾದರು, Zone_0028, Bhopal के पास। समय 2026-05-21 19:29:00.",P00782,P00588,LOC0028
DIG004104,2026-04-16 19:43:00,ur,"PERSON_00725 और PERSON_00101 ने ملاقات کی, Zone_0173, Jabalpur के पास। समय 2026-04-16 19:43:00.",P00725,P00101,LOC0173
DIG004105,2026-07-13 18:07:00,pa,"PERSON_00596 और PERSON_00638 ने ਪੈਸੇ ਭੇਜੇ, Zone_0030, Nagpur के पास। समय 2026-07-13 18:07:00.",P00596,P00638,LOC0030
DIG004106,2026-04-08 19:21:00,kn,"PERSON_00451 और PERSON_00483 ने ಹಣ ಕಳುಹಿಸಿದರು, Zone_0090, Gwalior के पास। समय 2026-04-08 19:21:00.",P00451,P00483,LOC0090
DIG004107,2026-06-28 17:33:00,kn,"PERSON_00893 और PERSON_00898 ने ಸಂಪರ್ಕಿಸಿದರು, Zone_0157, Nagpur के पास। समय 2026-06-28 17:33:00.",P00893,P00898,LOC0157
DIG004108,2026-04-20 07:28:00,hi,"PERSON_00487 और PERSON_00449 ने स्थान साझा किया, Zone_0013, Gwalior के पास। समय 2026-04-20 07:28:00.",P00487,P00449,LOC0013
DIG004109,2026-01-28 18:16:00,pa,"PERSON_00195 और PERSON_00213 ने ਮਿਲਿਆ, Zone_0150, Ujjain के पास। समय 2026-01-28 18:16:00.",P00195,P00213,LOC0150
DIG004110,2026-04-19 01:55:00,en,"PERSON_00210 sent a message to PERSON_00034 near Zone_0154, Ujjain. Record time 2026-04-19 01:55:00.",P00210,P00034,LOC0154
DIG004111,2026-02-21 06:00:00,kn,"PERSON_00143 और PERSON_00446 ने ಸಂಪರ್ಕಿಸಿದರು, Zone_0039, Gwalior के पास। समय 2026-02-21 06:00:00.",P00143,P00446,LOC0039
DIG004112,2026-02-23 09:14:00,hi,"PERSON_00427 और PERSON_00081 ने फोन किया, Zone_0028, Bhopal के पास। समय 2026-02-23 09:14:00.",P00427,P00081,LOC0028
DIG004113,2026-06-04 22:14:00,ur,"PERSON_00927 और PERSON_00468 ने رقم منتقل کی, Zone_0003, Indore के पास। समय 2026-06-04 22:14:00.",P00927,P00468,LOC0003
DIG004114,2026-07-15 09:24:00,pa,"PERSON_00873 और PERSON_00460 ने ਸਥਾਨ ਸਾਂਝਾ ਕੀਤਾ, Zone_0150, Ujjain के पास। समय 2026-07-15 09:24:00.",P00873,P00460,LOC0150
DIG004115,2026-04-03 15:52:00,en,"PERSON_00230 used a vehicle PERSON_00698 near Zone_0130, Gwalior. Record time 2026-04-03 15:52:00.",P00230,P00698,LOC0130
DIG004116,2026-05-02 19:06:00,ta,"PERSON_00778 और PERSON_00372 ने செய்தி அனுப்பினார், Zone_0025, Jabalpur के पास। समय 2026-05-02 19:06:00.",P00778,P00372,LOC0025
DIG004117,2026-04-14 03:27:00,hi,"PERSON_00570 और PERSON_00739 ने संपर्क किया, Zone_0067, Indore के पास। समय 2026-04-14 03:27:00.",P00570,P00739,LOC0067
DIG004118,2026-01-26 15:33:00,mr,"PERSON_00962 और PERSON_00024 ने संदेश पाठवला, Zone_0165, Gwalior के पास। समय 2026-01-26 15:33:00.",P00962,P00024,LOC0165
DIG004119,2026-06-10 02:07:00,gu,"PERSON_00755 और PERSON_00686 ने નાણાં મોકલ્યાં, Zone_0089, Jabalpur के पास। समय 2026-06-10 02:07:00.",P00755,P00686,LOC0089
DIG004120,2026-06-12 18:19:00,pa,"PERSON_00896 और PERSON_00212 ने ਸਥਾਨ ਸਾਂਝਾ ਕੀਤਾ, Zone_0060, Ujjain के पास। समय 2026-06-12 18:19:00.",P00896,P00212,LOC0060
DIG004121,2026-02-22 13:39:00,ur,"PERSON_00200 और PERSON_00584 ने رابطہ کیا, Zone_0126, Nagpur के पास। समय 2026-02-22 13:39:00.",P00200,P00584,LOC0126
DIG004122,2026-05-31 21:06:00,ml,"PERSON_00412 और PERSON_00668 ने സന്ദേശം അയച്ചു, Zone_0147, Ujjain के पास। समय 2026-05-31 21:06:00.",P00412,P00668,LOC0147
DIG004123,2026-06-25 06:29:00,gu,"PERSON_00024 और PERSON_00347 ने નાણાં મોકલ્યાં, Zone_0151, Indore के पास। समय 2026-06-25 06:29:00.",P00024,P00347,LOC0151
DIG004124,2026-04-20 12:07:00,kn,"PERSON_00026 और PERSON_00718 ने ಕರೆ ಮಾಡಿದರು, Zone_0047, Ujjain के पास। समय 2026-04-20 12:07:00.",P00026,P00718,LOC0047
DIG004125,2026-01-23 15:56:00,bn,"PERSON_00514 और PERSON_00935 ने দেখা করেছে, Zone_0110, Indore के पास। समय 2026-01-23 15:56:00.",P00514,P00935,LOC0110
DIG004126,2026-07-22 00:50:00,hi,"PERSON_00078 और PERSON_00639 ने वाहन का उपयोग किया, Zone_0030, Nagpur के पास। समय 2026-07-22 00:50:00.",P00078,P00639,LOC0030
DIG004127,2026-02-20 04:12:00,kn,"PERSON_00282 और PERSON_00964 ने ಭೇಟಿ ನೀಡಿದರು, Zone_0049, Nagpur के पास। समय 2026-02-20 04:12:00.",P00282,P00964,LOC0049
DIG004128,2026-04-05 17:42:00,bn,"PERSON_00867 और PERSON_00467 ने টাকা পাঠিয়েছে, Zone_0093, Jabalpur के पास। समय 2026-04-05 17:42:00.",P00867,P00467,LOC0093
DIG004129,2026-06-17 06:32:00,bn,"PERSON_00128 और PERSON_00525 ने পরিদর্শন করেছে, Zone_0090, Gwalior के पास। समय 2026-06-17 06:32:00.",P00128,P00525,LOC0090
DIG004130,2026-08-30 01:28:00,te,"PERSON_00628 और PERSON_00624 ने స్థానం పంచుకున్నారు, Zone_0126, Nagpur के पास। समय 2026-08-30 01:28:00.",P00628,P00624,LOC0126
DIG004131,2026-07-09 18:59:00,mr,"PERSON_00596 और PERSON_00693 ने फोन केला, Zone_0087, Ujjain के पास। समय 2026-07-09 18:59:00.",P00596,P00693,LOC0087
DIG004132,2026-02-18 11:16:00,bn,"PERSON_00481 और PERSON_00492 ने টাকা পাঠিয়েছে, Zone_0134, Indore के पास। समय 2026-02-18 11:16:00.",P00481,P00492,LOC0134
DIG004133,2026-06-10 23:24:00,hi,"PERSON_00748 और PERSON_00478 ने वाहन का उपयोग किया, Zone_0114, Bhopal के पास। समय 2026-06-10 23:24:00.",P00748,P00478,LOC0114
DIG004134,2026-01-26 08:16:00,ta,"PERSON_00678 और PERSON_00699 ने தொடர்பு கொண்டார், Zone_0134, Indore के पास। समय 2026-01-26 08:16:00.",P00678,P00699,LOC0134
DIG004135,2026-06-01 15:20:00,ml,"PERSON_00586 और PERSON_00823 ने സന്ദേശം അയച്ചു, Zone_0020, Bhopal के पास। समय 2026-06-01 15:20:00.",P00586,P00823,LOC0020
DIG004136,2026-03-23 11:29:00,mr,"PERSON_00093 और PERSON_00195 ने फोन केला, Zone_0019, Gwalior के पास। समय 2026-03-23 11:29:00.",P00093,P00195,LOC0019
DIG004137,2026-06-21 22:15:00,mr,"PERSON_00563 और PERSON_00329 ने भेटला, Zone_0041, Ujjain के पास। समय 2026-06-21 22:15:00.",P00563,P00329,LOC0041
DIG004138,2026-06-25 03:56:00,pa,"PERSON_00418 और PERSON_00710 ने ਸੁਨੇਹਾ ਭੇਜਿਆ, Zone_0118, Ujjain के पास। समय 2026-06-25 03:56:00.",P00418,P00710,LOC0118
DIG004139,2026-03-30 06:49:00,mr,"PERSON_00357 और PERSON_00172 ने भेटला, Zone_0093, Jabalpur के पास। समय 2026-03-30 06:49:00.",P00357,P00172,LOC0093
DIG004140,2026-04-02 14:00:00,bn,"PERSON_00863 और PERSON_00485 ने যোগাযোগ করেছে, Zone_0062, Ujjain के पास। समय 2026-04-02 14:00:00.",P00863,P00485,LOC0062
DIG004141,2026-08-09 03:21:00,hi,"PERSON_00650 और PERSON_00071 ने मिला, Zone_0093, Jabalpur के पास। समय 2026-08-09 03:21:00.",P00650,P00071,LOC0093
DIG004142,2026-03-01 18:14:00,te,"PERSON_00616 और PERSON_00222 ने డబ్బు పంపారు, Zone_0088, Indore के पास। समय 2026-03-01 18:14:00.",P00616,P00222,LOC0088
DIG004143,2026-02-15 15:28:00,bn,"PERSON_00385 और PERSON_00880 ने দেখা করেছে, Zone_0054, Jabalpur के पास। समय 2026-02-15 15:28:00.",P00385,P00880,LOC0054
DIG004144,2026-06-05 08:15:00,te,"PERSON_00115 और PERSON_00581 ने స్థానం పంచుకున్నారు, Zone_0143, Nagpur के पास। समय 2026-06-05 08:15:00.",P00115,P00581,LOC0143
DIG004145,2026-08-06 18:21:00,pa,"PERSON_00391 और PERSON_00493 ने ਮਿਲਿਆ, Zone_0025, Jabalpur के पास। समय 2026-08-06 18:21:00.",P00391,P00493,LOC0025
DIG004146,2026-07-05 08:07:00,pa,"PERSON_00424 और PERSON_00686 ने ਫੋਨ ਕੀਤਾ, Zone_0177, Gwalior के पास। समय 2026-07-05 08:07:00.",P00424,P00686,LOC0177
DIG004147,2026-04-11 12:04:00,te,"PERSON_00183 और PERSON_00988 ने సంప్రదించారు, Zone_0130, Gwalior के पास। समय 2026-04-11 12:04:00.",P00183,P00988,LOC0130
DIG004148,2026-03-31 11:00:00,kn,"PERSON_00842 और PERSON_00001 ने ಹಣ ಕಳುಹಿಸಿದರು, Zone_0056, Jabalpur के पास। समय 2026-03-31 11:00:00.",P00842,P00001,LOC0056
DIG004149,2026-02-12 05:52:00,pa,"PERSON_00853 और PERSON_00326 ने ਮਿਲਿਆ, Zone_0066, Jabalpur के पास। समय 2026-02-12 05:52:00.",P00853,P00326,LOC0066
DIG004150,2026-08-05 09:58:00,pa,"PERSON_00955 और PERSON_00755 ने ਮੁਲਾਕਾਤ ਕੀਤੀ, Zone_0019, Gwalior के पास। समय 2026-08-05 09:58:00.",P00955,P00755,LOC0019
DIG004151,2026-05-20 15:29:00,en,"PERSON_00897 used a vehicle PERSON_00200 near Zone_0136, Jabalpur. Record time 2026-05-20 15:29:00.",P00897,P00200,LOC0136
DIG004152,2026-03-28 17:19:00,en,"PERSON_00297 sent a message to PERSON_00633 near Zone_0090, Gwalior. Record time 2026-03-28 17:19:00.",P00297,P00633,LOC0090
DIG004153,2026-08-24 00:40:00,hi,"PERSON_00919 और PERSON_00492 ने दौरा किया, Zone_0028, Bhopal के पास। समय 2026-08-24 00:40:00.",P00919,P00492,LOC0028
DIG004154,2026-01-04 14:46:00,mr,"PERSON_00329 और PERSON_00594 ने ठिकाण शेअर केले, Zone_0120, Ujjain के पास। समय 2026-01-04 14:46:00.",P00329,P00594,LOC0120
DIG004155,2026-07-28 11:55:00,en,"PERSON_00651 contacted PERSON_00942 near Zone_0131, Gwalior. Record time 2026-07-28 11:55:00.",P00651,P00942,LOC0131
DIG004156,2026-07-03 11:24:00,bn,"PERSON_00844 और PERSON_00800 ने বার্তা পাঠিয়েছে, Zone_0008, Nagpur के पास। समय 2026-07-03 11:24:00.",P00844,P00800,LOC0008
DIG004157,2026-04-05 12:19:00,en,"PERSON_00738 contacted PERSON_00837 near Zone_0015, Gwalior. Record time 2026-04-05 12:19:00.",P00738,P00837,LOC0015
DIG004158,2026-03-10 03:02:00,kn,"PERSON_00740 और PERSON_00856 ने ಭೇಟಿ ನೀಡಿದರು, Zone_0061, Gwalior के पास। समय 2026-03-10 03:02:00.",P00740,P00856,LOC0061
DIG004159,2026-06-12 02:52:00,te,"PERSON_00737 और PERSON_00926 ने సంప్రదించారు, Zone_0102, Ujjain के पास। समय 2026-06-12 02:52:00.",P00737,P00926,LOC0102
DIG004160,2026-02-01 20:27:00,te,"PERSON_00803 और PERSON_00274 ने వెళ్లారు, Zone_0107, Indore के पास। समय 2026-02-01 20:27:00.",P00803,P00274,LOC0107
DIG004161,2026-07-15 23:59:00,gu,"PERSON_00725 और PERSON_00526 ने સંદેશ મોકલ્યો, Zone_0071, Indore के पास। समय 2026-07-15 23:59:00.",P00725,P00526,LOC0071
DIG004162,2026-03-07 14:45:00,mr,"PERSON_00512 और PERSON_00428 ने ठिकाण शेअर केले, Zone_0147, Ujjain के पास। समय 2026-03-07 14:45:00.",P00512,P00428,LOC0147
DIG004163,2026-03-03 13:48:00,kn,"PERSON_00324 और PERSON_00720 ने ಕರೆ ಮಾಡಿದರು, Zone_0123, Ujjain के पास। समय 2026-03-03 13:48:00.",P00324,P00720,LOC0123
DIG004164,2026-03-24 14:52:00,hi,"PERSON_00716 और PERSON_00023 ने संपर्क किया, Zone_0005, Jabalpur के पास। समय 2026-03-24 14:52:00.",P00716,P00023,LOC0005
DIG004165,2026-03-26 19:27:00,hi,"PERSON_00103 और PERSON_00578 ने मिला, Zone_0043, Gwalior के पास। समय 2026-03-26 19:27:00.",P00103,P00578,LOC0043
DIG004166,2026-04-25 18:26:00,en,"PERSON_00084 transferred funds to PERSON_00076 near Zone_0170, Ujjain. Record time 2026-04-25 18:26:00.",P00084,P00076,LOC0170
DIG004167,2026-02-04 13:14:00,pa,"PERSON_00206 और PERSON_00768 ने ਪੈਸੇ ਭੇਜੇ, Zone_0134, Indore के पास। समय 2026-02-04 13:14:00.",P00206,P00768,LOC0134
DIG004168,2026-06-06 15:32:00,en,"PERSON_00804 sent a message to PERSON_00525 near Zone_0051, Bhopal. Record time 2026-06-06 15:32:00.",P00804,P00525,LOC0051
DIG004169,2026-02-01 16:28:00,kn,"PERSON_00131 और PERSON_00866 ने ಕರೆ ಮಾಡಿದರು, Zone_0071, Indore के पास। समय 2026-02-01 16:28:00.",P00131,P00866,LOC0071
DIG004170,2026-03-27 06:26:00,ta,"PERSON_00097 और PERSON_00882 ने அழைத்தார், Zone_0003, Indore के पास। समय 2026-03-27 06:26:00.",P00097,P00882,LOC0003
DIG004171,2026-02-25 01:18:00,kn,"PERSON_00037 और PERSON_00526 ने ಸಂದೇಶ ಕಳುಹಿಸಿದರು, Zone_0130, Gwalior के पास। समय 2026-02-25 01:18:00.",P00037,P00526,LOC0130
DIG004172,2026-05-31 06:01:00,hi,"PERSON_00641 और PERSON_00242 ने धन भेजा, Zone_0040, Bhopal के पास। समय 2026-05-31 06:01:00.",P00641,P00242,LOC0040
DIG004173,2026-01-11 08:59:00,kn,"PERSON_00886 और PERSON_00706 ने ಸಂದೇಶ ಕಳುಹಿಸಿದರು, Zone_0080, Indore के पास। समय 2026-01-11 08:59:00.",P00886,P00706,LOC0080
DIG004174,2026-06-01 05:57:00,te,"PERSON_00942 और PERSON_00919 ने డబ్బు పంపారు, Zone_0083, Ujjain के पास। समय 2026-06-01 05:57:00.",P00942,P00919,LOC0083
DIG004175,2026-08-20 01:30:00,mr,"PERSON_00217 और PERSON_00509 ने भेटला, Zone_0082, Nagpur के पास। समय 2026-08-20 01:30:00.",P00217,P00509,LOC0082
DIG004176,2026-05-16 04:01:00,ml,"PERSON_00579 और PERSON_00224 ने ബന്ധപ്പെട്ടു, Zone_0172, Gwalior के पास। समय 2026-05-16 04:01:00.",P00579,P00224,LOC0172
DIG004177,2026-03-10 08:41:00,mr,"PERSON_00294 और PERSON_00562 ने भेट दिली, Zone_0091, Jabalpur के पास। समय 2026-03-10 08:41:00.",P00294,P00562,LOC0091
DIG004178,2026-06-21 16:52:00,pa,"PERSON_00734 और PERSON_00666 ने ਫੋਨ ਕੀਤਾ, Zone_0052, Nagpur के पास। समय 2026-06-21 16:52:00.",P00734,P00666,LOC0052
DIG004179,2026-04-22 18:53:00,ml,"PERSON_00784 और PERSON_00888 ने ബന്ധപ്പെട്ടു, Zone_0097, Ujjain के पास। समय 2026-04-22 18:53:00.",P00784,P00888,LOC0097
DIG004180,2026-05-20 01:10:00,ur,"PERSON_00866 और PERSON_00836 ने رقم منتقل کی, Zone_0176, Gwalior के पास। समय 2026-05-20 01:10:00.",P00866,P00836,LOC0176
DIG004181,2026-02-24 21:46:00,ur,"PERSON_00274 और PERSON_00428 ने مقام شیئر کیا, Zone_0160, Ujjain के पास। समय 2026-02-24 21:46:00.",P00274,P00428,LOC0160
DIG004182,2026-08-20 23:28:00,kn,"PERSON_00791 और PERSON_00506 ने ಭೇಟಿ ನೀಡಿದರು, Zone_0051, Bhopal के पास। समय 2026-08-20 23:28:00.",P00791,P00506,LOC0051
DIG004183,2026-03-17 01:52:00,ur,"PERSON_00266 और PERSON_00428 ने ملاقات کی, Zone_0014, Bhopal के पास। समय 2026-03-17 01:52:00.",P00266,P00428,LOC0014
DIG004184,2026-08-18 12:49:00,ml,"PERSON_00388 और PERSON_00051 ने സ്ഥലം പങ്കിട്ടു, Zone_0117, Gwalior के पास। समय 2026-08-18 12:49:00.",P00388,P00051,LOC0117
DIG004185,2026-06-19 17:12:00,en,"PERSON_00213 sent a message to PERSON_00092 near Zone_0062, Ujjain. Record time 2026-06-19 17:12:00.",P00213,P00092,LOC0062
DIG004186,2026-06-21 12:33:00,ta,"PERSON_00040 और PERSON_00613 ने செய்தி அனுப்பினார், Zone_0045, Gwalior के पास। समय 2026-06-21 12:33:00.",P00040,P00613,LOC0045
DIG004187,2026-02-19 06:52:00,bn,"PERSON_00237 और PERSON_00646 ने ফোন করেছে, Zone_0004, Indore के पास। समय 2026-02-19 06:52:00.",P00237,P00646,LOC0004
DIG004188,2026-01-17 02:07:00,bn,"PERSON_00851 और PERSON_00043 ने বার্তা পাঠিয়েছে, Zone_0125, Indore के पास। समय 2026-01-17 02:07:00.",P00851,P00043,LOC0125
DIG004189,2026-05-27 12:57:00,mr,"PERSON_00393 और PERSON_00053 ने संपर्क केला, Zone_0170, Ujjain के पास। समय 2026-05-27 12:57:00.",P00393,P00053,LOC0170
DIG004190,2026-08-31 15:22:00,ml,"PERSON_00491 और PERSON_00632 ने സ്ഥലം പങ്കിട്ടു, Zone_0024, Jabalpur के पास। समय 2026-08-31 15:22:00.",P00491,P00632,LOC0024
DIG004191,2026-03-17 21:00:00,ml,"PERSON_00479 और PERSON_00781 ने കണ്ടുമുട്ടി, Zone_0033, Jabalpur के पास। समय 2026-03-17 21:00:00.",P00479,P00781,LOC0033
DIG004192,2026-02-17 08:55:00,ta,"PERSON_00703 और PERSON_00877 ने சென்றார், Zone_0156, Bhopal के पास। समय 2026-02-17 08:55:00.",P00703,P00877,LOC0156
DIG004193,2026-07-25 09:45:00,kn,"PERSON_00369 और PERSON_00483 ने ಹಣ ಕಳುಹಿಸಿದರು, Zone_0113, Indore के पास। समय 2026-07-25 09:45:00.",P00369,P00483,LOC0113
DIG004194,2026-05-05 03:07:00,hi,"PERSON_00139 और PERSON_00800 ने फोन किया, Zone_0129, Nagpur के पास। समय 2026-05-05 03:07:00.",P00139,P00800,LOC0129
DIG004195,2026-07-26 12:53:00,ur,"PERSON_00672 और PERSON_00992 ने مقام شیئر کیا, Zone_0066, Jabalpur के पास। समय 2026-07-26 12:53:00.",P00672,P00992,LOC0066
DIG004196,2026-01-25 22:48:00,en,"PERSON_00172 used a vehicle PERSON_00495 near Zone_0006, Bhopal. Record time 2026-01-25 22:48:00.",P00172,P00495,LOC0006
DIG004197,2026-04-01 16:46:00,pa,"PERSON_00968 और PERSON_00859 ने ਮਿਲਿਆ, Zone_0149, Ujjain के पास। समय 2026-04-01 16:46:00.",P00968,P00859,LOC0149
DIG004198,2026-03-28 16:59:00,hi,"PERSON_00920 और PERSON_00760 ने दौरा किया, Zone_0030, Nagpur के पास। समय 2026-03-28 16:59:00.",P00920,P00760,LOC0030
DIG004199,2026-02-06 15:44:00,ml,"PERSON_00345 और PERSON_00943 ने സന്ദേശം അയച്ചു, Zone_0025, Jabalpur के पास। समय 2026-02-06 15:44:00.",P00345,P00943,LOC0025
DIG004200,2026-08-11 16:02:00,ur,"PERSON_00007 और PERSON_00058 ने مقام شیئر کیا, Zone_0122, Nagpur के पास। समय 2026-08-11 16:02:00.",P00007,P00058,LOC0122
DIG004201,2026-01-22 10:10:00,te,"PERSON_00889 और PERSON_00268 ने సంప్రదించారు, Zone_0053, Nagpur के पास। समय 2026-01-22 10:10:00.",P00889,P00268,LOC0053
DIG004202,2026-01-26 11:29:00,en,"PERSON_00816 called PERSON_00100 near Zone_0111, Jabalpur. Record time 2026-01-26 11:29:00.",P00816,P00100,LOC0111
DIG004203,2026-07-14 14:49:00,gu,"PERSON_00342 और PERSON_00986 ने નાણાં મોકલ્યાં, Zone_0104, Bhopal के पास। समय 2026-07-14 14:49:00.",P00342,P00986,LOC0104
DIG004204,2026-08-01 01:59:00,te,"PERSON_00695 और PERSON_00989 ने కలిశారు, Zone_0106, Ujjain के पास। समय 2026-08-01 01:59:00.",P00695,P00989,LOC0106
DIG004205,2026-05-27 15:16:00,pa,"PERSON_00717 और PERSON_00673 ने ਮਿਲਿਆ, Zone_0085, Gwalior के पास। समय 2026-05-27 15:16:00.",P00717,P00673,LOC0085
DIG004206,2026-03-20 04:11:00,mr,"PERSON_00132 और PERSON_00726 ने ठिकाण शेअर केले, Zone_0016, Ujjain के पास। समय 2026-03-20 04:11:00.",P00132,P00726,LOC0016
DIG004207,2026-04-10 02:56:00,te,"PERSON_00898 और PERSON_00403 ने సందేశం పంపారు, Zone_0147, Ujjain के पास। समय 2026-04-10 02:56:00.",P00898,P00403,LOC0147
DIG004208,2026-01-28 23:54:00,bn,"PERSON_00836 और PERSON_00648 ने দেখা করেছে, Zone_0134, Indore के पास। समय 2026-01-28 23:54:00.",P00836,P00648,LOC0134
DIG004209,2026-01-08 10:31:00,pa,"PERSON_00377 और PERSON_00974 ने ਸੰਪਰਕ ਕੀਤਾ, Zone_0148, Indore के पास। समय 2026-01-08 10:31:00.",P00377,P00974,LOC0148
DIG004210,2026-03-30 13:09:00,gu,"PERSON_00292 और PERSON_00242 ने મળ્યા, Zone_0133, Indore के पास। समय 2026-03-30 13:09:00.",P00292,P00242,LOC0133
DIG004211,2026-04-12 03:27:00,ur,"PERSON_00638 और PERSON_00182 ने رابطہ کیا, Zone_0055, Bhopal के पास। समय 2026-04-12 03:27:00.",P00638,P00182,LOC0055
DIG004212,2026-04-12 05:50:00,ml,"PERSON_00188 और PERSON_00663 ने ബന്ധപ്പെട്ടു, Zone_0018, Bhopal के पास। समय 2026-04-12 05:50:00.",P00188,P00663,LOC0018
DIG004213,2026-07-02 22:56:00,en,"PERSON_00418 used a vehicle PERSON_00023 near Zone_0138, Bhopal. Record time 2026-07-02 22:56:00.",P00418,P00023,LOC0138
DIG004214,2026-07-27 17:09:00,mr,"PERSON_00172 और PERSON_00532 ने ठिकाण शेअर केले, Zone_0069, Jabalpur के पास। समय 2026-07-27 17:09:00.",P00172,P00532,LOC0069
DIG004215,2026-08-07 17:04:00,te,"PERSON_00978 और PERSON_00187 ने వెళ్లారు, Zone_0056, Jabalpur के पास। समय 2026-08-07 17:04:00.",P00978,P00187,LOC0056
DIG004216,2026-01-27 00:19:00,pa,"PERSON_00479 और PERSON_00025 ने ਸੰਪਰਕ ਕੀਤਾ, Zone_0044, Bhopal के पास। समय 2026-01-27 00:19:00.",P00479,P00025,LOC0044
DIG004217,2026-07-08 12:39:00,pa,"PERSON_00192 और PERSON_00275 ने ਸਥਾਨ ਸਾਂਝਾ ਕੀਤਾ, Zone_0059, Indore के पास। समय 2026-07-08 12:39:00.",P00192,P00275,LOC0059
DIG004218,2026-04-03 22:36:00,mr,"PERSON_00466 और PERSON_00540 ने भेटला, Zone_0084, Gwalior के पास। समय 2026-04-03 22:36:00.",P00466,P00540,LOC0084
DIG004219,2026-02-26 02:15:00,ml,"PERSON_00941 और PERSON_00252 ने ബന്ധപ്പെട്ടു, Zone_0148, Indore के पास। समय 2026-02-26 02:15:00.",P00941,P00252,LOC0148
DIG004220,2026-07-14 16:28:00,en,"PERSON_00211 transferred funds to PERSON_00909 near Zone_0087, Ujjain. Record time 2026-07-14 16:28:00.",P00211,P00909,LOC0087
DIG004221,2026-03-04 15:39:00,te,"PERSON_00470 और PERSON_00603 ने ఫోన్ చేశారు, Zone_0103, Indore के पास। समय 2026-03-04 15:39:00.",P00470,P00603,LOC0103
DIG004222,2026-03-29 07:49:00,bn,"PERSON_00776 और PERSON_00050 ने ফোন করেছে, Zone_0163, Nagpur के पास। समय 2026-03-29 07:49:00.",P00776,P00050,LOC0163
DIG004223,2026-03-10 17:57:00,ur,"PERSON_00784 और PERSON_00039 ने رقم منتقل کی, Zone_0125, Indore के पास। समय 2026-03-10 17:57:00.",P00784,P00039,LOC0125
DIG004224,2026-05-27 05:49:00,pa,"PERSON_00834 और PERSON_00517 ने ਮੁਲਾਕਾਤ ਕੀਤੀ, Zone_0006, Bhopal के पास। समय 2026-05-27 05:49:00.",P00834,P00517,LOC0006
DIG004225,2026-04-03 00:03:00,gu,"PERSON_00765 और PERSON_00743 ने ફોન કર્યો, Zone_0050, Jabalpur के पास। समय 2026-04-03 00:03:00.",P00765,P00743,LOC0050
DIG004226,2026-04-16 13:38:00,en,"PERSON_00044 visited PERSON_00683 near Zone_0049, Nagpur. Record time 2026-04-16 13:38:00.",P00044,P00683,LOC0049
DIG004227,2026-05-29 08:29:00,te,"PERSON_00646 और PERSON_00777 ने స్థానం పంచుకున్నారు, Zone_0098, Nagpur के पास। समय 2026-05-29 08:29:00.",P00646,P00777,LOC0098
DIG004228,2026-03-28 12:53:00,ta,"PERSON_00172 और PERSON_00432 ने செய்தி அனுப்பினார், Zone_0147, Ujjain के पास। समय 2026-03-28 12:53:00.",P00172,P00432,LOC0147
DIG004229,2026-08-30 11:30:00,pa,"PERSON_00143 और PERSON_00661 ने ਮੁਲਾਕਾਤ ਕੀਤੀ, Zone_0024, Jabalpur के पास। समय 2026-08-30 11:30:00.",P00143,P00661,LOC0024
DIG004230,2026-07-12 21:49:00,kn,"PERSON_00593 और PERSON_00431 ने ಸಂಪರ್ಕಿಸಿದರು, Zone_0166, Bhopal के पास। समय 2026-07-12 21:49:00.",P00593,P00431,LOC0166
DIG004231,2026-02-19 20:36:00,mr,"PERSON_00793 और PERSON_00236 ने संपर्क केला, Zone_0072, Indore के पास। समय 2026-02-19 20:36:00.",P00793,P00236,LOC0072
DIG004232,2026-03-14 09:46:00,gu,"PERSON_00674 और PERSON_00137 ने સંદેશ મોકલ્યો, Zone_0006, Bhopal के पास। समय 2026-03-14 09:46:00.",P00674,P00137,LOC0006
DIG004233,2026-07-25 22:17:00,mr,"PERSON_00625 और PERSON_00879 ने पैसे पाठवले, Zone_0023, Jabalpur के पास। समय 2026-07-25 22:17:00.",P00625,P00879,LOC0023
DIG004234,2026-07-29 20:40:00,bn,"PERSON_00610 और PERSON_00983 ने বার্তা পাঠিয়েছে, Zone_0041, Ujjain के पास। समय 2026-07-29 20:40:00.",P00610,P00983,LOC0041
DIG004235,2026-07-19 19:06:00,hi,"PERSON_00106 और PERSON_00060 ने फोन किया, Zone_0063, Gwalior के पास। समय 2026-07-19 19:06:00.",P00106,P00060,LOC0063
DIG004236,2026-07-16 04:33:00,gu,"PERSON_00137 और PERSON_00931 ने ફોન કર્યો, Zone_0019, Gwalior के पास। समय 2026-07-16 04:33:00.",P00137,P00931,LOC0019
DIG004237,2026-02-19 23:09:00,te,"PERSON_00654 और PERSON_00819 ने స్థానం పంచుకున్నారు, Zone_0136, Jabalpur के पास। समय 2026-02-19 23:09:00.",P00654,P00819,LOC0136
DIG004238,2026-08-26 22:33:00,mr,"PERSON_00576 और PERSON_00624 ने भेट दिली, Zone_0112, Ujjain के पास। समय 2026-08-26 22:33:00.",P00576,P00624,LOC0112
DIG004239,2026-01-31 17:48:00,mr,"PERSON_00106 और PERSON_00965 ने पैसे पाठवले, Zone_0060, Ujjain के पास। समय 2026-01-31 17:48:00.",P00106,P00965,LOC0060
DIG004240,2026-07-26 05:40:00,mr,"PERSON_00012 और PERSON_00713 ने संपर्क केला, Zone_0116, Bhopal के पास। समय 2026-07-26 05:40:00.",P00012,P00713,LOC0116
DIG004241,2026-07-12 05:09:00,ur,"PERSON_00469 और PERSON_00427 ने فون کیا, Zone_0091, Jabalpur के पास। समय 2026-07-12 05:09:00.",P00469,P00427,LOC0091
DIG004242,2026-05-29 11:14:00,pa,"PERSON_00648 और PERSON_00452 ने ਮੁਲਾਕਾਤ ਕੀਤੀ, Zone_0087, Ujjain के पास। समय 2026-05-29 11:14:00.",P00648,P00452,LOC0087
DIG004243,2026-06-21 13:55:00,ur,"PERSON_00230 और PERSON_00243 ने رابطہ کیا, Zone_0172, Gwalior के पास। समय 2026-06-21 13:55:00.",P00230,P00243,LOC0172
DIG004244,2026-08-04 19:40:00,ur,"PERSON_00078 और PERSON_00399 ने دورہ کیا, Zone_0016, Ujjain के पास। समय 2026-08-04 19:40:00.",P00078,P00399,LOC0016
DIG004245,2026-04-01 03:17:00,kn,"PERSON_00662 और PERSON_00419 ने ಭೇಟಿ ನೀಡಿದರು, Zone_0161, Jabalpur के पास। समय 2026-04-01 03:17:00.",P00662,P00419,LOC0161
DIG004246,2026-03-24 03:59:00,pa,"PERSON_00217 और PERSON_00970 ने ਮੁਲਾਕਾਤ ਕੀਤੀ, Zone_0150, Ujjain के पास। समय 2026-03-24 03:59:00.",P00217,P00970,LOC0150
DIG004247,2026-07-11 03:25:00,kn,"PERSON_00899 और PERSON_00755 ने ಭೇಟಿಯಾದರು, Zone_0079, Nagpur के पास। समय 2026-07-11 03:25:00.",P00899,P00755,LOC0079
DIG004248,2026-07-21 13:21:00,ur,"PERSON_00673 और PERSON_00886 ने مقام شیئر کیا, Zone_0029, Nagpur के पास। समय 2026-07-21 13:21:00.",P00673,P00886,LOC0029
DIG004249,2026-04-21 04:54:00,ml,"PERSON_00450 और PERSON_00458 ने സന്ദർശിച്ചു, Zone_0035, Jabalpur के पास। समय 2026-04-21 04:54:00.",P00450,P00458,LOC0035
DIG004250,2026-05-26 04:35:00,ml,"PERSON_00434 और PERSON_00831 ने സ്ഥലം പങ്കിട്ടു, Zone_0089, Jabalpur के पास। समय 2026-05-26 04:35:00.",P00434,P00831,LOC0089
DIG004251,2026-08-30 11:26:00,mr,"PERSON_00737 और PERSON_00558 ने संदेश पाठवला, Zone_0110, Indore के पास। समय 2026-08-30 11:26:00.",P00737,P00558,LOC0110
DIG004252,2026-01-30 16:47:00,bn,"PERSON_00359 और PERSON_00648 ने দেখা করেছে, Zone_0020, Bhopal के पास। समय 2026-01-30 16:47:00.",P00359,P00648,LOC0020
DIG004253,2026-02-23 06:15:00,te,"PERSON_00798 और PERSON_00970 ने సందేశం పంపారు, Zone_0010, Indore के पास। समय 2026-02-23 06:15:00.",P00798,P00970,LOC0010
DIG004254,2026-04-17 21:34:00,te,"PERSON_00438 और PERSON_00553 ने డబ్బు పంపారు, Zone_0074, Ujjain के पास। समय 2026-04-17 21:34:00.",P00438,P00553,LOC0074
DIG004255,2026-05-21 10:47:00,kn,"PERSON_00921 और PERSON_00212 ने ಸಂಪರ್ಕಿಸಿದರು, Zone_0176, Gwalior के पास। समय 2026-05-21 10:47:00.",P00921,P00212,LOC0176
DIG004256,2026-01-26 04:44:00,ta,"PERSON_00695 और PERSON_00201 ने சென்றார், Zone_0102, Ujjain के पास। समय 2026-01-26 04:44:00.",P00695,P00201,LOC0102
DIG004257,2026-03-08 10:16:00,kn,"PERSON_00207 और PERSON_00998 ने ಸಂಪರ್ಕಿಸಿದರು, Zone_0011, Gwalior के पास। समय 2026-03-08 10:16:00.",P00207,P00998,LOC0011
DIG004258,2026-02-10 12:24:00,ta,"PERSON_00631 और PERSON_00801 ने சென்றார், Zone_0137, Nagpur के पास। समय 2026-02-10 12:24:00.",P00631,P00801,LOC0137
DIG004259,2026-04-17 05:42:00,bn,"PERSON_00576 और PERSON_00659 ने দেখা করেছে, Zone_0070, Ujjain के पास। समय 2026-04-17 05:42:00.",P00576,P00659,LOC0070
DIG004260,2026-03-24 19:27:00,kn,"PERSON_00699 और PERSON_00949 ने ಹಣ ಕಳುಹಿಸಿದರು, Zone_0143, Nagpur के पास। समय 2026-03-24 19:27:00.",P00699,P00949,LOC0143
DIG004261,2026-05-17 06:32:00,en,"PERSON_00966 used a vehicle PERSON_00173 near Zone_0092, Ujjain. Record time 2026-05-17 06:32:00.",P00966,P00173,LOC0092
DIG004262,2026-02-26 14:50:00,hi,"PERSON_00642 और PERSON_00006 ने स्थान साझा किया, Zone_0099, Bhopal के पास। समय 2026-02-26 14:50:00.",P00642,P00006,LOC0099
DIG004263,2026-01-06 02:17:00,en,"PERSON_00039 contacted PERSON_00041 near Zone_0145, Jabalpur. Record time 2026-01-06 02:17:00.",P00039,P00041,LOC0145
DIG004264,2026-08-21 06:16:00,kn,"PERSON_00500 और PERSON_00454 ने ಹಣ ಕಳುಹಿಸಿದರು, Zone_0105, Bhopal के पास। समय 2026-08-21 06:16:00.",P00500,P00454,LOC0105
DIG004265,2026-01-22 13:13:00,pa,"PERSON_00334 और PERSON_00951 ने ਮੁਲਾਕਾਤ ਕੀਤੀ, Zone_0070, Ujjain के पास। समय 2026-01-22 13:13:00.",P00334,P00951,LOC0070
DIG004266,2026-08-05 01:54:00,kn,"PERSON_00440 और PERSON_00056 ने ಸಂದೇಶ ಕಳುಹಿಸಿದರು, Zone_0099, Bhopal के पास। समय 2026-08-05 01:54:00.",P00440,P00056,LOC0099
DIG004267,2026-07-22 04:49:00,mr,"PERSON_00031 और PERSON_00303 ने फोन केला, Zone_0161, Jabalpur के पास। समय 2026-07-22 04:49:00.",P00031,P00303,LOC0161
DIG004268,2026-08-30 11:12:00,ml,"PERSON_00985 और PERSON_00139 ने സന്ദർശിച്ചു, Zone_0112, Ujjain के पास। समय 2026-08-30 11:12:00.",P00985,P00139,LOC0112
DIG004269,2026-06-06 14:23:00,bn,"PERSON_00051 और PERSON_00598 ने যোগাযোগ করেছে, Zone_0016, Ujjain के पास। समय 2026-06-06 14:23:00.",P00051,P00598,LOC0016
DIG004270,2026-03-06 22:33:00,ta,"PERSON_00428 और PERSON_00042 ने தொடர்பு கொண்டார், Zone_0162, Nagpur के पास। समय 2026-03-06 22:33:00.",P00428,P00042,LOC0162
DIG004271,2026-07-04 05:27:00,ur,"PERSON_00146 और PERSON_00717 ने پیغام بھیجا, Zone_0029, Nagpur के पास। समय 2026-07-04 05:27:00.",P00146,P00717,LOC0029
DIG004272,2026-07-02 14:31:00,hi,"PERSON_00933 और PERSON_00938 ने स्थान साझा किया, Zone_0154, Ujjain के पास। समय 2026-07-02 14:31:00.",P00933,P00938,LOC0154
DIG004273,2026-02-27 08:05:00,ta,"PERSON_00972 और PERSON_00095 ने செய்தி அனுப்பினார், Zone_0152, Nagpur के पास। समय 2026-02-27 08:05:00.",P00972,P00095,LOC0152
DIG004274,2026-04-12 17:15:00,pa,"PERSON_00911 और PERSON_00610 ने ਸੰਪਰਕ ਕੀਤਾ, Zone_0057, Ujjain के पास। समय 2026-04-12 17:15:00.",P00911,P00610,LOC0057
DIG004275,2026-08-29 05:59:00,bn,"PERSON_00315 और PERSON_00635 ने স্থান ভাগ করেছে, Zone_0180, Indore के पास। समय 2026-08-29 05:59:00.",P00315,P00635,LOC0180
DIG004276,2026-01-08 09:12:00,kn,"PERSON_00647 और PERSON_00004 ने ಸಂಪರ್ಕಿಸಿದರು, Zone_0002, Ujjain के पास। समय 2026-01-08 09:12:00.",P00647,P00004,LOC0002
DIG004277,2026-04-04 13:41:00,kn,"PERSON_00572 और PERSON_00442 ने ಹಣ ಕಳುಹಿಸಿದರು, Zone_0128, Bhopal के पास। समय 2026-04-04 13:41:00.",P00572,P00442,LOC0128
DIG004278,2026-01-21 06:24:00,ta,"PERSON_00865 और PERSON_00393 ने சென்றார், Zone_0133, Indore के पास। समय 2026-01-21 06:24:00.",P00865,P00393,LOC0133
DIG004279,2026-01-22 18:43:00,ta,"PERSON_00984 और PERSON_00671 ने செய்தி அனுப்பினார், Zone_0051, Bhopal के पास। समय 2026-01-22 18:43:00.",P00984,P00671,LOC0051
DIG004280,2026-05-12 22:37:00,gu,"PERSON_00300 और PERSON_00228 ने સ્થાન શેર કર્યું, Zone_0144, Nagpur के पास। समय 2026-05-12 22:37:00.",P00300,P00228,LOC0144
DIG004281,2026-07-03 10:11:00,te,"PERSON_00926 और PERSON_00439 ने ఫోన్ చేశారు, Zone_0085, Gwalior के पास। समय 2026-07-03 10:11:00.",P00926,P00439,LOC0085
DIG004282,2026-01-20 06:55:00,ml,"PERSON_00027 और PERSON_00609 ने സ്ഥലം പങ്കിട്ടു, Zone_0139, Jabalpur के पास। समय 2026-01-20 06:55:00.",P00027,P00609,LOC0139
DIG004283,2026-08-04 21:47:00,ml,"PERSON_00461 और PERSON_00152 ने സന്ദേശം അയച്ചു, Zone_0115, Jabalpur के पास। समय 2026-08-04 21:47:00.",P00461,P00152,LOC0115
DIG004284,2026-04-28 21:00:00,pa,"PERSON_00115 और PERSON_00625 ने ਸਥਾਨ ਸਾਂਝਾ ਕੀਤਾ, Zone_0131, Gwalior के पास। समय 2026-04-28 21:00:00.",P00115,P00625,LOC0131
DIG004285,2026-08-18 06:54:00,kn,"PERSON_00079 और PERSON_00397 ने ಸಂದೇಶ ಕಳುಹಿಸಿದರು, Zone_0159, Nagpur के पास। समय 2026-08-18 06:54:00.",P00079,P00397,LOC0159
DIG004286,2026-07-30 06:23:00,pa,"PERSON_00515 और PERSON_00005 ने ਸਥਾਨ ਸਾਂਝਾ ਕੀਤਾ, Zone_0061, Gwalior के पास। समय 2026-07-30 06:23:00.",P00515,P00005,LOC0061
DIG004287,2026-06-22 11:45:00,ur,"PERSON_00250 और PERSON_00009 ने ملاقات کی, Zone_0157, Nagpur के पास। समय 2026-06-22 11:45:00.",P00250,P00009,LOC0157
DIG004288,2026-04-14 07:10:00,gu,"PERSON_00322 और PERSON_00214 ने સંપર્ક કર્યો, Zone_0137, Nagpur के पास। समय 2026-04-14 07:10:00.",P00322,P00214,LOC0137
DIG004289,2026-01-28 01:34:00,pa,"PERSON_00208 और PERSON_00688 ने ਮੁਲਾਕਾਤ ਕੀਤੀ, Zone_0114, Bhopal के पास। समय 2026-01-28 01:34:00.",P00208,P00688,LOC0114
DIG004290,2026-06-04 09:22:00,te,"PERSON_00116 और PERSON_00967 ने సందేశం పంపారు, Zone_0097, Ujjain के पास। समय 2026-06-04 09:22:00.",P00116,P00967,LOC0097
DIG004291,2026-06-26 09:26:00,hi,"PERSON_00291 और PERSON_00792 ने संदेश भेजा, Zone_0164, Bhopal के पास। समय 2026-06-26 09:26:00.",P00291,P00792,LOC0164
DIG004292,2026-01-01 04:03:00,pa,"PERSON_00417 और PERSON_00247 ने ਸੰਪਰਕ ਕੀਤਾ, Zone_0164, Bhopal के पास। समय 2026-01-01 04:03:00.",P00417,P00247,LOC0164
DIG004293,2026-08-02 08:42:00,ta,"PERSON_00218 और PERSON_00681 ने தொடர்பு கொண்டார், Zone_0002, Ujjain के पास। समय 2026-08-02 08:42:00.",P00218,P00681,LOC0002
DIG004294,2026-03-14 11:41:00,kn,"PERSON_00213 और PERSON_00536 ने ಸಂಪರ್ಕಿಸಿದರು, Zone_0172, Gwalior के पास। समय 2026-03-14 11:41:00.",P00213,P00536,LOC0172
DIG004295,2026-06-20 04:20:00,mr,"PERSON_00274 और PERSON_00492 ने भेटला, Zone_0011, Gwalior के पास। समय 2026-06-20 04:20:00.",P00274,P00492,LOC0011
DIG004296,2026-08-03 09:08:00,ta,"PERSON_00837 और PERSON_00302 ने தொடர்பு கொண்டார், Zone_0124, Bhopal के पास। समय 2026-08-03 09:08:00.",P00837,P00302,LOC0124
DIG004297,2026-07-20 12:40:00,kn,"PERSON_00173 और PERSON_00775 ने ಭೇಟಿ ನೀಡಿದರು, Zone_0156, Bhopal के पास। समय 2026-07-20 12:40:00.",P00173,P00775,LOC0156
DIG004298,2026-05-19 02:32:00,bn,"PERSON_00875 और PERSON_00551 ने পরিদর্শন করেছে, Zone_0133, Indore के पास। समय 2026-05-19 02:32:00.",P00875,P00551,LOC0133
DIG004299,2026-04-20 11:21:00,ml,"PERSON_00216 और PERSON_00849 ने സന്ദർശിച്ചു, Zone_0009, Jabalpur के पास। समय 2026-04-20 11:21:00.",P00216,P00849,LOC0009
DIG004300,2026-08-24 14:26:00,gu,"PERSON_00947 और PERSON_00451 ने ફોન કર્યો, Zone_0060, Ujjain के पास। समय 2026-08-24 14:26:00.",P00947,P00451,LOC0060
DIG004301,2026-01-31 09:10:00,en,"PERSON_00438 sent a message to PERSON_00616 near Zone_0064, Ujjain. Record time 2026-01-31 09:10:00.",P00438,P00616,LOC0064
DIG004302,2026-01-21 09:52:00,te,"PERSON_00888 और PERSON_00490 ने సందేశం పంపారు, Zone_0165, Gwalior के पास। समय 2026-01-21 09:52:00.",P00888,P00490,LOC0165
DIG004303,2026-03-11 05:31:00,gu,"PERSON_00827 और PERSON_00118 ने સંપર્ક કર્યો, Zone_0056, Jabalpur के पास। समय 2026-03-11 05:31:00.",P00827,P00118,LOC0056
DIG004304,2026-03-25 03:17:00,pa,"PERSON_00185 और PERSON_00780 ने ਸੰਪਰਕ ਕੀਤਾ, Zone_0161, Jabalpur के पास। समय 2026-03-25 03:17:00.",P00185,P00780,LOC0161
DIG004305,2026-02-19 17:25:00,en,"PERSON_00741 met PERSON_00382 near Zone_0161, Jabalpur. Record time 2026-02-19 17:25:00.",P00741,P00382,LOC0161
DIG004306,2026-02-16 05:06:00,hi,"PERSON_00276 और PERSON_00076 ने संपर्क किया, Zone_0081, Gwalior के पास। समय 2026-02-16 05:06:00.",P00276,P00076,LOC0081
DIG004307,2026-07-18 16:45:00,hi,"PERSON_00313 और PERSON_00582 ने वाहन का उपयोग किया, Zone_0163, Nagpur के पास। समय 2026-07-18 16:45:00.",P00313,P00582,LOC0163
DIG004308,2026-05-29 18:58:00,en,"PERSON_00842 contacted PERSON_00148 near Zone_0009, Jabalpur. Record time 2026-05-29 18:58:00.",P00842,P00148,LOC0009
DIG004309,2026-07-28 05:05:00,gu,"PERSON_00587 और PERSON_00860 ने સંદેશ મોકલ્યો, Zone_0069, Jabalpur के पास। समय 2026-07-28 05:05:00.",P00587,P00860,LOC0069
DIG004310,2026-03-14 03:36:00,pa,"PERSON_00149 और PERSON_00384 ने ਮੁਲਾਕਾਤ ਕੀਤੀ, Zone_0080, Indore के पास। समय 2026-03-14 03:36:00.",P00149,P00384,LOC0080
DIG004311,2026-07-05 11:48:00,gu,"PERSON_00073 और PERSON_00902 ने સંદેશ મોકલ્યો, Zone_0136, Jabalpur के पास। समय 2026-07-05 11:48:00.",P00073,P00902,LOC0136
DIG004312,2026-03-03 22:12:00,gu,"PERSON_00081 और PERSON_00538 ने મળ્યા, Zone_0146, Bhopal के पास। समय 2026-03-03 22:12:00.",P00081,P00538,LOC0146
DIG004313,2026-01-27 01:42:00,hi,"PERSON_00407 और PERSON_00128 ने दौरा किया, Zone_0043, Gwalior के पास। समय 2026-01-27 01:42:00.",P00407,P00128,LOC0043
DIG004314,2026-03-09 22:15:00,kn,"PERSON_00367 और PERSON_00469 ने ಕರೆ ಮಾಡಿದರು, Zone_0146, Bhopal के पास। समय 2026-03-09 22:15:00.",P00367,P00469,LOC0146
DIG004315,2026-04-25 13:50:00,pa,"PERSON_00099 और PERSON_00277 ने ਮੁਲਾਕਾਤ ਕੀਤੀ, Zone_0116, Bhopal के पास। समय 2026-04-25 13:50:00.",P00099,P00277,LOC0116
DIG004316,2026-08-04 10:08:00,ml,"PERSON_00956 और PERSON_00784 ने സന്ദർശിച്ചു, Zone_0088, Indore के पास। समय 2026-08-04 10:08:00.",P00956,P00784,LOC0088
DIG004317,2026-02-03 11:52:00,gu,"PERSON_00227 और PERSON_00580 ने મળ્યા, Zone_0174, Gwalior के पास। समय 2026-02-03 11:52:00.",P00227,P00580,LOC0174
DIG004318,2026-08-31 19:57:00,ur,"PERSON_00266 और PERSON_00227 ने مقام شیئر کیا, Zone_0061, Gwalior के पास। समय 2026-08-31 19:57:00.",P00266,P00227,LOC0061
DIG004319,2026-02-09 03:42:00,gu,"PERSON_00583 और PERSON_00458 ने મળ્યા, Zone_0037, Indore के पास। समय 2026-02-09 03:42:00.",P00583,P00458,LOC0037
DIG004320,2026-03-11 00:45:00,pa,"PERSON_00974 और PERSON_00034 ने ਮੁਲਾਕਾਤ ਕੀਤੀ, Zone_0088, Indore के पास। समय 2026-03-11 00:45:00.",P00974,P00034,LOC0088
DIG004321,2026-04-13 20:15:00,en,"PERSON_00484 transferred funds to PERSON_00276 near Zone_0085, Gwalior. Record time 2026-04-13 20:15:00.",P00484,P00276,LOC0085
DIG004322,2026-05-25 12:15:00,kn,"PERSON_00422 और PERSON_00537 ने ಕರೆ ಮಾಡಿದರು, Zone_0023, Jabalpur के पास। समय 2026-05-25 12:15:00.",P00422,P00537,LOC0023
DIG004323,2026-02-25 15:23:00,gu,"PERSON_00322 और PERSON_00641 ने મળ્યા, Zone_0081, Gwalior के पास। समय 2026-02-25 15:23:00.",P00322,P00641,LOC0081
DIG004324,2026-06-23 10:27:00,kn,"PERSON_00708 और PERSON_00427 ने ಭೇಟಿಯಾದರು, Zone_0051, Bhopal के पास। समय 2026-06-23 10:27:00.",P00708,P00427,LOC0051
DIG004325,2026-03-16 01:33:00,kn,"PERSON_00752 और PERSON_00410 ने ಸಂದೇಶ ಕಳುಹಿಸಿದರು, Zone_0152, Nagpur के पास। समय 2026-03-16 01:33:00.",P00752,P00410,LOC0152
DIG004326,2026-02-19 09:34:00,bn,"PERSON_00870 और PERSON_00754 ने বার্তা পাঠিয়েছে, Zone_0001, Gwalior के पास। समय 2026-02-19 09:34:00.",P00870,P00754,LOC0001
DIG004327,2026-04-12 10:42:00,en,"PERSON_00220 visited PERSON_00731 near Zone_0016, Ujjain. Record time 2026-04-12 10:42:00.",P00220,P00731,LOC0016
DIG004328,2026-06-15 05:56:00,gu,"PERSON_00923 और PERSON_00222 ने ફોન કર્યો, Zone_0035, Jabalpur के पास। समय 2026-06-15 05:56:00.",P00923,P00222,LOC0035
DIG004329,2026-03-13 09:02:00,kn,"PERSON_00415 और PERSON_00652 ने ಸಂಪರ್ಕಿಸಿದರು, Zone_0084, Gwalior के पास। समय 2026-03-13 09:02:00.",P00415,P00652,LOC0084
DIG004330,2026-07-06 06:13:00,mr,"PERSON_00696 और PERSON_00655 ने भेटला, Zone_0079, Nagpur के पास। समय 2026-07-06 06:13:00.",P00696,P00655,LOC0079
DIG004331,2026-07-09 03:52:00,ta,"PERSON_00810 और PERSON_00010 ने அழைத்தார், Zone_0127, Bhopal के पास। समय 2026-07-09 03:52:00.",P00810,P00010,LOC0127
DIG004332,2026-07-11 09:33:00,mr,"PERSON_00724 और PERSON_00590 ने भेट दिली, Zone_0019, Gwalior के पास। समय 2026-07-11 09:33:00.",P00724,P00590,LOC0019
DIG004333,2026-02-10 15:31:00,te,"PERSON_00718 और PERSON_00026 ने సంప్రదించారు, Zone_0010, Indore के पास। समय 2026-02-10 15:31:00.",P00718,P00026,LOC0010
DIG004334,2026-04-13 23:21:00,bn,"PERSON_00085 और PERSON_00541 ने যোগাযোগ করেছে, Zone_0051, Bhopal के पास। समय 2026-04-13 23:21:00.",P00085,P00541,LOC0051
DIG004335,2026-07-10 00:30:00,ml,"PERSON_00634 और PERSON_00785 ने സ്ഥലം പങ്കിട്ടു, Zone_0100, Jabalpur के पास। समय 2026-07-10 00:30:00.",P00634,P00785,LOC0100
DIG004336,2026-02-17 04:22:00,ta,"PERSON_00413 और PERSON_00068 ने சென்றார், Zone_0020, Bhopal के पास। समय 2026-02-17 04:22:00.",P00413,P00068,LOC0020
DIG004337,2026-01-12 01:34:00,ml,"PERSON_00326 और PERSON_00365 ने കണ്ടുമുട്ടി, Zone_0053, Nagpur के पास। समय 2026-01-12 01:34:00.",P00326,P00365,LOC0053
DIG004338,2026-07-09 14:14:00,te,"PERSON_00077 और PERSON_00090 ने వెళ్లారు, Zone_0108, Bhopal के पास। समय 2026-07-09 14:14:00.",P00077,P00090,LOC0108
DIG004339,2026-05-27 21:01:00,en,"PERSON_00670 met PERSON_00541 near Zone_0098, Nagpur. Record time 2026-05-27 21:01:00.",P00670,P00541,LOC0098
DIG004340,2026-01-04 06:57:00,pa,"PERSON_00649 और PERSON_00495 ने ਮੁਲਾਕਾਤ ਕੀਤੀ, Zone_0138, Bhopal के पास। समय 2026-01-04 06:57:00.",P00649,P00495,LOC0138
DIG004341,2026-03-13 22:28:00,ml,"PERSON_00991 और PERSON_00871 ने ബന്ധപ്പെട്ടു, Zone_0001, Gwalior के पास। समय 2026-03-13 22:28:00.",P00991,P00871,LOC0001
DIG004342,2026-08-17 05:50:00,kn,"PERSON_00087 और PERSON_00604 ने ಸಂಪರ್ಕಿಸಿದರು, Zone_0156, Bhopal के पास। समय 2026-08-17 05:50:00.",P00087,P00604,LOC0156
DIG004343,2026-07-26 07:56:00,hi,"PERSON_00995 और PERSON_00235 ने धन भेजा, Zone_0161, Jabalpur के पास। समय 2026-07-26 07:56:00.",P00995,P00235,LOC0161
DIG004344,2026-08-16 21:06:00,ml,"PERSON_00094 और PERSON_00417 ने ബന്ധപ്പെട്ടു, Zone_0053, Nagpur के पास। समय 2026-08-16 21:06:00.",P00094,P00417,LOC0053
DIG004345,2026-08-03 00:50:00,ml,"PERSON_00149 और PERSON_00470 ने സ്ഥലം പങ്കിട്ടു, Zone_0074, Ujjain के पास। समय 2026-08-03 00:50:00.",P00149,P00470,LOC0074
DIG004346,2026-05-12 22:05:00,ta,"PERSON_00173 और PERSON_00589 ने சென்றார், Zone_0003, Indore के पास। समय 2026-05-12 22:05:00.",P00173,P00589,LOC0003
DIG004347,2026-08-24 12:46:00,bn,"PERSON_00521 और PERSON_00952 ने টাকা পাঠিয়েছে, Zone_0158, Jabalpur के पास। समय 2026-08-24 12:46:00.",P00521,P00952,LOC0158
DIG004348,2026-07-23 08:46:00,ml,"PERSON_00841 और PERSON_00961 ने പണം അയച്ചു, Zone_0164, Bhopal के पास। समय 2026-07-23 08:46:00.",P00841,P00961,LOC0164
DIG004349,2026-03-21 17:17:00,ml,"PERSON_00777 और PERSON_00010 ने സന്ദേശം അയച്ചു, Zone_0132, Indore के पास। समय 2026-03-21 17:17:00.",P00777,P00010,LOC0132
DIG004350,2026-01-27 22:00:00,ur,"PERSON_00317 और PERSON_00705 ने ملاقات کی, Zone_0018, Bhopal के पास। समय 2026-01-27 22:00:00.",P00317,P00705,LOC0018
DIG004351,2026-04-12 03:50:00,ml,"PERSON_00974 और PERSON_00627 ने സന്ദർശിച്ചു, Zone_0153, Jabalpur के पास। समय 2026-04-12 03:50:00.",P00974,P00627,LOC0153
DIG004352,2026-04-13 18:04:00,en,"PERSON_00753 used a vehicle PERSON_00589 near Zone_0006, Bhopal. Record time 2026-04-13 18:04:00.",P00753,P00589,LOC0006
DIG004353,2026-03-26 13:44:00,kn,"PERSON_00694 और PERSON_00766 ने ಭೇಟಿಯಾದರು, Zone_0096, Indore के पास। समय 2026-03-26 13:44:00.",P00694,P00766,LOC0096
DIG004354,2026-03-31 13:27:00,gu,"PERSON_00132 और PERSON_00513 ने નાણાં મોકલ્યાં, Zone_0164, Bhopal के पास। समय 2026-03-31 13:27:00.",P00132,P00513,LOC0164
DIG004355,2026-08-17 02:26:00,hi,"PERSON_00780 और PERSON_00390 ने धन भेजा, Zone_0116, Bhopal के पास। समय 2026-08-17 02:26:00.",P00780,P00390,LOC0116
DIG004356,2026-02-19 15:32:00,pa,"PERSON_00900 और PERSON_00979 ने ਪੈਸੇ ਭੇਜੇ, Zone_0047, Ujjain के पास। समय 2026-02-19 15:32:00.",P00900,P00979,LOC0047
DIG004357,2026-05-29 06:30:00,mr,"PERSON_00086 और PERSON_00401 ने संपर्क केला, Zone_0065, Jabalpur के पास। समय 2026-05-29 06:30:00.",P00086,P00401,LOC0065
DIG004358,2026-08-22 11:51:00,hi,"PERSON_00041 और PERSON_00191 ने मिला, Zone_0073, Jabalpur के पास। समय 2026-08-22 11:51:00.",P00041,P00191,LOC0073
DIG004359,2026-05-16 17:00:00,ta,"PERSON_00630 और PERSON_00529 ने அழைத்தார், Zone_0025, Jabalpur के पास। समय 2026-05-16 17:00:00.",P00630,P00529,LOC0025
DIG004360,2026-08-08 11:49:00,ml,"PERSON_00838 और PERSON_00095 ने സന്ദേശം അയച്ചു, Zone_0044, Bhopal के पास। समय 2026-08-08 11:49:00.",P00838,P00095,LOC0044
DIG004361,2026-01-25 22:56:00,hi,"PERSON_00881 और PERSON_00175 ने संपर्क किया, Zone_0115, Jabalpur के पास। समय 2026-01-25 22:56:00.",P00881,P00175,LOC0115
DIG004362,2026-03-30 21:13:00,mr,"PERSON_00843 और PERSON_00121 ने भेट दिली, Zone_0156, Bhopal के पास। समय 2026-03-30 21:13:00.",P00843,P00121,LOC0156
DIG004363,2026-01-29 09:01:00,ur,"PERSON_00069 और PERSON_00389 ने رابطہ کیا, Zone_0040, Bhopal के पास। समय 2026-01-29 09:01:00.",P00069,P00389,LOC0040
DIG004364,2026-07-30 09:49:00,kn,"PERSON_00797 और PERSON_00539 ने ಭೇಟಿ ನೀಡಿದರು, Zone_0068, Bhopal के पास। समय 2026-07-30 09:49:00.",P00797,P00539,LOC0068
DIG004365,2026-05-02 03:05:00,pa,"PERSON_00434 और PERSON_00642 ने ਸੰਪਰਕ ਕੀਤਾ, Zone_0042, Ujjain के पास। समय 2026-05-02 03:05:00.",P00434,P00642,LOC0042
DIG004366,2026-03-26 09:58:00,pa,"PERSON_00172 और PERSON_00695 ने ਮਿਲਿਆ, Zone_0174, Gwalior के पास। समय 2026-03-26 09:58:00.",P00172,P00695,LOC0174
DIG004367,2026-04-01 01:56:00,ml,"PERSON_00237 और PERSON_00618 ने പണം അയച്ചു, Zone_0094, Gwalior के पास। समय 2026-04-01 01:56:00.",P00237,P00618,LOC0094
DIG004368,2026-08-27 17:53:00,en,"PERSON_00529 called PERSON_00435 near Zone_0002, Ujjain. Record time 2026-08-27 17:53:00.",P00529,P00435,LOC0002
DIG004369,2026-08-15 22:50:00,en,"PERSON_00365 used a vehicle PERSON_00310 near Zone_0082, Nagpur. Record time 2026-08-15 22:50:00.",P00365,P00310,LOC0082
DIG004370,2026-08-30 07:28:00,pa,"PERSON_00564 और PERSON_00351 ने ਸਥਾਨ ਸਾਂਝਾ ਕੀਤਾ, Zone_0063, Gwalior के पास। समय 2026-08-30 07:28:00.",P00564,P00351,LOC0063
DIG004371,2026-06-02 20:31:00,ur,"PERSON_00911 और PERSON_00975 ने فون کیا, Zone_0126, Nagpur के पास। समय 2026-06-02 20:31:00.",P00911,P00975,LOC0126
DIG004372,2026-04-25 09:37:00,bn,"PERSON_00867 और PERSON_00456 ने বার্তা পাঠিয়েছে, Zone_0138, Bhopal के पास। समय 2026-04-25 09:37:00.",P00867,P00456,LOC0138
DIG004373,2026-02-21 01:31:00,en,"PERSON_00129 used a vehicle PERSON_00944 near Zone_0049, Nagpur. Record time 2026-02-21 01:31:00.",P00129,P00944,LOC0049
DIG004374,2026-07-15 12:47:00,ta,"PERSON_00189 और PERSON_00268 ने செய்தி அனுப்பினார், Zone_0066, Jabalpur के पास। समय 2026-07-15 12:47:00.",P00189,P00268,LOC0066
DIG004375,2026-05-31 02:48:00,mr,"PERSON_00059 और PERSON_00148 ने संपर्क केला, Zone_0101, Jabalpur के पास। समय 2026-05-31 02:48:00.",P00059,P00148,LOC0101
DIG004376,2026-07-14 01:12:00,ta,"PERSON_00769 और PERSON_00264 ने செய்தி அனுப்பினார், Zone_0106, Ujjain के पास। समय 2026-07-14 01:12:00.",P00769,P00264,LOC0106
DIG004377,2026-07-27 04:46:00,te,"PERSON_00385 और PERSON_00148 ने స్థానం పంచుకున్నారు, Zone_0004, Indore के पास। समय 2026-07-27 04:46:00.",P00385,P00148,LOC0004
DIG004378,2026-07-11 05:46:00,bn,"PERSON_00462 और PERSON_00967 ने বার্তা পাঠিয়েছে, Zone_0108, Bhopal के पास। समय 2026-07-11 05:46:00.",P00462,P00967,LOC0108
DIG004379,2026-08-03 13:48:00,kn,"PERSON_00941 और PERSON_00968 ने ಭೇಟಿಯಾದರು, Zone_0119, Indore के पास। समय 2026-08-03 13:48:00.",P00941,P00968,LOC0119
DIG004380,2026-01-02 12:26:00,hi,"PERSON_00909 और PERSON_00431 ने धन भेजा, Zone_0154, Ujjain के पास। समय 2026-01-02 12:26:00.",P00909,P00431,LOC0154
DIG004381,2026-07-14 16:39:00,ml,"PERSON_00007 और PERSON_00640 ने വിളിച്ചു, Zone_0176, Gwalior के पास। समय 2026-07-14 16:39:00.",P00007,P00640,LOC0176
DIG004382,2026-08-31 00:19:00,ur,"PERSON_00743 और PERSON_00726 ने مقام شیئر کیا, Zone_0094, Gwalior के पास। समय 2026-08-31 00:19:00.",P00743,P00726,LOC0094
DIG004383,2026-06-12 12:36:00,pa,"PERSON_00554 और PERSON_00701 ने ਮੁਲਾਕਾਤ ਕੀਤੀ, Zone_0012, Nagpur के पास। समय 2026-06-12 12:36:00.",P00554,P00701,LOC0012
DIG004384,2026-01-03 17:46:00,te,"PERSON_00979 और PERSON_00751 ने సంప్రదించారు, Zone_0019, Gwalior के पास। समय 2026-01-03 17:46:00.",P00979,P00751,LOC0019
DIG004385,2026-07-04 22:08:00,ur,"PERSON_00815 और PERSON_00975 ने دورہ کیا, Zone_0069, Jabalpur के पास। समय 2026-07-04 22:08:00.",P00815,P00975,LOC0069
DIG004386,2026-06-16 11:32:00,en,"PERSON_00117 sent a message to PERSON_00526 near Zone_0153, Jabalpur. Record time 2026-06-16 11:32:00.",P00117,P00526,LOC0153
DIG004387,2026-02-09 05:09:00,te,"PERSON_00761 और PERSON_00751 ने సందేశం పంపారు, Zone_0136, Jabalpur के पास। समय 2026-02-09 05:09:00.",P00761,P00751,LOC0136
DIG004388,2026-03-29 09:35:00,en,"PERSON_00505 shared a location with PERSON_00481 near Zone_0152, Nagpur. Record time 2026-03-29 09:35:00.",P00505,P00481,LOC0152
DIG004389,2026-05-13 07:27:00,te,"PERSON_00720 और PERSON_00899 ने ఫోన్ చేశారు, Zone_0175, Jabalpur के पास। समय 2026-05-13 07:27:00.",P00720,P00899,LOC0175
DIG004390,2026-01-08 16:13:00,mr,"PERSON_00063 और PERSON_00622 ने पैसे पाठवले, Zone_0078, Ujjain के पास। समय 2026-01-08 16:13:00.",P00063,P00622,LOC0078
DIG004391,2026-05-22 01:41:00,te,"PERSON_00187 और PERSON_00586 ने ఫోన్ చేశారు, Zone_0082, Nagpur के पास। समय 2026-05-22 01:41:00.",P00187,P00586,LOC0082
DIG004392,2026-07-28 01:53:00,te,"PERSON_00943 और PERSON_00253 ने స్థానం పంచుకున్నారు, Zone_0132, Indore के पास। समय 2026-07-28 01:53:00.",P00943,P00253,LOC0132
DIG004393,2026-04-29 02:49:00,hi,"PERSON_00797 और PERSON_00041 ने फोन किया, Zone_0048, Indore के पास। समय 2026-04-29 02:49:00.",P00797,P00041,LOC0048
DIG004394,2026-06-10 13:09:00,te,"PERSON_00141 और PERSON_00457 ने వెళ్లారు, Zone_0043, Gwalior के पास। समय 2026-06-10 13:09:00.",P00141,P00457,LOC0043
DIG004395,2026-05-18 07:04:00,bn,"PERSON_00708 और PERSON_00650 ने স্থান ভাগ করেছে, Zone_0093, Jabalpur के पास। समय 2026-05-18 07:04:00.",P00708,P00650,LOC0093
DIG004396,2026-01-26 07:47:00,mr,"PERSON_00722 और PERSON_00675 ने भेट दिली, Zone_0139, Jabalpur के पास। समय 2026-01-26 07:47:00.",P00722,P00675,LOC0139
DIG004397,2026-07-31 01:13:00,ta,"PERSON_00984 और PERSON_00063 ने தொடர்பு கொண்டார், Zone_0165, Gwalior के पास। समय 2026-07-31 01:13:00.",P00984,P00063,LOC0165
DIG004398,2026-07-25 08:43:00,kn,"PERSON_00139 और PERSON_00109 ने ಸ್ಥಳ ಹಂಚಿಕೊಂಡರು, Zone_0163, Nagpur के पास। समय 2026-07-25 08:43:00.",P00139,P00109,LOC0163
DIG004399,2026-04-28 18:49:00,pa,"PERSON_00048 और PERSON_00957 ने ਪੈਸੇ ਭੇਜੇ, Zone_0123, Ujjain के पास। समय 2026-04-28 18:49:00.",P00048,P00957,LOC0123
DIG004400,2026-08-23 00:20:00,bn,"PERSON_00392 और PERSON_00775 ने পরিদর্শন করেছে, Zone_0120, Ujjain के पास। समय 2026-08-23 00:20:00.",P00392,P00775,LOC0120
DIG004401,2026-06-14 18:23:00,pa,"PERSON_00301 और PERSON_00743 ने ਮਿਲਿਆ, Zone_0005, Jabalpur के पास। समय 2026-06-14 18:23:00.",P00301,P00743,LOC0005
DIG004402,2026-08-14 01:37:00,gu,"PERSON_00940 और PERSON_00524 ने મળ્યા, Zone_0159, Nagpur के पास। समय 2026-08-14 01:37:00.",P00940,P00524,LOC0159
DIG004403,2026-01-31 23:20:00,en,"PERSON_00655 transferred funds to PERSON_00729 near Zone_0012, Nagpur. Record time 2026-01-31 23:20:00.",P00655,P00729,LOC0012
DIG004404,2026-01-19 03:31:00,ml,"PERSON_00511 और PERSON_00452 ने പണം അയച്ചു, Zone_0047, Ujjain के पास। समय 2026-01-19 03:31:00.",P00511,P00452,LOC0047
DIG004405,2026-05-16 00:24:00,pa,"PERSON_00706 और PERSON_00113 ने ਮਿਲਿਆ, Zone_0049, Nagpur के पास। समय 2026-05-16 00:24:00.",P00706,P00113,LOC0049
DIG004406,2026-08-14 04:37:00,gu,"PERSON_00476 और PERSON_00255 ने મુલાકાત લીધી, Zone_0171, Bhopal के पास। समय 2026-08-14 04:37:00.",P00476,P00255,LOC0171
DIG004407,2026-03-27 23:19:00,ta,"PERSON_00048 और PERSON_00457 ने சென்றார், Zone_0148, Indore के पास। समय 2026-03-27 23:19:00.",P00048,P00457,LOC0148
DIG004408,2026-07-29 14:17:00,te,"PERSON_00256 और PERSON_00002 ने సందేశం పంపారు, Zone_0094, Gwalior के पास। समय 2026-07-29 14:17:00.",P00256,P00002,LOC0094
DIG004409,2026-04-10 02:37:00,mr,"PERSON_00783 और PERSON_00522 ने संदेश पाठवला, Zone_0176, Gwalior के पास। समय 2026-04-10 02:37:00.",P00783,P00522,LOC0176
DIG004410,2026-06-11 00:23:00,mr,"PERSON_00596 और PERSON_00031 ने फोन केला, Zone_0029, Nagpur के पास। समय 2026-06-11 00:23:00.",P00596,P00031,LOC0029
DIG004411,2026-07-28 11:22:00,bn,"PERSON_00218 और PERSON_00734 ने স্থান ভাগ করেছে, Zone_0047, Ujjain के पास। समय 2026-07-28 11:22:00.",P00218,P00734,LOC0047
DIG004412,2026-06-17 20:36:00,bn,"PERSON_00008 और PERSON_00394 ने দেখা করেছে, Zone_0137, Nagpur के पास। समय 2026-06-17 20:36:00.",P00008,P00394,LOC0137
DIG004413,2026-02-02 23:58:00,te,"PERSON_00996 और PERSON_00404 ने స్థానం పంచుకున్నారు, Zone_0160, Ujjain के पास। समय 2026-02-02 23:58:00.",P00996,P00404,LOC0160
DIG004414,2026-08-25 21:15:00,bn,"PERSON_00600 और PERSON_00166 ने পরিদর্শন করেছে, Zone_0103, Indore के पास। समय 2026-08-25 21:15:00.",P00600,P00166,LOC0103
DIG004415,2026-06-06 04:32:00,kn,"PERSON_00462 और PERSON_00789 ने ಭೇಟಿಯಾದರು, Zone_0073, Jabalpur के पास। समय 2026-06-06 04:32:00.",P00462,P00789,LOC0073
DIG004416,2026-01-28 14:03:00,hi,"PERSON_00081 और PERSON_00456 ने संपर्क किया, Zone_0049, Nagpur के पास। समय 2026-01-28 14:03:00.",P00081,P00456,LOC0049
DIG004417,2026-02-24 10:23:00,ml,"PERSON_00062 और PERSON_00303 ने സന്ദർശിച്ചു, Zone_0159, Nagpur के पास। समय 2026-02-24 10:23:00.",P00062,P00303,LOC0159
DIG004418,2026-02-20 07:19:00,ur,"PERSON_00946 और PERSON_00511 ने رقم منتقل کی, Zone_0175, Jabalpur के पास। समय 2026-02-20 07:19:00.",P00946,P00511,LOC0175
DIG004419,2026-03-28 16:01:00,ta,"PERSON_00799 और PERSON_00688 ने செய்தி அனுப்பினார், Zone_0059, Indore के पास। समय 2026-03-28 16:01:00.",P00799,P00688,LOC0059
DIG004420,2026-06-06 12:42:00,te,"PERSON_00620 और PERSON_00322 ने సందేశం పంపారు, Zone_0123, Ujjain के पास। समय 2026-06-06 12:42:00.",P00620,P00322,LOC0123
DIG004421,2026-06-22 15:10:00,te,"PERSON_00060 और PERSON_00736 ने వెళ్లారు, Zone_0120, Ujjain के पास। समय 2026-06-22 15:10:00.",P00060,P00736,LOC0120
DIG004422,2026-06-21 12:19:00,te,"PERSON_00807 और PERSON_00834 ने కలిశారు, Zone_0150, Ujjain के पास। समय 2026-06-21 12:19:00.",P00807,P00834,LOC0150
DIG004423,2026-07-21 10:54:00,ml,"PERSON_00162 और PERSON_00304 ने ബന്ധപ്പെട്ടു, Zone_0070, Ujjain के पास। समय 2026-07-21 10:54:00.",P00162,P00304,LOC0070
DIG004424,2026-02-03 04:36:00,ta,"PERSON_00402 और PERSON_00637 ने அழைத்தார், Zone_0113, Indore के पास। समय 2026-02-03 04:36:00.",P00402,P00637,LOC0113
DIG004425,2026-08-23 19:04:00,te,"PERSON_00412 और PERSON_00086 ने వెళ్లారు, Zone_0053, Nagpur के पास। समय 2026-08-23 19:04:00.",P00412,P00086,LOC0053
DIG004426,2026-04-01 18:01:00,mr,"PERSON_00282 और PERSON_00359 ने पैसे पाठवले, Zone_0130, Gwalior के पास। समय 2026-04-01 18:01:00.",P00282,P00359,LOC0130
DIG004427,2026-06-24 22:52:00,mr,"PERSON_00026 और PERSON_00164 ने फोन केला, Zone_0146, Bhopal के पास। समय 2026-06-24 22:52:00.",P00026,P00164,LOC0146
DIG004428,2026-06-30 06:58:00,pa,"PERSON_00934 और PERSON_00993 ने ਮਿਲਿਆ, Zone_0107, Indore के पास। समय 2026-06-30 06:58:00.",P00934,P00993,LOC0107
DIG004429,2026-06-13 20:32:00,kn,"PERSON_00447 और PERSON_00146 ने ಭೇಟಿಯಾದರು, Zone_0026, Nagpur के पास। समय 2026-06-13 20:32:00.",P00447,P00146,LOC0026
DIG004430,2026-08-24 02:49:00,kn,"PERSON_00675 और PERSON_00427 ने ಹಣ ಕಳುಹಿಸಿದರು, Zone_0070, Ujjain के पास। समय 2026-08-24 02:49:00.",P00675,P00427,LOC0070
DIG004431,2026-02-25 06:10:00,kn,"PERSON_00180 और PERSON_00097 ने ಭೇಟಿ ನೀಡಿದರು, Zone_0070, Ujjain के पास। समय 2026-02-25 06:10:00.",P00180,P00097,LOC0070
DIG004432,2026-02-18 08:45:00,hi,"PERSON_00238 और PERSON_00128 ने स्थान साझा किया, Zone_0104, Bhopal के पास। समय 2026-02-18 08:45:00.",P00238,P00128,LOC0104
DIG004433,2026-01-25 15:34:00,kn,"PERSON_00762 और PERSON_00738 ने ಕರೆ ಮಾಡಿದರು, Zone_0114, Bhopal के पास। समय 2026-01-25 15:34:00.",P00762,P00738,LOC0114
DIG004434,2026-01-28 01:48:00,te,"PERSON_00748 और PERSON_00491 ने ఫోన్ చేశారు, Zone_0150, Ujjain के पास। समय 2026-01-28 01:48:00.",P00748,P00491,LOC0150
DIG004435,2026-07-15 22:30:00,te,"PERSON_00428 और PERSON_00651 ने స్థానం పంచుకున్నారు, Zone_0166, Bhopal के पास। समय 2026-07-15 22:30:00.",P00428,P00651,LOC0166
DIG004436,2026-05-19 06:22:00,te,"PERSON_00325 और PERSON_00618 ने సంప్రదించారు, Zone_0100, Jabalpur के पास। समय 2026-05-19 06:22:00.",P00325,P00618,LOC0100
DIG004437,2026-01-20 17:20:00,en,"PERSON_00800 met PERSON_00624 near Zone_0166, Bhopal. Record time 2026-01-20 17:20:00.",P00800,P00624,LOC0166
DIG004438,2026-02-17 00:29:00,ur,"PERSON_00633 और PERSON_00803 ने رقم منتقل کی, Zone_0033, Jabalpur के पास। समय 2026-02-17 00:29:00.",P00633,P00803,LOC0033
DIG004439,2026-05-29 00:21:00,hi,"PERSON_00565 और PERSON_00297 ने स्थान साझा किया, Zone_0044, Bhopal के पास। समय 2026-05-29 00:21:00.",P00565,P00297,LOC0044
DIG004440,2026-02-23 23:32:00,en,"PERSON_00352 met PERSON_00100 near Zone_0084, Gwalior. Record time 2026-02-23 23:32:00.",P00352,P00100,LOC0084
DIG004441,2026-05-05 21:29:00,ta,"PERSON_00136 और PERSON_00879 ने அழைத்தார், Zone_0001, Gwalior के पास। समय 2026-05-05 21:29:00.",P00136,P00879,LOC0001
DIG004442,2026-06-28 03:04:00,ur,"PERSON_00958 और PERSON_00436 ने دورہ کیا, Zone_0105, Bhopal के पास। समय 2026-06-28 03:04:00.",P00958,P00436,LOC0105
DIG004443,2026-02-21 02:49:00,ur,"PERSON_00895 और PERSON_00280 ने مقام شیئر کیا, Zone_0031, Bhopal के पास। समय 2026-02-21 02:49:00.",P00895,P00280,LOC0031
DIG004444,2026-07-05 15:44:00,kn,"PERSON_00622 और PERSON_00300 ने ಕರೆ ಮಾಡಿದರು, Zone_0054, Jabalpur के पास। समय 2026-07-05 15:44:00.",P00622,P00300,LOC0054
DIG004445,2026-05-11 15:35:00,ta,"PERSON_00613 और PERSON_00938 ने பணம் அனுப்பினார், Zone_0096, Indore के पास। समय 2026-05-11 15:35:00.",P00613,P00938,LOC0096
DIG004446,2026-07-28 04:16:00,gu,"PERSON_00753 और PERSON_00213 ने સંદેશ મોકલ્યો, Zone_0060, Ujjain के पास। समय 2026-07-28 04:16:00.",P00753,P00213,LOC0060
DIG004447,2026-05-07 16:47:00,ml,"PERSON_00003 और PERSON_00110 ने ബന്ധപ്പെട്ടു, Zone_0091, Jabalpur के पास। समय 2026-05-07 16:47:00.",P00003,P00110,LOC0091
DIG004448,2026-06-23 22:32:00,ta,"PERSON_00638 और PERSON_00865 ने தொடர்பு கொண்டார், Zone_0178, Gwalior के पास। समय 2026-06-23 22:32:00.",P00638,P00865,LOC0178
DIG004449,2026-02-09 14:51:00,ml,"PERSON_00303 और PERSON_00115 ने സന്ദേശം അയച്ചു, Zone_0133, Indore के पास। समय 2026-02-09 14:51:00.",P00303,P00115,LOC0133
DIG004450,2026-07-02 02:50:00,ta,"PERSON_00335 और PERSON_00996 ने சந்தித்தார், Zone_0029, Nagpur के पास। समय 2026-07-02 02:50:00.",P00335,P00996,LOC0029
DIG004451,2026-06-10 20:03:00,ta,"PERSON_00861 और PERSON_00578 ने பணம் அனுப்பினார், Zone_0119, Indore के पास। समय 2026-06-10 20:03:00.",P00861,P00578,LOC0119
DIG004452,2026-07-03 14:25:00,en,"PERSON_00138 contacted PERSON_00849 near Zone_0126, Nagpur. Record time 2026-07-03 14:25:00.",P00138,P00849,LOC0126
DIG004453,2026-05-16 04:16:00,mr,"PERSON_00198 और PERSON_00927 ने पैसे पाठवले, Zone_0086, Gwalior के पास। समय 2026-05-16 04:16:00.",P00198,P00927,LOC0086
DIG004454,2026-01-19 01:01:00,bn,"PERSON_00711 और PERSON_00372 ने ফোন করেছে, Zone_0095, Indore के पास। समय 2026-01-19 01:01:00.",P00711,P00372,LOC0095
DIG004455,2026-08-15 09:31:00,ml,"PERSON_00044 और PERSON_00756 ने സന്ദേശം അയച്ചു, Zone_0032, Jabalpur के पास। समय 2026-08-15 09:31:00.",P00044,P00756,LOC0032
DIG004456,2026-08-04 02:51:00,kn,"PERSON_00891 और PERSON_00019 ने ಭೇಟಿಯಾದರು, Zone_0001, Gwalior के पास। समय 2026-08-04 02:51:00.",P00891,P00019,LOC0001
DIG004457,2026-06-27 21:47:00,pa,"PERSON_00762 और PERSON_00490 ने ਮੁਲਾਕਾਤ ਕੀਤੀ, Zone_0171, Bhopal के पास। समय 2026-06-27 21:47:00.",P00762,P00490,LOC0171
DIG004458,2026-05-05 02:20:00,mr,"PERSON_00085 और PERSON_00139 ने फोन केला, Zone_0011, Gwalior के पास। समय 2026-05-05 02:20:00.",P00085,P00139,LOC0011
DIG004459,2026-01-05 01:16:00,bn,"PERSON_00841 और PERSON_00821 ने স্থান ভাগ করেছে, Zone_0180, Indore के पास। समय 2026-01-05 01:16:00.",P00841,P00821,LOC0180
DIG004460,2026-06-14 15:16:00,ml,"PERSON_00581 और PERSON_00153 ने സ്ഥലം പങ്കിട്ടു, Zone_0090, Gwalior के पास। समय 2026-06-14 15:16:00.",P00581,P00153,LOC0090
DIG004461,2026-07-02 08:08:00,kn,"PERSON_00999 और PERSON_00092 ने ಭೇಟಿ ನೀಡಿದರು, Zone_0038, Ujjain के पास। समय 2026-07-02 08:08:00.",P00999,P00092,LOC0038
DIG004462,2026-06-25 07:46:00,pa,"PERSON_00454 और PERSON_00666 ने ਸੰਪਰਕ ਕੀਤਾ, Zone_0059, Indore के पास। समय 2026-06-25 07:46:00.",P00454,P00666,LOC0059
DIG004463,2026-02-11 12:36:00,hi,"PERSON_00447 और PERSON_00530 ने फोन किया, Zone_0125, Indore के पास। समय 2026-02-11 12:36:00.",P00447,P00530,LOC0125
DIG004464,2026-04-06 19:39:00,pa,"PERSON_00322 और PERSON_00323 ने ਮਿਲਿਆ, Zone_0137, Nagpur के पास। समय 2026-04-06 19:39:00.",P00322,P00323,LOC0137
DIG004465,2026-02-08 09:33:00,ta,"PERSON_00583 और PERSON_00097 ने செய்தி அனுப்பினார், Zone_0032, Jabalpur के पास। समय 2026-02-08 09:33:00.",P00583,P00097,LOC0032
DIG004466,2026-04-11 13:34:00,hi,"PERSON_00964 और PERSON_00104 ने धन भेजा, Zone_0049, Nagpur के पास। समय 2026-04-11 13:34:00.",P00964,P00104,LOC0049
DIG004467,2026-07-08 00:32:00,bn,"PERSON_00502 और PERSON_00404 ने দেখা করেছে, Zone_0058, Bhopal के पास। समय 2026-07-08 00:32:00.",P00502,P00404,LOC0058
DIG004468,2026-04-07 06:11:00,en,"PERSON_00437 contacted PERSON_00549 near Zone_0062, Ujjain. Record time 2026-04-07 06:11:00.",P00437,P00549,LOC0062
DIG004469,2026-03-05 13:30:00,hi,"PERSON_00546 और PERSON_00563 ने स्थान साझा किया, Zone_0124, Bhopal के पास। समय 2026-03-05 13:30:00.",P00546,P00563,LOC0124
DIG004470,2026-07-02 00:28:00,ta,"PERSON_00052 और PERSON_00534 ने அழைத்தார், Zone_0168, Nagpur के पास। समय 2026-07-02 00:28:00.",P00052,P00534,LOC0168
DIG004471,2026-02-08 09:36:00,ta,"PERSON_00851 और PERSON_00363 ने அழைத்தார், Zone_0127, Bhopal के पास। समय 2026-02-08 09:36:00.",P00851,P00363,LOC0127
DIG004472,2026-01-22 14:39:00,ml,"PERSON_00835 और PERSON_00041 ने ബന്ധപ്പെട്ടു, Zone_0056, Jabalpur के पास। समय 2026-01-22 14:39:00.",P00835,P00041,LOC0056
DIG004473,2026-05-27 19:31:00,ur,"PERSON_00090 और PERSON_00376 ने مقام شیئر کیا, Zone_0122, Nagpur के पास। समय 2026-05-27 19:31:00.",P00090,P00376,LOC0122
DIG004474,2026-05-12 19:01:00,kn,"PERSON_00965 और PERSON_00075 ने ಭೇಟಿ ನೀಡಿದರು, Zone_0044, Bhopal के पास। समय 2026-05-12 19:01:00.",P00965,P00075,LOC0044
DIG004475,2026-01-25 15:05:00,en,"PERSON_00143 used a vehicle PERSON_00202 near Zone_0175, Jabalpur. Record time 2026-01-25 15:05:00.",P00143,P00202,LOC0175
DIG004476,2026-01-08 13:25:00,gu,"PERSON_00273 और PERSON_00131 ने મુલાકાત લીધી, Zone_0013, Gwalior के पास। समय 2026-01-08 13:25:00.",P00273,P00131,LOC0013
DIG004477,2026-01-16 21:01:00,hi,"PERSON_00402 और PERSON_00253 ने संदेश भेजा, Zone_0166, Bhopal के पास। समय 2026-01-16 21:01:00.",P00402,P00253,LOC0166
DIG004478,2026-06-21 21:42:00,en,"PERSON_00033 called PERSON_00790 near Zone_0140, Jabalpur. Record time 2026-06-21 21:42:00.",P00033,P00790,LOC0140
DIG004479,2026-05-22 18:16:00,mr,"PERSON_00684 और PERSON_00138 ने पैसे पाठवले, Zone_0018, Bhopal के पास। समय 2026-05-22 18:16:00.",P00684,P00138,LOC0018
DIG004480,2026-08-14 02:42:00,bn,"PERSON_00453 और PERSON_00851 ने বার্তা পাঠিয়েছে, Zone_0095, Indore के पास। समय 2026-08-14 02:42:00.",P00453,P00851,LOC0095
DIG004481,2026-07-10 08:33:00,ml,"PERSON_00724 और PERSON_00538 ने വിളിച്ചു, Zone_0112, Ujjain के पास। समय 2026-07-10 08:33:00.",P00724,P00538,LOC0112
DIG004482,2026-02-26 15:35:00,hi,"PERSON_00830 और PERSON_00002 ने मिला, Zone_0178, Gwalior के पास। समय 2026-02-26 15:35:00.",P00830,P00002,LOC0178
DIG004483,2026-07-26 01:58:00,mr,"PERSON_00776 और PERSON_00107 ने भेट दिली, Zone_0157, Nagpur के पास। समय 2026-07-26 01:58:00.",P00776,P00107,LOC0157
DIG004484,2026-05-16 03:30:00,ta,"PERSON_00371 और PERSON_00646 ने சென்றார், Zone_0097, Ujjain के पास। समय 2026-05-16 03:30:00.",P00371,P00646,LOC0097
DIG004485,2026-04-25 04:34:00,te,"PERSON_00405 और PERSON_00219 ने వెళ్లారు, Zone_0107, Indore के पास। समय 2026-04-25 04:34:00.",P00405,P00219,LOC0107
DIG004486,2026-04-10 08:12:00,pa,"PERSON_00341 और PERSON_00440 ने ਸੰਪਰਕ ਕੀਤਾ, Zone_0044, Bhopal के पास। समय 2026-04-10 08:12:00.",P00341,P00440,LOC0044
DIG004487,2026-06-14 03:03:00,kn,"PERSON_00106 और PERSON_00528 ने ಸಂಪರ್ಕಿಸಿದರು, Zone_0132, Indore के पास। समय 2026-06-14 03:03:00.",P00106,P00528,LOC0132
DIG004488,2026-07-24 22:42:00,en,"PERSON_00969 visited PERSON_00191 near Zone_0012, Nagpur. Record time 2026-07-24 22:42:00.",P00969,P00191,LOC0012
DIG004489,2026-07-24 09:40:00,bn,"PERSON_00138 और PERSON_00683 ने বার্তা পাঠিয়েছে, Zone_0042, Ujjain के पास। समय 2026-07-24 09:40:00.",P00138,P00683,LOC0042
DIG004490,2026-08-09 13:41:00,te,"PERSON_00020 और PERSON_00541 ने వెళ్లారు, Zone_0147, Ujjain के पास। समय 2026-08-09 13:41:00.",P00020,P00541,LOC0147
DIG004491,2026-07-17 23:03:00,hi,"PERSON_00870 और PERSON_00774 ने फोन किया, Zone_0052, Nagpur के पास। समय 2026-07-17 23:03:00.",P00870,P00774,LOC0052
DIG004492,2026-03-19 00:41:00,gu,"PERSON_00321 और PERSON_00631 ने સંદેશ મોકલ્યો, Zone_0108, Bhopal के पास। समय 2026-03-19 00:41:00.",P00321,P00631,LOC0108
DIG004493,2026-07-25 04:13:00,ml,"PERSON_00109 और PERSON_00338 ने ബന്ധപ്പെട്ടു, Zone_0133, Indore के पास। समय 2026-07-25 04:13:00.",P00109,P00338,LOC0133
DIG004494,2026-02-24 23:27:00,bn,"PERSON_00881 और PERSON_00474 ने বার্তা পাঠিয়েছে, Zone_0137, Nagpur के पास। समय 2026-02-24 23:27:00.",P00881,P00474,LOC0137
DIG004495,2026-08-02 16:40:00,hi,"PERSON_00863 और PERSON_00207 ने संपर्क किया, Zone_0058, Bhopal के पास। समय 2026-08-02 16:40:00.",P00863,P00207,LOC0058
DIG004496,2026-01-26 10:03:00,hi,"PERSON_00956 और PERSON_00773 ने स्थान साझा किया, Zone_0040, Bhopal के पास। समय 2026-01-26 10:03:00.",P00956,P00773,LOC0040
DIG004497,2026-07-07 14:39:00,en,"PERSON_00235 met PERSON_00109 near Zone_0078, Ujjain. Record time 2026-07-07 14:39:00.",P00235,P00109,LOC0078
DIG004498,2026-03-18 04:52:00,ta,"PERSON_00918 और PERSON_00844 ने அழைத்தார், Zone_0072, Indore के पास। समय 2026-03-18 04:52:00.",P00918,P00844,LOC0072
DIG004499,2026-03-28 12:46:00,bn,"PERSON_00762 और PERSON_00672 ने বার্তা পাঠিয়েছে, Zone_0121, Nagpur के पास। समय 2026-03-28 12:46:00.",P00762,P00672,LOC0121
DIG004500,2026-02-05 13:55:00,gu,"PERSON_00630 और PERSON_00473 ने નાણાં મોકલ્યાં, Zone_0097, Ujjain के पास। समय 2026-02-05 13:55:00.",P00630,P00473,LOC0097
DIG004501,2026-08-24 06:09:00,ml,"PERSON_00630 और PERSON_00915 ने പണം അയച്ചു, Zone_0010, Indore के पास। समय 2026-08-24 06:09:00.",P00630,P00915,LOC0010
DIG004502,2026-04-09 06:25:00,gu,"PERSON_00503 और PERSON_00008 ने નાણાં મોકલ્યાં, Zone_0156, Bhopal के पास। समय 2026-04-09 06:25:00.",P00503,P00008,LOC0156
DIG004503,2026-05-02 10:07:00,hi,"PERSON_00947 और PERSON_00196 ने वाहन का उपयोग किया, Zone_0162, Nagpur के पास। समय 2026-05-02 10:07:00.",P00947,P00196,LOC0162
DIG004504,2026-06-09 07:12:00,bn,"PERSON_00568 और PERSON_00185 ने পরিদর্শন করেছে, Zone_0118, Ujjain के पास। समय 2026-06-09 07:12:00.",P00568,P00185,LOC0118
DIG004505,2026-08-19 08:41:00,hi,"PERSON_00107 और PERSON_00747 ने धन भेजा, Zone_0055, Bhopal के पास। समय 2026-08-19 08:41:00.",P00107,P00747,LOC0055
DIG004506,2026-02-02 06:15:00,te,"PERSON_00700 और PERSON_00538 ने వెళ్లారు, Zone_0175, Jabalpur के पास। समय 2026-02-02 06:15:00.",P00700,P00538,LOC0175
DIG004507,2026-04-24 15:50:00,ta,"PERSON_00664 और PERSON_00193 ने தொடர்பு கொண்டார், Zone_0139, Jabalpur के पास। समय 2026-04-24 15:50:00.",P00664,P00193,LOC0139
DIG004508,2026-04-10 10:34:00,en,"PERSON_00306 met PERSON_00622 near Zone_0046, Bhopal. Record time 2026-04-10 10:34:00.",P00306,P00622,LOC0046
DIG004509,2026-03-14 17:52:00,gu,"PERSON_00205 और PERSON_00649 ने મુલાકાત લીધી, Zone_0033, Jabalpur के पास। समय 2026-03-14 17:52:00.",P00205,P00649,LOC0033
DIG004510,2026-02-10 05:14:00,ur,"PERSON_00942 और PERSON_00121 ने دورہ کیا, Zone_0136, Jabalpur के पास। समय 2026-02-10 05:14:00.",P00942,P00121,LOC0136
DIG004511,2026-06-13 09:19:00,en,"PERSON_00273 transferred funds to PERSON_00733 near Zone_0062, Ujjain. Record time 2026-06-13 09:19:00.",P00273,P00733,LOC0062
DIG004512,2026-07-11 19:52:00,en,"PERSON_00168 transferred funds to PERSON_00071 near Zone_0095, Indore. Record time 2026-07-11 19:52:00.",P00168,P00071,LOC0095
DIG004513,2026-07-15 01:27:00,ur,"PERSON_00744 और PERSON_00782 ने ملاقات کی, Zone_0174, Gwalior के पास। समय 2026-07-15 01:27:00.",P00744,P00782,LOC0174
DIG004514,2026-01-18 16:54:00,ml,"PERSON_00732 और PERSON_00137 ने വിളിച്ചു, Zone_0176, Gwalior के पास। समय 2026-01-18 16:54:00.",P00732,P00137,LOC0176
DIG004515,2026-05-22 22:03:00,kn,"PERSON_00973 और PERSON_00190 ने ಭೇಟಿ ನೀಡಿದರು, Zone_0149, Ujjain के पास। समय 2026-05-22 22:03:00.",P00973,P00190,LOC0149
DIG004516,2026-05-31 21:57:00,hi,"PERSON_00792 और PERSON_00911 ने संपर्क किया, Zone_0121, Nagpur के पास। समय 2026-05-31 21:57:00.",P00792,P00911,LOC0121
DIG004517,2026-03-17 22:23:00,ur,"PERSON_00372 और PERSON_00682 ने فون کیا, Zone_0173, Jabalpur के पास। समय 2026-03-17 22:23:00.",P00372,P00682,LOC0173
DIG004518,2026-04-24 06:19:00,te,"PERSON_00523 और PERSON_00893 ने వెళ్లారు, Zone_0168, Nagpur के पास। समय 2026-04-24 06:19:00.",P00523,P00893,LOC0168
DIG004519,2026-05-02 01:51:00,en,"PERSON_00809 visited PERSON_00771 near Zone_0127, Bhopal. Record time 2026-05-02 01:51:00.",P00809,P00771,LOC0127
DIG004520,2026-07-20 21:32:00,en,"PERSON_01000 shared a location with PERSON_00182 near Zone_0139, Jabalpur. Record time 2026-07-20 21:32:00.",P01000,P00182,LOC0139
DIG004521,2026-05-19 22:14:00,ur,"PERSON_00494 और PERSON_00662 ने رقم منتقل کی, Zone_0021, Ujjain के पास। समय 2026-05-19 22:14:00.",P00494,P00662,LOC0021
DIG004522,2026-07-02 19:18:00,bn,"PERSON_00024 और PERSON_00427 ने দেখা করেছে, Zone_0044, Bhopal के पास। समय 2026-07-02 19:18:00.",P00024,P00427,LOC0044
DIG004523,2026-02-02 20:32:00,te,"PERSON_00094 और PERSON_00884 ने డబ్బు పంపారు, Zone_0061, Gwalior के पास। समय 2026-02-02 20:32:00.",P00094,P00884,LOC0061
DIG004524,2026-03-21 02:45:00,ml,"PERSON_00322 और PERSON_00593 ने സന്ദേശം അയച്ചു, Zone_0071, Indore के पास। समय 2026-03-21 02:45:00.",P00322,P00593,LOC0071
DIG004525,2026-01-13 02:14:00,bn,"PERSON_00853 और PERSON_00410 ने দেখা করেছে, Zone_0144, Nagpur के पास। समय 2026-01-13 02:14:00.",P00853,P00410,LOC0144
DIG004526,2026-04-17 17:16:00,ml,"PERSON_00866 और PERSON_00849 ने വിളിച്ചു, Zone_0156, Bhopal के पास। समय 2026-04-17 17:16:00.",P00866,P00849,LOC0156
DIG004527,2026-06-23 05:17:00,gu,"PERSON_00858 और PERSON_00489 ने મળ્યા, Zone_0105, Bhopal के पास। समय 2026-06-23 05:17:00.",P00858,P00489,LOC0105
DIG004528,2026-07-07 17:05:00,mr,"PERSON_00655 और PERSON_00053 ने ठिकाण शेअर केले, Zone_0098, Nagpur के पास। समय 2026-07-07 17:05:00.",P00655,P00053,LOC0098
DIG004529,2026-07-30 16:19:00,mr,"PERSON_00844 और PERSON_00274 ने फोन केला, Zone_0028, Bhopal के पास। समय 2026-07-30 16:19:00.",P00844,P00274,LOC0028
DIG004530,2026-05-15 09:34:00,ml,"PERSON_00726 और PERSON_00655 ने സന്ദേശം അയച്ചു, Zone_0097, Ujjain के पास। समय 2026-05-15 09:34:00.",P00726,P00655,LOC0097
DIG004531,2026-02-15 06:40:00,ur,"PERSON_00426 और PERSON_00973 ने فون کیا, Zone_0061, Gwalior के पास। समय 2026-02-15 06:40:00.",P00426,P00973,LOC0061
DIG004532,2026-01-05 06:56:00,en,"PERSON_00815 used a vehicle PERSON_00132 near Zone_0126, Nagpur. Record time 2026-01-05 06:56:00.",P00815,P00132,LOC0126
DIG004533,2026-03-23 08:33:00,hi,"PERSON_00581 और PERSON_00546 ने स्थान साझा किया, Zone_0095, Indore के पास। समय 2026-03-23 08:33:00.",P00581,P00546,LOC0095
DIG004534,2026-08-12 19:07:00,en,"PERSON_00022 sent a message to PERSON_00935 near Zone_0155, Nagpur. Record time 2026-08-12 19:07:00.",P00022,P00935,LOC0155
DIG004535,2026-04-11 22:41:00,en,"PERSON_00420 called PERSON_00616 near Zone_0172, Gwalior. Record time 2026-04-11 22:41:00.",P00420,P00616,LOC0172
DIG004536,2026-07-04 20:33:00,kn,"PERSON_00191 और PERSON_00760 ने ಭೇಟಿಯಾದರು, Zone_0153, Jabalpur के पास। समय 2026-07-04 20:33:00.",P00191,P00760,LOC0153
DIG004537,2026-05-26 00:14:00,ml,"PERSON_00222 और PERSON_00303 ने പണം അയച്ചു, Zone_0038, Ujjain के पास। समय 2026-05-26 00:14:00.",P00222,P00303,LOC0038
DIG004538,2026-02-11 00:49:00,gu,"PERSON_00047 और PERSON_00552 ने સંપર્ક કર્યો, Zone_0134, Indore के पास। समय 2026-02-11 00:49:00.",P00047,P00552,LOC0134
DIG004539,2026-07-06 05:13:00,ta,"PERSON_00852 और PERSON_00046 ने சந்தித்தார், Zone_0145, Jabalpur के पास। समय 2026-07-06 05:13:00.",P00852,P00046,LOC0145
DIG004540,2026-02-07 21:32:00,pa,"PERSON_00182 और PERSON_00802 ने ਪੈਸੇ ਭੇਜੇ, Zone_0140, Jabalpur के पास। समय 2026-02-07 21:32:00.",P00182,P00802,LOC0140
DIG004541,2026-06-03 22:03:00,bn,"PERSON_00426 और PERSON_00068 ने স্থান ভাগ করেছে, Zone_0091, Jabalpur के पास। समय 2026-06-03 22:03:00.",P00426,P00068,LOC0091
DIG004542,2026-02-07 17:12:00,ta,"PERSON_00940 और PERSON_00521 ने செய்தி அனுப்பினார், Zone_0083, Ujjain के पास। समय 2026-02-07 17:12:00.",P00940,P00521,LOC0083
DIG004543,2026-06-16 05:40:00,en,"PERSON_00181 used a vehicle PERSON_00767 near Zone_0065, Jabalpur. Record time 2026-06-16 05:40:00.",P00181,P00767,LOC0065
DIG004544,2026-01-19 21:53:00,kn,"PERSON_00073 और PERSON_00646 ने ಭೇಟಿಯಾದರು, Zone_0141, Jabalpur के पास। समय 2026-01-19 21:53:00.",P00073,P00646,LOC0141
DIG004545,2026-05-11 13:46:00,ml,"PERSON_00099 और PERSON_00945 ने പണം അയച്ചു, Zone_0080, Indore के पास। समय 2026-05-11 13:46:00.",P00099,P00945,LOC0080
DIG004546,2026-06-07 21:52:00,hi,"PERSON_00442 और PERSON_00732 ने संदेश भेजा, Zone_0160, Ujjain के पास। समय 2026-06-07 21:52:00.",P00442,P00732,LOC0160
DIG004547,2026-04-26 21:32:00,hi,"PERSON_00198 और PERSON_00596 ने फोन किया, Zone_0162, Nagpur के पास। समय 2026-04-26 21:32:00.",P00198,P00596,LOC0162
DIG004548,2026-03-23 21:11:00,te,"PERSON_00832 और PERSON_00048 ने డబ్బు పంపారు, Zone_0164, Bhopal के पास। समय 2026-03-23 21:11:00.",P00832,P00048,LOC0164
DIG004549,2026-01-05 23:53:00,hi,"PERSON_00376 और PERSON_00678 ने फोन किया, Zone_0164, Bhopal के पास। समय 2026-01-05 23:53:00.",P00376,P00678,LOC0164
DIG004550,2026-02-09 05:01:00,ta,"PERSON_00194 और PERSON_00748 ने சந்தித்தார், Zone_0124, Bhopal के पास। समय 2026-02-09 05:01:00.",P00194,P00748,LOC0124
DIG004551,2026-03-22 04:53:00,ur,"PERSON_00288 और PERSON_00408 ने پیغام بھیجا, Zone_0029, Nagpur के पास। समय 2026-03-22 04:53:00.",P00288,P00408,LOC0029
DIG004552,2026-01-05 03:06:00,mr,"PERSON_00727 और PERSON_00646 ने संदेश पाठवला, Zone_0124, Bhopal के पास। समय 2026-01-05 03:06:00.",P00727,P00646,LOC0124
DIG004553,2026-02-13 01:34:00,pa,"PERSON_00394 और PERSON_00952 ने ਮਿਲਿਆ, Zone_0150, Ujjain के पास। समय 2026-02-13 01:34:00.",P00394,P00952,LOC0150
DIG004554,2026-03-14 12:25:00,mr,"PERSON_00590 और PERSON_00215 ने ठिकाण शेअर केले, Zone_0134, Indore के पास। समय 2026-03-14 12:25:00.",P00590,P00215,LOC0134
DIG004555,2026-01-28 04:33:00,te,"PERSON_00074 और PERSON_00492 ने స్థానం పంచుకున్నారు, Zone_0115, Jabalpur के पास। समय 2026-01-28 04:33:00.",P00074,P00492,LOC0115
DIG004556,2026-01-04 21:28:00,hi,"PERSON_00480 और PERSON_00370 ने मिला, Zone_0037, Indore के पास। समय 2026-01-04 21:28:00.",P00480,P00370,LOC0037
DIG004557,2026-02-21 09:18:00,te,"PERSON_00114 और PERSON_00105 ने డబ్బు పంపారు, Zone_0055, Bhopal के पास। समय 2026-02-21 09:18:00.",P00114,P00105,LOC0055
DIG004558,2026-02-04 20:28:00,kn,"PERSON_00876 और PERSON_00082 ने ಹಣ ಕಳುಹಿಸಿದರು, Zone_0106, Ujjain के पास। समय 2026-02-04 20:28:00.",P00876,P00082,LOC0106
DIG004559,2026-01-06 16:14:00,ml,"PERSON_00969 और PERSON_00900 ने സ്ഥലം പങ്കിട്ടു, Zone_0068, Bhopal के पास। समय 2026-01-06 16:14:00.",P00969,P00900,LOC0068
DIG004560,2026-04-16 22:18:00,hi,"PERSON_00249 और PERSON_00976 ने संपर्क किया, Zone_0141, Jabalpur के पास। समय 2026-04-16 22:18:00.",P00249,P00976,LOC0141
DIG004561,2026-02-24 03:57:00,te,"PERSON_00066 और PERSON_00071 ने వెళ్లారు, Zone_0087, Ujjain के पास। समय 2026-02-24 03:57:00.",P00066,P00071,LOC0087
DIG004562,2026-07-12 20:46:00,bn,"PERSON_00147 और PERSON_00177 ने ফোন করেছে, Zone_0024, Jabalpur के पास। समय 2026-07-12 20:46:00.",P00147,P00177,LOC0024
DIG004563,2026-05-26 18:38:00,mr,"PERSON_00586 और PERSON_00088 ने संदेश पाठवला, Zone_0018, Bhopal के पास। समय 2026-05-26 18:38:00.",P00586,P00088,LOC0018
DIG004564,2026-08-16 19:46:00,bn,"PERSON_00119 और PERSON_00148 ने যোগাযোগ করেছে, Zone_0025, Jabalpur के पास। समय 2026-08-16 19:46:00.",P00119,P00148,LOC0025
DIG004565,2026-05-16 03:24:00,hi,"PERSON_00092 और PERSON_00861 ने धन भेजा, Zone_0142, Jabalpur के पास। समय 2026-05-16 03:24:00.",P00092,P00861,LOC0142
DIG004566,2026-04-07 17:58:00,te,"PERSON_00082 और PERSON_00819 ने సందేశం పంపారు, Zone_0100, Jabalpur के पास। समय 2026-04-07 17:58:00.",P00082,P00819,LOC0100
DIG004567,2026-06-28 11:35:00,ta,"PERSON_00053 और PERSON_00517 ने அழைத்தார், Zone_0153, Jabalpur के पास। समय 2026-06-28 11:35:00.",P00053,P00517,LOC0153
DIG004568,2026-07-15 08:35:00,te,"PERSON_00894 और PERSON_00093 ने సందేశం పంపారు, Zone_0054, Jabalpur के पास। समय 2026-07-15 08:35:00.",P00894,P00093,LOC0054
DIG004569,2026-06-15 17:40:00,ur,"PERSON_00399 और PERSON_00221 ने ملاقات کی, Zone_0104, Bhopal के पास। समय 2026-06-15 17:40:00.",P00399,P00221,LOC0104
DIG004570,2026-05-02 18:58:00,kn,"PERSON_00781 और PERSON_00060 ने ಹಣ ಕಳುಹಿಸಿದರು, Zone_0127, Bhopal के पास। समय 2026-05-02 18:58:00.",P00781,P00060,LOC0127
DIG004571,2026-06-28 01:23:00,hi,"PERSON_00259 और PERSON_00633 ने संदेश भेजा, Zone_0116, Bhopal के पास। समय 2026-06-28 01:23:00.",P00259,P00633,LOC0116
DIG004572,2026-06-14 01:18:00,hi,"PERSON_00056 और PERSON_00990 ने फोन किया, Zone_0061, Gwalior के पास। समय 2026-06-14 01:18:00.",P00056,P00990,LOC0061
DIG004573,2026-06-22 04:06:00,bn,"PERSON_00582 और PERSON_00926 ने টাকা পাঠিয়েছে, Zone_0066, Jabalpur के पास। समय 2026-06-22 04:06:00.",P00582,P00926,LOC0066
DIG004574,2026-05-27 05:01:00,gu,"PERSON_00619 और PERSON_00198 ने મળ્યા, Zone_0004, Indore के पास। समय 2026-05-27 05:01:00.",P00619,P00198,LOC0004
DIG004575,2026-06-07 08:29:00,gu,"PERSON_00761 और PERSON_00853 ने મળ્યા, Zone_0105, Bhopal के पास। समय 2026-06-07 08:29:00.",P00761,P00853,LOC0105
DIG004576,2026-05-25 12:24:00,kn,"PERSON_00495 और PERSON_00649 ने ಭೇಟಿ ನೀಡಿದರು, Zone_0135, Nagpur के पास। समय 2026-05-25 12:24:00.",P00495,P00649,LOC0135
DIG004577,2026-05-04 16:34:00,ta,"PERSON_00372 और PERSON_00542 ने செய்தி அனுப்பினார், Zone_0127, Bhopal के पास। समय 2026-05-04 16:34:00.",P00372,P00542,LOC0127
DIG004578,2026-08-22 12:51:00,hi,"PERSON_00136 और PERSON_00149 ने संदेश भेजा, Zone_0018, Bhopal के पास। समय 2026-08-22 12:51:00.",P00136,P00149,LOC0018
DIG004579,2026-07-04 06:59:00,gu,"PERSON_00363 और PERSON_00094 ने મુલાકાત લીધી, Zone_0156, Bhopal के पास। समय 2026-07-04 06:59:00.",P00363,P00094,LOC0156
DIG004580,2026-08-03 09:19:00,mr,"PERSON_00372 और PERSON_00652 ने पैसे पाठवले, Zone_0136, Jabalpur के पास। समय 2026-08-03 09:19:00.",P00372,P00652,LOC0136
DIG004581,2026-03-05 08:18:00,gu,"PERSON_00993 और PERSON_00474 ने ફોન કર્યો, Zone_0150, Ujjain के पास। समय 2026-03-05 08:18:00.",P00993,P00474,LOC0150
DIG004582,2026-05-24 04:39:00,bn,"PERSON_00152 और PERSON_00249 ने বার্তা পাঠিয়েছে, Zone_0027, Gwalior के पास। समय 2026-05-24 04:39:00.",P00152,P00249,LOC0027
DIG004583,2026-08-26 23:45:00,ta,"PERSON_00235 और PERSON_00201 ने செய்தி அனுப்பினார், Zone_0180, Indore के पास। समय 2026-08-26 23:45:00.",P00235,P00201,LOC0180
DIG004584,2026-03-19 00:24:00,kn,"PERSON_00811 और PERSON_00295 ने ಸಂದೇಶ ಕಳುಹಿಸಿದರು, Zone_0017, Gwalior के पास। समय 2026-03-19 00:24:00.",P00811,P00295,LOC0017
DIG004585,2026-04-13 21:40:00,ur,"PERSON_00256 और PERSON_00376 ने فون کیا, Zone_0144, Nagpur के पास। समय 2026-04-13 21:40:00.",P00256,P00376,LOC0144
DIG004586,2026-03-31 03:54:00,gu,"PERSON_00272 और PERSON_00881 ने નાણાં મોકલ્યાં, Zone_0006, Bhopal के पास। समय 2026-03-31 03:54:00.",P00272,P00881,LOC0006
DIG004587,2026-05-01 00:07:00,bn,"PERSON_00512 और PERSON_00218 ने ফোন করেছে, Zone_0159, Nagpur के पास। समय 2026-05-01 00:07:00.",P00512,P00218,LOC0159
DIG004588,2026-04-06 06:50:00,ur,"PERSON_00874 और PERSON_00107 ने رقم منتقل کی, Zone_0178, Gwalior के पास। समय 2026-04-06 06:50:00.",P00874,P00107,LOC0178
DIG004589,2026-06-04 01:13:00,gu,"PERSON_00117 और PERSON_00262 ने ફોન કર્યો, Zone_0177, Gwalior के पास। समय 2026-06-04 01:13:00.",P00117,P00262,LOC0177
DIG004590,2026-04-25 10:49:00,ml,"PERSON_00375 और PERSON_00983 ने പണം അയച്ചു, Zone_0108, Bhopal के पास। समय 2026-04-25 10:49:00.",P00375,P00983,LOC0108
DIG004591,2026-08-24 20:16:00,hi,"PERSON_00603 और PERSON_00689 ने फोन किया, Zone_0007, Ujjain के पास। समय 2026-08-24 20:16:00.",P00603,P00689,LOC0007
DIG004592,2026-08-19 06:21:00,kn,"PERSON_00172 और PERSON_00290 ने ಸಂದೇಶ ಕಳುಹಿಸಿದರು, Zone_0053, Nagpur के पास। समय 2026-08-19 06:21:00.",P00172,P00290,LOC0053
DIG004593,2026-07-15 22:35:00,te,"PERSON_00131 और PERSON_00368 ने ఫోన్ చేశారు, Zone_0139, Jabalpur के पास। समय 2026-07-15 22:35:00.",P00131,P00368,LOC0139
DIG004594,2026-02-21 15:57:00,pa,"PERSON_00232 और PERSON_00409 ने ਮੁਲਾਕਾਤ ਕੀਤੀ, Zone_0106, Ujjain के पास। समय 2026-02-21 15:57:00.",P00232,P00409,LOC0106
DIG004595,2026-05-18 14:28:00,hi,"PERSON_00195 और PERSON_00679 ने फोन किया, Zone_0019, Gwalior के पास। समय 2026-05-18 14:28:00.",P00195,P00679,LOC0019
DIG004596,2026-03-01 08:10:00,pa,"PERSON_00017 और PERSON_00548 ने ਪੈਸੇ ਭੇਜੇ, Zone_0155, Nagpur के पास। समय 2026-03-01 08:10:00.",P00017,P00548,LOC0155
DIG004597,2026-07-08 08:08:00,te,"PERSON_00528 और PERSON_00649 ने వెళ్లారు, Zone_0140, Jabalpur के पास। समय 2026-07-08 08:08:00.",P00528,P00649,LOC0140
DIG004598,2026-08-12 22:58:00,pa,"PERSON_00909 और PERSON_00518 ने ਸਥਾਨ ਸਾਂਝਾ ਕੀਤਾ, Zone_0163, Nagpur के पास। समय 2026-08-12 22:58:00.",P00909,P00518,LOC0163
DIG004599,2026-03-24 03:34:00,gu,"PERSON_00170 और PERSON_00259 ने નાણાં મોકલ્યાં, Zone_0134, Indore के पास। समय 2026-03-24 03:34:00.",P00170,P00259,LOC0134
DIG004600,2026-07-09 03:24:00,bn,"PERSON_00478 और PERSON_00618 ने যোগাযোগ করেছে, Zone_0099, Bhopal के पास। समय 2026-07-09 03:24:00.",P00478,P00618,LOC0099
DIG004601,2026-05-30 09:25:00,gu,"PERSON_00556 और PERSON_00810 ने ફોન કર્યો, Zone_0079, Nagpur के पास। समय 2026-05-30 09:25:00.",P00556,P00810,LOC0079
DIG004602,2026-04-12 00:28:00,gu,"PERSON_00134 और PERSON_00258 ने ફોન કર્યો, Zone_0135, Nagpur के पास। समय 2026-04-12 00:28:00.",P00134,P00258,LOC0135
DIG004603,2026-03-09 00:25:00,te,"PERSON_00535 और PERSON_00172 ने డబ్బు పంపారు, Zone_0108, Bhopal के पास। समय 2026-03-09 00:25:00.",P00535,P00172,LOC0108
DIG004604,2026-01-21 06:49:00,gu,"PERSON_00377 और PERSON_00059 ने નાણાં મોકલ્યાં, Zone_0152, Nagpur के पास। समय 2026-01-21 06:49:00.",P00377,P00059,LOC0152
DIG004605,2026-01-28 10:35:00,ml,"PERSON_00202 और PERSON_00476 ने പണം അയച്ചു, Zone_0164, Bhopal के पास। समय 2026-01-28 10:35:00.",P00202,P00476,LOC0164
DIG004606,2026-02-12 19:27:00,te,"PERSON_00222 और PERSON_00092 ने ఫోన్ చేశారు, Zone_0004, Indore के पास। समय 2026-02-12 19:27:00.",P00222,P00092,LOC0004
DIG004607,2026-04-29 08:31:00,te,"PERSON_00521 और PERSON_00569 ने సందేశం పంపారు, Zone_0031, Bhopal के पास। समय 2026-04-29 08:31:00.",P00521,P00569,LOC0031
DIG004608,2026-08-05 00:39:00,kn,"PERSON_00272 और PERSON_00096 ने ಸಂದೇಶ ಕಳುಹಿಸಿದರು, Zone_0117, Gwalior के पास। समय 2026-08-05 00:39:00.",P00272,P00096,LOC0117
DIG004609,2026-01-23 23:06:00,hi,"PERSON_00236 और PERSON_00002 ने संपर्क किया, Zone_0156, Bhopal के पास। समय 2026-01-23 23:06:00.",P00236,P00002,LOC0156
DIG004610,2026-08-10 19:16:00,ur,"PERSON_00206 और PERSON_00656 ने فون کیا, Zone_0083, Ujjain के पास। समय 2026-08-10 19:16:00.",P00206,P00656,LOC0083
DIG004611,2026-03-02 15:03:00,ur,"PERSON_00419 और PERSON_00646 ने پیغام بھیجا, Zone_0002, Ujjain के पास। समय 2026-03-02 15:03:00.",P00419,P00646,LOC0002
DIG004612,2026-06-10 20:26:00,kn,"PERSON_00601 और PERSON_00561 ने ಸ್ಥಳ ಹಂಚಿಕೊಂಡರು, Zone_0019, Gwalior के पास। समय 2026-06-10 20:26:00.",P00601,P00561,LOC0019
DIG004613,2026-07-03 19:13:00,mr,"PERSON_00732 और PERSON_00970 ने संदेश पाठवला, Zone_0089, Jabalpur के पास। समय 2026-07-03 19:13:00.",P00732,P00970,LOC0089
DIG004614,2026-06-10 10:44:00,en,"PERSON_00895 shared a location with PERSON_00239 near Zone_0010, Indore. Record time 2026-06-10 10:44:00.",P00895,P00239,LOC0010
DIG004615,2026-08-07 13:18:00,kn,"PERSON_00519 और PERSON_00814 ने ಸಂದೇಶ ಕಳುಹಿಸಿದರು, Zone_0036, Ujjain के पास। समय 2026-08-07 13:18:00.",P00519,P00814,LOC0036
DIG004616,2026-03-10 19:00:00,gu,"PERSON_00639 और PERSON_00557 ने ફોન કર્યો, Zone_0163, Nagpur के पास। समय 2026-03-10 19:00:00.",P00639,P00557,LOC0163
DIG004617,2026-03-12 16:07:00,pa,"PERSON_00919 और PERSON_00821 ने ਫੋਨ ਕੀਤਾ, Zone_0082, Nagpur के पास। समय 2026-03-12 16:07:00.",P00919,P00821,LOC0082
DIG004618,2026-03-29 18:53:00,en,"PERSON_00695 called PERSON_00309 near Zone_0150, Ujjain. Record time 2026-03-29 18:53:00.",P00695,P00309,LOC0150
DIG004619,2026-08-25 15:49:00,gu,"PERSON_00400 और PERSON_00579 ने સંદેશ મોકલ્યો, Zone_0091, Jabalpur के पास। समय 2026-08-25 15:49:00.",P00400,P00579,LOC0091
DIG004620,2026-07-26 11:45:00,gu,"PERSON_00095 और PERSON_00403 ने સંપર્ક કર્યો, Zone_0050, Jabalpur के पास। समय 2026-07-26 11:45:00.",P00095,P00403,LOC0050
DIG004621,2026-06-11 03:27:00,en,"PERSON_00705 used a vehicle PERSON_00960 near Zone_0148, Indore. Record time 2026-06-11 03:27:00.",P00705,P00960,LOC0148
DIG004622,2026-07-25 21:10:00,te,"PERSON_00169 और PERSON_00609 ने వెళ్లారు, Zone_0133, Indore के पास। समय 2026-07-25 21:10:00.",P00169,P00609,LOC0133
DIG004623,2026-06-24 14:36:00,te,"PERSON_00483 और PERSON_00236 ने సంప్రదించారు, Zone_0155, Nagpur के पास। समय 2026-06-24 14:36:00.",P00483,P00236,LOC0155
DIG004624,2026-08-29 01:44:00,ml,"PERSON_00505 और PERSON_00060 ने കണ്ടുമുട്ടി, Zone_0095, Indore के पास। समय 2026-08-29 01:44:00.",P00505,P00060,LOC0095
DIG004625,2026-01-19 06:08:00,ta,"PERSON_00853 और PERSON_00935 ने அழைத்தார், Zone_0121, Nagpur के पास। समय 2026-01-19 06:08:00.",P00853,P00935,LOC0121
DIG004626,2026-08-01 19:37:00,ur,"PERSON_00702 और PERSON_00943 ने ملاقات کی, Zone_0043, Gwalior के पास। समय 2026-08-01 19:37:00.",P00702,P00943,LOC0043
DIG004627,2026-05-14 12:58:00,kn,"PERSON_00102 और PERSON_00224 ने ಭೇಟಿ ನೀಡಿದರು, Zone_0153, Jabalpur के पास। समय 2026-05-14 12:58:00.",P00102,P00224,LOC0153
DIG004628,2026-05-13 22:18:00,bn,"PERSON_00433 और PERSON_00059 ने দেখা করেছে, Zone_0082, Nagpur के पास। समय 2026-05-13 22:18:00.",P00433,P00059,LOC0082
DIG004629,2026-06-05 15:24:00,ur,"PERSON_00103 और PERSON_00619 ने ملاقات کی, Zone_0094, Gwalior के पास। समय 2026-06-05 15:24:00.",P00103,P00619,LOC0094
DIG004630,2026-07-12 11:41:00,bn,"PERSON_00208 और PERSON_00063 ने দেখা করেছে, Zone_0113, Indore के पास। समय 2026-07-12 11:41:00.",P00208,P00063,LOC0113
DIG004631,2026-04-21 11:27:00,ta,"PERSON_00581 और PERSON_00601 ने பணம் அனுப்பினார், Zone_0003, Indore के पास। समय 2026-04-21 11:27:00.",P00581,P00601,LOC0003
DIG004632,2026-07-20 07:29:00,ur,"PERSON_00150 और PERSON_00765 ने رقم منتقل کی, Zone_0143, Nagpur के पास। समय 2026-07-20 07:29:00.",P00150,P00765,LOC0143
DIG004633,2026-05-01 18:02:00,ml,"PERSON_00033 और PERSON_00553 ने പണം അയച്ചു, Zone_0172, Gwalior के पास। समय 2026-05-01 18:02:00.",P00033,P00553,LOC0172
DIG004634,2026-06-21 18:51:00,ta,"PERSON_00690 और PERSON_00296 ने தொடர்பு கொண்டார், Zone_0061, Gwalior के पास। समय 2026-06-21 18:51:00.",P00690,P00296,LOC0061
DIG004635,2026-03-30 08:48:00,bn,"PERSON_00536 और PERSON_00913 ने ফোন করেছে, Zone_0063, Gwalior के पास। समय 2026-03-30 08:48:00.",P00536,P00913,LOC0063
DIG004636,2026-08-09 18:58:00,pa,"PERSON_00233 और PERSON_00643 ने ਸਥਾਨ ਸਾਂਝਾ ਕੀਤਾ, Zone_0152, Nagpur के पास। समय 2026-08-09 18:58:00.",P00233,P00643,LOC0152
DIG004637,2026-07-29 06:20:00,bn,"PERSON_00824 और PERSON_00122 ने ফোন করেছে, Zone_0014, Bhopal के पास। समय 2026-07-29 06:20:00.",P00824,P00122,LOC0014
DIG004638,2026-08-14 09:07:00,ur,"PERSON_00247 और PERSON_00637 ने پیغام بھیجا, Zone_0046, Bhopal के पास। समय 2026-08-14 09:07:00.",P00247,P00637,LOC0046
DIG004639,2026-06-09 19:25:00,kn,"PERSON_00199 और PERSON_00400 ने ಕರೆ ಮಾಡಿದರು, Zone_0099, Bhopal के पास। समय 2026-06-09 19:25:00.",P00199,P00400,LOC0099
DIG004640,2026-08-17 10:09:00,gu,"PERSON_00364 और PERSON_00962 ने નાણાં મોકલ્યાં, Zone_0150, Ujjain के पास। समय 2026-08-17 10:09:00.",P00364,P00962,LOC0150
DIG004641,2026-06-27 10:30:00,ta,"PERSON_00056 और PERSON_00459 ने இடத்தை பகிர்ந்தார், Zone_0087, Ujjain के पास। समय 2026-06-27 10:30:00.",P00056,P00459,LOC0087
DIG004642,2026-06-11 00:18:00,en,"PERSON_00640 contacted PERSON_00428 near Zone_0133, Indore. Record time 2026-06-11 00:18:00.",P00640,P00428,LOC0133
DIG004643,2026-03-30 14:51:00,en,"PERSON_00804 visited PERSON_00721 near Zone_0088, Indore. Record time 2026-03-30 14:51:00.",P00804,P00721,LOC0088
DIG004644,2026-02-17 06:16:00,pa,"PERSON_00667 और PERSON_00714 ने ਮਿਲਿਆ, Zone_0067, Indore के पास। समय 2026-02-17 06:16:00.",P00667,P00714,LOC0067
DIG004645,2026-03-30 10:39:00,ta,"PERSON_00728 और PERSON_00407 ने சென்றார், Zone_0173, Jabalpur के पास। समय 2026-03-30 10:39:00.",P00728,P00407,LOC0173
DIG004646,2026-03-07 15:54:00,en,"PERSON_00948 shared a location with PERSON_00803 near Zone_0021, Ujjain. Record time 2026-03-07 15:54:00.",P00948,P00803,LOC0021
DIG004647,2026-03-30 04:49:00,gu,"PERSON_00007 और PERSON_00176 ने સંદેશ મોકલ્યો, Zone_0054, Jabalpur के पास। समय 2026-03-30 04:49:00.",P00007,P00176,LOC0054
DIG004648,2026-05-03 09:21:00,en,"PERSON_00377 sent a message to PERSON_00804 near Zone_0122, Nagpur. Record time 2026-05-03 09:21:00.",P00377,P00804,LOC0122
DIG004649,2026-04-22 20:48:00,te,"PERSON_00996 और PERSON_00210 ने సంప్రదించారు, Zone_0136, Jabalpur के पास। समय 2026-04-22 20:48:00.",P00996,P00210,LOC0136
DIG004650,2026-05-25 02:47:00,bn,"PERSON_00426 और PERSON_00002 ने পরিদর্শন করেছে, Zone_0042, Ujjain के पास। समय 2026-05-25 02:47:00.",P00426,P00002,LOC0042
DIG004651,2026-05-08 19:53:00,pa,"PERSON_00875 और PERSON_00224 ने ਸੁਨੇਹਾ ਭੇਜਿਆ, Zone_0063, Gwalior के पास। समय 2026-05-08 19:53:00.",P00875,P00224,LOC0063
DIG004652,2026-05-20 08:50:00,ur,"PERSON_00595 और PERSON_00286 ने فون کیا, Zone_0145, Jabalpur के पास। समय 2026-05-20 08:50:00.",P00595,P00286,LOC0145
DIG004653,2026-06-20 15:12:00,hi,"PERSON_00319 और PERSON_00545 ने धन भेजा, Zone_0023, Jabalpur के पास। समय 2026-06-20 15:12:00.",P00319,P00545,LOC0023
DIG004654,2026-01-05 12:46:00,hi,"PERSON_00094 और PERSON_00069 ने स्थान साझा किया, Zone_0050, Jabalpur के पास। समय 2026-01-05 12:46:00.",P00094,P00069,LOC0050
DIG004655,2026-01-28 08:38:00,hi,"PERSON_00802 और PERSON_00740 ने फोन किया, Zone_0087, Ujjain के पास। समय 2026-01-28 08:38:00.",P00802,P00740,LOC0087
DIG004656,2026-08-31 15:16:00,pa,"PERSON_00270 और PERSON_00400 ने ਮਿਲਿਆ, Zone_0112, Ujjain के पास। समय 2026-08-31 15:16:00.",P00270,P00400,LOC0112
DIG004657,2026-03-11 19:39:00,hi,"PERSON_00715 और PERSON_00636 ने संपर्क किया, Zone_0028, Bhopal के पास। समय 2026-03-11 19:39:00.",P00715,P00636,LOC0028
DIG004658,2026-06-24 11:11:00,ur,"PERSON_00044 और PERSON_00425 ने فون کیا, Zone_0132, Indore के पास। समय 2026-06-24 11:11:00.",P00044,P00425,LOC0132
DIG004659,2026-08-12 23:28:00,en,"PERSON_00266 called PERSON_00515 near Zone_0053, Nagpur. Record time 2026-08-12 23:28:00.",P00266,P00515,LOC0053
DIG004660,2026-04-08 22:42:00,bn,"PERSON_00908 और PERSON_00277 ने টাকা পাঠিয়েছে, Zone_0057, Ujjain के पास। समय 2026-04-08 22:42:00.",P00908,P00277,LOC0057
DIG004661,2026-05-30 12:10:00,kn,"PERSON_00988 और PERSON_00064 ने ಸಂಪರ್ಕಿಸಿದರು, Zone_0155, Nagpur के पास। समय 2026-05-30 12:10:00.",P00988,P00064,LOC0155
DIG004662,2026-06-30 10:40:00,en,"PERSON_00934 shared a location with PERSON_00708 near Zone_0147, Ujjain. Record time 2026-06-30 10:40:00.",P00934,P00708,LOC0147
DIG004663,2026-03-15 08:44:00,en,"PERSON_00101 contacted PERSON_00291 near Zone_0176, Gwalior. Record time 2026-03-15 08:44:00.",P00101,P00291,LOC0176
DIG004664,2026-05-03 01:37:00,pa,"PERSON_00113 और PERSON_00943 ने ਸਥਾਨ ਸਾਂਝਾ ਕੀਤਾ, Zone_0045, Gwalior के पास। समय 2026-05-03 01:37:00.",P00113,P00943,LOC0045
DIG004665,2026-03-18 20:01:00,ta,"PERSON_00604 और PERSON_00338 ने தொடர்பு கொண்டார், Zone_0079, Nagpur के पास। समय 2026-03-18 20:01:00.",P00604,P00338,LOC0079
DIG004666,2026-05-10 11:26:00,ta,"PERSON_00270 और PERSON_00410 ने அழைத்தார், Zone_0172, Gwalior के पास। समय 2026-05-10 11:26:00.",P00270,P00410,LOC0172
DIG004667,2026-04-20 05:51:00,te,"PERSON_00644 और PERSON_00019 ने ఫోన్ చేశారు, Zone_0043, Gwalior के पास। समय 2026-04-20 05:51:00.",P00644,P00019,LOC0043
DIG004668,2026-02-17 00:20:00,ml,"PERSON_00907 और PERSON_00919 ने പണം അയച്ചു, Zone_0058, Bhopal के पास। समय 2026-02-17 00:20:00.",P00907,P00919,LOC0058
DIG004669,2026-08-04 03:12:00,hi,"PERSON_00777 और PERSON_00273 ने वाहन का उपयोग किया, Zone_0062, Ujjain के पास। समय 2026-08-04 03:12:00.",P00777,P00273,LOC0062
DIG004670,2026-01-03 08:58:00,mr,"PERSON_00807 और PERSON_00474 ने ठिकाण शेअर केले, Zone_0153, Jabalpur के पास। समय 2026-01-03 08:58:00.",P00807,P00474,LOC0153
DIG004671,2026-01-17 10:35:00,bn,"PERSON_00423 और PERSON_00451 ने টাকা পাঠিয়েছে, Zone_0161, Jabalpur के पास। समय 2026-01-17 10:35:00.",P00423,P00451,LOC0161
DIG004672,2026-07-17 17:49:00,hi,"PERSON_00920 और PERSON_00164 ने वाहन का उपयोग किया, Zone_0064, Ujjain के पास। समय 2026-07-17 17:49:00.",P00920,P00164,LOC0064
DIG004673,2026-08-07 21:01:00,mr,"PERSON_00770 और PERSON_00221 ने संदेश पाठवला, Zone_0060, Ujjain के पास। समय 2026-08-07 21:01:00.",P00770,P00221,LOC0060
DIG004674,2026-02-15 17:33:00,kn,"PERSON_00791 और PERSON_00722 ने ಸ್ಥಳ ಹಂಚಿಕೊಂಡರು, Zone_0160, Ujjain के पास। समय 2026-02-15 17:33:00.",P00791,P00722,LOC0160
DIG004675,2026-03-03 01:49:00,ta,"PERSON_00882 और PERSON_00693 ने அழைத்தார், Zone_0132, Indore के पास। समय 2026-03-03 01:49:00.",P00882,P00693,LOC0132
DIG004676,2026-04-27 16:20:00,en,"PERSON_00235 sent a message to PERSON_00363 near Zone_0106, Ujjain. Record time 2026-04-27 16:20:00.",P00235,P00363,LOC0106
DIG004677,2026-04-07 19:21:00,gu,"PERSON_00730 और PERSON_00645 ने મળ્યા, Zone_0074, Ujjain के पास। समय 2026-04-07 19:21:00.",P00730,P00645,LOC0074
DIG004678,2026-02-08 08:23:00,bn,"PERSON_00140 और PERSON_00627 ने যোগাযোগ করেছে, Zone_0168, Nagpur के पास। समय 2026-02-08 08:23:00.",P00140,P00627,LOC0168
DIG004679,2026-07-06 08:13:00,ta,"PERSON_00410 और PERSON_00290 ने சென்றார், Zone_0027, Gwalior के पास। समय 2026-07-06 08:13:00.",P00410,P00290,LOC0027
DIG004680,2026-08-13 12:40:00,gu,"PERSON_00879 और PERSON_00099 ने સ્થાન શેર કર્યું, Zone_0036, Ujjain के पास। समय 2026-08-13 12:40:00.",P00879,P00099,LOC0036
DIG004681,2026-04-09 21:14:00,ta,"PERSON_00011 और PERSON_00667 ने சந்தித்தார், Zone_0031, Bhopal के पास। समय 2026-04-09 21:14:00.",P00011,P00667,LOC0031
DIG004682,2026-05-08 05:17:00,mr,"PERSON_00867 और PERSON_00376 ने भेटला, Zone_0171, Bhopal के पास। समय 2026-05-08 05:17:00.",P00867,P00376,LOC0171
DIG004683,2026-03-06 00:47:00,mr,"PERSON_00202 और PERSON_00943 ने संपर्क केला, Zone_0143, Nagpur के पास। समय 2026-03-06 00:47:00.",P00202,P00943,LOC0143
DIG004684,2026-07-23 09:12:00,ur,"PERSON_00390 और PERSON_00684 ने رقم منتقل کی, Zone_0120, Ujjain के पास। समय 2026-07-23 09:12:00.",P00390,P00684,LOC0120
DIG004685,2026-08-30 09:55:00,hi,"PERSON_00972 और PERSON_00354 ने मिला, Zone_0126, Nagpur के पास। समय 2026-08-30 09:55:00.",P00972,P00354,LOC0126
DIG004686,2026-05-12 06:25:00,ta,"PERSON_00436 और PERSON_00963 ने இடத்தை பகிர்ந்தார், Zone_0092, Ujjain के पास। समय 2026-05-12 06:25:00.",P00436,P00963,LOC0092
DIG004687,2026-04-08 11:25:00,ta,"PERSON_00532 और PERSON_00340 ने சென்றார், Zone_0157, Nagpur के पास। समय 2026-04-08 11:25:00.",P00532,P00340,LOC0157
DIG004688,2026-08-26 21:10:00,bn,"PERSON_00750 और PERSON_00790 ने ফোন করেছে, Zone_0136, Jabalpur के पास। समय 2026-08-26 21:10:00.",P00750,P00790,LOC0136
DIG004689,2026-01-13 10:04:00,pa,"PERSON_00449 और PERSON_00351 ने ਮੁਲਾਕਾਤ ਕੀਤੀ, Zone_0130, Gwalior के पास। समय 2026-01-13 10:04:00.",P00449,P00351,LOC0130
DIG004690,2026-08-24 00:05:00,ur,"PERSON_00511 और PERSON_00248 ने ملاقات کی, Zone_0070, Ujjain के पास। समय 2026-08-24 00:05:00.",P00511,P00248,LOC0070
DIG004691,2026-06-29 06:59:00,pa,"PERSON_00546 और PERSON_00743 ने ਸੁਨੇਹਾ ਭੇਜਿਆ, Zone_0032, Jabalpur के पास। समय 2026-06-29 06:59:00.",P00546,P00743,LOC0032
DIG004692,2026-08-19 06:00:00,mr,"PERSON_00660 और PERSON_00065 ने पैसे पाठवले, Zone_0154, Ujjain के पास। समय 2026-08-19 06:00:00.",P00660,P00065,LOC0154
DIG004693,2026-08-20 00:09:00,ml,"PERSON_00897 और PERSON_00904 ने സന്ദേശം അയച്ചു, Zone_0054, Jabalpur के पास। समय 2026-08-20 00:09:00.",P00897,P00904,LOC0054
DIG004694,2026-08-28 18:36:00,ml,"PERSON_00759 और PERSON_00346 ने കണ്ടുമുട്ടി, Zone_0015, Gwalior के पास। समय 2026-08-28 18:36:00.",P00759,P00346,LOC0015
DIG004695,2026-02-18 04:24:00,pa,"PERSON_00970 और PERSON_00217 ने ਪੈਸੇ ਭੇਜੇ, Zone_0109, Bhopal के पास। समय 2026-02-18 04:24:00.",P00970,P00217,LOC0109
DIG004696,2026-03-12 12:23:00,pa,"PERSON_00154 और PERSON_00292 ने ਮੁਲਾਕਾਤ ਕੀਤੀ, Zone_0144, Nagpur के पास। समय 2026-03-12 12:23:00.",P00154,P00292,LOC0144
DIG004697,2026-02-01 17:39:00,pa,"PERSON_00248 और PERSON_00855 ने ਮੁਲਾਕਾਤ ਕੀਤੀ, Zone_0092, Ujjain के पास। समय 2026-02-01 17:39:00.",P00248,P00855,LOC0092
DIG004698,2026-06-02 14:19:00,gu,"PERSON_00501 और PERSON_00741 ने સ્થાન શેર કર્યું, Zone_0170, Ujjain के पास। समय 2026-06-02 14:19:00.",P00501,P00741,LOC0170
DIG004699,2026-06-01 15:38:00,ur,"PERSON_00296 और PERSON_00276 ने رابطہ کیا, Zone_0048, Indore के पास। समय 2026-06-01 15:38:00.",P00296,P00276,LOC0048
DIG004700,2026-02-18 07:58:00,bn,"PERSON_00585 और PERSON_00196 ने বার্তা পাঠিয়েছে, Zone_0043, Gwalior के पास। समय 2026-02-18 07:58:00.",P00585,P00196,LOC0043
DIG004701,2026-08-01 03:55:00,ml,"PERSON_00399 और PERSON_00231 ने വിളിച്ചു, Zone_0030, Nagpur के पास। समय 2026-08-01 03:55:00.",P00399,P00231,LOC0030
DIG004702,2026-07-29 14:45:00,kn,"PERSON_00019 और PERSON_00344 ने ಸಂದೇಶ ಕಳುಹಿಸಿದರು, Zone_0048, Indore के पास। समय 2026-07-29 14:45:00.",P00019,P00344,LOC0048
DIG004703,2026-06-30 17:39:00,te,"PERSON_00587 और PERSON_00964 ने కలిశారు, Zone_0170, Ujjain के पास। समय 2026-06-30 17:39:00.",P00587,P00964,LOC0170
DIG004704,2026-05-21 11:10:00,ur,"PERSON_00394 और PERSON_00787 ने ملاقات کی, Zone_0081, Gwalior के पास। समय 2026-05-21 11:10:00.",P00394,P00787,LOC0081
DIG004705,2026-04-02 21:25:00,te,"PERSON_00856 और PERSON_00992 ने సంప్రదించారు, Zone_0068, Bhopal के पास। समय 2026-04-02 21:25:00.",P00856,P00992,LOC0068
DIG004706,2026-05-26 19:15:00,ml,"PERSON_00564 और PERSON_00300 ने സന്ദേശം അയച്ചു, Zone_0137, Nagpur के पास। समय 2026-05-26 19:15:00.",P00564,P00300,LOC0137
DIG004707,2026-01-15 11:32:00,pa,"PERSON_00142 और PERSON_00377 ने ਮੁਲਾਕਾਤ ਕੀਤੀ, Zone_0055, Bhopal के पास। समय 2026-01-15 11:32:00.",P00142,P00377,LOC0055
DIG004708,2026-08-13 01:42:00,ur,"PERSON_00777 और PERSON_00310 ने دورہ کیا, Zone_0065, Jabalpur के पास। समय 2026-08-13 01:42:00.",P00777,P00310,LOC0065
DIG004709,2026-04-08 03:41:00,ta,"PERSON_00627 और PERSON_00314 ने அழைத்தார், Zone_0024, Jabalpur के पास। समय 2026-04-08 03:41:00.",P00627,P00314,LOC0024
DIG004710,2026-03-16 16:04:00,ur,"PERSON_00397 और PERSON_00579 ने مقام شیئر کیا, Zone_0015, Gwalior के पास। समय 2026-03-16 16:04:00.",P00397,P00579,LOC0015
DIG004711,2026-05-07 02:44:00,gu,"PERSON_00617 और PERSON_00446 ने ફોન કર્યો, Zone_0070, Ujjain के पास। समय 2026-05-07 02:44:00.",P00617,P00446,LOC0070
DIG004712,2026-01-14 16:00:00,gu,"PERSON_00533 और PERSON_00825 ने સ્થાન શેર કર્યું, Zone_0093, Jabalpur के पास। समय 2026-01-14 16:00:00.",P00533,P00825,LOC0093
DIG004713,2026-02-01 16:03:00,kn,"PERSON_00096 और PERSON_00559 ने ಸಂದೇಶ ಕಳುಹಿಸಿದರು, Zone_0086, Gwalior के पास। समय 2026-02-01 16:03:00.",P00096,P00559,LOC0086
DIG004714,2026-02-24 09:17:00,pa,"PERSON_00217 और PERSON_00670 ने ਮੁਲਾਕਾਤ ਕੀਤੀ, Zone_0059, Indore के पास। समय 2026-02-24 09:17:00.",P00217,P00670,LOC0059
DIG004715,2026-03-03 05:02:00,ur,"PERSON_00534 और PERSON_00690 ने رابطہ کیا, Zone_0047, Ujjain के पास। समय 2026-03-03 05:02:00.",P00534,P00690,LOC0047
DIG004716,2026-06-21 00:12:00,gu,"PERSON_00523 और PERSON_00135 ने સંદેશ મોકલ્યો, Zone_0025, Jabalpur के पास। समय 2026-06-21 00:12:00.",P00523,P00135,LOC0025
DIG004717,2026-02-23 16:55:00,kn,"PERSON_00735 और PERSON_00450 ने ಕರೆ ಮಾಡಿದರು, Zone_0180, Indore के पास। समय 2026-02-23 16:55:00.",P00735,P00450,LOC0180
DIG004718,2026-02-11 12:47:00,hi,"PERSON_00388 और PERSON_00543 ने दौरा किया, Zone_0007, Ujjain के पास। समय 2026-02-11 12:47:00.",P00388,P00543,LOC0007
DIG004719,2026-03-10 12:53:00,hi,"PERSON_00545 और PERSON_00098 ने संपर्क किया, Zone_0032, Jabalpur के पास। समय 2026-03-10 12:53:00.",P00545,P00098,LOC0032
DIG004720,2026-03-10 02:05:00,pa,"PERSON_00512 और PERSON_00003 ने ਮਿਲਿਆ, Zone_0157, Nagpur के पास। समय 2026-03-10 02:05:00.",P00512,P00003,LOC0157
DIG004721,2026-04-21 02:55:00,ur,"PERSON_00243 और PERSON_00174 ने فون کیا, Zone_0164, Bhopal के पास। समय 2026-04-21 02:55:00.",P00243,P00174,LOC0164
DIG004722,2026-03-03 20:23:00,te,"PERSON_00956 और PERSON_00204 ने వెళ్లారు, Zone_0094, Gwalior के पास। समय 2026-03-03 20:23:00.",P00956,P00204,LOC0094
DIG004723,2026-01-12 13:32:00,gu,"PERSON_00094 और PERSON_00948 ने સંદેશ મોકલ્યો, Zone_0043, Gwalior के पास। समय 2026-01-12 13:32:00.",P00094,P00948,LOC0043
DIG004724,2026-02-07 08:52:00,pa,"PERSON_00136 और PERSON_00477 ने ਪੈਸੇ ਭੇਜੇ, Zone_0119, Indore के पास। समय 2026-02-07 08:52:00.",P00136,P00477,LOC0119
DIG004725,2026-08-05 14:45:00,te,"PERSON_00944 और PERSON_00670 ने కలిశారు, Zone_0110, Indore के पास। समय 2026-08-05 14:45:00.",P00944,P00670,LOC0110
DIG004726,2026-07-14 15:24:00,hi,"PERSON_00361 और PERSON_00251 ने संदेश भेजा, Zone_0024, Jabalpur के पास। समय 2026-07-14 15:24:00.",P00361,P00251,LOC0024
DIG004727,2026-06-19 06:14:00,te,"PERSON_00516 और PERSON_00207 ने కలిశారు, Zone_0122, Nagpur के पास। समय 2026-06-19 06:14:00.",P00516,P00207,LOC0122
DIG004728,2026-08-02 05:24:00,pa,"PERSON_00831 और PERSON_00198 ने ਮੁਲਾਕਾਤ ਕੀਤੀ, Zone_0082, Nagpur के पास। समय 2026-08-02 05:24:00.",P00831,P00198,LOC0082
DIG004729,2026-03-29 13:02:00,pa,"PERSON_00863 और PERSON_00518 ने ਸੰਪਰਕ ਕੀਤਾ, Zone_0030, Nagpur के पास। समय 2026-03-29 13:02:00.",P00863,P00518,LOC0030
DIG004730,2026-05-31 00:09:00,ta,"PERSON_00476 और PERSON_00302 ने இடத்தை பகிர்ந்தார், Zone_0108, Bhopal के पास। समय 2026-05-31 00:09:00.",P00476,P00302,LOC0108
DIG004731,2026-08-16 23:36:00,bn,"PERSON_00684 और PERSON_00719 ने টাকা পাঠিয়েছে, Zone_0116, Bhopal के पास। समय 2026-08-16 23:36:00.",P00684,P00719,LOC0116
DIG004732,2026-03-30 15:26:00,ml,"PERSON_00545 और PERSON_00302 ने സന്ദേശം അയച്ചു, Zone_0155, Nagpur के पास। समय 2026-03-30 15:26:00.",P00545,P00302,LOC0155
DIG004733,2026-01-25 22:43:00,bn,"PERSON_00450 और PERSON_00402 ने বার্তা পাঠিয়েছে, Zone_0006, Bhopal के पास। समय 2026-01-25 22:43:00.",P00450,P00402,LOC0006
DIG004734,2026-07-27 02:15:00,kn,"PERSON_00262 और PERSON_00315 ने ಸಂದೇಶ ಕಳುಹಿಸಿದರು, Zone_0013, Gwalior के पास। समय 2026-07-27 02:15:00.",P00262,P00315,LOC0013
DIG004735,2026-08-16 22:38:00,hi,"PERSON_00337 और PERSON_00296 ने वाहन का उपयोग किया, Zone_0048, Indore के पास। समय 2026-08-16 22:38:00.",P00337,P00296,LOC0048
DIG004736,2026-05-22 14:50:00,ur,"PERSON_00447 और PERSON_00313 ने ملاقات کی, Zone_0084, Gwalior के पास। समय 2026-05-22 14:50:00.",P00447,P00313,LOC0084
DIG004737,2026-08-07 23:57:00,ta,"PERSON_00799 और PERSON_00122 ने அழைத்தார், Zone_0056, Jabalpur के पास। समय 2026-08-07 23:57:00.",P00799,P00122,LOC0056
DIG004738,2026-01-06 09:20:00,bn,"PERSON_00783 और PERSON_00990 ने ফোন করেছে, Zone_0166, Bhopal के पास। समय 2026-01-06 09:20:00.",P00783,P00990,LOC0166
DIG004739,2026-03-10 05:36:00,ta,"PERSON_00167 और PERSON_00711 ने பணம் அனுப்பினார், Zone_0081, Gwalior के पास। समय 2026-03-10 05:36:00.",P00167,P00711,LOC0081
DIG004740,2026-08-19 23:16:00,pa,"PERSON_00656 और PERSON_00127 ने ਸਥਾਨ ਸਾਂਝਾ ਕੀਤਾ, Zone_0080, Indore के पास। समय 2026-08-19 23:16:00.",P00656,P00127,LOC0080
DIG004741,2026-08-06 06:43:00,en,"PERSON_00260 shared a location with PERSON_00132 near Zone_0121, Nagpur. Record time 2026-08-06 06:43:00.",P00260,P00132,LOC0121
DIG004742,2026-02-22 11:04:00,mr,"PERSON_00926 और PERSON_00434 ने पैसे पाठवले, Zone_0158, Jabalpur के पास। समय 2026-02-22 11:04:00.",P00926,P00434,LOC0158
DIG004743,2026-06-23 15:06:00,pa,"PERSON_00818 और PERSON_00255 ने ਮੁਲਾਕਾਤ ਕੀਤੀ, Zone_0150, Ujjain के पास। समय 2026-06-23 15:06:00.",P00818,P00255,LOC0150
DIG004744,2026-02-26 22:42:00,en,"PERSON_00032 sent a message to PERSON_00027 near Zone_0129, Nagpur. Record time 2026-02-26 22:42:00.",P00032,P00027,LOC0129
DIG004745,2026-08-23 16:45:00,en,"PERSON_00904 called PERSON_00290 near Zone_0067, Indore. Record time 2026-08-23 16:45:00.",P00904,P00290,LOC0067
DIG004746,2026-06-19 10:29:00,kn,"PERSON_00008 और PERSON_00382 ने ಸಂದೇಶ ಕಳುಹಿಸಿದರು, Zone_0047, Ujjain के पास। समय 2026-06-19 10:29:00.",P00008,P00382,LOC0047
DIG004747,2026-06-30 00:00:00,pa,"PERSON_00681 और PERSON_00184 ने ਸੰਪਰਕ ਕੀਤਾ, Zone_0112, Ujjain के पास। समय 2026-06-30 00:00:00.",P00681,P00184,LOC0112
DIG004748,2026-07-09 23:42:00,ur,"PERSON_00767 और PERSON_00580 ने پیغام بھیجا, Zone_0102, Ujjain के पास। समय 2026-07-09 23:42:00.",P00767,P00580,LOC0102
DIG004749,2026-06-25 12:09:00,en,"PERSON_00918 shared a location with PERSON_00125 near Zone_0114, Bhopal. Record time 2026-06-25 12:09:00.",P00918,P00125,LOC0114
DIG004750,2026-05-07 19:13:00,pa,"PERSON_00595 और PERSON_00392 ने ਪੈਸੇ ਭੇਜੇ, Zone_0091, Jabalpur के पास। समय 2026-05-07 19:13:00.",P00595,P00392,LOC0091
DIG004751,2026-01-13 03:33:00,ml,"PERSON_00270 और PERSON_00257 ने പണം അയച്ചു, Zone_0021, Ujjain के पास। समय 2026-01-13 03:33:00.",P00270,P00257,LOC0021
DIG004752,2026-03-20 11:54:00,ur,"PERSON_00077 और PERSON_00841 ने پیغام بھیجا, Zone_0078, Ujjain के पास। समय 2026-03-20 11:54:00.",P00077,P00841,LOC0078
DIG004753,2026-05-27 12:20:00,kn,"PERSON_00523 और PERSON_00926 ने ಭೇಟಿಯಾದರು, Zone_0084, Gwalior के पास। समय 2026-05-27 12:20:00.",P00523,P00926,LOC0084
DIG004754,2026-05-06 02:10:00,en,"PERSON_00354 met PERSON_00209 near Zone_0043, Gwalior. Record time 2026-05-06 02:10:00.",P00354,P00209,LOC0043
DIG004755,2026-05-09 06:25:00,gu,"PERSON_00829 और PERSON_00807 ने સંદેશ મોકલ્યો, Zone_0068, Bhopal के पास। समय 2026-05-09 06:25:00.",P00829,P00807,LOC0068
DIG004756,2026-02-03 08:56:00,kn,"PERSON_00123 और PERSON_00869 ने ಹಣ ಕಳುಹಿಸಿದರು, Zone_0047, Ujjain के पास। समय 2026-02-03 08:56:00.",P00123,P00869,LOC0047
DIG004757,2026-03-19 07:18:00,mr,"PERSON_00616 और PERSON_00054 ने संपर्क केला, Zone_0102, Ujjain के पास। समय 2026-03-19 07:18:00.",P00616,P00054,LOC0102
DIG004758,2026-03-02 04:47:00,bn,"PERSON_00338 और PERSON_00751 ने যোগাযোগ করেছে, Zone_0114, Bhopal के पास। समय 2026-03-02 04:47:00.",P00338,P00751,LOC0114
DIG004759,2026-01-03 00:53:00,te,"PERSON_00481 और PERSON_00654 ने సందేశం పంపారు, Zone_0081, Gwalior के पास। समय 2026-01-03 00:53:00.",P00481,P00654,LOC0081
DIG004760,2026-05-14 10:09:00,ur,"PERSON_00446 और PERSON_00787 ने رقم منتقل کی, Zone_0039, Gwalior के पास। समय 2026-05-14 10:09:00.",P00446,P00787,LOC0039
DIG004761,2026-06-03 20:43:00,te,"PERSON_00071 और PERSON_00557 ने కలిశారు, Zone_0149, Ujjain के पास। समय 2026-06-03 20:43:00.",P00071,P00557,LOC0149
DIG004762,2026-04-05 07:02:00,gu,"PERSON_00949 और PERSON_00131 ने નાણાં મોકલ્યાં, Zone_0175, Jabalpur के पास। समय 2026-04-05 07:02:00.",P00949,P00131,LOC0175
DIG004763,2026-05-18 09:17:00,ur,"PERSON_00038 और PERSON_00599 ने ملاقات کی, Zone_0034, Jabalpur के पास। समय 2026-05-18 09:17:00.",P00038,P00599,LOC0034
DIG004764,2026-01-20 00:20:00,ur,"PERSON_00714 और PERSON_00635 ने رابطہ کیا, Zone_0150, Ujjain के पास। समय 2026-01-20 00:20:00.",P00714,P00635,LOC0150
DIG004765,2026-05-27 14:04:00,ur,"PERSON_00216 और PERSON_00660 ने رقم منتقل کی, Zone_0020, Bhopal के पास। समय 2026-05-27 14:04:00.",P00216,P00660,LOC0020
DIG004766,2026-04-13 20:36:00,hi,"PERSON_00664 और PERSON_00129 ने दौरा किया, Zone_0084, Gwalior के पास। समय 2026-04-13 20:36:00.",P00664,P00129,LOC0084
DIG004767,2026-06-24 15:45:00,hi,"PERSON_00665 और PERSON_00264 ने संदेश भेजा, Zone_0118, Ujjain के पास। समय 2026-06-24 15:45:00.",P00665,P00264,LOC0118
DIG004768,2026-02-20 04:57:00,gu,"PERSON_00647 और PERSON_00090 ने સ્થાન શેર કર્યું, Zone_0022, Gwalior के पास। समय 2026-02-20 04:57:00.",P00647,P00090,LOC0022
DIG004769,2026-04-01 06:32:00,te,"PERSON_00087 और PERSON_00026 ने సంప్రదించారు, Zone_0091, Jabalpur के पास। समय 2026-04-01 06:32:00.",P00087,P00026,LOC0091
DIG004770,2026-02-17 01:08:00,ta,"PERSON_00505 और PERSON_00712 ने சென்றார், Zone_0075, Gwalior के पास। समय 2026-02-17 01:08:00.",P00505,P00712,LOC0075
DIG004771,2026-03-01 11:28:00,ml,"PERSON_00421 और PERSON_00235 ने വിളിച്ചു, Zone_0144, Nagpur के पास। समय 2026-03-01 11:28:00.",P00421,P00235,LOC0144
DIG004772,2026-02-23 03:19:00,hi,"PERSON_00584 और PERSON_00396 ने वाहन का उपयोग किया, Zone_0088, Indore के पास। समय 2026-02-23 03:19:00.",P00584,P00396,LOC0088
DIG004773,2026-07-29 18:51:00,kn,"PERSON_00195 और PERSON_00034 ने ಹಣ ಕಳುಹಿಸಿದರು, Zone_0016, Ujjain के पास। समय 2026-07-29 18:51:00.",P00195,P00034,LOC0016
DIG004774,2026-01-30 00:55:00,bn,"PERSON_00691 और PERSON_00957 ने যোগাযোগ করেছে, Zone_0180, Indore के पास। समय 2026-01-30 00:55:00.",P00691,P00957,LOC0180
DIG004775,2026-02-26 07:10:00,pa,"PERSON_00103 और PERSON_00079 ने ਮਿਲਿਆ, Zone_0055, Bhopal के पास। समय 2026-02-26 07:10:00.",P00103,P00079,LOC0055
DIG004776,2026-02-26 23:57:00,te,"PERSON_00321 और PERSON_00555 ने సందేశం పంపారు, Zone_0167, Nagpur के पास। समय 2026-02-26 23:57:00.",P00321,P00555,LOC0167
DIG004777,2026-08-09 08:05:00,te,"PERSON_00317 और PERSON_00530 ने వెళ్లారు, Zone_0052, Nagpur के पास। समय 2026-08-09 08:05:00.",P00317,P00530,LOC0052
DIG004778,2026-02-12 21:22:00,kn,"PERSON_00341 और PERSON_00928 ने ಭೇಟಿಯಾದರು, Zone_0083, Ujjain के पास। समय 2026-02-12 21:22:00.",P00341,P00928,LOC0083
DIG004779,2026-08-09 18:59:00,te,"PERSON_00708 और PERSON_00665 ने కలిశారు, Zone_0179, Gwalior के पास। समय 2026-08-09 18:59:00.",P00708,P00665,LOC0179
DIG004780,2026-06-20 05:30:00,kn,"PERSON_00457 और PERSON_00768 ने ಸಂದೇಶ ಕಳುಹಿಸಿದರು, Zone_0042, Ujjain के पास। समय 2026-06-20 05:30:00.",P00457,P00768,LOC0042
DIG004781,2026-07-22 17:45:00,ml,"PERSON_00823 और PERSON_00396 ने കണ്ടുമുട്ടി, Zone_0167, Nagpur के पास। समय 2026-07-22 17:45:00.",P00823,P00396,LOC0167
DIG004782,2026-07-25 14:45:00,ml,"PERSON_00251 और PERSON_00816 ने സ്ഥലം പങ്കിട്ടു, Zone_0061, Gwalior के पास। समय 2026-07-25 14:45:00.",P00251,P00816,LOC0061
DIG004783,2026-07-23 08:33:00,ml,"PERSON_00129 और PERSON_00359 ने സ്ഥലം പങ്കിട്ടു, Zone_0047, Ujjain के पास। समय 2026-07-23 08:33:00.",P00129,P00359,LOC0047
DIG004784,2026-02-07 05:54:00,ml,"PERSON_00612 और PERSON_00110 ने കണ്ടുമുട്ടി, Zone_0169, Nagpur के पास। समय 2026-02-07 05:54:00.",P00612,P00110,LOC0169
DIG004785,2026-05-02 07:49:00,gu,"PERSON_00569 और PERSON_00165 ने નાણાં મોકલ્યાં, Zone_0069, Jabalpur के पास। समय 2026-05-02 07:49:00.",P00569,P00165,LOC0069
DIG004786,2026-04-23 21:03:00,en,"PERSON_00042 sent a message to PERSON_00068 near Zone_0106, Ujjain. Record time 2026-04-23 21:03:00.",P00042,P00068,LOC0106
DIG004787,2026-05-21 00:57:00,ml,"PERSON_00367 और PERSON_00065 ने ബന്ധപ്പെട്ടു, Zone_0025, Jabalpur के पास। समय 2026-05-21 00:57:00.",P00367,P00065,LOC0025
DIG004788,2026-05-06 12:26:00,kn,"PERSON_00974 और PERSON_00303 ने ಸಂಪರ್ಕಿಸಿದರು, Zone_0141, Jabalpur के पास। समय 2026-05-06 12:26:00.",P00974,P00303,LOC0141
DIG004789,2026-01-09 02:09:00,gu,"PERSON_00065 और PERSON_00340 ने સ્થાન શેર કર્યું, Zone_0012, Nagpur के पास। समय 2026-01-09 02:09:00.",P00065,P00340,LOC0012
DIG004790,2026-03-05 01:21:00,bn,"PERSON_00792 और PERSON_00523 ने পরিদর্শন করেছে, Zone_0002, Ujjain के पास। समय 2026-03-05 01:21:00.",P00792,P00523,LOC0002
DIG004791,2026-01-19 22:02:00,kn,"PERSON_00477 और PERSON_00377 ने ಕರೆ ಮಾಡಿದರು, Zone_0094, Gwalior के पास। समय 2026-01-19 22:02:00.",P00477,P00377,LOC0094
DIG004792,2026-08-11 06:41:00,ur,"PERSON_00570 और PERSON_00299 ने مقام شیئر کیا, Zone_0018, Bhopal के पास। समय 2026-08-11 06:41:00.",P00570,P00299,LOC0018
DIG004793,2026-08-14 08:07:00,ur,"PERSON_00544 और PERSON_00949 ने پیغام بھیجا, Zone_0117, Gwalior के पास। समय 2026-08-14 08:07:00.",P00544,P00949,LOC0117
DIG004794,2026-08-11 09:55:00,en,"PERSON_00170 used a vehicle PERSON_00925 near Zone_0154, Ujjain. Record time 2026-08-11 09:55:00.",P00170,P00925,LOC0154
DIG004795,2026-08-17 19:21:00,gu,"PERSON_00551 और PERSON_00858 ने નાણાં મોકલ્યાં, Zone_0070, Ujjain के पास। समय 2026-08-17 19:21:00.",P00551,P00858,LOC0070
DIG004796,2026-04-13 13:06:00,te,"PERSON_00803 और PERSON_00310 ने కలిశారు, Zone_0125, Indore के पास। समय 2026-04-13 13:06:00.",P00803,P00310,LOC0125
DIG004797,2026-08-16 13:34:00,kn,"PERSON_00213 और PERSON_00221 ने ಸಂದೇಶ ಕಳುಹಿಸಿದರು, Zone_0009, Jabalpur के पास। समय 2026-08-16 13:34:00.",P00213,P00221,LOC0009
DIG004798,2026-01-19 00:23:00,kn,"PERSON_00550 और PERSON_00581 ने ಕರೆ ಮಾಡಿದರು, Zone_0053, Nagpur के पास। समय 2026-01-19 00:23:00.",P00550,P00581,LOC0053
DIG004799,2026-07-10 20:33:00,te,"PERSON_00835 और PERSON_00120 ने ఫోన్ చేశారు, Zone_0076, Indore के पास। समय 2026-07-10 20:33:00.",P00835,P00120,LOC0076
DIG004800,2026-06-11 04:41:00,ur,"PERSON_00458 और PERSON_00352 ने پیغام بھیجا, Zone_0119, Indore के पास। समय 2026-06-11 04:41:00.",P00458,P00352,LOC0119
DIG004801,2026-04-08 17:58:00,gu,"PERSON_00303 और PERSON_00316 ने મળ્યા, Zone_0011, Gwalior के पास। समय 2026-04-08 17:58:00.",P00303,P00316,LOC0011
DIG004802,2026-04-25 18:56:00,ta,"PERSON_00449 और PERSON_00545 ने செய்தி அனுப்பினார், Zone_0097, Ujjain के पास। समय 2026-04-25 18:56:00.",P00449,P00545,LOC0097
DIG004803,2026-04-21 05:51:00,gu,"PERSON_00280 और PERSON_00521 ने સંપર્ક કર્યો, Zone_0135, Nagpur के पास। समय 2026-04-21 05:51:00.",P00280,P00521,LOC0135
DIG004804,2026-08-28 11:56:00,en,"PERSON_00867 used a vehicle PERSON_00990 near Zone_0012, Nagpur. Record time 2026-08-28 11:56:00.",P00867,P00990,LOC0012
DIG004805,2026-03-16 01:44:00,mr,"PERSON_00163 और PERSON_00461 ने संदेश पाठवला, Zone_0055, Bhopal के पास। समय 2026-03-16 01:44:00.",P00163,P00461,LOC0055
DIG004806,2026-02-24 23:05:00,pa,"PERSON_00553 और PERSON_00317 ने ਮਿਲਿਆ, Zone_0086, Gwalior के पास। समय 2026-02-24 23:05:00.",P00553,P00317,LOC0086
DIG004807,2026-02-05 20:26:00,hi,"PERSON_00108 और PERSON_00257 ने फोन किया, Zone_0146, Bhopal के पास। समय 2026-02-05 20:26:00.",P00108,P00257,LOC0146
DIG004808,2026-01-23 17:17:00,ta,"PERSON_00735 और PERSON_00876 ने சந்தித்தார், Zone_0114, Bhopal के पास। समय 2026-01-23 17:17:00.",P00735,P00876,LOC0114
DIG004809,2026-06-14 17:15:00,pa,"PERSON_00192 और PERSON_00527 ने ਪੈਸੇ ਭੇਜੇ, Zone_0148, Indore के पास। समय 2026-06-14 17:15:00.",P00192,P00527,LOC0148
DIG004810,2026-01-13 19:22:00,pa,"PERSON_00452 और PERSON_00797 ने ਸਥਾਨ ਸਾਂਝਾ ਕੀਤਾ, Zone_0007, Ujjain के पास। समय 2026-01-13 19:22:00.",P00452,P00797,LOC0007
DIG004811,2026-08-17 15:37:00,ur,"PERSON_00624 और PERSON_00418 ने مقام شیئر کیا, Zone_0159, Nagpur के पास। समय 2026-08-17 15:37:00.",P00624,P00418,LOC0159
DIG004812,2026-08-20 22:28:00,hi,"PERSON_00446 और PERSON_00174 ने फोन किया, Zone_0157, Nagpur के पास। समय 2026-08-20 22:28:00.",P00446,P00174,LOC0157
DIG004813,2026-08-05 09:50:00,en,"PERSON_00495 transferred funds to PERSON_00551 near Zone_0122, Nagpur. Record time 2026-08-05 09:50:00.",P00495,P00551,LOC0122
DIG004814,2026-06-11 09:31:00,bn,"PERSON_00444 और PERSON_00928 ने পরিদর্শন করেছে, Zone_0160, Ujjain के पास। समय 2026-06-11 09:31:00.",P00444,P00928,LOC0160
DIG004815,2026-03-11 20:40:00,kn,"PERSON_00595 और PERSON_00608 ने ಸಂದೇಶ ಕಳುಹಿಸಿದರು, Zone_0155, Nagpur के पास। समय 2026-03-11 20:40:00.",P00595,P00608,LOC0155
DIG004816,2026-07-22 01:29:00,pa,"PERSON_00115 और PERSON_00381 ने ਮਿਲਿਆ, Zone_0161, Jabalpur के पास। समय 2026-07-22 01:29:00.",P00115,P00381,LOC0161
DIG004817,2026-08-19 06:32:00,pa,"PERSON_00560 और PERSON_00603 ने ਮਿਲਿਆ, Zone_0023, Jabalpur के पास। समय 2026-08-19 06:32:00.",P00560,P00603,LOC0023
DIG004818,2026-08-06 20:34:00,kn,"PERSON_00123 और PERSON_00275 ने ಹಣ ಕಳುಹಿಸಿದರು, Zone_0108, Bhopal के पास। समय 2026-08-06 20:34:00.",P00123,P00275,LOC0108
DIG004819,2026-08-16 13:18:00,pa,"PERSON_00266 और PERSON_00203 ने ਸਥਾਨ ਸਾਂਝਾ ਕੀਤਾ, Zone_0092, Ujjain के पास। समय 2026-08-16 13:18:00.",P00266,P00203,LOC0092
DIG004820,2026-08-05 19:57:00,mr,"PERSON_00054 और PERSON_00538 ने संपर्क केला, Zone_0110, Indore के पास। समय 2026-08-05 19:57:00.",P00054,P00538,LOC0110
DIG004821,2026-02-27 00:39:00,te,"PERSON_00113 और PERSON_00747 ने సంప్రదించారు, Zone_0094, Gwalior के पास। समय 2026-02-27 00:39:00.",P00113,P00747,LOC0094
DIG004822,2026-07-26 19:50:00,ur,"PERSON_00462 और PERSON_00487 ने فون کیا, Zone_0022, Gwalior के पास। समय 2026-07-26 19:50:00.",P00462,P00487,LOC0022
DIG004823,2026-08-02 10:28:00,en,"PERSON_00207 shared a location with PERSON_00138 near Zone_0027, Gwalior. Record time 2026-08-02 10:28:00.",P00207,P00138,LOC0027
DIG004824,2026-05-19 16:11:00,ur,"PERSON_00234 और PERSON_00444 ने پیغام بھیجا, Zone_0156, Bhopal के पास। समय 2026-05-19 16:11:00.",P00234,P00444,LOC0156
DIG004825,2026-01-24 06:59:00,gu,"PERSON_00307 और PERSON_00915 ने મળ્યા, Zone_0110, Indore के पास। समय 2026-01-24 06:59:00.",P00307,P00915,LOC0110
DIG004826,2026-06-21 08:34:00,ml,"PERSON_00979 और PERSON_00277 ने പണം അയച്ചു, Zone_0161, Jabalpur के पास। समय 2026-06-21 08:34:00.",P00979,P00277,LOC0161
DIG004827,2026-08-10 12:18:00,bn,"PERSON_00138 और PERSON_00575 ने দেখা করেছে, Zone_0084, Gwalior के पास। समय 2026-08-10 12:18:00.",P00138,P00575,LOC0084
DIG004828,2026-02-23 16:50:00,ta,"PERSON_00275 और PERSON_00193 ने அழைத்தார், Zone_0157, Nagpur के पास। समय 2026-02-23 16:50:00.",P00275,P00193,LOC0157
DIG004829,2026-05-31 07:32:00,pa,"PERSON_00147 और PERSON_00237 ने ਮੁਲਾਕਾਤ ਕੀਤੀ, Zone_0171, Bhopal के पास। समय 2026-05-31 07:32:00.",P00147,P00237,LOC0171
DIG004830,2026-05-13 13:34:00,hi,"PERSON_00447 और PERSON_00351 ने दौरा किया, Zone_0157, Nagpur के पास। समय 2026-05-13 13:34:00.",P00447,P00351,LOC0157
DIG004831,2026-08-17 17:32:00,bn,"PERSON_00144 और PERSON_00021 ने বার্তা পাঠিয়েছে, Zone_0098, Nagpur के पास। समय 2026-08-17 17:32:00.",P00144,P00021,LOC0098
DIG004832,2026-01-19 01:31:00,ml,"PERSON_00114 और PERSON_00641 ने സന്ദേശം അയച്ചു, Zone_0169, Nagpur के पास। समय 2026-01-19 01:31:00.",P00114,P00641,LOC0169
DIG004833,2026-07-17 13:15:00,bn,"PERSON_00602 और PERSON_00197 ने স্থান ভাগ করেছে, Zone_0148, Indore के पास। समय 2026-07-17 13:15:00.",P00602,P00197,LOC0148
DIG004834,2026-02-17 17:28:00,mr,"PERSON_00932 और PERSON_00798 ने पैसे पाठवले, Zone_0044, Bhopal के पास। समय 2026-02-17 17:28:00.",P00932,P00798,LOC0044
DIG004835,2026-06-07 04:51:00,en,"PERSON_00918 shared a location with PERSON_00396 near Zone_0067, Indore. Record time 2026-06-07 04:51:00.",P00918,P00396,LOC0067
DIG004836,2026-02-14 01:50:00,hi,"PERSON_00645 और PERSON_00859 ने स्थान साझा किया, Zone_0002, Ujjain के पास। समय 2026-02-14 01:50:00.",P00645,P00859,LOC0002
DIG004837,2026-01-22 00:54:00,en,"PERSON_00158 used a vehicle PERSON_00229 near Zone_0032, Jabalpur. Record time 2026-01-22 00:54:00.",P00158,P00229,LOC0032
DIG004838,2026-06-11 08:55:00,kn,"PERSON_00209 और PERSON_00523 ने ಕರೆ ಮಾಡಿದರು, Zone_0159, Nagpur के पास। समय 2026-06-11 08:55:00.",P00209,P00523,LOC0159
DIG004839,2026-08-16 17:48:00,hi,"PERSON_00889 और PERSON_00462 ने धन भेजा, Zone_0044, Bhopal के पास। समय 2026-08-16 17:48:00.",P00889,P00462,LOC0044
DIG004840,2026-02-22 14:49:00,bn,"PERSON_00612 और PERSON_00097 ने স্থান ভাগ করেছে, Zone_0145, Jabalpur के पास। समय 2026-02-22 14:49:00.",P00612,P00097,LOC0145
DIG004841,2026-02-16 22:24:00,en,"PERSON_00869 met PERSON_00061 near Zone_0052, Nagpur. Record time 2026-02-16 22:24:00.",P00869,P00061,LOC0052
DIG004842,2026-06-23 22:17:00,hi,"PERSON_00624 और PERSON_00081 ने मिला, Zone_0157, Nagpur के पास। समय 2026-06-23 22:17:00.",P00624,P00081,LOC0157
DIG004843,2026-07-20 11:51:00,ml,"PERSON_00699 और PERSON_00254 ने വിളിച്ചു, Zone_0018, Bhopal के पास। समय 2026-07-20 11:51:00.",P00699,P00254,LOC0018
DIG004844,2026-02-12 00:55:00,gu,"PERSON_00222 और PERSON_00616 ने સંપર્ક કર્યો, Zone_0044, Bhopal के पास। समय 2026-02-12 00:55:00.",P00222,P00616,LOC0044
DIG004845,2026-02-11 18:49:00,ml,"PERSON_00336 और PERSON_00795 ने സന്ദർശിച്ചു, Zone_0121, Nagpur के पास। समय 2026-02-11 18:49:00.",P00336,P00795,LOC0121
DIG004846,2026-07-06 05:14:00,ta,"PERSON_00008 और PERSON_00407 ने செய்தி அனுப்பினார், Zone_0045, Gwalior के पास। समय 2026-07-06 05:14:00.",P00008,P00407,LOC0045
DIG004847,2026-01-15 23:47:00,bn,"PERSON_00755 और PERSON_00402 ने স্থান ভাগ করেছে, Zone_0161, Jabalpur के पास। समय 2026-01-15 23:47:00.",P00755,P00402,LOC0161
DIG004848,2026-06-13 08:26:00,ta,"PERSON_00886 और PERSON_00162 ने சென்றார், Zone_0093, Jabalpur के पास। समय 2026-06-13 08:26:00.",P00886,P00162,LOC0093
DIG004849,2026-07-14 13:08:00,ta,"PERSON_00503 और PERSON_00206 ने பணம் அனுப்பினார், Zone_0049, Nagpur के पास। समय 2026-07-14 13:08:00.",P00503,P00206,LOC0049
DIG004850,2026-04-18 13:25:00,gu,"PERSON_00122 और PERSON_00737 ने નાણાં મોકલ્યાં, Zone_0024, Jabalpur के पास। समय 2026-04-18 13:25:00.",P00122,P00737,LOC0024
DIG004851,2026-07-29 04:12:00,hi,"PERSON_00894 और PERSON_00903 ने धन भेजा, Zone_0113, Indore के पास। समय 2026-07-29 04:12:00.",P00894,P00903,LOC0113
DIG004852,2026-06-29 15:07:00,te,"PERSON_00218 और PERSON_00372 ने స్థానం పంచుకున్నారు, Zone_0172, Gwalior के पास। समय 2026-06-29 15:07:00.",P00218,P00372,LOC0172
DIG004853,2026-06-16 16:55:00,bn,"PERSON_00065 और PERSON_00451 ने ফোন করেছে, Zone_0146, Bhopal के पास। समय 2026-06-16 16:55:00.",P00065,P00451,LOC0146
DIG004854,2026-06-30 00:35:00,en,"PERSON_00898 sent a message to PERSON_00040 near Zone_0140, Jabalpur. Record time 2026-06-30 00:35:00.",P00898,P00040,LOC0140
DIG004855,2026-01-14 14:40:00,ta,"PERSON_00169 और PERSON_00589 ने பணம் அனுப்பினார், Zone_0005, Jabalpur के पास। समय 2026-01-14 14:40:00.",P00169,P00589,LOC0005
DIG004856,2026-06-29 12:12:00,en,"PERSON_00482 met PERSON_00326 near Zone_0105, Bhopal. Record time 2026-06-29 12:12:00.",P00482,P00326,LOC0105
DIG004857,2026-01-23 12:47:00,mr,"PERSON_00918 और PERSON_00226 ने संदेश पाठवला, Zone_0080, Indore के पास। समय 2026-01-23 12:47:00.",P00918,P00226,LOC0080
DIG004858,2026-03-05 05:31:00,ta,"PERSON_00124 और PERSON_00280 ने சந்தித்தார், Zone_0083, Ujjain के पास। समय 2026-03-05 05:31:00.",P00124,P00280,LOC0083
DIG004859,2026-02-22 01:52:00,te,"PERSON_00906 और PERSON_00593 ने సంప్రదించారు, Zone_0135, Nagpur के पास। समय 2026-02-22 01:52:00.",P00906,P00593,LOC0135
DIG004860,2026-04-29 13:22:00,te,"PERSON_00109 और PERSON_00425 ने సంప్రదించారు, Zone_0050, Jabalpur के पास। समय 2026-04-29 13:22:00.",P00109,P00425,LOC0050
DIG004861,2026-03-04 06:00:00,te,"PERSON_00196 और PERSON_00278 ने ఫోన్ చేశారు, Zone_0001, Gwalior के पास। समय 2026-03-04 06:00:00.",P00196,P00278,LOC0001
DIG004862,2026-06-24 14:17:00,ml,"PERSON_00768 और PERSON_00004 ने പണം അയച്ചു, Zone_0038, Ujjain के पास। समय 2026-06-24 14:17:00.",P00768,P00004,LOC0038
DIG004863,2026-01-30 20:50:00,gu,"PERSON_00461 और PERSON_00077 ने સ્થાન શેર કર્યું, Zone_0146, Bhopal के पास। समय 2026-01-30 20:50:00.",P00461,P00077,LOC0146
DIG004864,2026-03-07 18:31:00,en,"PERSON_00591 transferred funds to PERSON_00182 near Zone_0104, Bhopal. Record time 2026-03-07 18:31:00.",P00591,P00182,LOC0104
DIG004865,2026-08-07 02:25:00,ml,"PERSON_00073 और PERSON_00528 ने പണം അയച്ചു, Zone_0102, Ujjain के पास। समय 2026-08-07 02:25:00.",P00073,P00528,LOC0102
DIG004866,2026-07-17 20:40:00,ur,"PERSON_00023 और PERSON_00555 ने دورہ کیا, Zone_0109, Bhopal के पास। समय 2026-07-17 20:40:00.",P00023,P00555,LOC0109
DIG004867,2026-03-05 12:41:00,bn,"PERSON_00169 और PERSON_00521 ने টাকা পাঠিয়েছে, Zone_0033, Jabalpur के पास। समय 2026-03-05 12:41:00.",P00169,P00521,LOC0033
DIG004868,2026-08-18 13:42:00,en,"PERSON_00825 sent a message to PERSON_00625 near Zone_0045, Gwalior. Record time 2026-08-18 13:42:00.",P00825,P00625,LOC0045
DIG004869,2026-03-06 09:05:00,en,"PERSON_00976 used a vehicle PERSON_00807 near Zone_0077, Bhopal. Record time 2026-03-06 09:05:00.",P00976,P00807,LOC0077
DIG004870,2026-06-27 16:50:00,kn,"PERSON_00964 और PERSON_00517 ने ಭೇಟಿಯಾದರು, Zone_0029, Nagpur के पास। समय 2026-06-27 16:50:00.",P00964,P00517,LOC0029
DIG004871,2026-06-30 04:26:00,gu,"PERSON_00039 और PERSON_00842 ने મુલાકાત લીધી, Zone_0019, Gwalior के पास। समय 2026-06-30 04:26:00.",P00039,P00842,LOC0019
DIG004872,2026-06-11 10:05:00,ml,"PERSON_00267 और PERSON_00518 ने സന്ദേശം അയച്ചു, Zone_0114, Bhopal के पास। समय 2026-06-11 10:05:00.",P00267,P00518,LOC0114
DIG004873,2026-01-30 05:43:00,en,"PERSON_00150 sent a message to PERSON_00128 near Zone_0036, Ujjain. Record time 2026-01-30 05:43:00.",P00150,P00128,LOC0036
DIG004874,2026-05-17 21:38:00,gu,"PERSON_00766 और PERSON_00098 ने મુલાકાત લીધી, Zone_0078, Ujjain के पास। समय 2026-05-17 21:38:00.",P00766,P00098,LOC0078
DIG004875,2026-05-06 14:34:00,kn,"PERSON_00686 और PERSON_00376 ने ಹಣ ಕಳುಹಿಸಿದರು, Zone_0038, Ujjain के पास। समय 2026-05-06 14:34:00.",P00686,P00376,LOC0038
DIG004876,2026-05-25 14:21:00,pa,"PERSON_00399 और PERSON_00906 ने ਪੈਸੇ ਭੇਜੇ, Zone_0001, Gwalior के पास। समय 2026-05-25 14:21:00.",P00399,P00906,LOC0001
DIG004877,2026-05-15 18:11:00,kn,"PERSON_00051 और PERSON_00747 ने ಭೇಟಿಯಾದರು, Zone_0062, Ujjain के पास। समय 2026-05-15 18:11:00.",P00051,P00747,LOC0062
DIG004878,2026-03-08 16:54:00,ta,"PERSON_00364 और PERSON_00835 ने அழைத்தார், Zone_0091, Jabalpur के पास। समय 2026-03-08 16:54:00.",P00364,P00835,LOC0091
DIG004879,2026-01-02 06:02:00,en,"PERSON_00831 shared a location with PERSON_00053 near Zone_0174, Gwalior. Record time 2026-01-02 06:02:00.",P00831,P00053,LOC0174
DIG004880,2026-01-26 14:50:00,ur,"PERSON_00647 और PERSON_00766 ने دورہ کیا, Zone_0168, Nagpur के पास। समय 2026-01-26 14:50:00.",P00647,P00766,LOC0168
DIG004881,2026-05-22 16:56:00,ur,"PERSON_00117 और PERSON_00497 ने مقام شیئر کیا, Zone_0128, Bhopal के पास। समय 2026-05-22 16:56:00.",P00117,P00497,LOC0128
DIG004882,2026-08-17 23:02:00,bn,"PERSON_00701 और PERSON_00832 ने পরিদর্শন করেছে, Zone_0163, Nagpur के पास। समय 2026-08-17 23:02:00.",P00701,P00832,LOC0163
DIG004883,2026-07-01 14:41:00,ml,"PERSON_00928 और PERSON_00467 ने ബന്ധപ്പെട്ടു, Zone_0045, Gwalior के पास। समय 2026-07-01 14:41:00.",P00928,P00467,LOC0045
DIG004884,2026-05-24 06:46:00,mr,"PERSON_00605 और PERSON_00771 ने फोन केला, Zone_0084, Gwalior के पास। समय 2026-05-24 06:46:00.",P00605,P00771,LOC0084
DIG004885,2026-03-17 12:46:00,gu,"PERSON_00807 और PERSON_00739 ने નાણાં મોકલ્યાં, Zone_0145, Jabalpur के पास। समय 2026-03-17 12:46:00.",P00807,P00739,LOC0145
DIG004886,2026-07-25 06:16:00,pa,"PERSON_00005 और PERSON_00332 ने ਪੈਸੇ ਭੇਜੇ, Zone_0143, Nagpur के पास। समय 2026-07-25 06:16:00.",P00005,P00332,LOC0143
DIG004887,2026-01-03 16:41:00,mr,"PERSON_00492 और PERSON_00842 ने संपर्क केला, Zone_0103, Indore के पास। समय 2026-01-03 16:41:00.",P00492,P00842,LOC0103
DIG004888,2026-05-10 02:46:00,ta,"PERSON_00988 और PERSON_00250 ने தொடர்பு கொண்டார், Zone_0161, Jabalpur के पास। समय 2026-05-10 02:46:00.",P00988,P00250,LOC0161
DIG004889,2026-04-27 01:09:00,mr,"PERSON_00068 और PERSON_00925 ने संदेश पाठवला, Zone_0013, Gwalior के पास। समय 2026-04-27 01:09:00.",P00068,P00925,LOC0013
DIG004890,2026-03-22 01:10:00,te,"PERSON_00041 और PERSON_00974 ने డబ్బు పంపారు, Zone_0130, Gwalior के पास। समय 2026-03-22 01:10:00.",P00041,P00974,LOC0130
DIG004891,2026-01-06 07:00:00,hi,"PERSON_00100 और PERSON_00052 ने मिला, Zone_0008, Nagpur के पास। समय 2026-01-06 07:00:00.",P00100,P00052,LOC0008
DIG004892,2026-01-20 21:36:00,kn,"PERSON_00593 और PERSON_00157 ने ಕರೆ ಮಾಡಿದರು, Zone_0105, Bhopal के पास। समय 2026-01-20 21:36:00.",P00593,P00157,LOC0105
DIG004893,2026-05-20 14:46:00,kn,"PERSON_00084 और PERSON_00068 ने ಕರೆ ಮಾಡಿದರು, Zone_0147, Ujjain के पास। समय 2026-05-20 14:46:00.",P00084,P00068,LOC0147
DIG004894,2026-01-31 15:22:00,te,"PERSON_00161 और PERSON_00838 ने స్థానం పంచుకున్నారు, Zone_0077, Bhopal के पास। समय 2026-01-31 15:22:00.",P00161,P00838,LOC0077
DIG004895,2026-08-22 17:25:00,pa,"PERSON_00445 और PERSON_00068 ने ਪੈਸੇ ਭੇਜੇ, Zone_0017, Gwalior के पास। समय 2026-08-22 17:25:00.",P00445,P00068,LOC0017
DIG004896,2026-01-10 08:52:00,mr,"PERSON_00887 और PERSON_00808 ने पैसे पाठवले, Zone_0114, Bhopal के पास। समय 2026-01-10 08:52:00.",P00887,P00808,LOC0114
DIG004897,2026-05-21 01:29:00,pa,"PERSON_00377 और PERSON_00592 ने ਮੁਲਾਕਾਤ ਕੀਤੀ, Zone_0143, Nagpur के पास। समय 2026-05-21 01:29:00.",P00377,P00592,LOC0143
DIG004898,2026-07-10 22:13:00,mr,"PERSON_00247 और PERSON_00381 ने ठिकाण शेअर केले, Zone_0083, Ujjain के पास। समय 2026-07-10 22:13:00.",P00247,P00381,LOC0083
DIG004899,2026-06-10 11:02:00,en,"PERSON_00847 called PERSON_00783 near Zone_0175, Jabalpur. Record time 2026-06-10 11:02:00.",P00847,P00783,LOC0175
DIG004900,2026-06-18 06:56:00,en,"PERSON_00214 shared a location with PERSON_00306 near Zone_0020, Bhopal. Record time 2026-06-18 06:56:00.",P00214,P00306,LOC0020
DIG004901,2026-08-05 16:17:00,pa,"PERSON_00093 और PERSON_00281 ने ਸੁਨੇਹਾ ਭੇਜਿਆ, Zone_0074, Ujjain के पास। समय 2026-08-05 16:17:00.",P00093,P00281,LOC0074
DIG004902,2026-05-14 13:14:00,te,"PERSON_00182 और PERSON_00148 ने స్థానం పంచుకున్నారు, Zone_0128, Bhopal के पास। समय 2026-05-14 13:14:00.",P00182,P00148,LOC0128
DIG004903,2026-01-16 11:41:00,en,"PERSON_00022 visited PERSON_00646 near Zone_0057, Ujjain. Record time 2026-01-16 11:41:00.",P00022,P00646,LOC0057
DIG004904,2026-02-26 14:31:00,mr,"PERSON_00572 और PERSON_00051 ने ठिकाण शेअर केले, Zone_0170, Ujjain के पास। समय 2026-02-26 14:31:00.",P00572,P00051,LOC0170
DIG004905,2026-07-11 10:07:00,te,"PERSON_00423 और PERSON_00884 ने సంప్రదించారు, Zone_0045, Gwalior के पास। समय 2026-07-11 10:07:00.",P00423,P00884,LOC0045
DIG004906,2026-02-24 06:15:00,mr,"PERSON_00672 और PERSON_00859 ने भेटला, Zone_0108, Bhopal के पास। समय 2026-02-24 06:15:00.",P00672,P00859,LOC0108
DIG004907,2026-06-27 10:24:00,te,"PERSON_00631 और PERSON_00743 ने ఫోన్ చేశారు, Zone_0051, Bhopal के पास। समय 2026-06-27 10:24:00.",P00631,P00743,LOC0051
DIG004908,2026-02-02 18:25:00,ta,"PERSON_00708 और PERSON_00225 ने செய்தி அனுப்பினார், Zone_0113, Indore के पास। समय 2026-02-02 18:25:00.",P00708,P00225,LOC0113
DIG004909,2026-06-05 03:59:00,pa,"PERSON_00983 और PERSON_00046 ने ਮੁਲਾਕਾਤ ਕੀਤੀ, Zone_0052, Nagpur के पास। समय 2026-06-05 03:59:00.",P00983,P00046,LOC0052
DIG004910,2026-05-23 17:43:00,ta,"PERSON_00222 और PERSON_00717 ने சந்தித்தார், Zone_0121, Nagpur के पास। समय 2026-05-23 17:43:00.",P00222,P00717,LOC0121
DIG004911,2026-07-24 14:55:00,hi,"PERSON_00592 और PERSON_00345 ने दौरा किया, Zone_0043, Gwalior के पास। समय 2026-07-24 14:55:00.",P00592,P00345,LOC0043
DIG004912,2026-01-30 08:18:00,ur,"PERSON_00305 और PERSON_00279 ने فون کیا, Zone_0026, Nagpur के पास। समय 2026-01-30 08:18:00.",P00305,P00279,LOC0026
DIG004913,2026-08-30 00:14:00,bn,"PERSON_00101 और PERSON_00201 ने পরিদর্শন করেছে, Zone_0140, Jabalpur के पास। समय 2026-08-30 00:14:00.",P00101,P00201,LOC0140
DIG004914,2026-01-01 13:49:00,te,"PERSON_00905 और PERSON_00605 ने కలిశారు, Zone_0121, Nagpur के पास। समय 2026-01-01 13:49:00.",P00905,P00605,LOC0121
DIG004915,2026-01-14 20:44:00,en,"PERSON_00358 used a vehicle PERSON_00896 near Zone_0013, Gwalior. Record time 2026-01-14 20:44:00.",P00358,P00896,LOC0013
DIG004916,2026-05-17 11:10:00,mr,"PERSON_00585 और PERSON_00794 ने फोन केला, Zone_0067, Indore के पास। समय 2026-05-17 11:10:00.",P00585,P00794,LOC0067
DIG004917,2026-03-18 21:15:00,ml,"PERSON_00205 और PERSON_00485 ने സ്ഥലം പങ്കിട്ടു, Zone_0111, Jabalpur के पास। समय 2026-03-18 21:15:00.",P00205,P00485,LOC0111
DIG004918,2026-05-02 11:35:00,gu,"PERSON_00211 और PERSON_00541 ने સંપર્ક કર્યો, Zone_0162, Nagpur के पास। समय 2026-05-02 11:35:00.",P00211,P00541,LOC0162
DIG004919,2026-01-06 08:29:00,ta,"PERSON_00892 और PERSON_00910 ने இடத்தை பகிர்ந்தார், Zone_0071, Indore के पास। समय 2026-01-06 08:29:00.",P00892,P00910,LOC0071
DIG004920,2026-08-27 02:10:00,en,"PERSON_00254 visited PERSON_00526 near Zone_0148, Indore. Record time 2026-08-27 02:10:00.",P00254,P00526,LOC0148
DIG004921,2026-01-10 01:50:00,en,"PERSON_00472 called PERSON_00812 near Zone_0086, Gwalior. Record time 2026-01-10 01:50:00.",P00472,P00812,LOC0086
DIG004922,2026-03-15 11:12:00,ta,"PERSON_00171 और PERSON_00221 ने சென்றார், Zone_0079, Nagpur के पास। समय 2026-03-15 11:12:00.",P00171,P00221,LOC0079
DIG004923,2026-06-14 06:53:00,pa,"PERSON_00176 और PERSON_00368 ने ਸੰਪਰਕ ਕੀਤਾ, Zone_0134, Indore के पास। समय 2026-06-14 06:53:00.",P00176,P00368,LOC0134
DIG004924,2026-05-04 05:00:00,kn,"PERSON_00377 और PERSON_00440 ने ಭೇಟಿಯಾದರು, Zone_0046, Bhopal के पास। समय 2026-05-04 05:00:00.",P00377,P00440,LOC0046
DIG004925,2026-06-09 07:38:00,ta,"PERSON_00242 और PERSON_00994 ने சென்றார், Zone_0104, Bhopal के पास। समय 2026-06-09 07:38:00.",P00242,P00994,LOC0104
DIG004926,2026-08-22 22:54:00,te,"PERSON_00277 और PERSON_00673 ने స్థానం పంచుకున్నారు, Zone_0180, Indore के पास। समय 2026-08-22 22:54:00.",P00277,P00673,LOC0180
DIG004927,2026-05-13 19:04:00,ml,"PERSON_00566 और PERSON_00100 ने കണ്ടുമുട്ടി, Zone_0139, Jabalpur के पास। समय 2026-05-13 19:04:00.",P00566,P00100,LOC0139
DIG004928,2026-08-18 02:45:00,te,"PERSON_00179 और PERSON_00486 ने స్థానం పంచుకున్నారు, Zone_0083, Ujjain के पास। समय 2026-08-18 02:45:00.",P00179,P00486,LOC0083
DIG004929,2026-08-06 06:24:00,ta,"PERSON_00752 और PERSON_00659 ने சந்தித்தார், Zone_0119, Indore के पास। समय 2026-08-06 06:24:00.",P00752,P00659,LOC0119
DIG004930,2026-05-30 00:22:00,gu,"PERSON_00585 और PERSON_00354 ने સંદેશ મોકલ્યો, Zone_0121, Nagpur के पास। समय 2026-05-30 00:22:00.",P00585,P00354,LOC0121
DIG004931,2026-02-09 10:19:00,ml,"PERSON_00234 और PERSON_00136 ने സന്ദേശം അയച്ചു, Zone_0154, Ujjain के पास। समय 2026-02-09 10:19:00.",P00234,P00136,LOC0154
DIG004932,2026-08-23 08:32:00,gu,"PERSON_00792 और PERSON_00215 ने મુલાકાત લીધી, Zone_0117, Gwalior के पास। समय 2026-08-23 08:32:00.",P00792,P00215,LOC0117
DIG004933,2026-04-16 07:02:00,en,"PERSON_00691 used a vehicle PERSON_00394 near Zone_0022, Gwalior. Record time 2026-04-16 07:02:00.",P00691,P00394,LOC0022
DIG004934,2026-05-03 21:02:00,bn,"PERSON_00883 और PERSON_00546 ने ফোন করেছে, Zone_0052, Nagpur के पास। समय 2026-05-03 21:02:00.",P00883,P00546,LOC0052
DIG004935,2026-04-24 17:43:00,ml,"PERSON_00156 और PERSON_00345 ने പണം അയച്ചു, Zone_0115, Jabalpur के पास। समय 2026-04-24 17:43:00.",P00156,P00345,LOC0115
DIG004936,2026-02-16 16:14:00,bn,"PERSON_00467 और PERSON_00783 ने পরিদর্শন করেছে, Zone_0026, Nagpur के पास। समय 2026-02-16 16:14:00.",P00467,P00783,LOC0026
DIG004937,2026-05-26 16:55:00,hi,"PERSON_00522 और PERSON_00529 ने संदेश भेजा, Zone_0113, Indore के पास। समय 2026-05-26 16:55:00.",P00522,P00529,LOC0113
DIG004938,2026-08-14 15:17:00,kn,"PERSON_00374 और PERSON_00342 ने ಸಂಪರ್ಕಿಸಿದರು, Zone_0156, Bhopal के पास। समय 2026-08-14 15:17:00.",P00374,P00342,LOC0156
DIG004939,2026-03-04 22:59:00,bn,"PERSON_00123 और PERSON_00046 ने বার্তা পাঠিয়েছে, Zone_0167, Nagpur के पास। समय 2026-03-04 22:59:00.",P00123,P00046,LOC0167
DIG004940,2026-05-22 23:42:00,pa,"PERSON_00563 और PERSON_00515 ने ਫੋਨ ਕੀਤਾ, Zone_0162, Nagpur के पास। समय 2026-05-22 23:42:00.",P00563,P00515,LOC0162
DIG004941,2026-03-25 11:49:00,en,"PERSON_00980 used a vehicle PERSON_00319 near Zone_0059, Indore. Record time 2026-03-25 11:49:00.",P00980,P00319,LOC0059
DIG004942,2026-03-29 15:22:00,pa,"PERSON_00200 और PERSON_00097 ने ਮਿਲਿਆ, Zone_0006, Bhopal के पास। समय 2026-03-29 15:22:00.",P00200,P00097,LOC0006
DIG004943,2026-08-24 12:05:00,pa,"PERSON_00566 और PERSON_00973 ने ਸੰਪਰਕ ਕੀਤਾ, Zone_0048, Indore के पास। समय 2026-08-24 12:05:00.",P00566,P00973,LOC0048
DIG004944,2026-04-21 10:35:00,ta,"PERSON_00334 और PERSON_00068 ने தொடர்பு கொண்டார், Zone_0067, Indore के पास। समय 2026-04-21 10:35:00.",P00334,P00068,LOC0067
DIG004945,2026-08-03 16:03:00,gu,"PERSON_00127 और PERSON_00828 ने મુલાકાત લીધી, Zone_0055, Bhopal के पास। समय 2026-08-03 16:03:00.",P00127,P00828,LOC0055
DIG004946,2026-01-01 00:37:00,ur,"PERSON_00077 और PERSON_00736 ने رابطہ کیا, Zone_0073, Jabalpur के पास। समय 2026-01-01 00:37:00.",P00077,P00736,LOC0073
DIG004947,2026-06-03 03:17:00,ml,"PERSON_00768 और PERSON_00761 ने സ്ഥലം പങ്കിട്ടു, Zone_0136, Jabalpur के पास। समय 2026-06-03 03:17:00.",P00768,P00761,LOC0136
DIG004948,2026-03-02 15:46:00,bn,"PERSON_00634 और PERSON_00534 ने ফোন করেছে, Zone_0158, Jabalpur के पास। समय 2026-03-02 15:46:00.",P00634,P00534,LOC0158
DIG004949,2026-04-26 01:10:00,en,"PERSON_00497 contacted PERSON_00215 near Zone_0072, Indore. Record time 2026-04-26 01:10:00.",P00497,P00215,LOC0072
DIG004950,2026-08-15 20:33:00,bn,"PERSON_00118 और PERSON_00100 ने টাকা পাঠিয়েছে, Zone_0016, Ujjain के पास। समय 2026-08-15 20:33:00.",P00118,P00100,LOC0016
DIG004951,2026-03-24 20:17:00,ur,"PERSON_00139 और PERSON_00419 ने دورہ کیا, Zone_0066, Jabalpur के पास। समय 2026-03-24 20:17:00.",P00139,P00419,LOC0066
DIG004952,2026-03-24 17:03:00,ml,"PERSON_00356 और PERSON_00921 ने ബന്ധപ്പെട്ടു, Zone_0013, Gwalior के पास। समय 2026-03-24 17:03:00.",P00356,P00921,LOC0013
DIG004953,2026-02-16 07:57:00,ml,"PERSON_00703 और PERSON_00615 ने സന്ദേശം അയച്ചു, Zone_0058, Bhopal के पास। समय 2026-02-16 07:57:00.",P00703,P00615,LOC0058
DIG004954,2026-05-08 12:46:00,ta,"PERSON_00336 और PERSON_00078 ने சந்தித்தார், Zone_0072, Indore के पास। समय 2026-05-08 12:46:00.",P00336,P00078,LOC0072
DIG004955,2026-03-02 10:13:00,te,"PERSON_00278 और PERSON_00452 ने డబ్బు పంపారు, Zone_0097, Ujjain के पास। समय 2026-03-02 10:13:00.",P00278,P00452,LOC0097
DIG004956,2026-06-11 11:56:00,mr,"PERSON_00918 और PERSON_00164 ने पैसे पाठवले, Zone_0135, Nagpur के पास। समय 2026-06-11 11:56:00.",P00918,P00164,LOC0135
DIG004957,2026-05-14 17:09:00,ur,"PERSON_00887 और PERSON_00994 ने مقام شیئر کیا, Zone_0071, Indore के पास। समय 2026-05-14 17:09:00.",P00887,P00994,LOC0071
DIG004958,2026-05-15 11:58:00,ta,"PERSON_00196 और PERSON_00172 ने தொடர்பு கொண்டார், Zone_0015, Gwalior के पास। समय 2026-05-15 11:58:00.",P00196,P00172,LOC0015
DIG004959,2026-08-23 04:34:00,ur,"PERSON_00930 और PERSON_00868 ने ملاقات کی, Zone_0136, Jabalpur के पास। समय 2026-08-23 04:34:00.",P00930,P00868,LOC0136
DIG004960,2026-04-07 18:27:00,mr,"PERSON_00769 और PERSON_00679 ने फोन केला, Zone_0041, Ujjain के पास। समय 2026-04-07 18:27:00.",P00769,P00679,LOC0041
DIG004961,2026-01-31 06:16:00,te,"PERSON_00512 और PERSON_00485 ने డబ్బు పంపారు, Zone_0014, Bhopal के पास। समय 2026-01-31 06:16:00.",P00512,P00485,LOC0014
DIG004962,2026-07-21 02:40:00,ml,"PERSON_00442 और PERSON_00975 ने വിളിച്ചു, Zone_0155, Nagpur के पास। समय 2026-07-21 02:40:00.",P00442,P00975,LOC0155
DIG004963,2026-07-14 11:08:00,en,"PERSON_00973 transferred funds to PERSON_00925 near Zone_0014, Bhopal. Record time 2026-07-14 11:08:00.",P00973,P00925,LOC0014
DIG004964,2026-08-19 23:50:00,ta,"PERSON_00147 और PERSON_00144 ने தொடர்பு கொண்டார், Zone_0011, Gwalior के पास। समय 2026-08-19 23:50:00.",P00147,P00144,LOC0011
DIG004965,2026-05-10 14:27:00,kn,"PERSON_00864 और PERSON_00136 ने ಭೇಟಿ ನೀಡಿದರು, Zone_0014, Bhopal के पास। समय 2026-05-10 14:27:00.",P00864,P00136,LOC0014
DIG004966,2026-05-01 20:34:00,mr,"PERSON_00836 और PERSON_00157 ने संपर्क केला, Zone_0009, Jabalpur के पास। समय 2026-05-01 20:34:00.",P00836,P00157,LOC0009
DIG004967,2026-06-03 08:58:00,mr,"PERSON_00497 और PERSON_00470 ने भेटला, Zone_0030, Nagpur के पास। समय 2026-06-03 08:58:00.",P00497,P00470,LOC0030
DIG004968,2026-07-01 21:41:00,hi,"PERSON_00093 और PERSON_00855 ने स्थान साझा किया, Zone_0076, Indore के पास। समय 2026-07-01 21:41:00.",P00093,P00855,LOC0076
DIG004969,2026-02-20 18:48:00,gu,"PERSON_00196 और PERSON_00526 ने નાણાં મોકલ્યાં, Zone_0155, Nagpur के पास। समय 2026-02-20 18:48:00.",P00196,P00526,LOC0155
DIG004970,2026-07-29 00:04:00,kn,"PERSON_00908 और PERSON_00441 ने ಕರೆ ಮಾಡಿದರು, Zone_0068, Bhopal के पास। समय 2026-07-29 00:04:00.",P00908,P00441,LOC0068
DIG004971,2026-04-26 06:25:00,te,"PERSON_00688 और PERSON_00519 ने ఫోన్ చేశారు, Zone_0050, Jabalpur के पास। समय 2026-04-26 06:25:00.",P00688,P00519,LOC0050
DIG004972,2026-02-04 17:24:00,hi,"PERSON_00960 और PERSON_00096 ने फोन किया, Zone_0096, Indore के पास। समय 2026-02-04 17:24:00.",P00960,P00096,LOC0096
DIG004973,2026-04-23 06:43:00,te,"PERSON_00443 और PERSON_00785 ने స్థానం పంచుకున్నారు, Zone_0148, Indore के पास। समय 2026-04-23 06:43:00.",P00443,P00785,LOC0148
DIG004974,2026-08-16 15:09:00,mr,"PERSON_00481 और PERSON_00422 ने भेट दिली, Zone_0086, Gwalior के पास। समय 2026-08-16 15:09:00.",P00481,P00422,LOC0086
DIG004975,2026-04-04 02:36:00,gu,"PERSON_00890 और PERSON_00337 ने સંદેશ મોકલ્યો, Zone_0022, Gwalior के पास। समय 2026-04-04 02:36:00.",P00890,P00337,LOC0022
DIG004976,2026-03-19 19:39:00,hi,"PERSON_00647 और PERSON_00500 ने धन भेजा, Zone_0099, Bhopal के पास। समय 2026-03-19 19:39:00.",P00647,P00500,LOC0099
DIG004977,2026-07-07 03:12:00,te,"PERSON_00044 और PERSON_00698 ने ఫోన్ చేశారు, Zone_0128, Bhopal के पास। समय 2026-07-07 03:12:00.",P00044,P00698,LOC0128
DIG004978,2026-08-18 19:13:00,ml,"PERSON_00713 और PERSON_00543 ने ബന്ധപ്പെട്ടു, Zone_0003, Indore के पास। समय 2026-08-18 19:13:00.",P00713,P00543,LOC0003
DIG004979,2026-01-25 18:55:00,ta,"PERSON_00904 और PERSON_00204 ने செய்தி அனுப்பினார், Zone_0137, Nagpur के पास। समय 2026-01-25 18:55:00.",P00904,P00204,LOC0137
DIG004980,2026-03-11 09:57:00,bn,"PERSON_00104 और PERSON_00263 ने দেখা করেছে, Zone_0169, Nagpur के पास। समय 2026-03-11 09:57:00.",P00104,P00263,LOC0169
DIG004981,2026-08-16 07:49:00,te,"PERSON_00899 और PERSON_00051 ने కలిశారు, Zone_0076, Indore के पास। समय 2026-08-16 07:49:00.",P00899,P00051,LOC0076
DIG004982,2026-05-19 10:18:00,en,"PERSON_00163 shared a location with PERSON_00056 near Zone_0037, Indore. Record time 2026-05-19 10:18:00.",P00163,P00056,LOC0037
DIG004983,2026-07-26 15:16:00,pa,"PERSON_00758 और PERSON_00894 ने ਪੈਸੇ ਭੇਜੇ, Zone_0020, Bhopal के पास। समय 2026-07-26 15:16:00.",P00758,P00894,LOC0020
DIG004984,2026-01-12 12:48:00,gu,"PERSON_00806 और PERSON_00872 ने ફોન કર્યો, Zone_0127, Bhopal के पास। समय 2026-01-12 12:48:00.",P00806,P00872,LOC0127
DIG004985,2026-05-21 17:59:00,en,"PERSON_00545 sent a message to PERSON_00530 near Zone_0178, Gwalior. Record time 2026-05-21 17:59:00.",P00545,P00530,LOC0178
DIG004986,2026-06-02 20:59:00,te,"PERSON_00785 और PERSON_00664 ने సందేశం పంపారు, Zone_0095, Indore के पास। समय 2026-06-02 20:59:00.",P00785,P00664,LOC0095
DIG004987,2026-08-10 13:24:00,mr,"PERSON_00765 और PERSON_00927 ने भेटला, Zone_0138, Bhopal के पास। समय 2026-08-10 13:24:00.",P00765,P00927,LOC0138
DIG004988,2026-07-19 07:42:00,ml,"PERSON_00462 और PERSON_00856 ने വിളിച്ചു, Zone_0159, Nagpur के पास। समय 2026-07-19 07:42:00.",P00462,P00856,LOC0159
DIG004989,2026-02-04 10:19:00,kn,"PERSON_00747 और PERSON_00573 ने ಭೇಟಿಯಾದರು, Zone_0063, Gwalior के पास। समय 2026-02-04 10:19:00.",P00747,P00573,LOC0063
DIG004990,2026-05-05 21:42:00,gu,"PERSON_00904 और PERSON_00487 ने મળ્યા, Zone_0032, Jabalpur के पास। समय 2026-05-05 21:42:00.",P00904,P00487,LOC0032
DIG004991,2026-04-25 04:51:00,ur,"PERSON_00994 और PERSON_00776 ने پیغام بھیجا, Zone_0176, Gwalior के पास। समय 2026-04-25 04:51:00.",P00994,P00776,LOC0176
DIG004992,2026-05-02 11:37:00,ml,"PERSON_00880 और PERSON_00663 ने സന്ദേശം അയച്ചു, Zone_0171, Bhopal के पास। समय 2026-05-02 11:37:00.",P00880,P00663,LOC0171
DIG004993,2026-07-16 21:06:00,en,"PERSON_00665 sent a message to PERSON_00829 near Zone_0062, Ujjain. Record time 2026-07-16 21:06:00.",P00665,P00829,LOC0062
DIG004994,2026-02-20 18:18:00,kn,"PERSON_00521 और PERSON_00770 ने ಸ್ಥಳ ಹಂಚಿಕೊಂಡರು, Zone_0154, Ujjain के पास। समय 2026-02-20 18:18:00.",P00521,P00770,LOC0154
DIG004995,2026-08-16 07:01:00,hi,"PERSON_00834 और PERSON_00230 ने संपर्क किया, Zone_0123, Ujjain के पास। समय 2026-08-16 07:01:00.",P00834,P00230,LOC0123
DIG004996,2026-05-09 16:50:00,kn,"PERSON_00500 और PERSON_00469 ने ಭೇಟಿ ನೀಡಿದರು, Zone_0047, Ujjain के पास। समय 2026-05-09 16:50:00.",P00500,P00469,LOC0047
DIG004997,2026-03-27 07:57:00,ta,"PERSON_00676 और PERSON_00979 ने பணம் அனுப்பினார், Zone_0085, Gwalior के पास। समय 2026-03-27 07:57:00.",P00676,P00979,LOC0085
DIG004998,2026-04-03 21:49:00,mr,"PERSON_00438 और PERSON_00364 ने फोन केला, Zone_0141, Jabalpur के पास। समय 2026-04-03 21:49:00.",P00438,P00364,LOC0141
DIG004999,2026-06-08 01:36:00,ml,"PERSON_00342 और PERSON_00424 ने സ്ഥലം പങ്കിട്ടു, Zone_0019, Gwalior के पास। समय 2026-06-08 01:36:00.",P00342,P00424,LOC0019
DIG005000,2026-06-04 22:35:00,ur,"PERSON_00171 और PERSON_00696 ने ملاقات کی, Zone_0018, Bhopal के पास। समय 2026-06-04 22:35:00.",P00171,P00696,LOC0018
DIG005001,2026-04-25 02:36:00,ta,"PERSON_00646 और PERSON_00917 ने அழைத்தார், Zone_0029, Nagpur के पास। समय 2026-04-25 02:36:00.",P00646,P00917,LOC0029
DIG005002,2026-04-27 08:17:00,te,"PERSON_00552 और PERSON_00654 ने సంప్రదించారు, Zone_0034, Jabalpur के पास। समय 2026-04-27 08:17:00.",P00552,P00654,LOC0034
DIG005003,2026-01-30 11:38:00,ta,"PERSON_00726 और PERSON_00577 ने அழைத்தார், Zone_0044, Bhopal के पास। समय 2026-01-30 11:38:00.",P00726,P00577,LOC0044
DIG005004,2026-04-05 16:43:00,pa,"PERSON_00365 और PERSON_00178 ने ਸੁਨੇਹਾ ਭੇਜਿਆ, Zone_0128, Bhopal के पास। समय 2026-04-05 16:43:00.",P00365,P00178,LOC0128
DIG005005,2026-01-16 07:00:00,bn,"PERSON_00163 और PERSON_00448 ने বার্তা পাঠিয়েছে, Zone_0033, Jabalpur के पास। समय 2026-01-16 07:00:00.",P00163,P00448,LOC0033
DIG005006,2026-06-28 01:43:00,bn,"PERSON_00677 और PERSON_00242 ने বার্তা পাঠিয়েছে, Zone_0108, Bhopal के पास। समय 2026-06-28 01:43:00.",P00677,P00242,LOC0108
DIG005007,2026-07-15 00:43:00,en,"PERSON_00815 visited PERSON_00905 near Zone_0141, Jabalpur. Record time 2026-07-15 00:43:00.",P00815,P00905,LOC0141
DIG005008,2026-03-03 23:35:00,hi,"PERSON_00921 और PERSON_00891 ने धन भेजा, Zone_0037, Indore के पास। समय 2026-03-03 23:35:00.",P00921,P00891,LOC0037
DIG005009,2026-06-11 18:43:00,kn,"PERSON_00574 और PERSON_00956 ने ಭೇಟಿಯಾದರು, Zone_0152, Nagpur के पास। समय 2026-06-11 18:43:00.",P00574,P00956,LOC0152
DIG005010,2026-02-26 02:34:00,ml,"PERSON_00914 और PERSON_00911 ने സ്ഥലം പങ്കിട്ടു, Zone_0175, Jabalpur के पास। समय 2026-02-26 02:34:00.",P00914,P00911,LOC0175
DIG005011,2026-03-18 20:33:00,te,"PERSON_00776 और PERSON_00527 ने స్థానం పంచుకున్నారు, Zone_0063, Gwalior के पास। समय 2026-03-18 20:33:00.",P00776,P00527,LOC0063
DIG005012,2026-03-26 15:30:00,ur,"PERSON_00947 और PERSON_00314 ने مقام شیئر کیا, Zone_0131, Gwalior के पास। समय 2026-03-26 15:30:00.",P00947,P00314,LOC0131
DIG005013,2026-05-10 14:41:00,mr,"PERSON_00259 और PERSON_00809 ने फोन केला, Zone_0074, Ujjain के पास। समय 2026-05-10 14:41:00.",P00259,P00809,LOC0074
DIG005014,2026-07-15 04:57:00,en,"PERSON_00581 visited PERSON_00207 near Zone_0153, Jabalpur. Record time 2026-07-15 04:57:00.",P00581,P00207,LOC0153
DIG005015,2026-08-08 20:52:00,bn,"PERSON_00346 और PERSON_00326 ने যোগাযোগ করেছে, Zone_0165, Gwalior के पास। समय 2026-08-08 20:52:00.",P00346,P00326,LOC0165
DIG005016,2026-03-20 13:54:00,en,"PERSON_00646 met PERSON_00838 near Zone_0020, Bhopal. Record time 2026-03-20 13:54:00.",P00646,P00838,LOC0020
DIG005017,2026-08-06 04:59:00,ur,"PERSON_00949 और PERSON_00299 ने ملاقات کی, Zone_0143, Nagpur के पास। समय 2026-08-06 04:59:00.",P00949,P00299,LOC0143
DIG005018,2026-07-16 23:39:00,te,"PERSON_00588 और PERSON_00488 ने కలిశారు, Zone_0001, Gwalior के पास। समय 2026-07-16 23:39:00.",P00588,P00488,LOC0001
DIG005019,2026-06-27 15:24:00,pa,"PERSON_00490 और PERSON_00783 ने ਸਥਾਨ ਸਾਂਝਾ ਕੀਤਾ, Zone_0118, Ujjain के पास। समय 2026-06-27 15:24:00.",P00490,P00783,LOC0118
DIG005020,2026-04-29 18:21:00,te,"PERSON_00233 और PERSON_00693 ने సందేశం పంపారు, Zone_0147, Ujjain के पास। समय 2026-04-29 18:21:00.",P00233,P00693,LOC0147
DIG005021,2026-03-30 15:53:00,gu,"PERSON_00386 और PERSON_00728 ने મુલાકાત લીધી, Zone_0007, Ujjain के पास। समय 2026-03-30 15:53:00.",P00386,P00728,LOC0007
DIG005022,2026-04-06 21:25:00,en,"PERSON_00797 used a vehicle PERSON_00726 near Zone_0032, Jabalpur. Record time 2026-04-06 21:25:00.",P00797,P00726,LOC0032
DIG005023,2026-02-16 16:23:00,bn,"PERSON_00631 और PERSON_00434 ने স্থান ভাগ করেছে, Zone_0014, Bhopal के पास। समय 2026-02-16 16:23:00.",P00631,P00434,LOC0014
DIG005024,2026-07-08 03:51:00,bn,"PERSON_00241 और PERSON_00749 ने ফোন করেছে, Zone_0120, Ujjain के पास। समय 2026-07-08 03:51:00.",P00241,P00749,LOC0120
DIG005025,2026-04-06 15:05:00,te,"PERSON_00099 और PERSON_00451 ने కలిశారు, Zone_0128, Bhopal के पास। समय 2026-04-06 15:05:00.",P00099,P00451,LOC0128
DIG005026,2026-01-24 04:13:00,mr,"PERSON_00452 और PERSON_00243 ने संपर्क केला, Zone_0053, Nagpur के पास। समय 2026-01-24 04:13:00.",P00452,P00243,LOC0053
DIG005027,2026-01-15 01:31:00,kn,"PERSON_00107 और PERSON_00346 ने ಸಂಪರ್ಕಿಸಿದರು, Zone_0023, Jabalpur के पास। समय 2026-01-15 01:31:00.",P00107,P00346,LOC0023
DIG005028,2026-08-25 06:58:00,ml,"PERSON_00646 और PERSON_00767 ने വിളിച്ചു, Zone_0104, Bhopal के पास। समय 2026-08-25 06:58:00.",P00646,P00767,LOC0104
DIG005029,2026-02-14 03:35:00,ml,"PERSON_00415 और PERSON_00634 ने സ്ഥലം പങ്കിട്ടു, Zone_0040, Bhopal के पास। समय 2026-02-14 03:35:00.",P00415,P00634,LOC0040
DIG005030,2026-04-17 23:59:00,ta,"PERSON_00502 और PERSON_00508 ने இடத்தை பகிர்ந்தார், Zone_0028, Bhopal के पास। समय 2026-04-17 23:59:00.",P00502,P00508,LOC0028
DIG005031,2026-08-14 10:09:00,ur,"PERSON_00904 और PERSON_00842 ने مقام شیئر کیا, Zone_0041, Ujjain के पास। समय 2026-08-14 10:09:00.",P00904,P00842,LOC0041
DIG005032,2026-05-26 15:44:00,hi,"PERSON_00446 और PERSON_00084 ने धन भेजा, Zone_0135, Nagpur के पास। समय 2026-05-26 15:44:00.",P00446,P00084,LOC0135
DIG005033,2026-08-05 10:01:00,mr,"PERSON_00175 और PERSON_00695 ने पैसे पाठवले, Zone_0096, Indore के पास। समय 2026-08-05 10:01:00.",P00175,P00695,LOC0096
DIG005034,2026-01-14 20:25:00,te,"PERSON_00552 और PERSON_00851 ने ఫోన్ చేశారు, Zone_0058, Bhopal के पास। समय 2026-01-14 20:25:00.",P00552,P00851,LOC0058
DIG005035,2026-06-20 18:01:00,hi,"PERSON_00134 और PERSON_00300 ने दौरा किया, Zone_0027, Gwalior के पास। समय 2026-06-20 18:01:00.",P00134,P00300,LOC0027
DIG005036,2026-07-03 09:11:00,ur,"PERSON_00263 और PERSON_00070 ने رابطہ کیا, Zone_0073, Jabalpur के पास। समय 2026-07-03 09:11:00.",P00263,P00070,LOC0073
DIG005037,2026-04-21 20:52:00,en,"PERSON_00373 shared a location with PERSON_00956 near Zone_0103, Indore. Record time 2026-04-21 20:52:00.",P00373,P00956,LOC0103
DIG005038,2026-01-05 23:51:00,mr,"PERSON_00157 और PERSON_00765 ने ठिकाण शेअर केले, Zone_0164, Bhopal के पास। समय 2026-01-05 23:51:00.",P00157,P00765,LOC0164
DIG005039,2026-05-22 17:42:00,ta,"PERSON_00759 और PERSON_00899 ने பணம் அனுப்பினார், Zone_0164, Bhopal के पास। समय 2026-05-22 17:42:00.",P00759,P00899,LOC0164
DIG005040,2026-06-06 06:48:00,ta,"PERSON_00368 और PERSON_00422 ने இடத்தை பகிர்ந்தார், Zone_0153, Jabalpur के पास। समय 2026-06-06 06:48:00.",P00368,P00422,LOC0153
DIG005041,2026-04-15 10:36:00,gu,"PERSON_00601 और PERSON_00453 ने ફોન કર્યો, Zone_0019, Gwalior के पास। समय 2026-04-15 10:36:00.",P00601,P00453,LOC0019
DIG005042,2026-08-27 00:16:00,hi,"PERSON_00718 और PERSON_00020 ने संदेश भेजा, Zone_0131, Gwalior के पास। समय 2026-08-27 00:16:00.",P00718,P00020,LOC0131
DIG005043,2026-08-31 09:25:00,te,"PERSON_00144 और PERSON_00172 ने సంప్రదించారు, Zone_0123, Ujjain के पास। समय 2026-08-31 09:25:00.",P00144,P00172,LOC0123
DIG005044,2026-06-26 01:18:00,en,"PERSON_00675 met PERSON_00710 near Zone_0167, Nagpur. Record time 2026-06-26 01:18:00.",P00675,P00710,LOC0167
DIG005045,2026-06-08 09:39:00,kn,"PERSON_00203 और PERSON_00017 ने ಭೇಟಿಯಾದರು, Zone_0143, Nagpur के पास। समय 2026-06-08 09:39:00.",P00203,P00017,LOC0143
DIG005046,2026-03-13 22:47:00,ta,"PERSON_00115 और PERSON_00744 ने சென்றார், Zone_0144, Nagpur के पास। समय 2026-03-13 22:47:00.",P00115,P00744,LOC0144
DIG005047,2026-05-21 11:16:00,ml,"PERSON_00324 और PERSON_00786 ने സന്ദേശം അയച്ചു, Zone_0115, Jabalpur के पास। समय 2026-05-21 11:16:00.",P00324,P00786,LOC0115
DIG005048,2026-05-30 07:53:00,ta,"PERSON_00249 और PERSON_00222 ने செய்தி அனுப்பினார், Zone_0130, Gwalior के पास। समय 2026-05-30 07:53:00.",P00249,P00222,LOC0130
DIG005049,2026-06-08 08:08:00,ml,"PERSON_00197 और PERSON_00745 ने പണം അയച്ചു, Zone_0167, Nagpur के पास। समय 2026-06-08 08:08:00.",P00197,P00745,LOC0167
DIG005050,2026-01-03 03:11:00,kn,"PERSON_00521 और PERSON_00112 ने ಸ್ಥಳ ಹಂಚಿಕೊಂಡರು, Zone_0029, Nagpur के पास। समय 2026-01-03 03:11:00.",P00521,P00112,LOC0029
DIG005051,2026-05-14 20:23:00,gu,"PERSON_00577 और PERSON_00351 ने મુલાકાત લીધી, Zone_0133, Indore के पास। समय 2026-05-14 20:23:00.",P00577,P00351,LOC0133
DIG005052,2026-03-15 22:57:00,en,"PERSON_00380 shared a location with PERSON_00239 near Zone_0055, Bhopal. Record time 2026-03-15 22:57:00.",P00380,P00239,LOC0055
DIG005053,2026-01-09 19:45:00,bn,"PERSON_00991 और PERSON_00915 ने স্থান ভাগ করেছে, Zone_0081, Gwalior के पास। समय 2026-01-09 19:45:00.",P00991,P00915,LOC0081
DIG005054,2026-02-19 23:46:00,mr,"PERSON_00515 और PERSON_00704 ने पैसे पाठवले, Zone_0180, Indore के पास। समय 2026-02-19 23:46:00.",P00515,P00704,LOC0180
DIG005055,2026-05-27 08:25:00,gu,"PERSON_00881 और PERSON_00904 ने સંદેશ મોકલ્યો, Zone_0105, Bhopal के पास। समय 2026-05-27 08:25:00.",P00881,P00904,LOC0105
DIG005056,2026-03-02 01:48:00,te,"PERSON_00361 और PERSON_00696 ने సందేశం పంపారు, Zone_0072, Indore के पास। समय 2026-03-02 01:48:00.",P00361,P00696,LOC0072
DIG005057,2026-04-21 11:34:00,hi,"PERSON_00552 और PERSON_00558 ने संपर्क किया, Zone_0090, Gwalior के पास। समय 2026-04-21 11:34:00.",P00552,P00558,LOC0090
DIG005058,2026-03-29 19:17:00,ml,"PERSON_00311 और PERSON_00045 ने വിളിച്ചു, Zone_0078, Ujjain के पास। समय 2026-03-29 19:17:00.",P00311,P00045,LOC0078
DIG005059,2026-04-11 13:02:00,ur,"PERSON_00567 और PERSON_00943 ने پیغام بھیجا, Zone_0128, Bhopal के पास। समय 2026-04-11 13:02:00.",P00567,P00943,LOC0128
DIG005060,2026-01-11 05:54:00,ta,"PERSON_00954 और PERSON_00794 ने சென்றார், Zone_0019, Gwalior के पास। समय 2026-01-11 05:54:00.",P00954,P00794,LOC0019
DIG005061,2026-08-06 22:06:00,hi,"PERSON_00084 और PERSON_00518 ने संपर्क किया, Zone_0005, Jabalpur के पास। समय 2026-08-06 22:06:00.",P00084,P00518,LOC0005
DIG005062,2026-04-30 04:36:00,en,"PERSON_00476 met PERSON_00275 near Zone_0142, Jabalpur. Record time 2026-04-30 04:36:00.",P00476,P00275,LOC0142
DIG005063,2026-08-21 22:08:00,te,"PERSON_00513 और PERSON_00189 ने సందేశం పంపారు, Zone_0142, Jabalpur के पास। समय 2026-08-21 22:08:00.",P00513,P00189,LOC0142
DIG005064,2026-07-04 09:54:00,ur,"PERSON_00512 और PERSON_00062 ने فون کیا, Zone_0090, Gwalior के पास। समय 2026-07-04 09:54:00.",P00512,P00062,LOC0090
DIG005065,2026-08-15 07:42:00,kn,"PERSON_00961 और PERSON_00402 ने ಹಣ ಕಳುಹಿಸಿದರು, Zone_0001, Gwalior के पास। समय 2026-08-15 07:42:00.",P00961,P00402,LOC0001
DIG005066,2026-06-18 19:26:00,hi,"PERSON_00120 और PERSON_00346 ने धन भेजा, Zone_0164, Bhopal के पास। समय 2026-06-18 19:26:00.",P00120,P00346,LOC0164
DIG005067,2026-08-25 08:43:00,ur,"PERSON_00109 और PERSON_00011 ने رابطہ کیا, Zone_0076, Indore के पास। समय 2026-08-25 08:43:00.",P00109,P00011,LOC0076
DIG005068,2026-03-19 16:14:00,kn,"PERSON_00141 और PERSON_00578 ने ಭೇಟಿಯಾದರು, Zone_0115, Jabalpur के पास। समय 2026-03-19 16:14:00.",P00141,P00578,LOC0115
DIG005069,2026-06-28 00:27:00,en,"PERSON_00874 met PERSON_00019 near Zone_0141, Jabalpur. Record time 2026-06-28 00:27:00.",P00874,P00019,LOC0141
DIG005070,2026-03-13 12:55:00,ml,"PERSON_00513 और PERSON_00990 ने സ്ഥലം പങ്കിട്ടു, Zone_0070, Ujjain के पास। समय 2026-03-13 12:55:00.",P00513,P00990,LOC0070
DIG005071,2026-07-05 22:36:00,pa,"PERSON_00356 और PERSON_00291 ने ਪੈਸੇ ਭੇਜੇ, Zone_0118, Ujjain के पास। समय 2026-07-05 22:36:00.",P00356,P00291,LOC0118
DIG005072,2026-08-29 19:50:00,mr,"PERSON_00388 और PERSON_00079 ने संदेश पाठवला, Zone_0161, Jabalpur के पास। समय 2026-08-29 19:50:00.",P00388,P00079,LOC0161
DIG005073,2026-07-02 18:00:00,hi,"PERSON_00808 और PERSON_00692 ने संदेश भेजा, Zone_0062, Ujjain के पास। समय 2026-07-02 18:00:00.",P00808,P00692,LOC0062
DIG005074,2026-06-05 21:55:00,hi,"PERSON_00585 और PERSON_00609 ने धन भेजा, Zone_0118, Ujjain के पास। समय 2026-06-05 21:55:00.",P00585,P00609,LOC0118
DIG005075,2026-08-31 22:18:00,ur,"PERSON_00018 और PERSON_00391 ने ملاقات کی, Zone_0165, Gwalior के पास। समय 2026-08-31 22:18:00.",P00018,P00391,LOC0165
DIG005076,2026-05-12 12:38:00,kn,"PERSON_00500 और PERSON_00851 ने ಭೇಟಿಯಾದರು, Zone_0068, Bhopal के पास। समय 2026-05-12 12:38:00.",P00500,P00851,LOC0068
DIG005077,2026-02-04 23:26:00,ur,"PERSON_00031 और PERSON_00954 ने پیغام بھیجا, Zone_0020, Bhopal के पास। समय 2026-02-04 23:26:00.",P00031,P00954,LOC0020
DIG005078,2026-03-29 05:36:00,bn,"PERSON_00920 और PERSON_00489 ने পরিদর্শন করেছে, Zone_0013, Gwalior के पास। समय 2026-03-29 05:36:00.",P00920,P00489,LOC0013
DIG005079,2026-01-23 18:11:00,kn,"PERSON_00913 और PERSON_00144 ने ಸಂದೇಶ ಕಳುಹಿಸಿದರು, Zone_0079, Nagpur के पास। समय 2026-01-23 18:11:00.",P00913,P00144,LOC0079
DIG005080,2026-01-10 22:06:00,ur,"PERSON_00734 और PERSON_00155 ने رابطہ کیا, Zone_0010, Indore के पास। समय 2026-01-10 22:06:00.",P00734,P00155,LOC0010
DIG005081,2026-05-25 11:56:00,bn,"PERSON_00175 और PERSON_00016 ने যোগাযোগ করেছে, Zone_0055, Bhopal के पास। समय 2026-05-25 11:56:00.",P00175,P00016,LOC0055
DIG005082,2026-03-09 09:24:00,en,"PERSON_00809 used a vehicle PERSON_00984 near Zone_0082, Nagpur. Record time 2026-03-09 09:24:00.",P00809,P00984,LOC0082
DIG005083,2026-03-28 06:00:00,ta,"PERSON_00072 और PERSON_00704 ने தொடர்பு கொண்டார், Zone_0092, Ujjain के पास। समय 2026-03-28 06:00:00.",P00072,P00704,LOC0092
DIG005084,2026-01-28 13:06:00,pa,"PERSON_00424 और PERSON_00084 ने ਸੰਪਰਕ ਕੀਤਾ, Zone_0085, Gwalior के पास। समय 2026-01-28 13:06:00.",P00424,P00084,LOC0085
DIG005085,2026-02-23 01:36:00,gu,"PERSON_00452 और PERSON_00381 ने સંદેશ મોકલ્યો, Zone_0110, Indore के पास। समय 2026-02-23 01:36:00.",P00452,P00381,LOC0110
DIG005086,2026-06-17 01:39:00,mr,"PERSON_00799 और PERSON_00577 ने भेटला, Zone_0004, Indore के पास। समय 2026-06-17 01:39:00.",P00799,P00577,LOC0004
DIG005087,2026-06-21 05:46:00,ml,"PERSON_00002 और PERSON_00340 ने സ്ഥലം പങ്കിട്ടു, Zone_0125, Indore के पास। समय 2026-06-21 05:46:00.",P00002,P00340,LOC0125
DIG005088,2026-05-08 05:24:00,te,"PERSON_00733 और PERSON_00404 ने ఫోన్ చేశారు, Zone_0055, Bhopal के पास। समय 2026-05-08 05:24:00.",P00733,P00404,LOC0055
DIG005089,2026-07-06 08:56:00,hi,"PERSON_00768 और PERSON_00759 ने दौरा किया, Zone_0142, Jabalpur के पास। समय 2026-07-06 08:56:00.",P00768,P00759,LOC0142
DIG005090,2026-07-18 04:41:00,te,"PERSON_00140 और PERSON_00842 ने ఫోన్ చేశారు, Zone_0010, Indore के पास। समय 2026-07-18 04:41:00.",P00140,P00842,LOC0010
DIG005091,2026-03-08 14:34:00,ta,"PERSON_00308 और PERSON_00268 ने செய்தி அனுப்பினார், Zone_0074, Ujjain के पास। समय 2026-03-08 14:34:00.",P00308,P00268,LOC0074
DIG005092,2026-05-23 08:34:00,ur,"PERSON_00114 और PERSON_00125 ने دورہ کیا, Zone_0168, Nagpur के पास। समय 2026-05-23 08:34:00.",P00114,P00125,LOC0168
DIG005093,2026-07-27 18:53:00,pa,"PERSON_00237 और PERSON_00025 ने ਸੰਪਰਕ ਕੀਤਾ, Zone_0020, Bhopal के पास। समय 2026-07-27 18:53:00.",P00237,P00025,LOC0020
DIG005094,2026-08-13 13:42:00,te,"PERSON_00153 और PERSON_00872 ने వెళ్లారు, Zone_0131, Gwalior के पास। समय 2026-08-13 13:42:00.",P00153,P00872,LOC0131
DIG005095,2026-06-01 15:14:00,en,"PERSON_00333 shared a location with PERSON_00955 near Zone_0117, Gwalior. Record time 2026-06-01 15:14:00.",P00333,P00955,LOC0117
DIG005096,2026-02-11 13:00:00,gu,"PERSON_00547 और PERSON_00326 ने સંપર્ક કર્યો, Zone_0174, Gwalior के पास। समय 2026-02-11 13:00:00.",P00547,P00326,LOC0174
DIG005097,2026-03-29 11:29:00,bn,"PERSON_00003 और PERSON_00955 ने যোগাযোগ করেছে, Zone_0166, Bhopal के पास। समय 2026-03-29 11:29:00.",P00003,P00955,LOC0166
DIG005098,2026-05-07 23:04:00,en,"PERSON_00465 visited PERSON_00956 near Zone_0152, Nagpur. Record time 2026-05-07 23:04:00.",P00465,P00956,LOC0152
DIG005099,2026-03-27 23:29:00,pa,"PERSON_00078 और PERSON_00246 ने ਮੁਲਾਕਾਤ ਕੀਤੀ, Zone_0024, Jabalpur के पास। समय 2026-03-27 23:29:00.",P00078,P00246,LOC0024
DIG005100,2026-08-28 20:05:00,mr,"PERSON_00253 और PERSON_00051 ने पैसे पाठवले, Zone_0036, Ujjain के पास। समय 2026-08-28 20:05:00.",P00253,P00051,LOC0036
DIG005101,2026-05-05 12:06:00,bn,"PERSON_00537 और PERSON_00123 ने পরিদর্শন করেছে, Zone_0047, Ujjain के पास। समय 2026-05-05 12:06:00.",P00537,P00123,LOC0047
DIG005102,2026-07-04 19:01:00,en,"PERSON_00853 transferred funds to PERSON_00576 near Zone_0039, Gwalior. Record time 2026-07-04 19:01:00.",P00853,P00576,LOC0039
DIG005103,2026-04-12 08:11:00,ml,"PERSON_00710 और PERSON_00772 ने കണ്ടുമുട്ടി, Zone_0177, Gwalior के पास। समय 2026-04-12 08:11:00.",P00710,P00772,LOC0177
DIG005104,2026-06-02 18:29:00,mr,"PERSON_00390 और PERSON_00878 ने भेटला, Zone_0120, Ujjain के पास। समय 2026-06-02 18:29:00.",P00390,P00878,LOC0120
DIG005105,2026-01-06 13:35:00,ml,"PERSON_00674 और PERSON_00242 ने സ്ഥലം പങ്കിട്ടു, Zone_0054, Jabalpur के पास। समय 2026-01-06 13:35:00.",P00674,P00242,LOC0054
DIG005106,2026-04-06 17:31:00,mr,"PERSON_00465 और PERSON_00161 ने भेटला, Zone_0076, Indore के पास। समय 2026-04-06 17:31:00.",P00465,P00161,LOC0076
DIG005107,2026-08-09 07:30:00,kn,"PERSON_00645 और PERSON_00658 ने ಭೇಟಿ ನೀಡಿದರು, Zone_0071, Indore के पास। समय 2026-08-09 07:30:00.",P00645,P00658,LOC0071
DIG005108,2026-08-07 22:39:00,kn,"PERSON_00391 और PERSON_00478 ने ಹಣ ಕಳುಹಿಸಿದರು, Zone_0069, Jabalpur के पास। समय 2026-08-07 22:39:00.",P00391,P00478,LOC0069
DIG005109,2026-03-08 04:11:00,ml,"PERSON_00877 और PERSON_00727 ने കണ്ടുമുട്ടി, Zone_0055, Bhopal के पास। समय 2026-03-08 04:11:00.",P00877,P00727,LOC0055
DIG005110,2026-02-15 18:53:00,hi,"PERSON_00490 और PERSON_00431 ने धन भेजा, Zone_0082, Nagpur के पास। समय 2026-02-15 18:53:00.",P00490,P00431,LOC0082
DIG005111,2026-07-12 22:57:00,gu,"PERSON_00415 और PERSON_00210 ने સંપર્ક કર્યો, Zone_0072, Indore के पास। समय 2026-07-12 22:57:00.",P00415,P00210,LOC0072
DIG005112,2026-04-27 08:59:00,pa,"PERSON_00248 और PERSON_00376 ने ਫੋਨ ਕੀਤਾ, Zone_0042, Ujjain के पास। समय 2026-04-27 08:59:00.",P00248,P00376,LOC0042
DIG005113,2026-07-17 19:09:00,mr,"PERSON_00327 और PERSON_00237 ने संपर्क केला, Zone_0074, Ujjain के पास। समय 2026-07-17 19:09:00.",P00327,P00237,LOC0074
DIG005114,2026-03-20 08:28:00,pa,"PERSON_00835 और PERSON_00447 ने ਸੁਨੇਹਾ ਭੇਜਿਆ, Zone_0118, Ujjain के पास। समय 2026-03-20 08:28:00.",P00835,P00447,LOC0118
DIG005115,2026-06-21 11:35:00,ta,"PERSON_00782 और PERSON_00154 ने செய்தி அனுப்பினார், Zone_0060, Ujjain के पास। समय 2026-06-21 11:35:00.",P00782,P00154,LOC0060
DIG005116,2026-07-23 09:04:00,kn,"PERSON_00134 और PERSON_00090 ने ಭೇಟಿ ನೀಡಿದರು, Zone_0127, Bhopal के पास। समय 2026-07-23 09:04:00.",P00134,P00090,LOC0127
DIG005117,2026-06-17 08:15:00,en,"PERSON_00787 contacted PERSON_00399 near Zone_0109, Bhopal. Record time 2026-06-17 08:15:00.",P00787,P00399,LOC0109
DIG005118,2026-05-26 23:57:00,en,"PERSON_00959 sent a message to PERSON_00744 near Zone_0171, Bhopal. Record time 2026-05-26 23:57:00.",P00959,P00744,LOC0171
DIG005119,2026-08-11 00:07:00,hi,"PERSON_00249 और PERSON_00945 ने दौरा किया, Zone_0123, Ujjain के पास। समय 2026-08-11 00:07:00.",P00249,P00945,LOC0123
DIG005120,2026-03-13 02:53:00,ur,"PERSON_00238 और PERSON_00199 ने پیغام بھیجا, Zone_0093, Jabalpur के पास। समय 2026-03-13 02:53:00.",P00238,P00199,LOC0093
DIG005121,2026-05-13 02:19:00,ur,"PERSON_00423 और PERSON_00343 ने رابطہ کیا, Zone_0153, Jabalpur के पास। समय 2026-05-13 02:19:00.",P00423,P00343,LOC0153
DIG005122,2026-03-24 14:33:00,kn,"PERSON_00951 और PERSON_00421 ने ಹಣ ಕಳುಹಿಸಿದರು, Zone_0175, Jabalpur के पास। समय 2026-03-24 14:33:00.",P00951,P00421,LOC0175
DIG005123,2026-05-03 11:13:00,pa,"PERSON_00012 और PERSON_00768 ने ਸੰਪਰਕ ਕੀਤਾ, Zone_0095, Indore के पास। समय 2026-05-03 11:13:00.",P00012,P00768,LOC0095
DIG005124,2026-05-24 06:58:00,bn,"PERSON_00213 और PERSON_00846 ने বার্তা পাঠিয়েছে, Zone_0102, Ujjain के पास। समय 2026-05-24 06:58:00.",P00213,P00846,LOC0102
DIG005125,2026-04-05 01:38:00,kn,"PERSON_00282 और PERSON_00506 ने ಸಂದೇಶ ಕಳುಹಿಸಿದರು, Zone_0116, Bhopal के पास। समय 2026-04-05 01:38:00.",P00282,P00506,LOC0116
DIG005126,2026-03-30 01:25:00,pa,"PERSON_00719 और PERSON_00410 ने ਪੈਸੇ ਭੇਜੇ, Zone_0079, Nagpur के पास। समय 2026-03-30 01:25:00.",P00719,P00410,LOC0079
DIG005127,2026-02-25 10:30:00,bn,"PERSON_00351 और PERSON_00586 ने বার্তা পাঠিয়েছে, Zone_0088, Indore के पास। समय 2026-02-25 10:30:00.",P00351,P00586,LOC0088
DIG005128,2026-02-14 13:26:00,hi,"PERSON_00289 और PERSON_00388 ने फोन किया, Zone_0121, Nagpur के पास। समय 2026-02-14 13:26:00.",P00289,P00388,LOC0121
DIG005129,2026-02-01 00:24:00,en,"PERSON_00974 called PERSON_00242 near Zone_0024, Jabalpur. Record time 2026-02-01 00:24:00.",P00974,P00242,LOC0024
DIG005130,2026-08-03 16:13:00,mr,"PERSON_00686 और PERSON_00582 ने ठिकाण शेअर केले, Zone_0130, Gwalior के पास। समय 2026-08-03 16:13:00.",P00686,P00582,LOC0130
DIG005131,2026-08-18 20:28:00,kn,"PERSON_00108 और PERSON_00608 ने ಸಂಪರ್ಕಿಸಿದರು, Zone_0106, Ujjain के पास। समय 2026-08-18 20:28:00.",P00108,P00608,LOC0106
DIG005132,2026-07-28 03:56:00,hi,"PERSON_00875 और PERSON_00935 ने संदेश भेजा, Zone_0084, Gwalior के पास। समय 2026-07-28 03:56:00.",P00875,P00935,LOC0084
DIG005133,2026-01-03 08:25:00,kn,"PERSON_00440 और PERSON_00562 ने ಹಣ ಕಳುಹಿಸಿದರು, Zone_0168, Nagpur के पास। समय 2026-01-03 08:25:00.",P00440,P00562,LOC0168
DIG005134,2026-04-04 13:02:00,te,"PERSON_00251 और PERSON_00160 ने ఫోన్ చేశారు, Zone_0144, Nagpur के पास। समय 2026-04-04 13:02:00.",P00251,P00160,LOC0144
DIG005135,2026-01-03 07:11:00,ur,"PERSON_00501 और PERSON_00445 ने ملاقات کی, Zone_0123, Ujjain के पास। समय 2026-01-03 07:11:00.",P00501,P00445,LOC0123
DIG005136,2026-01-06 10:00:00,hi,"PERSON_00264 और PERSON_00844 ने फोन किया, Zone_0123, Ujjain के पास। समय 2026-01-06 10:00:00.",P00264,P00844,LOC0123
DIG005137,2026-08-27 06:34:00,te,"PERSON_00803 और PERSON_00444 ने సందేశం పంపారు, Zone_0095, Indore के पास। समय 2026-08-27 06:34:00.",P00803,P00444,LOC0095
DIG005138,2026-04-27 07:30:00,kn,"PERSON_00149 और PERSON_00384 ने ಸಂಪರ್ಕಿಸಿದರು, Zone_0121, Nagpur के पास। समय 2026-04-27 07:30:00.",P00149,P00384,LOC0121
DIG005139,2026-06-06 17:28:00,mr,"PERSON_00396 और PERSON_00225 ने पैसे पाठवले, Zone_0061, Gwalior के पास। समय 2026-06-06 17:28:00.",P00396,P00225,LOC0061
DIG005140,2026-03-25 10:04:00,ta,"PERSON_00362 और PERSON_00361 ने செய்தி அனுப்பினார், Zone_0002, Ujjain के पास। समय 2026-03-25 10:04:00.",P00362,P00361,LOC0002
DIG005141,2026-02-11 18:59:00,pa,"PERSON_00535 और PERSON_00960 ने ਮੁਲਾਕਾਤ ਕੀਤੀ, Zone_0051, Bhopal के पास। समय 2026-02-11 18:59:00.",P00535,P00960,LOC0051
DIG005142,2026-04-14 18:02:00,te,"PERSON_00857 और PERSON_00853 ने కలిశారు, Zone_0118, Ujjain के पास। समय 2026-04-14 18:02:00.",P00857,P00853,LOC0118
DIG005143,2026-07-11 07:12:00,pa,"PERSON_00824 और PERSON_00321 ने ਸੁਨੇਹਾ ਭੇਜਿਆ, Zone_0023, Jabalpur के पास। समय 2026-07-11 07:12:00.",P00824,P00321,LOC0023
DIG005144,2026-03-04 18:00:00,ml,"PERSON_00574 और PERSON_00087 ने സന്ദേശം അയച്ചു, Zone_0180, Indore के पास। समय 2026-03-04 18:00:00.",P00574,P00087,LOC0180
DIG005145,2026-08-29 05:12:00,en,"PERSON_00849 called PERSON_00100 near Zone_0171, Bhopal. Record time 2026-08-29 05:12:00.",P00849,P00100,LOC0171
DIG005146,2026-05-21 06:52:00,gu,"PERSON_00223 और PERSON_00179 ने મળ્યા, Zone_0056, Jabalpur के पास। समय 2026-05-21 06:52:00.",P00223,P00179,LOC0056
DIG005147,2026-04-14 10:48:00,ur,"PERSON_00294 और PERSON_00118 ने رابطہ کیا, Zone_0089, Jabalpur के पास। समय 2026-04-14 10:48:00.",P00294,P00118,LOC0089
DIG005148,2026-06-28 11:56:00,pa,"PERSON_00479 और PERSON_00624 ने ਮੁਲਾਕਾਤ ਕੀਤੀ, Zone_0172, Gwalior के पास। समय 2026-06-28 11:56:00.",P00479,P00624,LOC0172
DIG005149,2026-02-15 00:46:00,pa,"PERSON_00100 और PERSON_00091 ने ਸੁਨੇਹਾ ਭੇਜਿਆ, Zone_0122, Nagpur के पास। समय 2026-02-15 00:46:00.",P00100,P00091,LOC0122
DIG005150,2026-01-27 06:38:00,pa,"PERSON_00197 और PERSON_00455 ने ਮੁਲਾਕਾਤ ਕੀਤੀ, Zone_0130, Gwalior के पास। समय 2026-01-27 06:38:00.",P00197,P00455,LOC0130
DIG005151,2026-02-10 11:46:00,mr,"PERSON_00653 और PERSON_00349 ने पैसे पाठवले, Zone_0110, Indore के पास। समय 2026-02-10 11:46:00.",P00653,P00349,LOC0110
DIG005152,2026-07-08 11:30:00,gu,"PERSON_00974 और PERSON_00804 ने નાણાં મોકલ્યાં, Zone_0130, Gwalior के पास। समय 2026-07-08 11:30:00.",P00974,P00804,LOC0130
DIG005153,2026-05-16 03:28:00,bn,"PERSON_00287 और PERSON_00348 ने দেখা করেছে, Zone_0121, Nagpur के पास। समय 2026-05-16 03:28:00.",P00287,P00348,LOC0121
DIG005154,2026-03-15 08:19:00,te,"PERSON_00219 और PERSON_00572 ने సందేశం పంపారు, Zone_0069, Jabalpur के पास। समय 2026-03-15 08:19:00.",P00219,P00572,LOC0069
DIG005155,2026-08-13 06:44:00,pa,"PERSON_00771 और PERSON_00812 ने ਮਿਲਿਆ, Zone_0104, Bhopal के पास। समय 2026-08-13 06:44:00.",P00771,P00812,LOC0104
DIG005156,2026-03-28 12:18:00,pa,"PERSON_00109 और PERSON_00643 ने ਸੰਪਰਕ ਕੀਤਾ, Zone_0059, Indore के पास। समय 2026-03-28 12:18:00.",P00109,P00643,LOC0059
DIG005157,2026-07-31 03:49:00,ta,"PERSON_00675 और PERSON_00394 ने சந்தித்தார், Zone_0055, Bhopal के पास। समय 2026-07-31 03:49:00.",P00675,P00394,LOC0055
DIG005158,2026-01-12 15:57:00,bn,"PERSON_00475 और PERSON_00510 ने পরিদর্শন করেছে, Zone_0132, Indore के पास। समय 2026-01-12 15:57:00.",P00475,P00510,LOC0132
DIG005159,2026-02-26 15:38:00,mr,"PERSON_00253 और PERSON_00057 ने ठिकाण शेअर केले, Zone_0022, Gwalior के पास। समय 2026-02-26 15:38:00.",P00253,P00057,LOC0022
DIG005160,2026-03-08 17:19:00,te,"PERSON_00874 और PERSON_00296 ने స్థానం పంచుకున్నారు, Zone_0177, Gwalior के पास। समय 2026-03-08 17:19:00.",P00874,P00296,LOC0177
DIG005161,2026-06-28 09:55:00,ml,"PERSON_00320 और PERSON_00435 ने സന്ദർശിച്ചു, Zone_0177, Gwalior के पास। समय 2026-06-28 09:55:00.",P00320,P00435,LOC0177
DIG005162,2026-03-08 07:20:00,ml,"PERSON_00655 और PERSON_00875 ने സ്ഥലം പങ്കിട്ടു, Zone_0173, Jabalpur के पास। समय 2026-03-08 07:20:00.",P00655,P00875,LOC0173
DIG005163,2026-01-17 00:36:00,ml,"PERSON_00182 और PERSON_00843 ने ബന്ധപ്പെട്ടു, Zone_0136, Jabalpur के पास। समय 2026-01-17 00:36:00.",P00182,P00843,LOC0136
DIG005164,2026-02-28 06:24:00,ta,"PERSON_00932 और PERSON_00314 ने செய்தி அனுப்பினார், Zone_0054, Jabalpur के पास। समय 2026-02-28 06:24:00.",P00932,P00314,LOC0054
DIG005165,2026-08-03 15:21:00,ta,"PERSON_00729 और PERSON_00414 ने அழைத்தார், Zone_0089, Jabalpur के पास। समय 2026-08-03 15:21:00.",P00729,P00414,LOC0089
DIG005166,2026-03-21 12:24:00,ta,"PERSON_00023 और PERSON_00788 ने அழைத்தார், Zone_0026, Nagpur के पास। समय 2026-03-21 12:24:00.",P00023,P00788,LOC0026
DIG005167,2026-02-22 16:52:00,ur,"PERSON_00945 और PERSON_00710 ने فون کیا, Zone_0128, Bhopal के पास। समय 2026-02-22 16:52:00.",P00945,P00710,LOC0128
DIG005168,2026-03-09 10:47:00,pa,"PERSON_00521 और PERSON_00258 ने ਮਿਲਿਆ, Zone_0005, Jabalpur के पास। समय 2026-03-09 10:47:00.",P00521,P00258,LOC0005
DIG005169,2026-05-12 17:18:00,te,"PERSON_00135 और PERSON_00737 ने ఫోన్ చేశారు, Zone_0044, Bhopal के पास। समय 2026-05-12 17:18:00.",P00135,P00737,LOC0044
DIG005170,2026-06-05 22:01:00,mr,"PERSON_00607 और PERSON_00696 ने पैसे पाठवले, Zone_0146, Bhopal के पास। समय 2026-06-05 22:01:00.",P00607,P00696,LOC0146
DIG005171,2026-07-25 16:09:00,en,"PERSON_00171 used a vehicle PERSON_00160 near Zone_0112, Ujjain. Record time 2026-07-25 16:09:00.",P00171,P00160,LOC0112
DIG005172,2026-03-23 15:26:00,bn,"PERSON_00334 और PERSON_00046 ने পরিদর্শন করেছে, Zone_0113, Indore के पास। समय 2026-03-23 15:26:00.",P00334,P00046,LOC0113
DIG005173,2026-03-17 04:43:00,ta,"PERSON_00950 और PERSON_00458 ने அழைத்தார், Zone_0061, Gwalior के पास। समय 2026-03-17 04:43:00.",P00950,P00458,LOC0061
DIG005174,2026-04-08 16:22:00,mr,"PERSON_00299 और PERSON_00414 ने भेट दिली, Zone_0057, Ujjain के पास। समय 2026-04-08 16:22:00.",P00299,P00414,LOC0057
DIG005175,2026-08-14 15:37:00,te,"PERSON_00078 और PERSON_00206 ने కలిశారు, Zone_0043, Gwalior के पास। समय 2026-08-14 15:37:00.",P00078,P00206,LOC0043
DIG005176,2026-05-14 00:05:00,ml,"PERSON_00417 और PERSON_00380 ने കണ്ടുമുട്ടി, Zone_0035, Jabalpur के पास। समय 2026-05-14 00:05:00.",P00417,P00380,LOC0035
DIG005177,2026-01-31 05:09:00,gu,"PERSON_00507 और PERSON_00252 ने મળ્યા, Zone_0034, Jabalpur के पास। समय 2026-01-31 05:09:00.",P00507,P00252,LOC0034
DIG005178,2026-03-20 02:58:00,pa,"PERSON_00712 और PERSON_00874 ने ਪੈਸੇ ਭੇਜੇ, Zone_0079, Nagpur के पास। समय 2026-03-20 02:58:00.",P00712,P00874,LOC0079
DIG005179,2026-01-31 12:49:00,mr,"PERSON_00711 और PERSON_00234 ने फोन केला, Zone_0117, Gwalior के पास। समय 2026-01-31 12:49:00.",P00711,P00234,LOC0117
DIG005180,2026-02-17 06:11:00,te,"PERSON_00226 और PERSON_00283 ने సందేశం పంపారు, Zone_0024, Jabalpur के पास। समय 2026-02-17 06:11:00.",P00226,P00283,LOC0024
DIG005181,2026-04-17 14:42:00,kn,"PERSON_00108 और PERSON_00057 ने ಸ್ಥಳ ಹಂಚಿಕೊಂಡರು, Zone_0070, Ujjain के पास। समय 2026-04-17 14:42:00.",P00108,P00057,LOC0070
DIG005182,2026-08-27 07:19:00,te,"PERSON_00394 और PERSON_00026 ने వెళ్లారు, Zone_0040, Bhopal के पास। समय 2026-08-27 07:19:00.",P00394,P00026,LOC0040
DIG005183,2026-04-05 22:25:00,bn,"PERSON_00774 और PERSON_00232 ने টাকা পাঠিয়েছে, Zone_0045, Gwalior के पास। समय 2026-04-05 22:25:00.",P00774,P00232,LOC0045
DIG005184,2026-01-16 21:25:00,mr,"PERSON_00892 और PERSON_00537 ने भेट दिली, Zone_0133, Indore के पास। समय 2026-01-16 21:25:00.",P00892,P00537,LOC0133
DIG005185,2026-05-03 13:46:00,ta,"PERSON_00946 और PERSON_00528 ने செய்தி அனுப்பினார், Zone_0102, Ujjain के पास। समय 2026-05-03 13:46:00.",P00946,P00528,LOC0102
DIG005186,2026-05-22 05:05:00,mr,"PERSON_00271 और PERSON_00443 ने भेटला, Zone_0005, Jabalpur के पास। समय 2026-05-22 05:05:00.",P00271,P00443,LOC0005
DIG005187,2026-04-26 10:46:00,ta,"PERSON_00608 और PERSON_00621 ने அழைத்தார், Zone_0063, Gwalior के पास। समय 2026-04-26 10:46:00.",P00608,P00621,LOC0063
DIG005188,2026-01-29 00:49:00,mr,"PERSON_00718 और PERSON_00215 ने भेटला, Zone_0092, Ujjain के पास। समय 2026-01-29 00:49:00.",P00718,P00215,LOC0092
DIG005189,2026-01-27 11:15:00,ml,"PERSON_00041 और PERSON_00100 ने വിളിച്ചു, Zone_0058, Bhopal के पास। समय 2026-01-27 11:15:00.",P00041,P00100,LOC0058
DIG005190,2026-05-01 05:56:00,ta,"PERSON_00884 और PERSON_00273 ने பணம் அனுப்பினார், Zone_0122, Nagpur के पास। समय 2026-05-01 05:56:00.",P00884,P00273,LOC0122
DIG005191,2026-06-06 21:28:00,en,"PERSON_00496 met PERSON_00537 near Zone_0102, Ujjain. Record time 2026-06-06 21:28:00.",P00496,P00537,LOC0102
DIG005192,2026-03-31 15:50:00,hi,"PERSON_00988 और PERSON_00754 ने संपर्क किया, Zone_0066, Jabalpur के पास। समय 2026-03-31 15:50:00.",P00988,P00754,LOC0066
DIG005193,2026-01-06 15:30:00,mr,"PERSON_00982 और PERSON_00400 ने पैसे पाठवले, Zone_0123, Ujjain के पास। समय 2026-01-06 15:30:00.",P00982,P00400,LOC0123
DIG005194,2026-04-11 14:09:00,te,"PERSON_00392 और PERSON_00229 ने కలిశారు, Zone_0089, Jabalpur के पास। समय 2026-04-11 14:09:00.",P00392,P00229,LOC0089
DIG005195,2026-06-27 03:14:00,mr,"PERSON_00951 और PERSON_00029 ने ठिकाण शेअर केले, Zone_0105, Bhopal के पास। समय 2026-06-27 03:14:00.",P00951,P00029,LOC0105
DIG005196,2026-05-04 04:00:00,en,"PERSON_00343 used a vehicle PERSON_00867 near Zone_0081, Gwalior. Record time 2026-05-04 04:00:00.",P00343,P00867,LOC0081
DIG005197,2026-05-08 01:07:00,ta,"PERSON_00753 और PERSON_00636 ने சந்தித்தார், Zone_0088, Indore के पास। समय 2026-05-08 01:07:00.",P00753,P00636,LOC0088
DIG005198,2026-06-03 16:32:00,pa,"PERSON_00509 और PERSON_00762 ने ਸੁਨੇਹਾ ਭੇਜਿਆ, Zone_0116, Bhopal के पास। समय 2026-06-03 16:32:00.",P00509,P00762,LOC0116
DIG005199,2026-06-01 22:27:00,ur,"PERSON_00829 और PERSON_00402 ने فون کیا, Zone_0019, Gwalior के पास। समय 2026-06-01 22:27:00.",P00829,P00402,LOC0019
DIG005200,2026-06-01 20:00:00,te,"PERSON_00897 और PERSON_00228 ने స్థానం పంచుకున్నారు, Zone_0097, Ujjain के पास। समय 2026-06-01 20:00:00.",P00897,P00228,LOC0097
DIG005201,2026-07-01 23:47:00,gu,"PERSON_00702 और PERSON_00647 ने સંપર્ક કર્યો, Zone_0009, Jabalpur के पास। समय 2026-07-01 23:47:00.",P00702,P00647,LOC0009
DIG005202,2026-01-29 09:51:00,ur,"PERSON_00894 और PERSON_00270 ने فون کیا, Zone_0049, Nagpur के पास। समय 2026-01-29 09:51:00.",P00894,P00270,LOC0049
DIG005203,2026-07-11 01:13:00,ta,"PERSON_00129 और PERSON_00604 ने சென்றார், Zone_0038, Ujjain के पास। समय 2026-07-11 01:13:00.",P00129,P00604,LOC0038
DIG005204,2026-07-17 08:42:00,te,"PERSON_00252 और PERSON_00682 ने వెళ్లారు, Zone_0048, Indore के पास। समय 2026-07-17 08:42:00.",P00252,P00682,LOC0048
DIG005205,2026-06-11 03:33:00,te,"PERSON_00300 और PERSON_00495 ने ఫోన్ చేశారు, Zone_0021, Ujjain के पास। समय 2026-06-11 03:33:00.",P00300,P00495,LOC0021
DIG005206,2026-06-12 04:11:00,pa,"PERSON_00229 और PERSON_00160 ने ਸਥਾਨ ਸਾਂਝਾ ਕੀਤਾ, Zone_0028, Bhopal के पास। समय 2026-06-12 04:11:00.",P00229,P00160,LOC0028
DIG005207,2026-07-06 23:31:00,pa,"PERSON_00332 और PERSON_00017 ने ਫੋਨ ਕੀਤਾ, Zone_0096, Indore के पास। समय 2026-07-06 23:31:00.",P00332,P00017,LOC0096
DIG005208,2026-06-23 10:01:00,bn,"PERSON_00774 और PERSON_00557 ने পরিদর্শন করেছে, Zone_0157, Nagpur के पास। समय 2026-06-23 10:01:00.",P00774,P00557,LOC0157
DIG005209,2026-04-17 07:41:00,te,"PERSON_00490 और PERSON_00529 ने డబ్బు పంపారు, Zone_0121, Nagpur के पास। समय 2026-04-17 07:41:00.",P00490,P00529,LOC0121
DIG005210,2026-08-23 20:37:00,kn,"PERSON_00763 और PERSON_00391 ने ಸಂದೇಶ ಕಳುಹಿಸಿದರು, Zone_0141, Jabalpur के पास। समय 2026-08-23 20:37:00.",P00763,P00391,LOC0141
DIG005211,2026-08-06 08:26:00,bn,"PERSON_00206 और PERSON_00115 ने যোগাযোগ করেছে, Zone_0010, Indore के पास। समय 2026-08-06 08:26:00.",P00206,P00115,LOC0010
DIG005212,2026-02-15 17:35:00,hi,"PERSON_00829 और PERSON_00159 ने धन भेजा, Zone_0010, Indore के पास। समय 2026-02-15 17:35:00.",P00829,P00159,LOC0010
DIG005213,2026-08-14 07:17:00,hi,"PERSON_00837 और PERSON_00542 ने वाहन का उपयोग किया, Zone_0101, Jabalpur के पास। समय 2026-08-14 07:17:00.",P00837,P00542,LOC0101
DIG005214,2026-07-07 12:16:00,ml,"PERSON_00307 और PERSON_00526 ने കണ്ടുമുട്ടി, Zone_0090, Gwalior के पास। समय 2026-07-07 12:16:00.",P00307,P00526,LOC0090
DIG005215,2026-03-11 23:15:00,pa,"PERSON_00683 और PERSON_00542 ने ਮਿਲਿਆ, Zone_0170, Ujjain के पास। समय 2026-03-11 23:15:00.",P00683,P00542,LOC0170
DIG005216,2026-05-15 16:58:00,hi,"PERSON_00116 और PERSON_00424 ने मिला, Zone_0016, Ujjain के पास। समय 2026-05-15 16:58:00.",P00116,P00424,LOC0016
DIG005217,2026-05-23 05:01:00,en,"PERSON_00307 used a vehicle PERSON_00651 near Zone_0169, Nagpur. Record time 2026-05-23 05:01:00.",P00307,P00651,LOC0169
DIG005218,2026-03-15 18:34:00,te,"PERSON_00688 और PERSON_00251 ने వెళ్లారు, Zone_0058, Bhopal के पास। समय 2026-03-15 18:34:00.",P00688,P00251,LOC0058
DIG005219,2026-08-04 14:51:00,en,"PERSON_00649 contacted PERSON_00538 near Zone_0045, Gwalior. Record time 2026-08-04 14:51:00.",P00649,P00538,LOC0045
DIG005220,2026-03-12 08:33:00,bn,"PERSON_00372 और PERSON_00855 ने পরিদর্শন করেছে, Zone_0025, Jabalpur के पास। समय 2026-03-12 08:33:00.",P00372,P00855,LOC0025
DIG005221,2026-06-03 06:42:00,ta,"PERSON_00815 और PERSON_00198 ने இடத்தை பகிர்ந்தார், Zone_0011, Gwalior के पास। समय 2026-06-03 06:42:00.",P00815,P00198,LOC0011
DIG005222,2026-03-11 05:51:00,bn,"PERSON_00259 और PERSON_00145 ने টাকা পাঠিয়েছে, Zone_0005, Jabalpur के पास। समय 2026-03-11 05:51:00.",P00259,P00145,LOC0005
DIG005223,2026-08-19 09:08:00,mr,"PERSON_00986 और PERSON_00224 ने भेटला, Zone_0125, Indore के पास। समय 2026-08-19 09:08:00.",P00986,P00224,LOC0125
DIG005224,2026-03-29 10:22:00,bn,"PERSON_00975 और PERSON_00402 ने দেখা করেছে, Zone_0091, Jabalpur के पास। समय 2026-03-29 10:22:00.",P00975,P00402,LOC0091
DIG005225,2026-03-29 20:48:00,hi,"PERSON_00998 और PERSON_00831 ने वाहन का उपयोग किया, Zone_0068, Bhopal के पास। समय 2026-03-29 20:48:00.",P00998,P00831,LOC0068
DIG005226,2026-06-30 01:17:00,ml,"PERSON_00246 और PERSON_00436 ने വിളിച്ചു, Zone_0070, Ujjain के पास। समय 2026-06-30 01:17:00.",P00246,P00436,LOC0070
DIG005227,2026-01-21 15:58:00,gu,"PERSON_00781 और PERSON_00926 ने મળ્યા, Zone_0169, Nagpur के पास। समय 2026-01-21 15:58:00.",P00781,P00926,LOC0169
DIG005228,2026-08-01 15:47:00,pa,"PERSON_00026 और PERSON_00869 ने ਸੰਪਰਕ ਕੀਤਾ, Zone_0074, Ujjain के पास। समय 2026-08-01 15:47:00.",P00026,P00869,LOC0074
DIG005229,2026-04-25 15:58:00,kn,"PERSON_00762 और PERSON_00546 ने ಭೇಟಿ ನೀಡಿದರು, Zone_0080, Indore के पास। समय 2026-04-25 15:58:00.",P00762,P00546,LOC0080
DIG005230,2026-03-28 14:11:00,te,"PERSON_00088 और PERSON_00205 ने వెళ్లారు, Zone_0091, Jabalpur के पास। समय 2026-03-28 14:11:00.",P00088,P00205,LOC0091
DIG005231,2026-05-12 22:35:00,hi,"PERSON_00281 और PERSON_00935 ने धन भेजा, Zone_0019, Gwalior के पास। समय 2026-05-12 22:35:00.",P00281,P00935,LOC0019
DIG005232,2026-03-11 00:51:00,en,"PERSON_00998 visited PERSON_00581 near Zone_0152, Nagpur. Record time 2026-03-11 00:51:00.",P00998,P00581,LOC0152
DIG005233,2026-01-11 16:08:00,te,"PERSON_00382 और PERSON_00085 ने ఫోన్ చేశారు, Zone_0157, Nagpur के पास। समय 2026-01-11 16:08:00.",P00382,P00085,LOC0157
DIG005234,2026-02-17 01:07:00,en,"PERSON_00439 called PERSON_00036 near Zone_0159, Nagpur. Record time 2026-02-17 01:07:00.",P00439,P00036,LOC0159
DIG005235,2026-08-04 15:44:00,hi,"PERSON_00484 और PERSON_00786 ने संपर्क किया, Zone_0063, Gwalior के पास। समय 2026-08-04 15:44:00.",P00484,P00786,LOC0063
DIG005236,2026-07-26 23:03:00,en,"PERSON_00242 used a vehicle PERSON_00399 near Zone_0152, Nagpur. Record time 2026-07-26 23:03:00.",P00242,P00399,LOC0152
DIG005237,2026-05-19 21:32:00,hi,"PERSON_00892 और PERSON_00862 ने दौरा किया, Zone_0095, Indore के पास। समय 2026-05-19 21:32:00.",P00892,P00862,LOC0095
DIG005238,2026-08-20 03:21:00,bn,"PERSON_00744 और PERSON_00943 ने দেখা করেছে, Zone_0106, Ujjain के पास। समय 2026-08-20 03:21:00.",P00744,P00943,LOC0106
DIG005239,2026-06-20 14:29:00,te,"PERSON_00995 और PERSON_00807 ने వెళ్లారు, Zone_0099, Bhopal के पास। समय 2026-06-20 14:29:00.",P00995,P00807,LOC0099
DIG005240,2026-03-30 12:55:00,bn,"PERSON_00200 और PERSON_00379 ने ফোন করেছে, Zone_0153, Jabalpur के पास। समय 2026-03-30 12:55:00.",P00200,P00379,LOC0153
DIG005241,2026-06-28 07:42:00,ta,"PERSON_00229 और PERSON_00673 ने சந்தித்தார், Zone_0168, Nagpur के पास। समय 2026-06-28 07:42:00.",P00229,P00673,LOC0168
DIG005242,2026-04-06 08:21:00,mr,"PERSON_00295 और PERSON_00873 ने ठिकाण शेअर केले, Zone_0134, Indore के पास। समय 2026-04-06 08:21:00.",P00295,P00873,LOC0134
DIG005243,2026-02-01 06:30:00,mr,"PERSON_00503 और PERSON_00614 ने ठिकाण शेअर केले, Zone_0048, Indore के पास। समय 2026-02-01 06:30:00.",P00503,P00614,LOC0048
DIG005244,2026-06-08 20:39:00,kn,"PERSON_00168 और PERSON_00169 ने ಸಂದೇಶ ಕಳುಹಿಸಿದರು, Zone_0161, Jabalpur के पास। समय 2026-06-08 20:39:00.",P00168,P00169,LOC0161
DIG005245,2026-06-12 10:04:00,kn,"PERSON_00578 और PERSON_00210 ने ಸಂದೇಶ ಕಳುಹಿಸಿದರು, Zone_0149, Ujjain के पास। समय 2026-06-12 10:04:00.",P00578,P00210,LOC0149
DIG005246,2026-04-14 02:11:00,kn,"PERSON_00673 और PERSON_00184 ने ಸ್ಥಳ ಹಂಚಿಕೊಂಡರು, Zone_0109, Bhopal के पास। समय 2026-04-14 02:11:00.",P00673,P00184,LOC0109
DIG005247,2026-07-14 15:41:00,mr,"PERSON_00342 और PERSON_00049 ने फोन केला, Zone_0082, Nagpur के पास। समय 2026-07-14 15:41:00.",P00342,P00049,LOC0082
DIG005248,2026-07-11 22:47:00,te,"PERSON_00502 और PERSON_00010 ने కలిశారు, Zone_0037, Indore के पास। समय 2026-07-11 22:47:00.",P00502,P00010,LOC0037
DIG005249,2026-04-05 15:31:00,pa,"PERSON_00059 और PERSON_00604 ने ਸੁਨੇਹਾ ਭੇਜਿਆ, Zone_0014, Bhopal के पास। समय 2026-04-05 15:31:00.",P00059,P00604,LOC0014
DIG005250,2026-03-02 09:03:00,hi,"PERSON_00996 और PERSON_00633 ने संदेश भेजा, Zone_0094, Gwalior के पास। समय 2026-03-02 09:03:00.",P00996,P00633,LOC0094
DIG005251,2026-02-03 02:01:00,ta,"PERSON_00848 और PERSON_00550 ने செய்தி அனுப்பினார், Zone_0092, Ujjain के पास। समय 2026-02-03 02:01:00.",P00848,P00550,LOC0092
DIG005252,2026-03-22 20:53:00,en,"PERSON_00516 met PERSON_00941 near Zone_0090, Gwalior. Record time 2026-03-22 20:53:00.",P00516,P00941,LOC0090
DIG005253,2026-06-18 03:28:00,ml,"PERSON_00823 और PERSON_00973 ने സന്ദർശിച്ചു, Zone_0165, Gwalior के पास। समय 2026-06-18 03:28:00.",P00823,P00973,LOC0165
DIG005254,2026-05-02 16:16:00,bn,"PERSON_00106 और PERSON_00841 ने যোগাযোগ করেছে, Zone_0053, Nagpur के पास। समय 2026-05-02 16:16:00.",P00106,P00841,LOC0053
DIG005255,2026-01-15 01:15:00,bn,"PERSON_00041 और PERSON_00592 ने স্থান ভাগ করেছে, Zone_0003, Indore के पास। समय 2026-01-15 01:15:00.",P00041,P00592,LOC0003
DIG005256,2026-06-17 21:45:00,ta,"PERSON_00131 और PERSON_00853 ने அழைத்தார், Zone_0053, Nagpur के पास। समय 2026-06-17 21:45:00.",P00131,P00853,LOC0053
DIG005257,2026-01-20 03:24:00,ur,"PERSON_00902 और PERSON_00659 ने مقام شیئر کیا, Zone_0175, Jabalpur के पास। समय 2026-01-20 03:24:00.",P00902,P00659,LOC0175
DIG005258,2026-03-20 02:34:00,mr,"PERSON_00580 और PERSON_00867 ने ठिकाण शेअर केले, Zone_0022, Gwalior के पास। समय 2026-03-20 02:34:00.",P00580,P00867,LOC0022
DIG005259,2026-02-26 14:30:00,ml,"PERSON_00725 और PERSON_00562 ने കണ്ടുമുട്ടി, Zone_0150, Ujjain के पास। समय 2026-02-26 14:30:00.",P00725,P00562,LOC0150
DIG005260,2026-05-25 11:43:00,pa,"PERSON_00238 और PERSON_00717 ने ਫੋਨ ਕੀਤਾ, Zone_0056, Jabalpur के पास। समय 2026-05-25 11:43:00.",P00238,P00717,LOC0056
DIG005261,2026-01-31 13:34:00,mr,"PERSON_00025 और PERSON_00310 ने ठिकाण शेअर केले, Zone_0022, Gwalior के पास। समय 2026-01-31 13:34:00.",P00025,P00310,LOC0022
DIG005262,2026-03-18 01:05:00,ur,"PERSON_00261 और PERSON_00010 ने فون کیا, Zone_0176, Gwalior के पास। समय 2026-03-18 01:05:00.",P00261,P00010,LOC0176
DIG005263,2026-07-20 10:22:00,gu,"PERSON_00836 और PERSON_00716 ने સ્થાન શેર કર્યું, Zone_0151, Indore के पास। समय 2026-07-20 10:22:00.",P00836,P00716,LOC0151
DIG005264,2026-05-31 14:25:00,ml,"PERSON_00715 और PERSON_00998 ने കണ്ടുമുട്ടി, Zone_0143, Nagpur के पास। समय 2026-05-31 14:25:00.",P00715,P00998,LOC0143
DIG005265,2026-04-07 12:23:00,bn,"PERSON_00275 और PERSON_00982 ने টাকা পাঠিয়েছে, Zone_0032, Jabalpur के पास। समय 2026-04-07 12:23:00.",P00275,P00982,LOC0032
DIG005266,2026-04-12 02:34:00,en,"PERSON_00304 called PERSON_00835 near Zone_0031, Bhopal. Record time 2026-04-12 02:34:00.",P00304,P00835,LOC0031
DIG005267,2026-03-31 20:21:00,kn,"PERSON_00058 और PERSON_00475 ने ಸ್ಥಳ ಹಂಚಿಕೊಂಡರು, Zone_0001, Gwalior के पास। समय 2026-03-31 20:21:00.",P00058,P00475,LOC0001
DIG005268,2026-01-03 21:57:00,bn,"PERSON_00476 और PERSON_00459 ने পরিদর্শন করেছে, Zone_0095, Indore के पास। समय 2026-01-03 21:57:00.",P00476,P00459,LOC0095
DIG005269,2026-03-17 12:17:00,ta,"PERSON_00650 और PERSON_00024 ने சந்தித்தார், Zone_0048, Indore के पास। समय 2026-03-17 12:17:00.",P00650,P00024,LOC0048
DIG005270,2026-06-10 06:07:00,te,"PERSON_00511 और PERSON_00267 ने ఫోన్ చేశారు, Zone_0088, Indore के पास। समय 2026-06-10 06:07:00.",P00511,P00267,LOC0088
DIG005271,2026-07-01 23:30:00,pa,"PERSON_00938 और PERSON_00584 ने ਸਥਾਨ ਸਾਂਝਾ ਕੀਤਾ, Zone_0084, Gwalior के पास। समय 2026-07-01 23:30:00.",P00938,P00584,LOC0084
DIG005272,2026-02-13 11:52:00,kn,"PERSON_00400 और PERSON_00092 ने ಸಂಪರ್ಕಿಸಿದರು, Zone_0051, Bhopal के पास। समय 2026-02-13 11:52:00.",P00400,P00092,LOC0051
DIG005273,2026-02-14 15:17:00,kn,"PERSON_00262 और PERSON_00923 ने ಸ್ಥಳ ಹಂಚಿಕೊಂಡರು, Zone_0046, Bhopal के पास। समय 2026-02-14 15:17:00.",P00262,P00923,LOC0046
DIG005274,2026-08-24 22:57:00,en,"PERSON_00896 used a vehicle PERSON_00261 near Zone_0081, Gwalior. Record time 2026-08-24 22:57:00.",P00896,P00261,LOC0081
DIG005275,2026-08-06 01:06:00,ur,"PERSON_00710 और PERSON_00185 ने فون کیا, Zone_0074, Ujjain के पास। समय 2026-08-06 01:06:00.",P00710,P00185,LOC0074
DIG005276,2026-08-05 02:26:00,en,"PERSON_00440 met PERSON_00280 near Zone_0160, Ujjain. Record time 2026-08-05 02:26:00.",P00440,P00280,LOC0160
DIG005277,2026-06-15 10:23:00,te,"PERSON_00995 और PERSON_00068 ने ఫోన్ చేశారు, Zone_0133, Indore के पास। समय 2026-06-15 10:23:00.",P00995,P00068,LOC0133
DIG005278,2026-04-11 19:33:00,en,"PERSON_00700 used a vehicle PERSON_00432 near Zone_0048, Indore. Record time 2026-04-11 19:33:00.",P00700,P00432,LOC0048
DIG005279,2026-07-06 12:30:00,ml,"PERSON_00825 और PERSON_00210 ने സന്ദർശിച്ചു, Zone_0021, Ujjain के पास। समय 2026-07-06 12:30:00.",P00825,P00210,LOC0021
DIG005280,2026-03-08 18:12:00,te,"PERSON_00074 और PERSON_00068 ने కలిశారు, Zone_0091, Jabalpur के पास। समय 2026-03-08 18:12:00.",P00074,P00068,LOC0091
DIG005281,2026-02-07 16:20:00,bn,"PERSON_00991 और PERSON_00617 ने পরিদর্শন করেছে, Zone_0052, Nagpur के पास। समय 2026-02-07 16:20:00.",P00991,P00617,LOC0052
DIG005282,2026-05-11 06:38:00,pa,"PERSON_00987 और PERSON_00759 ने ਮੁਲਾਕਾਤ ਕੀਤੀ, Zone_0053, Nagpur के पास। समय 2026-05-11 06:38:00.",P00987,P00759,LOC0053
DIG005283,2026-05-15 08:42:00,ta,"PERSON_00495 और PERSON_00443 ने சென்றார், Zone_0108, Bhopal के पास। समय 2026-05-15 08:42:00.",P00495,P00443,LOC0108
DIG005284,2026-04-23 13:19:00,ml,"PERSON_00024 और PERSON_00758 ने സന്ദേശം അയച്ചു, Zone_0039, Gwalior के पास। समय 2026-04-23 13:19:00.",P00024,P00758,LOC0039
DIG005285,2026-08-29 03:01:00,bn,"PERSON_00840 और PERSON_00594 ने বার্তা পাঠিয়েছে, Zone_0049, Nagpur के पास। समय 2026-08-29 03:01:00.",P00840,P00594,LOC0049
DIG005286,2026-03-17 21:05:00,gu,"PERSON_00535 और PERSON_00150 ने સ્થાન શેર કર્યું, Zone_0146, Bhopal के पास। समय 2026-03-17 21:05:00.",P00535,P00150,LOC0146
DIG005287,2026-05-13 15:37:00,bn,"PERSON_00801 और PERSON_00756 ने বার্তা পাঠিয়েছে, Zone_0106, Ujjain के पास। समय 2026-05-13 15:37:00.",P00801,P00756,LOC0106
DIG005288,2026-01-06 04:32:00,pa,"PERSON_00360 और PERSON_00628 ने ਮਿਲਿਆ, Zone_0139, Jabalpur के पास। समय 2026-01-06 04:32:00.",P00360,P00628,LOC0139
DIG005289,2026-03-10 13:33:00,mr,"PERSON_00164 और PERSON_00002 ने भेटला, Zone_0043, Gwalior के पास। समय 2026-03-10 13:33:00.",P00164,P00002,LOC0043
DIG005290,2026-06-03 06:32:00,ml,"PERSON_00873 और PERSON_00537 ने സന്ദേശം അയച്ചു, Zone_0120, Ujjain के पास। समय 2026-06-03 06:32:00.",P00873,P00537,LOC0120
DIG005291,2026-02-24 08:21:00,te,"PERSON_00247 और PERSON_00794 ने డబ్బు పంపారు, Zone_0136, Jabalpur के पास। समय 2026-02-24 08:21:00.",P00247,P00794,LOC0136
DIG005292,2026-07-11 23:40:00,en,"PERSON_00587 shared a location with PERSON_00370 near Zone_0140, Jabalpur. Record time 2026-07-11 23:40:00.",P00587,P00370,LOC0140
DIG005293,2026-01-11 20:52:00,hi,"PERSON_00268 और PERSON_00390 ने वाहन का उपयोग किया, Zone_0122, Nagpur के पास। समय 2026-01-11 20:52:00.",P00268,P00390,LOC0122
DIG005294,2026-07-23 15:57:00,ta,"PERSON_00589 और PERSON_00831 ने பணம் அனுப்பினார், Zone_0016, Ujjain के पास। समय 2026-07-23 15:57:00.",P00589,P00831,LOC0016
DIG005295,2026-01-14 22:22:00,gu,"PERSON_00081 और PERSON_00820 ने સંદેશ મોકલ્યો, Zone_0087, Ujjain के पास। समय 2026-01-14 22:22:00.",P00081,P00820,LOC0087
DIG005296,2026-03-03 21:57:00,pa,"PERSON_00834 और PERSON_00592 ने ਮਿਲਿਆ, Zone_0129, Nagpur के पास। समय 2026-03-03 21:57:00.",P00834,P00592,LOC0129
DIG005297,2026-06-04 12:57:00,bn,"PERSON_00590 और PERSON_00899 ने স্থান ভাগ করেছে, Zone_0003, Indore के पास। समय 2026-06-04 12:57:00.",P00590,P00899,LOC0003
DIG005298,2026-02-19 09:47:00,te,"PERSON_00125 और PERSON_00527 ने స్థానం పంచుకున్నారు, Zone_0131, Gwalior के पास। समय 2026-02-19 09:47:00.",P00125,P00527,LOC0131
DIG005299,2026-08-07 21:35:00,mr,"PERSON_00733 और PERSON_00667 ने पैसे पाठवले, Zone_0031, Bhopal के पास। समय 2026-08-07 21:35:00.",P00733,P00667,LOC0031
DIG005300,2026-06-02 11:21:00,pa,"PERSON_00062 और PERSON_00047 ने ਸਥਾਨ ਸਾਂਝਾ ਕੀਤਾ, Zone_0049, Nagpur के पास। समय 2026-06-02 11:21:00.",P00062,P00047,LOC0049
DIG005301,2026-03-12 16:44:00,kn,"PERSON_00645 और PERSON_00773 ने ಭೇಟಿಯಾದರು, Zone_0062, Ujjain के पास। समय 2026-03-12 16:44:00.",P00645,P00773,LOC0062
DIG005302,2026-05-30 08:47:00,kn,"PERSON_00079 और PERSON_00056 ने ಭೇಟಿ ನೀಡಿದರು, Zone_0148, Indore के पास। समय 2026-05-30 08:47:00.",P00079,P00056,LOC0148
DIG005303,2026-06-23 09:40:00,ur,"PERSON_00625 और PERSON_00656 ने دورہ کیا, Zone_0091, Jabalpur के पास। समय 2026-06-23 09:40:00.",P00625,P00656,LOC0091
DIG005304,2026-06-14 03:16:00,bn,"PERSON_00844 और PERSON_00075 ने যোগাযোগ করেছে, Zone_0100, Jabalpur के पास। समय 2026-06-14 03:16:00.",P00844,P00075,LOC0100
DIG005305,2026-02-10 06:45:00,kn,"PERSON_00726 और PERSON_00016 ने ಸಂಪರ್ಕಿಸಿದರು, Zone_0179, Gwalior के पास। समय 2026-02-10 06:45:00.",P00726,P00016,LOC0179
DIG005306,2026-05-19 02:43:00,gu,"PERSON_00051 और PERSON_00650 ने સંદેશ મોકલ્યો, Zone_0139, Jabalpur के पास। समय 2026-05-19 02:43:00.",P00051,P00650,LOC0139
DIG005307,2026-08-05 14:18:00,ta,"PERSON_00813 और PERSON_00534 ने பணம் அனுப்பினார், Zone_0164, Bhopal के पास। समय 2026-08-05 14:18:00.",P00813,P00534,LOC0164
DIG005308,2026-03-08 18:42:00,bn,"PERSON_00301 और PERSON_00906 ने টাকা পাঠিয়েছে, Zone_0094, Gwalior के पास। समय 2026-03-08 18:42:00.",P00301,P00906,LOC0094
DIG005309,2026-03-27 07:00:00,pa,"PERSON_00495 और PERSON_00683 ने ਮਿਲਿਆ, Zone_0015, Gwalior के पास। समय 2026-03-27 07:00:00.",P00495,P00683,LOC0015
DIG005310,2026-06-18 16:03:00,gu,"PERSON_00321 और PERSON_00166 ने સંદેશ મોકલ્યો, Zone_0104, Bhopal के पास। समय 2026-06-18 16:03:00.",P00321,P00166,LOC0104
DIG005311,2026-06-30 04:11:00,hi,"PERSON_00653 और PERSON_00821 ने दौरा किया, Zone_0055, Bhopal के पास। समय 2026-06-30 04:11:00.",P00653,P00821,LOC0055
DIG005312,2026-02-13 02:22:00,te,"PERSON_00746 और PERSON_00783 ने స్థానం పంచుకున్నారు, Zone_0107, Indore के पास। समय 2026-02-13 02:22:00.",P00746,P00783,LOC0107
DIG005313,2026-05-20 03:19:00,kn,"PERSON_00312 और PERSON_00735 ने ಭೇಟಿಯಾದರು, Zone_0006, Bhopal के पास। समय 2026-05-20 03:19:00.",P00312,P00735,LOC0006
DIG005314,2026-04-15 16:04:00,ur,"PERSON_00283 और PERSON_00006 ने دورہ کیا, Zone_0162, Nagpur के पास। समय 2026-04-15 16:04:00.",P00283,P00006,LOC0162
DIG005315,2026-05-29 13:51:00,ur,"PERSON_00226 और PERSON_00474 ने پیغام بھیجا, Zone_0174, Gwalior के पास। समय 2026-05-29 13:51:00.",P00226,P00474,LOC0174
DIG005316,2026-07-16 00:05:00,bn,"PERSON_00850 और PERSON_00179 ने পরিদর্শন করেছে, Zone_0098, Nagpur के पास। समय 2026-07-16 00:05:00.",P00850,P00179,LOC0098
DIG005317,2026-04-28 21:26:00,pa,"PERSON_00113 और PERSON_00161 ने ਸੰਪਰਕ ਕੀਤਾ, Zone_0075, Gwalior के पास। समय 2026-04-28 21:26:00.",P00113,P00161,LOC0075
DIG005318,2026-08-10 18:25:00,te,"PERSON_00298 और PERSON_00093 ने వెళ్లారు, Zone_0071, Indore के पास। समय 2026-08-10 18:25:00.",P00298,P00093,LOC0071
DIG005319,2026-06-11 09:14:00,ml,"PERSON_00771 और PERSON_00528 ने സന്ദർശിച്ചു, Zone_0165, Gwalior के पास। समय 2026-06-11 09:14:00.",P00771,P00528,LOC0165
DIG005320,2026-03-25 12:17:00,hi,"PERSON_00815 और PERSON_00170 ने धन भेजा, Zone_0102, Ujjain के पास। समय 2026-03-25 12:17:00.",P00815,P00170,LOC0102
DIG005321,2026-01-05 10:01:00,ml,"PERSON_00403 और PERSON_00786 ने ബന്ധപ്പെട്ടു, Zone_0131, Gwalior के पास। समय 2026-01-05 10:01:00.",P00403,P00786,LOC0131
DIG005322,2026-02-14 04:37:00,te,"PERSON_00057 और PERSON_00232 ने ఫోన్ చేశారు, Zone_0077, Bhopal के पास। समय 2026-02-14 04:37:00.",P00057,P00232,LOC0077
DIG005323,2026-06-17 04:14:00,gu,"PERSON_00701 और PERSON_00879 ने સ્થાન શેર કર્યું, Zone_0110, Indore के पास। समय 2026-06-17 04:14:00.",P00701,P00879,LOC0110
DIG005324,2026-01-15 10:46:00,mr,"PERSON_00764 और PERSON_00173 ने ठिकाण शेअर केले, Zone_0092, Ujjain के पास। समय 2026-01-15 10:46:00.",P00764,P00173,LOC0092
DIG005325,2026-08-29 18:08:00,pa,"PERSON_00062 और PERSON_00503 ने ਸਥਾਨ ਸਾਂਝਾ ਕੀਤਾ, Zone_0046, Bhopal के पास। समय 2026-08-29 18:08:00.",P00062,P00503,LOC0046
DIG005326,2026-06-24 06:11:00,kn,"PERSON_00940 और PERSON_00739 ने ಕರೆ ಮಾಡಿದರು, Zone_0051, Bhopal के पास। समय 2026-06-24 06:11:00.",P00940,P00739,LOC0051
DIG005327,2026-08-28 02:52:00,mr,"PERSON_00104 और PERSON_00794 ने भेट दिली, Zone_0177, Gwalior के पास। समय 2026-08-28 02:52:00.",P00104,P00794,LOC0177
DIG005328,2026-08-04 18:31:00,pa,"PERSON_00061 और PERSON_00581 ने ਮਿਲਿਆ, Zone_0111, Jabalpur के पास। समय 2026-08-04 18:31:00.",P00061,P00581,LOC0111
DIG005329,2026-05-08 17:55:00,ml,"PERSON_00369 और PERSON_00990 ने വിളിച്ചു, Zone_0112, Ujjain के पास। समय 2026-05-08 17:55:00.",P00369,P00990,LOC0112
DIG005330,2026-07-08 02:41:00,ta,"PERSON_00417 और PERSON_00837 ने இடத்தை பகிர்ந்தார், Zone_0152, Nagpur के पास। समय 2026-07-08 02:41:00.",P00417,P00837,LOC0152
DIG005331,2026-08-21 19:02:00,mr,"PERSON_00635 और PERSON_00102 ने भेटला, Zone_0004, Indore के पास। समय 2026-08-21 19:02:00.",P00635,P00102,LOC0004
DIG005332,2026-01-05 20:56:00,ta,"PERSON_00600 और PERSON_00785 ने சந்தித்தார், Zone_0018, Bhopal के पास। समय 2026-01-05 20:56:00.",P00600,P00785,LOC0018
DIG005333,2026-01-28 23:31:00,ur,"PERSON_00375 और PERSON_00701 ने ملاقات کی, Zone_0098, Nagpur के पास। समय 2026-01-28 23:31:00.",P00375,P00701,LOC0098
DIG005334,2026-07-15 05:36:00,te,"PERSON_00717 और PERSON_00904 ने సందేశం పంపారు, Zone_0018, Bhopal के पास। समय 2026-07-15 05:36:00.",P00717,P00904,LOC0018
DIG005335,2026-02-09 09:21:00,ml,"PERSON_00879 और PERSON_00054 ने സന്ദേശം അയച്ചു, Zone_0077, Bhopal के पास। समय 2026-02-09 09:21:00.",P00879,P00054,LOC0077
DIG005336,2026-08-11 16:26:00,pa,"PERSON_00735 और PERSON_00397 ने ਮਿਲਿਆ, Zone_0157, Nagpur के पास। समय 2026-08-11 16:26:00.",P00735,P00397,LOC0157
DIG005337,2026-03-28 20:07:00,ur,"PERSON_00711 और PERSON_00037 ने پیغام بھیجا, Zone_0002, Ujjain के पास। समय 2026-03-28 20:07:00.",P00711,P00037,LOC0002
DIG005338,2026-05-17 21:22:00,hi,"PERSON_00390 और PERSON_00963 ने धन भेजा, Zone_0087, Ujjain के पास। समय 2026-05-17 21:22:00.",P00390,P00963,LOC0087
DIG005339,2026-06-02 16:27:00,bn,"PERSON_00385 और PERSON_00632 ने বার্তা পাঠিয়েছে, Zone_0140, Jabalpur के पास। समय 2026-06-02 16:27:00.",P00385,P00632,LOC0140
DIG005340,2026-05-25 11:09:00,bn,"PERSON_00045 और PERSON_00083 ने যোগাযোগ করেছে, Zone_0042, Ujjain के पास। समय 2026-05-25 11:09:00.",P00045,P00083,LOC0042
DIG005341,2026-02-27 14:15:00,ml,"PERSON_00915 और PERSON_00784 ने സന്ദർശിച്ചു, Zone_0009, Jabalpur के पास। समय 2026-02-27 14:15:00.",P00915,P00784,LOC0009
DIG005342,2026-06-13 18:22:00,gu,"PERSON_00898 और PERSON_00364 ने મળ્યા, Zone_0124, Bhopal के पास। समय 2026-06-13 18:22:00.",P00898,P00364,LOC0124
DIG005343,2026-04-27 17:33:00,en,"PERSON_00828 shared a location with PERSON_00566 near Zone_0056, Jabalpur. Record time 2026-04-27 17:33:00.",P00828,P00566,LOC0056
DIG005344,2026-08-20 00:03:00,bn,"PERSON_00832 और PERSON_00904 ने ফোন করেছে, Zone_0138, Bhopal के पास। समय 2026-08-20 00:03:00.",P00832,P00904,LOC0138
DIG005345,2026-03-04 01:06:00,te,"PERSON_00758 और PERSON_00273 ने కలిశారు, Zone_0116, Bhopal के पास। समय 2026-03-04 01:06:00.",P00758,P00273,LOC0116
DIG005346,2026-08-05 07:27:00,mr,"PERSON_00070 और PERSON_00276 ने संपर्क केला, Zone_0047, Ujjain के पास। समय 2026-08-05 07:27:00.",P00070,P00276,LOC0047
DIG005347,2026-07-07 17:00:00,pa,"PERSON_00870 और PERSON_00769 ने ਫੋਨ ਕੀਤਾ, Zone_0152, Nagpur के पास। समय 2026-07-07 17:00:00.",P00870,P00769,LOC0152
DIG005348,2026-05-07 13:00:00,ta,"PERSON_00531 और PERSON_00717 ने சென்றார், Zone_0101, Jabalpur के पास। समय 2026-05-07 13:00:00.",P00531,P00717,LOC0101
DIG005349,2026-04-12 17:18:00,bn,"PERSON_00678 और PERSON_00711 ने টাকা পাঠিয়েছে, Zone_0087, Ujjain के पास। समय 2026-04-12 17:18:00.",P00678,P00711,LOC0087
DIG005350,2026-02-28 00:02:00,gu,"PERSON_00322 और PERSON_00872 ने ફોન કર્યો, Zone_0115, Jabalpur के पास। समय 2026-02-28 00:02:00.",P00322,P00872,LOC0115
DIG005351,2026-03-10 22:54:00,mr,"PERSON_00991 और PERSON_00959 ने ठिकाण शेअर केले, Zone_0157, Nagpur के पास। समय 2026-03-10 22:54:00.",P00991,P00959,LOC0157
DIG005352,2026-06-01 07:48:00,gu,"PERSON_00987 और PERSON_00287 ने ફોન કર્યો, Zone_0077, Bhopal के पास। समय 2026-06-01 07:48:00.",P00987,P00287,LOC0077
DIG005353,2026-05-02 00:54:00,mr,"PERSON_00178 और PERSON_00582 ने संदेश पाठवला, Zone_0010, Indore के पास। समय 2026-05-02 00:54:00.",P00178,P00582,LOC0010
DIG005354,2026-06-01 04:44:00,ta,"PERSON_00783 और PERSON_00464 ने செய்தி அனுப்பினார், Zone_0123, Ujjain के पास। समय 2026-06-01 04:44:00.",P00783,P00464,LOC0123
DIG005355,2026-01-18 10:08:00,en,"PERSON_00994 visited PERSON_00812 near Zone_0124, Bhopal. Record time 2026-01-18 10:08:00.",P00994,P00812,LOC0124
DIG005356,2026-05-03 22:57:00,bn,"PERSON_00330 और PERSON_00289 ने স্থান ভাগ করেছে, Zone_0019, Gwalior के पास। समय 2026-05-03 22:57:00.",P00330,P00289,LOC0019
DIG005357,2026-05-20 17:31:00,bn,"PERSON_00926 और PERSON_00811 ने যোগাযোগ করেছে, Zone_0091, Jabalpur के पास। समय 2026-05-20 17:31:00.",P00926,P00811,LOC0091
DIG005358,2026-08-02 04:31:00,ml,"PERSON_00103 और PERSON_00036 ने സന്ദേശം അയച്ചു, Zone_0053, Nagpur के पास। समय 2026-08-02 04:31:00.",P00103,P00036,LOC0053
DIG005359,2026-04-01 10:59:00,ur,"PERSON_00060 और PERSON_00566 ने ملاقات کی, Zone_0043, Gwalior के पास। समय 2026-04-01 10:59:00.",P00060,P00566,LOC0043
DIG005360,2026-04-21 15:25:00,kn,"PERSON_00262 और PERSON_00709 ने ಕರೆ ಮಾಡಿದರು, Zone_0145, Jabalpur के पास। समय 2026-04-21 15:25:00.",P00262,P00709,LOC0145
DIG005361,2026-01-27 09:17:00,ml,"PERSON_00788 और PERSON_00369 ने പണം അയച്ചു, Zone_0048, Indore के पास। समय 2026-01-27 09:17:00.",P00788,P00369,LOC0048
DIG005362,2026-04-10 06:25:00,pa,"PERSON_00490 और PERSON_00792 ने ਫੋਨ ਕੀਤਾ, Zone_0141, Jabalpur के पास। समय 2026-04-10 06:25:00.",P00490,P00792,LOC0141
DIG005363,2026-03-30 23:20:00,kn,"PERSON_00032 और PERSON_00186 ने ಭೇಟಿಯಾದರು, Zone_0015, Gwalior के पास। समय 2026-03-30 23:20:00.",P00032,P00186,LOC0015
DIG005364,2026-03-25 01:45:00,mr,"PERSON_00287 और PERSON_00716 ने पैसे पाठवले, Zone_0035, Jabalpur के पास। समय 2026-03-25 01:45:00.",P00287,P00716,LOC0035
DIG005365,2026-07-31 04:24:00,ml,"PERSON_00886 और PERSON_00701 ने സന്ദേശം അയച്ചു, Zone_0051, Bhopal के पास। समय 2026-07-31 04:24:00.",P00886,P00701,LOC0051
DIG005366,2026-05-12 19:11:00,ur,"PERSON_00802 और PERSON_00231 ने رقم منتقل کی, Zone_0049, Nagpur के पास। समय 2026-05-12 19:11:00.",P00802,P00231,LOC0049
DIG005367,2026-06-12 04:17:00,hi,"PERSON_00934 और PERSON_00339 ने संपर्क किया, Zone_0153, Jabalpur के पास। समय 2026-06-12 04:17:00.",P00934,P00339,LOC0153
DIG005368,2026-02-21 03:22:00,mr,"PERSON_00409 और PERSON_00251 ने ठिकाण शेअर केले, Zone_0070, Ujjain के पास। समय 2026-02-21 03:22:00.",P00409,P00251,LOC0070
DIG005369,2026-06-25 11:40:00,kn,"PERSON_00373 और PERSON_00865 ने ಕರೆ ಮಾಡಿದರು, Zone_0136, Jabalpur के पास। समय 2026-06-25 11:40:00.",P00373,P00865,LOC0136
DIG005370,2026-04-20 21:52:00,mr,"PERSON_00607 और PERSON_00168 ने भेट दिली, Zone_0165, Gwalior के पास। समय 2026-04-20 21:52:00.",P00607,P00168,LOC0165
DIG005371,2026-06-26 00:11:00,ta,"PERSON_00921 और PERSON_00094 ने தொடர்பு கொண்டார், Zone_0010, Indore के पास। समय 2026-06-26 00:11:00.",P00921,P00094,LOC0010
DIG005372,2026-07-23 13:34:00,ta,"PERSON_00802 और PERSON_00519 ने தொடர்பு கொண்டார், Zone_0116, Bhopal के पास। समय 2026-07-23 13:34:00.",P00802,P00519,LOC0116
DIG005373,2026-03-01 13:40:00,ml,"PERSON_00699 और PERSON_00067 ने സന്ദർശിച്ചു, Zone_0146, Bhopal के पास। समय 2026-03-01 13:40:00.",P00699,P00067,LOC0146
DIG005374,2026-06-15 06:27:00,kn,"PERSON_00364 और PERSON_00088 ने ಭೇಟಿಯಾದರು, Zone_0129, Nagpur के पास। समय 2026-06-15 06:27:00.",P00364,P00088,LOC0129
DIG005375,2026-09-01 01:15:00,mr,"PERSON_00240 और PERSON_00847 ने संदेश पाठवला, Zone_0001, Gwalior के पास। समय 2026-09-01 01:15:00.",P00240,P00847,LOC0001
DIG005376,2026-02-03 22:43:00,bn,"PERSON_00578 और PERSON_00910 ने দেখা করেছে, Zone_0038, Ujjain के पास। समय 2026-02-03 22:43:00.",P00578,P00910,LOC0038
DIG005377,2026-07-04 06:50:00,kn,"PERSON_00740 और PERSON_00258 ने ಸ್ಥಳ ಹಂಚಿಕೊಂಡರು, Zone_0069, Jabalpur के पास। समय 2026-07-04 06:50:00.",P00740,P00258,LOC0069
DIG005378,2026-04-09 05:48:00,gu,"PERSON_00807 और PERSON_00431 ने ફોન કર્યો, Zone_0166, Bhopal के पास। समय 2026-04-09 05:48:00.",P00807,P00431,LOC0166
DIG005379,2026-05-15 14:28:00,gu,"PERSON_00038 और PERSON_00821 ने ફોન કર્યો, Zone_0148, Indore के पास। समय 2026-05-15 14:28:00.",P00038,P00821,LOC0148
DIG005380,2026-03-14 02:49:00,kn,"PERSON_00473 और PERSON_00043 ने ಸ್ಥಳ ಹಂಚಿಕೊಂಡರು, Zone_0108, Bhopal के पास। समय 2026-03-14 02:49:00.",P00473,P00043,LOC0108
DIG005381,2026-05-31 22:34:00,te,"PERSON_00168 और PERSON_00847 ने సంప్రదించారు, Zone_0165, Gwalior के पास। समय 2026-05-31 22:34:00.",P00168,P00847,LOC0165
DIG005382,2026-05-09 21:50:00,ta,"PERSON_00094 और PERSON_00421 ने அழைத்தார், Zone_0168, Nagpur के पास। समय 2026-05-09 21:50:00.",P00094,P00421,LOC0168
DIG005383,2026-01-05 23:07:00,ur,"PERSON_00601 और PERSON_00945 ने رقم منتقل کی, Zone_0029, Nagpur के पास। समय 2026-01-05 23:07:00.",P00601,P00945,LOC0029
DIG005384,2026-02-10 10:31:00,ml,"PERSON_00734 और PERSON_00062 ने പണം അയച്ചു, Zone_0019, Gwalior के पास। समय 2026-02-10 10:31:00.",P00734,P00062,LOC0019
DIG005385,2026-05-14 15:06:00,bn,"PERSON_00648 और PERSON_00240 ने বার্তা পাঠিয়েছে, Zone_0175, Jabalpur के पास। समय 2026-05-14 15:06:00.",P00648,P00240,LOC0175
DIG005386,2026-07-13 03:41:00,pa,"PERSON_00840 और PERSON_00174 ने ਸੁਨੇਹਾ ਭੇਜਿਆ, Zone_0039, Gwalior के पास। समय 2026-07-13 03:41:00.",P00840,P00174,LOC0039
DIG005387,2026-06-14 11:58:00,mr,"PERSON_00814 और PERSON_00414 ने फोन केला, Zone_0088, Indore के पास। समय 2026-06-14 11:58:00.",P00814,P00414,LOC0088
DIG005388,2026-01-12 22:24:00,hi,"PERSON_00555 और PERSON_00853 ने दौरा किया, Zone_0058, Bhopal के पास। समय 2026-01-12 22:24:00.",P00555,P00853,LOC0058
DIG005389,2026-01-19 16:41:00,gu,"PERSON_00205 और PERSON_00317 ने સંદેશ મોકલ્યો, Zone_0081, Gwalior के पास। समय 2026-01-19 16:41:00.",P00205,P00317,LOC0081
DIG005390,2026-07-22 05:53:00,bn,"PERSON_00634 और PERSON_00096 ने যোগাযোগ করেছে, Zone_0075, Gwalior के पास। समय 2026-07-22 05:53:00.",P00634,P00096,LOC0075
DIG005391,2026-02-13 18:01:00,kn,"PERSON_00755 और PERSON_00617 ने ಭೇಟಿ ನೀಡಿದರು, Zone_0118, Ujjain के पास। समय 2026-02-13 18:01:00.",P00755,P00617,LOC0118
DIG005392,2026-02-07 15:24:00,ml,"PERSON_00211 और PERSON_00932 ने കണ്ടുമുട്ടി, Zone_0001, Gwalior के पास। समय 2026-02-07 15:24:00.",P00211,P00932,LOC0001
DIG005393,2026-01-25 13:17:00,te,"PERSON_00439 और PERSON_00920 ने డబ్బు పంపారు, Zone_0004, Indore के पास। समय 2026-01-25 13:17:00.",P00439,P00920,LOC0004
DIG005394,2026-08-24 02:04:00,kn,"PERSON_00940 और PERSON_00314 ने ಭೇಟಿ ನೀಡಿದರು, Zone_0087, Ujjain के पास। समय 2026-08-24 02:04:00.",P00940,P00314,LOC0087
DIG005395,2026-08-19 00:55:00,te,"PERSON_00566 और PERSON_00800 ने స్థానం పంచుకున్నారు, Zone_0092, Ujjain के पास। समय 2026-08-19 00:55:00.",P00566,P00800,LOC0092
DIG005396,2026-04-13 01:34:00,ta,"PERSON_00702 और PERSON_00406 ने இடத்தை பகிர்ந்தார், Zone_0118, Ujjain के पास। समय 2026-04-13 01:34:00.",P00702,P00406,LOC0118
DIG005397,2026-08-18 00:00:00,ml,"PERSON_00238 और PERSON_00816 ने പണം അയച്ചു, Zone_0144, Nagpur के पास। समय 2026-08-18 00:00:00.",P00238,P00816,LOC0144
DIG005398,2026-01-12 00:02:00,kn,"PERSON_00805 और PERSON_00602 ने ಭೇಟಿಯಾದರು, Zone_0016, Ujjain के पास। समय 2026-01-12 00:02:00.",P00805,P00602,LOC0016
DIG005399,2026-04-27 00:50:00,bn,"PERSON_00870 और PERSON_00674 ने টাকা পাঠিয়েছে, Zone_0148, Indore के पास। समय 2026-04-27 00:50:00.",P00870,P00674,LOC0148
DIG005400,2026-07-02 13:25:00,te,"PERSON_00688 और PERSON_00218 ने ఫోన్ చేశారు, Zone_0073, Jabalpur के पास। समय 2026-07-02 13:25:00.",P00688,P00218,LOC0073
DIG005401,2026-02-17 01:33:00,ml,"PERSON_00830 और PERSON_00229 ने സ്ഥലം പങ്കിട്ടു, Zone_0089, Jabalpur के पास। समय 2026-02-17 01:33:00.",P00830,P00229,LOC0089
DIG005402,2026-07-05 15:32:00,hi,"PERSON_00548 और PERSON_00816 ने दौरा किया, Zone_0077, Bhopal के पास। समय 2026-07-05 15:32:00.",P00548,P00816,LOC0077
DIG005403,2026-08-06 02:23:00,ta,"PERSON_00613 और PERSON_00288 ने இடத்தை பகிர்ந்தார், Zone_0076, Indore के पास। समय 2026-08-06 02:23:00.",P00613,P00288,LOC0076
DIG005404,2026-08-07 22:14:00,ur,"PERSON_00278 और PERSON_00414 ने فون کیا, Zone_0099, Bhopal के पास। समय 2026-08-07 22:14:00.",P00278,P00414,LOC0099
DIG005405,2026-05-05 06:43:00,ta,"PERSON_00232 और PERSON_00588 ने பணம் அனுப்பினார், Zone_0019, Gwalior के पास। समय 2026-05-05 06:43:00.",P00232,P00588,LOC0019
DIG005406,2026-03-02 09:05:00,mr,"PERSON_00496 और PERSON_00765 ने संपर्क केला, Zone_0011, Gwalior के पास। समय 2026-03-02 09:05:00.",P00496,P00765,LOC0011
DIG005407,2026-04-26 01:04:00,ur,"PERSON_00834 और PERSON_00662 ने مقام شیئر کیا, Zone_0034, Jabalpur के पास। समय 2026-04-26 01:04:00.",P00834,P00662,LOC0034
DIG005408,2026-06-10 14:45:00,te,"PERSON_00144 और PERSON_00651 ने డబ్బు పంపారు, Zone_0176, Gwalior के पास। समय 2026-06-10 14:45:00.",P00144,P00651,LOC0176
DIG005409,2026-08-24 18:46:00,pa,"PERSON_00811 और PERSON_00643 ने ਸੁਨੇਹਾ ਭੇਜਿਆ, Zone_0107, Indore के पास। समय 2026-08-24 18:46:00.",P00811,P00643,LOC0107
DIG005410,2026-05-11 18:14:00,gu,"PERSON_00217 और PERSON_00947 ने ફોન કર્યો, Zone_0041, Ujjain के पास। समय 2026-05-11 18:14:00.",P00217,P00947,LOC0041
DIG005411,2026-05-06 00:39:00,te,"PERSON_00363 और PERSON_00385 ने సంప్రదించారు, Zone_0110, Indore के पास। समय 2026-05-06 00:39:00.",P00363,P00385,LOC0110
DIG005412,2026-04-30 18:56:00,pa,"PERSON_00598 और PERSON_00307 ने ਮੁਲਾਕਾਤ ਕੀਤੀ, Zone_0147, Ujjain के पास। समय 2026-04-30 18:56:00.",P00598,P00307,LOC0147
DIG005413,2026-04-24 04:21:00,te,"PERSON_00475 और PERSON_00222 ने డబ్బు పంపారు, Zone_0177, Gwalior के पास। समय 2026-04-24 04:21:00.",P00475,P00222,LOC0177
DIG005414,2026-04-16 16:14:00,ta,"PERSON_00396 और PERSON_00112 ने சந்தித்தார், Zone_0113, Indore के पास। समय 2026-04-16 16:14:00.",P00396,P00112,LOC0113
DIG005415,2026-06-23 11:58:00,en,"PERSON_00107 sent a message to PERSON_00511 near Zone_0030, Nagpur. Record time 2026-06-23 11:58:00.",P00107,P00511,LOC0030
DIG005416,2026-06-05 02:57:00,bn,"PERSON_00424 और PERSON_00758 ने পরিদর্শন করেছে, Zone_0011, Gwalior के पास। समय 2026-06-05 02:57:00.",P00424,P00758,LOC0011
DIG005417,2026-07-16 23:28:00,ta,"PERSON_00653 और PERSON_00887 ने இடத்தை பகிர்ந்தார், Zone_0180, Indore के पास। समय 2026-07-16 23:28:00.",P00653,P00887,LOC0180
DIG005418,2026-04-26 13:31:00,bn,"PERSON_00979 और PERSON_00172 ने ফোন করেছে, Zone_0121, Nagpur के पास। समय 2026-04-26 13:31:00.",P00979,P00172,LOC0121
DIG005419,2026-03-31 14:22:00,ur,"PERSON_00220 और PERSON_00398 ने پیغام بھیجا, Zone_0098, Nagpur के पास। समय 2026-03-31 14:22:00.",P00220,P00398,LOC0098
DIG005420,2026-01-19 16:26:00,ur,"PERSON_00937 और PERSON_00766 ने رابطہ کیا, Zone_0094, Gwalior के पास। समय 2026-01-19 16:26:00.",P00937,P00766,LOC0094
DIG005421,2026-04-20 21:24:00,ur,"PERSON_00187 और PERSON_00248 ने پیغام بھیجا, Zone_0013, Gwalior के पास। समय 2026-04-20 21:24:00.",P00187,P00248,LOC0013
DIG005422,2026-08-13 02:53:00,ml,"PERSON_00861 और PERSON_00661 ने കണ്ടുമുട്ടി, Zone_0052, Nagpur के पास। समय 2026-08-13 02:53:00.",P00861,P00661,LOC0052
DIG005423,2026-03-04 23:55:00,bn,"PERSON_00226 और PERSON_00051 ने বার্তা পাঠিয়েছে, Zone_0104, Bhopal के पास। समय 2026-03-04 23:55:00.",P00226,P00051,LOC0104
DIG005424,2026-07-17 22:24:00,hi,"PERSON_00171 और PERSON_00700 ने स्थान साझा किया, Zone_0167, Nagpur के पास। समय 2026-07-17 22:24:00.",P00171,P00700,LOC0167
DIG005425,2026-01-09 21:11:00,ml,"PERSON_00632 और PERSON_00803 ने സന്ദേശം അയച്ചു, Zone_0056, Jabalpur के पास। समय 2026-01-09 21:11:00.",P00632,P00803,LOC0056
DIG005426,2026-03-15 23:43:00,gu,"PERSON_00281 और PERSON_00513 ने સંપર્ક કર્યો, Zone_0139, Jabalpur के पास। समय 2026-03-15 23:43:00.",P00281,P00513,LOC0139
DIG005427,2026-01-20 04:22:00,te,"PERSON_00938 और PERSON_00357 ने సందేశం పంపారు, Zone_0169, Nagpur के पास। समय 2026-01-20 04:22:00.",P00938,P00357,LOC0169
DIG005428,2026-05-11 16:22:00,te,"PERSON_00468 और PERSON_00250 ने స్థానం పంచుకున్నారు, Zone_0070, Ujjain के पास। समय 2026-05-11 16:22:00.",P00468,P00250,LOC0070
DIG005429,2026-06-13 10:37:00,ml,"PERSON_00697 और PERSON_00858 ने വിളിച്ചു, Zone_0035, Jabalpur के पास। समय 2026-06-13 10:37:00.",P00697,P00858,LOC0035
DIG005430,2026-03-29 13:28:00,kn,"PERSON_00974 और PERSON_00831 ने ಭೇಟಿಯಾದರು, Zone_0052, Nagpur के पास। समय 2026-03-29 13:28:00.",P00974,P00831,LOC0052
DIG005431,2026-07-11 16:36:00,hi,"PERSON_00569 और PERSON_00422 ने दौरा किया, Zone_0142, Jabalpur के पास। समय 2026-07-11 16:36:00.",P00569,P00422,LOC0142
DIG005432,2026-05-13 15:28:00,ta,"PERSON_00027 और PERSON_00934 ने பணம் அனுப்பினார், Zone_0004, Indore के पास। समय 2026-05-13 15:28:00.",P00027,P00934,LOC0004
DIG005433,2026-05-22 08:21:00,mr,"PERSON_00144 और PERSON_00907 ने फोन केला, Zone_0168, Nagpur के पास। समय 2026-05-22 08:21:00.",P00144,P00907,LOC0168
DIG005434,2026-04-15 15:05:00,pa,"PERSON_00470 और PERSON_00396 ने ਸਥਾਨ ਸਾਂਝਾ ਕੀਤਾ, Zone_0008, Nagpur के पास। समय 2026-04-15 15:05:00.",P00470,P00396,LOC0008
DIG005435,2026-07-15 09:52:00,bn,"PERSON_00683 और PERSON_00378 ने টাকা পাঠিয়েছে, Zone_0045, Gwalior के पास। समय 2026-07-15 09:52:00.",P00683,P00378,LOC0045
DIG005436,2026-02-10 11:51:00,hi,"PERSON_00418 और PERSON_00592 ने संदेश भेजा, Zone_0081, Gwalior के पास। समय 2026-02-10 11:51:00.",P00418,P00592,LOC0081
DIG005437,2026-02-20 09:22:00,kn,"PERSON_00313 और PERSON_00672 ने ಭೇಟಿ ನೀಡಿದರು, Zone_0047, Ujjain के पास। समय 2026-02-20 09:22:00.",P00313,P00672,LOC0047
DIG005438,2026-05-22 10:23:00,ta,"PERSON_00561 और PERSON_00791 ने அழைத்தார், Zone_0139, Jabalpur के पास। समय 2026-05-22 10:23:00.",P00561,P00791,LOC0139
DIG005439,2026-04-18 13:24:00,gu,"PERSON_00559 और PERSON_00367 ने મળ્યા, Zone_0150, Ujjain के पास। समय 2026-04-18 13:24:00.",P00559,P00367,LOC0150
DIG005440,2026-03-06 15:13:00,ur,"PERSON_00349 और PERSON_00585 ने پیغام بھیجا, Zone_0051, Bhopal के पास। समय 2026-03-06 15:13:00.",P00349,P00585,LOC0051
DIG005441,2026-08-01 01:07:00,ta,"PERSON_00514 और PERSON_00206 ने பணம் அனுப்பினார், Zone_0077, Bhopal के पास। समय 2026-08-01 01:07:00.",P00514,P00206,LOC0077
DIG005442,2026-01-10 13:38:00,ta,"PERSON_00445 और PERSON_00757 ने பணம் அனுப்பினார், Zone_0177, Gwalior के पास। समय 2026-01-10 13:38:00.",P00445,P00757,LOC0177
DIG005443,2026-01-15 08:27:00,gu,"PERSON_00547 और PERSON_00150 ने ફોન કર્યો, Zone_0040, Bhopal के पास। समय 2026-01-15 08:27:00.",P00547,P00150,LOC0040
DIG005444,2026-02-08 02:30:00,te,"PERSON_00950 और PERSON_00870 ने సందేశం పంపారు, Zone_0115, Jabalpur के पास। समय 2026-02-08 02:30:00.",P00950,P00870,LOC0115
DIG005445,2026-08-13 22:50:00,te,"PERSON_00045 और PERSON_00241 ने ఫోన్ చేశారు, Zone_0174, Gwalior के पास। समय 2026-08-13 22:50:00.",P00045,P00241,LOC0174
DIG005446,2026-08-08 17:49:00,ur,"PERSON_00266 और PERSON_00645 ने ملاقات کی, Zone_0073, Jabalpur के पास। समय 2026-08-08 17:49:00.",P00266,P00645,LOC0073
DIG005447,2026-02-27 08:25:00,bn,"PERSON_00477 और PERSON_00202 ने বার্তা পাঠিয়েছে, Zone_0024, Jabalpur के पास। समय 2026-02-27 08:25:00.",P00477,P00202,LOC0024
DIG005448,2026-05-31 22:41:00,ta,"PERSON_00507 और PERSON_00344 ने சென்றார், Zone_0177, Gwalior के पास। समय 2026-05-31 22:41:00.",P00507,P00344,LOC0177
DIG005449,2026-05-30 11:26:00,ta,"PERSON_00030 और PERSON_00699 ने சென்றார், Zone_0125, Indore के पास। समय 2026-05-30 11:26:00.",P00030,P00699,LOC0125
DIG005450,2026-01-17 14:33:00,gu,"PERSON_00326 और PERSON_00610 ने મુલાકાત લીધી, Zone_0131, Gwalior के पास। समय 2026-01-17 14:33:00.",P00326,P00610,LOC0131
DIG005451,2026-02-08 00:55:00,te,"PERSON_00659 और PERSON_00655 ने సందేశం పంపారు, Zone_0161, Jabalpur के पास। समय 2026-02-08 00:55:00.",P00659,P00655,LOC0161
DIG005452,2026-01-08 00:07:00,gu,"PERSON_00414 और PERSON_00138 ने સ્થાન શેર કર્યું, Zone_0111, Jabalpur के पास। समय 2026-01-08 00:07:00.",P00414,P00138,LOC0111
DIG005453,2026-03-20 20:07:00,hi,"PERSON_00145 और PERSON_00958 ने स्थान साझा किया, Zone_0070, Ujjain के पास। समय 2026-03-20 20:07:00.",P00145,P00958,LOC0070
DIG005454,2026-03-25 02:19:00,mr,"PERSON_00307 और PERSON_00091 ने फोन केला, Zone_0053, Nagpur के पास। समय 2026-03-25 02:19:00.",P00307,P00091,LOC0053
DIG005455,2026-04-11 02:58:00,en,"PERSON_00980 met PERSON_00886 near Zone_0033, Jabalpur. Record time 2026-04-11 02:58:00.",P00980,P00886,LOC0033
DIG005456,2026-01-10 00:57:00,ml,"PERSON_00611 और PERSON_00293 ने കണ്ടുമുട്ടി, Zone_0070, Ujjain के पास। समय 2026-01-10 00:57:00.",P00611,P00293,LOC0070
DIG005457,2026-08-21 20:32:00,pa,"PERSON_00955 और PERSON_00023 ने ਸੰਪਰਕ ਕੀਤਾ, Zone_0090, Gwalior के पास। समय 2026-08-21 20:32:00.",P00955,P00023,LOC0090
DIG005458,2026-07-09 16:02:00,hi,"PERSON_00697 और PERSON_00495 ने स्थान साझा किया, Zone_0087, Ujjain के पास। समय 2026-07-09 16:02:00.",P00697,P00495,LOC0087
DIG005459,2026-05-30 01:23:00,bn,"PERSON_00787 और PERSON_00496 ने দেখা করেছে, Zone_0108, Bhopal के पास। समय 2026-05-30 01:23:00.",P00787,P00496,LOC0108
DIG005460,2026-06-30 20:53:00,ml,"PERSON_00639 और PERSON_00540 ने വിളിച്ചു, Zone_0149, Ujjain के पास। समय 2026-06-30 20:53:00.",P00639,P00540,LOC0149
DIG005461,2026-07-01 07:53:00,bn,"PERSON_00913 और PERSON_00101 ने যোগাযোগ করেছে, Zone_0085, Gwalior के पास। समय 2026-07-01 07:53:00.",P00913,P00101,LOC0085
DIG005462,2026-02-23 01:39:00,bn,"PERSON_00031 और PERSON_00362 ने ফোন করেছে, Zone_0044, Bhopal के पास। समय 2026-02-23 01:39:00.",P00031,P00362,LOC0044
DIG005463,2026-06-25 01:20:00,pa,"PERSON_00809 और PERSON_00273 ने ਸਥਾਨ ਸਾਂਝਾ ਕੀਤਾ, Zone_0046, Bhopal के पास। समय 2026-06-25 01:20:00.",P00809,P00273,LOC0046
DIG005464,2026-07-19 21:56:00,te,"PERSON_00483 और PERSON_00864 ने సంప్రదించారు, Zone_0091, Jabalpur के पास। समय 2026-07-19 21:56:00.",P00483,P00864,LOC0091
DIG005465,2026-04-06 10:49:00,kn,"PERSON_00076 और PERSON_00420 ने ಕರೆ ಮಾಡಿದರು, Zone_0056, Jabalpur के पास। समय 2026-04-06 10:49:00.",P00076,P00420,LOC0056
DIG005466,2026-04-25 19:25:00,ta,"PERSON_00177 और PERSON_00592 ने அழைத்தார், Zone_0118, Ujjain के पास। समय 2026-04-25 19:25:00.",P00177,P00592,LOC0118
DIG005467,2026-06-04 20:00:00,gu,"PERSON_00619 और PERSON_00212 ने નાણાં મોકલ્યાં, Zone_0148, Indore के पास। समय 2026-06-04 20:00:00.",P00619,P00212,LOC0148
DIG005468,2026-08-30 05:26:00,hi,"PERSON_00082 और PERSON_00430 ने स्थान साझा किया, Zone_0136, Jabalpur के पास। समय 2026-08-30 05:26:00.",P00082,P00430,LOC0136
DIG005469,2026-01-29 10:12:00,ta,"PERSON_00377 और PERSON_00655 ने அழைத்தார், Zone_0172, Gwalior के पास। समय 2026-01-29 10:12:00.",P00377,P00655,LOC0172
DIG005470,2026-04-09 16:13:00,mr,"PERSON_00240 और PERSON_00201 ने फोन केला, Zone_0097, Ujjain के पास। समय 2026-04-09 16:13:00.",P00240,P00201,LOC0097
DIG005471,2026-07-23 13:25:00,ta,"PERSON_00229 और PERSON_00059 ने செய்தி அனுப்பினார், Zone_0140, Jabalpur के पास। समय 2026-07-23 13:25:00.",P00229,P00059,LOC0140
DIG005472,2026-04-21 09:30:00,ml,"PERSON_00556 और PERSON_00123 ने കണ്ടുമുട്ടി, Zone_0105, Bhopal के पास। समय 2026-04-21 09:30:00.",P00556,P00123,LOC0105
DIG005473,2026-06-01 21:34:00,bn,"PERSON_00126 और PERSON_00132 ने পরিদর্শন করেছে, Zone_0064, Ujjain के पास। समय 2026-06-01 21:34:00.",P00126,P00132,LOC0064
DIG005474,2026-05-04 15:33:00,gu,"PERSON_00902 और PERSON_00351 ने નાણાં મોકલ્યાં, Zone_0050, Jabalpur के पास। समय 2026-05-04 15:33:00.",P00902,P00351,LOC0050
DIG005475,2026-07-09 04:01:00,hi,"PERSON_00128 और PERSON_00729 ने संदेश भेजा, Zone_0029, Nagpur के पास। समय 2026-07-09 04:01:00.",P00128,P00729,LOC0029
DIG005476,2026-04-13 05:36:00,ml,"PERSON_00901 और PERSON_00731 ने സന്ദേശം അയച്ചു, Zone_0023, Jabalpur के पास। समय 2026-04-13 05:36:00.",P00901,P00731,LOC0023
DIG005477,2026-04-17 00:53:00,te,"PERSON_00095 और PERSON_00209 ने డబ్బు పంపారు, Zone_0076, Indore के पास। समय 2026-04-17 00:53:00.",P00095,P00209,LOC0076
DIG005478,2026-04-23 17:56:00,bn,"PERSON_00304 और PERSON_00656 ने স্থান ভাগ করেছে, Zone_0162, Nagpur के पास। समय 2026-04-23 17:56:00.",P00304,P00656,LOC0162
DIG005479,2026-08-07 13:53:00,hi,"PERSON_00345 और PERSON_00523 ने वाहन का उपयोग किया, Zone_0011, Gwalior के पास। समय 2026-08-07 13:53:00.",P00345,P00523,LOC0011
DIG005480,2026-06-29 17:07:00,bn,"PERSON_00073 और PERSON_00513 ने দেখা করেছে, Zone_0013, Gwalior के पास। समय 2026-06-29 17:07:00.",P00073,P00513,LOC0013
DIG005481,2026-02-16 13:23:00,bn,"PERSON_00282 और PERSON_00436 ने ফোন করেছে, Zone_0071, Indore के पास। समय 2026-02-16 13:23:00.",P00282,P00436,LOC0071
DIG005482,2026-01-20 05:29:00,en,"PERSON_00711 contacted PERSON_00754 near Zone_0036, Ujjain. Record time 2026-01-20 05:29:00.",P00711,P00754,LOC0036
DIG005483,2026-07-09 09:33:00,gu,"PERSON_00414 और PERSON_00662 ने ફોન કર્યો, Zone_0137, Nagpur के पास। समय 2026-07-09 09:33:00.",P00414,P00662,LOC0137
DIG005484,2026-01-07 21:51:00,mr,"PERSON_00547 और PERSON_00276 ने संदेश पाठवला, Zone_0065, Jabalpur के पास। समय 2026-01-07 21:51:00.",P00547,P00276,LOC0065
DIG005485,2026-05-06 11:14:00,te,"PERSON_00264 और PERSON_00152 ने వెళ్లారు, Zone_0144, Nagpur के पास। समय 2026-05-06 11:14:00.",P00264,P00152,LOC0144
DIG005486,2026-05-25 11:29:00,bn,"PERSON_00129 और PERSON_00995 ने ফোন করেছে, Zone_0162, Nagpur के पास। समय 2026-05-25 11:29:00.",P00129,P00995,LOC0162
DIG005487,2026-02-01 16:11:00,kn,"PERSON_00136 और PERSON_00782 ने ಭೇಟಿಯಾದರು, Zone_0090, Gwalior के पास। समय 2026-02-01 16:11:00.",P00136,P00782,LOC0090
DIG005488,2026-04-28 05:43:00,gu,"PERSON_00779 और PERSON_00802 ने મળ્યા, Zone_0047, Ujjain के पास। समय 2026-04-28 05:43:00.",P00779,P00802,LOC0047
DIG005489,2026-08-19 15:51:00,ur,"PERSON_00535 और PERSON_00274 ने دورہ کیا, Zone_0103, Indore के पास। समय 2026-08-19 15:51:00.",P00535,P00274,LOC0103
DIG005490,2026-02-22 12:42:00,en,"PERSON_00944 transferred funds to PERSON_00749 near Zone_0178, Gwalior. Record time 2026-02-22 12:42:00.",P00944,P00749,LOC0178
DIG005491,2026-05-06 10:05:00,ur,"PERSON_00427 और PERSON_00115 ने دورہ کیا, Zone_0129, Nagpur के पास। समय 2026-05-06 10:05:00.",P00427,P00115,LOC0129
DIG005492,2026-06-22 17:40:00,ur,"PERSON_00895 और PERSON_00769 ने مقام شیئر کیا, Zone_0091, Jabalpur के पास। समय 2026-06-22 17:40:00.",P00895,P00769,LOC0091
DIG005493,2026-07-07 02:25:00,kn,"PERSON_00068 और PERSON_00889 ने ಭೇಟಿಯಾದರು, Zone_0125, Indore के पास। समय 2026-07-07 02:25:00.",P00068,P00889,LOC0125
DIG005494,2026-07-03 19:47:00,bn,"PERSON_00663 और PERSON_00276 ने পরিদর্শন করেছে, Zone_0056, Jabalpur के पास। समय 2026-07-03 19:47:00.",P00663,P00276,LOC0056
DIG005495,2026-01-11 17:59:00,te,"PERSON_00454 और PERSON_00040 ने సందేశం పంపారు, Zone_0160, Ujjain के पास। समय 2026-01-11 17:59:00.",P00454,P00040,LOC0160
DIG005496,2026-08-06 10:53:00,gu,"PERSON_00095 और PERSON_00216 ने સંપર્ક કર્યો, Zone_0178, Gwalior के पास। समय 2026-08-06 10:53:00.",P00095,P00216,LOC0178
DIG005497,2026-07-25 10:51:00,gu,"PERSON_00581 और PERSON_00405 ने સંપર્ક કર્યો, Zone_0129, Nagpur के पास। समय 2026-07-25 10:51:00.",P00581,P00405,LOC0129
DIG005498,2026-05-01 08:33:00,bn,"PERSON_00120 और PERSON_00699 ने টাকা পাঠিয়েছে, Zone_0034, Jabalpur के पास। समय 2026-05-01 08:33:00.",P00120,P00699,LOC0034
DIG005499,2026-04-07 08:00:00,pa,"PERSON_00224 और PERSON_00312 ने ਫੋਨ ਕੀਤਾ, Zone_0025, Jabalpur के पास। समय 2026-04-07 08:00:00.",P00224,P00312,LOC0025
DIG005500,2026-06-22 04:26:00,en,"PERSON_00204 called PERSON_00755 near Zone_0128, Bhopal. Record time 2026-06-22 04:26:00.",P00204,P00755,LOC0128
DIG005501,2026-05-28 03:56:00,ml,"PERSON_00182 और PERSON_00587 ने സന്ദർശിച്ചു, Zone_0115, Jabalpur के पास। समय 2026-05-28 03:56:00.",P00182,P00587,LOC0115
DIG005502,2026-04-19 08:39:00,bn,"PERSON_00130 और PERSON_00564 ने পরিদর্শন করেছে, Zone_0104, Bhopal के पास। समय 2026-04-19 08:39:00.",P00130,P00564,LOC0104
DIG005503,2026-05-11 16:37:00,gu,"PERSON_00001 और PERSON_00993 ने સંદેશ મોકલ્યો, Zone_0143, Nagpur के पास। समय 2026-05-11 16:37:00.",P00001,P00993,LOC0143
DIG005504,2026-08-21 07:39:00,gu,"PERSON_00924 और PERSON_00330 ने મુલાકાત લીધી, Zone_0007, Ujjain के पास। समय 2026-08-21 07:39:00.",P00924,P00330,LOC0007
DIG005505,2026-01-06 09:10:00,ur,"PERSON_00765 और PERSON_00903 ने رابطہ کیا, Zone_0054, Jabalpur के पास। समय 2026-01-06 09:10:00.",P00765,P00903,LOC0054
DIG005506,2026-01-27 06:52:00,pa,"PERSON_00350 और PERSON_00649 ने ਸੰਪਰਕ ਕੀਤਾ, Zone_0061, Gwalior के पास। समय 2026-01-27 06:52:00.",P00350,P00649,LOC0061
DIG005507,2026-08-09 14:08:00,pa,"PERSON_00048 और PERSON_00896 ने ਸਥਾਨ ਸਾਂਝਾ ਕੀਤਾ, Zone_0011, Gwalior के पास। समय 2026-08-09 14:08:00.",P00048,P00896,LOC0011
DIG005508,2026-08-20 02:26:00,en,"PERSON_00251 used a vehicle PERSON_00702 near Zone_0056, Jabalpur. Record time 2026-08-20 02:26:00.",P00251,P00702,LOC0056
DIG005509,2026-07-19 06:50:00,gu,"PERSON_00873 और PERSON_00455 ने મુલાકાત લીધી, Zone_0104, Bhopal के पास। समय 2026-07-19 06:50:00.",P00873,P00455,LOC0104
DIG005510,2026-04-01 10:31:00,te,"PERSON_00908 और PERSON_00858 ने సంప్రదించారు, Zone_0060, Ujjain के पास। समय 2026-04-01 10:31:00.",P00908,P00858,LOC0060
DIG005511,2026-08-26 14:07:00,ur,"PERSON_00629 और PERSON_00507 ने پیغام بھیجا, Zone_0077, Bhopal के पास। समय 2026-08-26 14:07:00.",P00629,P00507,LOC0077
DIG005512,2026-08-14 21:06:00,ta,"PERSON_00729 और PERSON_00606 ने அழைத்தார், Zone_0180, Indore के पास। समय 2026-08-14 21:06:00.",P00729,P00606,LOC0180
DIG005513,2026-03-22 07:34:00,kn,"PERSON_00316 और PERSON_00949 ने ಹಣ ಕಳುಹಿಸಿದರು, Zone_0105, Bhopal के पास। समय 2026-03-22 07:34:00.",P00316,P00949,LOC0105
DIG005514,2026-04-25 21:56:00,en,"PERSON_00031 shared a location with PERSON_00899 near Zone_0070, Ujjain. Record time 2026-04-25 21:56:00.",P00031,P00899,LOC0070
DIG005515,2026-06-23 07:21:00,ta,"PERSON_00767 और PERSON_00443 ने சந்தித்தார், Zone_0144, Nagpur के पास। समय 2026-06-23 07:21:00.",P00767,P00443,LOC0144
DIG005516,2026-08-04 10:40:00,pa,"PERSON_00527 और PERSON_00898 ने ਸੁਨੇਹਾ ਭੇਜਿਆ, Zone_0061, Gwalior के पास। समय 2026-08-04 10:40:00.",P00527,P00898,LOC0061
DIG005517,2026-05-11 22:25:00,ml,"PERSON_00375 और PERSON_00065 ने സന്ദേശം അയച്ചു, Zone_0158, Jabalpur के पास। समय 2026-05-11 22:25:00.",P00375,P00065,LOC0158
DIG005518,2026-05-11 19:24:00,ur,"PERSON_00432 और PERSON_00796 ने ملاقات کی, Zone_0029, Nagpur के पास। समय 2026-05-11 19:24:00.",P00432,P00796,LOC0029
DIG005519,2026-02-26 22:04:00,te,"PERSON_00980 और PERSON_00736 ने కలిశారు, Zone_0162, Nagpur के पास। समय 2026-02-26 22:04:00.",P00980,P00736,LOC0162
DIG005520,2026-04-03 14:37:00,ml,"PERSON_00559 और PERSON_00848 ने സന്ദേശം അയച്ചു, Zone_0142, Jabalpur के पास। समय 2026-04-03 14:37:00.",P00559,P00848,LOC0142
DIG005521,2026-07-24 16:31:00,bn,"PERSON_00546 और PERSON_00074 ने বার্তা পাঠিয়েছে, Zone_0176, Gwalior के पास। समय 2026-07-24 16:31:00.",P00546,P00074,LOC0176
DIG005522,2026-06-07 21:47:00,en,"PERSON_00932 transferred funds to PERSON_00167 near Zone_0140, Jabalpur. Record time 2026-06-07 21:47:00.",P00932,P00167,LOC0140
DIG005523,2026-04-08 11:15:00,pa,"PERSON_00730 और PERSON_00577 ने ਸਥਾਨ ਸਾਂਝਾ ਕੀਤਾ, Zone_0174, Gwalior के पास। समय 2026-04-08 11:15:00.",P00730,P00577,LOC0174
DIG005524,2026-02-16 01:51:00,hi,"PERSON_00055 और PERSON_00746 ने स्थान साझा किया, Zone_0136, Jabalpur के पास। समय 2026-02-16 01:51:00.",P00055,P00746,LOC0136
DIG005525,2026-03-31 21:13:00,kn,"PERSON_00131 और PERSON_00497 ने ಸ್ಥಳ ಹಂಚಿಕೊಂಡರು, Zone_0063, Gwalior के पास। समय 2026-03-31 21:13:00.",P00131,P00497,LOC0063
DIG005526,2026-08-08 13:58:00,bn,"PERSON_00075 और PERSON_00359 ने যোগাযোগ করেছে, Zone_0032, Jabalpur के पास। समय 2026-08-08 13:58:00.",P00075,P00359,LOC0032
DIG005527,2026-06-12 02:04:00,hi,"PERSON_00524 और PERSON_00397 ने दौरा किया, Zone_0043, Gwalior के पास। समय 2026-06-12 02:04:00.",P00524,P00397,LOC0043
DIG005528,2026-05-20 09:17:00,hi,"PERSON_00717 और PERSON_00675 ने संदेश भेजा, Zone_0066, Jabalpur के पास। समय 2026-05-20 09:17:00.",P00717,P00675,LOC0066
DIG005529,2026-08-29 14:33:00,gu,"PERSON_00783 और PERSON_00894 ने સંદેશ મોકલ્યો, Zone_0115, Jabalpur के पास। समय 2026-08-29 14:33:00.",P00783,P00894,LOC0115
DIG005530,2026-07-09 07:00:00,mr,"PERSON_00031 और PERSON_00656 ने पैसे पाठवले, Zone_0136, Jabalpur के पास। समय 2026-07-09 07:00:00.",P00031,P00656,LOC0136
DIG005531,2026-01-26 02:49:00,kn,"PERSON_00340 और PERSON_00225 ने ಭೇಟಿ ನೀಡಿದರು, Zone_0001, Gwalior के पास। समय 2026-01-26 02:49:00.",P00340,P00225,LOC0001
DIG005532,2026-03-08 11:09:00,hi,"PERSON_00168 और PERSON_00505 ने संदेश भेजा, Zone_0142, Jabalpur के पास। समय 2026-03-08 11:09:00.",P00168,P00505,LOC0142
DIG005533,2026-06-30 02:53:00,gu,"PERSON_00454 और PERSON_00316 ने નાણાં મોકલ્યાં, Zone_0152, Nagpur के पास। समय 2026-06-30 02:53:00.",P00454,P00316,LOC0152
DIG005534,2026-04-23 15:22:00,en,"PERSON_00989 shared a location with PERSON_00045 near Zone_0165, Gwalior. Record time 2026-04-23 15:22:00.",P00989,P00045,LOC0165
DIG005535,2026-03-30 15:08:00,gu,"PERSON_00850 और PERSON_00413 ने મળ્યા, Zone_0061, Gwalior के पास। समय 2026-03-30 15:08:00.",P00850,P00413,LOC0061
DIG005536,2026-02-24 11:09:00,hi,"PERSON_00278 और PERSON_00094 ने मिला, Zone_0161, Jabalpur के पास। समय 2026-02-24 11:09:00.",P00278,P00094,LOC0161
DIG005537,2026-03-06 10:54:00,ta,"PERSON_00483 और PERSON_00004 ने சந்தித்தார், Zone_0070, Ujjain के पास। समय 2026-03-06 10:54:00.",P00483,P00004,LOC0070
DIG005538,2026-08-20 12:18:00,ml,"PERSON_00193 और PERSON_00296 ने സന്ദേശം അയച്ചു, Zone_0104, Bhopal के पास। समय 2026-08-20 12:18:00.",P00193,P00296,LOC0104
DIG005539,2026-04-19 03:12:00,te,"PERSON_00224 और PERSON_00064 ने సంప్రదించారు, Zone_0069, Jabalpur के पास। समय 2026-04-19 03:12:00.",P00224,P00064,LOC0069
DIG005540,2026-03-02 09:44:00,en,"PERSON_00730 met PERSON_00113 near Zone_0144, Nagpur. Record time 2026-03-02 09:44:00.",P00730,P00113,LOC0144
DIG005541,2026-08-18 06:57:00,te,"PERSON_00816 और PERSON_00158 ने సంప్రదించారు, Zone_0129, Nagpur के पास। समय 2026-08-18 06:57:00.",P00816,P00158,LOC0129
DIG005542,2026-04-22 17:58:00,gu,"PERSON_00063 और PERSON_00629 ने મુલાકાત લીધી, Zone_0037, Indore के पास। समय 2026-04-22 17:58:00.",P00063,P00629,LOC0037
DIG005543,2026-05-15 07:41:00,ta,"PERSON_00367 और PERSON_00127 ने செய்தி அனுப்பினார், Zone_0018, Bhopal के पास। समय 2026-05-15 07:41:00.",P00367,P00127,LOC0018
DIG005544,2026-08-27 00:42:00,gu,"PERSON_00373 और PERSON_00195 ने નાણાં મોકલ્યાં, Zone_0166, Bhopal के पास। समय 2026-08-27 00:42:00.",P00373,P00195,LOC0166
DIG005545,2026-08-29 22:49:00,ur,"PERSON_00292 और PERSON_00503 ने مقام شیئر کیا, Zone_0120, Ujjain के पास। समय 2026-08-29 22:49:00.",P00292,P00503,LOC0120
DIG005546,2026-04-17 15:42:00,hi,"PERSON_00951 और PERSON_00359 ने संपर्क किया, Zone_0143, Nagpur के पास। समय 2026-04-17 15:42:00.",P00951,P00359,LOC0143
DIG005547,2026-07-21 09:20:00,en,"PERSON_00023 contacted PERSON_00168 near Zone_0122, Nagpur. Record time 2026-07-21 09:20:00.",P00023,P00168,LOC0122
DIG005548,2026-05-22 05:21:00,ta,"PERSON_00398 और PERSON_00141 ने அழைத்தார், Zone_0180, Indore के पास। समय 2026-05-22 05:21:00.",P00398,P00141,LOC0180
DIG005549,2026-02-15 14:31:00,ml,"PERSON_00508 और PERSON_00825 ने കണ്ടുമുട്ടി, Zone_0080, Indore के पास। समय 2026-02-15 14:31:00.",P00508,P00825,LOC0080
DIG005550,2026-06-22 06:02:00,bn,"PERSON_00869 और PERSON_00864 ने ফোন করেছে, Zone_0139, Jabalpur के पास। समय 2026-06-22 06:02:00.",P00869,P00864,LOC0139
DIG005551,2026-08-26 05:51:00,mr,"PERSON_00079 और PERSON_00533 ने फोन केला, Zone_0104, Bhopal के पास। समय 2026-08-26 05:51:00.",P00079,P00533,LOC0104
DIG005552,2026-04-27 01:57:00,te,"PERSON_00506 और PERSON_00207 ने సందేశం పంపారు, Zone_0167, Nagpur के पास। समय 2026-04-27 01:57:00.",P00506,P00207,LOC0167
DIG005553,2026-08-22 11:48:00,en,"PERSON_00164 visited PERSON_00503 near Zone_0056, Jabalpur. Record time 2026-08-22 11:48:00.",P00164,P00503,LOC0056
DIG005554,2026-01-03 05:08:00,ur,"PERSON_00276 और PERSON_00248 ने دورہ کیا, Zone_0064, Ujjain के पास। समय 2026-01-03 05:08:00.",P00276,P00248,LOC0064
DIG005555,2026-04-12 09:18:00,ur,"PERSON_00550 और PERSON_00370 ने فون کیا, Zone_0077, Bhopal के पास। समय 2026-04-12 09:18:00.",P00550,P00370,LOC0077
DIG005556,2026-08-05 00:38:00,ur,"PERSON_00476 और PERSON_00382 ने دورہ کیا, Zone_0078, Ujjain के पास। समय 2026-08-05 00:38:00.",P00476,P00382,LOC0078
DIG005557,2026-07-14 02:57:00,pa,"PERSON_00928 और PERSON_00384 ने ਸਥਾਨ ਸਾਂਝਾ ਕੀਤਾ, Zone_0016, Ujjain के पास। समय 2026-07-14 02:57:00.",P00928,P00384,LOC0016
DIG005558,2026-06-02 22:56:00,ur,"PERSON_00747 और PERSON_00452 ने دورہ کیا, Zone_0155, Nagpur के पास। समय 2026-06-02 22:56:00.",P00747,P00452,LOC0155
DIG005559,2026-08-24 01:40:00,gu,"PERSON_00702 और PERSON_00675 ने સંપર્ક કર્યો, Zone_0124, Bhopal के पास। समय 2026-08-24 01:40:00.",P00702,P00675,LOC0124
DIG005560,2026-02-28 17:39:00,en,"PERSON_00704 transferred funds to PERSON_00361 near Zone_0080, Indore. Record time 2026-02-28 17:39:00.",P00704,P00361,LOC0080
DIG005561,2026-03-22 15:38:00,en,"PERSON_00332 met PERSON_00401 near Zone_0152, Nagpur. Record time 2026-03-22 15:38:00.",P00332,P00401,LOC0152
DIG005562,2026-04-29 13:07:00,pa,"PERSON_00501 और PERSON_00040 ने ਪੈਸੇ ਭੇਜੇ, Zone_0050, Jabalpur के पास। समय 2026-04-29 13:07:00.",P00501,P00040,LOC0050
DIG005563,2026-01-20 22:14:00,mr,"PERSON_00038 और PERSON_00743 ने संदेश पाठवला, Zone_0178, Gwalior के पास। समय 2026-01-20 22:14:00.",P00038,P00743,LOC0178
DIG005564,2026-05-12 16:42:00,en,"PERSON_00386 used a vehicle PERSON_00160 near Zone_0060, Ujjain. Record time 2026-05-12 16:42:00.",P00386,P00160,LOC0060
DIG005565,2026-01-24 01:52:00,gu,"PERSON_00409 और PERSON_00759 ने મળ્યા, Zone_0126, Nagpur के पास। समय 2026-01-24 01:52:00.",P00409,P00759,LOC0126
DIG005566,2026-05-30 03:57:00,ur,"PERSON_00948 और PERSON_00716 ने فون کیا, Zone_0129, Nagpur के पास। समय 2026-05-30 03:57:00.",P00948,P00716,LOC0129
DIG005567,2026-02-10 07:16:00,en,"PERSON_00028 called PERSON_00104 near Zone_0076, Indore. Record time 2026-02-10 07:16:00.",P00028,P00104,LOC0076
DIG005568,2026-01-27 05:50:00,pa,"PERSON_00570 और PERSON_00656 ने ਸੰਪਰਕ ਕੀਤਾ, Zone_0001, Gwalior के पास। समय 2026-01-27 05:50:00.",P00570,P00656,LOC0001
DIG005569,2026-06-08 17:11:00,ur,"PERSON_00298 और PERSON_00629 ने رقم منتقل کی, Zone_0146, Bhopal के पास। समय 2026-06-08 17:11:00.",P00298,P00629,LOC0146
DIG005570,2026-08-10 08:27:00,mr,"PERSON_00671 और PERSON_00786 ने फोन केला, Zone_0114, Bhopal के पास। समय 2026-08-10 08:27:00.",P00671,P00786,LOC0114
DIG005571,2026-04-24 03:33:00,ml,"PERSON_00617 और PERSON_00324 ने സന്ദർശിച്ചു, Zone_0141, Jabalpur के पास। समय 2026-04-24 03:33:00.",P00617,P00324,LOC0141
DIG005572,2026-03-26 11:32:00,ur,"PERSON_00833 और PERSON_00149 ने دورہ کیا, Zone_0092, Ujjain के पास। समय 2026-03-26 11:32:00.",P00833,P00149,LOC0092
DIG005573,2026-06-06 00:21:00,gu,"PERSON_00868 और PERSON_00260 ने સ્થાન શેર કર્યું, Zone_0133, Indore के पास। समय 2026-06-06 00:21:00.",P00868,P00260,LOC0133
DIG005574,2026-01-17 09:32:00,pa,"PERSON_00566 और PERSON_00203 ने ਮੁਲਾਕਾਤ ਕੀਤੀ, Zone_0019, Gwalior के पास। समय 2026-01-17 09:32:00.",P00566,P00203,LOC0019
DIG005575,2026-06-05 03:19:00,te,"PERSON_00915 और PERSON_00449 ने డబ్బు పంపారు, Zone_0084, Gwalior के पास। समय 2026-06-05 03:19:00.",P00915,P00449,LOC0084
DIG005576,2026-05-22 07:49:00,ta,"PERSON_00281 और PERSON_00250 ने சந்தித்தார், Zone_0085, Gwalior के पास। समय 2026-05-22 07:49:00.",P00281,P00250,LOC0085
DIG005577,2026-04-22 20:02:00,ta,"PERSON_00779 और PERSON_00907 ने சென்றார், Zone_0163, Nagpur के पास। समय 2026-04-22 20:02:00.",P00779,P00907,LOC0163
DIG005578,2026-01-05 22:39:00,ur,"PERSON_00028 और PERSON_00912 ने دورہ کیا, Zone_0019, Gwalior के पास। समय 2026-01-05 22:39:00.",P00028,P00912,LOC0019
DIG005579,2026-03-12 16:39:00,gu,"PERSON_00091 और PERSON_00886 ने મુલાકાત લીધી, Zone_0109, Bhopal के पास। समय 2026-03-12 16:39:00.",P00091,P00886,LOC0109
DIG005580,2026-06-30 14:52:00,ml,"PERSON_00246 और PERSON_00776 ने സന്ദർശിച്ചു, Zone_0062, Ujjain के पास। समय 2026-06-30 14:52:00.",P00246,P00776,LOC0062
DIG005581,2026-04-17 22:19:00,te,"PERSON_00936 और PERSON_00666 ने సందేశం పంపారు, Zone_0018, Bhopal के पास। समय 2026-04-17 22:19:00.",P00936,P00666,LOC0018
DIG005582,2026-03-24 16:53:00,te,"PERSON_00889 और PERSON_00840 ने ఫోన్ చేశారు, Zone_0033, Jabalpur के पास। समय 2026-03-24 16:53:00.",P00889,P00840,LOC0033
DIG005583,2026-07-13 02:17:00,ta,"PERSON_00836 और PERSON_00993 ने பணம் அனுப்பினார், Zone_0071, Indore के पास। समय 2026-07-13 02:17:00.",P00836,P00993,LOC0071
DIG005584,2026-06-01 16:32:00,ml,"PERSON_00243 और PERSON_00207 ने സന്ദർശിച്ചു, Zone_0114, Bhopal के पास। समय 2026-06-01 16:32:00.",P00243,P00207,LOC0114
DIG005585,2026-03-12 19:11:00,te,"PERSON_00962 और PERSON_00148 ने డబ్బు పంపారు, Zone_0094, Gwalior के पास। समय 2026-03-12 19:11:00.",P00962,P00148,LOC0094
DIG005586,2026-06-09 05:10:00,te,"PERSON_00016 और PERSON_00559 ने సందేశం పంపారు, Zone_0152, Nagpur के पास। समय 2026-06-09 05:10:00.",P00016,P00559,LOC0152
DIG005587,2026-08-10 08:34:00,kn,"PERSON_00635 और PERSON_00032 ने ಸಂಪರ್ಕಿಸಿದರು, Zone_0114, Bhopal के पास। समय 2026-08-10 08:34:00.",P00635,P00032,LOC0114
DIG005588,2026-02-11 11:43:00,mr,"PERSON_00506 और PERSON_00977 ने भेटला, Zone_0032, Jabalpur के पास। समय 2026-02-11 11:43:00.",P00506,P00977,LOC0032
DIG005589,2026-06-13 14:00:00,ml,"PERSON_00386 और PERSON_00669 ने ബന്ധപ്പെട്ടു, Zone_0003, Indore के पास। समय 2026-06-13 14:00:00.",P00386,P00669,LOC0003
DIG005590,2026-05-25 18:44:00,ta,"PERSON_00187 और PERSON_00582 ने சந்தித்தார், Zone_0168, Nagpur के पास। समय 2026-05-25 18:44:00.",P00187,P00582,LOC0168
DIG005591,2026-02-04 18:16:00,en,"PERSON_00640 called PERSON_00843 near Zone_0156, Bhopal. Record time 2026-02-04 18:16:00.",P00640,P00843,LOC0156
DIG005592,2026-01-30 07:17:00,en,"PERSON_00739 transferred funds to PERSON_00047 near Zone_0105, Bhopal. Record time 2026-01-30 07:17:00.",P00739,P00047,LOC0105
DIG005593,2026-08-01 22:42:00,pa,"PERSON_00164 और PERSON_00196 ने ਫੋਨ ਕੀਤਾ, Zone_0044, Bhopal के पास। समय 2026-08-01 22:42:00.",P00164,P00196,LOC0044
DIG005594,2026-01-09 04:04:00,mr,"PERSON_00154 और PERSON_00014 ने संदेश पाठवला, Zone_0016, Ujjain के पास। समय 2026-01-09 04:04:00.",P00154,P00014,LOC0016
DIG005595,2026-04-11 08:53:00,mr,"PERSON_00981 और PERSON_00213 ने भेट दिली, Zone_0142, Jabalpur के पास। समय 2026-04-11 08:53:00.",P00981,P00213,LOC0142
DIG005596,2026-05-10 14:09:00,kn,"PERSON_00355 और PERSON_00030 ने ಹಣ ಕಳುಹಿಸಿದರು, Zone_0137, Nagpur के पास। समय 2026-05-10 14:09:00.",P00355,P00030,LOC0137
DIG005597,2026-07-22 21:24:00,ta,"PERSON_00012 और PERSON_00069 ने தொடர்பு கொண்டார், Zone_0026, Nagpur के पास। समय 2026-07-22 21:24:00.",P00012,P00069,LOC0026
DIG005598,2026-07-15 21:40:00,ml,"PERSON_00421 और PERSON_00280 ने കണ്ടുമുട്ടി, Zone_0165, Gwalior के पास। समय 2026-07-15 21:40:00.",P00421,P00280,LOC0165
DIG005599,2026-03-08 00:21:00,hi,"PERSON_00282 और PERSON_00816 ने फोन किया, Zone_0070, Ujjain के पास। समय 2026-03-08 00:21:00.",P00282,P00816,LOC0070
DIG005600,2026-05-23 04:15:00,mr,"PERSON_00149 और PERSON_00647 ने ठिकाण शेअर केले, Zone_0077, Bhopal के पास। समय 2026-05-23 04:15:00.",P00149,P00647,LOC0077
DIG005601,2026-06-15 00:51:00,te,"PERSON_00807 और PERSON_00727 ने వెళ్లారు, Zone_0151, Indore के पास। समय 2026-06-15 00:51:00.",P00807,P00727,LOC0151
DIG005602,2026-05-30 16:04:00,mr,"PERSON_00440 और PERSON_00405 ने फोन केला, Zone_0043, Gwalior के पास। समय 2026-05-30 16:04:00.",P00440,P00405,LOC0043
DIG005603,2026-02-15 19:27:00,ta,"PERSON_00238 और PERSON_00576 ने சென்றார், Zone_0007, Ujjain के पास। समय 2026-02-15 19:27:00.",P00238,P00576,LOC0007
DIG005604,2026-05-31 11:45:00,te,"PERSON_00314 और PERSON_00162 ने కలిశారు, Zone_0173, Jabalpur के पास। समय 2026-05-31 11:45:00.",P00314,P00162,LOC0173
DIG005605,2026-04-01 12:20:00,bn,"PERSON_00590 और PERSON_00179 ने বার্তা পাঠিয়েছে, Zone_0080, Indore के पास। समय 2026-04-01 12:20:00.",P00590,P00179,LOC0080
DIG005606,2026-05-22 03:20:00,te,"PERSON_00078 और PERSON_00367 ने సంప్రదించారు, Zone_0010, Indore के पास। समय 2026-05-22 03:20:00.",P00078,P00367,LOC0010
DIG005607,2026-05-19 09:52:00,hi,"PERSON_00300 और PERSON_00894 ने वाहन का उपयोग किया, Zone_0045, Gwalior के पास। समय 2026-05-19 09:52:00.",P00300,P00894,LOC0045
DIG005608,2026-06-12 11:00:00,pa,"PERSON_00092 और PERSON_00528 ने ਪੈਸੇ ਭੇਜੇ, Zone_0045, Gwalior के पास। समय 2026-06-12 11:00:00.",P00092,P00528,LOC0045
DIG005609,2026-08-26 19:16:00,ta,"PERSON_00920 और PERSON_00070 ने அழைத்தார், Zone_0013, Gwalior के पास। समय 2026-08-26 19:16:00.",P00920,P00070,LOC0013
DIG005610,2026-08-09 18:28:00,kn,"PERSON_00559 और PERSON_00030 ने ಭೇಟಿಯಾದರು, Zone_0155, Nagpur के पास। समय 2026-08-09 18:28:00.",P00559,P00030,LOC0155
DIG005611,2026-06-14 04:04:00,kn,"PERSON_00939 और PERSON_00696 ने ಹಣ ಕಳುಹಿಸಿದರು, Zone_0094, Gwalior के पास। समय 2026-06-14 04:04:00.",P00939,P00696,LOC0094
DIG005612,2026-02-02 18:31:00,ur,"PERSON_00436 और PERSON_00515 ने پیغام بھیجا, Zone_0122, Nagpur के पास। समय 2026-02-02 18:31:00.",P00436,P00515,LOC0122
DIG005613,2026-02-17 21:40:00,pa,"PERSON_00301 और PERSON_00896 ने ਮੁਲਾਕਾਤ ਕੀਤੀ, Zone_0120, Ujjain के पास। समय 2026-02-17 21:40:00.",P00301,P00896,LOC0120
DIG005614,2026-04-21 05:02:00,kn,"PERSON_00026 और PERSON_00277 ने ಕರೆ ಮಾಡಿದರು, Zone_0046, Bhopal के पास। समय 2026-04-21 05:02:00.",P00026,P00277,LOC0046
DIG005615,2026-01-10 20:37:00,en,"PERSON_00533 called PERSON_00679 near Zone_0116, Bhopal. Record time 2026-01-10 20:37:00.",P00533,P00679,LOC0116
DIG005616,2026-04-10 02:36:00,gu,"PERSON_00304 और PERSON_00183 ने મુલાકાત લીધી, Zone_0021, Ujjain के पास। समय 2026-04-10 02:36:00.",P00304,P00183,LOC0021
DIG005617,2026-06-04 00:39:00,gu,"PERSON_00351 और PERSON_00757 ने સંદેશ મોકલ્યો, Zone_0114, Bhopal के पास। समय 2026-06-04 00:39:00.",P00351,P00757,LOC0114
DIG005618,2026-04-13 01:33:00,kn,"PERSON_00589 और PERSON_00843 ने ಕರೆ ಮಾಡಿದರು, Zone_0106, Ujjain के पास। समय 2026-04-13 01:33:00.",P00589,P00843,LOC0106
DIG005619,2026-02-21 14:25:00,pa,"PERSON_00858 और PERSON_00940 ने ਸਥਾਨ ਸਾਂਝਾ ਕੀਤਾ, Zone_0065, Jabalpur के पास। समय 2026-02-21 14:25:00.",P00858,P00940,LOC0065
DIG005620,2026-01-12 16:25:00,ur,"PERSON_00557 और PERSON_00877 ने پیغام بھیجا, Zone_0069, Jabalpur के पास। समय 2026-01-12 16:25:00.",P00557,P00877,LOC0069
DIG005621,2026-01-28 07:34:00,ta,"PERSON_00342 और PERSON_00891 ने இடத்தை பகிர்ந்தார், Zone_0108, Bhopal के पास। समय 2026-01-28 07:34:00.",P00342,P00891,LOC0108
DIG005622,2026-07-26 20:42:00,gu,"PERSON_00391 और PERSON_00336 ने મુલાકાત લીધી, Zone_0093, Jabalpur के पास। समय 2026-07-26 20:42:00.",P00391,P00336,LOC0093
DIG005623,2026-05-10 05:02:00,te,"PERSON_00512 और PERSON_00982 ने డబ్బు పంపారు, Zone_0019, Gwalior के पास। समय 2026-05-10 05:02:00.",P00512,P00982,LOC0019
DIG005624,2026-07-31 03:02:00,ur,"PERSON_00022 और PERSON_00221 ने رقم منتقل کی, Zone_0158, Jabalpur के पास। समय 2026-07-31 03:02:00.",P00022,P00221,LOC0158
DIG005625,2026-06-25 12:15:00,ta,"PERSON_00958 और PERSON_00024 ने இடத்தை பகிர்ந்தார், Zone_0136, Jabalpur के पास। समय 2026-06-25 12:15:00.",P00958,P00024,LOC0136
DIG005626,2026-04-06 13:42:00,ta,"PERSON_00467 और PERSON_00955 ने செய்தி அனுப்பினார், Zone_0124, Bhopal के पास। समय 2026-04-06 13:42:00.",P00467,P00955,LOC0124
DIG005627,2026-06-01 07:56:00,kn,"PERSON_00026 और PERSON_00788 ने ಕರೆ ಮಾಡಿದರು, Zone_0058, Bhopal के पास। समय 2026-06-01 07:56:00.",P00026,P00788,LOC0058
DIG005628,2026-06-27 21:20:00,gu,"PERSON_00054 और PERSON_00907 ने ફોન કર્યો, Zone_0031, Bhopal के पास। समय 2026-06-27 21:20:00.",P00054,P00907,LOC0031
DIG005629,2026-03-30 00:07:00,kn,"PERSON_00854 और PERSON_00769 ने ಸಂದೇಶ ಕಳುಹಿಸಿದರು, Zone_0010, Indore के पास। समय 2026-03-30 00:07:00.",P00854,P00769,LOC0010
DIG005630,2026-04-22 21:08:00,hi,"PERSON_00020 और PERSON_00856 ने फोन किया, Zone_0155, Nagpur के पास। समय 2026-04-22 21:08:00.",P00020,P00856,LOC0155
DIG005631,2026-02-20 15:39:00,gu,"PERSON_00392 और PERSON_00700 ने મુલાકાત લીધી, Zone_0083, Ujjain के पास। समय 2026-02-20 15:39:00.",P00392,P00700,LOC0083
DIG005632,2026-08-22 22:40:00,hi,"PERSON_00501 और PERSON_00169 ने वाहन का उपयोग किया, Zone_0085, Gwalior के पास। समय 2026-08-22 22:40:00.",P00501,P00169,LOC0085
DIG005633,2026-05-26 18:44:00,ta,"PERSON_00060 और PERSON_00330 ने பணம் அனுப்பினார், Zone_0092, Ujjain के पास। समय 2026-05-26 18:44:00.",P00060,P00330,LOC0092
DIG005634,2026-02-04 07:09:00,bn,"PERSON_00528 और PERSON_00398 ने স্থান ভাগ করেছে, Zone_0045, Gwalior के पास। समय 2026-02-04 07:09:00.",P00528,P00398,LOC0045
DIG005635,2026-06-27 21:25:00,te,"PERSON_00900 और PERSON_00661 ने డబ్బు పంపారు, Zone_0060, Ujjain के पास। समय 2026-06-27 21:25:00.",P00900,P00661,LOC0060
DIG005636,2026-02-27 21:18:00,en,"PERSON_00948 transferred funds to PERSON_00661 near Zone_0129, Nagpur. Record time 2026-02-27 21:18:00.",P00948,P00661,LOC0129
DIG005637,2026-01-11 08:41:00,bn,"PERSON_00385 और PERSON_00443 ने ফোন করেছে, Zone_0137, Nagpur के पास। समय 2026-01-11 08:41:00.",P00385,P00443,LOC0137
DIG005638,2026-08-22 13:54:00,bn,"PERSON_00288 और PERSON_00425 ने পরিদর্শন করেছে, Zone_0113, Indore के पास। समय 2026-08-22 13:54:00.",P00288,P00425,LOC0113
DIG005639,2026-03-08 22:55:00,en,"PERSON_00728 transferred funds to PERSON_00780 near Zone_0014, Bhopal. Record time 2026-03-08 22:55:00.",P00728,P00780,LOC0014
DIG005640,2026-05-01 00:33:00,ur,"PERSON_00574 और PERSON_00352 ने ملاقات کی, Zone_0099, Bhopal के पास। समय 2026-05-01 00:33:00.",P00574,P00352,LOC0099
DIG005641,2026-06-23 23:32:00,ml,"PERSON_00245 और PERSON_00830 ने സ്ഥലം പങ്കിട്ടു, Zone_0031, Bhopal के पास। समय 2026-06-23 23:32:00.",P00245,P00830,LOC0031
DIG005642,2026-03-29 18:27:00,ur,"PERSON_00074 और PERSON_00360 ने دورہ کیا, Zone_0099, Bhopal के पास। समय 2026-03-29 18:27:00.",P00074,P00360,LOC0099
DIG005643,2026-04-06 11:46:00,ml,"PERSON_00897 और PERSON_00378 ने സന്ദേശം അയച്ചു, Zone_0142, Jabalpur के पास। समय 2026-04-06 11:46:00.",P00897,P00378,LOC0142
DIG005644,2026-03-31 19:29:00,ur,"PERSON_00095 और PERSON_00502 ने فون کیا, Zone_0082, Nagpur के पास। समय 2026-03-31 19:29:00.",P00095,P00502,LOC0082
DIG005645,2026-01-07 03:46:00,ml,"PERSON_00874 और PERSON_00291 ने കണ്ടുമുട്ടി, Zone_0107, Indore के पास। समय 2026-01-07 03:46:00.",P00874,P00291,LOC0107
DIG005646,2026-08-23 20:19:00,hi,"PERSON_00218 और PERSON_00375 ने धन भेजा, Zone_0168, Nagpur के पास। समय 2026-08-23 20:19:00.",P00218,P00375,LOC0168
DIG005647,2026-07-29 16:20:00,bn,"PERSON_00078 और PERSON_00712 ने দেখা করেছে, Zone_0131, Gwalior के पास। समय 2026-07-29 16:20:00.",P00078,P00712,LOC0131
DIG005648,2026-07-24 02:55:00,mr,"PERSON_00604 और PERSON_00136 ने भेटला, Zone_0075, Gwalior के पास। समय 2026-07-24 02:55:00.",P00604,P00136,LOC0075
DIG005649,2026-01-07 22:57:00,bn,"PERSON_00111 और PERSON_00095 ने পরিদর্শন করেছে, Zone_0016, Ujjain के पास। समय 2026-01-07 22:57:00.",P00111,P00095,LOC0016
DIG005650,2026-06-29 08:32:00,ml,"PERSON_00005 और PERSON_00481 ने സന്ദർശിച്ചു, Zone_0003, Indore के पास। समय 2026-06-29 08:32:00.",P00005,P00481,LOC0003
DIG005651,2026-06-22 06:54:00,te,"PERSON_00059 और PERSON_00866 ने డబ్బు పంపారు, Zone_0124, Bhopal के पास। समय 2026-06-22 06:54:00.",P00059,P00866,LOC0124
DIG005652,2026-03-08 11:34:00,kn,"PERSON_00224 और PERSON_00745 ने ಸಂಪರ್ಕಿಸಿದರು, Zone_0067, Indore के पास। समय 2026-03-08 11:34:00.",P00224,P00745,LOC0067
DIG005653,2026-01-20 08:38:00,pa,"PERSON_00635 और PERSON_00518 ने ਸੰਪਰਕ ਕੀਤਾ, Zone_0170, Ujjain के पास। समय 2026-01-20 08:38:00.",P00635,P00518,LOC0170
DIG005654,2026-07-23 07:59:00,mr,"PERSON_00654 और PERSON_00401 ने भेटला, Zone_0111, Jabalpur के पास। समय 2026-07-23 07:59:00.",P00654,P00401,LOC0111
DIG005655,2026-04-21 17:24:00,ur,"PERSON_00542 और PERSON_00746 ने رابطہ کیا, Zone_0111, Jabalpur के पास। समय 2026-04-21 17:24:00.",P00542,P00746,LOC0111
DIG005656,2026-01-22 10:46:00,en,"PERSON_00249 sent a message to PERSON_00880 near Zone_0052, Nagpur. Record time 2026-01-22 10:46:00.",P00249,P00880,LOC0052
DIG005657,2026-06-17 11:47:00,gu,"PERSON_00877 और PERSON_00278 ने સ્થાન શેર કર્યું, Zone_0001, Gwalior के पास। समय 2026-06-17 11:47:00.",P00877,P00278,LOC0001
DIG005658,2026-08-04 01:42:00,ur,"PERSON_00501 और PERSON_00336 ने رابطہ کیا, Zone_0174, Gwalior के पास। समय 2026-08-04 01:42:00.",P00501,P00336,LOC0174
DIG005659,2026-01-06 07:39:00,en,"PERSON_00902 visited PERSON_00091 near Zone_0031, Bhopal. Record time 2026-01-06 07:39:00.",P00902,P00091,LOC0031
DIG005660,2026-03-09 20:59:00,te,"PERSON_00833 और PERSON_00668 ने డబ్బు పంపారు, Zone_0069, Jabalpur के पास। समय 2026-03-09 20:59:00.",P00833,P00668,LOC0069
DIG005661,2026-03-30 17:25:00,gu,"PERSON_00598 और PERSON_00736 ने મુલાકાત લીધી, Zone_0045, Gwalior के पास। समय 2026-03-30 17:25:00.",P00598,P00736,LOC0045
DIG005662,2026-08-19 04:01:00,pa,"PERSON_00737 और PERSON_00980 ने ਪੈਸੇ ਭੇਜੇ, Zone_0021, Ujjain के पास। समय 2026-08-19 04:01:00.",P00737,P00980,LOC0021
DIG005663,2026-02-06 05:22:00,bn,"PERSON_00160 और PERSON_00104 ने দেখা করেছে, Zone_0080, Indore के पास। समय 2026-02-06 05:22:00.",P00160,P00104,LOC0080
DIG005664,2026-02-14 11:13:00,te,"PERSON_00410 और PERSON_00529 ने స్థానం పంచుకున్నారు, Zone_0142, Jabalpur के पास। समय 2026-02-14 11:13:00.",P00410,P00529,LOC0142
DIG005665,2026-05-16 23:49:00,ur,"PERSON_00661 और PERSON_00950 ने فون کیا, Zone_0089, Jabalpur के पास। समय 2026-05-16 23:49:00.",P00661,P00950,LOC0089
DIG005666,2026-04-03 19:28:00,mr,"PERSON_00266 और PERSON_00370 ने संदेश पाठवला, Zone_0070, Ujjain के पास। समय 2026-04-03 19:28:00.",P00266,P00370,LOC0070
DIG005667,2026-02-03 03:24:00,kn,"PERSON_00392 और PERSON_00303 ने ಭೇಟಿ ನೀಡಿದರು, Zone_0173, Jabalpur के पास। समय 2026-02-03 03:24:00.",P00392,P00303,LOC0173
DIG005668,2026-02-02 06:37:00,ur,"PERSON_00840 और PERSON_00617 ने مقام شیئر کیا, Zone_0136, Jabalpur के पास। समय 2026-02-02 06:37:00.",P00840,P00617,LOC0136
DIG005669,2026-07-08 22:03:00,gu,"PERSON_00264 और PERSON_00372 ने ફોન કર્યો, Zone_0069, Jabalpur के पास। समय 2026-07-08 22:03:00.",P00264,P00372,LOC0069
DIG005670,2026-03-27 01:12:00,ta,"PERSON_00420 और PERSON_00177 ने அழைத்தார், Zone_0174, Gwalior के पास। समय 2026-03-27 01:12:00.",P00420,P00177,LOC0174
DIG005671,2026-05-29 15:52:00,en,"PERSON_00634 used a vehicle PERSON_00624 near Zone_0076, Indore. Record time 2026-05-29 15:52:00.",P00634,P00624,LOC0076
DIG005672,2026-08-06 12:07:00,kn,"PERSON_00472 और PERSON_00023 ने ಕರೆ ಮಾಡಿದರು, Zone_0129, Nagpur के पास। समय 2026-08-06 12:07:00.",P00472,P00023,LOC0129
DIG005673,2026-06-22 23:38:00,ur,"PERSON_00394 और PERSON_00963 ने رابطہ کیا, Zone_0078, Ujjain के पास। समय 2026-06-22 23:38:00.",P00394,P00963,LOC0078
DIG005674,2026-05-16 16:20:00,gu,"PERSON_00158 और PERSON_00095 ने મળ્યા, Zone_0099, Bhopal के पास। समय 2026-05-16 16:20:00.",P00158,P00095,LOC0099
DIG005675,2026-07-19 06:44:00,ta,"PERSON_00260 और PERSON_00987 ने சென்றார், Zone_0150, Ujjain के पास। समय 2026-07-19 06:44:00.",P00260,P00987,LOC0150
DIG005676,2026-02-21 09:38:00,te,"PERSON_00690 और PERSON_00270 ने డబ్బు పంపారు, Zone_0100, Jabalpur के पास। समय 2026-02-21 09:38:00.",P00690,P00270,LOC0100
DIG005677,2026-01-03 00:27:00,ta,"PERSON_00928 और PERSON_00347 ने சென்றார், Zone_0158, Jabalpur के पास। समय 2026-01-03 00:27:00.",P00928,P00347,LOC0158
DIG005678,2026-06-06 00:50:00,en,"PERSON_00489 transferred funds to PERSON_00608 near Zone_0160, Ujjain. Record time 2026-06-06 00:50:00.",P00489,P00608,LOC0160
DIG005679,2026-01-07 16:51:00,en,"PERSON_00367 sent a message to PERSON_00030 near Zone_0134, Indore. Record time 2026-01-07 16:51:00.",P00367,P00030,LOC0134
DIG005680,2026-03-25 05:40:00,kn,"PERSON_00008 और PERSON_00278 ने ಕರೆ ಮಾಡಿದರು, Zone_0118, Ujjain के पास। समय 2026-03-25 05:40:00.",P00008,P00278,LOC0118
DIG005681,2026-07-10 03:17:00,gu,"PERSON_00480 और PERSON_00663 ने મુલાકાત લીધી, Zone_0121, Nagpur के पास। समय 2026-07-10 03:17:00.",P00480,P00663,LOC0121
DIG005682,2026-07-08 19:49:00,bn,"PERSON_00939 और PERSON_00800 ने যোগাযোগ করেছে, Zone_0021, Ujjain के पास। समय 2026-07-08 19:49:00.",P00939,P00800,LOC0021
DIG005683,2026-03-20 20:48:00,pa,"PERSON_00923 और PERSON_00285 ने ਫੋਨ ਕੀਤਾ, Zone_0067, Indore के पास। समय 2026-03-20 20:48:00.",P00923,P00285,LOC0067
DIG005684,2026-01-09 14:59:00,gu,"PERSON_00987 और PERSON_00046 ने નાણાં મોકલ્યાં, Zone_0008, Nagpur के पास। समय 2026-01-09 14:59:00.",P00987,P00046,LOC0008
DIG005685,2026-03-24 12:49:00,gu,"PERSON_00320 और PERSON_00850 ने સંદેશ મોકલ્યો, Zone_0008, Nagpur के पास। समय 2026-03-24 12:49:00.",P00320,P00850,LOC0008
DIG005686,2026-01-26 10:53:00,ml,"PERSON_00048 और PERSON_00024 ने കണ്ടുമുട്ടി, Zone_0039, Gwalior के पास। समय 2026-01-26 10:53:00.",P00048,P00024,LOC0039
DIG005687,2026-04-14 12:30:00,en,"PERSON_00616 shared a location with PERSON_00128 near Zone_0027, Gwalior. Record time 2026-04-14 12:30:00.",P00616,P00128,LOC0027
DIG005688,2026-08-13 21:38:00,kn,"PERSON_00583 और PERSON_00136 ने ಸಂಪರ್ಕಿಸಿದರು, Zone_0031, Bhopal के पास। समय 2026-08-13 21:38:00.",P00583,P00136,LOC0031
DIG005689,2026-01-16 14:05:00,bn,"PERSON_00443 और PERSON_00091 ने যোগাযোগ করেছে, Zone_0126, Nagpur के पास। समय 2026-01-16 14:05:00.",P00443,P00091,LOC0126
DIG005690,2026-08-22 16:59:00,te,"PERSON_00784 और PERSON_00829 ने సంప్రదించారు, Zone_0146, Bhopal के पास। समय 2026-08-22 16:59:00.",P00784,P00829,LOC0146
DIG005691,2026-07-08 14:03:00,ur,"PERSON_00919 और PERSON_00141 ने رابطہ کیا, Zone_0168, Nagpur के पास। समय 2026-07-08 14:03:00.",P00919,P00141,LOC0168
DIG005692,2026-06-25 08:17:00,gu,"PERSON_00041 और PERSON_00348 ने સંપર્ક કર્યો, Zone_0118, Ujjain के पास। समय 2026-06-25 08:17:00.",P00041,P00348,LOC0118
DIG005693,2026-08-15 13:53:00,kn,"PERSON_00067 और PERSON_00177 ने ಸಂಪರ್ಕಿಸಿದರು, Zone_0010, Indore के पास। समय 2026-08-15 13:53:00.",P00067,P00177,LOC0010
DIG005694,2026-08-11 01:28:00,pa,"PERSON_00717 और PERSON_00367 ने ਸੁਨੇਹਾ ਭੇਜਿਆ, Zone_0145, Jabalpur के पास। समय 2026-08-11 01:28:00.",P00717,P00367,LOC0145
DIG005695,2026-07-17 00:46:00,hi,"PERSON_00934 और PERSON_00776 ने संपर्क किया, Zone_0004, Indore के पास। समय 2026-07-17 00:46:00.",P00934,P00776,LOC0004
DIG005696,2026-05-30 19:15:00,te,"PERSON_00724 और PERSON_00926 ने స్థానం పంచుకున్నారు, Zone_0086, Gwalior के पास। समय 2026-05-30 19:15:00.",P00724,P00926,LOC0086
DIG005697,2026-07-26 06:56:00,en,"PERSON_00189 met PERSON_00123 near Zone_0115, Jabalpur. Record time 2026-07-26 06:56:00.",P00189,P00123,LOC0115
DIG005698,2026-06-15 09:33:00,hi,"PERSON_00272 और PERSON_00237 ने धन भेजा, Zone_0179, Gwalior के पास। समय 2026-06-15 09:33:00.",P00272,P00237,LOC0179
DIG005699,2026-03-29 04:19:00,pa,"PERSON_00860 और PERSON_00825 ने ਮਿਲਿਆ, Zone_0134, Indore के पास। समय 2026-03-29 04:19:00.",P00860,P00825,LOC0134
DIG005700,2026-08-09 11:43:00,bn,"PERSON_00972 और PERSON_00980 ने ফোন করেছে, Zone_0080, Indore के पास। समय 2026-08-09 11:43:00.",P00972,P00980,LOC0080
DIG005701,2026-04-05 22:34:00,pa,"PERSON_00122 और PERSON_00859 ने ਮੁਲਾਕਾਤ ਕੀਤੀ, Zone_0160, Ujjain के पास। समय 2026-04-05 22:34:00.",P00122,P00859,LOC0160
DIG005702,2026-01-11 19:14:00,kn,"PERSON_00406 और PERSON_00958 ने ಸ್ಥಳ ಹಂಚಿಕೊಂಡರು, Zone_0122, Nagpur के पास। समय 2026-01-11 19:14:00.",P00406,P00958,LOC0122
DIG005703,2026-05-17 16:57:00,hi,"PERSON_00424 और PERSON_00493 ने स्थान साझा किया, Zone_0059, Indore के पास। समय 2026-05-17 16:57:00.",P00424,P00493,LOC0059
DIG005704,2026-01-10 04:30:00,gu,"PERSON_00907 और PERSON_00848 ने સંદેશ મોકલ્યો, Zone_0083, Ujjain के पास। समय 2026-01-10 04:30:00.",P00907,P00848,LOC0083
DIG005705,2026-01-07 20:26:00,en,"PERSON_00996 used a vehicle PERSON_00214 near Zone_0142, Jabalpur. Record time 2026-01-07 20:26:00.",P00996,P00214,LOC0142
DIG005706,2026-03-02 17:37:00,ml,"PERSON_00526 और PERSON_00527 ने കണ്ടുമുട്ടി, Zone_0071, Indore के पास। समय 2026-03-02 17:37:00.",P00526,P00527,LOC0071
DIG005707,2026-01-14 18:22:00,ml,"PERSON_00491 और PERSON_00421 ने സ്ഥലം പങ്കിട്ടു, Zone_0006, Bhopal के पास। समय 2026-01-14 18:22:00.",P00491,P00421,LOC0006
DIG005708,2026-01-15 15:37:00,pa,"PERSON_00994 और PERSON_00080 ने ਸਥਾਨ ਸਾਂਝਾ ਕੀਤਾ, Zone_0083, Ujjain के पास। समय 2026-01-15 15:37:00.",P00994,P00080,LOC0083
DIG005709,2026-08-26 06:23:00,te,"PERSON_00116 और PERSON_00335 ने వెళ్లారు, Zone_0147, Ujjain के पास। समय 2026-08-26 06:23:00.",P00116,P00335,LOC0147
DIG005710,2026-01-05 06:38:00,en,"PERSON_00877 visited PERSON_00832 near Zone_0078, Ujjain. Record time 2026-01-05 06:38:00.",P00877,P00832,LOC0078
DIG005711,2026-02-25 13:12:00,hi,"PERSON_00810 और PERSON_00308 ने मिला, Zone_0106, Ujjain के पास। समय 2026-02-25 13:12:00.",P00810,P00308,LOC0106
DIG005712,2026-06-05 11:30:00,pa,"PERSON_00829 और PERSON_00995 ने ਸਥਾਨ ਸਾਂਝਾ ਕੀਤਾ, Zone_0074, Ujjain के पास। समय 2026-06-05 11:30:00.",P00829,P00995,LOC0074
DIG005713,2026-06-25 18:40:00,mr,"PERSON_00516 और PERSON_00055 ने ठिकाण शेअर केले, Zone_0003, Indore के पास। समय 2026-06-25 18:40:00.",P00516,P00055,LOC0003
DIG005714,2026-03-31 02:37:00,pa,"PERSON_00550 और PERSON_00713 ने ਪੈਸੇ ਭੇਜੇ, Zone_0002, Ujjain के पास। समय 2026-03-31 02:37:00.",P00550,P00713,LOC0002
DIG005715,2026-03-16 22:53:00,hi,"PERSON_00376 और PERSON_00430 ने दौरा किया, Zone_0098, Nagpur के पास। समय 2026-03-16 22:53:00.",P00376,P00430,LOC0098
DIG005716,2026-03-06 20:38:00,ur,"PERSON_00161 और PERSON_00362 ने پیغام بھیجا, Zone_0173, Jabalpur के पास। समय 2026-03-06 20:38:00.",P00161,P00362,LOC0173
DIG005717,2026-04-09 01:08:00,ta,"PERSON_00925 और PERSON_00760 ने செய்தி அனுப்பினார், Zone_0159, Nagpur के पास। समय 2026-04-09 01:08:00.",P00925,P00760,LOC0159
DIG005718,2026-07-30 04:40:00,mr,"PERSON_00621 और PERSON_00173 ने ठिकाण शेअर केले, Zone_0117, Gwalior के पास। समय 2026-07-30 04:40:00.",P00621,P00173,LOC0117
DIG005719,2026-01-04 19:49:00,hi,"PERSON_00044 और PERSON_00699 ने मिला, Zone_0122, Nagpur के पास। समय 2026-01-04 19:49:00.",P00044,P00699,LOC0122
DIG005720,2026-01-02 22:50:00,ur,"PERSON_00522 और PERSON_00854 ने رقم منتقل کی, Zone_0174, Gwalior के पास। समय 2026-01-02 22:50:00.",P00522,P00854,LOC0174
DIG005721,2026-07-20 15:25:00,mr,"PERSON_00743 और PERSON_00461 ने संपर्क केला, Zone_0068, Bhopal के पास। समय 2026-07-20 15:25:00.",P00743,P00461,LOC0068
DIG005722,2026-04-27 04:52:00,ur,"PERSON_00470 और PERSON_00534 ने رابطہ کیا, Zone_0044, Bhopal के पास। समय 2026-04-27 04:52:00.",P00470,P00534,LOC0044
DIG005723,2026-03-02 09:07:00,ml,"PERSON_00682 और PERSON_00079 ने വിളിച്ചു, Zone_0054, Jabalpur के पास। समय 2026-03-02 09:07:00.",P00682,P00079,LOC0054
DIG005724,2026-04-06 22:01:00,pa,"PERSON_00691 और PERSON_00341 ने ਸਥਾਨ ਸਾਂਝਾ ਕੀਤਾ, Zone_0002, Ujjain के पास। समय 2026-04-06 22:01:00.",P00691,P00341,LOC0002
DIG005725,2026-07-13 21:32:00,ml,"PERSON_00511 और PERSON_00250 ने സ്ഥലം പങ്കിട്ടു, Zone_0038, Ujjain के पास। समय 2026-07-13 21:32:00.",P00511,P00250,LOC0038
DIG005726,2026-06-01 16:50:00,hi,"PERSON_00928 और PERSON_00187 ने वाहन का उपयोग किया, Zone_0177, Gwalior के पास। समय 2026-06-01 16:50:00.",P00928,P00187,LOC0177
DIG005727,2026-04-08 21:27:00,kn,"PERSON_00203 और PERSON_00210 ने ಭೇಟಿ ನೀಡಿದರು, Zone_0071, Indore के पास। समय 2026-04-08 21:27:00.",P00203,P00210,LOC0071
DIG005728,2026-05-26 00:44:00,hi,"PERSON_00215 और PERSON_00802 ने स्थान साझा किया, Zone_0146, Bhopal के पास। समय 2026-05-26 00:44:00.",P00215,P00802,LOC0146
DIG005729,2026-08-08 15:06:00,te,"PERSON_00293 और PERSON_00353 ने కలిశారు, Zone_0037, Indore के पास। समय 2026-08-08 15:06:00.",P00293,P00353,LOC0037
DIG005730,2026-03-20 06:15:00,hi,"PERSON_00774 और PERSON_00872 ने संपर्क किया, Zone_0178, Gwalior के पास। समय 2026-03-20 06:15:00.",P00774,P00872,LOC0178
DIG005731,2026-03-10 08:32:00,te,"PERSON_00122 और PERSON_00284 ने సందేశం పంపారు, Zone_0097, Ujjain के पास। समय 2026-03-10 08:32:00.",P00122,P00284,LOC0097
DIG005732,2026-03-27 08:46:00,pa,"PERSON_00987 और PERSON_00175 ने ਫੋਨ ਕੀਤਾ, Zone_0178, Gwalior के पास। समय 2026-03-27 08:46:00.",P00987,P00175,LOC0178
DIG005733,2026-08-12 23:07:00,gu,"PERSON_00840 और PERSON_00904 ने સંપર્ક કર્યો, Zone_0141, Jabalpur के पास। समय 2026-08-12 23:07:00.",P00840,P00904,LOC0141
DIG005734,2026-04-24 23:56:00,gu,"PERSON_00453 और PERSON_00516 ने સંપર્ક કર્યો, Zone_0014, Bhopal के पास। समय 2026-04-24 23:56:00.",P00453,P00516,LOC0014
DIG005735,2026-05-27 09:34:00,ml,"PERSON_00085 और PERSON_00580 ने സ്ഥലം പങ്കിട്ടു, Zone_0069, Jabalpur के पास। समय 2026-05-27 09:34:00.",P00085,P00580,LOC0069
DIG005736,2026-08-07 11:36:00,te,"PERSON_00727 और PERSON_00302 ने ఫోన్ చేశారు, Zone_0153, Jabalpur के पास। समय 2026-08-07 11:36:00.",P00727,P00302,LOC0153
DIG005737,2026-02-18 18:20:00,pa,"PERSON_00836 और PERSON_00121 ने ਮੁਲਾਕਾਤ ਕੀਤੀ, Zone_0113, Indore के पास। समय 2026-02-18 18:20:00.",P00836,P00121,LOC0113
DIG005738,2026-01-04 17:58:00,bn,"PERSON_00196 और PERSON_00093 ने স্থান ভাগ করেছে, Zone_0129, Nagpur के पास। समय 2026-01-04 17:58:00.",P00196,P00093,LOC0129
DIG005739,2026-05-07 14:07:00,pa,"PERSON_00041 और PERSON_00055 ने ਪੈਸੇ ਭੇਜੇ, Zone_0144, Nagpur के पास। समय 2026-05-07 14:07:00.",P00041,P00055,LOC0144
DIG005740,2026-05-10 13:21:00,bn,"PERSON_00494 और PERSON_00590 ने পরিদর্শন করেছে, Zone_0001, Gwalior के पास। समय 2026-05-10 13:21:00.",P00494,P00590,LOC0001
DIG005741,2026-06-24 16:08:00,en,"PERSON_00815 used a vehicle PERSON_00832 near Zone_0030, Nagpur. Record time 2026-06-24 16:08:00.",P00815,P00832,LOC0030
DIG005742,2026-01-11 09:22:00,gu,"PERSON_00025 और PERSON_00919 ने સંદેશ મોકલ્યો, Zone_0036, Ujjain के पास। समय 2026-01-11 09:22:00.",P00025,P00919,LOC0036
DIG005743,2026-03-23 18:55:00,hi,"PERSON_00839 और PERSON_00395 ने संदेश भेजा, Zone_0101, Jabalpur के पास। समय 2026-03-23 18:55:00.",P00839,P00395,LOC0101
DIG005744,2026-06-08 11:00:00,pa,"PERSON_00290 और PERSON_00664 ने ਮੁਲਾਕਾਤ ਕੀਤੀ, Zone_0126, Nagpur के पास। समय 2026-06-08 11:00:00.",P00290,P00664,LOC0126
DIG005745,2026-01-01 17:33:00,hi,"PERSON_00481 और PERSON_00634 ने दौरा किया, Zone_0164, Bhopal के पास। समय 2026-01-01 17:33:00.",P00481,P00634,LOC0164
DIG005746,2026-02-25 21:27:00,gu,"PERSON_00553 और PERSON_00931 ने નાણાં મોકલ્યાં, Zone_0032, Jabalpur के पास। समय 2026-02-25 21:27:00.",P00553,P00931,LOC0032
DIG005747,2026-03-21 08:41:00,bn,"PERSON_00390 और PERSON_00449 ने স্থান ভাগ করেছে, Zone_0011, Gwalior के पास। समय 2026-03-21 08:41:00.",P00390,P00449,LOC0011
DIG005748,2026-08-15 05:48:00,gu,"PERSON_00959 और PERSON_00421 ने મુલાકાત લીધી, Zone_0053, Nagpur के पास। समय 2026-08-15 05:48:00.",P00959,P00421,LOC0053
DIG005749,2026-05-08 00:21:00,gu,"PERSON_00785 और PERSON_00460 ने સંદેશ મોકલ્યો, Zone_0017, Gwalior के पास। समय 2026-05-08 00:21:00.",P00785,P00460,LOC0017
DIG005750,2026-01-19 15:49:00,pa,"PERSON_00367 और PERSON_00854 ने ਫੋਨ ਕੀਤਾ, Zone_0059, Indore के पास। समय 2026-01-19 15:49:00.",P00367,P00854,LOC0059
DIG005751,2026-08-12 06:08:00,kn,"PERSON_00701 और PERSON_00458 ने ಸಂದೇಶ ಕಳುಹಿಸಿದರು, Zone_0026, Nagpur के पास। समय 2026-08-12 06:08:00.",P00701,P00458,LOC0026
DIG005752,2026-02-24 13:41:00,mr,"PERSON_00926 और PERSON_00878 ने पैसे पाठवले, Zone_0016, Ujjain के पास। समय 2026-02-24 13:41:00.",P00926,P00878,LOC0016
DIG005753,2026-04-14 14:57:00,mr,"PERSON_00019 और PERSON_00458 ने ठिकाण शेअर केले, Zone_0026, Nagpur के पास। समय 2026-04-14 14:57:00.",P00019,P00458,LOC0026
DIG005754,2026-01-14 03:21:00,en,"PERSON_00355 visited PERSON_00101 near Zone_0069, Jabalpur. Record time 2026-01-14 03:21:00.",P00355,P00101,LOC0069
DIG005755,2026-02-28 05:05:00,ml,"PERSON_00934 और PERSON_00968 ने വിളിച്ചു, Zone_0177, Gwalior के पास। समय 2026-02-28 05:05:00.",P00934,P00968,LOC0177
DIG005756,2026-06-14 11:11:00,gu,"PERSON_00793 और PERSON_00944 ने સંપર્ક કર્યો, Zone_0079, Nagpur के पास। समय 2026-06-14 11:11:00.",P00793,P00944,LOC0079
DIG005757,2026-07-09 07:21:00,bn,"PERSON_00589 और PERSON_00199 ने ফোন করেছে, Zone_0093, Jabalpur के पास। समय 2026-07-09 07:21:00.",P00589,P00199,LOC0093
DIG005758,2026-02-06 13:11:00,hi,"PERSON_00192 और PERSON_00187 ने धन भेजा, Zone_0081, Gwalior के पास। समय 2026-02-06 13:11:00.",P00192,P00187,LOC0081
DIG005759,2026-06-17 14:15:00,pa,"PERSON_00731 और PERSON_00710 ने ਫੋਨ ਕੀਤਾ, Zone_0032, Jabalpur के पास। समय 2026-06-17 14:15:00.",P00731,P00710,LOC0032
DIG005760,2026-03-23 01:28:00,mr,"PERSON_00755 और PERSON_00570 ने पैसे पाठवले, Zone_0017, Gwalior के पास। समय 2026-03-23 01:28:00.",P00755,P00570,LOC0017
DIG005761,2026-04-09 18:10:00,bn,"PERSON_00374 और PERSON_00197 ने বার্তা পাঠিয়েছে, Zone_0020, Bhopal के पास। समय 2026-04-09 18:10:00.",P00374,P00197,LOC0020
DIG005762,2026-02-21 23:31:00,en,"PERSON_00776 sent a message to PERSON_00866 near Zone_0146, Bhopal. Record time 2026-02-21 23:31:00.",P00776,P00866,LOC0146
DIG005763,2026-05-09 18:02:00,mr,"PERSON_00267 और PERSON_00431 ने संदेश पाठवला, Zone_0118, Ujjain के पास। समय 2026-05-09 18:02:00.",P00267,P00431,LOC0118
DIG005764,2026-04-03 21:59:00,gu,"PERSON_00547 और PERSON_00075 ने મુલાકાત લીધી, Zone_0178, Gwalior के पास। समय 2026-04-03 21:59:00.",P00547,P00075,LOC0178
DIG005765,2026-05-28 12:29:00,kn,"PERSON_00779 और PERSON_00705 ने ಸ್ಥಳ ಹಂಚಿಕೊಂಡರು, Zone_0082, Nagpur के पास। समय 2026-05-28 12:29:00.",P00779,P00705,LOC0082
DIG005766,2026-03-29 15:42:00,ta,"PERSON_00547 और PERSON_00534 ने செய்தி அனுப்பினார், Zone_0108, Bhopal के पास। समय 2026-03-29 15:42:00.",P00547,P00534,LOC0108
DIG005767,2026-07-17 04:30:00,en,"PERSON_00922 transferred funds to PERSON_00816 near Zone_0154, Ujjain. Record time 2026-07-17 04:30:00.",P00922,P00816,LOC0154
DIG005768,2026-07-13 22:13:00,en,"PERSON_00245 called PERSON_00448 near Zone_0169, Nagpur. Record time 2026-07-13 22:13:00.",P00245,P00448,LOC0169
DIG005769,2026-06-10 03:22:00,ta,"PERSON_00325 और PERSON_00571 ने சென்றார், Zone_0008, Nagpur के पास। समय 2026-06-10 03:22:00.",P00325,P00571,LOC0008
DIG005770,2026-08-18 16:27:00,pa,"PERSON_00875 और PERSON_00972 ने ਫੋਨ ਕੀਤਾ, Zone_0103, Indore के पास। समय 2026-08-18 16:27:00.",P00875,P00972,LOC0103
DIG005771,2026-07-17 19:25:00,ur,"PERSON_00170 और PERSON_00339 ने مقام شیئر کیا, Zone_0127, Bhopal के पास। समय 2026-07-17 19:25:00.",P00170,P00339,LOC0127
DIG005772,2026-05-16 14:48:00,pa,"PERSON_00079 और PERSON_00259 ने ਪੈਸੇ ਭੇਜੇ, Zone_0009, Jabalpur के पास। समय 2026-05-16 14:48:00.",P00079,P00259,LOC0009
DIG005773,2026-07-02 00:53:00,kn,"PERSON_00560 और PERSON_00380 ने ಸ್ಥಳ ಹಂಚಿಕೊಂಡರು, Zone_0033, Jabalpur के पास। समय 2026-07-02 00:53:00.",P00560,P00380,LOC0033
DIG005774,2026-05-05 23:08:00,ta,"PERSON_00600 और PERSON_00151 ने அழைத்தார், Zone_0172, Gwalior के पास। समय 2026-05-05 23:08:00.",P00600,P00151,LOC0172
DIG005775,2026-03-27 08:53:00,bn,"PERSON_00786 और PERSON_00875 ने ফোন করেছে, Zone_0015, Gwalior के पास। समय 2026-03-27 08:53:00.",P00786,P00875,LOC0015
DIG005776,2026-07-07 04:24:00,ta,"PERSON_00744 और PERSON_00791 ने இடத்தை பகிர்ந்தார், Zone_0177, Gwalior के पास। समय 2026-07-07 04:24:00.",P00744,P00791,LOC0177
DIG005777,2026-07-06 03:57:00,ml,"PERSON_00799 और PERSON_00900 ने ബന്ധപ്പെട്ടു, Zone_0021, Ujjain के पास। समय 2026-07-06 03:57:00.",P00799,P00900,LOC0021
DIG005778,2026-05-15 21:44:00,pa,"PERSON_00653 और PERSON_00535 ने ਮਿਲਿਆ, Zone_0167, Nagpur के पास। समय 2026-05-15 21:44:00.",P00653,P00535,LOC0167
DIG005779,2026-08-26 05:12:00,mr,"PERSON_00958 और PERSON_00227 ने संदेश पाठवला, Zone_0064, Ujjain के पास। समय 2026-08-26 05:12:00.",P00958,P00227,LOC0064
DIG005780,2026-05-01 21:01:00,gu,"PERSON_00840 और PERSON_00011 ने સ્થાન શેર કર્યું, Zone_0154, Ujjain के पास। समय 2026-05-01 21:01:00.",P00840,P00011,LOC0154
DIG005781,2026-01-04 16:14:00,pa,"PERSON_00804 और PERSON_00549 ने ਸੰਪਰਕ ਕੀਤਾ, Zone_0083, Ujjain के पास। समय 2026-01-04 16:14:00.",P00804,P00549,LOC0083
DIG005782,2026-05-27 15:31:00,hi,"PERSON_00495 और PERSON_00950 ने वाहन का उपयोग किया, Zone_0058, Bhopal के पास। समय 2026-05-27 15:31:00.",P00495,P00950,LOC0058
DIG005783,2026-06-01 07:05:00,en,"PERSON_00483 used a vehicle PERSON_00034 near Zone_0176, Gwalior. Record time 2026-06-01 07:05:00.",P00483,P00034,LOC0176
DIG005784,2026-02-18 18:13:00,kn,"PERSON_00850 और PERSON_00054 ने ಸಂಪರ್ಕಿಸಿದರು, Zone_0071, Indore के पास। समय 2026-02-18 18:13:00.",P00850,P00054,LOC0071
DIG005785,2026-08-04 04:48:00,bn,"PERSON_00809 और PERSON_00600 ने বার্তা পাঠিয়েছে, Zone_0056, Jabalpur के पास। समय 2026-08-04 04:48:00.",P00809,P00600,LOC0056
DIG005786,2026-06-30 00:12:00,en,"PERSON_00894 met PERSON_00344 near Zone_0013, Gwalior. Record time 2026-06-30 00:12:00.",P00894,P00344,LOC0013
DIG005787,2026-07-14 08:30:00,mr,"PERSON_00182 और PERSON_00638 ने संदेश पाठवला, Zone_0114, Bhopal के पास। समय 2026-07-14 08:30:00.",P00182,P00638,LOC0114
DIG005788,2026-07-15 00:03:00,te,"PERSON_00770 और PERSON_00762 ने వెళ్లారు, Zone_0100, Jabalpur के पास। समय 2026-07-15 00:03:00.",P00770,P00762,LOC0100
DIG005789,2026-01-25 16:41:00,ml,"PERSON_00420 और PERSON_00259 ने ബന്ധപ്പെട്ടു, Zone_0101, Jabalpur के पास। समय 2026-01-25 16:41:00.",P00420,P00259,LOC0101
DIG005790,2026-08-20 08:28:00,gu,"PERSON_00340 और PERSON_00746 ने સ્થાન શેર કર્યું, Zone_0135, Nagpur के पास। समय 2026-08-20 08:28:00.",P00340,P00746,LOC0135
DIG005791,2026-08-10 02:47:00,hi,"PERSON_00906 और PERSON_00125 ने संपर्क किया, Zone_0065, Jabalpur के पास। समय 2026-08-10 02:47:00.",P00906,P00125,LOC0065
DIG005792,2026-05-20 09:25:00,kn,"PERSON_00034 और PERSON_00875 ने ಸ್ಥಳ ಹಂಚಿಕೊಂಡರು, Zone_0041, Ujjain के पास। समय 2026-05-20 09:25:00.",P00034,P00875,LOC0041
DIG005793,2026-07-30 21:49:00,ur,"PERSON_00195 और PERSON_00177 ने دورہ کیا, Zone_0058, Bhopal के पास। समय 2026-07-30 21:49:00.",P00195,P00177,LOC0058
DIG005794,2026-05-30 18:25:00,ml,"PERSON_00595 और PERSON_00776 ने വിളിച്ചു, Zone_0158, Jabalpur के पास। समय 2026-05-30 18:25:00.",P00595,P00776,LOC0158
DIG005795,2026-03-10 22:28:00,en,"PERSON_00858 sent a message to PERSON_00454 near Zone_0079, Nagpur. Record time 2026-03-10 22:28:00.",P00858,P00454,LOC0079
DIG005796,2026-08-10 15:26:00,en,"PERSON_00912 sent a message to PERSON_00893 near Zone_0063, Gwalior. Record time 2026-08-10 15:26:00.",P00912,P00893,LOC0063
DIG005797,2026-05-14 05:06:00,ta,"PERSON_00554 और PERSON_00667 ने சென்றார், Zone_0149, Ujjain के पास। समय 2026-05-14 05:06:00.",P00554,P00667,LOC0149
DIG005798,2026-04-02 06:15:00,mr,"PERSON_00455 और PERSON_00183 ने भेटला, Zone_0076, Indore के पास। समय 2026-04-02 06:15:00.",P00455,P00183,LOC0076
DIG005799,2026-03-29 18:05:00,mr,"PERSON_00150 और PERSON_00495 ने भेटला, Zone_0077, Bhopal के पास। समय 2026-03-29 18:05:00.",P00150,P00495,LOC0077
DIG005800,2026-07-03 07:10:00,pa,"PERSON_00706 और PERSON_00942 ने ਸੁਨੇਹਾ ਭੇਜਿਆ, Zone_0020, Bhopal के पास। समय 2026-07-03 07:10:00.",P00706,P00942,LOC0020
DIG005801,2026-05-28 10:09:00,bn,"PERSON_00874 और PERSON_00241 ने স্থান ভাগ করেছে, Zone_0134, Indore के पास। समय 2026-05-28 10:09:00.",P00874,P00241,LOC0134
DIG005802,2026-05-18 01:16:00,en,"PERSON_00898 met PERSON_00445 near Zone_0146, Bhopal. Record time 2026-05-18 01:16:00.",P00898,P00445,LOC0146
DIG005803,2026-06-20 14:45:00,ml,"PERSON_00371 और PERSON_00888 ने സന്ദേശം അയച്ചു, Zone_0059, Indore के पास। समय 2026-06-20 14:45:00.",P00371,P00888,LOC0059
DIG005804,2026-01-14 21:41:00,ur,"PERSON_00686 और PERSON_00230 ने دورہ کیا, Zone_0058, Bhopal के पास। समय 2026-01-14 21:41:00.",P00686,P00230,LOC0058
DIG005805,2026-07-08 15:13:00,pa,"PERSON_00215 और PERSON_00203 ने ਸਥਾਨ ਸਾਂਝਾ ਕੀਤਾ, Zone_0056, Jabalpur के पास। समय 2026-07-08 15:13:00.",P00215,P00203,LOC0056
DIG005806,2026-01-09 15:26:00,gu,"PERSON_00307 और PERSON_00730 ने મુલાકાત લીધી, Zone_0113, Indore के पास। समय 2026-01-09 15:26:00.",P00307,P00730,LOC0113
DIG005807,2026-05-29 08:01:00,en,"PERSON_00759 sent a message to PERSON_00835 near Zone_0068, Bhopal. Record time 2026-05-29 08:01:00.",P00759,P00835,LOC0068
DIG005808,2026-05-20 13:18:00,ml,"PERSON_00902 और PERSON_00535 ने കണ്ടുമുട്ടി, Zone_0089, Jabalpur के पास। समय 2026-05-20 13:18:00.",P00902,P00535,LOC0089
DIG005809,2026-03-01 09:10:00,kn,"PERSON_00142 और PERSON_00038 ने ಹಣ ಕಳುಹಿಸಿದರು, Zone_0064, Ujjain के पास। समय 2026-03-01 09:10:00.",P00142,P00038,LOC0064
DIG005810,2026-07-27 23:58:00,ml,"PERSON_00080 और PERSON_00939 ने സന്ദർശിച്ചു, Zone_0103, Indore के पास। समय 2026-07-27 23:58:00.",P00080,P00939,LOC0103
DIG005811,2026-06-15 08:01:00,kn,"PERSON_00651 और PERSON_00782 ने ಸಂದೇಶ ಕಳುಹಿಸಿದರು, Zone_0128, Bhopal के पास। समय 2026-06-15 08:01:00.",P00651,P00782,LOC0128
DIG005812,2026-03-10 02:15:00,ta,"PERSON_00378 और PERSON_00780 ने தொடர்பு கொண்டார், Zone_0130, Gwalior के पास। समय 2026-03-10 02:15:00.",P00378,P00780,LOC0130
DIG005813,2026-04-06 10:48:00,ur,"PERSON_00777 और PERSON_00883 ने رابطہ کیا, Zone_0141, Jabalpur के पास। समय 2026-04-06 10:48:00.",P00777,P00883,LOC0141
DIG005814,2026-03-27 09:29:00,ml,"PERSON_00814 और PERSON_00039 ने വിളിച്ചു, Zone_0036, Ujjain के पास। समय 2026-03-27 09:29:00.",P00814,P00039,LOC0036
DIG005815,2026-04-25 04:31:00,ur,"PERSON_00376 और PERSON_00932 ने فون کیا, Zone_0113, Indore के पास। समय 2026-04-25 04:31:00.",P00376,P00932,LOC0113
DIG005816,2026-08-28 18:50:00,kn,"PERSON_00816 और PERSON_00373 ने ಭೇಟಿ ನೀಡಿದರು, Zone_0017, Gwalior के पास। समय 2026-08-28 18:50:00.",P00816,P00373,LOC0017
DIG005817,2026-08-24 17:44:00,te,"PERSON_00292 और PERSON_00531 ने వెళ్లారు, Zone_0019, Gwalior के पास। समय 2026-08-24 17:44:00.",P00292,P00531,LOC0019
DIG005818,2026-08-28 05:20:00,ml,"PERSON_00173 और PERSON_00075 ने സ്ഥലം പങ്കിട്ടു, Zone_0156, Bhopal के पास। समय 2026-08-28 05:20:00.",P00173,P00075,LOC0156
DIG005819,2026-05-30 23:23:00,bn,"PERSON_00697 और PERSON_00668 ने দেখা করেছে, Zone_0135, Nagpur के पास। समय 2026-05-30 23:23:00.",P00697,P00668,LOC0135
DIG005820,2026-06-19 16:17:00,hi,"PERSON_00766 और PERSON_00798 ने स्थान साझा किया, Zone_0119, Indore के पास। समय 2026-06-19 16:17:00.",P00766,P00798,LOC0119
DIG005821,2026-05-26 20:03:00,ml,"PERSON_00635 और PERSON_00590 ने സന്ദേശം അയച്ചു, Zone_0159, Nagpur के पास। समय 2026-05-26 20:03:00.",P00635,P00590,LOC0159
DIG005822,2026-03-25 09:09:00,pa,"PERSON_00507 और PERSON_00871 ने ਪੈਸੇ ਭੇਜੇ, Zone_0020, Bhopal के पास। समय 2026-03-25 09:09:00.",P00507,P00871,LOC0020
DIG005823,2026-06-21 23:59:00,en,"PERSON_00176 visited PERSON_00782 near Zone_0110, Indore. Record time 2026-06-21 23:59:00.",P00176,P00782,LOC0110
DIG005824,2026-01-21 11:34:00,ta,"PERSON_00180 और PERSON_00696 ने அழைத்தார், Zone_0002, Ujjain के पास। समय 2026-01-21 11:34:00.",P00180,P00696,LOC0002
DIG005825,2026-07-10 08:36:00,bn,"PERSON_00540 और PERSON_00605 ने ফোন করেছে, Zone_0138, Bhopal के पास। समय 2026-07-10 08:36:00.",P00540,P00605,LOC0138
DIG005826,2026-02-14 06:40:00,mr,"PERSON_00200 और PERSON_00852 ने ठिकाण शेअर केले, Zone_0047, Ujjain के पास। समय 2026-02-14 06:40:00.",P00200,P00852,LOC0047
DIG005827,2026-07-02 00:42:00,kn,"PERSON_00333 और PERSON_00138 ने ಸಂದೇಶ ಕಳುಹಿಸಿದರು, Zone_0078, Ujjain के पास। समय 2026-07-02 00:42:00.",P00333,P00138,LOC0078
DIG005828,2026-03-02 02:26:00,te,"PERSON_00805 और PERSON_00714 ने స్థానం పంచుకున్నారు, Zone_0030, Nagpur के पास। समय 2026-03-02 02:26:00.",P00805,P00714,LOC0030
DIG005829,2026-02-01 05:04:00,gu,"PERSON_00688 और PERSON_00405 ने સંપર્ક કર્યો, Zone_0069, Jabalpur के पास। समय 2026-02-01 05:04:00.",P00688,P00405,LOC0069
DIG005830,2026-06-08 21:52:00,te,"PERSON_00115 और PERSON_00732 ने సంప్రదించారు, Zone_0120, Ujjain के पास। समय 2026-06-08 21:52:00.",P00115,P00732,LOC0120
DIG005831,2026-03-18 03:01:00,en,"PERSON_00254 used a vehicle PERSON_00164 near Zone_0029, Nagpur. Record time 2026-03-18 03:01:00.",P00254,P00164,LOC0029
DIG005832,2026-08-21 16:15:00,te,"PERSON_00920 और PERSON_00569 ने వెళ్లారు, Zone_0091, Jabalpur के पास। समय 2026-08-21 16:15:00.",P00920,P00569,LOC0091
DIG005833,2026-08-25 05:26:00,ur,"PERSON_00521 और PERSON_00980 ने پیغام بھیجا, Zone_0037, Indore के पास। समय 2026-08-25 05:26:00.",P00521,P00980,LOC0037
DIG005834,2026-05-22 10:06:00,te,"PERSON_00550 और PERSON_00042 ने సంప్రదించారు, Zone_0034, Jabalpur के पास। समय 2026-05-22 10:06:00.",P00550,P00042,LOC0034
DIG005835,2026-08-11 19:14:00,ta,"PERSON_00298 और PERSON_00405 ने இடத்தை பகிர்ந்தார், Zone_0155, Nagpur के पास। समय 2026-08-11 19:14:00.",P00298,P00405,LOC0155
DIG005836,2026-06-23 16:41:00,mr,"PERSON_00127 और PERSON_00670 ने ठिकाण शेअर केले, Zone_0100, Jabalpur के पास। समय 2026-06-23 16:41:00.",P00127,P00670,LOC0100
DIG005837,2026-08-18 17:25:00,ta,"PERSON_00939 और PERSON_00179 ने தொடர்பு கொண்டார், Zone_0033, Jabalpur के पास। समय 2026-08-18 17:25:00.",P00939,P00179,LOC0033
DIG005838,2026-02-25 17:47:00,bn,"PERSON_00326 और PERSON_00511 ने স্থান ভাগ করেছে, Zone_0058, Bhopal के पास। समय 2026-02-25 17:47:00.",P00326,P00511,LOC0058
DIG005839,2026-03-18 23:55:00,te,"PERSON_00348 और PERSON_00965 ने సంప్రదించారు, Zone_0177, Gwalior के पास। समय 2026-03-18 23:55:00.",P00348,P00965,LOC0177
DIG005840,2026-01-07 01:21:00,mr,"PERSON_00561 और PERSON_00728 ने संपर्क केला, Zone_0001, Gwalior के पास। समय 2026-01-07 01:21:00.",P00561,P00728,LOC0001
DIG005841,2026-03-14 22:24:00,gu,"PERSON_00655 और PERSON_00783 ने નાણાં મોકલ્યાં, Zone_0117, Gwalior के पास। समय 2026-03-14 22:24:00.",P00655,P00783,LOC0117
DIG005842,2026-08-26 23:56:00,hi,"PERSON_00271 और PERSON_00223 ने स्थान साझा किया, Zone_0077, Bhopal के पास। समय 2026-08-26 23:56:00.",P00271,P00223,LOC0077
DIG005843,2026-06-29 10:40:00,pa,"PERSON_00612 और PERSON_00695 ने ਪੈਸੇ ਭੇਜੇ, Zone_0071, Indore के पास। समय 2026-06-29 10:40:00.",P00612,P00695,LOC0071
DIG005844,2026-08-07 20:33:00,ur,"PERSON_00347 और PERSON_00677 ने رقم منتقل کی, Zone_0112, Ujjain के पास। समय 2026-08-07 20:33:00.",P00347,P00677,LOC0112
DIG005845,2026-08-17 11:35:00,kn,"PERSON_00337 और PERSON_00066 ने ಭೇಟಿಯಾದರು, Zone_0144, Nagpur के पास। समय 2026-08-17 11:35:00.",P00337,P00066,LOC0144
DIG005846,2026-03-06 07:15:00,en,"PERSON_00826 visited PERSON_00780 near Zone_0041, Ujjain. Record time 2026-03-06 07:15:00.",P00826,P00780,LOC0041
DIG005847,2026-07-15 13:22:00,hi,"PERSON_00717 और PERSON_00075 ने मिला, Zone_0049, Nagpur के पास। समय 2026-07-15 13:22:00.",P00717,P00075,LOC0049
DIG005848,2026-07-03 00:11:00,te,"PERSON_00114 और PERSON_00857 ने వెళ్లారు, Zone_0142, Jabalpur के पास। समय 2026-07-03 00:11:00.",P00114,P00857,LOC0142
DIG005849,2026-07-19 21:51:00,en,"PERSON_00297 transferred funds to PERSON_00657 near Zone_0122, Nagpur. Record time 2026-07-19 21:51:00.",P00297,P00657,LOC0122
DIG005850,2026-06-09 21:58:00,kn,"PERSON_00042 और PERSON_00795 ने ಕರೆ ಮಾಡಿದರು, Zone_0003, Indore के पास। समय 2026-06-09 21:58:00.",P00042,P00795,LOC0003
DIG005851,2026-08-28 16:39:00,gu,"PERSON_00327 और PERSON_00615 ने નાણાં મોકલ્યાં, Zone_0002, Ujjain के पास। समय 2026-08-28 16:39:00.",P00327,P00615,LOC0002
DIG005852,2026-03-18 20:46:00,ml,"PERSON_00007 और PERSON_00829 ने കണ്ടുമുട്ടി, Zone_0119, Indore के पास। समय 2026-03-18 20:46:00.",P00007,P00829,LOC0119
DIG005853,2026-08-26 17:24:00,te,"PERSON_00484 और PERSON_00189 ने స్థానం పంచుకున్నారు, Zone_0140, Jabalpur के पास। समय 2026-08-26 17:24:00.",P00484,P00189,LOC0140
DIG005854,2026-08-20 17:35:00,mr,"PERSON_00766 और PERSON_00034 ने संदेश पाठवला, Zone_0064, Ujjain के पास। समय 2026-08-20 17:35:00.",P00766,P00034,LOC0064
DIG005855,2026-08-29 04:55:00,bn,"PERSON_00169 और PERSON_00616 ने স্থান ভাগ করেছে, Zone_0108, Bhopal के पास। समय 2026-08-29 04:55:00.",P00169,P00616,LOC0108
DIG005856,2026-08-07 15:42:00,kn,"PERSON_00376 और PERSON_00809 ने ಹಣ ಕಳುಹಿಸಿದರು, Zone_0166, Bhopal के पास। समय 2026-08-07 15:42:00.",P00376,P00809,LOC0166
DIG005857,2026-02-12 03:22:00,mr,"PERSON_00176 और PERSON_00543 ने संदेश पाठवला, Zone_0143, Nagpur के पास। समय 2026-02-12 03:22:00.",P00176,P00543,LOC0143
DIG005858,2026-08-02 18:38:00,kn,"PERSON_00585 और PERSON_00405 ने ಭೇಟಿಯಾದರು, Zone_0002, Ujjain के पास। समय 2026-08-02 18:38:00.",P00585,P00405,LOC0002
DIG005859,2026-04-09 23:30:00,gu,"PERSON_00489 और PERSON_00080 ने સંદેશ મોકલ્યો, Zone_0139, Jabalpur के पास। समय 2026-04-09 23:30:00.",P00489,P00080,LOC0139
DIG005860,2026-03-11 05:56:00,mr,"PERSON_00175 और PERSON_00907 ने संपर्क केला, Zone_0046, Bhopal के पास। समय 2026-03-11 05:56:00.",P00175,P00907,LOC0046
DIG005861,2026-03-17 20:46:00,ur,"PERSON_00638 और PERSON_00434 ने ملاقات کی, Zone_0047, Ujjain के पास। समय 2026-03-17 20:46:00.",P00638,P00434,LOC0047
DIG005862,2026-02-13 17:56:00,mr,"PERSON_00549 और PERSON_00046 ने पैसे पाठवले, Zone_0161, Jabalpur के पास। समय 2026-02-13 17:56:00.",P00549,P00046,LOC0161
DIG005863,2026-02-14 13:51:00,en,"PERSON_00449 visited PERSON_00495 near Zone_0089, Jabalpur. Record time 2026-02-14 13:51:00.",P00449,P00495,LOC0089
DIG005864,2026-02-01 12:34:00,te,"PERSON_00104 और PERSON_00905 ने స్థానం పంచుకున్నారు, Zone_0178, Gwalior के पास। समय 2026-02-01 12:34:00.",P00104,P00905,LOC0178
DIG005865,2026-01-23 13:36:00,ml,"PERSON_00256 और PERSON_00127 ने കണ്ടുമുട്ടി, Zone_0021, Ujjain के पास। समय 2026-01-23 13:36:00.",P00256,P00127,LOC0021
DIG005866,2026-01-31 10:47:00,te,"PERSON_00781 और PERSON_00792 ने కలిశారు, Zone_0038, Ujjain के पास। समय 2026-01-31 10:47:00.",P00781,P00792,LOC0038
DIG005867,2026-02-13 05:53:00,gu,"PERSON_00153 और PERSON_00894 ने સ્થાન શેર કર્યું, Zone_0028, Bhopal के पास। समय 2026-02-13 05:53:00.",P00153,P00894,LOC0028
DIG005868,2026-06-15 15:56:00,kn,"PERSON_00767 और PERSON_00277 ने ಹಣ ಕಳುಹಿಸಿದರು, Zone_0177, Gwalior के पास। समय 2026-06-15 15:56:00.",P00767,P00277,LOC0177
DIG005869,2026-08-15 12:19:00,ta,"PERSON_00785 और PERSON_00853 ने சந்தித்தார், Zone_0063, Gwalior के पास। समय 2026-08-15 12:19:00.",P00785,P00853,LOC0063
DIG005870,2026-07-02 01:43:00,te,"PERSON_00845 और PERSON_00690 ने సందేశం పంపారు, Zone_0146, Bhopal के पास। समय 2026-07-02 01:43:00.",P00845,P00690,LOC0146
DIG005871,2026-01-18 17:20:00,ml,"PERSON_00744 और PERSON_00586 ने ബന്ധപ്പെട്ടു, Zone_0027, Gwalior के पास। समय 2026-01-18 17:20:00.",P00744,P00586,LOC0027
DIG005872,2026-01-21 13:49:00,gu,"PERSON_00759 और PERSON_00179 ने ફોન કર્યો, Zone_0067, Indore के पास। समय 2026-01-21 13:49:00.",P00759,P00179,LOC0067
DIG005873,2026-01-13 14:18:00,pa,"PERSON_00449 और PERSON_00669 ने ਮਿਲਿਆ, Zone_0125, Indore के पास। समय 2026-01-13 14:18:00.",P00449,P00669,LOC0125
DIG005874,2026-06-12 03:37:00,ur,"PERSON_00596 और PERSON_00822 ने دورہ کیا, Zone_0116, Bhopal के पास। समय 2026-06-12 03:37:00.",P00596,P00822,LOC0116
DIG005875,2026-04-08 03:32:00,kn,"PERSON_00628 और PERSON_00734 ने ಸ್ಥಳ ಹಂಚಿಕೊಂಡರು, Zone_0036, Ujjain के पास। समय 2026-04-08 03:32:00.",P00628,P00734,LOC0036
DIG005876,2026-06-12 05:13:00,te,"PERSON_00720 और PERSON_00715 ने ఫోన్ చేశారు, Zone_0051, Bhopal के पास। समय 2026-06-12 05:13:00.",P00720,P00715,LOC0051
DIG005877,2026-02-28 04:47:00,ta,"PERSON_00095 और PERSON_00013 ने சென்றார், Zone_0092, Ujjain के पास। समय 2026-02-28 04:47:00.",P00095,P00013,LOC0092
DIG005878,2026-02-19 01:16:00,gu,"PERSON_00186 और PERSON_00082 ने ફોન કર્યો, Zone_0016, Ujjain के पास। समय 2026-02-19 01:16:00.",P00186,P00082,LOC0016
DIG005879,2026-01-02 17:33:00,kn,"PERSON_00937 और PERSON_00115 ने ಭೇಟಿ ನೀಡಿದರು, Zone_0177, Gwalior के पास। समय 2026-01-02 17:33:00.",P00937,P00115,LOC0177
DIG005880,2026-05-24 10:52:00,bn,"PERSON_00816 और PERSON_00614 ने দেখা করেছে, Zone_0002, Ujjain के पास। समय 2026-05-24 10:52:00.",P00816,P00614,LOC0002
DIG005881,2026-04-17 15:31:00,en,"PERSON_00193 shared a location with PERSON_00070 near Zone_0102, Ujjain. Record time 2026-04-17 15:31:00.",P00193,P00070,LOC0102
DIG005882,2026-08-13 00:01:00,mr,"PERSON_00118 और PERSON_00911 ने संदेश पाठवला, Zone_0179, Gwalior के पास। समय 2026-08-13 00:01:00.",P00118,P00911,LOC0179
DIG005883,2026-03-14 01:36:00,pa,"PERSON_00741 और PERSON_00162 ने ਮਿਲਿਆ, Zone_0004, Indore के पास। समय 2026-03-14 01:36:00.",P00741,P00162,LOC0004
DIG005884,2026-04-27 18:35:00,kn,"PERSON_00242 और PERSON_00103 ने ಸಂಪರ್ಕಿಸಿದರು, Zone_0071, Indore के पास। समय 2026-04-27 18:35:00.",P00242,P00103,LOC0071
DIG005885,2026-05-26 00:21:00,hi,"PERSON_00435 और PERSON_00182 ने फोन किया, Zone_0053, Nagpur के पास। समय 2026-05-26 00:21:00.",P00435,P00182,LOC0053
DIG005886,2026-07-29 13:38:00,bn,"PERSON_00830 और PERSON_00473 ने বার্তা পাঠিয়েছে, Zone_0159, Nagpur के पास। समय 2026-07-29 13:38:00.",P00830,P00473,LOC0159
DIG005887,2026-02-05 23:26:00,mr,"PERSON_00624 और PERSON_00010 ने ठिकाण शेअर केले, Zone_0049, Nagpur के पास। समय 2026-02-05 23:26:00.",P00624,P00010,LOC0049
DIG005888,2026-07-18 20:05:00,te,"PERSON_00769 और PERSON_00143 ने కలిశారు, Zone_0142, Jabalpur के पास। समय 2026-07-18 20:05:00.",P00769,P00143,LOC0142
DIG005889,2026-02-16 02:55:00,ur,"PERSON_00678 और PERSON_00462 ने رقم منتقل کی, Zone_0088, Indore के पास। समय 2026-02-16 02:55:00.",P00678,P00462,LOC0088
DIG005890,2026-01-23 14:08:00,kn,"PERSON_00295 और PERSON_00061 ने ಹಣ ಕಳುಹಿಸಿದರು, Zone_0109, Bhopal के पास। समय 2026-01-23 14:08:00.",P00295,P00061,LOC0109
DIG005891,2026-07-07 04:48:00,te,"PERSON_00930 और PERSON_00478 ने వెళ్లారు, Zone_0157, Nagpur के पास। समय 2026-07-07 04:48:00.",P00930,P00478,LOC0157
DIG005892,2026-03-31 04:28:00,ta,"PERSON_00736 और PERSON_00512 ने தொடர்பு கொண்டார், Zone_0024, Jabalpur के पास। समय 2026-03-31 04:28:00.",P00736,P00512,LOC0024
DIG005893,2026-04-18 15:19:00,ur,"PERSON_00988 और PERSON_00672 ने مقام شیئر کیا, Zone_0088, Indore के पास। समय 2026-04-18 15:19:00.",P00988,P00672,LOC0088
DIG005894,2026-03-15 09:54:00,ur,"PERSON_00201 और PERSON_00419 ने پیغام بھیجا, Zone_0053, Nagpur के पास। समय 2026-03-15 09:54:00.",P00201,P00419,LOC0053
DIG005895,2026-01-26 19:20:00,ta,"PERSON_00367 और PERSON_00864 ने செய்தி அனுப்பினார், Zone_0064, Ujjain के पास। समय 2026-01-26 19:20:00.",P00367,P00864,LOC0064
DIG005896,2026-05-23 16:23:00,hi,"PERSON_00691 और PERSON_00583 ने वाहन का उपयोग किया, Zone_0163, Nagpur के पास। समय 2026-05-23 16:23:00.",P00691,P00583,LOC0163
DIG005897,2026-01-13 23:30:00,ta,"PERSON_00060 और PERSON_00954 ने தொடர்பு கொண்டார், Zone_0066, Jabalpur के पास। समय 2026-01-13 23:30:00.",P00060,P00954,LOC0066
DIG005898,2026-05-14 14:18:00,bn,"PERSON_00629 और PERSON_00207 ने টাকা পাঠিয়েছে, Zone_0062, Ujjain के पास। समय 2026-05-14 14:18:00.",P00629,P00207,LOC0062
DIG005899,2026-06-03 19:13:00,ta,"PERSON_00235 और PERSON_00131 ने தொடர்பு கொண்டார், Zone_0088, Indore के पास। समय 2026-06-03 19:13:00.",P00235,P00131,LOC0088
DIG005900,2026-07-15 09:08:00,kn,"PERSON_00010 और PERSON_00642 ने ಸಂದೇಶ ಕಳುಹಿಸಿದರು, Zone_0098, Nagpur के पास। समय 2026-07-15 09:08:00.",P00010,P00642,LOC0098
DIG005901,2026-06-12 12:12:00,hi,"PERSON_00959 और PERSON_00558 ने धन भेजा, Zone_0085, Gwalior के पास। समय 2026-06-12 12:12:00.",P00959,P00558,LOC0085
DIG005902,2026-08-03 14:58:00,ta,"PERSON_00783 और PERSON_00058 ने பணம் அனுப்பினார், Zone_0166, Bhopal के पास। समय 2026-08-03 14:58:00.",P00783,P00058,LOC0166
DIG005903,2026-01-11 20:11:00,ur,"PERSON_00850 और PERSON_00261 ने دورہ کیا, Zone_0023, Jabalpur के पास। समय 2026-01-11 20:11:00.",P00850,P00261,LOC0023
DIG005904,2026-08-25 21:26:00,hi,"PERSON_00496 और PERSON_00850 ने दौरा किया, Zone_0110, Indore के पास। समय 2026-08-25 21:26:00.",P00496,P00850,LOC0110
DIG005905,2026-07-30 20:24:00,kn,"PERSON_00629 और PERSON_00747 ने ಭೇಟಿಯಾದರು, Zone_0005, Jabalpur के पास। समय 2026-07-30 20:24:00.",P00629,P00747,LOC0005
DIG005906,2026-07-22 15:54:00,hi,"PERSON_00817 और PERSON_00784 ने स्थान साझा किया, Zone_0135, Nagpur के पास। समय 2026-07-22 15:54:00.",P00817,P00784,LOC0135
DIG005907,2026-07-01 09:28:00,pa,"PERSON_00488 और PERSON_00987 ने ਪੈਸੇ ਭੇਜੇ, Zone_0001, Gwalior के पास। समय 2026-07-01 09:28:00.",P00488,P00987,LOC0001
DIG005908,2026-03-24 00:03:00,hi,"PERSON_00589 और PERSON_00424 ने मिला, Zone_0155, Nagpur के पास। समय 2026-03-24 00:03:00.",P00589,P00424,LOC0155
DIG005909,2026-03-07 06:02:00,te,"PERSON_00557 और PERSON_00207 ने డబ్బు పంపారు, Zone_0107, Indore के पास। समय 2026-03-07 06:02:00.",P00557,P00207,LOC0107
DIG005910,2026-02-12 18:52:00,bn,"PERSON_00850 और PERSON_00897 ने স্থান ভাগ করেছে, Zone_0031, Bhopal के पास। समय 2026-02-12 18:52:00.",P00850,P00897,LOC0031
DIG005911,2026-01-06 14:02:00,pa,"PERSON_00130 और PERSON_00901 ने ਸਥਾਨ ਸਾਂਝਾ ਕੀਤਾ, Zone_0002, Ujjain के पास। समय 2026-01-06 14:02:00.",P00130,P00901,LOC0002
DIG005912,2026-08-29 02:03:00,en,"PERSON_00058 contacted PERSON_00292 near Zone_0126, Nagpur. Record time 2026-08-29 02:03:00.",P00058,P00292,LOC0126
DIG005913,2026-07-24 12:23:00,ta,"PERSON_00822 और PERSON_00266 ने சென்றார், Zone_0158, Jabalpur के पास। समय 2026-07-24 12:23:00.",P00822,P00266,LOC0158
DIG005914,2026-08-19 13:58:00,pa,"PERSON_00797 और PERSON_00412 ने ਪੈਸੇ ਭੇਜੇ, Zone_0106, Ujjain के पास। समय 2026-08-19 13:58:00.",P00797,P00412,LOC0106
DIG005915,2026-04-10 16:32:00,gu,"PERSON_00292 और PERSON_00497 ने નાણાં મોકલ્યાં, Zone_0147, Ujjain के पास। समय 2026-04-10 16:32:00.",P00292,P00497,LOC0147
DIG005916,2026-01-22 20:07:00,pa,"PERSON_00801 और PERSON_00248 ने ਮੁਲਾਕਾਤ ਕੀਤੀ, Zone_0106, Ujjain के पास। समय 2026-01-22 20:07:00.",P00801,P00248,LOC0106
DIG005917,2026-06-25 04:46:00,ur,"PERSON_00881 और PERSON_00736 ने رابطہ کیا, Zone_0025, Jabalpur के पास। समय 2026-06-25 04:46:00.",P00881,P00736,LOC0025
DIG005918,2026-04-22 16:34:00,hi,"PERSON_00644 और PERSON_00958 ने फोन किया, Zone_0048, Indore के पास। समय 2026-04-22 16:34:00.",P00644,P00958,LOC0048
DIG005919,2026-03-06 20:39:00,ta,"PERSON_00081 और PERSON_00718 ने இடத்தை பகிர்ந்தார், Zone_0112, Ujjain के पास। समय 2026-03-06 20:39:00.",P00081,P00718,LOC0112
DIG005920,2026-02-15 22:36:00,gu,"PERSON_00397 और PERSON_00231 ने નાણાં મોકલ્યાં, Zone_0091, Jabalpur के पास। समय 2026-02-15 22:36:00.",P00397,P00231,LOC0091
DIG005921,2026-01-07 16:08:00,mr,"PERSON_00764 और PERSON_00843 ने भेटला, Zone_0143, Nagpur के पास। समय 2026-01-07 16:08:00.",P00764,P00843,LOC0143
DIG005922,2026-02-03 04:46:00,gu,"PERSON_00678 और PERSON_00263 ने સંદેશ મોકલ્યો, Zone_0122, Nagpur के पास। समय 2026-02-03 04:46:00.",P00678,P00263,LOC0122
DIG005923,2026-05-08 10:35:00,bn,"PERSON_00146 और PERSON_00982 ने ফোন করেছে, Zone_0034, Jabalpur के पास। समय 2026-05-08 10:35:00.",P00146,P00982,LOC0034
DIG005924,2026-04-11 22:20:00,pa,"PERSON_00821 और PERSON_00669 ने ਪੈਸੇ ਭੇਜੇ, Zone_0175, Jabalpur के पास। समय 2026-04-11 22:20:00.",P00821,P00669,LOC0175
DIG005925,2026-03-31 04:43:00,gu,"PERSON_00259 और PERSON_00423 ने મળ્યા, Zone_0069, Jabalpur के पास। समय 2026-03-31 04:43:00.",P00259,P00423,LOC0069
DIG005926,2026-08-12 00:59:00,bn,"PERSON_00892 और PERSON_00998 ने স্থান ভাগ করেছে, Zone_0134, Indore के पास। समय 2026-08-12 00:59:00.",P00892,P00998,LOC0134
DIG005927,2026-08-14 19:10:00,ta,"PERSON_00854 और PERSON_00085 ने தொடர்பு கொண்டார், Zone_0017, Gwalior के पास। समय 2026-08-14 19:10:00.",P00854,P00085,LOC0017
DIG005928,2026-03-27 22:47:00,bn,"PERSON_00778 और PERSON_00004 ने বার্তা পাঠিয়েছে, Zone_0176, Gwalior के पास। समय 2026-03-27 22:47:00.",P00778,P00004,LOC0176
DIG005929,2026-08-21 09:50:00,bn,"PERSON_00135 और PERSON_00008 ने ফোন করেছে, Zone_0071, Indore के पास। समय 2026-08-21 09:50:00.",P00135,P00008,LOC0071
DIG005930,2026-05-21 17:38:00,gu,"PERSON_00118 और PERSON_00092 ने સંપર્ક કર્યો, Zone_0101, Jabalpur के पास। समय 2026-05-21 17:38:00.",P00118,P00092,LOC0101
DIG005931,2026-06-19 04:33:00,pa,"PERSON_00951 और PERSON_00684 ने ਸਥਾਨ ਸਾਂਝਾ ਕੀਤਾ, Zone_0043, Gwalior के पास। समय 2026-06-19 04:33:00.",P00951,P00684,LOC0043
DIG005932,2026-01-27 01:34:00,hi,"PERSON_00049 और PERSON_00425 ने वाहन का उपयोग किया, Zone_0007, Ujjain के पास। समय 2026-01-27 01:34:00.",P00049,P00425,LOC0007
DIG005933,2026-07-12 05:30:00,te,"PERSON_00127 और PERSON_00423 ने వెళ్లారు, Zone_0066, Jabalpur के पास। समय 2026-07-12 05:30:00.",P00127,P00423,LOC0066
DIG005934,2026-01-10 10:53:00,kn,"PERSON_00806 और PERSON_00218 ने ಹಣ ಕಳುಹಿಸಿದರು, Zone_0162, Nagpur के पास। समय 2026-01-10 10:53:00.",P00806,P00218,LOC0162
DIG005935,2026-01-17 18:47:00,hi,"PERSON_00984 और PERSON_00402 ने स्थान साझा किया, Zone_0087, Ujjain के पास। समय 2026-01-17 18:47:00.",P00984,P00402,LOC0087
DIG005936,2026-03-10 14:36:00,kn,"PERSON_00610 और PERSON_00737 ने ಭೇಟಿಯಾದರು, Zone_0105, Bhopal के पास। समय 2026-03-10 14:36:00.",P00610,P00737,LOC0105
DIG005937,2026-08-05 22:40:00,pa,"PERSON_00770 और PERSON_00351 ने ਮਿਲਿਆ, Zone_0135, Nagpur के पास। समय 2026-08-05 22:40:00.",P00770,P00351,LOC0135
DIG005938,2026-08-18 05:04:00,ur,"PERSON_00165 और PERSON_00445 ने رقم منتقل کی, Zone_0057, Ujjain के पास। समय 2026-08-18 05:04:00.",P00165,P00445,LOC0057
DIG005939,2026-02-19 19:07:00,pa,"PERSON_00857 और PERSON_00629 ने ਫੋਨ ਕੀਤਾ, Zone_0009, Jabalpur के पास। समय 2026-02-19 19:07:00.",P00857,P00629,LOC0009
DIG005940,2026-01-18 22:03:00,kn,"PERSON_00902 और PERSON_00947 ने ಕರೆ ಮಾಡಿದರು, Zone_0001, Gwalior के पास। समय 2026-01-18 22:03:00.",P00902,P00947,LOC0001
DIG005941,2026-08-08 06:15:00,hi,"PERSON_00412 और PERSON_00929 ने संपर्क किया, Zone_0001, Gwalior के पास। समय 2026-08-08 06:15:00.",P00412,P00929,LOC0001
DIG005942,2026-06-09 04:40:00,mr,"PERSON_00715 और PERSON_00302 ने पैसे पाठवले, Zone_0066, Jabalpur के पास। समय 2026-06-09 04:40:00.",P00715,P00302,LOC0066
DIG005943,2026-03-23 19:12:00,mr,"PERSON_00589 और PERSON_00793 ने भेटला, Zone_0047, Ujjain के पास। समय 2026-03-23 19:12:00.",P00589,P00793,LOC0047
DIG005944,2026-08-27 10:09:00,kn,"PERSON_00450 और PERSON_00259 ने ಹಣ ಕಳುಹಿಸಿದರು, Zone_0030, Nagpur के पास। समय 2026-08-27 10:09:00.",P00450,P00259,LOC0030
DIG005945,2026-05-12 10:08:00,kn,"PERSON_00380 और PERSON_00165 ने ಕರೆ ಮಾಡಿದರು, Zone_0087, Ujjain के पास। समय 2026-05-12 10:08:00.",P00380,P00165,LOC0087
DIG005946,2026-03-25 10:02:00,ml,"PERSON_00186 और PERSON_00965 ने സ്ഥലം പങ്കിട്ടു, Zone_0057, Ujjain के पास। समय 2026-03-25 10:02:00.",P00186,P00965,LOC0057
DIG005947,2026-04-09 22:36:00,te,"PERSON_00939 और PERSON_00661 ने ఫోన్ చేశారు, Zone_0106, Ujjain के पास। समय 2026-04-09 22:36:00.",P00939,P00661,LOC0106
DIG005948,2026-02-14 11:15:00,ml,"PERSON_00862 और PERSON_00985 ने പണം അയച്ചു, Zone_0034, Jabalpur के पास। समय 2026-02-14 11:15:00.",P00862,P00985,LOC0034
DIG005949,2026-05-29 06:58:00,gu,"PERSON_00535 और PERSON_00258 ने ફોન કર્યો, Zone_0096, Indore के पास। समय 2026-05-29 06:58:00.",P00535,P00258,LOC0096
DIG005950,2026-08-25 06:07:00,hi,"PERSON_00307 और PERSON_00480 ने दौरा किया, Zone_0024, Jabalpur के पास। समय 2026-08-25 06:07:00.",P00307,P00480,LOC0024
DIG005951,2026-03-28 02:59:00,mr,"PERSON_00430 और PERSON_00978 ने पैसे पाठवले, Zone_0014, Bhopal के पास। समय 2026-03-28 02:59:00.",P00430,P00978,LOC0014
DIG005952,2026-01-08 09:44:00,en,"PERSON_00853 transferred funds to PERSON_00931 near Zone_0167, Nagpur. Record time 2026-01-08 09:44:00.",P00853,P00931,LOC0167
DIG005953,2026-04-18 16:32:00,ur,"PERSON_00151 और PERSON_00236 ने مقام شیئر کیا, Zone_0037, Indore के पास। समय 2026-04-18 16:32:00.",P00151,P00236,LOC0037
DIG005954,2026-04-16 07:17:00,pa,"PERSON_00230 और PERSON_00913 ने ਮੁਲਾਕਾਤ ਕੀਤੀ, Zone_0053, Nagpur के पास। समय 2026-04-16 07:17:00.",P00230,P00913,LOC0053
DIG005955,2026-06-16 23:39:00,bn,"PERSON_00048 और PERSON_00546 ने ফোন করেছে, Zone_0098, Nagpur के पास। समय 2026-06-16 23:39:00.",P00048,P00546,LOC0098
DIG005956,2026-06-14 18:12:00,gu,"PERSON_00704 और PERSON_00903 ने ફોન કર્યો, Zone_0009, Jabalpur के पास। समय 2026-06-14 18:12:00.",P00704,P00903,LOC0009
DIG005957,2026-08-23 05:34:00,gu,"PERSON_00314 और PERSON_00230 ने મુલાકાત લીધી, Zone_0169, Nagpur के पास। समय 2026-08-23 05:34:00.",P00314,P00230,LOC0169
DIG005958,2026-06-18 23:06:00,ur,"PERSON_00264 और PERSON_00884 ने مقام شیئر کیا, Zone_0105, Bhopal के पास। समय 2026-06-18 23:06:00.",P00264,P00884,LOC0105
DIG005959,2026-07-03 09:02:00,ur,"PERSON_00422 और PERSON_00254 ने پیغام بھیجا, Zone_0047, Ujjain के पास। समय 2026-07-03 09:02:00.",P00422,P00254,LOC0047
DIG005960,2026-06-09 04:46:00,ta,"PERSON_00824 और PERSON_00043 ने சென்றார், Zone_0176, Gwalior के पास। समय 2026-06-09 04:46:00.",P00824,P00043,LOC0176
DIG005961,2026-06-21 11:26:00,pa,"PERSON_00909 और PERSON_00536 ने ਫੋਨ ਕੀਤਾ, Zone_0118, Ujjain के पास। समय 2026-06-21 11:26:00.",P00909,P00536,LOC0118
DIG005962,2026-05-30 22:03:00,kn,"PERSON_00295 और PERSON_00102 ने ಸಂಪರ್ಕಿಸಿದರು, Zone_0090, Gwalior के पास। समय 2026-05-30 22:03:00.",P00295,P00102,LOC0090
DIG005963,2026-07-26 07:56:00,ur,"PERSON_00106 और PERSON_00502 ने ملاقات کی, Zone_0157, Nagpur के पास। समय 2026-07-26 07:56:00.",P00106,P00502,LOC0157
DIG005964,2026-04-05 03:11:00,ur,"PERSON_00285 और PERSON_00759 ने مقام شیئر کیا, Zone_0100, Jabalpur के पास। समय 2026-04-05 03:11:00.",P00285,P00759,LOC0100
DIG005965,2026-04-10 04:43:00,bn,"PERSON_00407 और PERSON_00471 ने টাকা পাঠিয়েছে, Zone_0028, Bhopal के पास। समय 2026-04-10 04:43:00.",P00407,P00471,LOC0028
DIG005966,2026-08-06 23:59:00,bn,"PERSON_00724 और PERSON_00676 ने বার্তা পাঠিয়েছে, Zone_0159, Nagpur के पास। समय 2026-08-06 23:59:00.",P00724,P00676,LOC0159
DIG005967,2026-04-10 23:21:00,ur,"PERSON_00989 और PERSON_00201 ने ملاقات کی, Zone_0151, Indore के पास। समय 2026-04-10 23:21:00.",P00989,P00201,LOC0151
DIG005968,2026-07-24 05:31:00,ta,"PERSON_00226 और PERSON_00589 ने செய்தி அனுப்பினார், Zone_0030, Nagpur के पास। समय 2026-07-24 05:31:00.",P00226,P00589,LOC0030
DIG005969,2026-02-03 23:01:00,hi,"PERSON_00033 और PERSON_00812 ने संदेश भेजा, Zone_0052, Nagpur के पास। समय 2026-02-03 23:01:00.",P00033,P00812,LOC0052
DIG005970,2026-01-17 09:15:00,bn,"PERSON_00858 और PERSON_00651 ने পরিদর্শন করেছে, Zone_0178, Gwalior के पास। समय 2026-01-17 09:15:00.",P00858,P00651,LOC0178
DIG005971,2026-02-06 17:37:00,te,"PERSON_00743 और PERSON_00908 ने స్థానం పంచుకున్నారు, Zone_0114, Bhopal के पास। समय 2026-02-06 17:37:00.",P00743,P00908,LOC0114
DIG005972,2026-02-03 20:42:00,te,"PERSON_00431 और PERSON_00306 ने వెళ్లారు, Zone_0043, Gwalior के पास। समय 2026-02-03 20:42:00.",P00431,P00306,LOC0043
DIG005973,2026-07-01 13:36:00,ta,"PERSON_00683 और PERSON_00790 ने அழைத்தார், Zone_0137, Nagpur के पास। समय 2026-07-01 13:36:00.",P00683,P00790,LOC0137
DIG005974,2026-05-02 18:46:00,kn,"PERSON_00422 और PERSON_00788 ने ಭೇಟಿ ನೀಡಿದರು, Zone_0022, Gwalior के पास। समय 2026-05-02 18:46:00.",P00422,P00788,LOC0022
DIG005975,2026-07-18 10:46:00,bn,"PERSON_00756 और PERSON_00217 ने দেখা করেছে, Zone_0034, Jabalpur के पास। समय 2026-07-18 10:46:00.",P00756,P00217,LOC0034
DIG005976,2026-05-26 19:09:00,ta,"PERSON_00611 और PERSON_00772 ने சந்தித்தார், Zone_0139, Jabalpur के पास। समय 2026-05-26 19:09:00.",P00611,P00772,LOC0139
DIG005977,2026-02-25 23:14:00,hi,"PERSON_00385 और PERSON_00675 ने फोन किया, Zone_0125, Indore के पास। समय 2026-02-25 23:14:00.",P00385,P00675,LOC0125
DIG005978,2026-03-26 23:38:00,en,"PERSON_00344 called PERSON_00956 near Zone_0043, Gwalior. Record time 2026-03-26 23:38:00.",P00344,P00956,LOC0043
DIG005979,2026-04-15 09:14:00,ta,"PERSON_00765 और PERSON_00302 ने செய்தி அனுப்பினார், Zone_0070, Ujjain के पास। समय 2026-04-15 09:14:00.",P00765,P00302,LOC0070
DIG005980,2026-04-11 22:55:00,mr,"PERSON_00794 और PERSON_00957 ने संपर्क केला, Zone_0090, Gwalior के पास। समय 2026-04-11 22:55:00.",P00794,P00957,LOC0090
DIG005981,2026-08-06 06:37:00,ml,"PERSON_00102 और PERSON_00982 ने ബന്ധപ്പെട്ടു, Zone_0136, Jabalpur के पास। समय 2026-08-06 06:37:00.",P00102,P00982,LOC0136
DIG005982,2026-06-24 14:41:00,bn,"PERSON_00258 और PERSON_00482 ने দেখা করেছে, Zone_0028, Bhopal के पास। समय 2026-06-24 14:41:00.",P00258,P00482,LOC0028
DIG005983,2026-01-14 02:37:00,en,"PERSON_00579 visited PERSON_00210 near Zone_0097, Ujjain. Record time 2026-01-14 02:37:00.",P00579,P00210,LOC0097
DIG005984,2026-08-30 23:44:00,ml,"PERSON_00306 और PERSON_00919 ने കണ്ടുമുട്ടി, Zone_0141, Jabalpur के पास। समय 2026-08-30 23:44:00.",P00306,P00919,LOC0141
DIG005985,2026-06-30 14:25:00,ta,"PERSON_00339 और PERSON_00914 ने இடத்தை பகிர்ந்தார், Zone_0067, Indore के पास। समय 2026-06-30 14:25:00.",P00339,P00914,LOC0067
DIG005986,2026-05-16 02:02:00,mr,"PERSON_00631 और PERSON_00547 ने पैसे पाठवले, Zone_0124, Bhopal के पास। समय 2026-05-16 02:02:00.",P00631,P00547,LOC0124
DIG005987,2026-07-17 09:32:00,ml,"PERSON_00285 और PERSON_00217 ने പണം അയച്ചു, Zone_0122, Nagpur के पास। समय 2026-07-17 09:32:00.",P00285,P00217,LOC0122
DIG005988,2026-04-11 06:51:00,ur,"PERSON_00347 और PERSON_00492 ने رقم منتقل کی, Zone_0036, Ujjain के पास। समय 2026-04-11 06:51:00.",P00347,P00492,LOC0036
DIG005989,2026-07-20 14:16:00,mr,"PERSON_00961 और PERSON_00446 ने संपर्क केला, Zone_0052, Nagpur के पास। समय 2026-07-20 14:16:00.",P00961,P00446,LOC0052
DIG005990,2026-04-17 03:12:00,te,"PERSON_00484 और PERSON_00135 ने డబ్బు పంపారు, Zone_0020, Bhopal के पास। समय 2026-04-17 03:12:00.",P00484,P00135,LOC0020
DIG005991,2026-06-28 15:26:00,mr,"PERSON_00849 और PERSON_00588 ने संदेश पाठवला, Zone_0023, Jabalpur के पास। समय 2026-06-28 15:26:00.",P00849,P00588,LOC0023
DIG005992,2026-04-14 00:23:00,hi,"PERSON_00959 और PERSON_00188 ने संदेश भेजा, Zone_0172, Gwalior के पास। समय 2026-04-14 00:23:00.",P00959,P00188,LOC0172
DIG005993,2026-02-14 21:36:00,mr,"PERSON_00811 और PERSON_00231 ने भेटला, Zone_0034, Jabalpur के पास। समय 2026-02-14 21:36:00.",P00811,P00231,LOC0034
DIG005994,2026-05-20 12:51:00,en,"PERSON_00931 met PERSON_00219 near Zone_0088, Indore. Record time 2026-05-20 12:51:00.",P00931,P00219,LOC0088
DIG005995,2026-04-24 23:13:00,ml,"PERSON_00166 और PERSON_00532 ने സ്ഥലം പങ്കിട്ടു, Zone_0039, Gwalior के पास। समय 2026-04-24 23:13:00.",P00166,P00532,LOC0039
DIG005996,2026-03-26 12:35:00,mr,"PERSON_00800 और PERSON_00192 ने फोन केला, Zone_0157, Nagpur के पास। समय 2026-03-26 12:35:00.",P00800,P00192,LOC0157
DIG005997,2026-06-17 18:41:00,hi,"PERSON_00323 और PERSON_00083 ने संपर्क किया, Zone_0066, Jabalpur के पास। समय 2026-06-17 18:41:00.",P00323,P00083,LOC0066
DIG005998,2026-01-11 08:59:00,ta,"PERSON_00056 और PERSON_00787 ने தொடர்பு கொண்டார், Zone_0067, Indore के पास। समय 2026-01-11 08:59:00.",P00056,P00787,LOC0067
DIG005999,2026-01-02 16:33:00,ml,"PERSON_00162 और PERSON_00211 ने പണം അയച്ചു, Zone_0058, Bhopal के पास। समय 2026-01-02 16:33:00.",P00162,P00211,LOC0058
DIG006000,2026-08-22 19:34:00,gu,"PERSON_00077 और PERSON_00369 ने સંપર્ક કર્યો, Zone_0023, Jabalpur के पास। समय 2026-08-22 19:34:00.",P00077,P00369,LOC0023
