event_id,event_type,subject_person_id,object_person_id,location_id,timestamp,confidence
E000001,communication,P00463,P00115,LOC0125,2026-03-31 02:53:00,0.97
E000002,meeting,P00946,P00970,LOC0128,2026-06-13 05:03:00,0.97
E000003,item_handoff,P00166,P00210,LOC0153,2026-06-06 22:31:00,0.9
E000004,communication,P00901,P00296,LOC0026,2026-01-28 11:57:00,0.91
E000005,movement,P00136,P00415,LOC0167,2026-04-20 11:58:00,0.92
E000006,movement,P00779,P00177,LOC0088,2026-05-22 00:46:00,0.67
E000007,transfer,P00509,P00922,LOC0108,2026-05-25 04:16:00,0.64
E000008,item_handoff,P00793,P00755,LOC0083,2026-04-29 04:54:00,0.68
E000009,movement,P00333,P00992,LOC0036,2026-01-31 13:34:00,0.75
E000010,movement,P00405,P00812,LOC0125,2026-05-18 09:35:00,0.67
E000011,meeting,P00563,P00062,LOC0148,2026-07-29 00:51:00,0.79
E000012,vehicle_use,P00212,P00391,LOC0022,2026-02-08 06:47:00,0.91
E000013,account_access,P00559,P00357,LOC0065,2026-04-06 15:32:00,0.84
E000014,vehicle_use,P00733,P00769,LOC0009,2026-08-02 04:30:00,0.91
E000015,item_handoff,P00745,P00960,LOC0067,2026-07-16 13:29:00,0.89
E000016,vehicle_use,P00192,P00649,LOC0178,2026-01-18 19:01:00,0.64
E000017,meeting,P00754,P00479,LOC0116,2026-04-16 11:13:00,0.62
E000018,transfer,P00201,P00631,LOC0022,2026-02-27 01:35:00,0.6
E000019,communication,P00608,P00517,LOC0097,2026-06-07 00:52:00,0.98
E000020,item_handoff,P00750,P00485,LOC0118,2026-07-20 12:31:00,0.63
E000021,communication,P00462,P00831,LOC0027,2026-01-22 22:04:00,0.91
E000022,transfer,P00194,P00020,LOC0030,2026-03-09 21:33:00,0.93
E000023,transfer,P00422,P00853,LOC0117,2026-04-04 17:53:00,0.69
E000024,account_access,P00553,P00929,LOC0105,2026-05-22 01:23:00,0.82
E000025,account_access,P00107,P00434,LOC0153,2026-05-03 03:40:00,0.69
E000026,transfer,P00050,P00279,LOC0148,2026-05-03 23:54:00,0.71
E000027,movement,P00502,P00376,LOC0038,2026-08-30 22:14:00,0.94
E000028,movement,P00761,P00525,LOC0167,2026-06-15 15:56:00,0.77
E000029,movement,P00459,P00107,LOC0101,2026-05-03 06:41:00,0.68
E000030,item_handoff,P00778,P00832,LOC0061,2026-04-09 07:14:00,0.87
E000031,observation,P00519,P00932,LOC0069,2026-08-07 06:18:00,0.62
E000032,observation,P00373,P00405,LOC0050,2026-03-01 13:29:00,0.96
E000033,account_access,P00936,P00174,LOC0095,2026-08-01 21:45:00,0.79
E000034,movement,P00697,P00677,LOC0172,2026-04-03 06:56:00,0.84
E000035,vehicle_use,P00630,P00872,LOC0117,2026-06-14 01:58:00,0.73
E000036,transfer,P00619,P00553,LOC0016,2026-06-06 08:09:00,0.94
E000037,observation,P00415,P00600,LOC0026,2026-06-01 04:53:00,0.62
E000038,vehicle_use,P00465,P00240,LOC0087,2026-07-29 13:42:00,0.78
E000039,meeting,P00849,P00638,LOC0118,2026-06-04 05:41:00,0.74
E000040,account_access,P00744,P00818,LOC0073,2026-01-15 23:36:00,0.79
E000041,transfer,P00223,P00277,LOC0124,2026-03-04 00:31:00,0.77
E000042,communication,P00403,P00065,LOC0038,2026-04-14 03:34:00,0.73
E000043,vehicle_use,P00870,P00763,LOC0040,2026-03-06 19:54:00,0.81
E000044,item_handoff,P00073,P00937,LOC0011,2026-07-05 19:03:00,0.88
E000045,observation,P00356,P00780,LOC0141,2026-04-28 07:17:00,0.97
E000046,vehicle_use,P00427,P00316,LOC0154,2026-08-16 13:42:00,0.66
E000047,communication,P00888,P00142,LOC0093,2026-06-09 20:08:00,0.95
E000048,communication,P00344,P00525,LOC0106,2026-01-23 08:19:00,0.6
E000049,transfer,P00641,P00325,LOC0130,2026-06-16 07:57:00,0.68
E000050,meeting,P00874,P00325,LOC0094,2026-02-26 12:02:00,0.72
E000051,account_access,P00401,P00834,LOC0135,2026-01-25 06:01:00,0.72
E000052,communication,P00495,P00259,LOC0155,2026-04-12 00:09:00,0.64
E000053,meeting,P00390,P00262,LOC0138,2026-07-16 18:28:00,0.92
E000054,communication,P00393,P00868,LOC0088,2026-01-15 06:31:00,0.68
E000055,transfer,P00796,P00595,LOC0062,2026-03-30 00:12:00,0.73
E000056,transfer,P00535,P00706,LOC0080,2026-01-13 20:33:00,0.91
E000057,meeting,P00852,P00962,LOC0079,2026-04-19 22:31:00,0.73
E000058,meeting,P00300,P00602,LOC0011,2026-02-24 05:19:00,0.84
E000059,observation,P00449,P00540,LOC0173,2026-05-26 19:31:00,0.63
E000060,observation,P00165,P00432,LOC0124,2026-05-14 22:26:00,0.89
E000061,meeting,P00344,P00824,LOC0138,2026-03-22 20:45:00,0.8
E000062,transfer,P00657,P00052,LOC0043,2026-03-11 01:59:00,0.78
E000063,communication,P00605,P00504,LOC0154,2026-01-18 21:28:00,0.82
E000064,observation,P00416,P00510,LOC0165,2026-05-20 01:37:00,0.67
E000065,transfer,P00862,P00397,LOC0043,2026-02-20 04:41:00,0.88
E000066,meeting,P00330,P00782,LOC0002,2026-06-29 18:31:00,0.69
E000067,communication,P00478,P00717,LOC0080,2026-08-12 16:23:00,0.95
E000068,item_handoff,P00821,P00043,LOC0077,2026-04-28 01:55:00,0.95
E000069,vehicle_use,P00489,P00190,LOC0011,2026-04-07 15:33:00,0.92
E000070,transfer,P00694,P00732,LOC0126,2026-07-09 18:46:00,0.89
E000071,movement,P00167,P00746,LOC0176,2026-07-31 21:51:00,0.71
E000072,account_access,P00267,P00915,LOC0053,2026-04-13 16:51:00,0.81
E000073,movement,P00021,P00629,LOC0122,2026-02-24 04:19:00,0.61
E000074,transfer,P00024,P00881,LOC0105,2026-02-15 05:12:00,0.71
E000075,vehicle_use,P00970,P00684,LOC0144,2026-05-07 10:25:00,0.7
E000076,transfer,P00295,P00861,LOC0055,2026-06-11 04:34:00,0.66
E000077,item_handoff,P00088,P00437,LOC0109,2026-03-23 21:55:00,0.98
E000078,observation,P00002,P00699,LOC0003,2026-04-30 12:10:00,0.95
E000079,vehicle_use,P00886,P00228,LOC0115,2026-06-05 13:15:00,0.65
E000080,meeting,P00951,P00721,LOC0072,2026-06-30 12:13:00,0.63
E000081,communication,P00405,P00617,LOC0148,2026-06-02 08:04:00,0.9
E000082,vehicle_use,P00141,P00771,LOC0115,2026-01-08 20:54:00,0.91
E000083,vehicle_use,P00097,P00875,LOC0037,2026-04-12 11:11:00,0.93
E000084,movement,P00294,P00601,LOC0168,2026-02-20 16:43:00,0.83
E000085,movement,P00291,P00290,LOC0166,2026-06-09 22:01:00,0.66
E000086,meeting,P00335,P00906,LOC0033,2026-04-16 13:38:00,0.78
E000087,transfer,P00663,P00847,LOC0045,2026-03-24 11:29:00,0.86
E000088,observation,P00410,P00920,LOC0036,2026-08-01 21:38:00,0.73
E000089,communication,P00161,P00274,LOC0044,2026-02-18 03:59:00,0.77
E000090,communication,P00320,P00798,LOC0075,2026-06-07 16:28:00,0.64
E000091,transfer,P00075,P00194,LOC0076,2026-07-25 05:01:00,0.73
E000092,vehicle_use,P00203,P00522,LOC0149,2026-02-12 09:09:00,0.62
E000093,communication,P00817,P00466,LOC0085,2026-01-30 12:12:00,0.9
E000094,item_handoff,P00045,P00017,LOC0135,2026-03-16 14:19:00,0.79
E000095,communication,P00294,P00745,LOC0080,2026-04-30 09:12:00,0.86
E000096,item_handoff,P00565,P00360,LOC0006,2026-01-13 18:34:00,0.73
E000097,observation,P00797,P00688,LOC0029,2026-02-02 02:03:00,0.87
E000098,communication,P00991,P00413,LOC0089,2026-03-10 09:17:00,0.86
E000099,item_handoff,P00308,P00025,LOC0011,2026-03-12 05:16:00,0.62
E000100,vehicle_use,P00085,P00519,LOC0010,2026-05-10 11:22:00,0.63
E000101,communication,P00793,P00153,LOC0052,2026-01-08 23:10:00,0.72
E000102,observation,P00133,P00826,LOC0117,2026-06-27 19:20:00,0.69
E000103,communication,P00909,P00129,LOC0149,2026-07-25 16:37:00,0.95
E000104,meeting,P00262,P00309,LOC0165,2026-08-24 02:44:00,0.62
E000105,observation,P00446,P00013,LOC0138,2026-04-25 15:05:00,0.74
E000106,account_access,P00419,P00257,LOC0176,2026-07-24 15:05:00,0.81
E000107,vehicle_use,P00328,P00619,LOC0072,2026-02-21 19:48:00,0.62
E000108,meeting,P00192,P00799,LOC0042,2026-03-04 13:19:00,0.81
E000109,movement,P00108,P00103,LOC0087,2026-03-01 18:11:00,0.62
E000110,movement,P00346,P00681,LOC0054,2026-01-05 14:23:00,0.92
E000111,account_access,P00178,P00986,LOC0064,2026-02-15 03:14:00,0.7
E000112,movement,P00565,P00719,LOC0162,2026-02-01 21:02:00,0.97
E000113,movement,P00500,P00965,LOC0071,2026-05-28 04:01:00,0.87
E000114,vehicle_use,P00109,P00919,LOC0173,2026-06-30 02:03:00,0.67
E000115,meeting,P00897,P00715,LOC0090,2026-05-12 15:55:00,0.67
E000116,vehicle_use,P00473,P00457,LOC0076,2026-03-26 08:39:00,0.68
E000117,movement,P00561,P00983,LOC0054,2026-01-23 16:59:00,0.98
E000118,movement,P00751,P00255,LOC0016,2026-07-12 21:22:00,0.77
E000119,account_access,P00858,P00735,LOC0134,2026-04-10 09:59:00,0.78
E000120,item_handoff,P00967,P00721,LOC0087,2026-08-20 07:41:00,0.94
E000121,meeting,P00655,P00645,LOC0164,2026-03-23 09:51:00,0.9
E000122,meeting,P00802,P00594,LOC0060,2026-03-15 07:44:00,0.67
E000123,item_handoff,P00186,P00787,LOC0165,2026-03-08 10:45:00,0.87
E000124,meeting,P00003,P00908,LOC0056,2026-06-25 14:19:00,0.83
E000125,transfer,P00068,P00085,LOC0111,2026-05-13 19:00:00,0.97
E000126,item_handoff,P00824,P00327,LOC0007,2026-01-11 00:29:00,0.96
E000127,vehicle_use,P00978,P00357,LOC0087,2026-06-28 19:08:00,0.95
E000128,account_access,P00556,P00181,LOC0025,2026-02-18 05:59:00,0.98
E000129,item_handoff,P00276,P00295,LOC0008,2026-07-06 20:11:00,0.62
E000130,account_access,P00741,P00494,LOC0068,2026-08-06 21:19:00,0.69
E000131,item_handoff,P00345,P00142,LOC0134,2026-08-25 20:50:00,0.82
E000132,communication,P00681,P00811,LOC0143,2026-01-15 10:46:00,0.65
E000133,account_access,P00555,P00585,LOC0049,2026-07-12 10:55:00,0.64
E000134,meeting,P00741,P00596,LOC0163,2026-02-22 09:16:00,0.64
E000135,item_handoff,P00633,P00928,LOC0022,2026-06-06 04:02:00,0.81
E000136,meeting,P00528,P00293,LOC0073,2026-02-24 07:36:00,0.67
E000137,communication,P00714,P00341,LOC0036,2026-02-16 11:30:00,0.93
E000138,communication,P00500,P00362,LOC0137,2026-06-18 20:41:00,0.77
E000139,transfer,P00977,P00399,LOC0161,2026-06-21 22:57:00,0.88
E000140,transfer,P00290,P00663,LOC0066,2026-07-29 15:59:00,0.98
E000141,communication,P00484,P00325,LOC0016,2026-06-16 14:04:00,0.62
E000142,item_handoff,P00330,P00598,LOC0118,2026-07-07 09:19:00,0.66
E000143,account_access,P00604,P00049,LOC0142,2026-03-17 23:16:00,0.7
E000144,movement,P00398,P00135,LOC0019,2026-03-07 06:01:00,0.95
E000145,movement,P00477,P00852,LOC0060,2026-08-31 09:40:00,0.91
E000146,observation,P00086,P00410,LOC0114,2026-03-30 10:14:00,0.73
E000147,movement,P00792,P00910,LOC0180,2026-06-30 01:30:00,0.9
E000148,observation,P00382,P00071,LOC0149,2026-08-01 08:47:00,0.79
E000149,account_access,P00883,P00341,LOC0152,2026-05-12 12:51:00,0.93
E000150,vehicle_use,P00529,P00114,LOC0103,2026-06-09 08:16:00,0.61
E000151,movement,P00972,P00921,LOC0119,2026-08-06 22:35:00,0.68
E000152,transfer,P00327,P00295,LOC0148,2026-06-20 17:51:00,0.61
E000153,account_access,P00405,P00622,LOC0131,2026-06-16 01:24:00,0.9
E000154,meeting,P00932,P00115,LOC0008,2026-01-09 16:10:00,0.83
E000155,meeting,P00194,P00757,LOC0014,2026-02-25 11:54:00,0.74
E000156,transfer,P00153,P00463,LOC0147,2026-04-12 01:55:00,0.94
E000157,meeting,P00639,P00418,LOC0168,2026-02-18 10:22:00,0.67
E000158,transfer,P00984,P00336,LOC0018,2026-08-22 09:02:00,0.69
E000159,transfer,P00207,P00598,LOC0024,2026-07-10 10:03:00,0.84
E000160,vehicle_use,P00982,P00613,LOC0160,2026-08-24 18:38:00,0.68
E000161,transfer,P00013,P00356,LOC0051,2026-04-23 18:23:00,0.89
E000162,communication,P00318,P00450,LOC0087,2026-01-08 17:43:00,0.97
E000163,account_access,P00914,P00681,LOC0036,2026-05-18 15:47:00,0.98
E000164,item_handoff,P00409,P00337,LOC0151,2026-05-26 16:39:00,0.81
E000165,transfer,P00820,P00110,LOC0171,2026-06-29 10:18:00,0.76
E000166,movement,P00001,P00353,LOC0168,2026-01-16 19:10:00,0.78
E000167,account_access,P00733,P00550,LOC0149,2026-06-24 23:01:00,0.62
E000168,account_access,P00306,P00704,LOC0012,2026-02-10 23:09:00,0.96
E000169,observation,P00736,P00583,LOC0150,2026-01-16 17:53:00,0.8
E000170,vehicle_use,P00643,P00423,LOC0067,2026-04-11 15:08:00,0.67
E000171,movement,P00935,P00844,LOC0077,2026-07-05 07:38:00,0.68
E000172,account_access,P00061,P00282,LOC0028,2026-07-06 02:49:00,0.69
E000173,meeting,P00452,P00440,LOC0012,2026-01-24 02:20:00,0.76
E000174,movement,P00618,P00076,LOC0107,2026-07-09 04:06:00,0.87
E000175,account_access,P00020,P00009,LOC0007,2026-07-29 15:37:00,0.96
E000176,meeting,P00345,P00972,LOC0142,2026-04-22 04:09:00,0.9
E000177,item_handoff,P00831,P00096,LOC0021,2026-08-07 14:20:00,0.76
E000178,vehicle_use,P00575,P00149,LOC0149,2026-05-05 05:11:00,0.86
E000179,transfer,P00462,P00266,LOC0151,2026-01-16 20:31:00,0.93
E000180,observation,P00585,P00194,LOC0093,2026-06-10 08:56:00,0.7
E000181,movement,P00644,P00800,LOC0180,2026-07-04 18:08:00,0.81
E000182,account_access,P00648,P00801,LOC0086,2026-08-02 21:57:00,0.96
E000183,communication,P00419,P00695,LOC0060,2026-05-09 13:29:00,0.81
E000184,movement,P00948,P00585,LOC0008,2026-01-10 15:49:00,0.92
E000185,observation,P00702,P00350,LOC0116,2026-04-09 17:18:00,0.68
E000186,account_access,P00964,P00320,LOC0087,2026-03-27 10:12:00,0.94
E000187,account_access,P00727,P00441,LOC0025,2026-01-29 20:31:00,0.9
E000188,meeting,P00641,P00813,LOC0149,2026-04-24 06:57:00,0.63
E000189,movement,P00606,P00398,LOC0143,2026-07-07 20:15:00,0.74
E000190,transfer,P00602,P00687,LOC0048,2026-05-28 04:42:00,0.96
E000191,meeting,P00392,P00287,LOC0113,2026-07-09 06:24:00,0.66
E000192,observation,P00864,P00562,LOC0180,2026-01-15 21:11:00,0.8
E000193,movement,P00225,P00486,LOC0176,2026-01-16 06:37:00,0.89
E000194,movement,P00484,P00478,LOC0111,2026-08-26 08:53:00,0.63
E000195,movement,P00581,P00969,LOC0165,2026-02-15 07:53:00,0.73
E000196,communication,P00082,P00791,LOC0027,2026-05-08 10:22:00,0.67
E000197,vehicle_use,P00983,P00777,LOC0136,2026-08-22 09:40:00,0.89
E000198,item_handoff,P00593,P00463,LOC0071,2026-03-09 08:14:00,0.85
E000199,vehicle_use,P00344,P00707,LOC0119,2026-02-12 09:34:00,0.78
E000200,observation,P00480,P00892,LOC0022,2026-07-09 05:18:00,0.96
E000201,movement,P00550,P00410,LOC0006,2026-07-28 08:14:00,0.92
E000202,vehicle_use,P00378,P00951,LOC0010,2026-01-06 10:26:00,0.86
E000203,account_access,P00106,P00130,LOC0080,2026-06-14 09:09:00,0.9
E000204,vehicle_use,P00718,P00756,LOC0023,2026-01-09 22:40:00,0.63
E000205,communication,P00669,P00014,LOC0091,2026-06-04 14:58:00,0.85
E000206,transfer,P00468,P00118,LOC0060,2026-03-25 01:42:00,0.91
E000207,observation,P00504,P00188,LOC0180,2026-06-27 13:06:00,0.75
E000208,observation,P00024,P00453,LOC0073,2026-08-24 22:51:00,0.97
E000209,vehicle_use,P00536,P00101,LOC0074,2026-03-14 22:25:00,0.69
E000210,movement,P00954,P00110,LOC0130,2026-04-02 09:37:00,0.69
E000211,vehicle_use,P00346,P00703,LOC0162,2026-07-15 05:32:00,0.82
E000212,item_handoff,P00597,P00095,LOC0017,2026-04-20 04:23:00,0.96
E000213,transfer,P00792,P00552,LOC0095,2026-01-21 23:05:00,0.84
E000214,item_handoff,P00048,P00301,LOC0110,2026-07-11 15:50:00,0.82
E000215,meeting,P00932,P00933,LOC0013,2026-03-30 00:36:00,0.77
E000216,transfer,P00990,P00082,LOC0142,2026-05-05 10:22:00,0.95
E000217,meeting,P00387,P00170,LOC0015,2026-04-08 07:19:00,0.61
E000218,meeting,P00595,P00104,LOC0125,2026-07-27 01:17:00,0.7
E000219,transfer,P00335,P00132,LOC0060,2026-02-05 09:45:00,0.93
E000220,meeting,P00257,P00509,LOC0017,2026-06-22 02:17:00,0.64
E000221,observation,P00625,P00541,LOC0010,2026-02-12 11:17:00,0.61
E000222,observation,P00884,P00823,LOC0070,2026-01-21 10:52:00,0.95
E000223,movement,P00127,P00343,LOC0049,2026-08-05 15:09:00,0.63
E000224,transfer,P00839,P00694,LOC0096,2026-01-13 09:09:00,0.68
E000225,observation,P00325,P00700,LOC0010,2026-06-02 08:23:00,0.86
E000226,meeting,P00122,P00094,LOC0030,2026-06-21 17:19:00,0.75
E000227,vehicle_use,P00733,P00065,LOC0178,2026-02-08 14:03:00,0.62
E000228,meeting,P00171,P00047,LOC0027,2026-07-11 11:45:00,0.99
E000229,transfer,P00374,P00135,LOC0046,2026-03-26 12:17:00,0.73
E000230,transfer,P00054,P00795,LOC0077,2026-05-01 01:19:00,0.79
E000231,meeting,P00580,P00982,LOC0052,2026-01-20 00:18:00,0.95
E000232,meeting,P00250,P00416,LOC0118,2026-06-04 03:32:00,0.72
E000233,account_access,P00459,P00268,LOC0124,2026-06-25 08:38:00,0.87
E000234,movement,P00261,P00912,LOC0108,2026-08-24 06:34:00,0.93
E000235,observation,P00877,P00215,LOC0173,2026-05-02 16:33:00,0.9
E000236,vehicle_use,P00336,P00299,LOC0041,2026-05-24 07:49:00,0.77
E000237,communication,P00055,P00161,LOC0128,2026-07-23 17:38:00,0.61
E000238,meeting,P00450,P00678,LOC0035,2026-08-11 00:19:00,0.67
E000239,transfer,P00264,P00708,LOC0038,2026-06-29 21:11:00,0.69
E000240,item_handoff,P00807,P00427,LOC0102,2026-05-02 04:22:00,0.69
E000241,vehicle_use,P00833,P00075,LOC0108,2026-03-23 18:30:00,0.8
E000242,observation,P00817,P00344,LOC0147,2026-02-20 22:39:00,0.89
E000243,observation,P00073,P00739,LOC0118,2026-07-22 09:29:00,0.92
E000244,vehicle_use,P00162,P00497,LOC0093,2026-04-05 23:54:00,0.66
E000245,account_access,P00573,P00495,LOC0050,2026-04-30 13:43:00,0.84
E000246,meeting,P00925,P00578,LOC0009,2026-01-13 10:37:00,0.81
E000247,communication,P00251,P00012,LOC0031,2026-05-01 07:40:00,0.61
E000248,observation,P00905,P00199,LOC0103,2026-02-14 06:53:00,0.82
E000249,vehicle_use,P00827,P00438,LOC0031,2026-05-02 01:59:00,0.63
E000250,meeting,P00605,P00996,LOC0008,2026-03-24 23:37:00,0.82
E000251,movement,P00136,P00530,LOC0088,2026-03-14 06:31:00,0.63
E000252,meeting,P00134,P00597,LOC0107,2026-06-21 01:04:00,0.8
E000253,communication,P00547,P00457,LOC0069,2026-06-17 07:14:00,0.83
E000254,communication,P00273,P00728,LOC0160,2026-06-14 17:32:00,0.85
E000255,account_access,P00852,P00573,LOC0167,2026-07-22 21:26:00,0.66
E000256,movement,P00519,P00265,LOC0093,2026-05-21 11:29:00,0.7
E000257,account_access,P00141,P00347,LOC0073,2026-06-08 07:49:00,0.98
E000258,transfer,P00634,P00700,LOC0155,2026-06-17 22:42:00,0.75
E000259,communication,P00870,P00502,LOC0134,2026-04-24 11:21:00,0.72
E000260,transfer,P00507,P00774,LOC0015,2026-08-10 21:02:00,0.63
E000261,observation,P00260,P00004,LOC0131,2026-02-14 10:40:00,0.86
E000262,account_access,P00840,P00311,LOC0074,2026-01-06 15:17:00,0.87
E000263,transfer,P00471,P00490,LOC0057,2026-08-08 02:20:00,0.63
E000264,observation,P00604,P00909,LOC0169,2026-01-15 09:39:00,0.81
E000265,account_access,P00093,P00997,LOC0152,2026-03-24 10:33:00,0.89
E000266,transfer,P00361,P00161,LOC0041,2026-01-05 18:17:00,0.98
E000267,vehicle_use,P00622,P00633,LOC0165,2026-04-09 17:21:00,0.96
E000268,meeting,P00612,P00966,LOC0036,2026-08-18 12:57:00,0.72
E000269,movement,P00187,P00924,LOC0060,2026-05-16 23:12:00,0.91
E000270,transfer,P00793,P00175,LOC0104,2026-05-28 03:36:00,0.96
E000271,movement,P00193,P00308,LOC0110,2026-02-26 14:13:00,0.83
E000272,observation,P00413,P00982,LOC0133,2026-03-16 08:31:00,0.62
E000273,meeting,P00966,P00984,LOC0104,2026-04-12 04:13:00,0.88
E000274,transfer,P00498,P00746,LOC0062,2026-02-08 15:37:00,0.98
E000275,account_access,P00406,P00819,LOC0133,2026-06-28 15:50:00,0.85
E000276,item_handoff,P00711,P00118,LOC0007,2026-06-19 18:12:00,0.98
E000277,observation,P00926,P00599,LOC0062,2026-03-12 09:41:00,0.76
E000278,transfer,P00498,P00036,LOC0051,2026-01-13 06:59:00,0.64
E000279,communication,P00945,P00416,LOC0125,2026-01-29 17:54:00,0.68
E000280,account_access,P00090,P00601,LOC0061,2026-02-10 11:35:00,0.61
E000281,item_handoff,P00656,P00261,LOC0031,2026-01-01 08:03:00,0.93
E000282,observation,P00576,P00630,LOC0116,2026-03-30 09:49:00,0.63
E000283,communication,P00237,P00996,LOC0020,2026-05-07 10:59:00,0.75
E000284,account_access,P00206,P00646,LOC0146,2026-08-13 19:57:00,0.85
E000285,account_access,P00334,P00394,LOC0142,2026-07-11 02:01:00,0.86
E000286,movement,P00618,P00270,LOC0008,2026-02-05 20:45:00,0.94
E000287,observation,P00823,P00926,LOC0016,2026-03-07 06:42:00,0.7
E000288,observation,P00130,P00519,LOC0042,2026-07-28 22:32:00,0.62
E000289,vehicle_use,P00813,P00362,LOC0126,2026-04-25 21:14:00,0.74
E000290,vehicle_use,P00839,P00906,LOC0132,2026-01-22 07:21:00,0.8
E000291,observation,P00315,P00183,LOC0138,2026-05-31 18:32:00,0.96
E000292,item_handoff,P00320,P00790,LOC0012,2026-05-12 01:33:00,0.79
E000293,account_access,P00259,P00508,LOC0093,2026-04-14 18:09:00,0.65
E000294,communication,P00502,P01000,LOC0098,2026-02-14 23:58:00,0.62
E000295,item_handoff,P00782,P00999,LOC0175,2026-05-06 23:58:00,0.91
E000296,item_handoff,P00994,P00761,LOC0046,2026-04-23 23:51:00,0.75
E000297,vehicle_use,P00837,P00683,LOC0013,2026-03-25 10:00:00,0.95
E000298,account_access,P00172,P00394,LOC0026,2026-06-21 23:43:00,0.67
E000299,observation,P00827,P00762,LOC0109,2026-04-26 14:18:00,0.86
E000300,account_access,P00701,P00006,LOC0117,2026-05-08 02:27:00,0.85
E000301,movement,P00300,P00546,LOC0001,2026-02-20 10:04:00,0.67
E000302,item_handoff,P00515,P00918,LOC0151,2026-08-30 16:19:00,0.69
E000303,communication,P00009,P00756,LOC0050,2026-07-25 02:02:00,0.63
E000304,movement,P00399,P00757,LOC0103,2026-03-21 09:48:00,0.74
E000305,observation,P00031,P00039,LOC0142,2026-02-10 15:11:00,0.83
E000306,observation,P00905,P00091,LOC0027,2026-02-24 12:01:00,0.9
E000307,communication,P00102,P00375,LOC0027,2026-01-29 05:22:00,0.8
E000308,communication,P00321,P00859,LOC0125,2026-05-07 09:17:00,0.92
E000309,transfer,P00442,P00434,LOC0061,2026-07-21 19:03:00,0.69
E000310,transfer,P00190,P00793,LOC0093,2026-02-22 19:30:00,0.9
E000311,movement,P00589,P00871,LOC0065,2026-04-13 15:23:00,0.97
E000312,account_access,P00495,P00207,LOC0094,2026-07-26 23:11:00,0.77
E000313,observation,P00314,P00685,LOC0081,2026-04-07 10:49:00,0.68
E000314,meeting,P00176,P00225,LOC0089,2026-02-09 18:04:00,0.78
E000315,movement,P00213,P00161,LOC0034,2026-04-18 18:05:00,0.63
E000316,meeting,P00704,P00810,LOC0139,2026-08-22 00:46:00,0.89
E000317,account_access,P00249,P00472,LOC0147,2026-03-08 01:10:00,0.96
E000318,movement,P00549,P00094,LOC0166,2026-02-26 01:18:00,0.63
E000319,communication,P00130,P00266,LOC0064,2026-07-06 06:08:00,0.81
E000320,account_access,P00684,P00453,LOC0110,2026-08-10 12:22:00,0.7
E000321,account_access,P00596,P00622,LOC0135,2026-07-15 10:15:00,0.99
E000322,account_access,P00609,P00088,LOC0067,2026-06-22 14:39:00,0.95
E000323,observation,P00002,P00572,LOC0124,2026-07-25 08:16:00,0.79
E000324,meeting,P00432,P00797,LOC0022,2026-08-31 15:19:00,0.89
E000325,transfer,P00365,P00232,LOC0130,2026-05-23 23:29:00,0.65
E000326,account_access,P00075,P00475,LOC0126,2026-09-01 01:06:00,0.61
E000327,vehicle_use,P00865,P00360,LOC0077,2026-07-20 05:54:00,0.95
E000328,vehicle_use,P00932,P00620,LOC0180,2026-08-27 13:36:00,0.77
E000329,vehicle_use,P00670,P00761,LOC0091,2026-08-03 01:44:00,0.88
E000330,item_handoff,P00915,P00438,LOC0160,2026-03-15 15:06:00,0.69
E000331,communication,P00884,P00894,LOC0130,2026-03-18 08:26:00,0.81
E000332,item_handoff,P00654,P00057,LOC0131,2026-08-26 11:52:00,0.95
E000333,item_handoff,P00286,P00450,LOC0059,2026-03-23 01:37:00,0.66
E000334,item_handoff,P00727,P00132,LOC0086,2026-06-14 22:14:00,0.91
E000335,movement,P00640,P00738,LOC0164,2026-04-21 07:59:00,0.81
E000336,account_access,P00924,P00099,LOC0021,2026-06-06 11:06:00,0.67
E000337,movement,P00574,P00389,LOC0016,2026-06-10 22:00:00,0.9
E000338,account_access,P00238,P00380,LOC0098,2026-07-01 15:04:00,0.8
E000339,item_handoff,P00625,P00224,LOC0067,2026-08-25 19:37:00,0.77
E000340,item_handoff,P00915,P00491,LOC0136,2026-07-05 08:47:00,0.74
E000341,account_access,P00508,P00643,LOC0037,2026-04-03 08:55:00,0.62
E000342,movement,P00037,P00133,LOC0177,2026-06-01 21:32:00,0.92
E000343,item_handoff,P00508,P00841,LOC0173,2026-02-12 03:47:00,0.63
E000344,item_handoff,P00265,P00876,LOC0046,2026-02-02 22:11:00,0.94
E000345,transfer,P00229,P00488,LOC0071,2026-06-17 23:06:00,0.97
E000346,account_access,P00052,P00123,LOC0154,2026-04-06 02:35:00,0.67
E000347,observation,P00630,P00137,LOC0161,2026-04-23 10:05:00,0.65
E000348,transfer,P00070,P00028,LOC0006,2026-06-14 07:01:00,0.71
E000349,vehicle_use,P00873,P00767,LOC0179,2026-02-07 05:01:00,0.89
E000350,transfer,P00744,P00059,LOC0040,2026-06-03 07:22:00,0.65
E000351,observation,P00316,P00302,LOC0077,2026-01-31 06:45:00,0.91
E000352,vehicle_use,P00426,P00974,LOC0145,2026-01-16 19:44:00,0.96
E000353,communication,P00099,P00359,LOC0175,2026-08-26 09:00:00,0.87
E000354,account_access,P00006,P00668,LOC0161,2026-03-01 09:29:00,0.83
E000355,movement,P00996,P00235,LOC0157,2026-08-08 05:40:00,0.73
E000356,vehicle_use,P00476,P00043,LOC0032,2026-05-24 19:11:00,0.9
E000357,transfer,P00375,P00720,LOC0179,2026-02-23 18:58:00,0.92
E000358,vehicle_use,P00313,P00087,LOC0020,2026-08-21 18:51:00,0.89
E000359,movement,P00754,P00730,LOC0141,2026-08-28 12:27:00,0.67
E000360,meeting,P00801,P00208,LOC0151,2026-02-21 15:32:00,0.7
E000361,item_handoff,P00463,P00992,LOC0001,2026-05-25 00:06:00,0.75
E000362,meeting,P00972,P00547,LOC0001,2026-06-20 11:47:00,0.69
E000363,movement,P00952,P00574,LOC0053,2026-05-12 22:12:00,0.69
E000364,movement,P00760,P00726,LOC0161,2026-06-23 14:43:00,0.64
E000365,meeting,P00146,P00247,LOC0038,2026-01-18 21:40:00,0.75
E000366,account_access,P00656,P00633,LOC0009,2026-05-15 00:25:00,0.87
E000367,item_handoff,P00516,P00221,LOC0158,2026-06-26 16:18:00,0.66
E000368,transfer,P00743,P00575,LOC0154,2026-08-09 15:53:00,0.83
E000369,observation,P00634,P00888,LOC0048,2026-07-03 04:57:00,0.93
E000370,item_handoff,P00353,P00086,LOC0098,2026-03-12 03:15:00,0.64
E000371,account_access,P00456,P00162,LOC0123,2026-07-01 21:00:00,0.93
E000372,communication,P00279,P00976,LOC0063,2026-02-10 21:44:00,0.98
E000373,communication,P00517,P00320,LOC0123,2026-08-25 19:50:00,0.85
E000374,account_access,P00951,P00347,LOC0159,2026-06-02 13:50:00,0.69
E000375,observation,P00154,P00386,LOC0047,2026-07-22 07:25:00,0.68
E000376,transfer,P00875,P00568,LOC0151,2026-03-07 06:35:00,0.83
E000377,movement,P00578,P00416,LOC0084,2026-04-30 22:03:00,0.72
E000378,meeting,P00077,P00270,LOC0161,2026-01-03 14:09:00,0.75
E000379,communication,P00537,P00820,LOC0060,2026-05-03 11:27:00,0.95
E000380,item_handoff,P00782,P00536,LOC0140,2026-07-16 13:53:00,0.81
E000381,vehicle_use,P00094,P00201,LOC0150,2026-03-28 22:41:00,0.93
E000382,meeting,P00176,P00590,LOC0133,2026-05-04 07:20:00,0.89
E000383,account_access,P00252,P00279,LOC0059,2026-04-27 17:31:00,0.78
E000384,transfer,P00722,P00050,LOC0121,2026-07-15 18:35:00,0.67
E000385,observation,P00661,P00204,LOC0165,2026-03-31 18:43:00,0.61
E000386,movement,P00393,P00861,LOC0066,2026-02-17 13:34:00,0.74
E000387,vehicle_use,P00040,P00216,LOC0114,2026-05-26 18:07:00,0.84
E000388,item_handoff,P00700,P00774,LOC0175,2026-08-27 11:45:00,0.64
E000389,movement,P00102,P00200,LOC0172,2026-03-04 21:21:00,0.63
E000390,meeting,P00393,P00260,LOC0023,2026-06-27 17:47:00,0.75
E000391,movement,P00507,P00512,LOC0003,2026-03-13 14:14:00,0.65
E000392,transfer,P00632,P00502,LOC0073,2026-01-30 05:24:00,0.7
E000393,observation,P00953,P00470,LOC0093,2026-06-03 09:32:00,0.74
E000394,communication,P00727,P00392,LOC0179,2026-05-15 14:43:00,0.7
E000395,movement,P00345,P00220,LOC0134,2026-03-13 17:40:00,0.9
E000396,vehicle_use,P00190,P00075,LOC0082,2026-08-07 07:04:00,0.61
E000397,communication,P00039,P00251,LOC0081,2026-04-16 20:54:00,0.95
E000398,communication,P00638,P00434,LOC0118,2026-05-21 00:44:00,0.74
E000399,observation,P00941,P00591,LOC0029,2026-05-10 12:32:00,0.89
E000400,vehicle_use,P00179,P00438,LOC0134,2026-04-20 07:59:00,0.88
E000401,vehicle_use,P00722,P00978,LOC0124,2026-08-23 00:54:00,0.98
E000402,account_access,P00674,P00595,LOC0172,2026-01-05 03:31:00,0.86
E000403,movement,P00428,P00093,LOC0032,2026-04-09 17:49:00,0.68
E000404,meeting,P00024,P00450,LOC0020,2026-05-26 02:23:00,0.74
E000405,item_handoff,P00033,P00755,LOC0153,2026-05-19 16:52:00,0.67
E000406,item_handoff,P00541,P00916,LOC0137,2026-08-17 19:40:00,0.63
E000407,movement,P00525,P00631,LOC0038,2026-03-27 10:45:00,0.93
E000408,movement,P00929,P00693,LOC0119,2026-05-07 09:48:00,0.81
E000409,movement,P00318,P00879,LOC0170,2026-01-14 09:14:00,0.78
E000410,item_handoff,P00265,P00863,LOC0138,2026-06-13 16:45:00,0.88
E000411,observation,P00573,P00916,LOC0167,2026-02-19 08:07:00,0.73
E000412,transfer,P00142,P00887,LOC0046,2026-07-24 06:53:00,0.61
E000413,communication,P00821,P00616,LOC0165,2026-08-22 08:17:00,0.67
E000414,meeting,P00516,P00583,LOC0151,2026-05-03 07:26:00,0.93
E000415,meeting,P00522,P00946,LOC0071,2026-07-13 13:04:00,0.83
E000416,meeting,P00372,P00834,LOC0170,2026-06-26 03:37:00,0.79
E000417,vehicle_use,P00767,P00389,LOC0092,2026-08-14 21:14:00,0.63
E000418,item_handoff,P00771,P00168,LOC0177,2026-07-02 01:42:00,0.76
E000419,observation,P00424,P00842,LOC0011,2026-01-29 22:11:00,0.6
E000420,observation,P00956,P00984,LOC0066,2026-07-06 01:38:00,0.71
E000421,vehicle_use,P00961,P00777,LOC0094,2026-06-23 01:28:00,0.64
E000422,vehicle_use,P00634,P00370,LOC0152,2026-02-24 12:08:00,0.75
E000423,movement,P00624,P00015,LOC0098,2026-07-03 14:25:00,0.75
E000424,communication,P00653,P00200,LOC0156,2026-07-10 11:42:00,0.81
E000425,vehicle_use,P00519,P00298,LOC0150,2026-06-26 02:29:00,0.83
E000426,communication,P00869,P00846,LOC0099,2026-08-21 14:36:00,0.65
E000427,meeting,P00818,P00632,LOC0089,2026-07-15 18:25:00,0.91
E000428,meeting,P00457,P00713,LOC0056,2026-06-27 16:00:00,0.73
E000429,observation,P00428,P00982,LOC0159,2026-02-28 05:27:00,0.8
E000430,item_handoff,P00749,P00509,LOC0123,2026-04-09 00:42:00,0.92
E000431,transfer,P00002,P00639,LOC0174,2026-01-15 05:49:00,0.65
E000432,account_access,P00760,P00391,LOC0146,2026-08-20 19:31:00,0.63
E000433,observation,P00508,P00608,LOC0069,2026-07-15 15:55:00,0.65
E000434,meeting,P00614,P00626,LOC0070,2026-07-22 11:44:00,0.64
E000435,transfer,P00470,P00942,LOC0100,2026-03-02 21:25:00,0.96
E000436,movement,P00575,P00089,LOC0149,2026-07-25 12:19:00,0.99
E000437,vehicle_use,P00009,P00171,LOC0144,2026-07-24 07:18:00,0.62
E000438,vehicle_use,P00879,P00695,LOC0163,2026-03-05 01:03:00,0.63
E000439,movement,P00725,P00365,LOC0104,2026-08-17 12:42:00,0.67
E000440,movement,P00427,P00015,LOC0125,2026-07-07 20:05:00,0.8
E000441,account_access,P00319,P00748,LOC0080,2026-02-21 15:05:00,0.91
E000442,account_access,P00573,P00708,LOC0156,2026-06-06 00:31:00,0.87
E000443,account_access,P00533,P00524,LOC0136,2026-07-12 13:00:00,0.98
E000444,meeting,P00067,P00267,LOC0168,2026-03-03 15:16:00,0.81
E000445,account_access,P00503,P00148,LOC0026,2026-08-01 04:50:00,0.66
E000446,item_handoff,P00692,P00909,LOC0095,2026-06-20 09:35:00,0.86
E000447,transfer,P00006,P00754,LOC0089,2026-07-16 18:50:00,0.92
E000448,item_handoff,P00287,P00967,LOC0077,2026-06-22 23:03:00,0.91
E000449,communication,P00437,P00802,LOC0138,2026-08-09 11:02:00,0.93
E000450,meeting,P00908,P00211,LOC0180,2026-04-10 08:39:00,0.81
E000451,communication,P00455,P00352,LOC0140,2026-01-12 23:53:00,0.69
E000452,meeting,P00464,P00776,LOC0095,2026-05-05 11:18:00,0.85
E000453,meeting,P00326,P00959,LOC0045,2026-02-17 03:41:00,0.63
E000454,account_access,P00315,P00161,LOC0101,2026-04-13 05:19:00,0.77
E000455,account_access,P00669,P00527,LOC0008,2026-05-11 02:06:00,0.98
E000456,communication,P00055,P00841,LOC0131,2026-02-22 11:14:00,0.65
E000457,communication,P00478,P00615,LOC0133,2026-03-15 01:11:00,0.63
E000458,item_handoff,P00156,P00591,LOC0137,2026-02-05 04:24:00,0.7
E000459,item_handoff,P00505,P00775,LOC0134,2026-04-06 15:29:00,0.8
E000460,movement,P00436,P00479,LOC0042,2026-06-02 08:46:00,0.66
E000461,movement,P00143,P00089,LOC0032,2026-06-23 14:58:00,0.83
E000462,vehicle_use,P00296,P00679,LOC0146,2026-08-31 19:52:00,0.78
E000463,account_access,P00510,P00823,LOC0090,2026-08-12 20:35:00,0.8
E000464,transfer,P00587,P00949,LOC0163,2026-07-08 11:11:00,0.6
E000465,communication,P00299,P00575,LOC0159,2026-05-24 05:32:00,0.87
E000466,account_access,P00358,P00365,LOC0086,2026-02-06 09:04:00,0.62
E000467,communication,P00802,P00119,LOC0123,2026-03-23 11:18:00,0.68
E000468,account_access,P00516,P00427,LOC0119,2026-03-23 08:13:00,0.61
E000469,observation,P00294,P00640,LOC0120,2026-05-04 01:27:00,0.8
E000470,observation,P00146,P00454,LOC0102,2026-08-19 22:01:00,0.7
E000471,observation,P00219,P00893,LOC0071,2026-03-24 07:57:00,0.77
E000472,item_handoff,P00728,P00831,LOC0047,2026-02-14 21:26:00,0.66
E000473,observation,P00891,P00233,LOC0011,2026-08-26 14:24:00,0.7
E000474,communication,P00622,P00312,LOC0083,2026-04-22 13:16:00,0.94
E000475,movement,P00494,P00558,LOC0072,2026-04-12 02:31:00,0.98
E000476,account_access,P00384,P00970,LOC0096,2026-03-03 11:43:00,0.8
E000477,vehicle_use,P00913,P00352,LOC0140,2026-02-27 01:48:00,0.93
E000478,communication,P00931,P00831,LOC0137,2026-04-28 08:20:00,0.74
E000479,vehicle_use,P00218,P00969,LOC0163,2026-05-30 08:10:00,0.81
E000480,observation,P00429,P00011,LOC0148,2026-04-22 21:05:00,0.82
E000481,vehicle_use,P00694,P00335,LOC0031,2026-08-02 00:07:00,0.7
E000482,account_access,P00641,P00129,LOC0169,2026-07-31 18:26:00,0.65
E000483,transfer,P00187,P00138,LOC0025,2026-08-10 01:42:00,0.85
E000484,transfer,P00997,P00151,LOC0136,2026-03-08 14:04:00,0.93
E000485,movement,P00180,P00010,LOC0023,2026-07-28 23:05:00,0.88
E000486,vehicle_use,P00838,P00137,LOC0176,2026-07-31 23:29:00,0.66
E000487,transfer,P00965,P00850,LOC0067,2026-06-24 02:26:00,0.85
E000488,observation,P00765,P00532,LOC0077,2026-03-28 01:44:00,0.61
E000489,observation,P00783,P00395,LOC0139,2026-02-23 18:50:00,0.65
E000490,item_handoff,P00801,P00445,LOC0093,2026-05-19 11:16:00,0.71
E000491,movement,P00209,P00578,LOC0139,2026-08-22 22:52:00,0.92
E000492,communication,P00480,P00543,LOC0065,2026-05-02 22:01:00,0.76
E000493,transfer,P00646,P00710,LOC0098,2026-03-29 19:51:00,0.77
E000494,communication,P00457,P00459,LOC0143,2026-04-05 13:10:00,0.9
E000495,vehicle_use,P00784,P00278,LOC0129,2026-02-18 16:57:00,0.87
E000496,meeting,P00037,P00503,LOC0156,2026-04-03 19:46:00,0.95
E000497,account_access,P00959,P00842,LOC0156,2026-02-19 00:35:00,0.62
E000498,meeting,P00059,P00760,LOC0145,2026-02-09 20:05:00,0.74
E000499,item_handoff,P00403,P00148,LOC0052,2026-01-14 19:24:00,0.75
E000500,meeting,P00009,P00629,LOC0142,2026-01-02 01:46:00,0.82
E000501,movement,P00387,P00645,LOC0085,2026-08-31 10:31:00,0.77
E000502,vehicle_use,P00077,P00166,LOC0166,2026-03-28 00:55:00,0.95
E000503,meeting,P00520,P00372,LOC0099,2026-03-25 14:16:00,0.76
E000504,meeting,P00527,P00269,LOC0152,2026-04-12 19:53:00,0.61
E000505,observation,P00511,P00755,LOC0082,2026-05-22 08:25:00,0.82
E000506,account_access,P00539,P00236,LOC0138,2026-05-18 03:03:00,0.82
E000507,transfer,P00184,P00327,LOC0118,2026-07-05 14:38:00,0.79
E000508,account_access,P00325,P00331,LOC0041,2026-08-18 16:53:00,0.67
E000509,vehicle_use,P00403,P00471,LOC0060,2026-02-16 18:21:00,0.71
E000510,observation,P00117,P00255,LOC0155,2026-07-20 14:25:00,0.6
E000511,transfer,P00178,P00993,LOC0125,2026-06-05 10:43:00,0.67
E000512,observation,P00613,P00169,LOC0101,2026-02-27 14:09:00,0.97
E000513,meeting,P00018,P00885,LOC0115,2026-01-30 15:53:00,0.93
E000514,movement,P00933,P00912,LOC0132,2026-08-04 17:43:00,0.82
E000515,account_access,P00805,P00052,LOC0128,2026-06-14 11:23:00,0.62
E000516,meeting,P00639,P00120,LOC0155,2026-08-03 11:48:00,0.77
E000517,vehicle_use,P00332,P00871,LOC0108,2026-01-19 20:43:00,0.75
E000518,meeting,P00350,P00480,LOC0015,2026-01-04 09:20:00,0.65
E000519,observation,P00161,P00478,LOC0040,2026-02-25 01:00:00,0.63
E000520,meeting,P00743,P00336,LOC0074,2026-06-26 20:49:00,0.81
E000521,account_access,P00710,P00334,LOC0035,2026-01-15 22:34:00,0.88
E000522,account_access,P00727,P00109,LOC0022,2026-08-12 18:55:00,0.92
E000523,meeting,P00167,P00784,LOC0143,2026-03-04 23:10:00,0.84
E000524,movement,P00039,P00348,LOC0003,2026-06-28 11:28:00,0.68
E000525,account_access,P00791,P00564,LOC0052,2026-05-30 09:41:00,0.9
E000526,meeting,P00270,P00941,LOC0167,2026-02-28 17:57:00,0.74
E000527,transfer,P00263,P00752,LOC0155,2026-05-12 08:07:00,0.85
E000528,meeting,P00004,P00857,LOC0113,2026-06-01 08:33:00,0.99
E000529,communication,P00673,P00568,LOC0047,2026-02-22 01:05:00,0.86
E000530,item_handoff,P00698,P00407,LOC0026,2026-06-30 21:46:00,0.81
E000531,communication,P00282,P00623,LOC0173,2026-04-08 17:12:00,0.64
E000532,item_handoff,P00344,P00172,LOC0124,2026-07-09 09:10:00,0.97
E000533,transfer,P00995,P00931,LOC0001,2026-03-25 21:12:00,0.75
E000534,item_handoff,P00722,P00156,LOC0115,2026-02-27 11:37:00,0.76
E000535,observation,P00928,P00383,LOC0147,2026-01-03 12:48:00,0.7
E000536,item_handoff,P00669,P00882,LOC0144,2026-03-02 15:41:00,0.91
E000537,movement,P00743,P00196,LOC0179,2026-02-11 04:13:00,0.81
E000538,account_access,P00359,P00480,LOC0143,2026-02-21 14:22:00,0.63
E000539,movement,P00329,P00931,LOC0085,2026-01-18 06:23:00,0.95
E000540,vehicle_use,P00094,P00698,LOC0114,2026-02-17 21:00:00,0.8
E000541,transfer,P00240,P00866,LOC0024,2026-04-22 19:35:00,0.96
E000542,movement,P00451,P00089,LOC0150,2026-01-19 11:24:00,0.81
E000543,vehicle_use,P00980,P00447,LOC0062,2026-06-14 12:58:00,0.71
E000544,meeting,P00863,P00357,LOC0141,2026-07-05 18:43:00,0.7
E000545,account_access,P00206,P00620,LOC0107,2026-02-27 17:35:00,0.92
E000546,meeting,P00245,P00600,LOC0095,2026-03-29 04:42:00,0.63
E000547,meeting,P00003,P00313,LOC0087,2026-03-28 08:31:00,0.63
E000548,movement,P00326,P00524,LOC0105,2026-02-13 15:29:00,0.64
E000549,movement,P00141,P00356,LOC0034,2026-02-28 00:16:00,0.97
E000550,transfer,P00990,P00661,LOC0081,2026-06-18 06:56:00,0.95
E000551,meeting,P00625,P00574,LOC0043,2026-04-10 11:47:00,0.78
E000552,item_handoff,P00759,P00115,LOC0074,2026-02-23 05:28:00,0.98
E000553,communication,P00397,P00012,LOC0120,2026-05-30 00:51:00,0.98
E000554,account_access,P00300,P00329,LOC0071,2026-03-22 20:39:00,0.78
E000555,movement,P00577,P00712,LOC0054,2026-05-16 13:58:00,0.91
E000556,transfer,P00534,P00759,LOC0105,2026-06-06 03:33:00,0.69
E000557,item_handoff,P00413,P00200,LOC0089,2026-02-06 16:24:00,0.62
E000558,communication,P00538,P00655,LOC0113,2026-03-30 05:36:00,0.61
E000559,transfer,P00354,P00438,LOC0058,2026-02-02 04:32:00,0.7
E000560,transfer,P00142,P00544,LOC0034,2026-03-04 08:10:00,0.76
E000561,observation,P00030,P00800,LOC0104,2026-07-26 10:18:00,0.83
E000562,observation,P00997,P00926,LOC0071,2026-04-20 07:37:00,0.79
E000563,account_access,P00923,P00704,LOC0114,2026-06-01 15:39:00,0.9
E000564,account_access,P00895,P00860,LOC0032,2026-03-12 02:04:00,0.96
E000565,movement,P00603,P00056,LOC0069,2026-05-19 01:45:00,0.85
E000566,observation,P00710,P00567,LOC0141,2026-02-24 04:59:00,0.7
E000567,meeting,P00308,P00025,LOC0105,2026-08-09 04:47:00,0.7
E000568,transfer,P00862,P00176,LOC0154,2026-08-16 12:33:00,0.88
E000569,account_access,P00785,P00267,LOC0023,2026-06-12 01:48:00,0.98
E000570,vehicle_use,P00777,P00879,LOC0064,2026-05-17 06:53:00,0.74
E000571,transfer,P00079,P00542,LOC0044,2026-01-16 07:13:00,0.89
E000572,movement,P00774,P00796,LOC0016,2026-04-28 23:30:00,0.7
E000573,communication,P00549,P00380,LOC0046,2026-06-05 05:36:00,0.81
E000574,meeting,P00214,P00792,LOC0096,2026-08-21 19:42:00,0.98
E000575,movement,P00057,P00978,LOC0056,2026-06-12 18:20:00,0.68
E000576,transfer,P00255,P00839,LOC0178,2026-07-03 12:37:00,0.87
E000577,item_handoff,P00424,P00744,LOC0127,2026-07-31 09:16:00,0.7
E000578,vehicle_use,P00266,P00603,LOC0012,2026-07-31 05:07:00,0.91
E000579,movement,P00966,P00863,LOC0069,2026-08-11 05:58:00,0.75
E000580,account_access,P00466,P00398,LOC0010,2026-07-05 12:19:00,0.89
E000581,account_access,P00541,P00735,LOC0006,2026-01-21 02:45:00,0.98
E000582,account_access,P00993,P00374,LOC0175,2026-08-13 01:06:00,0.69
E000583,observation,P00289,P00764,LOC0035,2026-01-20 10:51:00,0.75
E000584,movement,P00572,P00805,LOC0156,2026-07-08 21:32:00,0.64
E000585,item_handoff,P00466,P00889,LOC0057,2026-06-04 07:28:00,0.95
E000586,meeting,P00338,P00732,LOC0046,2026-08-10 07:11:00,0.95
E000587,vehicle_use,P00513,P00432,LOC0171,2026-01-20 06:48:00,0.71
E000588,observation,P00517,P00604,LOC0084,2026-08-09 04:15:00,0.61
E000589,observation,P00304,P00809,LOC0096,2026-08-25 14:11:00,0.8
E000590,meeting,P00479,P00097,LOC0063,2026-02-18 18:43:00,0.81
E000591,account_access,P00247,P00344,LOC0106,2026-04-07 21:57:00,0.65
E000592,communication,P00549,P00652,LOC0102,2026-03-03 09:00:00,0.86
E000593,vehicle_use,P00501,P00670,LOC0173,2026-01-04 13:29:00,0.97
E000594,transfer,P00811,P00851,LOC0037,2026-07-29 02:49:00,0.73
E000595,communication,P00482,P00874,LOC0115,2026-08-02 21:25:00,0.72
E000596,observation,P00656,P00975,LOC0006,2026-02-09 12:24:00,0.64
E000597,movement,P00600,P00802,LOC0174,2026-01-16 00:49:00,0.64
E000598,vehicle_use,P00066,P00763,LOC0075,2026-06-27 07:23:00,0.65
E000599,observation,P00861,P00958,LOC0032,2026-05-30 02:38:00,0.74
E000600,observation,P00061,P00904,LOC0021,2026-02-21 23:33:00,0.81
E000601,transfer,P00121,P00230,LOC0167,2026-07-05 03:53:00,0.94
E000602,vehicle_use,P00411,P00911,LOC0161,2026-07-24 14:01:00,0.87
E000603,account_access,P00884,P00691,LOC0132,2026-02-27 20:18:00,0.79
E000604,communication,P00731,P00445,LOC0006,2026-07-03 01:20:00,0.81
E000605,communication,P00499,P00384,LOC0064,2026-04-19 16:13:00,0.79
E000606,communication,P00406,P00011,LOC0092,2026-04-16 22:25:00,0.69
E000607,meeting,P00206,P00049,LOC0025,2026-06-05 10:48:00,0.92
E000608,movement,P00848,P00564,LOC0100,2026-06-13 03:45:00,0.76
E000609,meeting,P00097,P00071,LOC0109,2026-07-05 16:08:00,0.71
E000610,meeting,P00188,P00704,LOC0128,2026-07-30 00:45:00,0.77
E000611,account_access,P00719,P00003,LOC0066,2026-08-29 22:14:00,0.72
E000612,transfer,P00298,P00552,LOC0066,2026-05-31 00:35:00,0.73
E000613,account_access,P00196,P00805,LOC0065,2026-08-25 05:37:00,0.65
E000614,observation,P00169,P00885,LOC0143,2026-04-16 06:21:00,0.71
E000615,meeting,P00212,P00484,LOC0129,2026-01-14 05:13:00,0.96
E000616,transfer,P00093,P00449,LOC0077,2026-06-07 00:33:00,0.71
E000617,vehicle_use,P00441,P00508,LOC0091,2026-07-25 05:33:00,0.87
E000618,account_access,P00717,P00543,LOC0064,2026-03-04 13:11:00,0.9
E000619,movement,P00769,P00023,LOC0151,2026-08-11 12:50:00,0.64
E000620,observation,P00363,P00021,LOC0097,2026-05-11 08:19:00,0.78
E000621,vehicle_use,P00008,P00768,LOC0124,2026-07-09 14:03:00,0.75
E000622,vehicle_use,P00497,P00298,LOC0127,2026-01-05 08:16:00,0.82
E000623,meeting,P00076,P00847,LOC0060,2026-06-01 03:06:00,0.8
E000624,transfer,P00714,P00383,LOC0020,2026-03-09 17:50:00,0.86
E000625,communication,P00745,P00233,LOC0162,2026-01-30 01:41:00,0.96
E000626,item_handoff,P00862,P00601,LOC0154,2026-04-21 09:44:00,0.64
E000627,account_access,P00662,P00809,LOC0034,2026-06-05 04:20:00,0.81
E000628,vehicle_use,P00254,P00969,LOC0163,2026-01-16 00:37:00,0.89
E000629,meeting,P00005,P00288,LOC0062,2026-05-04 20:38:00,0.96
E000630,observation,P00917,P00652,LOC0168,2026-06-09 08:47:00,0.8
E000631,vehicle_use,P00107,P00575,LOC0045,2026-04-21 20:25:00,0.97
E000632,item_handoff,P00362,P00870,LOC0160,2026-02-17 22:34:00,0.69
E000633,meeting,P00358,P00977,LOC0086,2026-08-21 18:06:00,0.76
E000634,observation,P00905,P00338,LOC0110,2026-04-01 02:10:00,0.86
E000635,vehicle_use,P00042,P00822,LOC0151,2026-02-15 02:06:00,0.65
E000636,item_handoff,P00635,P00527,LOC0082,2026-06-13 14:28:00,0.64
E000637,account_access,P00899,P01000,LOC0112,2026-07-30 01:13:00,0.98
E000638,transfer,P00990,P00547,LOC0019,2026-04-17 22:46:00,0.88
E000639,item_handoff,P00383,P00639,LOC0076,2026-01-30 11:29:00,0.86
E000640,vehicle_use,P00988,P00800,LOC0015,2026-02-16 07:32:00,0.74
E000641,communication,P00511,P00151,LOC0098,2026-08-20 14:13:00,0.74
E000642,meeting,P00284,P00879,LOC0063,2026-01-22 00:48:00,0.98
E000643,item_handoff,P00681,P00820,LOC0143,2026-03-24 16:37:00,0.81
E000644,observation,P00507,P00822,LOC0121,2026-01-24 16:39:00,0.94
E000645,transfer,P00579,P00634,LOC0049,2026-04-30 15:09:00,0.65
E000646,account_access,P00504,P00951,LOC0145,2026-03-08 14:47:00,0.99
E000647,vehicle_use,P00100,P00954,LOC0063,2026-07-15 23:46:00,0.98
E000648,transfer,P00878,P00833,LOC0027,2026-03-21 13:32:00,0.92
E000649,item_handoff,P00027,P00015,LOC0111,2026-07-31 07:06:00,0.67
E000650,movement,P00684,P00811,LOC0169,2026-03-27 00:02:00,0.75
E000651,transfer,P00733,P00033,LOC0086,2026-08-22 23:15:00,0.87
E000652,item_handoff,P00687,P00239,LOC0134,2026-06-15 10:07:00,0.87
E000653,communication,P00922,P00619,LOC0106,2026-06-30 17:53:00,0.66
E000654,item_handoff,P00083,P00646,LOC0174,2026-02-15 16:43:00,0.68
E000655,movement,P00622,P00837,LOC0123,2026-04-02 18:55:00,0.67
E000656,vehicle_use,P00298,P00935,LOC0023,2026-07-10 04:17:00,0.87
E000657,movement,P00989,P00992,LOC0154,2026-02-22 18:09:00,0.95
E000658,account_access,P00716,P00338,LOC0034,2026-06-22 08:15:00,0.67
E000659,item_handoff,P00942,P00937,LOC0112,2026-04-14 08:05:00,0.69
E000660,movement,P00754,P00050,LOC0084,2026-03-21 16:59:00,0.89
E000661,item_handoff,P00453,P00953,LOC0164,2026-04-11 02:54:00,0.79
E000662,item_handoff,P00719,P00773,LOC0012,2026-08-14 12:47:00,0.72
E000663,transfer,P00792,P00144,LOC0026,2026-04-05 12:23:00,0.67
E000664,vehicle_use,P00384,P00942,LOC0121,2026-02-04 10:03:00,0.99
E000665,account_access,P00597,P00653,LOC0091,2026-01-15 16:29:00,0.66
E000666,meeting,P00077,P00333,LOC0068,2026-02-04 12:24:00,0.82
E000667,account_access,P00950,P00466,LOC0119,2026-03-26 05:51:00,0.85
E000668,meeting,P00929,P00998,LOC0028,2026-03-19 13:10:00,0.88
E000669,observation,P00893,P00861,LOC0010,2026-06-07 14:34:00,0.83
E000670,observation,P00428,P00974,LOC0070,2026-06-27 16:39:00,0.97
E000671,transfer,P00855,P00652,LOC0062,2026-06-16 02:07:00,0.64
E000672,account_access,P00132,P00902,LOC0155,2026-06-13 12:58:00,0.77
E000673,item_handoff,P00125,P00004,LOC0070,2026-05-07 23:13:00,0.95
E000674,transfer,P00129,P00249,LOC0093,2026-01-17 04:31:00,0.81
E000675,transfer,P00929,P00995,LOC0059,2026-07-12 09:24:00,0.83
E000676,account_access,P00332,P00697,LOC0112,2026-08-04 16:54:00,0.97
E000677,movement,P00345,P00673,LOC0004,2026-03-01 22:14:00,0.95
E000678,transfer,P00283,P00863,LOC0001,2026-04-15 18:45:00,0.91
E000679,observation,P00268,P00100,LOC0147,2026-08-11 12:32:00,0.78
E000680,transfer,P00153,P00503,LOC0070,2026-04-24 15:33:00,0.83
E000681,account_access,P00824,P00008,LOC0125,2026-05-13 11:03:00,0.76
E000682,transfer,P00007,P00271,LOC0034,2026-07-07 23:29:00,0.9
E000683,meeting,P00122,P00569,LOC0052,2026-03-27 01:58:00,0.72
E000684,item_handoff,P00366,P00897,LOC0127,2026-01-02 18:28:00,0.74
E000685,vehicle_use,P00322,P00575,LOC0121,2026-02-24 09:23:00,0.99
E000686,observation,P00301,P00309,LOC0032,2026-07-01 15:29:00,0.82
E000687,transfer,P00892,P00544,LOC0007,2026-03-15 20:42:00,0.68
E000688,account_access,P00298,P00183,LOC0096,2026-02-25 08:52:00,0.97
E000689,communication,P00603,P00210,LOC0017,2026-02-28 03:25:00,0.68
E000690,meeting,P00648,P00635,LOC0011,2026-03-08 15:44:00,0.7
E000691,communication,P00900,P00593,LOC0133,2026-01-24 11:28:00,0.94
E000692,item_handoff,P00876,P00281,LOC0073,2026-05-21 15:59:00,0.88
E000693,item_handoff,P00396,P00279,LOC0160,2026-01-13 04:47:00,0.79
E000694,observation,P00345,P00413,LOC0071,2026-02-20 18:42:00,0.85
E000695,meeting,P00599,P00457,LOC0119,2026-05-11 15:48:00,0.74
E000696,meeting,P00444,P00628,LOC0179,2026-07-18 17:15:00,0.87
E000697,item_handoff,P00029,P00213,LOC0088,2026-07-26 09:12:00,0.89
E000698,observation,P00528,P00518,LOC0012,2026-04-22 01:57:00,0.68
E000699,communication,P00294,P00749,LOC0041,2026-08-12 23:20:00,0.83
E000700,account_access,P00805,P00101,LOC0071,2026-05-10 16:47:00,0.96
E000701,transfer,P00689,P00014,LOC0108,2026-05-18 04:34:00,0.62
E000702,communication,P00347,P00696,LOC0160,2026-06-14 17:35:00,0.89
E000703,item_handoff,P00880,P00761,LOC0108,2026-01-01 00:10:00,0.92
E000704,movement,P00400,P00638,LOC0026,2026-06-26 01:19:00,0.87
E000705,item_handoff,P00390,P00440,LOC0026,2026-08-25 15:11:00,0.76
E000706,vehicle_use,P00919,P00301,LOC0144,2026-02-28 10:48:00,0.86
E000707,observation,P00065,P00714,LOC0116,2026-03-30 23:39:00,0.67
E000708,meeting,P00961,P00976,LOC0073,2026-03-14 11:28:00,0.83
E000709,communication,P00274,P00883,LOC0151,2026-03-06 23:26:00,0.72
E000710,movement,P00030,P00546,LOC0159,2026-07-01 08:51:00,0.7
E000711,communication,P00644,P00919,LOC0106,2026-03-15 12:32:00,0.93
E000712,observation,P00380,P00136,LOC0165,2026-05-18 05:06:00,0.87
E000713,movement,P00485,P00532,LOC0067,2026-05-07 15:23:00,0.78
E000714,communication,P00037,P00562,LOC0082,2026-06-27 05:03:00,0.81
E000715,account_access,P00300,P00122,LOC0013,2026-06-03 01:14:00,0.86
E000716,transfer,P00992,P00790,LOC0077,2026-08-29 05:44:00,0.63
E000717,vehicle_use,P00097,P00477,LOC0005,2026-01-21 14:10:00,0.73
E000718,movement,P00754,P00126,LOC0016,2026-08-05 16:55:00,0.76
E000719,movement,P00900,P00523,LOC0149,2026-01-24 04:18:00,0.82
E000720,transfer,P00100,P00395,LOC0069,2026-07-19 02:29:00,0.87
E000721,observation,P00938,P00835,LOC0073,2026-05-14 21:05:00,0.84
E000722,transfer,P00332,P00702,LOC0077,2026-07-18 09:19:00,0.7
E000723,vehicle_use,P00862,P00377,LOC0135,2026-04-05 05:03:00,0.88
E000724,item_handoff,P00313,P00627,LOC0127,2026-04-21 13:34:00,0.97
E000725,meeting,P00269,P00549,LOC0067,2026-05-27 07:50:00,0.87
E000726,vehicle_use,P00651,P00559,LOC0154,2026-03-15 17:53:00,0.67
E000727,account_access,P00652,P00485,LOC0107,2026-05-23 11:50:00,0.77
E000728,vehicle_use,P00186,P00313,LOC0100,2026-06-10 19:48:00,0.85
E000729,account_access,P00405,P00489,LOC0034,2026-05-14 03:38:00,0.94
E000730,transfer,P00710,P00917,LOC0163,2026-01-12 13:45:00,0.62
E000731,vehicle_use,P00876,P00652,LOC0158,2026-01-30 04:16:00,0.85
E000732,communication,P00804,P00649,LOC0129,2026-05-23 19:37:00,0.9
E000733,observation,P00375,P00033,LOC0113,2026-08-20 04:31:00,0.72
E000734,observation,P00935,P00574,LOC0142,2026-06-25 22:17:00,0.93
E000735,item_handoff,P00846,P00536,LOC0171,2026-03-10 03:10:00,0.84
E000736,account_access,P00463,P00939,LOC0080,2026-04-28 12:59:00,0.91
E000737,observation,P00318,P00119,LOC0160,2026-06-02 00:59:00,0.65
E000738,transfer,P00168,P00990,LOC0166,2026-01-11 05:26:00,0.67
E000739,communication,P00659,P00680,LOC0095,2026-04-10 11:10:00,0.87
E000740,communication,P00411,P00586,LOC0122,2026-05-16 08:37:00,0.71
E000741,observation,P00915,P00706,LOC0083,2026-02-02 00:44:00,0.97
E000742,communication,P00334,P00757,LOC0126,2026-08-14 22:50:00,0.93
E000743,observation,P00901,P00736,LOC0001,2026-03-07 12:38:00,0.72
E000744,observation,P00209,P00944,LOC0096,2026-02-03 12:13:00,0.86
E000745,item_handoff,P00680,P00333,LOC0089,2026-06-15 22:21:00,0.8
E000746,vehicle_use,P00395,P00111,LOC0002,2026-07-13 08:57:00,0.97
E000747,meeting,P00949,P00698,LOC0045,2026-01-20 10:37:00,0.76
E000748,item_handoff,P00289,P00376,LOC0140,2026-07-07 18:57:00,0.75
E000749,account_access,P00718,P00660,LOC0127,2026-08-14 05:17:00,0.71
E000750,account_access,P00827,P00100,LOC0057,2026-02-02 16:37:00,0.85
E000751,meeting,P00938,P00027,LOC0166,2026-05-13 05:08:00,0.9
E000752,item_handoff,P00352,P00718,LOC0030,2026-06-27 11:14:00,0.6
E000753,communication,P00320,P00062,LOC0050,2026-08-30 00:17:00,0.95
E000754,vehicle_use,P00463,P00419,LOC0105,2026-05-10 10:33:00,0.96
E000755,transfer,P00451,P00520,LOC0045,2026-02-15 18:11:00,0.82
E000756,account_access,P00165,P00133,LOC0122,2026-06-24 17:23:00,0.94
E000757,meeting,P00392,P00291,LOC0131,2026-05-15 10:26:00,0.71
E000758,movement,P00179,P00360,LOC0078,2026-04-24 14:09:00,0.89
E000759,meeting,P00876,P00650,LOC0099,2026-08-22 16:26:00,0.83
E000760,meeting,P00235,P00696,LOC0105,2026-06-15 15:04:00,0.78
E000761,meeting,P00139,P00915,LOC0122,2026-03-01 14:09:00,0.79
E000762,account_access,P00017,P00436,LOC0014,2026-06-05 20:12:00,0.65
E000763,vehicle_use,P00301,P00509,LOC0174,2026-07-18 20:48:00,0.65
E000764,account_access,P00629,P00639,LOC0027,2026-03-13 11:01:00,0.75
E000765,movement,P00120,P00681,LOC0165,2026-08-16 11:26:00,0.89
E000766,communication,P00569,P00303,LOC0176,2026-07-27 18:56:00,0.66
E000767,meeting,P00970,P00534,LOC0024,2026-06-23 06:59:00,0.86
E000768,item_handoff,P00880,P00767,LOC0025,2026-08-20 04:46:00,0.94
E000769,vehicle_use,P00455,P00482,LOC0123,2026-04-21 09:07:00,0.75
E000770,meeting,P00116,P00468,LOC0057,2026-06-11 06:51:00,0.72
E000771,movement,P00680,P00013,LOC0151,2026-03-09 02:19:00,0.6
E000772,movement,P00247,P00527,LOC0065,2026-06-01 22:03:00,0.99
E000773,communication,P00350,P00391,LOC0050,2026-04-10 01:34:00,0.88
E000774,vehicle_use,P00975,P00450,LOC0002,2026-05-23 16:46:00,0.78
E000775,item_handoff,P00781,P00644,LOC0129,2026-05-06 20:26:00,0.75
E000776,meeting,P00015,P00088,LOC0078,2026-01-10 05:13:00,0.86
E000777,observation,P00041,P00571,LOC0094,2026-01-08 10:29:00,0.77
E000778,movement,P00959,P00151,LOC0054,2026-06-19 09:06:00,0.96
E000779,communication,P00416,P00406,LOC0044,2026-02-25 16:22:00,0.68
E000780,observation,P00194,P00600,LOC0031,2026-04-21 00:03:00,0.7
E000781,vehicle_use,P00195,P00164,LOC0134,2026-05-27 07:22:00,0.72
E000782,account_access,P00422,P00257,LOC0094,2026-03-07 14:43:00,0.94
E000783,communication,P00389,P00943,LOC0074,2026-07-31 22:32:00,0.91
E000784,vehicle_use,P00818,P00935,LOC0153,2026-02-19 07:30:00,0.79
E000785,communication,P00483,P00735,LOC0162,2026-05-10 15:02:00,0.78
E000786,movement,P00289,P00425,LOC0030,2026-07-22 19:37:00,0.69
E000787,transfer,P00974,P00874,LOC0001,2026-07-28 23:45:00,0.72
E000788,account_access,P00306,P00111,LOC0102,2026-03-12 08:27:00,0.91
E000789,transfer,P00613,P00034,LOC0082,2026-07-12 03:58:00,0.95
E000790,meeting,P00576,P00330,LOC0134,2026-07-06 21:13:00,0.81
E000791,movement,P00916,P00144,LOC0157,2026-02-23 12:31:00,0.73
E000792,movement,P00528,P00506,LOC0019,2026-07-06 05:40:00,0.76
E000793,communication,P00256,P00908,LOC0098,2026-05-03 21:35:00,0.81
E000794,vehicle_use,P00658,P00919,LOC0064,2026-08-02 15:13:00,0.77
E000795,meeting,P00078,P00450,LOC0101,2026-06-12 01:40:00,0.8
E000796,item_handoff,P00398,P00036,LOC0107,2026-01-03 01:27:00,0.64
E000797,transfer,P00279,P00881,LOC0039,2026-01-27 11:42:00,0.77
E000798,meeting,P00488,P00398,LOC0019,2026-07-13 02:32:00,0.7
E000799,meeting,P00635,P00507,LOC0024,2026-06-28 00:31:00,0.8
E000800,vehicle_use,P00507,P00493,LOC0153,2026-01-04 22:25:00,0.66
E000801,item_handoff,P00740,P00224,LOC0085,2026-06-10 06:23:00,0.63
E000802,meeting,P00354,P00209,LOC0159,2026-04-17 01:12:00,0.67
E000803,communication,P00836,P00341,LOC0070,2026-05-06 07:49:00,0.67
E000804,account_access,P00673,P00068,LOC0069,2026-01-12 00:10:00,0.97
E000805,observation,P00518,P00849,LOC0044,2026-04-20 17:08:00,0.97
E000806,vehicle_use,P00448,P00836,LOC0039,2026-01-24 13:11:00,0.82
E000807,observation,P00417,P00111,LOC0130,2026-05-27 03:52:00,0.9
E000808,item_handoff,P00408,P00583,LOC0013,2026-07-24 23:41:00,0.95
E000809,transfer,P00720,P00215,LOC0152,2026-05-21 20:12:00,0.75
E000810,account_access,P00905,P00784,LOC0061,2026-05-11 03:58:00,0.81
E000811,item_handoff,P00857,P00405,LOC0055,2026-01-26 12:43:00,0.81
E000812,observation,P00197,P00391,LOC0138,2026-07-23 19:57:00,0.92
E000813,communication,P00258,P00252,LOC0120,2026-03-03 12:52:00,0.71
E000814,movement,P00569,P00916,LOC0009,2026-02-01 12:09:00,0.7
E000815,meeting,P00126,P00823,LOC0033,2026-02-24 07:27:00,0.63
E000816,item_handoff,P00106,P00035,LOC0137,2026-08-16 11:47:00,0.96
E000817,transfer,P00563,P00887,LOC0050,2026-08-17 00:36:00,0.75
E000818,vehicle_use,P00573,P00888,LOC0022,2026-08-26 00:32:00,0.75
E000819,observation,P00200,P00437,LOC0095,2026-05-10 04:49:00,0.71
E000820,transfer,P00041,P00331,LOC0116,2026-02-01 06:33:00,0.89
E000821,transfer,P00724,P00840,LOC0058,2026-04-29 23:07:00,0.84
E000822,account_access,P00079,P00227,LOC0059,2026-05-06 02:22:00,0.72
E000823,communication,P00506,P00778,LOC0078,2026-08-06 01:56:00,0.83
E000824,account_access,P00507,P00038,LOC0148,2026-03-23 03:59:00,0.7
E000825,vehicle_use,P00846,P00348,LOC0081,2026-01-27 00:25:00,0.77
E000826,item_handoff,P00896,P00321,LOC0115,2026-02-10 00:36:00,0.65
E000827,observation,P00597,P00485,LOC0119,2026-08-20 12:54:00,0.81
E000828,vehicle_use,P00521,P00781,LOC0156,2026-04-02 12:24:00,0.74
E000829,movement,P00742,P00857,LOC0041,2026-04-08 09:31:00,0.74
E000830,observation,P00332,P00778,LOC0089,2026-02-18 22:50:00,0.81
E000831,movement,P00381,P00773,LOC0085,2026-04-17 11:36:00,0.66
E000832,observation,P00544,P00710,LOC0147,2026-03-16 04:42:00,0.93
E000833,meeting,P00371,P00170,LOC0169,2026-05-04 06:32:00,0.6
E000834,communication,P00703,P00267,LOC0108,2026-03-30 12:49:00,0.82
E000835,movement,P00679,P00434,LOC0018,2026-06-03 04:28:00,0.97
E000836,observation,P00300,P00332,LOC0121,2026-04-28 16:48:00,0.72
E000837,transfer,P00809,P00606,LOC0073,2026-03-15 10:02:00,0.8
E000838,vehicle_use,P00633,P00814,LOC0176,2026-06-10 01:15:00,0.86
E000839,item_handoff,P00856,P00008,LOC0162,2026-02-18 12:35:00,0.97
E000840,movement,P00954,P00830,LOC0173,2026-01-18 09:37:00,0.81
E000841,communication,P00888,P00120,LOC0100,2026-05-29 13:24:00,0.75
E000842,movement,P00588,P00829,LOC0054,2026-02-07 18:22:00,0.64
E000843,communication,P00822,P00489,LOC0084,2026-05-30 03:33:00,0.79
E000844,movement,P00600,P00602,LOC0065,2026-03-17 12:05:00,0.9
E000845,meeting,P00850,P00523,LOC0137,2026-08-16 01:34:00,0.79
E000846,item_handoff,P00658,P00162,LOC0117,2026-08-29 09:45:00,0.97
E000847,transfer,P00690,P00933,LOC0046,2026-07-28 06:10:00,0.84
E000848,transfer,P00867,P00738,LOC0020,2026-03-04 01:44:00,0.71
E000849,item_handoff,P00809,P00337,LOC0115,2026-04-09 21:14:00,0.64
E000850,item_handoff,P00057,P00755,LOC0173,2026-07-11 03:50:00,0.98
E000851,vehicle_use,P00258,P00862,LOC0056,2026-03-16 21:38:00,0.92
E000852,item_handoff,P00070,P00291,LOC0074,2026-08-05 12:40:00,0.97
E000853,vehicle_use,P00660,P00962,LOC0029,2026-06-12 17:57:00,0.68
E000854,item_handoff,P00024,P00382,LOC0172,2026-03-10 19:02:00,0.96
E000855,transfer,P00309,P00629,LOC0005,2026-07-31 02:41:00,0.82
E000856,transfer,P00904,P00051,LOC0159,2026-04-09 20:36:00,0.76
E000857,movement,P00427,P00644,LOC0011,2026-05-27 16:02:00,0.9
E000858,account_access,P00209,P00310,LOC0068,2026-05-27 20:15:00,0.7
E000859,item_handoff,P00902,P00197,LOC0148,2026-02-12 17:14:00,0.64
E000860,transfer,P00005,P00750,LOC0175,2026-01-18 08:13:00,0.73
E000861,observation,P00993,P00849,LOC0175,2026-06-09 10:07:00,0.67
E000862,vehicle_use,P00471,P00479,LOC0165,2026-07-12 06:36:00,0.71
E000863,item_handoff,P00070,P00557,LOC0179,2026-06-30 22:05:00,0.6
E000864,movement,P00176,P00960,LOC0139,2026-01-12 06:12:00,0.88
E000865,meeting,P00032,P00850,LOC0124,2026-05-25 06:44:00,0.76
E000866,observation,P00567,P00767,LOC0029,2026-06-06 15:37:00,0.66
E000867,account_access,P00781,P00323,LOC0148,2026-05-24 06:54:00,0.74
E000868,meeting,P00689,P00266,LOC0151,2026-03-05 19:33:00,0.73
E000869,observation,P00202,P00188,LOC0089,2026-07-30 00:06:00,0.77
E000870,observation,P00077,P00970,LOC0110,2026-07-27 00:09:00,0.79
E000871,observation,P00870,P00769,LOC0159,2026-07-01 10:48:00,0.71
E000872,item_handoff,P00302,P00198,LOC0106,2026-03-06 10:34:00,0.81
E000873,account_access,P00131,P00336,LOC0100,2026-08-01 08:12:00,0.66
E000874,item_handoff,P00093,P00601,LOC0021,2026-07-03 17:25:00,0.72
E000875,communication,P00777,P00022,LOC0162,2026-07-21 10:25:00,0.64
E000876,transfer,P00408,P00111,LOC0084,2026-08-03 02:39:00,0.79
E000877,movement,P00934,P00069,LOC0018,2026-08-15 00:17:00,0.88
E000878,observation,P00348,P00357,LOC0046,2026-06-17 01:46:00,0.85
E000879,transfer,P00372,P00063,LOC0061,2026-06-29 16:15:00,0.74
E000880,observation,P00674,P00472,LOC0136,2026-05-04 18:31:00,0.8
E000881,transfer,P00354,P00103,LOC0035,2026-07-12 09:19:00,0.83
E000882,meeting,P00056,P00919,LOC0114,2026-08-03 19:53:00,0.64
E000883,meeting,P00151,P00086,LOC0008,2026-06-11 02:19:00,0.72
E000884,transfer,P00990,P00690,LOC0029,2026-02-17 20:23:00,0.82
E000885,observation,P00598,P00366,LOC0030,2026-01-11 15:35:00,0.74
E000886,vehicle_use,P00095,P00986,LOC0119,2026-02-04 07:11:00,0.73
E000887,vehicle_use,P00975,P00939,LOC0084,2026-05-29 15:02:00,0.65
E000888,item_handoff,P00918,P00614,LOC0100,2026-05-11 07:13:00,0.61
E000889,communication,P00724,P00303,LOC0098,2026-05-07 06:56:00,0.88
E000890,transfer,P00773,P00796,LOC0120,2026-03-27 14:12:00,0.85
E000891,vehicle_use,P00405,P00566,LOC0011,2026-06-05 00:08:00,0.75
E000892,transfer,P00343,P00416,LOC0173,2026-08-06 11:01:00,0.65
E000893,meeting,P00476,P00429,LOC0017,2026-02-07 10:59:00,0.87
E000894,item_handoff,P00736,P00941,LOC0176,2026-01-19 10:17:00,0.83
E000895,communication,P00405,P00578,LOC0114,2026-03-04 08:23:00,0.78
E000896,account_access,P00539,P00651,LOC0091,2026-03-10 21:38:00,0.6
E000897,vehicle_use,P00810,P00786,LOC0006,2026-03-21 11:55:00,0.71
E000898,observation,P00158,P00526,LOC0107,2026-07-28 19:41:00,0.82
E000899,meeting,P00458,P00930,LOC0062,2026-02-09 10:18:00,0.85
E000900,item_handoff,P00743,P00604,LOC0113,2026-03-23 18:14:00,0.86
E000901,observation,P00314,P00209,LOC0027,2026-04-08 14:55:00,0.88
E000902,movement,P00635,P00851,LOC0052,2026-06-18 17:13:00,0.68
E000903,movement,P00792,P00228,LOC0113,2026-05-26 08:26:00,0.72
E000904,movement,P00194,P00049,LOC0096,2026-08-15 15:43:00,0.6
E000905,item_handoff,P00767,P00943,LOC0153,2026-01-19 15:11:00,0.81
E000906,item_handoff,P00659,P00105,LOC0033,2026-07-23 05:33:00,0.84
E000907,account_access,P00376,P00273,LOC0126,2026-06-11 03:38:00,0.94
E000908,account_access,P00948,P00069,LOC0076,2026-06-28 13:06:00,0.8
E000909,vehicle_use,P00551,P00371,LOC0065,2026-03-24 15:21:00,0.78
E000910,observation,P00489,P00651,LOC0021,2026-07-16 00:01:00,0.85
E000911,observation,P00508,P00814,LOC0018,2026-05-23 16:21:00,0.82
E000912,observation,P00990,P00557,LOC0004,2026-05-14 05:09:00,0.7
E000913,transfer,P00191,P00129,LOC0121,2026-07-27 18:29:00,0.71
E000914,item_handoff,P00696,P00583,LOC0108,2026-01-10 17:29:00,0.68
E000915,account_access,P00407,P00181,LOC0149,2026-04-21 16:41:00,0.67
E000916,movement,P00007,P00490,LOC0146,2026-06-03 06:24:00,0.8
E000917,observation,P00325,P00932,LOC0050,2026-06-30 15:28:00,0.95
E000918,account_access,P00857,P00695,LOC0134,2026-03-10 09:59:00,0.88
E000919,meeting,P00074,P00143,LOC0054,2026-03-05 01:16:00,0.68
E000920,account_access,P00168,P00576,LOC0017,2026-01-28 16:02:00,0.9
E000921,transfer,P00991,P00242,LOC0013,2026-04-30 17:53:00,0.78
E000922,movement,P00116,P00360,LOC0086,2026-07-28 06:37:00,0.87
E000923,communication,P00505,P00671,LOC0062,2026-01-26 23:19:00,0.93
E000924,vehicle_use,P00295,P00554,LOC0014,2026-02-05 15:58:00,0.93
E000925,communication,P00621,P00837,LOC0089,2026-03-15 17:23:00,0.98
E000926,communication,P00839,P00602,LOC0117,2026-07-09 19:20:00,0.61
E000927,vehicle_use,P00245,P00553,LOC0084,2026-03-02 01:58:00,0.81
E000928,communication,P00569,P00940,LOC0088,2026-05-02 13:50:00,0.87
E000929,vehicle_use,P00522,P00654,LOC0175,2026-03-14 21:30:00,0.81
E000930,movement,P00436,P00249,LOC0054,2026-03-21 11:10:00,0.76
E000931,account_access,P00530,P00808,LOC0008,2026-05-30 00:18:00,0.99
E000932,meeting,P00215,P00518,LOC0152,2026-02-05 06:43:00,0.68
E000933,communication,P00689,P00852,LOC0111,2026-01-31 11:33:00,0.93
E000934,movement,P00262,P00167,LOC0044,2026-07-04 23:33:00,0.79
E000935,movement,P00998,P00904,LOC0040,2026-07-28 07:20:00,0.92
E000936,item_handoff,P00297,P00215,LOC0012,2026-06-18 18:46:00,0.88
E000937,transfer,P00809,P00660,LOC0002,2026-03-10 13:16:00,0.76
E000938,meeting,P00816,P00885,LOC0001,2026-01-23 13:06:00,0.71
E000939,account_access,P00275,P00320,LOC0071,2026-04-14 01:32:00,0.73
E000940,vehicle_use,P00518,P00120,LOC0136,2026-05-31 09:52:00,0.88
E000941,vehicle_use,P00131,P00877,LOC0091,2026-07-23 16:05:00,0.77
E000942,vehicle_use,P00352,P00121,LOC0022,2026-04-09 18:41:00,0.89
E000943,movement,P00912,P00607,LOC0081,2026-04-26 13:51:00,0.81
E000944,meeting,P00693,P00991,LOC0041,2026-06-12 16:37:00,0.73
E000945,meeting,P00421,P00834,LOC0098,2026-05-09 04:12:00,0.93
E000946,transfer,P00308,P00528,LOC0170,2026-05-28 11:06:00,0.8
E000947,item_handoff,P00587,P00521,LOC0070,2026-01-12 16:41:00,0.72
E000948,account_access,P00422,P00810,LOC0170,2026-01-11 22:56:00,0.69
E000949,movement,P00173,P00416,LOC0169,2026-07-29 23:17:00,0.94
E000950,communication,P00473,P00466,LOC0153,2026-02-03 17:36:00,0.74
E000951,vehicle_use,P00097,P00098,LOC0055,2026-08-09 19:33:00,0.9
E000952,transfer,P00863,P00548,LOC0089,2026-08-29 22:19:00,0.7
E000953,movement,P00285,P00218,LOC0021,2026-05-03 20:42:00,0.9
E000954,movement,P00368,P00966,LOC0006,2026-03-31 14:37:00,0.95
E000955,meeting,P00860,P00314,LOC0052,2026-06-20 17:00:00,0.77
E000956,observation,P00947,P00332,LOC0080,2026-05-16 02:11:00,0.65
E000957,communication,P00570,P00488,LOC0022,2026-05-31 15:21:00,0.72
E000958,movement,P00879,P00482,LOC0014,2026-08-13 04:04:00,0.67
E000959,account_access,P00928,P00539,LOC0052,2026-02-18 13:38:00,0.87
E000960,meeting,P00013,P00802,LOC0002,2026-06-29 01:32:00,0.68
E000961,transfer,P00338,P00897,LOC0113,2026-08-17 00:16:00,0.77
E000962,transfer,P00843,P00311,LOC0091,2026-05-11 17:51:00,0.77
E000963,meeting,P00439,P00053,LOC0152,2026-01-11 14:39:00,0.79
E000964,communication,P00939,P00120,LOC0144,2026-05-10 07:34:00,0.69
E000965,movement,P00460,P00129,LOC0145,2026-07-07 15:08:00,0.93
E000966,meeting,P00261,P00651,LOC0050,2026-07-08 22:57:00,0.89
E000967,movement,P00772,P00649,LOC0166,2026-08-19 20:45:00,0.75
E000968,movement,P00989,P00395,LOC0093,2026-04-29 03:01:00,0.84
E000969,transfer,P00859,P00797,LOC0075,2026-08-26 19:09:00,0.89
E000970,transfer,P00864,P00122,LOC0058,2026-06-28 02:02:00,0.73
E000971,account_access,P00890,P00059,LOC0047,2026-06-23 08:21:00,0.71
E000972,vehicle_use,P00267,P00700,LOC0031,2026-01-05 20:31:00,0.88
E000973,movement,P00782,P00523,LOC0067,2026-04-17 13:11:00,0.96
E000974,movement,P00609,P00845,LOC0070,2026-06-29 16:02:00,0.84
E000975,meeting,P00458,P00595,LOC0169,2026-07-23 01:40:00,0.99
E000976,movement,P00865,P00567,LOC0041,2026-07-22 10:27:00,0.66
E000977,transfer,P00793,P00922,LOC0110,2026-03-20 09:31:00,0.91
E000978,meeting,P00713,P00504,LOC0024,2026-07-08 10:43:00,0.64
E000979,communication,P00691,P00279,LOC0150,2026-02-03 15:21:00,0.87
E000980,movement,P00987,P00364,LOC0121,2026-04-20 21:10:00,0.72
E000981,movement,P00604,P00748,LOC0115,2026-05-17 18:01:00,0.76
E000982,communication,P00624,P00131,LOC0142,2026-06-06 21:19:00,0.61
E000983,account_access,P00818,P00037,LOC0035,2026-02-26 19:08:00,0.91
E000984,item_handoff,P00585,P00008,LOC0085,2026-01-31 01:14:00,0.91
E000985,transfer,P00614,P00180,LOC0175,2026-04-25 02:32:00,0.89
E000986,vehicle_use,P00899,P00673,LOC0088,2026-02-13 10:03:00,0.79
E000987,transfer,P00191,P00937,LOC0084,2026-06-02 09:40:00,0.92
E000988,account_access,P00524,P00772,LOC0057,2026-01-01 05:21:00,0.74
E000989,movement,P00068,P00169,LOC0007,2026-06-24 07:51:00,0.74
E000990,movement,P00154,P00825,LOC0154,2026-08-20 12:12:00,0.83
E000991,transfer,P00686,P00761,LOC0068,2026-06-17 16:21:00,0.78
E000992,meeting,P00238,P00324,LOC0122,2026-07-25 08:14:00,0.87
E000993,meeting,P00637,P00188,LOC0125,2026-08-08 21:47:00,0.74
E000994,meeting,P00771,P00887,LOC0096,2026-05-05 22:39:00,0.87
E000995,transfer,P00149,P00786,LOC0169,2026-03-01 20:42:00,0.7
E000996,item_handoff,P00695,P00321,LOC0034,2026-01-23 15:51:00,0.78
E000997,communication,P00459,P00421,LOC0107,2026-05-13 08:43:00,0.77
E000998,transfer,P00152,P00314,LOC0075,2026-07-06 19:03:00,0.74
E000999,movement,P00635,P00937,LOC0084,2026-01-26 12:22:00,0.96
E001000,account_access,P00423,P00420,LOC0054,2026-05-08 21:46:00,0.78
E001001,observation,P00199,P00696,LOC0086,2026-04-07 11:12:00,0.78
E001002,account_access,P00150,P00365,LOC0145,2026-06-25 08:15:00,0.68
E001003,observation,P00515,P00376,LOC0160,2026-04-25 09:16:00,0.98
E001004,vehicle_use,P00303,P00563,LOC0075,2026-05-11 00:28:00,0.75
E001005,account_access,P00769,P00002,LOC0112,2026-05-11 05:00:00,0.82
E001006,item_handoff,P00416,P00243,LOC0004,2026-02-02 17:34:00,0.79
E001007,account_access,P00744,P00023,LOC0144,2026-08-27 13:38:00,0.94
E001008,movement,P00120,P00505,LOC0025,2026-01-30 06:08:00,0.95
E001009,vehicle_use,P00647,P00793,LOC0093,2026-07-16 00:08:00,0.97
E001010,vehicle_use,P00147,P00781,LOC0131,2026-04-04 07:37:00,0.8
E001011,meeting,P00597,P00168,LOC0038,2026-04-21 09:37:00,0.73
E001012,vehicle_use,P00444,P00327,LOC0051,2026-07-07 02:52:00,0.6
E001013,item_handoff,P00072,P00151,LOC0034,2026-04-03 05:37:00,0.86
E001014,account_access,P00926,P00928,LOC0173,2026-05-20 06:27:00,0.64
E001015,movement,P00177,P00847,LOC0146,2026-05-06 16:54:00,0.62
E001016,account_access,P00114,P00703,LOC0071,2026-08-27 10:46:00,0.97
E001017,meeting,P00842,P00766,LOC0170,2026-01-29 21:48:00,0.94
E001018,meeting,P00761,P00691,LOC0004,2026-08-14 20:25:00,0.84
E001019,vehicle_use,P00011,P00762,LOC0036,2026-01-09 10:52:00,0.82
E001020,account_access,P00337,P00284,LOC0051,2026-06-16 08:50:00,0.92
E001021,movement,P00891,P00799,LOC0133,2026-02-20 16:39:00,0.85
E001022,account_access,P00565,P00947,LOC0018,2026-04-03 07:55:00,0.85
E001023,communication,P00206,P00850,LOC0072,2026-05-14 04:25:00,0.74
E001024,communication,P00592,P00770,LOC0159,2026-04-08 16:25:00,0.73
E001025,meeting,P00303,P00784,LOC0100,2026-02-16 14:54:00,0.91
E001026,observation,P00193,P00894,LOC0003,2026-06-06 02:07:00,0.6
E001027,movement,P00180,P00611,LOC0099,2026-08-02 10:07:00,0.61
E001028,account_access,P00100,P00651,LOC0155,2026-01-19 10:49:00,0.63
E001029,movement,P00731,P00069,LOC0055,2026-01-12 21:33:00,0.65
E001030,movement,P00063,P00241,LOC0098,2026-01-23 21:13:00,0.62
E001031,meeting,P00987,P00616,LOC0081,2026-07-14 17:02:00,0.92
E001032,account_access,P00018,P00863,LOC0133,2026-02-20 14:48:00,0.84
E001033,observation,P00486,P00067,LOC0117,2026-08-04 05:16:00,0.63
E001034,transfer,P00715,P00305,LOC0156,2026-01-03 23:49:00,0.73
E001035,meeting,P00859,P00082,LOC0101,2026-02-07 07:01:00,0.91
E001036,meeting,P00116,P00213,LOC0065,2026-06-26 13:21:00,0.72
E001037,vehicle_use,P00151,P00691,LOC0073,2026-04-25 16:29:00,0.88
E001038,transfer,P00435,P00130,LOC0138,2026-02-20 11:47:00,0.85
E001039,transfer,P00468,P00451,LOC0142,2026-04-10 11:59:00,0.79
E001040,movement,P00646,P00510,LOC0022,2026-08-19 09:22:00,0.83
E001041,item_handoff,P00335,P00120,LOC0114,2026-01-11 04:29:00,0.9
E001042,movement,P00820,P00157,LOC0167,2026-03-16 06:29:00,0.62
E001043,account_access,P00617,P00987,LOC0104,2026-05-20 17:05:00,0.66
E001044,item_handoff,P00498,P00813,LOC0043,2026-04-01 11:37:00,0.81
E001045,item_handoff,P00850,P00592,LOC0083,2026-04-24 14:31:00,0.62
E001046,meeting,P00488,P00488,LOC0075,2026-06-20 15:27:00,0.84
E001047,vehicle_use,P00547,P00642,LOC0145,2026-04-04 16:31:00,0.64
E001048,vehicle_use,P00357,P00193,LOC0029,2026-01-03 02:04:00,0.72
E001049,vehicle_use,P00853,P00115,LOC0006,2026-02-04 00:18:00,0.86
E001050,meeting,P00998,P00119,LOC0174,2026-02-27 17:31:00,0.86
E001051,meeting,P00070,P00230,LOC0095,2026-02-17 15:30:00,0.74
E001052,item_handoff,P00003,P00845,LOC0080,2026-02-19 07:56:00,0.65
E001053,communication,P00970,P00018,LOC0088,2026-08-12 08:30:00,0.69
E001054,movement,P00517,P00445,LOC0167,2026-08-13 01:35:00,0.95
E001055,movement,P00313,P00892,LOC0152,2026-06-01 04:21:00,0.87
E001056,observation,P00139,P00312,LOC0168,2026-02-11 13:22:00,0.69
E001057,meeting,P00133,P00068,LOC0134,2026-03-22 15:55:00,0.7
E001058,communication,P00677,P00065,LOC0076,2026-06-30 01:55:00,0.79
E001059,vehicle_use,P00064,P00326,LOC0156,2026-06-09 00:15:00,0.82
E001060,communication,P00321,P00715,LOC0051,2026-07-24 05:23:00,0.63
E001061,movement,P00343,P00519,LOC0005,2026-06-10 17:13:00,0.67
E001062,communication,P00257,P00242,LOC0141,2026-05-29 05:39:00,0.78
E001063,observation,P00371,P00375,LOC0131,2026-08-07 11:59:00,0.63
E001064,vehicle_use,P00719,P00765,LOC0008,2026-06-19 12:02:00,0.69
E001065,observation,P00598,P00737,LOC0122,2026-05-09 01:26:00,0.85
E001066,item_handoff,P00159,P00358,LOC0071,2026-05-22 04:09:00,0.63
E001067,vehicle_use,P00753,P00662,LOC0018,2026-01-04 17:39:00,0.82
E001068,account_access,P00575,P00022,LOC0179,2026-04-04 18:40:00,0.91
E001069,vehicle_use,P00197,P00704,LOC0046,2026-08-10 20:29:00,0.96
E001070,communication,P00427,P00272,LOC0069,2026-01-15 03:26:00,0.7
E001071,account_access,P00809,P00072,LOC0020,2026-06-25 21:09:00,0.78
E001072,vehicle_use,P00075,P00420,LOC0007,2026-04-26 20:34:00,0.75
E001073,communication,P00827,P00264,LOC0149,2026-03-27 04:55:00,0.89
E001074,observation,P00108,P00585,LOC0123,2026-04-23 14:21:00,0.69
E001075,observation,P00608,P00407,LOC0006,2026-07-19 10:24:00,0.65
E001076,observation,P00293,P00991,LOC0158,2026-01-21 23:27:00,0.62
E001077,movement,P00896,P00211,LOC0177,2026-07-03 20:28:00,0.97
E001078,item_handoff,P00594,P00101,LOC0174,2026-07-17 23:34:00,0.99
E001079,observation,P00650,P00540,LOC0028,2026-04-25 05:57:00,0.85
E001080,movement,P00227,P00860,LOC0103,2026-03-19 13:20:00,0.82
E001081,meeting,P00225,P00151,LOC0015,2026-05-04 13:09:00,0.99
E001082,meeting,P00368,P00137,LOC0037,2026-06-13 16:03:00,0.88
E001083,communication,P00361,P00652,LOC0135,2026-06-22 16:01:00,0.72
E001084,transfer,P00852,P00542,LOC0029,2026-06-16 14:52:00,0.8
E001085,item_handoff,P00174,P00361,LOC0063,2026-06-02 19:44:00,0.74
E001086,item_handoff,P00663,P00538,LOC0021,2026-06-14 21:58:00,0.8
E001087,transfer,P00876,P00573,LOC0028,2026-07-03 01:58:00,0.65
E001088,communication,P00970,P00263,LOC0107,2026-06-17 18:58:00,0.72
E001089,transfer,P00840,P00299,LOC0137,2026-01-25 05:56:00,0.85
E001090,item_handoff,P00894,P00106,LOC0028,2026-08-05 21:41:00,0.61
E001091,item_handoff,P00438,P00948,LOC0048,2026-04-01 23:08:00,0.7
E001092,communication,P00149,P00691,LOC0087,2026-06-24 08:48:00,0.78
E001093,communication,P00662,P00074,LOC0065,2026-01-04 09:43:00,0.77
E001094,communication,P00512,P00049,LOC0118,2026-05-20 04:48:00,0.87
E001095,communication,P00371,P00094,LOC0074,2026-01-05 10:32:00,0.79
E001096,transfer,P00984,P00400,LOC0084,2026-01-12 20:25:00,0.82
E001097,transfer,P00464,P00151,LOC0121,2026-05-25 15:36:00,0.98
E001098,transfer,P00172,P00919,LOC0129,2026-07-15 08:01:00,0.68
E001099,observation,P00465,P00897,LOC0077,2026-07-04 00:43:00,0.94
E001100,item_handoff,P00675,P00139,LOC0051,2026-06-28 13:50:00,0.69
E001101,meeting,P00591,P00422,LOC0158,2026-07-15 09:25:00,0.69
E001102,observation,P00283,P00014,LOC0002,2026-05-15 06:53:00,0.97
E001103,movement,P00320,P00935,LOC0138,2026-01-05 06:12:00,0.84
E001104,meeting,P00761,P00181,LOC0140,2026-04-12 03:03:00,0.63
E001105,account_access,P00426,P00668,LOC0068,2026-01-16 21:42:00,0.92
E001106,account_access,P00288,P00003,LOC0121,2026-01-05 13:08:00,0.97
E001107,meeting,P00471,P00041,LOC0123,2026-06-19 15:55:00,0.75
E001108,meeting,P00938,P00398,LOC0110,2026-04-28 23:41:00,0.88
E001109,account_access,P00611,P00807,LOC0178,2026-01-01 05:07:00,0.96
E001110,vehicle_use,P00646,P00759,LOC0163,2026-03-20 03:55:00,0.9
E001111,item_handoff,P00292,P00399,LOC0147,2026-01-06 03:23:00,0.92
E001112,transfer,P00123,P00978,LOC0147,2026-01-28 12:30:00,0.88
E001113,vehicle_use,P00615,P00538,LOC0137,2026-04-28 02:18:00,0.83
E001114,observation,P00344,P00822,LOC0008,2026-05-01 10:16:00,0.61
E001115,transfer,P00348,P00267,LOC0177,2026-04-28 02:50:00,0.61
E001116,account_access,P00752,P00454,LOC0083,2026-06-29 12:08:00,0.69
E001117,transfer,P00426,P00523,LOC0100,2026-08-28 09:04:00,0.87
E001118,item_handoff,P00732,P00689,LOC0090,2026-05-25 01:20:00,0.76
E001119,movement,P00732,P00488,LOC0050,2026-02-15 22:43:00,0.9
E001120,movement,P00773,P00373,LOC0007,2026-06-21 23:03:00,0.94
E001121,transfer,P00209,P00546,LOC0065,2026-04-06 07:15:00,0.83
E001122,item_handoff,P00487,P00920,LOC0004,2026-04-11 07:37:00,0.95
E001123,item_handoff,P00116,P00788,LOC0154,2026-03-23 06:10:00,0.71
E001124,observation,P00344,P00221,LOC0088,2026-05-13 20:38:00,0.65
E001125,transfer,P00864,P00161,LOC0055,2026-03-15 06:50:00,0.74
E001126,transfer,P00385,P00821,LOC0022,2026-05-02 04:04:00,0.76
E001127,meeting,P00706,P00075,LOC0065,2026-03-29 20:33:00,0.87
E001128,communication,P00735,P00648,LOC0022,2026-02-18 07:26:00,0.9
E001129,communication,P00114,P00467,LOC0178,2026-07-08 23:56:00,0.69
E001130,vehicle_use,P00206,P00675,LOC0145,2026-01-08 23:44:00,0.66
E001131,transfer,P00114,P00242,LOC0010,2026-08-02 00:55:00,0.7
E001132,account_access,P00973,P00356,LOC0159,2026-08-01 05:26:00,0.79
E001133,vehicle_use,P00391,P00858,LOC0142,2026-06-14 21:27:00,0.92
E001134,meeting,P00857,P00199,LOC0030,2026-02-23 14:37:00,0.91
E001135,meeting,P00248,P00715,LOC0175,2026-03-16 17:03:00,0.74
E001136,account_access,P00136,P00954,LOC0077,2026-06-16 08:22:00,0.67
E001137,observation,P00417,P00107,LOC0009,2026-03-22 15:27:00,0.62
E001138,transfer,P00803,P00829,LOC0003,2026-01-17 08:23:00,0.98
E001139,movement,P00292,P00443,LOC0079,2026-03-22 11:45:00,0.77
E001140,transfer,P00249,P00964,LOC0167,2026-01-10 19:19:00,0.92
E001141,communication,P00425,P00602,LOC0065,2026-01-15 16:19:00,0.79
E001142,vehicle_use,P00168,P00291,LOC0146,2026-08-07 13:55:00,0.86
E001143,item_handoff,P00518,P00801,LOC0066,2026-02-26 11:59:00,0.68
E001144,transfer,P00215,P00398,LOC0034,2026-08-22 09:26:00,0.72
E001145,movement,P00495,P00764,LOC0105,2026-06-13 18:58:00,0.91
E001146,account_access,P00510,P00394,LOC0055,2026-03-04 20:10:00,0.68
E001147,meeting,P00256,P00765,LOC0093,2026-02-18 08:33:00,0.67
E001148,movement,P00300,P00576,LOC0149,2026-01-10 05:43:00,0.61
E001149,communication,P00200,P00614,LOC0028,2026-01-20 16:22:00,0.9
E001150,meeting,P00782,P00802,LOC0091,2026-03-02 02:33:00,0.7
E001151,observation,P00074,P00450,LOC0147,2026-03-28 09:16:00,0.96
E001152,transfer,P00100,P00268,LOC0113,2026-08-27 17:59:00,0.94
E001153,meeting,P00641,P00416,LOC0119,2026-07-25 14:22:00,0.93
E001154,observation,P00499,P00281,LOC0044,2026-01-18 12:32:00,0.97
E001155,account_access,P00962,P00432,LOC0176,2026-01-06 14:32:00,0.87
E001156,communication,P00556,P00626,LOC0090,2026-01-25 00:00:00,0.98
E001157,communication,P00359,P00735,LOC0073,2026-07-02 08:47:00,0.96
E001158,movement,P00389,P00357,LOC0067,2026-01-05 05:00:00,0.7
E001159,movement,P00123,P00912,LOC0035,2026-02-13 19:02:00,0.74
E001160,account_access,P00211,P00617,LOC0010,2026-01-27 12:25:00,0.97
E001161,transfer,P00874,P00424,LOC0018,2026-05-02 18:46:00,0.61
E001162,item_handoff,P00451,P00619,LOC0092,2026-04-09 05:20:00,0.62
E001163,meeting,P00044,P00820,LOC0174,2026-03-13 19:50:00,0.9
E001164,account_access,P00769,P00130,LOC0069,2026-02-17 04:28:00,0.68
E001165,movement,P00048,P00367,LOC0022,2026-03-03 18:10:00,0.97
E001166,movement,P00741,P00461,LOC0047,2026-03-10 13:07:00,0.68
E001167,vehicle_use,P00342,P00982,LOC0121,2026-02-23 05:43:00,0.94
E001168,movement,P00884,P00652,LOC0115,2026-02-19 12:39:00,0.89
E001169,meeting,P00888,P00446,LOC0135,2026-08-24 12:35:00,0.95
E001170,meeting,P00383,P00537,LOC0074,2026-07-24 12:25:00,0.61
E001171,vehicle_use,P00178,P00922,LOC0070,2026-01-03 07:32:00,0.61
E001172,observation,P00608,P00218,LOC0085,2026-08-26 13:12:00,0.8
E001173,item_handoff,P00761,P00015,LOC0055,2026-03-25 01:09:00,0.99
E001174,vehicle_use,P00749,P00613,LOC0081,2026-05-23 18:09:00,0.61
E001175,account_access,P00461,P00630,LOC0098,2026-04-03 16:43:00,0.68
E001176,account_access,P00125,P00064,LOC0156,2026-04-16 15:47:00,0.97
E001177,meeting,P00151,P00369,LOC0179,2026-04-18 17:44:00,0.75
E001178,meeting,P00407,P00545,LOC0075,2026-07-05 14:04:00,0.69
E001179,account_access,P00024,P00864,LOC0157,2026-02-07 07:34:00,0.7
E001180,item_handoff,P00513,P00455,LOC0059,2026-03-07 20:22:00,0.62
E001181,meeting,P00058,P00707,LOC0025,2026-06-17 22:10:00,0.94
E001182,meeting,P00710,P00241,LOC0128,2026-08-13 13:26:00,0.96
E001183,vehicle_use,P00216,P00104,LOC0006,2026-05-11 10:57:00,0.67
E001184,observation,P00868,P00064,LOC0154,2026-08-13 13:29:00,0.61
E001185,transfer,P00013,P00747,LOC0014,2026-05-11 21:56:00,0.73
E001186,communication,P00358,P00503,LOC0121,2026-07-31 00:34:00,0.96
E001187,observation,P00177,P00412,LOC0155,2026-06-13 03:48:00,0.96
E001188,transfer,P00975,P00085,LOC0036,2026-02-16 17:55:00,0.95
E001189,movement,P00826,P00979,LOC0051,2026-02-19 09:53:00,0.77
E001190,item_handoff,P00378,P00568,LOC0011,2026-05-24 17:21:00,0.75
E001191,vehicle_use,P00994,P00102,LOC0015,2026-04-08 11:22:00,0.84
E001192,item_handoff,P00035,P00915,LOC0157,2026-07-13 19:18:00,0.75
E001193,transfer,P00433,P00739,LOC0178,2026-06-25 03:41:00,0.88
E001194,transfer,P00986,P00614,LOC0131,2026-05-15 20:36:00,0.83
E001195,item_handoff,P00023,P00150,LOC0092,2026-05-10 10:22:00,0.79
E001196,movement,P00969,P00211,LOC0006,2026-08-06 04:28:00,0.97
E001197,account_access,P00338,P00411,LOC0063,2026-05-02 09:35:00,0.87
E001198,transfer,P00428,P00520,LOC0116,2026-06-17 10:12:00,0.95
E001199,item_handoff,P00210,P00531,LOC0164,2026-06-18 15:03:00,0.7
E001200,meeting,P00629,P00411,LOC0047,2026-06-27 17:55:00,0.85
E001201,account_access,P00151,P00703,LOC0147,2026-08-18 07:41:00,0.76
E001202,movement,P00109,P00658,LOC0061,2026-02-08 11:47:00,0.72
E001203,vehicle_use,P00300,P00834,LOC0001,2026-08-15 02:02:00,0.62
E001204,vehicle_use,P00408,P00022,LOC0014,2026-02-28 15:13:00,0.83
E001205,vehicle_use,P00302,P00460,LOC0164,2026-02-28 21:23:00,0.67
E001206,account_access,P00240,P00644,LOC0172,2026-04-28 00:58:00,0.78
E001207,observation,P00467,P00513,LOC0059,2026-01-22 11:29:00,0.97
E001208,movement,P00083,P00822,LOC0086,2026-06-20 02:38:00,0.9
E001209,movement,P00529,P00577,LOC0121,2026-05-27 02:13:00,0.64
E001210,transfer,P00836,P00814,LOC0001,2026-06-11 23:25:00,0.83
E001211,item_handoff,P00892,P00743,LOC0149,2026-03-18 05:36:00,0.98
E001212,observation,P00236,P00415,LOC0121,2026-07-05 00:38:00,0.83
E001213,vehicle_use,P00767,P00040,LOC0140,2026-05-12 21:59:00,0.81
E001214,account_access,P00195,P00676,LOC0149,2026-01-28 13:50:00,0.99
E001215,meeting,P00144,P00933,LOC0116,2026-04-18 09:19:00,0.81
E001216,item_handoff,P00229,P00709,LOC0101,2026-06-05 16:29:00,0.63
E001217,account_access,P00086,P00196,LOC0111,2026-05-20 01:19:00,0.86
E001218,movement,P00998,P00288,LOC0064,2026-08-28 04:29:00,0.76
E001219,observation,P00921,P00428,LOC0033,2026-05-01 23:01:00,0.97
E001220,vehicle_use,P00165,P00140,LOC0177,2026-04-28 03:25:00,0.71
E001221,item_handoff,P00503,P00105,LOC0026,2026-07-17 09:53:00,0.78
E001222,meeting,P00817,P00029,LOC0130,2026-03-08 05:47:00,0.68
E001223,account_access,P00401,P00516,LOC0101,2026-08-13 00:05:00,0.69
E001224,movement,P00149,P00747,LOC0016,2026-04-28 07:42:00,0.79
E001225,vehicle_use,P00872,P00054,LOC0132,2026-07-24 22:43:00,0.7
E001226,item_handoff,P00328,P00520,LOC0008,2026-02-16 17:47:00,0.85
E001227,meeting,P00248,P00478,LOC0173,2026-04-16 00:22:00,0.98
E001228,vehicle_use,P00880,P00266,LOC0104,2026-08-26 02:50:00,0.78
E001229,item_handoff,P00985,P00777,LOC0009,2026-06-02 17:02:00,0.92
E001230,vehicle_use,P00923,P00423,LOC0151,2026-05-04 20:45:00,0.63
E001231,transfer,P00342,P00738,LOC0021,2026-01-18 13:48:00,0.96
E001232,transfer,P00712,P00709,LOC0119,2026-06-14 22:13:00,0.61
E001233,movement,P00766,P00014,LOC0179,2026-08-14 14:02:00,0.93
E001234,meeting,P00024,P00353,LOC0154,2026-02-08 17:42:00,0.85
E001235,movement,P00207,P00832,LOC0176,2026-03-05 08:11:00,0.98
E001236,meeting,P00665,P00608,LOC0116,2026-04-30 00:11:00,0.82
E001237,transfer,P00213,P00400,LOC0002,2026-03-08 10:46:00,0.87
E001238,item_handoff,P00927,P00573,LOC0031,2026-02-13 17:24:00,0.85
E001239,account_access,P00248,P00409,LOC0044,2026-07-06 07:59:00,0.97
E001240,communication,P00170,P00663,LOC0054,2026-04-22 05:11:00,0.63
E001241,account_access,P00609,P00965,LOC0086,2026-06-13 03:46:00,0.85
E001242,movement,P00551,P00336,LOC0151,2026-05-21 10:43:00,0.78
E001243,account_access,P00704,P00153,LOC0177,2026-02-05 06:04:00,0.9
E001244,movement,P00733,P00212,LOC0040,2026-04-12 22:41:00,0.99
E001245,communication,P00911,P00870,LOC0093,2026-05-05 21:33:00,0.83
E001246,account_access,P00632,P00846,LOC0138,2026-03-11 19:55:00,0.86
E001247,meeting,P00013,P00879,LOC0016,2026-05-04 19:08:00,0.98
E001248,item_handoff,P00710,P00594,LOC0112,2026-06-20 23:53:00,0.99
E001249,account_access,P00118,P00921,LOC0004,2026-02-20 17:12:00,0.75
E001250,transfer,P00074,P00151,LOC0055,2026-07-20 01:25:00,0.8
E001251,item_handoff,P00746,P00578,LOC0116,2026-01-31 07:43:00,0.72
E001252,communication,P00500,P00542,LOC0073,2026-01-22 03:54:00,0.61
E001253,meeting,P00452,P00979,LOC0145,2026-08-13 09:30:00,0.64
E001254,observation,P00728,P00866,LOC0121,2026-08-16 12:36:00,0.78
E001255,vehicle_use,P00023,P00447,LOC0166,2026-03-23 11:07:00,0.74
E001256,transfer,P00834,P00909,LOC0013,2026-05-11 06:57:00,0.69
E001257,item_handoff,P00873,P00921,LOC0012,2026-03-14 16:22:00,0.73
E001258,account_access,P00875,P00563,LOC0090,2026-01-27 22:00:00,0.82
E001259,communication,P00226,P00335,LOC0035,2026-03-13 11:03:00,0.89
E001260,movement,P00356,P00608,LOC0116,2026-01-17 13:19:00,0.81
E001261,transfer,P00639,P00605,LOC0091,2026-02-02 20:30:00,0.71
E001262,communication,P00659,P00429,LOC0060,2026-04-08 05:30:00,0.87
E001263,vehicle_use,P00327,P00202,LOC0010,2026-03-05 16:58:00,0.96
E001264,vehicle_use,P00045,P00583,LOC0154,2026-06-29 12:20:00,0.98
E001265,meeting,P00271,P00505,LOC0086,2026-05-09 12:53:00,0.9
E001266,meeting,P00760,P00978,LOC0067,2026-05-24 01:48:00,0.64
E001267,transfer,P00324,P00226,LOC0046,2026-02-18 12:57:00,0.77
E001268,item_handoff,P00033,P00505,LOC0019,2026-02-13 14:13:00,0.86
E001269,item_handoff,P00415,P00806,LOC0162,2026-07-28 01:08:00,0.71
E001270,movement,P00612,P00811,LOC0178,2026-08-26 20:46:00,0.64
E001271,communication,P00633,P00745,LOC0025,2026-06-10 11:46:00,0.76
E001272,communication,P00803,P00090,LOC0149,2026-08-03 09:39:00,0.92
E001273,observation,P00472,P00599,LOC0142,2026-04-04 21:43:00,0.69
E001274,transfer,P00933,P00841,LOC0137,2026-03-04 11:49:00,0.73
E001275,account_access,P00649,P00807,LOC0022,2026-05-07 04:06:00,0.88
E001276,item_handoff,P00077,P00451,LOC0169,2026-07-02 06:41:00,0.94
E001277,transfer,P00870,P00403,LOC0109,2026-05-15 14:32:00,0.95
E001278,observation,P00520,P00460,LOC0145,2026-07-05 16:33:00,0.94
E001279,transfer,P00943,P00948,LOC0004,2026-08-17 10:26:00,0.69
E001280,movement,P00926,P00085,LOC0061,2026-08-10 19:04:00,0.65
E001281,vehicle_use,P00566,P00312,LOC0038,2026-05-18 23:18:00,0.7
E001282,transfer,P00949,P00564,LOC0163,2026-03-20 06:28:00,0.91
E001283,vehicle_use,P00790,P00676,LOC0089,2026-07-08 19:44:00,0.88
E001284,item_handoff,P00208,P00031,LOC0007,2026-08-26 11:20:00,0.72
E001285,meeting,P00458,P00515,LOC0073,2026-01-06 16:52:00,0.71
E001286,meeting,P00329,P00649,LOC0003,2026-01-08 10:26:00,0.78
E001287,item_handoff,P00538,P00699,LOC0079,2026-01-01 00:29:00,0.73
E001288,vehicle_use,P00971,P00770,LOC0180,2026-06-19 16:30:00,0.74
E001289,account_access,P00838,P00232,LOC0167,2026-06-09 22:34:00,0.71
E001290,account_access,P00313,P00777,LOC0082,2026-05-06 10:58:00,0.66
E001291,communication,P00556,P00905,LOC0155,2026-07-31 09:35:00,0.66
E001292,vehicle_use,P00357,P00675,LOC0155,2026-01-07 21:54:00,0.75
E001293,communication,P00561,P00824,LOC0017,2026-01-31 03:43:00,0.97
E001294,meeting,P00970,P00462,LOC0080,2026-03-31 01:04:00,0.7
E001295,transfer,P00675,P00051,LOC0037,2026-05-09 11:56:00,0.9
E001296,account_access,P00809,P00938,LOC0030,2026-02-06 16:27:00,0.66
E001297,vehicle_use,P00743,P00893,LOC0174,2026-07-27 03:21:00,0.98
E001298,account_access,P00634,P00275,LOC0171,2026-03-27 23:31:00,0.84
E001299,transfer,P00128,P00938,LOC0087,2026-05-21 21:09:00,0.67
E001300,observation,P00658,P00898,LOC0007,2026-01-07 17:53:00,0.66
E001301,transfer,P00516,P00753,LOC0075,2026-02-12 22:43:00,0.68
E001302,item_handoff,P00776,P00333,LOC0083,2026-07-03 07:13:00,0.75
E001303,meeting,P00700,P00317,LOC0058,2026-04-10 05:04:00,0.67
E001304,vehicle_use,P00193,P00584,LOC0146,2026-05-24 14:21:00,0.64
E001305,vehicle_use,P00618,P00603,LOC0178,2026-02-24 14:23:00,0.9
E001306,movement,P00298,P00202,LOC0059,2026-03-27 08:13:00,0.87
E001307,transfer,P00357,P00684,LOC0066,2026-05-06 22:51:00,0.87
E001308,meeting,P00460,P00351,LOC0029,2026-05-28 22:17:00,0.65
E001309,vehicle_use,P00580,P00215,LOC0107,2026-01-04 06:49:00,0.75
E001310,communication,P00528,P00943,LOC0037,2026-03-17 18:16:00,0.95
E001311,item_handoff,P00499,P00656,LOC0126,2026-08-25 07:06:00,0.94
E001312,transfer,P00124,P00156,LOC0043,2026-08-17 15:41:00,0.76
E001313,meeting,P00480,P00709,LOC0125,2026-08-05 08:22:00,0.6
E001314,vehicle_use,P00464,P00902,LOC0001,2026-01-14 08:57:00,0.85
E001315,account_access,P00088,P00629,LOC0105,2026-07-01 08:01:00,0.9
E001316,communication,P00971,P00623,LOC0036,2026-06-14 10:56:00,0.94
E001317,item_handoff,P00997,P00903,LOC0002,2026-05-06 03:58:00,0.82
E001318,observation,P00945,P00482,LOC0043,2026-04-18 23:59:00,0.87
E001319,item_handoff,P00117,P00845,LOC0176,2026-03-31 12:07:00,0.65
E001320,account_access,P00619,P00462,LOC0072,2026-02-22 18:53:00,0.7
E001321,account_access,P00818,P00297,LOC0073,2026-03-30 06:00:00,0.84
E001322,item_handoff,P00412,P00679,LOC0066,2026-01-28 05:06:00,0.84
E001323,movement,P00450,P00568,LOC0118,2026-06-03 22:55:00,0.74
E001324,meeting,P00376,P00537,LOC0022,2026-05-07 08:44:00,0.81
E001325,meeting,P00791,P00713,LOC0169,2026-05-17 19:39:00,0.68
E001326,movement,P00503,P00630,LOC0150,2026-04-04 20:52:00,0.95
E001327,movement,P00145,P00006,LOC0050,2026-06-20 00:10:00,0.82
E001328,observation,P00871,P00071,LOC0078,2026-08-06 01:45:00,0.96
E001329,meeting,P00403,P00156,LOC0156,2026-05-08 15:54:00,0.89
E001330,movement,P00634,P00005,LOC0009,2026-07-30 23:10:00,0.94
E001331,movement,P00737,P00137,LOC0070,2026-01-02 02:36:00,0.81
E001332,transfer,P00996,P00121,LOC0087,2026-02-21 14:18:00,0.74
E001333,item_handoff,P00677,P00774,LOC0061,2026-08-11 14:27:00,0.71
E001334,meeting,P00305,P00223,LOC0021,2026-04-14 18:27:00,0.66
E001335,vehicle_use,P00501,P00727,LOC0001,2026-03-23 19:58:00,0.82
E001336,item_handoff,P00062,P00119,LOC0148,2026-02-04 20:04:00,0.61
E001337,meeting,P00547,P00068,LOC0113,2026-02-26 04:04:00,0.84
E001338,movement,P00452,P00272,LOC0131,2026-07-19 01:41:00,0.65
E001339,account_access,P00948,P00197,LOC0017,2026-06-19 22:39:00,0.7
E001340,observation,P00465,P00217,LOC0021,2026-08-19 22:39:00,0.64
E001341,item_handoff,P00948,P00427,LOC0079,2026-07-16 02:52:00,0.64
E001342,observation,P00690,P00466,LOC0156,2026-08-30 21:07:00,0.63
E001343,account_access,P00475,P00570,LOC0180,2026-08-25 01:50:00,0.7
E001344,movement,P00390,P00183,LOC0133,2026-06-03 17:23:00,0.86
E001345,meeting,P00496,P00130,LOC0112,2026-07-27 14:01:00,0.93
E001346,meeting,P00689,P00279,LOC0116,2026-08-23 07:38:00,0.74
E001347,meeting,P00731,P00823,LOC0079,2026-05-23 12:35:00,0.82
E001348,movement,P00363,P00503,LOC0077,2026-05-30 22:23:00,0.63
E001349,account_access,P00043,P00238,LOC0043,2026-08-10 01:56:00,0.69
E001350,transfer,P00470,P00159,LOC0062,2026-08-25 02:57:00,0.74
E001351,transfer,P00935,P00916,LOC0079,2026-01-12 13:12:00,0.83
E001352,item_handoff,P00325,P00872,LOC0017,2026-06-17 21:15:00,0.62
E001353,movement,P00307,P00416,LOC0004,2026-07-03 18:05:00,0.71
E001354,meeting,P00896,P00490,LOC0057,2026-05-25 03:03:00,0.71
E001355,transfer,P00075,P00679,LOC0059,2026-08-18 00:07:00,0.96
E001356,transfer,P00231,P00285,LOC0143,2026-01-12 12:37:00,0.91
E001357,observation,P00436,P00457,LOC0084,2026-02-01 09:26:00,0.9
E001358,communication,P00605,P00101,LOC0161,2026-01-19 18:35:00,0.65
E001359,item_handoff,P00182,P00554,LOC0101,2026-02-17 11:25:00,0.97
E001360,item_handoff,P00744,P00947,LOC0132,2026-05-26 05:58:00,0.92
E001361,item_handoff,P00798,P00182,LOC0072,2026-02-17 03:57:00,0.75
E001362,meeting,P00856,P00438,LOC0172,2026-02-21 17:12:00,0.67
E001363,item_handoff,P00109,P00524,LOC0163,2026-01-01 09:45:00,0.64
E001364,movement,P00623,P00503,LOC0169,2026-04-08 02:31:00,0.71
E001365,movement,P00792,P00580,LOC0104,2026-05-26 08:20:00,0.78
E001366,vehicle_use,P00604,P00080,LOC0089,2026-04-13 15:16:00,0.63
E001367,vehicle_use,P00364,P00359,LOC0133,2026-02-27 17:21:00,0.96
E001368,item_handoff,P00021,P00453,LOC0172,2026-06-19 16:55:00,0.7
E001369,communication,P00725,P00266,LOC0164,2026-08-22 14:40:00,0.97
E001370,item_handoff,P00087,P00351,LOC0076,2026-04-17 15:04:00,0.66
E001371,transfer,P00873,P00489,LOC0069,2026-07-20 20:16:00,0.75
E001372,meeting,P00402,P00029,LOC0168,2026-06-22 00:51:00,0.85
E001373,account_access,P00916,P00304,LOC0050,2026-08-12 04:11:00,0.91
E001374,transfer,P00613,P00933,LOC0155,2026-07-30 19:20:00,0.9
E001375,account_access,P00794,P00992,LOC0152,2026-03-11 08:40:00,0.86
E001376,movement,P00707,P00059,LOC0127,2026-07-21 06:14:00,0.69
E001377,transfer,P00214,P00161,LOC0141,2026-08-04 04:08:00,0.75
E001378,communication,P00305,P00877,LOC0173,2026-05-20 07:37:00,0.72
E001379,account_access,P00560,P00221,LOC0041,2026-04-29 20:42:00,0.61
E001380,meeting,P00226,P00140,LOC0012,2026-02-03 02:06:00,0.9
E001381,vehicle_use,P00666,P00312,LOC0173,2026-02-20 16:54:00,0.69
E001382,vehicle_use,P00709,P00358,LOC0126,2026-06-18 02:27:00,0.77
E001383,account_access,P00485,P00119,LOC0117,2026-08-10 07:33:00,0.84
E001384,account_access,P00994,P00645,LOC0120,2026-05-22 18:46:00,0.85
E001385,vehicle_use,P00771,P00307,LOC0052,2026-05-24 02:54:00,0.74
E001386,communication,P00972,P00433,LOC0151,2026-05-28 08:12:00,0.83
E001387,account_access,P00923,P00125,LOC0131,2026-05-02 23:48:00,0.81
E001388,meeting,P00005,P00244,LOC0052,2026-02-24 18:00:00,0.97
E001389,meeting,P00035,P00225,LOC0092,2026-02-19 17:52:00,0.8
E001390,communication,P00780,P00385,LOC0101,2026-06-01 18:36:00,0.74
E001391,observation,P00948,P00150,LOC0001,2026-08-22 02:02:00,0.61
E001392,transfer,P00675,P00117,LOC0180,2026-05-04 11:20:00,0.95
E001393,meeting,P00245,P00417,LOC0103,2026-06-23 05:59:00,0.96
E001394,communication,P00746,P00126,LOC0065,2026-03-06 18:09:00,0.94
E001395,movement,P00869,P00047,LOC0113,2026-04-13 14:21:00,0.83
E001396,movement,P00684,P00387,LOC0165,2026-01-25 09:24:00,0.93
E001397,meeting,P00189,P00833,LOC0141,2026-06-19 03:23:00,0.66
E001398,observation,P00457,P00982,LOC0095,2026-03-28 04:00:00,0.66
E001399,observation,P00179,P00361,LOC0163,2026-07-12 09:51:00,0.66
E001400,item_handoff,P00312,P00465,LOC0108,2026-06-28 08:15:00,0.64
E001401,movement,P00859,P00645,LOC0047,2026-07-02 22:06:00,0.81
E001402,movement,P00252,P00224,LOC0136,2026-08-15 16:21:00,0.8
E001403,communication,P00846,P00543,LOC0130,2026-02-27 05:41:00,0.81
E001404,movement,P00545,P00749,LOC0113,2026-03-19 19:10:00,0.62
E001405,communication,P00454,P00343,LOC0160,2026-02-01 23:31:00,0.68
E001406,observation,P00547,P00245,LOC0106,2026-01-18 14:59:00,0.61
E001407,item_handoff,P00236,P00618,LOC0042,2026-08-11 14:47:00,0.61
E001408,observation,P00846,P00137,LOC0017,2026-01-18 01:36:00,0.9
E001409,item_handoff,P00219,P00301,LOC0179,2026-03-11 18:01:00,0.86
E001410,item_handoff,P00763,P00407,LOC0080,2026-06-18 15:21:00,0.66
E001411,movement,P00181,P00138,LOC0090,2026-07-24 05:50:00,0.73
E001412,movement,P00485,P00892,LOC0077,2026-02-03 20:51:00,0.92
E001413,observation,P00554,P00567,LOC0056,2026-04-15 02:57:00,0.79
E001414,transfer,P00427,P00128,LOC0049,2026-02-06 22:26:00,0.85
E001415,vehicle_use,P00272,P00295,LOC0025,2026-03-10 05:47:00,0.64
E001416,observation,P00870,P00973,LOC0057,2026-08-03 12:45:00,0.94
E001417,transfer,P00995,P00285,LOC0173,2026-07-13 14:34:00,0.98
E001418,transfer,P00310,P00478,LOC0096,2026-04-22 19:48:00,0.9
E001419,communication,P00846,P00242,LOC0104,2026-02-13 12:33:00,0.81
E001420,item_handoff,P00217,P00694,LOC0079,2026-03-18 14:02:00,0.64
E001421,vehicle_use,P00670,P00073,LOC0026,2026-07-26 19:27:00,0.77
E001422,movement,P00881,P00213,LOC0174,2026-07-06 05:24:00,0.85
E001423,communication,P00530,P00199,LOC0009,2026-02-17 07:08:00,0.71
E001424,meeting,P00149,P00067,LOC0124,2026-07-20 04:08:00,0.66
E001425,observation,P00711,P00706,LOC0114,2026-04-15 05:38:00,0.95
E001426,account_access,P00546,P00863,LOC0166,2026-07-10 08:14:00,0.88
E001427,item_handoff,P00397,P00102,LOC0164,2026-04-29 15:00:00,0.74
E001428,movement,P00379,P00496,LOC0160,2026-06-26 18:33:00,0.85
E001429,transfer,P00104,P00064,LOC0035,2026-07-05 02:50:00,0.86
E001430,item_handoff,P00400,P00279,LOC0080,2026-06-18 21:45:00,0.88
E001431,vehicle_use,P00718,P00457,LOC0133,2026-06-12 23:01:00,0.67
E001432,movement,P00308,P00884,LOC0070,2026-04-26 23:23:00,0.74
E001433,communication,P00741,P00328,LOC0175,2026-04-09 04:00:00,0.99
E001434,observation,P00271,P00246,LOC0042,2026-05-28 06:09:00,0.93
E001435,account_access,P00490,P00031,LOC0149,2026-03-06 00:07:00,0.96
E001436,account_access,P00435,P00232,LOC0032,2026-03-07 12:29:00,0.87
E001437,communication,P00567,P00477,LOC0089,2026-03-12 13:34:00,0.85
E001438,vehicle_use,P00156,P00823,LOC0148,2026-02-01 11:21:00,0.93
E001439,item_handoff,P00810,P00595,LOC0087,2026-01-06 17:56:00,0.72
E001440,movement,P00855,P00924,LOC0050,2026-01-01 08:14:00,0.75
E001441,communication,P00177,P00397,LOC0045,2026-03-07 03:52:00,0.84
E001442,communication,P00878,P00450,LOC0012,2026-01-10 16:09:00,0.6
E001443,vehicle_use,P00500,P00530,LOC0071,2026-02-07 11:02:00,0.67
E001444,communication,P00026,P00799,LOC0047,2026-03-28 18:00:00,0.63
E001445,transfer,P00119,P00013,LOC0030,2026-06-12 13:34:00,0.97
E001446,account_access,P00815,P00561,LOC0093,2026-01-18 21:07:00,0.91
E001447,account_access,P00556,P00247,LOC0077,2026-08-09 18:21:00,0.85
E001448,vehicle_use,P00386,P00625,LOC0148,2026-07-09 22:52:00,0.96
E001449,item_handoff,P00750,P00013,LOC0114,2026-03-29 11:55:00,0.96
E001450,item_handoff,P00343,P00813,LOC0092,2026-08-12 04:28:00,0.82
E001451,item_handoff,P00401,P00572,LOC0111,2026-04-26 14:04:00,0.88
E001452,meeting,P00651,P00638,LOC0170,2026-07-16 07:19:00,0.93
E001453,vehicle_use,P00683,P00119,LOC0016,2026-03-07 12:19:00,0.76
E001454,communication,P00919,P00096,LOC0094,2026-04-30 23:45:00,0.72
E001455,item_handoff,P00559,P00315,LOC0100,2026-04-12 14:01:00,0.77
E001456,item_handoff,P00918,P00999,LOC0109,2026-07-25 04:58:00,0.96
E001457,transfer,P00272,P00011,LOC0160,2026-05-04 05:57:00,0.98
E001458,transfer,P00535,P00549,LOC0078,2026-04-17 14:31:00,0.62
E001459,account_access,P00973,P00621,LOC0069,2026-01-06 07:45:00,0.74
E001460,meeting,P00936,P00412,LOC0016,2026-07-13 21:25:00,0.76
E001461,observation,P00262,P00458,LOC0057,2026-08-20 04:38:00,0.91
E001462,item_handoff,P00606,P00436,LOC0111,2026-05-08 15:16:00,0.88
E001463,observation,P00114,P00607,LOC0173,2026-05-12 19:27:00,0.93
E001464,vehicle_use,P00333,P00070,LOC0164,2026-06-30 03:17:00,0.74
E001465,observation,P00649,P00132,LOC0125,2026-07-09 04:05:00,0.83
E001466,communication,P00296,P00449,LOC0121,2026-01-27 02:37:00,0.71
E001467,item_handoff,P00411,P00457,LOC0122,2026-01-23 01:02:00,0.76
E001468,observation,P00586,P00977,LOC0066,2026-03-22 00:57:00,0.79
E001469,communication,P00185,P00501,LOC0121,2026-01-23 06:40:00,0.85
E001470,vehicle_use,P00845,P00640,LOC0125,2026-06-15 16:51:00,0.77
E001471,transfer,P00563,P00900,LOC0156,2026-01-25 20:19:00,0.95
E001472,transfer,P00898,P00042,LOC0073,2026-07-17 10:55:00,0.85
E001473,meeting,P00034,P00379,LOC0125,2026-06-15 10:20:00,0.84
E001474,movement,P00520,P00704,LOC0105,2026-04-09 18:04:00,0.86
E001475,observation,P00421,P00988,LOC0095,2026-06-15 12:42:00,0.89
E001476,movement,P00357,P00426,LOC0149,2026-07-21 20:41:00,0.61
E001477,vehicle_use,P00794,P00213,LOC0011,2026-03-15 08:08:00,0.62
E001478,communication,P00938,P00156,LOC0118,2026-04-28 15:55:00,0.86
E001479,transfer,P00064,P00852,LOC0088,2026-01-30 18:53:00,0.83
E001480,meeting,P00071,P00852,LOC0023,2026-05-24 03:42:00,0.73
E001481,vehicle_use,P00630,P00415,LOC0152,2026-06-27 01:30:00,0.8
E001482,item_handoff,P00487,P00218,LOC0043,2026-02-11 21:04:00,0.96
E001483,item_handoff,P00401,P00246,LOC0060,2026-05-05 14:10:00,0.86
E001484,item_handoff,P00277,P00514,LOC0101,2026-03-25 17:21:00,0.78
E001485,movement,P00503,P00911,LOC0175,2026-03-29 08:46:00,0.8
E001486,vehicle_use,P00950,P00185,LOC0132,2026-08-19 12:26:00,0.62
E001487,vehicle_use,P00477,P00281,LOC0081,2026-02-26 00:37:00,0.97
E001488,communication,P00978,P00229,LOC0104,2026-06-01 11:10:00,0.71
E001489,movement,P00896,P00631,LOC0018,2026-02-27 16:36:00,0.69
E001490,movement,P00018,P00733,LOC0098,2026-04-11 00:06:00,0.72
E001491,movement,P00465,P00707,LOC0063,2026-06-15 10:20:00,0.97
E001492,vehicle_use,P00642,P00769,LOC0135,2026-08-10 09:13:00,0.85
E001493,transfer,P00412,P00014,LOC0012,2026-07-04 20:10:00,0.63
E001494,vehicle_use,P00678,P00744,LOC0076,2026-01-30 16:51:00,0.88
E001495,observation,P00908,P00179,LOC0118,2026-01-24 18:12:00,0.96
E001496,transfer,P00340,P00954,LOC0003,2026-04-01 18:42:00,0.94
E001497,transfer,P00469,P00242,LOC0154,2026-08-29 21:32:00,0.72
E001498,account_access,P00262,P00843,LOC0146,2026-03-20 03:15:00,0.65
E001499,meeting,P00934,P00439,LOC0049,2026-08-07 15:44:00,0.66
E001500,item_handoff,P00958,P00399,LOC0011,2026-03-06 08:17:00,0.77
E001501,vehicle_use,P00981,P00331,LOC0166,2026-01-03 18:15:00,0.96
E001502,meeting,P00922,P00144,LOC0121,2026-03-28 17:46:00,0.88
E001503,item_handoff,P00151,P00548,LOC0089,2026-02-12 12:09:00,0.99
E001504,item_handoff,P00038,P00662,LOC0177,2026-06-14 06:08:00,0.64
E001505,item_handoff,P00415,P00509,LOC0118,2026-02-22 18:48:00,0.72
E001506,meeting,P00104,P00377,LOC0094,2026-04-11 15:34:00,0.67
E001507,meeting,P00560,P00359,LOC0016,2026-03-07 10:24:00,0.68
E001508,transfer,P00953,P00471,LOC0009,2026-08-29 13:47:00,0.62
E001509,item_handoff,P00283,P00734,LOC0028,2026-01-20 09:50:00,0.65
E001510,communication,P00807,P00995,LOC0164,2026-05-06 18:06:00,0.96
E001511,communication,P00333,P00221,LOC0018,2026-06-29 13:22:00,0.79
E001512,item_handoff,P00726,P00362,LOC0173,2026-08-31 15:27:00,0.75
E001513,vehicle_use,P00458,P00159,LOC0125,2026-04-19 03:44:00,0.7
E001514,meeting,P00296,P00238,LOC0132,2026-03-09 00:31:00,0.67
E001515,meeting,P00113,P00935,LOC0100,2026-02-28 00:53:00,0.92
E001516,transfer,P00974,P00786,LOC0032,2026-06-25 04:00:00,0.67
E001517,account_access,P00736,P00932,LOC0121,2026-08-16 07:51:00,0.79
E001518,communication,P00277,P00050,LOC0050,2026-03-05 10:35:00,0.8
E001519,transfer,P00129,P00081,LOC0067,2026-03-29 22:30:00,0.72
E001520,observation,P00861,P00681,LOC0038,2026-06-07 20:56:00,0.88
E001521,vehicle_use,P00970,P00511,LOC0075,2026-02-07 19:38:00,0.67
E001522,account_access,P00226,P00904,LOC0126,2026-02-01 14:08:00,0.94
E001523,transfer,P00515,P00503,LOC0159,2026-03-28 22:24:00,0.88
E001524,communication,P00524,P00192,LOC0017,2026-02-05 10:28:00,0.94
E001525,observation,P00106,P00271,LOC0162,2026-05-26 02:11:00,0.92
E001526,item_handoff,P00462,P00244,LOC0136,2026-07-28 07:58:00,0.84
E001527,meeting,P00658,P00014,LOC0030,2026-04-23 06:51:00,0.97
E001528,transfer,P00754,P00210,LOC0051,2026-02-26 12:17:00,0.71
E001529,transfer,P00455,P00875,LOC0156,2026-07-17 13:25:00,0.97
E001530,observation,P00959,P00313,LOC0151,2026-05-12 22:09:00,0.62
E001531,communication,P00030,P00455,LOC0106,2026-06-05 03:54:00,0.75
E001532,movement,P00887,P00981,LOC0024,2026-03-24 14:17:00,0.67
E001533,observation,P00561,P00436,LOC0051,2026-03-15 01:16:00,0.87
E001534,account_access,P00233,P00532,LOC0094,2026-03-12 20:09:00,0.84
E001535,movement,P00652,P00046,LOC0029,2026-05-07 15:02:00,0.86
E001536,account_access,P00566,P00016,LOC0006,2026-01-06 21:20:00,0.97
E001537,movement,P00768,P00940,LOC0105,2026-02-08 05:12:00,0.87
E001538,transfer,P00845,P00613,LOC0149,2026-01-18 09:54:00,0.81
E001539,transfer,P00291,P00824,LOC0156,2026-02-12 14:26:00,0.96
E001540,communication,P00878,P00957,LOC0029,2026-02-28 01:14:00,0.69
E001541,vehicle_use,P00105,P00751,LOC0058,2026-04-20 23:19:00,0.81
E001542,observation,P00303,P00757,LOC0127,2026-06-19 22:20:00,0.91
E001543,vehicle_use,P00394,P00360,LOC0169,2026-07-31 09:45:00,0.73
E001544,item_handoff,P00867,P00541,LOC0092,2026-08-15 09:25:00,0.77
E001545,vehicle_use,P00695,P00087,LOC0117,2026-08-11 13:17:00,0.74
E001546,account_access,P00566,P00442,LOC0029,2026-07-07 01:47:00,0.65
E001547,observation,P00293,P00008,LOC0100,2026-08-19 03:46:00,0.68
E001548,communication,P00724,P00028,LOC0078,2026-06-11 14:57:00,0.88
E001549,vehicle_use,P00445,P00318,LOC0095,2026-08-08 02:29:00,0.74
E001550,communication,P00926,P00744,LOC0038,2026-08-14 19:28:00,0.86
E001551,movement,P00622,P00119,LOC0102,2026-08-19 11:23:00,0.73
E001552,movement,P00684,P00530,LOC0136,2026-02-05 02:29:00,0.8
E001553,account_access,P00630,P00676,LOC0014,2026-01-23 13:25:00,0.99
E001554,item_handoff,P00175,P00649,LOC0003,2026-01-01 01:20:00,0.75
E001555,meeting,P00914,P00787,LOC0087,2026-07-13 22:44:00,0.94
E001556,observation,P00753,P00134,LOC0068,2026-02-01 13:57:00,0.69
E001557,vehicle_use,P00589,P00511,LOC0162,2026-07-05 20:10:00,0.7
E001558,communication,P00083,P00182,LOC0067,2026-01-15 22:48:00,0.71
E001559,communication,P00146,P00977,LOC0133,2026-06-11 06:58:00,0.97
E001560,transfer,P00552,P00255,LOC0171,2026-07-05 06:28:00,0.97
E001561,account_access,P00980,P00850,LOC0080,2026-02-04 23:39:00,0.84
E001562,movement,P00467,P00088,LOC0160,2026-03-08 14:20:00,0.93
E001563,communication,P00007,P00933,LOC0010,2026-03-18 01:52:00,0.7
E001564,movement,P00975,P00642,LOC0121,2026-06-24 22:24:00,0.79
E001565,transfer,P00987,P00452,LOC0102,2026-04-08 16:19:00,0.73
E001566,account_access,P00329,P00886,LOC0143,2026-02-02 17:38:00,0.93
E001567,transfer,P00189,P00963,LOC0050,2026-03-13 19:38:00,0.76
E001568,observation,P00536,P00387,LOC0160,2026-06-29 15:57:00,0.94
E001569,movement,P00256,P00429,LOC0007,2026-07-07 08:47:00,0.72
E001570,observation,P00555,P00812,LOC0049,2026-01-19 12:35:00,0.77
E001571,meeting,P00663,P00775,LOC0098,2026-04-06 12:18:00,0.66
E001572,movement,P00947,P00475,LOC0007,2026-08-09 17:55:00,0.98
E001573,meeting,P00833,P00526,LOC0031,2026-04-19 02:17:00,0.76
E001574,account_access,P00805,P00176,LOC0138,2026-03-13 10:07:00,0.66
E001575,transfer,P00662,P00272,LOC0148,2026-05-11 10:51:00,0.62
E001576,vehicle_use,P00244,P00224,LOC0036,2026-03-19 07:52:00,0.65
E001577,observation,P00230,P00679,LOC0047,2026-08-07 02:49:00,0.91
E001578,vehicle_use,P00737,P00861,LOC0093,2026-01-22 01:00:00,0.73
E001579,meeting,P00589,P00200,LOC0072,2026-06-30 23:18:00,0.71
E001580,meeting,P00422,P00746,LOC0116,2026-01-28 02:42:00,0.8
E001581,movement,P00540,P00189,LOC0097,2026-02-03 20:08:00,0.96
E001582,vehicle_use,P00897,P00534,LOC0030,2026-05-09 11:43:00,0.72
E001583,communication,P00266,P00882,LOC0136,2026-08-09 07:43:00,0.9
E001584,communication,P00563,P00711,LOC0053,2026-03-21 12:42:00,0.87
E001585,account_access,P00801,P00248,LOC0083,2026-03-04 11:17:00,0.64
E001586,communication,P00063,P00859,LOC0098,2026-01-27 15:37:00,0.67
E001587,account_access,P00257,P00535,LOC0021,2026-04-15 15:07:00,0.69
E001588,communication,P00569,P00482,LOC0090,2026-04-17 07:07:00,0.94
E001589,movement,P00673,P00079,LOC0134,2026-02-26 21:06:00,0.93
E001590,movement,P00853,P00867,LOC0003,2026-03-16 12:05:00,0.64
E001591,transfer,P00613,P00480,LOC0017,2026-02-12 01:05:00,0.89
E001592,communication,P00231,P00861,LOC0149,2026-06-12 20:40:00,0.61
E001593,transfer,P00998,P00468,LOC0173,2026-07-04 16:50:00,0.61
E001594,item_handoff,P00158,P00102,LOC0107,2026-07-22 18:34:00,0.84
E001595,transfer,P00072,P00428,LOC0154,2026-03-20 05:10:00,0.82
E001596,transfer,P00702,P00338,LOC0131,2026-01-20 19:51:00,0.75
E001597,observation,P00255,P00027,LOC0055,2026-01-03 03:51:00,0.61
E001598,transfer,P00631,P00676,LOC0105,2026-05-06 20:29:00,0.95
E001599,communication,P00533,P00664,LOC0142,2026-07-09 10:13:00,0.85
E001600,vehicle_use,P00552,P00788,LOC0110,2026-04-06 02:43:00,0.75
E001601,movement,P00522,P00291,LOC0037,2026-02-17 12:43:00,0.86
E001602,account_access,P00191,P00031,LOC0048,2026-01-13 01:03:00,0.94
E001603,meeting,P00060,P00518,LOC0134,2026-06-29 14:49:00,0.67
E001604,vehicle_use,P00355,P00709,LOC0086,2026-05-20 10:11:00,0.94
E001605,item_handoff,P00090,P00098,LOC0153,2026-06-17 05:16:00,0.79
E001606,movement,P00229,P00151,LOC0003,2026-03-11 18:00:00,0.85
E001607,communication,P00277,P00195,LOC0075,2026-08-22 00:36:00,0.95
E001608,observation,P00439,P00748,LOC0010,2026-01-14 21:15:00,0.74
E001609,observation,P00386,P00843,LOC0064,2026-04-30 05:56:00,0.62
E001610,item_handoff,P00918,P00972,LOC0032,2026-07-02 15:03:00,0.66
E001611,observation,P00662,P00137,LOC0046,2026-07-20 08:31:00,0.76
E001612,communication,P00714,P00086,LOC0015,2026-05-23 01:49:00,0.86
E001613,communication,P00770,P00397,LOC0099,2026-08-05 04:29:00,0.87
E001614,observation,P00219,P00157,LOC0130,2026-04-13 08:28:00,0.75
E001615,transfer,P00915,P00644,LOC0128,2026-02-02 18:48:00,0.72
E001616,item_handoff,P00160,P00773,LOC0045,2026-07-16 15:30:00,0.71
E001617,observation,P00037,P00961,LOC0054,2026-03-12 11:18:00,0.67
E001618,observation,P00966,P00870,LOC0179,2026-02-11 14:53:00,0.9
E001619,account_access,P00119,P00398,LOC0180,2026-04-16 20:26:00,0.73
E001620,movement,P00523,P00328,LOC0023,2026-08-09 09:09:00,0.81
E001621,observation,P00047,P00204,LOC0061,2026-05-28 04:04:00,0.69
E001622,meeting,P00298,P00725,LOC0039,2026-02-05 12:51:00,0.8
E001623,item_handoff,P00730,P00373,LOC0086,2026-07-11 06:37:00,0.92
E001624,movement,P00114,P00513,LOC0041,2026-08-05 11:10:00,0.73
E001625,movement,P00899,P00712,LOC0027,2026-04-11 13:13:00,0.93
E001626,item_handoff,P00464,P00056,LOC0090,2026-01-09 06:58:00,0.66
E001627,transfer,P00434,P00612,LOC0055,2026-03-05 13:10:00,0.69
E001628,movement,P00270,P00534,LOC0001,2026-07-22 12:56:00,0.89
E001629,transfer,P00401,P00913,LOC0009,2026-06-09 02:11:00,0.92
E001630,observation,P00391,P00567,LOC0116,2026-02-22 18:53:00,0.93
E001631,meeting,P00137,P00736,LOC0041,2026-08-13 14:29:00,0.72
E001632,meeting,P00671,P00804,LOC0034,2026-04-08 09:58:00,0.88
E001633,vehicle_use,P00066,P00793,LOC0082,2026-06-25 21:01:00,0.78
E001634,communication,P00571,P00316,LOC0115,2026-05-09 22:32:00,0.69
E001635,meeting,P00674,P00278,LOC0156,2026-01-19 14:31:00,0.97
E001636,communication,P00780,P00504,LOC0021,2026-06-08 14:50:00,0.88
E001637,communication,P00073,P00221,LOC0033,2026-06-02 17:25:00,0.85
E001638,vehicle_use,P00633,P00526,LOC0169,2026-03-12 09:24:00,0.87
E001639,item_handoff,P00838,P00855,LOC0135,2026-04-07 22:26:00,0.71
E001640,communication,P00531,P00788,LOC0096,2026-04-20 06:49:00,0.96
E001641,movement,P00552,P00676,LOC0113,2026-05-03 09:15:00,0.94
E001642,movement,P00124,P00368,LOC0028,2026-07-10 12:39:00,0.88
E001643,meeting,P00617,P00019,LOC0109,2026-03-02 06:33:00,0.73
E001644,account_access,P00227,P00556,LOC0116,2026-08-01 07:30:00,0.63
E001645,meeting,P00543,P00423,LOC0167,2026-02-22 19:24:00,0.68
E001646,observation,P00123,P00773,LOC0047,2026-06-10 22:25:00,0.77
E001647,communication,P00944,P00370,LOC0102,2026-08-17 05:27:00,0.79
E001648,account_access,P00620,P00753,LOC0146,2026-03-07 04:08:00,0.91
E001649,vehicle_use,P00784,P00854,LOC0064,2026-03-15 15:18:00,0.7
E001650,account_access,P00812,P00471,LOC0126,2026-06-24 03:58:00,0.92
E001651,movement,P00961,P00277,LOC0151,2026-03-20 03:08:00,0.79
E001652,item_handoff,P00182,P00678,LOC0161,2026-05-17 15:25:00,0.68
E001653,observation,P00156,P00590,LOC0107,2026-01-20 16:21:00,0.99
E001654,meeting,P00730,P00441,LOC0055,2026-02-21 02:14:00,0.89
E001655,account_access,P00368,P00082,LOC0083,2026-02-07 15:36:00,0.66
E001656,observation,P00788,P00473,LOC0178,2026-07-18 21:06:00,0.98
E001657,vehicle_use,P00853,P00483,LOC0071,2026-02-14 17:00:00,0.97
E001658,account_access,P00043,P00059,LOC0153,2026-08-07 06:24:00,0.76
E001659,item_handoff,P00011,P00354,LOC0056,2026-04-12 13:04:00,0.76
E001660,vehicle_use,P00152,P00545,LOC0064,2026-07-09 06:59:00,0.83
E001661,observation,P00281,P00510,LOC0139,2026-03-30 04:06:00,0.68
E001662,movement,P00560,P00141,LOC0072,2026-06-19 14:29:00,0.73
E001663,item_handoff,P00497,P00324,LOC0003,2026-01-17 20:02:00,0.81
E001664,meeting,P00897,P00193,LOC0173,2026-08-10 19:42:00,0.7
E001665,account_access,P00031,P00437,LOC0032,2026-02-22 19:05:00,0.98
E001666,observation,P00736,P00855,LOC0092,2026-04-17 18:23:00,0.66
E001667,meeting,P00891,P00404,LOC0020,2026-07-18 14:27:00,0.63
E001668,item_handoff,P00587,P00820,LOC0044,2026-03-14 04:57:00,0.95
E001669,item_handoff,P00852,P00912,LOC0066,2026-07-13 16:33:00,0.98
E001670,meeting,P00771,P00799,LOC0138,2026-06-02 00:05:00,0.89
E001671,item_handoff,P00749,P00916,LOC0117,2026-07-13 10:46:00,0.68
E001672,item_handoff,P00783,P00196,LOC0009,2026-04-21 23:48:00,0.69
E001673,communication,P00839,P00815,LOC0158,2026-07-31 05:49:00,0.85
E001674,movement,P00359,P00304,LOC0157,2026-08-14 17:55:00,0.63
E001675,item_handoff,P00856,P01000,LOC0126,2026-04-27 00:31:00,0.94
E001676,observation,P00580,P00644,LOC0139,2026-06-05 11:51:00,0.77
E001677,vehicle_use,P00918,P00432,LOC0006,2026-07-14 20:47:00,0.61
E001678,transfer,P00800,P00934,LOC0156,2026-04-26 19:12:00,0.85
E001679,movement,P00723,P00188,LOC0010,2026-05-10 05:29:00,0.9
E001680,account_access,P00391,P00752,LOC0001,2026-08-31 07:28:00,0.93
E001681,vehicle_use,P00841,P00470,LOC0047,2026-08-13 00:48:00,0.74
E001682,movement,P00323,P00599,LOC0162,2026-05-27 20:32:00,0.9
E001683,meeting,P00290,P00218,LOC0102,2026-03-23 17:41:00,0.99
E001684,transfer,P00072,P00356,LOC0116,2026-03-09 11:55:00,0.78
E001685,item_handoff,P00390,P00742,LOC0048,2026-04-18 20:45:00,0.77
E001686,transfer,P00418,P00716,LOC0092,2026-04-16 01:59:00,0.7
E001687,account_access,P00619,P00832,LOC0036,2026-05-16 16:47:00,0.87
E001688,transfer,P00491,P00273,LOC0157,2026-02-04 05:34:00,0.63
E001689,movement,P00255,P00957,LOC0052,2026-02-13 19:05:00,0.73
E001690,item_handoff,P00003,P00325,LOC0044,2026-04-21 21:37:00,0.66
E001691,account_access,P00897,P00575,LOC0127,2026-01-01 18:36:00,0.86
E001692,account_access,P00538,P00717,LOC0039,2026-03-18 14:52:00,0.98
E001693,account_access,P00432,P00498,LOC0118,2026-04-11 05:48:00,0.89
E001694,meeting,P00500,P00805,LOC0072,2026-01-21 00:06:00,0.6
E001695,meeting,P00065,P00296,LOC0015,2026-03-29 23:05:00,0.96
E001696,vehicle_use,P00479,P00977,LOC0179,2026-04-16 04:06:00,0.96
E001697,transfer,P00418,P00345,LOC0104,2026-04-10 13:24:00,0.63
E001698,vehicle_use,P00803,P00082,LOC0047,2026-05-11 03:56:00,0.94
E001699,communication,P00853,P00853,LOC0077,2026-05-17 07:15:00,0.94
E001700,vehicle_use,P00213,P00873,LOC0022,2026-08-22 12:04:00,0.73
E001701,account_access,P00289,P00682,LOC0029,2026-05-15 16:56:00,0.98
E001702,account_access,P00340,P00803,LOC0152,2026-03-31 02:52:00,0.63
E001703,transfer,P00811,P00946,LOC0092,2026-06-26 13:51:00,0.67
E001704,transfer,P00474,P00152,LOC0154,2026-06-12 21:55:00,0.9
E001705,meeting,P00508,P00322,LOC0148,2026-06-15 22:06:00,0.82
E001706,communication,P00279,P00597,LOC0043,2026-02-16 11:24:00,0.68
E001707,item_handoff,P00186,P00514,LOC0092,2026-03-11 23:38:00,0.74
E001708,movement,P00316,P00596,LOC0148,2026-06-10 08:51:00,0.75
E001709,account_access,P00227,P00751,LOC0158,2026-04-05 17:56:00,0.85
E001710,vehicle_use,P00718,P00453,LOC0054,2026-01-29 04:24:00,0.98
E001711,item_handoff,P00353,P00518,LOC0133,2026-02-18 10:52:00,0.94
E001712,communication,P00315,P01000,LOC0114,2026-07-31 00:42:00,0.61
E001713,vehicle_use,P00347,P00568,LOC0001,2026-04-27 03:54:00,0.84
E001714,account_access,P00876,P00179,LOC0131,2026-01-04 15:03:00,0.75
E001715,observation,P00848,P00077,LOC0008,2026-02-20 22:57:00,0.65
E001716,communication,P00041,P00743,LOC0135,2026-02-17 04:18:00,0.9
E001717,account_access,P00074,P00765,LOC0150,2026-08-15 22:53:00,0.76
E001718,item_handoff,P00845,P00146,LOC0085,2026-08-28 17:19:00,0.68
E001719,transfer,P00113,P00968,LOC0059,2026-02-08 12:09:00,0.92
E001720,vehicle_use,P00975,P00950,LOC0031,2026-01-14 20:45:00,0.76
E001721,communication,P00614,P00983,LOC0162,2026-03-17 23:38:00,0.77
E001722,account_access,P00522,P00287,LOC0095,2026-08-02 21:05:00,0.64
E001723,transfer,P00173,P00412,LOC0178,2026-03-28 05:26:00,0.74
E001724,meeting,P00662,P00636,LOC0104,2026-01-18 09:13:00,0.89
E001725,movement,P00074,P00057,LOC0149,2026-02-28 00:47:00,0.87
E001726,observation,P00869,P00570,LOC0002,2026-01-04 04:57:00,0.62
E001727,communication,P00274,P00293,LOC0019,2026-03-18 06:09:00,0.86
E001728,account_access,P00311,P00817,LOC0101,2026-01-07 08:54:00,0.71
E001729,movement,P00438,P00848,LOC0155,2026-06-09 06:50:00,0.88
E001730,observation,P00520,P00957,LOC0067,2026-07-22 02:12:00,0.77
E001731,transfer,P00909,P00372,LOC0170,2026-05-09 11:11:00,0.87
E001732,vehicle_use,P00912,P00957,LOC0018,2026-02-15 00:38:00,0.92
E001733,transfer,P00002,P00878,LOC0167,2026-06-29 21:27:00,0.74
E001734,item_handoff,P00426,P00762,LOC0140,2026-08-23 02:26:00,0.72
E001735,transfer,P00086,P00369,LOC0175,2026-04-30 00:00:00,0.79
E001736,vehicle_use,P00003,P00316,LOC0031,2026-04-28 01:31:00,0.62
E001737,meeting,P00259,P00767,LOC0036,2026-03-08 12:09:00,0.74
E001738,transfer,P00012,P00496,LOC0071,2026-08-12 13:04:00,0.8
E001739,communication,P00580,P00354,LOC0063,2026-05-03 14:44:00,0.74
E001740,account_access,P00884,P00132,LOC0002,2026-04-07 11:51:00,0.76
E001741,movement,P00519,P00675,LOC0048,2026-05-23 18:01:00,0.62
E001742,account_access,P00065,P00859,LOC0159,2026-08-18 16:43:00,0.82
E001743,meeting,P00926,P00249,LOC0033,2026-01-25 01:47:00,0.85
E001744,meeting,P00327,P00061,LOC0091,2026-01-31 13:47:00,0.97
E001745,observation,P00822,P00643,LOC0174,2026-06-10 15:41:00,0.85
E001746,account_access,P00009,P00292,LOC0066,2026-06-08 22:43:00,0.74
E001747,item_handoff,P00219,P00977,LOC0073,2026-03-23 15:22:00,0.66
E001748,communication,P00378,P00850,LOC0112,2026-05-06 04:59:00,0.83
E001749,item_handoff,P00619,P00124,LOC0052,2026-01-30 20:24:00,0.9
E001750,meeting,P00597,P00060,LOC0160,2026-08-19 18:59:00,0.71
E001751,item_handoff,P00828,P00684,LOC0102,2026-08-13 19:18:00,0.71
E001752,communication,P00928,P00018,LOC0175,2026-06-19 07:14:00,0.98
E001753,transfer,P00166,P00539,LOC0125,2026-03-19 22:59:00,0.71
E001754,vehicle_use,P00505,P00829,LOC0078,2026-04-14 22:13:00,0.66
E001755,observation,P00504,P00460,LOC0084,2026-05-27 13:21:00,0.73
E001756,observation,P00886,P00119,LOC0163,2026-08-01 07:50:00,0.76
E001757,movement,P00608,P00179,LOC0129,2026-07-29 22:32:00,0.65
E001758,movement,P00849,P00903,LOC0033,2026-02-15 03:49:00,0.97
E001759,vehicle_use,P00561,P00532,LOC0001,2026-04-25 09:18:00,0.79
E001760,item_handoff,P00568,P00613,LOC0075,2026-06-15 22:49:00,0.67
E001761,item_handoff,P00772,P00270,LOC0146,2026-05-28 18:20:00,0.99
E001762,account_access,P00846,P00014,LOC0077,2026-02-10 06:28:00,0.91
E001763,movement,P00486,P00685,LOC0088,2026-08-29 08:30:00,0.96
E001764,transfer,P00906,P00041,LOC0144,2026-06-19 12:30:00,0.89
E001765,vehicle_use,P00711,P00203,LOC0122,2026-01-19 03:26:00,0.61
E001766,item_handoff,P00284,P00784,LOC0102,2026-04-06 00:27:00,0.76
E001767,communication,P00722,P00096,LOC0128,2026-03-05 06:21:00,0.62
E001768,meeting,P00270,P00204,LOC0102,2026-04-15 23:47:00,0.62
E001769,account_access,P00475,P00015,LOC0096,2026-08-25 20:02:00,0.97
E001770,account_access,P00277,P00750,LOC0055,2026-03-24 08:43:00,0.78
E001771,vehicle_use,P00694,P00564,LOC0065,2026-05-23 17:00:00,0.72
E001772,meeting,P00689,P00476,LOC0043,2026-01-08 08:30:00,0.77
E001773,account_access,P00859,P00050,LOC0007,2026-07-31 06:50:00,0.88
E001774,movement,P00481,P00127,LOC0151,2026-04-23 11:00:00,0.74
E001775,movement,P00384,P00010,LOC0137,2026-06-15 02:49:00,0.64
E001776,item_handoff,P00504,P00039,LOC0086,2026-01-16 13:28:00,0.84
E001777,observation,P00835,P00745,LOC0022,2026-01-09 14:57:00,0.66
E001778,observation,P00633,P00288,LOC0007,2026-04-18 18:23:00,0.67
E001779,vehicle_use,P00868,P00524,LOC0177,2026-08-07 06:01:00,0.88
E001780,meeting,P00940,P00167,LOC0176,2026-02-08 15:36:00,0.81
E001781,meeting,P00014,P00870,LOC0148,2026-02-01 02:41:00,0.84
E001782,vehicle_use,P00741,P00481,LOC0085,2026-02-12 09:29:00,0.95
E001783,observation,P00159,P00652,LOC0054,2026-02-23 10:03:00,0.92
E001784,meeting,P00080,P00562,LOC0014,2026-01-20 05:00:00,0.89
E001785,transfer,P00030,P00019,LOC0177,2026-03-02 17:25:00,0.62
E001786,transfer,P00521,P00075,LOC0094,2026-06-12 19:25:00,0.88
E001787,movement,P00243,P00337,LOC0091,2026-05-21 21:39:00,0.67
E001788,vehicle_use,P00011,P00603,LOC0015,2026-06-13 09:41:00,0.62
E001789,observation,P00968,P00773,LOC0116,2026-02-28 02:37:00,0.84
E001790,movement,P00125,P00844,LOC0024,2026-07-14 09:42:00,0.8
E001791,movement,P00147,P00434,LOC0099,2026-04-21 22:57:00,0.72
E001792,vehicle_use,P00075,P00716,LOC0072,2026-03-31 11:53:00,0.64
E001793,meeting,P00102,P00712,LOC0105,2026-06-16 11:08:00,0.91
E001794,transfer,P00036,P00846,LOC0165,2026-05-10 11:29:00,0.9
E001795,observation,P00772,P00638,LOC0133,2026-02-13 03:40:00,0.61
E001796,vehicle_use,P00801,P00859,LOC0084,2026-06-22 03:51:00,0.81
E001797,observation,P00255,P00978,LOC0137,2026-02-20 17:31:00,0.85
E001798,vehicle_use,P00802,P00062,LOC0130,2026-08-15 21:15:00,0.94
E001799,item_handoff,P00163,P00411,LOC0142,2026-07-18 17:01:00,0.88
E001800,communication,P00148,P00722,LOC0025,2026-05-16 10:33:00,0.85
E001801,account_access,P00816,P00840,LOC0046,2026-07-22 02:40:00,0.89
E001802,movement,P00221,P00041,LOC0013,2026-07-08 03:36:00,0.63
E001803,transfer,P00347,P00327,LOC0036,2026-06-03 12:36:00,0.95
E001804,vehicle_use,P00892,P00525,LOC0136,2026-06-19 07:08:00,0.68
E001805,communication,P00870,P00709,LOC0017,2026-02-24 12:59:00,0.71
E001806,meeting,P00780,P00736,LOC0109,2026-06-24 21:43:00,0.96
E001807,movement,P00547,P00507,LOC0123,2026-04-08 08:42:00,0.82
E001808,observation,P00440,P00873,LOC0053,2026-08-23 08:53:00,0.61
E001809,account_access,P00516,P00344,LOC0055,2026-02-18 05:25:00,0.78
E001810,account_access,P00005,P00657,LOC0034,2026-06-13 16:22:00,0.84
E001811,item_handoff,P00652,P00387,LOC0042,2026-06-25 05:01:00,0.65
E001812,item_handoff,P00359,P00459,LOC0174,2026-08-30 09:45:00,0.95
E001813,communication,P00775,P00131,LOC0171,2026-02-06 15:22:00,0.67
E001814,item_handoff,P00235,P00077,LOC0179,2026-02-28 13:09:00,0.95
E001815,communication,P00017,P00674,LOC0059,2026-01-10 14:49:00,0.8
E001816,vehicle_use,P00015,P00167,LOC0120,2026-07-08 14:09:00,0.61
E001817,account_access,P00881,P00523,LOC0015,2026-02-27 21:35:00,0.61
E001818,movement,P00304,P00477,LOC0112,2026-08-16 22:20:00,0.86
E001819,communication,P00979,P00467,LOC0162,2026-07-17 08:46:00,0.79
E001820,item_handoff,P00166,P00780,LOC0107,2026-04-07 14:44:00,0.72
E001821,item_handoff,P00356,P00181,LOC0030,2026-08-14 08:41:00,0.66
E001822,account_access,P00496,P00895,LOC0080,2026-04-06 04:42:00,0.75
E001823,observation,P00130,P00638,LOC0176,2026-06-28 06:12:00,0.83
E001824,item_handoff,P00514,P00285,LOC0121,2026-07-21 16:54:00,0.71
E001825,observation,P00721,P00770,LOC0078,2026-03-13 14:22:00,0.93
E001826,vehicle_use,P00627,P00851,LOC0136,2026-08-23 10:50:00,0.95
E001827,meeting,P00733,P00183,LOC0111,2026-06-22 00:53:00,0.97
E001828,account_access,P00122,P00416,LOC0144,2026-07-03 14:17:00,0.62
E001829,transfer,P00116,P00805,LOC0066,2026-01-01 15:30:00,0.91
E001830,item_handoff,P00981,P00183,LOC0007,2026-06-17 21:26:00,0.75
E001831,vehicle_use,P00706,P00084,LOC0107,2026-08-03 04:09:00,0.73
E001832,observation,P00710,P00168,LOC0134,2026-01-12 16:15:00,0.75
E001833,movement,P00332,P00634,LOC0013,2026-02-13 14:16:00,0.91
E001834,vehicle_use,P00873,P00016,LOC0112,2026-07-24 09:07:00,0.99
E001835,movement,P00542,P00389,LOC0116,2026-04-30 14:06:00,0.98
E001836,movement,P00340,P00954,LOC0074,2026-06-16 04:26:00,0.61
E001837,account_access,P00576,P00622,LOC0036,2026-03-18 19:43:00,0.61
E001838,account_access,P00946,P00624,LOC0056,2026-02-20 18:49:00,0.95
E001839,account_access,P00402,P00637,LOC0141,2026-01-06 00:13:00,0.67
E001840,observation,P00932,P00177,LOC0031,2026-02-28 10:57:00,0.65
E001841,observation,P00014,P00954,LOC0035,2026-05-14 10:42:00,0.77
E001842,observation,P00035,P00126,LOC0158,2026-02-04 16:38:00,0.65
E001843,meeting,P00431,P00009,LOC0076,2026-01-13 16:26:00,0.86
E001844,meeting,P00937,P00903,LOC0108,2026-04-29 06:00:00,0.73
E001845,observation,P00323,P00359,LOC0149,2026-02-25 07:16:00,0.71
E001846,vehicle_use,P00474,P00122,LOC0132,2026-06-29 15:47:00,0.73
E001847,movement,P00512,P00595,LOC0135,2026-03-11 03:01:00,0.77
E001848,item_handoff,P00207,P00179,LOC0161,2026-06-27 12:27:00,0.97
E001849,movement,P00009,P00633,LOC0113,2026-02-02 00:10:00,0.89
E001850,observation,P00794,P00582,LOC0114,2026-02-09 05:56:00,0.69
E001851,item_handoff,P00702,P00053,LOC0163,2026-01-31 10:18:00,0.69
E001852,vehicle_use,P00878,P00183,LOC0092,2026-05-15 01:58:00,0.79
E001853,transfer,P00850,P00965,LOC0169,2026-07-17 17:08:00,0.86
E001854,account_access,P00859,P00011,LOC0144,2026-07-02 20:09:00,0.66
E001855,movement,P00538,P00517,LOC0011,2026-05-25 15:44:00,0.97
E001856,account_access,P00231,P00291,LOC0063,2026-02-19 18:20:00,0.67
E001857,account_access,P00685,P00560,LOC0168,2026-03-13 23:33:00,0.83
E001858,communication,P00817,P00956,LOC0140,2026-07-01 08:30:00,0.96
E001859,communication,P00935,P00991,LOC0125,2026-04-15 13:26:00,0.71
E001860,meeting,P00546,P00267,LOC0011,2026-05-24 14:19:00,0.9
E001861,account_access,P00391,P00011,LOC0132,2026-02-19 07:14:00,0.74
E001862,movement,P00860,P00762,LOC0162,2026-03-12 08:28:00,0.84
E001863,meeting,P00153,P00880,LOC0173,2026-04-26 01:06:00,0.83
E001864,vehicle_use,P00681,P00209,LOC0170,2026-02-26 03:25:00,0.89
E001865,movement,P00329,P00454,LOC0152,2026-05-11 06:12:00,0.85
E001866,item_handoff,P00535,P00248,LOC0048,2026-01-12 20:31:00,0.78
E001867,transfer,P00126,P00149,LOC0165,2026-07-30 16:18:00,0.61
E001868,item_handoff,P00174,P00034,LOC0080,2026-07-17 15:09:00,0.98
E001869,meeting,P00130,P00321,LOC0110,2026-05-01 09:54:00,0.74
E001870,account_access,P00844,P00326,LOC0017,2026-03-24 02:43:00,0.85
E001871,observation,P00554,P00019,LOC0108,2026-01-01 04:22:00,0.71
E001872,account_access,P00792,P00151,LOC0052,2026-06-04 08:23:00,0.84
E001873,vehicle_use,P00687,P00132,LOC0097,2026-08-16 22:37:00,0.95
E001874,item_handoff,P00103,P00642,LOC0029,2026-02-27 23:39:00,0.73
E001875,account_access,P00244,P00918,LOC0127,2026-04-20 05:46:00,0.71
E001876,movement,P00435,P00782,LOC0011,2026-08-17 13:24:00,0.84
E001877,observation,P00147,P00340,LOC0065,2026-02-04 10:42:00,0.92
E001878,movement,P00080,P00598,LOC0093,2026-02-05 00:46:00,0.7
E001879,vehicle_use,P00538,P00916,LOC0143,2026-06-24 22:23:00,0.75
E001880,vehicle_use,P00955,P00115,LOC0004,2026-03-30 03:19:00,0.95
E001881,communication,P00936,P00931,LOC0179,2026-01-29 19:53:00,0.93
E001882,item_handoff,P00060,P00582,LOC0139,2026-03-02 13:48:00,0.73
E001883,account_access,P00252,P00946,LOC0065,2026-07-22 01:27:00,0.95
E001884,movement,P00814,P00573,LOC0001,2026-02-02 17:39:00,0.8
E001885,communication,P00216,P00761,LOC0007,2026-02-28 17:33:00,0.98
E001886,movement,P00939,P00319,LOC0076,2026-02-23 22:17:00,0.97
E001887,communication,P00501,P00201,LOC0098,2026-07-22 14:18:00,0.83
E001888,account_access,P00769,P00231,LOC0134,2026-04-04 16:38:00,0.83
E001889,meeting,P00814,P00563,LOC0009,2026-04-13 03:37:00,0.64
E001890,account_access,P00254,P00778,LOC0041,2026-07-15 11:57:00,0.8
E001891,observation,P00448,P00181,LOC0103,2026-07-08 01:19:00,0.91
E001892,movement,P00776,P00502,LOC0139,2026-05-04 00:55:00,0.97
E001893,transfer,P00616,P00777,LOC0045,2026-05-18 03:02:00,0.7
E001894,vehicle_use,P00582,P00684,LOC0039,2026-07-02 11:49:00,0.82
E001895,item_handoff,P00491,P00987,LOC0159,2026-03-13 14:53:00,0.66
E001896,transfer,P00366,P00350,LOC0042,2026-07-30 21:08:00,0.97
E001897,movement,P00064,P00829,LOC0148,2026-04-20 23:14:00,0.88
E001898,transfer,P00500,P00115,LOC0121,2026-01-13 02:54:00,0.64
E001899,transfer,P00833,P00318,LOC0021,2026-07-07 11:59:00,0.98
E001900,movement,P00597,P00866,LOC0025,2026-07-31 21:34:00,0.86
E001901,meeting,P00958,P00916,LOC0022,2026-05-09 10:14:00,0.99
E001902,item_handoff,P00329,P00450,LOC0089,2026-07-03 13:41:00,0.87
E001903,account_access,P00938,P00043,LOC0056,2026-07-07 14:58:00,0.71
E001904,transfer,P00280,P00625,LOC0113,2026-03-21 12:24:00,0.77
E001905,communication,P00757,P00516,LOC0164,2026-01-27 19:34:00,0.64
E001906,transfer,P00834,P00276,LOC0112,2026-06-06 08:08:00,0.85
E001907,meeting,P00109,P00043,LOC0166,2026-03-19 13:53:00,0.98
E001908,communication,P00823,P00614,LOC0159,2026-07-12 13:38:00,0.74
E001909,item_handoff,P00083,P00732,LOC0110,2026-03-29 17:13:00,0.79
E001910,meeting,P00718,P00867,LOC0094,2026-08-08 20:09:00,0.99
E001911,vehicle_use,P00303,P00118,LOC0141,2026-04-03 20:32:00,0.6
E001912,transfer,P00023,P00308,LOC0101,2026-03-12 14:56:00,0.65
E001913,communication,P00608,P00547,LOC0002,2026-05-14 12:17:00,0.74
E001914,observation,P00580,P00201,LOC0177,2026-07-21 06:23:00,0.89
E001915,vehicle_use,P00140,P00617,LOC0099,2026-08-31 09:21:00,0.84
E001916,account_access,P00151,P00669,LOC0126,2026-07-24 14:04:00,0.63
E001917,movement,P00411,P00983,LOC0128,2026-01-09 06:28:00,0.97
E001918,observation,P00123,P00454,LOC0024,2026-04-24 03:46:00,0.65
E001919,communication,P00583,P00081,LOC0014,2026-02-19 11:03:00,0.68
E001920,vehicle_use,P00716,P00122,LOC0049,2026-03-30 07:13:00,0.96
E001921,meeting,P00749,P00085,LOC0156,2026-01-30 15:36:00,0.64
E001922,account_access,P00656,P00387,LOC0098,2026-01-16 22:57:00,0.7
E001923,vehicle_use,P00175,P00745,LOC0141,2026-04-19 18:22:00,0.96
E001924,movement,P00892,P00611,LOC0029,2026-01-15 19:59:00,0.66
E001925,account_access,P00048,P00295,LOC0103,2026-05-10 10:45:00,0.71
E001926,vehicle_use,P00627,P00176,LOC0043,2026-01-13 00:31:00,0.75
E001927,account_access,P00959,P00822,LOC0110,2026-08-25 15:44:00,0.81
E001928,meeting,P00409,P00533,LOC0160,2026-07-18 14:19:00,0.64
E001929,observation,P00862,P00519,LOC0051,2026-06-25 22:31:00,0.82
E001930,transfer,P00374,P00003,LOC0115,2026-01-21 13:43:00,0.69
E001931,movement,P00452,P00024,LOC0006,2026-08-05 04:25:00,0.91
E001932,observation,P00109,P00034,LOC0168,2026-05-14 09:12:00,0.97
E001933,transfer,P00041,P00347,LOC0022,2026-02-25 04:49:00,0.78
E001934,meeting,P00011,P00996,LOC0086,2026-01-28 23:40:00,0.82
E001935,item_handoff,P00722,P00167,LOC0074,2026-06-14 07:57:00,0.87
E001936,vehicle_use,P00508,P00855,LOC0102,2026-08-04 16:18:00,0.87
E001937,item_handoff,P00982,P00623,LOC0097,2026-08-02 16:35:00,0.84
E001938,meeting,P00082,P00606,LOC0026,2026-04-19 19:30:00,0.86
E001939,vehicle_use,P00617,P00374,LOC0100,2026-07-07 05:46:00,0.83
E001940,transfer,P00425,P00761,LOC0035,2026-08-03 07:42:00,0.83
E001941,movement,P00775,P00456,LOC0033,2026-08-28 11:15:00,0.88
E001942,observation,P00334,P00400,LOC0033,2026-01-25 10:06:00,0.92
E001943,transfer,P00370,P00583,LOC0031,2026-02-08 07:02:00,0.76
E001944,meeting,P00384,P00952,LOC0110,2026-04-13 20:10:00,0.76
E001945,account_access,P00064,P00381,LOC0085,2026-08-15 19:00:00,0.95
E001946,transfer,P00353,P00376,LOC0112,2026-04-28 12:14:00,0.81
E001947,observation,P00351,P00726,LOC0075,2026-03-29 11:20:00,0.71
E001948,item_handoff,P00136,P00918,LOC0086,2026-05-10 20:34:00,0.83
E001949,observation,P00720,P00822,LOC0001,2026-04-24 20:23:00,0.79
E001950,communication,P00650,P00978,LOC0144,2026-03-14 10:49:00,0.92
E001951,communication,P00698,P00327,LOC0030,2026-01-11 19:05:00,0.87
E001952,transfer,P00985,P00764,LOC0057,2026-02-20 23:36:00,0.65
E001953,communication,P00046,P00491,LOC0021,2026-02-21 05:21:00,0.73
E001954,communication,P00206,P00379,LOC0155,2026-06-03 23:54:00,0.75
E001955,observation,P00484,P00382,LOC0073,2026-02-26 14:06:00,0.88
E001956,vehicle_use,P00842,P00507,LOC0032,2026-04-15 17:17:00,0.73
E001957,account_access,P00939,P00196,LOC0064,2026-03-02 05:52:00,0.94
E001958,communication,P00513,P00304,LOC0159,2026-04-30 23:38:00,0.72
E001959,observation,P00007,P00858,LOC0076,2026-08-24 13:51:00,0.96
E001960,vehicle_use,P00584,P00631,LOC0066,2026-01-11 13:16:00,0.69
E001961,meeting,P00609,P00162,LOC0125,2026-05-15 22:55:00,0.75
E001962,observation,P00684,P00849,LOC0064,2026-02-22 08:49:00,0.89
E001963,item_handoff,P00234,P00907,LOC0062,2026-04-18 12:27:00,0.96
E001964,observation,P00132,P00371,LOC0071,2026-01-06 15:04:00,0.86
E001965,item_handoff,P00914,P00990,LOC0135,2026-04-23 06:22:00,0.82
E001966,item_handoff,P00162,P00514,LOC0119,2026-01-25 21:03:00,0.66
E001967,meeting,P00943,P00185,LOC0079,2026-05-03 22:14:00,0.68
E001968,movement,P00480,P00235,LOC0180,2026-04-26 10:51:00,0.99
E001969,movement,P00456,P00726,LOC0121,2026-05-16 18:20:00,0.84
E001970,item_handoff,P00873,P00517,LOC0006,2026-07-21 22:39:00,0.65
E001971,vehicle_use,P00354,P00292,LOC0082,2026-01-04 05:25:00,0.94
E001972,communication,P00986,P00306,LOC0081,2026-08-25 22:41:00,0.85
E001973,observation,P00688,P00035,LOC0053,2026-06-17 15:50:00,0.63
E001974,movement,P00183,P00233,LOC0064,2026-01-19 04:27:00,0.76
E001975,observation,P00526,P00565,LOC0030,2026-04-10 08:32:00,0.64
E001976,item_handoff,P00672,P00520,LOC0146,2026-06-29 09:11:00,0.61
E001977,vehicle_use,P00350,P00643,LOC0164,2026-01-29 23:43:00,0.86
E001978,account_access,P00143,P00969,LOC0139,2026-01-24 02:17:00,0.93
E001979,account_access,P00664,P00160,LOC0075,2026-03-26 12:38:00,0.86
E001980,movement,P00985,P00322,LOC0134,2026-07-24 18:51:00,0.6
E001981,transfer,P00081,P00314,LOC0048,2026-04-17 00:18:00,0.84
E001982,communication,P00292,P00850,LOC0074,2026-02-08 00:08:00,0.93
E001983,communication,P00334,P00388,LOC0180,2026-01-24 17:27:00,0.82
E001984,account_access,P00073,P00913,LOC0164,2026-06-10 08:25:00,0.66
E001985,observation,P00523,P00742,LOC0069,2026-02-16 16:00:00,0.71
E001986,item_handoff,P00763,P00402,LOC0147,2026-01-17 20:25:00,0.78
E001987,vehicle_use,P00659,P00842,LOC0136,2026-06-04 21:11:00,0.77
E001988,vehicle_use,P00982,P00151,LOC0046,2026-04-06 06:22:00,0.92
E001989,movement,P00468,P00881,LOC0076,2026-07-05 20:45:00,0.82
E001990,transfer,P00443,P00168,LOC0084,2026-04-30 00:51:00,0.84
E001991,vehicle_use,P00112,P00528,LOC0045,2026-04-03 04:48:00,0.77
E001992,observation,P00734,P00039,LOC0049,2026-05-11 06:08:00,0.66
E001993,item_handoff,P00530,P00989,LOC0113,2026-03-21 12:10:00,0.93
E001994,account_access,P00608,P00513,LOC0110,2026-07-28 05:05:00,0.78
E001995,item_handoff,P00635,P00926,LOC0162,2026-05-23 15:22:00,0.98
E001996,meeting,P00749,P00661,LOC0086,2026-03-30 17:43:00,0.63
E001997,observation,P00676,P00719,LOC0094,2026-06-23 07:34:00,0.73
E001998,item_handoff,P00901,P00017,LOC0040,2026-01-28 11:38:00,0.74
E001999,vehicle_use,P00431,P00480,LOC0106,2026-05-22 14:45:00,0.83
E002000,meeting,P00231,P00421,LOC0090,2026-08-20 03:49:00,0.96
E002001,communication,P00458,P00864,LOC0025,2026-05-20 15:33:00,0.76
E002002,item_handoff,P00368,P00094,LOC0154,2026-07-09 12:24:00,0.73
E002003,meeting,P00590,P00693,LOC0174,2026-04-26 23:10:00,0.78
E002004,meeting,P00324,P00399,LOC0039,2026-02-01 07:20:00,0.69
E002005,meeting,P00361,P00869,LOC0108,2026-03-01 21:37:00,0.93
E002006,item_handoff,P00432,P00960,LOC0090,2026-07-02 20:47:00,0.87
E002007,communication,P00668,P00161,LOC0102,2026-04-07 14:17:00,0.74
E002008,account_access,P00378,P00010,LOC0107,2026-08-25 15:33:00,0.91
E002009,vehicle_use,P00917,P01000,LOC0105,2026-01-02 14:12:00,0.62
E002010,item_handoff,P00968,P00369,LOC0015,2026-05-11 11:20:00,0.72
E002011,observation,P00618,P00529,LOC0145,2026-04-05 10:18:00,0.68
E002012,vehicle_use,P00550,P00724,LOC0009,2026-01-05 03:52:00,0.84
E002013,communication,P00326,P00508,LOC0070,2026-05-22 16:36:00,0.73
E002014,communication,P00212,P00878,LOC0006,2026-01-08 11:06:00,0.71
E002015,account_access,P00148,P00998,LOC0036,2026-03-27 04:42:00,0.88
E002016,item_handoff,P00630,P00484,LOC0018,2026-06-09 06:40:00,0.69
E002017,observation,P00523,P00844,LOC0072,2026-04-26 20:21:00,0.63
E002018,account_access,P00484,P00197,LOC0032,2026-04-21 11:33:00,0.69
E002019,account_access,P00315,P00188,LOC0067,2026-05-10 10:09:00,0.78
E002020,observation,P00670,P00683,LOC0129,2026-03-27 09:52:00,0.77
E002021,observation,P00503,P00940,LOC0172,2026-03-28 03:51:00,0.81
E002022,vehicle_use,P00720,P00162,LOC0166,2026-08-04 15:48:00,0.73
E002023,movement,P00875,P00478,LOC0085,2026-05-21 13:28:00,0.81
E002024,meeting,P00371,P00878,LOC0077,2026-05-22 18:20:00,0.96
E002025,vehicle_use,P00474,P00029,LOC0070,2026-04-07 22:52:00,0.78
E002026,movement,P00319,P00069,LOC0154,2026-01-19 16:19:00,0.73
E002027,meeting,P00419,P00636,LOC0004,2026-01-11 15:47:00,0.99
E002028,vehicle_use,P00433,P00492,LOC0148,2026-01-09 15:04:00,0.97
E002029,transfer,P00604,P00457,LOC0008,2026-08-04 03:40:00,0.99
E002030,transfer,P00135,P00992,LOC0116,2026-07-15 21:12:00,0.93
E002031,communication,P00864,P00471,LOC0023,2026-08-30 07:24:00,0.9
E002032,observation,P00886,P00539,LOC0133,2026-04-18 14:42:00,0.83
E002033,vehicle_use,P00035,P00247,LOC0051,2026-07-22 02:34:00,0.89
E002034,observation,P00952,P00961,LOC0065,2026-04-21 03:48:00,0.67
E002035,item_handoff,P00081,P00857,LOC0164,2026-08-16 07:23:00,0.79
E002036,meeting,P00164,P00239,LOC0171,2026-02-21 19:40:00,0.8
E002037,movement,P00190,P00871,LOC0102,2026-08-31 18:51:00,0.98
E002038,communication,P00904,P00219,LOC0056,2026-07-09 14:25:00,0.95
E002039,transfer,P00930,P00485,LOC0109,2026-08-20 17:41:00,0.81
E002040,vehicle_use,P00326,P00397,LOC0159,2026-04-09 21:56:00,0.75
E002041,movement,P00785,P00669,LOC0056,2026-04-26 23:57:00,0.94
E002042,communication,P00256,P00812,LOC0165,2026-01-08 01:02:00,0.66
E002043,vehicle_use,P00691,P00796,LOC0055,2026-05-11 11:26:00,0.73
E002044,vehicle_use,P00450,P00056,LOC0077,2026-04-05 18:45:00,0.83
E002045,meeting,P00459,P00498,LOC0064,2026-07-19 15:46:00,0.82
E002046,vehicle_use,P00971,P00937,LOC0161,2026-02-28 00:31:00,0.66
E002047,movement,P00505,P00405,LOC0086,2026-06-09 09:52:00,0.65
E002048,movement,P00823,P00737,LOC0031,2026-05-24 19:38:00,0.78
E002049,communication,P00538,P00093,LOC0104,2026-07-21 00:28:00,0.78
E002050,observation,P00381,P00688,LOC0135,2026-02-25 21:21:00,0.79
E002051,movement,P00865,P00151,LOC0093,2026-02-05 11:47:00,0.65
E002052,meeting,P00511,P00338,LOC0036,2026-03-27 13:02:00,0.73
E002053,meeting,P00742,P00402,LOC0142,2026-03-07 17:21:00,0.81
E002054,account_access,P00385,P00040,LOC0012,2026-05-01 05:11:00,0.71
E002055,movement,P00449,P00679,LOC0177,2026-01-07 01:52:00,0.92
E002056,observation,P00601,P00851,LOC0128,2026-08-23 11:33:00,0.88
E002057,communication,P00057,P00331,LOC0067,2026-04-21 02:43:00,0.97
E002058,item_handoff,P00901,P00512,LOC0087,2026-04-20 17:38:00,0.99
E002059,vehicle_use,P00140,P00702,LOC0165,2026-08-02 14:19:00,0.92
E002060,item_handoff,P00067,P00024,LOC0042,2026-08-01 12:13:00,0.74
E002061,vehicle_use,P00829,P00308,LOC0086,2026-01-17 19:24:00,0.8
E002062,communication,P00607,P00571,LOC0096,2026-05-16 01:16:00,0.89
E002063,meeting,P00793,P00245,LOC0175,2026-01-04 07:14:00,0.99
E002064,vehicle_use,P00296,P00252,LOC0014,2026-01-04 13:03:00,0.81
E002065,communication,P00698,P00026,LOC0170,2026-04-24 01:16:00,0.85
E002066,transfer,P00446,P00347,LOC0109,2026-02-07 23:28:00,0.66
E002067,observation,P00880,P00154,LOC0118,2026-02-20 22:19:00,0.96
E002068,observation,P00356,P00265,LOC0119,2026-07-19 19:02:00,0.69
E002069,item_handoff,P00609,P00331,LOC0014,2026-05-14 09:57:00,0.66
E002070,account_access,P00061,P00391,LOC0153,2026-07-23 17:46:00,0.73
E002071,movement,P00469,P00712,LOC0062,2026-03-04 12:53:00,0.75
E002072,movement,P00704,P00755,LOC0123,2026-06-08 15:34:00,0.74
E002073,item_handoff,P00321,P00634,LOC0035,2026-06-23 21:05:00,0.66
E002074,item_handoff,P00337,P00500,LOC0101,2026-04-05 14:39:00,0.76
E002075,communication,P00341,P00236,LOC0102,2026-02-25 11:21:00,0.88
E002076,item_handoff,P00476,P00037,LOC0094,2026-02-10 01:10:00,0.78
E002077,movement,P00696,P00167,LOC0123,2026-04-24 23:17:00,0.68
E002078,communication,P00749,P00608,LOC0029,2026-05-20 09:09:00,0.87
E002079,communication,P00233,P00095,LOC0056,2026-02-05 13:24:00,0.67
E002080,observation,P00573,P00038,LOC0094,2026-02-22 16:54:00,0.8
E002081,movement,P00153,P00854,LOC0017,2026-01-31 17:47:00,0.81
E002082,account_access,P00425,P00508,LOC0013,2026-06-10 05:33:00,0.9
E002083,item_handoff,P00086,P00754,LOC0092,2026-05-23 15:12:00,0.81
E002084,vehicle_use,P00294,P00053,LOC0168,2026-04-30 15:16:00,0.74
E002085,account_access,P00672,P00101,LOC0116,2026-03-04 05:14:00,0.78
E002086,transfer,P00121,P00204,LOC0083,2026-04-05 09:35:00,0.98
E002087,vehicle_use,P00309,P00298,LOC0087,2026-07-29 20:32:00,0.88
E002088,observation,P00616,P00508,LOC0064,2026-06-25 18:31:00,0.92
E002089,item_handoff,P00221,P00017,LOC0051,2026-05-07 23:31:00,0.89
E002090,account_access,P00266,P00441,LOC0178,2026-06-13 16:04:00,0.68
E002091,vehicle_use,P00494,P00751,LOC0141,2026-01-08 06:38:00,0.7
E002092,communication,P00508,P00903,LOC0129,2026-04-14 11:08:00,0.7
E002093,vehicle_use,P00212,P00164,LOC0002,2026-04-19 07:18:00,0.8
E002094,meeting,P00983,P00675,LOC0034,2026-05-16 17:10:00,0.66
E002095,observation,P00876,P00991,LOC0105,2026-03-03 18:53:00,0.63
E002096,communication,P00099,P00679,LOC0128,2026-01-19 21:37:00,0.66
E002097,transfer,P00461,P00851,LOC0015,2026-07-29 02:10:00,0.81
E002098,observation,P00711,P00333,LOC0137,2026-07-21 20:07:00,0.64
E002099,communication,P00800,P00929,LOC0119,2026-06-24 04:39:00,0.98
E002100,meeting,P00247,P00500,LOC0098,2026-02-17 09:14:00,0.72
E002101,account_access,P00590,P00518,LOC0175,2026-03-31 23:57:00,0.91
E002102,item_handoff,P00198,P00470,LOC0151,2026-02-28 08:30:00,0.61
E002103,vehicle_use,P00762,P00732,LOC0105,2026-05-14 18:50:00,0.79
E002104,transfer,P00111,P00950,LOC0011,2026-04-13 00:04:00,0.87
E002105,communication,P00358,P00243,LOC0137,2026-01-13 20:38:00,0.92
E002106,meeting,P00787,P00481,LOC0056,2026-08-23 22:23:00,0.7
E002107,movement,P00290,P00150,LOC0026,2026-01-21 14:44:00,0.84
E002108,meeting,P00068,P00340,LOC0134,2026-01-18 03:35:00,0.9
E002109,item_handoff,P00424,P00060,LOC0122,2026-06-13 18:14:00,0.92
E002110,observation,P00740,P00056,LOC0105,2026-06-01 00:30:00,0.68
E002111,vehicle_use,P00741,P00165,LOC0179,2026-07-19 22:46:00,0.81
E002112,movement,P00644,P00523,LOC0089,2026-05-21 18:11:00,0.6
E002113,movement,P00029,P00543,LOC0080,2026-02-03 08:25:00,0.83
E002114,transfer,P00494,P00371,LOC0166,2026-08-26 22:48:00,0.84
E002115,vehicle_use,P00591,P00583,LOC0023,2026-01-13 22:06:00,0.98
E002116,meeting,P00825,P00089,LOC0087,2026-01-22 07:14:00,0.99
E002117,transfer,P00921,P00607,LOC0158,2026-03-02 04:22:00,0.85
E002118,item_handoff,P00077,P00405,LOC0044,2026-03-31 22:55:00,0.76
E002119,movement,P00230,P00677,LOC0122,2026-03-15 12:59:00,0.82
E002120,observation,P00062,P00471,LOC0130,2026-05-07 21:46:00,0.86
E002121,communication,P00006,P00260,LOC0119,2026-08-04 13:43:00,0.9
E002122,meeting,P00322,P00923,LOC0096,2026-02-09 08:11:00,0.71
E002123,item_handoff,P00060,P00086,LOC0152,2026-01-08 05:13:00,0.81
E002124,communication,P00344,P00834,LOC0175,2026-06-15 15:09:00,0.65
E002125,vehicle_use,P00021,P00305,LOC0017,2026-03-11 11:50:00,0.6
E002126,observation,P00340,P00120,LOC0060,2026-06-04 02:22:00,0.7
E002127,observation,P00979,P00940,LOC0169,2026-05-19 10:56:00,0.86
E002128,movement,P00637,P00303,LOC0077,2026-08-16 10:53:00,0.67
E002129,account_access,P00737,P00015,LOC0083,2026-03-10 08:59:00,0.78
E002130,account_access,P00745,P00551,LOC0165,2026-03-21 08:01:00,0.94
E002131,communication,P00925,P00727,LOC0164,2026-03-17 14:12:00,0.62
E002132,communication,P00165,P00376,LOC0004,2026-03-09 20:36:00,0.87
E002133,meeting,P00310,P00078,LOC0046,2026-06-21 03:56:00,0.9
E002134,vehicle_use,P00843,P00378,LOC0013,2026-08-25 23:34:00,0.64
E002135,communication,P00280,P00532,LOC0101,2026-07-08 04:56:00,0.7
E002136,communication,P00130,P00301,LOC0028,2026-03-29 00:33:00,0.67
E002137,movement,P00784,P00403,LOC0032,2026-02-23 02:27:00,0.9
E002138,account_access,P00844,P00554,LOC0074,2026-04-13 11:48:00,0.66
E002139,vehicle_use,P00699,P00479,LOC0011,2026-02-27 20:30:00,0.83
E002140,observation,P00739,P00405,LOC0003,2026-06-05 08:18:00,0.88
E002141,transfer,P00370,P00797,LOC0052,2026-03-23 13:41:00,0.91
E002142,item_handoff,P00329,P00858,LOC0071,2026-07-01 23:02:00,0.6
E002143,movement,P00888,P00776,LOC0101,2026-04-06 05:38:00,0.78
E002144,observation,P00566,P00113,LOC0089,2026-06-22 22:28:00,0.81
E002145,observation,P00019,P00313,LOC0033,2026-07-07 16:42:00,0.85
E002146,transfer,P00413,P00658,LOC0151,2026-06-10 15:31:00,0.89
E002147,account_access,P00484,P00405,LOC0107,2026-06-24 06:06:00,0.96
E002148,transfer,P00910,P00077,LOC0056,2026-06-18 08:09:00,0.74
E002149,meeting,P00626,P00640,LOC0138,2026-05-30 21:31:00,0.69
E002150,communication,P00708,P00420,LOC0057,2026-01-01 16:14:00,0.71
E002151,transfer,P00138,P00257,LOC0138,2026-07-26 18:13:00,0.66
E002152,communication,P00840,P00108,LOC0031,2026-01-05 13:15:00,0.7
E002153,movement,P00922,P00138,LOC0051,2026-06-09 02:01:00,0.64
E002154,transfer,P00877,P00918,LOC0138,2026-04-23 18:51:00,0.86
E002155,account_access,P00243,P00175,LOC0035,2026-07-09 07:09:00,0.97
E002156,account_access,P00777,P00345,LOC0030,2026-01-21 15:40:00,0.95
E002157,observation,P00927,P00393,LOC0152,2026-08-17 10:26:00,0.75
E002158,transfer,P00281,P00536,LOC0033,2026-08-03 17:41:00,0.63
E002159,communication,P00865,P00915,LOC0129,2026-08-13 23:54:00,0.94
E002160,observation,P00991,P00983,LOC0163,2026-05-21 18:39:00,0.7
E002161,transfer,P00465,P00687,LOC0049,2026-02-19 09:13:00,0.81
E002162,movement,P00972,P00097,LOC0125,2026-05-10 04:17:00,0.86
E002163,movement,P00591,P00387,LOC0128,2026-06-08 08:15:00,0.76
E002164,vehicle_use,P00516,P00082,LOC0148,2026-05-04 04:12:00,0.9
E002165,transfer,P00164,P00343,LOC0134,2026-01-08 01:20:00,0.82
E002166,vehicle_use,P00234,P00015,LOC0128,2026-07-13 02:38:00,0.71
E002167,observation,P00626,P00273,LOC0038,2026-03-29 09:10:00,0.95
E002168,communication,P00748,P00137,LOC0003,2026-07-19 07:34:00,0.87
E002169,account_access,P00339,P00144,LOC0098,2026-05-03 13:40:00,0.95
E002170,account_access,P00846,P00934,LOC0084,2026-08-21 22:20:00,0.79
E002171,item_handoff,P00939,P00230,LOC0115,2026-07-10 07:08:00,0.69
E002172,transfer,P00890,P00455,LOC0140,2026-07-14 05:37:00,0.91
E002173,communication,P00526,P00381,LOC0089,2026-04-24 09:05:00,0.99
E002174,observation,P00112,P00146,LOC0169,2026-05-27 12:39:00,0.99
E002175,account_access,P00393,P00795,LOC0147,2026-04-01 15:27:00,0.65
E002176,vehicle_use,P00357,P00302,LOC0032,2026-07-27 17:58:00,0.75
E002177,item_handoff,P00830,P00813,LOC0002,2026-01-13 17:36:00,0.88
E002178,item_handoff,P00269,P00899,LOC0085,2026-05-31 13:14:00,0.95
E002179,communication,P00358,P00282,LOC0127,2026-05-27 19:25:00,0.92
E002180,transfer,P00470,P00776,LOC0082,2026-01-15 11:33:00,0.98
E002181,transfer,P00594,P00149,LOC0137,2026-05-27 19:58:00,0.97
E002182,movement,P00438,P00238,LOC0075,2026-03-14 01:31:00,0.93
E002183,observation,P00601,P00973,LOC0064,2026-03-28 13:31:00,0.98
E002184,item_handoff,P00816,P00229,LOC0140,2026-08-03 05:39:00,0.98
E002185,vehicle_use,P00816,P00714,LOC0045,2026-04-02 23:29:00,0.93
E002186,movement,P00206,P00545,LOC0099,2026-07-11 01:45:00,0.68
E002187,observation,P00981,P00333,LOC0109,2026-02-25 13:06:00,0.87
E002188,item_handoff,P00742,P00076,LOC0053,2026-05-12 15:44:00,0.86
E002189,movement,P00577,P00446,LOC0040,2026-06-18 19:48:00,0.81
E002190,transfer,P00276,P00481,LOC0122,2026-02-13 09:29:00,0.7
E002191,movement,P00684,P00679,LOC0068,2026-07-17 07:57:00,0.92
E002192,account_access,P00419,P00587,LOC0054,2026-05-29 06:10:00,0.68
E002193,meeting,P00604,P00369,LOC0101,2026-06-17 01:53:00,0.78
E002194,observation,P00372,P00423,LOC0011,2026-04-07 13:58:00,0.91
E002195,item_handoff,P00124,P00624,LOC0002,2026-01-21 08:26:00,0.83
E002196,observation,P00247,P00948,LOC0066,2026-08-19 13:47:00,0.91
E002197,transfer,P00073,P00723,LOC0126,2026-07-30 19:37:00,0.89
E002198,vehicle_use,P00509,P00556,LOC0072,2026-05-21 21:02:00,0.82
E002199,movement,P00593,P00510,LOC0125,2026-01-19 04:38:00,0.74
E002200,observation,P00933,P00835,LOC0056,2026-07-11 15:50:00,0.75
E002201,vehicle_use,P00763,P00904,LOC0107,2026-08-04 17:20:00,0.68
E002202,meeting,P00195,P00057,LOC0162,2026-08-06 03:49:00,0.75
E002203,item_handoff,P00902,P00715,LOC0103,2026-07-02 04:26:00,0.78
E002204,observation,P00501,P00344,LOC0094,2026-06-17 16:30:00,0.94
E002205,transfer,P00553,P00574,LOC0174,2026-06-30 01:14:00,0.95
E002206,meeting,P00459,P00904,LOC0034,2026-01-20 11:01:00,0.65
E002207,vehicle_use,P00646,P00231,LOC0175,2026-05-21 23:09:00,0.9
E002208,item_handoff,P00682,P00583,LOC0160,2026-04-06 03:26:00,0.81
E002209,account_access,P00072,P00010,LOC0042,2026-07-15 23:00:00,0.95
E002210,vehicle_use,P00128,P00452,LOC0119,2026-08-10 23:06:00,0.87
E002211,item_handoff,P00647,P00087,LOC0010,2026-01-27 15:47:00,0.7
E002212,transfer,P00945,P00284,LOC0129,2026-06-26 14:28:00,0.92
E002213,item_handoff,P00623,P00370,LOC0113,2026-04-21 07:08:00,0.92
E002214,vehicle_use,P00570,P00376,LOC0159,2026-05-27 04:38:00,0.66
E002215,transfer,P00519,P00157,LOC0111,2026-04-22 22:43:00,0.7
E002216,vehicle_use,P00443,P00668,LOC0119,2026-01-04 18:59:00,0.76
E002217,transfer,P00059,P00186,LOC0167,2026-05-01 05:23:00,0.97
E002218,communication,P00954,P00256,LOC0110,2026-05-22 22:18:00,0.98
E002219,movement,P00489,P00154,LOC0108,2026-03-30 18:55:00,0.89
E002220,item_handoff,P00282,P00016,LOC0105,2026-08-17 01:54:00,0.69
E002221,communication,P00665,P00812,LOC0073,2026-03-16 14:11:00,0.79
E002222,transfer,P00522,P00114,LOC0171,2026-08-05 05:38:00,0.85
E002223,vehicle_use,P00117,P00790,LOC0025,2026-07-12 17:46:00,0.74
E002224,movement,P00801,P00627,LOC0052,2026-02-14 02:40:00,0.97
E002225,vehicle_use,P00475,P00213,LOC0168,2026-07-03 22:19:00,0.88
E002226,account_access,P00959,P00020,LOC0085,2026-07-10 20:43:00,0.87
E002227,observation,P00801,P00477,LOC0044,2026-05-31 22:53:00,0.62
E002228,meeting,P00729,P00318,LOC0146,2026-03-25 11:14:00,0.62
E002229,movement,P00214,P00154,LOC0120,2026-07-05 05:56:00,0.88
E002230,observation,P00083,P00433,LOC0029,2026-07-05 05:57:00,0.65
E002231,communication,P00955,P00632,LOC0161,2026-05-14 00:11:00,0.77
E002232,communication,P00888,P00212,LOC0071,2026-07-28 03:30:00,0.66
E002233,transfer,P00267,P00268,LOC0086,2026-02-01 19:31:00,0.67
E002234,transfer,P00488,P00471,LOC0098,2026-05-11 05:19:00,0.83
E002235,account_access,P00098,P00925,LOC0155,2026-01-23 17:10:00,0.64
E002236,item_handoff,P00376,P00670,LOC0036,2026-04-20 08:22:00,0.77
E002237,item_handoff,P00101,P00169,LOC0118,2026-04-25 03:51:00,0.86
E002238,communication,P00843,P00612,LOC0094,2026-08-22 09:43:00,0.85
E002239,vehicle_use,P00627,P00950,LOC0037,2026-05-24 00:50:00,0.61
E002240,account_access,P00357,P00825,LOC0145,2026-02-26 07:37:00,0.78
E002241,communication,P00881,P00226,LOC0142,2026-04-19 17:30:00,0.63
E002242,vehicle_use,P00543,P00601,LOC0124,2026-06-28 20:25:00,0.76
E002243,transfer,P00520,P00053,LOC0091,2026-06-30 18:01:00,0.96
E002244,account_access,P00063,P00955,LOC0098,2026-03-29 01:12:00,0.87
E002245,transfer,P00655,P00476,LOC0057,2026-01-07 02:37:00,0.67
E002246,vehicle_use,P00837,P00561,LOC0150,2026-03-23 20:20:00,0.64
E002247,transfer,P00246,P00371,LOC0001,2026-02-02 21:20:00,0.79
E002248,meeting,P00571,P00226,LOC0052,2026-03-24 19:43:00,0.95
E002249,meeting,P00470,P00223,LOC0066,2026-03-16 20:15:00,0.9
E002250,observation,P00651,P00394,LOC0071,2026-06-13 16:57:00,0.7
E002251,vehicle_use,P00344,P00985,LOC0083,2026-05-01 23:44:00,0.94
E002252,meeting,P00878,P00989,LOC0073,2026-06-11 00:35:00,0.61
E002253,movement,P00497,P00958,LOC0143,2026-05-07 16:09:00,0.87
E002254,observation,P00935,P00133,LOC0039,2026-01-14 23:13:00,0.82
E002255,observation,P00677,P00430,LOC0141,2026-05-15 10:27:00,0.72
E002256,communication,P00416,P00126,LOC0130,2026-07-10 18:35:00,0.63
E002257,transfer,P00624,P00570,LOC0125,2026-07-17 16:34:00,0.64
E002258,vehicle_use,P00807,P00329,LOC0145,2026-03-21 18:12:00,0.78
E002259,transfer,P00208,P00691,LOC0177,2026-04-10 23:25:00,0.72
E002260,movement,P00421,P00421,LOC0060,2026-05-23 06:29:00,0.73
E002261,meeting,P00593,P00368,LOC0113,2026-07-10 01:31:00,0.9
E002262,meeting,P00127,P00048,LOC0009,2026-06-12 01:30:00,0.95
E002263,account_access,P00994,P00614,LOC0070,2026-01-26 07:37:00,0.91
E002264,transfer,P00978,P00984,LOC0116,2026-01-10 05:07:00,0.79
E002265,meeting,P00409,P00794,LOC0099,2026-05-12 02:58:00,0.93
E002266,item_handoff,P00116,P00694,LOC0083,2026-08-31 07:38:00,0.82
E002267,transfer,P00407,P00030,LOC0018,2026-02-04 17:34:00,0.86
E002268,transfer,P00715,P00464,LOC0146,2026-04-19 13:12:00,0.8
E002269,transfer,P00324,P00180,LOC0026,2026-02-05 03:32:00,0.72
E002270,vehicle_use,P00801,P00076,LOC0115,2026-08-26 13:59:00,0.85
E002271,item_handoff,P00950,P00142,LOC0019,2026-08-11 02:54:00,0.84
E002272,meeting,P00769,P00277,LOC0163,2026-08-13 15:46:00,0.93
E002273,movement,P00102,P00412,LOC0172,2026-01-23 11:55:00,0.96
E002274,vehicle_use,P00666,P00255,LOC0099,2026-01-20 16:46:00,0.85
E002275,item_handoff,P00395,P00107,LOC0063,2026-01-31 07:54:00,0.84
E002276,communication,P00216,P00344,LOC0138,2026-07-15 13:53:00,0.76
E002277,vehicle_use,P00212,P00816,LOC0032,2026-05-11 20:02:00,0.81
E002278,observation,P00505,P00585,LOC0054,2026-05-19 21:14:00,0.79
E002279,item_handoff,P00463,P00578,LOC0003,2026-02-20 03:30:00,0.63
E002280,transfer,P00443,P00625,LOC0080,2026-06-24 12:20:00,0.83
E002281,vehicle_use,P00020,P00079,LOC0036,2026-01-13 15:17:00,0.88
E002282,transfer,P00141,P00137,LOC0023,2026-04-14 19:50:00,0.67
E002283,observation,P00018,P00087,LOC0023,2026-01-31 09:18:00,0.83
E002284,vehicle_use,P00908,P00377,LOC0051,2026-06-30 11:47:00,0.76
E002285,vehicle_use,P00484,P00926,LOC0138,2026-04-22 12:38:00,0.61
E002286,communication,P00263,P00433,LOC0126,2026-01-31 03:36:00,0.84
E002287,communication,P00518,P00916,LOC0176,2026-02-01 13:31:00,0.89
E002288,transfer,P00604,P00013,LOC0109,2026-04-29 07:03:00,0.88
E002289,observation,P00411,P00194,LOC0163,2026-01-25 06:00:00,0.81
E002290,vehicle_use,P00922,P00686,LOC0114,2026-06-24 12:34:00,0.62
E002291,movement,P00807,P00614,LOC0104,2026-05-27 11:39:00,0.74
E002292,vehicle_use,P00607,P00753,LOC0152,2026-04-01 15:31:00,0.76
E002293,transfer,P00343,P00486,LOC0062,2026-07-26 17:14:00,0.63
E002294,communication,P00527,P00908,LOC0037,2026-03-13 07:43:00,0.8
E002295,transfer,P00857,P00916,LOC0121,2026-01-26 21:36:00,0.65
E002296,vehicle_use,P00682,P00118,LOC0003,2026-01-05 11:40:00,0.62
E002297,vehicle_use,P00815,P00501,LOC0025,2026-05-03 03:17:00,0.71
E002298,meeting,P00573,P00982,LOC0086,2026-01-24 09:49:00,0.85
E002299,account_access,P00906,P00431,LOC0162,2026-01-27 22:01:00,0.91
E002300,item_handoff,P00538,P00146,LOC0121,2026-03-27 07:06:00,0.93
E002301,transfer,P00483,P00374,LOC0152,2026-03-03 22:06:00,0.75
E002302,movement,P00604,P00900,LOC0093,2026-07-09 18:50:00,0.84
E002303,item_handoff,P00242,P00087,LOC0076,2026-05-25 23:46:00,0.76
E002304,communication,P00930,P00549,LOC0044,2026-07-20 21:16:00,0.93
E002305,transfer,P00192,P00632,LOC0092,2026-05-24 03:43:00,0.94
E002306,transfer,P00952,P00601,LOC0119,2026-03-02 14:33:00,0.89
E002307,communication,P00591,P00849,LOC0180,2026-04-28 06:16:00,0.86
E002308,item_handoff,P00183,P00623,LOC0006,2026-02-05 08:53:00,0.75
E002309,communication,P00587,P00342,LOC0171,2026-05-01 00:04:00,0.61
E002310,movement,P00451,P00558,LOC0088,2026-04-25 08:52:00,0.73
E002311,observation,P00097,P00930,LOC0091,2026-06-23 09:29:00,0.83
E002312,movement,P00282,P00524,LOC0069,2026-01-01 02:09:00,0.81
E002313,movement,P00886,P00763,LOC0087,2026-06-22 13:45:00,0.96
E002314,item_handoff,P00532,P00745,LOC0105,2026-02-01 18:26:00,0.87
E002315,meeting,P00113,P00865,LOC0119,2026-03-30 16:08:00,0.89
E002316,movement,P00655,P00651,LOC0140,2026-06-07 19:17:00,0.77
E002317,communication,P00045,P00603,LOC0097,2026-08-18 11:38:00,0.78
E002318,item_handoff,P00376,P00925,LOC0056,2026-06-23 16:28:00,0.75
E002319,meeting,P00566,P00722,LOC0007,2026-04-24 00:46:00,0.67
E002320,transfer,P00856,P00764,LOC0127,2026-05-16 07:23:00,0.71
E002321,observation,P00429,P00033,LOC0128,2026-02-13 22:26:00,0.86
E002322,account_access,P00176,P00577,LOC0049,2026-07-15 23:24:00,0.78
E002323,vehicle_use,P00951,P00345,LOC0151,2026-07-19 06:12:00,0.77
E002324,item_handoff,P00369,P00106,LOC0164,2026-02-04 15:57:00,0.96
E002325,meeting,P00449,P00273,LOC0073,2026-01-08 03:17:00,0.69
E002326,vehicle_use,P00441,P00085,LOC0111,2026-03-27 09:32:00,0.64
E002327,item_handoff,P00650,P00528,LOC0168,2026-06-16 00:35:00,0.76
E002328,account_access,P00398,P00020,LOC0180,2026-05-02 01:10:00,0.65
E002329,communication,P00758,P00806,LOC0073,2026-01-23 15:38:00,0.66
E002330,communication,P00263,P00086,LOC0011,2026-06-23 15:10:00,0.65
E002331,movement,P00377,P00411,LOC0134,2026-01-15 16:37:00,0.86
E002332,transfer,P00183,P00454,LOC0082,2026-06-13 01:38:00,0.95
E002333,account_access,P00797,P00580,LOC0080,2026-02-13 06:42:00,0.69
E002334,account_access,P00187,P00469,LOC0036,2026-05-28 12:04:00,0.93
E002335,meeting,P00596,P00209,LOC0161,2026-08-17 03:08:00,0.73
E002336,meeting,P00783,P00915,LOC0057,2026-08-25 20:45:00,0.62
E002337,account_access,P00222,P00798,LOC0102,2026-05-19 23:12:00,0.95
E002338,item_handoff,P00607,P00588,LOC0131,2026-08-30 00:15:00,0.93
E002339,movement,P00222,P00997,LOC0047,2026-02-20 22:49:00,0.84
E002340,meeting,P00018,P00992,LOC0118,2026-08-08 13:06:00,0.95
E002341,transfer,P00184,P00067,LOC0065,2026-04-22 03:43:00,0.96
E002342,communication,P00382,P00144,LOC0130,2026-06-27 02:26:00,0.75
E002343,observation,P00390,P00223,LOC0021,2026-04-20 09:20:00,0.97
E002344,movement,P00556,P00164,LOC0015,2026-04-24 21:48:00,0.94
E002345,transfer,P00976,P00077,LOC0135,2026-03-02 03:32:00,0.89
E002346,observation,P00402,P00774,LOC0059,2026-07-30 17:47:00,0.72
E002347,observation,P00984,P00378,LOC0135,2026-06-07 16:29:00,0.68
E002348,transfer,P00963,P00582,LOC0154,2026-07-15 02:32:00,0.75
E002349,transfer,P00460,P00459,LOC0136,2026-08-25 03:44:00,0.63
E002350,vehicle_use,P00181,P00448,LOC0093,2026-02-26 06:33:00,0.82
E002351,vehicle_use,P00851,P00771,LOC0155,2026-04-27 19:06:00,0.76
E002352,transfer,P00102,P00877,LOC0089,2026-02-25 17:51:00,0.72
E002353,observation,P00675,P00795,LOC0057,2026-08-23 23:49:00,0.68
E002354,movement,P00710,P00418,LOC0061,2026-08-24 10:25:00,0.97
E002355,item_handoff,P00691,P00079,LOC0176,2026-05-26 09:11:00,0.82
E002356,transfer,P00158,P00078,LOC0080,2026-04-15 16:35:00,0.88
E002357,observation,P00316,P00418,LOC0073,2026-05-28 17:48:00,0.9
E002358,movement,P00986,P00585,LOC0164,2026-05-01 00:07:00,0.72
E002359,communication,P00644,P00837,LOC0069,2026-06-22 17:50:00,0.67
E002360,account_access,P00785,P00444,LOC0063,2026-05-15 20:41:00,0.76
E002361,transfer,P00688,P00903,LOC0158,2026-06-29 20:31:00,0.94
E002362,communication,P00879,P00374,LOC0114,2026-05-16 19:11:00,0.69
E002363,transfer,P00410,P00162,LOC0097,2026-01-17 23:45:00,0.76
E002364,movement,P00369,P00641,LOC0048,2026-05-24 07:28:00,0.85
E002365,vehicle_use,P00879,P00279,LOC0004,2026-03-10 22:08:00,0.69
E002366,meeting,P00913,P00280,LOC0098,2026-08-11 10:41:00,0.72
E002367,item_handoff,P00417,P00190,LOC0166,2026-04-22 18:41:00,0.85
E002368,account_access,P00172,P00526,LOC0135,2026-01-31 12:34:00,0.62
E002369,observation,P00658,P00474,LOC0023,2026-02-05 05:59:00,0.68
E002370,movement,P00391,P00559,LOC0066,2026-06-28 17:34:00,0.74
E002371,movement,P00256,P00447,LOC0005,2026-07-28 18:04:00,0.89
E002372,transfer,P00168,P00758,LOC0146,2026-07-22 12:26:00,0.81
E002373,vehicle_use,P00158,P00427,LOC0151,2026-04-15 14:08:00,0.75
E002374,movement,P00378,P00049,LOC0026,2026-02-08 09:08:00,0.83
E002375,meeting,P00456,P00584,LOC0143,2026-06-06 05:06:00,0.64
E002376,meeting,P00565,P00865,LOC0028,2026-07-06 12:16:00,0.77
E002377,meeting,P00145,P00073,LOC0116,2026-06-05 23:19:00,0.88
E002378,communication,P00183,P00202,LOC0129,2026-02-07 00:53:00,0.89
E002379,item_handoff,P00103,P00690,LOC0090,2026-07-27 03:42:00,0.91
E002380,transfer,P00813,P00558,LOC0159,2026-01-28 11:34:00,0.99
E002381,transfer,P00583,P00797,LOC0084,2026-01-30 23:13:00,0.72
E002382,movement,P00392,P00058,LOC0122,2026-08-12 14:25:00,0.97
E002383,meeting,P00475,P00605,LOC0087,2026-01-10 15:41:00,0.84
E002384,transfer,P00921,P00947,LOC0108,2026-02-14 03:17:00,0.71
E002385,vehicle_use,P00106,P00102,LOC0044,2026-06-03 15:25:00,0.89
E002386,movement,P00934,P00257,LOC0074,2026-01-20 19:15:00,0.97
E002387,vehicle_use,P00610,P00139,LOC0073,2026-06-17 10:21:00,0.91
E002388,movement,P00557,P00685,LOC0060,2026-01-20 11:55:00,0.69
E002389,vehicle_use,P00337,P00329,LOC0113,2026-05-19 00:16:00,0.69
E002390,communication,P00770,P00518,LOC0130,2026-06-07 12:00:00,0.98
E002391,transfer,P00343,P00055,LOC0046,2026-04-06 02:52:00,0.76
E002392,movement,P00107,P00902,LOC0014,2026-05-18 09:18:00,0.65
E002393,communication,P00150,P00059,LOC0026,2026-04-01 08:32:00,0.88
E002394,movement,P00560,P00986,LOC0024,2026-05-28 07:48:00,0.8
E002395,communication,P00429,P00755,LOC0021,2026-03-07 11:38:00,0.69
E002396,communication,P00631,P00868,LOC0141,2026-06-05 01:13:00,0.66
E002397,item_handoff,P00728,P00039,LOC0087,2026-01-18 21:06:00,0.83
E002398,movement,P00568,P00217,LOC0016,2026-04-08 05:18:00,0.95
E002399,meeting,P00749,P00472,LOC0106,2026-08-29 16:30:00,0.64
E002400,observation,P00745,P00974,LOC0115,2026-07-24 08:17:00,0.85
E002401,vehicle_use,P00451,P00154,LOC0100,2026-02-18 12:43:00,0.91
E002402,item_handoff,P00845,P00709,LOC0031,2026-02-27 00:32:00,0.91
E002403,communication,P00089,P00667,LOC0166,2026-05-06 01:53:00,0.63
E002404,vehicle_use,P00236,P00847,LOC0135,2026-06-09 18:37:00,0.79
E002405,account_access,P00415,P00826,LOC0022,2026-08-26 17:29:00,0.91
E002406,observation,P00001,P00781,LOC0003,2026-08-26 18:38:00,0.78
E002407,meeting,P00283,P00863,LOC0087,2026-03-18 17:36:00,0.7
E002408,movement,P00696,P00497,LOC0110,2026-05-06 03:59:00,0.63
E002409,meeting,P00793,P00031,LOC0001,2026-02-12 17:20:00,0.62
E002410,movement,P00941,P00081,LOC0079,2026-06-03 01:56:00,0.62
E002411,vehicle_use,P00841,P00856,LOC0176,2026-05-24 07:06:00,0.6
E002412,transfer,P00066,P00532,LOC0050,2026-05-13 02:45:00,0.91
E002413,movement,P00301,P00641,LOC0052,2026-04-16 16:04:00,0.96
E002414,observation,P00736,P00998,LOC0143,2026-01-10 07:06:00,0.72
E002415,transfer,P00069,P00335,LOC0131,2026-06-22 15:30:00,0.83
E002416,account_access,P00424,P00912,LOC0172,2026-07-19 19:39:00,0.78
E002417,vehicle_use,P00345,P00514,LOC0135,2026-03-24 01:59:00,0.6
E002418,movement,P00030,P00683,LOC0062,2026-05-24 16:45:00,0.97
E002419,item_handoff,P00136,P00089,LOC0115,2026-02-11 11:40:00,0.67
E002420,communication,P00467,P00875,LOC0140,2026-07-09 06:38:00,0.95
E002421,item_handoff,P00245,P00858,LOC0125,2026-07-13 09:03:00,0.77
E002422,communication,P00414,P00191,LOC0077,2026-06-18 11:31:00,0.78
E002423,meeting,P00003,P00178,LOC0092,2026-02-27 15:42:00,0.62
E002424,item_handoff,P00705,P00617,LOC0179,2026-08-10 08:04:00,0.69
E002425,movement,P00387,P00185,LOC0071,2026-07-13 06:40:00,0.62
E002426,observation,P00697,P00978,LOC0153,2026-01-25 22:51:00,0.85
E002427,meeting,P00275,P00628,LOC0066,2026-03-18 10:58:00,0.89
E002428,account_access,P00569,P00273,LOC0129,2026-03-21 06:13:00,0.81
E002429,account_access,P00206,P00377,LOC0034,2026-01-08 23:34:00,0.62
E002430,item_handoff,P00787,P00765,LOC0163,2026-08-10 09:59:00,0.73
E002431,observation,P00856,P00175,LOC0057,2026-05-18 21:00:00,0.74
E002432,transfer,P00320,P00432,LOC0098,2026-03-20 04:20:00,0.76
E002433,communication,P00641,P00407,LOC0073,2026-02-23 07:16:00,0.88
E002434,account_access,P00331,P00490,LOC0093,2026-02-22 21:21:00,0.89
E002435,meeting,P00987,P00514,LOC0140,2026-07-15 16:31:00,0.82
E002436,account_access,P00840,P00717,LOC0054,2026-07-22 10:00:00,0.72
E002437,item_handoff,P00866,P00292,LOC0024,2026-07-15 16:54:00,0.62
E002438,communication,P00732,P00489,LOC0051,2026-03-03 11:07:00,0.96
E002439,movement,P00039,P00190,LOC0024,2026-05-24 05:13:00,0.67
E002440,transfer,P00246,P00342,LOC0158,2026-06-12 04:47:00,0.77
E002441,communication,P00848,P00097,LOC0073,2026-02-16 21:31:00,0.71
E002442,item_handoff,P00496,P00736,LOC0088,2026-06-27 20:39:00,0.68
E002443,communication,P00899,P00786,LOC0124,2026-01-30 04:31:00,0.73
E002444,observation,P00147,P00953,LOC0176,2026-02-02 20:54:00,0.89
E002445,movement,P00768,P00175,LOC0095,2026-04-09 15:42:00,0.99
E002446,observation,P00837,P00752,LOC0023,2026-05-01 19:34:00,0.79
E002447,transfer,P00626,P00758,LOC0072,2026-06-23 22:30:00,0.71
E002448,meeting,P00899,P00997,LOC0078,2026-06-02 12:12:00,0.6
E002449,transfer,P00274,P00700,LOC0043,2026-08-04 02:04:00,0.82
E002450,transfer,P00127,P00257,LOC0025,2026-05-22 18:02:00,0.87
E002451,account_access,P00955,P00736,LOC0133,2026-01-13 03:22:00,0.81
E002452,movement,P00370,P00020,LOC0103,2026-03-30 22:29:00,0.8
E002453,meeting,P00275,P00540,LOC0073,2026-06-09 12:27:00,0.97
E002454,account_access,P00168,P00847,LOC0116,2026-02-09 07:22:00,0.7
E002455,vehicle_use,P00604,P00523,LOC0156,2026-05-01 05:47:00,0.68
E002456,meeting,P00621,P00659,LOC0136,2026-08-11 22:49:00,0.79
E002457,vehicle_use,P00265,P00973,LOC0085,2026-04-30 07:49:00,0.97
E002458,vehicle_use,P00845,P00187,LOC0057,2026-08-01 17:21:00,0.98
E002459,observation,P00140,P00537,LOC0155,2026-03-29 10:17:00,0.71
E002460,vehicle_use,P00731,P00624,LOC0015,2026-05-11 03:11:00,0.8
E002461,observation,P00819,P00183,LOC0156,2026-03-31 15:38:00,0.98
E002462,vehicle_use,P00873,P00850,LOC0072,2026-08-20 21:07:00,0.75
E002463,movement,P00024,P00119,LOC0064,2026-03-07 01:14:00,0.7
E002464,movement,P00322,P00848,LOC0102,2026-04-24 00:14:00,0.96
E002465,vehicle_use,P00899,P00229,LOC0104,2026-05-31 12:39:00,0.75
E002466,movement,P00728,P00144,LOC0171,2026-07-24 12:49:00,0.69
E002467,transfer,P00130,P00892,LOC0085,2026-03-03 14:52:00,0.89
E002468,movement,P00217,P00965,LOC0021,2026-01-21 05:58:00,0.96
E002469,communication,P00821,P00912,LOC0044,2026-07-27 05:48:00,0.7
E002470,communication,P00730,P00070,LOC0138,2026-01-27 03:23:00,0.72
E002471,item_handoff,P00258,P00048,LOC0159,2026-07-07 18:18:00,0.75
E002472,observation,P00865,P00918,LOC0021,2026-08-26 02:53:00,0.92
E002473,item_handoff,P00647,P00790,LOC0164,2026-03-10 15:08:00,0.99
E002474,communication,P00441,P00323,LOC0033,2026-07-05 06:48:00,0.95
E002475,transfer,P00483,P00811,LOC0143,2026-03-30 11:46:00,0.89
E002476,vehicle_use,P00956,P00687,LOC0084,2026-05-06 23:18:00,0.94
E002477,transfer,P00779,P00982,LOC0033,2026-08-26 14:36:00,0.88
E002478,movement,P00557,P00538,LOC0009,2026-05-17 23:48:00,0.82
E002479,movement,P00039,P00868,LOC0114,2026-03-06 14:06:00,0.93
E002480,account_access,P00923,P00954,LOC0098,2026-01-13 21:32:00,0.72
E002481,item_handoff,P00360,P00635,LOC0179,2026-08-07 10:43:00,0.82
E002482,movement,P00701,P00645,LOC0180,2026-07-07 22:56:00,0.75
E002483,vehicle_use,P00939,P00039,LOC0164,2026-04-12 01:55:00,0.75
E002484,meeting,P00973,P00686,LOC0081,2026-02-03 09:17:00,0.67
E002485,communication,P00171,P00190,LOC0176,2026-01-05 17:45:00,0.98
E002486,item_handoff,P00908,P00805,LOC0041,2026-08-22 18:52:00,0.86
E002487,movement,P00910,P00466,LOC0138,2026-05-22 12:46:00,0.84
E002488,transfer,P00260,P00391,LOC0178,2026-05-19 06:53:00,0.87
E002489,meeting,P00108,P00902,LOC0117,2026-07-06 16:48:00,0.76
E002490,item_handoff,P00745,P00172,LOC0179,2026-04-12 22:54:00,0.64
E002491,communication,P00629,P00457,LOC0060,2026-06-02 23:15:00,0.82
E002492,movement,P00426,P00309,LOC0105,2026-02-27 20:09:00,0.94
E002493,observation,P00615,P00233,LOC0039,2026-07-15 23:20:00,0.68
E002494,item_handoff,P00424,P00414,LOC0159,2026-05-03 23:06:00,0.74
E002495,observation,P00456,P00479,LOC0088,2026-03-22 08:56:00,0.65
E002496,account_access,P00248,P00816,LOC0135,2026-04-24 01:20:00,0.82
E002497,item_handoff,P00489,P00901,LOC0072,2026-07-05 02:36:00,0.98
E002498,meeting,P00527,P00776,LOC0041,2026-07-28 17:12:00,0.7
E002499,meeting,P00644,P00902,LOC0106,2026-01-02 17:05:00,0.95
E002500,vehicle_use,P00353,P00115,LOC0154,2026-07-10 00:11:00,0.82
E002501,transfer,P00469,P00431,LOC0134,2026-07-16 05:43:00,0.85
E002502,account_access,P00909,P00764,LOC0035,2026-01-20 21:39:00,0.9
E002503,transfer,P00977,P00868,LOC0096,2026-04-03 03:13:00,0.91
E002504,item_handoff,P00435,P00637,LOC0149,2026-01-04 08:26:00,0.73
E002505,observation,P00634,P00074,LOC0034,2026-03-29 23:04:00,0.83
E002506,communication,P00268,P00252,LOC0036,2026-02-05 19:48:00,0.75
E002507,transfer,P00024,P00558,LOC0174,2026-08-21 10:32:00,0.67
E002508,transfer,P00375,P00127,LOC0019,2026-02-22 01:29:00,0.75
E002509,communication,P00390,P00468,LOC0109,2026-05-18 06:52:00,0.87
E002510,account_access,P00300,P00893,LOC0117,2026-08-23 16:55:00,0.89
E002511,movement,P00674,P00255,LOC0093,2026-05-16 05:26:00,0.94
E002512,vehicle_use,P00635,P00877,LOC0047,2026-06-04 06:34:00,0.72
E002513,communication,P00861,P00457,LOC0144,2026-03-05 19:18:00,0.83
E002514,item_handoff,P00958,P00696,LOC0043,2026-07-12 12:37:00,0.88
E002515,meeting,P00063,P00256,LOC0051,2026-03-23 13:16:00,0.73
E002516,transfer,P00671,P00199,LOC0078,2026-06-23 01:14:00,0.94
E002517,communication,P00782,P00536,LOC0058,2026-02-13 00:31:00,0.64
E002518,observation,P00054,P00432,LOC0076,2026-01-12 05:17:00,0.92
E002519,communication,P00293,P00887,LOC0046,2026-02-02 11:35:00,0.98
E002520,transfer,P00425,P00378,LOC0106,2026-01-18 12:16:00,0.75
E002521,meeting,P00036,P00972,LOC0102,2026-02-10 16:42:00,0.65
E002522,vehicle_use,P00163,P00629,LOC0086,2026-04-20 10:41:00,0.86
E002523,meeting,P00889,P00645,LOC0160,2026-01-27 18:41:00,0.63
E002524,movement,P00634,P00690,LOC0162,2026-01-30 19:49:00,0.91
E002525,meeting,P00748,P00794,LOC0097,2026-07-18 00:03:00,0.83
E002526,communication,P00564,P00484,LOC0055,2026-02-26 01:26:00,0.66
E002527,meeting,P00370,P00561,LOC0011,2026-05-28 22:39:00,0.78
E002528,account_access,P00189,P00518,LOC0166,2026-03-18 21:06:00,0.73
E002529,observation,P00137,P00096,LOC0011,2026-02-18 13:22:00,0.91
E002530,item_handoff,P00879,P00604,LOC0011,2026-05-18 10:58:00,0.95
E002531,vehicle_use,P00498,P00892,LOC0044,2026-06-01 06:28:00,0.81
E002532,communication,P00913,P00231,LOC0018,2026-05-24 06:09:00,0.77
E002533,item_handoff,P00050,P00482,LOC0009,2026-05-21 21:13:00,0.82
E002534,observation,P00628,P00095,LOC0115,2026-02-11 08:22:00,0.97
E002535,meeting,P00775,P00002,LOC0016,2026-05-05 22:11:00,0.87
E002536,observation,P00451,P00575,LOC0026,2026-04-03 05:01:00,0.86
E002537,communication,P00698,P00795,LOC0068,2026-06-19 07:45:00,0.7
E002538,movement,P00179,P00457,LOC0035,2026-07-28 06:11:00,0.6
E002539,account_access,P00775,P00840,LOC0046,2026-08-17 04:28:00,0.85
E002540,item_handoff,P00020,P00068,LOC0094,2026-06-25 04:03:00,0.94
E002541,communication,P00280,P00908,LOC0123,2026-04-13 05:36:00,0.79
E002542,observation,P00953,P00092,LOC0038,2026-08-12 19:46:00,0.93
E002543,movement,P00302,P00855,LOC0143,2026-06-05 19:48:00,0.76
E002544,transfer,P00219,P00486,LOC0102,2026-06-28 16:34:00,0.9
E002545,meeting,P00206,P00038,LOC0013,2026-04-20 11:34:00,0.85
E002546,communication,P00681,P00275,LOC0057,2026-08-01 23:35:00,0.7
E002547,movement,P00184,P00129,LOC0014,2026-03-27 23:04:00,0.71
E002548,account_access,P00167,P00727,LOC0101,2026-02-24 19:20:00,0.88
E002549,transfer,P00334,P00582,LOC0078,2026-06-06 03:47:00,0.89
E002550,account_access,P00631,P00134,LOC0081,2026-01-12 07:32:00,0.85
E002551,vehicle_use,P00269,P00264,LOC0002,2026-03-01 11:31:00,0.89
E002552,vehicle_use,P00403,P00890,LOC0036,2026-03-23 08:22:00,0.89
E002553,meeting,P00843,P00097,LOC0165,2026-08-03 10:49:00,0.73
E002554,transfer,P00699,P00204,LOC0022,2026-04-16 01:08:00,0.84
E002555,transfer,P00449,P00121,LOC0173,2026-01-29 15:21:00,0.99
E002556,observation,P00880,P00701,LOC0162,2026-04-14 13:35:00,0.86
E002557,account_access,P00952,P00786,LOC0121,2026-06-04 01:48:00,0.98
E002558,observation,P00564,P00842,LOC0135,2026-03-09 22:41:00,0.89
E002559,meeting,P00558,P00856,LOC0082,2026-04-22 21:30:00,0.92
E002560,vehicle_use,P00537,P00572,LOC0022,2026-04-12 15:45:00,0.69
E002561,observation,P00007,P00761,LOC0049,2026-02-24 06:54:00,0.89
E002562,communication,P00150,P00145,LOC0170,2026-01-10 03:23:00,0.77
E002563,transfer,P00427,P00772,LOC0176,2026-06-30 09:03:00,0.95
E002564,transfer,P00311,P00286,LOC0051,2026-01-31 04:33:00,0.92
E002565,movement,P00609,P00573,LOC0126,2026-05-16 15:05:00,0.98
E002566,movement,P00537,P00513,LOC0135,2026-02-12 10:51:00,0.7
E002567,observation,P00757,P00317,LOC0118,2026-05-08 23:18:00,0.89
E002568,item_handoff,P00678,P00923,LOC0073,2026-02-20 14:46:00,0.76
E002569,communication,P00992,P00510,LOC0010,2026-04-11 07:10:00,0.95
E002570,movement,P00407,P00156,LOC0160,2026-03-21 09:44:00,0.66
E002571,account_access,P00068,P00725,LOC0041,2026-05-11 03:37:00,0.96
E002572,communication,P00991,P00273,LOC0055,2026-07-08 01:19:00,0.64
E002573,transfer,P00396,P00191,LOC0003,2026-03-12 15:34:00,0.75
E002574,vehicle_use,P00884,P00839,LOC0063,2026-07-01 17:57:00,0.99
E002575,communication,P00658,P00152,LOC0161,2026-06-18 17:52:00,0.87
E002576,transfer,P00764,P00418,LOC0137,2026-07-13 00:03:00,0.74
E002577,vehicle_use,P00939,P00898,LOC0041,2026-03-28 22:03:00,0.62
E002578,movement,P00289,P00618,LOC0169,2026-06-10 08:23:00,0.87
E002579,observation,P00832,P00070,LOC0170,2026-02-07 12:11:00,0.79
E002580,vehicle_use,P00819,P00467,LOC0062,2026-05-19 08:28:00,0.65
E002581,communication,P00060,P00781,LOC0158,2026-06-16 21:21:00,0.93
E002582,communication,P00200,P00819,LOC0120,2026-04-27 02:59:00,0.64
E002583,vehicle_use,P00945,P00585,LOC0143,2026-01-24 10:13:00,0.98
E002584,account_access,P00127,P00668,LOC0091,2026-07-04 07:04:00,0.86
E002585,transfer,P00708,P00400,LOC0149,2026-02-10 15:47:00,0.6
E002586,communication,P00975,P00753,LOC0015,2026-03-28 05:42:00,0.84
E002587,vehicle_use,P00686,P00733,LOC0033,2026-06-02 16:35:00,0.75
E002588,account_access,P00559,P00524,LOC0019,2026-04-23 08:31:00,0.99
E002589,item_handoff,P00809,P00555,LOC0080,2026-01-24 23:35:00,0.98
E002590,observation,P00261,P00370,LOC0051,2026-05-01 08:25:00,0.65
E002591,observation,P00762,P00300,LOC0165,2026-04-27 16:13:00,0.8
E002592,movement,P00266,P00233,LOC0018,2026-03-28 07:45:00,0.75
E002593,transfer,P00080,P00415,LOC0002,2026-07-08 16:05:00,0.69
E002594,account_access,P00513,P00192,LOC0035,2026-04-01 05:48:00,0.76
E002595,account_access,P00435,P00709,LOC0002,2026-03-30 17:58:00,0.96
E002596,item_handoff,P00137,P00215,LOC0016,2026-07-29 15:09:00,0.84
E002597,transfer,P00169,P00377,LOC0028,2026-01-15 15:16:00,0.85
E002598,communication,P00589,P00302,LOC0178,2026-05-21 18:38:00,0.62
E002599,movement,P00376,P00150,LOC0087,2026-03-22 04:45:00,0.95
E002600,observation,P00226,P00406,LOC0128,2026-01-10 10:36:00,0.86
E002601,communication,P00351,P00671,LOC0141,2026-06-20 18:43:00,0.74
E002602,observation,P00730,P00692,LOC0030,2026-08-10 01:19:00,0.84
E002603,vehicle_use,P00556,P00310,LOC0056,2026-08-12 11:10:00,0.74
E002604,movement,P00404,P00777,LOC0098,2026-08-28 07:00:00,0.77
E002605,vehicle_use,P00498,P00628,LOC0018,2026-08-15 15:19:00,0.87
E002606,transfer,P00522,P00493,LOC0083,2026-08-05 02:10:00,0.89
E002607,meeting,P00989,P00263,LOC0140,2026-07-28 09:08:00,0.89
E002608,observation,P00791,P00548,LOC0048,2026-04-13 04:08:00,0.81
E002609,communication,P00527,P00025,LOC0089,2026-05-21 10:15:00,0.79
E002610,movement,P00998,P00002,LOC0171,2026-05-04 02:33:00,0.84
E002611,observation,P00911,P00840,LOC0070,2026-02-23 16:23:00,0.65
E002612,observation,P00912,P00276,LOC0023,2026-05-15 05:40:00,0.95
E002613,communication,P00222,P00067,LOC0138,2026-08-27 00:04:00,0.77
E002614,meeting,P00699,P00487,LOC0177,2026-06-28 06:43:00,0.86
E002615,account_access,P00193,P00256,LOC0104,2026-01-18 06:00:00,0.64
E002616,item_handoff,P00766,P00350,LOC0079,2026-05-30 05:56:00,0.95
E002617,observation,P00682,P00946,LOC0133,2026-04-20 20:31:00,0.71
E002618,meeting,P00110,P00761,LOC0079,2026-01-04 09:51:00,0.69
E002619,account_access,P00210,P00422,LOC0027,2026-03-08 03:14:00,0.98
E002620,account_access,P00133,P00998,LOC0109,2026-02-28 10:59:00,0.67
E002621,movement,P00436,P00343,LOC0126,2026-04-03 11:26:00,0.61
E002622,account_access,P00675,P00917,LOC0126,2026-07-01 00:33:00,0.94
E002623,transfer,P00291,P00998,LOC0170,2026-03-22 04:12:00,0.76
E002624,transfer,P00918,P00836,LOC0046,2026-04-19 20:48:00,0.85
E002625,meeting,P00338,P00615,LOC0154,2026-06-13 03:16:00,0.88
E002626,movement,P00763,P00759,LOC0037,2026-07-05 17:21:00,0.92
E002627,meeting,P00372,P00104,LOC0066,2026-04-02 19:41:00,0.88
E002628,observation,P00461,P00543,LOC0010,2026-04-03 08:36:00,0.6
E002629,observation,P00968,P00620,LOC0095,2026-07-06 05:22:00,0.89
E002630,observation,P00188,P00663,LOC0070,2026-06-22 10:40:00,0.74
E002631,movement,P00163,P00667,LOC0085,2026-01-22 01:44:00,0.93
E002632,meeting,P00845,P00287,LOC0060,2026-06-28 22:09:00,0.94
E002633,transfer,P00558,P00603,LOC0039,2026-06-22 17:47:00,0.73
E002634,meeting,P00802,P00523,LOC0095,2026-03-08 20:07:00,0.83
E002635,observation,P00236,P00918,LOC0170,2026-08-22 19:17:00,0.79
E002636,observation,P00056,P00905,LOC0097,2026-03-14 19:56:00,0.86
E002637,meeting,P00004,P00484,LOC0179,2026-06-06 03:54:00,0.87
E002638,observation,P00905,P00067,LOC0105,2026-07-18 03:44:00,0.79
E002639,movement,P00356,P00703,LOC0074,2026-01-29 01:51:00,0.72
E002640,transfer,P00300,P00257,LOC0075,2026-07-22 00:28:00,0.66
E002641,meeting,P00450,P00350,LOC0012,2026-06-19 11:24:00,0.74
E002642,account_access,P00370,P00796,LOC0108,2026-06-27 14:23:00,0.73
E002643,account_access,P00302,P00266,LOC0015,2026-03-06 03:54:00,0.71
E002644,transfer,P00215,P00600,LOC0108,2026-07-28 15:53:00,0.64
E002645,item_handoff,P00040,P00119,LOC0037,2026-05-13 20:41:00,0.65
E002646,transfer,P00735,P00909,LOC0005,2026-07-05 16:21:00,0.87
E002647,vehicle_use,P00319,P00379,LOC0151,2026-07-05 10:38:00,0.64
E002648,meeting,P00911,P00924,LOC0068,2026-06-27 21:04:00,0.79
E002649,account_access,P00463,P00889,LOC0144,2026-01-17 13:22:00,0.79
E002650,communication,P00964,P00512,LOC0030,2026-06-08 22:32:00,0.81
E002651,vehicle_use,P00105,P00096,LOC0030,2026-02-13 21:22:00,0.8
E002652,communication,P00144,P00536,LOC0135,2026-02-04 01:12:00,0.87
E002653,transfer,P00437,P00850,LOC0011,2026-02-06 16:08:00,0.86
E002654,vehicle_use,P00274,P00750,LOC0129,2026-07-19 14:08:00,0.68
E002655,item_handoff,P00306,P00010,LOC0136,2026-03-14 13:08:00,0.98
E002656,account_access,P00603,P00211,LOC0153,2026-08-12 12:18:00,0.62
E002657,communication,P00516,P00307,LOC0065,2026-05-23 00:33:00,0.65
E002658,movement,P00568,P00016,LOC0112,2026-08-15 11:23:00,0.63
E002659,movement,P00196,P00167,LOC0060,2026-01-04 07:26:00,0.83
E002660,account_access,P00364,P00390,LOC0107,2026-04-03 23:46:00,0.79
E002661,meeting,P00179,P00753,LOC0026,2026-01-26 18:23:00,0.96
E002662,item_handoff,P00777,P00161,LOC0076,2026-04-04 06:16:00,0.7
E002663,observation,P00744,P00251,LOC0175,2026-04-07 05:03:00,0.93
E002664,meeting,P00750,P00366,LOC0027,2026-08-01 21:45:00,0.97
E002665,vehicle_use,P00924,P00166,LOC0013,2026-07-03 20:47:00,0.86
E002666,vehicle_use,P00786,P00314,LOC0031,2026-01-21 05:47:00,0.79
E002667,account_access,P00120,P00944,LOC0047,2026-05-29 17:51:00,0.66
E002668,account_access,P00065,P00317,LOC0055,2026-03-09 10:40:00,0.95
E002669,vehicle_use,P00151,P00464,LOC0080,2026-07-25 00:54:00,0.66
E002670,vehicle_use,P00219,P00649,LOC0094,2026-07-30 20:54:00,0.79
E002671,movement,P00736,P00252,LOC0040,2026-05-01 01:48:00,0.64
E002672,account_access,P00733,P00162,LOC0141,2026-05-14 12:35:00,0.67
E002673,transfer,P00163,P00126,LOC0040,2026-04-13 18:58:00,0.68
E002674,transfer,P00122,P00786,LOC0126,2026-07-27 15:41:00,0.96
E002675,transfer,P00563,P00628,LOC0007,2026-01-08 20:30:00,0.62
E002676,movement,P00490,P00445,LOC0061,2026-04-05 10:17:00,0.8
E002677,item_handoff,P00338,P00922,LOC0112,2026-03-26 19:30:00,0.72
E002678,meeting,P00907,P00503,LOC0117,2026-04-13 00:12:00,0.75
E002679,observation,P00339,P00979,LOC0092,2026-06-03 13:19:00,0.84
E002680,meeting,P00399,P00386,LOC0087,2026-03-23 22:07:00,0.78
E002681,meeting,P00328,P00462,LOC0026,2026-06-12 09:17:00,0.63
E002682,transfer,P00332,P00997,LOC0001,2026-03-16 23:43:00,0.75
E002683,communication,P00778,P00611,LOC0094,2026-05-22 03:59:00,0.85
E002684,account_access,P00598,P00909,LOC0055,2026-02-05 10:43:00,0.79
E002685,account_access,P00540,P00631,LOC0042,2026-03-05 18:18:00,0.71
E002686,account_access,P00653,P00629,LOC0109,2026-04-14 16:07:00,0.94
E002687,account_access,P00467,P00162,LOC0063,2026-04-13 01:32:00,0.65
E002688,item_handoff,P00886,P00280,LOC0168,2026-01-17 17:21:00,0.85
E002689,account_access,P00824,P00309,LOC0160,2026-07-31 04:34:00,0.64
E002690,item_handoff,P00939,P00967,LOC0072,2026-03-17 16:31:00,0.62
E002691,communication,P00320,P00029,LOC0131,2026-03-11 14:57:00,0.86
E002692,meeting,P00913,P00300,LOC0150,2026-06-01 10:27:00,0.74
E002693,transfer,P00721,P00250,LOC0002,2026-01-23 01:33:00,0.76
E002694,communication,P00180,P00777,LOC0008,2026-03-12 21:55:00,0.85
E002695,observation,P00693,P00081,LOC0064,2026-01-18 01:40:00,0.92
E002696,item_handoff,P00324,P00762,LOC0015,2026-03-01 06:10:00,0.74
E002697,account_access,P00767,P00706,LOC0071,2026-06-14 20:53:00,0.6
E002698,meeting,P00296,P00209,LOC0127,2026-03-22 03:01:00,0.82
E002699,communication,P00633,P00011,LOC0151,2026-01-21 02:44:00,0.7
E002700,meeting,P00220,P00037,LOC0170,2026-06-15 08:44:00,0.81
E002701,transfer,P00260,P00744,LOC0113,2026-02-02 21:30:00,0.81
E002702,account_access,P00646,P00485,LOC0008,2026-07-30 12:38:00,0.65
E002703,item_handoff,P00586,P00440,LOC0172,2026-08-10 07:18:00,0.82
E002704,movement,P00748,P00698,LOC0124,2026-01-31 16:34:00,0.86
E002705,movement,P00462,P00063,LOC0120,2026-05-10 04:16:00,0.88
E002706,account_access,P00760,P00143,LOC0075,2026-06-15 21:27:00,0.75
E002707,item_handoff,P00027,P00709,LOC0069,2026-07-12 16:54:00,0.8
E002708,meeting,P00957,P00678,LOC0129,2026-05-22 11:03:00,0.76
E002709,item_handoff,P00212,P00351,LOC0104,2026-05-16 21:04:00,0.96
E002710,account_access,P00694,P00570,LOC0074,2026-01-31 10:38:00,0.7
E002711,transfer,P00769,P00772,LOC0082,2026-06-07 11:39:00,0.64
E002712,observation,P00408,P00406,LOC0087,2026-05-27 12:23:00,0.68
E002713,meeting,P00006,P00876,LOC0109,2026-01-06 08:37:00,0.76
E002714,communication,P00998,P00194,LOC0166,2026-07-22 01:22:00,0.69
E002715,movement,P00336,P00137,LOC0061,2026-08-15 11:55:00,0.67
E002716,meeting,P00127,P00554,LOC0010,2026-04-28 14:32:00,0.87
E002717,vehicle_use,P00769,P00326,LOC0031,2026-03-20 00:34:00,0.61
E002718,meeting,P00821,P00337,LOC0126,2026-07-22 15:58:00,0.62
E002719,item_handoff,P00298,P00775,LOC0022,2026-02-24 09:25:00,0.83
E002720,communication,P00851,P00380,LOC0058,2026-02-28 18:46:00,0.98
E002721,vehicle_use,P00189,P00993,LOC0021,2026-04-01 04:14:00,0.85
E002722,vehicle_use,P00853,P00786,LOC0040,2026-06-29 07:12:00,0.85
E002723,meeting,P00981,P00942,LOC0157,2026-02-15 04:02:00,0.91
E002724,communication,P00200,P00361,LOC0080,2026-03-16 03:27:00,0.67
E002725,item_handoff,P00830,P00461,LOC0129,2026-08-10 10:04:00,0.65
E002726,observation,P00933,P00092,LOC0047,2026-08-09 20:50:00,0.83
E002727,vehicle_use,P00588,P00569,LOC0005,2026-04-03 21:12:00,0.83
E002728,vehicle_use,P00908,P00603,LOC0163,2026-06-02 15:09:00,0.81
E002729,movement,P00640,P00345,LOC0011,2026-01-04 21:00:00,0.75
E002730,vehicle_use,P00253,P00179,LOC0005,2026-01-30 04:06:00,0.76
E002731,meeting,P00809,P00679,LOC0035,2026-06-21 07:00:00,0.69
E002732,account_access,P00160,P00663,LOC0011,2026-03-21 23:57:00,0.98
E002733,movement,P00886,P00380,LOC0070,2026-02-26 15:53:00,0.85
E002734,account_access,P00667,P00649,LOC0050,2026-05-27 10:38:00,0.79
E002735,item_handoff,P00225,P00444,LOC0155,2026-06-16 17:59:00,0.87
E002736,vehicle_use,P00752,P00370,LOC0028,2026-01-26 05:07:00,0.74
E002737,movement,P00918,P00837,LOC0156,2026-01-02 13:51:00,0.86
E002738,observation,P00940,P00442,LOC0027,2026-01-30 14:09:00,0.69
E002739,movement,P00184,P00563,LOC0117,2026-03-25 22:22:00,0.93
E002740,item_handoff,P00536,P00842,LOC0046,2026-08-18 20:52:00,0.79
E002741,meeting,P00566,P00405,LOC0093,2026-04-10 23:14:00,0.76
E002742,transfer,P00264,P00535,LOC0050,2026-06-01 09:21:00,0.64
E002743,communication,P00072,P00674,LOC0126,2026-06-26 01:09:00,0.64
E002744,movement,P00420,P00911,LOC0093,2026-05-23 22:43:00,0.71
E002745,account_access,P00509,P00842,LOC0055,2026-07-18 21:26:00,0.92
E002746,observation,P00561,P00685,LOC0139,2026-06-22 07:43:00,0.68
E002747,account_access,P00883,P00305,LOC0035,2026-08-18 08:23:00,0.68
E002748,movement,P00158,P00472,LOC0168,2026-04-18 19:03:00,0.97
E002749,observation,P00327,P00573,LOC0095,2026-08-03 01:07:00,0.88
E002750,meeting,P00258,P00818,LOC0111,2026-06-27 08:17:00,0.73
E002751,observation,P00571,P00975,LOC0097,2026-05-23 19:11:00,0.75
E002752,meeting,P00210,P00756,LOC0036,2026-08-08 22:24:00,0.74
E002753,communication,P00662,P00262,LOC0050,2026-08-18 10:47:00,0.97
E002754,account_access,P00087,P00178,LOC0023,2026-05-29 10:40:00,0.85
E002755,movement,P00488,P00249,LOC0131,2026-06-10 13:08:00,0.86
E002756,item_handoff,P00536,P00825,LOC0059,2026-02-04 19:44:00,0.64
E002757,item_handoff,P00882,P00437,LOC0086,2026-03-09 13:44:00,0.9
E002758,item_handoff,P00807,P00731,LOC0120,2026-03-10 12:24:00,0.96
E002759,transfer,P00194,P00810,LOC0059,2026-05-10 22:37:00,0.77
E002760,item_handoff,P00514,P00650,LOC0006,2026-03-08 20:31:00,0.78
E002761,movement,P00025,P00972,LOC0036,2026-03-22 02:53:00,0.93
E002762,transfer,P00762,P00664,LOC0171,2026-03-21 13:21:00,0.68
E002763,meeting,P00946,P00552,LOC0012,2026-05-10 02:56:00,0.66
E002764,transfer,P00912,P00064,LOC0090,2026-05-15 15:40:00,0.81
E002765,transfer,P00375,P00603,LOC0122,2026-01-20 16:37:00,0.79
E002766,item_handoff,P00974,P00123,LOC0168,2026-02-25 15:29:00,0.87
E002767,account_access,P00119,P00477,LOC0160,2026-08-01 12:41:00,0.77
E002768,account_access,P00082,P00070,LOC0110,2026-07-26 09:36:00,0.98
E002769,vehicle_use,P00467,P00902,LOC0130,2026-03-26 02:45:00,0.76
E002770,item_handoff,P00719,P00957,LOC0065,2026-03-08 20:32:00,0.89
E002771,observation,P00558,P00210,LOC0094,2026-06-23 14:03:00,0.65
E002772,movement,P00073,P00718,LOC0016,2026-08-20 15:35:00,0.69
E002773,account_access,P00425,P00898,LOC0007,2026-01-07 20:42:00,0.6
E002774,vehicle_use,P00767,P00457,LOC0061,2026-01-15 11:31:00,0.71
E002775,movement,P00571,P00953,LOC0011,2026-01-09 04:58:00,0.75
E002776,movement,P00253,P00842,LOC0018,2026-02-21 14:31:00,0.84
E002777,meeting,P00236,P00282,LOC0132,2026-05-31 07:28:00,0.83
E002778,transfer,P00906,P00382,LOC0058,2026-08-15 22:44:00,0.96
E002779,item_handoff,P00326,P00078,LOC0158,2026-01-02 23:57:00,0.61
E002780,item_handoff,P00346,P00123,LOC0119,2026-04-30 14:55:00,0.79
E002781,transfer,P00342,P00622,LOC0076,2026-04-11 23:03:00,0.8
E002782,vehicle_use,P00041,P00017,LOC0076,2026-03-14 11:22:00,0.89
E002783,meeting,P00284,P00385,LOC0095,2026-02-08 13:38:00,0.89
E002784,communication,P00058,P00073,LOC0047,2026-06-10 03:24:00,0.82
E002785,transfer,P00383,P00797,LOC0152,2026-05-08 10:38:00,0.81
E002786,observation,P00347,P00641,LOC0036,2026-04-22 05:05:00,0.8
E002787,meeting,P00747,P00014,LOC0071,2026-02-19 08:56:00,0.82
E002788,vehicle_use,P00262,P00709,LOC0161,2026-06-11 09:00:00,0.66
E002789,observation,P00801,P00360,LOC0077,2026-02-08 22:55:00,0.84
E002790,vehicle_use,P00446,P00301,LOC0110,2026-06-19 01:00:00,0.69
E002791,account_access,P00254,P00685,LOC0121,2026-01-13 12:01:00,0.89
E002792,communication,P00947,P00550,LOC0084,2026-06-22 21:09:00,0.98
E002793,account_access,P00385,P00643,LOC0084,2026-01-27 07:42:00,0.97
E002794,account_access,P00444,P00253,LOC0002,2026-01-13 01:36:00,0.95
E002795,vehicle_use,P00694,P00905,LOC0020,2026-07-16 08:16:00,0.83
E002796,account_access,P00461,P00608,LOC0098,2026-03-15 17:33:00,0.8
E002797,item_handoff,P00070,P00018,LOC0027,2026-07-04 09:41:00,0.89
E002798,meeting,P00835,P00930,LOC0054,2026-03-02 16:07:00,0.75
E002799,observation,P00703,P00144,LOC0168,2026-02-06 22:03:00,0.79
E002800,vehicle_use,P00174,P00197,LOC0075,2026-06-04 06:29:00,0.66
E002801,meeting,P00446,P00777,LOC0023,2026-04-19 01:19:00,0.71
E002802,movement,P00491,P00064,LOC0009,2026-01-05 04:48:00,0.63
E002803,communication,P00333,P00220,LOC0053,2026-01-18 17:50:00,0.8
E002804,transfer,P00521,P00506,LOC0138,2026-05-19 14:11:00,0.75
E002805,meeting,P00091,P00380,LOC0084,2026-01-29 22:29:00,0.99
E002806,item_handoff,P00941,P00652,LOC0096,2026-07-20 12:22:00,0.82
E002807,account_access,P00134,P00225,LOC0098,2026-06-02 10:55:00,0.67
E002808,item_handoff,P00858,P00062,LOC0067,2026-06-28 04:06:00,0.7
E002809,communication,P00675,P00404,LOC0161,2026-06-13 04:02:00,0.92
E002810,account_access,P00424,P00725,LOC0001,2026-03-24 09:35:00,0.63
E002811,communication,P00018,P00403,LOC0164,2026-06-25 03:16:00,0.7
E002812,transfer,P00563,P00134,LOC0143,2026-01-02 20:20:00,0.89
E002813,meeting,P00008,P00517,LOC0033,2026-02-07 08:31:00,0.68
E002814,transfer,P00702,P00618,LOC0095,2026-06-05 09:17:00,0.96
E002815,vehicle_use,P00770,P00023,LOC0153,2026-05-03 10:25:00,0.87
E002816,account_access,P00726,P00227,LOC0086,2026-01-07 08:40:00,0.93
E002817,account_access,P00587,P00797,LOC0030,2026-04-09 08:26:00,0.95
E002818,vehicle_use,P00741,P00533,LOC0097,2026-06-01 12:49:00,0.65
E002819,communication,P00293,P00606,LOC0010,2026-06-25 17:44:00,0.81
E002820,vehicle_use,P00657,P00418,LOC0022,2026-07-10 06:16:00,0.91
E002821,transfer,P00831,P00186,LOC0097,2026-04-28 11:32:00,0.77
E002822,communication,P00833,P00492,LOC0113,2026-06-23 23:39:00,0.95
E002823,communication,P00927,P00838,LOC0121,2026-06-02 02:31:00,0.98
E002824,movement,P00070,P00707,LOC0108,2026-03-01 06:01:00,0.76
E002825,observation,P00152,P00435,LOC0084,2026-01-28 02:58:00,0.69
E002826,vehicle_use,P00807,P00772,LOC0168,2026-08-20 20:00:00,0.69
E002827,vehicle_use,P00790,P00104,LOC0047,2026-02-08 18:18:00,0.67
E002828,communication,P00512,P00799,LOC0135,2026-04-28 11:58:00,0.81
E002829,vehicle_use,P00403,P00219,LOC0014,2026-05-26 14:53:00,0.84
E002830,vehicle_use,P00024,P00062,LOC0118,2026-01-23 11:25:00,0.67
E002831,item_handoff,P00008,P00481,LOC0104,2026-03-29 07:42:00,0.85
E002832,meeting,P00458,P00753,LOC0003,2026-03-30 05:49:00,0.64
E002833,account_access,P00511,P00776,LOC0063,2026-04-09 06:47:00,0.95
E002834,vehicle_use,P00087,P00411,LOC0054,2026-07-13 12:55:00,0.98
E002835,account_access,P00491,P00240,LOC0112,2026-02-07 08:18:00,0.7
E002836,account_access,P00240,P00069,LOC0037,2026-01-18 23:27:00,0.61
E002837,transfer,P00219,P00708,LOC0003,2026-08-05 18:21:00,0.79
E002838,observation,P00111,P00867,LOC0019,2026-08-13 18:22:00,0.66
E002839,vehicle_use,P00946,P00040,LOC0153,2026-06-15 11:52:00,0.75
E002840,transfer,P00425,P00713,LOC0005,2026-02-10 11:18:00,0.65
E002841,transfer,P00379,P00109,LOC0151,2026-03-15 14:40:00,0.84
E002842,meeting,P00558,P00599,LOC0140,2026-05-02 23:28:00,0.84
E002843,transfer,P00340,P00405,LOC0097,2026-06-24 10:58:00,0.64
E002844,account_access,P00383,P00908,LOC0005,2026-02-18 22:06:00,0.83
E002845,movement,P00799,P00630,LOC0151,2026-02-27 14:50:00,0.77
E002846,transfer,P00023,P00104,LOC0083,2026-01-25 17:42:00,0.97
E002847,vehicle_use,P00284,P00003,LOC0148,2026-07-27 21:18:00,0.91
E002848,item_handoff,P00851,P00656,LOC0121,2026-03-17 03:41:00,0.73
E002849,vehicle_use,P00902,P00087,LOC0111,2026-01-21 03:14:00,0.92
E002850,observation,P00762,P00860,LOC0103,2026-01-02 09:38:00,0.78
E002851,movement,P00551,P00697,LOC0072,2026-06-17 20:28:00,0.85
E002852,account_access,P00666,P00098,LOC0074,2026-05-10 11:21:00,0.74
E002853,vehicle_use,P00194,P00039,LOC0086,2026-06-14 21:12:00,0.84
E002854,movement,P00410,P00266,LOC0067,2026-06-10 12:39:00,0.88
E002855,communication,P00102,P00085,LOC0117,2026-02-10 22:46:00,0.69
E002856,account_access,P00411,P00735,LOC0156,2026-02-04 00:31:00,0.73
E002857,movement,P00107,P00718,LOC0113,2026-07-13 16:05:00,0.83
E002858,account_access,P00719,P00145,LOC0034,2026-07-20 00:05:00,0.88
E002859,account_access,P00117,P00616,LOC0120,2026-03-03 17:15:00,0.86
E002860,movement,P00347,P00460,LOC0146,2026-04-27 11:49:00,0.77
E002861,movement,P00825,P00073,LOC0110,2026-04-10 23:11:00,0.8
E002862,vehicle_use,P00109,P00222,LOC0171,2026-02-08 18:05:00,0.91
E002863,movement,P00298,P00807,LOC0130,2026-05-15 01:49:00,0.77
E002864,observation,P00940,P00200,LOC0021,2026-01-25 16:12:00,0.67
E002865,account_access,P00652,P00627,LOC0161,2026-03-26 01:25:00,0.88
E002866,transfer,P00775,P00053,LOC0006,2026-04-21 20:38:00,0.74
E002867,account_access,P00158,P00191,LOC0074,2026-04-03 19:15:00,0.89
E002868,observation,P00206,P00312,LOC0086,2026-08-17 12:39:00,0.81
E002869,communication,P00092,P00137,LOC0157,2026-04-24 10:43:00,0.65
E002870,communication,P00561,P00901,LOC0116,2026-04-06 14:27:00,0.66
E002871,vehicle_use,P00493,P00928,LOC0067,2026-02-02 04:07:00,0.69
E002872,movement,P00513,P00628,LOC0158,2026-08-12 00:36:00,0.95
E002873,communication,P00596,P00675,LOC0067,2026-06-01 21:34:00,0.96
E002874,item_handoff,P00755,P00577,LOC0101,2026-01-12 21:03:00,0.77
E002875,movement,P00358,P00815,LOC0005,2026-04-12 16:23:00,0.93
E002876,meeting,P00456,P00251,LOC0146,2026-07-24 14:21:00,0.91
E002877,communication,P00759,P00179,LOC0152,2026-06-02 06:45:00,0.87
E002878,meeting,P00345,P00665,LOC0176,2026-01-19 12:45:00,0.97
E002879,account_access,P00051,P00861,LOC0115,2026-02-18 10:14:00,0.91
E002880,item_handoff,P00866,P00668,LOC0081,2026-07-14 08:50:00,0.66
E002881,observation,P00531,P00545,LOC0113,2026-08-23 15:51:00,0.86
E002882,transfer,P00432,P00699,LOC0134,2026-08-03 17:12:00,0.63
E002883,transfer,P00226,P00536,LOC0061,2026-04-03 16:08:00,0.66
E002884,observation,P00276,P00311,LOC0117,2026-01-31 16:20:00,0.82
E002885,observation,P00949,P00232,LOC0135,2026-03-12 05:04:00,0.67
E002886,vehicle_use,P00750,P00494,LOC0095,2026-03-01 22:21:00,0.93
E002887,movement,P00912,P00673,LOC0054,2026-08-27 00:00:00,0.89
E002888,account_access,P00902,P00191,LOC0019,2026-07-08 06:09:00,0.78
E002889,transfer,P00624,P00599,LOC0096,2026-05-09 21:54:00,0.63
E002890,communication,P00998,P00173,LOC0125,2026-08-01 20:25:00,0.82
E002891,movement,P00756,P00655,LOC0121,2026-07-25 18:25:00,0.96
E002892,transfer,P00906,P00396,LOC0099,2026-02-17 14:47:00,0.77
E002893,vehicle_use,P00255,P00588,LOC0059,2026-03-04 21:39:00,0.83
E002894,observation,P00476,P00733,LOC0018,2026-02-02 07:15:00,0.6
E002895,observation,P00586,P00545,LOC0175,2026-07-31 03:27:00,0.94
E002896,account_access,P00256,P00797,LOC0137,2026-02-09 13:19:00,0.78
E002897,item_handoff,P00023,P00299,LOC0160,2026-08-20 01:07:00,0.77
E002898,vehicle_use,P00022,P00565,LOC0024,2026-06-08 18:01:00,0.71
E002899,account_access,P00992,P00995,LOC0002,2026-05-12 14:07:00,0.81
E002900,item_handoff,P00117,P00945,LOC0015,2026-06-17 06:23:00,0.87
E002901,observation,P00875,P00853,LOC0145,2026-02-03 00:05:00,0.64
E002902,communication,P00350,P00538,LOC0174,2026-06-21 17:40:00,0.68
E002903,item_handoff,P00290,P00908,LOC0092,2026-06-24 21:25:00,0.96
E002904,communication,P00779,P00079,LOC0038,2026-01-23 02:50:00,0.93
E002905,movement,P00706,P00532,LOC0045,2026-01-27 20:40:00,0.97
E002906,transfer,P00430,P00811,LOC0016,2026-01-22 12:22:00,0.74
E002907,vehicle_use,P00235,P00758,LOC0173,2026-05-22 15:18:00,0.88
E002908,communication,P00169,P00949,LOC0017,2026-04-16 03:39:00,0.94
E002909,item_handoff,P00790,P00279,LOC0065,2026-06-16 17:16:00,0.92
E002910,observation,P00360,P00978,LOC0129,2026-02-20 19:51:00,0.97
E002911,account_access,P00949,P00031,LOC0115,2026-08-12 09:41:00,0.94
E002912,transfer,P00915,P00012,LOC0100,2026-06-01 14:33:00,0.73
E002913,communication,P00716,P00662,LOC0108,2026-07-23 18:40:00,0.88
E002914,transfer,P00034,P00632,LOC0127,2026-06-28 23:07:00,0.91
E002915,movement,P00180,P00365,LOC0021,2026-02-04 12:20:00,0.74
E002916,vehicle_use,P00082,P01000,LOC0049,2026-05-10 15:41:00,0.67
E002917,transfer,P00543,P00613,LOC0093,2026-06-21 07:04:00,0.71
E002918,meeting,P00968,P00348,LOC0105,2026-07-09 22:07:00,0.71
E002919,item_handoff,P00961,P00210,LOC0092,2026-01-19 00:08:00,0.89
E002920,account_access,P00627,P00220,LOC0130,2026-01-05 17:09:00,0.98
E002921,account_access,P00210,P00238,LOC0072,2026-08-21 20:17:00,0.73
E002922,movement,P00286,P00602,LOC0084,2026-01-01 20:55:00,0.74
E002923,movement,P00928,P00623,LOC0020,2026-06-16 15:14:00,0.72
E002924,transfer,P00111,P00556,LOC0039,2026-06-04 18:50:00,0.64
E002925,meeting,P00305,P00342,LOC0072,2026-01-04 07:26:00,0.89
E002926,meeting,P00363,P00420,LOC0142,2026-04-23 00:28:00,0.65
E002927,item_handoff,P00408,P00724,LOC0154,2026-07-19 18:12:00,0.83
E002928,communication,P00050,P00948,LOC0097,2026-02-20 02:23:00,0.63
E002929,vehicle_use,P00275,P00781,LOC0014,2026-04-29 09:42:00,0.7
E002930,account_access,P00027,P00030,LOC0038,2026-03-29 15:30:00,0.65
E002931,account_access,P00844,P00193,LOC0135,2026-01-05 17:34:00,0.92
E002932,movement,P00005,P00741,LOC0119,2026-06-19 05:17:00,0.67
E002933,communication,P00457,P00076,LOC0008,2026-01-19 04:21:00,0.8
E002934,account_access,P00278,P00686,LOC0177,2026-03-31 04:15:00,0.81
E002935,vehicle_use,P00714,P00828,LOC0082,2026-08-30 19:13:00,0.89
E002936,account_access,P00984,P00972,LOC0015,2026-02-20 02:27:00,0.9
E002937,movement,P00235,P00728,LOC0113,2026-03-18 19:35:00,0.83
E002938,observation,P00146,P00138,LOC0026,2026-01-04 09:41:00,0.95
E002939,movement,P00069,P00997,LOC0113,2026-04-27 14:16:00,0.97
E002940,vehicle_use,P00361,P00612,LOC0078,2026-06-13 19:31:00,0.93
E002941,communication,P00232,P00677,LOC0139,2026-06-04 22:02:00,0.86
E002942,transfer,P00660,P00468,LOC0170,2026-03-02 14:01:00,0.92
E002943,transfer,P00571,P00853,LOC0004,2026-01-06 13:11:00,0.83
E002944,observation,P00257,P00590,LOC0020,2026-06-14 02:24:00,0.71
E002945,meeting,P00796,P00242,LOC0063,2026-05-25 06:42:00,0.92
E002946,movement,P00392,P00315,LOC0027,2026-08-31 21:42:00,0.77
E002947,item_handoff,P00449,P00218,LOC0156,2026-07-14 15:39:00,0.65
E002948,vehicle_use,P00897,P00492,LOC0053,2026-01-30 11:55:00,0.87
E002949,account_access,P00190,P00409,LOC0087,2026-05-23 12:42:00,0.66
E002950,account_access,P00942,P00822,LOC0148,2026-05-17 00:26:00,0.64
E002951,account_access,P00597,P00792,LOC0038,2026-02-10 04:22:00,0.77
E002952,vehicle_use,P00600,P00264,LOC0049,2026-04-03 14:40:00,0.89
E002953,meeting,P00481,P00593,LOC0054,2026-04-28 23:53:00,0.75
E002954,transfer,P00304,P00140,LOC0083,2026-04-07 11:59:00,0.67
E002955,communication,P00244,P00739,LOC0088,2026-02-09 12:06:00,0.7
E002956,observation,P00967,P00599,LOC0025,2026-04-28 10:30:00,0.83
E002957,movement,P00597,P00641,LOC0093,2026-03-01 05:06:00,0.82
E002958,movement,P00569,P00967,LOC0168,2026-01-11 17:59:00,0.68
E002959,movement,P00755,P00231,LOC0165,2026-05-16 19:31:00,0.8
E002960,transfer,P00567,P00088,LOC0089,2026-05-31 04:18:00,0.66
E002961,movement,P00066,P00699,LOC0158,2026-06-12 15:43:00,0.78
E002962,vehicle_use,P00707,P00298,LOC0090,2026-07-22 16:16:00,0.67
E002963,item_handoff,P00438,P00650,LOC0146,2026-04-13 13:08:00,0.98
E002964,account_access,P00031,P00434,LOC0002,2026-04-20 12:20:00,0.64
E002965,vehicle_use,P00247,P00338,LOC0062,2026-04-05 05:56:00,0.86
E002966,meeting,P00617,P00895,LOC0107,2026-04-17 02:05:00,0.86
E002967,transfer,P00115,P00594,LOC0007,2026-01-27 23:24:00,0.71
E002968,movement,P00441,P00568,LOC0002,2026-07-04 22:30:00,0.89
E002969,item_handoff,P00865,P00299,LOC0052,2026-05-16 21:43:00,0.61
E002970,communication,P00381,P00657,LOC0084,2026-03-29 21:05:00,0.79
E002971,item_handoff,P00200,P00080,LOC0083,2026-07-05 15:14:00,0.93
E002972,observation,P00148,P00603,LOC0154,2026-06-03 07:35:00,0.74
E002973,item_handoff,P00460,P00849,LOC0054,2026-02-06 19:25:00,0.72
E002974,account_access,P00387,P00785,LOC0003,2026-04-28 15:45:00,0.78
E002975,movement,P00820,P00572,LOC0129,2026-02-20 23:21:00,0.61
E002976,account_access,P00732,P00513,LOC0060,2026-07-23 19:46:00,0.95
E002977,meeting,P00218,P00720,LOC0010,2026-07-08 11:49:00,0.84
E002978,account_access,P00185,P00121,LOC0005,2026-04-26 03:46:00,0.72
E002979,observation,P00984,P00209,LOC0174,2026-07-15 03:05:00,0.72
E002980,meeting,P00283,P00359,LOC0097,2026-03-01 17:53:00,0.63
E002981,movement,P00125,P00413,LOC0098,2026-01-07 21:13:00,0.66
E002982,account_access,P00220,P00129,LOC0163,2026-07-04 21:25:00,0.84
E002983,meeting,P00997,P00051,LOC0032,2026-08-20 15:16:00,0.94
E002984,meeting,P00345,P00437,LOC0113,2026-01-14 22:30:00,0.87
E002985,account_access,P00401,P00995,LOC0010,2026-01-24 18:11:00,0.67
E002986,communication,P00304,P00718,LOC0176,2026-03-15 21:58:00,0.68
E002987,item_handoff,P00331,P00426,LOC0101,2026-02-08 11:12:00,0.98
E002988,vehicle_use,P00198,P00889,LOC0042,2026-06-21 05:22:00,0.6
E002989,meeting,P00620,P00029,LOC0053,2026-06-21 04:27:00,0.62
E002990,movement,P00565,P00685,LOC0120,2026-03-20 11:24:00,0.74
E002991,vehicle_use,P00988,P00754,LOC0142,2026-02-19 09:23:00,0.85
E002992,observation,P00088,P00222,LOC0154,2026-05-15 00:07:00,0.98
E002993,vehicle_use,P00023,P00775,LOC0112,2026-04-04 00:31:00,0.77
E002994,movement,P00868,P00497,LOC0123,2026-04-15 21:14:00,0.68
E002995,item_handoff,P00823,P00810,LOC0176,2026-02-15 23:54:00,0.81
E002996,item_handoff,P00794,P00748,LOC0033,2026-03-23 21:37:00,0.98
E002997,transfer,P00049,P00122,LOC0114,2026-06-26 04:20:00,0.9
E002998,account_access,P00327,P00797,LOC0011,2026-06-24 21:12:00,0.72
E002999,transfer,P00914,P00061,LOC0021,2026-05-28 09:31:00,0.9
E003000,transfer,P00138,P00642,LOC0090,2026-04-10 21:29:00,0.91
E003001,observation,P00760,P00690,LOC0161,2026-05-24 04:37:00,0.72
E003002,account_access,P00214,P00030,LOC0170,2026-07-10 16:03:00,0.62
E003003,observation,P00215,P00577,LOC0003,2026-03-06 15:54:00,0.62
E003004,item_handoff,P00166,P00356,LOC0031,2026-01-09 10:47:00,0.78
E003005,transfer,P00715,P00988,LOC0135,2026-01-01 04:43:00,0.77
E003006,meeting,P00702,P00227,LOC0128,2026-02-06 09:09:00,0.86
E003007,observation,P00897,P00763,LOC0019,2026-05-27 09:02:00,0.91
E003008,item_handoff,P00455,P00030,LOC0154,2026-03-10 16:08:00,0.65
E003009,item_handoff,P00650,P00083,LOC0043,2026-06-03 11:41:00,0.75
E003010,account_access,P00111,P00167,LOC0024,2026-02-19 05:29:00,0.88
E003011,communication,P00511,P00214,LOC0080,2026-08-14 06:10:00,0.93
E003012,observation,P00114,P00125,LOC0051,2026-04-29 05:32:00,0.78
E003013,vehicle_use,P00840,P00666,LOC0007,2026-04-24 02:07:00,0.77
E003014,movement,P00139,P00791,LOC0020,2026-06-24 13:00:00,0.61
E003015,communication,P00442,P00542,LOC0105,2026-02-04 16:30:00,0.74
E003016,meeting,P00414,P00842,LOC0085,2026-01-09 01:50:00,0.86
E003017,item_handoff,P00688,P00134,LOC0002,2026-04-12 12:59:00,0.95
E003018,observation,P00011,P00214,LOC0139,2026-01-22 16:46:00,0.73
E003019,item_handoff,P00524,P00219,LOC0004,2026-02-08 11:45:00,0.69
E003020,observation,P00790,P00008,LOC0007,2026-02-16 15:43:00,0.76
E003021,vehicle_use,P00957,P00693,LOC0030,2026-08-01 22:38:00,0.73
E003022,meeting,P00128,P00586,LOC0088,2026-04-30 13:37:00,0.64
E003023,vehicle_use,P00191,P00251,LOC0112,2026-03-25 11:38:00,0.75
E003024,observation,P00573,P00854,LOC0098,2026-05-08 04:29:00,0.68
E003025,item_handoff,P00988,P00389,LOC0176,2026-06-07 11:21:00,0.61
E003026,communication,P00588,P00754,LOC0069,2026-04-20 20:48:00,0.79
E003027,communication,P00599,P00386,LOC0099,2026-07-11 10:12:00,0.76
E003028,transfer,P00560,P00879,LOC0033,2026-03-05 20:02:00,0.61
E003029,movement,P00548,P00105,LOC0003,2026-01-04 22:25:00,0.78
E003030,communication,P01000,P00088,LOC0163,2026-08-16 12:50:00,0.65
E003031,vehicle_use,P00392,P00732,LOC0155,2026-05-31 07:29:00,0.92
E003032,account_access,P00311,P00873,LOC0040,2026-08-28 18:19:00,0.96
E003033,vehicle_use,P00533,P00231,LOC0082,2026-04-04 06:43:00,0.95
E003034,item_handoff,P00148,P00272,LOC0169,2026-08-08 22:49:00,0.76
E003035,account_access,P00261,P00558,LOC0112,2026-02-16 02:07:00,0.73
E003036,item_handoff,P00462,P00655,LOC0026,2026-06-12 15:32:00,0.81
E003037,communication,P00478,P00374,LOC0075,2026-07-16 15:17:00,0.83
E003038,observation,P00042,P00988,LOC0125,2026-05-20 00:24:00,0.66
E003039,meeting,P00738,P00337,LOC0154,2026-02-21 13:53:00,0.7
E003040,item_handoff,P00877,P00546,LOC0032,2026-05-19 10:33:00,0.95
E003041,account_access,P00272,P00317,LOC0171,2026-06-21 16:13:00,0.93
E003042,transfer,P00721,P00567,LOC0061,2026-06-09 09:52:00,0.84
E003043,transfer,P00792,P00070,LOC0044,2026-01-28 05:53:00,0.72
E003044,account_access,P00850,P00538,LOC0099,2026-04-26 15:04:00,0.88
E003045,item_handoff,P00118,P00355,LOC0027,2026-02-08 00:10:00,0.84
E003046,transfer,P00547,P00197,LOC0140,2026-08-14 19:55:00,0.88
E003047,account_access,P00127,P00238,LOC0062,2026-07-04 14:53:00,0.89
E003048,meeting,P00065,P00126,LOC0161,2026-06-25 19:42:00,0.8
E003049,transfer,P00245,P00705,LOC0118,2026-01-06 21:59:00,0.62
E003050,account_access,P00321,P00390,LOC0043,2026-08-23 22:17:00,0.84
E003051,item_handoff,P00622,P00747,LOC0119,2026-06-27 11:43:00,0.77
E003052,vehicle_use,P00948,P00031,LOC0031,2026-02-10 11:40:00,0.63
E003053,meeting,P00836,P00517,LOC0034,2026-01-06 14:07:00,0.83
E003054,meeting,P00856,P00888,LOC0047,2026-03-03 05:59:00,0.64
E003055,item_handoff,P00171,P00074,LOC0019,2026-04-15 06:04:00,0.76
E003056,meeting,P00983,P00996,LOC0120,2026-05-17 14:49:00,0.75
E003057,meeting,P00773,P00078,LOC0022,2026-06-22 19:08:00,0.7
E003058,transfer,P00364,P00093,LOC0155,2026-05-23 02:12:00,0.84
E003059,vehicle_use,P00485,P00977,LOC0156,2026-07-09 09:07:00,0.78
E003060,meeting,P00725,P00954,LOC0026,2026-08-29 21:39:00,0.61
E003061,communication,P00778,P00421,LOC0012,2026-03-15 10:20:00,0.67
E003062,observation,P00567,P00721,LOC0005,2026-01-02 03:15:00,0.95
E003063,item_handoff,P00804,P00566,LOC0051,2026-08-24 16:36:00,0.8
E003064,communication,P00097,P00307,LOC0156,2026-04-27 02:49:00,0.72
E003065,movement,P00504,P00468,LOC0099,2026-07-07 11:22:00,0.84
E003066,item_handoff,P00425,P00058,LOC0123,2026-06-19 20:58:00,0.8
E003067,account_access,P00622,P00253,LOC0024,2026-08-07 19:47:00,0.72
E003068,movement,P00661,P00762,LOC0132,2026-08-10 12:39:00,0.75
E003069,communication,P00064,P00686,LOC0121,2026-02-06 12:32:00,0.82
E003070,observation,P00463,P00537,LOC0137,2026-02-01 12:21:00,0.69
E003071,item_handoff,P00759,P00457,LOC0122,2026-06-07 02:59:00,0.62
E003072,observation,P00541,P00081,LOC0025,2026-05-25 02:16:00,0.84
E003073,communication,P00092,P00008,LOC0114,2026-02-24 09:54:00,0.86
E003074,vehicle_use,P00831,P00287,LOC0057,2026-05-06 09:13:00,0.69
E003075,communication,P00209,P00989,LOC0147,2026-01-28 23:13:00,0.75
E003076,vehicle_use,P00634,P00505,LOC0122,2026-04-09 22:42:00,0.76
E003077,movement,P00247,P00367,LOC0094,2026-08-07 09:19:00,0.88
E003078,communication,P00723,P00622,LOC0163,2026-04-12 18:57:00,0.77
E003079,vehicle_use,P00112,P00577,LOC0048,2026-08-15 04:25:00,0.69
E003080,transfer,P00860,P00449,LOC0127,2026-03-25 16:14:00,0.95
E003081,transfer,P00269,P00489,LOC0005,2026-05-05 22:36:00,0.76
E003082,item_handoff,P00482,P00727,LOC0179,2026-02-09 07:42:00,0.66
E003083,transfer,P00918,P00773,LOC0113,2026-04-02 01:17:00,0.69
E003084,observation,P00642,P00677,LOC0013,2026-03-25 09:19:00,0.78
E003085,transfer,P00108,P00669,LOC0180,2026-05-11 17:55:00,0.79
E003086,item_handoff,P00558,P00791,LOC0090,2026-08-17 07:06:00,0.74
E003087,movement,P00669,P00431,LOC0093,2026-07-08 05:25:00,0.6
E003088,transfer,P00852,P00469,LOC0014,2026-08-09 03:53:00,0.61
E003089,communication,P00270,P00625,LOC0043,2026-03-13 19:17:00,0.87
E003090,account_access,P00142,P00671,LOC0113,2026-04-02 08:21:00,0.79
E003091,item_handoff,P00009,P00857,LOC0020,2026-02-21 08:51:00,0.78
E003092,communication,P00418,P00195,LOC0026,2026-01-19 16:55:00,0.89
E003093,meeting,P00650,P00748,LOC0013,2026-07-23 11:05:00,0.86
E003094,meeting,P00647,P00900,LOC0059,2026-06-10 08:47:00,0.91
E003095,meeting,P00912,P00163,LOC0150,2026-08-07 09:24:00,0.93
E003096,transfer,P00605,P00329,LOC0174,2026-01-20 06:30:00,0.83
E003097,observation,P00720,P00566,LOC0153,2026-06-08 16:51:00,0.61
E003098,vehicle_use,P00211,P00550,LOC0128,2026-04-07 08:28:00,0.98
E003099,communication,P00096,P00076,LOC0032,2026-03-28 19:25:00,0.81
E003100,observation,P00811,P00704,LOC0048,2026-04-16 14:06:00,0.83
E003101,transfer,P00150,P00950,LOC0071,2026-03-11 12:56:00,0.73
E003102,vehicle_use,P00661,P00793,LOC0014,2026-05-06 03:37:00,0.66
E003103,communication,P00710,P00093,LOC0133,2026-01-09 00:47:00,0.72
E003104,meeting,P00286,P00159,LOC0087,2026-05-31 12:23:00,0.97
E003105,movement,P00300,P00314,LOC0175,2026-02-26 01:41:00,0.8
E003106,item_handoff,P00046,P00945,LOC0161,2026-01-24 21:39:00,0.63
E003107,meeting,P00409,P00852,LOC0171,2026-07-13 04:20:00,0.98
E003108,transfer,P00002,P00322,LOC0079,2026-06-03 03:22:00,0.86
E003109,account_access,P00707,P00192,LOC0020,2026-08-30 16:34:00,0.79
E003110,item_handoff,P00569,P00787,LOC0140,2026-06-19 02:59:00,0.64
E003111,communication,P00462,P00476,LOC0166,2026-04-23 11:14:00,0.71
E003112,vehicle_use,P00912,P00260,LOC0095,2026-06-21 11:48:00,0.83
E003113,meeting,P00941,P00473,LOC0071,2026-04-14 01:16:00,0.62
E003114,observation,P00306,P00252,LOC0026,2026-02-08 02:44:00,0.7
E003115,item_handoff,P00724,P00828,LOC0077,2026-02-13 08:24:00,0.93
E003116,communication,P00461,P00480,LOC0063,2026-01-28 09:15:00,0.97
E003117,transfer,P00536,P00549,LOC0085,2026-07-01 06:18:00,0.6
E003118,item_handoff,P00192,P00345,LOC0107,2026-02-12 15:31:00,0.98
E003119,observation,P00629,P00388,LOC0151,2026-07-18 12:41:00,0.61
E003120,item_handoff,P00972,P00601,LOC0173,2026-03-17 10:32:00,0.86
E003121,communication,P00758,P00378,LOC0023,2026-08-20 01:49:00,0.64
E003122,meeting,P00051,P00197,LOC0142,2026-06-12 19:28:00,0.67
E003123,movement,P00206,P00613,LOC0064,2026-07-24 07:26:00,0.64
E003124,movement,P00777,P00223,LOC0086,2026-03-25 06:22:00,0.93
E003125,meeting,P00805,P00239,LOC0041,2026-05-28 12:23:00,0.79
E003126,communication,P00024,P00123,LOC0008,2026-06-13 15:30:00,0.77
E003127,transfer,P00160,P00965,LOC0138,2026-07-13 14:08:00,0.84
E003128,meeting,P00080,P00590,LOC0087,2026-08-14 04:52:00,0.96
E003129,observation,P00043,P00593,LOC0127,2026-07-26 21:14:00,0.76
E003130,vehicle_use,P00501,P00783,LOC0124,2026-01-14 12:11:00,0.62
E003131,observation,P00122,P00772,LOC0080,2026-07-20 14:24:00,0.78
E003132,item_handoff,P00116,P00354,LOC0010,2026-07-17 03:24:00,0.66
E003133,transfer,P00318,P00426,LOC0155,2026-01-09 02:29:00,0.87
E003134,transfer,P00815,P00351,LOC0079,2026-06-02 09:58:00,0.85
E003135,meeting,P00182,P00238,LOC0019,2026-06-15 18:54:00,0.68
E003136,meeting,P00929,P00707,LOC0049,2026-01-28 11:11:00,0.97
E003137,account_access,P00166,P00051,LOC0054,2026-01-18 17:34:00,0.82
E003138,movement,P00032,P00717,LOC0005,2026-03-25 02:42:00,0.96
E003139,meeting,P00341,P00478,LOC0033,2026-07-29 14:59:00,0.71
E003140,meeting,P00763,P00817,LOC0171,2026-08-09 11:31:00,0.71
E003141,transfer,P00392,P00503,LOC0118,2026-08-27 23:08:00,0.91
E003142,meeting,P00840,P00583,LOC0028,2026-06-27 03:24:00,0.84
E003143,vehicle_use,P00366,P00395,LOC0086,2026-06-13 22:21:00,0.74
E003144,observation,P00657,P00309,LOC0167,2026-03-07 06:15:00,0.77
E003145,item_handoff,P00657,P00655,LOC0009,2026-07-22 08:06:00,0.85
E003146,observation,P00937,P00281,LOC0135,2026-03-19 07:25:00,0.83
E003147,communication,P00121,P00279,LOC0016,2026-02-12 10:26:00,0.76
E003148,communication,P00283,P00936,LOC0026,2026-07-13 21:59:00,0.76
E003149,item_handoff,P00436,P00553,LOC0110,2026-04-29 10:37:00,0.98
E003150,meeting,P00153,P00166,LOC0104,2026-05-25 05:54:00,0.81
E003151,movement,P00176,P00732,LOC0154,2026-02-22 10:17:00,0.89
E003152,movement,P00340,P00968,LOC0025,2026-01-20 14:45:00,0.96
E003153,item_handoff,P00384,P00746,LOC0011,2026-04-12 06:03:00,0.75
E003154,communication,P00201,P00927,LOC0135,2026-06-24 01:59:00,0.88
E003155,account_access,P00553,P00092,LOC0093,2026-07-14 08:59:00,0.99
E003156,vehicle_use,P00924,P00907,LOC0153,2026-05-10 17:11:00,0.78
E003157,movement,P00370,P00255,LOC0147,2026-06-09 22:07:00,0.65
E003158,account_access,P00686,P00141,LOC0020,2026-05-30 23:35:00,0.72
E003159,transfer,P00670,P00850,LOC0019,2026-02-15 03:57:00,0.82
E003160,vehicle_use,P00413,P00980,LOC0127,2026-07-03 23:42:00,0.9
E003161,item_handoff,P00383,P00245,LOC0094,2026-04-26 20:30:00,0.7
E003162,meeting,P00066,P00640,LOC0171,2026-02-18 15:57:00,0.96
E003163,item_handoff,P00172,P00241,LOC0170,2026-06-28 00:26:00,0.78
E003164,account_access,P00396,P00693,LOC0020,2026-03-19 05:22:00,0.95
E003165,vehicle_use,P00919,P00518,LOC0179,2026-05-30 04:39:00,0.74
E003166,account_access,P00657,P00356,LOC0161,2026-01-27 22:36:00,0.77
E003167,item_handoff,P00648,P00232,LOC0179,2026-05-22 21:45:00,0.72
E003168,account_access,P00324,P00726,LOC0084,2026-05-03 03:11:00,0.61
E003169,observation,P00354,P00981,LOC0157,2026-07-19 17:44:00,0.64
E003170,communication,P00122,P00879,LOC0099,2026-08-13 15:35:00,0.98
E003171,communication,P00139,P00512,LOC0012,2026-01-19 16:21:00,0.73
E003172,meeting,P00151,P00196,LOC0105,2026-02-12 00:04:00,0.96
E003173,meeting,P00191,P00177,LOC0090,2026-03-08 01:53:00,0.94
E003174,communication,P00263,P00327,LOC0006,2026-04-11 15:07:00,0.89
E003175,transfer,P00822,P00892,LOC0057,2026-03-23 23:58:00,0.88
E003176,communication,P00189,P00847,LOC0034,2026-06-02 04:40:00,0.87
E003177,transfer,P00190,P00404,LOC0163,2026-04-22 00:56:00,0.93
E003178,account_access,P00500,P00368,LOC0085,2026-05-06 03:00:00,0.75
E003179,movement,P00263,P00750,LOC0120,2026-03-12 01:14:00,0.78
E003180,movement,P00093,P00467,LOC0142,2026-08-16 03:29:00,0.62
E003181,meeting,P00308,P00491,LOC0136,2026-06-05 02:48:00,0.75
E003182,communication,P00086,P00600,LOC0098,2026-06-23 21:12:00,0.69
E003183,movement,P00500,P00807,LOC0111,2026-02-16 03:19:00,0.97
E003184,observation,P00971,P00644,LOC0065,2026-08-10 15:49:00,0.76
E003185,communication,P00605,P00382,LOC0113,2026-01-14 18:39:00,0.79
E003186,meeting,P00279,P00676,LOC0059,2026-07-02 11:08:00,0.7
E003187,communication,P00323,P00408,LOC0176,2026-07-02 04:54:00,0.97
E003188,meeting,P00007,P00241,LOC0058,2026-06-20 04:56:00,0.81
E003189,meeting,P00513,P00274,LOC0087,2026-02-12 13:48:00,0.84
E003190,observation,P00812,P00947,LOC0143,2026-07-08 18:03:00,0.84
E003191,movement,P00647,P00955,LOC0040,2026-08-15 04:23:00,0.98
E003192,movement,P00012,P00170,LOC0133,2026-04-04 18:07:00,0.88
E003193,meeting,P00851,P00739,LOC0144,2026-05-27 03:33:00,0.91
E003194,item_handoff,P00068,P00155,LOC0025,2026-06-04 12:03:00,0.8
E003195,movement,P00836,P00895,LOC0176,2026-06-04 22:30:00,0.66
E003196,transfer,P00907,P00918,LOC0140,2026-02-16 07:32:00,0.84
E003197,communication,P00909,P00207,LOC0055,2026-02-20 18:04:00,0.77
E003198,meeting,P00546,P00302,LOC0042,2026-08-24 08:04:00,0.68
E003199,item_handoff,P00284,P00976,LOC0082,2026-02-09 05:30:00,0.91
E003200,communication,P00991,P00504,LOC0024,2026-06-22 06:58:00,0.85
E003201,meeting,P00454,P00049,LOC0089,2026-04-22 08:44:00,0.85
E003202,movement,P00400,P00962,LOC0120,2026-07-17 20:21:00,0.75
E003203,meeting,P00263,P00323,LOC0172,2026-07-09 02:55:00,0.68
E003204,movement,P00222,P00429,LOC0093,2026-04-28 08:40:00,0.84
E003205,item_handoff,P00537,P00845,LOC0141,2026-01-19 06:09:00,0.88
E003206,observation,P00073,P00022,LOC0084,2026-07-26 12:45:00,0.76
E003207,observation,P00671,P00310,LOC0127,2026-08-24 07:20:00,0.66
E003208,meeting,P00715,P00729,LOC0169,2026-06-19 20:56:00,0.77
E003209,account_access,P00297,P00925,LOC0094,2026-04-19 15:32:00,0.85
E003210,account_access,P00021,P00605,LOC0076,2026-01-09 05:25:00,0.8
E003211,item_handoff,P00256,P00935,LOC0035,2026-05-03 10:01:00,0.71
E003212,meeting,P00194,P00225,LOC0013,2026-03-04 00:13:00,0.79
E003213,observation,P00175,P00135,LOC0121,2026-05-15 16:11:00,0.6
E003214,item_handoff,P00834,P00300,LOC0010,2026-07-03 06:52:00,0.98
E003215,movement,P00382,P00434,LOC0168,2026-08-09 02:10:00,0.75
E003216,communication,P00058,P00684,LOC0170,2026-04-22 15:42:00,0.68
E003217,transfer,P00676,P00494,LOC0060,2026-06-26 12:04:00,0.77
E003218,vehicle_use,P00194,P00808,LOC0045,2026-06-04 23:42:00,0.85
E003219,vehicle_use,P00944,P00737,LOC0117,2026-05-23 15:37:00,0.78
E003220,observation,P00387,P00941,LOC0001,2026-03-23 12:03:00,0.85
E003221,item_handoff,P00861,P00669,LOC0115,2026-08-08 17:50:00,0.81
E003222,vehicle_use,P00084,P00489,LOC0065,2026-04-05 13:21:00,0.87
E003223,observation,P00356,P00207,LOC0059,2026-04-04 12:50:00,0.87
E003224,observation,P00728,P00348,LOC0169,2026-02-14 07:39:00,0.72
E003225,account_access,P00947,P00801,LOC0111,2026-05-01 10:13:00,0.89
E003226,item_handoff,P00914,P00900,LOC0116,2026-08-27 15:54:00,0.61
E003227,transfer,P00479,P00877,LOC0007,2026-01-10 15:21:00,0.79
E003228,item_handoff,P00495,P00831,LOC0049,2026-07-14 01:47:00,0.84
E003229,account_access,P00883,P00581,LOC0048,2026-06-13 16:09:00,0.88
E003230,communication,P00253,P00677,LOC0125,2026-07-29 04:58:00,0.8
E003231,observation,P00748,P00830,LOC0164,2026-05-24 17:03:00,0.78
E003232,meeting,P00940,P00274,LOC0125,2026-08-21 06:54:00,0.72
E003233,observation,P00890,P00919,LOC0109,2026-07-19 13:59:00,0.77
E003234,account_access,P00361,P00592,LOC0082,2026-05-26 17:12:00,0.61
E003235,vehicle_use,P00626,P00412,LOC0153,2026-03-31 19:03:00,0.93
E003236,transfer,P00575,P00173,LOC0148,2026-05-30 23:58:00,0.82
E003237,movement,P00039,P00158,LOC0149,2026-08-30 22:26:00,0.73
E003238,transfer,P00672,P00817,LOC0102,2026-02-15 12:51:00,0.85
E003239,observation,P00119,P00724,LOC0061,2026-04-11 21:58:00,0.72
E003240,communication,P00066,P00950,LOC0080,2026-01-28 05:12:00,0.64
E003241,movement,P00476,P00959,LOC0001,2026-07-11 23:27:00,0.6
E003242,observation,P00888,P00445,LOC0118,2026-04-28 12:54:00,0.85
E003243,item_handoff,P00315,P00948,LOC0087,2026-02-17 20:41:00,0.98
E003244,vehicle_use,P00742,P00046,LOC0035,2026-05-30 21:44:00,0.94
E003245,communication,P00973,P00513,LOC0030,2026-08-14 09:25:00,0.79
E003246,meeting,P00541,P00279,LOC0107,2026-05-07 16:13:00,0.89
E003247,item_handoff,P00064,P00741,LOC0099,2026-03-26 18:10:00,0.98
E003248,vehicle_use,P00635,P00884,LOC0140,2026-08-24 13:42:00,0.87
E003249,account_access,P00466,P00587,LOC0162,2026-07-07 21:30:00,0.79
E003250,vehicle_use,P00728,P00680,LOC0056,2026-05-06 13:10:00,0.89
E003251,meeting,P00890,P00477,LOC0092,2026-03-26 20:40:00,0.64
E003252,observation,P00528,P00198,LOC0072,2026-06-26 03:29:00,0.84
E003253,item_handoff,P00006,P00777,LOC0101,2026-07-24 01:01:00,0.96
E003254,transfer,P00643,P00806,LOC0059,2026-01-09 12:02:00,0.69
E003255,movement,P00750,P00452,LOC0158,2026-05-10 14:48:00,0.67
E003256,communication,P00334,P00989,LOC0037,2026-05-19 02:09:00,0.69
E003257,movement,P00723,P00832,LOC0110,2026-06-18 03:08:00,0.69
E003258,meeting,P00512,P00238,LOC0105,2026-07-19 21:25:00,0.67
E003259,meeting,P00269,P00774,LOC0064,2026-01-04 04:13:00,0.69
E003260,item_handoff,P00397,P00357,LOC0056,2026-06-07 12:33:00,0.75
E003261,vehicle_use,P00673,P00519,LOC0020,2026-05-14 03:47:00,0.7
E003262,communication,P00315,P00798,LOC0105,2026-03-21 01:52:00,0.61
E003263,vehicle_use,P00048,P00692,LOC0172,2026-02-05 01:26:00,0.82
E003264,account_access,P00425,P00012,LOC0113,2026-04-04 12:35:00,0.95
E003265,observation,P00677,P00644,LOC0074,2026-05-07 11:34:00,0.92
E003266,meeting,P00383,P00993,LOC0037,2026-04-23 21:04:00,0.72
E003267,movement,P00909,P00095,LOC0128,2026-01-18 12:51:00,0.98
E003268,transfer,P00850,P00572,LOC0069,2026-04-11 20:41:00,0.81
E003269,movement,P00229,P00376,LOC0121,2026-05-05 01:03:00,0.67
E003270,movement,P00710,P00121,LOC0021,2026-02-08 03:01:00,0.73
E003271,communication,P00319,P00964,LOC0173,2026-02-22 11:22:00,0.97
E003272,transfer,P00819,P00474,LOC0046,2026-04-08 03:36:00,0.81
E003273,communication,P00013,P00995,LOC0019,2026-02-14 02:02:00,0.66
E003274,meeting,P00768,P00683,LOC0095,2026-06-12 03:35:00,0.77
E003275,communication,P00648,P00478,LOC0010,2026-04-06 14:56:00,0.94
E003276,observation,P00694,P00673,LOC0134,2026-03-28 11:30:00,0.87
E003277,vehicle_use,P00041,P00741,LOC0033,2026-05-05 21:22:00,0.81
E003278,account_access,P00367,P00309,LOC0093,2026-05-18 01:20:00,0.94
E003279,vehicle_use,P00476,P00948,LOC0124,2026-04-23 07:37:00,0.95
E003280,movement,P00002,P00714,LOC0018,2026-03-15 19:00:00,0.85
E003281,observation,P00363,P00375,LOC0132,2026-02-02 12:41:00,0.96
E003282,item_handoff,P00582,P00465,LOC0169,2026-05-16 12:45:00,0.63
E003283,observation,P00746,P00938,LOC0128,2026-01-30 19:29:00,0.66
E003284,transfer,P00419,P00234,LOC0088,2026-04-29 06:13:00,0.69
E003285,item_handoff,P00045,P00447,LOC0168,2026-03-06 09:54:00,0.92
E003286,account_access,P00454,P00850,LOC0033,2026-07-23 20:41:00,0.94
E003287,observation,P00433,P00641,LOC0056,2026-01-16 01:40:00,0.86
E003288,vehicle_use,P00804,P00490,LOC0037,2026-04-25 06:04:00,0.69
E003289,item_handoff,P00095,P00996,LOC0066,2026-06-18 01:30:00,0.97
E003290,communication,P00133,P00872,LOC0123,2026-03-16 08:28:00,0.69
E003291,communication,P00112,P00472,LOC0163,2026-08-28 00:28:00,0.85
E003292,vehicle_use,P00727,P00792,LOC0128,2026-05-28 03:54:00,0.64
E003293,observation,P00217,P00455,LOC0103,2026-03-01 09:44:00,0.81
E003294,transfer,P00096,P00489,LOC0010,2026-04-01 03:46:00,0.99
E003295,meeting,P00763,P00568,LOC0047,2026-03-14 06:33:00,0.77
E003296,vehicle_use,P00353,P00337,LOC0048,2026-04-09 19:35:00,0.69
E003297,vehicle_use,P00652,P00799,LOC0105,2026-08-01 18:01:00,0.88
E003298,account_access,P00749,P00713,LOC0122,2026-03-25 16:01:00,0.69
E003299,item_handoff,P00040,P00382,LOC0093,2026-06-01 14:40:00,0.79
E003300,movement,P00372,P00969,LOC0171,2026-07-15 02:31:00,0.65
E003301,observation,P00522,P00359,LOC0038,2026-04-25 22:18:00,0.89
E003302,communication,P00918,P00021,LOC0054,2026-04-01 06:03:00,0.73
E003303,vehicle_use,P00241,P00487,LOC0056,2026-04-13 09:09:00,0.63
E003304,item_handoff,P00721,P00626,LOC0153,2026-02-12 06:21:00,0.71
E003305,transfer,P00702,P00524,LOC0037,2026-08-13 01:02:00,0.69
E003306,communication,P00507,P00266,LOC0174,2026-04-02 03:43:00,0.67
E003307,meeting,P00833,P00975,LOC0163,2026-03-03 13:49:00,0.97
E003308,transfer,P00510,P00471,LOC0085,2026-01-19 01:04:00,0.97
E003309,transfer,P00242,P00369,LOC0001,2026-08-01 21:10:00,0.71
E003310,account_access,P00487,P00834,LOC0151,2026-02-25 21:22:00,0.78
E003311,communication,P00320,P00985,LOC0025,2026-08-02 20:23:00,0.74
E003312,communication,P00167,P00035,LOC0049,2026-03-03 23:33:00,0.75
E003313,vehicle_use,P00297,P00123,LOC0108,2026-08-07 18:31:00,0.67
E003314,vehicle_use,P00385,P00953,LOC0037,2026-07-24 12:58:00,0.65
E003315,vehicle_use,P00135,P00294,LOC0160,2026-03-24 06:25:00,0.63
E003316,observation,P00250,P00392,LOC0022,2026-01-24 13:44:00,0.69
E003317,observation,P00819,P00061,LOC0027,2026-02-24 08:16:00,0.78
E003318,communication,P00790,P00307,LOC0087,2026-02-24 16:25:00,0.77
E003319,account_access,P00773,P00459,LOC0055,2026-05-28 01:34:00,0.9
E003320,item_handoff,P00904,P00352,LOC0069,2026-03-25 18:01:00,0.87
E003321,item_handoff,P00218,P00202,LOC0051,2026-01-20 03:55:00,0.78
E003322,meeting,P00306,P00222,LOC0060,2026-06-20 16:30:00,0.77
E003323,meeting,P00615,P00033,LOC0066,2026-03-09 22:54:00,0.98
E003324,transfer,P00977,P00476,LOC0170,2026-06-11 16:36:00,0.67
E003325,account_access,P00919,P00264,LOC0133,2026-06-02 17:41:00,0.85
E003326,item_handoff,P00587,P00829,LOC0150,2026-08-11 09:50:00,0.86
E003327,communication,P00734,P00286,LOC0060,2026-06-23 00:46:00,0.99
E003328,observation,P00134,P00632,LOC0050,2026-03-20 14:57:00,0.62
E003329,movement,P00363,P00446,LOC0020,2026-02-28 14:21:00,0.72
E003330,transfer,P00526,P00511,LOC0033,2026-08-15 13:28:00,0.88
E003331,movement,P00455,P00575,LOC0172,2026-04-24 01:56:00,0.68
E003332,observation,P00743,P00029,LOC0041,2026-07-07 05:49:00,0.81
E003333,item_handoff,P00346,P00246,LOC0118,2026-03-26 22:45:00,0.83
E003334,item_handoff,P00387,P00787,LOC0022,2026-06-30 04:17:00,0.75
E003335,observation,P00669,P00991,LOC0158,2026-06-15 20:03:00,0.72
E003336,account_access,P00554,P00048,LOC0050,2026-05-06 18:16:00,0.81
E003337,communication,P00519,P00182,LOC0008,2026-08-27 12:09:00,0.9
E003338,observation,P00930,P00947,LOC0043,2026-05-17 23:32:00,0.89
E003339,movement,P00727,P00780,LOC0004,2026-01-06 07:32:00,0.97
E003340,item_handoff,P00898,P00941,LOC0052,2026-08-22 16:27:00,0.78
E003341,movement,P00536,P00104,LOC0137,2026-02-19 06:43:00,0.73
E003342,movement,P00730,P00292,LOC0144,2026-02-21 10:38:00,0.97
E003343,movement,P00386,P00907,LOC0131,2026-05-29 19:05:00,0.85
E003344,observation,P00245,P00244,LOC0078,2026-02-05 22:41:00,0.86
E003345,movement,P00526,P00856,LOC0053,2026-04-30 10:47:00,0.6
E003346,meeting,P00188,P00527,LOC0151,2026-05-05 01:56:00,0.61
E003347,transfer,P00574,P00237,LOC0059,2026-04-27 05:53:00,0.77
E003348,movement,P00485,P00429,LOC0134,2026-03-08 04:08:00,0.97
E003349,vehicle_use,P00465,P00902,LOC0106,2026-02-23 10:32:00,0.97
E003350,account_access,P00083,P00853,LOC0169,2026-06-26 05:43:00,0.96
E003351,vehicle_use,P00700,P00221,LOC0134,2026-07-25 13:26:00,0.86
E003352,transfer,P00828,P00414,LOC0159,2026-03-15 05:57:00,0.84
E003353,item_handoff,P00135,P00397,LOC0005,2026-04-02 14:19:00,0.72
E003354,vehicle_use,P00587,P00195,LOC0083,2026-04-11 15:01:00,0.63
E003355,transfer,P00707,P00123,LOC0037,2026-07-02 06:37:00,0.95
E003356,transfer,P00999,P00068,LOC0152,2026-03-12 23:01:00,0.95
E003357,meeting,P00505,P00497,LOC0124,2026-03-02 21:46:00,0.85
E003358,account_access,P00107,P00646,LOC0065,2026-01-26 03:46:00,0.7
E003359,vehicle_use,P00094,P00997,LOC0149,2026-05-07 09:23:00,0.64
E003360,meeting,P00700,P00739,LOC0164,2026-01-26 09:45:00,0.85
E003361,item_handoff,P00937,P00805,LOC0070,2026-02-07 14:37:00,0.7
E003362,communication,P00166,P00153,LOC0019,2026-08-28 02:58:00,0.66
E003363,vehicle_use,P00930,P00262,LOC0088,2026-02-13 01:13:00,0.97
E003364,meeting,P00437,P00264,LOC0032,2026-05-25 02:38:00,0.82
E003365,transfer,P00781,P00081,LOC0117,2026-04-26 04:45:00,0.66
E003366,transfer,P00419,P00496,LOC0139,2026-02-04 17:56:00,0.73
E003367,account_access,P00901,P00328,LOC0055,2026-01-31 15:08:00,0.84
E003368,transfer,P00222,P00887,LOC0062,2026-05-05 15:40:00,0.78
E003369,transfer,P00290,P00943,LOC0068,2026-01-11 08:41:00,0.72
E003370,item_handoff,P00662,P00733,LOC0114,2026-06-12 17:49:00,0.7
E003371,item_handoff,P00979,P00060,LOC0127,2026-05-25 06:42:00,0.9
E003372,transfer,P00680,P00781,LOC0021,2026-08-28 02:39:00,0.8
E003373,vehicle_use,P00485,P00116,LOC0128,2026-03-30 22:14:00,0.82
E003374,meeting,P00374,P00095,LOC0007,2026-07-22 08:19:00,0.83
E003375,communication,P00687,P00636,LOC0149,2026-07-04 20:45:00,0.82
E003376,transfer,P00261,P00055,LOC0027,2026-01-27 06:35:00,0.63
E003377,observation,P00019,P00770,LOC0173,2026-07-31 14:01:00,0.83
E003378,account_access,P00164,P00030,LOC0059,2026-08-29 12:17:00,0.8
E003379,vehicle_use,P00499,P00524,LOC0011,2026-03-23 22:42:00,0.62
E003380,transfer,P00833,P00479,LOC0145,2026-02-05 04:27:00,0.89
E003381,item_handoff,P00549,P00171,LOC0154,2026-08-19 08:22:00,0.79
E003382,movement,P00797,P00282,LOC0078,2026-06-13 09:45:00,0.94
E003383,observation,P00065,P00248,LOC0078,2026-07-11 21:43:00,0.7
E003384,item_handoff,P00994,P00347,LOC0170,2026-05-03 22:00:00,0.7
E003385,communication,P00476,P00967,LOC0174,2026-02-21 08:52:00,0.84
E003386,transfer,P00861,P00138,LOC0107,2026-08-03 07:21:00,0.96
E003387,observation,P00990,P00358,LOC0116,2026-03-02 21:51:00,0.83
E003388,account_access,P00265,P00827,LOC0023,2026-06-26 00:51:00,0.92
E003389,observation,P00511,P00159,LOC0086,2026-07-23 07:26:00,0.9
E003390,vehicle_use,P00989,P00434,LOC0151,2026-05-28 01:22:00,0.82
E003391,communication,P00972,P00920,LOC0179,2026-06-04 02:38:00,0.65
E003392,meeting,P00002,P00291,LOC0138,2026-04-14 11:43:00,0.84
E003393,meeting,P00381,P00765,LOC0036,2026-01-19 22:33:00,0.89
E003394,movement,P00449,P00072,LOC0035,2026-08-15 10:09:00,0.7
E003395,movement,P00549,P00471,LOC0111,2026-03-19 04:46:00,0.85
E003396,item_handoff,P00181,P00443,LOC0083,2026-03-28 00:13:00,0.78
E003397,account_access,P00314,P00928,LOC0082,2026-07-26 17:39:00,0.7
E003398,observation,P00774,P00406,LOC0014,2026-03-22 07:48:00,0.85
E003399,vehicle_use,P00004,P00332,LOC0147,2026-05-03 19:23:00,0.69
E003400,transfer,P00120,P00813,LOC0030,2026-05-25 10:01:00,0.62
E003401,transfer,P00552,P00312,LOC0066,2026-07-30 04:44:00,0.64
E003402,communication,P00057,P00663,LOC0065,2026-04-25 16:05:00,0.81
E003403,transfer,P00748,P00534,LOC0015,2026-08-28 16:56:00,0.62
E003404,communication,P00100,P00390,LOC0046,2026-05-16 07:44:00,0.88
E003405,account_access,P00179,P00405,LOC0075,2026-01-23 12:20:00,0.61
E003406,communication,P00757,P00663,LOC0065,2026-02-18 08:21:00,0.95
E003407,communication,P01000,P00214,LOC0026,2026-02-24 13:50:00,0.76
E003408,observation,P00957,P00442,LOC0002,2026-05-25 16:06:00,0.81
E003409,observation,P00081,P00257,LOC0069,2026-02-25 09:40:00,0.85
E003410,item_handoff,P00682,P00739,LOC0116,2026-05-12 15:59:00,0.71
E003411,observation,P00686,P00248,LOC0038,2026-08-03 04:27:00,0.74
E003412,vehicle_use,P00344,P00100,LOC0086,2026-01-19 17:48:00,0.71
E003413,communication,P00008,P00082,LOC0055,2026-03-02 06:13:00,0.63
E003414,item_handoff,P00179,P00632,LOC0029,2026-03-10 13:49:00,0.84
E003415,item_handoff,P00951,P00913,LOC0114,2026-06-14 21:32:00,0.87
E003416,vehicle_use,P00715,P00659,LOC0071,2026-01-23 10:59:00,0.73
E003417,movement,P00250,P00026,LOC0179,2026-06-15 15:41:00,0.98
E003418,communication,P00416,P00801,LOC0071,2026-04-22 23:44:00,0.91
E003419,movement,P00198,P00417,LOC0149,2026-05-04 22:57:00,0.85
E003420,item_handoff,P00102,P00456,LOC0091,2026-01-07 15:49:00,0.74
E003421,observation,P00897,P00845,LOC0167,2026-03-31 02:08:00,0.61
E003422,item_handoff,P00144,P00146,LOC0041,2026-03-25 21:04:00,0.7
E003423,meeting,P00450,P00874,LOC0055,2026-03-29 06:47:00,0.68
E003424,movement,P00924,P00012,LOC0019,2026-04-09 14:24:00,0.83
E003425,observation,P00661,P00156,LOC0044,2026-01-29 20:13:00,0.81
E003426,observation,P00887,P00532,LOC0107,2026-02-02 08:39:00,0.71
E003427,observation,P00034,P00581,LOC0070,2026-07-24 17:08:00,0.83
E003428,movement,P00567,P00453,LOC0075,2026-03-29 12:56:00,0.88
E003429,vehicle_use,P00973,P00213,LOC0119,2026-01-01 02:56:00,0.75
E003430,item_handoff,P00081,P00728,LOC0071,2026-06-13 22:04:00,0.83
E003431,communication,P00307,P00241,LOC0053,2026-06-13 18:18:00,0.74
E003432,movement,P00257,P00816,LOC0148,2026-05-06 13:23:00,0.64
E003433,meeting,P00677,P00801,LOC0041,2026-02-15 02:46:00,0.97
E003434,observation,P00438,P00618,LOC0100,2026-04-25 20:02:00,0.69
E003435,transfer,P00130,P00418,LOC0128,2026-08-21 19:43:00,0.97
E003436,movement,P00228,P00045,LOC0179,2026-04-05 15:03:00,0.98
E003437,observation,P00364,P00070,LOC0087,2026-07-01 06:35:00,0.81
E003438,movement,P00444,P00254,LOC0088,2026-05-18 23:07:00,0.7
E003439,meeting,P00037,P00180,LOC0016,2026-04-19 10:58:00,0.86
E003440,meeting,P00711,P00277,LOC0064,2026-02-24 23:11:00,0.72
E003441,account_access,P00794,P00560,LOC0017,2026-06-26 21:13:00,0.84
E003442,movement,P00705,P00877,LOC0008,2026-06-04 06:51:00,0.66
E003443,transfer,P00577,P00085,LOC0066,2026-01-18 14:06:00,0.85
E003444,account_access,P00871,P00927,LOC0089,2026-04-01 00:44:00,0.92
E003445,movement,P00979,P00729,LOC0125,2026-05-22 02:03:00,0.99
E003446,communication,P00567,P00463,LOC0170,2026-07-29 04:54:00,0.96
E003447,item_handoff,P00093,P00535,LOC0055,2026-05-05 22:17:00,0.91
E003448,observation,P00753,P00695,LOC0157,2026-01-16 17:48:00,0.85
E003449,communication,P00523,P00939,LOC0072,2026-01-04 11:02:00,0.79
E003450,meeting,P00816,P00426,LOC0036,2026-08-15 09:39:00,0.83
E003451,transfer,P00106,P00364,LOC0005,2026-06-07 01:24:00,0.92
E003452,meeting,P00918,P00639,LOC0061,2026-03-13 23:19:00,0.97
E003453,account_access,P00198,P00092,LOC0015,2026-01-01 18:29:00,0.96
E003454,movement,P00455,P00889,LOC0045,2026-05-11 05:06:00,0.68
E003455,movement,P00115,P00923,LOC0030,2026-08-04 13:17:00,0.86
E003456,account_access,P00101,P00316,LOC0030,2026-03-18 13:34:00,0.74
E003457,account_access,P00861,P00104,LOC0073,2026-04-20 17:18:00,0.65
E003458,account_access,P00268,P00215,LOC0089,2026-08-05 05:47:00,0.76
E003459,vehicle_use,P00081,P00061,LOC0137,2026-03-14 05:44:00,0.89
E003460,observation,P00467,P00251,LOC0061,2026-07-07 23:28:00,0.7
E003461,observation,P00635,P00087,LOC0170,2026-01-04 13:50:00,0.86
E003462,account_access,P00461,P00504,LOC0097,2026-03-09 11:45:00,0.78
E003463,movement,P00275,P00379,LOC0072,2026-03-19 13:11:00,0.7
E003464,account_access,P00474,P00780,LOC0142,2026-05-28 05:41:00,0.61
E003465,meeting,P00036,P00201,LOC0090,2026-05-19 16:59:00,0.93
E003466,observation,P00529,P00951,LOC0139,2026-08-23 13:32:00,0.88
E003467,transfer,P00771,P00859,LOC0086,2026-05-31 02:12:00,0.88
E003468,transfer,P00476,P00670,LOC0176,2026-05-10 10:04:00,0.71
E003469,communication,P00966,P00132,LOC0080,2026-06-23 04:48:00,0.8
E003470,vehicle_use,P00003,P00305,LOC0019,2026-02-12 08:25:00,0.7
E003471,observation,P00543,P00511,LOC0115,2026-02-28 02:58:00,0.64
E003472,account_access,P00978,P00364,LOC0177,2026-02-02 05:13:00,0.85
E003473,vehicle_use,P00108,P00398,LOC0043,2026-06-03 10:21:00,0.88
E003474,item_handoff,P00038,P00547,LOC0145,2026-04-09 19:03:00,0.6
E003475,vehicle_use,P00974,P00550,LOC0061,2026-05-25 19:59:00,0.8
E003476,item_handoff,P01000,P00456,LOC0129,2026-03-26 14:36:00,0.92
E003477,transfer,P00211,P00587,LOC0075,2026-02-17 11:45:00,0.94
E003478,observation,P00237,P00278,LOC0123,2026-05-27 15:44:00,0.68
E003479,transfer,P00482,P00509,LOC0091,2026-04-01 11:40:00,0.92
E003480,transfer,P00989,P00318,LOC0058,2026-06-17 17:27:00,0.76
E003481,account_access,P00626,P00824,LOC0011,2026-02-12 15:15:00,0.61
E003482,item_handoff,P00094,P00927,LOC0122,2026-08-21 09:08:00,0.75
E003483,item_handoff,P00092,P00681,LOC0123,2026-07-30 01:01:00,0.96
E003484,item_handoff,P00982,P00714,LOC0016,2026-03-25 10:02:00,0.68
E003485,communication,P00172,P00346,LOC0049,2026-04-23 05:09:00,0.66
E003486,movement,P00319,P00819,LOC0172,2026-07-20 06:19:00,0.61
E003487,account_access,P00502,P00999,LOC0043,2026-01-08 02:36:00,0.63
E003488,transfer,P00026,P00202,LOC0145,2026-06-08 00:25:00,0.62
E003489,account_access,P00957,P00018,LOC0091,2026-05-05 05:32:00,0.64
E003490,transfer,P00583,P00704,LOC0073,2026-02-22 02:26:00,0.73
E003491,vehicle_use,P00302,P00190,LOC0073,2026-07-14 19:11:00,0.92
E003492,observation,P00725,P00775,LOC0032,2026-01-02 00:33:00,0.86
E003493,vehicle_use,P00911,P00596,LOC0052,2026-06-17 18:44:00,0.75
E003494,meeting,P00048,P00366,LOC0123,2026-07-10 16:00:00,0.83
E003495,movement,P00915,P00944,LOC0013,2026-04-30 05:14:00,0.65
E003496,item_handoff,P00788,P00076,LOC0068,2026-02-12 07:31:00,0.67
E003497,communication,P00682,P00673,LOC0159,2026-07-19 03:08:00,0.68
E003498,transfer,P00488,P00561,LOC0159,2026-05-30 21:53:00,0.74
E003499,meeting,P00400,P00822,LOC0029,2026-06-08 20:33:00,0.67
E003500,meeting,P00733,P00582,LOC0031,2026-05-07 20:58:00,0.83
E003501,vehicle_use,P00371,P00012,LOC0163,2026-07-03 14:33:00,0.88
E003502,account_access,P00100,P00745,LOC0065,2026-08-19 11:32:00,0.71
E003503,transfer,P00861,P00217,LOC0180,2026-02-24 03:24:00,0.83
E003504,meeting,P00669,P00718,LOC0082,2026-07-29 00:52:00,0.84
E003505,transfer,P00321,P00008,LOC0004,2026-07-22 09:15:00,0.89
E003506,transfer,P00660,P00791,LOC0050,2026-05-08 14:58:00,0.96
E003507,communication,P00266,P00136,LOC0036,2026-01-03 10:16:00,0.72
E003508,vehicle_use,P00983,P00908,LOC0139,2026-03-08 23:35:00,0.78
E003509,movement,P00487,P00282,LOC0072,2026-08-09 16:07:00,0.72
E003510,account_access,P00194,P00676,LOC0001,2026-06-07 04:17:00,0.94
E003511,movement,P00609,P00216,LOC0021,2026-04-18 00:08:00,0.61
E003512,observation,P00839,P00295,LOC0132,2026-04-30 01:37:00,0.7
E003513,vehicle_use,P00967,P00947,LOC0028,2026-08-03 10:53:00,0.74
E003514,transfer,P00939,P00464,LOC0002,2026-07-04 18:10:00,0.6
E003515,transfer,P00795,P00783,LOC0119,2026-04-14 02:36:00,0.65
E003516,account_access,P00535,P00920,LOC0096,2026-06-08 12:51:00,0.91
E003517,account_access,P00969,P00916,LOC0039,2026-08-15 07:06:00,0.77
E003518,communication,P00468,P00635,LOC0027,2026-02-13 19:34:00,0.74
E003519,movement,P00009,P00207,LOC0164,2026-08-03 05:15:00,0.78
E003520,communication,P00813,P00219,LOC0160,2026-01-15 15:06:00,0.61
E003521,account_access,P00363,P00945,LOC0136,2026-05-24 07:19:00,0.86
E003522,meeting,P00969,P00055,LOC0007,2026-08-31 09:11:00,0.86
E003523,transfer,P00447,P00918,LOC0046,2026-02-11 22:34:00,0.6
E003524,vehicle_use,P00563,P00184,LOC0003,2026-02-13 00:13:00,0.79
E003525,observation,P00782,P00868,LOC0019,2026-04-22 22:22:00,0.76
E003526,communication,P00711,P00692,LOC0129,2026-04-18 19:42:00,0.86
E003527,account_access,P00408,P00566,LOC0106,2026-01-27 16:11:00,0.98
E003528,movement,P00678,P00334,LOC0063,2026-06-09 06:17:00,0.8
E003529,communication,P00777,P00124,LOC0145,2026-01-22 15:35:00,0.8
E003530,movement,P00215,P00888,LOC0009,2026-03-04 09:56:00,0.87
E003531,movement,P00540,P00447,LOC0038,2026-08-26 14:29:00,0.72
E003532,item_handoff,P00867,P00670,LOC0154,2026-01-03 18:09:00,0.87
E003533,observation,P00748,P00374,LOC0136,2026-04-27 05:10:00,0.65
E003534,item_handoff,P00813,P00677,LOC0132,2026-06-24 12:07:00,0.67
E003535,item_handoff,P00043,P00341,LOC0153,2026-07-01 13:11:00,0.63
E003536,item_handoff,P00753,P00008,LOC0124,2026-05-13 10:14:00,0.96
E003537,vehicle_use,P00178,P00619,LOC0159,2026-05-30 11:06:00,0.79
E003538,item_handoff,P00366,P00578,LOC0148,2026-07-28 14:30:00,0.77
E003539,item_handoff,P00125,P00141,LOC0016,2026-04-18 01:07:00,0.69
E003540,item_handoff,P00963,P00025,LOC0023,2026-02-12 12:12:00,0.7
E003541,meeting,P00137,P00249,LOC0076,2026-01-01 16:39:00,0.94
E003542,account_access,P00723,P00277,LOC0046,2026-08-14 14:19:00,0.64
E003543,vehicle_use,P00144,P00439,LOC0102,2026-03-30 16:09:00,0.7
E003544,observation,P00641,P00667,LOC0168,2026-04-12 14:44:00,0.69
E003545,observation,P00311,P00050,LOC0088,2026-07-04 23:29:00,0.78
E003546,item_handoff,P00452,P00444,LOC0139,2026-05-13 10:33:00,0.69
E003547,transfer,P00852,P00163,LOC0066,2026-04-04 11:07:00,0.81
E003548,movement,P00545,P00986,LOC0019,2026-07-06 21:27:00,0.88
E003549,item_handoff,P00631,P00665,LOC0160,2026-07-16 22:15:00,0.76
E003550,vehicle_use,P00320,P00651,LOC0055,2026-02-15 09:08:00,0.79
E003551,communication,P00761,P00366,LOC0030,2026-04-21 23:46:00,0.63
E003552,item_handoff,P00404,P00635,LOC0138,2026-04-20 00:51:00,0.82
E003553,vehicle_use,P00286,P00860,LOC0059,2026-05-05 05:27:00,0.92
E003554,transfer,P00756,P00454,LOC0006,2026-03-04 20:51:00,0.78
E003555,meeting,P00352,P00181,LOC0178,2026-06-18 15:23:00,0.79
E003556,observation,P00145,P00004,LOC0107,2026-03-23 12:23:00,0.67
E003557,movement,P00169,P00788,LOC0109,2026-03-02 05:22:00,0.86
E003558,account_access,P00353,P00601,LOC0132,2026-06-14 07:29:00,0.98
E003559,account_access,P00795,P00387,LOC0095,2026-04-10 04:10:00,0.75
E003560,vehicle_use,P00037,P00254,LOC0094,2026-05-30 03:01:00,0.95
E003561,transfer,P00201,P00393,LOC0169,2026-01-07 02:45:00,0.64
E003562,item_handoff,P00617,P00367,LOC0017,2026-04-13 11:08:00,0.77
E003563,transfer,P00910,P00317,LOC0059,2026-07-10 22:42:00,0.81
E003564,account_access,P00576,P00740,LOC0108,2026-03-23 03:31:00,0.86
E003565,vehicle_use,P00888,P00552,LOC0146,2026-04-30 13:49:00,0.81
E003566,vehicle_use,P00084,P00384,LOC0112,2026-06-15 23:27:00,0.85
E003567,movement,P00716,P00322,LOC0177,2026-04-06 07:36:00,0.84
E003568,movement,P00385,P00549,LOC0093,2026-02-18 19:25:00,0.64
E003569,observation,P00927,P00340,LOC0087,2026-03-01 17:33:00,0.75
E003570,movement,P00268,P00536,LOC0090,2026-03-23 16:51:00,0.67
E003571,transfer,P00809,P00255,LOC0148,2026-04-27 02:13:00,0.9
E003572,communication,P00117,P00514,LOC0030,2026-08-19 07:27:00,0.93
E003573,vehicle_use,P00655,P00890,LOC0060,2026-01-15 01:30:00,0.63
E003574,vehicle_use,P00954,P00026,LOC0128,2026-03-13 09:20:00,0.81
E003575,meeting,P00694,P00125,LOC0149,2026-07-08 23:14:00,0.62
E003576,communication,P00955,P00097,LOC0122,2026-05-28 20:54:00,0.78
E003577,item_handoff,P00100,P00663,LOC0052,2026-05-13 21:05:00,0.97
E003578,account_access,P00248,P00151,LOC0180,2026-03-17 13:19:00,0.81
E003579,vehicle_use,P00483,P00129,LOC0018,2026-04-24 14:23:00,0.71
E003580,meeting,P00370,P00937,LOC0167,2026-05-09 10:41:00,0.67
E003581,meeting,P00543,P00930,LOC0057,2026-03-07 19:36:00,0.64
E003582,communication,P00872,P00605,LOC0104,2026-05-26 06:49:00,0.66
E003583,communication,P00906,P00041,LOC0052,2026-02-19 20:33:00,0.84
E003584,item_handoff,P00328,P00785,LOC0097,2026-08-31 09:43:00,0.79
E003585,vehicle_use,P00249,P00965,LOC0139,2026-03-25 14:28:00,0.66
E003586,movement,P00570,P00563,LOC0129,2026-02-08 01:45:00,0.85
E003587,account_access,P00149,P00025,LOC0155,2026-07-13 16:42:00,0.95
E003588,communication,P00534,P00570,LOC0094,2026-04-17 01:22:00,0.86
E003589,account_access,P00445,P00681,LOC0155,2026-07-30 23:43:00,0.74
E003590,movement,P00360,P00823,LOC0030,2026-08-02 21:16:00,0.91
E003591,observation,P00328,P00515,LOC0174,2026-04-09 04:28:00,0.84
E003592,vehicle_use,P00871,P00674,LOC0170,2026-01-14 21:55:00,0.98
E003593,transfer,P00725,P00091,LOC0158,2026-06-01 13:24:00,0.88
E003594,observation,P00646,P00873,LOC0060,2026-01-31 19:49:00,0.82
E003595,meeting,P00591,P00949,LOC0036,2026-07-27 03:38:00,0.87
E003596,movement,P00389,P00869,LOC0170,2026-06-24 12:38:00,0.83
E003597,transfer,P00245,P00853,LOC0120,2026-04-23 12:30:00,0.98
E003598,vehicle_use,P00138,P00334,LOC0176,2026-02-01 03:16:00,0.95
E003599,vehicle_use,P00998,P00757,LOC0029,2026-07-13 11:08:00,0.64
E003600,meeting,P00846,P00482,LOC0067,2026-04-09 03:35:00,0.73
E003601,item_handoff,P00495,P00125,LOC0066,2026-03-01 09:18:00,0.64
E003602,observation,P00095,P00505,LOC0070,2026-04-09 02:27:00,0.78
E003603,movement,P00945,P00185,LOC0063,2026-04-19 22:41:00,0.66
E003604,movement,P00126,P00656,LOC0096,2026-08-04 17:28:00,0.7
E003605,transfer,P00495,P00807,LOC0071,2026-04-12 23:16:00,0.98
E003606,communication,P00647,P00981,LOC0091,2026-03-27 13:44:00,0.99
E003607,communication,P00243,P00963,LOC0135,2026-04-23 19:18:00,0.71
E003608,observation,P00283,P00125,LOC0087,2026-06-08 14:08:00,0.64
E003609,observation,P00146,P00423,LOC0010,2026-04-28 09:41:00,0.72
E003610,transfer,P00385,P00854,LOC0065,2026-06-01 04:19:00,0.72
E003611,item_handoff,P00706,P00479,LOC0153,2026-07-07 20:11:00,0.84
E003612,meeting,P00212,P00968,LOC0094,2026-08-10 10:36:00,0.93
E003613,item_handoff,P00379,P00033,LOC0137,2026-07-15 21:18:00,0.83
E003614,item_handoff,P00639,P00709,LOC0058,2026-03-21 14:01:00,0.92
E003615,movement,P00940,P00230,LOC0120,2026-01-25 18:32:00,0.84
E003616,communication,P00669,P00008,LOC0113,2026-05-31 19:14:00,0.91
E003617,meeting,P00812,P00355,LOC0153,2026-01-20 08:40:00,0.83
E003618,meeting,P00123,P00072,LOC0097,2026-01-04 01:21:00,0.79
E003619,observation,P00813,P00242,LOC0123,2026-01-22 02:26:00,0.96
E003620,account_access,P00559,P00626,LOC0141,2026-05-19 21:53:00,0.7
E003621,movement,P00821,P00899,LOC0169,2026-04-06 00:11:00,0.8
E003622,item_handoff,P00566,P00831,LOC0109,2026-03-02 20:05:00,0.78
E003623,account_access,P00559,P00355,LOC0164,2026-01-07 21:51:00,0.77
E003624,transfer,P00277,P00974,LOC0011,2026-01-11 03:09:00,0.89
E003625,observation,P00640,P00387,LOC0177,2026-03-23 12:50:00,0.63
E003626,account_access,P00531,P00061,LOC0088,2026-03-03 07:25:00,0.89
E003627,movement,P00583,P00565,LOC0059,2026-01-13 01:40:00,0.71
E003628,item_handoff,P00537,P01000,LOC0179,2026-05-28 10:24:00,0.98
E003629,vehicle_use,P00900,P00766,LOC0013,2026-05-08 12:14:00,0.92
E003630,movement,P00703,P00628,LOC0029,2026-06-22 16:11:00,0.65
E003631,observation,P00321,P00629,LOC0088,2026-06-28 13:51:00,0.68
E003632,account_access,P00461,P00897,LOC0158,2026-03-11 16:17:00,0.69
E003633,communication,P00089,P00532,LOC0017,2026-03-28 02:23:00,0.92
E003634,communication,P00754,P00463,LOC0015,2026-03-12 08:18:00,0.6
E003635,movement,P00268,P00149,LOC0113,2026-08-05 09:58:00,0.86
E003636,account_access,P00800,P00925,LOC0142,2026-01-14 19:08:00,0.95
E003637,communication,P00835,P00831,LOC0125,2026-02-07 01:30:00,0.71
E003638,item_handoff,P00664,P00158,LOC0072,2026-05-25 14:41:00,0.7
E003639,communication,P00946,P00143,LOC0175,2026-08-30 06:02:00,0.93
E003640,movement,P00450,P00347,LOC0130,2026-03-21 23:12:00,0.87
E003641,account_access,P00492,P00156,LOC0048,2026-07-16 09:12:00,0.96
E003642,transfer,P00200,P00528,LOC0174,2026-04-11 05:57:00,0.76
E003643,vehicle_use,P00622,P00592,LOC0044,2026-02-22 15:37:00,0.95
E003644,vehicle_use,P00509,P00485,LOC0171,2026-08-05 12:13:00,0.61
E003645,transfer,P00815,P00709,LOC0156,2026-03-13 19:09:00,0.79
E003646,transfer,P00267,P00607,LOC0175,2026-08-13 14:51:00,0.98
E003647,transfer,P00296,P00673,LOC0090,2026-04-30 16:20:00,0.92
E003648,transfer,P00860,P00373,LOC0019,2026-08-04 02:07:00,0.94
E003649,meeting,P00524,P00528,LOC0003,2026-08-27 21:01:00,0.82
E003650,vehicle_use,P00424,P00710,LOC0090,2026-03-01 10:59:00,0.94
E003651,meeting,P00231,P00430,LOC0024,2026-05-03 22:22:00,0.98
E003652,transfer,P00570,P00895,LOC0101,2026-04-14 12:33:00,0.7
E003653,communication,P00021,P00563,LOC0104,2026-04-30 10:30:00,0.83
E003654,communication,P00018,P00055,LOC0131,2026-07-21 00:42:00,0.97
E003655,movement,P00498,P00597,LOC0074,2026-03-09 16:07:00,0.71
E003656,communication,P00703,P00854,LOC0092,2026-02-23 03:27:00,0.96
E003657,vehicle_use,P00198,P00664,LOC0031,2026-08-21 20:09:00,0.69
E003658,meeting,P00453,P00083,LOC0174,2026-03-25 20:06:00,0.7
E003659,observation,P00190,P00097,LOC0178,2026-04-14 11:53:00,0.72
E003660,observation,P00988,P00980,LOC0167,2026-03-14 07:30:00,0.85
E003661,meeting,P00993,P00727,LOC0068,2026-07-31 20:04:00,0.89
E003662,vehicle_use,P00156,P00478,LOC0140,2026-01-26 22:50:00,0.82
E003663,transfer,P00721,P00085,LOC0057,2026-05-04 08:30:00,0.99
E003664,movement,P00555,P00986,LOC0150,2026-03-01 18:30:00,0.63
E003665,meeting,P00823,P00707,LOC0145,2026-04-07 09:53:00,0.7
E003666,communication,P00691,P00935,LOC0067,2026-05-31 17:16:00,0.86
E003667,movement,P00512,P00553,LOC0040,2026-07-19 21:03:00,0.88
E003668,account_access,P00943,P00752,LOC0058,2026-07-17 12:06:00,0.92
E003669,transfer,P00320,P00619,LOC0051,2026-05-08 04:30:00,0.98
E003670,meeting,P00974,P00617,LOC0065,2026-08-10 12:16:00,0.79
E003671,item_handoff,P00997,P00830,LOC0074,2026-07-05 16:00:00,0.89
E003672,transfer,P00302,P00377,LOC0148,2026-07-30 10:51:00,0.92
E003673,communication,P00536,P00158,LOC0176,2026-02-07 22:54:00,0.88
E003674,account_access,P00535,P00188,LOC0062,2026-05-29 10:30:00,0.82
E003675,observation,P00482,P00660,LOC0051,2026-07-14 12:57:00,0.79
E003676,transfer,P00775,P00540,LOC0020,2026-02-10 18:07:00,0.86
E003677,communication,P00956,P00356,LOC0019,2026-08-20 21:02:00,0.64
E003678,communication,P00478,P00806,LOC0041,2026-04-06 06:49:00,0.91
E003679,transfer,P00388,P00830,LOC0047,2026-03-22 20:13:00,0.76
E003680,vehicle_use,P00398,P00238,LOC0147,2026-06-06 09:35:00,0.66
E003681,item_handoff,P00448,P00556,LOC0150,2026-04-14 23:46:00,0.64
E003682,account_access,P00189,P00539,LOC0001,2026-03-16 04:46:00,0.62
E003683,item_handoff,P00541,P00118,LOC0056,2026-05-02 01:40:00,0.69
E003684,account_access,P00812,P00185,LOC0134,2026-07-25 11:57:00,0.68
E003685,vehicle_use,P00830,P00534,LOC0085,2026-03-08 16:55:00,0.74
E003686,account_access,P00052,P00073,LOC0097,2026-03-08 17:01:00,0.75
E003687,item_handoff,P00816,P00654,LOC0154,2026-04-15 19:54:00,0.61
E003688,transfer,P00949,P00516,LOC0172,2026-03-26 21:02:00,0.83
E003689,communication,P00837,P00627,LOC0037,2026-03-11 14:49:00,0.77
E003690,transfer,P00440,P00655,LOC0161,2026-03-16 05:31:00,0.8
E003691,movement,P00338,P00783,LOC0035,2026-04-13 21:26:00,0.97
E003692,movement,P00168,P00976,LOC0171,2026-07-11 12:49:00,0.77
E003693,transfer,P00054,P00024,LOC0167,2026-01-16 04:06:00,0.62
E003694,meeting,P00623,P00078,LOC0145,2026-06-15 05:18:00,0.67
E003695,observation,P00172,P00954,LOC0115,2026-07-11 08:39:00,0.62
E003696,observation,P00079,P00183,LOC0022,2026-07-26 05:03:00,0.86
E003697,item_handoff,P00601,P00780,LOC0146,2026-08-31 07:31:00,0.95
E003698,observation,P00665,P00045,LOC0028,2026-07-15 09:18:00,0.72
E003699,communication,P00341,P00852,LOC0176,2026-06-01 16:18:00,0.83
E003700,communication,P00417,P00139,LOC0167,2026-02-25 22:11:00,0.63
E003701,meeting,P00874,P00099,LOC0045,2026-04-04 03:59:00,0.6
E003702,meeting,P00912,P00625,LOC0125,2026-04-25 17:44:00,0.68
E003703,movement,P00459,P00421,LOC0139,2026-01-13 16:26:00,0.73
E003704,meeting,P00872,P00369,LOC0120,2026-03-16 09:28:00,0.74
E003705,account_access,P00181,P00694,LOC0151,2026-04-09 12:05:00,0.61
E003706,item_handoff,P00690,P00453,LOC0156,2026-05-27 03:51:00,0.75
E003707,meeting,P00731,P00603,LOC0106,2026-03-06 22:02:00,0.69
E003708,communication,P00427,P00574,LOC0067,2026-02-15 08:17:00,0.76
E003709,account_access,P00132,P00819,LOC0031,2026-08-06 13:57:00,0.61
E003710,meeting,P00304,P00701,LOC0067,2026-07-11 09:24:00,0.64
E003711,communication,P00742,P00539,LOC0177,2026-03-23 10:48:00,0.8
E003712,communication,P00759,P00908,LOC0136,2026-03-08 11:25:00,0.99
E003713,meeting,P00214,P00726,LOC0002,2026-08-10 21:04:00,0.74
E003714,account_access,P00833,P00650,LOC0007,2026-08-03 10:50:00,0.7
E003715,account_access,P00670,P00574,LOC0081,2026-07-08 08:19:00,0.9
E003716,account_access,P00598,P00159,LOC0054,2026-05-27 22:02:00,0.74
E003717,communication,P00491,P00764,LOC0033,2026-03-01 04:25:00,0.67
E003718,account_access,P00030,P00026,LOC0080,2026-01-01 19:52:00,0.7
E003719,meeting,P00553,P00281,LOC0025,2026-08-29 15:07:00,0.86
E003720,communication,P00934,P00261,LOC0088,2026-06-08 11:25:00,0.78
E003721,observation,P00801,P00464,LOC0049,2026-07-21 03:58:00,0.7
E003722,vehicle_use,P00586,P00606,LOC0003,2026-02-08 08:28:00,0.69
E003723,movement,P00698,P00095,LOC0168,2026-06-15 13:39:00,0.75
E003724,transfer,P00685,P00849,LOC0040,2026-02-14 21:42:00,0.66
E003725,movement,P00358,P00629,LOC0092,2026-07-01 14:08:00,0.68
E003726,item_handoff,P00980,P00019,LOC0114,2026-03-26 15:53:00,0.94
E003727,observation,P00303,P00344,LOC0061,2026-03-31 00:37:00,0.74
E003728,vehicle_use,P00733,P00761,LOC0115,2026-06-12 02:00:00,0.73
E003729,movement,P00830,P00060,LOC0150,2026-06-09 20:27:00,0.65
E003730,item_handoff,P00227,P00666,LOC0163,2026-01-13 08:20:00,0.66
E003731,communication,P00878,P00932,LOC0141,2026-03-03 15:29:00,0.82
E003732,account_access,P00354,P00297,LOC0026,2026-08-27 11:01:00,0.75
E003733,communication,P00433,P00337,LOC0048,2026-07-19 18:51:00,0.69
E003734,movement,P00419,P00796,LOC0088,2026-07-14 05:46:00,0.62
E003735,observation,P00060,P00938,LOC0180,2026-08-11 23:45:00,0.7
E003736,movement,P00288,P00719,LOC0177,2026-03-26 07:36:00,0.91
E003737,observation,P00682,P00392,LOC0165,2026-06-06 21:21:00,0.91
E003738,vehicle_use,P00893,P00303,LOC0052,2026-05-12 17:57:00,0.75
E003739,communication,P00169,P00857,LOC0146,2026-03-08 08:54:00,0.88
E003740,observation,P00982,P00589,LOC0176,2026-02-27 03:39:00,0.97
E003741,transfer,P00545,P00014,LOC0172,2026-07-09 14:33:00,0.63
E003742,meeting,P00374,P00463,LOC0163,2026-08-23 17:31:00,0.97
E003743,vehicle_use,P00306,P00968,LOC0116,2026-01-15 23:06:00,0.86
E003744,communication,P00840,P00491,LOC0172,2026-01-26 12:07:00,0.9
E003745,vehicle_use,P00227,P00439,LOC0144,2026-03-04 06:41:00,0.69
E003746,transfer,P00070,P00620,LOC0002,2026-02-01 09:59:00,0.9
E003747,movement,P00335,P00913,LOC0022,2026-07-18 19:51:00,0.67
E003748,movement,P00501,P00579,LOC0043,2026-02-15 16:51:00,0.85
E003749,meeting,P00447,P00303,LOC0160,2026-03-14 00:01:00,0.96
E003750,vehicle_use,P00495,P00932,LOC0142,2026-05-12 23:11:00,0.98
E003751,communication,P00858,P00440,LOC0180,2026-06-17 17:27:00,0.91
E003752,item_handoff,P00376,P00242,LOC0011,2026-04-11 20:18:00,0.79
E003753,movement,P00159,P00189,LOC0028,2026-05-12 20:26:00,0.68
E003754,item_handoff,P00653,P00142,LOC0108,2026-04-16 09:16:00,0.88
E003755,movement,P00948,P00384,LOC0049,2026-01-05 10:48:00,0.68
E003756,observation,P00043,P00812,LOC0065,2026-03-09 22:59:00,0.74
E003757,communication,P00279,P00276,LOC0047,2026-05-11 19:40:00,0.66
E003758,item_handoff,P00090,P00404,LOC0107,2026-03-12 14:34:00,0.89
E003759,account_access,P00680,P00119,LOC0086,2026-04-24 18:22:00,0.67
E003760,account_access,P00041,P00209,LOC0069,2026-05-30 21:33:00,0.63
E003761,account_access,P00023,P00147,LOC0146,2026-04-11 20:17:00,0.81
E003762,observation,P00609,P00872,LOC0024,2026-08-08 08:26:00,0.99
E003763,communication,P00964,P00418,LOC0112,2026-07-09 06:49:00,0.88
E003764,transfer,P00538,P00663,LOC0013,2026-06-26 00:58:00,0.7
E003765,observation,P00335,P00743,LOC0113,2026-02-28 22:32:00,0.81
E003766,item_handoff,P00801,P00762,LOC0066,2026-02-09 17:15:00,0.91
E003767,vehicle_use,P00213,P00192,LOC0126,2026-02-20 21:20:00,0.99
E003768,vehicle_use,P00414,P00370,LOC0010,2026-04-06 05:10:00,0.84
E003769,meeting,P00282,P00766,LOC0090,2026-05-18 03:29:00,0.87
E003770,vehicle_use,P00930,P00078,LOC0096,2026-05-22 13:36:00,0.68
E003771,transfer,P00006,P00098,LOC0019,2026-03-02 12:57:00,0.67
E003772,communication,P00374,P00740,LOC0180,2026-04-15 03:33:00,0.64
E003773,movement,P00572,P00224,LOC0170,2026-05-08 13:47:00,0.96
E003774,transfer,P00942,P00476,LOC0051,2026-07-31 09:10:00,0.84
E003775,account_access,P00890,P00291,LOC0152,2026-05-30 06:37:00,0.68
E003776,meeting,P00914,P00215,LOC0164,2026-08-07 03:14:00,0.84
E003777,transfer,P00843,P00865,LOC0120,2026-05-15 00:52:00,0.76
E003778,item_handoff,P00950,P00373,LOC0133,2026-07-20 03:20:00,0.74
E003779,vehicle_use,P00140,P00497,LOC0117,2026-02-17 18:00:00,0.77
E003780,communication,P00798,P00977,LOC0026,2026-08-18 10:06:00,0.83
E003781,communication,P00739,P00175,LOC0115,2026-03-20 21:16:00,0.71
E003782,communication,P00745,P00740,LOC0033,2026-01-14 13:15:00,0.61
E003783,observation,P00216,P00861,LOC0155,2026-03-16 05:10:00,0.95
E003784,meeting,P00689,P00831,LOC0164,2026-01-09 11:58:00,0.63
E003785,communication,P00287,P00445,LOC0137,2026-04-11 23:19:00,0.7
E003786,item_handoff,P00798,P00169,LOC0014,2026-06-07 04:20:00,0.74
E003787,communication,P00475,P00805,LOC0155,2026-01-12 03:18:00,0.95
E003788,transfer,P00267,P00814,LOC0028,2026-07-03 08:54:00,0.81
E003789,account_access,P00632,P00029,LOC0174,2026-06-28 02:55:00,0.66
E003790,account_access,P00364,P00156,LOC0041,2026-06-03 20:49:00,0.67
E003791,transfer,P00199,P00144,LOC0154,2026-04-16 18:53:00,0.7
E003792,movement,P00359,P00872,LOC0071,2026-05-19 13:33:00,0.61
E003793,communication,P00007,P00653,LOC0079,2026-06-30 02:55:00,0.94
E003794,movement,P00380,P00052,LOC0128,2026-07-23 22:09:00,0.72
E003795,communication,P00418,P00293,LOC0033,2026-05-05 10:04:00,0.82
E003796,communication,P00605,P00437,LOC0086,2026-03-08 03:57:00,0.61
E003797,item_handoff,P00292,P00349,LOC0110,2026-03-01 14:08:00,0.73
E003798,movement,P00192,P00982,LOC0021,2026-08-10 14:49:00,0.86
E003799,observation,P00097,P00906,LOC0018,2026-08-30 09:28:00,0.73
E003800,observation,P00292,P00781,LOC0146,2026-07-25 02:41:00,0.91
E003801,communication,P00030,P00342,LOC0068,2026-03-09 03:36:00,0.64
E003802,meeting,P00985,P00285,LOC0071,2026-05-23 21:17:00,0.67
E003803,meeting,P00732,P00394,LOC0069,2026-01-13 00:35:00,0.76
E003804,movement,P00245,P00923,LOC0045,2026-07-05 10:16:00,0.96
E003805,meeting,P00643,P00537,LOC0131,2026-03-31 12:32:00,0.66
E003806,meeting,P00518,P00978,LOC0118,2026-05-01 20:08:00,0.91
E003807,communication,P00193,P00646,LOC0126,2026-07-02 02:27:00,0.87
E003808,communication,P00378,P00896,LOC0152,2026-03-08 03:38:00,0.97
E003809,observation,P00165,P00670,LOC0016,2026-05-27 23:40:00,0.84
E003810,transfer,P00718,P00194,LOC0091,2026-03-19 09:16:00,0.97
E003811,account_access,P00632,P00489,LOC0171,2026-04-22 06:35:00,0.95
E003812,item_handoff,P00271,P00127,LOC0021,2026-07-17 01:59:00,0.81
E003813,item_handoff,P00632,P00805,LOC0151,2026-01-22 13:10:00,0.73
E003814,vehicle_use,P00883,P00824,LOC0052,2026-02-04 02:34:00,0.93
E003815,observation,P00710,P00417,LOC0097,2026-06-05 20:07:00,0.73
E003816,meeting,P00902,P00264,LOC0130,2026-01-01 05:18:00,0.69
E003817,item_handoff,P00998,P00140,LOC0072,2026-06-11 22:46:00,0.89
E003818,communication,P00574,P00237,LOC0003,2026-06-11 10:53:00,0.91
E003819,item_handoff,P00123,P00022,LOC0056,2026-04-30 03:26:00,0.99
E003820,meeting,P00557,P00157,LOC0065,2026-01-08 01:10:00,0.72
E003821,movement,P00034,P00297,LOC0115,2026-03-09 03:28:00,0.66
E003822,observation,P00932,P00620,LOC0091,2026-02-02 23:18:00,0.91
E003823,account_access,P00145,P00477,LOC0015,2026-06-11 08:09:00,0.66
E003824,meeting,P00659,P00598,LOC0127,2026-04-18 16:44:00,0.86
E003825,transfer,P00955,P00130,LOC0163,2026-01-29 03:22:00,0.77
E003826,observation,P00094,P00142,LOC0054,2026-01-17 02:38:00,0.66
E003827,vehicle_use,P00642,P00252,LOC0044,2026-07-10 22:52:00,0.66
E003828,vehicle_use,P00133,P00575,LOC0096,2026-03-18 14:50:00,0.94
E003829,transfer,P00393,P00415,LOC0093,2026-02-23 16:54:00,0.66
E003830,item_handoff,P00778,P00293,LOC0115,2026-05-24 01:13:00,0.77
E003831,observation,P00557,P00796,LOC0028,2026-03-17 14:22:00,0.79
E003832,observation,P00524,P00403,LOC0021,2026-01-29 16:58:00,0.97
E003833,meeting,P00785,P00473,LOC0039,2026-02-21 12:23:00,0.98
E003834,communication,P00714,P00747,LOC0148,2026-03-17 20:11:00,0.9
E003835,vehicle_use,P00129,P00860,LOC0154,2026-05-20 00:02:00,0.85
E003836,observation,P00997,P00306,LOC0026,2026-06-05 11:27:00,0.77
E003837,account_access,P00355,P00313,LOC0007,2026-04-13 01:47:00,0.91
E003838,vehicle_use,P00056,P00996,LOC0038,2026-02-27 11:30:00,0.72
E003839,meeting,P00772,P00629,LOC0104,2026-04-15 07:20:00,0.76
E003840,vehicle_use,P00072,P00320,LOC0047,2026-08-30 18:44:00,0.9
E003841,communication,P00364,P00126,LOC0047,2026-08-27 02:49:00,0.97
E003842,vehicle_use,P00339,P00052,LOC0014,2026-06-19 19:47:00,0.82
E003843,communication,P00334,P00978,LOC0145,2026-08-22 16:29:00,0.87
E003844,meeting,P00799,P00557,LOC0012,2026-02-26 16:50:00,0.92
E003845,movement,P00106,P00173,LOC0163,2026-08-08 04:09:00,0.93
E003846,communication,P00575,P00161,LOC0115,2026-06-06 19:52:00,0.87
E003847,movement,P00363,P00154,LOC0087,2026-03-30 17:27:00,0.87
E003848,item_handoff,P00493,P00838,LOC0132,2026-04-11 10:43:00,0.89
E003849,communication,P00893,P00459,LOC0171,2026-08-16 20:43:00,0.8
E003850,vehicle_use,P00536,P00075,LOC0018,2026-01-30 07:47:00,0.7
E003851,vehicle_use,P00664,P00388,LOC0164,2026-07-16 07:01:00,0.72
E003852,vehicle_use,P00653,P00176,LOC0164,2026-03-23 03:24:00,0.84
E003853,transfer,P00959,P00943,LOC0088,2026-03-27 00:47:00,0.86
E003854,meeting,P00992,P00859,LOC0149,2026-01-06 01:58:00,0.92
E003855,transfer,P00772,P00080,LOC0023,2026-06-13 01:13:00,0.73
E003856,vehicle_use,P00395,P00828,LOC0165,2026-02-16 12:02:00,0.71
E003857,vehicle_use,P00275,P00191,LOC0048,2026-02-09 06:01:00,0.67
E003858,observation,P00478,P00141,LOC0035,2026-05-22 05:16:00,0.65
E003859,transfer,P00935,P00283,LOC0115,2026-08-11 17:15:00,0.93
E003860,meeting,P00756,P00729,LOC0157,2026-05-28 02:29:00,0.95
E003861,communication,P00128,P00141,LOC0156,2026-02-17 19:06:00,0.99
E003862,transfer,P00758,P00650,LOC0025,2026-02-02 22:13:00,0.94
E003863,transfer,P00205,P00471,LOC0127,2026-06-05 02:43:00,0.91
E003864,transfer,P00814,P00442,LOC0125,2026-02-04 08:21:00,0.94
E003865,movement,P00475,P00447,LOC0152,2026-01-19 19:49:00,0.91
E003866,item_handoff,P00528,P00576,LOC0168,2026-08-06 14:37:00,0.72
E003867,movement,P00284,P00260,LOC0097,2026-08-11 06:50:00,0.8
E003868,observation,P00020,P00730,LOC0137,2026-06-24 00:26:00,0.89
E003869,movement,P00129,P00963,LOC0070,2026-04-21 02:26:00,0.8
E003870,communication,P00569,P00358,LOC0033,2026-02-07 00:09:00,0.74
E003871,meeting,P00867,P00180,LOC0035,2026-06-01 03:35:00,0.89
E003872,meeting,P00328,P00648,LOC0048,2026-04-03 23:05:00,0.89
E003873,observation,P00538,P00780,LOC0162,2026-06-22 22:42:00,0.87
E003874,communication,P00471,P00462,LOC0149,2026-06-15 05:57:00,0.6
E003875,movement,P00897,P00093,LOC0063,2026-07-14 00:57:00,0.81
E003876,transfer,P00678,P00285,LOC0044,2026-08-25 23:46:00,0.97
E003877,communication,P00683,P00880,LOC0003,2026-03-20 05:00:00,0.84
E003878,communication,P00569,P00618,LOC0060,2026-04-14 22:20:00,0.71
E003879,vehicle_use,P00568,P00145,LOC0045,2026-03-17 01:02:00,0.77
E003880,vehicle_use,P00373,P00316,LOC0008,2026-05-22 19:55:00,0.72
E003881,item_handoff,P00951,P00210,LOC0026,2026-01-14 04:56:00,0.89
E003882,vehicle_use,P00844,P00287,LOC0060,2026-05-17 21:57:00,0.88
E003883,transfer,P00255,P00788,LOC0151,2026-04-14 04:20:00,0.82
E003884,communication,P00509,P00407,LOC0007,2026-02-24 01:21:00,0.97
E003885,meeting,P00212,P00616,LOC0154,2026-07-03 15:14:00,0.9
E003886,account_access,P00057,P00627,LOC0154,2026-02-05 14:42:00,0.67
E003887,item_handoff,P00696,P00520,LOC0032,2026-07-15 21:12:00,0.89
E003888,account_access,P00455,P00037,LOC0078,2026-03-25 03:02:00,0.76
E003889,account_access,P00819,P00199,LOC0174,2026-05-04 01:39:00,0.78
E003890,item_handoff,P00556,P00550,LOC0098,2026-03-18 23:08:00,0.92
E003891,communication,P00229,P00407,LOC0154,2026-04-03 08:38:00,0.93
E003892,item_handoff,P00382,P00020,LOC0156,2026-05-05 19:08:00,0.84
E003893,movement,P00703,P00292,LOC0132,2026-08-29 16:43:00,0.72
E003894,item_handoff,P00058,P00039,LOC0066,2026-02-09 19:15:00,0.79
E003895,transfer,P00113,P00801,LOC0120,2026-04-22 06:08:00,0.61
E003896,meeting,P00857,P00002,LOC0062,2026-04-25 01:32:00,0.71
E003897,transfer,P00027,P00405,LOC0108,2026-07-08 23:27:00,0.68
E003898,observation,P00072,P00942,LOC0081,2026-08-30 02:41:00,0.72
E003899,vehicle_use,P00330,P00077,LOC0006,2026-06-19 03:49:00,0.62
E003900,item_handoff,P00231,P00821,LOC0172,2026-05-16 09:37:00,0.6
E003901,item_handoff,P00651,P00301,LOC0081,2026-04-02 12:55:00,0.69
E003902,account_access,P00503,P00087,LOC0087,2026-08-23 15:42:00,0.87
E003903,meeting,P00736,P00313,LOC0063,2026-03-14 01:06:00,0.75
E003904,item_handoff,P00048,P00747,LOC0056,2026-02-26 15:09:00,0.64
E003905,vehicle_use,P00368,P00735,LOC0045,2026-06-14 23:11:00,0.78
E003906,movement,P00584,P00276,LOC0097,2026-01-18 00:36:00,0.84
E003907,meeting,P00910,P00822,LOC0003,2026-02-05 13:49:00,0.71
E003908,meeting,P00375,P00532,LOC0165,2026-07-17 00:47:00,0.94
E003909,communication,P00294,P00430,LOC0065,2026-01-23 09:00:00,0.66
E003910,meeting,P00378,P00222,LOC0042,2026-03-18 07:47:00,0.73
E003911,communication,P00415,P00540,LOC0177,2026-03-09 07:55:00,0.86
E003912,vehicle_use,P00356,P00891,LOC0116,2026-01-05 16:13:00,0.83
E003913,transfer,P00655,P00238,LOC0143,2026-04-20 08:18:00,0.88
E003914,meeting,P00206,P00277,LOC0102,2026-06-25 12:25:00,0.74
E003915,communication,P00379,P00733,LOC0172,2026-02-16 04:36:00,0.83
E003916,account_access,P00806,P00072,LOC0107,2026-01-29 17:07:00,0.76
E003917,item_handoff,P00072,P00410,LOC0004,2026-07-07 05:53:00,0.68
E003918,vehicle_use,P00822,P00405,LOC0025,2026-06-29 07:44:00,0.61
E003919,meeting,P00568,P00265,LOC0010,2026-05-05 20:28:00,0.83
E003920,meeting,P00035,P00508,LOC0056,2026-07-30 22:22:00,0.99
E003921,vehicle_use,P00843,P00008,LOC0146,2026-04-15 14:54:00,0.97
E003922,item_handoff,P00716,P00168,LOC0137,2026-06-12 21:32:00,0.8
E003923,movement,P00302,P00951,LOC0039,2026-04-16 04:58:00,0.75
E003924,vehicle_use,P00289,P00077,LOC0086,2026-05-29 05:06:00,0.71
E003925,transfer,P00733,P00644,LOC0141,2026-08-26 07:08:00,0.97
E003926,vehicle_use,P00168,P00503,LOC0060,2026-05-05 17:43:00,0.79
E003927,account_access,P00279,P00493,LOC0090,2026-05-10 13:24:00,0.74
E003928,communication,P00303,P00927,LOC0021,2026-02-10 01:16:00,0.7
E003929,communication,P00923,P00623,LOC0174,2026-07-10 18:26:00,0.77
E003930,observation,P00146,P00249,LOC0088,2026-02-23 17:06:00,0.77
E003931,item_handoff,P00979,P00703,LOC0174,2026-08-15 21:39:00,0.73
E003932,movement,P00683,P00959,LOC0074,2026-05-06 20:20:00,0.96
E003933,meeting,P00144,P00337,LOC0167,2026-06-28 23:03:00,0.91
E003934,movement,P00223,P00474,LOC0011,2026-02-23 03:42:00,0.96
E003935,account_access,P00154,P00604,LOC0017,2026-08-03 02:24:00,0.95
E003936,account_access,P00101,P00697,LOC0031,2026-01-31 19:51:00,0.64
E003937,observation,P00992,P00089,LOC0090,2026-03-18 13:35:00,0.77
E003938,meeting,P00546,P00047,LOC0173,2026-04-12 09:53:00,0.64
E003939,account_access,P00137,P00304,LOC0067,2026-03-01 22:26:00,0.88
E003940,vehicle_use,P00127,P00100,LOC0019,2026-03-21 15:57:00,0.91
E003941,meeting,P00016,P00320,LOC0013,2026-08-23 15:47:00,0.83
E003942,account_access,P00685,P00598,LOC0147,2026-08-11 03:22:00,0.68
E003943,observation,P00593,P00950,LOC0051,2026-07-05 16:54:00,0.82
E003944,account_access,P00198,P00417,LOC0134,2026-07-31 22:58:00,0.73
E003945,account_access,P00519,P00321,LOC0032,2026-02-03 22:00:00,0.66
E003946,account_access,P00238,P00118,LOC0049,2026-02-01 09:05:00,0.93
E003947,transfer,P00695,P00591,LOC0178,2026-06-22 10:22:00,0.97
E003948,item_handoff,P00215,P00367,LOC0131,2026-07-27 21:00:00,0.95
E003949,transfer,P00811,P00214,LOC0034,2026-05-19 13:52:00,0.94
E003950,movement,P00898,P00897,LOC0146,2026-02-17 07:48:00,0.97
E003951,vehicle_use,P00435,P00414,LOC0099,2026-07-10 06:03:00,0.93
E003952,account_access,P00684,P00010,LOC0070,2026-07-26 11:56:00,0.7
E003953,observation,P00147,P00106,LOC0153,2026-06-05 14:56:00,0.79
E003954,vehicle_use,P00059,P00527,LOC0090,2026-04-10 03:33:00,0.68
E003955,account_access,P00471,P00812,LOC0062,2026-05-03 02:03:00,0.78
E003956,item_handoff,P00130,P00095,LOC0122,2026-01-11 08:54:00,0.66
E003957,observation,P00995,P00336,LOC0130,2026-05-27 15:45:00,0.87
E003958,meeting,P00040,P00922,LOC0153,2026-02-05 15:42:00,0.61
E003959,account_access,P00899,P00385,LOC0012,2026-04-28 20:57:00,0.92
E003960,transfer,P00926,P00636,LOC0135,2026-01-17 12:00:00,0.87
E003961,account_access,P00883,P00767,LOC0138,2026-03-02 12:47:00,0.82
E003962,meeting,P00952,P00702,LOC0048,2026-05-27 23:32:00,0.93
E003963,movement,P00878,P00840,LOC0083,2026-06-02 02:48:00,0.9
E003964,movement,P00961,P00951,LOC0116,2026-01-27 13:25:00,0.86
E003965,communication,P00508,P00581,LOC0118,2026-08-14 03:11:00,0.96
E003966,account_access,P00296,P00985,LOC0087,2026-06-16 15:15:00,0.78
E003967,item_handoff,P00050,P00521,LOC0163,2026-06-19 19:02:00,0.78
E003968,meeting,P00594,P00816,LOC0057,2026-07-14 14:26:00,0.77
E003969,observation,P00382,P00689,LOC0127,2026-05-26 01:38:00,0.84
E003970,movement,P00346,P00138,LOC0061,2026-04-26 04:58:00,0.63
E003971,movement,P00611,P00657,LOC0144,2026-04-26 09:25:00,0.82
E003972,communication,P00764,P00911,LOC0154,2026-06-26 12:25:00,0.74
E003973,item_handoff,P00932,P00634,LOC0087,2026-07-22 19:26:00,0.66
E003974,communication,P00596,P00554,LOC0035,2026-08-03 07:25:00,0.71
E003975,observation,P00926,P00319,LOC0179,2026-02-02 07:16:00,0.94
E003976,meeting,P00455,P00743,LOC0099,2026-07-09 18:25:00,0.62
E003977,meeting,P00272,P00977,LOC0001,2026-01-11 03:21:00,0.9
E003978,transfer,P00891,P00971,LOC0085,2026-06-12 11:17:00,0.65
E003979,observation,P00779,P00342,LOC0165,2026-01-20 10:30:00,0.85
E003980,meeting,P00800,P00216,LOC0088,2026-03-24 08:17:00,0.62
E003981,transfer,P00700,P00082,LOC0031,2026-07-31 16:36:00,0.63
E003982,observation,P00300,P00903,LOC0032,2026-07-03 22:42:00,0.61
E003983,observation,P00076,P00620,LOC0014,2026-03-22 05:02:00,0.81
E003984,observation,P00567,P00843,LOC0003,2026-02-24 10:15:00,0.89
E003985,observation,P00046,P00793,LOC0105,2026-01-31 09:33:00,0.71
E003986,account_access,P00779,P00715,LOC0143,2026-04-20 16:26:00,0.93
E003987,meeting,P00858,P00630,LOC0072,2026-01-09 07:20:00,0.65
E003988,movement,P00089,P00439,LOC0040,2026-04-28 02:15:00,0.73
E003989,account_access,P00958,P00349,LOC0049,2026-08-03 04:42:00,0.74
E003990,meeting,P00658,P00946,LOC0167,2026-08-27 07:31:00,0.76
E003991,vehicle_use,P00668,P00347,LOC0146,2026-03-29 08:08:00,0.95
E003992,communication,P00590,P00065,LOC0093,2026-04-06 14:14:00,0.8
E003993,vehicle_use,P00986,P00380,LOC0025,2026-05-07 11:12:00,0.9
E003994,vehicle_use,P00639,P00114,LOC0113,2026-06-03 18:44:00,0.98
E003995,transfer,P00350,P00044,LOC0059,2026-05-31 04:03:00,0.61
E003996,transfer,P00535,P00433,LOC0094,2026-07-19 00:29:00,0.93
E003997,observation,P00931,P00118,LOC0050,2026-01-01 20:48:00,0.69
E003998,account_access,P00796,P00131,LOC0107,2026-07-21 16:39:00,0.67
E003999,communication,P00144,P00693,LOC0085,2026-01-01 01:29:00,0.72
E004000,communication,P00578,P00532,LOC0164,2026-01-09 19:55:00,0.72
E004001,item_handoff,P00934,P00633,LOC0030,2026-01-11 14:42:00,0.87
E004002,meeting,P00570,P00314,LOC0032,2026-05-05 14:08:00,0.88
E004003,vehicle_use,P00172,P00077,LOC0103,2026-01-29 04:39:00,0.94
E004004,vehicle_use,P00603,P00771,LOC0168,2026-05-13 20:19:00,0.65
E004005,movement,P00476,P00548,LOC0058,2026-04-01 08:12:00,0.67
E004006,transfer,P00396,P00344,LOC0057,2026-04-22 02:29:00,0.84
E004007,item_handoff,P00790,P00852,LOC0176,2026-06-12 11:13:00,0.83
E004008,movement,P00387,P00817,LOC0083,2026-08-04 22:30:00,0.99
E004009,meeting,P00346,P00833,LOC0071,2026-01-29 15:34:00,0.61
E004010,account_access,P00440,P00528,LOC0120,2026-07-10 23:06:00,0.95
E004011,vehicle_use,P00836,P00814,LOC0155,2026-04-07 23:23:00,0.76
E004012,meeting,P00470,P00162,LOC0174,2026-05-17 00:03:00,0.63
E004013,observation,P00233,P00434,LOC0098,2026-08-16 05:06:00,0.75
E004014,movement,P00418,P00246,LOC0010,2026-07-07 19:48:00,0.86
E004015,account_access,P00850,P00905,LOC0033,2026-04-17 06:31:00,0.89
E004016,movement,P00377,P00511,LOC0033,2026-04-30 07:56:00,0.92
E004017,item_handoff,P00263,P00924,LOC0110,2026-06-03 01:48:00,0.78
E004018,movement,P00704,P00241,LOC0147,2026-06-16 09:31:00,0.95
E004019,communication,P00261,P00804,LOC0163,2026-01-03 06:25:00,0.78
E004020,communication,P00316,P00825,LOC0051,2026-05-09 20:13:00,0.76
E004021,account_access,P00264,P00023,LOC0065,2026-07-21 08:47:00,0.94
E004022,account_access,P00155,P00006,LOC0127,2026-08-31 13:22:00,0.75
E004023,movement,P00750,P00546,LOC0158,2026-05-28 00:50:00,0.78
E004024,observation,P00116,P00605,LOC0008,2026-04-09 08:01:00,0.6
E004025,item_handoff,P00558,P00506,LOC0092,2026-04-07 11:10:00,0.81
E004026,communication,P00294,P00141,LOC0026,2026-05-29 05:16:00,0.89
E004027,communication,P00467,P00498,LOC0155,2026-04-01 21:03:00,0.72
E004028,vehicle_use,P00476,P00104,LOC0114,2026-02-02 10:48:00,0.79
E004029,transfer,P00608,P00885,LOC0126,2026-07-14 18:59:00,0.87
E004030,communication,P00612,P00614,LOC0117,2026-02-02 20:17:00,0.6
E004031,item_handoff,P00478,P00231,LOC0129,2026-03-12 14:52:00,0.76
E004032,movement,P00140,P00482,LOC0089,2026-01-07 00:36:00,0.99
E004033,item_handoff,P00772,P00195,LOC0027,2026-02-14 20:23:00,0.77
E004034,movement,P00034,P00906,LOC0017,2026-02-12 03:19:00,0.68
E004035,meeting,P00050,P00287,LOC0111,2026-01-18 21:37:00,0.6
E004036,meeting,P00823,P00473,LOC0065,2026-08-30 07:47:00,0.94
E004037,vehicle_use,P00181,P00670,LOC0022,2026-06-04 20:06:00,0.96
E004038,item_handoff,P00858,P00902,LOC0025,2026-02-05 13:59:00,0.75
E004039,account_access,P00668,P00842,LOC0001,2026-04-05 14:15:00,0.65
E004040,vehicle_use,P00709,P00579,LOC0169,2026-08-11 08:48:00,0.83
E004041,meeting,P00560,P00318,LOC0078,2026-08-01 19:20:00,0.71
E004042,vehicle_use,P00560,P00623,LOC0090,2026-06-16 20:03:00,0.83
E004043,account_access,P00588,P00492,LOC0080,2026-05-17 22:09:00,0.74
E004044,item_handoff,P00721,P00995,LOC0067,2026-07-03 21:19:00,0.91
E004045,item_handoff,P00982,P00924,LOC0059,2026-01-11 00:03:00,0.87
E004046,vehicle_use,P00650,P00310,LOC0143,2026-01-27 02:10:00,0.83
E004047,meeting,P00315,P00169,LOC0091,2026-05-29 14:31:00,0.68
E004048,item_handoff,P00586,P00785,LOC0022,2026-03-14 18:08:00,0.66
E004049,item_handoff,P00055,P00687,LOC0036,2026-06-12 23:27:00,0.82
E004050,movement,P00840,P00611,LOC0078,2026-07-28 10:24:00,0.7
E004051,communication,P00014,P00269,LOC0082,2026-05-18 04:37:00,0.68
E004052,item_handoff,P00052,P00859,LOC0036,2026-04-30 01:27:00,0.71
E004053,observation,P00342,P00412,LOC0175,2026-06-08 18:50:00,0.66
E004054,vehicle_use,P00204,P00481,LOC0140,2026-08-28 01:10:00,0.88
E004055,observation,P00436,P00612,LOC0103,2026-06-14 11:32:00,0.81
E004056,account_access,P00696,P00134,LOC0002,2026-02-15 16:53:00,0.63
E004057,item_handoff,P00777,P00548,LOC0146,2026-03-14 03:06:00,0.88
E004058,vehicle_use,P00073,P00074,LOC0068,2026-07-13 10:28:00,0.97
E004059,meeting,P00752,P00793,LOC0024,2026-07-01 19:49:00,0.97
E004060,communication,P00954,P00273,LOC0016,2026-02-24 15:50:00,0.94
E004061,observation,P00547,P00800,LOC0095,2026-08-22 06:28:00,0.61
E004062,communication,P00767,P00116,LOC0074,2026-03-27 06:46:00,0.99
E004063,movement,P00094,P00272,LOC0018,2026-02-15 09:08:00,0.89
E004064,account_access,P00588,P00405,LOC0151,2026-04-07 01:30:00,0.88
E004065,account_access,P00801,P00799,LOC0106,2026-07-28 13:09:00,0.79
E004066,item_handoff,P00262,P00925,LOC0162,2026-02-07 18:12:00,0.8
E004067,meeting,P00951,P00847,LOC0153,2026-03-30 13:59:00,0.72
E004068,observation,P00404,P00527,LOC0130,2026-01-30 03:07:00,0.95
E004069,movement,P00951,P00125,LOC0173,2026-05-26 09:06:00,0.6
E004070,vehicle_use,P00510,P00140,LOC0001,2026-01-24 23:10:00,0.8
E004071,account_access,P00796,P00380,LOC0035,2026-07-10 03:01:00,0.81
E004072,communication,P00858,P00226,LOC0008,2026-03-28 08:34:00,0.89
E004073,observation,P00277,P00758,LOC0112,2026-08-03 08:47:00,0.77
E004074,observation,P00097,P00564,LOC0113,2026-04-05 08:31:00,0.88
E004075,communication,P00077,P00369,LOC0129,2026-06-29 15:56:00,0.74
E004076,item_handoff,P00931,P00916,LOC0140,2026-07-14 20:14:00,0.94
E004077,transfer,P00315,P00801,LOC0028,2026-02-03 02:04:00,0.77
E004078,account_access,P00231,P00760,LOC0104,2026-07-29 09:59:00,0.74
E004079,observation,P00510,P00140,LOC0178,2026-06-09 17:21:00,0.8
E004080,item_handoff,P00123,P00767,LOC0172,2026-01-18 15:12:00,0.61
E004081,movement,P00733,P00566,LOC0018,2026-05-30 20:58:00,0.65
E004082,account_access,P00330,P00725,LOC0153,2026-04-13 10:56:00,0.88
E004083,transfer,P00732,P00265,LOC0116,2026-06-16 00:51:00,0.98
E004084,communication,P00188,P00212,LOC0067,2026-08-26 23:14:00,0.91
E004085,communication,P00413,P00624,LOC0135,2026-03-05 12:05:00,0.95
E004086,observation,P00252,P00513,LOC0161,2026-01-18 22:02:00,0.8
E004087,movement,P00936,P00532,LOC0076,2026-04-16 04:11:00,0.82
E004088,vehicle_use,P00909,P00832,LOC0118,2026-05-11 01:02:00,0.76
E004089,movement,P00988,P00745,LOC0054,2026-02-08 15:24:00,0.81
E004090,account_access,P00757,P00601,LOC0110,2026-01-11 07:59:00,0.87
E004091,account_access,P00416,P00459,LOC0036,2026-01-14 04:31:00,0.64
E004092,transfer,P00031,P00906,LOC0090,2026-08-09 00:28:00,0.8
E004093,communication,P00833,P00105,LOC0175,2026-02-16 12:20:00,0.65
E004094,observation,P00207,P00713,LOC0115,2026-08-05 18:51:00,0.89
E004095,communication,P00917,P00630,LOC0069,2026-06-26 20:28:00,0.87
E004096,meeting,P00255,P00379,LOC0056,2026-06-10 18:44:00,0.79
E004097,item_handoff,P00104,P00386,LOC0127,2026-06-02 08:49:00,0.82
E004098,transfer,P00161,P00083,LOC0066,2026-06-14 00:50:00,0.74
E004099,meeting,P00486,P00671,LOC0049,2026-03-21 10:48:00,0.61
E004100,item_handoff,P00938,P00955,LOC0142,2026-03-06 00:58:00,0.65
E004101,account_access,P00051,P00741,LOC0123,2026-04-03 02:24:00,0.94
E004102,item_handoff,P00911,P00366,LOC0060,2026-02-10 19:21:00,0.98
E004103,account_access,P00083,P00539,LOC0070,2026-01-03 18:16:00,0.75
E004104,item_handoff,P00130,P00465,LOC0065,2026-01-24 14:01:00,0.76
E004105,movement,P00585,P00300,LOC0172,2026-01-20 11:48:00,0.95
E004106,communication,P00989,P00171,LOC0147,2026-02-12 19:23:00,0.62
E004107,item_handoff,P00920,P00850,LOC0004,2026-03-09 22:57:00,0.71
E004108,observation,P00303,P00049,LOC0057,2026-05-03 12:12:00,0.93
E004109,movement,P00276,P00699,LOC0062,2026-03-15 17:07:00,0.7
E004110,movement,P00961,P00232,LOC0001,2026-04-23 07:19:00,0.84
E004111,transfer,P00865,P00264,LOC0121,2026-04-20 06:38:00,0.75
E004112,vehicle_use,P00921,P00694,LOC0146,2026-07-13 03:55:00,0.9
E004113,vehicle_use,P00913,P00511,LOC0164,2026-04-18 16:55:00,0.9
E004114,observation,P00973,P00347,LOC0012,2026-05-06 05:37:00,0.98
E004115,transfer,P00338,P00003,LOC0113,2026-03-29 03:34:00,0.88
E004116,account_access,P00368,P00617,LOC0171,2026-06-30 07:14:00,0.89
E004117,observation,P00402,P00214,LOC0112,2026-05-02 17:09:00,0.74
E004118,movement,P00175,P00805,LOC0059,2026-04-20 04:18:00,0.87
E004119,meeting,P00222,P00935,LOC0044,2026-08-23 08:46:00,0.69
E004120,transfer,P00739,P00958,LOC0076,2026-05-23 17:50:00,0.66
E004121,meeting,P00332,P00941,LOC0146,2026-03-27 17:57:00,0.65
E004122,movement,P00463,P00529,LOC0145,2026-06-02 11:08:00,0.73
E004123,meeting,P00773,P00298,LOC0124,2026-08-31 04:02:00,0.94
E004124,meeting,P00327,P00399,LOC0034,2026-08-24 20:00:00,0.92
E004125,vehicle_use,P00805,P00012,LOC0159,2026-06-04 00:41:00,0.92
E004126,transfer,P00361,P00433,LOC0136,2026-04-20 07:48:00,0.83
E004127,meeting,P00834,P00279,LOC0071,2026-06-27 12:21:00,0.76
E004128,meeting,P00578,P00071,LOC0169,2026-05-24 06:52:00,0.82
E004129,item_handoff,P00714,P00319,LOC0116,2026-03-24 21:12:00,0.8
E004130,transfer,P00665,P00649,LOC0013,2026-03-08 16:07:00,0.83
E004131,observation,P00591,P00534,LOC0115,2026-08-05 11:47:00,0.88
E004132,account_access,P00666,P00508,LOC0133,2026-04-02 07:12:00,0.88
E004133,transfer,P00457,P00290,LOC0059,2026-02-23 02:42:00,0.66
E004134,vehicle_use,P00663,P00529,LOC0020,2026-08-08 19:01:00,0.62
E004135,item_handoff,P00765,P00444,LOC0139,2026-04-01 11:02:00,0.7
E004136,communication,P00284,P00079,LOC0057,2026-06-16 05:14:00,0.69
E004137,communication,P00268,P00247,LOC0179,2026-03-30 10:02:00,0.75
E004138,vehicle_use,P00916,P00551,LOC0113,2026-07-25 04:21:00,0.96
E004139,communication,P00344,P00807,LOC0081,2026-04-12 07:33:00,0.84
E004140,item_handoff,P00863,P00619,LOC0092,2026-08-28 17:28:00,0.64
E004141,transfer,P00174,P00125,LOC0073,2026-06-29 21:49:00,0.95
E004142,movement,P00129,P00134,LOC0129,2026-07-12 14:11:00,0.87
E004143,meeting,P00003,P00327,LOC0172,2026-03-04 20:29:00,0.85
E004144,transfer,P00967,P00018,LOC0122,2026-02-03 14:40:00,0.87
E004145,item_handoff,P00772,P00777,LOC0143,2026-04-01 03:41:00,0.86
E004146,vehicle_use,P00569,P00369,LOC0074,2026-04-23 09:47:00,0.74
E004147,account_access,P00792,P00476,LOC0051,2026-06-25 02:46:00,0.98
E004148,vehicle_use,P00113,P00486,LOC0009,2026-08-07 16:23:00,0.79
E004149,item_handoff,P00212,P00163,LOC0084,2026-03-20 20:13:00,0.7
E004150,meeting,P00621,P00150,LOC0079,2026-07-20 02:22:00,0.66
E004151,account_access,P00310,P00866,LOC0015,2026-08-03 17:53:00,0.9
E004152,observation,P00530,P00122,LOC0157,2026-01-08 04:18:00,0.96
E004153,account_access,P00016,P00376,LOC0118,2026-03-13 16:45:00,0.9
E004154,transfer,P00006,P00612,LOC0057,2026-02-17 17:54:00,0.94
E004155,observation,P00891,P00034,LOC0179,2026-03-21 00:00:00,0.7
E004156,communication,P00654,P00809,LOC0078,2026-05-21 02:18:00,0.98
E004157,account_access,P00376,P00081,LOC0006,2026-06-15 01:25:00,0.85
E004158,account_access,P00309,P00445,LOC0001,2026-04-15 03:02:00,0.86
E004159,item_handoff,P00946,P00689,LOC0118,2026-06-14 18:47:00,0.93
E004160,movement,P00579,P00235,LOC0126,2026-02-10 08:57:00,0.64
E004161,item_handoff,P00923,P00159,LOC0036,2026-03-05 02:55:00,0.94
E004162,movement,P00601,P00053,LOC0121,2026-08-17 08:45:00,0.75
E004163,account_access,P00541,P00974,LOC0017,2026-04-06 16:38:00,0.81
E004164,meeting,P00199,P00926,LOC0078,2026-08-20 15:08:00,0.84
E004165,meeting,P00551,P00033,LOC0155,2026-07-28 09:04:00,0.98
E004166,meeting,P00403,P00841,LOC0125,2026-01-13 19:41:00,0.99
E004167,observation,P00255,P00170,LOC0011,2026-03-27 19:24:00,0.84
E004168,account_access,P00843,P00332,LOC0105,2026-01-03 16:10:00,0.93
E004169,communication,P00250,P00457,LOC0044,2026-08-14 23:47:00,0.65
E004170,movement,P00740,P00221,LOC0112,2026-01-27 07:47:00,0.62
E004171,account_access,P00943,P00425,LOC0106,2026-06-24 17:05:00,0.96
E004172,observation,P00087,P00502,LOC0059,2026-04-30 04:20:00,0.73
E004173,communication,P00169,P00998,LOC0053,2026-05-11 12:08:00,0.83
E004174,communication,P00895,P00810,LOC0132,2026-06-03 14:01:00,0.61
E004175,meeting,P00851,P00747,LOC0085,2026-04-12 05:33:00,0.96
E004176,observation,P00174,P00529,LOC0012,2026-01-11 18:45:00,0.93
E004177,communication,P00284,P00090,LOC0166,2026-01-01 15:52:00,0.99
E004178,transfer,P00041,P00138,LOC0043,2026-05-31 13:49:00,0.88
E004179,movement,P00027,P00677,LOC0128,2026-06-10 23:45:00,0.66
E004180,communication,P00217,P00071,LOC0129,2026-08-15 17:39:00,0.81
E004181,observation,P00166,P00796,LOC0180,2026-07-15 20:14:00,0.92
E004182,observation,P00155,P00677,LOC0023,2026-03-13 01:01:00,0.92
E004183,movement,P00596,P00496,LOC0042,2026-08-06 06:25:00,0.95
E004184,movement,P00764,P00066,LOC0154,2026-08-23 19:42:00,0.62
E004185,observation,P00632,P00352,LOC0064,2026-06-18 00:39:00,0.71
E004186,item_handoff,P00781,P00840,LOC0039,2026-05-02 19:04:00,0.78
E004187,observation,P00939,P00099,LOC0168,2026-03-01 20:16:00,0.74
E004188,transfer,P00557,P00742,LOC0136,2026-08-28 10:47:00,0.86
E004189,meeting,P00050,P00507,LOC0091,2026-07-22 09:33:00,0.77
E004190,item_handoff,P00730,P00189,LOC0175,2026-07-24 23:13:00,0.84
E004191,transfer,P00426,P00355,LOC0149,2026-06-16 15:20:00,0.97
E004192,account_access,P00643,P00174,LOC0158,2026-07-27 20:02:00,0.67
E004193,vehicle_use,P00055,P00791,LOC0172,2026-01-15 07:52:00,0.74
E004194,vehicle_use,P00999,P00443,LOC0127,2026-01-22 09:36:00,0.69
E004195,communication,P00254,P00505,LOC0141,2026-02-03 20:46:00,0.76
E004196,account_access,P00227,P00422,LOC0092,2026-08-22 06:24:00,0.97
E004197,transfer,P00229,P00292,LOC0028,2026-02-24 13:02:00,0.73
E004198,item_handoff,P00504,P00853,LOC0096,2026-03-21 11:13:00,0.94
E004199,meeting,P00696,P00549,LOC0159,2026-01-08 06:28:00,0.94
E004200,meeting,P00643,P00818,LOC0127,2026-03-09 02:40:00,0.62
E004201,vehicle_use,P00608,P00351,LOC0070,2026-05-15 09:45:00,0.78
E004202,item_handoff,P00899,P00519,LOC0063,2026-03-26 13:26:00,0.62
E004203,communication,P00856,P00014,LOC0075,2026-02-11 20:10:00,0.68
E004204,movement,P00861,P00195,LOC0175,2026-01-04 04:48:00,0.77
E004205,account_access,P00254,P00695,LOC0012,2026-01-29 07:30:00,0.62
E004206,vehicle_use,P00656,P00665,LOC0056,2026-07-07 05:57:00,0.71
E004207,communication,P00112,P00806,LOC0068,2026-06-09 18:04:00,0.69
E004208,communication,P00461,P00278,LOC0180,2026-05-02 10:11:00,0.68
E004209,movement,P00290,P00763,LOC0061,2026-06-23 07:22:00,0.76
E004210,meeting,P00506,P00982,LOC0134,2026-06-22 20:29:00,0.65
E004211,meeting,P00101,P00110,LOC0095,2026-07-27 08:59:00,0.62
E004212,observation,P00056,P00290,LOC0169,2026-08-17 03:38:00,0.83
E004213,transfer,P00505,P00573,LOC0117,2026-04-27 10:46:00,0.91
E004214,meeting,P00437,P00137,LOC0022,2026-02-09 15:02:00,0.92
E004215,account_access,P00919,P00132,LOC0144,2026-01-22 01:18:00,0.65
E004216,movement,P00351,P00513,LOC0055,2026-04-27 14:36:00,0.66
E004217,communication,P00193,P00028,LOC0173,2026-07-13 00:41:00,0.68
E004218,account_access,P00566,P00683,LOC0056,2026-01-08 11:09:00,0.75
E004219,movement,P00867,P00103,LOC0054,2026-06-16 13:46:00,0.89
E004220,meeting,P00975,P00997,LOC0160,2026-06-01 18:45:00,0.64
E004221,communication,P00256,P00803,LOC0121,2026-01-03 14:03:00,0.83
E004222,observation,P00835,P00344,LOC0049,2026-02-11 12:39:00,0.74
E004223,account_access,P00455,P00453,LOC0001,2026-04-29 14:37:00,0.88
E004224,account_access,P00845,P00153,LOC0062,2026-01-08 23:29:00,0.84
E004225,account_access,P00512,P00273,LOC0032,2026-08-26 12:48:00,0.82
E004226,item_handoff,P00359,P00729,LOC0174,2026-06-28 04:16:00,0.63
E004227,vehicle_use,P00068,P00498,LOC0176,2026-07-24 10:08:00,0.7
E004228,item_handoff,P00957,P00852,LOC0148,2026-06-20 05:20:00,0.72
E004229,movement,P00943,P00118,LOC0046,2026-06-15 06:42:00,0.89
E004230,communication,P00496,P00444,LOC0047,2026-08-15 19:27:00,0.99
E004231,communication,P00040,P00900,LOC0022,2026-02-13 22:19:00,0.98
E004232,transfer,P00629,P00040,LOC0099,2026-03-31 04:35:00,0.78
E004233,vehicle_use,P00145,P00363,LOC0135,2026-07-17 22:44:00,0.75
E004234,vehicle_use,P00946,P00887,LOC0040,2026-05-13 03:11:00,0.86
E004235,transfer,P00617,P00290,LOC0086,2026-04-30 12:21:00,0.62
E004236,movement,P00445,P00999,LOC0033,2026-01-23 12:26:00,0.68
E004237,account_access,P00983,P00894,LOC0084,2026-04-11 21:49:00,0.97
E004238,observation,P00824,P00287,LOC0093,2026-02-07 18:40:00,0.62
E004239,meeting,P00054,P00358,LOC0109,2026-06-06 13:23:00,0.97
E004240,vehicle_use,P00122,P00013,LOC0165,2026-04-08 15:32:00,0.6
E004241,vehicle_use,P00053,P00523,LOC0046,2026-08-29 12:52:00,0.72
E004242,communication,P00954,P00769,LOC0132,2026-08-11 03:33:00,0.72
E004243,account_access,P00194,P00972,LOC0004,2026-03-18 07:41:00,0.67
E004244,meeting,P00362,P00448,LOC0118,2026-07-04 07:52:00,0.8
E004245,observation,P00870,P00675,LOC0087,2026-01-17 03:15:00,0.91
E004246,movement,P00716,P00887,LOC0082,2026-01-06 00:13:00,0.83
E004247,movement,P00008,P00366,LOC0014,2026-01-27 04:43:00,0.79
E004248,account_access,P00879,P00240,LOC0097,2026-01-15 07:19:00,0.98
E004249,item_handoff,P00357,P00488,LOC0131,2026-08-15 06:53:00,0.88
E004250,meeting,P00614,P00286,LOC0134,2026-06-09 07:36:00,0.77
E004251,transfer,P00499,P00742,LOC0154,2026-01-02 03:48:00,0.76
E004252,observation,P00527,P00865,LOC0169,2026-07-04 08:18:00,0.97
E004253,observation,P00841,P00415,LOC0047,2026-08-23 03:45:00,0.75
E004254,communication,P00818,P00906,LOC0104,2026-04-06 13:37:00,0.67
E004255,item_handoff,P00306,P00600,LOC0023,2026-02-16 19:32:00,0.97
E004256,movement,P00845,P00070,LOC0021,2026-05-27 16:39:00,0.79
E004257,observation,P00763,P00317,LOC0107,2026-05-09 14:50:00,0.94
E004258,vehicle_use,P00194,P00322,LOC0140,2026-06-01 00:11:00,0.8
E004259,communication,P00130,P00319,LOC0075,2026-08-19 09:16:00,0.77
E004260,meeting,P00448,P00837,LOC0175,2026-01-11 14:38:00,0.62
E004261,meeting,P00214,P00144,LOC0144,2026-05-16 10:33:00,0.96
E004262,communication,P00431,P00299,LOC0139,2026-04-21 22:36:00,0.87
E004263,meeting,P00375,P00908,LOC0087,2026-02-06 09:53:00,0.66
E004264,movement,P00123,P00022,LOC0056,2026-03-25 15:17:00,0.94
E004265,account_access,P00101,P00552,LOC0023,2026-07-07 21:50:00,0.97
E004266,item_handoff,P00129,P00275,LOC0157,2026-03-17 04:59:00,0.93
E004267,meeting,P00217,P00019,LOC0172,2026-07-23 10:53:00,0.92
E004268,communication,P00106,P00691,LOC0032,2026-08-10 06:28:00,0.92
E004269,observation,P00914,P00740,LOC0055,2026-03-29 17:14:00,0.8
E004270,account_access,P00770,P00932,LOC0016,2026-05-20 10:40:00,0.83
E004271,vehicle_use,P00883,P00635,LOC0155,2026-04-07 00:14:00,0.6
E004272,vehicle_use,P00152,P00280,LOC0143,2026-02-08 14:55:00,0.91
E004273,movement,P00742,P00864,LOC0024,2026-03-02 01:26:00,0.65
E004274,item_handoff,P00108,P00469,LOC0051,2026-08-29 21:58:00,0.96
E004275,observation,P00766,P00849,LOC0026,2026-08-17 02:34:00,0.61
E004276,meeting,P00155,P00281,LOC0012,2026-01-13 13:07:00,0.66
E004277,vehicle_use,P00351,P00800,LOC0017,2026-06-30 05:41:00,0.81
E004278,observation,P00543,P00948,LOC0168,2026-08-24 10:57:00,0.91
E004279,observation,P00529,P00365,LOC0040,2026-04-04 11:04:00,0.94
E004280,movement,P00132,P00871,LOC0179,2026-08-03 21:47:00,0.94
E004281,movement,P00043,P00627,LOC0174,2026-01-08 22:06:00,0.76
E004282,vehicle_use,P00181,P00568,LOC0047,2026-05-08 01:10:00,0.8
E004283,transfer,P00132,P00903,LOC0087,2026-08-22 11:38:00,0.98
E004284,vehicle_use,P00062,P00973,LOC0007,2026-01-22 00:21:00,0.93
E004285,vehicle_use,P00886,P00867,LOC0036,2026-07-06 02:45:00,0.81
E004286,item_handoff,P00753,P00019,LOC0059,2026-04-26 21:28:00,0.96
E004287,account_access,P00190,P00690,LOC0106,2026-01-16 04:55:00,0.8
E004288,observation,P00374,P00498,LOC0027,2026-03-04 03:51:00,0.93
E004289,item_handoff,P00829,P00869,LOC0108,2026-05-17 13:01:00,0.94
E004290,account_access,P00119,P00044,LOC0163,2026-06-17 16:04:00,0.76
E004291,item_handoff,P00621,P00962,LOC0066,2026-08-13 16:19:00,0.61
E004292,movement,P00578,P00322,LOC0164,2026-08-28 18:34:00,0.66
E004293,observation,P00257,P00924,LOC0035,2026-07-26 15:36:00,0.92
E004294,observation,P00981,P00588,LOC0145,2026-08-28 17:14:00,0.96
E004295,observation,P00391,P00082,LOC0127,2026-08-13 21:04:00,0.96
E004296,observation,P00307,P00831,LOC0032,2026-05-06 22:20:00,0.76
E004297,observation,P00416,P00816,LOC0060,2026-08-17 12:14:00,0.71
E004298,meeting,P00749,P00901,LOC0097,2026-06-18 04:48:00,0.85
E004299,transfer,P00703,P00971,LOC0040,2026-05-14 19:13:00,0.98
E004300,movement,P00908,P00048,LOC0165,2026-05-07 18:31:00,0.68
E004301,meeting,P00813,P00635,LOC0045,2026-06-26 23:40:00,0.77
E004302,vehicle_use,P00753,P00745,LOC0137,2026-07-01 07:18:00,0.92
E004303,communication,P00048,P00655,LOC0169,2026-02-26 22:12:00,0.8
E004304,account_access,P00963,P00321,LOC0077,2026-07-25 09:14:00,0.65
E004305,account_access,P00480,P00912,LOC0147,2026-05-02 09:52:00,0.84
E004306,vehicle_use,P00210,P00628,LOC0059,2026-04-09 14:36:00,0.6
E004307,vehicle_use,P00159,P00794,LOC0105,2026-03-15 21:25:00,0.77
E004308,account_access,P00791,P00320,LOC0132,2026-02-27 22:48:00,0.65
E004309,item_handoff,P00315,P00939,LOC0081,2026-06-28 13:05:00,0.95
E004310,account_access,P00407,P00646,LOC0137,2026-05-26 08:37:00,0.63
E004311,vehicle_use,P00507,P00718,LOC0071,2026-02-23 11:05:00,0.92
E004312,meeting,P00951,P00766,LOC0142,2026-08-24 04:32:00,0.74
E004313,movement,P00620,P00849,LOC0112,2026-05-10 06:28:00,0.67
E004314,vehicle_use,P00005,P00922,LOC0094,2026-07-12 15:14:00,0.65
E004315,vehicle_use,P00984,P00665,LOC0097,2026-03-30 18:55:00,0.83
E004316,movement,P00654,P00824,LOC0033,2026-08-16 21:00:00,0.69
E004317,observation,P00238,P00845,LOC0093,2026-05-02 23:43:00,0.6
E004318,vehicle_use,P00404,P00355,LOC0041,2026-07-01 02:04:00,0.75
E004319,account_access,P00231,P00640,LOC0158,2026-03-22 17:27:00,0.92
E004320,item_handoff,P00851,P00881,LOC0028,2026-08-24 11:09:00,0.83
E004321,communication,P00339,P00038,LOC0054,2026-02-22 07:22:00,0.95
E004322,meeting,P00120,P00800,LOC0171,2026-06-04 05:11:00,0.87
E004323,item_handoff,P00078,P00763,LOC0015,2026-08-06 02:34:00,0.89
E004324,vehicle_use,P00780,P00613,LOC0033,2026-07-27 06:07:00,0.84
E004325,account_access,P00449,P00164,LOC0032,2026-05-22 16:46:00,0.95
E004326,vehicle_use,P00682,P00305,LOC0148,2026-01-27 14:20:00,0.89
E004327,observation,P00918,P00671,LOC0114,2026-04-20 03:04:00,0.64
E004328,transfer,P00624,P00489,LOC0180,2026-05-25 04:46:00,0.72
E004329,vehicle_use,P00134,P00681,LOC0092,2026-03-26 14:14:00,0.62
E004330,movement,P00921,P00801,LOC0098,2026-02-03 06:13:00,0.79
E004331,observation,P00494,P00554,LOC0054,2026-01-31 01:20:00,0.72
E004332,communication,P00761,P00175,LOC0003,2026-04-24 18:09:00,0.92
E004333,vehicle_use,P00259,P00515,LOC0017,2026-03-21 18:08:00,0.93
E004334,movement,P00891,P00970,LOC0056,2026-03-09 03:57:00,0.72
E004335,communication,P00767,P00044,LOC0046,2026-05-23 01:33:00,0.83
E004336,movement,P00104,P00914,LOC0003,2026-06-17 02:21:00,0.95
E004337,movement,P00107,P00314,LOC0159,2026-01-10 16:16:00,0.96
E004338,movement,P00710,P00179,LOC0093,2026-06-12 18:42:00,0.67
E004339,vehicle_use,P00334,P00754,LOC0093,2026-06-26 09:27:00,0.9
E004340,item_handoff,P00103,P00833,LOC0170,2026-06-15 12:27:00,0.98
E004341,transfer,P00488,P00657,LOC0096,2026-01-23 07:51:00,0.98
E004342,vehicle_use,P00406,P00954,LOC0146,2026-05-03 20:28:00,0.88
E004343,meeting,P00561,P00556,LOC0150,2026-01-23 07:34:00,0.63
E004344,meeting,P00948,P00145,LOC0041,2026-01-15 06:51:00,0.66
E004345,communication,P00988,P00290,LOC0115,2026-08-16 20:52:00,0.79
E004346,transfer,P00287,P00995,LOC0038,2026-01-30 04:58:00,0.8
E004347,vehicle_use,P00045,P00394,LOC0023,2026-05-11 15:35:00,0.73
E004348,vehicle_use,P00253,P00761,LOC0017,2026-04-10 09:38:00,0.86
E004349,observation,P00271,P00242,LOC0092,2026-07-07 21:45:00,0.89
E004350,transfer,P00372,P00348,LOC0034,2026-07-12 15:22:00,0.92
E004351,account_access,P00399,P00366,LOC0153,2026-04-08 16:27:00,0.96
E004352,account_access,P00497,P00744,LOC0068,2026-07-22 21:45:00,0.83
E004353,observation,P00015,P00477,LOC0070,2026-02-02 00:38:00,0.87
E004354,movement,P00866,P00691,LOC0137,2026-08-08 09:16:00,0.73
E004355,communication,P00250,P00059,LOC0022,2026-01-22 21:46:00,0.66
E004356,item_handoff,P00738,P00742,LOC0002,2026-07-26 08:56:00,0.96
E004357,meeting,P00692,P00959,LOC0010,2026-07-29 23:20:00,0.75
E004358,communication,P00260,P00475,LOC0054,2026-05-14 20:54:00,0.85
E004359,item_handoff,P00632,P00313,LOC0106,2026-02-16 16:07:00,0.95
E004360,communication,P00880,P00181,LOC0005,2026-07-24 18:08:00,0.65
E004361,observation,P00157,P00547,LOC0179,2026-05-20 03:01:00,0.66
E004362,movement,P00878,P00416,LOC0149,2026-05-27 06:59:00,0.9
E004363,account_access,P00922,P00065,LOC0141,2026-07-26 13:22:00,0.7
E004364,item_handoff,P00340,P00181,LOC0166,2026-06-06 00:46:00,0.7
E004365,communication,P00558,P00847,LOC0077,2026-04-10 20:41:00,0.92
E004366,communication,P00369,P00341,LOC0012,2026-02-25 08:44:00,0.72
E004367,communication,P00242,P00138,LOC0039,2026-04-10 10:07:00,0.91
E004368,observation,P00169,P00276,LOC0021,2026-03-19 07:55:00,0.98
E004369,observation,P00676,P00693,LOC0128,2026-04-03 08:48:00,0.73
E004370,account_access,P00169,P00796,LOC0003,2026-05-13 20:07:00,0.87
E004371,movement,P00011,P00019,LOC0043,2026-06-21 11:49:00,0.67
E004372,transfer,P00780,P00091,LOC0179,2026-04-07 16:39:00,0.91
E004373,vehicle_use,P00772,P00232,LOC0163,2026-01-24 09:39:00,0.91
E004374,transfer,P00425,P00906,LOC0063,2026-06-02 12:08:00,0.81
E004375,observation,P00640,P00106,LOC0111,2026-05-20 04:40:00,0.96
E004376,communication,P00472,P00226,LOC0130,2026-03-24 08:57:00,0.88
E004377,account_access,P00524,P00590,LOC0053,2026-02-06 04:49:00,0.84
E004378,movement,P00044,P00423,LOC0104,2026-01-23 02:01:00,0.72
E004379,vehicle_use,P00566,P00099,LOC0131,2026-06-09 09:51:00,0.91
E004380,meeting,P00172,P00878,LOC0158,2026-08-28 05:15:00,0.77
E004381,item_handoff,P00725,P00692,LOC0139,2026-01-09 19:10:00,0.76
E004382,transfer,P00402,P00751,LOC0036,2026-01-04 09:48:00,0.78
E004383,observation,P00630,P00647,LOC0164,2026-05-24 07:01:00,0.89
E004384,account_access,P00755,P00731,LOC0070,2026-01-01 21:11:00,0.69
E004385,meeting,P00184,P00586,LOC0130,2026-08-24 18:18:00,0.78
E004386,movement,P00348,P00205,LOC0036,2026-02-04 07:44:00,0.7
E004387,observation,P00363,P00919,LOC0088,2026-02-13 10:59:00,0.75
E004388,account_access,P00894,P00712,LOC0004,2026-04-15 09:05:00,0.92
E004389,meeting,P00932,P00939,LOC0071,2026-06-16 01:59:00,0.87
E004390,observation,P00702,P00535,LOC0095,2026-03-15 13:05:00,0.82
E004391,movement,P00027,P00889,LOC0073,2026-01-12 08:41:00,0.73
E004392,transfer,P00182,P00097,LOC0135,2026-08-01 06:06:00,0.73
E004393,communication,P00524,P00342,LOC0080,2026-01-09 19:08:00,0.69
E004394,meeting,P00796,P00145,LOC0114,2026-02-17 02:12:00,0.62
E004395,communication,P00607,P00621,LOC0080,2026-01-10 07:57:00,0.62
E004396,movement,P00820,P00570,LOC0106,2026-01-13 07:24:00,0.73
E004397,meeting,P00686,P00322,LOC0041,2026-01-15 19:46:00,0.67
E004398,account_access,P00529,P00101,LOC0084,2026-01-27 02:29:00,0.79
E004399,account_access,P00296,P00437,LOC0081,2026-05-08 19:53:00,0.92
E004400,communication,P00333,P00866,LOC0132,2026-03-30 06:34:00,0.92
E004401,account_access,P00541,P00245,LOC0152,2026-06-05 06:52:00,0.89
E004402,communication,P00955,P00072,LOC0049,2026-06-24 03:58:00,0.87
E004403,item_handoff,P00806,P00012,LOC0004,2026-04-16 23:05:00,0.79
E004404,communication,P00378,P00772,LOC0048,2026-08-05 04:17:00,0.78
E004405,communication,P00991,P00787,LOC0067,2026-03-23 02:07:00,0.63
E004406,vehicle_use,P00585,P00703,LOC0019,2026-07-12 19:06:00,0.85
E004407,account_access,P00318,P00765,LOC0158,2026-01-04 02:26:00,0.61
E004408,meeting,P00673,P00396,LOC0106,2026-02-01 15:07:00,0.78
E004409,vehicle_use,P00157,P00995,LOC0070,2026-04-11 15:44:00,0.86
E004410,item_handoff,P00578,P00347,LOC0074,2026-04-15 05:18:00,0.78
E004411,vehicle_use,P00204,P00850,LOC0126,2026-03-22 19:25:00,0.93
E004412,communication,P00749,P00102,LOC0096,2026-03-22 07:46:00,0.75
E004413,meeting,P00595,P00355,LOC0131,2026-03-07 16:43:00,0.79
E004414,observation,P00237,P00164,LOC0014,2026-01-23 16:03:00,0.68
E004415,item_handoff,P00189,P00657,LOC0146,2026-08-05 20:25:00,0.67
E004416,account_access,P00508,P00250,LOC0142,2026-06-14 01:27:00,0.84
E004417,account_access,P00477,P00966,LOC0180,2026-06-30 05:13:00,0.68
E004418,meeting,P00314,P00886,LOC0177,2026-03-17 01:10:00,0.88
E004419,meeting,P00290,P00478,LOC0047,2026-04-06 21:30:00,0.96
E004420,movement,P00155,P00430,LOC0123,2026-07-22 09:18:00,0.67
E004421,transfer,P00305,P00650,LOC0135,2026-03-14 00:31:00,0.94
E004422,item_handoff,P00803,P00393,LOC0061,2026-04-22 18:39:00,0.77
E004423,communication,P00783,P00725,LOC0023,2026-03-22 18:59:00,0.61
E004424,item_handoff,P00592,P00720,LOC0172,2026-03-31 08:53:00,0.85
E004425,movement,P00127,P00196,LOC0095,2026-04-20 05:00:00,0.64
E004426,account_access,P00377,P00900,LOC0010,2026-04-18 10:50:00,0.83
E004427,transfer,P00048,P00914,LOC0067,2026-05-15 12:53:00,0.73
E004428,item_handoff,P00831,P00271,LOC0172,2026-04-12 17:27:00,0.76
E004429,transfer,P00308,P00266,LOC0058,2026-04-26 00:54:00,0.87
E004430,item_handoff,P00139,P00439,LOC0147,2026-02-03 11:36:00,0.96
E004431,item_handoff,P00442,P00957,LOC0130,2026-02-16 14:11:00,0.89
E004432,account_access,P00632,P00105,LOC0036,2026-07-26 08:22:00,0.73
E004433,communication,P00698,P00730,LOC0142,2026-07-13 08:37:00,0.98
E004434,observation,P00293,P00056,LOC0152,2026-06-07 22:55:00,0.7
E004435,movement,P00229,P00913,LOC0151,2026-05-14 01:43:00,0.97
E004436,meeting,P00050,P00940,LOC0124,2026-02-04 15:00:00,0.86
E004437,observation,P00839,P00058,LOC0112,2026-07-30 13:34:00,0.79
E004438,vehicle_use,P00768,P00215,LOC0170,2026-04-10 19:57:00,0.84
E004439,communication,P00211,P00419,LOC0088,2026-07-19 17:05:00,0.91
E004440,item_handoff,P00098,P00741,LOC0024,2026-03-16 01:50:00,0.85
E004441,observation,P00043,P00234,LOC0174,2026-07-14 00:43:00,0.76
E004442,account_access,P00058,P00558,LOC0173,2026-03-21 23:28:00,0.97
E004443,transfer,P00612,P00403,LOC0175,2026-03-28 13:13:00,0.75
E004444,transfer,P00105,P00144,LOC0038,2026-03-28 13:04:00,0.81
E004445,item_handoff,P00311,P00284,LOC0030,2026-04-02 16:57:00,0.95
E004446,meeting,P00851,P00900,LOC0144,2026-05-01 15:25:00,0.64
E004447,vehicle_use,P00421,P00077,LOC0074,2026-07-07 12:52:00,0.73
E004448,communication,P00706,P00310,LOC0123,2026-08-16 20:07:00,0.74
E004449,movement,P00060,P00204,LOC0027,2026-07-14 10:11:00,0.68
E004450,account_access,P00579,P00381,LOC0123,2026-02-10 22:48:00,0.74
E004451,transfer,P00519,P00346,LOC0055,2026-06-15 15:11:00,0.8
E004452,vehicle_use,P00901,P00776,LOC0022,2026-05-08 04:17:00,0.66
E004453,observation,P00194,P00593,LOC0133,2026-05-19 08:20:00,0.94
E004454,observation,P00738,P00263,LOC0026,2026-06-25 14:26:00,0.94
E004455,account_access,P00242,P00276,LOC0018,2026-04-15 09:17:00,0.66
E004456,vehicle_use,P00342,P00958,LOC0032,2026-02-14 01:21:00,0.97
E004457,observation,P00917,P00272,LOC0070,2026-06-23 07:51:00,0.65
E004458,communication,P00041,P00424,LOC0097,2026-07-17 11:25:00,0.86
E004459,observation,P00546,P00634,LOC0027,2026-08-12 22:47:00,0.79
E004460,item_handoff,P00742,P00132,LOC0039,2026-06-07 17:32:00,0.75
E004461,transfer,P00724,P00883,LOC0004,2026-05-29 00:09:00,0.94
E004462,transfer,P00646,P00709,LOC0138,2026-01-29 11:30:00,0.66
E004463,meeting,P00578,P00196,LOC0105,2026-04-28 03:38:00,0.86
E004464,transfer,P00824,P00890,LOC0071,2026-07-20 08:39:00,0.82
E004465,vehicle_use,P00351,P00987,LOC0074,2026-06-02 06:51:00,0.65
E004466,observation,P00099,P00064,LOC0174,2026-01-28 03:53:00,0.92
E004467,movement,P00459,P00942,LOC0007,2026-08-30 07:01:00,0.96
E004468,transfer,P00861,P00020,LOC0114,2026-07-08 16:12:00,0.64
E004469,vehicle_use,P00796,P00474,LOC0013,2026-06-15 14:36:00,0.83
E004470,account_access,P00603,P00807,LOC0097,2026-08-18 11:49:00,0.67
E004471,meeting,P00700,P00448,LOC0088,2026-06-25 01:52:00,0.69
E004472,transfer,P00827,P00170,LOC0035,2026-08-26 07:26:00,0.8
E004473,observation,P00667,P00103,LOC0011,2026-03-21 23:44:00,0.8
E004474,observation,P00558,P00483,LOC0160,2026-06-11 22:39:00,0.97
E004475,transfer,P00112,P00277,LOC0048,2026-06-25 19:22:00,0.69
E004476,meeting,P00170,P00151,LOC0094,2026-05-03 06:43:00,0.75
E004477,communication,P00618,P00725,LOC0116,2026-02-20 10:51:00,0.86
E004478,vehicle_use,P00901,P00230,LOC0165,2026-03-16 00:55:00,0.87
E004479,transfer,P00109,P00073,LOC0108,2026-04-09 10:32:00,0.66
E004480,transfer,P00457,P00501,LOC0070,2026-03-30 04:56:00,0.75
E004481,item_handoff,P00739,P00954,LOC0012,2026-08-03 07:14:00,0.84
E004482,movement,P00488,P00604,LOC0070,2026-02-10 07:58:00,0.83
E004483,account_access,P00835,P00031,LOC0016,2026-06-17 23:30:00,0.94
E004484,vehicle_use,P00422,P00009,LOC0070,2026-03-11 18:42:00,0.75
E004485,communication,P00846,P00548,LOC0013,2026-08-09 03:31:00,0.73
E004486,observation,P00814,P00243,LOC0127,2026-06-07 21:54:00,0.92
E004487,transfer,P00381,P00681,LOC0098,2026-03-18 18:16:00,0.72
E004488,observation,P00751,P00996,LOC0087,2026-06-26 17:11:00,0.93
E004489,communication,P00885,P00126,LOC0158,2026-01-05 15:19:00,0.83
E004490,meeting,P00678,P00539,LOC0110,2026-01-08 16:25:00,0.68
E004491,meeting,P00799,P00790,LOC0107,2026-02-16 21:11:00,0.68
E004492,transfer,P00370,P00095,LOC0161,2026-03-13 02:55:00,0.74
E004493,item_handoff,P00883,P00260,LOC0090,2026-01-16 05:53:00,0.61
E004494,communication,P00743,P00199,LOC0167,2026-02-14 15:09:00,0.61
E004495,vehicle_use,P00190,P00110,LOC0143,2026-06-29 08:01:00,0.94
E004496,item_handoff,P00153,P00246,LOC0030,2026-07-28 09:07:00,0.62
E004497,communication,P00417,P00144,LOC0062,2026-03-22 19:23:00,0.69
E004498,meeting,P00889,P00019,LOC0067,2026-01-14 03:44:00,0.67
E004499,observation,P00969,P00093,LOC0040,2026-07-19 17:23:00,0.86
E004500,item_handoff,P00619,P00126,LOC0004,2026-03-27 11:05:00,0.81
E004501,item_handoff,P00371,P00304,LOC0018,2026-03-24 23:33:00,0.6
E004502,vehicle_use,P00997,P00665,LOC0142,2026-08-27 04:54:00,0.61
E004503,meeting,P00185,P00845,LOC0137,2026-07-16 20:49:00,0.84
E004504,meeting,P00072,P00664,LOC0128,2026-05-30 21:52:00,0.67
E004505,observation,P00501,P00696,LOC0116,2026-07-13 13:43:00,0.89
E004506,communication,P00619,P00721,LOC0041,2026-06-14 10:52:00,0.63
E004507,observation,P00095,P00716,LOC0124,2026-08-12 16:33:00,0.91
E004508,account_access,P00326,P00752,LOC0174,2026-06-08 07:18:00,0.7
E004509,transfer,P00114,P00006,LOC0179,2026-02-11 21:19:00,0.79
E004510,account_access,P00087,P00927,LOC0171,2026-06-24 06:06:00,0.88
E004511,observation,P00300,P00069,LOC0093,2026-05-11 04:46:00,0.98
E004512,meeting,P00699,P00450,LOC0128,2026-05-26 10:04:00,0.98
E004513,observation,P00311,P00867,LOC0164,2026-03-03 13:08:00,0.85
E004514,movement,P00176,P00408,LOC0106,2026-08-28 01:23:00,0.99
E004515,vehicle_use,P00376,P00521,LOC0139,2026-01-20 11:44:00,0.72
E004516,communication,P00707,P00247,LOC0106,2026-07-20 01:44:00,0.82
E004517,movement,P00853,P00408,LOC0123,2026-01-08 13:56:00,0.97
E004518,transfer,P00073,P00560,LOC0056,2026-04-07 21:21:00,0.71
E004519,item_handoff,P00759,P00578,LOC0156,2026-05-23 19:12:00,0.64
E004520,meeting,P00618,P00505,LOC0084,2026-08-28 10:49:00,0.69
E004521,movement,P00709,P00083,LOC0022,2026-03-23 15:03:00,0.83
E004522,account_access,P00274,P00876,LOC0034,2026-07-15 17:14:00,0.84
E004523,communication,P00893,P00874,LOC0115,2026-07-13 16:29:00,0.72
E004524,movement,P00614,P00301,LOC0017,2026-08-21 06:42:00,0.7
E004525,account_access,P00547,P00872,LOC0036,2026-03-08 21:09:00,0.87
E004526,communication,P00085,P00111,LOC0065,2026-07-21 09:34:00,0.89
E004527,observation,P00234,P00755,LOC0030,2026-02-10 10:13:00,0.91
E004528,movement,P00204,P00355,LOC0126,2026-01-28 05:47:00,0.84
E004529,account_access,P00662,P00514,LOC0168,2026-02-06 20:09:00,0.74
E004530,item_handoff,P00334,P00421,LOC0092,2026-05-01 03:02:00,0.66
E004531,observation,P00926,P00996,LOC0145,2026-03-18 08:09:00,0.67
E004532,movement,P00254,P00604,LOC0127,2026-07-25 20:08:00,0.71
E004533,movement,P00349,P00865,LOC0066,2026-05-07 22:36:00,0.87
E004534,transfer,P00373,P00600,LOC0066,2026-05-31 17:34:00,0.61
E004535,movement,P00406,P00200,LOC0171,2026-03-29 03:45:00,0.92
E004536,vehicle_use,P00425,P00155,LOC0165,2026-06-01 21:35:00,0.91
E004537,movement,P00464,P00252,LOC0126,2026-04-15 23:29:00,0.87
E004538,communication,P00656,P00840,LOC0069,2026-06-26 12:59:00,0.85
E004539,transfer,P00925,P00779,LOC0175,2026-02-03 21:19:00,0.83
E004540,observation,P00822,P00249,LOC0057,2026-06-11 10:10:00,0.74
E004541,movement,P00895,P00906,LOC0066,2026-01-10 02:36:00,0.98
E004542,item_handoff,P00647,P00810,LOC0143,2026-08-23 07:59:00,0.72
E004543,meeting,P00636,P00070,LOC0003,2026-08-08 09:21:00,0.91
E004544,vehicle_use,P00742,P00350,LOC0064,2026-08-13 16:41:00,0.97
E004545,transfer,P00673,P00229,LOC0024,2026-07-12 19:38:00,0.91
E004546,movement,P00979,P00165,LOC0049,2026-07-04 03:03:00,0.91
E004547,observation,P00305,P01000,LOC0167,2026-05-25 09:19:00,0.98
E004548,vehicle_use,P00005,P00981,LOC0089,2026-01-11 00:36:00,0.93
E004549,vehicle_use,P00653,P00366,LOC0098,2026-01-03 12:52:00,0.92
E004550,account_access,P00096,P00738,LOC0125,2026-02-16 13:54:00,0.98
E004551,movement,P00346,P00356,LOC0102,2026-07-03 12:10:00,0.62
E004552,communication,P00255,P00661,LOC0063,2026-06-16 14:50:00,0.85
E004553,observation,P00286,P00323,LOC0137,2026-08-20 17:47:00,0.9
E004554,item_handoff,P00792,P00339,LOC0039,2026-08-20 17:11:00,0.87
E004555,account_access,P00795,P00593,LOC0075,2026-02-04 10:02:00,0.7
E004556,vehicle_use,P00724,P00647,LOC0070,2026-06-16 20:50:00,0.9
E004557,observation,P00011,P00367,LOC0114,2026-05-17 14:47:00,0.69
E004558,item_handoff,P00680,P00256,LOC0102,2026-01-31 05:25:00,0.8
E004559,movement,P00176,P00908,LOC0034,2026-05-14 18:09:00,0.62
E004560,communication,P00984,P00938,LOC0029,2026-01-31 13:14:00,0.83
E004561,item_handoff,P00436,P00508,LOC0103,2026-01-17 08:05:00,0.68
E004562,vehicle_use,P00126,P00474,LOC0145,2026-07-12 03:50:00,0.63
E004563,communication,P00705,P00096,LOC0001,2026-02-09 12:42:00,0.85
E004564,vehicle_use,P00565,P00529,LOC0107,2026-07-04 10:26:00,0.69
E004565,item_handoff,P00275,P00686,LOC0016,2026-01-21 08:48:00,0.87
E004566,account_access,P00769,P00355,LOC0089,2026-04-26 07:24:00,0.9
E004567,vehicle_use,P00774,P00122,LOC0158,2026-08-08 22:43:00,0.76
E004568,observation,P00659,P00495,LOC0012,2026-06-20 07:31:00,0.93
E004569,vehicle_use,P00348,P00198,LOC0087,2026-07-05 01:57:00,0.68
E004570,account_access,P00364,P00147,LOC0007,2026-02-20 16:54:00,0.95
E004571,communication,P00333,P00850,LOC0015,2026-06-08 15:58:00,0.8
E004572,vehicle_use,P00492,P00031,LOC0143,2026-04-17 10:49:00,0.66
E004573,observation,P00633,P00379,LOC0124,2026-08-08 09:49:00,0.96
E004574,observation,P00654,P00830,LOC0003,2026-03-06 08:06:00,0.74
E004575,item_handoff,P00696,P00924,LOC0158,2026-04-14 02:29:00,0.73
E004576,communication,P00006,P00811,LOC0106,2026-05-07 14:04:00,0.76
E004577,meeting,P00964,P00835,LOC0132,2026-07-03 23:56:00,0.71
E004578,account_access,P00152,P00313,LOC0121,2026-06-23 09:15:00,0.79
E004579,vehicle_use,P00296,P00320,LOC0152,2026-08-29 12:50:00,0.79
E004580,vehicle_use,P00202,P00930,LOC0151,2026-07-14 18:42:00,0.69
E004581,transfer,P00895,P00291,LOC0115,2026-05-23 17:43:00,0.82
E004582,account_access,P00749,P00635,LOC0031,2026-08-15 20:57:00,0.88
E004583,communication,P00468,P00004,LOC0095,2026-07-14 23:36:00,0.86
E004584,observation,P00513,P00975,LOC0174,2026-01-02 23:10:00,0.89
E004585,communication,P00054,P00256,LOC0124,2026-08-16 15:02:00,0.78
E004586,meeting,P00184,P00018,LOC0097,2026-03-26 01:14:00,0.64
E004587,item_handoff,P00300,P00236,LOC0118,2026-04-02 15:34:00,0.97
E004588,item_handoff,P00393,P00843,LOC0114,2026-03-10 14:27:00,0.87
E004589,meeting,P00230,P00168,LOC0161,2026-02-04 16:47:00,0.72
E004590,observation,P00932,P00437,LOC0021,2026-07-01 09:38:00,0.69
E004591,account_access,P00108,P00531,LOC0018,2026-07-12 19:04:00,0.9
E004592,item_handoff,P00770,P00818,LOC0138,2026-05-04 02:52:00,0.95
E004593,movement,P00175,P00168,LOC0035,2026-03-22 18:14:00,0.81
E004594,transfer,P00264,P00111,LOC0120,2026-05-14 12:48:00,0.88
E004595,communication,P00141,P00920,LOC0130,2026-08-22 21:49:00,0.76
E004596,observation,P00589,P00605,LOC0099,2026-07-19 18:21:00,0.95
E004597,meeting,P00876,P00813,LOC0107,2026-04-24 09:13:00,0.96
E004598,vehicle_use,P00858,P00766,LOC0168,2026-02-02 11:42:00,0.91
E004599,item_handoff,P00625,P00727,LOC0050,2026-04-25 07:55:00,0.95
E004600,transfer,P00063,P00680,LOC0060,2026-05-16 06:48:00,0.71
E004601,item_handoff,P00872,P00551,LOC0104,2026-06-20 18:13:00,0.91
E004602,vehicle_use,P00366,P00846,LOC0059,2026-04-25 12:32:00,0.69
E004603,transfer,P00189,P00800,LOC0149,2026-02-15 16:40:00,0.91
E004604,communication,P00213,P00904,LOC0079,2026-08-14 17:28:00,0.68
E004605,meeting,P00907,P00198,LOC0137,2026-01-29 04:27:00,0.72
E004606,vehicle_use,P00355,P00016,LOC0082,2026-08-31 15:50:00,0.66
E004607,transfer,P00044,P00429,LOC0132,2026-03-14 02:25:00,0.72
E004608,meeting,P00612,P00548,LOC0129,2026-01-28 01:34:00,0.95
E004609,movement,P00153,P00182,LOC0157,2026-04-19 06:52:00,0.85
E004610,item_handoff,P00738,P00869,LOC0140,2026-05-14 15:25:00,0.71
E004611,vehicle_use,P00780,P00213,LOC0170,2026-08-03 14:44:00,0.74
E004612,item_handoff,P00835,P00568,LOC0133,2026-03-19 01:55:00,0.88
E004613,communication,P00245,P00638,LOC0063,2026-07-16 13:27:00,0.67
E004614,vehicle_use,P00535,P00829,LOC0142,2026-04-09 03:36:00,0.89
E004615,account_access,P00493,P00641,LOC0058,2026-04-09 06:44:00,0.85
E004616,account_access,P00337,P00806,LOC0036,2026-08-26 05:54:00,0.73
E004617,transfer,P00325,P00516,LOC0085,2026-04-30 11:56:00,0.87
E004618,account_access,P00879,P00562,LOC0037,2026-06-20 09:03:00,0.71
E004619,meeting,P00602,P00454,LOC0062,2026-06-08 20:17:00,0.61
E004620,vehicle_use,P00829,P00863,LOC0169,2026-05-15 16:08:00,0.78
E004621,meeting,P00322,P00279,LOC0019,2026-05-04 09:15:00,0.98
E004622,communication,P00455,P00925,LOC0043,2026-06-14 17:09:00,0.79
E004623,item_handoff,P00091,P00337,LOC0134,2026-03-10 22:25:00,0.62
E004624,movement,P00353,P00586,LOC0034,2026-07-25 18:29:00,0.89
E004625,account_access,P00197,P00280,LOC0178,2026-01-05 08:39:00,0.9
E004626,item_handoff,P00775,P00421,LOC0120,2026-05-01 06:45:00,0.85
E004627,communication,P00896,P00926,LOC0084,2026-01-16 21:18:00,0.83
E004628,vehicle_use,P00831,P00480,LOC0121,2026-04-23 22:05:00,0.89
E004629,communication,P00245,P00701,LOC0159,2026-02-11 12:08:00,0.94
E004630,movement,P00343,P00413,LOC0158,2026-04-03 14:32:00,0.78
E004631,item_handoff,P00440,P00880,LOC0064,2026-05-17 05:17:00,0.97
E004632,movement,P00841,P00922,LOC0152,2026-02-10 06:40:00,0.63
E004633,item_handoff,P00445,P00093,LOC0162,2026-06-27 02:55:00,0.84
E004634,meeting,P00348,P00891,LOC0173,2026-01-18 02:41:00,0.82
E004635,meeting,P00294,P00088,LOC0061,2026-03-24 13:07:00,0.91
E004636,movement,P00932,P00183,LOC0137,2026-03-15 09:23:00,0.79
E004637,communication,P00731,P00442,LOC0034,2026-02-19 04:48:00,0.73
E004638,observation,P00130,P00369,LOC0104,2026-03-01 11:23:00,0.98
E004639,communication,P00726,P00793,LOC0103,2026-05-26 12:58:00,0.83
E004640,movement,P00612,P00991,LOC0179,2026-05-16 17:34:00,0.97
E004641,account_access,P00752,P00849,LOC0010,2026-06-28 02:14:00,0.68
E004642,meeting,P00362,P00758,LOC0022,2026-03-02 02:39:00,0.88
E004643,vehicle_use,P00310,P00188,LOC0086,2026-05-22 10:32:00,0.81
E004644,transfer,P00207,P00013,LOC0130,2026-06-24 12:02:00,0.64
E004645,transfer,P00429,P00805,LOC0096,2026-06-18 07:43:00,0.68
E004646,vehicle_use,P00982,P00827,LOC0153,2026-04-03 07:39:00,0.77
E004647,transfer,P00731,P00053,LOC0087,2026-02-09 04:42:00,0.84
E004648,vehicle_use,P00262,P00841,LOC0090,2026-05-03 06:46:00,0.66
E004649,observation,P00449,P00693,LOC0021,2026-06-25 13:06:00,0.73
E004650,movement,P00902,P00456,LOC0091,2026-08-26 08:21:00,0.66
E004651,transfer,P00126,P00998,LOC0034,2026-03-18 13:04:00,0.7
E004652,transfer,P00266,P00133,LOC0063,2026-01-28 01:29:00,0.99
E004653,communication,P00916,P00825,LOC0106,2026-08-02 16:59:00,0.97
E004654,movement,P00152,P00833,LOC0021,2026-07-08 07:17:00,0.82
E004655,observation,P00862,P00752,LOC0015,2026-02-06 13:57:00,0.69
E004656,observation,P00742,P00742,LOC0036,2026-07-11 19:17:00,0.77
E004657,movement,P00839,P00891,LOC0058,2026-05-03 08:51:00,0.63
E004658,account_access,P00387,P00872,LOC0174,2026-05-07 00:04:00,0.92
E004659,meeting,P00987,P00444,LOC0025,2026-02-09 07:12:00,0.61
E004660,meeting,P00912,P00078,LOC0040,2026-08-08 09:59:00,0.83
E004661,movement,P00040,P00510,LOC0145,2026-02-03 19:09:00,0.92
E004662,meeting,P00901,P00312,LOC0032,2026-04-07 10:58:00,0.75
E004663,account_access,P00465,P00506,LOC0136,2026-03-03 13:34:00,0.91
E004664,observation,P00833,P00623,LOC0171,2026-03-03 23:04:00,0.79
E004665,transfer,P00880,P00815,LOC0061,2026-03-27 21:07:00,0.72
E004666,observation,P00627,P00038,LOC0106,2026-05-16 00:32:00,0.7
E004667,meeting,P00064,P00473,LOC0146,2026-01-17 02:05:00,0.93
E004668,meeting,P00543,P00661,LOC0054,2026-01-29 20:02:00,0.85
E004669,item_handoff,P00263,P00005,LOC0083,2026-03-26 00:55:00,0.83
E004670,account_access,P00644,P00991,LOC0166,2026-06-08 00:13:00,0.76
E004671,item_handoff,P00347,P00731,LOC0109,2026-07-14 20:24:00,0.89
E004672,communication,P00158,P00069,LOC0025,2026-05-05 14:31:00,0.83
E004673,observation,P00398,P00107,LOC0002,2026-06-11 06:01:00,0.77
E004674,transfer,P00261,P00519,LOC0143,2026-07-27 17:16:00,0.82
E004675,observation,P00159,P00775,LOC0034,2026-02-07 22:18:00,0.62
E004676,meeting,P00877,P00812,LOC0152,2026-03-01 13:26:00,0.96
E004677,item_handoff,P00755,P00449,LOC0126,2026-02-06 06:38:00,0.75
E004678,observation,P00014,P00475,LOC0157,2026-08-30 16:27:00,0.71
E004679,account_access,P00589,P00592,LOC0072,2026-02-28 09:37:00,0.91
E004680,communication,P00078,P00552,LOC0131,2026-03-29 16:06:00,0.88
E004681,observation,P00705,P00319,LOC0037,2026-08-18 02:12:00,0.98
E004682,item_handoff,P00312,P00362,LOC0097,2026-06-09 19:36:00,0.78
E004683,item_handoff,P00030,P00281,LOC0029,2026-02-07 08:17:00,0.76
E004684,communication,P00905,P00967,LOC0048,2026-04-26 13:08:00,0.6
E004685,vehicle_use,P00097,P00640,LOC0135,2026-07-22 02:32:00,0.6
E004686,item_handoff,P00375,P00218,LOC0090,2026-07-20 10:30:00,0.82
E004687,communication,P00193,P00239,LOC0177,2026-03-29 03:49:00,0.94
E004688,transfer,P00589,P00352,LOC0050,2026-03-04 08:40:00,0.65
E004689,account_access,P00108,P00397,LOC0025,2026-01-31 10:47:00,0.86
E004690,account_access,P00118,P00614,LOC0147,2026-01-02 02:20:00,0.73
E004691,transfer,P00786,P00107,LOC0040,2026-01-01 02:31:00,0.94
E004692,vehicle_use,P00329,P00099,LOC0089,2026-04-06 17:55:00,0.83
E004693,observation,P00161,P00115,LOC0082,2026-03-19 21:28:00,0.79
E004694,observation,P00684,P00313,LOC0053,2026-01-14 17:37:00,0.75
E004695,item_handoff,P00909,P00284,LOC0110,2026-02-26 06:42:00,0.75
E004696,item_handoff,P00377,P00698,LOC0114,2026-06-04 06:22:00,0.91
E004697,observation,P00905,P00047,LOC0027,2026-06-18 06:11:00,0.97
E004698,vehicle_use,P00891,P00473,LOC0104,2026-03-11 03:21:00,0.79
E004699,vehicle_use,P00274,P00499,LOC0132,2026-05-27 08:40:00,0.81
E004700,item_handoff,P00632,P00388,LOC0065,2026-05-06 11:09:00,0.72
E004701,vehicle_use,P00989,P00649,LOC0034,2026-07-17 09:20:00,0.61
E004702,meeting,P00097,P00701,LOC0048,2026-01-21 01:19:00,0.75
E004703,vehicle_use,P00922,P00824,LOC0078,2026-06-29 01:15:00,0.63
E004704,observation,P00397,P00830,LOC0086,2026-04-09 23:17:00,0.72
E004705,transfer,P00747,P00230,LOC0051,2026-01-16 23:28:00,0.64
E004706,vehicle_use,P00700,P00746,LOC0056,2026-08-05 00:46:00,0.95
E004707,communication,P00166,P00880,LOC0014,2026-08-01 22:47:00,0.77
E004708,movement,P00626,P00962,LOC0075,2026-06-01 04:24:00,0.63
E004709,movement,P00416,P00977,LOC0171,2026-04-12 14:03:00,0.92
E004710,transfer,P00889,P00023,LOC0075,2026-07-18 21:25:00,0.87
E004711,transfer,P00700,P00053,LOC0020,2026-08-20 11:34:00,0.98
E004712,observation,P00736,P00600,LOC0046,2026-08-05 11:22:00,0.92
E004713,transfer,P00361,P00251,LOC0049,2026-08-09 01:27:00,0.96
E004714,communication,P00699,P00431,LOC0106,2026-08-09 08:01:00,0.66
E004715,item_handoff,P00014,P00144,LOC0078,2026-06-28 03:30:00,0.74
E004716,observation,P00446,P00138,LOC0136,2026-01-04 02:53:00,0.87
E004717,movement,P00723,P00627,LOC0105,2026-07-29 18:08:00,0.83
E004718,observation,P00916,P00350,LOC0149,2026-04-07 20:18:00,0.61
E004719,item_handoff,P00035,P00456,LOC0141,2026-08-20 06:59:00,0.7
E004720,observation,P00963,P00821,LOC0086,2026-01-17 14:54:00,0.84
E004721,vehicle_use,P00931,P00948,LOC0143,2026-06-11 15:30:00,0.62
E004722,communication,P00370,P00766,LOC0056,2026-07-08 20:34:00,0.81
E004723,meeting,P00454,P00741,LOC0088,2026-04-27 21:51:00,0.79
E004724,item_handoff,P00847,P00046,LOC0076,2026-03-31 12:21:00,0.62
E004725,account_access,P00642,P00382,LOC0087,2026-03-30 23:55:00,0.93
E004726,vehicle_use,P00742,P00088,LOC0135,2026-01-25 11:59:00,0.99
E004727,transfer,P00956,P00643,LOC0123,2026-05-07 17:58:00,0.68
E004728,transfer,P00205,P00569,LOC0153,2026-01-08 23:29:00,0.62
E004729,account_access,P00407,P00461,LOC0165,2026-01-20 22:08:00,0.82
E004730,item_handoff,P00210,P00428,LOC0174,2026-05-22 12:18:00,0.76
E004731,vehicle_use,P00023,P00872,LOC0126,2026-06-25 06:06:00,0.7
E004732,movement,P00335,P00133,LOC0038,2026-01-03 21:24:00,0.62
E004733,vehicle_use,P00187,P00883,LOC0160,2026-04-22 15:36:00,0.91
E004734,item_handoff,P00928,P00205,LOC0020,2026-05-30 08:04:00,0.98
E004735,observation,P00892,P00851,LOC0089,2026-03-22 11:17:00,0.94
E004736,account_access,P00276,P00469,LOC0160,2026-06-26 22:11:00,0.88
E004737,vehicle_use,P00834,P00355,LOC0108,2026-03-28 19:22:00,0.61
E004738,transfer,P00788,P00740,LOC0008,2026-07-31 13:33:00,0.82
E004739,movement,P00957,P00687,LOC0058,2026-02-01 09:39:00,0.94
E004740,communication,P00721,P00142,LOC0092,2026-06-12 17:23:00,0.76
E004741,vehicle_use,P00747,P00263,LOC0164,2026-01-21 22:07:00,0.71
E004742,account_access,P00568,P00203,LOC0136,2026-03-19 20:03:00,0.83
E004743,observation,P00367,P00338,LOC0172,2026-07-18 21:03:00,0.93
E004744,vehicle_use,P00298,P00236,LOC0161,2026-01-09 01:56:00,0.79
E004745,item_handoff,P00532,P00673,LOC0052,2026-05-08 09:56:00,0.85
E004746,movement,P00976,P00379,LOC0154,2026-03-22 23:16:00,0.95
E004747,item_handoff,P00114,P00005,LOC0078,2026-02-26 15:25:00,0.68
E004748,account_access,P00818,P00167,LOC0101,2026-08-09 14:16:00,0.89
E004749,observation,P00481,P00107,LOC0129,2026-05-28 15:36:00,0.92
E004750,communication,P00910,P00497,LOC0169,2026-02-17 22:24:00,0.68
E004751,account_access,P00670,P00958,LOC0011,2026-04-02 16:11:00,0.91
E004752,movement,P00159,P00751,LOC0046,2026-01-22 04:29:00,0.83
E004753,movement,P00815,P00218,LOC0025,2026-01-05 15:28:00,0.88
E004754,transfer,P00449,P00479,LOC0170,2026-08-29 14:10:00,0.65
E004755,transfer,P00693,P00517,LOC0122,2026-02-08 21:09:00,0.6
E004756,account_access,P00267,P00856,LOC0160,2026-05-01 12:33:00,0.81
E004757,observation,P00232,P00974,LOC0044,2026-06-08 07:26:00,0.77
E004758,vehicle_use,P00764,P00037,LOC0055,2026-03-30 21:15:00,0.69
E004759,item_handoff,P00768,P00310,LOC0045,2026-07-17 09:21:00,0.69
E004760,vehicle_use,P00728,P00367,LOC0073,2026-06-05 12:28:00,0.92
E004761,meeting,P00267,P00704,LOC0176,2026-04-07 09:20:00,0.78
E004762,observation,P00706,P00463,LOC0140,2026-05-14 20:19:00,0.66
E004763,meeting,P00359,P00190,LOC0101,2026-08-03 22:17:00,0.79
E004764,meeting,P00392,P00356,LOC0103,2026-02-09 06:29:00,0.77
E004765,item_handoff,P00026,P00851,LOC0018,2026-07-26 03:58:00,0.74
E004766,transfer,P00979,P00835,LOC0142,2026-03-27 04:10:00,0.84
E004767,meeting,P00799,P00802,LOC0152,2026-03-10 12:45:00,0.77
E004768,observation,P00094,P00236,LOC0056,2026-08-28 16:58:00,0.75
E004769,item_handoff,P00844,P00523,LOC0004,2026-08-19 10:04:00,0.82
E004770,account_access,P00120,P00316,LOC0040,2026-08-20 16:35:00,0.78
E004771,movement,P00624,P00403,LOC0127,2026-04-02 03:56:00,0.91
E004772,communication,P00439,P00475,LOC0172,2026-03-08 22:00:00,0.72
E004773,transfer,P00506,P00780,LOC0101,2026-07-27 14:32:00,0.73
E004774,meeting,P00556,P00899,LOC0102,2026-01-24 14:13:00,0.79
E004775,communication,P00741,P00555,LOC0006,2026-03-02 09:18:00,0.82
E004776,observation,P00990,P00596,LOC0124,2026-02-23 00:59:00,0.67
E004777,account_access,P00776,P00137,LOC0014,2026-01-12 18:28:00,0.82
E004778,communication,P00895,P00807,LOC0018,2026-04-07 21:22:00,0.81
E004779,meeting,P00201,P00617,LOC0145,2026-02-04 01:48:00,0.68
E004780,movement,P00391,P00087,LOC0092,2026-03-21 03:27:00,0.79
E004781,meeting,P00848,P00015,LOC0034,2026-08-29 13:05:00,0.66
E004782,transfer,P00475,P00819,LOC0025,2026-04-09 15:53:00,0.81
E004783,item_handoff,P00058,P00349,LOC0004,2026-05-02 17:21:00,0.92
E004784,movement,P00761,P00555,LOC0077,2026-02-04 15:14:00,0.78
E004785,item_handoff,P00874,P00092,LOC0045,2026-07-23 00:48:00,0.9
E004786,movement,P00344,P00197,LOC0175,2026-08-26 17:21:00,0.69
E004787,vehicle_use,P00703,P00906,LOC0104,2026-07-11 16:51:00,0.94
E004788,vehicle_use,P00716,P00802,LOC0108,2026-01-07 00:20:00,0.74
E004789,vehicle_use,P00021,P00558,LOC0137,2026-02-14 03:04:00,0.72
E004790,item_handoff,P00429,P00621,LOC0032,2026-05-18 18:20:00,0.66
E004791,communication,P00806,P00081,LOC0023,2026-08-08 09:48:00,0.68
E004792,observation,P00185,P00657,LOC0128,2026-02-28 18:10:00,0.76
E004793,account_access,P00325,P00197,LOC0061,2026-05-14 08:04:00,0.96
E004794,transfer,P00474,P00809,LOC0006,2026-06-24 20:28:00,0.72
E004795,transfer,P00899,P00646,LOC0028,2026-07-16 15:59:00,0.75
E004796,communication,P00883,P00582,LOC0092,2026-05-04 08:14:00,0.69
E004797,communication,P00553,P00018,LOC0124,2026-04-01 14:37:00,0.71
E004798,meeting,P00855,P00914,LOC0047,2026-05-18 01:22:00,0.76
E004799,vehicle_use,P00995,P00357,LOC0115,2026-07-23 12:30:00,0.88
E004800,vehicle_use,P00904,P00693,LOC0041,2026-03-21 06:29:00,0.76
E004801,account_access,P00200,P00352,LOC0143,2026-01-06 18:41:00,0.8
E004802,movement,P00916,P00324,LOC0023,2026-07-06 12:30:00,0.65
E004803,item_handoff,P00165,P00614,LOC0089,2026-04-08 23:58:00,0.91
E004804,communication,P00807,P00835,LOC0059,2026-02-25 06:25:00,0.97
E004805,observation,P00837,P00306,LOC0056,2026-06-26 01:17:00,0.87
E004806,movement,P00116,P00716,LOC0169,2026-04-22 22:06:00,0.74
E004807,movement,P00459,P00122,LOC0074,2026-04-09 21:46:00,0.64
E004808,movement,P00453,P00862,LOC0170,2026-08-30 20:44:00,0.69
E004809,observation,P00416,P00392,LOC0078,2026-06-20 08:50:00,0.82
E004810,transfer,P00234,P00161,LOC0168,2026-08-13 21:08:00,0.8
E004811,vehicle_use,P00685,P00572,LOC0079,2026-06-26 00:09:00,0.81
E004812,account_access,P00806,P00617,LOC0115,2026-02-14 05:14:00,0.67
E004813,account_access,P00060,P00792,LOC0025,2026-05-27 00:35:00,0.8
E004814,vehicle_use,P00019,P00533,LOC0081,2026-05-16 08:24:00,0.82
E004815,movement,P00543,P00589,LOC0134,2026-08-04 07:00:00,0.94
E004816,movement,P00557,P00297,LOC0047,2026-04-02 04:27:00,0.72
E004817,account_access,P00013,P00285,LOC0098,2026-06-29 07:44:00,0.64
E004818,communication,P00769,P00294,LOC0038,2026-03-06 16:15:00,0.83
E004819,meeting,P00861,P00184,LOC0010,2026-05-13 08:22:00,0.92
E004820,observation,P00701,P00300,LOC0114,2026-06-14 21:53:00,0.72
E004821,account_access,P00036,P00697,LOC0072,2026-07-26 03:45:00,0.87
E004822,vehicle_use,P00169,P00910,LOC0068,2026-03-18 11:18:00,0.97
E004823,meeting,P00623,P00583,LOC0003,2026-06-27 17:42:00,0.79
E004824,meeting,P00296,P00896,LOC0111,2026-03-03 02:17:00,0.97
E004825,account_access,P00787,P00558,LOC0098,2026-02-05 08:47:00,0.64
E004826,account_access,P00565,P00769,LOC0085,2026-07-04 09:35:00,0.93
E004827,meeting,P00222,P00423,LOC0132,2026-07-18 19:47:00,0.7
E004828,communication,P00750,P00826,LOC0145,2026-08-08 05:13:00,0.94
E004829,communication,P00578,P00497,LOC0166,2026-04-04 08:11:00,0.97
E004830,item_handoff,P00458,P00013,LOC0160,2026-08-15 17:09:00,0.75
E004831,communication,P00211,P00890,LOC0134,2026-01-18 04:20:00,0.94
E004832,movement,P00803,P00394,LOC0032,2026-06-11 01:49:00,0.96
E004833,item_handoff,P00109,P00113,LOC0133,2026-07-28 14:51:00,0.83
E004834,communication,P00965,P00808,LOC0105,2026-02-10 03:05:00,0.9
E004835,meeting,P00177,P00581,LOC0037,2026-02-25 10:08:00,0.62
E004836,communication,P00392,P00392,LOC0116,2026-06-29 03:24:00,0.68
E004837,meeting,P00478,P00514,LOC0106,2026-04-18 17:14:00,0.87
E004838,account_access,P00785,P00562,LOC0094,2026-01-08 01:42:00,0.68
E004839,observation,P00058,P00729,LOC0009,2026-01-02 18:58:00,0.65
E004840,observation,P00556,P00115,LOC0126,2026-04-17 16:05:00,0.69
E004841,movement,P00157,P00544,LOC0034,2026-05-07 09:11:00,0.67
E004842,account_access,P00007,P00965,LOC0157,2026-02-08 07:39:00,0.84
E004843,communication,P00104,P00537,LOC0163,2026-07-22 08:09:00,0.67
E004844,transfer,P00250,P00484,LOC0063,2026-04-23 22:53:00,0.94
E004845,observation,P00784,P00607,LOC0084,2026-07-21 03:50:00,0.61
E004846,account_access,P00581,P00518,LOC0165,2026-01-07 02:24:00,0.82
E004847,meeting,P00906,P00288,LOC0096,2026-08-03 09:18:00,0.86
E004848,vehicle_use,P00828,P00546,LOC0159,2026-02-25 18:56:00,0.92
E004849,meeting,P00547,P00399,LOC0049,2026-07-28 21:54:00,0.96
E004850,transfer,P00454,P00385,LOC0001,2026-06-14 20:52:00,0.75
E004851,communication,P00496,P00013,LOC0166,2026-08-19 05:47:00,0.89
E004852,observation,P00491,P00612,LOC0030,2026-06-02 01:49:00,0.98
E004853,item_handoff,P00940,P00637,LOC0100,2026-02-10 23:51:00,0.61
E004854,item_handoff,P00771,P00302,LOC0084,2026-06-01 02:24:00,0.84
E004855,movement,P00363,P00293,LOC0148,2026-03-19 10:39:00,0.95
E004856,account_access,P00226,P00218,LOC0108,2026-08-08 02:47:00,0.95
E004857,vehicle_use,P00804,P00545,LOC0152,2026-06-14 19:15:00,0.74
E004858,observation,P00140,P00772,LOC0177,2026-08-22 06:57:00,0.82
E004859,observation,P00582,P00665,LOC0123,2026-01-27 10:49:00,0.69
E004860,meeting,P00809,P00782,LOC0003,2026-04-18 02:12:00,0.93
E004861,communication,P00986,P00828,LOC0110,2026-07-29 11:06:00,0.63
E004862,meeting,P00578,P00953,LOC0013,2026-06-21 03:27:00,0.94
E004863,vehicle_use,P00776,P00508,LOC0089,2026-02-28 13:05:00,0.6
E004864,item_handoff,P00549,P00681,LOC0117,2026-01-22 23:41:00,0.91
E004865,item_handoff,P00157,P00572,LOC0131,2026-07-30 11:13:00,0.87
E004866,meeting,P00058,P00100,LOC0014,2026-03-03 07:22:00,0.71
E004867,observation,P00369,P00092,LOC0023,2026-02-07 10:15:00,0.93
E004868,transfer,P00260,P00787,LOC0166,2026-06-05 00:25:00,0.94
E004869,communication,P00343,P00329,LOC0143,2026-05-25 13:10:00,0.68
E004870,movement,P00492,P00359,LOC0144,2026-05-03 21:21:00,0.75
E004871,meeting,P00162,P00540,LOC0149,2026-05-29 05:58:00,0.65
E004872,item_handoff,P00718,P00549,LOC0013,2026-01-04 16:10:00,0.69
E004873,vehicle_use,P00217,P00564,LOC0124,2026-05-09 09:16:00,0.94
E004874,transfer,P00382,P00848,LOC0179,2026-06-18 22:16:00,0.69
E004875,observation,P00050,P00017,LOC0025,2026-07-15 04:42:00,0.7
E004876,movement,P00992,P00641,LOC0102,2026-08-27 00:48:00,0.67
E004877,observation,P00178,P00079,LOC0027,2026-03-05 02:35:00,0.87
E004878,vehicle_use,P00687,P00752,LOC0041,2026-02-18 08:24:00,0.63
E004879,vehicle_use,P00933,P00063,LOC0154,2026-04-25 06:16:00,0.74
E004880,vehicle_use,P01000,P00412,LOC0155,2026-04-30 14:50:00,0.72
E004881,movement,P00696,P00169,LOC0007,2026-07-17 21:37:00,0.96
E004882,account_access,P00092,P00643,LOC0128,2026-06-24 08:53:00,0.73
E004883,account_access,P00329,P00872,LOC0024,2026-07-20 21:32:00,0.93
E004884,communication,P00968,P00723,LOC0003,2026-02-01 21:30:00,0.9
E004885,communication,P00412,P00806,LOC0039,2026-04-21 02:12:00,0.95
E004886,communication,P00263,P00809,LOC0089,2026-05-26 16:49:00,0.9
E004887,vehicle_use,P00590,P00531,LOC0063,2026-07-21 12:20:00,0.78
E004888,meeting,P00410,P00275,LOC0123,2026-02-25 06:26:00,0.7
E004889,account_access,P00611,P00767,LOC0138,2026-05-02 03:59:00,0.87
E004890,transfer,P00257,P00483,LOC0123,2026-06-05 06:13:00,0.86
E004891,communication,P00193,P00221,LOC0046,2026-01-02 06:35:00,0.61
E004892,item_handoff,P00395,P00702,LOC0062,2026-02-13 23:51:00,0.73
E004893,item_handoff,P00216,P00936,LOC0114,2026-08-05 09:25:00,0.78
E004894,meeting,P00495,P00971,LOC0029,2026-04-12 04:09:00,0.95
E004895,communication,P00501,P00530,LOC0079,2026-02-14 06:05:00,0.65
E004896,item_handoff,P00455,P00679,LOC0069,2026-01-27 10:35:00,0.81
E004897,item_handoff,P00182,P00542,LOC0103,2026-06-23 07:47:00,0.8
E004898,observation,P00094,P00354,LOC0148,2026-01-12 00:21:00,0.71
E004899,meeting,P00148,P00953,LOC0012,2026-07-28 13:24:00,0.91
E004900,communication,P00820,P00011,LOC0039,2026-07-22 22:37:00,0.97
E004901,transfer,P00907,P00529,LOC0133,2026-06-07 23:57:00,0.91
E004902,meeting,P00445,P00952,LOC0098,2026-05-01 23:36:00,0.73
E004903,transfer,P00831,P00435,LOC0180,2026-04-12 13:41:00,0.74
E004904,observation,P00075,P00642,LOC0131,2026-01-21 16:24:00,0.72
E004905,account_access,P00924,P00589,LOC0130,2026-03-01 07:32:00,0.73
E004906,vehicle_use,P00904,P00730,LOC0099,2026-08-21 05:00:00,0.63
E004907,item_handoff,P00758,P00313,LOC0149,2026-01-06 22:29:00,0.74
E004908,meeting,P00081,P00257,LOC0063,2026-07-04 14:40:00,0.66
E004909,vehicle_use,P00632,P00237,LOC0070,2026-05-23 06:33:00,0.66
E004910,item_handoff,P00122,P00432,LOC0139,2026-08-16 10:01:00,0.76
E004911,observation,P00143,P00463,LOC0170,2026-02-14 00:53:00,0.62
E004912,transfer,P00649,P00233,LOC0108,2026-03-10 04:22:00,0.72
E004913,meeting,P00984,P00748,LOC0136,2026-05-17 13:19:00,0.9
E004914,vehicle_use,P00251,P00004,LOC0023,2026-05-06 09:04:00,0.95
E004915,transfer,P00184,P00688,LOC0102,2026-03-09 15:17:00,0.82
E004916,observation,P00493,P00526,LOC0061,2026-02-12 19:18:00,0.75
E004917,transfer,P00271,P00687,LOC0156,2026-04-12 19:44:00,0.66
E004918,meeting,P00061,P00355,LOC0048,2026-08-11 15:12:00,0.68
E004919,vehicle_use,P00422,P00530,LOC0134,2026-07-04 10:55:00,0.84
E004920,communication,P00241,P00032,LOC0155,2026-07-13 11:16:00,0.94
E004921,observation,P00432,P00770,LOC0095,2026-08-22 15:25:00,0.91
E004922,item_handoff,P00454,P00784,LOC0026,2026-08-28 17:39:00,0.89
E004923,observation,P00305,P00893,LOC0001,2026-03-19 20:25:00,0.96
E004924,movement,P00907,P00696,LOC0155,2026-01-31 17:07:00,0.79
E004925,vehicle_use,P00996,P00382,LOC0051,2026-03-04 15:43:00,0.63
E004926,vehicle_use,P00253,P00384,LOC0116,2026-02-26 06:43:00,0.73
E004927,item_handoff,P00268,P00808,LOC0004,2026-02-24 01:57:00,0.67
E004928,movement,P00634,P00790,LOC0075,2026-02-15 18:02:00,0.95
E004929,communication,P00738,P00670,LOC0150,2026-01-27 23:24:00,0.72
E004930,item_handoff,P00153,P00660,LOC0149,2026-01-28 17:13:00,0.73
E004931,item_handoff,P00059,P00196,LOC0092,2026-07-07 14:08:00,0.62
E004932,vehicle_use,P00416,P00310,LOC0037,2026-05-06 10:43:00,0.97
E004933,observation,P00046,P00682,LOC0017,2026-07-14 18:05:00,0.87
E004934,account_access,P00311,P00104,LOC0146,2026-07-15 09:31:00,0.67
E004935,movement,P00508,P00211,LOC0083,2026-07-17 06:24:00,0.83
E004936,vehicle_use,P00816,P00822,LOC0051,2026-02-16 20:20:00,0.65
E004937,meeting,P00617,P00750,LOC0180,2026-01-31 12:08:00,0.91
E004938,account_access,P00933,P00610,LOC0100,2026-05-24 08:56:00,0.86
E004939,observation,P00548,P00005,LOC0120,2026-07-14 17:54:00,0.79
E004940,observation,P00393,P00274,LOC0054,2026-02-03 18:38:00,0.94
E004941,observation,P00144,P00251,LOC0099,2026-01-17 04:12:00,0.78
E004942,transfer,P00205,P00504,LOC0053,2026-08-30 19:47:00,0.84
E004943,transfer,P00806,P00083,LOC0029,2026-01-17 11:13:00,0.99
E004944,item_handoff,P00580,P00946,LOC0011,2026-05-22 15:48:00,0.76
E004945,communication,P00478,P00309,LOC0130,2026-07-10 18:39:00,0.87
E004946,movement,P00263,P00389,LOC0148,2026-01-18 16:22:00,0.9
E004947,meeting,P00538,P00503,LOC0058,2026-01-29 10:04:00,0.88
E004948,observation,P00872,P00825,LOC0009,2026-03-23 14:04:00,0.67
E004949,communication,P00987,P00111,LOC0035,2026-06-29 06:53:00,0.71
E004950,movement,P00376,P00878,LOC0079,2026-03-20 08:31:00,0.63
E004951,account_access,P00829,P00549,LOC0040,2026-01-23 04:06:00,0.87
E004952,observation,P00150,P00687,LOC0137,2026-04-03 00:15:00,0.9
E004953,account_access,P00330,P00361,LOC0087,2026-06-02 21:00:00,0.86
E004954,movement,P00778,P00905,LOC0023,2026-05-21 01:31:00,0.97
E004955,observation,P00066,P00825,LOC0046,2026-04-10 06:35:00,0.68
E004956,transfer,P00724,P00733,LOC0176,2026-07-19 19:37:00,0.69
E004957,communication,P00388,P00554,LOC0070,2026-02-06 07:32:00,0.84
E004958,communication,P00588,P00790,LOC0043,2026-07-29 04:55:00,0.99
E004959,observation,P00283,P00460,LOC0093,2026-07-07 19:40:00,0.96
E004960,vehicle_use,P00863,P00946,LOC0031,2026-02-10 16:43:00,0.88
E004961,movement,P00263,P00567,LOC0060,2026-03-14 09:25:00,0.72
E004962,observation,P00961,P00585,LOC0095,2026-08-10 01:29:00,0.65
E004963,transfer,P00692,P00960,LOC0051,2026-03-16 12:28:00,0.89
E004964,observation,P00716,P00596,LOC0109,2026-07-25 19:25:00,0.79
E004965,movement,P00235,P00570,LOC0104,2026-05-05 15:08:00,0.65
E004966,item_handoff,P00249,P00081,LOC0130,2026-06-06 04:39:00,0.92
E004967,communication,P00045,P00080,LOC0008,2026-02-18 00:24:00,0.65
E004968,movement,P00051,P00769,LOC0043,2026-08-30 02:43:00,0.93
E004969,communication,P00447,P00699,LOC0011,2026-01-24 06:06:00,0.91
E004970,vehicle_use,P00401,P00979,LOC0049,2026-06-06 03:30:00,0.85
E004971,meeting,P00348,P00564,LOC0046,2026-06-11 08:40:00,0.74
E004972,vehicle_use,P00167,P00260,LOC0116,2026-06-02 23:33:00,0.79
E004973,movement,P00501,P00444,LOC0163,2026-04-17 11:09:00,0.68
E004974,account_access,P00282,P00660,LOC0050,2026-04-24 17:33:00,0.89
E004975,account_access,P00765,P00478,LOC0074,2026-01-15 00:54:00,0.6
E004976,movement,P00808,P00326,LOC0054,2026-05-18 15:07:00,0.98
E004977,movement,P00584,P00924,LOC0120,2026-01-12 23:49:00,0.82
E004978,vehicle_use,P00306,P00028,LOC0028,2026-03-06 04:02:00,0.96
E004979,movement,P00156,P00140,LOC0178,2026-07-16 08:30:00,0.63
E004980,vehicle_use,P00631,P00413,LOC0011,2026-07-21 09:34:00,0.86
E004981,meeting,P00613,P00619,LOC0061,2026-07-29 17:39:00,0.81
E004982,account_access,P00569,P00078,LOC0084,2026-03-02 02:10:00,0.69
E004983,item_handoff,P00835,P00532,LOC0118,2026-08-19 04:45:00,0.62
E004984,account_access,P00491,P00260,LOC0124,2026-02-20 20:25:00,0.96
E004985,item_handoff,P00143,P00974,LOC0044,2026-05-04 05:20:00,0.73
E004986,meeting,P00225,P00433,LOC0128,2026-03-23 20:23:00,0.92
E004987,account_access,P00128,P00054,LOC0174,2026-04-28 14:27:00,0.74
E004988,communication,P00130,P00707,LOC0051,2026-05-03 19:03:00,0.86
E004989,item_handoff,P00092,P00044,LOC0072,2026-08-08 14:58:00,0.65
E004990,observation,P00879,P00519,LOC0066,2026-05-15 07:55:00,0.64
E004991,item_handoff,P00551,P00006,LOC0170,2026-02-15 08:42:00,0.66
E004992,observation,P00257,P00572,LOC0127,2026-06-09 13:33:00,0.72
E004993,communication,P00310,P00470,LOC0097,2026-02-16 03:57:00,0.61
E004994,account_access,P00003,P00910,LOC0156,2026-02-19 17:14:00,0.7
E004995,meeting,P00783,P00779,LOC0011,2026-03-12 21:16:00,0.89
E004996,meeting,P00749,P00426,LOC0171,2026-04-03 02:40:00,0.66
E004997,account_access,P00586,P00560,LOC0161,2026-08-29 13:34:00,0.64
E004998,movement,P00793,P00163,LOC0160,2026-07-22 14:18:00,0.94
E004999,movement,P00728,P00751,LOC0116,2026-07-04 00:59:00,0.85
E005000,communication,P00732,P00694,LOC0118,2026-02-26 17:01:00,0.81
E005001,meeting,P00849,P00230,LOC0055,2026-01-20 13:34:00,0.81
E005002,transfer,P00147,P00916,LOC0088,2026-07-05 17:42:00,0.75
E005003,communication,P00283,P00789,LOC0133,2026-03-29 19:40:00,0.65
E005004,observation,P00029,P00364,LOC0015,2026-06-19 11:33:00,0.8
E005005,meeting,P00780,P00111,LOC0071,2026-03-09 21:23:00,0.93
E005006,communication,P00653,P00222,LOC0009,2026-02-04 07:21:00,0.84
E005007,movement,P00660,P00835,LOC0056,2026-01-17 09:30:00,0.65
E005008,account_access,P00728,P00898,LOC0026,2026-05-02 20:07:00,0.85
E005009,meeting,P00880,P00059,LOC0081,2026-06-15 17:57:00,0.91
E005010,item_handoff,P00641,P00552,LOC0166,2026-02-18 03:55:00,0.62
E005011,meeting,P00795,P00153,LOC0031,2026-08-25 15:19:00,0.92
E005012,transfer,P00245,P00381,LOC0085,2026-08-05 21:15:00,0.8
E005013,communication,P00092,P00765,LOC0171,2026-07-13 11:41:00,0.78
E005014,movement,P00543,P00315,LOC0004,2026-07-01 18:02:00,0.71
E005015,vehicle_use,P00628,P00904,LOC0061,2026-01-16 14:44:00,0.9
E005016,account_access,P00360,P00922,LOC0029,2026-07-25 16:23:00,0.76
E005017,movement,P00837,P00468,LOC0164,2026-05-02 04:13:00,0.97
E005018,observation,P00382,P00152,LOC0134,2026-08-15 10:57:00,0.96
E005019,communication,P00085,P00028,LOC0024,2026-02-24 01:50:00,0.64
E005020,transfer,P00211,P00721,LOC0001,2026-08-12 20:14:00,0.95
E005021,item_handoff,P00475,P00746,LOC0151,2026-01-28 13:43:00,0.81
E005022,observation,P00322,P00830,LOC0119,2026-05-09 13:45:00,0.63
E005023,transfer,P00772,P00079,LOC0073,2026-08-21 14:51:00,0.63
E005024,vehicle_use,P00120,P00988,LOC0110,2026-02-28 21:03:00,0.71
E005025,meeting,P00531,P00708,LOC0134,2026-02-13 05:40:00,0.84
E005026,communication,P00214,P00435,LOC0075,2026-02-28 20:35:00,0.97
E005027,account_access,P00388,P00633,LOC0164,2026-08-05 18:56:00,0.92
E005028,communication,P00819,P00067,LOC0173,2026-08-24 03:48:00,0.89
E005029,vehicle_use,P00513,P00507,LOC0055,2026-04-05 18:17:00,0.73
E005030,observation,P00651,P00631,LOC0162,2026-05-19 09:00:00,0.86
E005031,vehicle_use,P00909,P00302,LOC0054,2026-08-02 04:09:00,0.97
E005032,meeting,P00226,P00380,LOC0122,2026-01-16 23:55:00,0.62
E005033,meeting,P00729,P00996,LOC0035,2026-08-18 02:35:00,0.87
E005034,movement,P00648,P00089,LOC0141,2026-02-03 07:26:00,0.81
E005035,transfer,P00696,P00325,LOC0004,2026-07-24 13:37:00,0.92
E005036,observation,P00402,P00432,LOC0157,2026-08-03 15:03:00,0.79
E005037,movement,P00855,P00236,LOC0004,2026-07-19 06:42:00,0.67
E005038,transfer,P00634,P00265,LOC0030,2026-05-06 00:25:00,0.72
E005039,transfer,P00572,P00329,LOC0005,2026-03-09 22:04:00,0.92
E005040,account_access,P00547,P00967,LOC0053,2026-02-13 22:33:00,0.64
E005041,account_access,P00047,P00785,LOC0102,2026-08-21 10:41:00,0.9
E005042,meeting,P00567,P00591,LOC0082,2026-03-19 20:33:00,0.93
E005043,movement,P00284,P00686,LOC0147,2026-04-14 18:20:00,0.89
E005044,meeting,P00848,P00057,LOC0007,2026-01-18 11:40:00,0.7
E005045,movement,P00294,P00038,LOC0171,2026-08-16 00:41:00,0.97
E005046,movement,P00378,P00854,LOC0135,2026-04-09 01:16:00,0.65
E005047,vehicle_use,P00465,P00380,LOC0050,2026-04-05 12:26:00,0.83
E005048,meeting,P00979,P00012,LOC0113,2026-04-19 06:28:00,0.77
E005049,item_handoff,P00970,P00498,LOC0124,2026-05-15 04:09:00,0.79
E005050,vehicle_use,P00406,P00958,LOC0168,2026-02-19 21:38:00,0.78
E005051,transfer,P00539,P00879,LOC0038,2026-01-12 03:31:00,0.82
E005052,account_access,P00855,P00774,LOC0156,2026-07-14 05:03:00,0.94
E005053,observation,P00897,P00099,LOC0114,2026-05-21 18:59:00,0.83
E005054,movement,P00673,P00319,LOC0158,2026-05-15 12:13:00,0.84
E005055,movement,P00404,P00320,LOC0118,2026-03-16 15:27:00,0.64
E005056,vehicle_use,P00670,P00730,LOC0041,2026-05-26 15:16:00,0.68
E005057,vehicle_use,P00810,P00267,LOC0024,2026-05-05 07:33:00,0.81
E005058,item_handoff,P00391,P00593,LOC0129,2026-07-27 00:00:00,0.87
E005059,communication,P00429,P00653,LOC0042,2026-01-20 21:14:00,0.95
E005060,meeting,P00737,P00330,LOC0142,2026-03-20 19:17:00,0.9
E005061,meeting,P00914,P00101,LOC0158,2026-04-28 15:21:00,0.94
E005062,communication,P00583,P00251,LOC0016,2026-06-15 11:50:00,0.89
E005063,communication,P00776,P00078,LOC0129,2026-07-12 07:32:00,0.64
E005064,transfer,P00213,P00711,LOC0082,2026-05-15 20:45:00,0.89
E005065,observation,P00445,P00288,LOC0031,2026-04-15 18:55:00,0.68
E005066,communication,P00951,P00812,LOC0092,2026-05-22 06:02:00,0.62
E005067,communication,P00467,P00292,LOC0144,2026-04-15 21:03:00,0.76
E005068,item_handoff,P00409,P00840,LOC0069,2026-05-23 17:57:00,0.73
E005069,account_access,P00907,P00989,LOC0039,2026-01-18 10:28:00,0.68
E005070,communication,P00058,P00037,LOC0117,2026-07-21 14:00:00,0.85
E005071,item_handoff,P00035,P00405,LOC0149,2026-03-24 05:56:00,0.64
E005072,meeting,P00736,P00846,LOC0153,2026-03-29 19:31:00,0.83
E005073,account_access,P00526,P00136,LOC0121,2026-02-03 15:57:00,0.83
E005074,transfer,P00572,P00599,LOC0022,2026-05-09 16:08:00,0.64
E005075,meeting,P00195,P00352,LOC0008,2026-08-28 16:02:00,0.94
E005076,account_access,P00855,P00236,LOC0005,2026-04-25 15:47:00,0.72
E005077,observation,P00786,P00837,LOC0110,2026-07-27 09:41:00,0.82
E005078,communication,P00185,P00124,LOC0005,2026-04-13 04:08:00,0.62
E005079,vehicle_use,P00711,P00450,LOC0034,2026-08-20 01:13:00,0.77
E005080,vehicle_use,P00747,P00585,LOC0065,2026-07-15 21:53:00,0.98
E005081,vehicle_use,P00448,P00018,LOC0078,2026-01-04 11:17:00,0.95
E005082,account_access,P00508,P00334,LOC0070,2026-03-06 15:10:00,0.89
E005083,meeting,P00748,P00303,LOC0160,2026-01-03 18:44:00,0.82
E005084,account_access,P00879,P00527,LOC0042,2026-06-16 01:13:00,0.8
E005085,account_access,P00252,P00641,LOC0056,2026-04-30 00:22:00,0.93
E005086,meeting,P00388,P00985,LOC0042,2026-07-20 03:26:00,0.62
E005087,movement,P00134,P00465,LOC0007,2026-05-24 17:59:00,0.84
E005088,communication,P00829,P00514,LOC0011,2026-08-25 15:49:00,0.89
E005089,communication,P00160,P00191,LOC0121,2026-03-15 18:08:00,0.91
E005090,vehicle_use,P00255,P00209,LOC0073,2026-03-23 02:56:00,0.87
E005091,account_access,P00752,P00466,LOC0115,2026-07-27 23:51:00,0.81
E005092,vehicle_use,P00509,P00408,LOC0092,2026-01-07 18:14:00,0.7
E005093,meeting,P00788,P00606,LOC0070,2026-05-07 06:16:00,0.69
E005094,item_handoff,P00097,P00921,LOC0082,2026-04-05 11:03:00,0.88
E005095,item_handoff,P00074,P00910,LOC0106,2026-08-12 19:25:00,0.82
E005096,communication,P00404,P00668,LOC0105,2026-02-03 07:39:00,0.74
E005097,vehicle_use,P00508,P00948,LOC0080,2026-05-22 04:33:00,0.67
E005098,movement,P00286,P00901,LOC0089,2026-06-14 03:59:00,0.71
E005099,item_handoff,P00283,P00547,LOC0118,2026-05-22 22:23:00,0.92
E005100,communication,P00495,P00419,LOC0161,2026-08-13 22:04:00,0.83
E005101,communication,P00489,P00329,LOC0133,2026-08-31 04:22:00,0.94
E005102,communication,P00905,P00173,LOC0082,2026-03-14 19:43:00,0.83
E005103,vehicle_use,P00407,P00067,LOC0050,2026-02-14 23:05:00,0.84
E005104,observation,P00564,P00097,LOC0007,2026-05-25 11:21:00,0.65
E005105,communication,P00916,P00506,LOC0144,2026-03-29 00:11:00,0.64
E005106,transfer,P00717,P00274,LOC0065,2026-07-09 07:14:00,0.8
E005107,meeting,P00972,P00750,LOC0061,2026-04-15 02:55:00,0.86
E005108,meeting,P00642,P00046,LOC0101,2026-08-18 02:53:00,0.79
E005109,vehicle_use,P00425,P00821,LOC0141,2026-06-04 15:35:00,0.76
E005110,observation,P00294,P00707,LOC0104,2026-06-02 07:18:00,0.95
E005111,vehicle_use,P00665,P00201,LOC0003,2026-04-04 03:35:00,0.94
E005112,item_handoff,P00080,P00541,LOC0005,2026-05-07 15:56:00,0.91
E005113,transfer,P00660,P00155,LOC0051,2026-01-26 22:06:00,0.78
E005114,transfer,P00941,P00909,LOC0013,2026-03-19 02:24:00,0.79
E005115,movement,P00008,P00869,LOC0043,2026-03-20 22:42:00,0.67
E005116,item_handoff,P00547,P00682,LOC0044,2026-06-17 22:19:00,0.68
E005117,meeting,P00598,P00182,LOC0168,2026-07-31 02:43:00,0.64
E005118,vehicle_use,P00678,P00345,LOC0121,2026-04-06 05:33:00,0.97
E005119,transfer,P00455,P00944,LOC0005,2026-01-31 12:01:00,0.63
E005120,account_access,P00972,P00253,LOC0150,2026-07-07 11:51:00,0.93
E005121,communication,P00699,P00075,LOC0121,2026-02-14 10:35:00,0.79
E005122,communication,P00700,P00091,LOC0057,2026-06-19 20:25:00,0.79
E005123,transfer,P00802,P00849,LOC0085,2026-01-13 11:55:00,0.92
E005124,vehicle_use,P00371,P00344,LOC0106,2026-07-04 16:44:00,0.91
E005125,account_access,P00155,P00737,LOC0043,2026-07-24 11:46:00,0.95
E005126,item_handoff,P00511,P00229,LOC0118,2026-01-01 02:10:00,0.9
E005127,transfer,P00845,P00838,LOC0082,2026-03-12 16:48:00,0.96
E005128,item_handoff,P00345,P00795,LOC0072,2026-05-20 02:09:00,0.63
E005129,meeting,P00831,P00645,LOC0032,2026-04-19 00:08:00,0.92
E005130,observation,P00991,P00769,LOC0022,2026-04-09 00:31:00,0.61
E005131,vehicle_use,P00027,P00030,LOC0024,2026-03-06 03:12:00,0.74
E005132,account_access,P00351,P00300,LOC0027,2026-02-02 19:41:00,0.9
E005133,item_handoff,P00008,P00191,LOC0034,2026-05-11 09:39:00,0.91
E005134,observation,P00910,P00815,LOC0144,2026-06-10 20:55:00,0.79
E005135,meeting,P00356,P00713,LOC0043,2026-01-25 07:29:00,0.78
E005136,item_handoff,P00324,P00766,LOC0006,2026-02-25 17:31:00,0.91
E005137,transfer,P00618,P00848,LOC0130,2026-05-10 13:03:00,0.61
E005138,transfer,P00961,P00141,LOC0114,2026-06-25 21:27:00,0.92
E005139,movement,P00750,P00230,LOC0153,2026-03-02 08:51:00,0.62
E005140,movement,P00936,P00579,LOC0091,2026-02-06 23:34:00,0.79
E005141,meeting,P00172,P00121,LOC0180,2026-05-24 16:10:00,0.8
E005142,vehicle_use,P00440,P00585,LOC0067,2026-05-19 23:01:00,0.76
E005143,account_access,P00016,P00306,LOC0035,2026-01-18 02:36:00,0.66
E005144,movement,P00203,P00337,LOC0095,2026-04-19 06:46:00,0.88
E005145,vehicle_use,P00200,P00683,LOC0008,2026-08-04 16:21:00,0.62
E005146,observation,P00578,P00859,LOC0037,2026-09-01 01:16:00,0.68
E005147,item_handoff,P00538,P00951,LOC0005,2026-07-08 23:24:00,0.79
E005148,communication,P00140,P00855,LOC0060,2026-05-18 12:50:00,0.66
E005149,movement,P00072,P00154,LOC0039,2026-04-12 21:20:00,0.98
E005150,meeting,P00120,P00808,LOC0108,2026-02-02 04:44:00,0.65
E005151,communication,P00346,P00104,LOC0121,2026-03-07 16:44:00,0.69
E005152,account_access,P00541,P00677,LOC0115,2026-08-02 07:47:00,0.63
E005153,item_handoff,P00081,P00888,LOC0100,2026-06-14 15:49:00,0.8
E005154,meeting,P00285,P00358,LOC0107,2026-07-27 15:35:00,0.73
E005155,vehicle_use,P00666,P00226,LOC0012,2026-06-26 08:50:00,0.82
E005156,communication,P00006,P00387,LOC0171,2026-05-19 03:28:00,0.64
E005157,account_access,P00498,P00691,LOC0047,2026-08-23 05:14:00,0.74
E005158,meeting,P00307,P00199,LOC0071,2026-01-22 07:53:00,0.66
E005159,observation,P00532,P00815,LOC0018,2026-08-31 09:47:00,0.73
E005160,transfer,P00661,P00394,LOC0162,2026-03-22 20:19:00,0.93
E005161,meeting,P00429,P00765,LOC0151,2026-06-20 14:13:00,0.95
E005162,communication,P00706,P00317,LOC0146,2026-08-12 02:06:00,0.63
E005163,observation,P00177,P00568,LOC0001,2026-05-13 08:40:00,0.66
E005164,observation,P00208,P00865,LOC0051,2026-08-30 09:43:00,0.84
E005165,item_handoff,P00557,P00824,LOC0096,2026-06-03 05:29:00,0.66
E005166,meeting,P00208,P00177,LOC0080,2026-01-17 10:59:00,0.82
E005167,transfer,P00581,P00296,LOC0153,2026-03-22 05:39:00,0.94
E005168,observation,P00432,P01000,LOC0112,2026-02-14 07:37:00,0.69
E005169,vehicle_use,P00208,P00957,LOC0163,2026-07-17 21:56:00,0.9
E005170,communication,P00811,P00876,LOC0046,2026-06-19 22:20:00,0.73
E005171,communication,P00898,P00249,LOC0045,2026-03-19 14:23:00,0.62
E005172,transfer,P00492,P00748,LOC0087,2026-02-21 12:46:00,0.68
E005173,meeting,P00810,P00182,LOC0024,2026-04-14 11:51:00,0.72
E005174,communication,P00116,P00045,LOC0082,2026-05-09 14:29:00,0.7
E005175,meeting,P00545,P00734,LOC0079,2026-06-09 10:00:00,0.89
E005176,movement,P00215,P00200,LOC0042,2026-08-14 03:12:00,0.85
E005177,account_access,P00204,P00515,LOC0166,2026-06-12 05:58:00,0.92
E005178,communication,P00203,P00082,LOC0072,2026-02-02 14:44:00,0.67
E005179,communication,P00647,P00103,LOC0092,2026-03-15 10:09:00,0.89
E005180,communication,P00971,P00223,LOC0154,2026-05-01 13:11:00,0.94
E005181,vehicle_use,P00185,P00219,LOC0065,2026-07-19 09:16:00,0.91
E005182,meeting,P00840,P00012,LOC0040,2026-06-19 23:13:00,0.78
E005183,meeting,P00698,P00193,LOC0147,2026-02-08 21:03:00,0.9
E005184,vehicle_use,P00546,P00062,LOC0100,2026-08-31 08:57:00,0.78
E005185,communication,P00957,P00156,LOC0094,2026-06-13 19:35:00,0.96
E005186,observation,P00434,P00034,LOC0059,2026-04-13 19:48:00,0.81
E005187,meeting,P00883,P00484,LOC0017,2026-07-03 13:33:00,0.6
E005188,movement,P00294,P00191,LOC0128,2026-08-19 12:45:00,0.73
E005189,vehicle_use,P00451,P00056,LOC0178,2026-02-02 07:06:00,0.87
E005190,item_handoff,P00750,P00240,LOC0074,2026-02-23 04:27:00,0.63
E005191,item_handoff,P00186,P00066,LOC0134,2026-03-05 02:31:00,0.87
E005192,account_access,P00504,P00922,LOC0115,2026-05-21 10:32:00,0.81
E005193,item_handoff,P00760,P00556,LOC0161,2026-07-22 20:41:00,0.92
E005194,observation,P00172,P00661,LOC0139,2026-01-19 20:28:00,0.97
E005195,account_access,P00870,P00016,LOC0017,2026-04-18 09:48:00,0.8
E005196,observation,P00214,P00672,LOC0010,2026-07-07 17:36:00,0.87
E005197,account_access,P00510,P00423,LOC0128,2026-07-12 17:19:00,0.87
E005198,observation,P00922,P00560,LOC0167,2026-04-03 16:13:00,0.69
E005199,movement,P00119,P00850,LOC0083,2026-08-29 18:13:00,0.79
E005200,movement,P00704,P00994,LOC0078,2026-07-30 07:53:00,0.89
E005201,account_access,P00318,P00518,LOC0147,2026-07-26 17:56:00,0.82
E005202,account_access,P00336,P00216,LOC0087,2026-01-22 01:28:00,0.84
E005203,movement,P00979,P00586,LOC0173,2026-08-27 06:25:00,0.78
E005204,account_access,P00539,P00817,LOC0167,2026-03-02 13:00:00,0.89
E005205,transfer,P00312,P00526,LOC0143,2026-05-10 19:53:00,0.8
E005206,communication,P00589,P00312,LOC0149,2026-04-16 14:16:00,0.95
E005207,meeting,P00916,P00032,LOC0117,2026-06-15 06:29:00,0.79
E005208,item_handoff,P00414,P00893,LOC0059,2026-07-19 20:21:00,0.87
E005209,vehicle_use,P00795,P00876,LOC0160,2026-04-04 14:43:00,0.97
E005210,account_access,P00692,P00808,LOC0143,2026-05-02 15:12:00,0.87
E005211,meeting,P00954,P00053,LOC0176,2026-02-24 11:30:00,0.92
E005212,item_handoff,P00232,P00056,LOC0102,2026-08-01 04:57:00,0.86
E005213,movement,P00396,P00665,LOC0107,2026-05-21 20:45:00,0.91
E005214,observation,P00550,P00191,LOC0155,2026-06-14 09:53:00,0.88
E005215,item_handoff,P00512,P00573,LOC0114,2026-02-04 14:46:00,0.7
E005216,observation,P00420,P00940,LOC0001,2026-06-05 03:33:00,0.68
E005217,movement,P00910,P00720,LOC0068,2026-01-30 01:53:00,0.79
E005218,item_handoff,P00475,P00157,LOC0120,2026-04-18 23:24:00,0.63
E005219,observation,P00426,P00673,LOC0110,2026-08-12 15:07:00,0.83
E005220,observation,P00655,P00829,LOC0131,2026-07-20 02:41:00,0.82
E005221,transfer,P00946,P00089,LOC0103,2026-07-08 03:22:00,0.84
E005222,transfer,P00840,P00235,LOC0002,2026-01-20 22:30:00,0.66
E005223,movement,P00494,P00011,LOC0117,2026-05-20 13:18:00,0.76
E005224,account_access,P00005,P00908,LOC0143,2026-08-13 10:21:00,0.61
E005225,account_access,P00353,P00703,LOC0098,2026-04-13 04:56:00,0.68
E005226,account_access,P00968,P00188,LOC0171,2026-06-05 11:31:00,0.91
E005227,communication,P00467,P00562,LOC0022,2026-08-29 20:51:00,0.68
E005228,movement,P00254,P00296,LOC0093,2026-06-28 14:36:00,0.76
E005229,transfer,P00430,P00088,LOC0085,2026-08-15 01:04:00,0.85
E005230,vehicle_use,P00916,P00476,LOC0110,2026-03-07 14:19:00,0.98
E005231,communication,P00131,P00012,LOC0124,2026-02-18 11:19:00,0.7
E005232,meeting,P00649,P00697,LOC0114,2026-01-24 16:01:00,0.63
E005233,communication,P00340,P00107,LOC0102,2026-04-12 08:05:00,0.81
E005234,account_access,P00428,P00974,LOC0117,2026-01-15 21:44:00,0.62
E005235,transfer,P00425,P00760,LOC0027,2026-08-19 16:13:00,0.92
E005236,vehicle_use,P00454,P00524,LOC0175,2026-08-21 03:43:00,0.86
E005237,observation,P00177,P00439,LOC0041,2026-01-19 10:53:00,0.83
E005238,meeting,P00374,P00462,LOC0130,2026-05-28 09:57:00,0.7
E005239,communication,P00641,P00106,LOC0043,2026-04-28 15:25:00,0.97
E005240,observation,P00614,P00909,LOC0158,2026-05-18 19:03:00,0.8
E005241,account_access,P00327,P00172,LOC0056,2026-07-05 16:49:00,0.92
E005242,observation,P00519,P00445,LOC0030,2026-03-28 09:02:00,0.71
E005243,meeting,P00187,P00743,LOC0136,2026-04-10 04:54:00,0.68
E005244,observation,P00433,P00546,LOC0029,2026-06-02 01:00:00,0.87
E005245,communication,P00367,P00930,LOC0029,2026-02-16 03:59:00,0.64
E005246,transfer,P00827,P00295,LOC0131,2026-03-18 07:32:00,0.94
E005247,observation,P00376,P00922,LOC0047,2026-07-17 23:58:00,0.87
E005248,transfer,P00882,P00876,LOC0045,2026-02-04 06:11:00,0.68
E005249,communication,P00124,P00800,LOC0051,2026-08-29 12:16:00,0.61
E005250,movement,P00244,P00681,LOC0131,2026-07-17 10:26:00,0.71
E005251,communication,P00444,P00175,LOC0099,2026-03-02 22:39:00,0.76
E005252,item_handoff,P00031,P00113,LOC0102,2026-03-03 18:54:00,0.9
E005253,account_access,P00181,P00886,LOC0106,2026-03-08 00:34:00,0.81
E005254,movement,P00238,P00452,LOC0008,2026-01-21 07:03:00,0.7
E005255,vehicle_use,P00661,P00927,LOC0118,2026-01-19 16:29:00,0.92
E005256,account_access,P00849,P00636,LOC0074,2026-07-16 12:22:00,0.76
E005257,item_handoff,P00535,P00101,LOC0048,2026-02-01 17:14:00,0.82
E005258,observation,P00647,P00989,LOC0067,2026-06-19 02:53:00,0.98
E005259,transfer,P00251,P00447,LOC0126,2026-02-11 18:50:00,0.72
E005260,transfer,P00862,P00452,LOC0162,2026-01-08 23:53:00,0.61
E005261,communication,P00028,P00307,LOC0063,2026-05-30 04:51:00,0.68
E005262,account_access,P00096,P00066,LOC0066,2026-05-03 20:29:00,0.84
E005263,item_handoff,P00100,P00262,LOC0037,2026-02-24 10:31:00,0.85
E005264,communication,P00088,P00192,LOC0033,2026-08-17 15:02:00,0.76
E005265,observation,P00856,P00140,LOC0010,2026-08-26 10:32:00,0.95
E005266,item_handoff,P00297,P00723,LOC0032,2026-07-23 17:42:00,0.63
E005267,transfer,P00614,P00099,LOC0136,2026-01-06 04:26:00,0.6
E005268,vehicle_use,P00650,P00740,LOC0037,2026-06-06 09:22:00,0.66
E005269,vehicle_use,P00137,P00802,LOC0001,2026-04-29 19:12:00,0.63
E005270,transfer,P00716,P00889,LOC0099,2026-08-11 15:18:00,0.87
E005271,account_access,P00537,P00112,LOC0045,2026-04-22 20:35:00,0.68
E005272,meeting,P00586,P00283,LOC0116,2026-06-06 05:28:00,0.83
E005273,account_access,P00917,P00609,LOC0099,2026-08-30 12:46:00,0.91
E005274,item_handoff,P00967,P00874,LOC0176,2026-02-10 05:37:00,0.82
E005275,item_handoff,P00257,P00502,LOC0088,2026-05-15 13:52:00,0.76
E005276,communication,P00410,P00836,LOC0033,2026-04-23 22:51:00,0.68
E005277,vehicle_use,P00732,P00609,LOC0031,2026-01-30 22:35:00,0.95
E005278,vehicle_use,P00772,P00200,LOC0179,2026-08-19 20:45:00,0.95
E005279,communication,P00693,P00376,LOC0118,2026-05-12 23:10:00,0.7
E005280,movement,P00951,P00332,LOC0066,2026-08-05 02:46:00,0.97
E005281,account_access,P00063,P00970,LOC0069,2026-07-10 10:09:00,0.64
E005282,account_access,P00244,P00335,LOC0162,2026-02-12 03:01:00,0.65
E005283,vehicle_use,P00422,P00976,LOC0007,2026-05-01 00:04:00,0.87
E005284,account_access,P00789,P00875,LOC0073,2026-08-14 10:04:00,0.65
E005285,observation,P00832,P00558,LOC0176,2026-08-22 19:23:00,0.79
E005286,movement,P00885,P00158,LOC0095,2026-01-10 06:21:00,0.95
E005287,item_handoff,P00277,P00295,LOC0088,2026-06-24 04:33:00,0.67
E005288,meeting,P00839,P00045,LOC0077,2026-06-12 13:22:00,0.97
E005289,meeting,P00947,P00543,LOC0087,2026-02-17 10:55:00,0.63
E005290,vehicle_use,P00330,P00944,LOC0175,2026-07-06 08:25:00,0.77
E005291,vehicle_use,P00875,P00254,LOC0032,2026-05-26 07:13:00,0.89
E005292,observation,P00467,P00863,LOC0043,2026-06-09 03:09:00,0.73
E005293,account_access,P00900,P00301,LOC0105,2026-07-26 22:32:00,0.78
E005294,meeting,P00489,P00782,LOC0075,2026-07-10 00:06:00,0.65
E005295,communication,P00867,P00097,LOC0011,2026-05-09 02:06:00,0.72
E005296,observation,P00153,P00485,LOC0003,2026-08-07 00:57:00,0.91
E005297,meeting,P00524,P00366,LOC0136,2026-04-05 14:52:00,0.79
E005298,vehicle_use,P00057,P00405,LOC0053,2026-08-09 09:55:00,0.77
E005299,movement,P00446,P00171,LOC0161,2026-06-07 08:14:00,0.66
E005300,meeting,P00712,P00619,LOC0039,2026-01-08 10:57:00,0.64
E005301,vehicle_use,P00684,P00623,LOC0081,2026-01-22 13:44:00,0.89
E005302,observation,P00747,P00410,LOC0051,2026-01-21 23:14:00,0.82
E005303,communication,P00181,P00733,LOC0180,2026-02-28 23:33:00,0.8
E005304,account_access,P00433,P00110,LOC0036,2026-05-11 11:15:00,0.78
E005305,account_access,P00206,P00371,LOC0170,2026-02-14 11:47:00,0.64
E005306,item_handoff,P00460,P00830,LOC0144,2026-04-25 11:07:00,0.86
E005307,account_access,P00606,P00061,LOC0087,2026-07-14 04:47:00,0.68
E005308,meeting,P00231,P00202,LOC0002,2026-02-21 08:36:00,0.66
E005309,communication,P00740,P00819,LOC0164,2026-06-24 04:02:00,0.72
E005310,vehicle_use,P00303,P00643,LOC0078,2026-05-08 10:00:00,0.74
E005311,account_access,P00655,P00562,LOC0128,2026-03-13 15:32:00,0.65
E005312,account_access,P00791,P00805,LOC0080,2026-06-21 14:05:00,0.78
E005313,item_handoff,P00634,P00282,LOC0058,2026-03-12 03:44:00,0.65
E005314,account_access,P00021,P00159,LOC0034,2026-08-06 08:17:00,0.7
E005315,transfer,P00697,P00142,LOC0020,2026-07-28 13:36:00,0.93
E005316,account_access,P00566,P00073,LOC0169,2026-03-22 06:01:00,0.96
E005317,movement,P00533,P00100,LOC0174,2026-07-14 02:33:00,0.84
E005318,communication,P00699,P00382,LOC0151,2026-05-02 19:00:00,0.89
E005319,meeting,P00577,P00536,LOC0049,2026-03-06 13:17:00,0.69
E005320,meeting,P00591,P00769,LOC0023,2026-03-18 08:08:00,0.64
E005321,communication,P00799,P00606,LOC0157,2026-02-06 20:42:00,0.71
E005322,movement,P00585,P00912,LOC0077,2026-02-13 23:33:00,0.73
E005323,vehicle_use,P00729,P00106,LOC0029,2026-02-27 16:32:00,0.64
E005324,transfer,P00478,P00035,LOC0040,2026-08-27 22:49:00,0.65
E005325,transfer,P00622,P00622,LOC0095,2026-06-19 07:10:00,0.85
E005326,meeting,P00623,P00797,LOC0018,2026-08-14 15:14:00,0.84
E005327,communication,P00218,P00060,LOC0166,2026-04-11 13:21:00,0.96
E005328,transfer,P00727,P01000,LOC0126,2026-02-10 07:35:00,0.74
E005329,account_access,P00913,P00209,LOC0139,2026-03-21 14:03:00,0.65
E005330,communication,P00298,P00335,LOC0070,2026-06-07 09:54:00,0.68
E005331,item_handoff,P00995,P00068,LOC0045,2026-06-23 22:35:00,0.73
E005332,meeting,P00475,P00543,LOC0135,2026-03-13 17:48:00,0.77
E005333,item_handoff,P00480,P00922,LOC0001,2026-05-13 13:13:00,0.78
E005334,observation,P00374,P00545,LOC0105,2026-08-05 17:08:00,0.96
E005335,meeting,P00985,P00233,LOC0080,2026-06-05 08:42:00,0.86
E005336,vehicle_use,P00160,P00097,LOC0041,2026-01-17 20:25:00,0.97
E005337,transfer,P00197,P00639,LOC0057,2026-03-03 22:09:00,0.65
E005338,observation,P00865,P00960,LOC0016,2026-03-15 10:34:00,0.61
E005339,transfer,P00645,P00806,LOC0147,2026-05-01 21:48:00,0.82
E005340,account_access,P00997,P00039,LOC0152,2026-07-16 08:27:00,0.87
E005341,transfer,P00510,P00144,LOC0049,2026-02-19 05:18:00,0.9
E005342,communication,P00950,P00320,LOC0091,2026-08-23 08:57:00,0.8
E005343,vehicle_use,P00879,P00004,LOC0115,2026-03-18 16:15:00,0.71
E005344,item_handoff,P00779,P00153,LOC0142,2026-06-27 12:43:00,0.92
E005345,account_access,P00536,P00364,LOC0108,2026-03-18 16:49:00,0.67
E005346,communication,P00180,P00561,LOC0034,2026-01-19 22:05:00,0.74
E005347,account_access,P00411,P00771,LOC0148,2026-06-09 12:33:00,0.6
E005348,vehicle_use,P00093,P00697,LOC0041,2026-08-25 07:07:00,0.84
E005349,account_access,P00196,P00783,LOC0140,2026-07-14 20:20:00,0.95
E005350,item_handoff,P00458,P00569,LOC0137,2026-03-19 13:26:00,0.67
E005351,transfer,P00535,P00663,LOC0089,2026-02-26 09:43:00,0.65
E005352,movement,P00763,P00922,LOC0012,2026-01-11 10:24:00,0.61
E005353,movement,P00279,P00450,LOC0108,2026-05-22 19:15:00,0.93
E005354,item_handoff,P00505,P00267,LOC0140,2026-01-11 16:16:00,0.74
E005355,vehicle_use,P00568,P00506,LOC0174,2026-05-17 00:47:00,0.9
E005356,movement,P00691,P00806,LOC0053,2026-02-22 14:10:00,0.91
E005357,communication,P00209,P00363,LOC0162,2026-03-23 14:44:00,0.81
E005358,item_handoff,P00959,P00457,LOC0059,2026-02-06 04:32:00,0.61
E005359,communication,P00838,P00538,LOC0053,2026-03-27 21:48:00,0.89
E005360,transfer,P00322,P00834,LOC0094,2026-02-24 13:42:00,0.95
E005361,item_handoff,P00810,P00896,LOC0161,2026-07-03 02:43:00,0.68
E005362,communication,P00653,P00064,LOC0072,2026-07-02 09:03:00,0.99
E005363,account_access,P00688,P00669,LOC0172,2026-06-26 02:34:00,0.87
E005364,vehicle_use,P00278,P00816,LOC0179,2026-08-22 06:20:00,0.8
E005365,vehicle_use,P00913,P00743,LOC0177,2026-08-31 10:55:00,0.98
E005366,communication,P00690,P00844,LOC0014,2026-06-05 20:20:00,0.85
E005367,meeting,P00928,P00968,LOC0059,2026-04-24 10:21:00,0.97
E005368,account_access,P00284,P00883,LOC0177,2026-06-18 14:38:00,0.85
E005369,account_access,P00854,P00036,LOC0165,2026-05-16 12:20:00,0.75
E005370,movement,P00485,P00287,LOC0029,2026-04-21 15:52:00,0.85
E005371,meeting,P00693,P00515,LOC0032,2026-08-28 21:58:00,0.63
E005372,transfer,P00056,P00403,LOC0020,2026-07-07 20:24:00,0.82
E005373,communication,P00732,P00490,LOC0075,2026-05-24 16:19:00,0.73
E005374,account_access,P00604,P00211,LOC0037,2026-08-08 14:13:00,0.68
E005375,movement,P00990,P00583,LOC0160,2026-03-23 03:52:00,0.87
E005376,vehicle_use,P00062,P00104,LOC0089,2026-04-09 02:07:00,0.81
E005377,observation,P00533,P00370,LOC0009,2026-05-20 20:20:00,0.9
E005378,transfer,P00504,P00740,LOC0138,2026-01-30 08:27:00,0.81
E005379,vehicle_use,P00603,P00412,LOC0116,2026-04-21 06:54:00,0.92
E005380,meeting,P00820,P00775,LOC0168,2026-06-04 17:09:00,0.93
E005381,movement,P00292,P00409,LOC0067,2026-06-16 06:37:00,0.95
E005382,communication,P00172,P00973,LOC0134,2026-05-07 04:52:00,0.9
E005383,vehicle_use,P00398,P00940,LOC0089,2026-01-09 15:15:00,0.93
E005384,account_access,P00954,P00117,LOC0115,2026-08-19 20:25:00,0.6
E005385,meeting,P00633,P00261,LOC0170,2026-08-29 03:38:00,0.74
E005386,item_handoff,P00703,P00395,LOC0085,2026-02-22 16:23:00,0.81
E005387,vehicle_use,P00039,P00215,LOC0017,2026-01-04 04:30:00,0.79
E005388,communication,P00639,P00887,LOC0173,2026-06-10 05:12:00,0.86
E005389,vehicle_use,P00672,P00699,LOC0176,2026-07-28 09:48:00,0.82
E005390,movement,P00517,P00053,LOC0135,2026-06-13 21:09:00,0.98
E005391,account_access,P00210,P00053,LOC0053,2026-04-01 19:20:00,0.93
E005392,observation,P00836,P00272,LOC0087,2026-07-21 17:19:00,0.87
E005393,observation,P00269,P00897,LOC0142,2026-03-16 02:41:00,0.87
E005394,vehicle_use,P00788,P00577,LOC0058,2026-05-28 02:38:00,0.88
E005395,meeting,P00834,P00828,LOC0104,2026-07-12 21:15:00,0.68
E005396,communication,P00897,P00737,LOC0099,2026-08-15 06:08:00,0.76
E005397,observation,P00312,P00260,LOC0081,2026-07-19 21:41:00,0.96
E005398,meeting,P00867,P00501,LOC0162,2026-03-06 21:03:00,0.66
E005399,account_access,P00427,P00766,LOC0092,2026-05-02 19:14:00,0.81
E005400,transfer,P00044,P00045,LOC0177,2026-02-06 06:26:00,0.97
E005401,observation,P00726,P00851,LOC0104,2026-08-10 20:14:00,0.87
E005402,transfer,P00477,P00321,LOC0028,2026-06-18 00:04:00,0.69
E005403,vehicle_use,P00486,P00940,LOC0062,2026-01-31 01:21:00,0.83
E005404,movement,P00379,P00550,LOC0128,2026-07-07 14:31:00,0.71
E005405,vehicle_use,P00157,P00053,LOC0033,2026-04-21 04:05:00,0.69
E005406,vehicle_use,P00406,P00339,LOC0038,2026-04-15 13:20:00,0.96
E005407,observation,P00848,P00768,LOC0141,2026-04-21 17:53:00,0.8
E005408,movement,P00355,P00210,LOC0030,2026-07-11 21:39:00,0.79
E005409,account_access,P00514,P00196,LOC0074,2026-03-27 05:03:00,0.8
E005410,vehicle_use,P00364,P00304,LOC0145,2026-06-28 03:12:00,0.64
E005411,communication,P00283,P00488,LOC0060,2026-02-28 11:53:00,0.96
E005412,observation,P00807,P00884,LOC0011,2026-08-12 06:29:00,0.86
E005413,item_handoff,P00932,P00395,LOC0044,2026-05-06 01:30:00,0.61
E005414,observation,P00241,P00440,LOC0161,2026-08-07 08:05:00,0.9
E005415,transfer,P00990,P00619,LOC0150,2026-08-20 11:32:00,0.72
E005416,observation,P00162,P00727,LOC0168,2026-04-20 20:51:00,0.73
E005417,movement,P00814,P00309,LOC0138,2026-04-13 00:58:00,0.84
E005418,movement,P00835,P00544,LOC0128,2026-06-03 09:30:00,0.9
E005419,movement,P00682,P00047,LOC0146,2026-05-26 07:31:00,0.63
E005420,observation,P00761,P00696,LOC0180,2026-07-13 00:38:00,0.92
E005421,movement,P00888,P00389,LOC0177,2026-05-05 18:07:00,0.66
E005422,vehicle_use,P00270,P00378,LOC0012,2026-05-23 11:28:00,0.72
E005423,account_access,P00334,P00430,LOC0044,2026-05-11 06:14:00,0.99
E005424,account_access,P00719,P00541,LOC0174,2026-08-24 04:41:00,0.61
E005425,account_access,P00213,P00008,LOC0138,2026-07-11 20:44:00,0.67
E005426,transfer,P00152,P00034,LOC0176,2026-05-04 19:16:00,0.86
E005427,meeting,P00293,P00775,LOC0065,2026-04-02 11:30:00,0.86
E005428,account_access,P00601,P00730,LOC0104,2026-08-19 02:17:00,0.9
E005429,meeting,P00398,P00045,LOC0044,2026-06-07 11:05:00,0.73
E005430,movement,P00838,P00754,LOC0080,2026-08-23 01:15:00,0.65
E005431,transfer,P00834,P00472,LOC0091,2026-02-07 13:31:00,0.68
E005432,item_handoff,P00517,P00278,LOC0016,2026-02-04 10:17:00,0.97
E005433,communication,P00482,P00867,LOC0035,2026-08-28 00:17:00,0.73
E005434,account_access,P00293,P00309,LOC0146,2026-06-09 00:02:00,0.99
E005435,transfer,P00443,P00292,LOC0059,2026-01-23 22:45:00,0.81
E005436,communication,P00028,P00455,LOC0084,2026-03-05 21:54:00,0.81
E005437,account_access,P00950,P00608,LOC0061,2026-06-21 05:49:00,0.85
E005438,transfer,P00322,P00574,LOC0135,2026-08-04 20:17:00,0.6
E005439,account_access,P00240,P00012,LOC0041,2026-04-21 03:57:00,0.78
E005440,account_access,P00188,P00198,LOC0056,2026-07-08 04:09:00,0.73
E005441,account_access,P00154,P00474,LOC0173,2026-07-16 08:38:00,0.84
E005442,meeting,P00511,P00564,LOC0026,2026-07-11 01:35:00,0.63
E005443,transfer,P00442,P00791,LOC0099,2026-08-14 13:04:00,0.71
E005444,meeting,P00374,P00272,LOC0141,2026-05-01 04:42:00,0.71
E005445,meeting,P00971,P00259,LOC0119,2026-01-27 10:20:00,0.73
E005446,item_handoff,P00850,P00870,LOC0173,2026-05-12 06:05:00,0.81
E005447,movement,P00503,P00881,LOC0100,2026-01-09 13:55:00,0.64
E005448,movement,P00071,P00624,LOC0159,2026-07-31 09:14:00,0.69
E005449,movement,P00890,P00341,LOC0100,2026-03-29 18:15:00,0.66
E005450,transfer,P00004,P00742,LOC0018,2026-04-13 23:34:00,0.7
E005451,movement,P00368,P00620,LOC0083,2026-02-13 22:48:00,0.68
E005452,meeting,P00740,P00328,LOC0008,2026-08-13 21:23:00,0.9
E005453,meeting,P00272,P00511,LOC0144,2026-07-07 22:29:00,0.73
E005454,account_access,P00464,P00420,LOC0054,2026-05-05 20:59:00,0.95
E005455,vehicle_use,P00453,P00831,LOC0056,2026-08-04 21:22:00,0.69
E005456,meeting,P00527,P00800,LOC0090,2026-06-05 14:16:00,0.95
E005457,account_access,P00111,P00683,LOC0113,2026-06-19 12:38:00,0.62
E005458,communication,P00534,P00781,LOC0085,2026-07-03 04:43:00,0.61
E005459,account_access,P00623,P00305,LOC0048,2026-01-17 12:16:00,0.74
E005460,item_handoff,P00459,P00120,LOC0087,2026-07-03 18:51:00,0.63
E005461,meeting,P00578,P00032,LOC0142,2026-04-19 10:22:00,0.75
E005462,transfer,P00678,P00925,LOC0037,2026-04-03 18:55:00,0.63
E005463,account_access,P00613,P00075,LOC0088,2026-06-17 13:29:00,0.95
E005464,transfer,P00172,P00764,LOC0122,2026-06-28 16:24:00,0.62
E005465,observation,P00567,P00158,LOC0176,2026-05-30 01:52:00,0.77
E005466,observation,P00467,P00794,LOC0133,2026-04-07 08:07:00,0.82
E005467,vehicle_use,P00651,P00315,LOC0175,2026-01-10 00:35:00,0.63
E005468,account_access,P00752,P00921,LOC0048,2026-04-04 23:31:00,0.95
E005469,transfer,P00902,P00625,LOC0083,2026-05-06 13:31:00,0.78
E005470,movement,P00164,P00648,LOC0139,2026-03-18 10:35:00,0.82
E005471,transfer,P00641,P00323,LOC0148,2026-07-16 22:46:00,0.75
E005472,vehicle_use,P00701,P00381,LOC0178,2026-07-18 00:53:00,0.98
E005473,account_access,P00232,P00256,LOC0083,2026-02-27 17:31:00,0.63
E005474,meeting,P00370,P00580,LOC0088,2026-08-24 15:51:00,0.69
E005475,observation,P00339,P00176,LOC0082,2026-04-28 19:03:00,0.81
E005476,item_handoff,P00935,P00511,LOC0158,2026-03-28 21:14:00,0.74
E005477,transfer,P00023,P00868,LOC0175,2026-01-05 05:10:00,0.68
E005478,observation,P00863,P00966,LOC0135,2026-08-22 11:11:00,0.7
E005479,observation,P00751,P00305,LOC0155,2026-06-27 08:34:00,0.64
E005480,communication,P00601,P00271,LOC0021,2026-07-31 10:34:00,0.61
E005481,transfer,P00163,P00221,LOC0038,2026-03-28 03:00:00,0.84
E005482,transfer,P00219,P00907,LOC0173,2026-07-12 09:42:00,0.72
E005483,movement,P00248,P00103,LOC0070,2026-05-11 13:17:00,0.62
E005484,movement,P00540,P00032,LOC0121,2026-08-31 13:01:00,0.85
E005485,account_access,P00908,P00735,LOC0107,2026-07-04 12:00:00,0.7
E005486,vehicle_use,P00766,P00837,LOC0008,2026-04-22 07:10:00,0.62
E005487,meeting,P00741,P00253,LOC0116,2026-03-22 10:15:00,0.74
E005488,observation,P00240,P00881,LOC0078,2026-05-03 01:51:00,0.69
E005489,meeting,P00762,P00816,LOC0162,2026-08-27 09:54:00,0.83
E005490,item_handoff,P00711,P00556,LOC0115,2026-03-06 03:43:00,0.74
E005491,observation,P00381,P00723,LOC0135,2026-06-08 15:26:00,0.68
E005492,vehicle_use,P00721,P00199,LOC0175,2026-06-11 03:09:00,0.7
E005493,observation,P00724,P00333,LOC0021,2026-04-27 01:28:00,0.88
E005494,meeting,P00953,P00382,LOC0073,2026-06-02 03:18:00,0.87
E005495,item_handoff,P00129,P00147,LOC0077,2026-04-24 09:12:00,0.63
E005496,movement,P00647,P00759,LOC0141,2026-07-14 02:37:00,0.82
E005497,transfer,P00597,P00561,LOC0079,2026-06-16 10:10:00,0.61
E005498,vehicle_use,P00654,P00664,LOC0156,2026-07-06 03:02:00,0.77
E005499,transfer,P00439,P00540,LOC0108,2026-03-23 10:48:00,0.83
E005500,account_access,P00837,P00954,LOC0141,2026-07-20 21:34:00,0.67
E005501,item_handoff,P00843,P00625,LOC0056,2026-04-10 12:48:00,0.67
E005502,transfer,P00545,P00057,LOC0046,2026-01-05 06:21:00,0.76
E005503,communication,P00900,P00456,LOC0130,2026-05-27 11:21:00,0.8
E005504,transfer,P00205,P00671,LOC0095,2026-03-18 13:58:00,0.9
E005505,vehicle_use,P00409,P00318,LOC0016,2026-05-21 16:25:00,0.78
E005506,transfer,P00701,P00183,LOC0097,2026-03-13 01:32:00,0.62
E005507,observation,P00194,P00400,LOC0152,2026-07-04 00:07:00,0.67
E005508,observation,P00292,P00592,LOC0116,2026-06-17 15:21:00,0.7
E005509,item_handoff,P00263,P00373,LOC0175,2026-07-29 03:41:00,0.72
E005510,account_access,P00177,P00571,LOC0179,2026-07-16 23:41:00,0.79
E005511,account_access,P00360,P00076,LOC0120,2026-06-29 09:42:00,0.86
E005512,account_access,P00044,P00398,LOC0173,2026-08-10 09:42:00,0.62
E005513,communication,P00766,P00586,LOC0126,2026-08-09 10:43:00,0.88
E005514,meeting,P00199,P00511,LOC0034,2026-02-10 05:37:00,0.98
E005515,meeting,P00287,P00853,LOC0164,2026-08-29 17:21:00,0.7
E005516,movement,P00874,P00647,LOC0139,2026-03-20 10:38:00,0.86
E005517,vehicle_use,P00540,P00866,LOC0178,2026-08-22 20:34:00,0.87
E005518,observation,P00941,P00157,LOC0010,2026-07-03 09:47:00,0.98
E005519,communication,P00293,P00177,LOC0100,2026-03-09 19:14:00,0.73
E005520,transfer,P00324,P00842,LOC0043,2026-04-27 04:46:00,0.96
E005521,meeting,P00476,P00647,LOC0092,2026-04-20 04:49:00,0.78
E005522,communication,P00123,P00770,LOC0046,2026-03-13 10:58:00,0.6
E005523,transfer,P00554,P00189,LOC0038,2026-02-14 19:09:00,0.84
E005524,vehicle_use,P00209,P00817,LOC0003,2026-07-18 02:40:00,0.65
E005525,communication,P00188,P00995,LOC0092,2026-04-02 12:24:00,0.86
E005526,transfer,P00180,P00519,LOC0029,2026-03-21 14:04:00,0.84
E005527,vehicle_use,P00071,P00374,LOC0161,2026-02-15 16:09:00,0.89
E005528,vehicle_use,P00918,P00419,LOC0016,2026-03-19 00:18:00,0.69
E005529,observation,P00025,P00179,LOC0175,2026-02-03 21:01:00,0.84
E005530,movement,P00611,P00868,LOC0010,2026-07-24 06:16:00,0.7
E005531,movement,P00584,P00287,LOC0140,2026-03-18 06:02:00,0.95
E005532,item_handoff,P00858,P00113,LOC0123,2026-07-08 22:28:00,0.63
E005533,observation,P00100,P00292,LOC0112,2026-08-21 17:24:00,0.89
E005534,observation,P00620,P00854,LOC0096,2026-08-07 05:25:00,0.83
E005535,meeting,P00378,P00196,LOC0095,2026-03-22 15:48:00,0.83
E005536,observation,P00195,P00125,LOC0091,2026-08-01 10:50:00,0.83
E005537,vehicle_use,P00686,P00505,LOC0140,2026-02-28 04:46:00,0.95
E005538,observation,P00384,P00527,LOC0156,2026-03-05 22:59:00,0.95
E005539,item_handoff,P00824,P00247,LOC0128,2026-07-31 21:19:00,0.75
E005540,item_handoff,P00618,P00430,LOC0009,2026-06-14 14:40:00,0.87
E005541,meeting,P00786,P00685,LOC0052,2026-07-03 12:45:00,0.78
E005542,account_access,P00725,P00402,LOC0156,2026-02-01 02:02:00,0.87
E005543,vehicle_use,P00102,P00469,LOC0034,2026-03-12 13:23:00,0.97
E005544,movement,P00068,P00617,LOC0084,2026-01-08 01:09:00,0.85
E005545,transfer,P00807,P00452,LOC0052,2026-04-18 12:26:00,0.63
E005546,movement,P00292,P00001,LOC0074,2026-01-04 13:05:00,0.72
E005547,transfer,P00431,P00929,LOC0063,2026-04-25 08:37:00,0.86
E005548,observation,P00191,P00738,LOC0008,2026-02-18 05:34:00,0.71
E005549,meeting,P00893,P00050,LOC0072,2026-08-30 15:16:00,0.74
E005550,meeting,P00465,P00217,LOC0145,2026-07-13 01:11:00,0.82
E005551,communication,P00483,P00146,LOC0154,2026-03-18 18:03:00,0.99
E005552,meeting,P00292,P00318,LOC0176,2026-05-27 11:42:00,0.7
E005553,meeting,P00276,P00100,LOC0002,2026-05-11 16:55:00,0.63
E005554,observation,P00691,P00817,LOC0075,2026-06-11 20:18:00,0.65
E005555,observation,P00409,P00951,LOC0099,2026-01-14 19:16:00,0.9
E005556,observation,P00834,P00764,LOC0118,2026-01-22 08:52:00,0.71
E005557,movement,P00665,P00602,LOC0121,2026-08-16 11:13:00,0.83
E005558,movement,P00722,P00738,LOC0116,2026-04-12 03:28:00,0.76
E005559,observation,P00536,P00617,LOC0078,2026-04-26 04:34:00,0.93
E005560,meeting,P00399,P00329,LOC0109,2026-03-28 00:11:00,0.8
E005561,observation,P00281,P00142,LOC0004,2026-07-05 23:32:00,0.62
E005562,meeting,P00327,P00240,LOC0035,2026-02-10 12:44:00,0.73
E005563,vehicle_use,P00373,P00935,LOC0147,2026-07-11 17:52:00,0.8
E005564,meeting,P00594,P00515,LOC0065,2026-04-26 14:24:00,0.96
E005565,vehicle_use,P00241,P00985,LOC0143,2026-03-06 15:38:00,0.64
E005566,transfer,P00940,P00280,LOC0046,2026-04-11 01:03:00,0.62
E005567,observation,P00275,P00946,LOC0115,2026-03-25 02:59:00,0.99
E005568,item_handoff,P00532,P00019,LOC0006,2026-08-24 12:12:00,0.86
E005569,movement,P00672,P00801,LOC0119,2026-06-14 03:16:00,0.75
E005570,movement,P00537,P00328,LOC0076,2026-01-23 14:24:00,0.63
E005571,movement,P00991,P00429,LOC0043,2026-01-01 04:25:00,0.6
E005572,transfer,P00571,P00250,LOC0180,2026-08-10 18:17:00,0.67
E005573,item_handoff,P00272,P00628,LOC0129,2026-08-21 02:34:00,0.88
E005574,movement,P00129,P00625,LOC0042,2026-08-28 16:10:00,0.98
E005575,observation,P00096,P00341,LOC0039,2026-03-09 19:25:00,0.98
E005576,vehicle_use,P00298,P00869,LOC0139,2026-07-31 13:36:00,0.71
E005577,communication,P00642,P00783,LOC0097,2026-05-28 06:17:00,0.88
E005578,item_handoff,P00260,P00486,LOC0152,2026-07-17 03:40:00,0.6
E005579,vehicle_use,P00435,P00473,LOC0155,2026-07-19 02:22:00,0.93
E005580,movement,P00130,P00230,LOC0147,2026-01-17 14:34:00,0.88
E005581,account_access,P00133,P00185,LOC0030,2026-02-25 23:24:00,0.65
E005582,communication,P00746,P00759,LOC0049,2026-05-21 09:44:00,0.94
E005583,movement,P00547,P00033,LOC0109,2026-02-28 16:29:00,0.62
E005584,movement,P00109,P00115,LOC0126,2026-06-26 14:55:00,0.85
E005585,communication,P00286,P00092,LOC0080,2026-02-13 10:51:00,0.61
E005586,transfer,P00975,P00856,LOC0086,2026-04-18 09:28:00,0.7
E005587,observation,P00626,P00095,LOC0038,2026-08-20 15:22:00,0.73
E005588,movement,P00114,P00334,LOC0161,2026-07-15 02:17:00,0.68
E005589,vehicle_use,P00764,P00450,LOC0096,2026-03-30 00:39:00,0.8
E005590,item_handoff,P00142,P00590,LOC0061,2026-03-03 00:14:00,0.68
E005591,transfer,P00732,P00585,LOC0138,2026-08-02 03:36:00,0.97
E005592,communication,P00612,P00244,LOC0165,2026-08-05 23:36:00,0.61
E005593,vehicle_use,P00369,P00706,LOC0015,2026-01-28 19:02:00,0.8
E005594,transfer,P00001,P00927,LOC0022,2026-06-29 06:39:00,0.71
E005595,meeting,P00431,P00952,LOC0179,2026-08-21 06:53:00,0.88
E005596,vehicle_use,P00407,P00149,LOC0174,2026-04-28 21:03:00,0.7
E005597,observation,P00453,P00338,LOC0041,2026-05-17 00:14:00,0.73
E005598,observation,P00341,P00596,LOC0071,2026-01-10 20:27:00,0.61
E005599,movement,P00983,P00562,LOC0133,2026-07-26 10:51:00,0.8
E005600,communication,P00771,P00176,LOC0084,2026-03-08 21:58:00,0.72
E005601,vehicle_use,P00375,P00441,LOC0081,2026-01-31 01:56:00,0.64
E005602,observation,P00492,P00595,LOC0024,2026-05-23 18:08:00,0.95
E005603,transfer,P00085,P00115,LOC0172,2026-04-03 07:20:00,0.61
E005604,vehicle_use,P00012,P00067,LOC0141,2026-05-13 08:36:00,0.85
E005605,meeting,P00827,P00686,LOC0042,2026-05-04 07:35:00,0.73
E005606,vehicle_use,P00591,P00501,LOC0094,2026-04-29 16:46:00,0.67
E005607,account_access,P00180,P00433,LOC0144,2026-07-18 01:39:00,0.69
E005608,vehicle_use,P00871,P00290,LOC0067,2026-03-09 16:27:00,0.95
E005609,vehicle_use,P00755,P00990,LOC0107,2026-01-24 20:09:00,0.71
E005610,observation,P00394,P00935,LOC0081,2026-03-01 15:16:00,0.83
E005611,vehicle_use,P00170,P00038,LOC0027,2026-08-28 16:26:00,0.61
E005612,communication,P00468,P00027,LOC0142,2026-06-07 16:27:00,0.67
E005613,observation,P00660,P00155,LOC0125,2026-02-23 06:21:00,0.86
E005614,item_handoff,P00555,P00905,LOC0135,2026-07-12 05:47:00,0.87
E005615,observation,P00734,P00347,LOC0021,2026-02-01 05:38:00,0.81
E005616,transfer,P00392,P00789,LOC0019,2026-07-19 08:41:00,0.62
E005617,meeting,P00240,P00986,LOC0035,2026-04-16 15:51:00,0.81
E005618,meeting,P00746,P00272,LOC0003,2026-07-18 11:35:00,0.77
E005619,vehicle_use,P00372,P00062,LOC0030,2026-08-17 17:37:00,0.75
E005620,communication,P00367,P00628,LOC0130,2026-07-17 05:23:00,0.8
E005621,meeting,P00641,P00219,LOC0024,2026-04-17 20:06:00,0.63
E005622,meeting,P00921,P00638,LOC0078,2026-01-15 17:05:00,0.98
E005623,account_access,P00575,P00624,LOC0087,2026-07-18 23:53:00,0.76
E005624,item_handoff,P00065,P00643,LOC0148,2026-07-26 03:09:00,0.74
E005625,vehicle_use,P00906,P00853,LOC0038,2026-05-10 03:39:00,0.8
E005626,vehicle_use,P00167,P00402,LOC0067,2026-01-24 02:10:00,0.74
E005627,transfer,P00697,P00495,LOC0008,2026-04-24 11:29:00,0.62
E005628,account_access,P00149,P00619,LOC0129,2026-01-24 14:45:00,0.61
E005629,communication,P00886,P00140,LOC0070,2026-07-27 19:03:00,0.87
E005630,transfer,P00300,P00663,LOC0027,2026-01-03 18:00:00,0.78
E005631,transfer,P00664,P00668,LOC0025,2026-03-29 17:26:00,0.63
E005632,item_handoff,P00494,P00041,LOC0021,2026-04-17 02:26:00,0.74
E005633,meeting,P00880,P00006,LOC0071,2026-07-24 15:16:00,0.69
E005634,item_handoff,P00183,P00696,LOC0093,2026-05-21 00:43:00,0.89
E005635,account_access,P00150,P00961,LOC0135,2026-07-10 04:59:00,0.68
E005636,communication,P00007,P00468,LOC0044,2026-07-10 12:04:00,0.61
E005637,meeting,P00513,P00859,LOC0026,2026-08-05 14:25:00,0.74
E005638,vehicle_use,P00035,P00994,LOC0091,2026-01-09 02:26:00,0.64
E005639,observation,P00097,P00817,LOC0108,2026-04-01 10:35:00,0.65
E005640,item_handoff,P00989,P00512,LOC0173,2026-07-26 18:36:00,0.91
E005641,meeting,P00141,P00277,LOC0050,2026-04-18 02:11:00,0.74
E005642,account_access,P00746,P00092,LOC0003,2026-06-08 13:58:00,0.94
E005643,meeting,P00003,P00156,LOC0176,2026-01-17 16:36:00,0.75
E005644,vehicle_use,P00736,P00423,LOC0153,2026-04-17 01:05:00,0.97
E005645,transfer,P00236,P00856,LOC0031,2026-01-08 09:49:00,0.92
E005646,communication,P00663,P00229,LOC0062,2026-05-14 18:21:00,0.85
E005647,observation,P00107,P00034,LOC0086,2026-05-05 07:04:00,0.68
E005648,item_handoff,P00564,P00567,LOC0108,2026-07-18 15:28:00,0.71
E005649,account_access,P00762,P00735,LOC0069,2026-08-30 09:23:00,0.96
E005650,transfer,P00835,P00003,LOC0070,2026-05-24 23:40:00,0.65
E005651,transfer,P00033,P00139,LOC0007,2026-03-10 04:47:00,0.82
E005652,observation,P00678,P00639,LOC0004,2026-02-23 23:44:00,0.77
E005653,meeting,P00049,P00644,LOC0033,2026-06-06 03:32:00,0.76
E005654,transfer,P00746,P00137,LOC0173,2026-04-06 07:52:00,0.96
E005655,movement,P00212,P00734,LOC0010,2026-06-26 10:58:00,0.65
E005656,vehicle_use,P00898,P00487,LOC0033,2026-01-05 08:19:00,0.61
E005657,observation,P00982,P00431,LOC0159,2026-04-07 10:11:00,0.67
E005658,account_access,P00402,P00993,LOC0013,2026-03-06 20:02:00,0.97
E005659,communication,P00059,P00054,LOC0066,2026-08-25 03:51:00,0.78
E005660,vehicle_use,P00254,P00189,LOC0030,2026-04-09 10:46:00,0.79
E005661,vehicle_use,P00140,P00779,LOC0148,2026-05-06 00:23:00,0.66
E005662,meeting,P00471,P00252,LOC0154,2026-01-16 13:17:00,0.66
E005663,meeting,P00031,P00972,LOC0166,2026-03-04 03:27:00,0.75
E005664,movement,P00527,P00287,LOC0106,2026-08-11 22:06:00,0.65
E005665,observation,P00226,P00497,LOC0157,2026-01-13 00:17:00,0.92
E005666,transfer,P00131,P00514,LOC0163,2026-02-06 03:01:00,0.64
E005667,movement,P00712,P00668,LOC0012,2026-03-21 21:26:00,0.81
E005668,transfer,P00534,P00372,LOC0145,2026-02-04 11:58:00,0.81
E005669,item_handoff,P00984,P00056,LOC0029,2026-08-03 16:52:00,0.97
E005670,observation,P00037,P00958,LOC0082,2026-07-11 02:53:00,0.94
E005671,item_handoff,P00479,P00234,LOC0104,2026-01-30 17:57:00,0.82
E005672,account_access,P00644,P00218,LOC0089,2026-07-19 12:10:00,0.65
E005673,vehicle_use,P00049,P00863,LOC0172,2026-03-19 18:29:00,0.87
E005674,item_handoff,P00589,P00687,LOC0073,2026-04-26 00:23:00,0.68
E005675,communication,P00419,P00437,LOC0016,2026-01-02 10:22:00,0.61
E005676,account_access,P00969,P00810,LOC0114,2026-04-12 11:24:00,0.61
E005677,item_handoff,P00939,P00588,LOC0104,2026-05-22 11:32:00,0.97
E005678,meeting,P00167,P00061,LOC0042,2026-03-09 21:18:00,0.98
E005679,meeting,P00173,P00873,LOC0171,2026-01-06 08:37:00,0.75
E005680,transfer,P00757,P00443,LOC0127,2026-05-13 13:04:00,0.96
E005681,item_handoff,P00965,P00465,LOC0138,2026-07-06 20:40:00,0.65
E005682,transfer,P00048,P00941,LOC0026,2026-08-10 19:28:00,0.9
E005683,item_handoff,P00541,P00014,LOC0092,2026-05-07 15:52:00,0.81
E005684,account_access,P00834,P00277,LOC0130,2026-07-09 00:31:00,0.66
E005685,movement,P00857,P00747,LOC0034,2026-06-26 20:22:00,0.99
E005686,observation,P00615,P00789,LOC0081,2026-05-25 16:16:00,0.76
E005687,meeting,P00376,P00083,LOC0113,2026-06-22 01:12:00,0.77
E005688,movement,P00512,P00032,LOC0112,2026-08-05 08:48:00,0.66
E005689,account_access,P00832,P00170,LOC0162,2026-01-01 18:04:00,0.9
E005690,vehicle_use,P00995,P00108,LOC0075,2026-02-18 12:16:00,0.86
E005691,item_handoff,P00484,P00217,LOC0159,2026-08-04 04:32:00,0.89
E005692,transfer,P00336,P00443,LOC0038,2026-06-30 14:35:00,0.81
E005693,account_access,P00319,P00576,LOC0126,2026-05-30 05:45:00,0.79
E005694,observation,P00932,P00167,LOC0060,2026-08-30 21:04:00,0.9
E005695,transfer,P00229,P00999,LOC0150,2026-08-29 14:51:00,0.74
E005696,account_access,P00501,P00067,LOC0132,2026-03-20 09:04:00,0.64
E005697,movement,P00757,P00418,LOC0145,2026-04-03 06:42:00,0.87
E005698,item_handoff,P00340,P00434,LOC0033,2026-03-03 05:35:00,0.62
E005699,account_access,P00375,P00895,LOC0171,2026-06-09 07:20:00,0.67
E005700,item_handoff,P00426,P00185,LOC0172,2026-07-14 20:23:00,0.84
E005701,movement,P00926,P00235,LOC0150,2026-04-04 22:38:00,0.89
E005702,transfer,P00257,P00708,LOC0150,2026-01-09 03:49:00,0.66
E005703,transfer,P00953,P00089,LOC0030,2026-02-06 11:56:00,0.77
E005704,item_handoff,P00293,P00101,LOC0115,2026-02-04 21:56:00,0.82
E005705,transfer,P00770,P00763,LOC0139,2026-01-03 12:14:00,0.99
E005706,item_handoff,P00153,P00140,LOC0154,2026-01-16 10:03:00,0.86
E005707,movement,P00061,P00868,LOC0036,2026-04-09 08:44:00,0.9
E005708,meeting,P00055,P00055,LOC0019,2026-02-08 08:40:00,0.69
E005709,communication,P00924,P00351,LOC0106,2026-08-30 01:04:00,0.84
E005710,communication,P00640,P00871,LOC0097,2026-05-08 21:09:00,0.89
E005711,item_handoff,P00882,P00555,LOC0026,2026-02-16 09:06:00,0.98
E005712,observation,P00337,P00787,LOC0177,2026-02-24 02:15:00,0.74
E005713,observation,P00749,P00642,LOC0044,2026-02-08 16:42:00,0.81
E005714,transfer,P00247,P00298,LOC0007,2026-01-19 13:45:00,0.71
E005715,transfer,P00470,P00625,LOC0063,2026-07-04 06:10:00,0.72
E005716,meeting,P00664,P00128,LOC0125,2026-02-03 01:40:00,0.77
E005717,meeting,P00858,P00139,LOC0117,2026-08-25 15:13:00,0.75
E005718,account_access,P00382,P00514,LOC0063,2026-02-09 01:48:00,0.83
E005719,account_access,P00469,P00325,LOC0178,2026-05-26 04:10:00,0.84
E005720,movement,P00289,P00680,LOC0025,2026-01-16 22:10:00,0.71
E005721,transfer,P00930,P00792,LOC0058,2026-04-03 04:43:00,0.72
E005722,movement,P00160,P00103,LOC0114,2026-05-02 01:19:00,0.87
E005723,account_access,P00947,P00764,LOC0129,2026-04-23 13:21:00,0.89
E005724,account_access,P00541,P00610,LOC0068,2026-05-04 13:47:00,0.97
E005725,account_access,P00189,P00130,LOC0164,2026-05-02 22:37:00,0.79
E005726,observation,P00302,P00063,LOC0092,2026-06-19 08:58:00,0.84
E005727,item_handoff,P00966,P00636,LOC0172,2026-07-06 20:46:00,0.63
E005728,item_handoff,P00075,P00934,LOC0141,2026-06-09 14:38:00,0.63
E005729,vehicle_use,P00549,P00886,LOC0177,2026-02-27 14:20:00,0.69
E005730,item_handoff,P00287,P00989,LOC0071,2026-06-22 05:24:00,0.77
E005731,transfer,P00774,P00430,LOC0135,2026-05-23 16:36:00,0.76
E005732,movement,P00918,P00387,LOC0144,2026-03-13 15:02:00,0.76
E005733,transfer,P00787,P00859,LOC0096,2026-04-03 22:16:00,0.95
E005734,account_access,P00540,P00565,LOC0159,2026-03-05 11:29:00,0.73
E005735,vehicle_use,P00001,P00539,LOC0040,2026-08-30 19:32:00,0.89
E005736,account_access,P00311,P00933,LOC0062,2026-01-23 23:04:00,0.91
E005737,movement,P00863,P00282,LOC0117,2026-01-31 00:24:00,0.72
E005738,communication,P00900,P00093,LOC0022,2026-06-14 11:32:00,0.65
E005739,account_access,P00456,P00417,LOC0138,2026-02-07 11:47:00,0.95
E005740,transfer,P00978,P00998,LOC0120,2026-07-25 04:28:00,0.95
E005741,meeting,P00808,P00183,LOC0079,2026-08-10 04:51:00,0.69
E005742,item_handoff,P00606,P00938,LOC0118,2026-02-05 16:06:00,0.96
E005743,item_handoff,P00929,P00125,LOC0137,2026-02-10 00:25:00,0.6
E005744,observation,P00894,P00859,LOC0165,2026-07-13 10:05:00,0.9
E005745,vehicle_use,P00201,P00133,LOC0006,2026-04-10 06:39:00,0.88
E005746,meeting,P00980,P00923,LOC0160,2026-03-23 14:19:00,0.75
E005747,item_handoff,P00484,P00930,LOC0172,2026-08-10 15:38:00,0.69
E005748,account_access,P00055,P00340,LOC0114,2026-07-29 23:14:00,0.87
E005749,transfer,P00452,P00950,LOC0090,2026-04-09 12:10:00,0.72
E005750,vehicle_use,P00217,P00422,LOC0115,2026-05-01 22:27:00,0.97
E005751,vehicle_use,P00760,P00681,LOC0132,2026-05-18 00:06:00,0.61
E005752,vehicle_use,P00039,P00385,LOC0081,2026-02-17 16:46:00,0.68
E005753,transfer,P00132,P00763,LOC0076,2026-07-11 04:31:00,0.83
E005754,communication,P00075,P00050,LOC0012,2026-04-23 03:31:00,0.9
E005755,meeting,P00075,P00492,LOC0088,2026-06-24 22:32:00,0.68
E005756,item_handoff,P00203,P00779,LOC0061,2026-03-02 22:08:00,0.87
E005757,communication,P00092,P00811,LOC0150,2026-04-02 22:30:00,0.97
E005758,transfer,P00136,P00556,LOC0097,2026-06-20 21:49:00,0.64
E005759,item_handoff,P00084,P00646,LOC0005,2026-02-03 06:42:00,0.78
E005760,item_handoff,P00006,P00379,LOC0102,2026-06-10 21:39:00,0.81
E005761,meeting,P00062,P00899,LOC0023,2026-02-18 09:50:00,0.62
E005762,vehicle_use,P00158,P00129,LOC0087,2026-08-26 14:11:00,0.98
E005763,transfer,P00298,P00460,LOC0104,2026-02-11 02:32:00,0.95
E005764,vehicle_use,P00878,P00075,LOC0018,2026-08-30 08:37:00,0.76
E005765,meeting,P00778,P00718,LOC0054,2026-07-12 01:12:00,0.64
E005766,account_access,P00744,P00463,LOC0129,2026-07-10 22:02:00,0.81
E005767,vehicle_use,P00138,P00398,LOC0014,2026-07-20 18:42:00,0.83
E005768,communication,P00384,P00287,LOC0077,2026-07-06 20:25:00,0.89
E005769,vehicle_use,P00170,P00946,LOC0084,2026-05-14 05:19:00,0.64
E005770,item_handoff,P00701,P00522,LOC0175,2026-03-04 10:44:00,0.61
E005771,item_handoff,P00165,P00010,LOC0013,2026-05-14 07:33:00,0.72
E005772,account_access,P00258,P00036,LOC0164,2026-06-29 19:41:00,0.95
E005773,account_access,P00023,P00154,LOC0171,2026-04-05 03:19:00,0.9
E005774,transfer,P00121,P00094,LOC0072,2026-08-29 19:44:00,0.87
E005775,transfer,P00617,P00553,LOC0040,2026-08-21 03:03:00,0.94
E005776,movement,P00398,P00880,LOC0167,2026-06-10 09:58:00,0.83
E005777,communication,P00139,P00760,LOC0018,2026-08-26 10:28:00,0.93
E005778,item_handoff,P00284,P00987,LOC0046,2026-02-04 12:40:00,0.93
E005779,movement,P00938,P00247,LOC0151,2026-05-11 00:20:00,0.61
E005780,communication,P00979,P00001,LOC0108,2026-06-09 18:59:00,0.88
E005781,observation,P00884,P00852,LOC0016,2026-03-09 00:42:00,0.88
E005782,transfer,P00553,P00942,LOC0056,2026-08-24 01:18:00,0.67
E005783,meeting,P00273,P00595,LOC0172,2026-07-03 03:15:00,0.85
E005784,movement,P00014,P00602,LOC0062,2026-07-05 18:37:00,0.78
E005785,communication,P00273,P00392,LOC0115,2026-07-12 11:55:00,0.8
E005786,movement,P00718,P00187,LOC0096,2026-08-31 12:26:00,0.61
E005787,communication,P00512,P00318,LOC0114,2026-07-25 11:44:00,0.72
E005788,item_handoff,P00553,P00691,LOC0141,2026-03-26 08:44:00,0.63
E005789,account_access,P00950,P00695,LOC0156,2026-02-25 22:52:00,0.97
E005790,meeting,P00917,P00490,LOC0093,2026-02-06 07:20:00,0.98
E005791,meeting,P00500,P00850,LOC0046,2026-05-27 20:45:00,0.71
E005792,transfer,P00721,P00062,LOC0172,2026-05-31 10:13:00,0.6
E005793,communication,P00037,P00374,LOC0111,2026-08-07 17:42:00,0.8
E005794,observation,P00106,P00451,LOC0040,2026-01-17 19:34:00,0.96
E005795,meeting,P00253,P00747,LOC0151,2026-08-23 14:44:00,0.66
E005796,movement,P00743,P00682,LOC0095,2026-07-31 05:50:00,0.95
E005797,item_handoff,P00646,P00975,LOC0127,2026-04-06 20:04:00,0.92
E005798,communication,P00293,P00399,LOC0017,2026-06-06 17:39:00,0.86
E005799,observation,P00335,P00669,LOC0101,2026-04-11 18:29:00,0.74
E005800,vehicle_use,P00645,P00663,LOC0090,2026-06-01 14:27:00,0.63
E005801,item_handoff,P00687,P00831,LOC0018,2026-04-22 12:42:00,0.78
E005802,vehicle_use,P00979,P00150,LOC0092,2026-06-09 02:54:00,0.9
E005803,account_access,P00813,P00328,LOC0123,2026-01-27 08:48:00,0.98
E005804,communication,P00986,P00707,LOC0021,2026-08-30 09:14:00,0.81
E005805,communication,P00445,P00402,LOC0029,2026-08-09 07:37:00,0.67
E005806,movement,P00813,P00543,LOC0162,2026-04-28 12:05:00,0.86
E005807,movement,P00555,P00225,LOC0085,2026-02-07 06:25:00,0.71
E005808,communication,P00490,P00382,LOC0038,2026-08-14 11:09:00,0.98
E005809,observation,P00197,P00932,LOC0034,2026-05-16 21:26:00,0.63
E005810,observation,P00320,P00919,LOC0001,2026-05-04 03:50:00,0.7
E005811,transfer,P00569,P00839,LOC0006,2026-05-12 15:49:00,0.97
E005812,transfer,P00809,P00510,LOC0070,2026-03-19 20:21:00,0.77
E005813,observation,P00749,P00387,LOC0164,2026-06-06 21:41:00,0.69
E005814,observation,P00300,P00746,LOC0097,2026-07-10 19:23:00,0.88
E005815,transfer,P00210,P00026,LOC0099,2026-06-11 01:19:00,0.75
E005816,movement,P00676,P00838,LOC0145,2026-05-25 17:35:00,0.72
E005817,meeting,P00158,P00893,LOC0096,2026-01-19 21:39:00,0.77
E005818,item_handoff,P00190,P00751,LOC0029,2026-03-02 17:03:00,0.87
E005819,item_handoff,P00455,P00274,LOC0030,2026-02-28 06:12:00,0.64
E005820,item_handoff,P00992,P00531,LOC0115,2026-08-05 02:53:00,0.7
E005821,meeting,P00170,P00616,LOC0046,2026-07-10 11:23:00,0.99
E005822,observation,P00695,P00551,LOC0064,2026-04-14 00:51:00,0.77
E005823,item_handoff,P00893,P00959,LOC0022,2026-01-11 09:13:00,0.9
E005824,account_access,P00746,P00410,LOC0167,2026-01-06 15:03:00,0.6
E005825,item_handoff,P00108,P00749,LOC0047,2026-04-03 08:59:00,0.8
E005826,transfer,P00253,P00008,LOC0176,2026-08-14 06:37:00,0.92
E005827,vehicle_use,P00997,P00553,LOC0134,2026-03-30 01:32:00,0.76
E005828,transfer,P00314,P00333,LOC0072,2026-01-14 06:22:00,0.68
E005829,vehicle_use,P00382,P00413,LOC0094,2026-05-11 21:14:00,0.64
E005830,communication,P00136,P00755,LOC0136,2026-02-10 10:48:00,0.95
E005831,communication,P00390,P00644,LOC0180,2026-03-19 22:49:00,0.6
E005832,movement,P00722,P00019,LOC0116,2026-07-06 00:50:00,0.81
E005833,account_access,P00097,P00904,LOC0158,2026-02-03 12:19:00,0.91
E005834,vehicle_use,P00662,P00950,LOC0096,2026-04-09 18:51:00,0.79
E005835,communication,P00588,P00380,LOC0033,2026-05-23 13:40:00,0.76
E005836,observation,P00592,P00657,LOC0045,2026-02-11 21:05:00,0.89
E005837,communication,P00925,P00245,LOC0164,2026-07-17 14:59:00,0.71
E005838,observation,P00572,P00889,LOC0018,2026-06-07 07:37:00,0.9
E005839,meeting,P00550,P00004,LOC0134,2026-06-17 17:19:00,0.99
E005840,item_handoff,P00419,P00452,LOC0079,2026-01-07 18:20:00,0.84
E005841,meeting,P00032,P00481,LOC0172,2026-05-03 23:23:00,0.95
E005842,meeting,P00563,P00644,LOC0136,2026-01-11 11:29:00,0.68
E005843,account_access,P00616,P00201,LOC0166,2026-04-02 02:24:00,0.95
E005844,item_handoff,P00610,P00628,LOC0156,2026-03-29 05:25:00,0.94
E005845,transfer,P00648,P00671,LOC0053,2026-05-08 06:37:00,0.71
E005846,movement,P00055,P00548,LOC0128,2026-08-16 18:57:00,0.97
E005847,transfer,P00799,P00089,LOC0087,2026-07-26 22:20:00,0.68
E005848,account_access,P00008,P00297,LOC0096,2026-01-02 10:50:00,0.93
E005849,communication,P00554,P00037,LOC0158,2026-08-03 09:14:00,0.91
E005850,transfer,P00297,P00433,LOC0003,2026-04-12 10:58:00,0.7
E005851,meeting,P00985,P00952,LOC0168,2026-03-15 04:11:00,0.67
E005852,vehicle_use,P00557,P00959,LOC0051,2026-03-25 16:03:00,0.66
E005853,vehicle_use,P00685,P00423,LOC0028,2026-03-06 06:02:00,0.81
E005854,item_handoff,P00429,P00550,LOC0082,2026-02-18 16:59:00,0.7
E005855,item_handoff,P00320,P00601,LOC0063,2026-06-20 03:09:00,0.92
E005856,meeting,P00543,P00262,LOC0082,2026-03-05 19:13:00,0.92
E005857,transfer,P00283,P00973,LOC0094,2026-08-31 10:52:00,0.63
E005858,meeting,P00631,P00491,LOC0089,2026-02-22 14:40:00,0.89
E005859,movement,P00921,P00253,LOC0026,2026-01-25 16:20:00,0.87
E005860,account_access,P00917,P00347,LOC0033,2026-04-04 00:20:00,0.76
E005861,movement,P00121,P00602,LOC0069,2026-04-14 16:19:00,0.63
E005862,meeting,P00995,P00662,LOC0175,2026-05-17 02:19:00,0.72
E005863,meeting,P00433,P00743,LOC0047,2026-08-18 21:07:00,0.63
E005864,vehicle_use,P00797,P00674,LOC0142,2026-07-30 10:47:00,0.73
E005865,transfer,P00593,P00841,LOC0172,2026-07-05 08:16:00,0.73
E005866,transfer,P00421,P00713,LOC0013,2026-03-18 15:13:00,0.73
E005867,observation,P00464,P00269,LOC0081,2026-07-23 21:41:00,0.61
E005868,meeting,P00445,P00845,LOC0138,2026-08-27 22:16:00,0.89
E005869,observation,P00154,P00941,LOC0065,2026-08-19 10:06:00,0.98
E005870,vehicle_use,P00335,P00693,LOC0098,2026-06-11 12:47:00,0.73
E005871,vehicle_use,P00033,P00675,LOC0123,2026-06-30 08:36:00,0.97
E005872,observation,P00193,P00247,LOC0083,2026-07-18 01:22:00,0.78
E005873,vehicle_use,P00844,P00965,LOC0020,2026-04-30 18:13:00,0.96
E005874,observation,P00309,P00608,LOC0056,2026-02-10 08:06:00,0.73
E005875,observation,P00573,P00167,LOC0135,2026-06-21 16:28:00,0.91
E005876,observation,P00711,P00161,LOC0131,2026-04-22 11:32:00,0.72
E005877,communication,P00747,P00845,LOC0008,2026-03-24 11:07:00,0.94
E005878,vehicle_use,P00165,P00864,LOC0111,2026-08-23 15:43:00,0.7
E005879,item_handoff,P00654,P00883,LOC0176,2026-03-14 00:26:00,0.76
E005880,meeting,P00963,P00364,LOC0110,2026-07-04 09:03:00,0.7
E005881,account_access,P00656,P00184,LOC0132,2026-06-03 20:36:00,0.64
E005882,meeting,P00641,P00189,LOC0066,2026-06-03 21:20:00,0.62
E005883,vehicle_use,P00265,P00991,LOC0112,2026-02-13 15:41:00,0.96
E005884,transfer,P00955,P00074,LOC0136,2026-07-08 22:10:00,0.64
E005885,movement,P00870,P00899,LOC0031,2026-08-20 01:37:00,0.82
E005886,communication,P00197,P00320,LOC0173,2026-08-31 18:04:00,0.74
E005887,meeting,P00571,P00202,LOC0148,2026-08-25 21:36:00,0.85
E005888,transfer,P00450,P00404,LOC0167,2026-01-24 20:25:00,0.62
E005889,meeting,P00161,P00601,LOC0107,2026-08-05 17:32:00,0.86
E005890,communication,P00319,P00391,LOC0065,2026-03-16 08:17:00,0.73
E005891,transfer,P00767,P00939,LOC0094,2026-02-06 17:29:00,0.93
E005892,meeting,P00302,P00854,LOC0011,2026-08-02 09:06:00,0.7
E005893,meeting,P00940,P00730,LOC0025,2026-01-26 18:50:00,0.74
E005894,communication,P00667,P00558,LOC0020,2026-06-19 02:43:00,0.88
E005895,vehicle_use,P00581,P00593,LOC0027,2026-04-03 08:50:00,0.7
E005896,transfer,P00020,P00803,LOC0039,2026-06-04 13:44:00,0.79
E005897,meeting,P00668,P00542,LOC0134,2026-03-07 10:50:00,0.7
E005898,communication,P00011,P00935,LOC0079,2026-02-28 01:57:00,0.64
E005899,item_handoff,P00317,P00221,LOC0170,2026-05-09 12:04:00,0.86
E005900,meeting,P00895,P00276,LOC0062,2026-03-09 20:15:00,0.89
E005901,item_handoff,P00004,P00146,LOC0152,2026-05-26 17:42:00,0.65
E005902,item_handoff,P00641,P00631,LOC0158,2026-03-16 14:27:00,0.81
E005903,vehicle_use,P00168,P00986,LOC0016,2026-05-03 19:28:00,0.65
E005904,movement,P00731,P00656,LOC0177,2026-02-07 09:00:00,0.61
E005905,meeting,P00004,P00017,LOC0109,2026-02-13 07:29:00,0.61
E005906,observation,P00948,P00274,LOC0036,2026-08-03 22:20:00,0.7
E005907,item_handoff,P00841,P00133,LOC0112,2026-07-07 13:40:00,0.67
E005908,vehicle_use,P00989,P00278,LOC0180,2026-04-13 21:38:00,0.74
E005909,observation,P00160,P00089,LOC0093,2026-04-24 05:28:00,0.64
E005910,movement,P00254,P00312,LOC0121,2026-01-11 06:30:00,0.67
E005911,observation,P00085,P00725,LOC0058,2026-05-01 01:08:00,0.69
E005912,account_access,P00613,P00905,LOC0027,2026-07-22 03:02:00,0.85
E005913,movement,P00483,P00615,LOC0054,2026-05-22 15:37:00,0.72
E005914,observation,P00662,P00513,LOC0070,2026-05-08 03:16:00,0.96
E005915,item_handoff,P00981,P00463,LOC0115,2026-02-02 02:13:00,0.61
E005916,communication,P00878,P00582,LOC0177,2026-05-26 15:02:00,0.94
E005917,item_handoff,P00177,P00093,LOC0102,2026-06-03 00:40:00,0.61
E005918,transfer,P00124,P00312,LOC0106,2026-02-28 14:55:00,0.93
E005919,movement,P00257,P00394,LOC0175,2026-06-01 14:39:00,0.65
E005920,transfer,P00561,P00322,LOC0024,2026-08-30 04:52:00,0.68
E005921,communication,P00416,P00973,LOC0119,2026-04-04 07:49:00,0.76
E005922,observation,P00126,P00081,LOC0126,2026-01-21 22:37:00,0.73
E005923,vehicle_use,P00776,P00995,LOC0133,2026-07-27 03:30:00,0.9
E005924,vehicle_use,P00797,P00234,LOC0164,2026-03-05 04:32:00,0.61
E005925,vehicle_use,P00316,P00157,LOC0180,2026-03-12 00:48:00,0.98
E005926,movement,P00923,P00158,LOC0009,2026-04-26 07:14:00,0.68
E005927,account_access,P00830,P00217,LOC0163,2026-08-08 13:50:00,0.78
E005928,observation,P00043,P00560,LOC0171,2026-06-11 08:47:00,0.66
E005929,vehicle_use,P00192,P00605,LOC0097,2026-07-22 01:08:00,0.89
E005930,account_access,P00411,P00134,LOC0096,2026-01-23 03:07:00,0.87
E005931,communication,P00027,P00753,LOC0106,2026-07-02 17:55:00,0.93
E005932,item_handoff,P00506,P00322,LOC0030,2026-07-27 07:06:00,0.95
E005933,account_access,P00218,P00112,LOC0173,2026-02-12 03:39:00,0.85
E005934,item_handoff,P00714,P00270,LOC0052,2026-07-25 15:28:00,0.93
E005935,observation,P00173,P00756,LOC0011,2026-06-24 22:18:00,0.97
E005936,account_access,P00993,P00027,LOC0124,2026-05-11 08:07:00,0.96
E005937,movement,P00906,P00492,LOC0161,2026-01-29 07:57:00,0.69
E005938,observation,P00064,P00991,LOC0055,2026-08-23 14:24:00,0.86
E005939,account_access,P00286,P00261,LOC0010,2026-05-07 23:34:00,0.67
E005940,communication,P00274,P00585,LOC0151,2026-03-19 00:24:00,0.66
E005941,communication,P00084,P00672,LOC0155,2026-02-27 12:55:00,0.68
E005942,meeting,P00734,P00070,LOC0073,2026-07-27 14:53:00,0.81
E005943,communication,P00590,P00679,LOC0034,2026-05-20 05:45:00,0.68
E005944,item_handoff,P00388,P00372,LOC0145,2026-07-06 01:18:00,0.82
E005945,item_handoff,P00300,P00943,LOC0022,2026-06-24 04:29:00,0.75
E005946,account_access,P00647,P00729,LOC0074,2026-07-15 08:30:00,0.64
E005947,vehicle_use,P00763,P00198,LOC0013,2026-02-21 22:52:00,0.62
E005948,communication,P00239,P00614,LOC0129,2026-04-30 16:02:00,0.8
E005949,vehicle_use,P00607,P00522,LOC0115,2026-04-08 03:14:00,0.76
E005950,communication,P00470,P00199,LOC0152,2026-06-16 04:59:00,0.86
E005951,vehicle_use,P00516,P00204,LOC0004,2026-07-23 16:09:00,0.72
E005952,account_access,P00532,P00538,LOC0037,2026-07-19 13:11:00,0.65
E005953,communication,P00848,P00927,LOC0023,2026-01-12 18:26:00,0.6
E005954,account_access,P00723,P00548,LOC0087,2026-08-23 06:24:00,0.77
E005955,meeting,P00072,P00424,LOC0106,2026-03-15 16:31:00,0.84
E005956,communication,P00218,P00860,LOC0092,2026-05-03 04:09:00,0.84
E005957,transfer,P00654,P00495,LOC0124,2026-04-30 11:38:00,0.96
E005958,transfer,P00536,P00008,LOC0091,2026-01-13 12:35:00,0.85
E005959,transfer,P00089,P00216,LOC0168,2026-04-26 01:03:00,0.91
E005960,communication,P00776,P00328,LOC0099,2026-01-23 02:29:00,0.63
E005961,meeting,P00900,P00792,LOC0095,2026-07-16 06:20:00,0.94
E005962,transfer,P00140,P00045,LOC0042,2026-03-12 01:07:00,0.84
E005963,account_access,P00648,P00306,LOC0169,2026-07-16 22:10:00,0.77
E005964,observation,P00287,P00981,LOC0056,2026-05-15 02:20:00,0.99
E005965,account_access,P00660,P00821,LOC0070,2026-05-13 10:58:00,0.77
E005966,account_access,P00956,P00145,LOC0001,2026-07-01 12:49:00,0.96
E005967,account_access,P00836,P00970,LOC0061,2026-08-10 16:23:00,0.83
E005968,communication,P00972,P00890,LOC0158,2026-06-20 07:45:00,0.73
E005969,movement,P00707,P00861,LOC0055,2026-02-12 08:50:00,0.91
E005970,vehicle_use,P00922,P00336,LOC0010,2026-02-14 09:39:00,0.69
E005971,transfer,P00740,P00184,LOC0128,2026-03-25 01:28:00,0.93
E005972,vehicle_use,P00760,P00027,LOC0014,2026-01-25 16:16:00,0.6
E005973,account_access,P00476,P00626,LOC0120,2026-05-31 07:42:00,0.86
E005974,vehicle_use,P00690,P00432,LOC0037,2026-07-15 16:54:00,0.69
E005975,item_handoff,P00192,P00197,LOC0071,2026-05-02 14:05:00,0.86
E005976,item_handoff,P00333,P00856,LOC0164,2026-03-15 19:32:00,0.85
E005977,account_access,P00018,P00757,LOC0076,2026-03-24 17:11:00,0.87
E005978,item_handoff,P00723,P00944,LOC0018,2026-03-19 08:51:00,0.98
E005979,movement,P00293,P00821,LOC0165,2026-02-09 08:38:00,0.65
E005980,movement,P00859,P00114,LOC0134,2026-01-26 14:35:00,0.97
E005981,observation,P00898,P00039,LOC0117,2026-06-28 13:30:00,0.77
E005982,vehicle_use,P00948,P00248,LOC0066,2026-08-06 07:51:00,0.95
E005983,observation,P00351,P00744,LOC0180,2026-02-20 20:11:00,0.71
E005984,movement,P00075,P00439,LOC0077,2026-03-09 09:16:00,0.65
E005985,meeting,P00342,P00987,LOC0014,2026-05-05 01:43:00,0.81
E005986,meeting,P00552,P00750,LOC0068,2026-02-27 22:58:00,0.7
E005987,communication,P00487,P00748,LOC0178,2026-04-15 12:04:00,0.9
E005988,item_handoff,P00764,P00788,LOC0176,2026-08-29 06:18:00,0.8
E005989,communication,P00963,P00379,LOC0132,2026-08-30 22:38:00,0.9
E005990,account_access,P00157,P00321,LOC0045,2026-06-29 17:46:00,0.65
E005991,item_handoff,P00963,P00909,LOC0170,2026-03-12 09:08:00,0.67
E005992,account_access,P00153,P00775,LOC0132,2026-03-10 20:48:00,0.83
E005993,observation,P00147,P00275,LOC0178,2026-04-27 02:55:00,0.88
E005994,vehicle_use,P00220,P00806,LOC0039,2026-06-14 07:56:00,0.81
E005995,item_handoff,P00354,P00724,LOC0018,2026-08-18 09:12:00,0.99
E005996,item_handoff,P00956,P00912,LOC0113,2026-07-19 19:29:00,0.87
E005997,item_handoff,P00062,P00858,LOC0024,2026-06-03 03:55:00,0.74
E005998,communication,P00276,P00457,LOC0058,2026-01-27 20:38:00,0.89
E005999,transfer,P00535,P00982,LOC0091,2026-04-23 12:46:00,0.98
E006000,vehicle_use,P00182,P00052,LOC0042,2026-02-18 13:02:00,0.74
E006001,communication,P00584,P00608,LOC0147,2026-05-21 13:43:00,0.8
E006002,transfer,P00867,P00851,LOC0155,2026-08-07 10:09:00,0.64
E006003,communication,P00134,P00915,LOC0150,2026-02-15 02:00:00,0.75
E006004,observation,P00416,P00174,LOC0006,2026-01-31 09:35:00,0.79
E006005,transfer,P00172,P00171,LOC0001,2026-06-17 06:01:00,0.89
E006006,meeting,P00788,P00775,LOC0161,2026-04-20 10:31:00,0.9
E006007,meeting,P00117,P00868,LOC0045,2026-06-28 08:29:00,0.83
E006008,account_access,P00511,P00272,LOC0023,2026-03-04 20:50:00,0.69
E006009,movement,P00042,P00458,LOC0104,2026-07-06 13:25:00,0.77
E006010,movement,P00689,P00984,LOC0003,2026-07-01 11:46:00,0.61
E006011,communication,P00097,P00897,LOC0009,2026-03-20 14:00:00,0.88
E006012,item_handoff,P00003,P00717,LOC0024,2026-02-09 04:56:00,0.84
E006013,movement,P00005,P00234,LOC0037,2026-07-29 05:49:00,0.93
E006014,observation,P00185,P00971,LOC0042,2026-05-06 04:41:00,0.72
E006015,movement,P00370,P00035,LOC0132,2026-04-28 21:22:00,0.78
E006016,item_handoff,P00166,P00732,LOC0019,2026-07-05 08:04:00,0.89
E006017,communication,P00063,P00354,LOC0054,2026-04-22 10:16:00,0.85
E006018,movement,P00605,P00236,LOC0068,2026-07-16 19:09:00,0.61
E006019,transfer,P00112,P00794,LOC0043,2026-08-01 02:30:00,0.93
E006020,vehicle_use,P00184,P00113,LOC0058,2026-04-08 17:22:00,0.76
E006021,meeting,P00135,P00390,LOC0043,2026-08-31 15:57:00,0.67
E006022,observation,P00864,P00389,LOC0174,2026-02-04 18:40:00,0.83
E006023,observation,P00006,P00942,LOC0172,2026-01-12 06:34:00,0.84
E006024,vehicle_use,P00590,P00514,LOC0095,2026-08-09 21:32:00,0.75
E006025,meeting,P00789,P00308,LOC0146,2026-05-15 19:34:00,0.8
E006026,account_access,P00174,P00904,LOC0051,2026-01-11 05:04:00,0.6
E006027,observation,P00619,P00985,LOC0004,2026-07-20 02:27:00,0.72
E006028,transfer,P00508,P00599,LOC0165,2026-02-20 09:14:00,0.66
E006029,account_access,P00330,P00017,LOC0063,2026-05-13 23:32:00,0.93
E006030,account_access,P00655,P00271,LOC0013,2026-07-06 15:16:00,0.9
E006031,vehicle_use,P00199,P00028,LOC0022,2026-04-28 14:52:00,0.68
E006032,transfer,P00205,P00031,LOC0077,2026-08-01 20:22:00,0.87
E006033,account_access,P00723,P00560,LOC0167,2026-07-13 09:13:00,0.61
E006034,transfer,P00519,P00336,LOC0126,2026-06-12 06:17:00,0.7
E006035,meeting,P00280,P00878,LOC0023,2026-03-10 15:34:00,0.87
E006036,transfer,P00686,P00019,LOC0020,2026-02-13 03:40:00,0.9
E006037,meeting,P00186,P00479,LOC0123,2026-01-02 17:59:00,0.82
E006038,meeting,P00915,P00057,LOC0104,2026-05-03 17:15:00,0.77
E006039,transfer,P00317,P00676,LOC0039,2026-07-03 15:40:00,0.87
E006040,communication,P00330,P00504,LOC0099,2026-07-16 07:27:00,0.64
E006041,meeting,P00508,P00421,LOC0052,2026-04-20 16:31:00,0.87
E006042,communication,P00394,P00769,LOC0106,2026-08-13 09:36:00,0.97
E006043,item_handoff,P00557,P00224,LOC0037,2026-07-29 02:46:00,0.74
E006044,movement,P00298,P00790,LOC0118,2026-07-22 03:33:00,0.68
E006045,observation,P00265,P00142,LOC0033,2026-01-27 17:48:00,0.64
E006046,observation,P00372,P00864,LOC0042,2026-02-10 01:40:00,0.85
E006047,item_handoff,P00970,P00779,LOC0011,2026-08-27 01:32:00,0.89
E006048,meeting,P00330,P00003,LOC0153,2026-03-20 04:13:00,0.83
E006049,item_handoff,P00735,P00592,LOC0048,2026-05-28 19:01:00,0.84
E006050,observation,P00035,P00394,LOC0067,2026-01-18 22:25:00,0.66
E006051,transfer,P00983,P00481,LOC0069,2026-07-25 12:54:00,0.66
E006052,communication,P00283,P00389,LOC0131,2026-01-26 17:02:00,0.88
E006053,observation,P00264,P00007,LOC0144,2026-02-14 07:37:00,0.66
E006054,movement,P00806,P00122,LOC0106,2026-05-02 11:39:00,0.77
E006055,account_access,P00523,P00181,LOC0172,2026-05-20 03:31:00,0.76
E006056,communication,P00235,P00717,LOC0140,2026-01-30 01:32:00,0.6
E006057,observation,P00092,P00582,LOC0113,2026-03-15 15:05:00,0.63
E006058,vehicle_use,P00773,P00284,LOC0117,2026-06-01 03:13:00,0.91
E006059,account_access,P00481,P00424,LOC0144,2026-02-19 20:34:00,0.91
E006060,communication,P00171,P00971,LOC0074,2026-02-27 20:49:00,0.6
E006061,meeting,P00971,P00979,LOC0155,2026-08-19 20:29:00,0.9
E006062,meeting,P00822,P00282,LOC0158,2026-02-01 11:13:00,0.9
E006063,movement,P00742,P00987,LOC0043,2026-03-02 14:42:00,0.9
E006064,movement,P00421,P00794,LOC0034,2026-02-27 12:46:00,0.92
E006065,account_access,P00311,P00281,LOC0032,2026-06-21 08:39:00,0.88
E006066,transfer,P00220,P00557,LOC0156,2026-04-04 08:17:00,0.65
E006067,communication,P00653,P00371,LOC0125,2026-04-09 21:17:00,0.92
E006068,vehicle_use,P00101,P00854,LOC0126,2026-08-20 20:36:00,0.89
E006069,transfer,P00525,P00862,LOC0001,2026-06-08 14:39:00,0.69
E006070,account_access,P00130,P00855,LOC0132,2026-01-21 16:28:00,0.89
E006071,communication,P00669,P00349,LOC0119,2026-01-04 17:46:00,0.87
E006072,meeting,P00879,P00780,LOC0132,2026-02-06 11:12:00,0.98
E006073,meeting,P00270,P00065,LOC0051,2026-02-21 16:41:00,0.62
E006074,item_handoff,P00973,P00861,LOC0004,2026-04-27 14:59:00,0.97
E006075,meeting,P00719,P00292,LOC0140,2026-05-02 16:51:00,0.6
E006076,observation,P00818,P00746,LOC0027,2026-05-26 19:29:00,0.9
E006077,transfer,P00589,P00263,LOC0167,2026-01-13 16:51:00,0.96
E006078,movement,P00726,P00460,LOC0031,2026-07-29 03:12:00,0.87
E006079,item_handoff,P00643,P00195,LOC0050,2026-08-15 05:00:00,0.61
E006080,vehicle_use,P00057,P00048,LOC0141,2026-05-15 01:33:00,0.65
E006081,vehicle_use,P00663,P00644,LOC0087,2026-07-23 02:16:00,0.83
E006082,transfer,P00526,P00036,LOC0075,2026-03-21 16:25:00,0.8
E006083,vehicle_use,P00491,P00020,LOC0087,2026-02-27 04:59:00,0.79
E006084,item_handoff,P00164,P00598,LOC0178,2026-05-18 01:54:00,0.9
E006085,vehicle_use,P00176,P00566,LOC0128,2026-04-08 22:08:00,0.62
E006086,vehicle_use,P00286,P00429,LOC0037,2026-08-23 12:28:00,0.96
E006087,movement,P00570,P00857,LOC0157,2026-04-24 14:50:00,0.64
E006088,communication,P00031,P00223,LOC0076,2026-08-28 19:55:00,0.82
E006089,transfer,P00541,P00392,LOC0137,2026-04-25 16:26:00,0.93
E006090,account_access,P00399,P00812,LOC0162,2026-05-04 20:10:00,0.66
E006091,meeting,P00696,P00668,LOC0007,2026-07-05 22:08:00,0.97
E006092,item_handoff,P00266,P00628,LOC0125,2026-02-01 08:56:00,0.76
E006093,communication,P00148,P00472,LOC0041,2026-02-11 23:43:00,0.61
E006094,communication,P00952,P00321,LOC0063,2026-06-30 23:07:00,0.78
E006095,item_handoff,P00896,P00404,LOC0128,2026-05-11 12:16:00,0.74
E006096,transfer,P00674,P00227,LOC0039,2026-04-22 20:46:00,0.98
E006097,transfer,P00386,P00627,LOC0106,2026-08-27 14:07:00,0.77
E006098,transfer,P00399,P00322,LOC0037,2026-01-06 02:24:00,0.93
E006099,vehicle_use,P00548,P00986,LOC0042,2026-07-09 18:38:00,0.92
E006100,meeting,P00038,P00596,LOC0009,2026-06-29 17:58:00,0.61
E006101,movement,P00602,P00152,LOC0167,2026-07-04 22:18:00,0.81
E006102,observation,P00386,P00844,LOC0082,2026-07-12 00:33:00,0.87
E006103,item_handoff,P00807,P00600,LOC0068,2026-02-25 08:53:00,0.85
E006104,vehicle_use,P00931,P00775,LOC0088,2026-01-25 10:07:00,0.65
E006105,item_handoff,P00770,P00247,LOC0106,2026-01-23 05:34:00,0.75
E006106,meeting,P00420,P00455,LOC0073,2026-05-25 17:05:00,0.95
E006107,communication,P00302,P00052,LOC0019,2026-08-01 16:27:00,0.98
E006108,movement,P00539,P00181,LOC0166,2026-01-13 14:06:00,0.78
E006109,account_access,P00594,P00485,LOC0082,2026-02-04 19:23:00,0.73
E006110,item_handoff,P00585,P00712,LOC0081,2026-02-25 19:56:00,0.64
E006111,transfer,P00242,P00676,LOC0076,2026-05-07 21:43:00,0.77
E006112,account_access,P00284,P00563,LOC0111,2026-05-15 09:57:00,0.62
E006113,movement,P00273,P00120,LOC0052,2026-01-05 15:49:00,0.92
E006114,transfer,P00592,P00477,LOC0021,2026-02-04 16:06:00,0.89
E006115,vehicle_use,P00519,P00507,LOC0104,2026-02-05 16:27:00,0.95
E006116,meeting,P00340,P00559,LOC0082,2026-03-07 08:12:00,0.62
E006117,transfer,P00651,P00406,LOC0172,2026-08-31 19:59:00,0.63
E006118,item_handoff,P00954,P00370,LOC0007,2026-02-24 20:19:00,0.78
E006119,transfer,P00500,P00893,LOC0118,2026-07-17 11:23:00,0.98
E006120,transfer,P00124,P00146,LOC0084,2026-02-23 13:10:00,0.6
E006121,meeting,P00086,P00726,LOC0135,2026-01-29 11:23:00,0.9
E006122,observation,P00031,P00788,LOC0089,2026-06-28 05:18:00,0.85
E006123,meeting,P00995,P00355,LOC0168,2026-05-09 07:35:00,0.82
E006124,communication,P00180,P00689,LOC0074,2026-02-08 22:58:00,0.81
E006125,communication,P00378,P00885,LOC0126,2026-04-29 11:47:00,0.66
E006126,observation,P00346,P00464,LOC0155,2026-06-06 09:09:00,0.73
E006127,meeting,P00361,P00006,LOC0012,2026-07-05 07:03:00,0.93
E006128,account_access,P00840,P00188,LOC0141,2026-02-27 17:39:00,0.98
E006129,transfer,P00112,P00252,LOC0131,2026-08-22 07:22:00,0.94
E006130,item_handoff,P00088,P00617,LOC0049,2026-06-04 18:31:00,0.73
E006131,vehicle_use,P00456,P00039,LOC0031,2026-05-22 00:55:00,0.62
E006132,communication,P00357,P00269,LOC0123,2026-06-22 05:19:00,0.83
E006133,account_access,P00063,P00426,LOC0050,2026-06-02 05:04:00,0.95
E006134,vehicle_use,P00196,P00659,LOC0030,2026-02-07 02:29:00,0.89
E006135,account_access,P00657,P00786,LOC0113,2026-03-29 15:31:00,0.92
E006136,vehicle_use,P00713,P00793,LOC0015,2026-05-20 17:13:00,0.61
E006137,vehicle_use,P00619,P00952,LOC0079,2026-04-24 21:41:00,0.8
E006138,account_access,P00471,P00218,LOC0163,2026-02-06 04:31:00,0.73
E006139,communication,P00296,P00142,LOC0054,2026-07-01 19:28:00,0.66
E006140,movement,P00188,P00881,LOC0179,2026-05-17 20:23:00,0.89
E006141,account_access,P00204,P00633,LOC0106,2026-05-02 14:02:00,0.68
E006142,meeting,P00743,P00716,LOC0141,2026-06-19 10:49:00,0.73
E006143,account_access,P00847,P00604,LOC0003,2026-06-08 00:33:00,0.89
E006144,account_access,P00748,P00665,LOC0028,2026-07-27 03:41:00,0.98
E006145,vehicle_use,P00984,P00086,LOC0011,2026-08-13 21:54:00,0.85
E006146,communication,P00110,P00554,LOC0023,2026-07-14 23:25:00,0.88
E006147,item_handoff,P00002,P00524,LOC0118,2026-05-29 09:31:00,0.8
E006148,transfer,P00293,P00178,LOC0149,2026-05-04 00:19:00,0.82
E006149,account_access,P00780,P00743,LOC0157,2026-04-13 09:32:00,0.95
E006150,communication,P00958,P00328,LOC0130,2026-03-27 02:43:00,0.81
E006151,vehicle_use,P00927,P00820,LOC0013,2026-03-24 05:44:00,0.84
E006152,transfer,P00575,P00827,LOC0028,2026-02-24 05:11:00,0.95
E006153,meeting,P00670,P00717,LOC0086,2026-01-06 10:25:00,0.77
E006154,account_access,P00222,P00013,LOC0109,2026-01-14 23:36:00,0.95
E006155,meeting,P00995,P00807,LOC0047,2026-01-26 03:24:00,0.77
E006156,meeting,P00359,P00071,LOC0031,2026-06-09 01:06:00,0.79
E006157,vehicle_use,P00600,P00362,LOC0129,2026-01-16 22:02:00,0.8
E006158,transfer,P00155,P00596,LOC0100,2026-05-06 02:09:00,0.65
E006159,account_access,P00969,P00101,LOC0073,2026-01-16 05:39:00,0.7
E006160,communication,P00938,P00334,LOC0116,2026-02-12 06:22:00,0.92
E006161,meeting,P00675,P00447,LOC0131,2026-03-03 22:12:00,0.7
E006162,observation,P00119,P00688,LOC0016,2026-01-02 16:34:00,0.96
E006163,item_handoff,P00301,P00230,LOC0100,2026-05-28 02:21:00,0.72
E006164,item_handoff,P00309,P00189,LOC0116,2026-03-30 12:52:00,0.86
E006165,transfer,P00540,P00236,LOC0125,2026-02-07 00:31:00,0.95
E006166,observation,P00401,P00773,LOC0131,2026-06-12 15:43:00,0.81
E006167,transfer,P00913,P00566,LOC0018,2026-06-27 13:28:00,0.81
E006168,vehicle_use,P00258,P00157,LOC0021,2026-07-13 11:04:00,0.68
E006169,account_access,P00413,P00625,LOC0151,2026-07-09 12:06:00,0.71
E006170,item_handoff,P00119,P00212,LOC0143,2026-08-27 20:09:00,0.7
E006171,transfer,P00893,P00189,LOC0061,2026-04-03 10:07:00,0.93
E006172,communication,P00441,P00549,LOC0064,2026-06-10 17:56:00,0.68
E006173,movement,P00607,P00697,LOC0114,2026-05-05 21:07:00,0.95
E006174,item_handoff,P00520,P00568,LOC0029,2026-04-09 17:03:00,0.8
E006175,communication,P00336,P00742,LOC0131,2026-04-07 07:47:00,0.61
E006176,account_access,P00268,P00407,LOC0040,2026-07-16 20:04:00,0.88
E006177,observation,P00235,P00676,LOC0011,2026-06-23 13:01:00,0.86
E006178,communication,P00630,P00429,LOC0142,2026-03-16 09:03:00,0.75
E006179,movement,P00474,P00244,LOC0016,2026-05-01 02:05:00,0.72
E006180,vehicle_use,P00973,P00385,LOC0088,2026-01-20 13:53:00,0.91
E006181,observation,P00448,P00424,LOC0163,2026-05-06 22:21:00,0.65
E006182,transfer,P00682,P00477,LOC0137,2026-05-02 05:43:00,0.66
E006183,communication,P00594,P00231,LOC0122,2026-08-04 04:37:00,0.65
E006184,transfer,P00188,P00166,LOC0139,2026-03-06 05:17:00,0.76
E006185,item_handoff,P00032,P00375,LOC0049,2026-07-22 09:49:00,0.82
E006186,account_access,P00712,P00838,LOC0131,2026-08-29 17:48:00,0.86
E006187,item_handoff,P00008,P00359,LOC0036,2026-01-18 22:10:00,0.92
E006188,communication,P00571,P00971,LOC0131,2026-01-24 02:52:00,0.85
E006189,account_access,P00478,P00795,LOC0159,2026-08-12 07:59:00,0.8
E006190,observation,P00937,P00857,LOC0092,2026-04-16 02:35:00,0.75
E006191,transfer,P00009,P00396,LOC0166,2026-03-30 19:42:00,0.92
E006192,account_access,P00581,P00863,LOC0058,2026-01-12 20:12:00,0.6
E006193,communication,P00557,P00784,LOC0110,2026-01-03 16:30:00,0.8
E006194,transfer,P00452,P00572,LOC0148,2026-01-09 18:53:00,0.96
E006195,communication,P00915,P00987,LOC0107,2026-07-27 13:54:00,0.81
E006196,account_access,P00379,P00766,LOC0071,2026-03-17 13:51:00,0.9
E006197,vehicle_use,P00092,P00704,LOC0096,2026-07-09 12:35:00,0.85
E006198,meeting,P00117,P00486,LOC0145,2026-05-10 12:30:00,0.88
E006199,item_handoff,P00285,P00099,LOC0004,2026-05-26 04:43:00,0.88
E006200,vehicle_use,P00353,P00627,LOC0075,2026-07-24 22:38:00,0.91
E006201,meeting,P00804,P00751,LOC0143,2026-07-29 07:41:00,0.67
E006202,transfer,P00589,P00053,LOC0015,2026-04-28 07:15:00,0.76
E006203,observation,P00259,P00354,LOC0009,2026-03-25 17:13:00,0.8
E006204,movement,P00512,P00627,LOC0070,2026-06-04 03:21:00,0.85
E006205,transfer,P00923,P00895,LOC0152,2026-08-06 15:09:00,0.98
E006206,communication,P00645,P00783,LOC0145,2026-08-26 01:19:00,0.74
E006207,movement,P00252,P00906,LOC0112,2026-01-30 04:14:00,0.84
E006208,item_handoff,P00449,P00415,LOC0068,2026-02-20 12:15:00,0.76
E006209,transfer,P00005,P00915,LOC0070,2026-04-03 14:26:00,0.78
E006210,observation,P00659,P00237,LOC0057,2026-03-09 18:31:00,0.9
E006211,transfer,P00325,P00288,LOC0100,2026-05-31 15:40:00,0.75
E006212,observation,P00706,P00706,LOC0057,2026-01-28 22:31:00,0.66
E006213,transfer,P00405,P00074,LOC0043,2026-05-29 01:56:00,0.75
E006214,communication,P00084,P00228,LOC0138,2026-03-07 23:11:00,0.65
E006215,communication,P00650,P00706,LOC0129,2026-04-14 20:50:00,0.94
E006216,communication,P00853,P00845,LOC0107,2026-01-02 18:01:00,0.92
E006217,transfer,P00927,P00093,LOC0080,2026-03-05 18:08:00,0.7
E006218,transfer,P00793,P00289,LOC0033,2026-03-23 10:03:00,0.9
E006219,transfer,P00587,P00142,LOC0162,2026-08-04 13:18:00,0.93
E006220,transfer,P00176,P00436,LOC0171,2026-06-21 06:15:00,0.72
E006221,transfer,P00964,P00823,LOC0125,2026-01-02 17:56:00,0.89
E006222,meeting,P00108,P00284,LOC0084,2026-05-17 17:12:00,0.68
E006223,account_access,P00568,P00254,LOC0091,2026-03-30 07:06:00,0.92
E006224,movement,P00766,P00676,LOC0029,2026-08-27 01:04:00,0.79
E006225,account_access,P00814,P00960,LOC0118,2026-05-27 15:09:00,0.75
E006226,meeting,P00011,P00377,LOC0099,2026-08-08 10:49:00,0.82
E006227,transfer,P00765,P00136,LOC0180,2026-07-07 14:31:00,0.97
E006228,meeting,P00330,P00968,LOC0121,2026-06-09 05:27:00,0.77
E006229,observation,P00053,P00144,LOC0006,2026-04-28 11:49:00,0.67
E006230,account_access,P00701,P00161,LOC0048,2026-03-09 12:03:00,0.88
E006231,account_access,P00961,P00502,LOC0153,2026-05-15 06:12:00,0.95
E006232,account_access,P00087,P00383,LOC0152,2026-04-24 20:19:00,0.95
E006233,observation,P00166,P00884,LOC0040,2026-07-04 10:19:00,0.93
E006234,transfer,P00169,P00162,LOC0045,2026-07-04 22:42:00,0.72
E006235,observation,P00453,P00014,LOC0176,2026-07-13 01:59:00,0.91
E006236,vehicle_use,P00914,P00393,LOC0054,2026-05-23 15:29:00,0.77
E006237,item_handoff,P00688,P00112,LOC0040,2026-03-14 10:43:00,0.74
E006238,transfer,P00328,P00911,LOC0033,2026-04-22 00:21:00,0.75
E006239,observation,P00829,P00919,LOC0088,2026-02-26 15:20:00,0.67
E006240,item_handoff,P00835,P00812,LOC0168,2026-07-13 05:46:00,0.63
E006241,item_handoff,P00970,P00575,LOC0125,2026-03-05 16:23:00,0.86
E006242,movement,P00744,P00367,LOC0149,2026-08-23 11:21:00,0.98
E006243,transfer,P00824,P00521,LOC0118,2026-07-01 17:23:00,0.65
E006244,item_handoff,P00482,P00878,LOC0180,2026-02-18 21:47:00,0.94
E006245,item_handoff,P00012,P00603,LOC0012,2026-07-21 09:00:00,0.66
E006246,communication,P00668,P00211,LOC0069,2026-02-07 08:59:00,0.97
E006247,vehicle_use,P00199,P00133,LOC0070,2026-06-11 08:44:00,0.85
E006248,item_handoff,P00662,P00694,LOC0163,2026-07-12 17:20:00,0.98
E006249,transfer,P00636,P00244,LOC0127,2026-05-01 02:10:00,0.65
E006250,item_handoff,P00228,P00505,LOC0109,2026-05-03 02:23:00,0.75
E006251,account_access,P00984,P00542,LOC0088,2026-01-11 03:58:00,0.64
E006252,observation,P00078,P00505,LOC0028,2026-08-29 01:09:00,0.91
E006253,transfer,P00434,P00262,LOC0161,2026-06-03 11:56:00,0.76
E006254,transfer,P00288,P00102,LOC0119,2026-07-31 02:20:00,0.68
E006255,meeting,P00181,P00239,LOC0033,2026-02-19 20:56:00,0.62
E006256,vehicle_use,P00735,P00731,LOC0122,2026-08-08 12:44:00,0.82
E006257,meeting,P00657,P00474,LOC0089,2026-05-01 08:38:00,0.87
E006258,meeting,P00997,P00876,LOC0073,2026-03-20 13:32:00,0.83
E006259,item_handoff,P00407,P00823,LOC0180,2026-04-18 20:52:00,0.62
E006260,account_access,P00046,P00926,LOC0024,2026-04-15 18:23:00,0.94
E006261,vehicle_use,P00428,P00414,LOC0041,2026-08-01 23:35:00,0.88
E006262,account_access,P00371,P00953,LOC0163,2026-04-13 22:07:00,0.9
E006263,movement,P00131,P00282,LOC0164,2026-07-02 01:50:00,0.97
E006264,account_access,P00626,P00021,LOC0087,2026-08-16 17:55:00,0.84
E006265,meeting,P00232,P00070,LOC0026,2026-01-02 23:01:00,0.65
E006266,meeting,P00524,P00948,LOC0115,2026-02-21 14:09:00,0.66
E006267,transfer,P00283,P00554,LOC0180,2026-02-11 07:49:00,0.85
E006268,transfer,P00053,P00992,LOC0160,2026-06-18 13:46:00,0.73
E006269,movement,P00254,P00172,LOC0076,2026-02-27 01:11:00,0.96
E006270,meeting,P00934,P00150,LOC0069,2026-07-07 08:22:00,0.8
E006271,account_access,P00267,P00586,LOC0017,2026-04-14 11:15:00,0.79
E006272,account_access,P00500,P00128,LOC0096,2026-06-04 22:44:00,0.63
E006273,communication,P00099,P00931,LOC0130,2026-07-21 22:32:00,0.76
E006274,observation,P00075,P00853,LOC0073,2026-01-27 20:12:00,0.8
E006275,meeting,P00640,P00349,LOC0130,2026-01-01 23:00:00,0.6
E006276,vehicle_use,P00808,P00088,LOC0033,2026-07-13 00:04:00,0.89
E006277,observation,P00418,P00219,LOC0069,2026-01-12 05:31:00,0.77
E006278,observation,P00869,P00991,LOC0138,2026-04-10 00:44:00,0.72
E006279,vehicle_use,P00627,P00604,LOC0125,2026-03-04 14:13:00,0.93
E006280,vehicle_use,P00227,P00830,LOC0178,2026-01-10 12:06:00,0.93
E006281,account_access,P00639,P00918,LOC0158,2026-01-03 02:59:00,0.86
E006282,movement,P00342,P00035,LOC0102,2026-04-11 08:05:00,0.92
E006283,communication,P00903,P00765,LOC0153,2026-03-17 04:11:00,0.71
E006284,account_access,P00542,P00718,LOC0011,2026-05-25 05:46:00,0.61
E006285,observation,P00010,P00139,LOC0055,2026-02-21 10:50:00,0.81
E006286,meeting,P00360,P00534,LOC0170,2026-02-10 09:57:00,0.92
E006287,account_access,P00758,P00249,LOC0037,2026-07-24 13:05:00,0.85
E006288,meeting,P00123,P00050,LOC0112,2026-06-05 08:52:00,0.77
E006289,observation,P00838,P00980,LOC0158,2026-01-30 23:13:00,0.63
E006290,account_access,P00963,P00729,LOC0036,2026-06-06 12:36:00,0.97
E006291,meeting,P00110,P00834,LOC0107,2026-07-01 15:16:00,0.78
E006292,vehicle_use,P00118,P00343,LOC0033,2026-07-18 05:50:00,0.61
E006293,item_handoff,P00983,P00929,LOC0145,2026-03-04 18:48:00,0.8
E006294,movement,P00719,P00631,LOC0125,2026-07-18 16:29:00,0.63
E006295,communication,P00001,P00295,LOC0173,2026-03-26 04:10:00,0.89
E006296,communication,P00433,P00872,LOC0076,2026-05-07 05:33:00,0.77
E006297,meeting,P00026,P00330,LOC0053,2026-02-01 10:46:00,0.87
E006298,item_handoff,P00100,P00308,LOC0137,2026-06-09 00:07:00,0.66
E006299,account_access,P00147,P00998,LOC0142,2026-08-12 20:08:00,0.98
E006300,transfer,P00820,P00104,LOC0158,2026-02-03 04:54:00,0.7
E006301,meeting,P00777,P00060,LOC0167,2026-05-25 09:47:00,0.71
E006302,account_access,P00617,P00103,LOC0043,2026-06-22 09:43:00,0.72
E006303,meeting,P00173,P00024,LOC0096,2026-07-17 08:20:00,0.65
E006304,communication,P00801,P00680,LOC0174,2026-03-22 23:17:00,0.83
E006305,meeting,P00343,P00317,LOC0139,2026-02-28 23:12:00,0.9
E006306,meeting,P00421,P00490,LOC0048,2026-04-04 00:40:00,0.78
E006307,observation,P00776,P00971,LOC0097,2026-04-08 15:53:00,0.92
E006308,item_handoff,P00037,P00155,LOC0086,2026-02-16 07:34:00,0.85
E006309,movement,P00396,P00272,LOC0095,2026-06-25 17:55:00,0.68
E006310,observation,P00273,P00850,LOC0087,2026-05-26 08:46:00,0.96
E006311,observation,P00804,P00439,LOC0105,2026-04-21 00:25:00,0.88
E006312,account_access,P00037,P00113,LOC0074,2026-03-29 04:28:00,0.92
E006313,observation,P00659,P00445,LOC0152,2026-08-15 02:46:00,0.89
E006314,account_access,P00525,P00456,LOC0072,2026-05-15 11:03:00,0.91
E006315,observation,P00120,P00424,LOC0045,2026-05-21 09:52:00,0.7
E006316,communication,P00894,P00869,LOC0030,2026-08-31 15:13:00,0.68
E006317,observation,P00115,P00127,LOC0159,2026-02-23 21:00:00,0.92
E006318,meeting,P00073,P00982,LOC0138,2026-07-20 03:10:00,0.88
E006319,communication,P00908,P00552,LOC0017,2026-08-13 01:09:00,0.77
E006320,account_access,P00045,P00612,LOC0136,2026-02-28 13:32:00,0.84
E006321,meeting,P00755,P00689,LOC0172,2026-01-02 03:25:00,0.75
E006322,account_access,P00513,P00030,LOC0055,2026-05-19 10:14:00,0.84
E006323,meeting,P00995,P00448,LOC0097,2026-06-07 06:21:00,0.82
E006324,communication,P00127,P00529,LOC0011,2026-06-21 14:15:00,0.97
E006325,observation,P00677,P00413,LOC0037,2026-01-08 13:12:00,0.77
E006326,communication,P00378,P00511,LOC0084,2026-07-25 08:55:00,0.86
E006327,transfer,P00238,P00008,LOC0167,2026-03-01 09:20:00,0.67
E006328,vehicle_use,P00526,P00485,LOC0043,2026-06-15 09:14:00,0.61
E006329,communication,P00200,P00709,LOC0136,2026-08-15 13:05:00,0.63
E006330,vehicle_use,P00506,P00084,LOC0035,2026-03-04 09:06:00,0.66
E006331,item_handoff,P00906,P00304,LOC0122,2026-07-13 02:54:00,0.77
E006332,account_access,P00380,P00615,LOC0031,2026-03-26 13:17:00,0.84
E006333,item_handoff,P00971,P00060,LOC0025,2026-08-14 19:13:00,0.97
E006334,transfer,P00163,P00320,LOC0101,2026-05-16 01:59:00,0.8
E006335,communication,P00326,P00370,LOC0015,2026-08-30 06:40:00,0.71
E006336,vehicle_use,P00234,P00165,LOC0062,2026-05-21 16:57:00,0.77
E006337,transfer,P00854,P00704,LOC0179,2026-03-20 13:04:00,0.98
E006338,communication,P00206,P00312,LOC0139,2026-04-11 06:09:00,0.8
E006339,communication,P00279,P00411,LOC0037,2026-04-07 00:23:00,0.72
E006340,communication,P00721,P00004,LOC0108,2026-08-09 05:16:00,0.92
E006341,movement,P00374,P00912,LOC0104,2026-02-07 09:17:00,0.68
E006342,account_access,P00493,P00991,LOC0078,2026-03-26 03:31:00,0.78
E006343,communication,P00078,P00812,LOC0165,2026-06-01 06:48:00,0.88
E006344,transfer,P00136,P00162,LOC0063,2026-07-30 16:56:00,0.79
E006345,vehicle_use,P00418,P00121,LOC0078,2026-06-16 06:38:00,0.61
E006346,account_access,P00540,P00296,LOC0017,2026-06-19 01:46:00,0.87
E006347,account_access,P00326,P00963,LOC0032,2026-04-10 17:35:00,0.83
E006348,communication,P00131,P00884,LOC0016,2026-04-15 00:29:00,0.98
E006349,item_handoff,P00855,P00869,LOC0102,2026-03-31 05:28:00,0.8
E006350,meeting,P00891,P00442,LOC0079,2026-07-17 08:05:00,0.8
E006351,communication,P00122,P00328,LOC0077,2026-01-26 03:55:00,0.88
E006352,meeting,P00542,P00370,LOC0076,2026-08-13 16:29:00,0.8
E006353,account_access,P00617,P00698,LOC0138,2026-04-08 04:50:00,0.92
E006354,vehicle_use,P00673,P00400,LOC0163,2026-02-25 06:28:00,0.85
E006355,item_handoff,P00791,P00221,LOC0013,2026-05-14 10:35:00,0.98
E006356,vehicle_use,P00806,P00065,LOC0084,2026-08-06 15:12:00,0.76
E006357,account_access,P00752,P00802,LOC0086,2026-05-08 15:08:00,0.82
E006358,observation,P00945,P00236,LOC0155,2026-03-17 02:12:00,0.88
E006359,vehicle_use,P00996,P00524,LOC0097,2026-07-08 01:05:00,0.75
E006360,item_handoff,P00601,P00077,LOC0060,2026-03-24 17:27:00,0.72
E006361,item_handoff,P00363,P00333,LOC0031,2026-06-12 05:40:00,0.85
E006362,vehicle_use,P00611,P00858,LOC0122,2026-05-28 01:17:00,0.87
E006363,meeting,P00139,P00614,LOC0132,2026-04-24 19:31:00,0.98
E006364,observation,P00776,P00271,LOC0041,2026-06-20 12:14:00,0.68
E006365,vehicle_use,P00490,P00934,LOC0159,2026-06-23 23:03:00,0.81
E006366,meeting,P00471,P00856,LOC0044,2026-01-01 22:11:00,0.68
E006367,account_access,P00586,P00423,LOC0165,2026-07-03 05:56:00,0.8
E006368,observation,P00906,P00540,LOC0043,2026-02-09 08:10:00,0.68
E006369,account_access,P00933,P00619,LOC0004,2026-05-05 19:43:00,0.61
E006370,observation,P00155,P00972,LOC0072,2026-01-11 21:48:00,0.77
E006371,vehicle_use,P00302,P00772,LOC0143,2026-03-13 10:13:00,0.88
E006372,communication,P00618,P00634,LOC0047,2026-07-21 10:14:00,0.91
E006373,observation,P00935,P00587,LOC0117,2026-06-07 06:34:00,0.79
E006374,transfer,P00433,P00504,LOC0076,2026-02-08 06:59:00,0.73
E006375,observation,P00272,P00902,LOC0147,2026-06-15 00:24:00,0.96
E006376,account_access,P00845,P00719,LOC0011,2026-08-04 05:37:00,0.93
E006377,movement,P00735,P00182,LOC0105,2026-03-21 15:03:00,0.88
E006378,vehicle_use,P00604,P00255,LOC0063,2026-03-01 12:30:00,0.93
E006379,meeting,P00413,P00635,LOC0171,2026-02-13 06:31:00,0.75
E006380,transfer,P00884,P00090,LOC0088,2026-08-05 12:35:00,0.68
E006381,communication,P00300,P00801,LOC0071,2026-01-05 21:15:00,0.95
E006382,communication,P00094,P00501,LOC0024,2026-04-10 09:27:00,0.94
E006383,account_access,P00548,P00194,LOC0032,2026-03-11 10:46:00,0.91
E006384,account_access,P00065,P00675,LOC0164,2026-07-07 04:03:00,0.74
E006385,vehicle_use,P00820,P00754,LOC0094,2026-08-22 10:50:00,0.98
E006386,communication,P00271,P00770,LOC0151,2026-01-19 00:45:00,0.89
E006387,communication,P00857,P00710,LOC0134,2026-08-01 08:44:00,0.72
E006388,vehicle_use,P00686,P00822,LOC0043,2026-06-19 20:24:00,0.85
E006389,item_handoff,P00739,P00004,LOC0111,2026-03-17 06:19:00,0.8
E006390,observation,P00741,P00833,LOC0098,2026-08-20 04:35:00,0.98
E006391,vehicle_use,P00624,P00462,LOC0041,2026-03-31 20:28:00,0.85
E006392,item_handoff,P00636,P00621,LOC0019,2026-06-10 23:37:00,0.74
E006393,meeting,P00214,P00041,LOC0100,2026-07-04 09:29:00,0.98
E006394,movement,P00365,P00886,LOC0070,2026-01-26 14:21:00,0.76
E006395,meeting,P00444,P00110,LOC0032,2026-06-23 12:28:00,0.8
E006396,transfer,P00525,P00678,LOC0028,2026-01-27 00:01:00,0.63
E006397,account_access,P00285,P00667,LOC0081,2026-07-10 14:57:00,0.86
E006398,observation,P00149,P00275,LOC0097,2026-07-20 21:55:00,0.88
E006399,observation,P00315,P00694,LOC0079,2026-08-27 07:16:00,0.88
E006400,vehicle_use,P00699,P00773,LOC0154,2026-08-05 10:07:00,0.65
E006401,transfer,P00508,P00094,LOC0058,2026-07-21 21:21:00,0.78
E006402,account_access,P00296,P00223,LOC0042,2026-02-03 08:43:00,0.83
E006403,vehicle_use,P00551,P00829,LOC0037,2026-06-20 21:21:00,0.88
E006404,movement,P00104,P00120,LOC0086,2026-02-23 12:49:00,0.72
E006405,account_access,P00334,P00143,LOC0136,2026-04-25 20:03:00,0.76
E006406,meeting,P00991,P00310,LOC0067,2026-07-14 02:48:00,0.91
E006407,movement,P00929,P00778,LOC0143,2026-03-22 16:40:00,0.68
E006408,movement,P00946,P00884,LOC0138,2026-05-26 16:27:00,0.81
E006409,movement,P00198,P00161,LOC0036,2026-05-27 20:12:00,0.96
E006410,meeting,P00172,P00854,LOC0003,2026-07-16 22:35:00,0.67
E006411,vehicle_use,P00945,P00716,LOC0171,2026-05-20 03:31:00,0.88
E006412,item_handoff,P00771,P00723,LOC0123,2026-04-25 23:35:00,0.98
E006413,communication,P00057,P00737,LOC0075,2026-04-17 06:59:00,0.74
E006414,transfer,P00159,P00568,LOC0176,2026-08-23 19:32:00,0.67
E006415,vehicle_use,P00719,P00712,LOC0058,2026-05-13 12:50:00,0.67
E006416,movement,P00785,P00020,LOC0102,2026-01-19 14:09:00,0.84
E006417,account_access,P00667,P00993,LOC0018,2026-08-25 14:12:00,0.8
E006418,account_access,P00676,P00690,LOC0068,2026-01-16 19:53:00,0.67
E006419,observation,P00067,P00995,LOC0052,2026-07-05 14:55:00,0.71
E006420,account_access,P00708,P00086,LOC0092,2026-06-17 00:37:00,0.84
E006421,movement,P00668,P00438,LOC0160,2026-03-19 10:33:00,0.73
E006422,meeting,P00167,P00279,LOC0166,2026-02-05 17:24:00,0.93
E006423,communication,P00985,P00144,LOC0108,2026-05-15 00:41:00,0.61
E006424,account_access,P00366,P00617,LOC0081,2026-03-29 01:34:00,0.99
E006425,transfer,P00767,P00372,LOC0026,2026-07-02 04:40:00,0.81
E006426,item_handoff,P00095,P00315,LOC0028,2026-03-31 16:12:00,0.98
E006427,account_access,P00405,P00184,LOC0101,2026-08-24 17:38:00,0.88
E006428,account_access,P00379,P00396,LOC0081,2026-01-28 05:48:00,0.92
E006429,movement,P00501,P00433,LOC0156,2026-06-18 11:44:00,0.85
E006430,communication,P00348,P00346,LOC0017,2026-01-25 15:51:00,0.9
E006431,item_handoff,P00276,P00968,LOC0093,2026-07-16 12:49:00,0.76
E006432,observation,P00401,P00531,LOC0051,2026-02-14 12:46:00,0.63
E006433,account_access,P00273,P00540,LOC0085,2026-07-22 15:51:00,0.73
E006434,item_handoff,P00713,P00904,LOC0006,2026-02-03 01:56:00,0.61
E006435,meeting,P00370,P00473,LOC0124,2026-05-05 04:24:00,0.93
E006436,observation,P00438,P00957,LOC0033,2026-04-25 02:48:00,0.79
E006437,transfer,P00160,P00877,LOC0045,2026-03-29 02:50:00,0.97
E006438,meeting,P00230,P00803,LOC0111,2026-05-08 21:04:00,0.92
E006439,vehicle_use,P00984,P00298,LOC0104,2026-08-25 13:18:00,0.78
E006440,vehicle_use,P00529,P00469,LOC0122,2026-05-04 02:31:00,0.86
E006441,movement,P00751,P00428,LOC0025,2026-01-06 14:27:00,0.81
E006442,vehicle_use,P00828,P00308,LOC0130,2026-06-12 12:56:00,0.95
E006443,communication,P00887,P00367,LOC0123,2026-02-11 14:20:00,0.88
E006444,movement,P00503,P00143,LOC0059,2026-02-12 13:09:00,0.67
E006445,account_access,P00026,P00662,LOC0141,2026-04-11 21:03:00,0.69
E006446,observation,P00102,P00171,LOC0104,2026-07-25 12:40:00,0.72
E006447,transfer,P00884,P00158,LOC0110,2026-08-13 20:03:00,0.76
E006448,vehicle_use,P00060,P00767,LOC0159,2026-07-04 09:50:00,0.8
E006449,observation,P00792,P00511,LOC0092,2026-07-10 17:42:00,0.87
E006450,observation,P00276,P00294,LOC0153,2026-07-28 22:41:00,0.87
E006451,movement,P00143,P00691,LOC0057,2026-07-18 21:49:00,0.82
E006452,movement,P00114,P00044,LOC0169,2026-03-18 23:40:00,0.84
E006453,movement,P00655,P00310,LOC0011,2026-07-12 20:11:00,0.99
E006454,observation,P00083,P00595,LOC0147,2026-08-08 19:04:00,0.96
E006455,item_handoff,P00755,P00994,LOC0062,2026-05-25 22:43:00,0.78
E006456,movement,P00181,P00561,LOC0009,2026-06-03 07:03:00,0.87
E006457,transfer,P00187,P00876,LOC0115,2026-02-02 23:40:00,0.79
E006458,account_access,P00019,P00916,LOC0037,2026-06-15 02:10:00,0.7
E006459,item_handoff,P00480,P00344,LOC0165,2026-02-28 15:42:00,0.98
E006460,meeting,P00034,P00679,LOC0093,2026-06-23 06:27:00,0.87
E006461,movement,P00807,P00914,LOC0033,2026-08-03 23:35:00,0.77
E006462,movement,P00034,P00369,LOC0162,2026-01-20 18:42:00,0.8
E006463,observation,P00125,P00037,LOC0123,2026-06-23 20:48:00,0.74
E006464,vehicle_use,P00947,P00189,LOC0005,2026-02-23 02:25:00,0.71
E006465,item_handoff,P00772,P00306,LOC0132,2026-03-25 10:11:00,0.69
E006466,observation,P00350,P00776,LOC0086,2026-06-23 18:22:00,0.67
E006467,item_handoff,P00981,P00673,LOC0066,2026-06-13 04:08:00,0.77
E006468,item_handoff,P00295,P00203,LOC0118,2026-07-26 04:09:00,0.62
E006469,transfer,P00152,P00430,LOC0166,2026-06-18 03:45:00,0.92
E006470,account_access,P00961,P00031,LOC0173,2026-04-21 10:59:00,0.98
E006471,communication,P00727,P00184,LOC0164,2026-03-16 10:04:00,0.65
E006472,item_handoff,P00398,P00134,LOC0003,2026-06-13 17:59:00,0.73
E006473,vehicle_use,P00290,P00806,LOC0143,2026-02-18 16:58:00,0.93
E006474,vehicle_use,P00550,P00829,LOC0173,2026-05-25 18:08:00,0.65
E006475,movement,P00096,P00592,LOC0152,2026-06-24 07:19:00,0.89
E006476,transfer,P00576,P00146,LOC0089,2026-07-27 00:03:00,0.92
E006477,transfer,P00469,P00516,LOC0131,2026-07-14 13:34:00,0.63
E006478,movement,P00726,P00573,LOC0172,2026-04-25 11:23:00,0.76
E006479,meeting,P00023,P00290,LOC0012,2026-01-27 18:51:00,0.79
E006480,item_handoff,P00047,P00950,LOC0140,2026-06-07 15:51:00,0.96
E006481,observation,P00900,P00834,LOC0180,2026-04-28 19:30:00,0.98
E006482,communication,P00582,P00226,LOC0172,2026-06-21 05:26:00,0.98
E006483,account_access,P00292,P00727,LOC0029,2026-04-30 05:31:00,0.72
E006484,meeting,P00686,P00772,LOC0141,2026-03-27 11:26:00,0.71
E006485,meeting,P00684,P00553,LOC0161,2026-03-20 06:41:00,0.63
E006486,item_handoff,P00485,P00834,LOC0010,2026-01-01 10:25:00,0.92
E006487,meeting,P00090,P00568,LOC0076,2026-02-27 02:30:00,0.88
E006488,transfer,P00753,P00090,LOC0092,2026-02-27 15:20:00,0.85
E006489,item_handoff,P00611,P00986,LOC0134,2026-01-13 20:10:00,0.86
E006490,transfer,P00065,P00551,LOC0033,2026-01-12 17:56:00,0.91
E006491,item_handoff,P00520,P00588,LOC0129,2026-04-06 00:28:00,0.86
E006492,observation,P00959,P00904,LOC0124,2026-03-07 14:08:00,0.82
E006493,vehicle_use,P00340,P00829,LOC0097,2026-08-01 08:04:00,0.92
E006494,account_access,P00088,P00233,LOC0032,2026-04-28 14:32:00,0.72
E006495,account_access,P00406,P00603,LOC0014,2026-08-06 15:40:00,0.72
E006496,observation,P00732,P00360,LOC0039,2026-04-07 01:53:00,0.98
E006497,transfer,P00162,P00437,LOC0170,2026-07-19 14:59:00,0.89
E006498,movement,P00349,P00236,LOC0150,2026-05-09 17:48:00,0.77
E006499,meeting,P00136,P00310,LOC0135,2026-07-20 03:12:00,0.8
E006500,movement,P00604,P00141,LOC0086,2026-04-12 03:16:00,0.63
E006501,movement,P00576,P00675,LOC0016,2026-06-21 21:51:00,0.8
E006502,meeting,P00452,P00111,LOC0156,2026-01-10 10:28:00,0.94
E006503,item_handoff,P00147,P00407,LOC0131,2026-05-28 06:51:00,0.92
E006504,communication,P00100,P00480,LOC0065,2026-07-03 04:14:00,0.7
E006505,transfer,P00661,P00600,LOC0093,2026-02-27 20:04:00,0.75
E006506,transfer,P00283,P00723,LOC0099,2026-01-14 04:22:00,0.61
E006507,communication,P00352,P00929,LOC0008,2026-06-12 09:06:00,0.68
E006508,item_handoff,P00601,P00892,LOC0148,2026-08-08 11:52:00,0.78
E006509,vehicle_use,P00295,P00435,LOC0025,2026-03-09 15:01:00,0.8
E006510,transfer,P00703,P00030,LOC0167,2026-08-01 00:22:00,0.88
E006511,vehicle_use,P00632,P00703,LOC0013,2026-07-18 02:12:00,0.79
E006512,item_handoff,P00317,P00829,LOC0054,2026-08-20 01:07:00,0.85
E006513,vehicle_use,P00469,P00247,LOC0031,2026-05-03 06:10:00,0.91
E006514,meeting,P00967,P00245,LOC0150,2026-01-06 23:39:00,0.81
E006515,communication,P00273,P00320,LOC0140,2026-04-04 16:38:00,0.83
E006516,meeting,P00206,P00253,LOC0151,2026-05-30 10:14:00,0.96
E006517,movement,P00909,P00148,LOC0013,2026-04-12 21:28:00,0.91
E006518,item_handoff,P00955,P00209,LOC0076,2026-05-20 19:41:00,0.82
E006519,account_access,P00952,P00457,LOC0111,2026-07-09 02:07:00,0.65
E006520,movement,P00332,P00232,LOC0102,2026-02-14 05:08:00,0.81
E006521,transfer,P00557,P00336,LOC0013,2026-04-12 04:51:00,0.73
E006522,movement,P00909,P00036,LOC0150,2026-03-08 19:41:00,0.79
E006523,vehicle_use,P00352,P00917,LOC0038,2026-04-08 01:13:00,0.77
E006524,observation,P00116,P00714,LOC0052,2026-03-18 09:37:00,0.9
E006525,transfer,P00805,P00326,LOC0051,2026-01-12 15:35:00,0.87
E006526,movement,P00448,P00084,LOC0178,2026-06-27 04:23:00,0.82
E006527,observation,P00718,P00668,LOC0036,2026-07-01 02:12:00,0.69
E006528,vehicle_use,P00751,P00866,LOC0073,2026-02-19 12:17:00,0.65
E006529,transfer,P00324,P00968,LOC0008,2026-03-10 07:51:00,0.84
E006530,meeting,P00600,P00687,LOC0096,2026-03-10 07:30:00,0.74
E006531,communication,P00292,P00692,LOC0097,2026-06-08 19:08:00,0.9
E006532,vehicle_use,P00006,P00863,LOC0177,2026-06-12 10:32:00,0.98
E006533,movement,P00924,P00230,LOC0057,2026-07-13 13:18:00,0.72
E006534,item_handoff,P00850,P00364,LOC0052,2026-01-12 20:19:00,0.96
E006535,vehicle_use,P00212,P00595,LOC0096,2026-06-15 19:21:00,0.82
E006536,item_handoff,P00112,P00004,LOC0118,2026-05-26 21:57:00,0.87
E006537,item_handoff,P00471,P00959,LOC0080,2026-08-24 12:36:00,0.83
E006538,item_handoff,P00337,P00277,LOC0042,2026-01-07 07:22:00,0.77
E006539,transfer,P00430,P00626,LOC0092,2026-07-18 00:04:00,0.69
E006540,observation,P00049,P00106,LOC0133,2026-03-03 02:33:00,0.71
E006541,vehicle_use,P00476,P00375,LOC0149,2026-07-20 07:31:00,0.88
E006542,transfer,P00367,P00258,LOC0159,2026-04-03 15:02:00,0.72
E006543,account_access,P00912,P00671,LOC0022,2026-03-28 09:52:00,0.73
E006544,communication,P00570,P00728,LOC0108,2026-02-13 19:30:00,0.65
E006545,vehicle_use,P00351,P00595,LOC0073,2026-06-22 08:49:00,0.82
E006546,meeting,P00531,P00317,LOC0065,2026-03-11 00:35:00,0.93
E006547,communication,P00082,P00654,LOC0056,2026-03-20 12:15:00,0.77
E006548,transfer,P00973,P00074,LOC0044,2026-03-12 18:14:00,0.63
E006549,communication,P00940,P00535,LOC0169,2026-07-18 15:58:00,0.88
E006550,item_handoff,P00835,P00313,LOC0058,2026-03-05 16:35:00,0.7
E006551,communication,P00221,P00515,LOC0138,2026-08-20 20:38:00,0.64
E006552,observation,P00619,P00601,LOC0054,2026-08-24 08:43:00,0.76
E006553,meeting,P00385,P00235,LOC0057,2026-08-28 13:38:00,0.66
E006554,account_access,P00222,P00849,LOC0147,2026-02-10 23:10:00,0.93
E006555,observation,P00236,P00705,LOC0146,2026-08-28 09:41:00,0.66
E006556,communication,P00736,P00107,LOC0132,2026-03-07 18:49:00,0.75
E006557,observation,P00053,P00016,LOC0136,2026-01-28 00:52:00,0.8
E006558,vehicle_use,P00981,P00041,LOC0154,2026-08-24 20:10:00,0.99
E006559,communication,P00353,P00031,LOC0027,2026-06-01 17:53:00,0.62
E006560,communication,P00028,P00629,LOC0177,2026-01-16 08:43:00,0.74
E006561,account_access,P00261,P00660,LOC0049,2026-06-20 16:14:00,0.69
E006562,communication,P00625,P00975,LOC0110,2026-02-11 05:36:00,0.71
E006563,vehicle_use,P00224,P00479,LOC0122,2026-01-15 01:47:00,0.66
E006564,meeting,P00648,P00038,LOC0060,2026-02-15 18:29:00,0.85
E006565,vehicle_use,P00704,P00376,LOC0028,2026-07-05 14:32:00,0.82
E006566,transfer,P00237,P00910,LOC0169,2026-05-29 14:23:00,0.75
E006567,communication,P00783,P00742,LOC0163,2026-01-16 07:31:00,0.91
E006568,communication,P00719,P00257,LOC0038,2026-05-16 09:38:00,0.7
E006569,meeting,P00986,P00584,LOC0035,2026-01-16 13:49:00,0.7
E006570,movement,P00960,P00487,LOC0135,2026-07-19 09:12:00,0.84
E006571,vehicle_use,P00129,P00055,LOC0046,2026-07-08 17:12:00,0.96
E006572,communication,P00744,P00508,LOC0104,2026-01-29 22:14:00,0.66
E006573,vehicle_use,P00724,P00170,LOC0051,2026-03-24 13:18:00,0.66
E006574,vehicle_use,P00099,P00591,LOC0142,2026-01-20 11:04:00,0.66
E006575,communication,P00854,P00083,LOC0004,2026-04-07 04:00:00,0.99
E006576,transfer,P00810,P00114,LOC0104,2026-04-14 05:26:00,0.81
E006577,movement,P00968,P00058,LOC0111,2026-03-05 12:57:00,0.84
E006578,movement,P00892,P00865,LOC0082,2026-08-26 12:19:00,0.76
E006579,item_handoff,P00882,P00150,LOC0131,2026-04-28 14:16:00,0.96
E006580,observation,P00390,P00223,LOC0129,2026-08-29 03:29:00,0.67
E006581,item_handoff,P00082,P00535,LOC0026,2026-04-29 00:09:00,0.94
E006582,movement,P00820,P00993,LOC0119,2026-08-04 17:10:00,0.98
E006583,meeting,P00656,P00276,LOC0064,2026-03-21 20:48:00,0.78
E006584,observation,P00507,P00753,LOC0163,2026-05-11 21:16:00,0.83
E006585,movement,P00784,P00836,LOC0024,2026-02-28 19:14:00,0.69
E006586,vehicle_use,P00453,P00006,LOC0044,2026-03-04 11:15:00,0.7
E006587,account_access,P00971,P00274,LOC0086,2026-04-11 22:31:00,0.91
E006588,account_access,P00021,P00168,LOC0089,2026-03-02 08:43:00,0.67
E006589,vehicle_use,P00115,P00670,LOC0156,2026-02-20 16:49:00,0.79
E006590,transfer,P00440,P00502,LOC0100,2026-07-22 03:46:00,0.86
E006591,item_handoff,P00108,P00195,LOC0112,2026-03-07 16:32:00,0.95
E006592,account_access,P00197,P00290,LOC0073,2026-01-13 06:18:00,0.6
E006593,transfer,P00912,P00963,LOC0029,2026-05-23 07:13:00,0.75
E006594,item_handoff,P00829,P00660,LOC0086,2026-08-13 08:02:00,0.73
E006595,meeting,P00191,P00235,LOC0146,2026-07-15 01:12:00,0.65
E006596,movement,P00429,P00966,LOC0027,2026-05-21 14:05:00,0.96
E006597,transfer,P00350,P00934,LOC0089,2026-08-26 20:28:00,0.87
E006598,meeting,P00244,P00767,LOC0059,2026-08-29 06:35:00,0.75
E006599,movement,P00446,P00858,LOC0007,2026-07-12 06:53:00,0.88
E006600,movement,P00336,P00392,LOC0051,2026-01-08 00:56:00,0.92
E006601,meeting,P00024,P00736,LOC0089,2026-03-14 01:45:00,0.7
E006602,transfer,P00188,P00588,LOC0010,2026-09-01 00:21:00,0.84
E006603,transfer,P00875,P00009,LOC0078,2026-05-21 17:11:00,0.74
E006604,vehicle_use,P00023,P00710,LOC0172,2026-01-18 07:28:00,0.65
E006605,observation,P00715,P00063,LOC0024,2026-08-02 09:16:00,0.85
E006606,movement,P00419,P00004,LOC0179,2026-03-01 04:51:00,0.72
E006607,observation,P00342,P00576,LOC0036,2026-05-02 21:55:00,0.88
E006608,movement,P00999,P00470,LOC0124,2026-01-02 04:46:00,0.83
E006609,movement,P00408,P00426,LOC0153,2026-03-12 01:31:00,0.62
E006610,account_access,P00838,P00992,LOC0084,2026-03-16 22:22:00,0.76
E006611,observation,P00203,P00150,LOC0046,2026-03-08 20:14:00,0.97
E006612,communication,P00081,P00447,LOC0085,2026-06-03 14:07:00,0.61
E006613,movement,P00351,P00335,LOC0052,2026-01-07 23:31:00,0.71
E006614,communication,P00439,P00950,LOC0032,2026-05-21 05:55:00,0.99
E006615,movement,P00298,P00104,LOC0075,2026-03-02 23:44:00,0.95
E006616,movement,P00958,P00715,LOC0036,2026-08-20 09:50:00,0.69
E006617,meeting,P00255,P00490,LOC0130,2026-06-18 21:07:00,0.93
E006618,meeting,P00182,P00786,LOC0075,2026-06-21 12:50:00,0.76
E006619,communication,P00986,P00727,LOC0008,2026-01-01 16:59:00,0.76
E006620,movement,P00952,P00423,LOC0034,2026-06-07 22:30:00,0.62
E006621,meeting,P00885,P00654,LOC0163,2026-04-22 22:05:00,0.62
E006622,vehicle_use,P00149,P00359,LOC0134,2026-08-31 06:59:00,0.73
E006623,observation,P00374,P00708,LOC0041,2026-04-10 00:55:00,0.84
E006624,item_handoff,P00978,P00938,LOC0067,2026-05-28 19:29:00,0.9
E006625,movement,P00744,P00261,LOC0041,2026-06-24 00:19:00,0.66
E006626,communication,P00541,P00949,LOC0121,2026-08-21 20:24:00,0.64
E006627,movement,P00491,P00899,LOC0092,2026-06-22 11:43:00,0.65
E006628,observation,P00386,P00603,LOC0008,2026-01-08 05:44:00,0.97
E006629,observation,P00481,P00721,LOC0143,2026-01-31 15:44:00,0.96
E006630,transfer,P00693,P00049,LOC0151,2026-08-24 01:35:00,0.77
E006631,meeting,P00246,P00011,LOC0044,2026-06-14 18:45:00,0.68
E006632,meeting,P00935,P00088,LOC0056,2026-03-31 08:31:00,0.91
E006633,vehicle_use,P00196,P00563,LOC0019,2026-04-22 09:37:00,0.78
E006634,vehicle_use,P00915,P00004,LOC0051,2026-03-31 16:39:00,0.76
E006635,communication,P00960,P00265,LOC0099,2026-08-28 16:00:00,0.62
E006636,movement,P00912,P00646,LOC0108,2026-04-16 08:13:00,0.73
E006637,observation,P00305,P00034,LOC0011,2026-02-07 14:35:00,0.63
E006638,transfer,P00762,P00119,LOC0165,2026-04-17 17:12:00,0.98
E006639,vehicle_use,P00290,P00183,LOC0115,2026-08-20 15:10:00,0.78
E006640,transfer,P00291,P00827,LOC0113,2026-04-25 20:08:00,0.85
E006641,movement,P00043,P00882,LOC0053,2026-05-01 18:37:00,0.92
E006642,transfer,P00926,P00003,LOC0164,2026-04-29 04:52:00,0.88
E006643,item_handoff,P00018,P00495,LOC0087,2026-06-30 12:43:00,0.65
E006644,movement,P00790,P00154,LOC0056,2026-05-21 20:09:00,0.79
E006645,meeting,P00975,P00592,LOC0121,2026-08-01 14:27:00,0.72
E006646,vehicle_use,P00462,P00558,LOC0090,2026-01-17 22:21:00,0.87
E006647,account_access,P00404,P00276,LOC0048,2026-04-06 10:00:00,0.75
E006648,meeting,P00355,P00677,LOC0160,2026-02-21 19:17:00,0.67
E006649,movement,P00340,P00739,LOC0070,2026-05-28 02:52:00,0.71
E006650,observation,P00337,P00491,LOC0119,2026-05-05 22:21:00,0.97
E006651,item_handoff,P00542,P00348,LOC0106,2026-02-26 07:36:00,0.92
E006652,transfer,P00868,P00830,LOC0025,2026-08-17 20:32:00,0.76
E006653,item_handoff,P00490,P00066,LOC0041,2026-05-16 21:29:00,0.6
E006654,communication,P00245,P00869,LOC0025,2026-05-05 23:08:00,0.9
E006655,vehicle_use,P00563,P00602,LOC0101,2026-07-26 02:54:00,0.71
E006656,movement,P00647,P00242,LOC0163,2026-07-04 04:22:00,0.85
E006657,movement,P00336,P00406,LOC0145,2026-04-04 19:33:00,0.99
E006658,item_handoff,P00579,P00618,LOC0172,2026-06-04 15:22:00,0.94
E006659,observation,P00143,P00490,LOC0030,2026-08-21 19:51:00,0.88
E006660,movement,P00404,P00043,LOC0162,2026-02-06 10:34:00,0.67
E006661,observation,P00311,P00875,LOC0007,2026-03-22 21:18:00,0.75
E006662,communication,P00200,P00257,LOC0111,2026-06-21 20:11:00,0.94
E006663,vehicle_use,P00461,P00285,LOC0011,2026-07-09 07:48:00,0.91
E006664,communication,P00056,P00224,LOC0005,2026-01-17 06:16:00,0.85
E006665,transfer,P00974,P00722,LOC0028,2026-06-20 07:49:00,0.61
E006666,meeting,P00136,P00721,LOC0132,2026-02-27 23:03:00,0.98
E006667,movement,P00874,P00364,LOC0092,2026-06-15 00:25:00,0.77
E006668,transfer,P00738,P00928,LOC0154,2026-04-10 02:43:00,0.7
E006669,movement,P00620,P00437,LOC0036,2026-06-18 09:07:00,0.96
E006670,transfer,P00303,P00233,LOC0062,2026-07-14 10:16:00,0.82
E006671,transfer,P00100,P00816,LOC0080,2026-04-29 00:53:00,0.72
E006672,transfer,P00745,P00647,LOC0094,2026-07-02 03:26:00,0.64
E006673,meeting,P00098,P00931,LOC0035,2026-05-10 03:01:00,0.8
E006674,communication,P00814,P00760,LOC0127,2026-01-12 23:39:00,0.93
E006675,item_handoff,P00473,P00142,LOC0175,2026-03-17 18:32:00,0.85
E006676,item_handoff,P00553,P00729,LOC0049,2026-04-10 00:25:00,0.68
E006677,observation,P00010,P00036,LOC0142,2026-01-30 07:43:00,0.66
E006678,meeting,P00349,P00243,LOC0090,2026-06-27 09:58:00,0.68
E006679,observation,P00702,P00104,LOC0043,2026-06-25 16:40:00,0.93
E006680,movement,P00105,P00617,LOC0128,2026-03-27 10:36:00,0.81
E006681,observation,P00404,P00650,LOC0145,2026-07-05 17:40:00,0.83
E006682,observation,P00919,P00828,LOC0052,2026-03-03 16:10:00,0.88
E006683,account_access,P00797,P00041,LOC0110,2026-02-18 00:25:00,0.61
E006684,item_handoff,P00025,P00850,LOC0028,2026-05-24 01:48:00,0.95
E006685,vehicle_use,P00185,P00812,LOC0044,2026-04-25 22:04:00,0.93
E006686,meeting,P00915,P00352,LOC0148,2026-02-07 14:21:00,0.79
E006687,movement,P00246,P00031,LOC0005,2026-05-08 18:58:00,0.78
E006688,observation,P00478,P00624,LOC0058,2026-06-16 03:41:00,0.85
E006689,account_access,P00214,P00780,LOC0065,2026-04-11 23:52:00,0.84
E006690,meeting,P00702,P00280,LOC0148,2026-07-14 15:37:00,0.72
E006691,vehicle_use,P00727,P00799,LOC0057,2026-04-21 14:23:00,0.68
E006692,movement,P00900,P00162,LOC0142,2026-03-29 05:43:00,0.75
E006693,observation,P00835,P00877,LOC0150,2026-03-12 10:08:00,0.79
E006694,item_handoff,P00354,P00621,LOC0061,2026-07-11 12:19:00,0.75
E006695,vehicle_use,P00704,P00445,LOC0029,2026-08-05 19:53:00,0.83
E006696,transfer,P00173,P00697,LOC0058,2026-02-14 22:54:00,0.88
E006697,observation,P00929,P00214,LOC0037,2026-02-14 20:18:00,0.89
E006698,transfer,P00088,P00362,LOC0166,2026-07-16 07:28:00,0.95
E006699,item_handoff,P00329,P00994,LOC0007,2026-02-05 23:49:00,0.84
E006700,vehicle_use,P00985,P00851,LOC0151,2026-07-15 02:47:00,0.74
E006701,vehicle_use,P00360,P00067,LOC0160,2026-03-04 09:07:00,0.82
E006702,communication,P00674,P00756,LOC0135,2026-04-01 03:48:00,0.86
E006703,item_handoff,P00779,P00180,LOC0016,2026-06-24 19:06:00,0.65
E006704,vehicle_use,P00517,P00786,LOC0126,2026-08-14 04:40:00,0.72
E006705,transfer,P00942,P00536,LOC0155,2026-04-29 04:27:00,0.61
E006706,transfer,P00066,P00049,LOC0148,2026-06-12 18:16:00,0.76
E006707,vehicle_use,P00750,P00703,LOC0067,2026-02-28 23:46:00,0.63
E006708,vehicle_use,P00828,P00180,LOC0088,2026-01-02 07:37:00,0.79
E006709,item_handoff,P00315,P00733,LOC0077,2026-07-02 22:07:00,0.93
E006710,movement,P00224,P00795,LOC0164,2026-02-11 07:15:00,0.73
E006711,transfer,P00454,P00051,LOC0025,2026-04-13 16:21:00,0.97
E006712,meeting,P00356,P00062,LOC0173,2026-07-18 23:45:00,0.85
E006713,transfer,P00723,P00566,LOC0148,2026-06-20 01:34:00,0.97
E006714,item_handoff,P00014,P00081,LOC0166,2026-02-13 02:24:00,0.68
E006715,item_handoff,P00933,P00152,LOC0090,2026-02-11 15:12:00,0.74
E006716,communication,P00968,P00995,LOC0054,2026-01-08 02:32:00,0.79
E006717,movement,P00251,P00235,LOC0026,2026-07-25 17:19:00,0.62
E006718,vehicle_use,P00426,P00776,LOC0148,2026-01-04 08:03:00,0.62
E006719,communication,P00248,P00978,LOC0100,2026-04-26 06:41:00,0.85
E006720,vehicle_use,P00585,P00240,LOC0125,2026-05-17 06:10:00,0.75
E006721,item_handoff,P00057,P00102,LOC0138,2026-02-07 12:32:00,0.98
E006722,communication,P00792,P00201,LOC0036,2026-08-29 22:37:00,0.66
E006723,transfer,P00415,P00960,LOC0119,2026-08-04 19:36:00,0.71
E006724,transfer,P00412,P00570,LOC0099,2026-03-15 00:24:00,0.8
E006725,observation,P00803,P00688,LOC0075,2026-03-13 22:15:00,0.73
E006726,meeting,P00979,P00034,LOC0029,2026-03-05 13:10:00,0.67
E006727,account_access,P00170,P00625,LOC0043,2026-02-04 21:24:00,0.71
E006728,meeting,P00642,P00406,LOC0072,2026-05-31 02:53:00,0.71
E006729,transfer,P00498,P00607,LOC0176,2026-02-23 12:55:00,0.81
E006730,observation,P00041,P00105,LOC0095,2026-04-19 14:41:00,0.86
E006731,account_access,P00379,P00111,LOC0123,2026-04-16 08:33:00,0.97
E006732,communication,P00417,P00633,LOC0141,2026-06-12 01:30:00,0.64
E006733,observation,P00143,P00207,LOC0174,2026-06-12 07:26:00,0.78
E006734,meeting,P00292,P00276,LOC0093,2026-05-08 21:47:00,0.92
E006735,meeting,P00313,P00932,LOC0148,2026-06-20 18:27:00,0.63
E006736,movement,P00022,P00214,LOC0166,2026-06-18 05:07:00,0.66
E006737,meeting,P00218,P00878,LOC0077,2026-06-27 23:39:00,0.82
E006738,communication,P00568,P00741,LOC0012,2026-02-02 00:52:00,0.7
E006739,account_access,P00038,P00898,LOC0080,2026-04-19 23:08:00,0.86
E006740,transfer,P00527,P00966,LOC0011,2026-03-04 00:21:00,0.68
E006741,item_handoff,P00080,P00855,LOC0056,2026-02-21 10:56:00,0.92
E006742,vehicle_use,P00939,P00755,LOC0026,2026-02-20 19:56:00,0.84
E006743,vehicle_use,P00349,P00304,LOC0158,2026-08-12 04:07:00,0.83
E006744,account_access,P00885,P00293,LOC0072,2026-04-02 12:51:00,0.98
E006745,transfer,P00640,P00606,LOC0106,2026-05-04 17:58:00,0.85
E006746,movement,P00310,P00958,LOC0038,2026-03-04 07:46:00,0.89
E006747,observation,P00531,P00701,LOC0065,2026-04-05 07:02:00,0.99
E006748,account_access,P00644,P00726,LOC0109,2026-01-30 06:42:00,0.97
E006749,transfer,P00226,P00881,LOC0085,2026-03-14 11:13:00,0.79
E006750,transfer,P00445,P00719,LOC0058,2026-06-21 14:56:00,0.95
E006751,communication,P00583,P00780,LOC0012,2026-08-18 21:57:00,0.63
E006752,meeting,P00681,P00751,LOC0124,2026-02-01 06:51:00,0.91
E006753,item_handoff,P00566,P00479,LOC0127,2026-02-05 12:10:00,0.76
E006754,transfer,P00649,P00695,LOC0067,2026-03-16 07:32:00,0.72
E006755,observation,P00800,P00687,LOC0015,2026-01-19 23:36:00,0.63
E006756,account_access,P00213,P00480,LOC0091,2026-07-14 04:15:00,0.77
E006757,account_access,P00602,P00922,LOC0062,2026-05-13 17:17:00,0.98
E006758,observation,P00993,P00544,LOC0068,2026-02-15 20:37:00,0.71
E006759,vehicle_use,P00599,P00419,LOC0026,2026-03-20 17:32:00,0.68
E006760,meeting,P00746,P00152,LOC0142,2026-06-07 22:28:00,0.85
E006761,movement,P00911,P00769,LOC0055,2026-06-21 14:19:00,0.85
E006762,meeting,P00765,P00647,LOC0082,2026-07-07 21:40:00,0.86
E006763,vehicle_use,P00038,P00448,LOC0050,2026-01-01 23:15:00,0.65
E006764,communication,P00890,P00708,LOC0122,2026-03-08 13:18:00,0.91
E006765,account_access,P00878,P00635,LOC0012,2026-06-24 05:49:00,0.64
E006766,item_handoff,P00464,P00177,LOC0039,2026-03-06 04:24:00,0.83
E006767,vehicle_use,P00269,P00647,LOC0018,2026-03-20 07:16:00,0.95
E006768,transfer,P00526,P00792,LOC0171,2026-04-01 18:36:00,0.61
E006769,item_handoff,P00858,P00071,LOC0015,2026-06-04 23:12:00,0.63
E006770,vehicle_use,P00266,P00832,LOC0096,2026-04-05 15:20:00,0.79
E006771,communication,P00348,P00538,LOC0050,2026-06-10 23:14:00,0.95
E006772,communication,P00549,P00882,LOC0020,2026-03-16 06:20:00,0.96
E006773,movement,P00563,P00482,LOC0164,2026-01-19 19:12:00,0.75
E006774,item_handoff,P00314,P00530,LOC0108,2026-03-20 16:13:00,0.82
E006775,meeting,P00280,P00758,LOC0081,2026-03-21 03:17:00,0.87
E006776,meeting,P00220,P00580,LOC0053,2026-08-24 15:58:00,0.74
E006777,transfer,P00148,P00238,LOC0008,2026-06-28 08:10:00,0.67
E006778,observation,P00939,P00435,LOC0006,2026-03-23 03:03:00,0.72
E006779,item_handoff,P00379,P00195,LOC0014,2026-03-02 10:31:00,0.67
E006780,movement,P00396,P00316,LOC0106,2026-03-14 21:15:00,0.72
E006781,transfer,P00352,P00887,LOC0142,2026-07-31 10:07:00,0.67
E006782,transfer,P00649,P00989,LOC0060,2026-08-05 16:20:00,0.83
E006783,account_access,P00636,P00056,LOC0032,2026-05-31 03:28:00,0.74
E006784,account_access,P00580,P00143,LOC0084,2026-08-27 11:43:00,0.95
E006785,vehicle_use,P00102,P00847,LOC0023,2026-04-06 17:35:00,0.71
E006786,communication,P00807,P00208,LOC0046,2026-01-04 09:56:00,0.97
E006787,observation,P00475,P00458,LOC0107,2026-05-01 22:55:00,0.94
E006788,observation,P00458,P00295,LOC0177,2026-04-03 12:06:00,0.81
E006789,communication,P00993,P00196,LOC0055,2026-01-23 16:34:00,0.88
E006790,account_access,P00809,P00434,LOC0025,2026-02-24 15:02:00,0.81
E006791,vehicle_use,P00568,P00111,LOC0002,2026-03-14 09:32:00,0.91
E006792,transfer,P00606,P00712,LOC0058,2026-06-09 09:47:00,0.74
E006793,observation,P00877,P00251,LOC0086,2026-05-13 18:34:00,0.99
E006794,meeting,P00119,P00531,LOC0021,2026-06-01 06:28:00,0.96
E006795,movement,P00285,P00695,LOC0031,2026-02-03 12:57:00,0.94
E006796,movement,P00678,P00760,LOC0116,2026-03-05 15:38:00,0.77
E006797,observation,P00161,P00727,LOC0054,2026-03-04 01:17:00,0.99
E006798,item_handoff,P00656,P00613,LOC0079,2026-03-17 07:41:00,0.89
E006799,transfer,P00968,P00725,LOC0081,2026-02-22 07:02:00,0.61
E006800,observation,P00033,P00294,LOC0085,2026-04-14 09:37:00,0.6
E006801,account_access,P00725,P00659,LOC0165,2026-02-14 05:39:00,0.73
E006802,movement,P00808,P00621,LOC0111,2026-04-06 16:52:00,0.97
E006803,meeting,P00172,P00379,LOC0038,2026-08-21 05:39:00,0.63
E006804,item_handoff,P00345,P00503,LOC0156,2026-05-27 15:34:00,0.8
E006805,vehicle_use,P00086,P00645,LOC0024,2026-04-17 07:59:00,0.8
E006806,vehicle_use,P00172,P00169,LOC0124,2026-03-12 04:14:00,0.81
E006807,vehicle_use,P00764,P00166,LOC0167,2026-04-27 14:31:00,0.86
E006808,account_access,P00744,P00166,LOC0148,2026-02-08 12:47:00,0.71
E006809,vehicle_use,P00315,P00930,LOC0067,2026-02-24 22:56:00,0.85
E006810,movement,P00146,P00616,LOC0056,2026-01-17 12:34:00,0.63
E006811,item_handoff,P00548,P00796,LOC0057,2026-01-27 20:16:00,0.78
E006812,movement,P00303,P00311,LOC0142,2026-04-06 09:29:00,0.66
E006813,meeting,P00876,P00860,LOC0005,2026-03-18 00:34:00,0.77
E006814,item_handoff,P00757,P00753,LOC0145,2026-03-16 06:23:00,0.87
E006815,vehicle_use,P00762,P00215,LOC0163,2026-01-18 00:27:00,0.72
E006816,account_access,P00321,P00360,LOC0037,2026-02-17 05:40:00,0.71
E006817,movement,P00360,P00704,LOC0077,2026-05-12 13:02:00,0.98
E006818,item_handoff,P00924,P00990,LOC0136,2026-04-28 07:04:00,0.62
E006819,item_handoff,P00337,P00219,LOC0167,2026-05-18 01:38:00,0.69
E006820,communication,P00428,P00394,LOC0035,2026-06-07 09:22:00,0.66
E006821,meeting,P00450,P00122,LOC0134,2026-01-06 13:17:00,0.84
E006822,item_handoff,P00890,P00767,LOC0115,2026-02-06 20:43:00,0.94
E006823,observation,P00222,P00135,LOC0065,2026-07-09 09:10:00,0.88
E006824,meeting,P00990,P00965,LOC0024,2026-02-12 07:48:00,0.91
E006825,vehicle_use,P00972,P00524,LOC0152,2026-02-23 22:36:00,0.6
E006826,item_handoff,P00718,P00718,LOC0062,2026-03-16 02:28:00,0.89
E006827,transfer,P00161,P00604,LOC0024,2026-05-16 16:12:00,0.92
E006828,item_handoff,P00084,P00373,LOC0053,2026-05-07 10:52:00,0.79
E006829,item_handoff,P00213,P00329,LOC0145,2026-07-22 08:32:00,0.83
E006830,vehicle_use,P00486,P00171,LOC0125,2026-03-23 07:08:00,0.93
E006831,item_handoff,P00249,P00437,LOC0143,2026-02-25 17:35:00,0.67
E006832,vehicle_use,P00364,P00006,LOC0114,2026-08-02 12:16:00,0.74
E006833,movement,P00570,P00222,LOC0061,2026-03-24 16:34:00,0.96
E006834,meeting,P00906,P00397,LOC0022,2026-06-05 08:29:00,0.7
E006835,movement,P00732,P00343,LOC0005,2026-05-17 17:20:00,0.85
E006836,communication,P00259,P00992,LOC0056,2026-02-15 07:27:00,0.91
E006837,movement,P00239,P00962,LOC0083,2026-01-12 17:31:00,0.95
E006838,account_access,P00375,P00450,LOC0111,2026-03-12 13:25:00,0.73
E006839,account_access,P00357,P00030,LOC0027,2026-01-01 13:13:00,0.86
E006840,communication,P00164,P00870,LOC0134,2026-03-24 07:31:00,0.86
E006841,vehicle_use,P00544,P00493,LOC0042,2026-05-07 03:05:00,0.85
E006842,transfer,P00529,P00838,LOC0019,2026-03-16 20:15:00,0.72
E006843,item_handoff,P00429,P00502,LOC0025,2026-02-19 04:38:00,0.9
E006844,observation,P00716,P00282,LOC0158,2026-01-03 17:04:00,0.78
E006845,observation,P00724,P00684,LOC0163,2026-03-09 05:21:00,0.87
E006846,observation,P00739,P00113,LOC0033,2026-08-28 01:30:00,0.95
E006847,item_handoff,P00503,P00568,LOC0153,2026-07-20 19:54:00,0.64
E006848,vehicle_use,P00831,P00671,LOC0051,2026-08-15 21:17:00,0.72
E006849,item_handoff,P00880,P00069,LOC0054,2026-02-17 06:56:00,0.61
E006850,meeting,P00116,P00603,LOC0160,2026-06-12 17:12:00,0.68
E006851,meeting,P00553,P00827,LOC0008,2026-02-03 19:31:00,0.72
E006852,item_handoff,P00016,P00670,LOC0045,2026-07-08 05:35:00,0.82
E006853,account_access,P00046,P00832,LOC0099,2026-01-28 15:21:00,0.61
E006854,item_handoff,P00951,P00773,LOC0079,2026-08-15 22:54:00,0.67
E006855,communication,P00327,P00835,LOC0010,2026-05-16 08:24:00,0.93
E006856,account_access,P00352,P00857,LOC0041,2026-03-25 07:49:00,0.67
E006857,movement,P00496,P00116,LOC0061,2026-08-22 17:21:00,0.77
E006858,observation,P00044,P00163,LOC0060,2026-04-18 09:34:00,0.6
E006859,observation,P00667,P00842,LOC0174,2026-07-10 21:06:00,0.92
E006860,transfer,P00243,P00613,LOC0107,2026-08-06 19:48:00,0.62
E006861,transfer,P00932,P00939,LOC0037,2026-05-01 20:25:00,0.91
E006862,movement,P00192,P00395,LOC0033,2026-06-03 10:28:00,0.77
E006863,observation,P00034,P00828,LOC0112,2026-05-16 04:59:00,0.91
E006864,vehicle_use,P00750,P00441,LOC0003,2026-03-21 23:11:00,0.83
E006865,item_handoff,P00484,P00603,LOC0173,2026-07-13 10:22:00,0.65
E006866,account_access,P00404,P00954,LOC0073,2026-03-09 17:41:00,0.63
E006867,transfer,P00703,P00731,LOC0032,2026-05-13 06:26:00,0.65
E006868,movement,P00857,P00229,LOC0048,2026-07-13 14:30:00,0.98
E006869,item_handoff,P00269,P00659,LOC0027,2026-01-13 00:09:00,0.86
E006870,communication,P00330,P00144,LOC0163,2026-01-15 09:52:00,0.92
E006871,meeting,P00634,P00331,LOC0052,2026-05-06 02:26:00,0.92
E006872,observation,P00740,P00219,LOC0028,2026-05-01 18:42:00,0.88
E006873,meeting,P00679,P00771,LOC0090,2026-06-26 22:33:00,0.74
E006874,transfer,P00495,P00254,LOC0092,2026-03-27 07:43:00,0.93
E006875,observation,P00103,P00707,LOC0161,2026-01-26 09:56:00,0.65
E006876,meeting,P00012,P00786,LOC0027,2026-05-25 05:53:00,0.98
E006877,account_access,P00185,P00889,LOC0023,2026-02-23 20:44:00,0.6
E006878,meeting,P00208,P00362,LOC0114,2026-08-27 08:37:00,0.88
E006879,communication,P00547,P00911,LOC0142,2026-08-07 11:02:00,0.95
E006880,communication,P00513,P00041,LOC0101,2026-05-02 17:29:00,0.86
E006881,account_access,P00834,P00552,LOC0043,2026-01-29 12:17:00,0.98
E006882,communication,P00587,P00112,LOC0002,2026-02-07 04:27:00,0.7
E006883,item_handoff,P00945,P00478,LOC0157,2026-08-20 15:22:00,0.66
E006884,account_access,P00501,P00474,LOC0159,2026-04-30 07:01:00,0.9
E006885,account_access,P00715,P00292,LOC0035,2026-06-21 14:16:00,0.93
E006886,meeting,P00877,P00875,LOC0145,2026-01-10 17:39:00,0.81
E006887,transfer,P00190,P00096,LOC0018,2026-06-22 23:11:00,0.77
E006888,communication,P00855,P00093,LOC0073,2026-03-26 07:15:00,0.82
E006889,communication,P00622,P00475,LOC0059,2026-07-18 13:30:00,0.96
E006890,transfer,P00043,P00014,LOC0062,2026-06-18 08:01:00,0.87
E006891,account_access,P00944,P00327,LOC0100,2026-04-29 04:49:00,0.91
E006892,account_access,P00913,P00474,LOC0108,2026-03-06 11:10:00,0.65
E006893,account_access,P00095,P00344,LOC0022,2026-06-27 23:05:00,0.62
E006894,meeting,P00845,P00357,LOC0046,2026-07-12 18:45:00,0.63
E006895,item_handoff,P00414,P00336,LOC0117,2026-08-27 17:32:00,0.69
E006896,observation,P00694,P00997,LOC0072,2026-06-28 12:18:00,0.86
E006897,meeting,P00632,P00891,LOC0162,2026-03-30 12:04:00,0.75
E006898,item_handoff,P00123,P00613,LOC0094,2026-04-10 16:52:00,0.85
E006899,transfer,P00956,P00348,LOC0047,2026-07-29 14:10:00,0.67
E006900,observation,P00279,P00696,LOC0036,2026-01-04 18:31:00,0.66
E006901,movement,P00313,P00954,LOC0081,2026-02-08 17:09:00,0.85
E006902,meeting,P00814,P00572,LOC0178,2026-07-08 18:22:00,0.81
E006903,movement,P00194,P00306,LOC0003,2026-01-14 00:49:00,0.62
E006904,vehicle_use,P00855,P00987,LOC0014,2026-05-10 13:06:00,0.66
E006905,account_access,P00558,P00518,LOC0117,2026-06-25 01:17:00,0.94
E006906,observation,P00434,P00507,LOC0060,2026-08-13 23:06:00,0.7
E006907,item_handoff,P00964,P00559,LOC0079,2026-02-07 13:25:00,0.85
E006908,transfer,P00392,P00371,LOC0110,2026-02-26 02:58:00,0.95
E006909,item_handoff,P00020,P00012,LOC0162,2026-08-19 06:16:00,0.92
E006910,meeting,P00599,P00061,LOC0142,2026-01-26 09:19:00,0.66
E006911,observation,P00750,P00590,LOC0007,2026-07-05 20:17:00,0.89
E006912,vehicle_use,P00336,P00456,LOC0112,2026-01-12 03:01:00,0.63
E006913,observation,P00607,P00819,LOC0151,2026-05-16 11:28:00,0.95
E006914,communication,P00639,P00817,LOC0104,2026-03-21 00:01:00,0.77
E006915,vehicle_use,P00495,P00893,LOC0051,2026-03-06 20:12:00,0.78
E006916,transfer,P00752,P00132,LOC0160,2026-02-01 08:49:00,0.77
E006917,item_handoff,P00205,P00458,LOC0119,2026-05-01 23:21:00,0.77
E006918,transfer,P00879,P00151,LOC0088,2026-07-23 14:17:00,0.95
E006919,observation,P00653,P00535,LOC0161,2026-08-27 15:09:00,0.82
E006920,transfer,P00911,P00672,LOC0121,2026-01-23 08:45:00,0.83
E006921,communication,P00075,P00128,LOC0148,2026-06-15 19:50:00,0.68
E006922,meeting,P00162,P00344,LOC0101,2026-07-02 04:13:00,0.82
E006923,movement,P00555,P00187,LOC0112,2026-04-29 08:36:00,0.73
E006924,movement,P00521,P00448,LOC0115,2026-04-27 04:39:00,0.94
E006925,vehicle_use,P00235,P00490,LOC0073,2026-07-27 13:26:00,0.84
E006926,meeting,P00750,P00891,LOC0119,2026-03-12 10:05:00,0.99
E006927,transfer,P00977,P00375,LOC0073,2026-06-11 21:01:00,0.61
E006928,observation,P00119,P00581,LOC0008,2026-04-10 01:18:00,0.75
E006929,item_handoff,P00246,P00140,LOC0078,2026-04-25 19:44:00,0.69
E006930,item_handoff,P00439,P00020,LOC0076,2026-03-13 09:41:00,0.6
E006931,item_handoff,P00434,P00184,LOC0072,2026-05-18 02:27:00,0.63
E006932,item_handoff,P00679,P00340,LOC0110,2026-01-24 17:11:00,0.71
E006933,vehicle_use,P00261,P00535,LOC0114,2026-08-08 18:09:00,0.71
E006934,transfer,P00935,P00394,LOC0072,2026-03-05 15:04:00,0.86
E006935,account_access,P00268,P00687,LOC0105,2026-05-12 19:13:00,0.73
E006936,item_handoff,P00418,P00163,LOC0004,2026-03-23 07:12:00,0.76
E006937,communication,P00647,P00992,LOC0125,2026-04-18 07:34:00,0.66
E006938,transfer,P00053,P00243,LOC0051,2026-05-21 13:53:00,0.76
E006939,account_access,P00928,P00914,LOC0047,2026-02-08 00:20:00,0.81
E006940,account_access,P00824,P00302,LOC0164,2026-03-11 06:25:00,0.61
E006941,observation,P00983,P00350,LOC0054,2026-04-17 19:04:00,0.73
E006942,communication,P00493,P00022,LOC0032,2026-01-03 01:51:00,0.76
E006943,transfer,P00105,P00199,LOC0088,2026-01-04 04:04:00,0.75
E006944,item_handoff,P00566,P00711,LOC0116,2026-07-04 21:29:00,0.98
E006945,communication,P00212,P00007,LOC0057,2026-07-27 09:46:00,0.99
E006946,movement,P00101,P00233,LOC0111,2026-04-13 23:51:00,0.74
E006947,communication,P00591,P00329,LOC0142,2026-02-11 15:00:00,0.89
E006948,meeting,P00473,P00834,LOC0091,2026-06-22 18:58:00,0.95
E006949,account_access,P00272,P00988,LOC0028,2026-08-07 19:42:00,0.78
E006950,item_handoff,P00828,P00805,LOC0055,2026-05-20 19:52:00,0.78
E006951,vehicle_use,P00495,P00168,LOC0144,2026-03-29 21:36:00,0.94
E006952,item_handoff,P00522,P00678,LOC0071,2026-08-15 09:38:00,0.75
E006953,observation,P00072,P00734,LOC0139,2026-04-03 14:24:00,0.94
E006954,vehicle_use,P00109,P00863,LOC0015,2026-06-15 07:15:00,0.64
E006955,movement,P00949,P00916,LOC0057,2026-07-25 08:58:00,0.98
E006956,item_handoff,P00218,P00294,LOC0156,2026-03-20 02:21:00,0.73
E006957,observation,P00136,P00646,LOC0085,2026-05-15 13:06:00,0.7
E006958,transfer,P00905,P00072,LOC0102,2026-08-25 14:59:00,0.79
E006959,vehicle_use,P00023,P00645,LOC0026,2026-01-26 19:56:00,0.96
E006960,vehicle_use,P00773,P00144,LOC0043,2026-02-17 16:26:00,0.89
E006961,transfer,P00348,P00063,LOC0063,2026-07-10 11:04:00,0.92
E006962,vehicle_use,P00666,P00530,LOC0042,2026-08-26 00:36:00,0.96
E006963,observation,P00493,P00499,LOC0090,2026-03-07 09:06:00,0.94
E006964,item_handoff,P00656,P00263,LOC0166,2026-08-24 09:44:00,0.62
E006965,communication,P00266,P00114,LOC0056,2026-04-30 10:28:00,0.61
E006966,transfer,P00092,P00985,LOC0006,2026-04-17 05:34:00,0.9
E006967,communication,P00643,P00790,LOC0128,2026-04-20 09:41:00,0.84
E006968,communication,P00224,P00687,LOC0051,2026-05-19 13:50:00,0.83
E006969,transfer,P00903,P00997,LOC0045,2026-07-24 02:04:00,0.89
E006970,transfer,P00760,P00620,LOC0126,2026-01-08 17:57:00,0.82
E006971,vehicle_use,P00152,P00010,LOC0108,2026-01-08 03:27:00,0.66
E006972,observation,P00086,P00692,LOC0103,2026-02-12 12:38:00,0.79
E006973,observation,P00476,P00324,LOC0114,2026-02-15 23:34:00,0.92
E006974,movement,P00456,P00602,LOC0075,2026-08-25 05:07:00,0.93
E006975,communication,P00057,P00241,LOC0074,2026-08-15 14:27:00,0.71
E006976,item_handoff,P00811,P00235,LOC0075,2026-07-27 01:49:00,0.68
E006977,movement,P00816,P00767,LOC0023,2026-07-23 23:18:00,0.89
E006978,communication,P00815,P00601,LOC0122,2026-01-20 20:06:00,0.82
E006979,communication,P00255,P00752,LOC0022,2026-08-16 07:26:00,0.79
E006980,vehicle_use,P00781,P00522,LOC0031,2026-02-15 05:09:00,0.64
E006981,item_handoff,P00085,P00354,LOC0087,2026-08-18 10:17:00,0.94
E006982,movement,P00628,P00364,LOC0107,2026-07-30 02:37:00,0.95
E006983,movement,P00357,P00225,LOC0120,2026-05-30 12:56:00,0.76
E006984,vehicle_use,P00342,P00946,LOC0148,2026-06-25 02:37:00,0.69
E006985,item_handoff,P00365,P00777,LOC0104,2026-08-10 05:49:00,0.86
E006986,communication,P00498,P00304,LOC0028,2026-03-19 17:02:00,0.78
E006987,observation,P00463,P00935,LOC0043,2026-08-01 23:57:00,0.85
E006988,transfer,P00099,P00631,LOC0103,2026-07-19 04:37:00,0.94
E006989,movement,P00652,P00325,LOC0079,2026-04-17 01:02:00,0.79
E006990,vehicle_use,P00163,P00937,LOC0115,2026-04-03 10:08:00,0.62
E006991,observation,P00834,P00434,LOC0054,2026-03-09 14:27:00,0.77
E006992,meeting,P00971,P00143,LOC0071,2026-06-29 10:25:00,0.75
E006993,meeting,P00198,P00713,LOC0145,2026-03-31 22:05:00,0.71
E006994,vehicle_use,P00728,P00854,LOC0157,2026-01-10 08:37:00,0.91
E006995,transfer,P00296,P00293,LOC0099,2026-01-30 03:31:00,0.69
E006996,movement,P00042,P00271,LOC0108,2026-05-30 01:23:00,0.77
E006997,communication,P00521,P00721,LOC0177,2026-02-04 01:32:00,0.72
E006998,transfer,P00959,P00570,LOC0168,2026-07-27 14:00:00,0.7
E006999,communication,P00788,P00517,LOC0039,2026-07-03 15:19:00,0.84
E007000,transfer,P00567,P00645,LOC0034,2026-04-03 04:56:00,0.69
E007001,meeting,P00755,P00820,LOC0114,2026-01-15 08:26:00,0.93
E007002,transfer,P00680,P00923,LOC0127,2026-02-17 20:10:00,0.8
E007003,transfer,P00141,P00137,LOC0163,2026-04-09 12:09:00,0.8
E007004,transfer,P00144,P00232,LOC0022,2026-04-29 10:29:00,0.97
E007005,movement,P00831,P00998,LOC0129,2026-05-26 07:39:00,0.96
E007006,item_handoff,P00018,P00450,LOC0127,2026-03-04 06:21:00,0.95
E007007,account_access,P00778,P00934,LOC0163,2026-07-18 17:05:00,0.62
E007008,account_access,P00388,P00385,LOC0141,2026-04-15 05:13:00,0.68
E007009,account_access,P00709,P00724,LOC0161,2026-06-14 21:41:00,0.62
E007010,movement,P00916,P00269,LOC0008,2026-04-03 01:35:00,0.87
E007011,observation,P00150,P00165,LOC0113,2026-06-25 09:36:00,0.77
E007012,movement,P00486,P00881,LOC0054,2026-04-16 12:30:00,0.62
E007013,transfer,P00423,P00277,LOC0146,2026-07-21 00:01:00,0.98
E007014,item_handoff,P00664,P00378,LOC0168,2026-07-03 02:40:00,0.92
E007015,vehicle_use,P00563,P00185,LOC0087,2026-01-07 22:43:00,0.84
E007016,meeting,P00694,P00760,LOC0101,2026-08-10 16:02:00,0.96
E007017,transfer,P00510,P00622,LOC0152,2026-05-07 02:29:00,0.69
E007018,observation,P00652,P00109,LOC0142,2026-02-10 00:37:00,0.69
E007019,transfer,P00303,P00422,LOC0004,2026-05-02 02:24:00,0.65
E007020,transfer,P00477,P00585,LOC0069,2026-06-30 19:59:00,0.91
E007021,movement,P00522,P00476,LOC0043,2026-01-29 06:58:00,0.86
E007022,vehicle_use,P00238,P00972,LOC0091,2026-03-05 13:23:00,0.97
E007023,communication,P00576,P00674,LOC0144,2026-08-28 17:23:00,0.78
E007024,movement,P00652,P00458,LOC0070,2026-07-19 23:45:00,0.85
E007025,item_handoff,P00291,P00329,LOC0178,2026-08-26 04:36:00,0.9
E007026,item_handoff,P00793,P00875,LOC0011,2026-08-10 19:18:00,0.93
E007027,account_access,P00192,P00013,LOC0175,2026-08-12 09:11:00,0.74
E007028,movement,P00633,P00549,LOC0034,2026-01-03 13:50:00,0.68
E007029,movement,P00655,P00430,LOC0130,2026-03-25 04:46:00,0.79
E007030,transfer,P00602,P00689,LOC0167,2026-04-30 06:50:00,0.88
E007031,communication,P00324,P00688,LOC0115,2026-02-27 02:47:00,0.71
E007032,observation,P00244,P00121,LOC0083,2026-07-24 01:17:00,0.74
E007033,transfer,P00412,P00391,LOC0032,2026-03-08 15:47:00,0.6
E007034,meeting,P00205,P00305,LOC0118,2026-03-23 05:15:00,0.67
E007035,meeting,P00558,P00298,LOC0147,2026-02-27 05:56:00,0.89
E007036,item_handoff,P00941,P00020,LOC0036,2026-04-19 02:21:00,0.76
E007037,item_handoff,P00027,P00377,LOC0040,2026-05-21 00:00:00,0.63
E007038,vehicle_use,P00429,P00714,LOC0163,2026-06-10 15:24:00,0.98
E007039,movement,P00446,P00998,LOC0087,2026-07-19 11:34:00,0.95
E007040,meeting,P00532,P00110,LOC0030,2026-04-25 00:30:00,0.95
E007041,observation,P00680,P00866,LOC0084,2026-05-10 02:59:00,0.91
E007042,account_access,P00770,P00978,LOC0069,2026-03-12 23:09:00,0.9
E007043,observation,P00485,P00412,LOC0152,2026-08-12 15:39:00,0.88
E007044,observation,P00320,P00920,LOC0022,2026-04-02 13:28:00,0.86
E007045,item_handoff,P00761,P00539,LOC0176,2026-08-04 00:30:00,0.64
E007046,observation,P00793,P00179,LOC0026,2026-07-12 15:19:00,0.61
E007047,vehicle_use,P00318,P00824,LOC0035,2026-04-28 18:05:00,0.78
E007048,movement,P00225,P00854,LOC0056,2026-06-04 16:41:00,0.66
E007049,vehicle_use,P00501,P00248,LOC0002,2026-05-22 09:20:00,0.6
E007050,item_handoff,P00535,P00302,LOC0128,2026-08-16 21:24:00,0.6
E007051,vehicle_use,P00576,P00689,LOC0094,2026-02-10 02:36:00,0.71
E007052,movement,P00906,P00049,LOC0029,2026-06-29 09:17:00,0.95
E007053,movement,P00944,P00395,LOC0015,2026-07-30 05:19:00,0.79
E007054,account_access,P00239,P00627,LOC0177,2026-06-10 05:39:00,0.69
E007055,movement,P00730,P00452,LOC0065,2026-02-17 01:00:00,0.72
E007056,item_handoff,P00061,P00375,LOC0001,2026-03-04 19:50:00,0.94
E007057,account_access,P00429,P00858,LOC0173,2026-06-12 03:20:00,0.75
E007058,meeting,P00679,P00477,LOC0130,2026-08-22 11:35:00,0.66
E007059,observation,P00043,P00627,LOC0096,2026-02-13 20:05:00,0.8
E007060,transfer,P00547,P00221,LOC0165,2026-03-21 00:18:00,0.68
E007061,movement,P00858,P00326,LOC0175,2026-01-29 21:19:00,0.97
E007062,observation,P00048,P00490,LOC0041,2026-08-28 21:58:00,0.7
E007063,meeting,P00734,P00474,LOC0125,2026-04-26 16:56:00,0.79
E007064,movement,P00326,P00263,LOC0089,2026-04-18 12:25:00,0.62
E007065,observation,P00268,P00522,LOC0122,2026-03-14 00:15:00,0.71
E007066,item_handoff,P00604,P00434,LOC0135,2026-04-03 10:03:00,0.74
E007067,communication,P00097,P00476,LOC0104,2026-01-19 03:44:00,0.94
E007068,movement,P00554,P00956,LOC0007,2026-01-27 21:07:00,0.75
E007069,account_access,P00293,P00123,LOC0165,2026-02-02 17:03:00,0.97
E007070,vehicle_use,P00319,P00142,LOC0180,2026-06-01 11:14:00,0.65
E007071,item_handoff,P00404,P00683,LOC0163,2026-01-05 21:31:00,0.8
E007072,account_access,P00842,P00571,LOC0170,2026-02-01 09:18:00,0.89
E007073,meeting,P00350,P00482,LOC0054,2026-07-19 08:51:00,0.92
E007074,account_access,P00652,P00595,LOC0088,2026-06-16 13:19:00,0.68
E007075,meeting,P00009,P00828,LOC0035,2026-07-12 09:22:00,0.78
E007076,item_handoff,P00253,P00732,LOC0007,2026-01-07 10:45:00,0.83
E007077,communication,P00036,P00886,LOC0012,2026-08-15 12:33:00,0.79
E007078,meeting,P00682,P00393,LOC0148,2026-03-11 14:14:00,0.72
E007079,transfer,P00469,P00439,LOC0084,2026-05-27 23:19:00,0.79
E007080,communication,P00099,P00778,LOC0081,2026-08-13 10:49:00,0.95
E007081,communication,P01000,P00046,LOC0162,2026-02-14 02:17:00,0.77
E007082,observation,P00944,P00099,LOC0087,2026-03-01 10:00:00,0.65
E007083,account_access,P00363,P00697,LOC0036,2026-05-19 02:44:00,0.62
E007084,transfer,P00460,P00582,LOC0130,2026-04-02 01:17:00,0.94
E007085,transfer,P00504,P00702,LOC0163,2026-06-13 04:15:00,0.89
E007086,account_access,P00001,P00611,LOC0092,2026-06-30 23:49:00,0.72
E007087,observation,P00199,P00593,LOC0163,2026-03-09 19:06:00,0.63
E007088,communication,P00992,P00375,LOC0002,2026-06-08 22:57:00,0.94
E007089,vehicle_use,P00654,P00375,LOC0143,2026-08-23 20:55:00,0.63
E007090,account_access,P00042,P00627,LOC0025,2026-05-31 05:09:00,0.97
E007091,item_handoff,P00752,P00647,LOC0117,2026-01-30 17:27:00,0.9
E007092,communication,P00002,P00135,LOC0085,2026-05-31 00:44:00,0.9
E007093,account_access,P00401,P00599,LOC0113,2026-06-21 07:16:00,0.93
E007094,communication,P00708,P00567,LOC0003,2026-02-27 16:18:00,0.61
E007095,meeting,P00766,P00455,LOC0067,2026-07-01 03:41:00,0.76
E007096,item_handoff,P00011,P00120,LOC0003,2026-05-18 12:30:00,0.98
E007097,movement,P00619,P00170,LOC0100,2026-06-06 03:25:00,0.9
E007098,meeting,P00303,P00014,LOC0080,2026-08-22 03:02:00,0.63
E007099,meeting,P00407,P00854,LOC0002,2026-03-28 23:02:00,0.7
E007100,vehicle_use,P00781,P00744,LOC0043,2026-06-14 07:45:00,0.61
E007101,item_handoff,P00500,P00192,LOC0046,2026-02-04 18:03:00,0.75
E007102,item_handoff,P00512,P00007,LOC0068,2026-04-20 01:10:00,0.92
E007103,observation,P00802,P00364,LOC0171,2026-02-22 10:57:00,0.74
E007104,meeting,P00319,P00397,LOC0117,2026-03-27 04:06:00,0.95
E007105,account_access,P00207,P00549,LOC0030,2026-05-23 23:50:00,0.88
E007106,communication,P00066,P00160,LOC0025,2026-02-23 17:56:00,0.75
E007107,item_handoff,P00974,P00327,LOC0121,2026-08-21 19:08:00,0.97
E007108,account_access,P00945,P00644,LOC0113,2026-06-11 22:15:00,0.68
E007109,item_handoff,P00320,P00619,LOC0005,2026-03-06 08:44:00,0.94
E007110,meeting,P00751,P00600,LOC0171,2026-04-04 10:40:00,0.75
E007111,account_access,P00659,P00556,LOC0081,2026-07-05 16:15:00,0.99
E007112,observation,P00114,P00254,LOC0145,2026-04-01 22:31:00,0.88
E007113,meeting,P00488,P00640,LOC0036,2026-05-12 00:03:00,0.67
E007114,transfer,P00275,P00716,LOC0180,2026-02-22 10:09:00,0.66
E007115,communication,P00590,P00126,LOC0123,2026-05-20 06:03:00,0.82
E007116,movement,P00538,P00744,LOC0133,2026-02-01 23:31:00,0.97
E007117,transfer,P00319,P00089,LOC0043,2026-06-14 00:07:00,0.91
E007118,item_handoff,P00172,P00957,LOC0175,2026-06-25 03:08:00,0.86
E007119,transfer,P00860,P00358,LOC0069,2026-05-27 19:37:00,0.77
E007120,account_access,P00432,P00311,LOC0134,2026-04-23 12:31:00,0.73
E007121,item_handoff,P00608,P00593,LOC0123,2026-05-01 10:19:00,0.81
E007122,account_access,P00338,P00880,LOC0095,2026-02-15 10:29:00,0.92
E007123,item_handoff,P00340,P00802,LOC0062,2026-03-13 05:20:00,0.98
E007124,vehicle_use,P00195,P00762,LOC0143,2026-05-20 07:37:00,0.71
E007125,communication,P00166,P00925,LOC0119,2026-08-08 21:16:00,0.72
E007126,movement,P00378,P00994,LOC0084,2026-08-26 09:42:00,0.96
E007127,account_access,P00941,P00221,LOC0119,2026-02-24 11:46:00,0.89
E007128,item_handoff,P00695,P00284,LOC0077,2026-05-25 23:58:00,0.9
E007129,account_access,P00538,P00930,LOC0171,2026-01-01 12:41:00,0.99
E007130,movement,P00942,P00550,LOC0045,2026-07-22 20:16:00,0.92
E007131,movement,P00991,P00514,LOC0116,2026-03-15 10:55:00,0.93
E007132,transfer,P00221,P00896,LOC0167,2026-02-20 06:00:00,0.73
E007133,vehicle_use,P00039,P00054,LOC0093,2026-03-05 19:33:00,0.86
E007134,observation,P00826,P00517,LOC0054,2026-01-22 07:34:00,0.8
E007135,communication,P00929,P00507,LOC0066,2026-04-14 16:30:00,0.73
E007136,item_handoff,P00441,P00388,LOC0180,2026-03-04 03:39:00,0.75
E007137,item_handoff,P00581,P00574,LOC0012,2026-01-16 06:24:00,0.92
E007138,account_access,P00564,P00548,LOC0033,2026-05-13 08:46:00,0.64
E007139,communication,P00032,P00918,LOC0131,2026-05-31 17:40:00,0.79
E007140,meeting,P00998,P00316,LOC0106,2026-06-28 11:50:00,0.68
E007141,transfer,P00785,P00821,LOC0147,2026-08-04 17:07:00,0.68
E007142,transfer,P00649,P00397,LOC0061,2026-08-17 22:35:00,0.76
E007143,meeting,P00629,P00809,LOC0152,2026-01-13 22:49:00,0.86
E007144,transfer,P00876,P00690,LOC0077,2026-05-09 20:48:00,0.82
E007145,transfer,P00031,P00154,LOC0161,2026-04-07 06:29:00,0.89
E007146,vehicle_use,P00535,P00112,LOC0092,2026-04-12 16:01:00,0.7
E007147,meeting,P00850,P00832,LOC0064,2026-08-01 13:07:00,0.75
E007148,meeting,P00187,P00245,LOC0002,2026-06-03 01:45:00,0.75
E007149,communication,P00086,P00842,LOC0039,2026-02-10 14:05:00,0.69
E007150,movement,P00147,P00722,LOC0026,2026-07-03 00:26:00,0.77
E007151,communication,P00803,P00229,LOC0031,2026-07-04 03:21:00,0.66
E007152,meeting,P00057,P00298,LOC0096,2026-01-23 02:30:00,0.74
E007153,observation,P00180,P00996,LOC0157,2026-03-16 11:38:00,0.72
E007154,meeting,P00527,P00308,LOC0027,2026-05-25 21:26:00,0.93
E007155,account_access,P00512,P00750,LOC0055,2026-01-18 13:52:00,0.85
E007156,communication,P00669,P00916,LOC0158,2026-05-02 05:59:00,0.77
E007157,account_access,P00728,P00237,LOC0050,2026-07-13 02:03:00,0.72
E007158,movement,P00465,P00186,LOC0105,2026-06-29 12:15:00,0.76
E007159,transfer,P00844,P00607,LOC0030,2026-07-03 06:59:00,0.64
E007160,movement,P00497,P00602,LOC0125,2026-01-20 19:29:00,0.95
E007161,transfer,P00466,P00451,LOC0123,2026-01-03 11:13:00,0.89
E007162,observation,P00586,P00827,LOC0052,2026-07-29 21:00:00,0.72
E007163,communication,P00994,P00776,LOC0052,2026-07-28 03:48:00,0.95
E007164,observation,P00682,P00853,LOC0167,2026-04-04 07:55:00,0.74
E007165,transfer,P00421,P00956,LOC0056,2026-04-03 19:33:00,0.94
E007166,meeting,P00371,P00639,LOC0065,2026-02-27 17:12:00,0.96
E007167,communication,P00769,P00513,LOC0065,2026-03-17 11:48:00,0.93
E007168,account_access,P00025,P00969,LOC0164,2026-08-31 04:46:00,0.8
E007169,observation,P00679,P00519,LOC0090,2026-03-22 15:17:00,0.89
E007170,meeting,P00454,P00846,LOC0162,2026-03-13 23:45:00,0.75
E007171,observation,P00316,P00433,LOC0030,2026-03-29 11:17:00,0.98
E007172,observation,P00628,P00817,LOC0087,2026-03-23 08:21:00,0.76
E007173,meeting,P00154,P00930,LOC0010,2026-03-02 02:29:00,0.87
E007174,observation,P00267,P00571,LOC0137,2026-03-18 23:44:00,0.78
E007175,movement,P00275,P00350,LOC0117,2026-08-03 02:42:00,0.82
E007176,movement,P00479,P00656,LOC0088,2026-07-26 06:56:00,0.68
E007177,meeting,P00277,P00762,LOC0039,2026-04-29 18:33:00,0.64
E007178,vehicle_use,P00408,P00317,LOC0054,2026-06-03 13:19:00,0.98
E007179,observation,P00457,P00016,LOC0177,2026-06-13 17:52:00,0.78
E007180,meeting,P00872,P00468,LOC0164,2026-01-24 03:34:00,0.87
E007181,movement,P00103,P00483,LOC0041,2026-05-15 05:53:00,0.68
E007182,movement,P00974,P00537,LOC0091,2026-01-11 06:36:00,0.74
E007183,vehicle_use,P00036,P00457,LOC0024,2026-07-18 02:31:00,0.68
E007184,meeting,P00726,P00447,LOC0063,2026-03-15 02:12:00,0.77
E007185,vehicle_use,P00984,P00429,LOC0098,2026-03-05 13:36:00,0.73
E007186,transfer,P00190,P00376,LOC0172,2026-07-24 21:14:00,0.78
E007187,movement,P00011,P00035,LOC0129,2026-02-22 22:15:00,0.95
E007188,communication,P00458,P00381,LOC0132,2026-06-20 17:42:00,0.93
E007189,meeting,P00240,P00836,LOC0108,2026-03-09 20:06:00,0.89
E007190,item_handoff,P00125,P00449,LOC0126,2026-07-20 11:22:00,0.74
E007191,account_access,P00671,P00956,LOC0090,2026-06-29 05:32:00,0.73
E007192,transfer,P00521,P00049,LOC0019,2026-08-12 04:48:00,0.74
E007193,vehicle_use,P00770,P00201,LOC0122,2026-03-15 04:01:00,0.76
E007194,observation,P00791,P00546,LOC0084,2026-02-13 17:34:00,0.97
E007195,meeting,P00786,P00448,LOC0095,2026-06-04 06:18:00,0.73
E007196,vehicle_use,P00959,P00685,LOC0053,2026-05-14 22:07:00,0.7
E007197,meeting,P00316,P00874,LOC0163,2026-07-07 04:30:00,0.69
E007198,item_handoff,P00591,P00884,LOC0018,2026-08-04 17:34:00,0.89
E007199,vehicle_use,P00431,P00239,LOC0058,2026-05-03 18:26:00,0.8
E007200,meeting,P00779,P00959,LOC0030,2026-03-28 07:59:00,0.88
E007201,meeting,P00773,P00910,LOC0052,2026-02-03 23:55:00,0.98
E007202,item_handoff,P00079,P00002,LOC0046,2026-03-12 05:21:00,0.78
E007203,item_handoff,P00059,P00693,LOC0174,2026-04-19 14:22:00,0.68
E007204,transfer,P00074,P00002,LOC0168,2026-06-23 17:08:00,0.91
E007205,meeting,P00202,P00450,LOC0133,2026-04-17 06:44:00,0.72
E007206,account_access,P00870,P00856,LOC0107,2026-06-30 21:25:00,0.66
E007207,transfer,P00998,P00808,LOC0036,2026-04-24 21:44:00,0.72
E007208,vehicle_use,P00214,P00395,LOC0149,2026-03-04 17:35:00,0.98
E007209,account_access,P00398,P00136,LOC0150,2026-02-25 06:53:00,0.68
E007210,meeting,P00763,P00258,LOC0102,2026-06-30 12:08:00,0.91
E007211,meeting,P00812,P00194,LOC0050,2026-03-26 09:19:00,0.6
E007212,vehicle_use,P00453,P00667,LOC0157,2026-02-28 09:10:00,0.69
E007213,movement,P00033,P00194,LOC0091,2026-03-30 13:47:00,0.63
E007214,communication,P00582,P00244,LOC0023,2026-01-16 08:53:00,0.88
E007215,vehicle_use,P00319,P00679,LOC0015,2026-06-16 18:33:00,0.96
E007216,observation,P00251,P00566,LOC0077,2026-01-19 03:34:00,0.83
E007217,observation,P00362,P00144,LOC0138,2026-07-12 23:20:00,0.64
E007218,transfer,P00279,P00202,LOC0099,2026-04-25 20:51:00,0.82
E007219,meeting,P00327,P00594,LOC0112,2026-06-30 04:03:00,0.65
E007220,observation,P00696,P00126,LOC0167,2026-03-17 22:20:00,0.98
E007221,transfer,P00974,P00483,LOC0032,2026-01-26 11:47:00,0.65
E007222,observation,P00359,P00937,LOC0121,2026-08-08 11:51:00,0.67
E007223,transfer,P00045,P00392,LOC0118,2026-01-06 02:52:00,0.92
E007224,account_access,P00076,P00469,LOC0004,2026-01-24 20:44:00,0.94
E007225,movement,P00447,P00842,LOC0059,2026-05-31 11:02:00,0.73
E007226,item_handoff,P00291,P00636,LOC0053,2026-03-31 21:21:00,0.81
E007227,vehicle_use,P00670,P00060,LOC0170,2026-08-11 07:06:00,0.92
E007228,meeting,P00644,P00619,LOC0045,2026-07-15 18:06:00,0.76
E007229,vehicle_use,P00292,P00266,LOC0091,2026-06-13 15:16:00,0.8
E007230,meeting,P00182,P00357,LOC0154,2026-04-19 22:15:00,0.99
E007231,communication,P00467,P00480,LOC0089,2026-02-23 15:59:00,0.74
E007232,item_handoff,P00538,P00854,LOC0031,2026-07-29 16:50:00,0.95
E007233,account_access,P00329,P00999,LOC0062,2026-02-18 07:01:00,0.63
E007234,movement,P00205,P00547,LOC0168,2026-06-13 23:38:00,0.62
E007235,vehicle_use,P00309,P00009,LOC0001,2026-06-15 06:23:00,0.89
E007236,observation,P00904,P00495,LOC0003,2026-03-02 21:22:00,0.7
E007237,communication,P00628,P00781,LOC0049,2026-08-03 00:01:00,0.63
E007238,communication,P00555,P00613,LOC0028,2026-08-15 11:08:00,0.97
E007239,communication,P00066,P00972,LOC0114,2026-05-06 12:48:00,0.63
E007240,vehicle_use,P00731,P00909,LOC0156,2026-02-23 17:20:00,0.74
E007241,transfer,P00831,P00636,LOC0163,2026-06-04 10:52:00,0.95
E007242,account_access,P00016,P00582,LOC0167,2026-08-25 21:23:00,0.81
E007243,meeting,P00889,P00785,LOC0170,2026-05-03 03:45:00,0.91
E007244,meeting,P00702,P00454,LOC0063,2026-06-07 16:43:00,0.83
E007245,vehicle_use,P00788,P00882,LOC0057,2026-01-03 18:12:00,0.89
E007246,transfer,P00494,P00484,LOC0172,2026-03-26 23:39:00,0.97
E007247,account_access,P00288,P00780,LOC0052,2026-07-05 04:27:00,0.9
E007248,item_handoff,P00782,P00260,LOC0081,2026-05-27 23:26:00,0.8
E007249,account_access,P00635,P00701,LOC0124,2026-01-15 13:23:00,0.89
E007250,communication,P00646,P00152,LOC0109,2026-07-05 00:11:00,0.92
E007251,communication,P00319,P00803,LOC0094,2026-07-30 06:17:00,0.68
E007252,item_handoff,P00117,P00477,LOC0055,2026-06-15 16:12:00,0.69
E007253,item_handoff,P00097,P00659,LOC0015,2026-05-22 23:23:00,0.88
E007254,meeting,P00265,P00103,LOC0043,2026-05-03 22:15:00,0.97
E007255,observation,P00633,P00936,LOC0153,2026-07-05 20:42:00,0.66
E007256,communication,P00762,P00703,LOC0036,2026-08-15 09:24:00,0.8
E007257,communication,P00977,P00089,LOC0157,2026-03-30 03:31:00,0.92
E007258,observation,P00031,P00812,LOC0090,2026-01-21 00:55:00,0.92
E007259,transfer,P00036,P00469,LOC0128,2026-04-22 15:55:00,0.86
E007260,meeting,P00538,P00116,LOC0054,2026-06-15 22:27:00,0.73
E007261,account_access,P00871,P00757,LOC0004,2026-04-14 03:44:00,0.66
E007262,communication,P00821,P00091,LOC0105,2026-07-24 02:50:00,0.93
E007263,movement,P00030,P00660,LOC0075,2026-03-30 23:23:00,0.84
E007264,transfer,P00410,P00898,LOC0026,2026-04-29 15:11:00,0.73
E007265,account_access,P00075,P00779,LOC0087,2026-07-07 06:12:00,0.71
E007266,observation,P00397,P00827,LOC0151,2026-02-04 03:37:00,0.62
E007267,movement,P00307,P00986,LOC0137,2026-04-18 03:36:00,0.65
E007268,communication,P00748,P00699,LOC0075,2026-02-20 08:36:00,0.99
E007269,observation,P00685,P00031,LOC0072,2026-07-26 13:30:00,0.87
E007270,item_handoff,P00690,P00456,LOC0142,2026-08-14 17:15:00,0.93
E007271,meeting,P00968,P00466,LOC0118,2026-05-21 22:36:00,0.75
E007272,item_handoff,P00537,P00227,LOC0137,2026-07-13 15:48:00,0.61
E007273,observation,P00709,P00590,LOC0153,2026-02-10 02:57:00,0.69
E007274,transfer,P00572,P00549,LOC0009,2026-04-26 17:48:00,0.75
E007275,communication,P00563,P00536,LOC0025,2026-06-11 08:05:00,0.89
E007276,movement,P00012,P00724,LOC0004,2026-08-17 06:32:00,0.79
E007277,meeting,P00720,P00600,LOC0006,2026-04-20 12:28:00,0.91
E007278,communication,P00401,P00041,LOC0069,2026-07-11 09:26:00,0.6
E007279,communication,P00633,P00821,LOC0120,2026-06-08 15:01:00,0.94
E007280,account_access,P00684,P00592,LOC0028,2026-03-15 00:12:00,0.97
E007281,account_access,P00942,P00529,LOC0020,2026-04-29 00:38:00,0.61
E007282,observation,P00654,P00863,LOC0155,2026-05-31 05:22:00,0.88
E007283,vehicle_use,P00600,P00969,LOC0008,2026-02-06 07:43:00,0.79
E007284,meeting,P00581,P00869,LOC0165,2026-03-18 02:25:00,0.79
E007285,meeting,P00645,P00869,LOC0087,2026-03-26 10:10:00,0.94
E007286,movement,P00486,P00288,LOC0045,2026-04-30 00:10:00,0.96
E007287,movement,P00358,P00267,LOC0041,2026-03-05 18:25:00,0.85
E007288,item_handoff,P00309,P00930,LOC0051,2026-02-27 17:09:00,0.86
E007289,communication,P00931,P00376,LOC0068,2026-01-18 09:24:00,0.88
E007290,communication,P00816,P00521,LOC0069,2026-07-22 04:54:00,0.74
E007291,movement,P00194,P00213,LOC0136,2026-05-29 17:38:00,0.93
E007292,meeting,P00615,P00968,LOC0023,2026-06-25 01:37:00,0.86
E007293,vehicle_use,P00754,P00442,LOC0031,2026-03-10 05:28:00,0.63
E007294,item_handoff,P00688,P00214,LOC0109,2026-06-22 00:16:00,0.85
E007295,vehicle_use,P00271,P00870,LOC0086,2026-03-08 00:42:00,0.86
E007296,item_handoff,P00809,P00723,LOC0022,2026-02-18 11:49:00,0.68
E007297,meeting,P00725,P00429,LOC0040,2026-03-09 23:23:00,0.79
E007298,account_access,P00074,P00580,LOC0095,2026-02-19 00:09:00,0.96
E007299,meeting,P00240,P00700,LOC0057,2026-07-13 23:23:00,0.86
E007300,communication,P00999,P00189,LOC0058,2026-04-28 06:47:00,0.7
E007301,transfer,P00905,P00770,LOC0056,2026-04-10 14:35:00,0.62
E007302,vehicle_use,P00708,P00583,LOC0006,2026-02-16 10:26:00,0.74
E007303,meeting,P00079,P00588,LOC0103,2026-04-17 23:12:00,0.7
E007304,meeting,P00358,P00658,LOC0128,2026-05-15 03:50:00,0.93
E007305,observation,P00544,P00286,LOC0152,2026-01-07 06:39:00,0.72
E007306,communication,P00069,P00362,LOC0176,2026-07-29 04:54:00,0.9
E007307,account_access,P00877,P00275,LOC0114,2026-03-02 10:10:00,0.68
E007308,observation,P00632,P00296,LOC0022,2026-08-10 05:05:00,0.71
E007309,meeting,P00394,P00982,LOC0152,2026-03-19 04:57:00,0.68
E007310,observation,P00372,P00600,LOC0139,2026-01-07 00:22:00,0.81
E007311,observation,P00436,P00212,LOC0108,2026-01-17 17:02:00,0.92
E007312,meeting,P00144,P00802,LOC0033,2026-01-28 15:58:00,0.63
E007313,item_handoff,P00444,P00299,LOC0146,2026-06-26 17:00:00,0.88
E007314,vehicle_use,P00848,P00477,LOC0014,2026-08-01 12:08:00,0.82
E007315,item_handoff,P00484,P00259,LOC0007,2026-08-23 18:02:00,0.64
E007316,communication,P00356,P00240,LOC0088,2026-01-10 12:32:00,0.81
E007317,movement,P00853,P00856,LOC0136,2026-05-28 01:52:00,0.65
E007318,vehicle_use,P00557,P00712,LOC0077,2026-07-29 18:03:00,0.69
E007319,transfer,P00502,P00535,LOC0050,2026-05-21 14:18:00,0.9
E007320,vehicle_use,P00369,P00322,LOC0054,2026-06-03 20:18:00,0.87
E007321,vehicle_use,P00368,P00251,LOC0028,2026-03-11 10:46:00,0.98
E007322,observation,P00071,P00636,LOC0017,2026-02-01 13:26:00,0.66
E007323,item_handoff,P00191,P00175,LOC0060,2026-06-17 18:06:00,0.63
E007324,transfer,P00094,P00903,LOC0134,2026-07-28 03:41:00,0.64
E007325,vehicle_use,P00117,P00730,LOC0175,2026-04-05 23:54:00,0.63
E007326,observation,P00186,P00318,LOC0164,2026-05-14 05:58:00,0.84
E007327,communication,P00341,P00047,LOC0070,2026-02-25 17:01:00,0.66
E007328,communication,P00758,P00568,LOC0021,2026-05-18 13:38:00,0.73
E007329,movement,P00237,P00815,LOC0084,2026-06-15 23:03:00,0.96
E007330,transfer,P00646,P00649,LOC0002,2026-06-01 02:13:00,0.68
E007331,item_handoff,P00172,P00525,LOC0063,2026-01-25 11:16:00,0.96
E007332,account_access,P00146,P00060,LOC0021,2026-01-21 13:21:00,0.8
E007333,account_access,P00382,P00423,LOC0083,2026-03-19 15:31:00,0.62
E007334,movement,P00923,P00337,LOC0104,2026-03-12 01:13:00,0.83
E007335,observation,P00600,P00337,LOC0122,2026-04-08 12:07:00,0.98
E007336,observation,P00539,P00974,LOC0170,2026-06-29 21:12:00,0.79
E007337,observation,P00606,P00266,LOC0125,2026-08-21 22:42:00,0.77
E007338,vehicle_use,P00046,P00360,LOC0042,2026-03-09 10:07:00,0.64
E007339,communication,P00773,P00453,LOC0104,2026-01-08 21:41:00,0.66
E007340,vehicle_use,P00719,P00713,LOC0163,2026-08-13 03:57:00,0.89
E007341,meeting,P00886,P00504,LOC0017,2026-07-20 13:35:00,0.67
E007342,account_access,P00063,P00249,LOC0119,2026-01-17 01:27:00,0.89
E007343,account_access,P00783,P00120,LOC0084,2026-01-09 20:34:00,0.92
E007344,movement,P00079,P00271,LOC0065,2026-02-11 18:01:00,0.65
E007345,meeting,P00155,P00576,LOC0165,2026-03-16 01:27:00,0.66
E007346,item_handoff,P00596,P00724,LOC0135,2026-07-27 17:05:00,0.78
E007347,movement,P00823,P00134,LOC0068,2026-02-09 17:23:00,0.87
E007348,observation,P00323,P00732,LOC0091,2026-07-23 22:41:00,0.65
E007349,meeting,P00222,P00902,LOC0160,2026-05-27 22:53:00,0.71
E007350,observation,P00060,P00443,LOC0052,2026-07-29 18:12:00,0.92
E007351,observation,P00616,P00135,LOC0033,2026-01-18 08:52:00,0.89
E007352,communication,P00253,P00336,LOC0114,2026-08-16 22:27:00,0.74
E007353,item_handoff,P00976,P00503,LOC0161,2026-07-25 12:23:00,0.89
E007354,observation,P00792,P00624,LOC0026,2026-08-13 23:56:00,0.83
E007355,item_handoff,P00660,P00612,LOC0072,2026-03-04 06:10:00,0.86
E007356,vehicle_use,P00520,P00232,LOC0134,2026-07-12 09:37:00,0.98
E007357,transfer,P00889,P00876,LOC0106,2026-08-20 09:10:00,0.62
E007358,transfer,P00349,P00446,LOC0024,2026-02-27 05:55:00,0.64
E007359,movement,P00999,P00072,LOC0097,2026-01-06 20:57:00,0.8
E007360,communication,P00110,P00306,LOC0099,2026-07-29 08:07:00,0.74
E007361,vehicle_use,P00724,P00905,LOC0094,2026-04-27 03:15:00,0.62
E007362,account_access,P00284,P00640,LOC0105,2026-01-25 02:32:00,0.82
E007363,vehicle_use,P00328,P00959,LOC0173,2026-05-05 21:48:00,0.87
E007364,movement,P00010,P00266,LOC0036,2026-08-13 18:42:00,0.7
E007365,transfer,P00183,P00531,LOC0173,2026-07-09 12:31:00,0.69
E007366,communication,P00522,P00898,LOC0125,2026-05-03 04:59:00,0.99
E007367,movement,P00814,P00377,LOC0038,2026-08-29 23:02:00,0.96
E007368,account_access,P00356,P00163,LOC0047,2026-08-03 09:21:00,0.85
E007369,account_access,P00715,P00377,LOC0035,2026-04-27 20:49:00,0.71
E007370,meeting,P00622,P00952,LOC0112,2026-03-03 11:05:00,0.68
E007371,account_access,P00546,P00025,LOC0091,2026-05-21 02:48:00,0.76
E007372,movement,P00452,P00128,LOC0008,2026-05-19 00:47:00,0.75
E007373,meeting,P00022,P00504,LOC0147,2026-02-18 20:06:00,0.62
E007374,account_access,P00676,P00518,LOC0058,2026-08-24 21:47:00,0.93
E007375,item_handoff,P00173,P00463,LOC0137,2026-05-19 05:35:00,0.94
E007376,item_handoff,P00251,P00756,LOC0021,2026-02-11 18:08:00,0.92
E007377,movement,P00673,P00983,LOC0022,2026-05-13 18:17:00,0.91
E007378,transfer,P00274,P00658,LOC0037,2026-02-25 01:34:00,0.84
E007379,communication,P00081,P00598,LOC0139,2026-06-01 21:05:00,0.78
E007380,item_handoff,P00938,P00979,LOC0033,2026-01-17 09:21:00,0.85
E007381,vehicle_use,P00710,P00777,LOC0147,2026-02-21 04:20:00,0.73
E007382,account_access,P00045,P00152,LOC0062,2026-07-27 17:08:00,0.68
E007383,transfer,P00551,P00813,LOC0128,2026-07-19 04:20:00,0.8
E007384,meeting,P00540,P00061,LOC0089,2026-05-25 15:56:00,0.87
E007385,observation,P00970,P00518,LOC0031,2026-02-07 12:21:00,0.6
E007386,transfer,P00851,P00271,LOC0100,2026-02-21 03:39:00,0.83
E007387,transfer,P00537,P00861,LOC0128,2026-04-20 23:06:00,0.73
E007388,movement,P00187,P00058,LOC0179,2026-06-30 00:45:00,0.84
E007389,transfer,P00184,P00852,LOC0070,2026-08-07 05:05:00,0.7
E007390,meeting,P00914,P00359,LOC0004,2026-08-25 19:16:00,0.61
E007391,communication,P00570,P00443,LOC0119,2026-05-24 23:27:00,0.81
E007392,account_access,P00756,P00515,LOC0135,2026-02-09 09:31:00,0.86
E007393,vehicle_use,P00237,P00708,LOC0040,2026-06-16 19:36:00,0.89
E007394,communication,P00961,P00755,LOC0064,2026-01-08 01:15:00,0.62
E007395,communication,P00486,P00409,LOC0069,2026-01-14 16:18:00,0.71
E007396,movement,P00856,P00086,LOC0044,2026-03-02 15:42:00,0.69
E007397,vehicle_use,P00929,P00115,LOC0127,2026-04-11 21:05:00,0.76
E007398,meeting,P00601,P00531,LOC0150,2026-05-24 15:38:00,0.73
E007399,transfer,P00088,P00356,LOC0003,2026-03-03 18:40:00,0.87
E007400,meeting,P00056,P00087,LOC0053,2026-07-07 14:01:00,0.76
E007401,account_access,P00071,P00952,LOC0047,2026-08-11 09:12:00,0.69
E007402,account_access,P00189,P00921,LOC0021,2026-01-01 07:27:00,0.96
E007403,movement,P00938,P00256,LOC0106,2026-02-22 08:51:00,0.88
E007404,account_access,P00523,P00562,LOC0142,2026-01-18 08:05:00,0.95
E007405,movement,P00880,P00619,LOC0091,2026-04-22 19:31:00,0.68
E007406,observation,P00606,P00938,LOC0075,2026-06-12 11:47:00,0.76
E007407,communication,P00980,P00134,LOC0105,2026-02-05 19:12:00,0.77
E007408,transfer,P00141,P00259,LOC0158,2026-07-15 20:17:00,0.9
E007409,observation,P00785,P00102,LOC0112,2026-01-31 05:02:00,0.8
E007410,item_handoff,P00724,P00427,LOC0075,2026-01-08 03:49:00,0.61
E007411,transfer,P00474,P00612,LOC0021,2026-01-01 16:27:00,0.68
E007412,account_access,P00780,P00252,LOC0095,2026-01-04 22:38:00,0.82
E007413,movement,P00704,P00887,LOC0084,2026-07-08 05:56:00,0.86
E007414,communication,P00589,P00380,LOC0006,2026-07-25 03:42:00,0.94
E007415,meeting,P00380,P00896,LOC0105,2026-03-09 14:31:00,0.99
E007416,account_access,P00520,P00936,LOC0023,2026-04-19 13:22:00,0.98
E007417,communication,P00353,P00264,LOC0125,2026-03-12 05:39:00,0.79
E007418,item_handoff,P00869,P00252,LOC0049,2026-05-16 03:59:00,0.62
E007419,item_handoff,P00438,P00890,LOC0105,2026-05-11 09:29:00,0.61
E007420,communication,P00064,P00264,LOC0017,2026-01-18 04:45:00,0.93
E007421,observation,P00603,P00937,LOC0021,2026-02-08 16:55:00,0.76
E007422,movement,P00538,P00867,LOC0111,2026-03-24 19:31:00,0.74
E007423,transfer,P00090,P00352,LOC0043,2026-01-09 18:23:00,0.88
E007424,observation,P00012,P00305,LOC0027,2026-05-30 10:26:00,0.69
E007425,transfer,P00228,P00717,LOC0024,2026-02-03 08:09:00,0.76
E007426,observation,P00598,P00724,LOC0074,2026-03-11 20:26:00,0.77
E007427,item_handoff,P00017,P00143,LOC0119,2026-02-02 20:22:00,0.78
E007428,vehicle_use,P00948,P00014,LOC0172,2026-05-17 11:27:00,0.89
E007429,movement,P00610,P00505,LOC0132,2026-08-08 00:02:00,0.89
E007430,communication,P00418,P00824,LOC0009,2026-07-03 21:19:00,0.7
E007431,account_access,P00510,P00928,LOC0104,2026-01-22 22:04:00,0.94
E007432,movement,P00913,P00439,LOC0067,2026-07-09 19:45:00,0.6
E007433,meeting,P00186,P00217,LOC0177,2026-04-13 16:16:00,0.89
E007434,transfer,P00111,P00962,LOC0161,2026-08-13 12:08:00,0.64
E007435,observation,P00481,P00545,LOC0163,2026-01-10 07:08:00,0.61
E007436,vehicle_use,P00753,P00175,LOC0074,2026-08-03 00:54:00,0.63
E007437,meeting,P00275,P00474,LOC0127,2026-04-17 21:49:00,0.73
E007438,communication,P00762,P00422,LOC0001,2026-08-10 15:32:00,0.78
E007439,transfer,P00296,P00373,LOC0038,2026-06-11 06:48:00,0.77
E007440,observation,P00966,P00149,LOC0082,2026-05-22 16:00:00,0.8
E007441,account_access,P00035,P00787,LOC0155,2026-01-06 18:36:00,0.6
E007442,vehicle_use,P00585,P00073,LOC0126,2026-04-28 00:29:00,0.71
E007443,account_access,P00602,P00917,LOC0178,2026-04-01 10:02:00,0.81
E007444,item_handoff,P00119,P00095,LOC0014,2026-05-20 04:56:00,0.9
E007445,vehicle_use,P00930,P00849,LOC0143,2026-06-09 16:40:00,0.62
E007446,meeting,P00123,P00049,LOC0048,2026-01-22 13:59:00,0.97
E007447,account_access,P00322,P00199,LOC0148,2026-03-11 11:35:00,0.72
E007448,vehicle_use,P00316,P00936,LOC0135,2026-04-23 03:16:00,0.84
E007449,account_access,P00015,P00575,LOC0130,2026-08-10 23:19:00,0.95
E007450,item_handoff,P00027,P00509,LOC0051,2026-04-27 18:41:00,0.69
E007451,account_access,P00015,P00882,LOC0002,2026-03-04 15:08:00,0.92
E007452,communication,P00740,P00237,LOC0147,2026-02-16 00:03:00,0.84
E007453,communication,P00077,P00668,LOC0088,2026-02-06 13:47:00,0.83
E007454,meeting,P00276,P00529,LOC0146,2026-06-10 05:14:00,0.71
E007455,account_access,P00940,P00259,LOC0121,2026-07-25 19:30:00,0.75
E007456,transfer,P00502,P00547,LOC0028,2026-04-28 08:42:00,0.65
E007457,meeting,P00301,P00679,LOC0011,2026-05-14 10:52:00,0.95
E007458,communication,P00700,P00382,LOC0092,2026-07-31 18:19:00,0.86
E007459,movement,P00550,P00557,LOC0033,2026-06-10 07:05:00,0.62
E007460,movement,P00775,P00022,LOC0152,2026-01-25 10:31:00,0.8
E007461,transfer,P00515,P00385,LOC0113,2026-05-15 08:38:00,0.97
E007462,meeting,P00782,P00702,LOC0024,2026-01-17 19:14:00,0.86
E007463,communication,P00453,P00880,LOC0058,2026-05-15 00:41:00,0.66
E007464,account_access,P00249,P00201,LOC0134,2026-01-16 20:19:00,0.73
E007465,observation,P00136,P00148,LOC0084,2026-03-04 22:43:00,0.79
E007466,vehicle_use,P00855,P00876,LOC0132,2026-04-13 11:35:00,0.79
E007467,movement,P00915,P00762,LOC0053,2026-05-26 09:03:00,0.8
E007468,observation,P00699,P00232,LOC0163,2026-04-30 07:06:00,0.76
E007469,meeting,P00444,P00094,LOC0041,2026-06-13 06:53:00,0.96
E007470,item_handoff,P00634,P00862,LOC0165,2026-04-25 15:41:00,0.73
E007471,movement,P00949,P00702,LOC0118,2026-05-26 10:22:00,0.82
E007472,communication,P00170,P00419,LOC0072,2026-07-02 00:20:00,0.62
E007473,observation,P00277,P00064,LOC0141,2026-02-01 12:59:00,0.65
E007474,communication,P00428,P00887,LOC0038,2026-05-14 03:48:00,0.8
E007475,vehicle_use,P00636,P00601,LOC0076,2026-02-01 07:00:00,0.66
E007476,meeting,P00712,P00119,LOC0018,2026-01-20 23:26:00,0.66
E007477,meeting,P00415,P00603,LOC0009,2026-08-07 01:18:00,0.88
E007478,movement,P00309,P00261,LOC0171,2026-08-06 06:48:00,0.73
E007479,account_access,P00198,P00135,LOC0144,2026-05-14 21:04:00,0.67
E007480,transfer,P00009,P00184,LOC0004,2026-05-05 00:26:00,0.76
E007481,vehicle_use,P00607,P00178,LOC0008,2026-06-26 01:14:00,0.74
E007482,movement,P00083,P00987,LOC0066,2026-05-31 15:41:00,0.66
E007483,meeting,P00756,P00512,LOC0030,2026-01-17 17:07:00,0.88
E007484,meeting,P00839,P00177,LOC0087,2026-07-03 12:56:00,0.65
E007485,communication,P00709,P00357,LOC0015,2026-08-25 02:36:00,0.63
E007486,transfer,P00834,P00842,LOC0173,2026-04-30 14:11:00,0.79
E007487,observation,P00276,P00661,LOC0157,2026-03-02 07:07:00,0.71
E007488,movement,P00152,P00891,LOC0010,2026-05-14 07:19:00,0.86
E007489,movement,P00215,P00915,LOC0010,2026-03-25 06:12:00,0.85
E007490,transfer,P00605,P00386,LOC0180,2026-03-29 13:02:00,0.95
E007491,item_handoff,P00685,P00746,LOC0142,2026-07-28 05:09:00,0.86
E007492,item_handoff,P00852,P00217,LOC0078,2026-02-13 13:44:00,0.9
E007493,meeting,P00989,P00737,LOC0024,2026-08-18 21:31:00,0.86
E007494,observation,P00700,P00351,LOC0159,2026-07-13 11:50:00,0.71
E007495,meeting,P00361,P00015,LOC0178,2026-06-05 21:47:00,0.82
E007496,account_access,P00419,P00955,LOC0086,2026-06-12 03:13:00,0.97
E007497,account_access,P00796,P00703,LOC0076,2026-07-21 16:51:00,0.66
E007498,transfer,P00495,P00203,LOC0151,2026-02-06 04:25:00,0.75
E007499,vehicle_use,P00287,P00791,LOC0052,2026-04-16 19:01:00,0.66
E007500,movement,P00930,P00166,LOC0108,2026-04-21 10:41:00,0.76
E007501,transfer,P00798,P00615,LOC0147,2026-01-08 10:20:00,0.64
E007502,transfer,P00873,P00229,LOC0061,2026-03-29 08:34:00,0.65
E007503,transfer,P00096,P00157,LOC0075,2026-05-04 06:17:00,0.94
E007504,movement,P00671,P00252,LOC0061,2026-02-22 17:39:00,0.73
E007505,movement,P00218,P00867,LOC0011,2026-08-10 12:42:00,0.62
E007506,meeting,P00347,P00499,LOC0139,2026-04-10 20:25:00,0.94
E007507,account_access,P00504,P00801,LOC0014,2026-08-16 18:32:00,0.8
E007508,movement,P00445,P00919,LOC0004,2026-04-23 20:40:00,0.69
E007509,vehicle_use,P00667,P00774,LOC0168,2026-07-29 15:42:00,0.67
E007510,observation,P00011,P00922,LOC0078,2026-02-05 04:52:00,0.77
E007511,meeting,P00639,P00755,LOC0049,2026-01-10 14:26:00,0.78
E007512,transfer,P00363,P00104,LOC0152,2026-05-10 09:52:00,0.65
E007513,movement,P00242,P00767,LOC0059,2026-05-13 00:15:00,0.84
E007514,movement,P00938,P00382,LOC0081,2026-08-20 01:50:00,0.6
E007515,account_access,P00641,P00872,LOC0144,2026-04-09 07:05:00,0.92
E007516,account_access,P00788,P00952,LOC0054,2026-03-27 02:02:00,0.94
E007517,meeting,P00987,P00321,LOC0098,2026-07-03 15:09:00,0.74
E007518,communication,P00541,P00784,LOC0173,2026-04-20 13:22:00,0.98
E007519,meeting,P00105,P00568,LOC0002,2026-05-08 17:32:00,0.66
E007520,item_handoff,P00089,P00253,LOC0085,2026-01-10 17:19:00,0.94
E007521,vehicle_use,P00894,P00739,LOC0081,2026-02-04 14:44:00,0.64
E007522,meeting,P00149,P00538,LOC0039,2026-03-20 01:18:00,0.85
E007523,item_handoff,P00537,P00760,LOC0110,2026-04-02 00:34:00,0.63
E007524,meeting,P00461,P00125,LOC0002,2026-04-06 00:14:00,0.62
E007525,movement,P00156,P00183,LOC0071,2026-06-12 17:23:00,0.62
E007526,vehicle_use,P00084,P00091,LOC0163,2026-05-12 22:00:00,0.67
E007527,meeting,P00658,P00759,LOC0151,2026-07-15 16:19:00,0.72
E007528,meeting,P00070,P00918,LOC0055,2026-07-15 13:26:00,0.77
E007529,account_access,P00346,P00159,LOC0172,2026-06-28 06:25:00,0.8
E007530,item_handoff,P00885,P00401,LOC0147,2026-03-25 16:35:00,0.77
E007531,transfer,P00086,P00055,LOC0134,2026-08-20 02:08:00,0.81
E007532,meeting,P00649,P00174,LOC0143,2026-07-04 16:06:00,0.76
E007533,transfer,P00084,P00396,LOC0088,2026-05-06 03:26:00,0.99
E007534,movement,P00480,P00063,LOC0178,2026-02-19 13:42:00,0.84
E007535,meeting,P00676,P00370,LOC0140,2026-03-16 04:30:00,0.73
E007536,movement,P00112,P00098,LOC0047,2026-07-22 15:44:00,0.98
E007537,communication,P00907,P00409,LOC0005,2026-02-13 05:23:00,0.64
E007538,transfer,P00192,P00670,LOC0100,2026-03-15 04:31:00,0.63
E007539,vehicle_use,P00196,P00612,LOC0054,2026-03-05 17:45:00,0.98
E007540,meeting,P00442,P00743,LOC0072,2026-06-21 17:47:00,0.88
E007541,communication,P00631,P00530,LOC0010,2026-01-06 13:36:00,0.97
E007542,account_access,P00372,P00285,LOC0072,2026-01-13 20:02:00,0.84
E007543,item_handoff,P00857,P00370,LOC0124,2026-02-04 05:17:00,0.98
E007544,item_handoff,P00114,P00161,LOC0111,2026-03-20 04:44:00,0.68
E007545,observation,P00095,P00561,LOC0145,2026-04-19 03:40:00,0.62
E007546,account_access,P00510,P00121,LOC0178,2026-05-28 02:30:00,0.74
E007547,account_access,P00811,P00705,LOC0113,2026-01-28 09:39:00,0.74
E007548,transfer,P00181,P00314,LOC0103,2026-01-01 02:00:00,0.64
E007549,account_access,P00447,P00216,LOC0049,2026-03-08 22:27:00,0.67
E007550,communication,P00616,P00482,LOC0046,2026-05-22 22:54:00,0.67
E007551,communication,P00006,P00146,LOC0119,2026-04-14 01:56:00,0.61
E007552,observation,P00453,P00430,LOC0103,2026-03-14 23:25:00,0.78
E007553,transfer,P00442,P00871,LOC0087,2026-01-13 10:20:00,0.98
E007554,meeting,P00903,P00161,LOC0150,2026-05-10 17:31:00,0.69
E007555,meeting,P00224,P00420,LOC0068,2026-05-28 06:20:00,0.75
E007556,vehicle_use,P00129,P00228,LOC0167,2026-08-30 07:07:00,0.65
E007557,account_access,P00965,P00088,LOC0114,2026-07-04 11:08:00,0.64
E007558,account_access,P00476,P00871,LOC0039,2026-05-16 07:08:00,0.9
E007559,account_access,P00420,P00263,LOC0086,2026-07-26 13:16:00,0.62
E007560,transfer,P00820,P00372,LOC0047,2026-03-23 21:59:00,0.95
E007561,meeting,P00588,P00846,LOC0089,2026-01-08 18:22:00,0.95
E007562,account_access,P00560,P00084,LOC0162,2026-02-08 06:02:00,0.66
E007563,communication,P00056,P00264,LOC0140,2026-05-04 23:13:00,0.89
E007564,account_access,P00067,P00052,LOC0006,2026-07-16 02:46:00,0.78
E007565,transfer,P00340,P00275,LOC0108,2026-06-08 21:02:00,0.68
E007566,movement,P00787,P00922,LOC0148,2026-01-21 03:34:00,0.96
E007567,movement,P00803,P00673,LOC0047,2026-03-20 00:02:00,0.97
E007568,meeting,P00572,P00712,LOC0067,2026-05-13 05:05:00,0.61
E007569,movement,P00232,P00674,LOC0017,2026-01-08 04:39:00,0.92
E007570,transfer,P00397,P00897,LOC0074,2026-06-22 02:21:00,0.63
E007571,transfer,P00215,P00609,LOC0045,2026-08-30 19:28:00,0.87
E007572,communication,P00006,P00933,LOC0095,2026-03-26 06:13:00,0.67
E007573,observation,P00391,P00662,LOC0062,2026-08-29 09:03:00,0.84
E007574,account_access,P00139,P00746,LOC0068,2026-06-30 08:26:00,0.84
E007575,transfer,P00448,P00923,LOC0136,2026-05-21 04:02:00,0.82
E007576,movement,P00124,P00541,LOC0074,2026-03-02 17:51:00,0.74
E007577,account_access,P00756,P00731,LOC0035,2026-06-16 06:42:00,0.92
E007578,item_handoff,P00551,P00264,LOC0115,2026-01-27 07:55:00,0.67
E007579,communication,P00990,P00445,LOC0141,2026-01-09 02:59:00,0.96
E007580,vehicle_use,P00181,P00290,LOC0033,2026-04-13 19:13:00,0.83
E007581,communication,P00782,P00247,LOC0045,2026-02-13 04:46:00,0.74
E007582,transfer,P00740,P00616,LOC0140,2026-08-30 17:53:00,0.67
E007583,communication,P00660,P00252,LOC0059,2026-08-16 05:52:00,0.93
E007584,observation,P00245,P00244,LOC0012,2026-08-23 19:02:00,0.81
E007585,communication,P00531,P00213,LOC0046,2026-08-28 00:10:00,0.79
E007586,vehicle_use,P00910,P00759,LOC0156,2026-01-24 09:30:00,0.92
E007587,vehicle_use,P00400,P00529,LOC0084,2026-05-01 09:58:00,0.88
E007588,meeting,P00599,P00516,LOC0035,2026-01-24 02:50:00,0.63
E007589,transfer,P00411,P00379,LOC0090,2026-07-18 01:50:00,0.75
E007590,observation,P00867,P00902,LOC0057,2026-08-20 23:48:00,0.9
E007591,observation,P00769,P00996,LOC0001,2026-06-24 22:59:00,0.94
E007592,meeting,P00055,P00455,LOC0079,2026-07-21 01:33:00,0.79
E007593,item_handoff,P00976,P00065,LOC0076,2026-06-18 01:24:00,0.92
E007594,observation,P00283,P00510,LOC0169,2026-08-26 06:08:00,0.75
E007595,movement,P00688,P00752,LOC0156,2026-04-16 12:11:00,0.71
E007596,meeting,P00259,P00007,LOC0127,2026-05-17 06:29:00,0.79
E007597,movement,P00474,P00391,LOC0124,2026-01-10 13:37:00,0.8
E007598,communication,P00521,P00398,LOC0035,2026-06-21 15:52:00,0.72
E007599,movement,P00996,P00753,LOC0053,2026-06-14 20:20:00,0.73
E007600,account_access,P00701,P00973,LOC0157,2026-05-29 06:15:00,0.76
E007601,account_access,P00565,P00875,LOC0081,2026-01-20 12:54:00,0.82
E007602,vehicle_use,P00070,P00726,LOC0070,2026-08-14 06:28:00,0.73
E007603,movement,P00730,P00373,LOC0015,2026-07-06 19:23:00,0.83
E007604,account_access,P00855,P00971,LOC0027,2026-05-17 23:38:00,0.89
E007605,meeting,P00842,P00712,LOC0124,2026-05-29 14:06:00,0.83
E007606,transfer,P00151,P00725,LOC0110,2026-01-31 15:46:00,0.81
E007607,item_handoff,P00041,P00046,LOC0153,2026-01-03 15:54:00,0.85
E007608,meeting,P00413,P00734,LOC0117,2026-03-11 10:47:00,0.73
E007609,observation,P00622,P00612,LOC0010,2026-06-06 22:28:00,0.98
E007610,observation,P00028,P00380,LOC0162,2026-03-24 17:00:00,0.9
E007611,movement,P00402,P00974,LOC0035,2026-08-14 13:33:00,0.79
E007612,vehicle_use,P00960,P00057,LOC0053,2026-03-09 23:07:00,0.87
E007613,account_access,P00148,P00003,LOC0140,2026-05-20 22:23:00,0.89
E007614,meeting,P00956,P00435,LOC0045,2026-08-24 08:13:00,0.61
E007615,account_access,P00431,P00257,LOC0110,2026-05-28 00:34:00,0.65
E007616,item_handoff,P00215,P00456,LOC0072,2026-02-15 09:41:00,0.95
E007617,transfer,P00132,P00365,LOC0027,2026-07-02 03:15:00,0.66
E007618,movement,P00207,P00858,LOC0099,2026-01-08 15:13:00,0.96
E007619,vehicle_use,P00927,P00194,LOC0115,2026-08-17 10:50:00,0.74
E007620,item_handoff,P00835,P00369,LOC0046,2026-05-06 16:11:00,0.88
E007621,vehicle_use,P00347,P00997,LOC0004,2026-07-27 20:15:00,0.66
E007622,movement,P00898,P00901,LOC0052,2026-02-19 23:17:00,0.81
E007623,movement,P00786,P00384,LOC0174,2026-04-29 10:45:00,0.61
E007624,observation,P00800,P00617,LOC0049,2026-04-14 04:54:00,0.76
E007625,transfer,P00029,P00191,LOC0158,2026-07-02 02:26:00,0.93
E007626,communication,P00366,P00816,LOC0141,2026-03-06 13:56:00,0.67
E007627,account_access,P00291,P00699,LOC0092,2026-01-01 10:37:00,0.67
E007628,account_access,P00340,P00658,LOC0100,2026-05-14 10:53:00,0.94
E007629,vehicle_use,P00253,P00379,LOC0111,2026-03-02 03:15:00,0.87
E007630,account_access,P00672,P00129,LOC0010,2026-06-24 13:56:00,0.68
E007631,communication,P00058,P00401,LOC0078,2026-07-23 04:26:00,0.88
E007632,communication,P00938,P00295,LOC0164,2026-05-02 03:51:00,0.79
E007633,vehicle_use,P00331,P00612,LOC0175,2026-04-01 13:03:00,0.86
E007634,meeting,P00951,P00415,LOC0062,2026-06-27 09:05:00,0.83
E007635,transfer,P00254,P00366,LOC0046,2026-01-02 10:13:00,0.74
E007636,movement,P00659,P00705,LOC0148,2026-06-22 19:04:00,0.62
E007637,item_handoff,P00649,P00988,LOC0172,2026-07-01 15:19:00,0.7
E007638,communication,P00191,P00398,LOC0177,2026-06-18 10:37:00,0.83
E007639,observation,P00640,P00924,LOC0100,2026-07-08 18:44:00,0.86
E007640,transfer,P00101,P00657,LOC0164,2026-05-15 03:05:00,0.67
E007641,movement,P00691,P00065,LOC0009,2026-06-03 04:12:00,0.98
E007642,meeting,P00221,P00253,LOC0163,2026-04-01 02:40:00,0.88
E007643,account_access,P00682,P00434,LOC0028,2026-07-23 16:21:00,0.73
E007644,communication,P00045,P00067,LOC0089,2026-08-07 02:20:00,0.9
E007645,meeting,P00754,P00252,LOC0062,2026-01-12 07:11:00,0.96
E007646,transfer,P00335,P00997,LOC0069,2026-02-14 07:06:00,0.88
E007647,meeting,P00688,P00847,LOC0154,2026-03-10 20:58:00,0.73
E007648,meeting,P00825,P00735,LOC0003,2026-04-28 16:12:00,0.61
E007649,vehicle_use,P00156,P00074,LOC0018,2026-06-30 10:59:00,0.7
E007650,transfer,P00817,P00773,LOC0045,2026-05-21 01:29:00,0.84
E007651,observation,P00355,P00403,LOC0020,2026-02-18 02:17:00,0.83
E007652,item_handoff,P00796,P00360,LOC0162,2026-07-13 12:41:00,0.86
E007653,observation,P00438,P00609,LOC0121,2026-05-27 07:36:00,0.93
E007654,vehicle_use,P00336,P00065,LOC0123,2026-08-07 02:08:00,0.88
E007655,communication,P00484,P00052,LOC0131,2026-01-20 01:02:00,0.78
E007656,observation,P00779,P00371,LOC0160,2026-02-05 17:23:00,0.85
E007657,communication,P00329,P00775,LOC0056,2026-02-09 00:42:00,0.8
E007658,observation,P00667,P00596,LOC0176,2026-07-30 08:10:00,0.93
E007659,item_handoff,P00667,P00180,LOC0001,2026-08-22 05:54:00,0.82
E007660,account_access,P00020,P00350,LOC0177,2026-06-20 03:23:00,0.6
E007661,communication,P00777,P00727,LOC0003,2026-04-08 06:19:00,0.91
E007662,meeting,P00786,P00081,LOC0003,2026-02-28 03:58:00,0.79
E007663,vehicle_use,P00870,P00757,LOC0035,2026-02-25 20:22:00,0.87
E007664,item_handoff,P00876,P00325,LOC0075,2026-08-08 03:10:00,0.78
E007665,observation,P00232,P00442,LOC0111,2026-03-22 14:44:00,0.89
E007666,movement,P00455,P00611,LOC0103,2026-04-09 01:21:00,0.9
E007667,meeting,P00123,P00355,LOC0054,2026-05-15 19:39:00,0.77
E007668,observation,P00730,P00740,LOC0063,2026-06-06 06:35:00,0.76
E007669,item_handoff,P00075,P00947,LOC0113,2026-07-13 18:46:00,0.61
E007670,account_access,P00563,P00839,LOC0175,2026-01-08 19:31:00,0.84
E007671,observation,P00193,P00820,LOC0121,2026-08-21 07:07:00,0.83
E007672,communication,P00663,P00610,LOC0070,2026-07-17 08:13:00,0.65
E007673,communication,P00312,P00673,LOC0139,2026-01-02 20:07:00,0.63
E007674,vehicle_use,P00254,P00766,LOC0023,2026-08-23 21:29:00,0.89
E007675,observation,P00492,P00928,LOC0080,2026-08-10 22:58:00,0.64
E007676,communication,P00673,P00258,LOC0166,2026-04-07 04:09:00,0.62
E007677,vehicle_use,P00532,P00757,LOC0122,2026-06-16 19:46:00,0.61
E007678,account_access,P00395,P00245,LOC0095,2026-03-04 08:04:00,0.74
E007679,vehicle_use,P00234,P00416,LOC0131,2026-04-05 18:11:00,0.97
E007680,transfer,P00983,P00542,LOC0085,2026-01-10 03:48:00,0.94
E007681,communication,P00237,P00730,LOC0076,2026-03-22 21:08:00,0.79
E007682,movement,P00378,P00723,LOC0035,2026-03-25 14:52:00,0.65
E007683,movement,P00379,P00504,LOC0130,2026-08-29 02:46:00,0.86
E007684,communication,P00961,P00760,LOC0056,2026-06-03 18:59:00,0.68
E007685,transfer,P00929,P00861,LOC0007,2026-06-26 08:00:00,0.95
E007686,account_access,P00227,P00956,LOC0051,2026-01-13 20:18:00,0.97
E007687,observation,P00542,P00200,LOC0061,2026-02-10 08:04:00,0.74
E007688,communication,P00306,P00096,LOC0174,2026-08-25 16:24:00,0.86
E007689,meeting,P00212,P00041,LOC0042,2026-01-21 21:49:00,0.93
E007690,observation,P00515,P00350,LOC0134,2026-07-11 13:49:00,0.82
E007691,movement,P00085,P00300,LOC0036,2026-04-12 18:17:00,0.98
E007692,transfer,P00441,P00161,LOC0062,2026-06-29 20:53:00,0.86
E007693,vehicle_use,P00288,P00758,LOC0155,2026-06-13 03:59:00,0.75
E007694,item_handoff,P00619,P00574,LOC0103,2026-04-09 15:59:00,0.95
E007695,item_handoff,P00800,P00045,LOC0026,2026-07-12 11:58:00,0.7
E007696,account_access,P00736,P00288,LOC0071,2026-02-14 08:50:00,0.7
E007697,vehicle_use,P00319,P00544,LOC0095,2026-01-20 16:07:00,0.61
E007698,communication,P00686,P00264,LOC0013,2026-07-23 10:28:00,0.93
E007699,vehicle_use,P00979,P00323,LOC0008,2026-08-08 23:16:00,0.82
E007700,communication,P00614,P00810,LOC0133,2026-02-19 22:10:00,0.97
E007701,vehicle_use,P00243,P00120,LOC0159,2026-06-15 19:10:00,0.82
E007702,account_access,P00291,P00488,LOC0040,2026-04-24 15:37:00,0.92
E007703,vehicle_use,P00585,P00597,LOC0155,2026-02-21 23:21:00,0.96
E007704,meeting,P00463,P00495,LOC0162,2026-04-24 03:10:00,0.95
E007705,transfer,P00622,P00925,LOC0064,2026-01-09 04:41:00,0.69
E007706,vehicle_use,P00290,P00469,LOC0100,2026-08-09 22:29:00,0.87
E007707,item_handoff,P00713,P00048,LOC0090,2026-02-27 13:23:00,0.91
E007708,meeting,P00146,P00059,LOC0034,2026-02-19 14:58:00,0.86
E007709,communication,P00134,P00121,LOC0131,2026-05-15 00:59:00,0.93
E007710,observation,P00194,P00604,LOC0053,2026-03-30 20:01:00,0.77
E007711,item_handoff,P00155,P00947,LOC0003,2026-03-31 06:28:00,0.84
E007712,communication,P00382,P00027,LOC0045,2026-08-04 07:54:00,0.73
E007713,item_handoff,P00379,P00644,LOC0037,2026-05-13 03:13:00,0.6
E007714,vehicle_use,P00756,P00381,LOC0086,2026-05-22 04:29:00,0.76
E007715,communication,P00967,P00473,LOC0167,2026-05-31 00:44:00,0.9
E007716,communication,P00693,P00904,LOC0110,2026-07-10 17:28:00,0.96
E007717,account_access,P00197,P00837,LOC0067,2026-08-02 10:57:00,0.86
E007718,transfer,P00721,P00309,LOC0010,2026-08-24 07:50:00,0.68
E007719,item_handoff,P00504,P00051,LOC0140,2026-03-08 04:53:00,0.91
E007720,movement,P00721,P00122,LOC0092,2026-04-20 04:23:00,0.86
E007721,account_access,P00125,P00731,LOC0052,2026-03-05 03:25:00,0.88
E007722,vehicle_use,P00383,P00741,LOC0030,2026-02-10 18:22:00,0.79
E007723,movement,P00994,P00505,LOC0155,2026-02-09 08:44:00,0.81
E007724,item_handoff,P00019,P00407,LOC0024,2026-03-20 08:47:00,0.75
E007725,transfer,P00741,P00575,LOC0075,2026-04-10 16:59:00,0.75
E007726,communication,P00472,P00308,LOC0068,2026-08-14 17:06:00,0.87
E007727,transfer,P00754,P00625,LOC0037,2026-08-14 03:53:00,0.79
E007728,communication,P00018,P00939,LOC0101,2026-04-01 01:49:00,0.89
E007729,vehicle_use,P00079,P00712,LOC0144,2026-03-21 17:46:00,0.99
E007730,movement,P00399,P00034,LOC0166,2026-01-26 07:51:00,0.68
E007731,item_handoff,P00122,P00857,LOC0116,2026-08-06 01:43:00,0.88
E007732,movement,P00865,P00009,LOC0154,2026-02-20 13:49:00,0.89
E007733,transfer,P00068,P00257,LOC0120,2026-05-26 12:49:00,0.78
E007734,observation,P00242,P00115,LOC0179,2026-02-09 19:13:00,0.61
E007735,meeting,P00770,P00400,LOC0121,2026-08-31 19:08:00,0.64
E007736,transfer,P00990,P00466,LOC0121,2026-08-11 19:27:00,0.66
E007737,observation,P00767,P00124,LOC0111,2026-02-07 18:41:00,0.72
E007738,account_access,P00959,P00449,LOC0098,2026-01-16 11:34:00,0.82
E007739,item_handoff,P00935,P00900,LOC0168,2026-02-12 06:31:00,0.68
E007740,movement,P00959,P00726,LOC0103,2026-03-21 11:48:00,0.84
E007741,communication,P00451,P00923,LOC0082,2026-08-28 09:07:00,0.86
E007742,observation,P00272,P00219,LOC0103,2026-07-28 13:06:00,0.93
E007743,meeting,P00640,P00620,LOC0023,2026-06-27 15:15:00,0.66
E007744,account_access,P00701,P00757,LOC0004,2026-08-11 11:59:00,0.95
E007745,observation,P00027,P00553,LOC0132,2026-02-03 05:12:00,0.8
E007746,observation,P00604,P00337,LOC0028,2026-05-05 21:00:00,0.95
E007747,account_access,P00359,P00151,LOC0134,2026-08-08 07:08:00,0.79
E007748,meeting,P00987,P00831,LOC0019,2026-03-07 11:44:00,0.7
E007749,meeting,P00269,P00116,LOC0142,2026-05-15 02:33:00,0.85
E007750,account_access,P00651,P00110,LOC0060,2026-03-18 07:14:00,0.84
E007751,item_handoff,P00701,P00801,LOC0150,2026-03-01 16:21:00,0.63
E007752,vehicle_use,P00568,P00127,LOC0060,2026-01-24 17:58:00,0.78
E007753,transfer,P00054,P00846,LOC0066,2026-06-02 17:04:00,0.65
E007754,movement,P00557,P00742,LOC0086,2026-06-08 06:02:00,0.97
E007755,movement,P00782,P00180,LOC0002,2026-01-18 19:26:00,0.91
E007756,observation,P00126,P00342,LOC0175,2026-04-29 22:15:00,0.68
E007757,communication,P00514,P00679,LOC0065,2026-03-14 01:09:00,0.75
E007758,meeting,P00164,P00926,LOC0145,2026-02-03 20:14:00,0.91
E007759,movement,P00036,P00358,LOC0092,2026-05-26 18:39:00,0.76
E007760,transfer,P00132,P00035,LOC0041,2026-01-17 17:24:00,0.88
E007761,communication,P00706,P00411,LOC0163,2026-01-28 09:11:00,0.86
E007762,communication,P00515,P00971,LOC0118,2026-06-14 04:54:00,0.83
E007763,movement,P00193,P00833,LOC0103,2026-01-06 07:14:00,0.94
E007764,transfer,P00985,P00192,LOC0018,2026-02-25 13:30:00,0.84
E007765,item_handoff,P00289,P00651,LOC0073,2026-04-12 03:37:00,0.95
E007766,observation,P00598,P00396,LOC0126,2026-08-13 23:01:00,0.86
E007767,item_handoff,P00872,P00719,LOC0172,2026-01-08 12:26:00,0.91
E007768,item_handoff,P00300,P00157,LOC0081,2026-03-02 03:02:00,0.72
E007769,transfer,P00930,P00498,LOC0077,2026-04-12 04:17:00,0.98
E007770,account_access,P00034,P00691,LOC0096,2026-07-21 17:46:00,0.75
E007771,meeting,P00395,P00705,LOC0106,2026-03-04 11:22:00,0.89
E007772,item_handoff,P00398,P00929,LOC0106,2026-08-16 12:55:00,0.7
E007773,communication,P00325,P00812,LOC0157,2026-04-03 13:15:00,0.61
E007774,movement,P00234,P00186,LOC0037,2026-02-25 19:11:00,0.76
E007775,meeting,P00417,P00719,LOC0167,2026-03-05 17:29:00,0.64
E007776,account_access,P00837,P00027,LOC0144,2026-07-16 06:34:00,0.6
E007777,communication,P00050,P00454,LOC0171,2026-02-05 21:28:00,0.85
E007778,movement,P00736,P00349,LOC0049,2026-03-11 07:28:00,0.88
E007779,account_access,P00501,P00883,LOC0047,2026-06-10 19:13:00,0.7
E007780,vehicle_use,P00771,P00369,LOC0034,2026-05-30 05:34:00,0.86
E007781,movement,P00633,P00980,LOC0172,2026-08-13 07:52:00,0.69
E007782,observation,P00370,P00879,LOC0149,2026-05-03 11:59:00,0.72
E007783,item_handoff,P00275,P00432,LOC0152,2026-01-20 17:44:00,0.78
E007784,transfer,P00711,P00269,LOC0011,2026-06-22 23:27:00,0.83
E007785,meeting,P00732,P00639,LOC0042,2026-06-28 22:34:00,0.75
E007786,observation,P00068,P00249,LOC0114,2026-05-23 09:51:00,0.72
E007787,communication,P00533,P00294,LOC0170,2026-07-21 00:51:00,0.9
E007788,communication,P00512,P00934,LOC0081,2026-02-12 20:11:00,0.7
E007789,item_handoff,P00794,P00129,LOC0137,2026-06-06 02:57:00,0.65
E007790,transfer,P00393,P00425,LOC0178,2026-05-18 04:02:00,0.64
E007791,observation,P00470,P00191,LOC0131,2026-08-04 18:53:00,0.81
E007792,communication,P00914,P00711,LOC0077,2026-06-13 00:53:00,0.79
E007793,vehicle_use,P00780,P00246,LOC0099,2026-08-08 16:54:00,0.63
E007794,movement,P00618,P00331,LOC0038,2026-04-10 17:34:00,0.95
E007795,movement,P00488,P00383,LOC0159,2026-01-26 16:08:00,0.81
E007796,movement,P00045,P00108,LOC0048,2026-02-27 00:42:00,0.94
E007797,item_handoff,P00644,P00021,LOC0032,2026-03-14 23:27:00,0.98
E007798,transfer,P00793,P00888,LOC0138,2026-06-20 08:23:00,0.74
E007799,communication,P00156,P00757,LOC0063,2026-06-14 13:31:00,0.72
E007800,movement,P00266,P00890,LOC0008,2026-03-31 13:12:00,0.94
E007801,vehicle_use,P00662,P00904,LOC0161,2026-02-27 19:34:00,0.9
E007802,item_handoff,P00467,P00595,LOC0047,2026-05-02 02:34:00,0.64
E007803,meeting,P00361,P00961,LOC0009,2026-02-15 14:49:00,0.69
E007804,meeting,P00130,P00118,LOC0039,2026-04-28 22:31:00,0.98
E007805,account_access,P00531,P00919,LOC0166,2026-03-22 12:45:00,0.95
E007806,meeting,P00947,P00633,LOC0016,2026-04-22 01:23:00,0.76
E007807,meeting,P00721,P00323,LOC0084,2026-06-09 04:46:00,0.66
E007808,account_access,P00541,P00185,LOC0173,2026-07-17 03:39:00,0.74
E007809,account_access,P00503,P00862,LOC0050,2026-08-25 21:31:00,0.84
E007810,transfer,P00924,P00047,LOC0103,2026-05-28 23:56:00,0.93
E007811,transfer,P00610,P00640,LOC0087,2026-05-18 13:55:00,0.97
E007812,account_access,P00221,P00495,LOC0114,2026-06-07 08:33:00,0.78
E007813,movement,P00938,P00450,LOC0111,2026-07-25 12:56:00,0.76
E007814,vehicle_use,P00422,P00745,LOC0149,2026-08-12 20:31:00,0.96
E007815,meeting,P00657,P00688,LOC0153,2026-08-20 17:39:00,0.66
E007816,meeting,P00771,P00743,LOC0110,2026-07-12 03:14:00,0.9
E007817,observation,P00471,P00824,LOC0007,2026-07-23 19:59:00,0.64
E007818,observation,P00281,P00906,LOC0142,2026-05-09 13:58:00,0.73
E007819,vehicle_use,P00708,P00911,LOC0074,2026-04-03 11:33:00,0.89
E007820,account_access,P00709,P00493,LOC0058,2026-01-30 01:42:00,0.9
E007821,account_access,P00354,P00647,LOC0098,2026-07-01 09:30:00,0.82
E007822,communication,P00734,P00853,LOC0037,2026-08-15 23:46:00,0.92
E007823,meeting,P00557,P00401,LOC0140,2026-04-13 09:22:00,0.85
E007824,communication,P00615,P00328,LOC0066,2026-04-25 22:01:00,0.63
E007825,movement,P00199,P00160,LOC0080,2026-02-03 01:01:00,0.89
E007826,communication,P00823,P00980,LOC0001,2026-05-11 19:25:00,0.99
E007827,vehicle_use,P00121,P00004,LOC0076,2026-04-17 19:31:00,0.85
E007828,movement,P00540,P00684,LOC0145,2026-07-06 01:59:00,0.68
E007829,vehicle_use,P00091,P00142,LOC0097,2026-02-10 22:12:00,0.77
E007830,observation,P00482,P00226,LOC0122,2026-01-12 14:44:00,0.64
E007831,observation,P00503,P00568,LOC0116,2026-04-11 23:38:00,0.95
E007832,meeting,P00273,P00124,LOC0136,2026-07-03 02:12:00,0.66
E007833,communication,P00187,P00340,LOC0123,2026-04-25 21:33:00,0.89
E007834,communication,P00613,P00262,LOC0055,2026-08-21 06:58:00,0.87
E007835,meeting,P00178,P00409,LOC0154,2026-05-04 15:28:00,0.85
E007836,vehicle_use,P00394,P00585,LOC0148,2026-06-03 02:17:00,0.83
E007837,transfer,P00510,P00263,LOC0140,2026-07-19 13:58:00,0.61
E007838,transfer,P00371,P00408,LOC0032,2026-04-30 10:23:00,0.93
E007839,account_access,P00486,P00223,LOC0107,2026-05-21 22:37:00,0.89
E007840,communication,P00875,P00564,LOC0110,2026-07-09 13:11:00,0.79
E007841,movement,P00704,P00808,LOC0037,2026-06-30 09:41:00,0.68
E007842,vehicle_use,P00650,P00405,LOC0158,2026-07-23 05:23:00,0.71
E007843,vehicle_use,P00850,P00814,LOC0077,2026-06-07 21:09:00,0.72
E007844,observation,P00100,P00813,LOC0052,2026-06-09 09:47:00,0.74
E007845,meeting,P00819,P00784,LOC0055,2026-03-10 10:37:00,0.72
E007846,transfer,P00382,P00255,LOC0173,2026-01-18 20:05:00,0.93
E007847,communication,P00326,P00851,LOC0099,2026-03-12 09:33:00,0.73
E007848,movement,P00710,P00380,LOC0115,2026-07-27 04:58:00,0.68
E007849,observation,P00088,P00261,LOC0102,2026-07-02 12:47:00,0.75
E007850,movement,P00244,P00952,LOC0047,2026-01-28 21:51:00,0.91
E007851,account_access,P00721,P00267,LOC0091,2026-08-01 10:41:00,0.85
E007852,movement,P00222,P00627,LOC0159,2026-08-14 11:18:00,0.95
E007853,account_access,P00456,P00511,LOC0133,2026-07-26 17:11:00,0.75
E007854,movement,P00686,P00659,LOC0020,2026-02-19 00:42:00,0.87
E007855,meeting,P00292,P00534,LOC0140,2026-02-13 04:38:00,0.66
E007856,movement,P00861,P00022,LOC0103,2026-07-24 00:56:00,0.98
E007857,movement,P00971,P00546,LOC0045,2026-03-20 09:05:00,0.78
E007858,transfer,P00494,P00996,LOC0137,2026-07-08 08:26:00,0.73
E007859,meeting,P00853,P00204,LOC0120,2026-08-13 07:21:00,0.99
E007860,communication,P00073,P00249,LOC0107,2026-02-19 16:03:00,0.64
E007861,account_access,P00064,P00488,LOC0075,2026-08-15 04:23:00,0.84
E007862,communication,P00293,P00817,LOC0091,2026-07-20 16:17:00,0.82
E007863,account_access,P00676,P00770,LOC0153,2026-04-16 00:19:00,0.84
E007864,communication,P00491,P00945,LOC0060,2026-04-09 10:14:00,0.9
E007865,transfer,P00741,P00521,LOC0138,2026-08-08 20:18:00,0.83
E007866,communication,P00868,P00371,LOC0049,2026-08-21 05:31:00,0.71
E007867,item_handoff,P00035,P00517,LOC0168,2026-07-14 02:37:00,0.85
E007868,account_access,P00186,P00045,LOC0057,2026-08-09 19:18:00,0.6
E007869,transfer,P00298,P00962,LOC0075,2026-07-11 03:02:00,0.69
E007870,observation,P00965,P00589,LOC0089,2026-02-11 12:32:00,0.66
E007871,transfer,P00009,P00128,LOC0035,2026-06-01 01:20:00,0.62
E007872,communication,P00561,P00569,LOC0049,2026-05-18 16:27:00,0.83
E007873,meeting,P00695,P00286,LOC0047,2026-05-22 16:29:00,0.83
E007874,meeting,P00022,P00256,LOC0138,2026-05-11 03:51:00,0.6
E007875,account_access,P00436,P00586,LOC0057,2026-07-08 06:22:00,0.75
E007876,vehicle_use,P00446,P00192,LOC0059,2026-06-29 15:04:00,0.94
E007877,meeting,P00694,P00182,LOC0022,2026-01-30 16:20:00,0.96
E007878,transfer,P00762,P00641,LOC0020,2026-03-22 19:56:00,0.85
E007879,communication,P00420,P00388,LOC0163,2026-03-11 01:05:00,0.96
E007880,observation,P00456,P00120,LOC0078,2026-08-19 03:43:00,0.88
E007881,movement,P00061,P00957,LOC0069,2026-03-06 23:01:00,0.73
E007882,transfer,P00942,P00685,LOC0155,2026-06-02 01:07:00,0.63
E007883,movement,P00540,P00495,LOC0163,2026-03-13 08:11:00,0.96
E007884,observation,P00308,P00512,LOC0165,2026-04-06 07:37:00,0.76
E007885,item_handoff,P00496,P00930,LOC0109,2026-06-11 20:36:00,0.75
E007886,account_access,P00075,P00874,LOC0178,2026-06-15 06:17:00,0.9
E007887,observation,P00774,P00772,LOC0107,2026-05-08 08:55:00,0.71
E007888,account_access,P00957,P00523,LOC0051,2026-01-20 03:26:00,0.62
E007889,vehicle_use,P00901,P00265,LOC0119,2026-01-24 01:16:00,0.65
E007890,meeting,P00056,P00797,LOC0160,2026-07-17 04:04:00,0.73
E007891,transfer,P00428,P00444,LOC0079,2026-01-05 22:40:00,0.64
E007892,meeting,P00181,P00414,LOC0059,2026-07-24 04:14:00,0.85
E007893,observation,P00874,P00387,LOC0105,2026-08-04 07:48:00,0.68
E007894,transfer,P00282,P00172,LOC0108,2026-04-04 17:58:00,0.84
E007895,transfer,P00756,P00402,LOC0136,2026-01-26 21:31:00,0.95
E007896,movement,P00147,P00019,LOC0079,2026-04-23 12:01:00,0.63
E007897,movement,P00183,P00850,LOC0058,2026-05-06 04:36:00,0.97
E007898,transfer,P00853,P00052,LOC0005,2026-04-19 21:32:00,0.75
E007899,transfer,P00774,P00863,LOC0147,2026-03-13 12:35:00,0.74
E007900,account_access,P00804,P00454,LOC0065,2026-07-20 14:36:00,0.63
E007901,transfer,P00384,P00080,LOC0005,2026-01-24 01:23:00,0.93
E007902,account_access,P00657,P00285,LOC0030,2026-03-30 23:40:00,0.8
E007903,vehicle_use,P00840,P00781,LOC0020,2026-02-24 05:21:00,0.67
E007904,communication,P00696,P00867,LOC0006,2026-08-30 18:29:00,0.85
E007905,item_handoff,P00540,P00261,LOC0107,2026-08-27 02:17:00,0.89
E007906,movement,P00243,P00986,LOC0106,2026-07-28 14:10:00,0.71
E007907,movement,P00184,P00654,LOC0002,2026-08-10 17:34:00,0.64
E007908,communication,P00958,P00107,LOC0111,2026-01-24 00:24:00,0.64
E007909,item_handoff,P00311,P00296,LOC0021,2026-05-02 12:50:00,0.89
E007910,movement,P00836,P00189,LOC0076,2026-02-07 18:37:00,0.72
E007911,movement,P00289,P00746,LOC0086,2026-06-30 15:32:00,0.87
E007912,movement,P00209,P00870,LOC0111,2026-08-01 22:12:00,0.97
E007913,meeting,P00300,P00685,LOC0124,2026-03-19 01:50:00,0.75
E007914,meeting,P00395,P00864,LOC0107,2026-07-09 16:40:00,0.78
E007915,account_access,P00655,P00513,LOC0013,2026-03-23 16:00:00,0.63
E007916,account_access,P00817,P00541,LOC0094,2026-02-17 05:39:00,0.74
E007917,movement,P00666,P00075,LOC0063,2026-07-01 08:02:00,0.85
E007918,observation,P00052,P00635,LOC0051,2026-03-23 22:56:00,0.83
E007919,communication,P00183,P00730,LOC0101,2026-06-21 19:14:00,0.97
E007920,movement,P00656,P00486,LOC0134,2026-06-24 20:21:00,0.78
E007921,item_handoff,P00514,P00547,LOC0056,2026-05-19 23:47:00,0.87
E007922,movement,P00630,P00819,LOC0079,2026-08-31 19:09:00,0.65
E007923,communication,P00979,P00273,LOC0112,2026-04-30 23:20:00,0.66
E007924,meeting,P00893,P00252,LOC0037,2026-07-19 09:33:00,0.61
E007925,transfer,P00541,P00907,LOC0017,2026-02-18 09:45:00,0.73
E007926,transfer,P00468,P00936,LOC0175,2026-05-28 14:56:00,0.93
E007927,movement,P00706,P00422,LOC0054,2026-07-16 17:03:00,0.93
E007928,vehicle_use,P00033,P00336,LOC0135,2026-08-14 16:56:00,0.69
E007929,account_access,P00085,P00844,LOC0085,2026-03-18 09:30:00,0.83
E007930,communication,P00268,P00977,LOC0022,2026-08-06 22:24:00,0.65
E007931,item_handoff,P00186,P00377,LOC0135,2026-04-11 04:59:00,0.99
E007932,communication,P00900,P00742,LOC0072,2026-03-31 00:32:00,0.75
E007933,observation,P00141,P00359,LOC0001,2026-06-18 14:57:00,0.72
E007934,movement,P00101,P00035,LOC0052,2026-07-16 20:48:00,0.76
E007935,movement,P00426,P00170,LOC0171,2026-02-28 22:03:00,0.73
E007936,transfer,P00105,P00417,LOC0013,2026-07-03 13:52:00,0.98
E007937,vehicle_use,P00885,P00409,LOC0163,2026-08-03 22:25:00,0.67
E007938,vehicle_use,P00872,P00555,LOC0166,2026-01-30 01:13:00,0.74
E007939,item_handoff,P00425,P00959,LOC0159,2026-07-30 11:33:00,0.61
E007940,observation,P00264,P00755,LOC0129,2026-05-05 09:37:00,0.79
E007941,meeting,P00561,P00789,LOC0069,2026-06-07 03:26:00,0.84
E007942,movement,P00691,P00718,LOC0111,2026-03-16 02:37:00,0.73
E007943,communication,P00115,P00024,LOC0146,2026-06-14 17:59:00,0.88
E007944,meeting,P00234,P00591,LOC0139,2026-02-25 06:58:00,0.83
E007945,meeting,P00330,P00724,LOC0113,2026-06-02 22:49:00,0.91
E007946,communication,P00845,P00139,LOC0018,2026-07-25 16:44:00,0.94
E007947,communication,P00996,P00079,LOC0156,2026-04-25 22:14:00,0.78
E007948,account_access,P00104,P00089,LOC0097,2026-07-14 00:13:00,0.79
E007949,vehicle_use,P00664,P00051,LOC0101,2026-08-14 19:54:00,0.7
E007950,observation,P00690,P00707,LOC0043,2026-05-16 11:12:00,0.63
E007951,observation,P00659,P00806,LOC0126,2026-07-17 18:04:00,0.93
E007952,meeting,P00637,P00117,LOC0098,2026-08-11 00:09:00,0.74
E007953,account_access,P00234,P00136,LOC0029,2026-05-10 19:40:00,0.78
E007954,observation,P00823,P00997,LOC0067,2026-04-18 20:12:00,0.67
E007955,observation,P00867,P00915,LOC0145,2026-01-03 02:42:00,0.76
E007956,movement,P00429,P00139,LOC0065,2026-05-19 21:29:00,0.88
E007957,item_handoff,P00335,P00951,LOC0143,2026-02-06 03:48:00,0.7
E007958,transfer,P00283,P00714,LOC0010,2026-07-03 03:15:00,0.82
E007959,movement,P00833,P00694,LOC0001,2026-07-16 07:37:00,0.63
E007960,meeting,P00187,P00117,LOC0016,2026-03-29 14:11:00,0.82
E007961,item_handoff,P00809,P00250,LOC0151,2026-02-09 05:01:00,0.81
E007962,meeting,P00996,P00925,LOC0076,2026-03-25 18:39:00,0.89
E007963,item_handoff,P00838,P00331,LOC0125,2026-05-02 14:02:00,0.66
E007964,communication,P00040,P00250,LOC0058,2026-07-28 10:38:00,0.86
E007965,transfer,P00645,P00383,LOC0001,2026-07-04 05:58:00,0.63
E007966,account_access,P00998,P00988,LOC0169,2026-08-06 02:12:00,0.79
E007967,observation,P00104,P00548,LOC0040,2026-04-11 02:47:00,0.97
E007968,item_handoff,P00483,P00112,LOC0030,2026-01-27 22:49:00,0.97
E007969,movement,P00238,P00269,LOC0121,2026-03-08 10:20:00,0.79
E007970,communication,P00248,P00559,LOC0125,2026-07-17 01:51:00,0.74
E007971,vehicle_use,P00664,P00947,LOC0140,2026-01-06 09:59:00,0.83
E007972,communication,P00995,P00309,LOC0155,2026-01-27 04:08:00,0.92
E007973,movement,P00159,P00350,LOC0157,2026-01-13 08:10:00,0.78
E007974,observation,P00511,P00972,LOC0063,2026-05-13 23:38:00,0.9
E007975,observation,P00882,P00312,LOC0132,2026-07-27 22:33:00,0.89
E007976,communication,P00169,P00790,LOC0011,2026-02-17 23:34:00,0.94
E007977,vehicle_use,P00671,P00200,LOC0134,2026-06-02 03:22:00,0.92
E007978,movement,P00316,P00587,LOC0093,2026-03-13 09:34:00,0.92
E007979,item_handoff,P00879,P00772,LOC0158,2026-05-10 07:36:00,0.8
E007980,transfer,P00072,P00915,LOC0153,2026-02-16 17:07:00,0.96
E007981,movement,P00643,P00138,LOC0094,2026-01-18 11:52:00,0.6
E007982,transfer,P00361,P00066,LOC0165,2026-06-13 03:17:00,0.69
E007983,vehicle_use,P00467,P00759,LOC0164,2026-06-11 03:24:00,0.67
E007984,movement,P00016,P00285,LOC0142,2026-03-05 00:26:00,0.7
E007985,movement,P00269,P00083,LOC0108,2026-05-22 03:05:00,0.92
E007986,meeting,P00737,P00721,LOC0071,2026-03-27 05:02:00,0.87
E007987,vehicle_use,P00049,P00609,LOC0046,2026-04-15 16:20:00,0.84
E007988,vehicle_use,P00531,P00229,LOC0176,2026-06-01 11:33:00,0.67
E007989,vehicle_use,P00105,P00696,LOC0071,2026-04-11 17:47:00,0.8
E007990,account_access,P00944,P00985,LOC0097,2026-03-03 18:24:00,0.6
E007991,account_access,P00007,P00061,LOC0082,2026-02-02 15:40:00,0.61
E007992,observation,P00749,P00152,LOC0133,2026-06-30 00:11:00,0.78
E007993,observation,P00936,P00988,LOC0150,2026-02-12 03:51:00,0.76
E007994,communication,P00649,P00904,LOC0132,2026-03-11 05:22:00,0.89
E007995,transfer,P00257,P00793,LOC0127,2026-05-30 15:35:00,0.97
E007996,transfer,P00995,P00165,LOC0092,2026-03-24 07:04:00,0.94
E007997,account_access,P00618,P00153,LOC0069,2026-02-11 22:57:00,0.61
E007998,account_access,P00600,P00358,LOC0001,2026-08-14 06:43:00,0.62
E007999,observation,P00798,P00436,LOC0162,2026-01-13 18:43:00,0.73
E008000,vehicle_use,P00736,P00743,LOC0009,2026-06-10 22:54:00,0.72
